tag,index,f1_rung4,f1_rung5
t0v1,0,0.4359010869049314,0.4854721549636804
t0v1,1,0.8738541715136569,0.9645083322732477
t0v1,2,0.4906801007556675,0.6100068540095956
t0v1,3,0.43517796830345545,0.5197835644234021
t0v1,4,0.8100820633059789,0.8183780450200432
t0v1,5,0.897671777399205,0.9053683504966181
t0v1,6,0.4139872420650293,0.2910090441567654
t0v1,7,0.9516097175587597,0.9840085287846482
t0v1,8,0.7398970977571308,0.5412552491204177
t0v1,9,0.1857436831629727,0.0
t0v1,10,0.820858530782195,0.8952366929249798
t0v1,11,0.9568924680246329,0.9894607087827427
t0v1,12,0.6992373093273319,0.7897769451023366
t0v1,13,0.9797351281989202,0.987081592469865
t0v1,14,0.9221564160971906,0.9632362630122546
t0v1,15,0.5857949864658115,0.4814445266986385
t0v1,16,0.9708699851217666,0.9725861695761233
t0v1,17,0.9383550619668437,0.9636241158639273
t0v1,18,0.7153418266642741,0.6918744074507835
t0v1,19,0.9361917623227549,0.9243339253996448
t0v1,20,0.8886523312752821,0.8644088822726709
t0v1,21,0.863582443653618,0.8951663527934715
t0v1,22,0.8930622935206405,0.9867705543381219
t0v1,23,0.9306351472025538,0.9939950454170108
t0v1,24,0.4656964656964657,0.0
t0v1,25,0.5537160972173301,0.0
t0v1,26,0.5487172218284905,0.5373389918844464
t0v1,27,0.9151873767258383,0.0
t0v1,28,0.02772573997751967,0.0
t0v1,29,0.9403992810997231,0.9910577820809848
t0v1,30,0.08960006658620834,0.0
t0v1,31,0.9206691239013326,0.9771261207841446
t0v1,32,0.5660377358490566,0.873383752134667
t0v1,33,0.3255297903028958,0.4252581682749281
t0v1,34,0.6086107204250664,0.4318027477406885
t0v1,35,0.9825886301657227,0.9737764093852851
t0v1,36,0.9907120743034056,0.9915730337078652
t0v1,37,0.9328838846482648,0.9989871294106234
t0v1,38,0.3793326555134486,0.0
t0v1,39,0.9698619847901605,0.9529712893576341
t0v1,40,0.9673111334177105,0.9553123773815233
t0v1,41,0.4399574920297556,0.8767885532591415
t0v1,42,0.9906748365001754,0.998748213560906
t0v1,43,0.3048972094978867,0.3300455235204856
t0v1,44,0.4232554694058966,0.22899315826999803
t0v1,45,0.9815037814349702,0.9958086466068148
t0v1,46,0.49472560004496824,0.2466512500545399
t0v1,47,0.8345708345708346,0.9431009957325747
t0v1,48,0.9322186323818406,0.9075482738443534
t0v1,49,0.7318038980618676,0.6310490610559434
t0v1,50,0.2877490039840637,0.3269792203331616
t0v1,51,0.9768070471823338,0.9744558243141812
t0v1,52,0.3666870042708969,0.8848821081830791
t0v1,53,0.6329292139225655,0.6193343368456263
t0v1,54,0.8799046007078012,0.8942307692307693
t0v1,55,0.45748047043099216,0.9289992152327454
t0v1,56,0.9263502454991817,0.9065958388667552
t0v1,57,0.6668627739373437,0.8953083384552346
t0v1,58,0.5052077997472937,0.9299038645190043
t0v1,59,0.7811740562726144,0.7941530254693793
t0v1,60,0.8961132784279728,0.9366208313576735
t0v1,61,0.5314186924461066,0.6163662614689581
t0v1,62,0.2752752752752753,0.0
t0v1,63,0.7934262312519945,0.7835141948920311
t0v1,64,0.8882632884241571,0.9292543021032504
t0v1,65,0.9928104339029589,0.9971033266763822
t0v1,66,0.9789075918928203,0.9835747453045949
t0v1,67,0.956771201760591,0.9890164277692117
t0v1,68,0.959934748991061,0.9904465046637443
t0v1,69,0.9766320723133579,0.9678157823862106
t0v1,70,0.9135291683905669,0.850709740577582
t0v1,71,0.6960876369327074,0.8001837390904915
t0v1,72,0.9292233699513581,0.936704695041685
t0v1,73,0.9862242356130737,0.9950988250921833
t0v1,74,0.8191634462377814,0.9515241036659058
t0v1,75,0.0,0.0
t0v1,76,0.5181518151815182,0.0
t0v1,77,0.963572267920094,0.9678386935510748
t0v1,78,0.9847931873479319,0.9724826126398548
t0v1,79,0.8195682459838987,0.9547638110488391
t0v1,80,0.9480712166172107,0.8922585794094174
t0v1,81,0.651612140666505,0.7460767761755833
t0v1,82,0.7310552234101373,0.9264531112502155
t0v1,83,0.5227794165847263,0.0
t0v1,84,0.03604072081441629,0.03240596751377003
t0v1,85,0.9603756298671553,0.9657653475687594
t0v1,86,0.72325400420456,0.7241891672277296
t0v1,87,0.8567240349638959,0.8243181818181818
t0v1,88,0.928906469532888,0.9634752461931589
t0v1,89,0.004787262653972352,0.0
t0v1,90,0.23271838186263613,0.0
t0v1,91,0.7205722339091597,0.746932065672642
t0v1,92,0.48723257418909593,0.7658979734451432
t0v1,93,0.3513770180436847,0.0
t0v1,94,0.24069394682255327,0.2704524270452427
t0v1,95,0.8804945054945055,0.9269530541961211
t0v1,96,0.9525798715866017,0.9592544096125702
t0v1,97,0.9074950690335306,0.9716547224302065
t0v1,98,0.9339163271390242,0.9219407118678838
t0v1,99,0.8292575457149152,0.9409553188412783
t0v1,100,0.3899670252446078,0.3170485387868459
t0v1,101,0.9183122122887155,0.9753162325897871
t0v1,102,0.9309150722881135,0.9249912679008033
t0v1,103,0.9744503803149762,0.9971857226907237
t0v1,104,0.0004995361450082067,0.0
t0v1,105,0.12523920901552202,0.15428390768257982
t0v1,106,0.5989504373177843,0.584569370689129
t0v1,107,0.09452035497957459,0.0
t0v1,108,0.8857142857142857,0.78996138996139
t0v1,109,0.186452444708916,0.0
t0v1,110,0.8562271062271062,0.9118031928814446
t0v1,111,0.4359710057384476,0.5082248460995055
t0v1,112,0.35802997858672375,0.6479650494366521
t0v1,113,0.4475323430761859,0.7839506172839507
t0v1,114,0.971043144551692,0.9777022065927271
t0v1,115,0.3916985370811158,0.06447364088379598
t0v1,116,0.173062381852552,0.3588927776010181
t0v1,117,0.24928589976629448,0.0
t0v1,118,0.7704202872849796,0.8498349834983498
t0v1,119,0.9522098858291141,0.9904485281796347
t0v1,120,0.6899918886878392,0.6907899891868173
t0v1,121,0.908256880733945,0.0
t0v1,122,0.48750451320784177,0.0
t0v1,123,0.33405639913232105,0.33087829129073837
t0v1,124,0.3611469534050179,0.3185373285931945
t0v1,125,0.7692085249125242,0.8486129630231878
t0v1,126,0.7623100303951368,0.8165557404326124
t0v1,127,0.885937048801617,0.8827313211281543
t0v1,128,0.872595281306715,0.8827715355805243
t0v1,129,0.9585421412300683,0.96875
t0v1,130,0.35571105765726363,0.0
t0v1,131,0.8355039070326588,0.8055440628878775
t0v1,132,0.7956280360860514,0.9747610353345505
t0v1,133,0.9809990248847216,0.9860064347142311
t0v1,134,0.8307229361418741,0.8922262311981631
t0v1,135,0.8709648250293879,0.8024916147580259
t0v1,136,0.9074410163339383,0.9299242424242424
t0v1,137,0.6402603113182658,0.927099982241165
t0v1,138,0.03515447067334745,0.10022107590272661
t0v1,139,0.9733934003311385,0.9638124757845796
t0v1,140,0.9507346585998271,0.9427332535885168
t0v1,141,0.9958939329981964,0.9952619362759203
t0v1,142,0.9401458923963941,0.974316651261059
t0v1,143,0.7769915544396256,0.7692254780575045
t0v1,144,0.9523759295395813,0.9604587007086061
t0v1,145,0.915161385845425,0.9314122873780909
t0v1,146,0.8922014485430352,0.8974033048846922
t0v1,147,0.5210524019372573,0.5185932413223898
t0v1,148,0.9448332826153111,0.9783272604730513
t0v1,149,0.8869123252858958,0.8905908096280087
t0v1,150,0.7296541490697409,0.9656847217822827
t0v1,151,0.8684229946129437,0.8358665058303176
t0v1,152,0.7877972184836249,0.7205225163286353
t0v1,153,0.6871287128712872,0.0
t0v1,154,0.22565414125516428,0.8823405598821301
t0v1,155,0.7174353671147881,0.7291949037679588
t0v1,156,0.19827221935302128,0.1445208573866774
t0v1,157,0.7466367713004485,0.9180873995688811
t0v1,158,0.8300337794501219,0.7749944382647386
t0v1,159,0.9679643831477548,0.9710991815541671
t0v1,160,0.11908694944967559,0.13698114868569006
t0v1,161,0.1462805906685462,0.0
t0v1,162,0.3853629758430106,0.17410500754258804
t0v1,163,0.8941765810895429,0.8440243079000675
t0v1,164,0.8230754389349797,0.9318232289584721
t0v1,165,0.4389057750759878,0.0
t0v1,166,0.8768926925608953,0.8401469912723932
t0v1,167,0.7299410029498525,0.7422934648581998
t0v1,168,0.8607570302617495,0.837859914233204
t0v1,169,0.6890723340524543,0.4639819744195807
t0v1,170,0.9193042183094845,0.8952663183342432
t0v1,171,0.961037685666353,0.9867405343700357
t0v1,172,0.35439665017129807,0.31039354187689205
t0v1,173,0.8882818280120653,0.894636244176323
t0v1,174,0.5887297039159504,0.6049958825144112
t0v1,175,0.8257413896248184,0.8605204157891161
t0v1,176,0.4683892779521855,0.49146757679180886
t0v1,177,0.9862434952856922,0.9881311816762103
t0v1,178,0.7434666666666667,0.5675287356321839
t0v1,179,0.9246040126715945,0.8860418071476737
t0v1,180,0.7759498629063847,0.6993263931414574
t0v1,181,0.9539722572509458,0.8985887758450936
t0v1,182,0.5179282868525896,0.0
t0v1,183,0.23434052173442174,0.2511563043112631
t0v1,184,0.1841351074718526,0.26176650366748166
t0v1,185,0.8690463728671621,0.9352725657821694
t0v1,186,0.2307024275962354,0.019892125783139772
t0v1,187,0.9598176802207029,0.8381004516217326
t0v1,188,0.9547615598372207,0.9719432653483797
t0v1,189,0.05743756786102063,0.0
t0v1,190,0.9337902278881407,0.9621422633891462
t0v1,191,0.9522954450230442,0.9534502640043697
t0v1,192,0.9795071598441533,0.9808925798393087
t0v1,193,0.5653571428571429,0.4997734774448256
t0v1,194,0.31181301326595073,0.0
t0v1,195,0.7053414586541172,0.7849853372434018
t0v1,196,0.1248259480710951,0.0
t0v1,197,0.273769133351053,0.5203669375920909
t0v1,198,0.4961190168175938,0.5764380530973451
t0v1,199,0.6598354292811676,0.6592401248520073
t0v1,200,0.9302809573361083,0.0
t0v1,201,0.47301431431053365,0.8953709575142677
t0v1,202,0.19667128987517338,0.36798033341015596
t0v1,203,0.1691421443928378,0.3080235101148168
t0v1,204,0.9006016847172081,0.8769068911099421
t0v1,205,0.21924476097760925,0.20772771944343868
t0v1,206,0.043633849079436425,0.027381679907652612
t0v1,207,0.608047226969085,0.0
t0v1,208,0.6118591155459369,0.940225035161744
t0v1,209,0.8965099858785556,0.831765935214211
t0v1,210,0.9016898515544767,0.8468288791384124
t0v1,211,0.859210011732499,0.820980153908465
t0v1,212,0.6451195862960569,0.0
t0v1,213,0.8642495126705653,0.8757160215240409
t0v1,214,0.8266949902637635,0.8946088366436968
t0v1,215,0.1390954324369654,0.5878535002318034
t0v1,216,0.015842948166006544,0.0
t0v1,217,0.425377204144701,0.7704997573993208
t0v1,218,0.7256821495521766,0.0
t0v1,219,0.3092424274229098,0.8158832513151196
t0v1,220,0.4753997064957133,0.0
t0v1,221,0.5877634262406526,0.7695616933724048
t0v1,222,0.6000933271115259,0.0
t0v1,223,0.4446611409068747,0.0
t0v1,224,0.9659367396593674,0.9752180534403987
t0v1,225,0.46948873007146785,0.0
t0v1,226,0.48460535553104,0.47357592602656773
t0v1,227,0.3982002249718785,0.6689460383529062
t0v1,228,0.5859348198970841,0.7345299952763344
t0v1,229,0.9156963204471356,0.8901612903225806
t0v1,230,0.7313022499018123,0.9843965956208627
t0v1,231,0.83684339916414,0.8020253164556962
t0v1,232,0.7578179291174427,0.7929555204335065
t0v1,233,0.8179373074477969,0.6282734383856705
t0v1,234,0.9333333333333333,0.9558369055926628
t0v1,235,0.2456795889771135,0.0
t0v1,236,0.8111630840384716,0.6192711550339716
t0v1,237,0.3649778652238072,0.0
t0v1,238,0.9574481340726434,0.9492608368829867
t0v1,239,0.46190638879398704,0.9236776712815051
t0v1,240,0.011849043189762426,0.007093728585568894
t0v1,241,0.00993886525329806,0.0
t0v1,242,0.5023576351106275,0.4139920285294735
t0v1,243,0.9167668670674682,0.9623773558269217
t0v1,244,0.5326278659611993,0.9142857142857143
t0v1,245,0.19935250785905315,0.17595248039352174
t0v1,246,0.9328447424502313,0.9851173536009643
t0v1,247,0.9201518264442664,0.9411552150897036
t0v1,248,0.036676302476841206,0.09010945405244536
t0v1,249,0.6794097920858484,0.7110275099929462
t0v1,250,0.6008973703640598,0.48587291795188153
t0v1,251,0.3527003621476933,0.3155348612202939
t0v1,252,0.778816199376947,0.6574642126789366
t0v1,253,0.9300439337614059,0.9103448275862069
t0v1,254,0.42300839908373633,0.46911421911421913
t0v1,255,0.05674775928297055,0.01399320917789896
t0v1,256,0.7412690089145254,0.8813067608476287
t0v1,257,0.8968136040944362,0.8841409691629956
t0v1,258,0.41462725371615894,0.0
t0v1,259,0.952652959047825,0.9979761049813932
t0v1,260,0.2764778325123153,0.0
t0v1,261,0.7528050996567539,0.7697978394624174
t0v1,262,0.4650837988826816,0.534627092846271
t0v1,263,0.9132676980778247,0.8042895442359249
t0v1,264,0.18467770395716018,0.1281817299291331
t0v1,265,0.9163378974239963,0.9407315487797672
t0v1,266,0.10077366579608732,0.12325520461150016
t0v1,267,0.007843617868741957,0.0
t0v1,268,0.13421748018148277,0.3028584927947082
t0v1,269,0.5199076745527986,0.6953073364177131
t0v1,270,0.10486115904019142,0.0
t0v1,271,0.8380187416331994,0.8029131264088781
t0v1,272,0.19858781994704325,0.0
t0v1,273,0.37882685875996913,0.0
t0v1,274,0.4144369947991729,0.4162259856750787
t0v1,275,0.8783221840535166,0.9036885245901639
t0v1,276,0.403380539058931,0.3192541809751683
t0v1,277,0.3929952240163748,0.5778871570504056
t0v1,278,0.9010650358471586,0.986173438447544
t0v1,279,0.10382736156351792,0.0
t0v1,280,0.8696405370290169,0.9271370670596905
t0v1,281,0.9481481481481482,0.0
t0v1,282,0.3071546323771843,0.3882108758821088
t0v1,283,0.9924170616113744,0.9913159114263262
t0v1,284,0.7651663405088063,0.0
t0v1,285,0.8992447648472365,0.8775475829543541
t0v1,286,0.9465932223685786,0.9953841888078812
t0v1,287,0.27670201847417036,0.0
t0v1,288,0.9429731338207787,0.9902563202247191
t0v1,289,0.5180490493248829,0.5474215650919582
t0v1,290,0.6818539283086836,0.7671393948119886
t0v1,291,0.8144794424334107,0.9647819971870605
t0v1,292,0.9120390029094912,0.9540488018812997
t0v1,293,0.5317512634585805,0.5996668517490283
t0v1,294,0.7253222789545524,0.819715557485615
t0v1,295,0.8293646667359883,0.8813072761400023
t0v1,296,0.6342817487855655,0.0
t0v1,297,0.899002190313945,0.7464788732394366
t0v1,298,0.2862973760932945,0.8944820909970959
t0v1,299,0.0,0.0
t0v1,300,0.9599737532808399,0.961564396493594
t0v1,301,0.8840092135762191,0.9713015046565323
t0v1,302,0.9873330007206608,0.9933467769592713
t0v1,303,0.0,0.0
t0v1,304,0.33002267084098025,0.0
t0v1,305,0.7599297012302285,0.9550837988826816
t0v1,306,0.841848488955143,0.9281474539206498
t0v1,307,0.508399209486166,0.5819280140951422
t0v1,308,0.36818851251840945,0.0
t0v1,309,0.6684718002905825,0.7526850295901221
t0v1,310,0.4973221117061974,0.0
t0v1,311,0.8800222181077578,0.8817521322522902
t0v1,312,0.3332175121612231,0.0
t0v1,313,0.858258580680913,0.9158155293498462
t0v1,314,0.9912587128535916,0.9843003412969283
t0v1,315,0.8975337639459777,0.8540540540540541
t0v1,316,0.9817686138535242,0.9952163801951385
t0v1,317,0.9830255151062239,0.9465835744491431
t0v1,318,0.37559872700191804,0.23120531216237541
t0v1,319,0.7712346859771372,0.8239759451865727
t0v1,320,0.8037164576700669,0.8123481737859277
t0v1,321,0.7385952208544533,0.7558285135054559
t0v1,322,0.7326697789130626,0.962882622318631
t0v1,323,0.8763575605680869,0.8204254244776873
t0v1,324,0.7259105762333625,0.657404782156696
t0v1,325,0.7905061909365936,0.7588768289949732
t0v1,326,0.9817027067896568,0.9845919145690313
t0v1,327,0.7867820613690008,0.663362831858407
t0v1,328,0.9674655047204067,0.9702297407106449
t0v1,329,0.47126436781609193,0.0
t0v1,330,0.9276695703239699,0.9655243387876917
t0v1,331,0.9920481880585923,0.9946848304198475
t0v1,332,0.9970063386913156,0.9969813726317368
t0v1,333,0.45145869947275924,0.0
t0v1,334,0.947028937486194,0.96663269375637
t0v1,335,0.9125464998309097,0.962010670437745
t0v1,336,0.7854573885848319,0.7820566368724418
t0v1,337,0.9569749810462471,0.9457986808144537
t0v1,338,0.6875466070096943,0.40397932312493906
t0v1,339,0.9985179025302958,0.998638890192634
t0v1,340,0.08830608497209791,0.13730358731099912
t0v1,341,0.6851884622190763,0.759656652360515
t0v1,342,0.9873439082011475,0.9703324808184143
t0v1,343,0.8855343179843614,0.8972595378828587
t0v1,344,0.09097149830922173,0.0
t0v1,345,0.8446175534991325,0.9258185327298211
t0v1,346,0.27667713779125785,0.4026223388386129
t0v1,347,0.8982943384483731,0.9281890373225783
t0v1,348,0.7019765214169144,0.7471681532580517
t0v1,349,0.12813240607638215,0.1925623450488552
t0v1,350,0.5643086816720257,0.0
t0v1,351,0.5989564194899684,0.7157581764122894
t0v1,352,0.039982371892286185,0.05485089809916875
t0v1,353,0.5840451248992747,0.6043394487727235
t0v1,354,0.6790714812085483,0.5257839575765167
t0v1,355,0.0,0.0
t0v1,356,0.7675480769230769,0.8142997821610815
t0v1,357,0.8882216305025211,0.8828239539866922
t0v1,358,0.916070873484613,0.8818897637795275
t0v1,359,0.9827548441449031,0.9926220227850516
t0v1,360,0.3932096328464272,0.0
t0v1,361,0.1875925091704743,0.034213174394302964
t0v1,362,0.8873618588835364,0.9787928221859706
t0v1,363,0.830267558528428,0.0
t0v2,0,0.4494622303289515,0.0
t0v2,1,0.9692314185624447,0.9575479854746671
t0v2,2,0.7700278995615784,0.0
t0v2,3,0.869784502521779,0.0
t0v2,4,0.9222260629104736,0.0
t0v2,5,0.6551552127700395,0.9179434385029976
t0v2,6,0.5341030965474751,0.40959024497418434
t0v2,7,0.984169508037019,0.9804128738621587
t0v2,8,0.34676775738228255,0.0
t0v2,9,0.1167581125568271,0.0
t0v2,10,0.9104488029594472,0.9022544152356149
t0v2,11,0.9852011053116365,0.9815010900031143
t0v2,12,0.49159256976846555,0.5459625179251347
t0v2,13,0.6131874409509371,0.6079321361683375
t0v2,14,0.9234989726809223,0.9648477932489914
t0v2,15,0.6253798956362177,0.0
t0v2,16,0.9760751773420936,0.969603245024718
t0v2,17,0.959194304566765,0.9277498202731848
t0v2,18,0.6256676152976492,0.5916231414220248
t0v2,19,0.9584918713248011,0.7915717539863326
t0v2,20,0.9557441992076967,0.0
t0v2,21,0.9199491740787802,0.0
t0v2,22,0.9711293285444027,0.978878720377875
t0v2,23,0.9472757032680463,0.9929028382045171
t0v2,24,0.837353646494569,0.0
t0v2,25,0.7266223811957078,0.0
t0v2,26,0.8927957194725779,0.8287212675742022
t0v2,27,0.8921389396709324,0.0
t0v2,28,0.0,0.0
t0v2,29,0.8013330414264517,0.9230497679652279
t0v2,30,0.10586734693877552,0.0
t0v2,31,0.964574586037043,0.9545646363764243
t0v2,32,0.7838258164852255,0.0
t0v2,33,0.17591958402870897,0.2018164024986967
t0v2,34,0.7763617608890959,0.8765366114377339
t0v2,35,0.9850871665616467,0.9705254164886801
t0v2,36,0.9601592553735238,0.9559741628604632
t0v2,37,0.9392692227440284,0.9985285562741676
t0v2,38,0.5681552301424019,0.32688172043010755
t0v2,39,0.9658250366717643,0.9351880347141011
t0v2,40,0.9627447582741293,0.9486044779389212
t0v2,41,0.9138305575669804,0.0
t0v2,42,0.9842065021467394,0.9984858302356512
t0v2,43,0.40183460476435623,0.22275231442040097
t0v2,44,0.408492935047412,0.24040997814454745
t0v2,45,0.9945275494004827,0.9951155764590194
t0v2,46,0.1091157295172641,0.0
t0v2,47,0.9788623474823853,0.9123587178061886
t0v2,48,0.9411685241472475,0.9048775684369461
t0v2,49,0.9024660108825803,0.9878317796911692
t0v2,50,0.9620632279534109,0.9468667255075022
t0v2,51,0.9761298921604266,0.9699246286313633
t0v2,52,0.9282425172678435,0.0
t0v2,53,0.7413322685832169,0.5149843721272293
t0v2,54,0.9722034471105103,0.9569942293921907
t0v2,55,0.7489474077580408,0.9603478710121841
t0v2,56,0.6939729014172248,0.8020458420155332
t0v2,57,0.9530145530145531,0.8355321020228672
t0v2,58,0.966987951807229,0.9436345966958212
t0v2,59,0.9757044797687862,0.970852118019908
t0v2,60,0.9697729052466719,0.0
t0v2,61,0.9170545106789927,0.8354124748490945
t0v2,62,0.8342146189735614,0.0
t0v2,63,0.9467624321508855,0.8851039260969977
t0v2,64,0.805414551607445,0.0
t0v2,65,0.7567863568802315,0.8031357198928951
t0v2,66,0.9863983344899375,0.9835860342189456
t0v2,67,0.9730840034880341,0.985046122113787
t0v2,68,0.9334194698597277,0.9570635684155998
t0v2,69,0.9754176286839603,0.9295554608720352
t0v2,70,0.961892247043364,0.0
t0v2,71,0.9087119633180492,0.0
t0v2,72,0.92617525598235,0.9433172489971513
t0v2,73,0.6162644148969689,0.6383693858986417
t0v2,74,0.9759020279167764,0.9450861195542046
t0v2,75,0.0,0.0
t0v2,76,0.46244477172312226,0.0
t0v2,77,0.9107432876049621,0.7092252480472873
t0v2,78,0.9663940786724766,0.9577857186118345
t0v2,79,0.9684650819470454,0.9928563486768958
t0v2,80,0.9634502923976608,0.0
t0v2,81,0.7646583289742737,0.8777054741711642
t0v2,82,0.9519943812538195,0.9944902965766554
t0v2,83,0.9652672908486862,0.0
t0v2,84,0.021251715898113782,0.0
t0v2,85,0.9795153927191853,0.9642085034830651
t0v2,86,0.7749177860765843,0.6546024822651588
t0v2,87,0.9754195459032576,0.9195100152463067
t0v2,88,0.8658526222210602,0.9245136861935835
t0v2,89,0.14481671265273946,0.0
t0v2,90,0.18918296892980438,0.0
t0v2,91,0.9025446836957287,0.9758399057666701
t0v2,92,0.8599423631123919,0.0
t0v2,93,0.9253981559094719,0.0
t0v2,94,0.07432641684732115,0.0
t0v2,95,0.9169197784527425,0.9709111924484685
t0v2,96,0.9623681310029917,0.9547977795400476
t0v2,97,0.8770885346648742,0.9228852904540822
t0v2,98,0.9639532580709052,0.9139830508474577
t0v2,99,0.6671793024908261,0.645180004512199
t0v2,100,0.2546173506293099,0.0
t0v2,101,0.9777854764842073,0.9825966247749919
t0v2,102,0.9400328241383664,0.8847314975757021
t0v2,103,0.8615571140166957,0.9770201186510199
t0v2,104,0.017315476747937025,0.019362898188632106
t0v2,105,0.8683636363636363,0.0
t0v2,106,0.762523535495505,0.7189836356982277
t0v2,107,0.7957181088314005,0.0
t0v2,108,0.8934081346423562,0.0
t0v2,109,0.2621386472074095,0.0
t0v2,110,0.886052871467639,0.0
t0v2,111,0.6521693009440968,0.8111913357400722
t0v2,112,0.295743357326935,0.1900180396873121
t0v2,113,0.6654908877131099,0.0
t0v2,114,0.8974316210807205,0.9890858959139126
t0v2,115,0.5078768457974278,0.46504472498889804
t0v2,116,0.7797479171117283,0.0
t0v2,117,0.7384615384615385,0.0
t0v2,118,0.9308906377671698,0.9779110989910008
t0v2,119,0.8560547591634298,0.9886598053099319
t0v2,120,0.9434606066809977,0.925143690486403
t0v2,121,0.5015222806531968,0.0
t0v2,122,0.6621734740548331,0.6376370387315888
t0v2,123,0.9552618200305033,0.9076751946607341
t0v2,124,0.5095828635851184,0.0
t0v2,125,0.8790390468173283,0.8680479825517994
t0v2,126,0.9365315482831288,0.8931168831168831
t0v2,127,0.9639357510859683,0.8847013113161729
t0v2,128,0.7752096543260381,0.0
t0v2,129,0.9568480300187617,0.0
t0v2,130,0.5516909375376098,0.44906472006778336
t0v2,131,0.8450704225352113,0.0
t0v2,132,0.9739832218328555,0.9636044727033545
t0v2,133,0.9747231926754208,0.9883117243676949
t0v2,134,0.8384370170015456,0.8845243729294842
t0v2,135,0.9591365958147965,0.8920799143774527
t0v2,136,0.9171270718232044,0.0
t0v2,137,0.8763876387638764,0.8698861742153641
t0v2,138,0.03055850749793364,0.0
t0v2,139,0.9736639457877715,0.9613169364881694
t0v2,140,0.9270598829356146,0.8023397939584425
t0v2,141,0.9890029325513197,0.9956189856708308
t0v2,142,0.9702514150322495,0.9782514858717668
t0v2,143,0.8009052924791087,0.0
t0v2,144,0.969499492548475,0.9553351235819587
t0v2,145,0.9469995127253645,0.9492837505426133
t0v2,146,0.890668044077135,0.0
t0v2,147,0.5564070728261334,0.9170015455950541
t0v2,148,0.9866048105656907,0.9779461279461279
t0v2,149,0.9050371593724195,0.0
t0v2,150,0.9677126284156824,0.9771882920731919
t0v2,151,0.8949677007735864,0.7616062683643486
t0v2,152,0.8074159907300116,0.0
t0v2,153,0.7251707829742512,0.0
t0v2,154,0.25764624368999306,0.9340746624305004
t0v2,155,0.713284736385114,0.7486495851933387
t0v2,156,0.13013908774800573,0.0
t0v2,157,0.95193999444393,0.9081768749358777
t0v2,158,0.9682301062337142,0.8536098061450402
t0v2,159,0.970922392137852,0.9678979886946234
t0v2,160,0.17527113245552237,0.1826232066006396
t0v2,161,0.005892317890550195,0.0
t0v2,162,0.4654955176758534,0.28698594199489785
t0v2,163,0.9013539651837524,0.0
t0v2,164,0.9035532994923858,0.9524680073126143
t0v2,165,0.6192698325555861,0.0
t0v2,166,0.9405779405779405,0.8273698884758365
t0v2,167,0.6134706814580032,0.0
t0v2,168,0.9459946949602122,0.7834796587115123
t0v2,169,0.9323092944545691,0.9566483338725331
t0v2,170,0.9217053006970336,0.894283229224322
t0v2,171,0.973110153806364,0.996638151456801
t0v2,172,0.47403776325344954,0.0
t0v2,173,0.9134459615829669,0.8551080550098232
t0v2,174,0.8245866283249461,0.0
t0v2,175,0.9504575444536177,0.9975989918418784
t0v2,176,0.425914617220896,0.6353369763205828
t0v2,177,0.9937776858506989,0.9908399316876262
t0v2,178,0.8217673489765353,0.0
t0v2,179,0.9499796665311102,0.0
t0v2,180,0.36361948955916473,0.0
t0v2,181,0.966183574879227,0.0
t0v2,182,0.35977025540755225,0.0
t0v2,183,0.2350617520880562,0.3217852139534652
t0v2,184,0.14495273280452026,0.0
t0v2,185,0.9608926204153778,0.9164704563291849
t0v2,186,0.04762148285278866,0.0017250208889248268
t0v2,187,0.9753610875106202,0.7556362535935846
t0v2,188,0.9736801040312094,0.9745166501641566
t0v2,189,0.4621567314132619,0.0
t0v2,190,0.9701230645199536,0.9410537297861241
t0v2,191,0.8836273233100509,0.8759338484132558
t0v2,192,0.9873198077949813,0.9800183931109439
t0v2,193,0.6911219190503668,0.904372312492865
t0v2,194,0.6767351834687313,0.0
t0v2,195,0.8693770047200563,0.8533810143042913
t0v2,196,0.667260579064588,0.35795515695067265
t0v2,197,0.5722276604670675,0.9219063902543279
t0v2,198,0.5216817081223861,0.0
t0v2,199,0.8648167383884849,0.9709357171735322
t0v2,200,0.9688195991091314,0.0
t0v2,201,0.4055545972054511,0.0
t0v2,202,0.25189878911505575,0.0
t0v2,203,0.14182424110700573,0.18643648706363658
t0v2,204,0.9518072289156626,0.0
t0v2,205,0.2149267588198886,0.20630506536372378
t0v2,206,0.1917355965047638,0.355720823798627
t0v2,207,0.6317165262852164,0.0
t0v2,208,0.30698291703532293,0.4632228295474279
t0v2,209,0.9378919684402185,0.0
t0v2,210,0.8029148724743292,0.8230061032378194
t0v2,211,0.848531684698609,0.0
t0v2,212,0.9302325581395349,0.0
t0v2,213,0.678081313325638,0.7187839305103149
t0v2,214,0.7445817948306309,0.0
t0v2,215,0.4808943767729017,0.0
t0v2,216,0.13049645390070921,0.0
t0v2,217,0.8339906776622446,0.0
t0v2,218,0.22719001819599688,0.0
t0v2,219,0.37402094932528074,0.8435662197130087
t0v2,220,0.8270441180816169,0.7027473799054451
t0v2,221,0.9581163039600428,0.9376355342855006
t0v2,222,0.8984145625366999,0.0
t0v2,223,0.5024201355275896,0.0
t0v2,224,0.9831521739130434,0.9709439733073821
t0v2,225,0.7051589682063587,0.0
t0v2,226,0.35465486606993196,0.35320292166904543
t0v2,227,0.4492346500028665,0.0
t0v2,228,0.6275399300633211,0.8846153846153846
t0v2,229,0.962850534836658,0.9197860962566845
t0v2,230,0.6597554026213124,0.6398727412820322
t0v2,231,0.9027123097133143,0.8861591424771145
t0v2,232,0.9229252907549773,0.0
t0v2,233,0.9306152299113264,0.7550595397020345
t0v2,234,0.9692323211943912,0.9524294591015585
t0v2,235,0.28190899001109876,0.0
t0v2,236,0.9251885510844615,0.8676926151693815
t0v2,237,0.7162298387096774,0.0
t0v2,238,0.9664037756939701,0.929903536977492
t0v2,239,0.8418866805102343,0.0
t0v2,240,0.02954048140043764,0.0
t0v2,241,0.00803418179162254,0.0
t0v2,242,0.5790791170446787,0.5092076030609726
t0v2,243,0.9665045170257123,0.9665751882344663
t0v2,244,0.9113149847094801,0.0
t0v2,245,0.2086231890664746,0.05536613408397098
t0v2,246,0.9195527915831837,0.985588893639496
t0v2,247,0.9736741035578367,0.9600041518181504
t0v2,248,0.09904853935925073,0.0
t0v2,249,0.45266903914590745,0.0
t0v2,250,0.8715387738530248,0.720154110480554
t0v2,251,0.30833239626672665,0.0
t0v2,252,0.8066248880931065,0.0
t0v2,253,0.9845083781220361,0.0
t0v2,254,0.8253012048192772,0.0
t0v2,255,0.22807332209348208,0.9003226354219732
t0v2,256,0.8197330237957051,0.813553929366847
t0v2,257,0.8518575297664673,0.8974120923755368
t0v2,258,0.3693557804593227,0.5522223217217397
t0v2,259,0.951449234098286,0.9761703641132797
t0v2,260,0.0,0.0
t0v2,261,0.5513859634341562,0.43238700719792467
t0v2,262,0.7365914786967419,0.0
t0v2,263,0.05631214517769829,0.049132947976878616
t0v2,264,0.25825125930381176,0.0
t0v2,265,0.9630403249202205,0.9589310504396112
t0v2,266,0.12589310481845511,0.0
t0v2,267,0.007092533925953946,0.0
t0v2,268,0.8282298046077574,0.0
t0v2,269,0.5967688757006264,0.0
t0v2,270,0.1957608434655432,0.0
t0v2,271,0.8404344755691563,0.7412746030584619
t0v2,272,0.4492688074777627,0.0
t0v2,273,0.6640822734117194,0.6397550111358574
t0v2,274,0.9534310169737414,0.0
t0v2,275,0.8547837013103572,0.8830732889911108
t0v2,276,0.13694768967595203,0.17848494688500255
t0v2,277,0.3980981987748011,0.5318192958091659
t0v2,278,0.8901023568068458,0.9924291434266431
t0v2,279,0.23741214980263792,0.0
t0v2,280,0.8364506957953015,0.7390645300996103
t0v2,281,0.8171275646743978,0.0
t0v2,282,0.3604895537149215,0.0
t0v2,283,0.7818157468619502,0.7799730087903805
t0v2,284,0.8944464876792939,0.0
t0v2,285,0.9390745924584225,0.889487870619946
t0v2,286,0.8665453248333074,0.9186072027315257
t0v2,287,0.7821067821067821,0.4786774628879892
t0v2,288,0.99396757847632,0.9911457819031632
t0v2,289,0.9267752191926004,0.906106831797815
t0v2,290,0.6597799873615249,0.5115834311296562
t0v2,291,0.7833694480816695,0.8825905545141198
t0v2,292,0.9782600671760233,0.982339680278453
t0v2,293,0.7925531914893617,0.0
t0v2,294,0.977832341154942,0.9969155275148966
t0v2,295,0.92152466367713,0.8411191606295279
t0v2,296,0.24746424746424747,0.0
t0v2,297,0.8832240835154164,0.0
t0v2,298,0.4875124875124875,0.0
t0v2,299,0.0,0.0
t0v2,300,0.9586942038640907,0.0
t0v2,301,0.9567488316686521,0.9939218156891647
t0v2,302,0.8890814821572474,0.9912202605158268
t0v2,303,0.04205128205128205,0.0
t0v2,304,0.16502596450986015,0.0
t0v2,305,0.946167097329888,0.9473684210526315
t0v2,306,0.9519034936550211,0.0
t0v2,307,0.5475498338870431,0.0
t0v2,308,0.8512931034482759,0.0
t0v2,309,0.8298565054865549,0.7866518644289167
t0v2,310,0.8407224958949097,0.0
t0v2,311,0.9174436674436675,0.8522305877064839
t0v2,312,0.2722307800028007,0.0
t0v2,313,0.9708258034100731,0.9917590771398108
t0v2,314,0.9821026737105295,0.9743329711457202
t0v2,315,0.9246636771300448,0.8058146374254265
t0v2,316,0.9951230476509085,0.9944574141185156
t0v2,317,0.9822410147991544,0.8962646004394588
t0v2,318,0.2995194993854062,0.08281453597799333
t0v2,319,0.9591791458679978,0.9110075713453698
t0v2,320,0.8179754101872082,0.8548944894282342
t0v2,321,0.6861977522414446,0.5108012426847771
t0v2,322,0.6859791425260718,0.7996654119615224
t0v2,323,0.9138663576670529,0.8051816103632208
t0v2,324,0.8782253716398367,0.835445055382899
t0v2,325,0.888459430615247,0.9658944658944659
t0v2,326,0.98322659347362,0.9622079347655638
t0v2,327,0.8496865432278757,0.7452870304748406
t0v2,328,0.895353408286815,0.7732177604811604
t0v2,329,0.5110512129380054,0.0
t0v2,330,0.9668198060234814,0.9604755448951924
t0v2,331,0.9956585681510677,0.9936241374178539
t0v2,332,0.9392253002105114,0.9730264151634298
t0v2,333,0.09222913674804532,0.0
t0v2,334,0.972555594775856,0.974964234620887
t0v2,335,0.9055253743209222,0.9377434391162761
t0v2,336,0.9154381839558651,0.0
t0v2,337,0.9612314709236032,0.9576402321083172
t0v2,338,0.8330435902388771,0.8072806698216236
t0v2,339,0.9988924316160429,0.9994095069382934
t0v2,340,0.19250390849995885,0.0
t0v2,341,0.6888083735909822,0.0
t0v2,342,0.9774141026176262,0.9571490280777538
t0v2,343,0.8969037469149652,0.8949420556698798
t0v2,344,0.6800899134344063,0.0
t0v2,345,0.678601795972542,0.6389032862974847
t0v2,346,0.32666351308735414,0.0
t0v2,347,0.5763050083901495,0.328195840287889
t0v2,348,0.869535995016516,0.9857151817355035
t0v2,349,0.045030515763842774,0.0
t0v2,350,0.47648514851485146,0.0
t0v2,351,0.6634201769336905,0.8271687962340283
t0v2,352,0.01580340468646489,0.014999064684175023
t0v2,353,0.7985803016858918,0.8530882551696175
t0v2,354,0.9106946613453641,0.844650015417823
t0v2,355,0.0,0.0
t0v2,356,0.8309822285564702,0.8254744783685017
t0v2,357,0.9430629008664341,0.9083222331615219
t0v2,358,0.9517439082656474,0.8753333333333333
t0v2,359,0.9959504714718848,0.9907910389405119
t0v2,360,0.35854503464203236,0.0
t0v2,361,0.7594662820050487,0.7740843840401724
t0v2,362,0.9886455376442095,0.9826178664895903
t0v2,363,0.8755463538072233,0.0
t0v3,0,0.4938977879481312,0.46283783783783783
t0v3,1,0.9766231586015864,0.9814301319216873
t0v3,2,0.8692170818505338,0.0
t0v3,3,0.4838824788866421,0.5348294957738269
t0v3,4,0.7591564927857936,0.9381406857546837
t0v3,5,0.7494478310804842,0.882812915580616
t0v3,6,0.5243792432227128,0.5162156683895814
t0v3,7,0.9889355516071717,0.9853296791874899
t0v3,8,0.8361496947712996,0.8631516587677726
t0v3,9,0.10069919143783446,0.05676929565584142
t0v3,10,0.8108108108108109,0.7880820080475187
t0v3,11,0.938498957609451,0.9870763228480859
t0v3,12,0.45095121264529625,0.45960229492689547
t0v3,13,0.9670741340977759,0.9865970104086199
t0v3,14,0.9838987697412981,0.994775828460039
t0v3,15,0.6111840228245363,0.4208664308123623
t0v3,16,0.9539697743720732,0.9482587960046792
t0v3,17,0.9464347826086956,0.9456273095196199
t0v3,18,0.8675283498066875,0.9707995943979896
t0v3,19,0.9441055234954658,0.9248670212765957
t0v3,20,0.40529940692557875,0.43414009774261114
t0v3,21,0.8601769911504424,0.8204833141542003
t0v3,22,0.9147494602040056,0.9865343347639485
t0v3,23,0.8954769958391954,0.9234931775792677
t0v3,24,0.8043508576209734,0.8000980151923548
t0v3,25,0.8597768073750607,0.0
t0v3,26,0.7624134520276954,0.8668985817500668
t0v3,27,0.9046728971962616,0.8614072494669509
t0v3,28,0.03067484662576687,0.0
t0v3,29,0.9047893258426967,0.9401635192822516
t0v3,30,0.40337552742616034,0.380265106916328
t0v3,31,0.9871691917839999,0.9896514935988621
t0v3,32,0.739808578518256,0.9148087303449894
t0v3,33,0.9109900090826522,0.9774096385542169
t0v3,34,0.7493311380942581,0.8441543303415316
t0v3,35,0.9743960355151765,0.9734734214085093
t0v3,36,0.9727602278612119,0.9888978866800763
t0v3,37,0.7610315267145937,0.9343889824210159
t0v3,38,0.5586826347305389,0.5606126914660832
t0v3,39,0.9656073138876796,0.9463643566770281
t0v3,40,0.8556560910255913,0.9477967275560557
t0v3,41,0.4901094680238141,0.5543398978847557
t0v3,42,0.9987426955381025,0.9986337541098107
t0v3,43,0.2557147881132407,0.25187729204261017
t0v3,44,0.7452546391304558,0.8906904856725645
t0v3,45,0.9948554424513139,0.9945652875492158
t0v3,46,0.31387182658644475,0.20938772784936904
t0v3,47,0.9610823450810089,0.9545297967619704
t0v3,48,0.9212633604838987,0.9093792478477571
t0v3,49,0.9431209226467847,0.9846079709734112
t0v3,50,0.90282327250039,0.9633211070356785
t0v3,51,0.9728482867989812,0.9785683463585367
t0v3,52,0.5787706910522051,0.7936925098554534
t0v3,53,0.8436928702010968,0.8081383519837233
t0v3,54,0.9009283095405258,0.9615979273745351
t0v3,55,0.525497971228329,0.9270653935126212
t0v3,56,0.8228873239436619,0.8135531799238993
t0v3,57,0.8328179006730945,0.8946201894015716
t0v3,58,0.8282014681892332,0.9672396238845301
t0v3,59,0.9308856294095804,0.8884661117717003
t0v3,60,0.535827683858234,0.9433317807793821
t0v3,61,0.7505867701298079,0.9178125999360409
t0v3,62,0.2878071833648393,0.8118964851293936
t0v3,63,0.968828893812149,0.9607378400659522
t0v3,64,0.676703414112962,0.8766145258648667
t0v3,65,0.9870863453085836,0.9963815937149271
t0v3,66,0.9598247895421258,0.9820136448211702
t0v3,67,0.9732352601378673,0.9883960853351506
t0v3,68,0.95090284490309,0.995535121812494
t0v3,69,0.984366576819407,0.962281630492324
t0v3,70,0.9456384323640961,0.9187471629596006
t0v3,71,0.7890430451796514,0.0
t0v3,72,0.8222725482473415,0.83039229983958
t0v3,73,0.7484735079771518,0.9931091226987555
t0v3,74,0.8622272598469821,0.9108958837772397
t0v3,75,0.2400276290796063,0.0
t0v3,76,0.4283727399165508,0.0
t0v3,77,0.9253546044259598,0.9386300138090498
t0v3,78,0.6835155592935239,0.9775416566046848
t0v3,79,0.9158457278990406,0.9931428888703812
t0v3,80,0.9421720733427362,0.9211495946941783
t0v3,81,0.697129309669988,0.9481389335222332
t0v3,82,0.9179582835697384,0.993785940355726
t0v3,83,0.4198651452282158,0.8997828110456096
t0v3,84,0.03788151526061043,0.037822979659153384
t0v3,85,0.7319668556476232,0.9735338696513932
t0v3,86,0.9702818741833116,0.9902999688866927
t0v3,87,0.9429264198451925,0.9692233478051133
t0v3,88,0.9831707195695638,0.9952840690590402
t0v3,89,0.0799355639245053,0.10191471085372274
t0v3,90,0.18590186592950933,0.0
t0v3,91,0.7200917815740225,0.7988102111363653
t0v3,92,0.5475339528234453,0.8038147138964578
t0v3,93,0.8984126984126984,0.0
t0v3,94,0.22482503325814102,0.0
t0v3,95,0.8891198891198892,0.9272100199673262
t0v3,96,0.9612823292550721,0.9652515602126512
t0v3,97,0.6573843858776728,0.7211546003608126
t0v3,98,0.9682508765095442,0.9409249902837155
t0v3,99,0.8779801191683015,0.9723643807574207
t0v3,100,0.20073195589734086,0.22674354141257347
t0v3,101,0.9317551404440776,0.9898276126613669
t0v3,102,0.9583537082314588,0.9393926559654399
t0v3,103,0.995602978249399,0.9965306491943179
t0v3,104,0.022884853487412298,0.025568153288409973
t0v3,105,0.8334475668265936,0.8020833333333334
t0v3,106,0.6567936298625552,0.5145698778010249
t0v3,107,0.8058684831019125,0.8016577856719953
t0v3,108,0.9607594936708861,0.955877616747182
t0v3,109,0.12152074532723801,0.0
t0v3,110,0.7226641998149861,0.9382162431489786
t0v3,111,0.4642830922839733,0.643414999465069
t0v3,112,0.1556463084476667,0.19167339407219466
t0v3,113,0.26997123257357825,0.5557729941291585
t0v3,114,0.9888175292784284,0.9883262583383869
t0v3,115,0.2259394308672182,0.27984986482584845
t0v3,116,0.2913845435442447,0.9106172839506173
t0v3,117,0.22621864647420728,0.0
t0v3,118,0.7503274281381402,0.8165320308096938
t0v3,119,0.9176094921951276,0.9887893376125524
t0v3,120,0.7670289554467767,0.8864351784590053
t0v3,121,0.18666919863273831,0.9247094492167761
t0v3,122,0.8050399141385596,0.8606232546896767
t0v3,123,0.716132658797077,0.9634209170530654
t0v3,124,0.23674086287441604,0.2485576468362811
t0v3,125,0.7053371358728865,0.8301910081155306
t0v3,126,0.9458571181456495,0.9557625827620554
t0v3,127,0.9267165696331208,0.9087725764835974
t0v3,128,0.8302950573200526,0.8146380270485283
t0v3,129,0.9601482854494903,0.9667616334283001
t0v3,130,0.8967227155930216,0.9065155807365439
t0v3,131,0.8470359572400389,0.834913112164297
t0v3,132,0.902898409290524,0.9818688981868898
t0v3,133,0.964387093978201,0.9650466388080411
t0v3,134,0.944121454114653,0.9756254283755997
t0v3,135,0.9747858412801035,0.9614786946920749
t0v3,136,0.8847517730496454,0.896421845574388
t0v3,137,0.8508303956868437,0.953070608964717
t0v3,138,0.01049082053203447,0.009152463226710249
t0v3,139,0.9653365731424883,0.9540724930441743
t0v3,140,0.8733128424428706,0.9400626211420904
t0v3,141,0.9974929669109908,0.9969376818251416
t0v3,142,0.949342253385224,0.9771341463414634
t0v3,143,0.7408692050837367,0.8243608802671021
t0v3,144,0.4909480241386023,0.4559862814383704
t0v3,145,0.9553465666391472,0.9361897043796906
t0v3,146,0.8809468192789847,0.8463281958295558
t0v3,147,0.5920745920745921,0.6639701306782825
t0v3,148,0.9860151502538916,0.9851753143999333
t0v3,149,0.9067650676506765,0.8974630021141649
t0v3,150,0.8807366591472209,0.9835436094349973
t0v3,151,0.9291621157746919,0.8724396336386345
t0v3,152,0.8043079743354721,0.6529307282415631
t0v3,153,0.8323249783923942,0.775
t0v3,154,0.2338379422997285,0.9616052479259116
t0v3,155,0.6650240027188921,0.5842133112476131
t0v3,156,0.21033859615750428,0.0
t0v3,157,0.9786276715410573,0.9451897278650824
t0v3,158,0.9254872703534459,0.9010822817713503
t0v3,159,0.969498242137841,0.9658192115083769
t0v3,160,0.1042600599093981,0.09811551164275208
t0v3,161,0.6354726302324556,0.6244420476229984
t0v3,162,0.437899822549619,0.35545800026208885
t0v3,163,0.9099072134091589,0.9181538461538462
t0v3,164,0.9257904925790492,0.940578749723879
t0v3,165,0.8717751251443974,0.8761682242990654
t0v3,166,0.9466900995899239,0.8890665600639617
t0v3,167,0.7801972062448644,0.7977181208053691
t0v3,168,0.9384455958549223,0.8739168110918544
t0v3,169,0.9217968674665601,0.9389623460960443
t0v3,170,0.8761153661434241,0.849464736287695
t0v3,171,0.9968476136435281,0.9980271153269464
t0v3,172,0.6782321354812061,0.8651309043680361
t0v3,173,0.903663500678426,0.950487499319135
t0v3,174,0.7133015368309485,0.6736081597960051
t0v3,175,0.9877732295261792,0.9921622990589427
t0v3,176,0.29811990067399785,0.2392785113588797
t0v3,177,0.9855550829434283,0.9852820932134096
t0v3,178,0.7335342229875161,0.7632850241545893
t0v3,179,0.9403678997372145,0.9201101928374655
t0v3,180,0.9347368421052632,0.9337779895188185
t0v3,181,0.9546019900497512,0.9328710999054523
t0v3,182,0.346775565764846,0.0
t0v3,183,0.15696784576477157,0.14838763022986604
t0v3,184,0.06242536098143524,0.09695096248419278
t0v3,185,0.9556366854740569,0.9611147116007777
t0v3,186,0.09663220199295722,0.014454866984468706
t0v3,187,0.9681742043551089,0.874392964956031
t0v3,188,0.9749362841152137,0.9703005970763846
t0v3,189,0.12051988972036234,0.0
t0v3,190,0.974886084210281,0.9587234634282006
t0v3,191,0.947287372660507,0.945732727707387
t0v3,192,0.9904140593795766,0.9878732429510105
t0v3,193,0.724485326325011,0.7788413688123884
t0v3,194,0.5445053972748186,0.3956152062398988
t0v3,195,0.6908081456775289,0.6451463701362524
t0v3,196,0.49855722988137224,0.3014456409499926
t0v3,197,0.27231821006836543,0.4321046185452965
t0v3,198,0.5986297615785147,0.6357797503067042
t0v3,199,0.6829316281357599,0.6940215747555197
t0v3,200,0.8721951219512195,0.9469026548672567
t0v3,201,0.4948972710515668,0.7747587230883445
t0v3,202,0.12067492524562153,0.18904095186359893
t0v3,203,0.1833315855704698,0.3128210897363783
t0v3,204,0.8997635933806146,0.8893528183716075
t0v3,205,0.21741511500547644,0.2064278488236362
t0v3,206,0.1377785251828807,0.14808643205158392
t0v3,207,0.3911542886360731,0.0
t0v3,208,0.3125874508905675,0.31281787750279755
t0v3,209,0.9559508682761542,0.9162695711368277
t0v3,210,0.9221598877980365,0.8941113394692163
t0v3,211,0.8681339004993527,0.8095046314941603
t0v3,212,0.8764241893076249,0.0
t0v3,213,0.6303785438994773,0.6259949783642289
t0v3,214,0.6702557200538358,0.8185397279885469
t0v3,215,0.2923200643345396,0.8225980568549838
t0v3,216,0.0,0.0
t0v3,217,0.9128244866330879,0.7665240133143129
t0v3,218,0.19469941822883,0.0
t0v3,219,0.1371301221391324,0.14989257512765422
t0v3,220,0.8126925752907266,0.8925663114346312
t0v3,221,0.74661886915431,0.9663652285806198
t0v3,222,0.8373392956959195,0.7896678966789668
t0v3,223,0.10557506584723442,0.0
t0v3,224,0.8049322372806043,0.9744151046654809
t0v3,225,0.513347921225383,0.6209357652656622
t0v3,226,0.8880868059877123,0.9403666510346761
t0v3,227,0.3276565914807637,0.5204081632653061
t0v3,228,0.834651417447378,0.9290535473226339
t0v3,229,0.9014105419450631,0.9405926352128884
t0v3,230,0.8587107631521183,0.9504440590677388
t0v3,231,0.9111696126363295,0.8937628512679918
t0v3,232,0.8270238788584741,0.8435061955025241
t0v3,233,0.8799153927506971,0.7774183449859126
t0v3,234,0.9628520071899341,0.9541538766214477
t0v3,235,0.4009009009009009,0.8253968253968254
t0v3,236,0.9023771059312254,0.8951029621780993
t0v3,237,0.7659902388903159,0.0
t0v3,238,0.9698233562315997,0.9597722490407229
t0v3,239,0.9427631578947369,0.925557461406518
t0v3,240,0.0030512134441158523,0.0
t0v3,241,0.24527503984906152,0.08733754177497215
t0v3,242,0.6580609064023659,0.5937791022536785
t0v3,243,0.9133676092544987,0.9711417816813049
t0v3,244,0.5867126833477135,0.9226255958929226
t0v3,245,0.948320793005707,0.9405469486730432
t0v3,246,0.9640773557015281,0.9974322251506343
t0v3,247,0.9457017498222431,0.9685532366466219
t0v3,248,0.05500334028382291,0.12007387792340729
t0v3,249,0.6411740945199946,0.82441200324412
t0v3,250,0.7869980138545754,0.7446830161799125
t0v3,251,0.3987304945781539,0.0
t0v3,252,0.7749889916336415,0.7125
t0v3,253,0.9701252810793447,0.9753726506804925
t0v3,254,0.3333333333333333,0.0
t0v3,255,0.11966853986093914,0.10870043245620464
t0v3,256,0.7749414902302292,0.7501802451333814
t0v3,257,0.9149131822361659,0.9097574123989218
t0v3,258,0.33385474860335196,0.4754910849199154
t0v3,259,0.995646053622287,0.9965346642547349
t0v3,260,0.7833622183708839,0.0
t0v3,261,0.6821018662282705,0.6650986179649188
t0v3,262,0.8277641945123607,0.8716117513390683
t0v3,263,0.05292812019805361,0.049132947976878616
t0v3,264,0.45255867763355995,0.3809841827768014
t0v3,265,0.9722017777274529,0.968907178783722
t0v3,266,0.07730267019123771,0.036797732567914875
t0v3,267,0.1327092058799376,0.0
t0v3,268,0.2483649027435658,0.9256544502617801
t0v3,269,0.6398589065255732,0.7061923583662714
t0v3,270,0.13114033158890012,0.08962701799962887
t0v3,271,0.8414083857580449,0.8287883430361216
t0v3,272,0.2965174129353234,0.4481764206955047
t0v3,273,0.6919546869484291,0.7642112101634966
t0v3,274,0.5624568668046929,0.6316638113473748
t0v3,275,0.8088415380847416,0.7236949986335064
t0v3,276,0.1245640259093174,0.1765928620478462
t0v3,277,0.445222103064853,0.6856349757113116
t0v3,278,0.7294017395392571,0.7906158006307069
t0v3,279,0.2743692078739092,0.0
t0v3,280,0.972544286884186,0.9855010295126974
t0v3,281,0.0,0.0
t0v3,282,0.3683310533515732,0.46710909302596343
t0v3,283,0.9297913117546849,0.9898861945550328
t0v3,284,0.6231060606060606,0.0
t0v3,285,0.9595744680851064,0.9180041315747656
t0v3,286,0.8669852185950967,0.9510927357952854
t0v3,287,0.7164953597445365,0.6362046348928727
t0v3,288,0.988981824905644,0.992717013319336
t0v3,289,0.8449428320140722,0.9439740775582732
t0v3,290,0.913211986261803,0.9616728256699179
t0v3,291,0.820720368308609,0.9923766158259935
t0v3,292,0.994431254673898,0.9976853191366241
t0v3,293,0.8577435178696566,0.0
t0v3,294,0.8569855333633679,0.8922212393985118
t0v3,295,0.9555182543013009,0.9582336306286708
t0v3,296,0.10867842011753451,0.09327174318775662
t0v3,297,0.6181160611540358,0.7229464100972481
t0v3,298,0.15481434864694776,0.0
t0v3,299,0.0173053152039555,0.0
t0v3,300,0.9577647823261858,0.9671052631578947
t0v3,301,0.8771878539847261,0.9716289497979038
t0v3,302,0.8628441912462863,0.9870758849617718
t0v3,303,0.6354714335786891,0.0
t0v3,304,0.24089388296193423,0.48761003032768696
t0v3,305,0.9490582191780822,0.9602260378178656
t0v3,306,0.9557088122605364,0.9446940356312936
t0v3,307,0.5232202649585093,0.4345959595959596
t0v3,308,0.884167237834133,0.8338489172737252
t0v3,309,0.8639586588150463,0.9127896692021935
t0v3,310,0.8437092731829574,0.8033790918690602
t0v3,311,0.23448649180650558,0.30115038292690743
t0v3,312,0.0,0.0
t0v3,313,0.9950223552664402,0.9953968314856726
t0v3,314,0.9901604798184471,0.9827195535951876
t0v3,315,0.958898182867032,0.8940697148030783
t0v3,316,0.9961446399532241,0.9957065938718316
t0v3,317,0.9823046134400674,0.9762005949851253
t0v3,318,0.4780655365477357,0.45428237902316043
t0v3,319,0.825035030359645,0.9075613319228251
t0v3,320,0.8938084953203743,0.9953525524653257
t0v3,321,0.7118957960367924,0.72534996026652
t0v3,322,0.6654528182393921,0.9674507008790687
t0v3,323,0.9028565482075029,0.8517817180237562
t0v3,324,0.9264424391577796,0.945245366096158
t0v3,325,0.9477350077830251,0.990576568624906
t0v3,326,0.9786006981332523,0.9733046946916232
t0v3,327,0.905171114126338,0.8505406606428677
t0v3,328,0.8442401960784314,0.9903263066705169
t0v3,329,0.7375518672199171,0.0
t0v3,330,0.610186909885028,0.7033048644634237
t0v3,331,0.9917915329740506,0.9956004677191651
t0v3,332,0.8526798601533182,0.9046926804386636
t0v3,333,0.34261742658689226,0.0
t0v3,334,0.9644638123904937,0.9755190579485591
t0v3,335,0.7418170694401958,0.9177625122669284
t0v3,336,0.8980123253189827,0.9028235503696446
t0v3,337,0.8473728106755629,0.9514304723885563
t0v3,338,0.8196581716440606,0.8247830525778458
t0v3,339,0.9983967801442227,0.9987326408679734
t0v3,340,0.13367552971513366,0.19635472507275234
t0v3,341,0.8395828710894164,0.7770034843205574
t0v3,342,0.9822430689337466,0.979447140746993
t0v3,343,0.8281033932560365,0.8967649096626339
t0v3,344,0.31963735688963796,0.5456986360219096
t0v3,345,0.7824868554305453,0.8473428427787033
t0v3,346,0.26255020080321284,0.4255872551410225
t0v3,347,0.9846319453165647,0.990535041017198
t0v3,348,0.8836134610367831,0.9795667561155835
t0v3,349,0.027060492945653058,0.041107116914079235
t0v3,350,0.2830262642101137,0.0
t0v3,351,0.7463414634146341,0.9101163200563976
t0v3,352,0.015622509166268133,0.014455779977756114
t0v3,353,0.39706687096421145,0.6649976819656931
t0v3,354,0.7219905922599957,0.8351002471848393
t0v3,355,0.0,0.0
t0v3,356,0.8226938167654724,0.8580425531914894
t0v3,357,0.9501433308976449,0.9232613908872902
t0v3,358,0.9465509365006852,0.9112717207442719
t0v3,359,0.9952588517362742,0.9900758468183603
t0v3,360,0.581573896353167,0.0
t0v3,361,0.49056305772723685,0.5017580872011251
t0v3,362,0.991166694688377,0.9864543695372667
t0v3,363,0.8460306566003203,0.0
t0v4,0,0.5268012612358228,0.3002889810277673
t0v4,1,0.9721885324745932,0.9708261617900172
t0v4,2,0.5600722673893406,0.0
t0v4,3,0.9276511397423192,0.8442622950819673
t0v4,4,0.9301170627882228,0.8907499048344119
t0v4,5,0.7089138315063108,0.722788003363543
t0v4,6,0.17804040126425724,0.0
t0v4,7,0.9906511532965911,0.9871073031415749
t0v4,8,0.61231718464351,0.3123543123543124
t0v4,9,0.05170357751277683,0.0
t0v4,10,0.8538289357661263,0.9179019384264538
t0v4,11,0.9647214375863934,0.9885356633822892
t0v4,12,0.43540187217559717,0.43415016663399336
t0v4,13,0.741036334723514,0.6884559719286555
t0v4,14,0.9470515568256236,0.9676435166599759
t0v4,15,0.6748316661586633,0.43107352157698453
t0v4,16,0.9517252573345417,0.9518561792978916
t0v4,17,0.9518622628250175,0.9435098282273774
t0v4,18,0.6130807931340634,0.5091761696685495
t0v4,19,0.9624429624429625,0.8445852306473965
t0v4,20,0.9149706015377658,0.8542816792913083
t0v4,21,0.9511705685618729,0.9265003371544167
t0v4,22,0.929602628014869,0.9857922903479938
t0v4,23,0.923585870059064,0.96955760856294
t0v4,24,0.4316701523752614,0.3901602585240388
t0v4,25,0.8682258984597833,0.0
t0v4,26,0.7170281725255547,0.8286489294165176
t0v4,27,0.8459869848156182,0.0
t0v4,28,0.07576747224036577,0.0
t0v4,29,0.8066795812437143,0.8523816791774778
t0v4,30,0.02535764850072903,0.009399855386840203
t0v4,31,0.9560585885486018,0.9870966580884338
t0v4,32,0.5661914460285132,0.8149078726968174
t0v4,33,0.9676956852905596,0.9967900899679009
t0v4,34,0.8191227205519961,0.9197897820280865
t0v4,35,0.9564142194744977,0.9749411008781323
t0v4,36,0.9947496277721182,0.9918413389648207
t0v4,37,0.965981621408082,0.9984699615777665
t0v4,38,0.7010324060797247,0.7196985555788151
t0v4,39,0.965785831536258,0.9530096358403204
t0v4,40,0.9633617859487853,0.9526479477857112
t0v4,41,0.5174616695059625,0.0
t0v4,42,0.9848971866901484,0.9980671247285096
t0v4,43,0.4146341463414634,0.4284424008539289
t0v4,44,0.49644568072940815,0.3975072579150738
t0v4,45,0.9950588098513767,0.996884412345759
t0v4,46,0.05132932272462643,0.0
t0v4,47,0.9898258320400068,0.9474436896675009
t0v4,48,0.936382252559727,0.9298570227081581
t0v4,49,0.9069708969765542,0.9589504739939796
t0v4,50,0.881588999236058,0.973491454482037
t0v4,51,0.978021978021978,0.9732210423532284
t0v4,52,0.7211417816813049,0.805171240644137
t0v4,53,0.7978580990629184,0.6878321678321678
t0v4,54,0.981417756366139,0.9716710238717696
t0v4,55,0.891115315615595,0.9610345486590364
t0v4,56,0.9032258064516129,0.8771224307417337
t0v4,57,0.922815224324899,0.8762278978388998
t0v4,58,0.8619546911501059,0.9575105459436327
t0v4,59,0.7498202923244855,0.6802477092498669
t0v4,60,0.584081570537209,0.0
t0v4,61,0.7882384389200748,0.8805990469707284
t0v4,62,0.5304703476482617,0.0
t0v4,63,0.9754208573118915,0.9251891286074531
t0v4,64,0.7995304770688354,0.3851715826925284
t0v4,65,0.8927467678945852,0.9961588400779052
t0v4,66,0.9835020102592541,0.9866852561868247
t0v4,67,0.9861273672697968,0.9903497730480223
t0v4,68,0.9330963902275736,0.981093033439682
t0v4,69,0.9681969026548672,0.9577602457585701
t0v4,70,0.9649910233393177,0.8128624143384291
t0v4,71,0.8355899419729207,0.0
t0v4,72,0.9162248144220573,0.9537684983365837
t0v4,73,0.6644918213563683,0.6076469651107217
t0v4,74,0.881375285460543,0.9116513697190499
t0v4,75,0.0,0.0
t0v4,76,0.4375,0.0
t0v4,77,0.9361523969018213,0.9573696455453674
t0v4,78,0.9465685394603004,0.9678086776608045
t0v4,79,0.9538080601092896,0.9753917536044178
t0v4,80,0.9414448669201521,0.0
t0v4,81,0.8526676087297849,0.8465196109592524
t0v4,82,0.9481558654494838,0.9945950299331537
t0v4,83,0.47940642035130226,0.8292512246326103
t0v4,84,0.01863708657885078,0.007635325277271975
t0v4,85,0.8454900349291145,0.9692307692307692
t0v4,86,0.8967055042185617,0.9765729834501268
t0v4,87,0.9215920294743397,0.8286715294928494
t0v4,88,0.8835074360039813,0.9320512820512821
t0v4,89,0.1919500929758263,0.7675891963987996
t0v4,90,0.00966798117287877,0.0
t0v4,91,0.9028508819043117,0.9462847310447509
t0v4,92,0.68019747668678,0.0
t0v4,93,0.32975130488179305,0.0
t0v4,94,0.08191947549216202,0.055812040896431846
t0v4,95,0.9550224887556222,0.9668337832626301
t0v4,96,0.9649247260975802,0.964858248440338
t0v4,97,0.9699424429759114,0.9610001068490224
t0v4,98,0.9738495844313805,0.9136412459720731
t0v4,99,0.7349270113805473,0.8360317927583162
t0v4,100,0.5211943923170328,0.4234531596951329
t0v4,101,0.9810420122549849,0.9911445446896425
t0v4,102,0.9656286234884877,0.9321982099978171
t0v4,103,0.9958914881069393,0.9975574825394334
t0v4,104,0.5352106555417944,0.5452227823164726
t0v4,105,0.4951084644831986,0.0
t0v4,106,0.4649683439853572,0.4254218930156179
t0v4,107,0.3976699029126214,0.0
t0v4,108,0.9576651699807569,0.9372937293729373
t0v4,109,0.10676835081029552,0.0
t0v4,110,0.938498789346247,0.914
t0v4,111,0.6490996925779534,0.7941665128299797
t0v4,112,0.4180088776157261,0.8400770712909441
t0v4,113,0.6522781774580336,0.7012641383898869
t0v4,114,0.9792592020393187,0.988344452112568
t0v4,115,0.9621486406424857,0.9896462027576123
t0v4,116,0.8098992553657468,0.9077786688051324
t0v4,117,0.23141452126120915,0.0
t0v4,118,0.855638857872069,0.979950788298551
t0v4,119,0.9112957039968707,0.9916510707921957
t0v4,120,0.8134213681419814,0.8855462346928936
t0v4,121,0.774221084080239,0.9030206677265501
t0v4,122,0.598154871302726,0.535785269454277
t0v4,123,0.6258992805755396,0.9235843870258383
t0v4,124,0.3410625183445847,0.0
t0v4,125,0.9054940404824036,0.9108499833191237
t0v4,126,0.9564479980616634,0.9561103156321982
t0v4,127,0.9669572268396514,0.9210219442383123
t0v4,128,0.758347245409015,0.747355057130766
t0v4,129,0.9685593618019709,0.9467570183930301
t0v4,130,0.00796671682747632,0.0
t0v4,131,0.8472359817713493,0.8287921919479463
t0v4,132,0.9458863087107282,0.9702708654481392
t0v4,133,0.9846504457403311,0.9911980276442174
t0v4,134,0.8814372383953346,0.8803105251946699
t0v4,135,0.9113001215066828,0.8520753336990309
t0v4,136,0.7213622291021672,0.0
t0v4,137,0.842277984551967,0.9447204550052829
t0v4,138,0.09711751662971176,0.0
t0v4,139,0.9807752179327521,0.9708181139782412
t0v4,140,0.9595156466554818,0.9406082559806807
t0v4,141,0.994116063531131,0.9937909690317371
t0v4,142,0.9813557064855507,0.9848991046371776
t0v4,143,0.7955978975032851,0.6855626490269979
t0v4,144,0.9673046684378898,0.9599338660788096
t0v4,145,0.9457635312273395,0.9558402741074195
t0v4,146,0.9514391665195127,0.916720109940449
t0v4,147,0.517829457364341,0.7502837684449489
t0v4,148,0.9711244576484921,0.9766248090955371
t0v4,149,0.9106511862695609,0.871866295264624
t0v4,150,0.9762906846240179,0.9860642919200695
t0v4,151,0.9196865817825661,0.8647754959972155
t0v4,152,0.7841346153846154,0.0
t0v4,153,0.5959475566150179,0.0
t0v4,154,0.889727463312369,0.0
t0v4,155,0.5947479183822857,0.559190732273578
t0v4,156,0.36426131603256784,0.32804902869807095
t0v4,157,0.9755635537033529,0.9375370626606049
t0v4,158,0.9545105664432277,0.8682203844914617
t0v4,159,0.9762119683534222,0.9714230376448216
t0v4,160,0.14754043465157554,0.16002613264130228
t0v4,161,0.18309577121220397,0.13726120795008684
t0v4,162,0.34690009637006103,0.13129355644169494
t0v4,163,0.8611734530298173,0.8223242670434475
t0v4,164,0.9277318241184154,0.9531780140239765
t0v4,165,0.4250783699059561,0.0
t0v4,166,0.9550735067338336,0.8291475061903077
t0v4,167,0.6874309697371328,0.30665250555180074
t0v4,168,0.9307554901754754,0.858155190740522
t0v4,169,0.9712165279309999,0.9855661130050047
t0v4,170,0.9299800878317558,0.9022552387038368
t0v4,171,0.9843153878762188,0.996407716288712
t0v4,172,0.2369010300044783,0.0
t0v4,173,0.8819111820708415,0.8228418979864066
t0v4,174,0.7419354838709677,0.7510330578512396
t0v4,175,0.9234168418801896,0.9497806559431794
t0v4,176,0.6296214788732394,0.6088383838383838
t0v4,177,0.9645569620253165,0.9630383907676368
t0v4,178,0.6968933669185559,0.0
t0v4,179,0.964390448261416,0.9221293444786626
t0v4,180,0.1354649312064514,0.0
t0v4,181,0.9668960996394624,0.8364451082897685
t0v4,182,0.3900886565128438,0.0
t0v4,183,0.17161170317316496,0.16185588859978625
t0v4,184,0.31821006836544435,0.0
t0v4,185,0.9565024411895251,0.9429785330948122
t0v4,186,0.08071251123209472,0.0
t0v4,187,0.958739323950439,0.8376787216148024
t0v4,188,0.9652630049020255,0.9761111839517503
t0v4,189,0.3802992518703242,0.0
t0v4,190,0.8850695631591405,0.8203059805285118
t0v4,191,0.9617337461300309,0.909541511771995
t0v4,192,0.9878336478835266,0.9858831863183283
t0v4,193,0.6247221216977717,0.8244411136269414
t0v4,194,0.28761874975565893,0.26557975326272365
t0v4,195,0.6602248173055913,0.7227480376567982
t0v4,196,0.1767995526084525,0.14556395868911118
t0v4,197,0.8022792022792022,0.941181785327069
t0v4,198,0.7392197125256673,0.0
t0v4,199,0.7497331226781673,0.8457502623294858
t0v4,200,0.9672316384180791,0.9316037735849056
t0v4,201,0.6775124930594114,0.8729900120422186
t0v4,202,0.41865438394472776,0.0
t0v4,203,0.2916653790290182,0.004818086354932361
t0v4,204,0.9344744584113399,0.0
t0v4,205,0.12334849764362962,0.0
t0v4,206,0.11449377170503904,0.1231189127549399
t0v4,207,0.8552372290435046,0.0
t0v4,208,0.33644042752302616,0.3856119633811493
t0v4,209,0.8487524839920513,0.8016350084154845
t0v4,210,0.8088511310876223,0.6801019788758043
t0v4,211,0.8711586180568811,0.7855188381393391
t0v4,212,0.8172043010752689,0.0
t0v4,213,0.8193157779560872,0.936990105884395
t0v4,214,0.9454183266932271,0.9119042706828966
t0v4,215,0.12367352286126032,0.0
t0v4,216,0.38159675236806495,0.0
t0v4,217,0.9021207177814029,0.0
t0v4,218,0.6622359363873724,0.0
t0v4,219,0.4280849766212645,0.704153587188936
t0v4,220,0.5909904748263267,0.3259739152672406
t0v4,221,0.965987837646726,0.9680544931337195
t0v4,222,0.8927875243664717,0.0
t0v4,223,0.6391459074733096,0.0
t0v4,224,0.9691582491582491,0.9737278761061947
t0v4,225,0.5188945290468133,0.5382945736434108
t0v4,226,0.44470681470818946,0.18579685418244207
t0v4,227,0.5206229676536026,0.0
t0v4,228,0.8835066473608003,0.9086963261509844
t0v4,229,0.7308078502966682,0.39021535580524347
t0v4,230,0.5614054350809772,0.8229310344827586
t0v4,231,0.8463109731187188,0.8153643257500824
t0v4,232,0.9039039039039038,0.8054886856042369
t0v4,233,0.6915048816070026,0.17294303797468355
t0v4,234,0.8620291194823203,0.826874625074985
t0v4,235,0.8733333333333333,0.0
t0v4,236,0.8155622392548754,0.8078003285464469
t0v4,237,0.23922114047287898,0.0
t0v4,238,0.7559959349593496,0.9322033898305084
t0v4,239,0.9480122324159022,0.8546739984289081
t0v4,240,0.005543462782513172,0.007271145654568577
t0v4,241,0.015040449694253485,0.0
t0v4,242,0.7062305756992748,0.6487343127596693
t0v4,243,0.8048276957281245,0.614734415522044
t0v4,244,0.8841607565011821,0.8866380989481886
t0v4,245,0.3223399133365431,0.29475939996103645
t0v4,246,0.8813975271637318,0.8792007611798287
t0v4,247,0.97080588474241,0.95331089060049
t0v4,248,0.13452914798206278,0.5031868500503187
t0v4,249,0.7440225035161744,0.736
t0v4,250,0.5579998964749728,0.0
t0v4,251,0.020117120220461592,0.0
t0v4,252,0.7740086000955566,0.6606382978723404
t0v4,253,0.8381991814461118,0.9378151260504202
t0v4,254,0.8548473486877344,0.0
t0v4,255,0.08982430453879942,0.10218817900489433
t0v4,256,0.7645206438068579,0.7363510711817554
t0v4,257,0.9500696702275894,0.9338145410093719
t0v4,258,0.5968715359034363,0.7046549806704443
t0v4,259,0.9874092434578516,0.9954760996348176
t0v4,260,0.09163457094438453,0.0
t0v4,261,0.5307845425217929,0.5260153375288008
t0v4,262,0.578712918206805,0.42883278448591294
t0v4,263,0.8550411077455647,0.7604049493813273
t0v4,264,0.10784511722694476,0.005340730313819657
t0v4,265,0.9703785287809402,0.9679378613560707
t0v4,266,0.09358165307064799,0.04038113657393899
t0v4,267,0.002760453941314794,0.0
t0v4,268,0.8178137651821862,0.9011152416356877
t0v4,269,0.4339856328957146,0.0
t0v4,270,0.05672268907563025,0.0
t0v4,271,0.7282326875029463,0.5746989258977976
t0v4,272,0.4969233327789789,0.7912013536379019
t0v4,273,0.33313172855933226,0.8542345276872965
t0v4,274,0.7509327303561334,0.920348570554961
t0v4,275,0.530016999194775,0.0
t0v4,276,0.17097865800223802,0.11517775597875723
t0v4,277,0.4325336055810788,0.0
t0v4,278,0.9437359722505612,0.9824620216313495
t0v4,279,0.11068000816826629,0.0
t0v4,280,0.7003796841468112,0.689620253164557
t0v4,281,0.015238095238095238,0.0
t0v4,282,0.6305123447980591,0.7962226640159046
t0v4,283,0.8931245745405038,0.9154357136613932
t0v4,284,0.7686011904761905,0.0
t0v4,285,0.9255301102629346,0.8969949916527545
t0v4,286,0.8512187607942717,0.9324807385298813
t0v4,287,0.4415940736676041,0.32155925621686204
t0v4,288,0.9948430985297345,0.9941445944609841
t0v4,289,0.7166204581934918,0.8516873889875666
t0v4,290,0.8681711248584125,0.9874101073785834
t0v4,291,0.9612315990560737,0.9962478494770475
t0v4,292,0.6678806798473812,0.5823067849633314
t0v4,293,0.8275613275613276,0.0
t0v4,294,0.9413735343383585,0.9957088570593394
t0v4,295,0.9705364995602462,0.9542367219686004
t0v4,296,0.934660541092394,0.8020154119739182
t0v4,297,0.7833333333333333,0.0
t0v4,298,0.2937192118226601,0.0
t0v4,299,0.0,0.0
t0v4,300,0.7956469165659008,0.0
t0v4,301,0.8968423587489841,0.9371907359102047
t0v4,302,0.9482097002221646,0.9928880940917533
t0v4,303,0.0,0.0
t0v4,304,0.06426692965154504,0.0
t0v4,305,0.886039886039886,0.9554545454545454
t0v4,306,0.9499358151476252,0.9178059627738429
t0v4,307,0.4403929403929404,0.0
t0v4,308,0.650744591177297,0.0
t0v4,309,0.8677456062713365,0.8395757819841589
t0v4,310,0.5760066880312108,0.0
t0v4,311,0.941270157276528,0.8745347054959492
t0v4,312,0.034498549839719124,0.0
t0v4,313,0.9728873156156133,0.9774570765296703
t0v4,314,0.9915931958965619,0.9867025201265802
t0v4,315,0.9516176907094093,0.8373828675677917
t0v4,316,0.9974759536953656,0.9966508425061297
t0v4,317,0.9646825833425019,0.8906767628963559
t0v4,318,0.2664520949479855,0.1459919048952473
t0v4,319,0.9423584217320536,0.9348035057958722
t0v4,320,0.6359824330694985,0.6266516797801923
t0v4,321,0.7258213079521032,0.6749727056707983
t0v4,322,0.3239673297119856,0.39701090010113493
t0v4,323,0.9255847708368224,0.8369319608335426
t0v4,324,0.5776031434184676,0.0
t0v4,325,0.8395679980692651,0.8874978264649627
t0v4,326,0.8905038759689923,0.8541666666666666
t0v4,327,0.9616211237334971,0.901141924959217
t0v4,328,0.943636106794745,0.9730330419321381
t0v4,329,0.0328719723183391,0.0
t0v4,330,0.9722450657894737,0.9752464862597021
t0v4,331,0.9941157742061012,0.9929355957228743
t0v4,332,0.6968939617566992,0.6998602468094083
t0v4,333,0.22933044185416102,0.20262840986439082
t0v4,334,0.9828341528833259,0.9862261433201296
t0v4,335,0.8148202602367125,0.9345708267509215
t0v4,336,0.9188617573543549,0.7816711590296496
t0v4,337,0.967630722083892,0.9427416970533162
t0v4,338,0.8754087420754088,0.8126805314846909
t0v4,339,0.9986831496909433,0.9993283722429681
t0v4,340,0.11716316199376947,0.0
t0v4,341,0.862992125984252,0.750258531540848
t0v4,342,0.9654135338345865,0.9732812969078355
t0v4,343,0.8332547169811321,0.894242324920791
t0v4,344,0.5157584226051856,0.5526919588068939
t0v4,345,0.743435495673884,0.770224014997525
t0v4,346,0.3669216397055301,0.6344045147518933
t0v4,347,0.9627682230087976,0.9739177178638753
t0v4,348,0.872769835298052,0.9470258753422719
t0v4,349,0.0017581859870764267,0.0020296884944183565
t0v4,350,0.9082872928176795,0.0
t0v4,351,0.8227129337539432,0.8409603395675819
t0v4,352,0.016795123250909254,0.01469514219320571
t0v4,353,0.7968325791855203,0.9475794901174449
t0v4,354,0.8395873276727838,0.7558639562157936
t0v4,355,0.0,0.0
t0v4,356,0.7829579509994747,0.7954961552544856
t0v4,357,0.9417593179330607,0.9257422854809543
t0v4,358,0.9435980551053484,0.9005497251374313
t0v4,359,0.9944807704359815,0.9930922728677508
t0v4,360,0.05420054200542006,0.0
t0v4,361,0.2605046166000099,0.23429463098884587
t0v4,362,0.982711244921839,0.9849581735111995
t0v4,363,0.9531518273240127,0.0
t1v0,0,0.021917052914520046,0.0
t1v0,1,0.7569704957923553,0.7893340932006488
t1v0,2,0.8545902160101652,0.8757650096836669
t1v0,3,0.5226775101657805,0.910320493972361
t1v0,4,0.1325270019060169,0.06605196982397318
t1v0,5,0.4951549355766159,0.9001766784452296
t1v0,6,0.8372196313568732,0.9574123989218328
t1v0,7,0.9400531405068974,0.995227423156868
t1v0,8,0.46636678913573465,0.22216853887345492
t1v0,9,0.9578673927236863,0.9959351357606793
t1v0,10,0.9902726715686274,0.9931526445287914
t1v0,11,0.8566749072929543,0.9286803208059919
t1v0,12,0.9825176765714666,0.9885650397954326
t1v0,13,0.9417420948569749,0.9786073361395069
t1v0,14,0.9460472697636512,0.9257085359718262
t1v0,15,0.9947932644076509,0.9858959461623423
t1v0,16,0.2009199247334309,0.8112162886229684
t1v0,17,0.7752398355413431,0.7209181011997914
t1v0,18,0.9327146171693735,0.9308045018757816
t1v0,19,0.5654274915075834,0.5875529261643756
t1v0,20,0.767336405529954,0.9028966202334454
t1v0,21,0.385546418571838,0.4269140358415691
t1v0,22,0.7443204202232436,0.6838054187192119
t1v0,23,0.1170070536167074,0.12399445214979196
t1v0,24,0.8734809027777778,0.7711729378600318
t1v0,25,0.8060414711152829,0.8663068996005976
t1v0,26,0.9418501053912515,0.9988523348989541
t1v0,27,0.8506855996964934,0.8341522306763625
t1v0,28,0.9200343938091143,0.9067017082785808
t1v0,29,0.2712910573884929,0.6266592480724903
t1v0,30,0.924388318863457,0.8972462627852085
t1v0,31,0.012433330783619712,0.016289925504364228
t1v0,32,0.9784108392476053,0.9880042541614108
t1v0,33,0.9028719872997547,0.9055960316230042
t1v0,34,0.9037509440295376,0.9377911756645656
t1v0,35,0.9593862519562671,0.9853371182208183
t1v0,36,0.0,0.0
t1v0,37,0.3158924205378973,0.0
t1v0,38,0.7718975585084372,0.9076338400528751
t1v0,39,0.9549271229404309,0.9667849595278919
t1v0,40,0.6930379746835443,0.0
t1v0,41,0.9686441718867892,0.9815127789466422
t1v0,42,0.1387164573048536,0.0
t1v0,43,0.6270270270270271,0.7648731408573928
t1v0,44,0.9227373068432672,0.9734939759036144
t1v0,45,0.9624277456647399,0.955331591389822
t1v0,46,0.9213483146067416,0.0
t1v0,47,0.7093652149160262,0.7318304172274562
t1v0,48,0.8593322386425835,0.9430177784531226
t1v0,49,0.9501812436100009,0.958652304496082
t1v0,50,0.988445396000068,0.9923261431827299
t1v0,51,0.8466396761133603,0.8182606541129831
t1v0,52,0.052772078452136696,0.0
t1v0,53,0.9639093317633206,0.9584123222748815
t1v0,54,0.8664526102984897,0.9487179487179487
t1v0,55,0.7995956532726813,0.9000296647878968
t1v0,56,0.8307743306161195,0.9383630965768521
t1v0,57,0.14819054159751235,0.24095030575665988
t1v0,58,0.8603076923076923,0.9121319199057715
t1v0,59,0.8112721853407397,0.7475185696443831
t1v0,60,0.25544581247463133,0.0
t1v0,61,0.46634151874326546,0.4705055282162715
t1v0,62,0.29491446706401425,0.16055177699013315
t1v0,63,0.8845419847328244,0.8882604970008569
t1v0,64,0.9897195893564986,0.9923238410785182
t1v0,65,0.1675986020968547,0.1120694316768507
t1v0,66,0.0,0.0
t1v0,67,0.9117733844791974,0.8843968421581938
t1v0,68,0.8158713692946058,0.7273045247861617
t1v0,69,0.0526720492118416,0.0
t1v0,70,0.14915416618616328,0.0
t1v0,71,0.7540415058454998,0.7512102515424774
t1v0,72,0.17512437810945275,0.0
t1v0,73,0.8359768077052087,0.8182659072099703
t1v0,74,0.8848750228060573,0.9073010664479081
t1v0,75,0.005834761947727751,0.00933125972006221
t1v0,76,0.4305998261373515,0.6967257112184648
t1v0,77,0.0,0.0
t1v0,78,0.8866298342541437,0.8193943197865997
t1v0,79,0.1650586160390082,0.16882706291495417
t1v0,80,0.8904868913857678,0.9276056820126647
t1v0,81,0.3459675121117127,0.2770976410868916
t1v0,82,0.8947045593948068,0.9542157751586582
t1v0,83,0.964186336595663,0.9822824387701928
t1v0,84,0.9744127156468289,0.9813927819528381
t1v0,85,0.8402617901828682,0.8644703290734342
t1v0,86,0.9769619317481828,0.9777272390181198
t1v0,87,0.9930135469029565,0.9955176003229027
t1v0,88,0.2848858673630183,0.3019755904820441
t1v0,89,0.9270577087774923,0.9721100278551532
t1v0,90,0.0,0.0
t1v0,91,0.9910821579912719,0.9884482704054183
t1v0,92,0.27059676250302006,0.0
t1v0,93,0.7558759009714823,0.5829106515801795
t1v0,94,0.8731997495303695,0.5452890304961311
t1v0,95,0.966501023092663,0.9895886670080218
t1v0,96,0.8454231433506045,0.7998111425873465
t1v0,97,0.9297181591152337,0.896674463541137
t1v0,98,0.9041029376062151,0.8478260869565217
t1v0,99,0.31531665526370584,0.29004028337269067
t1v0,100,0.0,0.0
t1v0,101,0.2755020080321285,0.0
t1v0,102,0.7180120481927711,0.7323022250938901
t1v0,103,0.7380669942947523,0.7986352357320099
t1v0,104,0.8947156111335216,0.8854767726161369
t1v0,105,0.6277777777777778,0.0
t1v0,106,0.9092645654250239,0.819672131147541
t1v0,107,0.011860781644954306,0.0
t1v0,108,0.8850009828975821,0.8373172618805229
t1v0,109,0.37907327180259937,0.31970890592432966
t1v0,110,0.013701590045375396,0.019570821684034713
t1v0,111,0.9419014084507042,0.8977383592017738
t1v0,112,0.9287365701074392,0.9106040640821139
t1v0,113,0.2632128409239201,0.0
t1v0,114,0.27299839412709337,0.0
t1v0,115,0.8776313200865631,0.967571812197652
t1v0,116,0.937536899279726,0.9285899094437258
t1v0,117,0.6511627906976745,0.9144869215291751
t1v0,118,0.969623518423803,0.9907386196288903
t1v0,119,0.005966148591686302,0.0
t1v0,120,0.996637822911287,0.9955810544300193
t1v0,121,0.522786160646243,0.4307234517388879
t1v0,122,0.6928728875826599,0.7748530539228213
t1v0,123,0.9800405829182808,0.9731621500224584
t1v0,124,0.5737187592773814,0.5393171530605282
t1v0,125,0.6355918797785394,0.8800708069036731
t1v0,126,0.2563330496825293,0.49368443588096766
t1v0,127,0.8521972979318293,0.9051180923885942
t1v0,128,0.9357712142522269,0.9068384539147671
t1v0,129,0.0,0.0
t1v0,130,0.8782661110674319,0.9747467033246779
t1v0,131,0.9736776134369516,0.9558521560574949
t1v0,132,0.9735613505635946,0.9967177021895451
t1v0,133,0.9787317263971056,0.965602573620391
t1v0,134,0.3122930463576159,0.36243287123766704
t1v0,135,0.9199203942380592,0.8817267888823181
t1v0,136,0.6762691377921032,0.8706529302941326
t1v0,137,0.8519582085904565,0.8429019752630608
t1v0,138,0.5544218358365075,0.6541722014249487
t1v0,139,0.9502088017989078,0.9360377763468556
t1v0,140,0.9184668071654373,0.9354925053533191
t1v0,141,0.8554278854398902,0.8628888262381356
t1v0,142,0.9193669932177845,0.7681744749596123
t1v0,143,0.968934946976834,0.9866031485019224
t1v0,144,0.8014994644769725,0.8029739776951673
t1v0,145,0.9829555197366164,0.9783841369119214
t1v0,146,0.3013724562233791,0.5908904390644235
t1v0,147,0.5202931576030054,0.0
t1v0,148,0.9597628123676408,0.9555555555555556
t1v0,149,0.9795537614803382,0.9930974545819197
t1v0,150,0.5474122959360889,0.0
t1v0,151,0.954021177911963,0.9986914069053451
t1v0,152,0.7201317097046914,0.6668790925167684
t1v0,153,0.5749249595936273,0.0
t1v0,154,0.27015113350125947,0.6525821596244131
t1v0,155,0.8145571313888146,0.8857187160800124
t1v0,156,0.9808182590749059,0.974863253641448
t1v0,157,0.9182290490173932,0.9867702527726172
t1v0,158,0.7046242774566474,0.8125105663567203
t1v0,159,0.2842379154908931,0.7870279376667134
t1v0,160,0.8199233716475096,0.8665576657024273
t1v0,161,0.7268588770864947,0.0
t1v0,162,0.8982217177449867,0.8665280665280666
t1v0,163,0.8856166084149811,0.9570234352672192
t1v0,164,0.7353497164461248,0.0
t1v0,165,0.8280279885680497,0.8885160696075529
t1v0,166,0.9798829553767374,0.9541446208112875
t1v0,167,0.8989454609988698,0.963580816542283
t1v0,168,0.9516979869514304,0.9715888410730725
t1v0,169,0.9671350687245642,0.958614639356143
t1v0,170,0.012539789717372431,0.0
t1v0,171,0.3553504470723969,0.5002307337332718
t1v0,172,0.9293129016312407,0.9240368963646229
t1v0,173,0.191622946589834,0.09048962365238689
t1v0,174,0.5903457273320287,0.0
t1v0,175,0.8242703160954342,0.7914378432351473
t1v0,176,0.8592510734307192,0.9232074763508185
t1v0,177,0.9401119180854863,0.907309905718134
t1v0,178,0.7654597486624363,0.6191446028513238
t1v0,179,0.44094038878533115,0.9223285358205355
t1v0,180,0.7350725049758317,0.9068006829676879
t1v0,181,0.9960600769701901,0.998866917650499
t1v0,182,0.889766890557092,0.8318602474784236
t1v0,183,0.31159175397093614,0.30492119652621424
t1v0,184,0.006257589189269724,0.008221170255390505
t1v0,185,0.05297250611774867,0.5865470852017938
t1v0,186,0.7685538281020827,0.8533061363250043
t1v0,187,0.927831715210356,0.9157496561210454
t1v0,188,0.9452338811630847,0.9573055028462998
t1v0,189,0.9632533072023518,0.9687241436372662
t1v0,190,0.43742017879948913,0.0
t1v0,191,0.8117141492917396,0.9089994466522461
t1v0,192,0.934044015455809,0.9741428957606102
t1v0,193,0.32524271844660196,0.7826352797309691
t1v0,194,0.130716934487021,0.1605872906629961
t1v0,195,0.6226504277678867,0.8653742211162895
t1v0,196,0.8854792412629835,0.9233736178966315
t1v0,197,0.3953854221289984,0.8902281532501076
t1v0,198,0.585951288386869,0.980060422960725
t1v0,199,0.0412532637075718,0.04240896477217362
t1v0,200,0.9307390736169595,0.9087677725118484
t1v0,201,0.9794308109581219,0.979905698364659
t1v0,202,0.9889830061220182,0.9905503348667741
t1v0,203,0.8442092384732477,0.8840638748574222
t1v0,204,0.9463996185026228,0.9590823319098222
t1v0,205,0.7838662552949073,0.8302330205904153
t1v0,206,0.9539714867617108,0.9406236651003844
t1v0,207,0.9396431023873436,0.9936924152246204
t1v0,208,0.8605837683910773,0.8633331365487927
t1v0,209,0.30892790437056405,0.2862104897533866
t1v0,210,0.6975811352862525,0.7285968901726999
t1v0,211,0.5230677052127022,0.0
t1v0,212,0.9167550371155886,0.8409687773562883
t1v0,213,0.2680649854510184,0.2834681727980461
t1v0,214,0.2923219650114861,0.2751613574849053
t1v0,215,0.8737525932431819,0.9329376328844791
t1v0,216,0.13240153081841735,0.1130535139403511
t1v0,217,0.8859465511366402,0.899657809983897
t1v0,218,0.77168622127412,0.8662185562403412
t1v0,219,0.6707704023353217,0.6524488388135203
t1v0,220,0.9644670050761421,0.9473684210526315
t1v0,221,0.965601145038168,0.9862036969208605
t1v0,222,0.9144964078474717,0.996154669795071
t1v0,223,0.5186980609418282,0.0
t1v0,224,0.8158128917434032,0.8891226479256404
t1v0,225,0.8914672816373594,0.9126747991669146
t1v0,226,0.9032513190947676,0.926188553454945
t1v0,227,0.4664785199121982,0.4947476643869295
t1v0,228,0.005829539168546019,0.0022137387336510876
t1v0,229,0.9575052157680904,0.9519924236905369
t1v0,230,0.9442241607190061,0.9095969891798651
t1v0,231,0.9526050420168067,0.9401499324075212
t1v0,232,0.4950633837152609,0.3985352862849534
t1v0,233,0.7410656570320436,0.7867920402361688
t1v0,234,0.28805546801134574,0.6900328587075575
t1v0,235,0.8789185709687801,0.9862145183806421
t1v0,236,0.9591085737868419,0.9258580590598351
t1v0,237,0.6894941634241245,0.48855504689097295
t1v0,238,0.7324965132496514,0.3977485928705441
t1v0,239,0.917224619352279,0.8954504368785778
t1v0,240,0.11953117432436795,0.8649060436769934
t1v0,241,0.8914388345639593,0.8456898229227476
t1v0,242,0.9825755981867911,0.9775626248655295
t1v0,243,0.9005385996409335,0.9540027402622823
t1v0,244,0.9683644802736044,0.9905232919714514
t1v0,245,0.8445431893320114,0.9322731976261467
t1v0,246,0.7956440125876443,0.8436120720505785
t1v0,247,0.17392470714477332,0.0
t1v0,248,0.9834961819525413,0.9759461456366473
t1v0,249,0.5735254145148138,0.8023317435082141
t1v0,250,0.14536942209217263,0.07464048167990844
t1v0,251,0.8934412687923344,0.8381742738589212
t1v0,252,0.0019095196304404433,0.0
t1v0,253,0.0,0.0
t1v0,254,0.9050468555944451,0.7627698788836229
t1v0,255,0.554016620498615,0.0
t1v0,256,0.9233664435680505,0.9154869992515213
t1v0,257,0.9840839470768429,0.9694917943902988
t1v0,258,0.8864337101747174,0.9313897964312642
t1v0,259,0.7569504583868367,0.7319352547568315
t1v0,260,0.9450649646683382,0.9498262824443082
t1v0,261,0.7906348721084276,0.8708970554667884
t1v0,262,0.9303000968054211,0.8883287118729518
t1v0,263,0.5383552176917761,0.8267133154970159
t1v0,264,0.6994760094523785,0.7360857386432834
t1v0,265,0.9911826381344585,0.9863727303612547
t1v0,266,0.8690326790823754,0.8311778750497414
t1v0,267,0.07160032059845044,0.0
t1v0,268,0.8836889194769443,0.8293279608576773
t1v0,269,0.24504015006606972,0.25776142191598483
t1v0,270,0.45615162222936073,0.8174242424242424
t1v0,271,0.8017572762218561,0.0
t1v0,272,0.6163280950555768,0.8732227488151659
t1v0,273,0.760337552742616,0.8695652173913043
t1v0,274,0.43687134063954364,0.854807063440157
t1v0,275,0.8836987607244995,0.8052723203183287
t1v0,276,0.9865297009695633,0.9954380520132075
t1v0,277,0.5996544383668871,0.7306638199156239
t1v0,278,0.8842433361994841,0.8717126363053239
t1v0,279,0.2312238100354572,0.0
t1v0,280,0.07234688173760281,0.0
t1v0,281,0.926208651399491,0.9032707028531664
t1v0,282,0.9708488805970149,0.8817342226782966
t1v0,283,0.7398039835599115,0.0
t1v0,284,0.42024720423778694,0.42460082791247783
t1v0,285,0.03038747346072187,0.0
t1v0,286,0.28105317501290655,0.523114956736712
t1v0,287,0.9791098322059868,0.9693735673217843
t1v0,288,0.5735126312596595,0.9174639208691422
t1v0,289,0.8578812969124816,0.9933902710731526
t1v0,290,0.0,0.0
t1v0,291,0.8554502988073801,0.9045557960157594
t1v0,292,0.9290982989613127,0.9338665026145802
t1v0,293,0.9795411369282478,0.9806955496610669
t1v0,294,0.9434306569343066,0.851461038961039
t1v0,295,0.0014417878168929473,0.0
t1v0,296,0.13162575595873355,0.11855021394412282
t1v0,297,0.7346462436177972,0.8573526711951533
t1v0,298,0.6754459432970401,0.678431862386467
t1v0,299,0.634494582798757,0.5661276856106717
t1v0,300,0.4246139257653752,0.0
t1v0,301,0.8682418050234142,0.9355065666041276
t1v0,302,0.9752359537264416,0.9798301486199575
t1v0,303,0.6026221139343312,0.92
t1v0,304,0.9180831589958159,0.9632668518050997
t1v0,305,0.5971812080536912,0.5942130276768242
t1v0,306,0.8474625990026401,0.8037061331584126
t1v0,307,0.9941054939494877,0.995136956612928
t1v0,308,0.5877834221286086,0.0
t1v0,309,0.8374760994263862,0.44311512415349885
t1v0,310,0.9620609842004629,0.9485166683657865
t1v0,311,0.7259678560598403,0.8514046622833233
t1v0,312,0.815836050302748,0.9180254634800089
t1v0,313,0.9740470397404704,0.9775084728355756
t1v0,314,0.9918005903574942,0.9949349952150877
t1v0,315,0.6589847399563998,0.6986604542807222
t1v0,316,0.5979594472426708,0.6309025702331141
t1v0,317,0.8564265591481223,0.8739090064995357
t1v0,318,0.0,0.0
t1v0,319,0.9198622273249139,0.9068901303538175
t1v0,320,0.6763636363636364,0.0
t1v0,321,0.8706675224646984,0.8059701492537313
t1v0,322,0.9735642505879838,0.994694672114027
t1v0,323,0.9106942306892393,0.9593764572646726
t1v0,324,0.22330055761290596,0.2573509281060067
t1v0,325,0.13393877084761252,0.1436321673710398
t1v0,326,0.7088753975137323,0.8609381486093814
t1v0,327,0.9696643331538324,0.9670973917205073
t1v0,328,0.7138693866737316,0.8053723089077622
t1v0,329,0.9302953837019445,0.9955679143573001
t1v0,330,0.8497143982666929,0.7910100286532952
t1v0,331,0.5168018539976825,0.8395792241946088
t1v0,332,0.7660099263047074,0.786410635155096
t1v0,333,0.4859913793103448,0.514866979655712
t1v0,334,0.8625897129186603,0.8105709726384618
t1v0,335,0.9652568318403447,0.9974684693889135
t1v0,336,0.7564510427712973,0.0
t1v0,337,0.9375342966892263,0.9453777655375012
t1v0,338,0.9752887456352404,0.9711029711029711
t1v0,339,0.7785406627148279,0.7552492240277524
t1v0,340,0.9887361143478599,0.9884003935580757
t1v0,341,0.7325361862806796,0.6136396370445053
t1v0,342,0.8587818457904505,0.8438332617103567
t1v0,343,0.289545616606584,0.12472586177810269
t1v0,344,0.9489696598904308,0.9910687056158236
t1v0,345,0.4806649801228768,0.4864108418649186
t1v0,346,0.9264512533226626,0.9804314867240015
t1v0,347,0.66522885214474,0.0
t1v0,348,0.19750020246740274,0.14307981041447976
t1v0,349,0.09447037194173384,0.0
t1v0,350,0.22062780269058296,0.9165020650026935
t1v0,351,0.9631730651294003,0.9784769460490792
t1v0,352,0.8184198103085705,0.8967125622281025
t1v0,353,0.7673216132368149,0.0
t1v0,354,0.7500859401856308,0.8328639253238915
t1v0,355,0.9713102632357291,0.9687215305192833
t1v0,356,0.7516408176915681,0.7014770314829035
t1v0,357,0.7953242767522679,0.9256699814596325
t1v0,358,0.4962160903481197,0.5862623478061108
t1v0,359,0.05166810955947855,0.06369978462402846
t1v0,360,0.7123834030234802,0.7510064319096756
t1v0,361,0.1939944192245221,0.8592086764410524
t1v0,362,0.9971061366924845,0.996965399886557
t1v0,363,0.16346775932715119,0.0
t1v2,0,0.03382949145246945,0.0
t1v2,1,0.7706072847461022,0.8978554123171717
t1v2,2,0.869155520063885,0.8346745192764381
t1v2,3,0.7178058710092137,0.8953800298062593
t1v2,4,0.20043233895373974,0.1803692905733722
t1v2,5,0.4117438981252211,0.8879310344827587
t1v2,6,0.9579657498702646,0.943002408348943
t1v2,7,0.691580541303421,0.7312267983981761
t1v2,8,0.2501625674176644,0.12713625376362325
t1v2,9,0.9407689265305565,0.996647883253865
t1v2,10,0.9936723423838012,0.9944136215802564
t1v2,11,0.683240439269356,0.8984673090603376
t1v2,12,0.6157737778251144,0.18954350370659384
t1v2,13,0.9716394248152715,0.9968230325427052
t1v2,14,0.9263716814159292,0.7704849498327759
t1v2,15,0.9813863053735743,0.9777029801176437
t1v2,16,0.15634752052028428,0.1715569739798743
t1v2,17,0.9618258937588366,0.9588581024349286
t1v2,18,0.6877802690582959,0.9299857113696672
t1v2,19,0.6996995155454713,0.8831755406931295
t1v2,20,0.6495959435905562,0.9093224432441926
t1v2,21,0.4049577309904007,0.4211265134234076
t1v2,22,0.8889944200403657,0.8785925329035724
t1v2,23,0.1433408577878104,0.8377007607776839
t1v2,24,0.8566692452204664,0.0
t1v2,25,0.7570040638372312,0.8061233216454289
t1v2,26,0.9648432236146869,0.9989129652045992
t1v2,27,0.8289159078190975,0.8246318607764391
t1v2,28,0.9238799478033928,0.917960088691796
t1v2,29,0.24608249130362764,0.5739263165198085
t1v2,30,0.918664786083686,0.889837465112461
t1v2,31,0.013191204350145876,0.011772505373967897
t1v2,32,0.965202451470626,0.9768317184201826
t1v2,33,0.720708979538642,0.7916010498687664
t1v2,34,0.901361396475403,0.9181890389197777
t1v2,35,0.8555134004572207,0.8997487583990651
t1v2,36,0.1334981458590853,0.0
t1v2,37,0.2748091603053435,0.0
t1v2,38,0.7933477578380213,0.8874605772685537
t1v2,39,0.8826734780757769,0.9223476687063691
t1v2,40,0.34019832189168575,0.7157894736842105
t1v2,41,0.9872903427440358,0.9849664476079832
t1v2,42,0.17192342752962625,0.15978276404173217
t1v2,43,0.6056024899955536,0.5805466907173581
t1v2,44,0.8814953271028038,0.9657864142169075
t1v2,45,0.9300869565217391,0.9323826500297089
t1v2,46,0.6656050955414012,0.628909551986475
t1v2,47,0.768901787078051,0.7183242506811989
t1v2,48,0.9610469591993841,0.9592288242730721
t1v2,49,0.9615073027336065,0.9573887347454377
t1v2,50,0.9601323694460949,0.9508345532012332
t1v2,51,0.7326776244856646,0.7359111657303371
t1v2,52,0.04876830252488375,0.0
t1v2,53,0.9723944320973213,0.955791229742612
t1v2,54,0.6997430322198063,0.793757225433526
t1v2,55,0.1479394489279404,0.12381869093454673
t1v2,56,0.785868287947683,0.9488583404495198
t1v2,57,0.10983614152677179,0.11998669278823051
t1v2,58,0.8329809725158562,0.7543668122270742
t1v2,59,0.5808874669634163,0.3425201072386059
t1v2,60,0.17304621758080524,0.0
t1v2,61,0.20505899858126578,0.1792790642158033
t1v2,62,0.35625937031484256,0.4740167633784655
t1v2,63,0.9236511156186613,0.8527479837033342
t1v2,64,0.9842211131222045,0.9928486590789929
t1v2,65,0.19173213826707944,0.1058955553792267
t1v2,66,0.0,0.0
t1v2,67,0.9243315375871102,0.8567917783735478
t1v2,68,0.7412573099415205,0.6311039267192026
t1v2,69,0.0,0.0
t1v2,70,0.11529843967622777,0.0
t1v2,71,0.6877183686310874,0.6124676359290978
t1v2,72,0.29042510925705206,0.0
t1v2,73,0.9036815650047548,0.8553078957310163
t1v2,74,0.8318809005083515,0.8712912661930631
t1v2,75,0.005437849484430308,0.008711082432650428
t1v2,76,0.37831749384019714,0.7133323867670027
t1v2,77,0.0,0.0
t1v2,78,0.92619566033486,0.7849991515357203
t1v2,79,0.13612974517529663,0.2489440565468494
t1v2,80,0.7762924786600096,0.1611459265890779
t1v2,81,0.0,0.0
t1v2,82,0.8716308816811329,0.8355416991426344
t1v2,83,0.9125702159530645,0.973682665320071
t1v2,84,0.9429619900837507,0.9492169194721914
t1v2,85,0.8404795836173244,0.853339453752582
t1v2,86,0.9487148719671699,0.9735376389335841
t1v2,87,0.8958285105791934,0.957171270718232
t1v2,88,0.233973012945752,0.284517660198241
t1v2,89,0.9136250537855686,0.9814445261352099
t1v2,90,0.5362997658079626,0.0
t1v2,91,0.9833142274869443,0.9791294357926985
t1v2,92,0.29044355360144836,0.0
t1v2,93,0.23167967766305717,0.0
t1v2,94,0.8780879050368945,0.0
t1v2,95,0.9456644646789264,0.9857297174370345
t1v2,96,0.4717101080737444,0.0
t1v2,97,0.87828418230563,0.8648992576882291
t1v2,98,0.8967691095350669,0.8129577464788732
t1v2,99,0.3679704899777283,0.3599211700031117
t1v2,100,0.0,0.0
t1v2,101,0.21950473861204525,0.0
t1v2,102,0.023119496169470267,0.0025190077567007144
t1v2,103,0.7994597375868279,0.7151017780996057
t1v2,104,0.88550086974317,0.8813126350953036
t1v2,105,0.6410703897614892,0.0
t1v2,106,0.9090909090909091,0.7795492028587135
t1v2,107,0.02891473366317548,0.0
t1v2,108,0.9096585215447468,0.8275261324041812
t1v2,109,0.26315862509193344,0.17121239416321385
t1v2,110,0.008305493689680771,0.008201532070581958
t1v2,111,0.9268802228412256,0.8699443413729128
t1v2,112,0.911768661735037,0.8791898445300242
t1v2,113,0.46734526142757793,0.39836984207845133
t1v2,114,0.18184873949579833,0.0
t1v2,115,0.9884610596673338,0.9982376016221646
t1v2,116,0.5707559068359539,0.8997401176309671
t1v2,117,0.6021909233176839,0.9088235294117647
t1v2,118,0.8972197911546439,0.9365127020785219
t1v2,119,0.014785384888258247,0.0
t1v2,120,0.9939910549855301,0.9949451778685324
t1v2,121,0.49472431574771913,0.4190871369294606
t1v2,122,0.5218904030153668,0.0
t1v2,123,0.9307529703331147,0.9512339075583754
t1v2,124,0.8331768498999097,0.9099490560383579
t1v2,125,0.4371321262402601,0.0
t1v2,126,0.12519198204229512,0.05387474709452783
t1v2,127,0.7410098296599305,0.6710642906369991
t1v2,128,0.44138929088277856,0.0
t1v2,129,0.0001906395958440568,0.0
t1v2,130,0.8632473690297213,0.8940831901771382
t1v2,131,0.9606656580937972,0.9388498568826438
t1v2,132,0.960311765044811,0.9963870053638296
t1v2,133,0.9694438986048339,0.9619165225981724
t1v2,134,0.5001509206157562,0.5399961262831687
t1v2,135,0.9075386012715713,0.8715223218412053
t1v2,136,0.8233170256169552,0.9544359694901646
t1v2,137,0.8524159350176193,0.8478679836184052
t1v2,138,0.6183385774100042,0.5575283170472513
t1v2,139,0.9050885635302549,0.9467494282914081
t1v2,140,0.9241784205627551,0.8485309788400061
t1v2,141,0.8424024640657084,0.8323067752831314
t1v2,142,0.8260966377198842,0.8450601531170252
t1v2,143,0.9747721164853598,0.9845887822780065
t1v2,144,0.26037165082108904,0.0
t1v2,145,0.8203745578941265,0.9668169338711318
t1v2,146,0.44766868573038454,0.81765087605451
t1v2,147,0.3420829805249788,0.0
t1v2,148,0.8942394239423942,0.8699741359040677
t1v2,149,0.9350462176276434,0.9921816483340767
t1v2,150,0.49120521172638437,0.0
t1v2,151,0.9683866464649904,0.9961524306601091
t1v2,152,0.416588157297882,0.3752523101424048
t1v2,153,0.618507202095155,0.6050073637702503
t1v2,154,0.37398373983739835,0.0
t1v2,155,0.8969342166076105,0.8179930795847751
t1v2,156,0.6697381183317168,0.0
t1v2,157,0.9399066337605185,0.976522062398124
t1v2,158,0.8383410138248848,0.0
t1v2,159,0.3457972998195732,0.0
t1v2,160,0.9480794701986754,0.8387652195301931
t1v2,161,0.8400556328233658,0.0
t1v2,162,0.869628024557602,0.8466101694915255
t1v2,163,0.8654932045640407,0.9655600262332276
t1v2,164,0.7007969089591886,0.0
t1v2,165,0.6848860137682914,0.5353011228308948
t1v2,166,0.9511043987162545,0.9420262307546093
t1v2,167,0.8458454705390361,0.9465189344269509
t1v2,168,0.9094993363057758,0.9574546719422583
t1v2,169,0.8017644200216815,0.9539124413326152
t1v2,170,0.0026161523182016374,0.0
t1v2,171,0.5092266442353188,0.7283404514948139
t1v2,172,0.4681818181818182,0.6385251550654721
t1v2,173,0.3651592638827367,0.08852148842238039
t1v2,174,0.5094339622641509,0.6523235800344234
t1v2,175,0.8262473540973693,0.7343322475570032
t1v2,176,0.8403877069667562,0.9002433090024331
t1v2,177,0.9287625989408348,0.9212421773526981
t1v2,178,0.9137466307277629,0.7901727988715176
t1v2,179,0.3422512132098065,0.8905591047642908
t1v2,180,0.7959922591922093,0.9451491141564934
t1v2,181,0.9895431028200831,0.9986569577809653
t1v2,182,0.9082167832167832,0.7977390022118457
t1v2,183,0.306812787232968,0.29713542692777495
t1v2,184,0.0009651076466221232,0.0
t1v2,185,0.054132755917270216,0.09587868411397824
t1v2,186,0.5357624831309041,0.782703886152162
t1v2,187,0.9261297315324328,0.8880223334958125
t1v2,188,0.8916481892091648,0.843860989974374
t1v2,189,0.9664316884860692,0.9593329930236515
t1v2,190,0.2901835372636263,0.0
t1v2,191,0.6126785928682915,0.07214678138281332
t1v2,192,0.951313293470059,0.9981976293660133
t1v2,193,0.24219899341850562,0.5374943870678042
t1v2,194,0.15497076023391812,0.1903023983315954
t1v2,195,0.537365919795499,0.8483539563498746
t1v2,196,0.9409381243141338,0.9768855302612648
t1v2,197,0.3572437607910846,0.8873720136518771
t1v2,198,0.33636547402466144,0.0
t1v2,199,0.0293776974436534,0.03194343824626365
t1v2,200,0.9455772746449164,0.8687216398059772
t1v2,201,0.9634991765291662,0.9776181337206287
t1v2,202,0.9922095621236642,0.9851651354657367
t1v2,203,0.8802728760642029,0.8814543274144533
t1v2,204,0.8260721744620914,0.9502824283751463
t1v2,205,0.6350687533098373,0.6993718459428132
t1v2,206,0.8974462910417511,0.872207327971403
t1v2,207,0.9610561751396808,0.9912539425453926
t1v2,208,0.647429855723918,0.192529015897786
t1v2,209,0.8291087489779232,0.9025257249766137
t1v2,210,0.730164751788424,0.8051678394278463
t1v2,211,0.707272249934366,0.0
t1v2,212,0.8393956351426972,0.8259818731117825
t1v2,213,0.20996832374426272,0.0
t1v2,214,0.26459987082525993,0.37558122949650546
t1v2,215,0.8439550887359653,0.872806616009033
t1v2,216,0.0795391554806804,0.01762231479212611
t1v2,217,0.9153623472842353,0.8625492480994396
t1v2,218,0.6345495604255138,0.6959967007393879
t1v2,219,0.7060372638093357,0.641422052714023
t1v2,220,0.9213069489185458,0.8735858337432366
t1v2,221,0.9534363897320063,0.9806598960104962
t1v2,222,0.9106169121836087,0.9988595359620095
t1v2,223,0.6630571249215317,0.0
t1v2,224,0.6864004648310146,0.7168052194043986
t1v2,225,0.8186327366832004,0.8417332513829133
t1v2,226,0.9206089097164551,0.9653604130172931
t1v2,227,0.41550930189721863,0.5845327492699207
t1v2,228,0.042463231115455434,0.0
t1v2,229,0.875921568627451,0.8382058047493404
t1v2,230,0.9330937137294545,0.8720262834976052
t1v2,231,0.6213638155301537,0.9283559577677225
t1v2,232,0.43998609838551705,0.38069903697218666
t1v2,233,0.7457557277072688,0.6886052767126424
t1v2,234,0.35696579077838375,0.6475315729047072
t1v2,235,0.8581182131477989,0.9358997639368077
t1v2,236,0.9293058692647406,0.9087165887361295
t1v2,237,0.7599822865156101,0.647347302719572
t1v2,238,0.7585114806017419,0.5255275697753574
t1v2,239,0.801085692128732,0.4104148960828247
t1v2,240,0.08982294515618253,0.14420517783692233
t1v2,241,0.9181789899408898,0.8431058635181109
t1v2,242,0.9810154525386313,0.9733847600406809
t1v2,243,0.8840827167520394,0.8782191182889568
t1v2,244,0.8489848797368017,0.9920009497944585
t1v2,245,0.9070738579190984,0.9102150064715566
t1v2,246,0.7525910635186858,0.7195729851338832
t1v2,247,0.11972367904258023,0.1880384360503645
t1v2,248,0.9261328367473619,0.9758382642998028
t1v2,249,0.7840670859538784,0.0
t1v2,250,0.1654249401611435,0.11179386001402475
t1v2,251,0.8282796042132142,0.8040488922841864
t1v2,252,0.0,0.0
t1v2,253,0.01982651796778191,0.0
t1v2,254,0.8244588078383093,0.8093637454981992
t1v2,255,0.13590406771690572,0.0
t1v2,256,0.9027234775694122,0.8871500727677425
t1v2,257,0.9661694328479788,0.9589562728411153
t1v2,258,0.7497043752463539,0.7804454729534278
t1v2,259,0.5805946791862285,0.5569829683698296
t1v2,260,0.946812201435777,0.9459124049847458
t1v2,261,0.49476326495282613,0.5807779030439685
t1v2,262,0.9134771514729761,0.8865179437439379
t1v2,263,0.5154362416107383,0.46302468787074175
t1v2,264,0.8405861953238617,0.6952778832763641
t1v2,265,0.9897961760917334,0.9763134638602955
t1v2,266,0.6403582637985149,0.646944678358291
t1v2,267,0.0,0.0
t1v2,268,0.8915645782289114,0.6708711738984191
t1v2,269,0.22255947186705619,0.2266002453250557
t1v2,270,0.1375626043405676,0.10873664362036455
t1v2,271,0.6750675067506751,0.0
t1v2,272,0.8455882352941176,0.8686046511627907
t1v2,273,0.9443544030253916,0.8489993935718617
t1v2,274,0.9187993680884676,0.0
t1v2,275,0.7672504747837097,0.0
t1v2,276,0.9911666016387046,0.9954787719987094
t1v2,277,0.5051411103563268,0.7124362181090546
t1v2,278,0.8731407417201031,0.8417656346536693
t1v2,279,0.10388349514563107,0.0
t1v2,280,0.14126859827721222,0.0
t1v2,281,0.9148864021702272,0.7562474395739451
t1v2,282,0.9548080190282026,0.8764652840396754
t1v2,283,0.7321618743343983,0.8511888859203847
t1v2,284,0.8067717454757735,0.0
t1v2,285,0.03400910541266197,0.0
t1v2,286,0.11576285473447598,0.0
t1v2,287,0.974919997023145,0.9653295556218312
t1v2,288,0.6905039603098616,0.9199312235698685
t1v2,289,0.8311136205121392,0.9244518742364817
t1v2,290,0.21433607520564044,0.0
t1v2,291,0.7633432642786208,0.726579271913397
t1v2,292,0.7279165113678718,0.5969058874086807
t1v2,293,0.9100536284026882,0.9765251306203547
t1v2,294,0.9127709116962207,0.8546630360789653
t1v2,295,0.01670957645514665,0.0
t1v2,296,0.5884194053208138,0.7735602094240838
t1v2,297,0.8544927536231884,0.7952548330404218
t1v2,298,0.7116857736132196,0.716168078851807
t1v2,299,0.5124841141958187,0.5289981335532558
t1v2,300,0.3183880922127428,0.0
t1v2,301,0.9468564650059312,0.9194721913922802
t1v2,302,0.9795882248834877,0.979322975128493
t1v2,303,0.9519161243673174,0.9222836095764273
t1v2,304,0.9236626189694782,0.9938341666922298
t1v2,305,0.6589503244658647,0.7302426343154246
t1v2,306,0.31741043368950345,0.309893905748828
t1v2,307,0.9815738538016183,0.9940525243947068
t1v2,308,0.8165068621921414,0.8205796157603387
t1v2,309,0.924011257591468,0.7641517739237609
t1v2,310,0.924791645747565,0.9146672230335906
t1v2,311,0.5171857761181363,0.6707337739366209
t1v2,312,0.6271446302109951,0.7892273899341037
t1v2,313,0.9757914338919925,0.9677554001878326
t1v2,314,0.9845254714525709,0.994485208206758
t1v2,315,0.5057241644256627,0.883331150975514
t1v2,316,0.8578634480273825,0.7228430934286991
t1v2,317,0.6998919252740466,0.45837464654254345
t1v2,318,0.0,0.0
t1v2,319,0.8269867549668874,0.9048275862068965
t1v2,320,0.44587628865979384,0.0
t1v2,321,0.8551002615518745,0.0
t1v2,322,0.9520906777385129,0.983956424857638
t1v2,323,0.8446273487500183,0.9495393300314214
t1v2,324,0.23455143593847247,0.261775413049566
t1v2,325,0.1274190880520483,0.1315564855860569
t1v2,326,0.6624034106048494,0.8732606242948476
t1v2,327,0.8712967459932006,0.9610978520286396
t1v2,328,0.6005854102134189,0.8953879781420765
t1v2,329,0.9804072261262603,0.9976325309191462
t1v2,330,0.830244240429586,0.7984937238493723
t1v2,331,0.5200862237899275,0.0
t1v2,332,0.366018564498262,0.0
t1v2,333,0.3931568754034861,0.0
t1v2,334,0.8334411015176296,0.7069473684210527
t1v2,335,0.9901069457485058,0.9983986189508115
t1v2,336,0.5473061760840998,0.0
t1v2,337,0.9002094839078271,0.9124792013311148
t1v2,338,0.9780175320296696,0.9748976807639836
t1v2,339,0.7864775751797561,0.8326043737574552
t1v2,340,0.9925133689839573,0.9919443427316001
t1v2,341,0.46740616927518613,0.28589650145772594
t1v2,342,0.6501553331032102,0.6653461424185402
t1v2,343,0.587654679391806,0.16690552309557932
t1v2,344,0.9728588747058404,0.9973253825579865
t1v2,345,0.45312393308296345,0.42984685565330727
t1v2,346,0.9256041084782413,0.9835892364897356
t1v2,347,0.7864261983863313,0.9010401188707281
t1v2,348,0.41882340147890385,0.2779861213642404
t1v2,349,0.3284457478005865,0.0
t1v2,350,0.36247883508296647,0.9017755950132225
t1v2,351,0.9694561179121749,0.9729055151259999
t1v2,352,0.7938891427825292,0.8533528162743441
t1v2,353,0.049107142857142856,0.0
t1v2,354,0.09802176740365529,0.011739441660701504
t1v2,355,0.9414519906323185,0.9276274386406544
t1v2,356,0.4701542245222114,0.4653925062088327
t1v2,357,0.5756500047970834,0.4186111892043857
t1v2,358,0.1759391345696624,0.6089703095388502
t1v2,359,0.12366963341009522,0.09254773028782373
t1v2,360,0.5922954250971794,0.610384356035064
t1v2,361,0.2777327338394634,0.7946654403311106
t1v2,362,0.9969501383076814,0.9967645806726266
t1v2,363,0.15554678247137782,0.0
t1v3,0,0.7661369747552713,0.8836203755435179
t1v3,1,0.7475064899576445,0.8948303375184415
t1v3,2,0.9294053626199663,0.9368356129594021
t1v3,3,0.6755573248407644,0.0
t1v3,4,0.36695842450765864,0.528655901751194
t1v3,5,0.9498573175703221,0.0
t1v3,6,0.9715762273901809,0.0
t1v3,7,0.8706176875252154,0.9941328872003996
t1v3,8,0.7255883825738608,0.6617069396500417
t1v3,9,0.9975315770479971,0.9969257415024897
t1v3,10,0.8482532990799904,0.9943760042849491
t1v3,11,0.9466366395770097,0.9532047738284933
t1v3,12,0.9877963432770537,0.9923549593477997
t1v3,13,0.9488146249274928,0.9755232484687408
t1v3,14,0.9373587342589603,0.9286211699164345
t1v3,15,0.9933816994274612,0.9888281729347768
t1v3,16,0.9196387570794429,0.8408602150537634
t1v3,17,0.9765721331689272,0.7694274028629857
t1v3,18,0.8338602037232175,0.0
t1v3,19,0.5885808153715963,0.8721765014883558
t1v3,20,0.8544852657446333,0.9382555744604638
t1v3,21,0.9427792915531336,0.9359214971312134
t1v3,22,0.5724447193443637,0.0
t1v3,23,0.7912568306010929,0.0
t1v3,24,0.8519320642881568,0.0
t1v3,25,0.8952019796252852,0.9527902898600557
t1v3,26,0.9717735827788209,0.9989094874591058
t1v3,27,0.8502473556181157,0.8229708636836629
t1v3,28,0.9361329833770778,0.0
t1v3,29,0.6590625556941722,0.0
t1v3,30,0.933588761174968,0.825649178590355
t1v3,31,0.0105329287690642,0.017137286963084083
t1v3,32,0.9803490723863267,0.9888155436542533
t1v3,33,0.9285051067780873,0.0
t1v3,34,0.943034109744395,0.8452627223831196
t1v3,35,0.9618213506670028,0.9814777295556575
t1v3,36,0.44789762340036565,0.0
t1v3,37,0.8513853904282116,0.0
t1v3,38,0.8574761308160885,0.8691860465116279
t1v3,39,0.9801571231878189,0.9795736402691092
t1v3,40,0.9475982532751092,0.0
t1v3,41,0.99253796246369,0.986193635560483
t1v3,42,0.35257385317428547,0.5028161802355351
t1v3,43,0.6509347627140802,0.9483642096964919
t1v3,44,0.9557452189031136,0.9761476882862278
t1v3,45,0.967318673308225,0.9472750316856781
t1v3,46,0.7040280210157618,0.0
t1v3,47,0.7192419825072887,0.6809708054871615
t1v3,48,0.9390801096558026,0.9331168831168831
t1v3,49,0.9627422447046867,0.9552616134711751
t1v3,50,0.9886073796973304,0.9973513743233555
t1v3,51,0.963631237665633,0.944701280227596
t1v3,52,0.18554943613952268,0.0
t1v3,53,0.9732941176470589,0.9355231143552312
t1v3,54,0.9634241245136187,0.9693333333333334
t1v3,55,0.9172165566886623,0.8671140939597315
t1v3,56,0.9297062521431021,0.9930608685417124
t1v3,57,0.24516129032258063,0.7390567636260943
t1v3,58,0.9311594202898551,0.9441021126760564
t1v3,59,0.7522750252780587,0.682642383576963
t1v3,60,0.20775646371976647,0.0
t1v3,61,0.8251647395250529,0.8975384196926425
t1v3,62,0.5079492317969272,0.0
t1v3,63,0.9542256435725519,0.7538947154057631
t1v3,64,0.6814022047420116,0.679449186212828
t1v3,65,0.4846657350886225,0.0
t1v3,66,0.12012838147638698,0.0
t1v3,67,0.9446748962966665,0.8477348541913268
t1v3,68,0.9158439835718477,0.9450029875561791
t1v3,69,0.20710709488338014,0.0
t1v3,70,0.08307140094989737,0.0
t1v3,71,0.8727072127982347,0.8240684065067795
t1v3,72,0.31951378337312786,0.0
t1v3,73,0.9744502877965961,0.9659806803863923
t1v3,74,0.8018655516243165,0.8124859645183022
t1v3,75,0.011661387849121796,0.014874667156367642
t1v3,76,0.40420066485343004,0.8364030335861322
t1v3,77,0.0,0.0
t1v3,78,0.9069602272727273,0.7721932114882507
t1v3,79,0.34218852999340804,0.48674537758966363
t1v3,80,0.9108136561889005,0.9197530864197531
t1v3,81,0.6660469439925634,0.0
t1v3,82,0.9715555555555555,0.9468576709796673
t1v3,83,0.7147891602867906,0.6086614689117473
t1v3,84,0.8534880582917285,0.8729090616978588
t1v3,85,0.6143591486859573,0.5847967239725522
t1v3,86,0.9751853682649531,0.9744328054410961
t1v3,87,0.9562770083102493,0.9949981908349829
t1v3,88,0.6768384,0.7661288098193353
t1v3,89,0.9833075080997323,0.9837139254693191
t1v3,90,0.4821002386634845,0.0
t1v3,91,0.988956587966489,0.9696091687592557
t1v3,92,0.6274733637747336,0.0
t1v3,93,0.698051948051948,0.0
t1v3,94,0.9154423767548155,0.0
t1v3,95,0.9908883826879271,0.9854661065061883
t1v3,96,0.643653362099964,0.0
t1v3,97,0.9743363266107268,0.913106096975516
t1v3,98,0.9065960519980741,0.0
t1v3,99,0.9728494377913887,0.9461883408071748
t1v3,100,0.0,0.0
t1v3,101,0.9018531228551819,0.0
t1v3,102,0.917262283426262,0.8937865673806876
t1v3,103,0.8691779078645966,0.8421792618629174
t1v3,104,0.9365362425259625,0.8783192296469216
t1v3,105,0.9379779099405268,0.0
t1v3,106,0.8607340372046255,0.0
t1v3,107,0.26153253330397447,0.0
t1v3,108,0.985330511818084,0.9807321772639692
t1v3,109,0.7919196926508861,0.9693319557493133
t1v3,110,0.036963105726872246,0.0
t1v3,111,0.9314972370844663,0.8461931527848748
t1v3,112,0.9374477659916426,0.8682119640160221
t1v3,113,0.7158498190874489,0.0
t1v3,114,0.23738956967797092,0.0
t1v3,115,0.9041584497985081,0.9274806811488453
t1v3,116,0.882051282051282,0.8275258784079312
t1v3,117,0.7102935974531305,0.0
t1v3,118,0.9168787107718406,0.9776800586314878
t1v3,119,0.12180131858308191,0.0
t1v3,120,0.9775514731515619,0.9950406246702543
t1v3,121,0.6358344629614864,0.41584344717282906
t1v3,122,0.89481740651651,0.0
t1v3,123,0.9578234786915922,0.9483700634373511
t1v3,124,0.7370710488158531,0.8351924355470193
t1v3,125,0.8874624991278867,0.7303322798325788
t1v3,126,0.19361769660863834,0.0
t1v3,127,0.969239670218408,0.9785171149445087
t1v3,128,0.9674067076051016,0.0
t1v3,129,0.0,0.0
t1v3,130,0.9333296811657719,0.9816982944368007
t1v3,131,0.9692230070635721,0.0
t1v3,132,0.9616443345908677,0.9965489538226778
t1v3,133,0.9878554357898844,0.9581120352740755
t1v3,134,0.42839143217135656,0.5195135233254674
t1v3,135,0.9676537585421412,0.866939661552124
t1v3,136,0.8894559309296188,0.9893573713288747
t1v3,137,0.966147817568303,0.9592059336823735
t1v3,138,0.5424076512578835,0.6274093959731544
t1v3,139,0.9739245241500715,0.9517939687431213
t1v3,140,0.9413449645205391,0.9537490769953682
t1v3,141,0.9578350065473592,0.8144688462685084
t1v3,142,0.9020580213240764,0.0
t1v3,143,0.9711506779102547,0.9832256663590467
t1v3,144,0.25919937916316366,0.0
t1v3,145,0.9754923561913156,0.9626187108506769
t1v3,146,0.8457234212629896,0.0
t1v3,147,0.5892940083604273,0.0
t1v3,148,0.9656184486373166,0.9593669803250642
t1v3,149,0.787026308099993,0.9892395802851052
t1v3,150,0.89419795221843,0.0
t1v3,151,0.9986911434036984,0.9986067981535879
t1v3,152,0.8058611194338626,0.8001851955777541
t1v3,153,0.7789580171977744,0.0
t1v3,154,0.07000388048117967,0.0
t1v3,155,0.9307228915662651,0.7906311460754515
t1v3,156,0.9857073051551429,0.9743239890845944
t1v3,157,0.9881756756756757,0.9837564875859167
t1v3,158,0.8675333801827125,0.7754418604651163
t1v3,159,0.5639259578131727,0.701146288209607
t1v3,160,0.9691735317565772,0.8370857576524159
t1v3,161,0.8078668683812406,0.0
t1v3,162,0.9032258064516129,0.0
t1v3,163,0.9215526500981518,0.9636922639464003
t1v3,164,0.912636815920398,0.87313769751693
t1v3,165,0.9349705550682872,0.9092505487613672
t1v3,166,0.9788465015367926,0.9473684210526315
t1v3,167,0.48179225101022105,0.32844472784186424
t1v3,168,0.8049491282785418,0.8573132729574447
t1v3,169,0.974890702982938,0.9453354416083126
t1v3,170,0.06971860562788744,0.0
t1v3,171,0.6544946274132961,0.0
t1v3,172,0.8358296622613803,0.6786013050025096
t1v3,173,0.394093539551455,0.20291604306474195
t1v3,174,0.7550517496303598,0.0
t1v3,175,0.8954511897325231,0.8746543778801843
t1v3,176,0.9499085498007126,0.9613566160247116
t1v3,177,0.9335797491039427,0.9231713440830218
t1v3,178,0.8617158997293163,0.0
t1v3,179,0.8750338635396107,0.863302827933053
t1v3,180,0.7694890861117774,0.8574319853656638
t1v3,181,0.9245973273715766,0.9668389014722537
t1v3,182,0.7946568884232582,0.7604413736207074
t1v3,183,0.4813676405348881,0.47591772151898737
t1v3,184,0.015581199982314189,0.004007206508478958
t1v3,185,0.863030303030303,0.0
t1v3,186,0.8247874259211544,0.9224806201550387
t1v3,187,0.9533373215964448,0.8581232557075537
t1v3,188,0.9681327363708191,0.9091210613598674
t1v3,189,0.9794004354379501,0.9612032131259614
t1v3,190,0.8107826810990841,0.8482418966899553
t1v3,191,0.6696340257171117,0.0
t1v3,192,0.9224946316293584,0.986386911452479
t1v3,193,0.26652419477942296,0.0
t1v3,194,0.164576802507837,0.0
t1v3,195,0.5507135008030246,0.8752178422127423
t1v3,196,0.9148812970469021,0.9686372392088771
t1v3,197,0.8621880998080614,0.0
t1v3,198,0.9188168659534298,0.0
t1v3,199,0.05947566413938,0.0
t1v3,200,0.9712823429058857,0.7829931972789116
t1v3,201,0.39085442232028234,0.33965741202698635
t1v3,202,0.9951968250422167,0.9840512647204097
t1v3,203,0.970696904064212,0.9665666469975267
t1v3,204,0.9648418372343551,0.9440226743597531
t1v3,205,0.8226047018158574,0.9731387432846859
t1v3,206,0.9671665991082287,0.0
t1v3,207,0.9314392604440589,0.9944824185540366
t1v3,208,0.9623984870397152,0.9485446114308062
t1v3,209,0.4515760947083155,0.0
t1v3,210,0.7992628669211531,0.8368384107819739
t1v3,211,0.826025459688826,0.0
t1v3,212,0.9270173505921234,0.0
t1v3,213,0.3539032203675603,0.0
t1v3,214,0.4870590886893806,0.9174635868765632
t1v3,215,0.9644012944983819,0.9810924079171219
t1v3,216,0.4950281425891182,0.0
t1v3,217,0.9693917465284568,0.8871822291352743
t1v3,218,0.848018151191172,0.9349753694581281
t1v3,219,0.5374062002577125,0.0
t1v3,220,0.9597102761430512,0.0
t1v3,221,0.9734287297342873,0.9790356394129979
t1v3,222,0.9008316043385118,0.9248204144083401
t1v3,223,0.43889921245907443,0.0
t1v3,224,0.67575961601112,0.7218257835339976
t1v3,225,0.9320562705776714,0.850125593078426
t1v3,226,0.7174935277645691,0.7759306973557561
t1v3,227,0.6903089451109592,0.9487427466150871
t1v3,228,0.0013385336133484112,0.0
t1v3,229,0.6170335104303227,0.8060038638727894
t1v3,230,0.9636613340262055,0.8734417234840844
t1v3,231,0.9894042853779138,0.9134199134199135
t1v3,232,0.6655700852592045,0.5550520661405035
t1v3,233,0.8311412617102774,0.8083174242815129
t1v3,234,0.9114971050454922,0.0
t1v3,235,0.9281904233342583,0.9856066994271757
t1v3,236,0.9378594939654886,0.8754373687893632
t1v3,237,0.9253990931113734,0.9847030593881224
t1v3,238,0.826968411126827,0.0
t1v3,239,0.9421173257911932,0.897267983219073
t1v3,240,0.8500352030039897,0.0
t1v3,241,0.9450810810810811,0.848585690515807
t1v3,242,0.9835731322612911,0.9674509653398841
t1v3,243,0.9747701936240954,0.882875081186404
t1v3,244,0.8789851443832415,0.9920221063422026
t1v3,245,0.9332156275021043,0.9569225699370255
t1v3,246,0.5567604258066652,0.5521867631919769
t1v3,247,0.03753069098561908,0.0
t1v3,248,0.9839545378572623,0.9720762155059133
t1v3,249,0.3755664310313576,0.0
t1v3,250,0.4510179640718563,0.13427290645549528
t1v3,251,0.9316616634292778,0.7523427041499331
t1v3,252,0.0055880441845354125,0.0
t1v3,253,0.0,0.0
t1v3,254,0.8991347905282332,0.0
t1v3,255,0.6832871652816251,0.0
t1v3,256,0.9244761161004816,0.8577769948916681
t1v3,257,0.9879290685330083,0.9842109397502029
t1v3,258,0.9055097837281153,0.9776074721590229
t1v3,259,0.847308549313944,0.9183027687882057
t1v3,260,0.9738784484112443,0.948099190490829
t1v3,261,0.5948032665181886,0.4933088428234059
t1v3,262,0.9199004975124379,0.0
t1v3,263,0.8114218723831854,0.7737146599716188
t1v3,264,0.92988023339134,0.9103505325199048
t1v3,265,0.97204094606692,0.9766150321263137
t1v3,266,0.6084700772200772,0.600759277911211
t1v3,267,0.8525547445255475,0.0
t1v3,268,0.948605177180196,0.9376416499384834
t1v3,269,0.6252667011224639,0.9838619922092376
t1v3,270,0.7966685812751292,0.0
t1v3,271,0.5579627518053972,0.0
t1v3,272,0.9383440986494421,0.0
t1v3,273,0.9782493368700266,0.0
t1v3,274,0.5874908736918958,0.0
t1v3,275,0.9412960609911054,0.0
t1v3,276,0.9090492028902397,0.997674799666045
t1v3,277,0.707695876343009,0.8507327226302988
t1v3,278,0.9750662490966032,0.8937524353812183
t1v3,279,0.08593493263227078,0.0
t1v3,280,0.07784327323162274,0.0
t1v3,281,0.9206132879045996,0.8365132809577254
t1v3,282,0.9766102085493721,0.858882985616172
t1v3,283,0.18140760255927738,0.0
t1v3,284,0.8846625766871166,0.0
t1v3,285,0.08822646794038211,0.0
t1v3,286,0.44383838383838387,0.732506076499936
t1v3,287,0.981812749747918,0.942120566001163
t1v3,288,0.3825561062323083,0.6085896010868223
t1v3,289,0.9928076917325837,0.996186844613918
t1v3,290,0.06209150326797386,0.0
t1v3,291,0.9763318702125828,0.9445369159434075
t1v3,292,0.7697644696001461,0.0
t1v3,293,0.9881971082915314,0.9803863298662704
t1v3,294,0.9477416946621874,0.0
t1v3,295,0.0020798356178114113,0.0
t1v3,296,0.9325842696629213,0.0
t1v3,297,0.9410251699430461,0.0
t1v3,298,0.910393419908315,0.9794395078605604
t1v3,299,0.419415652173913,0.3864774894153389
t1v3,300,0.9621875762347253,0.9535825124814465
t1v3,301,0.9496848137535817,0.9093285799168153
t1v3,302,0.9834257402382919,0.9804979253112033
t1v3,303,0.970354302241504,0.9394927536231884
t1v3,304,0.9232386270323534,0.8780471103807176
t1v3,305,0.7150103477661,0.7507376639883789
t1v3,306,0.8699837310195228,0.8413914153502473
t1v3,307,0.9981898474540176,0.9938714172977148
t1v3,308,0.9502918471097722,0.9357371328874673
t1v3,309,0.9214705882352942,0.7866493281317729
t1v3,310,0.9594470982823458,0.9021060429675097
t1v3,311,0.9333854777734324,0.8218477279566657
t1v3,312,0.898902989890299,0.6958630527817403
t1v3,313,0.980539989811513,0.9684297691750337
t1v3,314,0.9973961070048225,0.9942377230841013
t1v3,315,0.39760033098882913,0.8474761255115962
t1v3,316,0.8078902229845626,0.0
t1v3,317,0.9372236958443855,0.9466625740797582
t1v3,318,0.8339100346020761,0.0
t1v3,319,0.8994949494949495,0.0
t1v3,320,0.0392156862745098,0.0
t1v3,321,0.8685694753033669,0.7611598626478443
t1v3,322,0.9874646178730287,0.9907139291063405
t1v3,323,0.9842885128650127,0.980184975362968
t1v3,324,0.7481197672768554,0.0
t1v3,325,0.16264166216945494,0.1404356705241661
t1v3,326,0.9344262295081968,0.0
t1v3,327,0.9790124954506855,0.9622618904995807
t1v3,328,0.7918342719227675,0.8586932545109631
t1v3,329,0.9967531542821338,0.9967019565227707
t1v3,330,0.8359043752819125,0.7972551466001248
t1v3,331,0.977037037037037,0.0
t1v3,332,0.38023555104906015,0.0
t1v3,333,0.30419268510258696,0.0
t1v3,334,0.7647130498355063,0.7129361380526514
t1v3,335,0.9971413662454341,0.9972094289538762
t1v3,336,0.4181080503950459,0.0
t1v3,337,0.9805726423861575,0.9840540659923142
t1v3,338,0.9836153639538007,0.9763476347634763
t1v3,339,0.880946584213858,0.816306139781186
t1v3,340,0.9925555729085325,0.9910892889616294
t1v3,341,0.8374227009774586,0.8123491229011319
t1v3,342,0.5831609524228687,0.5949128374959753
t1v3,343,0.6553596667410548,0.6719747765006385
t1v3,344,0.994723801195161,0.9938107096567492
t1v3,345,0.48305947360767776,0.9519202579888596
t1v3,346,0.7940216513168524,0.9312690742624619
t1v3,347,0.9548423743254757,0.0
t1v3,348,0.5278026459763254,0.2532436614688727
t1v3,349,0.9057750759878419,0.0
t1v3,350,0.6617920436237452,0.8626746506986028
t1v3,351,0.9874353961108837,0.9865086407869208
t1v3,352,0.9073007537901245,0.9723773984852834
t1v3,353,0.8703465982028241,0.0
t1v3,354,0.7637344118638355,0.8874349676809081
t1v3,355,0.9842496285289747,0.9336718502062837
t1v3,356,0.9529151291512915,0.9481924596580629
t1v3,357,0.8094206821873308,0.9148019227581634
t1v3,358,0.43224835669596895,0.0
t1v3,359,0.2775558228770624,0.383716150671643
t1v3,360,0.17197354740303267,0.22943111086950613
t1v3,361,0.642087926010389,0.7610413761041376
t1v3,362,0.9980094975403077,0.9968917211916488
t1v3,363,0.14181952480610613,0.0
t1v4,0,0.9887837057516317,0.9952198062694916
t1v4,1,0.6560531327831225,0.6525699733085192
t1v4,2,0.8894656098184608,0.8967926894821716
t1v4,3,0.40240529164161154,0.40114538591695953
t1v4,4,0.41736431575938254,0.5609341344518762
t1v4,5,0.9633180491871614,0.907608695652174
t1v4,6,0.8902612826603326,0.9584338964869938
t1v4,7,0.39642352941176473,0.37567237841734596
t1v4,8,0.7655651207997778,0.7442348008385744
t1v4,9,0.9970956695131995,0.9967059639389736
t1v4,10,0.8772260273972603,0.9949308491305928
t1v4,11,0.9346350294174695,0.9519896473633128
t1v4,12,0.6295643123536384,0.5953433450405716
t1v4,13,0.940945371122688,0.9871661496116255
t1v4,14,0.9177473796411441,0.9080648097578736
t1v4,15,0.9694081097369471,0.9889311343735598
t1v4,16,0.9313896371414989,0.9048747461069736
t1v4,17,0.9803921568627451,0.981163666806195
t1v4,18,0.5070159027128157,0.0
t1v4,19,0.7221025420077553,0.842209889836826
t1v4,20,0.6942825130311937,0.8007478732354866
t1v4,21,0.731395824805567,0.943101524730383
t1v4,22,0.5214360404322064,0.724007561436673
t1v4,23,0.525290215588723,0.9014314928425358
t1v4,24,0.9265692854322938,0.9528784870964372
t1v4,25,0.7809755962438714,0.8833728327304478
t1v4,26,0.9567414927080354,0.9988611572289074
t1v4,27,0.8281998980112187,0.8162996709693748
t1v4,28,0.9411247803163445,0.9283461018476792
t1v4,29,0.6756931012250161,0.6987337469193508
t1v4,30,0.9447531873161163,0.9049481380717566
t1v4,31,0.011215989975452183,0.008274430178770439
t1v4,32,0.9855274629468178,0.9878124766343493
t1v4,33,0.7911731704276275,0.8699577690403378
t1v4,34,0.6717996870109546,0.9160170092133239
t1v4,35,0.9254660501891465,0.9333603722355539
t1v4,36,0.0,0.0
t1v4,37,0.8745519713261649,0.0
t1v4,38,0.9244688907489338,0.9294140856184652
t1v4,39,0.9852792901794717,0.9822356495468278
t1v4,40,0.8464566929133859,0.0
t1v4,41,0.9934492491027562,0.9877419018308904
t1v4,42,0.40707964601769914,0.5690909090909091
t1v4,43,0.8899803536345776,0.9523534507652325
t1v4,44,0.9113720443944024,0.9768238942386159
t1v4,45,0.9743030303030303,0.9638613254930786
t1v4,46,0.9577464788732394,0.0
t1v4,47,0.6899232951560366,0.7400366850091713
t1v4,48,0.9550440290437201,0.9601391964568174
t1v4,49,0.9529290113743649,0.9627237908613164
t1v4,50,0.9947552148394052,0.9982306509658413
t1v4,51,0.9548520149378519,0.9767320715401979
t1v4,52,0.08639648130694313,0.38344873062973955
t1v4,53,0.9672709866570933,0.9552545652436812
t1v4,54,0.7155890519635065,0.8368463957144521
t1v4,55,0.7486365889935548,0.8748048704339682
t1v4,56,0.9165512915421086,0.9742651689823816
t1v4,57,0.10385172238381572,0.10111338640339576
t1v4,58,0.9578651685393258,0.9618270079435128
t1v4,59,0.6939447383891828,0.7040435360374613
t1v4,60,0.3143418467583497,0.3364387414308314
t1v4,61,0.8511466491581859,0.8536534878907058
t1v4,62,0.33654611371474047,0.4212161562361296
t1v4,63,0.9600666944560233,0.8498213196199773
t1v4,64,0.4990493185898049,0.44518151815181517
t1v4,65,0.6025539965316097,0.6358157115129227
t1v4,66,0.5292832167832168,0.0
t1v4,67,0.758877755511022,0.7440425167152409
t1v4,68,0.7260455451895856,0.6853325710502957
t1v4,69,0.4882755758456111,0.2541764633089964
t1v4,70,0.08365161979774792,0.0
t1v4,71,0.8055328492891602,0.7776693574617818
t1v4,72,0.3726534753932014,0.2285610465116279
t1v4,73,0.9687254049128039,0.9760725729266364
t1v4,74,0.7272455089820359,0.8874664464175098
t1v4,75,0.004784688995215311,0.015751093825960138
t1v4,76,0.44565856938724047,0.8857890148212729
t1v4,77,0.0,0.0
t1v4,78,0.935113407981625,0.8555068044917082
t1v4,79,0.372972972972973,0.5477128976074801
t1v4,80,0.9559500328731098,0.9413360461173279
t1v4,81,0.7439332168510969,0.6369098712446352
t1v4,82,0.9296803652968036,0.9002409638554217
t1v4,83,0.6781534258483127,0.658044114159222
t1v4,84,0.5917981311239738,0.6241515056750244
t1v4,85,0.4424583665400499,0.4181884816753927
t1v4,86,0.9716445190930199,0.97665969941276
t1v4,87,0.9831504363604943,0.9961910841578892
t1v4,88,0.40749429942623827,0.44060913705583754
t1v4,89,0.9701194508825103,0.9820195576741089
t1v4,90,0.12804005722460657,0.0
t1v4,91,0.9858392999204455,0.9847104542269224
t1v4,92,0.33216864663405543,0.0
t1v4,93,0.8516949152542372,0.824212512701408
t1v4,94,0.9063837069998288,0.6340388007054674
t1v4,95,0.9916647636446677,0.9878997898085553
t1v4,96,0.5807113543091655,0.7156153050672182
t1v4,97,0.9501726689689196,0.9301999626238087
t1v4,98,0.8830033427616354,0.8446909667194928
t1v4,99,0.8342070260542993,0.9625250136438057
t1v4,100,0.013270666298037047,0.0
t1v4,101,0.8999345977763243,0.0
t1v4,102,0.04264642591650691,0.02680597896885618
t1v4,103,0.8446656298600311,0.8935524318616775
t1v4,104,0.9158208955223881,0.8881159420289855
t1v4,105,0.9522998296422487,0.0
t1v4,106,0.8983451536643026,0.8746177370030581
t1v4,107,0.03184470946460289,0.0
t1v4,108,0.9757044278320874,0.9855598235879927
t1v4,109,0.7568037477964792,0.8918208373904577
t1v4,110,0.08924236082042696,0.0
t1v4,111,0.9410104929018605,0.9024025345419343
t1v4,112,0.9085084572014351,0.9110561270998828
t1v4,113,0.4810704960835509,0.43927427961579507
t1v4,114,0.5451151213441194,0.0
t1v4,115,0.966424586885591,0.9925073133905823
t1v4,116,0.8727833461835004,0.9401910744666928
t1v4,117,0.9554013875123885,0.9143150333504361
t1v4,118,0.8171708070536748,0.8179583853409339
t1v4,119,0.19362389023405974,0.0
t1v4,120,0.8965322234035333,0.9956844248889452
t1v4,121,0.4471730963071566,0.3754803996925442
t1v4,122,0.614562833848749,0.48075624577987847
t1v4,123,0.9767979276542612,0.9652979141333832
t1v4,124,0.9300989466964571,0.9659871792759093
t1v4,125,0.924074340873073,0.9194718514219384
t1v4,126,0.10559922266756892,0.0970675503834149
t1v4,127,0.9301997175711115,0.9396332277001402
t1v4,128,0.9299482839680301,0.8882051282051282
t1v4,129,0.0,0.0
t1v4,130,0.841155986785321,0.907251455377833
t1v4,131,0.9651639344262295,0.9096826688364524
t1v4,132,0.9308768661738658,0.9922702809836715
t1v4,133,0.9671347475351061,0.9583437766304075
t1v4,134,0.45577588920365125,0.4301124105824912
t1v4,135,0.9185243465337879,0.8792387079479963
t1v4,136,0.9228408252068845,0.9650940388906598
t1v4,137,0.9698920039271299,0.9784250269687162
t1v4,138,0.4586710901067259,0.33865527321789973
t1v4,139,0.9295922656578395,0.9525974025974026
t1v4,140,0.952819956616052,0.9588086617938384
t1v4,141,0.9104374784705477,0.8848296648095717
t1v4,142,0.8874590263445429,0.9027367339072337
t1v4,143,0.9560392124969502,0.9867999005596552
t1v4,144,0.3952427792184566,0.711578079934075
t1v4,145,0.9277003202536149,0.955379176949243
t1v4,146,0.5441379310344827,0.8552672710221945
t1v4,147,0.6096318470668557,0.46815362595419846
t1v4,148,0.9601002715688323,0.9617021276595744
t1v4,149,0.7063860996365283,0.7069277888016564
t1v4,150,0.8657565415244596,0.0
t1v4,151,0.9886920279627385,0.9990260612573885
t1v4,152,0.7216236455611084,0.700845843176103
t1v4,153,0.7102413072392172,0.7459834997828919
t1v4,154,0.20689655172413793,0.0
t1v4,155,0.9120896717373899,0.8694481830417228
t1v4,156,0.9766793870010297,0.9758732887224507
t1v4,157,0.9757618710134657,0.987185598519474
t1v4,158,0.8652263374485597,0.8363452119574396
t1v4,159,0.7156467570538659,0.8955336866010598
t1v4,160,0.47705582429075694,0.4452485240906494
t1v4,161,0.8845771144278607,0.0
t1v4,162,0.9435005926511261,0.8700854700854701
t1v4,163,0.869663183248514,0.9247566089671353
t1v4,164,0.9403718743321222,0.9097283085013146
t1v4,165,0.9382587369711833,0.9388176681450878
t1v4,166,0.9848046309696092,0.9543773119605425
t1v4,167,0.41897417602019815,0.36247883900279254
t1v4,168,0.8528888563978848,0.9238089893945345
t1v4,169,0.8378517325290469,0.9547200558724246
t1v4,170,0.1699738903394256,0.0
t1v4,171,0.5209265447131449,0.7513349215476876
t1v4,172,0.5149187592319054,0.0
t1v4,173,0.5163375783775364,0.4792855756163852
t1v4,174,0.7498956158663883,0.7188796680497925
t1v4,175,0.9380395585181948,0.9408695652173913
t1v4,176,0.8669471876341778,0.9212209873578026
t1v4,177,0.953414535588524,0.9333018812289909
t1v4,178,0.9510275023003782,0.8576964477933262
t1v4,179,0.9455858069966591,0.9303575601776116
t1v4,180,0.8017042428546067,0.9657048805884921
t1v4,181,0.9735314906439493,0.9991131590736626
t1v4,182,0.7406322680678784,0.7586412395709178
t1v4,183,0.5813160717021603,0.8552847367528135
t1v4,184,0.001567776169802219,0.0005461366766395972
t1v4,185,0.67440780306549,0.0
t1v4,186,0.597341211225997,0.731660601417353
t1v4,187,0.9609061324542496,0.892231243622166
t1v4,188,0.9085977234197142,0.8761332143360421
t1v4,189,0.976438909458095,0.9686281159911819
t1v4,190,0.37464772531201473,0.7817116658176261
t1v4,191,0.30626871087725666,0.10613159502953759
t1v4,192,0.9298103480022095,0.9842534590260851
t1v4,193,0.1797123309809837,0.2402212564203872
t1v4,194,0.18181818181818182,0.153918791312559
t1v4,195,0.6469002212528104,0.8658006884117357
t1v4,196,0.8411602637525927,0.8436264859833051
t1v4,197,0.8692579505300353,0.8716337522441652
t1v4,198,0.9002724795640327,0.0
t1v4,199,0.05349894746635963,0.037843844666697116
t1v4,200,0.9556468754428227,0.9072995969547694
t1v4,201,0.4446984112022904,0.4368620420437787
t1v4,202,0.9527272229297619,0.9928727674026
t1v4,203,0.9155962570048052,0.9425621749652439
t1v4,204,0.9566294919454771,0.9526328924382331
t1v4,205,0.6227634685651187,0.6230803183429422
t1v4,206,0.8628172122103714,0.9507782919646613
t1v4,207,0.9621362847794102,0.9949272710250147
t1v4,208,0.9532108564133873,0.9612428634167764
t1v4,209,0.8048402109835557,0.9074806858865649
t1v4,210,0.7351195006850357,0.8726953000106575
t1v4,211,0.7631248430042703,0.7153665536133577
t1v4,212,0.7149005943840951,0.8117219917012448
t1v4,213,0.37553679845994375,0.43603793466807167
t1v4,214,0.539793239251723,0.7647127374431885
t1v4,215,0.8804333952604484,0.9131485429992893
t1v4,216,0.6139490748062628,0.6598576700052715
t1v4,217,0.9513068731848984,0.9421143847487001
t1v4,218,0.9243835821453961,0.9941287650299594
t1v4,219,0.5948381185094685,0.43123564538355535
t1v4,220,0.951627088830255,0.9524245196706312
t1v4,221,0.933465146220342,0.9822513862321122
t1v4,222,0.9860495805448204,0.9988970107120824
t1v4,223,0.2017717561229807,0.0
t1v4,224,0.6612835984640703,0.6486121114743199
t1v4,225,0.8391438955444879,0.8539872186718533
t1v4,226,0.6826754266891097,0.6860890208786546
t1v4,227,0.8155184335990101,0.9317942452710958
t1v4,228,0.0028094744121715076,4.492060283449004e-05
t1v4,229,0.23035940803382665,0.2766283015102122
t1v4,230,0.9472193230952736,0.9302273154236332
t1v4,231,0.8842480847937874,0.9846410286938921
t1v4,232,0.617542537152703,0.6123025481378992
t1v4,233,0.8732623294409513,0.8622421033412452
t1v4,234,0.9455488331892826,0.879162702188392
t1v4,235,0.7356780631441191,0.7696781822249209
t1v4,236,0.9315734173890202,0.9195424836601307
t1v4,237,0.8325621847277788,0.8720589720286782
t1v4,238,0.7249887842081651,0.7716100524716929
t1v4,239,0.9497308727412533,0.918471276950169
t1v4,240,0.5898617511520737,0.8377906976744186
t1v4,241,0.9403568035469229,0.8564550105326513
t1v4,242,0.9839940336182663,0.9795793147086457
t1v4,243,0.9480968858131488,0.9281231018424783
t1v4,244,0.9533941867347893,0.993275610699515
t1v4,245,0.8427591756606785,0.8865293077074271
t1v4,246,0.7179336314426924,0.7324615630772812
t1v4,247,0.15981350773813377,0.21788202963980763
t1v4,248,0.9843078956062108,0.979911081837642
t1v4,249,0.6982444518052335,0.8084644601193706
t1v4,250,0.37468830183224316,0.28140598066401856
t1v4,251,0.9096785167545501,0.8660578386605784
t1v4,252,0.010331718682935802,0.0
t1v4,253,0.03097530347425701,0.0
t1v4,254,0.9291044776119403,0.8248847926267281
t1v4,255,0.42948717948717946,0.0
t1v4,256,0.9133285017788905,0.9028696826468602
t1v4,257,0.9836635292568946,0.9870378129255264
t1v4,258,0.8613874519166999,0.8815928270042194
t1v4,259,0.8611435938952355,0.8965742677824268
t1v4,260,0.9590257651094153,0.9452225334578276
t1v4,261,0.6068456045309037,0.7064141096432982
t1v4,262,0.9234592445328031,0.8794771241830065
t1v4,263,0.902169846614291,0.8737123235406333
t1v4,264,0.9053954950235725,0.9179651222784027
t1v4,265,0.9209672382659226,0.9773384523334663
t1v4,266,0.7772921908797952,0.790874869608599
t1v4,267,0.597914691943128,0.5562364103577783
t1v4,268,0.9259850905218318,0.9185048210276053
t1v4,269,0.6942253879419995,0.8791723164366514
t1v4,270,0.5299530516431925,0.7359583092067169
t1v4,271,0.9130699088145897,0.0
t1v4,272,0.9443772672309553,0.8766066838046273
t1v4,273,0.914187643020595,0.8515337423312883
t1v4,274,0.40080321285140563,0.6222990492653414
t1v4,275,0.7170582226762002,0.6209010113392583
t1v4,276,0.6613582309377716,0.6420954834350387
t1v4,277,0.6395101458979039,0.7821721109247015
t1v4,278,0.8944092536491325,0.8600979259503768
t1v4,279,0.21432437308316796,0.0
t1v4,280,0.3464627151051625,0.0
t1v4,281,0.9421265141318977,0.8961593172119487
t1v4,282,0.9686531174646917,0.9606557377049181
t1v4,283,0.7374911074223381,0.8609986504723347
t1v4,284,0.862297053517739,0.0
t1v4,285,0.5003043213633597,0.0
t1v4,286,0.3445363364420201,0.728210601209534
t1v4,287,0.9782899628252788,0.9714943211342885
t1v4,288,0.5709465791940018,0.8792470462585942
t1v4,289,0.9253764711518501,0.8985645460973083
t1v4,290,0.12518289708990407,0.08726880948105585
t1v4,291,0.9345149619990465,0.9621119251931465
t1v4,292,0.9245338857650193,0.9426092251484244
t1v4,293,0.9498617119353238,0.9824197018025369
t1v4,294,0.752835916280556,0.7376133984647593
t1v4,295,0.002045784660706614,0.0
t1v4,296,0.19389776779817725,0.1951417004048583
t1v4,297,0.9049594229035167,0.8764761012183693
t1v4,298,0.9809382366165711,0.9832953164055563
t1v4,299,0.32392546480858386,0.20016082378362723
t1v4,300,0.6913455322258762,0.69248330092162
t1v4,301,0.949380284953087,0.9315455187014821
t1v4,302,0.9815500340569194,0.9823304821381005
t1v4,303,0.9512328767123288,0.9195108596459208
t1v4,304,0.9743953165922046,0.992607135188196
t1v4,305,0.748295311053119,0.9114195380740582
t1v4,306,0.6906794364633215,0.7417913956586475
t1v4,307,0.9939378261651971,0.9958706914145607
t1v4,308,0.8506803640623593,0.8858917135649137
t1v4,309,0.7971514242878561,0.707265306122449
t1v4,310,0.9639828394692208,0.9498977505112475
t1v4,311,0.8602897162696037,0.9226361031518625
t1v4,312,0.9620784964068546,0.93026941362916
t1v4,313,0.9836834591066694,0.9764766307139189
t1v4,314,0.9642481725367003,0.995853820908422
t1v4,315,0.5154382814118947,0.853910149750416
t1v4,316,0.7105661519830457,0.8589965397923875
t1v4,317,0.970277951731779,0.9746542668529851
t1v4,318,0.5573033707865168,0.0
t1v4,319,0.879646017699115,0.9147323543344387
t1v4,320,0.8031496062992126,0.0
t1v4,321,0.9013545816733067,0.8810160427807486
t1v4,322,0.9339304521759141,0.9589156990546899
t1v4,323,0.9644860816578531,0.9794984997290259
t1v4,324,0.40452047372087624,0.49686003193187867
t1v4,325,0.1429372197309417,0.17566129801518876
t1v4,326,0.9411764705882353,0.8553082191780822
t1v4,327,0.9405210932513202,0.96719842265639
t1v4,328,0.8710355850929586,0.8166403973826241
t1v4,329,0.9902990490012603,0.9955521800014241
t1v4,330,0.7730114623133032,0.7503083120940558
t1v4,331,0.9269662921348315,0.8200493015612161
t1v4,332,0.16569335122782836,0.08849113415858147
t1v4,333,0.6525364836692147,0.0
t1v4,334,0.7984214680347277,0.8034309096632043
t1v4,335,0.9597287881098455,0.9665208672912978
t1v4,336,0.9171974522292994,0.8009049773755657
t1v4,337,0.9693904477086815,0.9808689589053036
t1v4,338,0.9823664019383497,0.9805574439157037
t1v4,339,0.9183270507987794,0.8591461364836959
t1v4,340,0.9939583333333334,0.9931009346281013
t1v4,341,0.8551757654300988,0.8738551441254144
t1v4,342,0.7731277533039648,0.8917622184272587
t1v4,343,0.6105574012550756,0.37894079200307573
t1v4,344,0.9933477925442874,0.9954050150978075
t1v4,345,0.627017841971113,0.8845845578413037
t1v4,346,0.9303804517707589,0.9596102456467122
t1v4,347,0.8697788697788698,0.0
t1v4,348,0.4558173076923077,0.39529873742194105
t1v4,349,0.17638483965014579,0.0
t1v4,350,0.6443415271345446,0.9183523354174329
t1v4,351,0.9901841413002631,0.9898974803479093
t1v4,352,0.8178184920741839,0.8605998318228534
t1v4,353,0.6785714285714286,0.0
t1v4,354,0.42001522374904854,0.4915090432141378
t1v4,355,0.9693396226415094,0.9693509615384616
t1v4,356,0.9293971319871233,0.948105768878131
t1v4,357,0.854315379623621,0.8732504496051294
t1v4,358,0.2851260419805162,0.7584830339321357
t1v4,359,0.27943747227802856,0.22525132049752938
t1v4,360,0.2782437979653757,0.3157894736842105
t1v4,361,0.6036391398396742,0.8390754470126471
t1v4,362,0.9813223917596273,0.9969696538576449
t1v4,363,0.21534936998854526,0.8080931943592887
t2v0,0,0.5616096866096866,0.0
t2v0,1,0.7226341807909604,0.8349601705374172
t2v0,2,0.0,0.0
t2v0,3,0.955419246911044,0.937555270289545
t2v0,4,0.0,0.0
t2v0,5,0.8660417274038857,0.972365821671066
t2v0,6,0.6445276129621178,0.5531941183739034
t2v0,7,0.5385281385281385,0.0
t2v0,8,0.5646766169154229,0.0
t2v0,9,0.9795871672087209,0.9682319648935734
t2v0,10,0.8994091367632223,0.7744910388028536
t2v0,11,0.616383160318374,0.6686797661928693
t2v0,12,0.9772903083213614,0.9958769248029619
t2v0,13,0.9859009671861048,0.993089184826473
t2v0,14,0.9230001663063363,0.9139765554553652
t2v0,15,0.8568992165431967,0.8678539019963702
t2v0,16,0.7660823352105973,0.4846933939910909
t2v0,17,0.9441233140655106,0.8641726328526772
t2v0,18,0.060641951912827195,0.0
t2v0,19,0.6095452837279218,0.0
t2v0,20,0.877779351366662,0.9534957291996203
t2v0,21,0.7878557874762808,0.8121148551199685
t2v0,22,0.438572972972973,0.4340712223291627
t2v0,23,0.9392164042475284,0.9116527037319117
t2v0,24,0.33891702376314764,0.0
t2v0,25,0.8529296106960284,0.0
t2v0,26,0.16550914604323583,0.0
t2v0,27,0.9397260273972603,0.0
t2v0,28,0.6756115370573202,0.8005976225017863
t2v0,29,0.363013698630137,0.0
t2v0,30,0.1951463143317669,0.15670581549535897
t2v0,31,0.9761340613303114,0.993086828624703
t2v0,32,0.8319339298004129,0.6967079150128415
t2v0,33,0.31466565349544073,0.1924049701551564
t2v0,34,0.526079058904939,0.6413461538461539
t2v0,35,0.9064622124863089,0.8445431472081218
t2v0,36,0.02123472985160285,0.0
t2v0,37,0.8804608737397984,0.0
t2v0,38,0.8655737704918033,0.7684197313919919
t2v0,39,0.8215527230590962,0.0
t2v0,40,0.9427363044403589,0.9173328151360709
t2v0,41,0.8524959083469722,0.9177737059092991
t2v0,42,0.7823633156966491,0.0
t2v0,43,0.9340949033391915,0.9191643960036331
t2v0,44,0.9189655172413793,0.0
t2v0,45,0.7986950004408783,0.7136470087289759
t2v0,46,0.015709190255748653,0.0
t2v0,47,0.935690897184021,0.9501652682430715
t2v0,48,0.9863524941262288,0.9941243787042888
t2v0,49,0.9081223507847406,0.9435872996961935
t2v0,50,0.7855811822208645,0.9782376298106292
t2v0,51,0.8098898515075331,0.9806398587562023
t2v0,52,0.9549948857824753,0.8843512158901058
t2v0,53,0.9336500601997982,0.9677877783041212
t2v0,54,0.884158374270479,0.8274012455111596
t2v0,55,0.9362566743845391,0.8783260879950318
t2v0,56,0.8902093944538766,0.0
t2v0,57,0.6790955969853233,0.9056286080821039
t2v0,58,0.4397163120567376,0.48214485615134894
t2v0,59,0.17440832475832982,0.0
t2v0,60,0.09069891516983816,0.0
t2v0,61,0.9620347858612306,0.994402062124092
t2v0,62,0.6945407708312692,0.8498246683945724
t2v0,63,0.8584849054202299,0.9947194755001965
t2v0,64,0.0070710829921845925,0.0
t2v0,65,0.8827852998065764,0.8311688311688312
t2v0,66,0.9054494643688868,0.8185473063521844
t2v0,67,0.531007153517575,0.0
t2v0,68,0.025996199148365328,0.13416608836456165
t2v0,69,0.846306987855863,0.8785152385887229
t2v0,70,0.9515387336399009,0.0
t2v0,71,0.2958098811757348,0.0
t2v0,72,0.5094397179947802,0.32665233980965747
t2v0,73,0.9404180035383369,0.9942452031400238
t2v0,74,0.9902451352034369,0.9975706761259808
t2v0,75,0.028627179131685023,0.010967529005559928
t2v0,76,0.29168309026409145,0.2280383939434906
t2v0,77,0.9639164380671028,0.9098071739581174
t2v0,78,0.18189142914694328,0.0
t2v0,79,0.5043313907702001,0.0
t2v0,80,0.8177032559953207,0.9377154677085727
t2v0,81,0.45414847161572053,0.0
t2v0,82,0.9270036581310276,0.963258785942492
t2v0,83,0.946,0.8901052631578947
t2v0,84,0.7911688866511039,0.9567878596269365
t2v0,85,0.1020310633213859,0.0
t2v0,86,0.9168552364374819,0.9321282597432502
t2v0,87,0.8648108996946207,0.9371500078210543
t2v0,88,0.967193353121881,0.993425391179233
t2v0,89,0.11062496281163847,0.08858726688184053
t2v0,90,0.7704324201947023,0.7972575472741347
t2v0,91,0.0528169014084507,0.028587426313769652
t2v0,92,0.007212260843433837,0.0
t2v0,93,0.559656859783725,0.9086538461538461
t2v0,94,0.6909920858404719,0.5928427709111814
t2v0,95,0.24596651445966514,0.0
t2v0,96,0.32873343352917067,0.0
t2v0,97,0.87424188369604,0.8955946726273634
t2v0,98,0.0028505067567567567,0.0
t2v0,99,0.43850700348149946,0.0
t2v0,100,0.3495594504973946,0.0
t2v0,101,0.03928679359323058,0.05854245330303739
t2v0,102,0.9200100933636134,0.8113154172560113
t2v0,103,0.7089387934830471,0.0
t2v0,104,0.556783031374282,0.0
t2v0,105,0.1395621371118095,0.30196523053665913
t2v0,106,0.8871868517632041,0.8836689752018638
t2v0,107,0.9351383516810473,0.9281307834669957
t2v0,108,0.5527004684486084,0.913381227732025
t2v0,109,0.9257254414766173,0.8630242730937473
t2v0,110,0.7453203743700504,0.8208223311957752
t2v0,111,0.0,0.0
t2v0,112,0.9561655744282467,0.9402315216045561
t2v0,113,0.0,0.0
t2v0,114,0.8110908232977043,0.9894630715699655
t2v0,115,0.9081796311146753,0.0
t2v0,116,0.7009048494274,0.8756222185594198
t2v0,117,0.9173949816746546,0.8399558498896247
t2v0,118,0.22730714225624632,0.0
t2v0,119,0.7446590840705302,0.825523295070898
t2v0,120,0.8062317429406037,0.9558198810535259
t2v0,121,0.6605357856857257,0.0
t2v0,122,0.7027027027027027,0.0
t2v0,123,0.9707634802560972,0.9880952380952381
t2v0,124,0.9307286505100253,0.8621614982828699
t2v0,125,0.09832355406538139,0.0
t2v0,126,0.9500613999181334,0.881124225184682
t2v0,127,0.8059067548243689,0.8011161492849669
t2v0,128,0.8686653771760154,0.8988004362050164
t2v0,129,0.914446506615578,0.8976986921529175
t2v0,130,0.7843400624185202,0.8027132051467764
t2v0,131,0.9351802044109736,0.8249213718735959
t2v0,132,0.9713745316989779,0.9802505076643844
t2v0,133,0.9911560099207549,0.998782589829201
t2v0,134,0.45032475342795286,0.0
t2v0,135,0.9055298787450383,0.9893365054751309
t2v0,136,0.2562959661243593,0.0
t2v0,137,0.9895618283200525,0.9912263674832098
t2v0,138,0.9853286412475575,0.9944100010163635
t2v0,139,0.74502093281436,0.7504754877327345
t2v0,140,0.6014780905087967,0.4256811556081629
t2v0,141,0.8421052631578947,0.0
t2v0,142,0.23911725475930642,0.0
t2v0,143,0.8956668271545498,0.9969723087803045
t2v0,144,0.9763327755199618,0.9819088204550936
t2v0,145,0.7055484752532486,0.7224922725698675
t2v0,146,0.8798303317876272,0.8451328966975084
t2v0,147,0.703929164360819,0.0
t2v0,148,0.9857999368886083,0.9586589880707528
t2v0,149,0.8197173388486728,0.0
t2v0,150,0.8842358604091456,0.8110470522596244
t2v0,151,0.988141504733433,0.9830654801434453
t2v0,152,0.6859504132231405,0.7798469560506535
t2v0,153,0.1746197124400917,0.0
t2v0,154,0.919213992961393,0.9926315009509069
t2v0,155,0.877006931690266,0.8258314578644661
t2v0,156,0.9794867603792089,0.9732259114583334
t2v0,157,0.968801996672213,0.910913140311804
t2v0,158,0.9896997672910388,0.9798329206132026
t2v0,159,0.5571847507331378,0.0
t2v0,160,0.8346373571783408,0.8868762698440029
t2v0,161,0.9281090289608177,0.9420074349442379
t2v0,162,0.777526395173454,0.9639942390782525
t2v0,163,0.7105836764349721,0.8282901932191031
t2v0,164,0.862184249628529,0.8843474222015791
t2v0,165,0.4346057359821005,0.5277164341822045
t2v0,166,0.7909059928922643,0.8412486913486247
t2v0,167,0.048273550117331546,0.0
t2v0,168,0.9030201342281879,0.8980573543015726
t2v0,169,0.0,0.0
t2v0,170,0.01807114323758798,0.0
t2v0,171,0.8750529436679373,0.0
t2v0,172,0.7592073648403531,0.7195725912199139
t2v0,173,0.8319498247555801,0.8766388256137687
t2v0,174,0.9170305676855895,0.0
t2v0,175,0.9838487023743788,0.9834670387164284
t2v0,176,0.295146330076554,0.6626617258343978
t2v0,177,0.4878234398782344,0.0
t2v0,178,0.9241121907721159,0.9760491943608168
t2v0,179,0.9391279728199321,0.8833341486083256
t2v0,180,0.6585651627150876,0.7114884609189849
t2v0,181,0.5752880413190306,0.0
t2v0,182,0.3660992567729561,0.5518481518481518
t2v0,183,0.4051393637964978,0.0
t2v0,184,0.8881725338049866,0.9789181670539051
t2v0,185,0.7198310663933917,0.0
t2v0,186,0.8601769911504424,0.8483159680155077
t2v0,187,0.6189861155957378,0.800111225867959
t2v0,188,0.7567118737890949,0.0
t2v0,189,0.119010201635458,0.11317536050323854
t2v0,190,0.37013446567586694,0.0
t2v0,191,0.9101756342347366,0.9870680517277931
t2v0,192,0.7389000548145441,0.0
t2v0,193,0.5333821644387475,0.3782164852779887
t2v0,194,0.8479709624587479,0.9366119474150262
t2v0,195,0.9406807687125657,0.991215979441654
t2v0,196,0.9462476577635215,0.9868853456669913
t2v0,197,0.47941176470588237,0.7716621253405994
t2v0,198,0.2997226028541827,0.6543868153174988
t2v0,199,0.9821377812645677,0.9902608178166379
t2v0,200,0.8766603415559773,0.6497523677122252
t2v0,201,0.97751421381303,0.9969568931327984
t2v0,202,0.8937203708460802,0.9259298292239242
t2v0,203,0.635762741346321,0.6625821543945639
t2v0,204,0.9707898991025141,0.9820237422272471
t2v0,205,0.9747731118289494,0.9329009170208007
t2v0,206,0.36227544910179643,0.0
t2v0,207,0.4769742759489117,0.0
t2v0,208,0.23462489694971145,0.0
t2v0,209,0.6242329099471957,0.9592425475257046
t2v0,210,0.6714502983270288,0.5637847771272276
t2v0,211,0.9898982788356623,0.9795117851013904
t2v0,212,0.9728854013187282,0.9561160907667189
t2v0,213,0.7618567103935419,0.849324301553601
t2v0,214,0.4536884279990573,0.37506400409626217
t2v0,215,0.9285203716940672,0.8394174757281554
t2v0,216,0.905022376926902,0.8458685654947338
t2v0,217,0.8621506395073425,0.0
t2v0,218,0.9305785123966942,0.9453090262338817
t2v0,219,0.3162062615101289,0.0
t2v0,220,0.9487082066869301,0.8530259365994236
t2v0,221,0.9950886362162112,0.9980798149219202
t2v0,222,0.829246911212777,0.8827975173471878
t2v0,223,0.8957408280207377,0.8785150548329178
t2v0,224,0.9503111589463371,0.9972676513681543
t2v0,225,0.8147288321403238,0.858191099058861
t2v0,226,0.6038991916310034,0.7885876306928938
t2v0,227,0.7819615061422112,0.7518871020676074
t2v0,228,0.9816600567712842,0.9852287451410345
t2v0,229,0.5468677494199536,0.901089862224964
t2v0,230,0.9150588235294118,0.9009729441556711
t2v0,231,0.7154072147570197,0.6506895772100384
t2v0,232,0.812243033348561,0.0
t2v0,233,0.7124600638977636,0.0
t2v0,234,0.9596467327476864,0.9638786942244543
t2v0,235,0.36899747262005056,0.0
t2v0,236,0.8675946358852487,0.8024170343372339
t2v0,237,0.016154928880118262,0.020598109848620618
t2v0,238,0.7701024188276313,0.0
t2v0,239,0.7629597894607993,0.0
t2v0,240,0.8837560712358338,0.7532345330510468
t2v0,241,0.8453757225433526,0.0
t2v0,242,0.0349617997154976,0.033133505160975726
t2v0,243,0.6189929255097795,0.658818963844512
t2v0,244,0.7567905088979082,0.0
t2v0,245,0.42802155504234024,0.1928598271326569
t2v0,246,0.8731792581083706,0.8174182139699381
t2v0,247,0.9565538007742888,0.9548179739168058
t2v0,248,0.8720028844420408,0.7616861231866361
t2v0,249,0.9399124552327895,0.873609543769144
t2v0,250,0.8859730419654326,0.9244642511546649
t2v0,251,0.9730322297741724,0.9267234701781565
t2v0,252,0.4311871201511044,0.2904007507949181
t2v0,253,0.9642485248177716,0.9218296224588577
t2v0,254,0.6987724268177526,0.0
t2v0,255,0.22611384666619092,0.23262347476665704
t2v0,256,0.9776061622759127,0.952246585542688
t2v0,257,0.6445524735487561,0.7891624556499302
t2v0,258,0.9236962488563586,0.7612772427774962
t2v0,259,0.911599967529832,0.9621046533062966
t2v0,260,0.9370156096496016,0.9256513681456449
t2v0,261,0.9393841413545847,0.954943444440269
t2v0,262,0.44009157975069957,0.0
t2v0,263,0.9196234612599565,0.848529104944711
t2v0,264,0.8391911960702182,0.9967927631578948
t2v0,265,0.9312648624164874,0.5062075815262373
t2v0,266,0.7838070628768303,0.0
t2v0,267,0.9864350821789994,0.9813507554764457
t2v0,268,0.8509728458413512,0.9581630133604017
t2v0,269,0.0,0.0
t2v0,270,0.9684000055929194,0.995019763387383
t2v0,271,0.771940833706858,0.8250771411892253
t2v0,272,0.48200364902968984,0.0
t2v0,273,0.7901982671556902,0.755939524838013
t2v0,274,0.7015193324246152,0.7024370052258498
t2v0,275,0.8480720047216211,0.9769018381080833
t2v0,276,0.9286842822119313,0.8886702536510377
t2v0,277,0.9371783997738197,0.9236379958480615
t2v0,278,0.6941971755571916,0.6732607430803756
t2v0,279,0.9116370084999694,0.9935111130273568
t2v0,280,0.8149563444129575,0.8816462245158608
t2v0,281,0.8907925162917806,0.8553141135972461
t2v0,282,0.9765302290649643,0.9832402234636871
t2v0,283,0.9510391548972328,0.9969608259402445
t2v0,284,0.8428503512756854,0.876552881925014
t2v0,285,0.5177664974619289,0.0
t2v0,286,0.6111215745362086,0.9855825937589464
t2v0,287,0.9580771380659586,0.9483762866033671
t2v0,288,0.6054927302100162,0.0
t2v0,289,0.3209242618741977,0.7828985507246377
t2v0,290,0.6840151327652654,0.0
t2v0,291,0.011380880121396054,0.0
t2v0,292,0.6382938026013772,0.8515527950310559
t2v0,293,0.981553247558518,0.987013999922006
t2v0,294,0.6101035261150464,0.9255017854943972
t2v0,295,0.4943557804593227,0.0
t2v0,296,0.9839853267267102,0.9683608675334671
t2v0,297,0.786877511719571,0.876937969119444
t2v0,298,0.9458012077936876,0.9427907154019133
t2v0,299,0.3589445542252703,0.0
t2v0,300,0.8975940031435135,0.8703615604186489
t2v0,301,0.9620582966943495,0.9758814102564103
t2v0,302,0.25712012728719175,0.0
t2v0,303,0.9435782998100178,0.8897909828986008
t2v0,304,0.9685074114628446,0.9543266962347834
t2v0,305,0.6650690025617717,0.0
t2v0,306,0.8309652131308183,0.9364443172058402
t2v0,307,0.9749081029247243,0.8918285658498487
t2v0,308,0.4635612321562735,0.7074475992269957
t2v0,309,0.9176050322280034,0.8634005763688761
t2v0,310,0.9808171670098623,0.9714471474237417
t2v0,311,0.1258800799030684,0.0
t2v0,312,0.9048836020631011,0.7688190355700453
t2v0,313,0.872291210129048,0.9489972107849648
t2v0,314,0.831571662262489,0.8485851505711319
t2v0,315,0.8530432409248645,0.8449751088985687
t2v0,316,0.4967741935483871,0.7869225302061122
t2v0,317,0.94423615048375,0.9223720058026394
t2v0,318,0.9610997157148512,0.8489241568747139
t2v0,319,0.17250582022599512,0.0
t2v0,320,0.9353407716090872,0.9144774688398849
t2v0,321,0.6694949494949495,0.6818677938520767
t2v0,322,0.9593607192617357,0.9831421141196267
t2v0,323,0.6685941452837008,0.0
t2v0,324,0.9400950475237618,0.8837383177570094
t2v0,325,0.9554317548746518,0.9732204165712978
t2v0,326,0.32731300051116036,0.0
t2v0,327,0.868494683827644,0.7806963958460599
t2v0,328,0.8900202504206953,0.9625795075256628
t2v0,329,0.15605014070094653,0.0
t2v0,330,0.9912339228030308,0.9913073210504859
t2v0,331,0.8222429036761284,0.0
t2v0,332,0.7227930784216356,0.9322717296993824
t2v0,333,0.133744752897803,0.13125461952317927
t2v0,334,0.8216569267789618,0.8203747418117439
t2v0,335,0.8579217447081462,0.0
t2v0,336,0.6181997634359749,0.9402467671676511
t2v0,337,0.949306819773141,0.9671129220023282
t2v0,338,0.9489377695845936,0.9621553371553372
t2v0,339,0.7706748466257669,0.7461400359066427
t2v0,340,0.8932804137683064,0.990694599816943
t2v0,341,0.42118575475515985,0.6957991716676528
t2v0,342,0.7802547770700637,0.0
t2v0,343,0.03854629664213947,0.0
t2v0,344,0.853125,0.9017384731670446
t2v0,345,0.6324237793785927,0.8256319587136236
t2v0,346,0.9898618947462136,0.9772531144203749
t2v0,347,0.9336617061412702,0.9737953660036908
t2v0,348,0.9708911777877295,0.9547312641937926
t2v0,349,0.31559672554933216,0.0
t2v0,350,0.7825935140325608,0.778063410454156
t2v0,351,0.930588545790446,0.8427195798074117
t2v0,352,0.6036793095616625,0.0
t2v0,353,0.5476190476190477,0.8146757186190957
t2v0,354,0.601063829787234,0.5988207737662548
t2v0,355,0.9198077409562357,0.8013915243516762
t2v0,356,0.09368029739776952,0.05813505585350677
t2v0,357,0.8217086256706562,0.9078515526382227
t2v0,358,0.8449528520636883,0.8195257466018454
t2v0,359,0.5283661820787668,0.3781581272084806
t2v0,360,0.9764962688461343,0.9143882613744326
t2v0,361,0.9789427078721332,0.9802108963093146
t2v0,362,0.9396337678460583,0.9415200063136295
t2v0,363,0.9914723083016845,0.9942573119109971
t2v1,0,0.7076528978546269,0.6428811847862672
t2v1,1,0.758405236536745,0.0
t2v1,2,0.0,0.0
t2v1,3,0.9309108734948988,0.8970027606152228
t2v1,4,0.0,0.0
t2v1,5,0.6674709870159715,0.5306918537879688
t2v1,6,0.390904538626121,0.38038721503035855
t2v1,7,0.7538631346578366,0.0
t2v1,8,0.2958850424559112,0.8722466960352423
t2v1,9,0.8748906074190494,0.8987325117319416
t2v1,10,0.9422298349423855,0.8606421714664019
t2v1,11,0.7098851561661479,0.7611178856730458
t2v1,12,0.9777790169236346,0.9833099971996639
t2v1,13,0.952272426129588,0.9966920571348905
t2v1,14,0.9644652452764777,0.922004037438062
t2v1,15,0.9156816390858944,0.8738111185532484
t2v1,16,0.660949410949411,0.5362991008045433
t2v1,17,0.9648598989435002,0.9265993265993266
t2v1,18,0.15685361880381662,0.18394540136496587
t2v1,19,0.4426807760141093,0.0
t2v1,20,0.9643253527826224,0.957022888193644
t2v1,21,0.9656891843761131,0.8467601870407482
t2v1,22,0.9790570719602978,0.9455406471981057
t2v1,23,0.9414990859232175,0.9304556354916067
t2v1,24,0.11537939459752952,0.0
t2v1,25,0.8590396105333038,0.8001880582980724
t2v1,26,0.0,0.0
t2v1,27,0.9602076124567474,0.8421052631578947
t2v1,28,0.9756521281356111,0.9832155946247411
t2v1,29,0.579624134520277,0.0
t2v1,30,0.44387299921280504,0.45906236664024874
t2v1,31,0.9974083472814643,0.9958896620613783
t2v1,32,0.9178082191780822,0.83257754398694
t2v1,33,0.13070433784255978,0.005076915266284206
t2v1,34,0.6287870619946092,0.5959962659475159
t2v1,35,0.9338155515370705,0.7961809879618099
t2v1,36,0.02161973851387352,0.0
t2v1,37,0.8428720083246618,0.0
t2v1,38,0.8505287224921406,0.8316013226263581
t2v1,39,0.7612841703750794,0.0
t2v1,40,0.985005092610057,0.9869180818235171
t2v1,41,0.8077214231642695,0.7616301926353034
t2v1,42,0.9199655765920827,0.7969126869271587
t2v1,43,0.713031735313977,0.9288928892889289
t2v1,44,0.958029197080292,0.80043980208906
t2v1,45,0.9469282087025789,0.9050852729251982
t2v1,46,0.0038504006115342147,0.0
t2v1,47,0.9629103127423106,0.9692889658267616
t2v1,48,0.9817675186624927,0.9903303787268332
t2v1,49,0.9437800517815312,0.9446598953524161
t2v1,50,0.8017679142373519,0.9892539861116499
t2v1,51,0.992490921400874,0.988158746800703
t2v1,52,0.9352568613652358,0.8846802925182824
t2v1,53,0.8460113910339285,0.9201175726457566
t2v1,54,0.9473032208881266,0.8847628657921291
t2v1,55,0.9018021707966414,0.9008741884361741
t2v1,56,0.8828776978417266,0.8329347454731807
t2v1,57,0.9647150393496498,0.9724140927060254
t2v1,58,0.5912996291941757,0.0
t2v1,59,0.005001974463604055,0.0
t2v1,60,0.34347826086956523,0.0
t2v1,61,0.9668184435023813,0.9887445432072792
t2v1,62,0.9686136523574947,0.8680288830849593
t2v1,63,0.8323932059287767,0.8061004700088087
t2v1,64,0.005892892693609397,0.0
t2v1,65,0.9506120726044744,0.9062075215224287
t2v1,66,0.9472088911341248,0.8528198074277854
t2v1,67,0.006221858370855505,0.0
t2v1,68,0.08454038438390242,0.20553087247697022
t2v1,69,0.9279769171013206,0.8891524692689239
t2v1,70,0.9565217391304348,0.9414381022979985
t2v1,71,0.13887268059283464,0.0
t2v1,72,0.21197548326261198,0.0
t2v1,73,0.9460302094158849,0.9927047368649149
t2v1,74,0.9829225326480994,0.9982495408631772
t2v1,75,0.0013628164874073085,0.0
t2v1,76,0.4429164620261642,0.5011852196142227
t2v1,77,0.9812686249467859,0.9682267067410906
t2v1,78,0.0005467468562055768,0.0
t2v1,79,0.9552158755698579,0.8928055475296157
t2v1,80,0.9715364050951407,0.95212256623045
t2v1,81,0.7713625866050808,0.0
t2v1,82,0.9774475988325816,0.980083288068079
t2v1,83,0.9286145183993565,0.9367250961949551
t2v1,84,0.8502608436428678,0.8761749080506743
t2v1,85,0.2860026917900404,0.0
t2v1,86,0.8974440286674701,0.8750484558728517
t2v1,87,0.8154285714285714,0.4909412886527721
t2v1,88,0.9924302097379277,0.9967127331275997
t2v1,89,0.2745072863837709,0.2750798341040692
t2v1,90,0.7952124102884144,0.80980271270037
t2v1,91,0.08821697254300637,0.014304529767759791
t2v1,92,0.01437297879985627,0.0
t2v1,93,0.8351315540412644,0.8835032592344978
t2v1,94,0.5306019037967353,0.2129375114531794
t2v1,95,0.24399708949793839,0.0
t2v1,96,0.6423917209658873,0.3870612019849292
t2v1,97,0.9013492590134926,0.8993094230340833
t2v1,98,0.0,0.0
t2v1,99,0.4497234563423701,0.0
t2v1,100,0.3299633763898331,0.0
t2v1,101,0.0006231823847112588,0.0
t2v1,102,0.9373899924566256,0.8652906029331885
t2v1,103,0.8943623426382047,0.0
t2v1,104,0.5458515283842795,0.0
t2v1,105,0.1549090909090909,0.0
t2v1,106,0.8002620685547515,0.7809190590734435
t2v1,107,0.9893532496424599,0.9666774506632158
t2v1,108,0.6765175548789576,0.9786257622430377
t2v1,109,0.9232330688318878,0.9274930102516309
t2v1,110,0.9287580956709465,0.8323744769874477
t2v1,111,0.0,0.0
t2v1,112,0.9930076817017924,0.9883804897262523
t2v1,113,0.0,0.0
t2v1,114,0.8352007193478543,0.915247206450442
t2v1,115,0.967128027681661,0.8580380814654134
t2v1,116,0.7733033739423516,0.8442679558011049
t2v1,117,0.8669660398540556,0.8678973175656187
t2v1,118,0.0,0.0
t2v1,119,0.9121401009201543,0.8868921775898521
t2v1,120,0.8771355019892347,0.938694792353329
t2v1,121,0.614448051948052,0.0
t2v1,122,0.8403001071811361,0.0
t2v1,123,0.9427613298840664,0.9901142355008787
t2v1,124,0.9843536365425846,0.9845713919890741
t2v1,125,0.029184753209399283,0.022105243438676682
t2v1,126,0.7407016404092902,0.6832869882059641
t2v1,127,0.9071184851405204,0.917176050968584
t2v1,128,0.8998968008255934,0.9044911222003017
t2v1,129,0.7373810155864842,0.8097676250492319
t2v1,130,0.6302878408141566,0.621380658515083
t2v1,131,0.9619453221596374,0.9053604970380003
t2v1,132,0.9909435742935443,0.9821369742669936
t2v1,133,0.8309716314054709,0.8372660015693308
t2v1,134,0.7086743044189853,0.0
t2v1,135,0.916998932693318,0.9629304045404348
t2v1,136,0.17771977696049354,0.0
t2v1,137,0.9894354507996641,0.9897317768320775
t2v1,138,0.9978156116519263,0.9976657957872951
t2v1,139,0.6107202859970388,0.593784589186888
t2v1,140,0.47041484242923404,0.27844397418815475
t2v1,141,0.8306371739848135,0.9018290406868235
t2v1,142,0.30016,0.0
t2v1,143,0.9724095646842428,0.9975402752232588
t2v1,144,0.8582096348237865,0.8620281946339245
t2v1,145,0.8199649948699378,0.8180755276448537
t2v1,146,0.9108146593719554,0.9421146813973391
t2v1,147,0.9289855072463769,0.0
t2v1,148,0.9689207928868586,0.9499752896600956
t2v1,149,0.9857490441432047,0.9408379787807948
t2v1,150,0.8997189883580892,0.8404477328780118
t2v1,151,0.9800513930213687,0.985808956422786
t2v1,152,0.9436924126948015,0.9435819321577128
t2v1,153,0.0,0.0
t2v1,154,0.930502168233835,0.974920731295959
t2v1,155,0.7622551524442174,0.6826316561537333
t2v1,156,0.9666680642321077,0.9761301839013657
t2v1,157,0.9503791982665222,0.9161636485580148
t2v1,158,0.9870696310020071,0.98038148727566
t2v1,159,0.9048888888888889,0.0
t2v1,160,0.9199710564399421,0.8906375227686704
t2v1,161,0.9782923299565847,0.9532360643471754
t2v1,162,0.9778846153846154,0.9690168333739937
t2v1,163,0.9403085177733065,0.8496683861459101
t2v1,164,0.9409062434746294,0.9120701592430187
t2v1,165,0.2993293677602201,0.3120335039553281
t2v1,166,0.8444716749929305,0.87365149021759
t2v1,167,0.012414649286157667,0.0
t2v1,168,0.9386425339366515,0.9164340219616601
t2v1,169,0.6157760814249363,0.0
t2v1,170,0.0,0.0
t2v1,171,0.965121834687052,0.0
t2v1,172,0.8669664695799549,0.875800317260096
t2v1,173,0.9478939820470601,0.9204628025264099
t2v1,174,0.9283128167994207,0.0
t2v1,175,0.9926773136201966,0.987995787995788
t2v1,176,0.3262668175531246,0.7694591853234745
t2v1,177,0.0,0.0
t2v1,178,0.9622290398833174,0.9769015004402769
t2v1,179,0.921176132554353,0.9600416627213332
t2v1,180,0.8269543270061889,0.8946924653651019
t2v1,181,0.5483646485734168,0.0
t2v1,182,0.9842931937172775,0.8874052688560087
t2v1,183,0.21565376479332227,0.0
t2v1,184,0.9812729977295859,0.9946221655485945
t2v1,185,0.4588116447791349,0.4458622630887596
t2v1,186,0.7080045095828635,0.0
t2v1,187,0.48851383028598216,0.2510708857261296
t2v1,188,0.8911614317019723,0.736
t2v1,189,0.2822384428223844,0.3557325369172059
t2v1,190,0.7216117216117216,0.0
t2v1,191,0.9897991711826586,0.9919397603139252
t2v1,192,0.7744131876007884,0.0
t2v1,193,0.7206586629928492,0.6334501752628944
t2v1,194,0.6747705367505649,0.7005326187272748
t2v1,195,0.9964460553568066,0.9958533519717135
t2v1,196,0.9928440241123617,0.9906984197233181
t2v1,197,0.7612387612387612,0.8451106352605282
t2v1,198,0.1833384789544098,0.25820568927789933
t2v1,199,0.9711348268089609,0.9884895085460188
t2v1,200,0.8004306698454203,0.5437735849056604
t2v1,201,0.966820706387749,0.995744388508704
t2v1,202,0.4093597427856944,0.4073448022028954
t2v1,203,0.038151804585707785,0.0
t2v1,204,0.994729907773386,0.9910714285714286
t2v1,205,0.9005654696335463,0.9593681232316882
t2v1,206,0.8755846585594013,0.0
t2v1,207,0.696259239901441,0.5658688277421786
t2v1,208,0.0004888780249327792,0.0
t2v1,209,0.9391009808764378,0.9802816901408451
t2v1,210,0.685707513628822,0.6575994834127048
t2v1,211,0.9925015103592878,0.9866496236330067
t2v1,212,0.9480364331931526,0.9624571087071843
t2v1,213,0.8927881625036829,0.8898817345597898
t2v1,214,0.5406511627906977,0.0
t2v1,215,0.9597096188747731,0.9070030120481928
t2v1,216,0.9527943570265871,0.8579193718858523
t2v1,217,0.4006334125098971,0.0
t2v1,218,0.9539130434782609,0.9569551427276847
t2v1,219,0.0,0.0
t2v1,220,0.9473049074818987,0.8957157784743992
t2v1,221,0.9987532963493365,0.9985171867325283
t2v1,222,0.9319117332359864,0.9378373076329091
t2v1,223,0.9538113189367571,0.9541639147403183
t2v1,224,0.9958064601746424,0.9954644315951409
t2v1,225,0.55901774659513,0.8157485753755828
t2v1,226,0.8925826630920465,0.8215069495245062
t2v1,227,0.8641900810861777,0.8585613582960661
t2v1,228,0.9606331927623242,0.9618946975818984
t2v1,229,0.6963295880149812,0.9567419286769361
t2v1,230,0.9695740365111561,0.947450369793694
t2v1,231,0.6666666666666666,0.5891025641025641
t2v1,232,0.8446839784419402,0.0
t2v1,233,0.9205462445685909,0.5806995364517489
t2v1,234,0.9665062560153994,0.9774147517590906
t2v1,235,0.6656191074795726,0.0
t2v1,236,0.9317758591501608,0.8535139712108383
t2v1,237,0.004490356203904051,0.0
t2v1,238,0.7681660899653979,0.728793621748791
t2v1,239,0.9317866459454959,0.9413772224362855
t2v1,240,0.9302758700966127,0.7954575120741417
t2v1,241,0.9532019704433498,0.0
t2v1,242,0.06996694767333902,0.08257652028604938
t2v1,243,0.6296314666931204,0.629862728579216
t2v1,244,0.9046339825386165,0.5785714285714286
t2v1,245,0.6460984060984061,0.39069581444948015
t2v1,246,0.9091291543962978,0.8245415440344125
t2v1,247,0.9830334848581855,0.9772083440638681
t2v1,248,0.884679556384336,0.7858912224017232
t2v1,249,0.9672934472934472,0.9054630300104594
t2v1,250,0.9486526769753993,0.9521495689633173
t2v1,251,0.9615413790487749,0.9291301627033792
t2v1,252,0.882786802635075,0.9727912365704655
t2v1,253,0.9659224441833137,0.9686024551463644
t2v1,254,0.8414634146341463,0.0
t2v1,255,0.1655019082725607,0.16909711786028558
t2v1,256,0.9633449419740201,0.9421555511076933
t2v1,257,0.6745372838753904,0.38557736193518943
t2v1,258,0.9348809758016919,0.8822593476531424
t2v1,259,0.9923409923409924,0.9655991135967921
t2v1,260,0.9461285100206553,0.9393618798374074
t2v1,261,0.9633580879858258,0.9672803989259685
t2v1,262,0.859299191374663,0.7690461907618477
t2v1,263,0.9404878048780487,0.885648342425514
t2v1,264,0.77601506864493,0.7999802439867635
t2v1,265,0.9360810338805449,0.8819247378161629
t2v1,266,0.8117178612059158,0.8516452872281093
t2v1,267,0.9955966127790609,0.9925298957874351
t2v1,268,0.8839266384189528,0.87882871845136
t2v1,269,0.0,0.0
t2v1,270,0.977676451030683,0.9957497730461335
t2v1,271,0.843259304242214,0.8368939435163519
t2v1,272,0.6824348320193195,0.5198432141107301
t2v1,273,0.9162237408251076,0.8802575971020326
t2v1,274,0.75795246185678,0.7689343308972868
t2v1,275,0.9285571558124164,0.9896825396825397
t2v1,276,0.9816884104604224,0.9593236656838559
t2v1,277,0.9483921744996627,0.9386471496369146
t2v1,278,0.747270563930911,0.6718843566783183
t2v1,279,0.8568584907538268,0.9747084725510587
t2v1,280,0.9304918855613183,0.9337865737940815
t2v1,281,0.9615407129895217,0.9229031682815193
t2v1,282,0.948905109489051,0.9732091962758883
t2v1,283,0.9879537151195014,0.9972110527435849
t2v1,284,0.6501459120700378,0.7622057400838439
t2v1,285,0.45745654162854527,0.0
t2v1,286,0.7027765586571824,0.8966946931989183
t2v1,287,0.9895314057826521,0.982977303070761
t2v1,288,0.29810055865921786,0.0
t2v1,289,0.6782897467828974,0.8384016973125884
t2v1,290,0.9449641319942611,0.9443885615749389
t2v1,291,0.4235294117647059,0.0
t2v1,292,0.7550627899083606,0.8716049382716049
t2v1,293,0.9889226159971617,0.9871085099652008
t2v1,294,0.9447480267152398,0.9333333333333333
t2v1,295,0.8309953239812959,0.0
t2v1,296,0.980667056107263,0.9622710933740908
t2v1,297,0.9196149833972098,0.9252276448398603
t2v1,298,0.9388541165142031,0.9348695791326612
t2v1,299,0.5180885249300301,0.3452830188679245
t2v1,300,0.8950128033166687,0.8971252078878593
t2v1,301,0.9418624446714334,0.9866416877087236
t2v1,302,0.0,0.0
t2v1,303,0.9439481630598893,0.9129675145843821
t2v1,304,0.9880838196803927,0.9818785670525264
t2v1,305,0.044714148834238264,0.0
t2v1,306,0.9836243064014075,0.9806610890138527
t2v1,307,0.9508231210224584,0.9792355651938195
t2v1,308,0.5394416490829411,0.6809684655648093
t2v1,309,0.9157999009410599,0.8727828227106849
t2v1,310,0.9748258651894915,0.974561403508772
t2v1,311,0.016593915564293092,0.0
t2v1,312,0.8879037365421153,0.7700101317122594
t2v1,313,0.9828547820698202,0.9700392589021283
t2v1,314,0.9524305039393489,0.9509796505030638
t2v1,315,0.8391502276176024,0.8779262922042803
t2v1,316,0.33557301031513204,0.3770091556459817
t2v1,317,0.9510691616821233,0.9685393258426966
t2v1,318,0.972128004719068,0.9471034638214741
t2v1,319,0.06698884758364312,0.006937972455213834
t2v1,320,0.9640599943401565,0.9567314649558633
t2v1,321,0.838066206749024,0.9307021011341867
t2v1,322,0.9738867171722493,0.975711637458255
t2v1,323,0.8540157237552027,0.695780903034789
t2v1,324,0.9436399217221135,0.8823813133053124
t2v1,325,0.9855055658627088,0.9799220159459932
t2v1,326,0.8001567398119123,0.8124746038195856
t2v1,327,0.8553459119496856,0.8381839348079162
t2v1,328,0.9154316829459975,0.9898433644180066
t2v1,329,0.2669055082848186,0.0
t2v1,330,0.9975700996457775,0.9960824796844808
t2v1,331,0.6995322058294351,0.0
t2v1,332,0.9301165572352013,0.9204545454545454
t2v1,333,0.1504809335481666,0.13098376066800613
t2v1,334,0.9491111770719963,0.9706342192916865
t2v1,335,0.9477811441810728,0.9019298936589208
t2v1,336,0.6953996839919592,0.8867519116934549
t2v1,337,0.976629766297663,0.9723221496219073
t2v1,338,0.9944809831960926,0.992956876312863
t2v1,339,0.8424988104139759,0.8009979646773029
t2v1,340,0.9389663747432155,0.9955894197210468
t2v1,341,0.816125860373648,0.8058868307536158
t2v1,342,0.8267581475128645,0.0
t2v1,343,0.03192580235387747,0.002051373528362469
t2v1,344,0.8893756845564075,0.9292750694619853
t2v1,345,0.8193930477470106,0.9504050392661156
t2v1,346,0.7873387959304535,0.79441705957994
t2v1,347,0.9931508764082637,0.9940889735544599
t2v1,348,0.9682043461685094,0.9568300955905026
t2v1,349,0.472776462631045,0.0
t2v1,350,0.902447117378681,0.9079744350223484
t2v1,351,0.9591373439273553,0.9222189609627238
t2v1,352,0.8382735309412377,0.0
t2v1,353,0.5383335853621655,0.8721368512612352
t2v1,354,0.5218252686435385,0.414393281884075
t2v1,355,0.8515535097813579,0.8258983890954151
t2v1,356,0.006851448146994706,0.0
t2v1,357,0.944622200344573,0.8980237154150198
t2v1,358,0.9292103245591617,0.9134588101768656
t2v1,359,0.9801771375161137,0.9984234557032002
t2v1,360,0.9807005003573981,0.9750177719102264
t2v1,361,0.9812591139035411,0.9854943490255407
t2v1,362,0.9604217356042174,0.9591869656396192
t2v1,363,0.952651009156486,0.9960341263139505
t2v3,0,0.678388746803069,0.0
t2v3,1,0.2626749105109014,0.10600266785237883
t2v3,2,0.0,0.0
t2v3,3,0.9803909828458521,0.9567113793206465
t2v3,4,0.0,0.0
t2v3,5,0.7640516344800865,0.9041581388877702
t2v3,6,0.3405120446325146,0.0
t2v3,7,0.8929978781448924,0.0
t2v3,8,0.18062493877950828,0.0
t2v3,9,0.7895746471705131,0.8993120252257417
t2v3,10,0.8344960467743007,0.640128025605121
t2v3,11,0.6571765260428942,0.5883304512746137
t2v3,12,0.9821843532145623,0.9912772064766046
t2v3,13,0.900722371370845,0.9941613588110403
t2v3,14,0.9638308711156394,0.9081746920492721
t2v3,15,0.9080579710144927,0.8128386827844936
t2v3,16,0.6024416135881104,0.0
t2v3,17,0.9520532741398446,0.8411398624303963
t2v3,18,0.26580142764438675,0.0
t2v3,19,0.5755718954248366,0.0
t2v3,20,0.820966464219699,0.9487672110150497
t2v3,21,0.8709231913311378,0.8169358121861854
t2v3,22,0.8871039714413208,0.9360085711502873
t2v3,23,0.913421550094518,0.8851430811446491
t2v3,24,0.20872957815167031,0.0
t2v3,25,0.8913180575993274,0.0
t2v3,26,0.05146198830409357,0.0
t2v3,27,0.9559397657557167,0.0
t2v3,28,0.9713478504224526,0.9318811248402216
t2v3,29,0.07108239095315025,0.0
t2v3,30,0.21049009487292927,0.16301966610429833
t2v3,31,0.972757166198377,0.9938303203383895
t2v3,32,0.9204562737642585,0.7045419072889028
t2v3,33,0.07869763437493886,0.010011247454123559
t2v3,34,0.7453160884805995,0.8168701442841287
t2v3,35,0.9394567219152854,0.8492741246797609
t2v3,36,0.020970849903652986,0.0
t2v3,37,0.8578811369509044,0.0
t2v3,38,0.896851720950465,0.7822107486505515
t2v3,39,0.6559564329475834,0.0
t2v3,40,0.9708842626183699,0.9450919993802914
t2v3,41,0.8146143437077131,0.7040592430060341
t2v3,42,0.9114420062695925,0.0
t2v3,43,0.9412284577993814,0.0
t2v3,44,0.967479674796748,0.0
t2v3,45,0.9425025853154084,0.0
t2v3,46,0.0,0.0
t2v3,47,0.9379799173065564,0.9428348707288554
t2v3,48,0.9908332758977186,0.9953033906600153
t2v3,49,0.9260294865277071,0.9028854295577412
t2v3,50,0.6095773038842346,0.9800563206419011
t2v3,51,0.9248494711147274,0.9788399227223633
t2v3,52,0.9649883294431477,0.9167264895908112
t2v3,53,0.9426933076895679,0.9716455176659712
t2v3,54,0.9296604132035146,0.746342561332433
t2v3,55,0.857068281478388,0.8691511387163561
t2v3,56,0.9058139534883721,0.0
t2v3,57,0.9812140575079872,0.9587686486951288
t2v3,58,0.8071783123329515,0.0
t2v3,59,0.1313718336286876,0.0
t2v3,60,0.09484066767830046,0.0
t2v3,61,0.9913097616021168,0.9911840428575144
t2v3,62,0.8276571134815577,0.0
t2v3,63,0.9713485600585346,0.9781925187561306
t2v3,64,0.03953106869923578,0.0
t2v3,65,0.9279704494151447,0.0
t2v3,66,0.8000848896434635,0.0
t2v3,67,0.13114754098360656,0.0
t2v3,68,0.9721051931349506,0.9854311826983984
t2v3,69,0.8495323524585681,0.807235142118863
t2v3,70,0.9536327126688573,0.0
t2v3,71,0.4527227429113774,0.0
t2v3,72,0.4403373945641987,0.0
t2v3,73,0.9833634403589534,0.9887220224979706
t2v3,74,0.9628034713830605,0.9977334997346187
t2v3,75,0.0008694191687167175,0.0
t2v3,76,0.32197769068435333,0.27516939366870735
t2v3,77,0.9491966999565784,0.0
t2v3,78,0.551572878806868,0.0
t2v3,79,0.8353432282003711,0.0
t2v3,80,0.8782240103455708,0.8611182244985062
t2v3,81,0.7144259077526988,0.0
t2v3,82,0.9855406724030871,0.9676187011096962
t2v3,83,0.8918765385343685,0.0
t2v3,84,0.7734349482852477,0.9438156157464973
t2v3,85,0.12149270482603816,0.0
t2v3,86,0.8949805983226937,0.9466802615006298
t2v3,87,0.8261813669734257,0.8393305151733855
t2v3,88,0.8656021638312815,0.7452927746776506
t2v3,89,0.21311868697313888,0.0
t2v3,90,0.7000167628535167,0.6946139559564871
t2v3,91,0.14549781936352876,0.31534209153315396
t2v3,92,0.0,0.0
t2v3,93,0.5340579220954567,0.6725227923071804
t2v3,94,0.4806880254135513,0.22615964744900277
t2v3,95,0.30678466076696165,0.0
t2v3,96,0.195152013147083,0.0
t2v3,97,0.893332075827596,0.888649072893162
t2v3,98,0.0,0.0
t2v3,99,0.8199354796234117,0.9298107255520505
t2v3,100,0.3978992122045767,0.0
t2v3,101,0.16211436431518964,0.0
t2v3,102,0.9211340206185566,0.0
t2v3,103,0.3949013949013949,0.0
t2v3,104,0.9725906277630415,0.0
t2v3,105,0.025776919683670144,0.0
t2v3,106,0.9702633814783348,0.9707482595214415
t2v3,107,0.9134673979280926,0.0
t2v3,108,0.7209145629323511,0.9230631917172438
t2v3,109,0.9283959603311801,0.8693923416025585
t2v3,110,0.7859169460923394,0.0
t2v3,111,0.7744479495268138,0.0
t2v3,112,0.9723441756128826,0.9353912640839636
t2v3,113,0.0,0.0
t2v3,114,0.864092664092664,0.9902298567701925
t2v3,115,0.9487983281086729,0.0
t2v3,116,0.4315521628498728,0.0
t2v3,117,0.8496057347670251,0.7518979653811114
t2v3,118,0.17783783783783783,0.0
t2v3,119,0.7499551032624963,0.7818449900634656
t2v3,120,0.685490729715938,0.9448305821025196
t2v3,121,0.26293469041560646,0.0
t2v3,122,0.7880485527544351,0.0
t2v3,123,0.9923552701198708,0.9890299067816787
t2v3,124,0.9652266528120536,0.9705669907276122
t2v3,125,0.025253664036076665,0.0
t2v3,126,0.8836271156713146,0.8736424303223274
t2v3,127,0.8322738116579561,0.6635413367120684
t2v3,128,0.9383650519031141,0.8628523849173309
t2v3,129,0.8297421521009225,0.7805317710680487
t2v3,130,0.7190006556279381,0.7420649164188289
t2v3,131,0.9452549859456565,0.8183196845617228
t2v3,132,0.9748481908663001,0.9703174107224908
t2v3,133,0.956497714371829,0.998782589829201
t2v3,134,0.7176970886490023,0.0
t2v3,135,0.9219009298359383,0.9919282989676972
t2v3,136,0.28162185985015425,0.0
t2v3,137,0.9917953104950034,0.9891045417268716
t2v3,138,0.9955292406195129,0.9959472916328941
t2v3,139,0.7034655284506883,0.732468979094889
t2v3,140,0.6067668065679994,0.0
t2v3,141,0.7315651413582046,0.0
t2v3,142,0.08629545921512226,0.0
t2v3,143,0.9684442545151931,0.9974120197305846
t2v3,144,0.950773324463662,0.9773172323759791
t2v3,145,0.8345020872012582,0.9708369668823136
t2v3,146,0.9646312450436162,0.957425703289291
t2v3,147,0.9038322487346349,0.0
t2v3,148,0.9918496956866896,0.9554140127388535
t2v3,149,0.9234063580958656,0.7846153846153846
t2v3,150,0.8942534767777486,0.7729196050775741
t2v3,151,0.9884350558192393,0.9827084517876852
t2v3,152,0.9678543329212094,0.8959795009456409
t2v3,153,0.8453900709219858,0.0
t2v3,154,0.9210614891317827,0.9725351755823185
t2v3,155,0.6974394704755269,0.0
t2v3,156,0.9005807402270954,0.8615808823529412
t2v3,157,0.9634509137271569,0.0
t2v3,158,0.9910797267387826,0.9663767490660208
t2v3,159,0.718421052631579,0.0
t2v3,160,0.8564337533409698,0.8938629164200926
t2v3,161,0.9353507565337001,0.0
t2v3,162,0.9809160305343512,0.9581692913385826
t2v3,163,0.9317428760768721,0.0
t2v3,164,0.9492561646627267,0.0
t2v3,165,0.42812444126586807,0.9163404079950546
t2v3,166,0.7564342417960257,0.66318267960719
t2v3,167,0.0015374971911109008,0.0
t2v3,168,0.8818794151470347,0.0
t2v3,169,0.16136148755121335,0.0
t2v3,170,0.0601663133865971,0.0
t2v3,171,0.9601126231816048,0.0
t2v3,172,0.8925699884332183,0.9898956137193398
t2v3,173,0.9268139132259587,0.9215652473711429
t2v3,174,0.8817056396148556,0.0
t2v3,175,0.9399536577292288,0.9791579241852008
t2v3,176,0.18948548742698254,0.17775739700472115
t2v3,177,0.7207107162687396,0.0
t2v3,178,0.9487038950536861,0.99816954255671
t2v3,179,0.5151390035783099,0.0
t2v3,180,0.8589424099680899,0.9288549472882002
t2v3,181,0.7939949958298582,0.0
t2v3,182,0.7363100252737995,0.731024531024531
t2v3,183,0.08808536107155387,0.0
t2v3,184,0.8484998991137531,0.9795505546951547
t2v3,185,0.8947045091534587,0.812231985940246
t2v3,186,0.877030162412993,0.7714507370054305
t2v3,187,0.860825267447784,0.0
t2v3,188,0.905186653452263,0.0
t2v3,189,0.4251105556623726,0.0
t2v3,190,0.6271186440677966,0.0
t2v3,191,0.9459623557984214,0.9881167108753316
t2v3,192,0.7239853818041931,0.0
t2v3,193,0.658273381294964,0.0
t2v3,194,0.5245613042357483,0.29720274623558735
t2v3,195,0.9960567082903014,0.9931497208276638
t2v3,196,0.9884801245887122,0.9848945359811696
t2v3,197,0.7516729529139798,0.0
t2v3,198,0.19284294234592445,0.0
t2v3,199,0.7859360531619369,0.9893180515759312
t2v3,200,0.8354334867577152,0.0
t2v3,201,0.9142939778948456,0.9846948240677756
t2v3,202,0.6221928880184805,0.6751592356687898
t2v3,203,0.39916227995698195,0.0
t2v3,204,0.9950536097212295,0.9841224675620305
t2v3,205,0.9533134238082637,0.9240851189161329
t2v3,206,0.7384105960264901,0.0
t2v3,207,0.7143695014662756,0.0
t2v3,208,0.29285714285714287,0.0
t2v3,209,0.7169339494427833,0.9785230950279494
t2v3,210,0.6587654320987655,0.477793532452088
t2v3,211,0.9902344438568659,0.9752089431181014
t2v3,212,0.9623803328996965,0.9496735362871805
t2v3,213,0.5672871349273287,0.8656726308813784
t2v3,214,0.42997162754707247,0.0
t2v3,215,0.9458292962212631,0.0
t2v3,216,0.900118749175353,0.792312661498708
t2v3,217,0.9143426294820717,0.0
t2v3,218,0.9576973397296119,0.0
t2v3,219,0.0367601246105919,0.0
t2v3,220,0.9571400355520442,0.0
t2v3,221,0.9959544528790965,0.9981173880262179
t2v3,222,0.89598676116377,0.9339398783840903
t2v3,223,0.973929387740895,0.9859372656691624
t2v3,224,0.9598219193140596,0.9818904297163416
t2v3,225,0.7454787234042554,0.7497541350022351
t2v3,226,0.9220755067881719,0.0
t2v3,227,0.8517670034175836,0.8280318091451292
t2v3,228,0.9577300715593277,0.9855264744904113
t2v3,229,0.788313856427379,0.0
t2v3,230,0.971995479090795,0.5982425307557118
t2v3,231,0.6979791600884118,0.6589367088607595
t2v3,232,0.8474737845567207,0.0
t2v3,233,0.41285296981499514,0.0
t2v3,234,0.9845293749096342,0.9765526596260052
t2v3,235,0.3333333333333333,0.0
t2v3,236,0.9103115854708211,0.7711718986575149
t2v3,237,0.011536744352174302,0.0
t2v3,238,0.756386292834891,0.0
t2v3,239,0.8907668589048136,0.9618961577297125
t2v3,240,0.9090909090909091,0.7630827783063748
t2v3,241,0.9368932038834952,0.0
t2v3,242,0.040431334284070156,0.03377653019879113
t2v3,243,0.5456936456726048,0.5559888579387187
t2v3,244,0.8333333333333334,0.0
t2v3,245,0.1895616809760506,0.0
t2v3,246,0.8958333333333334,0.0
t2v3,247,0.9235262561840615,0.9358101894427073
t2v3,248,0.9059239940387481,0.7786089447716059
t2v3,249,0.9755544640495711,0.8463246464882552
t2v3,250,0.9143023102310232,0.9568499169506935
t2v3,251,0.9807551050389305,0.9136911799479782
t2v3,252,0.7809253352265342,0.8188398073774066
t2v3,253,0.955921279779031,0.9292808424075625
t2v3,254,0.8560794044665012,0.0
t2v3,255,0.21960497575062013,0.2950790938170983
t2v3,256,0.9648310876781878,0.9535401099394435
t2v3,257,0.8958057395143488,0.8951657921178966
t2v3,258,0.9464895635673625,0.7535077082972458
t2v3,259,0.9831168498450029,0.9574823174123818
t2v3,260,0.9397178752479612,0.9226552650331634
t2v3,261,0.9594118315837344,0.9295848267622461
t2v3,262,0.4496253122398002,0.0
t2v3,263,0.9234647574871433,0.7779374378246933
t2v3,264,0.6685913629255383,0.7221679533637939
t2v3,265,0.8958134605193429,0.0
t2v3,266,0.6997719787180137,0.0
t2v3,267,0.9881491630793771,0.97874799748545
t2v3,268,0.83985877309123,0.9667936853565596
t2v3,269,0.4136460554371002,0.0
t2v3,270,0.9712671838845788,0.9942205270934268
t2v3,271,0.9018723883850251,0.8897552935209839
t2v3,272,0.578939617083947,0.0
t2v3,273,0.896290599301899,0.76807176950946
t2v3,274,0.7502058343961384,0.5118201154664236
t2v3,275,0.9088118904433988,0.9760571060328161
t2v3,276,0.937381404174573,0.8566953797963978
t2v3,277,0.9489600899381675,0.9276315789473685
t2v3,278,0.7930665889269489,0.6625990092082062
t2v3,279,0.8386294503644468,0.993311181115954
t2v3,280,0.8868838123909667,0.9328784605503516
t2v3,281,0.9036388508891929,0.8483850825906795
t2v3,282,0.9561532792925571,0.9765587928252824
t2v3,283,0.9925397486244106,0.9970486305198435
t2v3,284,0.6755248471963858,0.8392507345739472
t2v3,285,0.31977559607293127,0.0
t2v3,286,0.6365027322404372,0.9829530919323706
t2v3,287,0.9888512676521596,0.9566345140633865
t2v3,288,0.40211488996856243,0.0
t2v3,289,0.406510909983863,0.0
t2v3,290,0.8133722609002535,0.7908968152027138
t2v3,291,0.13741217434558228,0.0
t2v3,292,0.8259402121504339,0.0
t2v3,293,0.9703680839570955,0.9892362890825218
t2v3,294,0.912839533107887,0.9104833647206528
t2v3,295,0.8025396825396826,0.0
t2v3,296,0.9826334244457329,0.9572807903895812
t2v3,297,0.8773725115628357,0.951242093412535
t2v3,298,0.9287376975538041,0.9214972386991205
t2v3,299,0.27193636589609743,0.0
t2v3,300,0.8153243729495184,0.8809775584537657
t2v3,301,0.9570174343610869,0.983178630781079
t2v3,302,0.0,0.0
t2v3,303,0.9566762669281206,0.8873085966622699
t2v3,304,0.9869112912359042,0.9595544948289578
t2v3,305,0.012025386927959025,0.0
t2v3,306,0.978319783197832,0.9730476848652384
t2v3,307,0.9599026661024121,0.8942520809732551
t2v3,308,0.43419847328244277,0.86142083466072
t2v3,309,0.9338023664854493,0.0
t2v3,310,0.9657778021135629,0.9262072092496033
t2v3,311,0.03267951325450722,0.0
t2v3,312,0.8631760396466279,0.8087088887863831
t2v3,313,0.7706772908366534,0.9490101979604079
t2v3,314,0.952261213622749,0.9407657657657658
t2v3,315,0.8206224756474222,0.73446088794926
t2v3,316,0.2891578022835952,0.38225550914590234
t2v3,317,0.9868240209642838,0.950483758886731
t2v3,318,0.9426528323051038,0.8462029865048311
t2v3,319,0.2278087627292655,0.16554707958556303
t2v3,320,0.9297115907854163,0.8245768300725435
t2v3,321,0.9268656271428998,0.8384027957545949
t2v3,322,0.9142801774256061,0.9549058642080159
t2v3,323,0.8515277578539664,0.0
t2v3,324,0.9516908212560387,0.8722424575630541
t2v3,325,0.9811910411482146,0.970557672324212
t2v3,326,0.4343891402714932,0.0
t2v3,327,0.8748241912798875,0.0
t2v3,328,0.9811070341166367,0.9613737140273084
t2v3,329,0.3813664596273292,0.0
t2v3,330,0.9972571594746965,0.9923666133185803
t2v3,331,0.9584035975267003,0.0
t2v3,332,0.7420252622564761,0.8703219201456035
t2v3,333,0.14523415485082972,0.0
t2v3,334,0.9792889428590703,0.9502415458937198
t2v3,335,0.7544876325088339,0.0
t2v3,336,0.6134590475042926,0.941863243778377
t2v3,337,0.980394973070018,0.9662855467604808
t2v3,338,0.9698761061946902,0.9515187611673616
t2v3,339,0.8485387721579631,0.7889698890649762
t2v3,340,0.915130573642984,0.9924539846020497
t2v3,341,0.4002615376232769,0.0
t2v3,342,0.9443298969072165,0.0
t2v3,343,0.32522479259467785,0.0
t2v3,344,0.9694312796208531,0.8926348547717843
t2v3,345,0.7415116579938476,0.8256319587136236
t2v3,346,0.39862176754759876,0.0
t2v3,347,0.9641103545560589,0.9892779758160342
t2v3,348,0.9742969458723919,0.9515472625355141
t2v3,349,0.7864446392053754,0.0
t2v3,350,0.21748887649340373,0.19378215522591236
t2v3,351,0.9478191062349478,0.0
t2v3,352,0.843778801843318,0.0
t2v3,353,0.30996433815817076,0.7710843373493976
t2v3,354,0.7431106622421008,0.9872987005367986
t2v3,355,0.9357549471401464,0.0
t2v3,356,0.06770672750817044,0.0
t2v3,357,0.8771228771228772,0.0
t2v3,358,0.8413898434516991,0.7278341420379356
t2v3,359,0.9460676818829474,0.9984792067324085
t2v3,360,0.9825024090886038,0.9200597503975328
t2v3,361,0.9807568033316579,0.9825788922235442
t2v3,362,0.8845346396081175,0.8611599297012302
t2v3,363,0.6739312147601028,0.709547167553987
t2v4,0,0.5466922674114156,0.0
t2v4,1,0.3955352931928942,0.6565847511027095
t2v4,2,0.0,0.0
t2v4,3,0.7001776509304831,0.830779636325798
t2v4,4,0.0,0.0
t2v4,5,0.5889820035349367,0.5208624255598904
t2v4,6,0.18569715617293728,0.0
t2v4,7,0.5374244537424454,0.0
t2v4,8,0.09149055927953743,0.1177398537214972
t2v4,9,0.6092562049961785,0.63982222751307
t2v4,10,0.8151254909792957,0.8509753757595139
t2v4,11,0.04230521724622828,0.0011932541366143402
t2v4,12,0.9223710772618829,0.9879039032312259
t2v4,13,0.9893959884227954,0.9909164108499824
t2v4,14,0.7878001297858533,0.8812144212523719
t2v4,15,0.4375725418670204,0.6230056813759826
t2v4,16,0.028714935557240334,0.0
t2v4,17,0.9055320902441537,0.8755569371049632
t2v4,18,0.04953560371517028,0.04141276696444418
t2v4,19,0.6794330518697226,0.0
t2v4,20,0.47009758945700225,0.9182282793867121
t2v4,21,0.7449125312388433,0.6702521008403362
t2v4,22,0.6130132659507265,0.9401858304297329
t2v4,23,0.8776486671223513,0.920704845814978
t2v4,24,0.05772887802227655,0.0
t2v4,25,0.4811638258603843,0.8388986526069128
t2v4,26,0.005531197301854975,0.00023801023444008093
t2v4,27,0.8715973292244479,0.8343234323432344
t2v4,28,0.7466767945309533,0.8341982820329277
t2v4,29,0.43401435670900057,0.0
t2v4,30,0.48519297447848575,0.6992925509779442
t2v4,31,0.9829422748506536,0.9936184949331254
t2v4,32,0.7652595550484883,0.7049455155071249
t2v4,33,0.2666124881484491,0.13008655949776468
t2v4,34,0.17363163078654847,0.14307218452560153
t2v4,35,0.8440140119513703,0.8321670793411562
t2v4,36,0.12863536842921083,0.0
t2v4,37,0.12414713734796796,0.05744822979291917
t2v4,38,0.7803595450654274,0.39924111193598943
t2v4,39,0.8334184977005621,0.8711793094913995
t2v4,40,0.942422369282234,0.9306369780741857
t2v4,41,0.3370537420686492,0.4644656447636403
t2v4,42,0.799110452186805,0.0
t2v4,43,0.8292158968850698,0.9467301862278042
t2v4,44,0.24599615631005767,0.0
t2v4,45,0.4144053502204599,0.3774142812205096
t2v4,46,8.750750774640325e-05,0.0
t2v4,47,0.6837263920148743,0.7493984187005844
t2v4,48,0.9893725307523765,0.9941165339159456
t2v4,49,0.8761992833198474,0.9450322266812599
t2v4,50,0.44959873652507665,0.49278322702483957
t2v4,51,0.9865408843683742,0.9828820322256404
t2v4,52,0.6754505904288378,0.8677388836329234
t2v4,53,0.5981479824639886,0.7205556674048722
t2v4,54,0.7498187645465298,0.7210985035356027
t2v4,55,0.8166278166278166,0.8699517639269838
t2v4,56,0.2680838500147623,0.0
t2v4,57,0.8466009603234774,0.9383232280995192
t2v4,58,0.3683860062490396,0.3306264501160093
t2v4,59,0.1459598713777995,0.1450705541538174
t2v4,60,0.04341138266962912,0.0
t2v4,61,0.7915138948592814,0.896695495393977
t2v4,62,0.6302672881194711,0.7853039412157649
t2v4,63,0.6134409952286205,0.6457241857241858
t2v4,64,0.015933049006196187,0.0
t2v4,65,0.5366860090264346,0.8235865081290948
t2v4,66,0.4441521167184884,0.7567164179104477
t2v4,67,0.2968454920612716,0.33157491320618604
t2v4,68,0.9333502602513647,0.9585397653194263
t2v4,69,0.7389404209775241,0.8801545784438475
t2v4,70,0.9383151216073317,0.9246998908694071
t2v4,71,0.10174187424642775,0.05070167496604799
t2v4,72,0.8583960936853431,0.9390286844172377
t2v4,73,0.9281818598469224,0.9836560513252243
t2v4,74,0.8093733459508877,0.994767686717919
t2v4,75,0.028451749311844257,0.027413498184437175
t2v4,76,0.6999267976800495,0.8485336554593651
t2v4,77,0.649530225137387,0.7599428921068734
t2v4,78,0.4135587669382241,0.29086744918408247
t2v4,79,0.5396825396825397,0.9174008810572687
t2v4,80,0.7256503853062171,0.9395637685549834
t2v4,81,0.5045045045045045,0.0
t2v4,82,0.8008334530823394,0.9492319708409268
t2v4,83,0.8280542986425339,0.9165820986401462
t2v4,84,0.9189015319046279,0.9589426108093737
t2v4,85,0.09671351112094721,0.0
t2v4,86,0.830585046306754,0.8544902286663992
t2v4,87,0.8327987897125567,0.9017529025334157
t2v4,88,0.957677127392875,0.9820756396142208
t2v4,89,0.15276101653212107,0.13945907348094028
t2v4,90,0.8343741979638977,0.9218777819541435
t2v4,91,0.028156429977180254,0.028679734949747387
t2v4,92,0.00020754064337599447,0.0
t2v4,93,0.5108744562771862,0.6974757654285441
t2v4,94,0.5247007848847534,0.3612806152302934
t2v4,95,0.11434903047091413,0.11623870234033638
t2v4,96,0.10751295336787564,0.0
t2v4,97,0.7074829931972789,0.8703866004479501
t2v4,98,0.030654431783805586,0.0
t2v4,99,0.5808851583365128,0.0
t2v4,100,0.368613244457325,0.3739796432530485
t2v4,101,0.04048683556880278,0.0715525019085294
t2v4,102,0.49678617340379944,0.568995548674279
t2v4,103,0.050415320719889245,0.0
t2v4,104,0.12328042328042328,0.13471418746713054
t2v4,105,0.020501392757660167,0.02018399544039843
t2v4,106,0.7949264402584904,0.8100602389136575
t2v4,107,0.4798782807151008,0.9261337782496587
t2v4,108,0.3020408163265306,0.35916243567556416
t2v4,109,0.8466811279826464,0.8364763626969776
t2v4,110,0.6052612187753298,0.7870713623725671
t2v4,111,0.010302036993678295,0.0
t2v4,112,0.9612519103413143,0.9368751255543708
t2v4,113,0.0,0.0
t2v4,114,0.772379461551176,0.8805423669886246
t2v4,115,0.39121031231075354,0.7565412409668577
t2v4,116,0.8154500453182737,0.8698116352725455
t2v4,117,0.1102478122188599,0.0
t2v4,118,0.08260800759613864,0.0
t2v4,119,0.5955284552845529,0.8336076495023121
t2v4,120,0.6470095493382476,0.9548276600299722
t2v4,121,0.06432481751824817,0.05398378957027068
t2v4,122,0.36647009267059816,0.0
t2v4,123,0.9108821026756169,0.9881500627992064
t2v4,124,0.8848779200727056,0.8940156465007073
t2v4,125,0.01521057376112543,0.013421923687815997
t2v4,126,0.6411920650882165,0.8858095202426876
t2v4,127,0.9278286473928115,0.9175256474376959
t2v4,128,0.5452956234001374,0.9040195142645031
t2v4,129,0.42361584488373855,0.3831998636905776
t2v4,130,0.4062072888104111,0.34024343189869866
t2v4,131,0.8910751932536893,0.8710760694991969
t2v4,132,0.9764298784354222,0.9751794797792128
t2v4,133,0.6016111871105031,0.5360035716563556
t2v4,134,0.42052313883299797,0.0
t2v4,135,0.8379785900279679,0.8809675606496371
t2v4,136,0.0,0.0
t2v4,137,0.8494993338776914,0.9706342448664382
t2v4,138,0.9947596792626385,0.9963680163068656
t2v4,139,0.3760193243335846,0.3049142580136945
t2v4,140,0.7767279431316587,0.9311454409589313
t2v4,141,0.3845356243519479,0.8701117318435754
t2v4,142,0.07403153849551658,0.0
t2v4,143,0.9141097642951623,0.9949983474716316
t2v4,144,0.9532388829743673,0.9652635880670208
t2v4,145,0.8936246619308936,0.9819760638843841
t2v4,146,0.6074319165181981,0.5606982887332032
t2v4,147,0.37752944729688914,0.0
t2v4,148,0.9621047174701918,0.9602359454634828
t2v4,149,0.7261936164600369,0.7972594207412022
t2v4,150,0.7279387715052005,0.801586091200244
t2v4,151,0.9826616372179208,0.9830058417419012
t2v4,152,0.837623983060292,0.8533788728958283
t2v4,153,0.0,0.0
t2v4,154,0.9157265740675457,0.979939534650654
t2v4,155,0.8724279835390947,0.8918497441930453
t2v4,156,0.9004712836488538,0.9484647752364288
t2v4,157,0.8583726173396188,0.8594582079184997
t2v4,158,0.9841303105353401,0.9805980104985355
t2v4,159,0.1764505119453925,0.0
t2v4,160,0.5331090380792171,0.605435994877938
t2v4,161,0.9564904710535779,0.9243761996161228
t2v4,162,0.646553071752384,0.9556977019663587
t2v4,163,0.5241305890702626,0.9076517150395779
t2v4,164,0.7035222052067381,0.8285767580675247
t2v4,165,0.17693779108449767,0.17745173181502974
t2v4,166,0.8216951948855434,0.9355566296117287
t2v4,167,0.016493699036323202,0.0
t2v4,168,0.7039652362846279,0.8846372419018753
t2v4,169,0.0589665011095847,0.0
t2v4,170,0.0,0.0
t2v4,171,0.8097259745272096,0.8375420875420876
t2v4,172,0.9283150257743279,0.9452372862158794
t2v4,173,0.3874009624264813,0.374750265674814
t2v4,174,0.31300619342544067,0.0
t2v4,175,0.9214774635154332,0.9206968278731149
t2v4,176,0.15245133318120382,0.1496397945536487
t2v4,177,0.30440967283072545,0.0
t2v4,178,0.9803336198685035,0.9981351263494671
t2v4,179,0.5375883764675359,0.0
t2v4,180,0.47239762724837353,0.5463033713324117
t2v4,181,0.5006361323155216,0.0
t2v4,182,0.6256536450322977,0.7008524590163935
t2v4,183,0.049945090143680794,0.02949221334980368
t2v4,184,0.835330894579315,0.8588604571818492
t2v4,185,0.5928344215637034,0.8300386144890785
t2v4,186,0.5297079556898288,0.0
t2v4,187,0.5673172476845411,0.8555335667529305
t2v4,188,0.2838768948093707,0.7432490355765109
t2v4,189,0.10468137370683547,0.09123545432037633
t2v4,190,0.3788476716653512,0.0
t2v4,191,0.9920714098188501,0.9895745577085089
t2v4,192,0.8839920386693204,0.8577216767960106
t2v4,193,0.5642342535130894,0.5371070541212056
t2v4,194,0.6087627384440063,0.6472881443565482
t2v4,195,0.9910475009069525,0.991189273085855
t2v4,196,0.9841782026011978,0.9833492852042599
t2v4,197,0.4331622248787005,0.8191046763188551
t2v4,198,0.07317980220930553,0.0775308896059508
t2v4,199,0.9742223632901061,0.9908055189786454
t2v4,200,0.7785425101214575,0.7552681992337165
t2v4,201,0.9214466901235578,0.9960304157015726
t2v4,202,0.6298846576490399,0.6732366530459633
t2v4,203,0.2557659626122845,0.0
t2v4,204,0.9693152364761294,0.9624537281861449
t2v4,205,0.8636301835486064,0.8732433272331757
t2v4,206,0.3886868686868687,0.0
t2v4,207,0.4269712694595621,0.24756577584420966
t2v4,208,0.37908907901358835,0.0
t2v4,209,0.5278807167458691,0.9447630546332629
t2v4,210,0.48663155422858867,0.5417341040462428
t2v4,211,0.9730134398060675,0.9681114332178463
t2v4,212,0.8745117154895532,0.9577231423557884
t2v4,213,0.6120765186915887,0.7457589434599906
t2v4,214,0.16757436112274823,0.12752194671184353
t2v4,215,0.7717619772414293,0.7553199545626657
t2v4,216,0.7428156447764291,0.8626480926962635
t2v4,217,0.4348879466989703,0.0
t2v4,218,0.33979656706929434,0.8640332640332641
t2v4,219,0.0,0.0
t2v4,220,0.9342868187089293,0.8679706601466992
t2v4,221,0.9748595505617977,0.9900739432836797
t2v4,222,0.9477456324707737,0.978550938021373
t2v4,223,0.9600375785332629,0.9853859820046994
t2v4,224,0.9795132903018883,0.9964793839581219
t2v4,225,0.45615899670528215,0.45427546573070543
t2v4,226,0.7283187113476197,0.7896483078964831
t2v4,227,0.8832527887794774,0.964553465737209
t2v4,228,0.9637822420125992,0.9872415310162781
t2v4,229,0.20242569183464298,0.2064215432418436
t2v4,230,0.721761029754687,0.9328703703703703
t2v4,231,0.558329378262933,0.0
t2v4,232,0.27118129365320376,0.3083564600678384
t2v4,233,0.6038882138517618,0.5734997986306887
t2v4,234,0.8803810868031051,0.9652194770928281
t2v4,235,0.053597937338854595,0.0
t2v4,236,0.7451109936575053,0.8181958603645351
t2v4,237,0.009645361512302083,0.009927330101000794
t2v4,238,0.1678688524590164,0.0
t2v4,239,0.6211380614221157,0.5652270868951164
t2v4,240,0.8063812921125644,0.77487413090386
t2v4,241,0.6982990152193375,0.6850433894844309
t2v4,242,0.034428948248002536,0.033526270399363144
t2v4,243,0.48047875866764617,0.48690465431540897
t2v4,244,0.7177149802491644,0.5946887244231607
t2v4,245,0.6881250166671111,0.6465505341909836
t2v4,246,0.7925431845390799,0.8441176470588235
t2v4,247,0.9647993943981832,0.9705486044273339
t2v4,248,0.6398628642667913,0.7370861465874888
t2v4,249,0.9192599118942731,0.8786931606757461
t2v4,250,0.963984180813702,0.98700298640077
t2v4,251,0.9541420118343196,0.9410971223021583
t2v4,252,0.981977134058001,0.9980578387104705
t2v4,253,0.4198511665325825,0.5027540705768416
t2v4,254,0.13013333333333332,0.0
t2v4,255,0.10993356872256624,0.1238472219343875
t2v4,256,0.904688469712072,0.9246463828946254
t2v4,257,0.3886992794842624,0.6157995746667358
t2v4,258,0.8557412790697675,0.7517991631799164
t2v4,259,0.9458276986715456,0.9597624116271124
t2v4,260,0.9556811758055399,0.9221543946842418
t2v4,261,0.8215017602858494,0.9154821359969266
t2v4,262,0.05350840039531272,0.0
t2v4,263,0.7032304151123105,0.8498054474708171
t2v4,264,0.7586585365853659,0.7689821641384047
t2v4,265,0.9259259259259259,0.857212594581401
t2v4,266,0.6497521143190435,0.5852066715010877
t2v4,267,0.9887635824827132,0.9867446712760299
t2v4,268,0.6837188743185502,0.6259050683829445
t2v4,269,0.0,0.0
t2v4,270,0.9592730530834398,0.9781475946197035
t2v4,271,0.7626448179818144,0.824870193621522
t2v4,272,0.6560565870910698,0.44699096911284814
t2v4,273,0.2712679658720009,0.24177706316194206
t2v4,274,0.7779708979128661,0.9354659135653284
t2v4,275,0.9743846594161419,0.9815692395005675
t2v4,276,0.9255173569413802,0.9615194725989603
t2v4,277,0.7707740273824047,0.8463216339480468
t2v4,278,0.7123363032948634,0.6820411412722464
t2v4,279,0.5557946510913003,0.5873655228674859
t2v4,280,0.9398633482153869,0.9799664986318295
t2v4,281,0.8875599375033673,0.9041221199474015
t2v4,282,0.8506547323056523,0.9770114942528736
t2v4,283,0.9164326430133483,0.9917176407554583
t2v4,284,0.520718594282717,0.5770042962207821
t2v4,285,0.04819677580189463,0.0
t2v4,286,0.45615908322056836,0.4307778237690815
t2v4,287,0.9786886584469666,0.9614918866553644
t2v4,288,0.26652012639098777,0.48539551209727966
t2v4,289,0.08238542573306522,0.1261358041269415
t2v4,290,0.6946000756195648,0.6156684109475586
t2v4,291,0.04836592275271195,0.03804813088557025
t2v4,292,0.3886023399169707,0.4192217458134455
t2v4,293,0.9753426785228906,0.9857875572608746
t2v4,294,0.49204812612363436,0.5507037747920666
t2v4,295,0.28140926213161976,0.8181818181818182
t2v4,296,0.944768985661179,0.9777948352431602
t2v4,297,0.9015648427602292,0.9347844078457337
t2v4,298,0.9271119473189088,0.9408738385932581
t2v4,299,0.2794156706507304,0.0
t2v4,300,0.9074562455046752,0.8910496719775071
t2v4,301,0.8969958679224211,0.9684369534107171
t2v4,302,0.0,0.0
t2v4,303,0.8204625533154952,0.905886830010831
t2v4,304,0.9119484367601912,0.9367128662742864
t2v4,305,0.3550739737445301,0.0
t2v4,306,0.685910260074307,0.9842788790157211
t2v4,307,0.8450167348456675,0.8840931134820562
t2v4,308,0.3550811458446792,0.7134641783845954
t2v4,309,0.8874962697702179,0.8824094841396988
t2v4,310,0.8365541327124564,0.8807809058984585
t2v4,311,0.005496034506748296,0.0
t2v4,312,0.8161469132145729,0.8132258505260281
t2v4,313,0.6590991645477661,0.9476319083064356
t2v4,314,0.43530129938083195,0.5896270972965678
t2v4,315,0.641875,0.4450710219715912
t2v4,316,0.18136548929626284,0.11973374126596932
t2v4,317,0.9010062694273221,0.9561251482258506
t2v4,318,0.9540455471209035,0.9032004852463695
t2v4,319,0.07472808701215611,0.0
t2v4,320,0.8042732684196002,0.8709144645340751
t2v4,321,0.5233593829983278,0.5418395079387784
t2v4,322,0.8468616763865389,0.906190826260331
t2v4,323,0.658315437842997,0.6747742767643266
t2v4,324,0.9026171637248935,0.8846722523410547
t2v4,325,0.8581899496863159,0.8164336811708341
t2v4,326,0.37646407820713823,0.29902460329014413
t2v4,327,0.3237837837837838,0.0
t2v4,328,0.9812979601280222,0.9804777245831783
t2v4,329,0.03772211777548669,0.0
t2v4,330,0.9935805472732201,0.9925801078419109
t2v4,331,0.3146034955943955,0.31337922777611493
t2v4,332,0.3773550969018391,0.3619203619203619
t2v4,333,0.07678061230251494,0.057847727987354575
t2v4,334,0.7682833818253721,0.8595298231979794
t2v4,335,0.1823257811661119,0.19386612939332887
t2v4,336,0.4510390137673938,0.42732369959466593
t2v4,337,0.9646424145221258,0.9642752562225476
t2v4,338,0.8482074503607904,0.8512668740373871
t2v4,339,0.7097537611990758,0.7529369455766003
t2v4,340,0.7395355527497642,0.7538301165618978
t2v4,341,0.18497031228754024,0.1054925893635571
t2v4,342,0.8448275862068966,0.0
t2v4,343,0.02428777497295348,0.009544968320579281
t2v4,344,0.6195693237627503,0.8648935042916182
t2v4,345,0.5209624498724025,0.6171445143515423
t2v4,346,0.8603087972971376,0.8635485824639189
t2v4,347,0.9162034230585686,0.9298486213967583
t2v4,348,0.9274017850867946,0.9540725326991677
t2v4,349,0.2765515193506879,0.0
t2v4,350,0.8532402086464503,0.835590652403471
t2v4,351,0.7594882729211088,0.8136617100371747
t2v4,352,0.33314932376483575,0.0
t2v4,353,0.20329049948921984,0.19017272185824896
t2v4,354,0.19304335336221962,0.10719164323021294
t2v4,355,0.8128938439166262,0.8231132075471698
t2v4,356,0.11554399443453012,0.3519168291098116
t2v4,357,0.4042168033223299,0.8733997155049786
t2v4,358,0.31839967855810347,0.4487353821049769
t2v4,359,0.9782975334786888,0.9980767394595774
t2v4,360,0.8357316227461858,0.9199086844858746
t2v4,361,0.9023974548346779,0.8192650416083659
t2v4,362,0.9333768778576094,0.9524564183835182
t2v4,363,0.6060113351296107,0.6065393509160589
t3v0,0,0.8694912572197168,0.9881191401573063
t3v0,1,0.8309661307944436,0.5561120385828232
t3v0,2,0.9923817161186849,0.9899462761095879
t3v0,3,0.9934361766485178,0.9890650959069627
t3v0,4,0.15029310693349504,0.1260507787497333
t3v0,5,0.9804622365125657,0.9807767388614271
t3v0,6,0.9447818884594147,0.9218612818261633
t3v0,7,0.9816474490122654,0.9814136001033711
t3v0,8,0.9269641734758014,0.6092338574774172
t3v0,9,0.5697700700680133,0.7296027196373817
t3v0,10,0.0,0.0
t3v0,11,0.6250172796726539,0.9106643986143359
t3v0,12,0.8902116402116402,0.8932835820895523
t3v0,13,0.9924016777095618,0.9810978375926206
t3v0,14,0.9469011725293133,0.9181733787188895
t3v0,15,0.8248248248248248,0.0
t3v0,16,0.9193202823990557,0.9919597948275648
t3v0,17,0.18783958602846054,0.8740592072252885
t3v0,18,0.9799868044864746,0.960633484162896
t3v0,19,0.8584435755985218,0.8518189884649512
t3v0,20,0.9014587674903245,0.0
t3v0,21,0.8454718432452127,0.9466936314725073
t3v0,22,0.7465149359886202,0.0
t3v0,23,0.9441421835328255,0.0
t3v0,24,0.8410492680389389,0.6282861896838602
t3v0,25,0.8054298642533937,0.0
t3v0,26,0.0,0.0
t3v0,27,0.5754161902902875,0.3870284670161717
t3v0,28,0.994424644198975,0.9945695961842148
t3v0,29,0.7414545182342173,0.8426190814554846
t3v0,30,0.0008976257798123962,0.0
t3v0,31,0.31938978937332063,0.8756234253689136
t3v0,32,0.15453704417546835,0.1249047088488829
t3v0,33,0.9331957699251999,0.0
t3v0,34,0.35888330486710984,0.32844826448026826
t3v0,35,0.008738585223052387,0.0
t3v0,36,0.15235398230088495,0.0
t3v0,37,0.6838627042199785,0.726036690896504
t3v0,38,0.8932038834951457,0.0
t3v0,39,0.8550898203592814,0.9635453895639743
t3v0,40,0.8847547623200201,0.983094974229071
t3v0,41,0.9776636292845531,0.9950102566945722
t3v0,42,0.06271344303011488,0.0
t3v0,43,0.6293948126801153,0.8948362720403022
t3v0,44,0.5655577299412916,0.0
t3v0,45,0.5962490622655664,0.9002682272616435
t3v0,46,0.8153409090909091,0.0
t3v0,47,0.05919778699861687,0.0
t3v0,48,0.7256786693200166,0.7922469907996654
t3v0,49,0.6637651929303116,0.663703178960418
t3v0,50,0.9212142481137041,0.9007929515418502
t3v0,51,0.9326874822718247,0.9655332924274803
t3v0,52,0.9594513597524428,0.992856875939601
t3v0,53,0.04142768904967793,0.02984577832020415
t3v0,54,0.954392350736133,0.9940173380398671
t3v0,55,0.9781720728213659,0.9898268003646308
t3v0,56,0.8806523074631867,0.9107497343145315
t3v0,57,0.9094658692513921,0.9274242732262655
t3v0,58,0.735030303030303,0.0
t3v0,59,0.3529952504979317,0.0
t3v0,60,0.7144644521858594,0.8294539462996914
t3v0,61,0.82689556509299,0.7030763912893191
t3v0,62,0.9965886724291106,0.997201131311547
t3v0,63,0.9842506350550381,0.9479294076533287
t3v0,64,0.9563119126238252,0.7718518518518519
t3v0,65,0.003657690609825314,0.0
t3v0,66,0.03923380398671096,0.01230688661953391
t3v0,67,0.7148154251812788,0.606133605114426
t3v0,68,0.8873251069593802,0.903140376976018
t3v0,69,0.7269961977186312,0.8632106294924853
t3v0,70,0.3723325974981604,0.0
t3v0,71,0.6619234543670265,0.0
t3v0,72,0.943353318172421,0.7806066512364478
t3v0,73,0.874508860556491,0.0
t3v0,74,0.6543654365436543,0.0
t3v0,75,0.9982506452537998,0.9968278574401814
t3v0,76,0.6020728142439543,0.0
t3v0,77,0.003695766949284139,0.0035132382892057025
t3v0,78,0.972203571908151,0.8555064162981222
t3v0,79,0.9559126493613515,0.9073449527585408
t3v0,80,0.9788367012561442,0.9142541283769778
t3v0,81,0.024438659089363123,0.0
t3v0,82,0.5069584245076586,0.0
t3v0,83,0.9406200063918184,0.9689039505475541
t3v0,84,0.855628759667717,0.0
t3v0,85,0.9983565218482229,0.9958268061908641
t3v0,86,0.9956352670422982,0.9884328949453336
t3v0,87,0.0993676603432701,0.0
t3v0,88,0.5260870914677674,0.7757432565465643
t3v0,89,0.2678185745140389,0.0
t3v0,90,0.9915969970994711,0.9886241040814364
t3v0,91,0.7197033137935159,0.8519262789228914
t3v0,92,0.8644624355998415,0.9889766163004818
t3v0,93,0.0,0.0
t3v0,94,0.8185729190661373,0.8990430410729042
t3v0,95,0.4711254364759602,0.0
t3v0,96,0.0196395753901857,0.0
t3v0,97,0.06259508802434254,0.0
t3v0,98,0.12020707203650083,0.0
t3v0,99,0.8000647039792947,0.9158703780639801
t3v0,100,0.9467596530022112,0.9436066173110319
t3v0,101,0.7350549976087997,0.9780081451314327
t3v0,102,0.8402948402948403,0.0
t3v0,103,0.9068029885961463,0.0
t3v0,104,0.6004086940367824,0.9191502368943909
t3v0,105,0.8890820584144645,0.5707986281234689
t3v0,106,0.977079032343444,0.8935899475107364
t3v0,107,0.9273526492413858,0.9480226508908429
t3v0,108,0.8756174225415357,0.0
t3v0,109,0.5185387131952017,0.0
t3v0,110,0.9380981223500908,0.9847057305110997
t3v0,111,0.870162481536189,0.8017317547269835
t3v0,112,0.6354479418886199,0.0
t3v0,113,0.9137123745819398,0.790807560137457
t3v0,114,0.21166090473457294,0.03360767521481637
t3v0,115,0.5259655955858488,0.0
t3v0,116,0.3710720887245841,0.06506907888485586
t3v0,117,0.9132039146478421,0.0
t3v0,118,0.940798703120616,0.9254537461533631
t3v0,119,0.9796073947017343,0.9510816604950302
t3v0,120,0.0,0.0
t3v0,121,0.1527365055482415,0.0
t3v0,122,0.5242945399899817,0.0
t3v0,123,0.9808897422831747,0.9823260169580663
t3v0,124,0.9462028261129648,0.9617546732159913
t3v0,125,0.5470757430488974,0.7818350324374421
t3v0,126,0.9413301973082452,0.9098092643051771
t3v0,127,0.886902876198416,0.9476248886797842
t3v0,128,0.5701357466063348,0.0
t3v0,129,0.9385134198734235,0.9599274012513732
t3v0,130,0.4397037037037037,0.0
t3v0,131,0.6101670610167061,0.0
t3v0,132,0.8168783285538713,0.0
t3v0,133,0.7005433688871,0.37749287749287747
t3v0,134,0.5565354136474361,0.6032210834553441
t3v0,135,0.9858049546168021,0.9821386205727842
t3v0,136,0.923225241016652,0.754105219119339
t3v0,137,0.001954783984734068,0.0
t3v0,138,0.9853031230863442,0.9865540963101939
t3v0,139,0.031275720164609055,0.0
t3v0,140,0.987875076546234,0.9838918718755786
t3v0,141,0.7849496421105974,0.8276374442793462
t3v0,142,0.3021137652517615,0.0
t3v0,143,0.9102079395085066,0.0
t3v0,144,0.9958277218833347,0.9951285199413838
t3v0,145,0.7856033023352891,0.9841888431132391
t3v0,146,0.7310560660540685,0.2023689382270144
t3v0,147,0.30906148867313915,0.0
t3v0,148,0.3265470852017937,0.8846554760792207
t3v0,149,0.6185925282363163,0.9075537809647979
t3v0,150,0.7806449196659301,0.8233923804901723
t3v0,151,0.426961926961927,0.0
t3v0,152,0.6381406092103363,0.5476382226268427
t3v0,153,0.8921540210920603,0.882711229111354
t3v0,154,0.9764696530068763,0.9976373876591454
t3v0,155,0.02823542779229633,0.0
t3v0,156,0.8113006396588486,0.0
t3v0,157,0.20451127819548873,0.0
t3v0,158,0.9488252730965582,0.9931154535816656
t3v0,159,0.13770849799955998,0.0
t3v0,160,0.9395822973644953,0.938826571035403
t3v0,161,0.9899278010517871,0.961098820058997
t3v0,162,0.31527113810295654,0.6826750770554082
t3v0,163,0.9984876866761759,0.9981276517775857
t3v0,164,0.9671819262782402,0.8921267893660532
t3v0,165,0.7432839416937719,0.5328779643080476
t3v0,166,0.21184510250569477,0.0
t3v0,167,0.6518470928364921,0.7527584698391095
t3v0,168,0.24203870473270742,0.0
t3v0,169,0.9365192918747163,0.9983044934412504
t3v0,170,0.9142294436238306,0.4517871326449563
t3v0,171,0.38143086816720256,0.0
t3v0,172,0.956902149765884,0.962491789677464
t3v0,173,0.9697493517718236,0.8349007314524556
t3v0,174,0.48617339312406577,0.0
t3v0,175,0.9595437707155391,0.9761034016331848
t3v0,176,0.6063675832127352,0.0
t3v0,177,0.9815594491735765,0.9807087712770906
t3v0,178,0.9837306091562619,0.952155001977066
t3v0,179,0.8409302325581396,0.0
t3v0,180,0.9578822129684712,0.8417343150210811
t3v0,181,0.9188948306595366,0.7600264725347452
t3v0,182,0.5197412480974125,0.5294038326116597
t3v0,183,0.04131732354785517,0.0
t3v0,184,0.9850502409933829,0.985878107338314
t3v0,185,0.4579424391795198,0.0
t3v0,186,0.07155222158107329,0.0
t3v0,187,0.029705971506517128,0.0
t3v0,188,0.9807477678571429,0.9373913043478261
t3v0,189,0.8797760210803689,0.8850506253722454
t3v0,190,0.9173939031679618,0.8450704225352113
t3v0,191,0.7756031349883971,0.5582303188028627
t3v0,192,0.00024978144123891593,0.0
t3v0,193,0.3652244209342378,0.0
t3v0,194,0.8373407138326703,0.8236370485980302
t3v0,195,0.8554983338382308,0.9191969470715116
t3v0,196,0.450814332247557,0.0
t3v0,197,0.6888888888888889,0.7404367204283836
t3v0,198,0.8293686723187094,0.7875373649114739
t3v0,199,0.27166759967655657,0.0
t3v0,200,0.41552492046659595,0.8501820218426211
t3v0,201,0.9619326500732065,0.0
t3v0,202,0.04834314845741408,0.0
t3v0,203,0.9909066563513553,0.9884771561550152
t3v0,204,0.16981371988047556,0.7964933018124507
t3v0,205,0.8645069360043586,0.981775021058274
t3v0,206,0.9326631649683887,0.9910299804808866
t3v0,207,0.7009105516871987,0.922660479505027
t3v0,208,0.969685192382433,0.9519936520531641
t3v0,209,0.3450761539355889,0.39966434907695997
t3v0,210,0.42269530873711586,0.0
t3v0,211,0.8010689827960581,0.8679756262694651
t3v0,212,0.8947368421052632,0.7897838899803536
t3v0,213,0.8599761999206664,0.9915724389107695
t3v0,214,0.7794348084508564,0.8944195082735982
t3v0,215,0.9032432432432432,0.8848426549402226
t3v0,216,0.8956732287609223,0.8476275339719314
t3v0,217,0.060009895624720214,0.0
t3v0,218,0.5664668818195789,0.0
t3v0,219,0.9121648774326885,0.8948869993287089
t3v0,220,0.9546172752808989,0.9660061977650484
t3v0,221,0.8612280432889987,0.9984840799740947
t3v0,222,0.8623934245230939,0.9490321713415181
t3v0,223,0.9770028642140096,0.9897695450473059
t3v0,224,0.4259277585353785,0.0
t3v0,225,0.806563278870119,0.9279899812147777
t3v0,226,0.6379074927462024,0.0
t3v0,227,0.1458625525946704,0.0
t3v0,228,0.12623552668737645,0.0
t3v0,229,0.8926572296145093,0.9033447294511804
t3v0,230,0.3081777544044176,0.2808933187744398
t3v0,231,0.9919473547493289,0.9786535303776683
t3v0,232,0.8462630586340616,0.9985700846660395
t3v0,233,0.7082622849170671,0.7896512935883014
t3v0,234,0.8536662452591656,0.0
t3v0,235,0.8707065065624128,0.0
t3v0,236,0.7950138504155124,0.846058502726822
t3v0,237,0.009669621273166801,0.0
t3v0,238,0.986096256684492,0.9476559396106476
t3v0,239,0.388676844783715,0.0
t3v0,240,0.9796215429403202,0.817154255319149
t3v0,241,0.8719091111606149,0.0
t3v0,242,0.5808134708881774,0.8330118346280173
t3v0,243,0.4762251246043584,0.0
t3v0,244,0.9071055546763729,0.0
t3v0,245,0.9313835770528683,0.0
t3v0,246,0.9448354143019296,0.0
t3v0,247,0.9562800101086681,0.0
t3v0,248,0.9238938053097345,0.0
t3v0,249,0.9880013911430559,0.9769877520146627
t3v0,250,0.36622005684125053,0.0
t3v0,251,0.8327557438069567,0.0
t3v0,252,0.9599210009291992,0.9839019897330318
t3v0,253,0.8666015230136802,0.8609073405152523
t3v0,254,0.7826462335419815,0.0
t3v0,255,0.9184115523465703,0.0
t3v0,256,0.4713605082053997,0.0
t3v0,257,0.050485278525405755,0.0
t3v0,258,0.9750986941998178,0.9633688165309956
t3v0,259,0.9067751525582851,0.9782778355879292
t3v0,260,0.9751434034416826,0.0
t3v0,261,0.3644918213563683,0.13640962230215828
t3v0,262,0.9687276199570303,0.9511093018522288
t3v0,263,0.16104270369400053,0.19726259049833536
t3v0,264,0.9569347688410387,0.7827888834714773
t3v0,265,0.9881439040353645,0.9986796149586847
t3v0,266,0.9151759953837276,0.0
t3v0,267,0.9463003434280363,0.0
t3v0,268,0.7831368345837799,0.5729652205091431
t3v0,269,0.9612831858407079,0.0
t3v0,270,0.03483481126893196,0.055852657355409424
t3v0,271,0.7734956051386072,0.0
t3v0,272,0.8277145289980763,0.934594749559733
t3v0,273,0.8812528969230221,0.9171177829099307
t3v0,274,0.6245231607629428,0.0
t3v0,275,0.9006156552330695,0.0
t3v0,276,0.9829122369044032,0.9604794580039955
t3v0,277,0.6522167487684729,0.0
t3v0,278,0.6177835329664401,0.7822870851659336
t3v0,279,0.40946109859643043,0.0
t3v0,280,0.9366389474990692,0.9742907265138225
t3v0,281,0.8520538243626062,0.982150917073571
t3v0,282,0.9459214510668094,0.9979011979582024
t3v0,283,0.9882447503265347,0.9597280873416417
t3v0,284,0.6997449908925318,0.0
t3v0,285,0.7972004665889019,0.0
t3v0,286,0.7763189305323466,0.7198456095207462
t3v0,287,0.9617586599391809,0.9703415521422797
t3v0,288,0.9839960939619161,0.9537737434863002
t3v0,289,0.5961167545325962,0.32869963719686845
t3v0,290,0.8582012759827125,0.0
t3v0,291,0.8637394351680066,0.0
t3v0,292,0.9036360269152417,0.9064370754018968
t3v0,293,0.48556447398552044,0.9755049932588024
t3v0,294,0.6057536466774717,0.0
t3v0,295,0.11261536824746655,0.002663915204952631
t3v0,296,0.9341838968908667,0.9937932475449529
t3v0,297,0.645841623557501,0.5828747523662778
t3v0,298,0.8912871369640402,0.9833627660563249
t3v0,299,0.8570701932858596,0.9535219399538106
t3v0,300,0.7973500377160474,0.8194537828578747
t3v0,301,0.9430667132378624,0.829444891391794
t3v0,302,0.7002585692501492,0.5132728058798097
t3v0,303,0.9223777060160268,0.8767915211369385
t3v0,304,0.8438642297650131,0.7123302320607422
t3v0,305,0.9763571023264611,0.9151563433578969
t3v0,306,0.7551182736201411,0.9797356451922872
t3v0,307,0.3171759747102213,0.0
t3v0,308,0.9875964758469035,0.9877723714829701
t3v0,309,0.835155225185833,0.0
t3v0,310,0.0,0.0
t3v0,311,0.9269943593875907,0.6743241905139122
t3v0,312,0.9878272110309168,0.9702512119876597
t3v0,313,0.11252165246897468,0.11616133518776078
t3v0,314,0.972054249847507,0.96655034968098
t3v0,315,0.9749034100453553,0.9721865639709029
t3v0,316,0.4267497874752054,0.0
t3v0,317,0.9492769263975825,0.9556193420181055
t3v0,318,0.9118773946360154,0.8655809636317611
t3v0,319,0.18181818181818182,0.0
t3v0,320,0.9656533754441374,0.9022909731740748
t3v0,321,0.9896805135203786,0.995624391979052
t3v0,322,0.747624076029567,0.5827453068832379
t3v0,323,0.2637463976945245,0.0
t3v0,324,0.8854840240495516,0.9205350445870489
t3v0,325,0.9704007930887977,0.9359113621551163
t3v0,326,0.9616025915868706,0.9949665586430394
t3v0,327,0.8976183958390364,0.8867843306069737
t3v0,328,0.7994238386748289,0.0
t3v0,329,0.9325936621323809,0.850321236325751
t3v0,330,0.956585996674672,0.9697735445621538
t3v0,331,0.8171917086309872,0.9002282856832264
t3v0,332,0.9422083500753669,0.9984538446908249
t3v0,333,0.16095107453132146,0.0
t3v0,334,0.8510841532142516,0.9250468457214241
t3v0,335,0.13823443151823248,0.0
t3v0,336,0.9442363712026633,0.9246491924808049
t3v0,337,0.9934965439749396,0.9796343594569162
t3v0,338,0.8735460952271815,0.8192729598111073
t3v0,339,0.9805145911002553,0.9632272228320526
t3v0,340,0.8877466423478694,0.7357594936708861
t3v0,341,0.9582555201581896,0.9278382105101884
t3v0,342,0.3798548868971404,0.0
t3v0,343,0.6439546652168459,0.996614731611367
t3v0,344,0.9077175697865353,0.0
t3v0,345,0.9793159942658202,0.9735922729140978
t3v0,346,0.6127312637190342,0.9011187297004691
t3v0,347,0.8984198645598194,0.0
t3v0,348,0.0,0.0
t3v0,349,0.9391585224449229,0.9979903398309471
t3v0,350,0.9888375723113473,0.9955442121706174
t3v0,351,0.7861858811579482,0.7058069604653455
t3v0,352,0.7874114588003228,0.7161614682481574
t3v0,353,0.9855201756793851,0.9825112720316983
t3v0,354,0.9681695171118762,0.9588094309124352
t3v0,355,0.9000358580023109,0.9625617333120917
t3v0,356,0.8806845965770171,0.0
t3v0,357,0.8872295889906191,0.9060538795277974
t3v0,358,0.8944444444444445,0.0
t3v0,359,0.4452442159383033,0.0
t3v0,360,0.05935858334788859,0.059838863089576456
t3v0,361,0.9502224981889682,0.9139784946236559
t3v0,362,0.7836030696755566,0.8311101392229754
t3v0,363,0.981208439267202,0.9933251473268724
t3v0,364,0.9494626114795335,0.9074427480916031
t3v1,0,0.8735436308740994,0.9830938292476754
t3v1,1,0.5957066189624329,0.4257405515832482
t3v1,2,0.9134792478691053,0.9260688445516334
t3v1,3,0.9364665424845966,0.9659910276720807
t3v1,4,0.14189596546651553,0.12487257900101936
t3v1,5,0.9769873643091559,0.992196733729047
t3v1,6,0.834319526627219,0.9059500959692899
t3v1,7,0.5521477022934611,0.3706910635517072
t3v1,8,0.0035823950870010235,0.0
t3v1,9,0.6974866617108767,0.8845421663811156
t3v1,10,0.0,0.0
t3v1,11,0.5550477773161612,0.7890379411595371
t3v1,12,0.5199286139202856,0.872899926953981
t3v1,13,0.8210064745983351,0.8312823381345267
t3v1,14,0.5558336032031089,0.0
t3v1,15,0.23263522675907788,0.0
t3v1,16,0.9715484440820764,0.9759281269959436
t3v1,17,0.07855695706162996,0.14919028340080973
t3v1,18,0.792156862745098,0.9213722565523119
t3v1,19,0.45196740052365675,0.5746234596074852
t3v1,20,0.0,0.0
t3v1,21,0.5342458069220845,0.432258064516129
t3v1,22,0.0,0.0
t3v1,23,0.6581646797892986,0.5703669298653042
t3v1,24,0.5090252707581228,0.5279087619256497
t3v1,25,0.04031043669639754,0.0
t3v1,26,0.0,0.0
t3v1,27,0.5767512268965012,0.5299836754742058
t3v1,28,0.9687166553496944,0.992040863859418
t3v1,29,0.9490080489740392,0.9715082204710582
t3v1,30,0.021923310252494613,0.0
t3v1,31,0.14321548785455482,0.1736761047269281
t3v1,32,0.6421657095980312,0.8612260248213615
t3v1,33,0.7944979367262723,0.0
t3v1,34,0.7498299833761524,0.7926624368743961
t3v1,35,0.0,0.0
t3v1,36,0.46519443110897746,0.0
t3v1,37,0.6681479718022987,0.6961305606738616
t3v1,38,0.45316070068545317,0.8426966292134831
t3v1,39,0.5379544170276889,0.9192546583850931
t3v1,40,0.7399219491614809,0.6131516445553343
t3v1,41,0.759493670886076,0.8496786963477129
t3v1,42,0.0,0.0
t3v1,43,0.493569375094568,0.8833189282627485
t3v1,44,0.09942929613189601,0.0
t3v1,45,0.667739340305712,0.9042904290429042
t3v1,46,0.2985871620869952,0.0
t3v1,47,0.08604518032498129,0.2435284094632676
t3v1,48,0.5219359842371141,0.0
t3v1,49,0.8470788737153729,0.9722169594283704
t3v1,50,0.9321134492223239,0.9059555555555555
t3v1,51,0.9280691828982461,0.9238947283960524
t3v1,52,0.9364263651060651,0.9660012950815057
t3v1,53,0.02489053873976775,0.0
t3v1,54,0.9900926855340173,0.9937819664044448
t3v1,55,0.894512098687332,0.892358817288251
t3v1,56,0.5629957051945202,0.5883434340286974
t3v1,57,0.7192150993597738,0.8787911263530168
t3v1,58,0.19649271075427846,0.0
t3v1,59,0.18523295179751734,0.0
t3v1,60,0.3761401731797139,0.36637137284386473
t3v1,61,0.0,0.0
t3v1,62,0.9858154276369422,0.9942144951411566
t3v1,63,0.7249830560353309,0.7176116012929151
t3v1,64,0.8591125595387316,0.7787598204264871
t3v1,65,0.02684446768640781,0.0
t3v1,66,0.04513868669811138,0.009816307267842881
t3v1,67,0.40186875081867,0.1807064410804393
t3v1,68,0.8299105310678815,0.8975892754715744
t3v1,69,0.8041746156435866,0.5836385836385837
t3v1,70,0.1384718799014116,0.0
t3v1,71,0.4744249914177824,0.8457104103085792
t3v1,72,0.6169865568420234,0.0
t3v1,73,0.2286,0.0
t3v1,74,0.12059620596205962,0.0
t3v1,75,0.985807463792327,0.985366987808245
t3v1,76,0.34533809323813525,0.0
t3v1,77,0.027109917845686646,0.016483516483516484
t3v1,78,0.8564131315018999,0.0
t3v1,79,0.816082820623425,0.8848071507918055
t3v1,80,0.6747220331291128,0.7820918663996382
t3v1,81,0.01471208499869449,0.011596946310818963
t3v1,82,0.09640314040533139,0.0
t3v1,83,0.6706232915507179,0.7713453218353592
t3v1,84,0.11815812337098175,0.0
t3v1,85,0.9938431829866206,0.9949286885964364
t3v1,86,0.9245361742371562,0.9844317046231525
t3v1,87,0.11751982696467195,0.0
t3v1,88,0.5180765863623099,0.5954438334642577
t3v1,89,0.11020239570425444,0.0
t3v1,90,0.8392386747300857,0.84191158310694
t3v1,91,0.24672364672364672,0.0
t3v1,92,0.8325496269182036,0.8734702797202797
t3v1,93,0.0018241517694272164,0.0
t3v1,94,0.9920703675468385,0.9921611055812812
t3v1,95,0.05453251644479928,0.0
t3v1,96,0.018029073060222767,0.018000904568068746
t3v1,97,0.7617554858934169,0.0
t3v1,98,0.1621671597633136,0.0
t3v1,99,0.24121255864308913,0.201349401680387
t3v1,100,0.9337518025277801,0.9161904761904762
t3v1,101,0.06583671977466726,0.00607401622630049
t3v1,102,0.0,0.0
t3v1,103,0.5096803241782981,0.7948591201186357
t3v1,104,0.15139738905824587,0.21978716678959015
t3v1,105,0.7513051044083526,0.748204807992507
t3v1,106,0.9713217623497997,0.9033627162912178
t3v1,107,0.7575740913839556,0.752661934338953
t3v1,108,0.6198360929921392,0.7363013698630136
t3v1,109,0.25185021539821056,0.0
t3v1,110,0.8928499438477265,0.9877797787496784
t3v1,111,0.5433962264150943,0.0
t3v1,112,0.5835370111731844,0.44056474874753304
t3v1,113,0.3841816637058778,0.3049029074133677
t3v1,114,0.5603699639441919,0.8538463383626377
t3v1,115,0.3716915995397008,0.0
t3v1,116,0.07607709750566893,0.0
t3v1,117,0.639390386869871,0.5875370919881305
t3v1,118,0.9163015037356956,0.9153705686039922
t3v1,119,0.8353878247676845,0.8034155597722961
t3v1,120,0.0,0.0
t3v1,121,0.5930196702737202,0.38947860995492944
t3v1,122,0.184645286686103,0.27389891292166313
t3v1,123,0.9623766166297542,0.9696407500119364
t3v1,124,0.8560991018210784,0.9503194964435988
t3v1,125,0.3198182850653038,0.4987978546328833
t3v1,126,0.8449927812048825,0.8520320549513452
t3v1,127,0.5854017824261619,0.4658164639071794
t3v1,128,0.18585983328187713,0.0
t3v1,129,0.5997877483638936,0.811004016064257
t3v1,130,0.2694147957305852,0.0
t3v1,131,0.26983646274984857,0.0
t3v1,132,0.32458838429527775,0.0
t3v1,133,0.23304766200571342,0.09678510998307953
t3v1,134,0.5191442264521317,0.8879144795800794
t3v1,135,0.7579337035167424,0.8107829942205684
t3v1,136,0.5011114074864408,0.5319355022505841
t3v1,137,4.242891389051926e-05,0.0
t3v1,138,0.3636985910672523,0.9816827072337784
t3v1,139,0.028697877048613513,0.0
t3v1,140,0.7308601832692876,0.708037732907149
t3v1,141,0.7584653668063124,0.8456264597302795
t3v1,142,0.02705971277399849,0.0
t3v1,143,0.20302932645826618,0.0
t3v1,144,0.9955057367947973,0.9953863441073435
t3v1,145,0.8211815846670618,0.9737937239905522
t3v1,146,0.19893136046033702,0.0
t3v1,147,0.0,0.0
t3v1,148,0.03896245634458673,0.0
t3v1,149,0.17074469108564172,0.14279800345374116
t3v1,150,0.2633639038884603,0.0
t3v1,151,0.18567991371442794,0.18934250906723704
t3v1,152,0.3761980830670926,0.0
t3v1,153,0.8750380186834673,0.9435345536574476
t3v1,154,0.9891545819191607,0.9891569238362588
t3v1,155,0.012376878413195428,0.029274982113045554
t3v1,156,0.38647102710768466,0.5347081568771865
t3v1,157,0.2117163412127441,0.0
t3v1,158,0.9757261175780756,0.9920575257394999
t3v1,159,0.08582166205454787,0.08351826871473536
t3v1,160,0.8590860597439545,0.8084153566263936
t3v1,161,0.9142169503180334,0.8946982205099981
t3v1,162,0.5265426678374711,0.0
t3v1,163,0.9936883957838369,0.9940009811881557
t3v1,164,0.9070919415247071,0.6242038216560509
t3v1,165,0.7418310061897222,0.6739122425671444
t3v1,166,0.0760061919504644,0.0
t3v1,167,0.2415506377208057,0.12629558541266794
t3v1,168,0.07502725706045792,0.06835549941891099
t3v1,169,0.7563931209090285,0.8260612462123839
t3v1,170,0.6395626395626396,0.503475962009204
t3v1,171,0.06859903381642513,0.0
t3v1,172,0.5244162282036787,0.29288054810843017
t3v1,173,0.8846860643185298,0.8002084781097984
t3v1,174,0.14051418439716312,0.0
t3v1,175,0.7501425042751283,0.8226925746009716
t3v1,176,0.0,0.0
t3v1,177,0.9425618585125496,0.9387070597781986
t3v1,178,0.9123563218390804,0.9436728395061729
t3v1,179,0.27457002457002455,0.0
t3v1,180,0.7320171199779097,0.6438366659005592
t3v1,181,0.7966273872409589,0.783729662077597
t3v1,182,0.6240893535722534,0.6236236797131091
t3v1,183,0.03691056203236471,0.021723031350283882
t3v1,184,0.9183418353481944,0.9788743967848446
t3v1,185,0.07073914547112271,0.0
t3v1,186,0.0030024809974557925,0.0008005822416302765
t3v1,187,0.07601487950832929,0.0
t3v1,188,0.7565404025755554,0.8997160364668958
t3v1,189,0.8158309681488489,0.8663503361012258
t3v1,190,0.8866461538461539,0.816931216931217
t3v1,191,0.6681284259984338,0.6934497069267959
t3v1,192,0.8759858044164038,0.7816502204492967
t3v1,193,0.27738723176263014,0.32067458499277485
t3v1,194,0.7595474717169823,0.5091714542811656
t3v1,195,0.7761957342941826,0.7376811594202899
t3v1,196,0.024213075060532687,0.0
t3v1,197,0.25009959077246224,0.0971825741591163
t3v1,198,0.38923922162981406,0.0
t3v1,199,0.37270619277975453,0.43648964568169385
t3v1,200,0.3267544459956384,0.37643146627870727
t3v1,201,0.3848009650180941,0.0
t3v1,202,0.03791280320943702,0.0
t3v1,203,0.993275401109815,0.997133365883759
t3v1,204,0.24681726302351148,0.0
t3v1,205,0.671087661551866,0.0
t3v1,206,0.9625678246776126,0.9854132192245169
t3v1,207,0.5633539845540185,0.8836325237592397
t3v1,208,0.8141780954220591,0.8027475672581569
t3v1,209,0.0,0.0
t3v1,210,0.37090327737809753,0.0
t3v1,211,0.5845213007726954,0.6440870387890255
t3v1,212,0.3008734435978443,0.8103597122302159
t3v1,213,0.9284501893197545,0.9926868447751099
t3v1,214,0.5597582439477966,0.41700528684405996
t3v1,215,0.31976273928282556,0.0
t3v1,216,0.5808625336927223,0.0
t3v1,217,0.14621413739654315,0.14653282908961224
t3v1,218,0.05258569781502207,0.0
t3v1,219,0.9050814438010715,0.9278027263306141
t3v1,220,0.7923074126585959,0.966782487838777
t3v1,221,0.9123382370752704,0.9421452664446169
t3v1,222,0.7929222826157458,0.7610522372083066
t3v1,223,0.9565396479601644,0.9819354778650258
t3v1,224,0.3418737060041408,0.0
t3v1,225,0.35499236641221377,0.36961702413318565
t3v1,226,0.41590102792686257,0.13422903859560176
t3v1,227,0.050579896907216496,0.0
t3v1,228,0.038299168733951346,0.0
t3v1,229,0.961822257640995,0.9744556616332151
t3v1,230,0.9075000514689231,0.9291875792272573
t3v1,231,0.9685578780959072,0.9612144612144612
t3v1,232,0.916789598445464,0.9959647005581536
t3v1,233,0.6841211687963542,0.0
t3v1,234,0.674915342537119,0.7740002995357196
t3v1,235,0.03575719030457211,0.0
t3v1,236,0.22120797200669406,0.0
t3v1,237,0.0022175492257694514,0.0
t3v1,238,0.7870002769827348,0.8571693649394628
t3v1,239,0.34297872340425534,0.3340018231540565
t3v1,240,0.9273938968782883,0.8205128205128205
t3v1,241,0.12242418105412384,0.3587992090598598
t3v1,242,0.4982170405401988,0.9329155390969948
t3v1,243,0.08842800980001139,0.0
t3v1,244,0.3432234432234432,0.6800708143651998
t3v1,245,0.5421607378129117,0.856761803147506
t3v1,246,0.23738214087631726,0.0
t3v1,247,0.9279454722492697,0.8054998567745631
t3v1,248,0.276540652511652,0.0
t3v1,249,0.8865861046456015,0.8355309276629836
t3v1,250,0.026167451000672286,0.0
t3v1,251,0.5341016436803325,0.0
t3v1,252,0.9535812122296712,0.9564914247434942
t3v1,253,0.835495945102932,0.9343551477261268
t3v1,254,0.0058505850585058505,0.0
t3v1,255,0.8053863417762103,0.5946481665014867
t3v1,256,0.07394697887229175,0.10364756556349163
t3v1,257,0.0680223907036066,0.0
t3v1,258,0.9537223340040242,0.9416243654822335
t3v1,259,0.8202935113681814,0.9582055088240146
t3v1,260,0.16515102305943488,0.3460717749757517
t3v1,261,0.41727887158389654,0.4242244658738839
t3v1,262,0.7181952226481864,0.74483566627613
t3v1,263,0.1878544061302682,0.18450295418893659
t3v1,264,0.7849251603706343,0.856589542350423
t3v1,265,0.989326360460381,0.9970531601400014
t3v1,266,0.5120678408349641,0.8635634028892456
t3v1,267,0.7006323827705524,0.0
t3v1,268,0.5845107971207678,0.5755693581780539
t3v1,269,0.945823927765237,0.0
t3v1,270,0.07732357960164812,0.07787821902514605
t3v1,271,0.617046818727491,0.0
t3v1,272,0.867583145104759,0.8690169922185168
t3v1,273,0.9770284344357326,0.9837895031043501
t3v1,274,0.610857432775241,0.0
t3v1,275,0.36196549137284323,0.0
t3v1,276,0.9809292205298861,0.9631211857018309
t3v1,277,0.9477529333628515,0.9627295447136803
t3v1,278,0.27172483076996673,0.2335305007450219
t3v1,279,0.1050919903363687,0.0
t3v1,280,0.8576608708574825,0.8693993642295466
t3v1,281,0.41034398633813124,0.32264416858119194
t3v1,282,0.8668131581945733,0.8831593066314121
t3v1,283,0.9314004169035437,0.948103186646434
t3v1,284,0.20448617631716223,0.0
t3v1,285,0.7508887065901012,0.7637077548730893
t3v1,286,0.47380743342112963,0.0
t3v1,287,0.9606634749244508,0.9981919480328231
t3v1,288,0.8941727672035139,0.8978898007033997
t3v1,289,0.00921902383981946,0.0
t3v1,290,0.7069943289224953,0.6957355890817127
t3v1,291,0.474987974987975,0.649087953765577
t3v1,292,0.3686499922324064,0.2879286548465867
t3v1,293,0.3369342119477152,0.46092119687703464
t3v1,294,0.14587332053742802,0.0
t3v1,295,0.07361056793986008,0.07073727933541017
t3v1,296,0.863064547064863,0.9648336727766463
t3v1,297,0.37203368206175047,0.0
t3v1,298,0.4064589665653495,0.38144385122225594
t3v1,299,0.8939597315436242,0.9334885751710086
t3v1,300,0.6498298012517844,0.5545422521429411
t3v1,301,0.47871772039180766,0.8653338362881932
t3v1,302,0.8080874316939891,0.8851083663481706
t3v1,303,0.6248610890617559,0.0
t3v1,304,0.0720354913903301,0.0
t3v1,305,0.9364030949235704,0.9079637577491655
t3v1,306,0.8328277298102641,0.9381437016271559
t3v1,307,0.574088440651668,0.0
t3v1,308,0.9861356973928314,0.9849793254760766
t3v1,309,0.6218946218946219,0.0
t3v1,310,0.0,0.0
t3v1,311,0.7875720020946064,0.74
t3v1,312,0.8209092582367017,0.9454022988505747
t3v1,313,0.05260115606936416,0.04968318407559258
t3v1,314,0.7075980304064983,0.8344014496050454
t3v1,315,0.9531833413116324,0.970814435022678
t3v1,316,0.7671794871794871,0.0
t3v1,317,0.15167609325424197,0.9471184977336499
t3v1,318,0.5413870246085011,0.0
t3v1,319,0.015323230241837288,0.0
t3v1,320,0.9568472906403941,0.890164258856125
t3v1,321,0.9660588150181303,0.9939840919323372
t3v1,322,0.5207532416758975,0.5446009389671361
t3v1,323,0.09898955300565165,0.0
t3v1,324,0.9409599453747052,0.9954467556683443
t3v1,325,0.8727599717387116,0.9258522936455342
t3v1,326,0.8696873197763346,0.9925070461263491
t3v1,327,0.9085627683758525,0.9520749665327979
t3v1,328,0.4117463292721025,0.0
t3v1,329,0.7547456340167046,0.7897705323340802
t3v1,330,0.9222080524685735,0.9508553347176901
t3v1,331,0.9570642502096672,0.9867675615078173
t3v1,332,0.9586689363571468,0.9980753048180044
t3v1,333,0.012567651011586939,0.0
t3v1,334,0.6352720450281426,0.35190402617467964
t3v1,335,0.041704116483911556,0.0387643521049754
t3v1,336,0.7066158222867865,0.6826253821635335
t3v1,337,0.9847343921139102,0.9767001454127354
t3v1,338,0.6486388340818031,0.6183296964887919
t3v1,339,0.8790488502084737,0.9493264453174048
t3v1,340,0.781729554071132,0.7219025700038358
t3v1,341,0.5838277908099904,0.4117238719629773
t3v1,342,0.021265213320850608,0.0
t3v1,343,0.9812872755577527,0.9974677787768854
t3v1,344,0.2805465838509317,0.32932678074486355
t3v1,345,0.8624443344878773,0.9327686039030667
t3v1,346,0.09066373450619752,0.1244705818878308
t3v1,347,0.6824978012313104,0.0
t3v1,348,0.0,0.0
t3v1,349,0.5698536214805364,0.4726804863654972
t3v1,350,0.9552544758720802,0.9684580204688708
t3v1,351,0.39697428139183055,0.0
t3v1,352,0.7671915234919161,0.7798776342624065
t3v1,353,0.9816659351048385,0.9822882736156352
t3v1,354,0.8217514505464849,0.9297960656921134
t3v1,355,0.5204923076923077,0.7485164722733784
t3v1,356,0.6465034965034965,0.7543859649122807
t3v1,357,0.8893990450690747,0.902098362315539
t3v1,358,0.5551839464882943,0.0
t3v1,359,0.0,0.0
t3v1,360,0.03707890572009948,0.0
t3v1,361,0.6127117417113074,0.586444151661543
t3v1,362,0.7463623065670952,0.712218041370523
t3v1,363,0.9552867371768828,0.9739424937793751
t3v1,364,0.7027848101265822,0.9133412042502952
t3v2,0,0.8447140252297846,0.9866230568520084
t3v2,1,0.8996810669759351,0.0
t3v2,2,0.8479266209966803,0.9061995380495881
t3v2,3,0.991512368985411,0.9873799436093059
t3v2,4,0.1343501880484747,0.10520715568264946
t3v2,5,0.9944259954281373,0.9912991181450321
t3v2,6,0.9044958765629156,0.9237536656891495
t3v2,7,0.9475169141798377,0.9774656328174187
t3v2,8,0.9132653061224489,0.540084388185654
t3v2,9,0.8232280102476516,0.7515083577857637
t3v2,10,0.02280701754385965,0.0
t3v2,11,0.3823142937407679,0.40544634441901173
t3v2,12,0.9352074048680151,0.8609800362976406
t3v2,13,0.9902606268394065,0.9820149321403742
t3v2,14,0.7068247804946304,0.740601791593293
t3v2,15,0.7832140015910899,0.0
t3v2,16,0.6586755900355714,0.5946595739738437
t3v2,17,0.2694022338334692,0.8783716697004799
t3v2,18,0.9761331289686884,0.9517684887459807
t3v2,19,0.8818557106349518,0.771381210519242
t3v2,20,0.5504817762882279,0.0
t3v2,21,0.7159623324210234,0.48785330530249943
t3v2,22,0.7101150103214391,0.0
t3v2,23,0.9312111233077205,0.0
t3v2,24,0.8336569579288026,0.7150405736931497
t3v2,25,0.558983666061706,0.0
t3v2,26,0.0,0.0
t3v2,27,0.6505262282124881,0.4517594014441141
t3v2,28,0.9609416010498688,0.9928270211655087
t3v2,29,0.6089137912905018,0.6506123670354881
t3v2,30,0.012623870125214452,0.0
t3v2,31,0.8132505915442654,0.8573861217539378
t3v2,32,0.1231455146437082,0.08954048251241853
t3v2,33,0.9210727969348659,0.7766816143497758
t3v2,34,0.2975009258195099,0.058125759650445405
t3v2,35,0.0,0.0
t3v2,36,0.9091677228559358,0.0
t3v2,37,0.8190740581508187,0.8201515188905066
t3v2,38,0.920550038197097,0.0
t3v2,39,0.47802750754780277,0.5009911695801045
t3v2,40,0.8919698484731944,0.9590134972793443
t3v2,41,0.9727652188287804,0.9921299118771822
t3v2,42,0.04963469790096254,0.0
t3v2,43,0.9707919301415237,0.8845548914753067
t3v2,44,0.6666666666666666,0.0
t3v2,45,0.8318621269440941,0.8807833537331702
t3v2,46,0.6123268036311514,0.0
t3v2,47,0.10633021266042532,0.0
t3v2,48,0.691771057083658,0.7588947554991697
t3v2,49,0.5992990223206051,0.2368073029434139
t3v2,50,0.8813902480175468,0.8898305084745762
t3v2,51,0.8830770506072035,0.9643720575136786
t3v2,52,0.9299959495936848,0.9919711720824377
t3v2,53,0.1895255988727102,0.22328096832346125
t3v2,54,0.8702283365931917,0.9093589626582234
t3v2,55,0.9882864609030938,0.9885867984879325
t3v2,56,0.8725904507710558,0.8541060356826522
t3v2,57,0.9061411366577088,0.9148958012524382
t3v2,58,0.6263338759269307,0.7121457053561806
t3v2,59,0.4300037133308578,0.0
t3v2,60,0.6423614373733171,0.40574648781649336
t3v2,61,0.9483464030003409,0.940846091131443
t3v2,62,0.9924413168643276,0.9959612990501211
t3v2,63,0.964514963736905,0.9399321955318594
t3v2,64,0.951199750701153,0.7730486008836525
t3v2,65,0.06600714938897664,0.0
t3v2,66,0.07119301737858155,0.06715162138475021
t3v2,67,0.7599593813466646,0.5028936340051886
t3v2,68,0.8884351949420443,0.8926434470140274
t3v2,69,0.7753886867350315,0.0
t3v2,70,0.19825072886297376,0.0
t3v2,71,0.470609711573567,0.0
t3v2,72,0.8932686476652517,0.0
t3v2,73,0.7325140068678836,0.42927839797445044
t3v2,74,0.6897331524197196,0.0
t3v2,75,0.9944180693425406,0.9950750233326154
t3v2,76,0.6524025940867079,0.0
t3v2,77,0.028735862677468516,0.012976775210720999
t3v2,78,0.9520737327188941,0.8237295657962868
t3v2,79,0.938235516468009,0.8864137204177446
t3v2,80,0.9668343074622808,0.907581938387959
t3v2,81,0.0054879562950086915,0.0
t3v2,82,0.5134099616858238,0.0
t3v2,83,0.8866732010680366,0.9726155573576196
t3v2,84,0.6352667231160034,0.0
t3v2,85,0.9945849509378966,0.9948567781657094
t3v2,86,0.9351232907108978,0.9821829771670412
t3v2,87,0.040344978804268385,0.0
t3v2,88,0.8312425537879319,0.9730859038957846
t3v2,89,0.21283665617348724,0.0
t3v2,90,0.9752899216197168,0.985745297445275
t3v2,91,0.6273412271259419,0.0
t3v2,92,0.8809838230439089,0.9495300898281323
t3v2,93,0.6456142155476123,0.6215370043936962
t3v2,94,0.7062709941494449,0.8177722110323116
t3v2,95,0.5597619441229955,0.0
t3v2,96,0.019508689067433325,0.01837700565623918
t3v2,97,0.7599841834717279,0.0
t3v2,98,0.21265726988931985,0.14048324800143716
t3v2,99,0.930194058677458,0.9234741299184137
t3v2,100,0.9734715390021083,0.9376519624869747
t3v2,101,0.7185038254463021,0.8012077294685991
t3v2,102,0.4053724053724054,0.0
t3v2,103,0.4012356272524455,0.0
t3v2,104,0.7885617351266206,0.928218192716919
t3v2,105,0.9224694903086863,0.4791856975075036
t3v2,106,0.9135612360127296,0.883808906182447
t3v2,107,0.893123040752351,0.8268306547465247
t3v2,108,0.918111753371869,0.0
t3v2,109,0.7935536515707874,0.0
t3v2,110,0.9515306910506317,0.9819513301578043
t3v2,111,0.9609357918519058,0.9422434028024753
t3v2,112,0.7852653353488742,0.671355829809269
t3v2,113,0.9147208121827411,0.8121890547263682
t3v2,114,0.16134605506871916,0.16549638871309608
t3v2,115,0.019988512349224583,0.0
t3v2,116,0.17936733014722617,0.0
t3v2,117,0.950890627601132,0.0
t3v2,118,0.9143239625167336,0.921217827997489
t3v2,119,0.9774809160305343,0.9463021243115657
t3v2,120,0.6784140969162996,0.0
t3v2,121,0.15650671748988387,0.0
t3v2,122,0.5731884057971014,0.0
t3v2,123,0.9861263666627237,0.9775045334735508
t3v2,124,0.844418967800597,0.9622168290259121
t3v2,125,0.7328807907586042,0.8974400782651231
t3v2,126,0.849128540305011,0.8656087628142115
t3v2,127,0.8141877562561854,0.940166598943519
t3v2,128,0.41270108649877874,0.0
t3v2,129,0.5661607018521098,0.9557563999432168
t3v2,130,0.5105509964830012,0.0
t3v2,131,0.7673901897111605,0.795557799091368
t3v2,132,0.5382339199501636,0.0
t3v2,133,0.500488700648639,0.5025883298989797
t3v2,134,0.7224043715846995,0.91772304929018
t3v2,135,0.9895546255656493,0.9812306961273461
t3v2,136,0.7870277499164159,0.7259893048128342
t3v2,137,3.289852450117612e-05,0.0
t3v2,138,0.7862893388631373,0.986104605776737
t3v2,139,0.42093441150044925,0.0
t3v2,140,0.9341282704329706,0.9817979885234775
t3v2,141,0.7967127358271555,0.7836168363546064
t3v2,142,0.4188075618031992,0.0
t3v2,143,0.8709245198749441,0.0
t3v2,144,0.989132021390942,0.9942364252647683
t3v2,145,0.6869011070797284,0.9850158166379932
t3v2,146,0.6054653369889428,0.4117978583505542
t3v2,147,0.0,0.0
t3v2,148,0.34043703841408796,0.6451214357707189
t3v2,149,0.32972986084720685,0.4121482527842617
t3v2,150,0.901054789255669,0.8341158059467919
t3v2,151,0.800705467372134,0.0
t3v2,152,0.5800740383067761,0.400069111485465
t3v2,153,0.9798268217378183,0.9549752796044737
t3v2,154,0.9717266296068845,0.9966723682164516
t3v2,155,0.020875083500334003,0.0
t3v2,156,0.9707241910631741,0.0
t3v2,157,0.3194244604316547,0.0
t3v2,158,0.9816099402868611,0.989963890902205
t3v2,159,0.12700675302460668,0.10924668637060399
t3v2,160,0.9003176645623064,0.9760670912615215
t3v2,161,0.8245540574491249,0.7542540561931144
t3v2,162,0.8048833660344452,0.6804195318469125
t3v2,163,0.9974519408529262,0.9982173157869134
t3v2,164,0.951719180543908,0.8887185383927431
t3v2,165,0.8452389380530974,0.9507214984232154
t3v2,166,0.1962825278810409,0.0
t3v2,167,0.6958159965343194,0.9429524144286217
t3v2,168,0.2880150268709672,0.4526167947959787
t3v2,169,0.7322465208747515,0.8746903575032876
t3v2,170,0.7173649058894961,0.45575986170045574
t3v2,171,0.5839138695376821,0.0
t3v2,172,0.9692356485886457,0.9593558550673902
t3v2,173,0.9500191938579654,0.8144733408715317
t3v2,174,0.7763792179967863,0.0
t3v2,175,0.9764571201035289,0.9377171601929161
t3v2,176,0.48726851851851855,0.0
t3v2,177,0.9799922693220932,0.9649395541086746
t3v2,178,0.9834087481146304,0.9537000395726157
t3v2,179,0.6456928838951311,0.0
t3v2,180,0.9080853004903637,0.8508472392242767
t3v2,181,0.9234834305846086,0.7617529880478088
t3v2,182,0.45214365323091477,0.32948940788254705
t3v2,183,0.11205727046939244,0.0006014585369521089
t3v2,184,0.8804470001791911,0.8971108537339955
t3v2,185,0.3294785075278202,0.0
t3v2,186,0.0492836676217765,0.0
t3v2,187,0.02779349808212287,0.0
t3v2,188,0.9581069488132685,0.8891760413499544
t3v2,189,0.9556756756756757,0.8660498793242156
t3v2,190,0.7964418700868846,0.8448818897637795
t3v2,191,0.9027309590111876,0.8393332675806292
t3v2,192,0.31199915647406157,0.0
t3v2,193,0.4205491336256419,0.4933414355308828
t3v2,194,0.8833304582830199,0.8704362256993836
t3v2,195,0.903605434898898,0.9093954111539105
t3v2,196,0.6495586121946212,0.0
t3v2,197,0.5703137291922339,0.14919941775836973
t3v2,198,0.855138939449096,0.8560665929086981
t3v2,199,0.4297754784268421,0.2653458567791352
t3v2,200,0.37086679263108174,0.8476894639556377
t3v2,201,0.9370529327610873,0.0
t3v2,202,0.0025005860748612955,0.0
t3v2,203,0.9739614716360807,0.9513665480020342
t3v2,204,0.2892977103941327,0.3257277036905764
t3v2,205,0.9060979624684493,0.9572221787753187
t3v2,206,0.8669870666760525,0.9893185357401355
t3v2,207,0.9138248195839819,0.8762101840218757
t3v2,208,0.9084684321820562,0.6591684569695437
t3v2,209,0.5640780413159908,0.0
t3v2,210,0.5059010040514356,0.0
t3v2,211,0.6475195822454308,0.8640429338103757
t3v2,212,0.8982254697286013,0.8001283285210138
t3v2,213,0.8541896493836635,0.8792204742897394
t3v2,214,0.9072434668857047,0.9210977167242936
t3v2,215,0.8749741966558866,0.8448214916931778
t3v2,216,0.6905238571905239,0.8039260442821273
t3v2,217,0.1468671966935507,0.0
t3v2,218,0.07286634460547504,0.0
t3v2,219,0.866912614944111,0.9076672988350041
t3v2,220,0.9904510731174972,0.9616108392924351
t3v2,221,0.5747043894796112,0.6099390045090539
t3v2,222,0.8510336768563295,0.8629976439316136
t3v2,223,0.9882461180270001,0.9923498913176442
t3v2,224,0.4161531690140845,0.0
t3v2,225,0.9191321499013807,0.9206750293294829
t3v2,226,0.5432821723730815,0.0
t3v2,227,0.20280811232449297,0.0
t3v2,228,0.09860403279415023,0.0
t3v2,229,0.8123662401909474,0.9730796964598427
t3v2,230,0.6826867779484455,0.6539691233355013
t3v2,231,0.9737444933920705,0.970870399441828
t3v2,232,0.5206363271352819,0.4251350751239731
t3v2,233,0.5080849191508084,0.798090890226188
t3v2,234,0.5824545658514696,0.0
t3v2,235,0.738437315489077,0.0
t3v2,236,0.7496189854125843,0.7675799086757991
t3v2,237,0.0,0.0
t3v2,238,0.9730096501809409,0.9451017858455207
t3v2,239,0.4772727272727273,0.0
t3v2,240,0.9752599498027967,0.7640590637763116
t3v2,241,0.6779911373707533,0.0
t3v2,242,0.48311677024031985,0.9864067250939009
t3v2,243,0.6629367151560364,0.0
t3v2,244,0.4994802494802495,0.802131177659379
t3v2,245,0.8771375953696395,0.0
t3v2,246,0.42154176099130225,0.0
t3v2,247,0.9290356121653236,0.0
t3v2,248,0.8788598574821853,0.0
t3v2,249,0.9572290582110743,0.9436387112272168
t3v2,250,0.2926984126984127,0.0
t3v2,251,0.9302847524196942,0.0
t3v2,252,0.9527878673357268,0.9653129050144402
t3v2,253,0.8237866686433297,0.9368399879312079
t3v2,254,0.020618556701030927,0.0
t3v2,255,0.8688415446071904,0.0
t3v2,256,0.5537267496320085,0.0
t3v2,257,0.5234768768237686,0.0
t3v2,258,0.9623992837958818,0.9561294337274424
t3v2,259,0.9199452943608664,0.9859954824136818
t3v2,260,0.9694117647058823,0.0
t3v2,261,0.42532120687166164,0.35515709330179207
t3v2,262,0.9370387453874539,0.922696787857395
t3v2,263,0.18018036337017193,0.18642702319068535
t3v2,264,0.9280708985985161,0.7834179357021996
t3v2,265,0.9954069643238624,0.9980936964184922
t3v2,266,0.7929656274980016,0.0
t3v2,267,0.8615563975517342,0.0
t3v2,268,0.6939182452642074,0.0
t3v2,269,0.7168096920747098,0.0
t3v2,270,0.08782115243110801,0.07302895416805802
t3v2,271,0.8616541353383459,0.0
t3v2,272,0.8134047958298896,0.8169300396955829
t3v2,273,0.7903011514614703,0.9819712017869251
t3v2,274,0.8247422680412371,0.0
t3v2,275,0.7811892732219199,0.0
t3v2,276,0.9799787460148778,0.9632805057590716
t3v2,277,0.6707411934659406,0.0
t3v2,278,0.38852545041105474,0.3145536692223439
t3v2,279,0.3961167449913431,0.7964907234287358
t3v2,280,0.7719221517603324,0.7620099392600773
t3v2,281,0.7848698215162928,0.9750945257274372
t3v2,282,0.48990746886346775,0.4016717206703398
t3v2,283,0.9818508177104108,0.9525182820063858
t3v2,284,0.525903061650121,0.0
t3v2,285,0.7276533389156374,0.0
t3v2,286,0.7550750750750751,0.760764695372521
t3v2,287,0.9584586577647487,0.9761120125796684
t3v2,288,0.9816896884034694,0.9600310008857396
t3v2,289,0.47169539712815345,0.22204028869977377
t3v2,290,0.7757300822228523,0.5958725706271288
t3v2,291,0.7912180705087608,0.8174993528345845
t3v2,292,0.6631769120303886,0.8748459537176503
t3v2,293,0.5129408850215217,0.5195522275168293
t3v2,294,0.3695067264573991,0.0
t3v2,295,0.43699447086944976,0.30751247750338606
t3v2,296,0.9398797595190381,0.9924512916815952
t3v2,297,0.4112611129404017,0.0
t3v2,298,0.9606228342558841,0.9820158929318277
t3v2,299,0.9594882729211087,0.9560005847098377
t3v2,300,0.7756839708260453,0.7550406970853457
t3v2,301,0.9211334926596108,0.0
t3v2,302,0.8944536203313975,0.8897458179448186
t3v2,303,0.8876000463983297,0.8208868820192197
t3v2,304,0.45793559882906965,0.0
t3v2,305,0.9547085636698671,0.9067855373947499
t3v2,306,0.7661230480022426,0.9806514506113972
t3v2,307,0.0,0.0
t3v2,308,0.9595592026754276,0.984230590684654
t3v2,309,0.7075649228453142,0.0
t3v2,310,0.0,0.0
t3v2,311,0.8307259623835472,0.7386507505878097
t3v2,312,0.8482101563222644,0.9602304198515564
t3v2,313,0.06320722960200938,0.05553360799142164
t3v2,314,0.9892978334638476,0.9802415416037652
t3v2,315,0.9898194517659462,0.9707469934865712
t3v2,316,0.792180345191969,0.0
t3v2,317,0.8771498771498771,0.9440993788819876
t3v2,318,0.8269015451220423,0.8282591725214676
t3v2,319,0.25794507867941996,0.0
t3v2,320,0.9677926158680282,0.9005983400887859
t3v2,321,0.9440889673942431,0.9946233564821757
t3v2,322,0.8271961083771706,0.927330398144203
t3v2,323,0.21335859782093794,0.0
t3v2,324,0.8900242090324735,0.9194226900118055
t3v2,325,0.9637023593466425,0.9152817785656252
t3v2,326,0.9325390043216056,0.994526759337715
t3v2,327,0.9114447045861451,0.8829009602981224
t3v2,328,0.8768529076396807,0.0
t3v2,329,0.7412387177093059,0.7611363030141371
t3v2,330,0.9717514124293786,0.9681603773584906
t3v2,331,0.821028453569587,0.8753064954750123
t3v2,332,0.9000261741903952,0.9689703385828766
t3v2,333,0.2262177182085649,0.0
t3v2,334,0.9227803480942939,0.9276973167171887
t3v2,335,0.09960045662100457,0.0
t3v2,336,0.9009970358393964,0.8513719943422914
t3v2,337,0.9935291526916692,0.9773426012565165
t3v2,338,0.8873128627298952,0.8617378442467072
t3v2,339,0.9715764170504798,0.9580808617696042
t3v2,340,0.8858075040783034,0.7510141008305968
t3v2,341,0.9246563424395337,0.9109400769653656
t3v2,342,0.1729394949976179,0.0
t3v2,343,0.3432532050161212,0.2995275145725804
t3v2,344,0.5465389127884239,0.49314550439633165
t3v2,345,0.9338517256071581,0.9140684410646388
t3v2,346,0.7017335549750653,0.9040702886856733
t3v2,347,0.8753861997940268,0.0
t3v2,348,0.0,0.0
t3v2,349,0.9535314165710065,0.9847483631177475
t3v2,350,0.9891668561573015,0.9949197906544606
t3v2,351,0.6620068058493516,0.4602230053729274
t3v2,352,0.8723218791576822,0.8955047899778924
t3v2,353,0.9680889921965797,0.9811563314049866
t3v2,354,0.9618853651440209,0.934312893734544
t3v2,355,0.9809589541634526,0.9633800567070006
t3v2,356,0.9205929062996294,0.0
t3v2,357,0.9264059428435953,0.9916194790486976
t3v2,358,0.8982142857142857,0.0
t3v2,359,0.0,0.0
t3v2,360,0.06318939631378338,0.06251724545705388
t3v2,361,0.9056715242221347,0.9094443174022411
t3v2,362,0.7618461064706109,0.8054131106873762
t3v2,363,0.9461392860633958,0.9927173437626067
t3v2,364,0.4982809993123997,0.9248771355019892
t3v4,0,0.8299601271892192,0.9325994860754219
t3v4,1,0.7679924242424242,0.87085326338528
t3v4,2,0.32852980237467544,0.3720829262997938
t3v4,3,0.9866883019321494,0.9859586878739589
t3v4,4,0.12174710535366273,0.002676261559963127
t3v4,5,0.9875958666077563,0.9937497136648931
t3v4,6,0.9407223600771988,0.9530892448512586
t3v4,7,0.9778700719067691,0.9902586154191038
t3v4,8,0.8947842884739214,0.871438127090301
t3v4,9,0.7915614588157954,0.9798627125006704
t3v4,10,0.0,0.0
t3v4,11,0.3633891869715959,0.42551329134397653
t3v4,12,0.8670058139534884,0.7483530961791831
t3v4,13,0.9742432206796326,0.9800214165519351
t3v4,14,0.818052009865432,0.8391493254058998
t3v4,15,0.7617003005581795,0.6890210924824229
t3v4,16,0.8659489128140173,0.9038483317855444
t3v4,17,0.2011808118081181,0.3199549887471868
t3v4,18,0.8956242472902449,0.9575156351089066
t3v4,19,0.8814553353244637,0.8057536417382825
t3v4,20,0.8856885688568857,0.8676470588235294
t3v4,21,0.7141126883387433,0.6541464659351875
t3v4,22,0.16499162479061977,0.0
t3v4,23,0.9321250888415068,0.9387829912023461
t3v4,24,0.3710133108088428,0.4053835800807537
t3v4,25,0.3285024154589372,0.0
t3v4,26,0.0,0.0
t3v4,27,0.5813663528096651,0.4442013129102845
t3v4,28,0.9840279976939255,0.9955909566336792
t3v4,29,0.9259039646552727,0.976668816244192
t3v4,30,0.031234960053903166,0.0
t3v4,31,0.685747076967219,0.9008757578673853
t3v4,32,0.09508266515291279,0.08795684720387495
t3v4,33,0.9408450704225352,0.9024583663758922
t3v4,34,0.2031027337162486,0.06814705263997332
t3v4,35,0.6718827403327797,0.6780949066016939
t3v4,36,0.9168831168831169,0.0
t3v4,37,0.5549363894438019,0.54628879066424
t3v4,38,0.9384735202492211,0.9037162162162162
t3v4,39,0.8003369839932604,0.9639299209893507
t3v4,40,0.47004756913649925,0.16684596577017116
t3v4,41,0.9154490096083795,0.9760129569126804
t3v4,42,0.15238817285822592,0.0
t3v4,43,0.8492146596858638,0.9368811881188119
t3v4,44,0.7901740020470829,0.0
t3v4,45,0.8652123100895988,0.9321533923303835
t3v4,46,0.7206837606837607,0.83570581257414
t3v4,47,0.015059186103523149,0.0
t3v4,48,0.7401057041344811,0.8070307326066334
t3v4,49,0.2542109501718408,0.0
t3v4,50,0.8395576214136881,0.9117903930131004
t3v4,51,0.8243392979230025,0.8535222125855256
t3v4,52,0.8932728889256472,0.9488642911629286
t3v4,53,0.15486454914613118,0.1588738430843694
t3v4,54,0.9488931513955917,0.9952814574909297
t3v4,55,0.9903410641200545,0.9917688012183624
t3v4,56,0.9462352412468849,0.9556303059426557
t3v4,57,0.8996576807873342,0.925700365408039
t3v4,58,0.5650344943631163,0.4786550812240272
t3v4,59,0.7983074753173484,0.0
t3v4,60,0.6107531453016434,0.6295046564988528
t3v4,61,0.6482701812191104,0.0
t3v4,62,0.9940163922336016,0.9974029283208217
t3v4,63,0.9724345739635065,0.9727550816204008
t3v4,64,0.9499809087437954,0.826215644820296
t3v4,65,0.30487285125728086,0.4302214686870828
t3v4,66,0.07832164986213844,0.07935201718293093
t3v4,67,0.6886743215031316,0.6633530360021493
t3v4,68,0.9074805044767498,0.9493249057371278
t3v4,69,0.0,0.0
t3v4,70,0.7509578544061303,0.0
t3v4,71,0.5850527281063732,0.8521870286576169
t3v4,72,0.9351254100963065,0.9091291986943245
t3v4,73,0.5200935573038487,0.384180790960452
t3v4,74,0.636376584532118,0.8012796386902522
t3v4,75,0.9832338893691804,0.9973892586642185
t3v4,76,0.5995165189363416,0.38452886778305423
t3v4,77,0.005037271748623891,0.003047108294228777
t3v4,78,0.9542449087542978,0.9099467867376176
t3v4,79,0.9501260493281701,0.9327078366530801
t3v4,80,0.9694883218577022,0.9537755584047507
t3v4,81,0.0024312265045848998,0.0
t3v4,82,0.3803489618871235,0.0
t3v4,83,0.9056404849762784,0.937052979060811
t3v4,84,0.6308702238680357,0.5750147087664248
t3v4,85,0.903905137473984,0.944799504526467
t3v4,86,0.9741942449927118,0.9937934130945778
t3v4,87,0.4190129181848294,0.0
t3v4,88,0.7310336472939822,0.867593690489023
t3v4,89,0.5061954093032703,0.0
t3v4,90,0.8471346843789392,0.8684632890166487
t3v4,91,0.7969512602794678,0.754751257685858
t3v4,92,0.9877801934177974,0.9889801642957323
t3v4,93,0.522161437981467,0.4981959796117061
t3v4,94,0.8036741427743345,0.8645735707591378
t3v4,95,0.4507609105772859,0.4280778323331515
t3v4,96,0.023858419908190383,0.0013474199969376818
t3v4,97,0.7319587628865979,0.0
t3v4,98,0.23538129884128267,0.21559517830236063
t3v4,99,0.5724570366929865,0.8147958748828091
t3v4,100,0.954814370230644,0.9578883389771642
t3v4,101,0.6253062824659414,0.9897030293985972
t3v4,102,0.6518847006651884,0.0
t3v4,103,0.2604691953518965,0.3427714232139509
t3v4,104,0.9256863590628144,0.9424600209236288
t3v4,105,0.9237574811345303,0.8618451129194478
t3v4,106,0.9705713839262462,0.9481749935283459
t3v4,107,0.9549997778863667,0.9568826995179432
t3v4,108,0.8965034965034965,0.8818386210342243
t3v4,109,0.6401137980085349,0.0
t3v4,110,0.9275931916437403,0.984572682674929
t3v4,111,0.9322598950205703,0.9674100745857368
t3v4,112,0.8024585699836614,0.7044736950014352
t3v4,113,0.8630490956072352,0.9384304355816946
t3v4,114,0.17469206102623583,0.2089851024208566
t3v4,115,0.008081768481102924,0.0
t3v4,116,0.14082211197732106,0.0
t3v4,117,0.8426573426573427,0.8092725216735771
t3v4,118,0.9026303942375715,0.9308813804830431
t3v4,119,0.9611577964519141,0.9287143116930351
t3v4,120,0.24581005586592178,0.0
t3v4,121,0.0008762545213714402,0.0
t3v4,122,0.30017014417480076,0.30501089324618735
t3v4,123,0.9606047045003216,0.9872857745884339
t3v4,124,0.8508087734910748,0.9500585511257784
t3v4,125,0.4199267399267399,0.48141103233615773
t3v4,126,0.9473177772432042,0.9337229379731704
t3v4,127,0.8656497745364568,0.9539671217424481
t3v4,128,0.7541795665634675,0.8497816593886462
t3v4,129,0.8557547327860613,0.9783400421698294
t3v4,130,0.0,0.0
t3v4,131,0.7112187042109958,0.749826312132887
t3v4,132,0.8183891910861555,0.8203912270302312
t3v4,133,0.814450619923044,0.8711490892736676
t3v4,134,0.4758917344980478,0.7201163354338342
t3v4,135,0.9441482271394295,0.9553791589258571
t3v4,136,0.8934679915295651,0.8132755564309632
t3v4,137,0.02355324806888692,0.048214719455914504
t3v4,138,0.9856576136710405,0.9878142835107203
t3v4,139,0.22626025791324736,0.3287725560182431
t3v4,140,0.9813362514438567,0.9822528511313046
t3v4,141,0.7274224630639237,0.6862839629463825
t3v4,142,0.21485219899062724,0.294368409243886
t3v4,143,0.7068273092369478,0.8793456032719836
t3v4,144,0.9944818321897512,0.9943910467412772
t3v4,145,0.32441204639778654,0.4277305428384565
t3v4,146,0.6523676509710029,0.5278992338240603
t3v4,147,0.0,0.0
t3v4,148,0.2745134591007382,0.3180696833496671
t3v4,149,0.7421278510922155,0.8670860813867295
t3v4,150,0.9428799149840595,0.8903948676244692
t3v4,151,0.945888368129527,0.8463768115942029
t3v4,152,0.6961884406447592,0.7442133158227997
t3v4,153,0.9297843249680237,0.9873637322705427
t3v4,154,0.9729116041907342,0.9768065786131572
t3v4,155,0.16326530612244897,0.0
t3v4,156,0.7471074380165289,0.8793333333333333
t3v4,157,0.7713498622589532,0.0
t3v4,158,0.9710470694803234,0.9946471573657208
t3v4,159,0.161713137361788,0.20234314600059472
t3v4,160,0.8212466650497211,0.8354776455451913
t3v4,161,0.9088598402323893,0.9147749134282416
t3v4,162,0.7154110898661568,0.7056819941167364
t3v4,163,0.975445257955168,0.9987262094569644
t3v4,164,0.9483103732485576,0.9171243744660076
t3v4,165,0.9362203950601107,0.9661449088268517
t3v4,166,0.23783783783783785,0.0
t3v4,167,0.9537963535964202,0.9909398773006135
t3v4,168,0.34309397989845614,0.6118369779489296
t3v4,169,0.31521678164787703,0.23178420219027135
t3v4,170,0.6777029006738939,0.632743998850079
t3v4,171,0.11416490486257928,0.0
t3v4,172,0.9841247541444226,0.9788231999719976
t3v4,173,0.9751053236307928,0.9138692921931932
t3v4,174,0.8208854797470058,0.7309778624835068
t3v4,175,0.9849075462268866,0.9813149480415667
t3v4,176,0.11658031088082901,0.0
t3v4,177,0.9586350302625227,0.9663906296627872
t3v4,178,0.9812171299774606,0.9778625954198473
t3v4,179,0.35788597586350396,0.0
t3v4,180,0.9450246068899292,0.8591317554739907
t3v4,181,0.879806724380914,0.8297924297924298
t3v4,182,0.36852061411657405,0.25067434570241304
t3v4,183,0.06511271833511292,0.007960436155633677
t3v4,184,0.8836273446995828,0.8581512491787261
t3v4,185,0.4710941232680363,0.6415940224159402
t3v4,186,0.08341880341880342,0.0
t3v4,187,0.25968109339407747,0.826271186440678
t3v4,188,0.892228313447275,0.9739204184041275
t3v4,189,0.9203890489913544,0.8986473967018714
t3v4,190,0.9117436020090888,0.8987934006402364
t3v4,191,0.92582645636994,0.8802171352486301
t3v4,192,0.0,0.0
t3v4,193,0.33822874944370274,0.41216080064481464
t3v4,194,0.776736631684158,0.8524433849821216
t3v4,195,0.9428394435997072,0.9274879146524421
t3v4,196,0.34680997313003814,0.0
t3v4,197,0.39050914483440435,0.1844719237786337
t3v4,198,0.940273366060256,0.9599233441130675
t3v4,199,0.46092501216206827,0.5611582882616684
t3v4,200,0.3118606631788786,0.3883956810993565
t3v4,201,0.8500400962309543,0.0
t3v4,202,0.018482699333763165,0.0
t3v4,203,0.897509697592119,0.9179860457798598
t3v4,204,0.5579500269991655,0.7403116260487415
t3v4,205,0.6362009916679446,0.15734437504386273
t3v4,206,0.9271574431108456,0.9892657227527165
t3v4,207,0.9156730977671798,0.9416737109044802
t3v4,208,0.9684332464523603,0.9624280277154289
t3v4,209,0.5982220439810173,0.7685235262303948
t3v4,210,0.0675557498906865,0.0
t3v4,211,0.8406292346668238,0.9042014596620422
t3v4,212,0.8049830124575311,0.8932584269662921
t3v4,213,0.9088632949424136,0.958326105810928
t3v4,214,0.9317569589943131,0.9603599742875509
t3v4,215,0.7209614446071254,0.8659432971648583
t3v4,216,0.7785714285714286,0.8012611665790856
t3v4,217,0.04509136698196645,0.0
t3v4,218,0.32540352619816243,0.22121212121212122
t3v4,219,0.9086993732917369,0.9143350315988752
t3v4,220,0.723715862459318,0.9131526539094293
t3v4,221,0.8705371725750582,0.9536869789747692
t3v4,222,0.6798378200260748,0.5012118913749608
t3v4,223,0.9669413226326988,0.9899514207759367
t3v4,224,0.5948703415048887,0.9255978742249779
t3v4,225,0.9232596816345925,0.9662288930581614
t3v4,226,0.38627374122510066,0.3929315533605988
t3v4,227,0.6409512761020881,0.6177563661390227
t3v4,228,0.3121794871794872,0.6035087719298246
t3v4,229,0.9651405396535152,0.9782861997118603
t3v4,230,0.8319420621307414,0.9103914462146736
t3v4,231,0.9671552180822885,0.9766107295017824
t3v4,232,0.6366111659960001,0.3138367871129362
t3v4,233,0.5730864519494067,0.9281318452070512
t3v4,234,0.9184709066305818,0.7977797779777978
t3v4,235,0.18784227820372398,0.0
t3v4,236,0.6296439628482973,0.6566253574833174
t3v4,237,0.455467869222097,0.0
t3v4,238,0.948867377045183,0.9492742999560182
t3v4,239,0.31686716150499106,0.38863317990794477
t3v4,240,0.9531821506949525,0.9232505643340858
t3v4,241,0.3484562066792691,0.47609521904380875
t3v4,242,0.3563427132967725,0.7502894109635683
t3v4,243,0.6339245737902531,0.896924890174649
t3v4,244,0.8376360808709176,0.8307025688641287
t3v4,245,0.7055071231129066,0.9247558874210224
t3v4,246,0.8829813664596273,0.6416487234697016
t3v4,247,0.9375466533963672,0.8419870895312939
t3v4,248,0.932998324958124,0.0
t3v4,249,0.8946587952211745,0.9227652570270954
t3v4,250,0.43046986236355006,0.0
t3v4,251,0.6900826446280992,0.0
t3v4,252,0.9610861559064784,0.9745634264621476
t3v4,253,0.9335256722075918,0.9883842025154209
t3v4,254,0.44650129581636433,0.0
t3v4,255,0.9020332717190388,0.8843700159489634
t3v4,256,0.4885986733001658,0.5671990650564862
t3v4,257,0.3299705383447906,0.0
t3v4,258,0.9765804377774376,0.9687062120504437
t3v4,259,0.8754526846165959,0.9648267685416941
t3v4,260,0.9519408502772643,0.8639593908629442
t3v4,261,0.34772304046047064,0.33578327912000594
t3v4,262,0.9534516765285996,0.9667693305235857
t3v4,263,0.23056624027193845,0.13888687323126042
t3v4,264,0.9045805254419377,0.8921476859074363
t3v4,265,0.9846711861479338,0.9980502253428087
t3v4,266,0.8478694469628286,0.8814602132895816
t3v4,267,0.9411035337879727,0.7318173275700056
t3v4,268,0.9067447278809965,0.862469222652128
t3v4,269,0.8160703075957313,0.0
t3v4,270,0.08031111874178981,0.048898850700387304
t3v4,271,0.8485329103885805,0.0
t3v4,272,0.8468973630036271,0.9071148825065274
t3v4,273,0.9805700759443732,0.9892627057981389
t3v4,274,0.8401084010840109,0.0
t3v4,275,0.8708297690333618,0.0
t3v4,276,0.9856644711352189,0.9722713355470266
t3v4,277,0.9367842418689877,0.931247144814984
t3v4,278,0.8332744862650943,0.8784903344584228
t3v4,279,0.0,0.0
t3v4,280,0.7696896133171492,0.7716690348671986
t3v4,281,0.8751507179655815,0.9830230460100058
t3v4,282,0.9677882533033505,0.9977076769782806
t3v4,283,0.9747932649197968,0.9652376608898348
t3v4,284,0.6427656850192062,0.41857091040986577
t3v4,285,0.5135284373274434,0.5072620854107955
t3v4,286,0.5751708428246014,0.7751500176491352
t3v4,287,0.9663173715897289,0.9787092037642662
t3v4,288,0.9813925893964727,0.9705255099250834
t3v4,289,0.5373610004503412,0.40751727173559416
t3v4,290,0.8333333333333334,0.7894799760908547
t3v4,291,0.8247065614777757,0.8454106280193237
t3v4,292,0.8697833523375142,0.9207902845749502
t3v4,293,0.4440147785904327,0.44026395614922037
t3v4,294,0.4743308468626591,0.0
t3v4,295,0.1334638912578835,0.06868100091249084
t3v4,296,0.8224323471486241,0.8980529550284303
t3v4,297,0.13440860215053763,0.0
t3v4,298,0.8006037735849056,0.9869536855838226
t3v4,299,0.913031914893617,0.9661808405263903
t3v4,300,0.6372472927523377,0.5134506266073396
t3v4,301,0.9175946547884187,0.9382448537378115
t3v4,302,0.8744196843082637,0.886468085106383
t3v4,303,0.90729736154029,0.8850124599501602
t3v4,304,0.8866623770567148,0.9046092727190645
t3v4,305,0.9623149394347241,0.9447460255913145
t3v4,306,0.9779709530372098,0.9804390025384501
t3v4,307,0.37178487918939984,0.0
t3v4,308,0.935925920403203,0.9880618472423853
t3v4,309,0.0,0.0
t3v4,310,0.0,0.0
t3v4,311,0.9294457004755594,0.91906364749082
t3v4,312,0.9911771035076393,0.984
t3v4,313,0.30609328309731065,0.9264674719220174
t3v4,314,0.9794973741209981,0.9820534841709361
t3v4,315,0.9652051853686731,0.9786577863810102
t3v4,316,0.8781989609390033,0.763026733121885
t3v4,317,0.9790832220738763,0.9551111111111111
t3v4,318,0.8227053845031373,0.81282722513089
t3v4,319,0.16201005025125628,0.0
t3v4,320,0.9321321321321321,0.8940019665683383
t3v4,321,0.9861133914606431,0.9960507117704193
t3v4,322,0.6219798426066547,0.5075117721802825
t3v4,323,0.39091389329107235,0.6503896103896104
t3v4,324,0.821965806301978,0.888549278717427
t3v4,325,0.9412181805289654,0.9387134164010432
t3v4,326,0.9881960838772392,0.9956426015961838
t3v4,327,0.9112869637650979,0.8983458221405344
t3v4,328,0.8668766103635843,0.896
t3v4,329,0.8973970726079746,0.9042239685658153
t3v4,330,0.9883432065736671,0.9807173158503664
t3v4,331,0.7664940219758943,0.7633561892762823
t3v4,332,0.8985378297218823,0.9621616179643651
t3v4,333,0.14312077096575765,0.0
t3v4,334,0.9474457919882396,0.9675160265043365
t3v4,335,0.3308086977766919,0.0
t3v4,336,0.9093081238312902,0.9277705345501955
t3v4,337,0.9934268482753947,0.9841237874668546
t3v4,338,0.7898120213506614,0.7898913412961682
t3v4,339,0.9820289644395181,0.9780263252535424
t3v4,340,0.8642633228840125,0.8122405043825927
t3v4,341,0.9386261261261262,0.9260077305356157
t3v4,342,0.0020999580008399833,0.0
t3v4,343,0.8339850383620577,0.9124754197549538
t3v4,344,0.8674736676623173,0.9351969504447268
t3v4,345,0.9720178256814178,0.9634044332915098
t3v4,346,0.5827067669172933,0.6462152388078314
t3v4,347,0.8847826086956522,0.0
t3v4,348,0.0,0.0
t3v4,349,0.9703490708963299,0.9775393161001246
t3v4,350,0.9611246630995285,0.9964714605937152
t3v4,351,0.5917538579140987,0.5555921775433971
t3v4,352,0.9197319577688859,0.9436619718309859
t3v4,353,0.9826191705386337,0.9792890262751159
t3v4,354,0.9457652867451576,0.9681320112365821
t3v4,355,0.8038820849701251,0.9173510133353424
t3v4,356,0.8664835164835165,0.8214492753623188
t3v4,357,0.9321825392920058,0.9697297605148504
t3v4,358,0.8814159292035398,0.0
t3v4,359,0.2722177742193755,0.0
t3v4,360,0.09576601545776156,0.09227921734531994
t3v4,361,0.8478118876551274,0.9323867478025692
t3v4,362,0.7540215644902146,0.795617298954808
t3v4,363,0.9872839964338883,0.9898821213889824
t3v4,364,0.9522727272727273,0.937962962962963
t4v0,0,0.6946661693397986,0.0
t4v0,1,0.9065062875888463,0.9324169530355098
t4v0,2,0.8346466741107035,0.9033074853616079
t4v0,3,0.6589259796806967,0.0
t4v0,4,0.9788914612556175,0.9326618705035972
t4v0,5,0.8493798874333814,0.892177082833709
t4v0,6,0.9229806488880331,0.9475892940408468
t4v0,7,0.6308943089430894,0.0
t4v0,8,0.7177302393038434,0.6926920208799403
t4v0,9,0.5625189834970132,0.8706556789681118
t4v0,10,0.3530907357381217,0.0
t4v0,11,0.18484665950815807,0.0
t4v0,12,0.9617977528089887,0.0
t4v0,13,0.9234128800261523,0.9503666330306089
t4v0,14,0.9659540064678405,0.9875526024363234
t4v0,15,0.9340999557717824,0.0
t4v0,16,0.028711539982599066,0.0
t4v0,17,0.9079611476255636,0.971833369599381
t4v0,18,0.7359038945940709,0.0
t4v0,19,0.9682945060421079,0.9651766176930291
t4v0,20,0.8126307197877876,0.8103232817169248
t4v0,21,0.18964840464307745,0.0
t4v0,22,0.8778499834783566,0.9749918005903575
t4v0,23,0.9489728296885355,0.0
t4v0,24,0.9544701986754967,0.9709647728223579
t4v0,25,0.9133042529989095,0.934562760261749
t4v0,26,0.6920129678750369,0.8935996738687322
t4v0,27,0.511387279986504,0.0
t4v0,28,0.9127337488869101,0.7891825445605408
t4v0,29,0.7927630423326892,0.7879352075963507
t4v0,30,0.8346016462183569,0.8474839712453857
t4v0,31,0.8739188137842662,0.9971604074857389
t4v0,32,0.9872088186356073,0.9792167101827676
t4v0,33,0.4100239936017062,0.0
t4v0,34,0.906207459842091,0.8913316582914573
t4v0,35,0.9520252994213431,0.9449757543103449
t4v0,36,0.8906856910453831,0.9774216697809192
t4v0,37,0.9819019911588015,0.958406648946127
t4v0,38,0.2294353212600936,0.24143414775191557
t4v0,39,0.8385389204222367,0.9866422590350528
t4v0,40,0.9669307362453666,0.916153682869879
t4v0,41,0.025127479302790003,0.00866751415693979
t4v0,42,0.8206058836756995,0.8924096126627491
t4v0,43,0.6743304861601696,0.3970979887960327
t4v0,44,0.058738986440042495,0.0
t4v0,45,0.5338378566457899,0.3307817922024903
t4v0,46,0.0006740815638692282,0.0
t4v0,47,0.1905727318803852,0.0
t4v0,48,0.7216376506600345,0.0
t4v0,49,0.707850252234711,0.7327960322380657
t4v0,50,0.9722644376899696,0.9377836039124735
t4v0,51,0.5217391304347826,0.0
t4v0,52,0.3862081222785035,0.0
t4v0,53,0.9880362416779296,0.9778422447856749
t4v0,54,0.8769399488219068,0.9646727029835238
t4v0,55,0.8839953640290802,0.0
t4v0,56,0.5740922981302118,0.568975025604664
t4v0,57,0.9918177983973007,0.9955109140901184
t4v0,58,0.67410651221924,0.0
t4v0,59,0.7936198584470202,0.9284926064886339
t4v0,60,0.8204250463557267,0.0
t4v0,61,0.96833938180453,0.9223326359832636
t4v0,62,0.9614781415408743,0.9217471358428805
t4v0,63,0.7159681697612732,0.0
t4v0,64,0.2220285960234311,0.0
t4v0,65,0.9660638081690713,0.6378016085790885
t4v0,66,0.4330439036321389,0.0
t4v0,67,0.7475152951418277,0.9315491826076208
t4v0,68,0.9417323482806166,0.9958893317629073
t4v0,69,0.8977331272539928,0.7694545454545455
t4v0,70,0.817060349057265,0.7738315151092677
t4v0,71,0.8440095846645368,0.8222337760552063
t4v0,72,0.9970166148651242,0.9919606093714962
t4v0,73,0.7216963271488073,0.7922136343188975
t4v0,74,0.20013454423141608,0.07493023255813953
t4v0,75,0.2869992422946252,0.35410124356236655
t4v0,76,0.9605864534977506,0.9548881136731048
t4v0,77,0.9427780686663176,0.8486675344248819
t4v0,78,0.9714938657685831,0.9571388376527965
t4v0,79,0.8777062609713283,0.0
t4v0,80,0.9520133152400652,0.9937082115905139
t4v0,81,0.934922592135909,0.8136802973977695
t4v0,82,0.9749443207126949,0.954096954096954
t4v0,83,0.8402198249542031,0.9927200937750632
t4v0,84,0.9547346857860305,0.948066761330571
t4v0,85,0.34731147178977584,0.0
t4v0,86,0.8990175452930003,0.9913986537023186
t4v0,87,0.7594232749742533,0.8967064880205927
t4v0,88,0.9336366738710045,0.9590448209591552
t4v0,89,0.4007337477216432,0.43638534627305525
t4v0,90,0.5342369301179369,0.0
t4v0,91,0.05236018241611939,0.05220975044333707
t4v0,92,0.7604062701814126,0.9522158577027434
t4v0,93,0.890520694259012,0.0
t4v0,94,0.8191092311520278,0.0
t4v0,95,0.21286031042128603,0.0
t4v0,96,0.1703666937400355,0.0
t4v0,97,0.8395907372858118,0.8914198548306187
t4v0,98,0.9890982622823029,0.9959312960413543
t4v0,99,0.26644736842105265,0.0
t4v0,100,0.3231428772225736,0.0
t4v0,101,0.9070775767087564,0.9927072167761298
t4v0,102,0.6975410548266574,0.9128253556040843
t4v0,103,0.7039148612694793,0.0
t4v0,104,0.29190768331872624,0.0
t4v0,105,0.9734078821764626,0.9667586206896551
t4v0,106,0.9385395776807833,0.8363734630455344
t4v0,107,0.7625262176648799,0.9736919893585575
t4v0,108,0.5399293286219081,0.0
t4v0,109,0.46427027268796683,0.0
t4v0,110,0.8646667393912949,0.8733233383308345
t4v0,111,0.7465067882271331,0.7799966756108565
t4v0,112,0.5243274627443391,0.272347963916925
t4v0,113,0.9326582278481013,0.6258692628650904
t4v0,114,0.8391706257135492,0.8784898591447818
t4v0,115,0.9868080875041432,0.9978422950686818
t4v0,116,0.8315289648622982,0.0
t4v0,117,0.940965021429559,0.931337544630596
t4v0,118,0.9152542372881356,0.0
t4v0,119,0.942162615255658,0.9106406685236769
t4v0,120,0.366472854305745,0.0
t4v0,121,0.2171474358974359,0.0
t4v0,122,0.0,0.0
t4v0,123,0.494876660341556,0.0
t4v0,124,0.9165214255664403,0.9862627685804861
t4v0,125,0.6420824295010846,0.0
t4v0,126,0.9609127229292804,0.9598216129165462
t4v0,127,0.0,0.0
t4v0,128,0.7162768295252717,0.7709372441003499
t4v0,129,0.9322382847215709,0.994885730832628
t4v0,130,0.9693976683937824,0.9825211437776883
t4v0,131,0.8533702828266362,0.6152021819044231
t4v0,132,0.7789504368178739,0.6692742862193937
t4v0,133,0.8562834426675534,0.9834854308644013
t4v0,134,0.8813346082230386,0.9591582444967465
t4v0,135,0.3775912074492444,0.6452229734344055
t4v0,136,0.0,0.0
t4v0,137,0.7925826801758746,0.7555435370470525
t4v0,138,0.12095509208156625,0.16728193228562388
t4v0,139,0.9188971694482349,0.982084418620183
t4v0,140,0.496632354810014,0.0
t4v0,141,0.7768410474010384,0.0
t4v0,142,0.7590203776406805,0.7010690789473685
t4v0,143,0.8729016786570744,0.0
t4v0,144,0.9390198279087167,0.0
t4v0,145,0.805312654677446,0.0
t4v0,146,0.06442603109580114,0.0
t4v0,147,0.953961736699572,0.7610896566120446
t4v0,148,0.9459459459459459,0.0
t4v0,149,0.9471279373368147,0.8748246297739672
t4v0,150,0.9754136384722437,0.9467613606023388
t4v0,151,0.887060957683045,0.9406903112643815
t4v0,152,0.9540042026616857,0.8990504747626187
t4v0,153,0.8470401271354787,0.867026055705301
t4v0,154,0.0,0.0
t4v0,155,0.7082238077356365,0.0
t4v0,156,0.9777651524933502,0.9881406778579179
t4v0,157,0.9307190974314037,0.9624554275815814
t4v0,158,0.9567076429716729,0.8377177997950119
t4v0,159,0.9552049328980776,0.9282925435672793
t4v0,160,0.9942097161119924,0.988393639373241
t4v0,161,0.053959161045920724,0.0
t4v0,162,0.1542985859091478,0.30450669914738127
t4v0,163,0.39223443897501953,0.0
t4v0,164,0.7246737103791174,0.0
t4v0,165,0.0893501370917312,0.0
t4v0,166,0.7545762711864407,0.0
t4v0,167,0.14457259918452306,0.13392200147167035
t4v0,168,0.9879615491069902,0.994060440320177
t4v0,169,0.17274735318759996,0.0
t4v0,170,0.8440860215053764,0.0
t4v0,171,0.09140498304584992,0.0
t4v0,172,0.04710390996410207,0.0
t4v0,173,0.912962063943408,0.9524303497332542
t4v0,174,0.8618066371151312,0.8891674326620428
t4v0,175,0.18501762548345202,0.0
t4v0,176,0.924413624311646,0.8720492493024492
t4v0,177,0.5105865667105663,0.0
t4v0,178,0.8738242129984546,0.9215938846186333
t4v0,179,0.8201671230952883,0.7095155375410153
t4v0,180,0.913173728066863,0.9932612989427211
t4v0,181,0.9390735053423322,0.9835635141521819
t4v0,182,0.9722306988098871,0.938295165394402
t4v0,183,0.6534271952575028,0.5269186712485682
t4v0,184,0.3648284403001384,0.0
t4v0,185,0.7815188804831326,0.8366712277646473
t4v0,186,0.946479824413304,0.9524311966939242
t4v0,187,0.3289309743334164,0.0
t4v0,188,0.9090909090909091,0.910752688172043
t4v0,189,0.7375772657943325,0.0
t4v0,190,0.9807622832369942,0.987649941242988
t4v0,191,0.12188430330978928,0.10242098986285032
t4v0,192,0.5182159233013756,0.0
t4v0,193,0.68699538638985,0.8764130023257072
t4v0,194,0.47774177042469723,0.0
t4v0,195,0.8020027753207443,0.7605285775676837
t4v0,196,0.9941336955376275,0.9952916373858046
t4v0,197,0.9530246704967894,0.8934989747919431
t4v0,198,0.8992063492063492,0.0
t4v0,199,0.8770162431376988,0.9090225781272585
t4v0,200,0.17996838393255238,0.0
t4v0,201,0.6779635933106408,0.8280920325529991
t4v0,202,0.8355033404190707,0.9094657183397735
t4v0,203,0.6060890243493988,0.6938812702173219
t4v0,204,0.7676328502415459,0.0
t4v0,205,0.8794661813770094,0.9003017184835367
t4v0,206,0.8465890468684157,0.9066667653458459
t4v0,207,0.9566279780085523,0.9737458806298059
t4v0,208,0.42470557445694845,0.0
t4v0,209,0.18079331941544885,0.0
t4v0,210,0.5649371662801359,0.28193982204713713
t4v0,211,0.8844884488448845,0.8059981255857545
t4v0,212,0.9233421321984593,0.9359463613717072
t4v0,213,0.23924882629107982,0.0
t4v0,214,0.9009116469285167,0.9265398380109249
t4v0,215,0.36926924145595996,0.0
t4v0,216,0.7912169705991813,0.0
t4v0,217,0.3183367416496251,0.0
t4v0,218,0.7319552694002033,0.0
t4v0,219,0.9582942830365511,0.7176506576934842
t4v0,220,0.8238891777009877,0.9515219316645691
t4v0,221,0.3284364679075245,0.3258754200555204
t4v0,222,0.5341999252460651,0.709384430576309
t4v0,223,0.8937054631828979,0.0
t4v0,224,0.36960544717399596,0.08963241755508762
t4v0,225,0.7445969299583206,0.6154461314108972
t4v0,226,0.9171755245633874,0.992319865946751
t4v0,227,0.7146679668918277,0.70164579434768
t4v0,228,0.9724541741282521,0.9908932773969098
t4v0,229,0.8853762363841242,0.9074171304560887
t4v0,230,0.2997119651244259,0.3704268545379196
t4v0,231,0.26932425862907144,0.0
t4v0,232,0.8879760495718165,0.8533808068254342
t4v0,233,0.9154568744662681,0.0
t4v0,234,0.9253489783532268,0.8329246188292995
t4v0,235,0.9109287667974789,0.9755386856836132
t4v0,236,0.8700648202710666,0.827302349511233
t4v0,237,0.8786672465125615,0.961444423547113
t4v0,238,0.3558282208588957,0.0
t4v0,239,0.9973149306863329,0.9976553483569216
t4v0,240,0.8246749319625037,0.8000246806935275
t4v0,241,0.7145704793545326,0.9186255235490213
t4v0,242,0.9609565306892648,0.9643888040269842
t4v0,243,0.7935712794823627,0.0
t4v0,244,0.4196277495769882,0.0
t4v0,245,0.8975465880144792,0.9588076157419223
t4v0,246,0.9647768544167437,0.9482366947289138
t4v0,247,0.46379183372882743,0.0
t4v0,248,0.7648026315789473,0.8328688130706391
t4v0,249,0.9734671277918804,0.9792961854975047
t4v0,250,0.697844818324416,0.5968730456535335
t4v0,251,0.9477848101265823,0.0
t4v0,252,0.9746433159780918,0.9779507133592736
t4v0,253,0.2473203026481715,0.0
t4v0,254,0.4410472183263207,0.0
t4v0,255,0.6832893790457923,0.7938002746713754
t4v0,256,0.2708565959483171,0.0
t4v0,257,0.7878405002569814,0.7996305151054118
t4v0,258,0.029445345832582178,0.0
t4v0,259,0.8627671541057368,0.0
t4v0,260,0.9760186556581477,0.9755942139807557
t4v0,261,0.8880942921467355,0.8598554626611875
t4v0,262,0.3382433169667212,0.0
t4v0,263,0.4351362342415616,0.0
t4v0,264,0.98315649867374,0.9786513046424941
t4v0,265,0.8731603702017903,0.5562543675751223
t4v0,266,0.7814569536423841,0.9050596930073905
t4v0,267,0.9742021276595745,0.9534853076821715
t4v0,268,0.8527903693245151,0.8181467479361161
t4v0,269,0.9974214123546951,0.9895188100454086
t4v0,270,0.49630108103496606,0.4481084309194298
t4v0,271,0.6074182886522218,0.7508010845452304
t4v0,272,0.9269500619067272,0.8474789162031222
t4v0,273,0.9910316239539068,0.9874660674624307
t4v0,274,0.13178093366457785,0.0
t4v0,275,0.8071691697364692,0.43108233117483813
t4v0,276,0.9085042016806723,0.8720576017723622
t4v0,277,0.6188873685637859,0.4008097832348536
t4v0,278,0.9671423830069698,0.0
t4v0,279,0.27394052915008194,0.0
t4v0,280,0.9520357497517379,0.941476846057572
t4v0,281,0.7004292722812756,0.6319287330316742
t4v0,282,0.9376170296639401,0.9527053328143247
t4v0,283,0.47054566507454043,0.0
t4v0,284,0.9286815015718425,0.9774044371597495
t4v0,285,0.7677234946782504,0.9594870962506087
t4v0,286,0.8865248226950354,0.8467185761957731
t4v0,287,0.9823470828362865,0.9935233160621761
t4v0,288,0.7365009038556516,0.9379336055065058
t4v0,289,0.027777777777777776,0.0
t4v0,290,0.5915931499740529,0.8354603463992707
t4v0,291,0.17297528924439365,0.0
t4v0,292,0.9346276391316746,0.9411418337054392
t4v0,293,0.951950330678904,0.9331781459674107
t4v0,294,0.849118087414631,0.9895442172122566
t4v0,295,0.9047971846638266,0.8766334440753045
t4v0,296,0.4855809684081695,0.0
t4v0,297,0.8841869263644644,0.8039593071212537
t4v0,298,0.8945921173235564,0.0
t4v0,299,0.9579382445903234,0.935031847133758
t4v0,300,0.4091294391518326,0.0
t4v0,301,0.8987463837994214,0.7942821628340584
t4v0,302,0.5981259760541384,0.0
t4v0,303,0.576357763477477,0.6040645835006828
t4v0,304,0.6680761099365751,0.0
t4v0,305,0.9476401179941003,0.9715224534501643
t4v0,306,0.9818594992751636,0.9450931869151651
t4v0,307,0.7830601019406377,0.99628754640567
t4v0,308,0.8949671772428884,0.0
t4v0,309,0.951374864067112,0.9329141578302339
t4v0,310,0.965671225230254,0.0
t4v0,311,0.9210278487824566,0.8221031138335886
t4v0,312,0.8508965856055023,0.766376159685128
t4v0,313,0.9189907038512616,0.9117313832526521
t4v0,314,0.8417132216014898,0.9252324037184595
t4v0,315,0.6341923318667505,0.0
t4v0,316,0.6947368421052632,0.0
t4v0,317,0.1781454070526774,0.0
t4v0,318,0.9250978200111795,0.9211521675880128
t4v0,319,0.6990452011700425,0.5018578903465534
t4v0,320,0.9157778595071717,0.0
t4v0,321,0.9896569380440349,0.9855102303435851
t4v0,322,0.9503789623550103,0.8561709951735234
t4v0,323,0.9331306990881459,0.0
t4v0,324,0.8538763844230082,0.0
t4v0,325,0.9960667817312798,0.9940716698681857
t4v0,326,0.981863747279562,0.9790040376850606
t4v0,327,0.905338716913414,0.8317261330761813
t4v0,328,0.7987720969619985,0.9564318034906271
t4v0,329,0.4559078243843663,0.7930232558139535
t4v0,330,0.9416966768473356,0.8296303483069758
t4v0,331,0.9250604351329573,0.0
t4v0,332,0.8629603625454778,0.8691015899367857
t4v0,333,0.9104082806210466,0.9193188490898414
t4v0,334,0.9385446130110568,0.0
t4v0,335,0.9319313779745434,0.0
t4v0,336,0.0553795463185908,0.03268531150522965
t4v0,337,0.9417989417989417,0.9007032348804501
t4v0,338,0.9727726760109554,0.9739692805173807
t4v0,339,0.9489135460009246,0.9132794596550476
t4v0,340,0.6518439621887898,0.0
t4v0,341,0.09448284857180123,0.0
t4v0,342,0.3580773606370876,0.0
t4v0,343,0.08351409978308026,0.0
t4v0,344,0.05099643199025324,0.0
t4v0,345,0.9489426457469696,0.9682090503505417
t4v0,346,0.5263879369431117,0.0
t4v0,347,0.9916989119290935,0.9688370064741203
t4v0,348,0.9529091459110618,0.8295286768881317
t4v0,349,0.9653506734788667,0.8738480442351013
t4v0,350,0.6217590102205487,0.5983493221957721
t4v0,351,0.8451998162609095,0.0
t4v0,352,0.9417849953511045,0.9652533508692179
t4v0,353,0.8853242320819112,0.0
t4v0,354,0.9930080428954423,0.9933824314227773
t4v0,355,0.9558460421205519,0.8090417840018266
t4v0,356,0.8245877061469266,0.0
t4v0,357,0.28907225072805437,0.0
t4v0,358,0.04168982768204558,0.0
t4v0,359,0.7126151298768498,0.7353851164305488
t4v0,360,0.19113031612463044,0.8363539445628998
t4v0,361,0.9397873005943072,0.8742117490872884
t4v0,362,0.6555325833042451,0.5120160729464492
t4v0,363,0.5365265334252239,0.0
t4v0,364,0.8799136824915432,0.9954540831096889
t4v1,0,0.671424650013725,0.672139558748076
t4v1,1,0.6712,0.9269380925822643
t4v1,2,0.7610073667980127,0.7877680546206366
t4v1,3,0.437225921715121,0.5298065534938807
t4v1,4,0.49746072989252393,0.0
t4v1,5,0.7732441823733811,0.787486628225533
t4v1,6,0.9346598796853308,0.9653225806451613
t4v1,7,0.6726982437466738,0.0
t4v1,8,0.15864368810936028,0.0
t4v1,9,0.057514465666444775,0.07208751734835497
t4v1,10,0.5080560786775477,0.5805439330543933
t4v1,11,0.03764917707347476,0.03689944900147099
t4v1,12,0.9345238095238095,0.0
t4v1,13,0.8584996900185989,0.8489938587761244
t4v1,14,0.595601499949326,0.45493898227032004
t4v1,15,0.8417075935020778,0.8720032507110931
t4v1,16,0.042798630760402856,0.0
t4v1,17,0.8542014719826613,0.8730917426718041
t4v1,18,0.6290210855892051,0.24473355908037783
t4v1,19,0.9214994814046525,0.9638659120592077
t4v1,20,0.5865384615384616,0.6716206652512385
t4v1,21,0.30719853278312703,0.0
t4v1,22,0.6791981373161452,0.9745012443392762
t4v1,23,0.7634408602150538,0.834902699309479
t4v1,24,0.9164172231176606,0.9400408099199498
t4v1,25,0.5079125847776941,0.870106300233342
t4v1,26,0.6912378303198887,0.8462086151655394
t4v1,27,0.6576702342174655,0.8580028472645922
t4v1,28,0.7004777246972559,0.7344220523511698
t4v1,29,0.8343091095189356,0.790493729720249
t4v1,30,0.40301515038435703,0.8619139370584458
t4v1,31,0.9822776392352452,0.9944114418815092
t4v1,32,0.9417573053982257,0.9761001714552917
t4v1,33,0.3069573006867722,0.8669673055242391
t4v1,34,0.7725729803122878,0.9033443024412643
t4v1,35,0.8884838018484761,0.9239130434782609
t4v1,36,0.9122384353603246,0.9333550523972417
t4v1,37,0.9172219991971096,0.9651687560270009
t4v1,38,0.07374218021121838,0.06544701092601055
t4v1,39,0.6480368053358,0.5003311929705981
t4v1,40,0.9329632199861208,0.9191743693098895
t4v1,41,0.07743441721498842,0.10589275497997608
t4v1,42,0.8922722971593966,0.913023365932725
t4v1,43,0.8446307642695905,0.8784601283226398
t4v1,44,0.006928906531937929,0.0
t4v1,45,0.4290927806110513,0.29408556066391334
t4v1,46,0.10087615439261188,0.0
t4v1,47,0.039091534755677906,0.0
t4v1,48,0.6825933202357564,0.8265975073841942
t4v1,49,0.5859227338020715,0.598205546492659
t4v1,50,0.8075023155294844,0.967948717948718
t4v1,51,0.0,0.0
t4v1,52,0.32773459189339255,0.5034013605442177
t4v1,53,0.9708251473477406,0.9734268497480983
t4v1,54,0.8914685830108716,0.8629798940086573
t4v1,55,0.698092223457952,0.8447190210288702
t4v1,56,0.684244004834298,0.7559562579273936
t4v1,57,0.9502176582207835,0.9881343095177986
t4v1,58,0.5660909411350018,0.0
t4v1,59,0.600259759001371,0.7832383443894235
t4v1,60,0.5236517821650987,0.0
t4v1,61,0.9646427700560839,0.955138560954393
t4v1,62,0.9079041402639478,0.9028835290072211
t4v1,63,0.691989765794135,0.8106229833705634
t4v1,64,0.6514956281638288,0.6045097060850144
t4v1,65,0.894249649368864,0.8830519074421513
t4v1,66,0.15401540154015403,0.0
t4v1,67,0.7762703950610879,0.8489749244466226
t4v1,68,0.9246350562059139,0.9439649546433466
t4v1,69,0.9471559197244983,0.8890010090817356
t4v1,70,0.8210557821093195,0.7757687012391005
t4v1,71,0.816346479190947,0.7924833299656496
t4v1,72,0.9698914856079465,0.9759574127674429
t4v1,73,0.5693545060837286,0.5557889376869709
t4v1,74,0.4848884782895605,0.5032129265705908
t4v1,75,0.28923197185851085,0.3403931401961223
t4v1,76,0.8097583861130659,0.8580065859320174
t4v1,77,0.6216201148464069,0.8340938974398638
t4v1,78,0.9787143335667956,0.9714824847064553
t4v1,79,0.8213114754098361,0.8641239570917759
t4v1,80,0.6085932485228932,0.6572058206653708
t4v1,81,0.8714797747055811,0.9134642755479647
t4v1,82,0.636141966946627,0.9513812154696133
t4v1,83,0.9615105301379812,0.9934349753618487
t4v1,84,0.9259946666666666,0.9377690802348336
t4v1,85,0.1975000611531029,0.0
t4v1,86,0.9927178069270994,0.9982169225197114
t4v1,87,0.8362381773838559,0.9141270742633605
t4v1,88,0.7662826331510144,0.7920103425985779
t4v1,89,0.2697791083420989,0.43266086669106274
t4v1,90,0.2945963780335802,0.3269634817408704
t4v1,91,0.11532538390460685,0.14598621613326265
t4v1,92,0.9672939068100358,0.9536117128557556
t4v1,93,0.8879781420765027,0.802943581357318
t4v1,94,0.7634177758694719,0.0
t4v1,95,0.07480411964716897,0.7802499238037184
t4v1,96,0.2796394420415951,0.2687888248736683
t4v1,97,0.855046007874935,0.8856671080142935
t4v1,98,0.8675803016286224,0.9056903602078298
t4v1,99,0.6134055517941774,0.0
t4v1,100,0.06535907431089472,0.0
t4v1,101,0.8558587692894516,0.9921750544318638
t4v1,102,0.6961723606113006,0.9077112893275756
t4v1,103,0.3381728045325779,0.7557692307692307
t4v1,104,0.09124537607891492,0.0
t4v1,105,0.922793867120954,0.9268800777723769
t4v1,106,0.7362123761450738,0.8093385214007782
t4v1,107,0.5401282155319321,0.9710780017528484
t4v1,108,0.096175799086758,0.0
t4v1,109,0.98111645813282,0.9722908931247435
t4v1,110,0.24892715162046178,0.2074477357756829
t4v1,111,0.7675670409430791,0.797342029767305
t4v1,112,0.06878209348255432,0.0
t4v1,113,0.8842310504508896,0.7552193645990923
t4v1,114,0.8247152278177458,0.8587286316880042
t4v1,115,0.8652322149958457,0.9170146966255234
t4v1,116,0.2685252232681632,0.37464788732394366
t4v1,117,0.8074517978113601,0.921545422902889
t4v1,118,0.2042483660130719,0.0
t4v1,119,0.6615960683360637,0.7609458289671511
t4v1,120,0.2728608298590431,0.45089576065748244
t4v1,121,0.3926692686237909,0.2366804979253112
t4v1,122,0.0,0.0
t4v1,123,0.05726405090137858,0.0
t4v1,124,0.8054395471646015,0.899931129476584
t4v1,125,0.0,0.0
t4v1,126,0.9608355091383812,0.9601661779081134
t4v1,127,0.0,0.0
t4v1,128,0.7806881154566838,0.7007625918991734
t4v1,129,0.853743894144562,0.95876325755872
t4v1,130,0.6514215080346106,0.4804374240583232
t4v1,131,0.7982306379015986,0.7830202854996243
t4v1,132,0.6444298836648658,0.39783248838833063
t4v1,133,0.7921140370705244,0.94565645998471
t4v1,134,0.9724066837676504,0.9529718981337294
t4v1,135,0.3734363502575423,0.0
t4v1,136,0.02610873613260248,0.023464788239616074
t4v1,137,0.47868999551368324,0.8838318162115302
t4v1,138,0.31700829291190735,0.0
t4v1,139,0.9682688121765208,0.9662250691512593
t4v1,140,0.228801071667783,0.0
t4v1,141,0.7743473079839671,0.6990478641276376
t4v1,142,0.6869095816464238,0.7059901080784027
t4v1,143,0.8559766763848397,0.8295819935691319
t4v1,144,0.8765302553340328,0.8512534818941504
t4v1,145,0.6298299239752332,0.6414041613390677
t4v1,146,0.04339700996677741,0.04573204087437912
t4v1,147,0.8614145170036409,0.8559096945551129
t4v1,148,0.8112937812723374,0.9087102177554439
t4v1,149,0.8336062888961677,0.8
t4v1,150,0.7469499241274659,0.7434034416826004
t4v1,151,0.7844134423750945,0.8036956962367408
t4v1,152,0.5801120448179272,0.6349702846418518
t4v1,153,0.19839630664560806,0.828349361085496
t4v1,154,0.0009845749917952085,0.0
t4v1,155,0.5030773347605031,0.8056959118052366
t4v1,156,0.9885529267795228,0.9919703206789653
t4v1,157,0.48281712863162873,0.34988313728495346
t4v1,158,0.4364533421889084,0.846601120625859
t4v1,159,0.6459295261239368,0.7240433411054725
t4v1,160,0.9843897081895199,0.9754795637392896
t4v1,161,0.11990937724484721,0.1154190034950825
t4v1,162,0.1124174257195239,0.22838508278053404
t4v1,163,0.5167025251953347,0.691317980322197
t4v1,164,0.38078493647912887,0.6702336754749946
t4v1,165,0.01798567243043677,0.0
t4v1,166,0.4744023802195547,0.8332078313253012
t4v1,167,0.21132856038317485,0.2502219178777042
t4v1,168,0.9071567445593228,0.9680276264603755
t4v1,169,0.16637601573225483,0.0
t4v1,170,0.5959957096889524,0.6677287209831588
t4v1,171,0.6360034785969659,0.8055987558320373
t4v1,172,0.026122370291828324,0.0
t4v1,173,0.9320361742943272,0.9345472101524243
t4v1,174,0.7611887092069871,0.8036477628954118
t4v1,175,0.10373017771461537,0.0
t4v1,176,0.9080120995889243,0.8808661218299773
t4v1,177,0.10084445449747417,0.10010089362928798
t4v1,178,0.743717800441594,0.7166684486261092
t4v1,179,0.8945147679324894,0.8753585183971154
t4v1,180,0.9049722788881519,0.9884461321169742
t4v1,181,0.6710039311248535,0.35278154681139756
t4v1,182,0.35523434077967586,0.9344359125812167
t4v1,183,0.8354277428709521,0.8310648518815053
t4v1,184,0.3313741260904535,0.33896223518575375
t4v1,185,0.6462642192347466,0.5618465827559346
t4v1,186,0.8582387004587501,0.9505600943316769
t4v1,187,0.06580226904376013,0.0
t4v1,188,0.6167227054214022,0.6845088335314772
t4v1,189,0.4828162540478429,0.0
t4v1,190,0.9728384279475982,0.9856584093872229
t4v1,191,0.07306464912225488,0.040921832479658436
t4v1,192,0.2321399378780448,0.0
t4v1,193,0.48202106880983636,0.5793823401478904
t4v1,194,0.37717581625296115,0.0
t4v1,195,0.03150077432070956,0.0
t4v1,196,0.8813719073177118,0.9233143189608287
t4v1,197,0.9224353628023353,0.9100301334481274
t4v1,198,0.02338269680436477,0.0
t4v1,199,0.40178193813967916,0.2698480329498651
t4v1,200,0.0665272576958615,0.09974869514788325
t4v1,201,0.6616161616161617,0.0
t4v1,202,0.788232967467616,0.8545345704878778
t4v1,203,0.35884277123773334,0.34774616211987874
t4v1,204,0.7701612903225806,0.6538863715580342
t4v1,205,0.5069647583228862,0.9103752759381899
t4v1,206,0.8923793512732283,0.9158708303500945
t4v1,207,0.8970542635658915,0.9150484955471369
t4v1,208,0.1905114899925871,0.0
t4v1,209,0.016537888030364645,0.0
t4v1,210,0.1726981141580883,0.039257972403602306
t4v1,211,0.8635181382614647,0.42794210195091253
t4v1,212,0.9154277358030709,0.9936658848319891
t4v1,213,0.0,0.0
t4v1,214,0.6371532977894926,0.8978741865509762
t4v1,215,0.6205718191137943,0.17039800995024876
t4v1,216,0.6148740972086668,0.8455720440402106
t4v1,217,0.35075757575757577,0.0
t4v1,218,0.9021232522009321,0.8798198705319449
t4v1,219,0.23471187212014336,0.8191812865497076
t4v1,220,0.7309146251656929,0.9226167633580894
t4v1,221,0.3599339019545659,0.5519129872832623
t4v1,222,0.2337598870567793,0.5905321809327425
t4v1,223,0.3386971479303074,0.8069695934403827
t4v1,224,0.2324354007138717,0.07793290963986055
t4v1,225,0.6820357717916359,0.7013337132461726
t4v1,226,0.9944087418509152,0.9923735119047619
t4v1,227,0.7948190358508156,0.8314065562617104
t4v1,228,0.7857974635303084,0.8532216794603397
t4v1,229,0.9093593150280485,0.9378480882905662
t4v1,230,0.4006204896472651,0.0
t4v1,231,0.27923844061650044,0.0
t4v1,232,0.6703835380305968,0.8606191605076
t4v1,233,0.8072474942174248,0.5618396519577378
t4v1,234,0.8954622561492791,0.4911861368389603
t4v1,235,0.872421875,0.963504767740206
t4v1,236,0.8802204176334106,0.8548906048906049
t4v1,237,0.929175979188803,0.954036983486797
t4v1,238,0.07170230292611296,0.0
t4v1,239,0.9960580736715708,0.9950201737486823
t4v1,240,0.9240651233782753,0.8643750898892565
t4v1,241,0.5893815972131277,0.6769767721747503
t4v1,242,0.7504026878115214,0.6556778467476918
t4v1,243,0.4741679085941381,0.8226708829968378
t4v1,244,0.37883597883597886,0.0
t4v1,245,0.8628017444929026,0.8934539237853637
t4v1,246,0.916296388233834,0.9242247436502222
t4v1,247,0.17328519855595667,0.0
t4v1,248,0.7326036590237277,0.7236784622105723
t4v1,249,0.9285823771178435,0.9504677606793072
t4v1,250,0.6382229115887437,0.46241985051409495
t4v1,251,0.6132792701469842,0.7580327868852459
t4v1,252,0.9621499368056942,0.9698839627070897
t4v1,253,0.08178418513901685,0.05234526112185687
t4v1,254,0.16238144212090047,0.008986744551786115
t4v1,255,0.690077083078429,0.8114815368515473
t4v1,256,0.3296486379786814,0.7954110898661568
t4v1,257,0.665172398210493,0.6761122443354098
t4v1,258,0.02135618903305237,0.0
t4v1,259,0.004788507581803671,0.0
t4v1,260,0.6734257982534404,0.9438714246128268
t4v1,261,0.7971725898291773,0.818650559811432
t4v1,262,0.24050394885295223,0.23790928206668668
t4v1,263,0.16391885473912748,0.03736479842674533
t4v1,264,0.952362877206301,0.9858428155596719
t4v1,265,0.9017097235821345,0.8506503934478882
t4v1,266,0.9076425192930048,0.9345189975747777
t4v1,267,0.96081637993066,0.952262783256057
t4v1,268,0.6067665002773156,0.8637600176457614
t4v1,269,0.987521653601104,0.9861711119459053
t4v1,270,0.8065951575920096,0.836880669923238
t4v1,271,0.516406670252824,0.7350125944584383
t4v1,272,0.7066666666666667,0.8530940009447331
t4v1,273,0.959135410044501,0.9828957064732575
t4v1,274,0.03465312875371122,0.024171993027309702
t4v1,275,0.7860312008014885,0.578151903577578
t4v1,276,0.8486654745347374,0.9724716183126809
t4v1,277,0.7352520486050771,0.7365895651928478
t4v1,278,0.24254966887417218,0.8608498216023354
t4v1,279,0.27010716886900427,0.7425057647963106
t4v1,280,0.8796707362190159,0.9421982629529799
t4v1,281,0.6911680367042631,0.7915072213307
t4v1,282,0.7712948517940718,0.9508165590581086
t4v1,283,0.43971199675489303,0.0
t4v1,284,0.6704395022504633,0.7008770972085745
t4v1,285,0.6386330432573207,0.48423931295878714
t4v1,286,0.8267051308468988,0.8386282347990742
t4v1,287,0.8725794710021839,0.8983777383066903
t4v1,288,0.6385110123048289,0.8414365434226098
t4v1,289,0.0006738544474393531,0.0
t4v1,290,0.24963901812931172,0.8594243268337975
t4v1,291,0.08639963037591283,0.1003035467035893
t4v1,292,0.9205980439914565,0.9906166845618786
t4v1,293,0.8040212486433997,0.9321968229368461
t4v1,294,0.9809362702327321,0.9943044722518377
t4v1,295,0.31116775529711643,0.3814388432674551
t4v1,296,0.45498066654391456,0.0
t4v1,297,0.8154299086585642,0.7023678180429432
t4v1,298,0.812452543659833,0.8280701754385965
t4v1,299,0.8309260832625318,0.9275996112730807
t4v1,300,0.9117387619558261,0.9464993007812827
t4v1,301,0.7965400526513727,0.7911059098888239
t4v1,302,0.41000285252448415,0.0
t4v1,303,0.6845301261643674,0.7656563662092342
t4v1,304,0.4421430544048605,0.0
t4v1,305,0.9304308286915994,0.9512707182320442
t4v1,306,0.9697700657510796,0.949053970223325
t4v1,307,0.9219832175197188,0.9947800815961549
t4v1,308,0.6369640658233516,0.6783740636129191
t4v1,309,0.8714084790034157,0.9153571041508616
t4v1,310,0.9278846153846154,0.8145030754289414
t4v1,311,0.8998204667863555,0.866626287098728
t4v1,312,0.835399107585523,0.0
t4v1,313,0.7774991823830808,0.0
t4v1,314,0.8811121408711771,0.9259580621836587
t4v1,315,0.46966115051221435,0.7393538913362702
t4v1,316,0.26978351828269964,0.7110211165750651
t4v1,317,0.24764476102941177,0.46021440434848254
t4v1,318,0.7672192388512725,0.9191176470588235
t4v1,319,0.694157339474107,0.5501740139211136
t4v1,320,0.48467133437563725,0.5177664974619289
t4v1,321,0.983234764721008,0.9908351089774857
t4v1,322,0.8126364453576473,0.6931407942238267
t4v1,323,0.8311688311688312,0.9288461538461539
t4v1,324,0.18630630630630632,0.0
t4v1,325,0.9927896938927384,0.9915676282818939
t4v1,326,0.8503805068770509,0.7740895907186593
t4v1,327,0.8808804488562797,0.8554705087798289
t4v1,328,0.7295621851995351,0.9403726708074535
t4v1,329,0.2332334988816014,0.43102601865488466
t4v1,330,0.8895410885805763,0.8297088094360486
t4v1,331,0.3398409255242227,0.0
t4v1,332,0.8361003861003861,0.8321201694017999
t4v1,333,0.6582784767936005,0.6960360048468063
t4v1,334,0.35772200772200774,0.8243011979463777
t4v1,335,0.0,0.0
t4v1,336,0.06573903594820561,0.05922017003811199
t4v1,337,0.4233256351039261,0.9371548777281093
t4v1,338,0.813115718276724,0.9539762053850971
t4v1,339,0.9195428571428571,0.9023106840539922
t4v1,340,0.13190184049079753,0.0
t4v1,341,0.11983654177539264,0.1132499079867501
t4v1,342,0.5245433789954338,0.0
t4v1,343,0.15123248521414678,0.17270818754373687
t4v1,344,0.07924937965260546,0.0
t4v1,345,0.9046142126455544,0.9383019954957315
t4v1,346,0.2788626241863652,0.8014268727705113
t4v1,347,0.9684743124026985,0.959851926636379
t4v1,348,0.9415529411764706,0.8823858341099721
t4v1,349,0.8199726622175766,0.834790059982862
t4v1,350,0.6447609607733982,0.5974711567116523
t4v1,351,0.6293190204629319,0.9546157813305828
t4v1,352,0.7847031651934846,0.8263650765004311
t4v1,353,0.7873609543769144,0.0
t4v1,354,0.9088962338811042,0.9480379619034799
t4v1,355,0.9369158878504673,0.8723235527359239
t4v1,356,0.6642309097552064,0.0
t4v1,357,0.30167241159198266,0.0
t4v1,358,0.030688930237053862,0.0
t4v1,359,0.8411261940673705,0.8710704888519596
t4v1,360,0.16865659840278327,0.1882752917394101
t4v1,361,0.9456653531373144,0.9260450160771704
t4v1,362,0.582861663927941,0.3517898532062838
t4v1,363,0.19723141002082567,0.0
t4v1,364,0.7895186788433094,0.8813136624500466
t4v2,0,0.9140907681174403,0.8882194728348575
t4v2,1,0.9679715302491103,0.9601930036188179
t4v2,2,0.9778155734674259,0.9522831050228311
t4v2,3,0.9439775910364145,0.9629090909090909
t4v2,4,0.9828884325804244,0.9699833240689272
t4v2,5,0.8822721688227216,0.9058920769866572
t4v2,6,0.9361923204080669,0.9493281075027995
t4v2,7,0.834639175257732,0.7175757575757575
t4v2,8,0.571681233933162,0.5494239438971448
t4v2,9,0.9090025906735751,0.8981786643538595
t4v2,10,0.944888178913738,0.0
t4v2,11,0.290768843799782,0.691199639882962
t4v2,12,0.9889937106918238,0.9777424483306836
t4v2,13,0.9341719411382243,0.9532244522087701
t4v2,14,0.9801684724284433,0.9958894316692481
t4v2,15,0.9588550983899821,0.8521570528356762
t4v2,16,0.03547682720380775,0.0
t4v2,17,0.5189391216847553,0.5649454017370905
t4v2,18,0.6596594149759635,0.5494900666155751
t4v2,19,0.9805775944144716,0.9880982851292552
t4v2,20,0.8490388017454888,0.869527254584009
t4v2,21,0.0,0.0
t4v2,22,0.9758311863575021,0.982095709570957
t4v2,23,0.9724137931034482,0.8584615384615385
t4v2,24,0.8854712604175616,0.9536348025186033
t4v2,25,0.8221010901883052,0.9400894187779434
t4v2,26,0.6330457863304578,0.858046511627907
t4v2,27,0.4596928982725528,0.0
t4v2,28,0.9166996908932393,0.8581309041835358
t4v2,29,0.9527132108780632,0.9432132374835169
t4v2,30,0.9638728323699421,0.9435215946843853
t4v2,31,0.9239776317286403,0.9919728468392024
t4v2,32,0.9914035595047188,0.9919165854814502
t4v2,33,0.8569816643159379,0.9004237288135594
t4v2,34,0.9391960528225222,0.9492683651489267
t4v2,35,0.980186318131257,0.973161308127501
t4v2,36,0.714339309863456,0.7017775721932201
t4v2,37,0.991104976612223,0.9863477291081798
t4v2,38,0.2294876664237248,0.3759393288776535
t4v2,39,0.8456457572192293,0.8652576497761789
t4v2,40,0.9772777736659018,0.9708379475821336
t4v2,41,0.009524653116093433,0.0014798910703130211
t4v2,42,0.7316041402098986,0.7252456328381535
t4v2,43,0.5304489554008002,0.4699165568730786
t4v2,44,0.0011785503830288745,0.0
t4v2,45,0.4976995940460081,0.47658114904169274
t4v2,46,0.23672391017173053,0.0
t4v2,47,0.043076923076923075,0.0
t4v2,48,0.5621109356127474,0.5329840438199571
t4v2,49,0.6727068933308425,0.6387410845692291
t4v2,50,0.9102173271708133,0.9361142047180318
t4v2,51,0.7846410684474123,0.0
t4v2,52,0.5104804303468744,0.0
t4v2,53,0.9902785473228227,0.9837854220336415
t4v2,54,0.9513590844062947,0.9793516873889876
t4v2,55,0.8917995444191344,0.8644525290458867
t4v2,56,0.7735285754904748,0.8542896770358629
t4v2,57,0.9875161671259067,0.996458286485271
t4v2,58,0.774798927613941,0.6782311263132177
t4v2,59,0.8974165457184325,0.91628145865434
t4v2,60,0.7128443927046954,0.0
t4v2,61,0.9550748752079867,0.9299346405228758
t4v2,62,0.9623679904804403,0.9380342961201882
t4v2,63,0.8197512978389473,0.8543263964950711
t4v2,64,0.3158377758283285,0.2143574144486692
t4v2,65,0.9505091649694501,0.9163287086446105
t4v2,66,0.646663498744145,0.7918537859007833
t4v2,67,0.8634432643935159,0.961201581027668
t4v2,68,0.9531576030255607,0.9970980983365816
t4v2,69,0.9738396624472574,0.8987341772151899
t4v2,70,0.8596393381669455,0.8569090570950344
t4v2,71,0.9538475640496815,0.8741231103645885
t4v2,72,0.9964990696157608,0.9933724202850767
t4v2,73,0.788036410923277,0.8454780886609455
t4v2,74,0.18889158593905156,0.14747503052380856
t4v2,75,0.25019915864208747,0.2392989102162227
t4v2,76,0.9089928957856029,0.9134296292033531
t4v2,77,0.9020989505247377,0.8824698150695399
t4v2,78,0.9651930205225567,0.9638235571927836
t4v2,79,0.3036499335446273,0.4679786524349566
t4v2,80,0.9310266289597054,0.9877227686835324
t4v2,81,0.9664179104477612,0.9330970314576872
t4v2,82,0.9304998663458968,0.9702127659574468
t4v2,83,0.9037154252313058,0.9477988543982345
t4v2,84,0.9658142786271592,0.9736340385956754
t4v2,85,0.27202591151397915,0.1638211484629158
t4v2,86,0.8527944668440931,0.9417264526647122
t4v2,87,0.9472733139722491,0.9337368793869535
t4v2,88,0.9335796303264575,0.9251627147489708
t4v2,89,0.5162269129287599,0.8200781606861899
t4v2,90,0.972310630171865,0.9077391010476512
t4v2,91,0.05235675276310666,0.05220975044333707
t4v2,92,0.9836441455212473,0.9715852822427059
t4v2,93,0.9330289193302892,0.0
t4v2,94,0.820932134096484,0.7138148037159125
t4v2,95,0.9013791308873276,0.783558124598587
t4v2,96,0.25450629795859275,0.22170875037492085
t4v2,97,0.7919506070190617,0.773690598982226
t4v2,98,0.8678003338724883,0.8875887580254262
t4v2,99,0.9087093389296957,0.0
t4v2,100,0.7822141560798548,0.6658156752616798
t4v2,101,0.8580252895744761,0.9572349671551289
t4v2,102,0.7632308212233863,0.5491843796342066
t4v2,103,0.8583732057416268,0.7898952556993223
t4v2,104,0.8280649926144756,0.0
t4v2,105,0.9756628144119647,0.9764600919634892
t4v2,106,0.9560073937153419,0.8073577641522887
t4v2,107,0.9703179147205062,0.9766397124887691
t4v2,108,0.20002490970232906,0.0
t4v2,109,0.18380837301869357,0.0
t4v2,110,0.7904029634323175,0.8112214349865283
t4v2,111,0.8042821229839279,0.8400011013519094
t4v2,112,0.1466686320754717,0.0
t4v2,113,0.9201925513047885,0.8975039830058418
t4v2,114,0.8164458300857366,0.8206001936108422
t4v2,115,0.8841703635973676,0.9585421508334255
t4v2,116,0.6139455782312925,0.8037383177570093
t4v2,117,0.9692138732419315,0.9498786828422877
t4v2,118,0.648508430609598,0.917167977788061
t4v2,119,0.943453553142407,0.9625043803294008
t4v2,120,0.5653421559029067,0.7902159976329026
t4v2,121,0.5972954389181756,0.0
t4v2,122,0.0,0.0
t4v2,123,0.19631336405529953,0.0
t4v2,124,0.9479950503327648,0.9641976526284644
t4v2,125,0.9070691024622717,0.0
t4v2,126,0.9451583102376753,0.9389969901225147
t4v2,127,0.0,0.0
t4v2,128,0.8679555063005377,0.8078725398313027
t4v2,129,0.9447839625407848,0.9415461558423176
t4v2,130,0.9367629465048709,0.9718809268574256
t4v2,131,0.8974747925403765,0.810279817424092
t4v2,132,0.7908315453451253,0.7721060922133764
t4v2,133,0.8589746926593963,0.8961747681149314
t4v2,134,0.9787162405906544,0.9912928260458073
t4v2,135,0.749155461349937,0.7250578257517347
t4v2,136,0.009725158562367865,0.00112540192926045
t4v2,137,0.8535617296845623,0.9012558483132234
t4v2,138,0.09331524562720084,0.049928974276029874
t4v2,139,0.9900731843064936,0.9913546590634353
t4v2,140,0.587736212880833,0.6803168435211479
t4v2,141,0.7105412030925891,0.6613887086307593
t4v2,142,0.7824109173616376,0.7451828548957924
t4v2,143,0.8970223325062034,0.0
t4v2,144,0.9462945139557266,0.8964544721998389
t4v2,145,0.9092528451261752,0.8808693869181874
t4v2,146,0.04412211751422244,0.04139141885218918
t4v2,147,0.9441462596444147,0.9232724961409243
t4v2,148,0.9699346405228758,0.9258766089658234
t4v2,149,0.948840269781214,0.9231268245215699
t4v2,150,0.9631397238017871,0.9689886239675861
t4v2,151,0.9194988980396706,0.9598285705898757
t4v2,152,0.96471659458229,0.9584487534626038
t4v2,153,0.9150638775796714,0.8991990327943177
t4v2,154,0.0,0.0
t4v2,155,0.4409371146732429,0.8417980151780502
t4v2,156,0.9867517425174251,0.9901141849950188
t4v2,157,0.9776032369391884,0.9849171579156534
t4v2,158,0.9423283839035937,0.9007200523674449
t4v2,159,0.7501139575166378,0.6463231615807904
t4v2,160,0.9942273499855097,0.9963012095200936
t4v2,161,0.218999704054454,0.0
t4v2,162,0.12435285247549635,0.0
t4v2,163,0.5305803571428571,0.5451851851851852
t4v2,164,0.7308840413318025,0.8099029969596062
t4v2,165,0.11456456456456457,0.0
t4v2,166,0.8227538142776417,0.8221143701202785
t4v2,167,0.1747627465984151,0.21567731768037823
t4v2,168,0.989804994868286,0.9966015135908617
t4v2,169,0.1653312177707259,0.0
t4v2,170,0.7745901639344263,0.6605293440736478
t4v2,171,0.733349134866082,0.8786386027765338
t4v2,172,0.023773773773773772,0.0
t4v2,173,0.8895535781051372,0.9508147254073627
t4v2,174,0.835300961571365,0.8300422642555255
t4v2,175,0.010955927995034141,0.0
t4v2,176,0.9192705012115802,0.9198280222559434
t4v2,177,0.9812588401697313,0.909686115925284
t4v2,178,0.8794701001004726,0.8844181165629695
t4v2,179,0.9512898449068662,0.9444313076377394
t4v2,180,0.9870230805463966,0.9956529339782064
t4v2,181,0.9220859935589582,0.948769177190828
t4v2,182,0.9296102385107621,0.9517502365184485
t4v2,183,0.7098922902494331,0.7065240490189134
t4v2,184,0.5059586033869956,0.7210450524583419
t4v2,185,0.7856235372785022,0.8107240011799023
t4v2,186,0.9686464440479226,0.9631975350907224
t4v2,187,0.938953488372093,0.0
t4v2,188,0.7300864815657715,0.6757995051773115
t4v2,189,0.9199797233688174,0.9074824917065979
t4v2,190,0.949063670411985,0.9910454443698231
t4v2,191,0.1306030910243284,0.14544945785239594
t4v2,192,0.5989847715736041,0.6443780711051161
t4v2,193,0.5383151216073316,0.539503887449093
t4v2,194,0.4026101141924959,0.0
t4v2,195,0.8060780262425569,0.7870272365419878
t4v2,196,0.9876181166503747,0.9920846175399272
t4v2,197,0.9471775107685332,0.9207529630490355
t4v2,198,0.9357412851742966,0.9104991394148021
t4v2,199,0.9061256188719542,0.9430899464189467
t4v2,200,0.12567082489249032,0.0
t4v2,201,0.8282756998353329,0.7834698618413009
t4v2,202,0.8661231395662319,0.9039949613100594
t4v2,203,0.8252012804345717,0.8747721057429353
t4v2,204,0.8430566967953985,0.8436299142772687
t4v2,205,0.981583418280666,0.9666304937601736
t4v2,206,0.7729972728291595,0.8076160798259459
t4v2,207,0.9508125204493402,0.9822284382284382
t4v2,208,0.5897724079797696,0.38277803134033167
t4v2,209,0.5471956224350205,0.864406779661017
t4v2,210,0.538057895810862,0.39159477694605754
t4v2,211,0.8459721237892748,0.8913694527634086
t4v2,212,0.931925542307332,0.9350379267593617
t4v2,213,0.6240681576144835,0.0
t4v2,214,0.8912471655328799,0.8778932208620512
t4v2,215,0.5421184320266889,0.40409276944065486
t4v2,216,0.7280856571361337,0.0
t4v2,217,0.5830707834488553,0.628731343283582
t4v2,218,0.9277958740499457,0.8634538152610441
t4v2,219,0.9567478137556134,0.8616352201257862
t4v2,220,0.9318743293489382,0.9832747128415771
t4v2,221,0.4612408045243866,0.48301837308583334
t4v2,222,0.6201721032619572,0.7584486547484707
t4v2,223,0.9302174618630314,0.767962308598351
t4v2,224,0.20387397899649942,0.09134432204091775
t4v2,225,0.796172587236718,0.8188068796856833
t4v2,226,0.9117244872119524,0.9272478206724782
t4v2,227,0.5736968640194446,0.5134061090257929
t4v2,228,0.8777220125264424,0.9017102127749309
t4v2,229,0.9652731070126376,0.9568283821329344
t4v2,230,0.31794845466680355,0.3347819089006921
t4v2,231,0.8766267568974493,0.7313797313797313
t4v2,232,0.9494863674982621,0.9251141903043796
t4v2,233,0.948268106162843,0.5272244355909694
t4v2,234,0.8700161327494814,0.5970504990317295
t4v2,235,0.9352823388065679,0.982329717505462
t4v2,236,0.944851292781348,0.8622694799800631
t4v2,237,0.9811987666390916,0.9800398451302484
t4v2,238,0.32298965632298965,0.26457311089303237
t4v2,239,0.9976080642405604,0.9990494064884101
t4v2,240,0.9063773923858218,0.9009478330077418
t4v2,241,0.9303125655548563,0.9541751088502823
t4v2,242,0.9399833417406708,0.9638255614591997
t4v2,243,0.9420289855072463,0.8821718443884691
t4v2,244,0.45891472868217054,0.0
t4v2,245,0.7802425317953269,0.8015018050541516
t4v2,246,0.938992310805342,0.9322188449848025
t4v2,247,0.8422664624808576,0.8636146115807943
t4v2,248,0.9348318376247589,0.9138966042469313
t4v2,249,0.8940178287764675,0.9374870331022542
t4v2,250,0.7977424832684048,0.8179484164314832
t4v2,251,0.861671469740634,0.9113924050632911
t4v2,252,0.9755237643230049,0.9793470111103537
t4v2,253,0.7802916038210156,0.6744560838033844
t4v2,254,0.38445856817364193,0.37579716907761707
t4v2,255,0.9249219648431083,0.8527696793002916
t4v2,256,0.8568496664956388,0.0
t4v2,257,0.8368949272888646,0.8602533186617657
t4v2,258,0.0,0.0
t4v2,259,0.7278481012658228,0.0
t4v2,260,0.9307484760667533,0.9485918050648793
t4v2,261,0.9087323177366703,0.8751847940865892
t4v2,262,0.9276393831553974,0.0
t4v2,263,0.21198434206564287,0.0
t4v2,264,0.9896091707447878,0.9809993914395835
t4v2,265,0.90765950467443,0.8734631147540983
t4v2,266,0.9284253578732107,0.9458705357142857
t4v2,267,0.9790558286753317,0.9804509229616512
t4v2,268,0.21904429717474713,0.0
t4v2,269,0.9948486991034241,0.9925594445332339
t4v2,270,0.38840236686390534,0.3416457120629055
t4v2,271,0.9370790840869733,0.9311556750051685
t4v2,272,0.9169030535624896,0.8884052924791086
t4v2,273,0.994583393444988,0.9954522221202867
t4v2,274,0.25547557053147496,0.45749901845308205
t4v2,275,0.9678902989523891,0.937793115653482
t4v2,276,0.961864406779661,0.960158754388643
t4v2,277,0.7260400777043324,0.781751734899191
t4v2,278,0.9803921568627451,0.8767022451232978
t4v2,279,0.7127042698998418,0.770859805167302
t4v2,280,0.9598719103372361,0.9517944576245521
t4v2,281,0.8763047113776599,0.9455728874424868
t4v2,282,0.9436539556061468,0.966506237108339
t4v2,283,0.5441863709283672,0.0
t4v2,284,0.8246268656716418,0.8225161488772685
t4v2,285,0.28536886646166787,0.1553043683033086
t4v2,286,0.9214466712739,0.8640035906642729
t4v2,287,0.9931475658679388,0.9959044294837852
t4v2,288,0.942852413023969,0.9806807165253238
t4v2,289,0.0,0.0
t4v2,290,0.974051040102938,0.9576980888984324
t4v2,291,0.2098077284399073,0.0
t4v2,292,0.9423126607039602,0.943151281642269
t4v2,293,0.9638720353006067,0.9497473329590118
t4v2,294,0.939195328675912,0.9559070871854629
t4v2,295,0.9742304221397774,0.9600647052876352
t4v2,296,0.10680529300567108,0.0
t4v2,297,0.9252001822797995,0.900512410993545
t4v2,298,0.9200359389038635,0.8252032520325203
t4v2,299,0.9164722351843211,0.9476047904191617
t4v2,300,0.22442178983931546,0.0
t4v2,301,0.9063301124038651,0.8762947039280828
t4v2,302,0.8644085607201654,0.8804088821355803
t4v2,303,0.8627627290097786,0.9675207815579742
t4v2,304,0.9161456417800662,0.0
t4v2,305,0.9918195887685165,0.9861832651707748
t4v2,306,0.9864928909952607,0.9779631670077129
t4v2,307,0.51128849108276,0.4789948959560267
t4v2,308,0.49442198868229587,0.29887291099883406
t4v2,309,0.9573655742920776,0.9437201216862234
t4v2,310,0.9785161844743626,0.8826675055048757
t4v2,311,0.9207494795281055,0.8883495145631068
t4v2,312,0.9004739336492891,0.8338223526273673
t4v2,313,0.9171338293751912,0.8860196846227114
t4v2,314,0.9238432588000886,0.9503207412687099
t4v2,315,0.32925952552120774,0.5711827956989247
t4v2,316,0.07616146230007616,0.0
t4v2,317,0.10806863818912012,0.0
t4v2,318,0.9373202990224266,0.9212121212121213
t4v2,319,0.831424861291465,0.82493321460374
t4v2,320,0.9017199017199017,0.8363892806770099
t4v2,321,0.9849048800661704,0.9929063431685
t4v2,322,0.8055259331071255,0.6361362752181404
t4v2,323,0.9347284504235177,0.9238045191802418
t4v2,324,0.41309033901626496,0.0
t4v2,325,0.9976189683306137,0.9967309116015206
t4v2,326,0.9914873651048998,0.9864619114972721
t4v2,327,0.8761020881670534,0.8480228680323963
t4v2,328,0.9805057955742887,0.9691048323210985
t4v2,329,0.8475264761352096,0.8519819367787256
t4v2,330,0.9473485206541261,0.8796128251663642
t4v2,331,0.7501701837985024,0.0
t4v2,332,0.45864779055847604,0.0
t4v2,333,0.9670357642866234,0.9538725070353603
t4v2,334,0.7379227053140096,0.8366533864541833
t4v2,335,0.8258024306637581,0.8
t4v2,336,0.08335094467221776,0.0027054762571135367
t4v2,337,0.6375262789067975,0.7612717403345519
t4v2,338,0.7578554595443834,0.7657277456080086
t4v2,339,0.9657418576598311,0.9359752321981424
t4v2,340,0.4026506784474598,0.0
t4v2,341,0.1933994669011569,0.2922523386903334
t4v2,342,0.7219617742517129,0.0
t4v2,343,0.08386596055514975,0.04982502508381666
t4v2,344,0.044979128558698,0.04201956867999899
t4v2,345,0.82270547038225,0.8187424389956035
t4v2,346,0.4765432098765432,0.0
t4v2,347,0.9773071104387292,0.9879197311058604
t4v2,348,0.9806324110671937,0.9365823817292006
t4v2,349,0.949089847172199,0.8551109224073877
t4v2,350,0.65838850581028,0.604641106947247
t4v2,351,0.4051931049530875,0.680172575501782
t4v2,352,0.9461862803394778,0.9635284214257233
t4v2,353,0.9059859787884235,0.7968936678614098
t4v2,354,0.9956280278860924,0.9959824728683001
t4v2,355,0.9002651437895166,0.8916249492626167
t4v2,356,0.8211420481359132,0.0
t4v2,357,0.6423147581139008,0.7720499698976521
t4v2,358,0.06039941548952752,0.0
t4v2,359,0.8942293855230968,0.7658207516864761
t4v2,360,0.4838862559241706,0.9339507677309286
t4v2,361,0.9692879874237951,0.9474792373377003
t4v2,362,0.7403918001364478,0.6219247467438495
t4v2,363,0.3792134831460674,0.0
t4v2,364,0.909290880030384,0.9745482311020616
t4v3,0,0.8080406450187763,0.0
t4v3,1,0.9330332020258864,0.0
t4v3,2,0.9375526241930957,0.8660388821385177
t4v3,3,0.847457627118644,0.0
t4v3,4,0.9789403085177734,0.9154723603392805
t4v3,5,0.828312650120096,0.7602192889078135
t4v3,6,0.9352284651340265,0.9592760180995475
t4v3,7,0.8836001730852445,0.0
t4v3,8,0.7049761944153385,0.8728589511464325
t4v3,9,0.8069196428571429,0.8684872439813152
t4v3,10,0.7867694283879255,0.0
t4v3,11,0.26587410935716255,0.0
t4v3,12,0.9846153846153847,0.0
t4v3,13,0.8936674917491749,0.9065855969677827
t4v3,14,0.8614135013986721,0.9928626657943258
t4v3,15,0.9540329575021682,0.0
t4v3,16,0.011845178511845179,0.0
t4v3,17,0.9343677628531728,0.9713216650665879
t4v3,18,0.7057137646231209,0.19031000556896233
t4v3,19,0.9879050225985104,0.9637153483139044
t4v3,20,0.67925272990396,0.5752950432730134
t4v3,21,0.29072915694146206,0.0
t4v3,22,0.9818241631713134,0.9781508455746204
t4v3,23,0.9410986101919259,0.0
t4v3,24,0.8839808888488235,0.0
t4v3,25,0.9107776261937244,0.9163939303778638
t4v3,26,0.8952851845311672,0.8884258382269369
t4v3,27,0.24982794218857537,0.0
t4v3,28,0.9180530836493075,0.3885204389243941
t4v3,29,0.7621352695979562,0.67662100456621
t4v3,30,0.7553251121076233,0.9030228900926087
t4v3,31,0.7417245005257623,0.479301605181639
t4v3,32,0.9354168231788246,0.9831494536020337
t4v3,33,0.8371335504885994,0.8612750885478159
t4v3,34,0.9180017477424993,0.9460500963391136
t4v3,35,0.9708266356578542,0.9351755592072168
t4v3,36,0.5375191574645342,0.026192590200984744
t4v3,37,0.9627989038627576,0.9298812593049857
t4v3,38,0.14087818841690947,0.26069800525424963
t4v3,39,0.830194244301184,0.796976031366093
t4v3,40,0.9791329904481999,0.9151478936360921
t4v3,41,0.01972055888223553,0.02420043471510635
t4v3,42,0.6476593861617727,0.4975009920684753
t4v3,43,0.9396532312542221,0.8798381238974785
t4v3,44,0.041101159404362875,0.0
t4v3,45,0.5671598005112946,0.5275251526734326
t4v3,46,0.10747796417401194,0.0
t4v3,47,0.10755813953488372,0.0
t4v3,48,0.5973215019308191,0.0
t4v3,49,0.8212233169129721,0.7361111111111112
t4v3,50,0.8867029079299336,0.601835838765465
t4v3,51,0.8786764705882353,0.0
t4v3,52,0.47913414507232804,0.0
t4v3,53,0.9883633821105728,0.9790560176370378
t4v3,54,0.8293695596751284,0.8542796803180256
t4v3,55,0.9302993482823374,0.8287679216691922
t4v3,56,0.7497531386655382,0.8593975392448027
t4v3,57,0.9754287598944591,0.9942533568805539
t4v3,58,0.7092318534179,0.0
t4v3,59,0.6298584811640423,0.0
t4v3,60,0.5440263061746438,0.0
t4v3,61,0.9661507487102051,0.9186413902053713
t4v3,62,0.9701167623194142,0.9138138138138138
t4v3,63,0.6872259159711416,0.0
t4v3,64,0.20234810901757988,0.0
t4v3,65,0.9651034896510349,0.7305789213260762
t4v3,66,0.6777784928245061,0.9192962859536442
t4v3,67,0.6559794202534822,0.0
t4v3,68,0.9409590298559685,0.9957536741052107
t4v3,69,0.9627358490566038,0.8871625063678044
t4v3,70,0.662119753964601,0.6689686732953364
t4v3,71,0.824024024024024,0.7830808802515005
t4v3,72,0.8425103677080453,0.9900508175094181
t4v3,73,0.8424858564804968,0.8654761343825096
t4v3,74,0.47643792348056446,0.2170741482965932
t4v3,75,0.19650196364964836,0.1787528369177564
t4v3,76,0.9375880738708002,0.9648324084732077
t4v3,77,0.960785842363764,0.8673661961198762
t4v3,78,0.939916533693384,0.9550181681493547
t4v3,79,0.8758438508952158,0.0
t4v3,80,0.7855700071604912,0.9938542817865711
t4v3,81,0.9022874520692846,0.6125059665871122
t4v3,82,0.9837852949398938,0.964280631848584
t4v3,83,0.9264851648714729,0.9947605022477135
t4v3,84,0.9763152567534132,0.9109223780367371
t4v3,85,0.17639103554868624,0.0
t4v3,86,0.5944600143387864,0.20572398698412964
t4v3,87,0.8782799265533376,0.8939093671555027
t4v3,88,0.8044302101542663,0.9036390577418941
t4v3,89,0.25326889435763633,0.14599906410856342
t4v3,90,0.817710410849621,0.0
t4v3,91,0.05249840612049729,0.05220975044333707
t4v3,92,0.9849950491278848,0.9540507859733979
t4v3,93,0.9188811188811189,0.0
t4v3,94,0.8372461092060143,0.0
t4v3,95,0.8354651162790697,0.0
t4v3,96,0.2799632815623103,0.335198149296158
t4v3,97,0.5660027975754346,0.4773739081431389
t4v3,98,0.7167979296287829,0.776026261903988
t4v3,99,0.9180327868852459,0.0
t4v3,100,0.32826148210763595,0.0
t4v3,101,0.7080427366318311,0.8899798309230571
t4v3,102,0.744774897680764,0.7439477931373237
t4v3,103,0.878857669276831,0.0
t4v3,104,0.47108155002891844,0.0
t4v3,105,0.9764401470788506,0.9595811518324607
t4v3,106,0.9138173302107728,0.8423191547006231
t4v3,107,0.9651061355045071,0.9746462264150944
t4v3,108,0.8618357487922705,0.0
t4v3,109,0.8290026380444505,0.9683020272984705
t4v3,110,0.5770765224136976,0.0
t4v3,111,0.7969637396242901,0.8468745037844705
t4v3,112,0.1587366484386978,0.0
t4v3,113,0.9254921505108398,0.0
t4v3,114,0.8555584697815579,0.8373475609756098
t4v3,115,0.7249754298965165,0.8290654902007167
t4v3,116,0.8931297709923665,0.0
t4v3,117,0.9521444063527601,0.9213183730715288
t4v3,118,0.8848484848484849,0.0
t4v3,119,0.9717853839037928,0.9108350892758124
t4v3,120,0.398275260771694,0.0
t4v3,121,0.1543727537224029,0.0
t4v3,122,0.0,0.0
t4v3,123,0.03361344537815126,0.0
t4v3,124,0.8974317765420591,0.9689309147047472
t4v3,125,0.80835734870317,0.0
t4v3,126,0.9634472266765347,0.9482352941176471
t4v3,127,0.0,0.0
t4v3,128,0.640925870497855,0.0
t4v3,129,0.9201709377547223,0.9707495679690671
t4v3,130,0.4155495978552279,0.0
t4v3,131,0.834912477918741,0.7842894696149683
t4v3,132,0.8723377683846486,0.8442537507911098
t4v3,133,0.8830770712290951,0.9783142357434726
t4v3,134,0.9441981052070461,0.9614430147058823
t4v3,135,0.5744734077150148,0.0
t4v3,136,0.00010802519147465189,0.0
t4v3,137,0.318570438265424,0.7598207223833378
t4v3,138,0.5147440794499618,0.0
t4v3,139,0.9945175619664118,0.9843838538715376
t4v3,140,0.30152949745083757,0.0
t4v3,141,0.5768553266447116,0.0
t4v3,142,0.7795881826320501,0.0
t4v3,143,0.8766310794780545,0.0
t4v3,144,0.9375115890969775,0.0
t4v3,145,0.8976537964160355,0.7117673992673993
t4v3,146,0.07835020509539758,0.061875466733046475
t4v3,147,0.9548625703958982,0.8354340493520327
t4v3,148,0.901002004008016,0.0
t4v3,149,0.9489795918367347,0.8696194635059263
t4v3,150,0.90486114476809,0.948899664304364
t4v3,151,0.8332287365813378,0.8864426419466975
t4v3,152,0.9384716444055179,0.925051570020628
t4v3,153,0.914978601997147,0.8709628506444276
t4v3,154,0.0,0.0
t4v3,155,0.8995546759030183,0.0
t4v3,156,0.9566807905887307,0.9887514490630454
t4v3,157,0.4971630461398538,0.40434214822069864
t4v3,158,0.9412255976615513,0.8414376321353065
t4v3,159,0.7621104153170661,0.7035999726757293
t4v3,160,0.9883364509486458,0.9822113385390195
t4v3,161,0.05922390170600195,0.0
t4v3,162,0.1895982982396646,0.0
t4v3,163,0.649636058230683,0.674048898147133
t4v3,164,0.7338379705400983,0.8233328269785812
t4v3,165,0.09555396018079416,0.09132100458780684
t4v3,166,0.5558098828598357,0.0
t4v3,167,0.16562678265830005,0.0
t4v3,168,0.7715210209701175,0.887914878591993
t4v3,169,0.2007186534703398,0.0
t4v3,170,0.869772618858324,0.0
t4v3,171,0.49760145209386747,0.0
t4v3,172,0.02824816610717394,0.0
t4v3,173,0.48046635303743096,0.0
t4v3,174,0.7683419578932444,0.7385931214438445
t4v3,175,0.12860373092142455,0.0
t4v3,176,0.9374974043772581,0.8816412414518674
t4v3,177,0.9295492487479132,0.8653029718255499
t4v3,178,0.8315897744662702,0.8907136426254759
t4v3,179,0.890545371567658,0.703416149068323
t4v3,180,0.9170294719144825,0.9937628488797519
t4v3,181,0.9255396016674386,0.9804366415943875
t4v3,182,0.9776839565741857,0.943479633722766
t4v3,183,0.7444786133631535,0.5206412492731954
t4v3,184,0.44128434463676725,0.0
t4v3,185,0.6292444283384672,0.0
t4v3,186,0.9621258938818752,0.8889730241362991
t4v3,187,0.8217149907464528,0.0
t4v3,188,0.6752136752136753,0.7347303187857781
t4v3,189,0.7718434654196407,0.0
t4v3,190,0.9532177299703264,0.9876033974231033
t4v3,191,0.12446167400881057,0.04689386635716091
t4v3,192,0.9458010720667064,0.0
t4v3,193,0.5777375714461943,0.5866189624329159
t4v3,194,0.5461419154711128,0.0
t4v3,195,0.9678494448368925,0.9591915168666911
t4v3,196,0.9687743770935622,0.9881737310308739
t4v3,197,0.9455523190678915,0.9112095082731299
t4v3,198,0.7637116246981718,0.0
t4v3,199,0.9486104156234352,0.9626881687463592
t4v3,200,0.06536830333593568,0.0
t4v3,201,0.9051125168516022,0.0
t4v3,202,0.7016332323596077,0.8326889111652107
t4v3,203,0.47950098922840184,0.8126120426025519
t4v3,204,0.862824062421344,0.0
t4v3,205,0.9121948157911254,0.9213223987698617
t4v3,206,0.4066009157775231,0.0
t4v3,207,0.945808416595476,0.9700067400584138
t4v3,208,0.8842906189106431,0.0
t4v3,209,0.13795506009406028,0.0
t4v3,210,0.42871175139897605,0.08251131953428202
t4v3,211,0.9640250260688217,0.9041950113378685
t4v3,212,0.8472394228276835,0.9380624389728973
t4v3,213,0.5541423169474046,0.0
t4v3,214,0.6545266882925391,0.0
t4v3,215,0.5886596776011723,0.0
t4v3,216,0.771240345297592,0.0
t4v3,217,0.8126984126984127,0.0
t4v3,218,0.9472812586254485,0.0
t4v3,219,0.9422098936662043,0.7989921612541994
t4v3,220,0.8744197575375185,0.9872453326193316
t4v3,221,0.40039006631127294,0.33295358858784485
t4v3,222,0.5691126078222852,0.7453505992560959
t4v3,223,0.8930662557781202,0.0
t4v3,224,0.29099266068648527,0.0
t4v3,225,0.7615917312661499,0.6947508452968238
t4v3,226,0.8237365877631255,0.9926436353477978
t4v3,227,0.4742814825263603,0.3927927125325731
t4v3,228,0.8576877125264222,0.86448987142725
t4v3,229,0.937360956618465,0.9395680465180672
t4v3,230,0.14069933509254792,0.3704268545379196
t4v3,231,0.614323258869908,0.0
t4v3,232,0.9394977168949772,0.8813119480987566
t4v3,233,0.9000853970964987,0.0
t4v3,234,0.897410358565737,0.0
t4v3,235,0.939121187953363,0.9412676160259721
t4v3,236,0.9422355588897224,0.8527080581241744
t4v3,237,0.9706503696997133,0.9575260238583694
t4v3,238,0.8046717680225534,0.0
t4v3,239,0.9984758885569713,0.999160062812694
t4v3,240,0.8947034167407596,0.8779583689763331
t4v3,241,0.9576167335727869,0.9338592484949139
t4v3,242,0.817914620127495,0.8038153571314639
t4v3,243,0.9121278140885984,0.8667754214246873
t4v3,244,0.4107142857142857,0.0
t4v3,245,0.779241468047301,0.3819572240624872
t4v3,246,0.9448826759860209,0.927702131310284
t4v3,247,0.8275520317145689,0.0
t4v3,248,0.8262406125754675,0.8466315393300715
t4v3,249,0.5116853843720341,0.33066769544490066
t4v3,250,0.6322971776299358,0.4582830112721417
t4v3,251,0.934375,0.0
t4v3,252,0.9736842105263158,0.9714483235395783
t4v3,253,0.702595688517378,0.0
t4v3,254,0.21208109802828676,0.0
t4v3,255,0.8335487577193739,0.7861084063615709
t4v3,256,0.9479512735326688,0.0
t4v3,257,0.9068431691564365,0.9930364372469636
t4v3,258,0.03349883728238326,0.0
t4v3,259,0.8955890563930765,0.0
t4v3,260,0.6732510288065844,0.7217408664404072
t4v3,261,0.9297667342799188,0.8686233403214535
t4v3,262,0.6623725174449813,0.0
t4v3,263,0.2966480957165038,0.0
t4v3,264,0.9899581033450822,0.9888874012585352
t4v3,265,0.9236947791164659,0.8277745592981876
t4v3,266,0.9544863459037711,0.9049386240365401
t4v3,267,0.9727688332339495,0.9525310222572385
t4v3,268,0.8418267049750492,0.0
t4v3,269,0.9916405618580725,0.9862698076832651
t4v3,270,0.4810113805546443,0.4328330797082437
t4v3,271,0.7396853665776195,0.0
t4v3,272,0.9045570427023581,0.8678155891872977
t4v3,273,0.9699865212923545,0.9878476066427874
t4v3,274,0.3259123249942621,0.0
t4v3,275,0.9394632122597578,0.48089658685685177
t4v3,276,0.7701779539512524,0.0
t4v3,277,0.7662145766010355,0.9151704826223027
t4v3,278,0.9547244094488189,0.0
t4v3,279,0.9256492351476343,0.0
t4v3,280,0.9329882082254818,0.9298245614035088
t4v3,281,0.8393958982194276,0.6632190422215926
t4v3,282,0.8471989265347198,0.9548274525009693
t4v3,283,0.7423496939877595,0.0
t4v3,284,0.7598080133555927,0.5974469469062526
t4v3,285,0.4384585475439582,0.0
t4v3,286,0.9218967921896792,0.8574007220216606
t4v3,287,0.9848645227468654,0.9935715900892655
t4v3,288,0.8804933724655195,0.9822486754043502
t4v3,289,0.07610993657505286,0.0
t4v3,290,0.9728478215112608,0.8650879860960243
t4v3,291,0.11586825044598181,0.0
t4v3,292,0.8661790243645741,0.9474798350304756
t4v3,293,0.9509531239400312,0.8892996237375405
t4v3,294,0.9675481856436271,0.9954413593037712
t4v3,295,0.9442234940343389,0.9311926605504587
t4v3,296,0.24066135946111453,0.0
t4v3,297,0.9135270900609975,0.667577257981902
t4v3,298,0.9221014492753623,0.0
t4v3,299,0.7971072719967859,0.9361173253790703
t4v3,300,0.27130348994943887,0.0
t4v3,301,0.9034134988363072,0.7813028764805414
t4v3,302,0.56781690765546,0.0
t4v3,303,0.651896230147516,0.9506259554600669
t4v3,304,0.6473201888364343,0.0
t4v3,305,0.9839496028485346,0.9644615134959701
t4v3,306,0.9809453298523165,0.9508221914860919
t4v3,307,0.5992993551587301,0.3954924303792911
t4v3,308,0.6639284851413385,0.4873543620346689
t4v3,309,0.9632644318303524,0.9350263852242744
t4v3,310,0.9533169533169533,0.0
t4v3,311,0.926922551563994,0.830901511203752
t4v3,312,0.8146964856230032,0.0
t4v3,313,0.9742263102424068,0.9115547739733113
t4v3,314,0.7736987965529023,0.6678576336402363
t4v3,315,0.7789943227899432,0.0
t4v3,316,0.7899915659263425,0.0
t4v3,317,0.009570989268085181,0.0
t4v3,318,0.9297658862876255,0.9223245109321059
t4v3,319,0.836317697462375,0.0
t4v3,320,0.9245098039215687,0.0
t4v3,321,0.9886182211464181,0.985217593910995
t4v3,322,0.9307967313585291,0.0
t4v3,323,0.9341258048538881,0.8785357737104825
t4v3,324,0.8936170212765957,0.0
t4v3,325,0.9974723959026207,0.9951297219710107
t4v3,326,0.9893553719008265,0.9863032093460454
t4v3,327,0.9648615130219099,0.8715575098356861
t4v3,328,0.9720815478509285,0.9464817934430478
t4v3,329,0.7067285382830626,0.6319496855345912
t4v3,330,0.9564814814814815,0.8221630776675538
t4v3,331,0.6906151773686574,0.0
t4v3,332,0.8696510212807946,0.8757331259518486
t4v3,333,0.9595773436540116,0.9349808061420346
t4v3,334,0.8123629986847873,0.8132201334141904
t4v3,335,0.9454937938478144,0.8837488735355963
t4v3,336,0.05907667086273018,0.042288801571709236
t4v3,337,0.940887336696417,0.9260266521620887
t4v3,338,0.8111325341604493,0.942932261057841
t4v3,339,0.944689751336277,0.91040260646963
t4v3,340,0.5225796707446005,0.0
t4v3,341,0.1589332759825797,0.0
t4v3,342,0.0,0.0
t4v3,343,0.11128914785142024,0.0022969647251845776
t4v3,344,0.07147882369494864,0.0655272675696759
t4v3,345,0.8315111227732587,0.983785140562249
t4v3,346,0.5336821451929366,0.0
t4v3,347,0.9917956861188302,0.9759293928857984
t4v3,348,0.9752243464689817,0.8607100206275106
t4v3,349,0.9633517495395948,0.925019425019425
t4v3,350,0.6041828485946894,0.5978005049424451
t4v3,351,0.9753280839895013,0.9665226781857451
t4v3,352,0.8095383177949749,0.8242128954320115
t4v3,353,0.8965277777777778,0.6883901596892533
t4v3,354,0.9549714183836066,0.9935836527272145
t4v3,355,0.8858728354616567,0.8171919770773639
t4v3,356,0.8126142595978062,0.0
t4v3,357,0.7515341020128982,0.6418091560948703
t4v3,358,0.16282018767435963,0.0
t4v3,359,0.9120530167057849,0.0
t4v3,360,0.5238802276664192,0.8507423808283407
t4v3,361,0.967714820616666,0.9291077214889749
t4v3,362,0.7005913660555884,0.0
t4v3,363,0.3713272543059777,0.0
t4v3,364,0.8610572864321608,0.9897150853189256
