
=== n_train = 50 (0/20 pairs done) ===
device cuda | 1822 pairs | epochs<=90 patience=10 | norm=sum wd=0.0001 clip=1.0 amp=bf16 | n_train 50
20 (test, val) pairs | 0 already done | 20 to run

wandb: [wandb.login()] Loaded credentials for https://api.wandb.ai from /home/dell/.netrc.
wandb: Currently logged in as: 2671907 (2671907-university-of-the-witwatersrand) to https://api.wandb.ai. Use `wandb login --relogin` to force relogin
wandb: setting up run 027iwreh
wandb: Tracking run with wandb version 0.29.0
wandb: Run data is saved locally in /home/dell/cv-project/wandb/run-20260912_123640-027iwreh
wandb: Run `wandb offline` to turn off syncing.
wandb: Syncing run unet-t0v1
wandb: ⭐️ View project at https://wandb.ai/2671907-university-of-the-witwatersrand/cv-splice-localisation
wandb: 🚀 View run at https://wandb.ai/2671907-university-of-the-witwatersrand/cv-splice-localisation/runs/027iwreh
  t0v1 ep 1/90  train 1.3319  val 1.2948  (8s)
  t0v1 ep 2/90  train 1.2332  val 1.3322  (5s)
  t0v1 ep 3/90  train 1.2204  val 1.3000  (5s)
  t0v1 ep 4/90  train 1.1651  val 1.3049  (5s)
  t0v1 ep 5/90  train 1.1500  val 1.2656  (5s)
  t0v1 ep 6/90  train 1.1322  val 1.2804  (5s)
  t0v1 ep 7/90  train 1.1225  val 1.4090  (5s)
  t0v1 ep 8/90  train 1.1290  val 1.2793  (5s)
  t0v1 ep 9/90  train 1.1093  val 1.2964  (5s)
  t0v1 ep 10/90  train 1.0891  val 1.2760  (5s)
  t0v1 ep 11/90  train 1.0812  val 1.3033  (5s)
  t0v1 ep 12/90  train 1.0778  val 1.3301  (5s)
  t0v1 ep 13/90  train 1.0990  val 1.3182  (5s)
  t0v1 ep 14/90  train 1.0755  val 1.2902  (5s)
  t0v1 ep 15/90  train 1.0671  val 1.3350  (5s)
  early stop at epoch 15 (best val 1.2656)
wandb: updating run metadata
wandb: uploading config.yaml; uploading output.log; uploading wandb-summary.json
wandb: uploading config.yaml; uploading wandb-summary.json
wandb: uploading history steps 14-15, summary, console lines 14-15
wandb: 
wandb: Run history:
wandb:     best_val_loss ▁
wandb: diag/pre_norm_sum █▁▆▅▇▆▇▇▅█▄▄█▆▄
wandb:  diag/weight_norm ▁▂▃▃▄▅▅▅██▅▄▄▄▆
wandb:             epoch ▁▁▂▃▃▃▄▅▅▅▆▇▇▇█
wandb:   first_nan_epoch ▁
wandb:   skipped_batches ▁▁▁▁▁▁▁▁▁▁▁▁▁▁▁
wandb:  stopped_at_epoch ▁
wandb:           test/f1 ▁
wandb:          test/iou ▁
wandb:    test/threshold ▁
wandb:                +2 ...
wandb: 
wandb: Run summary:
wandb:     best_val_loss 1.26559
wandb: diag/pre_norm_sum 1.0
wandb:  diag/weight_norm 63.31481
wandb:             epoch 15
wandb:   first_nan_epoch -1
wandb:   skipped_batches 0
wandb:  stopped_at_epoch 15
wandb:           test/f1 0.34772
wandb:          test/iou 0.21045
wandb:    test/threshold 0.35
wandb:                +2 ...
wandb: 
wandb: 🚀 View run unet-t0v1 at: https://wandb.ai/2671907-university-of-the-witwatersrand/cv-splice-localisation/runs/027iwreh
wandb: ⭐️ View project at: https://wandb.ai/2671907-university-of-the-witwatersrand/cv-splice-localisation
wandb: Synced 5 W&B file(s), 0 media file(s), 0 artifact file(s) and 0 other file(s)
wandb: Find logs at: ./wandb/run-20260912_123640-027iwreh/logs
t0v1: thr 0.35  F1 0.3477  IoU 0.2104  (stopped ep 15, 96s)

wandb: setting up run dov6ahal
wandb: Tracking run with wandb version 0.29.0
wandb: Run data is saved locally in /home/dell/cv-project/wandb/run-20260912_123815-dov6ahal
wandb: Run `wandb offline` to turn off syncing.
wandb: Syncing run unet-t0v2
wandb: ⭐️ View project at https://wandb.ai/2671907-university-of-the-witwatersrand/cv-splice-localisation
wandb: 🚀 View run at https://wandb.ai/2671907-university-of-the-witwatersrand/cv-splice-localisation/runs/dov6ahal
  t0v2 ep 1/90  train 1.3433  val 1.3335  (5s)
  t0v2 ep 2/90  train 1.2433  val 1.2493  (5s)
  t0v2 ep 3/90  train 1.2423  val 1.2585  (5s)
  t0v2 ep 4/90  train 1.2116  val 1.2011  (5s)
  t0v2 ep 5/90  train 1.1852  val 1.4448  (5s)
  t0v2 ep 6/90  train 1.1934  val 1.2315  (5s)
  t0v2 ep 7/90  train 1.1708  val 1.2365  (5s)
  t0v2 ep 8/90  train 1.1805  val 1.2605  (5s)
  t0v2 ep 9/90  train 1.1520  val 1.2613  (5s)
  t0v2 ep 10/90  train 1.1159  val 1.2643  (5s)
  t0v2 ep 11/90  train 1.1105  val 1.1870  (5s)
  t0v2 ep 12/90  train 1.0728  val 1.1899  (5s)
  t0v2 ep 13/90  train 1.0803  val 1.2301  (5s)
  t0v2 ep 14/90  train 1.0783  val 1.1879  (5s)
  t0v2 ep 15/90  train 1.0645  val 1.2015  (5s)
  t0v2 ep 16/90  train 1.0472  val 1.2748  (5s)
  t0v2 ep 17/90  train 1.0651  val 1.2127  (5s)
  t0v2 ep 18/90  train 1.0733  val 1.2781  (5s)
  t0v2 ep 19/90  train 1.0716  val 1.3165  (5s)
  t0v2 ep 20/90  train 1.0087  val 1.2536  (5s)
  t0v2 ep 21/90  train 1.0147  val 1.3340  (5s)
  early stop at epoch 21 (best val 1.1870)
wandb: updating run metadata
wandb: uploading output.log; uploading wandb-summary.json
wandb: uploading history steps 20-21, summary, console lines 20-21
wandb: 
wandb: Run history:
wandb:     best_val_loss ▁
wandb: diag/pre_norm_sum ▅▆▃▅▆▅█▃▅▁▃▅█▅▅█▅▃▅▅▅
wandb:  diag/weight_norm ▁▁▂▃▃▄▄▄▅▅▅▆▆▆▆▆▇▇███
wandb:             epoch ▁▁▂▂▂▃▃▃▄▄▅▅▅▆▆▆▇▇▇██
wandb:   first_nan_epoch ▁
wandb:   skipped_batches ▁▁▁▁▁▁▁▁▁▁▁▁▁▁▁▁▁▁▁▁▁
wandb:  stopped_at_epoch ▁
wandb:           test/f1 ▁
wandb:          test/iou ▁
wandb:    test/threshold ▁
wandb:                +2 ...
wandb: 
wandb: Run summary:
wandb:     best_val_loss 1.187
wandb: diag/pre_norm_sum 1.0
wandb:  diag/weight_norm 56.26136
wandb:             epoch 21
wandb:   first_nan_epoch -1
wandb:   skipped_batches 0
wandb:  stopped_at_epoch 21
wandb:           test/f1 0.39112
wandb:          test/iou 0.2431
wandb:    test/threshold 0.1
wandb:                +2 ...
wandb: 
wandb: 🚀 View run unet-t0v2 at: https://wandb.ai/2671907-university-of-the-witwatersrand/cv-splice-localisation/runs/dov6ahal
wandb: ⭐️ View project at: https://wandb.ai/2671907-university-of-the-witwatersrand/cv-splice-localisation
wandb: Synced 5 W&B file(s), 0 media file(s), 0 artifact file(s) and 0 other file(s)
wandb: Find logs at: ./wandb/run-20260912_123815-dov6ahal/logs
t0v2: thr 0.10  F1 0.3911  IoU 0.2431  (stopped ep 21, 125s)

wandb: setting up run 39uzsvdy
wandb: Tracking run with wandb version 0.29.0
wandb: Run data is saved locally in /home/dell/cv-project/wandb/run-20260912_124022-39uzsvdy
wandb: Run `wandb offline` to turn off syncing.
wandb: Syncing run unet-t0v3
wandb: ⭐️ View project at https://wandb.ai/2671907-university-of-the-witwatersrand/cv-splice-localisation
wandb: 🚀 View run at https://wandb.ai/2671907-university-of-the-witwatersrand/cv-splice-localisation/runs/39uzsvdy
  t0v3 ep 1/90  train 1.3278  val 1.7364  (6s)
  t0v3 ep 2/90  train 1.2313  val 1.3066  (5s)
  t0v3 ep 3/90  train 1.2265  val 1.4641  (5s)
  t0v3 ep 4/90  train 1.2038  val 1.9671  (5s)
  t0v3 ep 5/90  train 1.1952  val 1.2287  (5s)
  t0v3 ep 6/90  train 1.1918  val 1.2400  (5s)
  t0v3 ep 7/90  train 1.1537  val 1.2204  (5s)
  t0v3 ep 8/90  train 1.1426  val 1.1988  (5s)
  t0v3 ep 9/90  train 1.1123  val 1.2386  (5s)
  t0v3 ep 10/90  train 1.1469  val 1.3446  (5s)
  t0v3 ep 11/90  train 1.1057  val 1.2179  (5s)
  t0v3 ep 12/90  train 1.0718  val 1.4464  (5s)
  t0v3 ep 13/90  train 1.1119  val 1.2515  (5s)
  t0v3 ep 14/90  train 1.0732  val 1.2354  (5s)
  t0v3 ep 15/90  train 1.0891  val 1.3371  (5s)
  t0v3 ep 16/90  train 1.0728  val 1.1855  (5s)
  t0v3 ep 17/90  train 1.0454  val 1.2245  (5s)
  t0v3 ep 18/90  train 1.0214  val 1.3371  (5s)
  t0v3 ep 19/90  train 1.0186  val 1.2074  (5s)
  t0v3 ep 20/90  train 1.0160  val 1.3290  (5s)
  t0v3 ep 21/90  train 0.9816  val 1.2394  (5s)
  t0v3 ep 22/90  train 0.9728  val 1.1669  (5s)
  t0v3 ep 23/90  train 0.9640  val 1.1960  (5s)
  t0v3 ep 24/90  train 0.9653  val 1.2752  (5s)
  t0v3 ep 25/90  train 0.9233  val 1.2096  (5s)
  t0v3 ep 26/90  train 0.9300  val 1.2636  (5s)
  t0v3 ep 27/90  train 0.9355  val 1.3074  (5s)
  t0v3 ep 28/90  train 0.9241  val 1.4941  (5s)
  t0v3 ep 29/90  train 0.9188  val 1.1750  (5s)
  t0v3 ep 30/90  train 0.8747  val 1.2477  (5s)
  t0v3 ep 31/90  train 0.8935  val 1.1704  (5s)
  t0v3 ep 32/90  train 0.8444  val 1.4175  (5s)
  early stop at epoch 32 (best val 1.1669)
wandb: updating run metadata
wandb: uploading wandb-summary.json; uploading config.yaml; uploading output.log
wandb: uploading history steps 32-32, summary
wandb: 
wandb: Run history:
wandb:     best_val_loss ▁
wandb: diag/pre_norm_sum ▇█████▇██▅▇█▁▆███▅▆███▆█▁█████▅█
wandb:  diag/weight_norm ▁▁▁▁▁▂▂▂▂▂▂▃▃▃▃▃▃▄▄▄▅▅▅▆▆▇▇▇▇███
wandb:             epoch ▁▁▁▂▂▂▂▃▃▃▃▃▄▄▄▄▅▅▅▅▆▆▆▆▆▇▇▇▇███
wandb:   first_nan_epoch ▁
wandb:   skipped_batches ▁▁▁▁▁▁▁▁▁▁▁▁▁▁▁▁▁▁▁▁▁▁▁▁▁▁▁▁▁▁▁▁
wandb:  stopped_at_epoch ▁
wandb:           test/f1 ▁
wandb:          test/iou ▁
wandb:    test/threshold ▁
wandb:                +2 ...
wandb: 
wandb: Run summary:
wandb:     best_val_loss 1.1669
wandb: diag/pre_norm_sum 1.0
wandb:  diag/weight_norm 277.49628
wandb:             epoch 32
wandb:   first_nan_epoch -1
wandb:   skipped_batches 0
wandb:  stopped_at_epoch 32
wandb:           test/f1 0.46585
wandb:          test/iou 0.30365
wandb:    test/threshold 0.4
wandb:                +2 ...
wandb: 
wandb: 🚀 View run unet-t0v3 at: https://wandb.ai/2671907-university-of-the-witwatersrand/cv-splice-localisation/runs/39uzsvdy
wandb: ⭐️ View project at: https://wandb.ai/2671907-university-of-the-witwatersrand/cv-splice-localisation
wandb: Synced 5 W&B file(s), 0 media file(s), 0 artifact file(s) and 0 other file(s)
wandb: Find logs at: ./wandb/run-20260912_124022-39uzsvdy/logs
t0v3: thr 0.40  F1 0.4659  IoU 0.3037  (stopped ep 32, 185s)

wandb: setting up run xzk6ttud
wandb: Tracking run with wandb version 0.29.0
wandb: Run data is saved locally in /home/dell/cv-project/wandb/run-20260912_124326-xzk6ttud
wandb: Run `wandb offline` to turn off syncing.
wandb: Syncing run unet-t0v4
wandb: ⭐️ View project at https://wandb.ai/2671907-university-of-the-witwatersrand/cv-splice-localisation
wandb: 🚀 View run at https://wandb.ai/2671907-university-of-the-witwatersrand/cv-splice-localisation/runs/xzk6ttud
  t0v4 ep 1/90  train 1.3574  val 1.7939  (5s)
  t0v4 ep 2/90  train 1.2973  val 1.2819  (5s)
  t0v4 ep 3/90  train 1.2743  val 1.3226  (5s)
  t0v4 ep 4/90  train 1.2737  val 1.4195  (5s)
  t0v4 ep 5/90  train 1.2735  val 1.4481  (5s)
  t0v4 ep 6/90  train 1.2911  val 1.3678  (5s)
  t0v4 ep 7/90  train 1.2713  val 1.2508  (5s)
  t0v4 ep 8/90  train 1.2644  val 1.2547  (5s)
  t0v4 ep 9/90  train 1.2528  val 1.2730  (5s)
  t0v4 ep 10/90  train 1.2455  val 1.3807  (5s)
  t0v4 ep 11/90  train 1.2275  val 1.2925  (5s)
  t0v4 ep 12/90  train 1.2221  val 1.2543  (5s)
  t0v4 ep 13/90  train 1.2411  val 1.3131  (5s)
  t0v4 ep 14/90  train 1.2060  val 1.3678  (5s)
  t0v4 ep 15/90  train 1.2127  val 1.2680  (5s)
  t0v4 ep 16/90  train 1.2008  val 1.6523  (5s)
  t0v4 ep 17/90  train 1.1920  val 1.2422  (5s)
  t0v4 ep 18/90  train 1.1942  val 1.2815  (5s)
  t0v4 ep 19/90  train 1.2045  val 1.7939  (5s)
  t0v4 ep 20/90  train 1.1924  val 1.2813  (5s)
  t0v4 ep 21/90  train 1.1811  val 1.3106  (5s)
  t0v4 ep 22/90  train 1.1497  val 1.2729  (5s)
  t0v4 ep 23/90  train 1.1431  val 1.3331  (5s)
  t0v4 ep 24/90  train 1.1435  val 1.2531  (5s)
  t0v4 ep 25/90  train 1.1441  val 1.3573  (5s)
  t0v4 ep 26/90  train 1.1417  val 1.6090  (5s)
  t0v4 ep 27/90  train 1.1340  val 1.5971  (5s)
  early stop at epoch 27 (best val 1.2422)
wandb: updating run metadata
wandb: uploading config.yaml; uploading output.log; uploading wandb-summary.json
wandb: uploading history steps 26-27, summary, console lines 26-27
wandb: 
wandb: Run history:
wandb:     best_val_loss ▁
wandb: diag/pre_norm_sum ███▇█████▇█▆█▇█▆█▆▅▆▃▇▁▇▆█▇
wandb:  diag/weight_norm ▂▁▁▁▁▂▂▃▄▄▄▆▆▆▆▄▅▆▇██▇▇▇▆▆▆
wandb:             epoch ▁▁▂▂▂▂▃▃▃▃▄▄▄▅▅▅▅▆▆▆▆▇▇▇▇██
wandb:   first_nan_epoch ▁
wandb:   skipped_batches ▁▁▁▁▁▁▁▁▁▁▁▁▁▁▁▁▁▁▁▁▁▁▁▁▁▁▁
wandb:  stopped_at_epoch ▁
wandb:           test/f1 ▁
wandb:          test/iou ▁
wandb:    test/threshold ▁
wandb:                +2 ...
wandb: 
wandb: Run summary:
wandb:     best_val_loss 1.24219
wandb: diag/pre_norm_sum 0.99997
wandb:  diag/weight_norm 984.74816
wandb:             epoch 27
wandb:   first_nan_epoch -1
wandb:   skipped_batches 0
wandb:  stopped_at_epoch 27
wandb:           test/f1 0.35837
wandb:          test/iou 0.2183
wandb:    test/threshold 0.2
wandb:                +2 ...
wandb: 
wandb: 🚀 View run unet-t0v4 at: https://wandb.ai/2671907-university-of-the-witwatersrand/cv-splice-localisation/runs/xzk6ttud
wandb: ⭐️ View project at: https://wandb.ai/2671907-university-of-the-witwatersrand/cv-splice-localisation
wandb: Synced 5 W&B file(s), 0 media file(s), 0 artifact file(s) and 0 other file(s)
wandb: Find logs at: ./wandb/run-20260912_124326-xzk6ttud/logs
t0v4: thr 0.20  F1 0.3584  IoU 0.2183  (stopped ep 27, 156s)

wandb: setting up run vshjyh0b
wandb: Tracking run with wandb version 0.29.0
wandb: Run data is saved locally in /home/dell/cv-project/wandb/run-20260912_124602-vshjyh0b
wandb: Run `wandb offline` to turn off syncing.
wandb: Syncing run unet-t1v0
wandb: ⭐️ View project at https://wandb.ai/2671907-university-of-the-witwatersrand/cv-splice-localisation
wandb: 🚀 View run at https://wandb.ai/2671907-university-of-the-witwatersrand/cv-splice-localisation/runs/vshjyh0b
  t1v0 ep 1/90  train 1.3539  val 1.4805  (6s)
  t1v0 ep 2/90  train 1.2438  val 1.2828  (5s)
  t1v0 ep 3/90  train 1.2152  val 1.2526  (5s)
  t1v0 ep 4/90  train 1.1938  val 1.2618  (5s)
  t1v0 ep 5/90  train 1.1812  val 1.2809  (5s)
  t1v0 ep 6/90  train 1.1762  val 1.2504  (5s)
  t1v0 ep 7/90  train 1.1569  val 1.4346  (5s)
  t1v0 ep 8/90  train 1.1594  val 1.5352  (5s)
  t1v0 ep 9/90  train 1.1371  val 1.2845  (5s)
  t1v0 ep 10/90  train 1.1394  val 1.2948  (5s)
  t1v0 ep 11/90  train 1.1056  val 1.3059  (5s)
  t1v0 ep 12/90  train 1.1290  val 1.5323  (5s)
  t1v0 ep 13/90  train 1.1351  val 1.3393  (5s)
  t1v0 ep 14/90  train 1.1149  val 1.4009  (5s)
  t1v0 ep 15/90  train 1.1114  val 1.3281  (5s)
  t1v0 ep 16/90  train 1.1007  val 1.3139  (5s)
  early stop at epoch 16 (best val 1.2504)
wandb: updating run metadata
wandb: uploading wandb-summary.json; uploading config.yaml; uploading output.log
wandb: uploading history steps 15-16, summary, console lines 15-16
wandb: 
wandb: Run history:
wandb:     best_val_loss ▁
wandb: diag/pre_norm_sum ▅▁█▇▇▆▇▇▇▇▇▇▇▇▇▇
wandb:  diag/weight_norm ▁▂▂▃▄▄▄▅▅▆▆▆▇▇██
wandb:             epoch ▁▁▂▂▃▃▄▄▅▅▆▆▇▇██
wandb:   first_nan_epoch ▁
wandb:   skipped_batches ▁▁▁▁▁▁▁▁▁▁▁▁▁▁▁▁
wandb:  stopped_at_epoch ▁
wandb:           test/f1 ▁
wandb:          test/iou ▁
wandb:    test/threshold ▁
wandb:                +2 ...
wandb: 
wandb: Run summary:
wandb:     best_val_loss 1.25042
wandb: diag/pre_norm_sum 1.0
wandb:  diag/weight_norm 56.76938
wandb:             epoch 16
wandb:   first_nan_epoch -1
wandb:   skipped_batches 0
wandb:  stopped_at_epoch 16
wandb:           test/f1 0.33876
wandb:          test/iou 0.20392
wandb:    test/threshold 0.2
wandb:                +2 ...
wandb: 
wandb: 🚀 View run unet-t1v0 at: https://wandb.ai/2671907-university-of-the-witwatersrand/cv-splice-localisation/runs/vshjyh0b
wandb: ⭐️ View project at: https://wandb.ai/2671907-university-of-the-witwatersrand/cv-splice-localisation
wandb: Synced 5 W&B file(s), 0 media file(s), 0 artifact file(s) and 0 other file(s)
wandb: Find logs at: ./wandb/run-20260912_124602-vshjyh0b/logs
t1v0: thr 0.20  F1 0.3388  IoU 0.2039  (stopped ep 16, 98s)

wandb: setting up run ej5e23vr
wandb: Tracking run with wandb version 0.29.0
wandb: Run data is saved locally in /home/dell/cv-project/wandb/run-20260912_124740-ej5e23vr
wandb: Run `wandb offline` to turn off syncing.
wandb: Syncing run unet-t1v2
wandb: ⭐️ View project at https://wandb.ai/2671907-university-of-the-witwatersrand/cv-splice-localisation
wandb: 🚀 View run at https://wandb.ai/2671907-university-of-the-witwatersrand/cv-splice-localisation/runs/ej5e23vr
  t1v2 ep 1/90  train 1.3653  val 2.5232  (6s)
  t1v2 ep 2/90  train 1.2382  val 1.2193  (5s)
  t1v2 ep 3/90  train 1.1555  val 1.4753  (5s)
  t1v2 ep 4/90  train 1.1147  val 1.2807  (5s)
  t1v2 ep 5/90  train 1.1014  val 1.2004  (5s)
  t1v2 ep 6/90  train 1.0982  val 1.2575  (5s)
  t1v2 ep 7/90  train 1.0830  val 1.2614  (5s)
  t1v2 ep 8/90  train 1.0911  val 1.1953  (5s)
  t1v2 ep 9/90  train 1.0378  val 1.2433  (5s)
  t1v2 ep 10/90  train 1.0158  val 1.1905  (5s)
  t1v2 ep 11/90  train 1.0223  val 1.2232  (5s)
  t1v2 ep 12/90  train 1.0147  val 1.1765  (5s)
  t1v2 ep 13/90  train 0.9847  val 1.2115  (5s)
  t1v2 ep 14/90  train 0.9945  val 1.1966  (5s)
  t1v2 ep 15/90  train 1.0017  val 1.3566  (5s)
  t1v2 ep 16/90  train 1.0074  val 1.2279  (5s)
  t1v2 ep 17/90  train 0.9732  val 1.2034  (5s)
  t1v2 ep 18/90  train 0.9873  val 1.2348  (5s)
  t1v2 ep 19/90  train 0.9633  val 1.2622  (5s)
  t1v2 ep 20/90  train 0.9696  val 1.2451  (5s)
  t1v2 ep 21/90  train 0.9590  val 1.2273  (5s)
  t1v2 ep 22/90  train 0.9432  val 1.1864  (5s)
  early stop at epoch 22 (best val 1.1765)
wandb: updating run metadata
wandb: uploading config.yaml; uploading output.log; uploading wandb-summary.json; uploading history steps 20-22, summary, console lines 20-22
wandb: uploading data
wandb: 
wandb: Run history:
wandb:     best_val_loss ▁
wandb: diag/pre_norm_sum ▇▇▇▇██▆▅▁█▇▅▅██▆█▃█▆▆▇
wandb:  diag/weight_norm ▁▂▃▂▃▃▃▄▅▅▆▇▆▅▅▆▇▇▇███
wandb:             epoch ▁▁▂▂▂▃▃▃▄▄▄▅▅▅▆▆▆▇▇▇██
wandb:   first_nan_epoch ▁
wandb:   skipped_batches ▁▁▁▁▁▁▁▁▁▁▁▁▁▁▁▁▁▁▁▁▁▁
wandb:  stopped_at_epoch ▁
wandb:           test/f1 ▁
wandb:          test/iou ▁
wandb:    test/threshold ▁
wandb:                +2 ...
wandb: 
wandb: Run summary:
wandb:     best_val_loss 1.17649
wandb: diag/pre_norm_sum 1.0
wandb:  diag/weight_norm 71.94951
wandb:             epoch 22
wandb:   first_nan_epoch -1
wandb:   skipped_batches 0
wandb:  stopped_at_epoch 22
wandb:           test/f1 0.36983
wandb:          test/iou 0.22686
wandb:    test/threshold 0.2
wandb:                +2 ...
wandb: 
wandb: 🚀 View run unet-t1v2 at: https://wandb.ai/2671907-university-of-the-witwatersrand/cv-splice-localisation/runs/ej5e23vr
wandb: ⭐️ View project at: https://wandb.ai/2671907-university-of-the-witwatersrand/cv-splice-localisation
wandb: Synced 5 W&B file(s), 0 media file(s), 0 artifact file(s) and 0 other file(s)
wandb: Find logs at: ./wandb/run-20260912_124740-ej5e23vr/logs
t1v2: thr 0.20  F1 0.3698  IoU 0.2269  (stopped ep 22, 130s)

wandb: setting up run gbkkf1jo
wandb: Tracking run with wandb version 0.29.0
wandb: Run data is saved locally in /home/dell/cv-project/wandb/run-20260912_124950-gbkkf1jo
wandb: Run `wandb offline` to turn off syncing.
wandb: Syncing run unet-t1v3
wandb: ⭐️ View project at https://wandb.ai/2671907-university-of-the-witwatersrand/cv-splice-localisation
wandb: 🚀 View run at https://wandb.ai/2671907-university-of-the-witwatersrand/cv-splice-localisation/runs/gbkkf1jo
  t1v3 ep 1/90  train 1.3131  val 1.4890  (6s)
  t1v3 ep 2/90  train 1.2217  val 1.3236  (5s)
  t1v3 ep 3/90  train 1.1832  val 1.4487  (5s)
  t1v3 ep 4/90  train 1.1598  val 1.3194  (5s)
  t1v3 ep 5/90  train 1.1530  val 1.4689  (5s)
  t1v3 ep 6/90  train 1.1523  val 1.2504  (5s)
  t1v3 ep 7/90  train 1.1586  val 1.3051  (5s)
  t1v3 ep 8/90  train 1.1349  val 1.2264  (5s)
  t1v3 ep 9/90  train 1.1175  val 1.2167  (5s)
  t1v3 ep 10/90  train 1.0988  val 1.2970  (5s)
  t1v3 ep 11/90  train 1.0711  val 1.2380  (5s)
  t1v3 ep 12/90  train 1.0839  val 1.2267  (5s)
  t1v3 ep 13/90  train 1.0480  val 1.2249  (5s)
  t1v3 ep 14/90  train 1.0194  val 1.4506  (5s)
  t1v3 ep 15/90  train 1.0401  val 1.2534  (5s)
  t1v3 ep 16/90  train 0.9935  val 1.4557  (5s)
  t1v3 ep 17/90  train 1.0039  val 1.2617  (5s)
  t1v3 ep 18/90  train 1.0108  val 1.2613  (5s)
  t1v3 ep 19/90  train 0.9779  val 1.2374  (5s)
  early stop at epoch 19 (best val 1.2167)
wandb: updating run metadata
wandb: uploading output.log; uploading wandb-summary.json; uploading config.yaml
wandb: uploading history steps 17-19, summary, console lines 17-19
wandb: 
wandb: Run history:
wandb:     best_val_loss ▁
wandb: diag/pre_norm_sum ██▇██████▅▁███▅████
wandb:  diag/weight_norm ▁▁▁▂▂▃▄▄▅▆▆▇▇▇█████
wandb:             epoch ▁▁▂▂▃▃▃▄▄▅▅▅▆▆▆▇▇██
wandb:   first_nan_epoch ▁
wandb:   skipped_batches ▁▁▁▁▁▁▁▁▁▁▁▁▁▁▁▁▁▁▁
wandb:  stopped_at_epoch ▁
wandb:           test/f1 ▁
wandb:          test/iou ▁
wandb:    test/threshold ▁
wandb:                +2 ...
wandb: 
wandb: Run summary:
wandb:     best_val_loss 1.21672
wandb: diag/pre_norm_sum 1.0
wandb:  diag/weight_norm 115.77684
wandb:             epoch 19
wandb:   first_nan_epoch -1
wandb:   skipped_batches 0
wandb:  stopped_at_epoch 19
wandb:           test/f1 0.37194
wandb:          test/iou 0.22845
wandb:    test/threshold 0.25
wandb:                +2 ...
wandb: 
wandb: 🚀 View run unet-t1v3 at: https://wandb.ai/2671907-university-of-the-witwatersrand/cv-splice-localisation/runs/gbkkf1jo
wandb: ⭐️ View project at: https://wandb.ai/2671907-university-of-the-witwatersrand/cv-splice-localisation
wandb: Synced 5 W&B file(s), 0 media file(s), 0 artifact file(s) and 0 other file(s)
wandb: Find logs at: ./wandb/run-20260912_124950-gbkkf1jo/logs
t1v3: thr 0.25  F1 0.3719  IoU 0.2285  (stopped ep 19, 114s)

wandb: setting up run u03l591g
wandb: Tracking run with wandb version 0.29.0
wandb: Run data is saved locally in /home/dell/cv-project/wandb/run-20260912_125144-u03l591g
wandb: Run `wandb offline` to turn off syncing.
wandb: Syncing run unet-t1v4
wandb: ⭐️ View project at https://wandb.ai/2671907-university-of-the-witwatersrand/cv-splice-localisation
wandb: 🚀 View run at https://wandb.ai/2671907-university-of-the-witwatersrand/cv-splice-localisation/runs/u03l591g
  t1v4 ep 1/90  train 1.3422  val 1.4878  (6s)
  t1v4 ep 2/90  train 1.2587  val 1.2791  (5s)
  t1v4 ep 3/90  train 1.2112  val 1.2117  (5s)
  t1v4 ep 4/90  train 1.2020  val 1.2860  (5s)
  t1v4 ep 5/90  train 1.2189  val 1.2790  (5s)
  t1v4 ep 6/90  train 1.1952  val 1.3667  (5s)
  t1v4 ep 7/90  train 1.1821  val 1.2695  (5s)
  t1v4 ep 8/90  train 1.1964  val 1.2384  (5s)
  t1v4 ep 9/90  train 1.1873  val 1.3170  (5s)
  t1v4 ep 10/90  train 1.1628  val 1.2599  (5s)
  t1v4 ep 11/90  train 1.1348  val 1.2280  (5s)
  t1v4 ep 12/90  train 1.1106  val 1.2885  (5s)
  t1v4 ep 13/90  train 1.1293  val 1.2737  (5s)
  early stop at epoch 13 (best val 1.2117)
wandb: updating run metadata
wandb: uploading output.log; uploading wandb-summary.json; uploading config.yaml
wandb: uploading history steps 12-13, summary, console lines 12-13
wandb: 
wandb: Run history:
wandb:     best_val_loss ▁
wandb: diag/pre_norm_sum ▇▅▆▇▇▅▁▅▇█▅▃▃
wandb:  diag/weight_norm ▁▂▂▂▃▃▄▅▅▆▇██
wandb:             epoch ▁▂▂▃▃▄▅▅▆▆▇▇█
wandb:   first_nan_epoch ▁
wandb:   skipped_batches ▁▁▁▁▁▁▁▁▁▁▁▁▁
wandb:  stopped_at_epoch ▁
wandb:           test/f1 ▁
wandb:          test/iou ▁
wandb:    test/threshold ▁
wandb:                +2 ...
wandb: 
wandb: Run summary:
wandb:     best_val_loss 1.21172
wandb: diag/pre_norm_sum 1.0
wandb:  diag/weight_norm 58.96818
wandb:             epoch 13
wandb:   first_nan_epoch -1
wandb:   skipped_batches 0
wandb:  stopped_at_epoch 13
wandb:           test/f1 0.36091
wandb:          test/iou 0.22019
wandb:    test/threshold 0.2
wandb:                +2 ...
wandb: 
wandb: 🚀 View run unet-t1v4 at: https://wandb.ai/2671907-university-of-the-witwatersrand/cv-splice-localisation/runs/u03l591g
wandb: ⭐️ View project at: https://wandb.ai/2671907-university-of-the-witwatersrand/cv-splice-localisation
wandb: Synced 5 W&B file(s), 0 media file(s), 0 artifact file(s) and 0 other file(s)
wandb: Find logs at: ./wandb/run-20260912_125144-u03l591g/logs
t1v4: thr 0.20  F1 0.3609  IoU 0.2202  (stopped ep 13, 82s)

wandb: setting up run jxg48tv1
wandb: Tracking run with wandb version 0.29.0
wandb: Run data is saved locally in /home/dell/cv-project/wandb/run-20260912_125307-jxg48tv1
wandb: Run `wandb offline` to turn off syncing.
wandb: Syncing run unet-t2v0
wandb: ⭐️ View project at https://wandb.ai/2671907-university-of-the-witwatersrand/cv-splice-localisation
wandb: 🚀 View run at https://wandb.ai/2671907-university-of-the-witwatersrand/cv-splice-localisation/runs/jxg48tv1
  t2v0 ep 1/90  train 1.3370  val 1.3285  (6s)
  t2v0 ep 2/90  train 1.2557  val 1.5667  (5s)
  t2v0 ep 3/90  train 1.1996  val 1.2419  (5s)
  t2v0 ep 4/90  train 1.1780  val 1.2644  (5s)
  t2v0 ep 5/90  train 1.1738  val 1.2415  (5s)
  t2v0 ep 6/90  train 1.1642  val 1.2885  (5s)
  t2v0 ep 7/90  train 1.1349  val 1.2764  (5s)
  t2v0 ep 8/90  train 1.1250  val 1.2963  (5s)
  t2v0 ep 9/90  train 1.1078  val 1.3308  (5s)
  t2v0 ep 10/90  train 1.0985  val 1.3206  (5s)
  t2v0 ep 11/90  train 1.1042  val 1.2620  (5s)
  t2v0 ep 12/90  train 1.0807  val 1.3784  (5s)
  t2v0 ep 13/90  train 1.0745  val 1.2817  (5s)
  t2v0 ep 14/90  train 1.0692  val 1.2752  (5s)
  t2v0 ep 15/90  train 1.0282  val 1.2345  (5s)
  t2v0 ep 16/90  train 0.9964  val 1.2703  (5s)
  t2v0 ep 17/90  train 1.0083  val 1.3132  (5s)
  t2v0 ep 18/90  train 0.9813  val 1.2030  (5s)
  t2v0 ep 19/90  train 0.9862  val 1.4262  (5s)
  t2v0 ep 20/90  train 0.9509  val 1.2387  (5s)
  t2v0 ep 21/90  train 0.9572  val 1.4588  (5s)
  t2v0 ep 22/90  train 0.9766  val 1.3476  (5s)
  t2v0 ep 23/90  train 0.9199  val 1.2183  (5s)
  t2v0 ep 24/90  train 0.8965  val 1.3649  (5s)
  t2v0 ep 25/90  train 0.9284  val 1.2637  (5s)
  t2v0 ep 26/90  train 0.9249  val 1.3095  (5s)
  t2v0 ep 27/90  train 0.9257  val 1.4622  (5s)
  t2v0 ep 28/90  train 0.8680  val 1.6452  (5s)
  early stop at epoch 28 (best val 1.2030)
wandb: updating run metadata
wandb: uploading output.log; uploading wandb-summary.json; uploading config.yaml
wandb: uploading history steps 28-28, summary
wandb: 
wandb: Run history:
wandb:     best_val_loss ▁
wandb: diag/pre_norm_sum ██████▅▇██▇█▇▇▅▁▆▇▇██▇█▆▇▆▆█
wandb:  diag/weight_norm ▁▁▂▂▃▃▅▅▆▄▄▄▆███▇▆▅▄▄▅▅▅▅▆▆▇
wandb:             epoch ▁▁▂▂▂▂▃▃▃▃▄▄▄▄▅▅▅▅▆▆▆▆▇▇▇▇██
wandb:   first_nan_epoch ▁
wandb:   skipped_batches ▁▁▁▁▁▁▁▁▁▁▁▁▁▁▁▁▁▁▁▁▁▁▁▁▁▁▁▁
wandb:  stopped_at_epoch ▁
wandb:           test/f1 ▁
wandb:          test/iou ▁
wandb:    test/threshold ▁
wandb:                +2 ...
wandb: 
wandb: Run summary:
wandb:     best_val_loss 1.203
wandb: diag/pre_norm_sum 1.0
wandb:  diag/weight_norm 249.29755
wandb:             epoch 28
wandb:   first_nan_epoch -1
wandb:   skipped_batches 0
wandb:  stopped_at_epoch 28
wandb:           test/f1 0.41395
wandb:          test/iou 0.26099
wandb:    test/threshold 0.4
wandb:                +2 ...
wandb: 
wandb: 🚀 View run unet-t2v0 at: https://wandb.ai/2671907-university-of-the-witwatersrand/cv-splice-localisation/runs/jxg48tv1
wandb: ⭐️ View project at: https://wandb.ai/2671907-university-of-the-witwatersrand/cv-splice-localisation
wandb: Synced 5 W&B file(s), 0 media file(s), 0 artifact file(s) and 0 other file(s)
wandb: Find logs at: ./wandb/run-20260912_125307-jxg48tv1/logs
t2v0: thr 0.40  F1 0.4139  IoU 0.2610  (stopped ep 28, 164s)

wandb: setting up run 03wxg84n
wandb: Tracking run with wandb version 0.29.0
wandb: Run data is saved locally in /home/dell/cv-project/wandb/run-20260912_125550-03wxg84n
wandb: Run `wandb offline` to turn off syncing.
wandb: Syncing run unet-t2v1
wandb: ⭐️ View project at https://wandb.ai/2671907-university-of-the-witwatersrand/cv-splice-localisation
wandb: 🚀 View run at https://wandb.ai/2671907-university-of-the-witwatersrand/cv-splice-localisation/runs/03wxg84n
  t2v1 ep 1/90  train 1.3375  val 1.4745  (6s)
  t2v1 ep 2/90  train 1.2024  val 1.2638  (5s)
  t2v1 ep 3/90  train 1.1787  val 1.4406  (5s)
  t2v1 ep 4/90  train 1.1459  val 1.3903  (5s)
  t2v1 ep 5/90  train 1.1445  val 1.3484  (5s)
  t2v1 ep 6/90  train 1.1245  val 1.2675  (5s)
  t2v1 ep 7/90  train 1.1008  val 1.3028  (5s)
  t2v1 ep 8/90  train 1.0872  val 1.2542  (5s)
  t2v1 ep 9/90  train 1.0783  val 1.3026  (5s)
  t2v1 ep 10/90  train 1.0794  val 1.2638  (5s)
  t2v1 ep 11/90  train 1.0569  val 1.3069  (5s)
  t2v1 ep 12/90  train 1.0619  val 1.3092  (5s)
  t2v1 ep 13/90  train 1.0469  val 1.2396  (5s)
  t2v1 ep 14/90  train 1.0357  val 1.2404  (5s)
  t2v1 ep 15/90  train 1.0098  val 1.2761  (5s)
  t2v1 ep 16/90  train 0.9907  val 1.3239  (5s)
  t2v1 ep 17/90  train 0.9715  val 1.4978  (5s)
  t2v1 ep 18/90  train 0.9451  val 3.9518  (5s)
  t2v1 ep 19/90  train 0.9713  val 1.2025  (5s)
  t2v1 ep 20/90  train 0.9566  val 1.2877  (5s)
  t2v1 ep 21/90  train 0.9494  val 1.4241  (5s)
  t2v1 ep 22/90  train 0.9194  val 1.2819  (5s)
  t2v1 ep 23/90  train 0.9213  val 1.1978  (5s)
  t2v1 ep 24/90  train 0.8921  val 1.2779  (5s)
  t2v1 ep 25/90  train 0.8829  val 1.4880  (5s)
  t2v1 ep 26/90  train 0.8783  val 1.2107  (5s)
  t2v1 ep 27/90  train 0.8558  val 1.2698  (5s)
  t2v1 ep 28/90  train 0.8371  val 1.4023  (5s)
  t2v1 ep 29/90  train 0.8570  val 1.2104  (5s)
  t2v1 ep 30/90  train 0.8284  val 1.2586  (5s)
  t2v1 ep 31/90  train 0.8146  val 1.9837  (5s)
  t2v1 ep 32/90  train 0.8051  val 1.1667  (5s)
  t2v1 ep 33/90  train 0.7928  val 1.3126  (5s)
  t2v1 ep 34/90  train 0.8136  val 1.3061  (5s)
  t2v1 ep 35/90  train 0.7794  val 1.3871  (5s)
  t2v1 ep 36/90  train 0.7579  val 1.2463  (5s)
  t2v1 ep 37/90  train 0.7523  val 1.2973  (5s)
  t2v1 ep 38/90  train 0.7465  val 1.6658  (5s)
  t2v1 ep 39/90  train 0.7510  val 1.2424  (5s)
  t2v1 ep 40/90  train 0.7185  val 1.5783  (5s)
  t2v1 ep 41/90  train 0.7342  val 1.2914  (5s)
  t2v1 ep 42/90  train 0.7079  val 1.2188  (5s)
  early stop at epoch 42 (best val 1.1667)
wandb: uploading history steps 40-41, summary, console lines 40-42; updating run metadata
wandb: uploading output.log; uploading wandb-summary.json; uploading config.yaml
wandb: 
wandb: Run history:
wandb:     best_val_loss ▁
wandb: diag/pre_norm_sum ███▆███▇▇▆█▆▆▆▇█▇▅█▅▇▅▆▅██▅███▇▅▆▇▆▆█▁▅▆
wandb:  diag/weight_norm ▁▁▁▁▂▂▂▂▂▂▂▂▃▃▃▄▄▄▄▅▄▄▅▅▆▆▆▆▆▇▇▇▇▇▇▇▇▇██
wandb:             epoch ▁▁▁▂▂▂▂▂▂▃▃▃▃▃▃▄▄▄▄▄▅▅▅▅▅▅▆▆▆▆▆▆▇▇▇▇▇▇██
wandb:   first_nan_epoch ▁
wandb:   skipped_batches ▁▁▁▁▁▁▁▁▁▁▁▁▁▁▁▁▁▁▁▁▁▁▁▁▁▁▁▁▁▁▁▁▁▁▁▁▁▁▁▁
wandb:  stopped_at_epoch ▁
wandb:           test/f1 ▁
wandb:          test/iou ▁
wandb:    test/threshold ▁
wandb:                +2 ...
wandb: 
wandb: Run summary:
wandb:     best_val_loss 1.16672
wandb: diag/pre_norm_sum 1.0
wandb:  diag/weight_norm 134.89264
wandb:             epoch 42
wandb:   first_nan_epoch -1
wandb:   skipped_batches 0
wandb:  stopped_at_epoch 42
wandb:           test/f1 0.46391
wandb:          test/iou 0.30201
wandb:    test/threshold 0.05
wandb:                +2 ...
wandb: 
wandb: 🚀 View run unet-t2v1 at: https://wandb.ai/2671907-university-of-the-witwatersrand/cv-splice-localisation/runs/03wxg84n
wandb: ⭐️ View project at: https://wandb.ai/2671907-university-of-the-witwatersrand/cv-splice-localisation
wandb: Synced 5 W&B file(s), 0 media file(s), 0 artifact file(s) and 0 other file(s)
wandb: Find logs at: ./wandb/run-20260912_125550-03wxg84n/logs
t2v1: thr 0.05  F1 0.4639  IoU 0.3020  (stopped ep 42, 237s)

wandb: setting up run i56croy7
wandb: Tracking run with wandb version 0.29.0
wandb: Run data is saved locally in /home/dell/cv-project/wandb/run-20260912_125947-i56croy7
wandb: Run `wandb offline` to turn off syncing.
wandb: Syncing run unet-t2v3
wandb: ⭐️ View project at https://wandb.ai/2671907-university-of-the-witwatersrand/cv-splice-localisation
wandb: 🚀 View run at https://wandb.ai/2671907-university-of-the-witwatersrand/cv-splice-localisation/runs/i56croy7
  t2v3 ep 1/90  train 1.3092  val 1.2692  (5s)
  t2v3 ep 2/90  train 1.2575  val 1.2668  (5s)
  t2v3 ep 3/90  train 1.1884  val 1.2351  (5s)
  t2v3 ep 4/90  train 1.2013  val 1.2059  (5s)
  t2v3 ep 5/90  train 1.1681  val 1.2169  (5s)
  t2v3 ep 6/90  train 1.1689  val 1.2271  (5s)
  t2v3 ep 7/90  train 1.1428  val 1.2230  (5s)
  t2v3 ep 8/90  train 1.1241  val 1.3904  (5s)
  t2v3 ep 9/90  train 1.1577  val 1.2167  (5s)
  t2v3 ep 10/90  train 1.1110  val 1.3309  (5s)
  t2v3 ep 11/90  train 1.1275  val 1.2421  (5s)
  t2v3 ep 12/90  train 1.0901  val 1.2024  (5s)
  t2v3 ep 13/90  train 1.1216  val 1.4587  (5s)
  t2v3 ep 14/90  train 1.0852  val 1.2395  (5s)
  t2v3 ep 15/90  train 1.0833  val 1.2306  (5s)
  t2v3 ep 16/90  train 1.0821  val 1.2932  (5s)
  t2v3 ep 17/90  train 1.0300  val 1.3092  (5s)
  t2v3 ep 18/90  train 1.0590  val 1.2494  (5s)
  t2v3 ep 19/90  train 1.0191  val 1.2984  (5s)
  t2v3 ep 20/90  train 1.0578  val 1.3093  (5s)
  t2v3 ep 21/90  train 1.0085  val 1.3059  (5s)
  t2v3 ep 22/90  train 1.0098  val 1.2835  (5s)
  early stop at epoch 22 (best val 1.2024)
wandb: updating run metadata
wandb: uploading output.log; uploading wandb-summary.json; uploading config.yaml
wandb: 
wandb: Run history:
wandb:     best_val_loss ▁
wandb: diag/pre_norm_sum ▇▇█▇▇▁▇██▇▇▆▆█▇▇▆▇▇▆▆▇
wandb:  diag/weight_norm ▁▁▂▂▃▃▃▃▄▄▄▅▅▅▆▆▆▆▇▇▇█
wandb:             epoch ▁▁▂▂▂▃▃▃▄▄▄▅▅▅▆▆▆▇▇▇██
wandb:   first_nan_epoch ▁
wandb:   skipped_batches ▁▁▁▁▁▁▁▁▁▁▁▁▁▁▁▁▁▁▁▁▁▁
wandb:  stopped_at_epoch ▁
wandb:           test/f1 ▁
wandb:          test/iou ▁
wandb:    test/threshold ▁
wandb:                +2 ...
wandb: 
wandb: Run summary:
wandb:     best_val_loss 1.20241
wandb: diag/pre_norm_sum 1.0
wandb:  diag/weight_norm 56.02557
wandb:             epoch 22
wandb:   first_nan_epoch -1
wandb:   skipped_batches 0
wandb:  stopped_at_epoch 22
wandb:           test/f1 0.39717
wandb:          test/iou 0.24779
wandb:    test/threshold 0.25
wandb:                +2 ...
wandb: 
wandb: 🚀 View run unet-t2v3 at: https://wandb.ai/2671907-university-of-the-witwatersrand/cv-splice-localisation/runs/i56croy7
wandb: ⭐️ View project at: https://wandb.ai/2671907-university-of-the-witwatersrand/cv-splice-localisation
wandb: Synced 5 W&B file(s), 0 media file(s), 0 artifact file(s) and 0 other file(s)
wandb: Find logs at: ./wandb/run-20260912_125947-i56croy7/logs
t2v3: thr 0.25  F1 0.3972  IoU 0.2478  (stopped ep 22, 130s)

wandb: setting up run y7hctccy
wandb: Tracking run with wandb version 0.29.0
wandb: Run data is saved locally in /home/dell/cv-project/wandb/run-20260912_130157-y7hctccy
wandb: Run `wandb offline` to turn off syncing.
wandb: Syncing run unet-t2v4
wandb: ⭐️ View project at https://wandb.ai/2671907-university-of-the-witwatersrand/cv-splice-localisation
wandb: 🚀 View run at https://wandb.ai/2671907-university-of-the-witwatersrand/cv-splice-localisation/runs/y7hctccy
  t2v4 ep 1/90  train 1.3830  val 1.3838  (5s)
  t2v4 ep 2/90  train 1.2821  val 1.4107  (5s)
  t2v4 ep 3/90  train 1.2604  val 1.2287  (5s)
  t2v4 ep 4/90  train 1.2034  val 1.8666  (5s)
  t2v4 ep 5/90  train 1.1608  val 1.2347  (5s)
  t2v4 ep 6/90  train 1.1594  val 1.4340  (5s)
  t2v4 ep 7/90  train 1.1376  val 1.2982  (5s)
  t2v4 ep 8/90  train 1.1340  val 1.2625  (5s)
  t2v4 ep 9/90  train 1.1691  val 1.5763  (5s)
  t2v4 ep 10/90  train 1.1254  val 1.3134  (5s)
  t2v4 ep 11/90  train 1.1052  val 1.2273  (5s)
  t2v4 ep 12/90  train 1.0957  val 1.2315  (5s)
  t2v4 ep 13/90  train 1.0707  val 1.7027  (5s)
  t2v4 ep 14/90  train 1.0958  val 1.2197  (5s)
  t2v4 ep 15/90  train 1.0789  val 1.2378  (5s)
  t2v4 ep 16/90  train 1.0518  val 1.3547  (5s)
  t2v4 ep 17/90  train 1.0400  val 1.3045  (5s)
  t2v4 ep 18/90  train 1.0390  val 1.2378  (5s)
  t2v4 ep 19/90  train 1.0447  val 1.3071  (5s)
  t2v4 ep 20/90  train 1.0453  val 1.2996  (5s)
  t2v4 ep 21/90  train 0.9971  val 1.2905  (5s)
  t2v4 ep 22/90  train 1.0081  val 1.3649  (5s)
  t2v4 ep 23/90  train 1.0218  val 1.2668  (5s)
  t2v4 ep 24/90  train 1.0078  val 1.4172  (5s)
  early stop at epoch 24 (best val 1.2197)
wandb: updating run metadata
wandb: uploading output.log; uploading wandb-summary.json; uploading config.yaml
wandb: uploading history steps 23-24, summary, console lines 23-24
wandb: 
wandb: Run history:
wandb:     best_val_loss ▁
wandb: diag/pre_norm_sum ███▇██▇█▇▇▇▇█▆██▅▆█▅▅▅█▁
wandb:  diag/weight_norm ▁▁▁▁▁▂▂▂▂▂▂▂▃▃▄▄▄▅▆▆▇▇▇█
wandb:             epoch ▁▁▂▂▂▃▃▃▃▄▄▄▅▅▅▆▆▆▆▇▇▇██
wandb:   first_nan_epoch ▁
wandb:   skipped_batches ▁▁▁▁▁▁▁▁▁▁▁▁▁▁▁▁▁▁▁▁▁▁▁▁
wandb:  stopped_at_epoch ▁
wandb:           test/f1 ▁
wandb:          test/iou ▁
wandb:    test/threshold ▁
wandb:                +2 ...
wandb: 
wandb: Run summary:
wandb:     best_val_loss 1.2197
wandb: diag/pre_norm_sum 1.0
wandb:  diag/weight_norm 89.72312
wandb:             epoch 24
wandb:   first_nan_epoch -1
wandb:   skipped_batches 0
wandb:  stopped_at_epoch 24
wandb:           test/f1 0.3567
wandb:          test/iou 0.21706
wandb:    test/threshold 0.35
wandb:                +2 ...
wandb: 
wandb: 🚀 View run unet-t2v4 at: https://wandb.ai/2671907-university-of-the-witwatersrand/cv-splice-localisation/runs/y7hctccy
wandb: ⭐️ View project at: https://wandb.ai/2671907-university-of-the-witwatersrand/cv-splice-localisation
wandb: Synced 5 W&B file(s), 0 media file(s), 0 artifact file(s) and 0 other file(s)
wandb: Find logs at: ./wandb/run-20260912_130157-y7hctccy/logs
t2v4: thr 0.35  F1 0.3567  IoU 0.2171  (stopped ep 24, 139s)

wandb: setting up run 6nz1eotq
wandb: Tracking run with wandb version 0.29.0
wandb: Run data is saved locally in /home/dell/cv-project/wandb/run-20260912_130415-6nz1eotq
wandb: Run `wandb offline` to turn off syncing.
wandb: Syncing run unet-t3v0
wandb: ⭐️ View project at https://wandb.ai/2671907-university-of-the-witwatersrand/cv-splice-localisation
wandb: 🚀 View run at https://wandb.ai/2671907-university-of-the-witwatersrand/cv-splice-localisation/runs/6nz1eotq
  t3v0 ep 1/90  train 1.3472  val 1.3234  (5s)
  t3v0 ep 2/90  train 1.2502  val 1.3318  (5s)
  t3v0 ep 3/90  train 1.1950  val 1.8692  (5s)
  t3v0 ep 4/90  train 1.1828  val 1.2489  (5s)
  t3v0 ep 5/90  train 1.1765  val 1.2628  (5s)
  t3v0 ep 6/90  train 1.1494  val 1.3161  (5s)
  t3v0 ep 7/90  train 1.1211  val 1.2581  (5s)
  t3v0 ep 8/90  train 1.1204  val 1.2320  (5s)
  t3v0 ep 9/90  train 1.0864  val 2.5510  (5s)
  t3v0 ep 10/90  train 1.1261  val 1.3160  (5s)
  t3v0 ep 11/90  train 1.0512  val 1.4781  (5s)
  t3v0 ep 12/90  train 1.0764  val 1.2260  (5s)
  t3v0 ep 13/90  train 1.0802  val 1.3144  (5s)
  t3v0 ep 14/90  train 1.0542  val 1.2557  (5s)
  t3v0 ep 15/90  train 1.0540  val 1.3001  (5s)
  t3v0 ep 16/90  train 1.0309  val 1.2072  (5s)
  t3v0 ep 17/90  train 1.0232  val 1.4168  (5s)
  t3v0 ep 18/90  train 0.9930  val 1.2274  (5s)
  t3v0 ep 19/90  train 1.0126  val 1.2085  (5s)
  t3v0 ep 20/90  train 0.9881  val 1.3085  (5s)
  t3v0 ep 21/90  train 1.0116  val 1.1840  (5s)
  t3v0 ep 22/90  train 0.9751  val 1.1904  (5s)
  t3v0 ep 23/90  train 1.0086  val 1.3061  (5s)
  t3v0 ep 24/90  train 0.9662  val 1.4220  (5s)
  t3v0 ep 25/90  train 0.9613  val 1.3687  (5s)
  t3v0 ep 26/90  train 0.9512  val 1.2225  (5s)
  t3v0 ep 27/90  train 0.9518  val 1.2748  (5s)
  t3v0 ep 28/90  train 0.9235  val 1.3137  (5s)
  t3v0 ep 29/90  train 0.9858  val 1.2830  (5s)
  t3v0 ep 30/90  train 0.9313  val 1.2163  (5s)
  t3v0 ep 31/90  train 0.9174  val 1.2686  (5s)
  early stop at epoch 31 (best val 1.1840)
wandb: updating run metadata
wandb: uploading output.log; uploading wandb-summary.json; uploading config.yaml
wandb: 
wandb: Run history:
wandb:     best_val_loss ▁
wandb: diag/pre_norm_sum ▇▇▇▇▅▁▇▇▅▆▇▇▇▇█▇▇█▇▇▇██▇███▆▂▅▆
wandb:  diag/weight_norm ▁▂▄▃▁▂▁▁▁▂▂▃▃▃▃▃▃▄▄▅▅▅▅▅▆▆▇▇▇▇█
wandb:             epoch ▁▁▁▂▂▂▂▃▃▃▃▄▄▄▄▅▅▅▅▅▆▆▆▆▇▇▇▇███
wandb:   first_nan_epoch ▁
wandb:   skipped_batches ▁▁▁▁▁▁▁▁▁▁▁▁▁▁▁▁▁▁▁▁▁▁▁▁▁▁▁▁▁▁▁
wandb:  stopped_at_epoch ▁
wandb:           test/f1 ▁
wandb:          test/iou ▁
wandb:    test/threshold ▁
wandb:                +2 ...
wandb: 
wandb: Run summary:
wandb:     best_val_loss 1.18403
wandb: diag/pre_norm_sum 1.0
wandb:  diag/weight_norm 72.56985
wandb:             epoch 31
wandb:   first_nan_epoch -1
wandb:   skipped_batches 0
wandb:  stopped_at_epoch 31
wandb:           test/f1 0.45763
wandb:          test/iou 0.29671
wandb:    test/threshold 0.35
wandb:                +2 ...
wandb: 
wandb: 🚀 View run unet-t3v0 at: https://wandb.ai/2671907-university-of-the-witwatersrand/cv-splice-localisation/runs/6nz1eotq
wandb: ⭐️ View project at: https://wandb.ai/2671907-university-of-the-witwatersrand/cv-splice-localisation
wandb: Synced 5 W&B file(s), 0 media file(s), 0 artifact file(s) and 0 other file(s)
wandb: Find logs at: ./wandb/run-20260912_130415-6nz1eotq/logs
t3v0: thr 0.35  F1 0.4576  IoU 0.2967  (stopped ep 31, 177s)

wandb: setting up run 58h1meq1
wandb: Tracking run with wandb version 0.29.0
wandb: Run data is saved locally in /home/dell/cv-project/wandb/run-20260912_130713-58h1meq1
wandb: Run `wandb offline` to turn off syncing.
wandb: Syncing run unet-t3v1
wandb: ⭐️ View project at https://wandb.ai/2671907-university-of-the-witwatersrand/cv-splice-localisation
wandb: 🚀 View run at https://wandb.ai/2671907-university-of-the-witwatersrand/cv-splice-localisation/runs/58h1meq1
  t3v1 ep 1/90  train 1.2738  val 1.3796  (6s)
  t3v1 ep 2/90  train 1.2104  val 1.6847  (5s)
  t3v1 ep 3/90  train 1.1775  val 1.2966  (5s)
  t3v1 ep 4/90  train 1.1522  val 1.3422  (5s)
  t3v1 ep 5/90  train 1.1631  val 1.2624  (5s)
  t3v1 ep 6/90  train 1.1237  val 1.2981  (5s)
  t3v1 ep 7/90  train 1.1316  val 1.2633  (5s)
  t3v1 ep 8/90  train 1.1292  val 1.2416  (5s)
  t3v1 ep 9/90  train 1.1374  val 1.2226  (5s)
  t3v1 ep 10/90  train 1.1144  val 1.7510  (5s)
  t3v1 ep 11/90  train 1.1259  val 1.3062  (5s)
  t3v1 ep 12/90  train 1.1145  val 1.2417  (5s)
  t3v1 ep 13/90  train 1.0901  val 1.2213  (5s)
  t3v1 ep 14/90  train 1.0874  val 1.2273  (5s)
  t3v1 ep 15/90  train 1.0704  val 1.6352  (5s)
  t3v1 ep 16/90  train 1.0471  val 1.2260  (5s)
  t3v1 ep 17/90  train 1.0611  val 1.1855  (5s)
  t3v1 ep 18/90  train 1.0450  val 1.3433  (5s)
  t3v1 ep 19/90  train 1.0071  val 1.1685  (5s)
  t3v1 ep 20/90  train 0.9469  val 1.4314  (5s)
  t3v1 ep 21/90  train 0.9819  val 1.2162  (5s)
  t3v1 ep 22/90  train 0.9388  val 1.1373  (5s)
  t3v1 ep 23/90  train 0.9414  val 1.7018  (5s)
  t3v1 ep 24/90  train 0.9102  val 1.3525  (5s)
  t3v1 ep 25/90  train 0.8654  val 1.3588  (5s)
  t3v1 ep 26/90  train 0.8820  val 1.4052  (5s)
  t3v1 ep 27/90  train 0.8378  val 1.2106  (5s)
  t3v1 ep 28/90  train 0.8294  val 1.2425  (5s)
  t3v1 ep 29/90  train 0.8350  val 1.5859  (5s)
  t3v1 ep 30/90  train 0.7790  val 1.1142  (5s)
  t3v1 ep 31/90  train 0.7824  val 1.1996  (5s)
  t3v1 ep 32/90  train 0.7755  val 1.1952  (5s)
  t3v1 ep 33/90  train 0.7559  val 1.4528  (5s)
  t3v1 ep 34/90  train 0.7454  val 1.1921  (5s)
  t3v1 ep 35/90  train 0.7170  val 1.1863  (5s)
  t3v1 ep 36/90  train 0.7178  val 1.1768  (5s)
  t3v1 ep 37/90  train 0.7076  val 1.1133  (5s)
  t3v1 ep 38/90  train 0.6989  val 1.1984  (5s)
  t3v1 ep 39/90  train 0.7018  val 1.7510  (5s)
  t3v1 ep 40/90  train 0.6795  val 1.1531  (5s)
  t3v1 ep 41/90  train 0.6787  val 1.2135  (5s)
  t3v1 ep 42/90  train 0.6660  val 1.4103  (5s)
  t3v1 ep 43/90  train 0.6818  val 1.1528  (5s)
  t3v1 ep 44/90  train 0.6266  val 1.1917  (5s)
  t3v1 ep 45/90  train 0.6664  val 1.3087  (5s)
  t3v1 ep 46/90  train 0.6394  val 1.3344  (5s)
  t3v1 ep 47/90  train 0.5971  val 1.3386  (5s)
  early stop at epoch 47 (best val 1.1133)
wandb: updating run metadata
wandb: uploading config.yaml; uploading output.log; uploading wandb-summary.json
wandb: uploading config.yaml
wandb: uploading history steps 45-47, summary, console lines 45-47
wandb: 
wandb: Run history:
wandb:     best_val_loss ▁
wandb: diag/pre_norm_sum ▆███▅██████▁██████▇████▁████▇████▅▁██▆██
wandb:  diag/weight_norm ▂▁▁▁▁▂▃▃▃▃▄▆▄▄▃▂▂▃▃▃▃▃▃▅▅▅▅▅▆▆▇▆▆▆▇▇▇▇▇█
wandb:             epoch ▁▁▁▁▂▂▂▂▂▃▃▃▃▃▃▄▄▄▄▄▅▅▅▅▅▅▆▆▆▆▆▆▇▇▇▇▇███
wandb:   first_nan_epoch ▁
wandb:   skipped_batches ▁▁▁▁▁▁▁▁▁▁▁▁▁▁▁▁▁▁▁▁▁▁▁▁▁▁▁▁▁▁▁▁▁▁▁▁▁▁▁▁
wandb:  stopped_at_epoch ▁
wandb:           test/f1 ▁
wandb:          test/iou ▁
wandb:    test/threshold ▁
wandb:                +2 ...
wandb: 
wandb: Run summary:
wandb:     best_val_loss 1.1133
wandb: diag/pre_norm_sum 1.0
wandb:  diag/weight_norm 26039.12233
wandb:             epoch 47
wandb:   first_nan_epoch -1
wandb:   skipped_batches 0
wandb:  stopped_at_epoch 47
wandb:           test/f1 0.4769
wandb:          test/iou 0.31311
wandb:    test/threshold 0.45
wandb:                +2 ...
wandb: 
wandb: 🚀 View run unet-t3v1 at: https://wandb.ai/2671907-university-of-the-witwatersrand/cv-splice-localisation/runs/58h1meq1
wandb: ⭐️ View project at: https://wandb.ai/2671907-university-of-the-witwatersrand/cv-splice-localisation
wandb: Synced 5 W&B file(s), 0 media file(s), 0 artifact file(s) and 0 other file(s)
wandb: Find logs at: ./wandb/run-20260912_130713-58h1meq1/logs
t3v1: thr 0.45  F1 0.4769  IoU 0.3131  (stopped ep 47, 264s)

wandb: setting up run j05xy4qz
wandb: Tracking run with wandb version 0.29.0
wandb: Run data is saved locally in /home/dell/cv-project/wandb/run-20260912_131138-j05xy4qz
wandb: Run `wandb offline` to turn off syncing.
wandb: Syncing run unet-t3v2
wandb: ⭐️ View project at https://wandb.ai/2671907-university-of-the-witwatersrand/cv-splice-localisation
wandb: 🚀 View run at https://wandb.ai/2671907-university-of-the-witwatersrand/cv-splice-localisation/runs/j05xy4qz
  t3v2 ep 1/90  train 1.3415  val 1.5286  (5s)
  t3v2 ep 2/90  train 1.2510  val 1.2537  (5s)
  t3v2 ep 3/90  train 1.2109  val 1.2327  (5s)
  t3v2 ep 4/90  train 1.2335  val 1.4068  (5s)
  t3v2 ep 5/90  train 1.2184  val 1.2424  (5s)
  t3v2 ep 6/90  train 1.1831  val 1.7295  (5s)
  t3v2 ep 7/90  train 1.1633  val 1.2912  (5s)
  t3v2 ep 8/90  train 1.1578  val 1.2945  (5s)
  t3v2 ep 9/90  train 1.1406  val 1.3509  (5s)
  t3v2 ep 10/90  train 1.1534  val 1.2672  (5s)
  t3v2 ep 11/90  train 1.1459  val 1.2922  (5s)
  t3v2 ep 12/90  train 1.1444  val 1.8664  (5s)
  t3v2 ep 13/90  train 1.1582  val 1.2251  (5s)
  t3v2 ep 14/90  train 1.1150  val 1.3726  (5s)
  t3v2 ep 15/90  train 1.1277  val 1.2557  (5s)
  t3v2 ep 16/90  train 1.1346  val 1.6526  (5s)
  t3v2 ep 17/90  train 1.1285  val 1.2329  (5s)
  t3v2 ep 18/90  train 1.1065  val 1.2631  (5s)
  t3v2 ep 19/90  train 1.1168  val 1.3071  (5s)
  t3v2 ep 20/90  train 1.0851  val 1.2653  (5s)
  t3v2 ep 21/90  train 1.0738  val 1.3548  (5s)
  t3v2 ep 22/90  train 1.1020  val 1.2744  (5s)
  t3v2 ep 23/90  train 1.0816  val 1.2408  (5s)
  early stop at epoch 23 (best val 1.2251)
wandb: updating run metadata
wandb: uploading wandb-summary.json; uploading config.yaml; uploading output.log
wandb: uploading wandb-summary.json; uploading output.log
wandb: uploading history steps 23-23, summary
wandb: 
wandb: Run history:
wandb:     best_val_loss ▁
wandb: diag/pre_norm_sum ▆█▇▇▆▇▇▅█▆▇█▇▇▆▁▆▇▇▇▃▇▃
wandb:  diag/weight_norm ▁▁▁▁▁▂▂▂▂▂▃▃▃▄▄▅▆▆▆▇███
wandb:             epoch ▁▁▂▂▂▃▃▃▄▄▄▅▅▅▅▆▆▆▇▇▇██
wandb:   first_nan_epoch ▁
wandb:   skipped_batches ▁▁▁▁▁▁▁▁▁▁▁▁▁▁▁▁▁▁▁▁▁▁▁
wandb:  stopped_at_epoch ▁
wandb:           test/f1 ▁
wandb:          test/iou ▁
wandb:    test/threshold ▁
wandb:                +2 ...
wandb: 
wandb: Run summary:
wandb:     best_val_loss 1.22511
wandb: diag/pre_norm_sum 1.0
wandb:  diag/weight_norm 69.2234
wandb:             epoch 23
wandb:   first_nan_epoch -1
wandb:   skipped_batches 0
wandb:  stopped_at_epoch 23
wandb:           test/f1 0.38195
wandb:          test/iou 0.23605
wandb:    test/threshold 0.3
wandb:                +2 ...
wandb: 
wandb: 🚀 View run unet-t3v2 at: https://wandb.ai/2671907-university-of-the-witwatersrand/cv-splice-localisation/runs/j05xy4qz
wandb: ⭐️ View project at: https://wandb.ai/2671907-university-of-the-witwatersrand/cv-splice-localisation
wandb: Synced 5 W&B file(s), 0 media file(s), 0 artifact file(s) and 0 other file(s)
wandb: Find logs at: ./wandb/run-20260912_131138-j05xy4qz/logs
t3v2: thr 0.30  F1 0.3819  IoU 0.2361  (stopped ep 23, 137s)

wandb: setting up run vrni81o1
wandb: Tracking run with wandb version 0.29.0
wandb: Run data is saved locally in /home/dell/cv-project/wandb/run-20260912_131355-vrni81o1
wandb: Run `wandb offline` to turn off syncing.
wandb: Syncing run unet-t3v4
wandb: ⭐️ View project at https://wandb.ai/2671907-university-of-the-witwatersrand/cv-splice-localisation
wandb: 🚀 View run at https://wandb.ai/2671907-university-of-the-witwatersrand/cv-splice-localisation/runs/vrni81o1
  t3v4 ep 1/90  train 1.3396  val 1.5412  (5s)
  t3v4 ep 2/90  train 1.2886  val 1.2863  (5s)
  t3v4 ep 3/90  train 1.2783  val 1.2470  (5s)
  t3v4 ep 4/90  train 1.2419  val 1.3449  (5s)
  t3v4 ep 5/90  train 1.2470  val 1.2322  (5s)
  t3v4 ep 6/90  train 1.2138  val 1.2504  (5s)
  t3v4 ep 7/90  train 1.2112  val 1.3394  (5s)
  t3v4 ep 8/90  train 1.1731  val 1.2996  (5s)
  t3v4 ep 9/90  train 1.1809  val 1.2491  (5s)
  t3v4 ep 10/90  train 1.1833  val 1.2353  (5s)
  t3v4 ep 11/90  train 1.1661  val 1.3045  (5s)
  t3v4 ep 12/90  train 1.1735  val 1.4037  (5s)
  t3v4 ep 13/90  train 1.1749  val 1.2095  (5s)
  t3v4 ep 14/90  train 1.1673  val 1.2316  (5s)
  t3v4 ep 15/90  train 1.1475  val 1.2440  (5s)
  t3v4 ep 16/90  train 1.1369  val 1.3491  (5s)
  t3v4 ep 17/90  train 1.1367  val 1.3174  (5s)
  t3v4 ep 18/90  train 1.1291  val 1.2690  (5s)
  t3v4 ep 19/90  train 1.1292  val 1.3134  (5s)
  t3v4 ep 20/90  train 1.1255  val 1.2675  (5s)
  t3v4 ep 21/90  train 1.0965  val 1.3747  (5s)
  t3v4 ep 22/90  train 1.1015  val 1.2332  (5s)
  t3v4 ep 23/90  train 1.0908  val 1.2441  (5s)
  early stop at epoch 23 (best val 1.2095)
wandb: updating run metadata
wandb: uploading output.log; uploading wandb-summary.json; uploading config.yaml
wandb: uploading history steps 23-23, summary
wandb: 
wandb: Run history:
wandb:     best_val_loss ▁
wandb: diag/pre_norm_sum ████████████▇█▇▇█████▃▁
wandb:  diag/weight_norm ▁▁▁▁▁▁▁▁▂▂▂▂▂▃▃▄▄▅▅▆▇▇█
wandb:             epoch ▁▁▂▂▂▃▃▃▄▄▄▅▅▅▅▆▆▆▇▇▇██
wandb:   first_nan_epoch ▁
wandb:   skipped_batches ▁▁▁▁▁▁▁▁▁▁▁▁▁▁▁▁▁▁▁▁▁▁▁
wandb:  stopped_at_epoch ▁
wandb:           test/f1 ▁
wandb:          test/iou ▁
wandb:    test/threshold ▁
wandb:                +2 ...
wandb: 
wandb: Run summary:
wandb:     best_val_loss 1.20947
wandb: diag/pre_norm_sum 0.99994
wandb:  diag/weight_norm 924.44416
wandb:             epoch 23
wandb:   first_nan_epoch -1
wandb:   skipped_batches 0
wandb:  stopped_at_epoch 23
wandb:           test/f1 0.38416
wandb:          test/iou 0.23775
wandb:    test/threshold 0.3
wandb:                +2 ...
wandb: 
wandb: 🚀 View run unet-t3v4 at: https://wandb.ai/2671907-university-of-the-witwatersrand/cv-splice-localisation/runs/vrni81o1
wandb: ⭐️ View project at: https://wandb.ai/2671907-university-of-the-witwatersrand/cv-splice-localisation
wandb: Synced 5 W&B file(s), 0 media file(s), 0 artifact file(s) and 0 other file(s)
wandb: Find logs at: ./wandb/run-20260912_131355-vrni81o1/logs
t3v4: thr 0.30  F1 0.3842  IoU 0.2377  (stopped ep 23, 135s)

wandb: setting up run vfctsssg
wandb: Tracking run with wandb version 0.29.0
wandb: Run data is saved locally in /home/dell/cv-project/wandb/run-20260912_131610-vfctsssg
wandb: Run `wandb offline` to turn off syncing.
wandb: Syncing run unet-t4v0
wandb: ⭐️ View project at https://wandb.ai/2671907-university-of-the-witwatersrand/cv-splice-localisation
wandb: 🚀 View run at https://wandb.ai/2671907-university-of-the-witwatersrand/cv-splice-localisation/runs/vfctsssg
  t4v0 ep 1/90  train 1.3736  val 1.4526  (6s)
  t4v0 ep 2/90  train 1.2977  val 1.2691  (5s)
  t4v0 ep 3/90  train 1.2760  val 1.5245  (5s)
  t4v0 ep 4/90  train 1.2795  val 1.2710  (5s)
  t4v0 ep 5/90  train 1.2677  val 1.2614  (5s)
  t4v0 ep 6/90  train 1.2609  val 1.2744  (5s)
  t4v0 ep 7/90  train 1.2290  val 1.2837  (5s)
  t4v0 ep 8/90  train 1.2202  val 1.2567  (5s)
  t4v0 ep 9/90  train 1.1895  val 1.3280  (5s)
  t4v0 ep 10/90  train 1.2075  val 1.3030  (5s)
  t4v0 ep 11/90  train 1.1802  val 1.3494  (5s)
  t4v0 ep 12/90  train 1.2235  val 1.2551  (5s)
  t4v0 ep 13/90  train 1.1796  val 1.4358  (5s)
  t4v0 ep 14/90  train 1.1666  val 1.2690  (5s)
  t4v0 ep 15/90  train 1.1673  val 1.3748  (5s)
  t4v0 ep 16/90  train 1.1479  val 1.7915  (5s)
  t4v0 ep 17/90  train 1.1266  val 1.3676  (5s)
  t4v0 ep 18/90  train 1.1249  val 1.2595  (5s)
  t4v0 ep 19/90  train 1.1282  val 1.3187  (5s)
  t4v0 ep 20/90  train 1.0996  val 1.4427  (5s)
  t4v0 ep 21/90  train 1.0903  val 1.3542  (5s)
  t4v0 ep 22/90  train 1.0806  val 1.2082  (5s)
  t4v0 ep 23/90  train 1.0612  val 1.6454  (5s)
  t4v0 ep 24/90  train 1.0655  val 2.5670  (5s)
  t4v0 ep 25/90  train 1.0602  val 1.1566  (5s)
  t4v0 ep 26/90  train 1.0539  val 1.2243  (5s)
  t4v0 ep 27/90  train 1.0300  val 1.2023  (5s)
  t4v0 ep 28/90  train 1.0103  val 1.2933  (5s)
  t4v0 ep 29/90  train 1.0073  val 1.2446  (5s)
  t4v0 ep 30/90  train 1.0047  val 1.5278  (5s)
  t4v0 ep 31/90  train 1.0243  val 1.3760  (5s)
  t4v0 ep 32/90  train 0.9908  val 1.3418  (5s)
  t4v0 ep 33/90  train 0.9516  val 1.4954  (5s)
  t4v0 ep 34/90  train 0.9066  val 1.2801  (5s)
  t4v0 ep 35/90  train 0.9153  val 1.7117  (5s)
  early stop at epoch 35 (best val 1.1566)
wandb: updating run metadata
wandb: uploading wandb-summary.json; uploading config.yaml
wandb: uploading history steps 34-35, summary, console lines 34-35
wandb: 
wandb: Run history:
wandb:     best_val_loss ▁
wandb: diag/pre_norm_sum ██▇███████▇███████▇▇▇█▇██▇▆█▆▇██▇▁█
wandb:  diag/weight_norm ▁▁▁▁▁▁▁▁▁▂▂▂▂▂▂▂▂▂▃▃▃▃▄▄▄▅▆▇▇▇▇█▇██
wandb:             epoch ▁▁▁▂▂▂▂▂▃▃▃▃▃▄▄▄▄▅▅▅▅▅▆▆▆▆▆▇▇▇▇▇███
wandb:   first_nan_epoch ▁
wandb:   skipped_batches ▁▁▁▁▁▁▁▁▁▁▁▁▁▁▁▁▁▁▁▁▁▁▁▁▁▁▁▁▁▁▁▁▁▁▁
wandb:  stopped_at_epoch ▁
wandb:           test/f1 ▁
wandb:          test/iou ▁
wandb:    test/threshold ▁
wandb:                +2 ...
wandb: 
wandb: Run summary:
wandb:     best_val_loss 1.15664
wandb: diag/pre_norm_sum 1.0
wandb:  diag/weight_norm 99.25288
wandb:             epoch 35
wandb:   first_nan_epoch -1
wandb:   skipped_batches 0
wandb:  stopped_at_epoch 35
wandb:           test/f1 0.42307
wandb:          test/iou 0.26829
wandb:    test/threshold 0.3
wandb:                +2 ...
wandb: 
wandb: 🚀 View run unet-t4v0 at: https://wandb.ai/2671907-university-of-the-witwatersrand/cv-splice-localisation/runs/vfctsssg
wandb: ⭐️ View project at: https://wandb.ai/2671907-university-of-the-witwatersrand/cv-splice-localisation
wandb: Synced 5 W&B file(s), 0 media file(s), 0 artifact file(s) and 0 other file(s)
wandb: Find logs at: ./wandb/run-20260912_131610-vfctsssg/logs
t4v0: thr 0.30  F1 0.4231  IoU 0.2683  (stopped ep 35, 200s)

wandb: setting up run 2hfuznnt
wandb: Tracking run with wandb version 0.29.0
wandb: Run data is saved locally in /home/dell/cv-project/wandb/run-20260912_131929-2hfuznnt
wandb: Run `wandb offline` to turn off syncing.
wandb: Syncing run unet-t4v1
wandb: ⭐️ View project at https://wandb.ai/2671907-university-of-the-witwatersrand/cv-splice-localisation
wandb: 🚀 View run at https://wandb.ai/2671907-university-of-the-witwatersrand/cv-splice-localisation/runs/2hfuznnt
  t4v1 ep 1/90  train 1.3397  val 1.3057  (5s)
  t4v1 ep 2/90  train 1.2532  val 1.2504  (5s)
  t4v1 ep 3/90  train 1.2472  val 1.2549  (5s)
  t4v1 ep 4/90  train 1.2232  val 1.2100  (5s)
  t4v1 ep 5/90  train 1.1988  val 1.2213  (5s)
  t4v1 ep 6/90  train 1.1841  val 1.4301  (5s)
  t4v1 ep 7/90  train 1.1869  val 1.2274  (5s)
  t4v1 ep 8/90  train 1.1431  val 1.2219  (5s)
  t4v1 ep 9/90  train 1.1599  val 1.2578  (5s)
  t4v1 ep 10/90  train 1.1431  val 1.3987  (5s)
  t4v1 ep 11/90  train 1.1351  val 1.4246  (5s)
  t4v1 ep 12/90  train 1.1535  val 1.2160  (5s)
  t4v1 ep 13/90  train 1.1177  val 1.3458  (5s)
  t4v1 ep 14/90  train 1.1522  val 1.2767  (5s)
  early stop at epoch 14 (best val 1.2100)
wandb: updating run metadata
wandb: uploading output.log; uploading wandb-summary.json; uploading config.yaml
wandb: uploading history steps 14-14, summary
wandb: 
wandb: Run history:
wandb:     best_val_loss ▁
wandb: diag/pre_norm_sum █▁▅▅█▅▅██▅▅▅█▆
wandb:  diag/weight_norm ▁▁▁▁▂▂▂▂▃▃▄▅▆█
wandb:             epoch ▁▂▂▃▃▄▄▅▅▆▆▇▇█
wandb:   first_nan_epoch ▁
wandb:   skipped_batches ▁▁▁▁▁▁▁▁▁▁▁▁▁▁
wandb:  stopped_at_epoch ▁
wandb:           test/f1 ▁
wandb:          test/iou ▁
wandb:    test/threshold ▁
wandb:                +2 ...
wandb: 
wandb: Run summary:
wandb:     best_val_loss 1.21005
wandb: diag/pre_norm_sum 1.0
wandb:  diag/weight_norm 99.21747
wandb:             epoch 14
wandb:   first_nan_epoch -1
wandb:   skipped_batches 0
wandb:  stopped_at_epoch 14
wandb:           test/f1 0.35911
wandb:          test/iou 0.21885
wandb:    test/threshold 0.15
wandb:                +2 ...
wandb: 
wandb: 🚀 View run unet-t4v1 at: https://wandb.ai/2671907-university-of-the-witwatersrand/cv-splice-localisation/runs/2hfuznnt
wandb: ⭐️ View project at: https://wandb.ai/2671907-university-of-the-witwatersrand/cv-splice-localisation
wandb: Synced 5 W&B file(s), 0 media file(s), 0 artifact file(s) and 0 other file(s)
wandb: Find logs at: ./wandb/run-20260912_131929-2hfuznnt/logs
t4v1: thr 0.15  F1 0.3591  IoU 0.2189  (stopped ep 14, 86s)

wandb: setting up run is1axmuf
wandb: Tracking run with wandb version 0.29.0
wandb: Run data is saved locally in /home/dell/cv-project/wandb/run-20260912_132056-is1axmuf
wandb: Run `wandb offline` to turn off syncing.
wandb: Syncing run unet-t4v2
wandb: ⭐️ View project at https://wandb.ai/2671907-university-of-the-witwatersrand/cv-splice-localisation
wandb: 🚀 View run at https://wandb.ai/2671907-university-of-the-witwatersrand/cv-splice-localisation/runs/is1axmuf
  t4v2 ep 1/90  train 1.3810  val 1.2550  (6s)
  t4v2 ep 2/90  train 1.2781  val 1.3958  (5s)
  t4v2 ep 3/90  train 1.2385  val 1.2692  (5s)
  t4v2 ep 4/90  train 1.2293  val 1.4059  (5s)
  t4v2 ep 5/90  train 1.1781  val 1.6801  (5s)
  t4v2 ep 6/90  train 1.1576  val 1.8023  (5s)
  t4v2 ep 7/90  train 1.1251  val 1.4868  (5s)
  t4v2 ep 8/90  train 1.0970  val 1.3289  (5s)
  t4v2 ep 9/90  train 1.0978  val 1.2092  (5s)
  t4v2 ep 10/90  train 1.0695  val 1.2323  (5s)
  t4v2 ep 11/90  train 1.0550  val 1.2200  (5s)
  t4v2 ep 12/90  train 1.0213  val 1.2883  (5s)
  t4v2 ep 13/90  train 1.0607  val 1.2273  (5s)
  t4v2 ep 14/90  train 1.0582  val 1.7408  (5s)
  t4v2 ep 15/90  train 0.9930  val 1.2520  (5s)
  t4v2 ep 16/90  train 0.9610  val 1.3488  (5s)
  t4v2 ep 17/90  train 0.9544  val 1.2174  (5s)
  t4v2 ep 18/90  train 0.9712  val 1.2431  (5s)
  t4v2 ep 19/90  train 0.9584  val 1.2217  (5s)
  early stop at epoch 19 (best val 1.2092)
wandb: updating run metadata
wandb: uploading output.log; uploading wandb-summary.json; uploading config.yaml
wandb: 
wandb: Run history:
wandb:     best_val_loss ▁
wandb: diag/pre_norm_sum ███▇█▆▅▇█▅▅██▁▅▆▅▅▇
wandb:  diag/weight_norm ▁▁▁▂▂▃▄▅▅▆▆▇▇▇█▇█▇█
wandb:             epoch ▁▁▂▂▃▃▃▄▄▅▅▅▆▆▆▇▇██
wandb:   first_nan_epoch ▁
wandb:   skipped_batches ▁▁▁▁▁▁▁▁▁▁▁▁▁▁▁▁▁▁▁
wandb:  stopped_at_epoch ▁
wandb:           test/f1 ▁
wandb:          test/iou ▁
wandb:    test/threshold ▁
wandb:                +2 ...
wandb: 
wandb: Run summary:
wandb:     best_val_loss 1.20916
wandb: diag/pre_norm_sum 1.0
wandb:  diag/weight_norm 156.22816
wandb:             epoch 19
wandb:   first_nan_epoch -1
wandb:   skipped_batches 0
wandb:  stopped_at_epoch 19
wandb:           test/f1 0.39417
wandb:          test/iou 0.24546
wandb:    test/threshold 0.15
wandb:                +2 ...
wandb: 
wandb: 🚀 View run unet-t4v2 at: https://wandb.ai/2671907-university-of-the-witwatersrand/cv-splice-localisation/runs/is1axmuf
wandb: ⭐️ View project at: https://wandb.ai/2671907-university-of-the-witwatersrand/cv-splice-localisation
wandb: Synced 5 W&B file(s), 0 media file(s), 0 artifact file(s) and 0 other file(s)
wandb: Find logs at: ./wandb/run-20260912_132056-is1axmuf/logs
t4v2: thr 0.15  F1 0.3942  IoU 0.2455  (stopped ep 19, 113s)

wandb: setting up run 0p3gv8qz
wandb: Tracking run with wandb version 0.29.0
wandb: Run data is saved locally in /home/dell/cv-project/wandb/run-20260912_132248-0p3gv8qz
wandb: Run `wandb offline` to turn off syncing.
wandb: Syncing run unet-t4v3
wandb: ⭐️ View project at https://wandb.ai/2671907-university-of-the-witwatersrand/cv-splice-localisation
wandb: 🚀 View run at https://wandb.ai/2671907-university-of-the-witwatersrand/cv-splice-localisation/runs/0p3gv8qz
  t4v3 ep 1/90  train 1.3770  val 1.3641  (5s)
  t4v3 ep 2/90  train 1.2734  val 1.3426  (5s)
  t4v3 ep 3/90  train 1.2416  val 1.3149  (5s)
  t4v3 ep 4/90  train 1.2133  val 1.2296  (5s)
  t4v3 ep 5/90  train 1.1735  val 1.6644  (5s)
  t4v3 ep 6/90  train 1.1458  val 2.4605  (5s)
  t4v3 ep 7/90  train 1.1529  val 1.1981  (5s)
  t4v3 ep 8/90  train 1.1204  val 1.6415  (5s)
  t4v3 ep 9/90  train 1.1437  val 1.9017  (5s)
  t4v3 ep 10/90  train 1.1029  val 1.5316  (5s)
  t4v3 ep 11/90  train 1.1154  val 1.2813  (5s)
  t4v3 ep 12/90  train 1.1210  val 1.2593  (5s)
  t4v3 ep 13/90  train 1.0698  val 1.2898  (5s)
  t4v3 ep 14/90  train 1.0563  val 1.2980  (5s)
  t4v3 ep 15/90  train 1.0671  val 1.2324  (5s)
  t4v3 ep 16/90  train 1.0551  val 1.3328  (5s)
  t4v3 ep 17/90  train 1.0574  val 1.2475  (5s)
  early stop at epoch 17 (best val 1.1981)
wandb: updating run metadata
wandb: uploading output.log; uploading wandb-summary.json; uploading config.yaml
wandb: 
wandb: Run history:
wandb:     best_val_loss ▁
wandb: diag/pre_norm_sum ▇████▇▇██▅▃██▁█▇▇
wandb:  diag/weight_norm ▁▁▁▂▂▃▃▃▄▄▅▅▅▆▇██
wandb:             epoch ▁▁▂▂▃▃▄▄▅▅▅▆▆▇▇██
wandb:   first_nan_epoch ▁
wandb:   skipped_batches ▁▁▁▁▁▁▁▁▁▁▁▁▁▁▁▁▁
wandb:  stopped_at_epoch ▁
wandb:           test/f1 ▁
wandb:          test/iou ▁
wandb:    test/threshold ▁
wandb:                +2 ...
wandb: 
wandb: Run summary:
wandb:     best_val_loss 1.19813
wandb: diag/pre_norm_sum 1.0
wandb:  diag/weight_norm 67.47647
wandb:             epoch 17
wandb:   first_nan_epoch -1
wandb:   skipped_batches 0
wandb:  stopped_at_epoch 17
wandb:           test/f1 0.36508
wandb:          test/iou 0.2233
wandb:    test/threshold 0.25
wandb:                +2 ...
wandb: 
wandb: 🚀 View run unet-t4v3 at: https://wandb.ai/2671907-university-of-the-witwatersrand/cv-splice-localisation/runs/0p3gv8qz
wandb: ⭐️ View project at: https://wandb.ai/2671907-university-of-the-witwatersrand/cv-splice-localisation
wandb: Synced 5 W&B file(s), 0 media file(s), 0 artifact file(s) and 0 other file(s)
wandb: Find logs at: ./wandb/run-20260912_132248-0p3gv8qz/logs
t4v3: thr 0.25  F1 0.3651  IoU 0.2233  (stopped ep 17, 102s)

run: python3 src/methods/merge_nested.py
  n=50 done [2874s]

=== n_train = 150 (0/20 pairs done) ===
device cuda | 1822 pairs | epochs<=90 patience=10 | norm=sum wd=0.0001 clip=1.0 amp=bf16 | n_train 150
20 (test, val) pairs | 0 already done | 20 to run

wandb: [wandb.login()] Loaded credentials for https://api.wandb.ai from /home/dell/.netrc.
wandb: Currently logged in as: 2671907 (2671907-university-of-the-witwatersrand) to https://api.wandb.ai. Use `wandb login --relogin` to force relogin
wandb: setting up run kjtnizpo
wandb: Tracking run with wandb version 0.29.0
wandb: Run data is saved locally in /home/dell/cv-project/wandb/run-20260912_132433-kjtnizpo
wandb: Run `wandb offline` to turn off syncing.
wandb: Syncing run unet-t0v1
wandb: ⭐️ View project at https://wandb.ai/2671907-university-of-the-witwatersrand/cv-splice-localisation
wandb: 🚀 View run at https://wandb.ai/2671907-university-of-the-witwatersrand/cv-splice-localisation/runs/kjtnizpo
  t0v1 ep 1/90  train 1.2686  val 1.2627  (14s)
  t0v1 ep 2/90  train 1.2107  val 1.2352  (12s)
  t0v1 ep 3/90  train 1.2067  val 1.2835  (12s)
  t0v1 ep 4/90  train 1.1868  val 1.2074  (12s)
  t0v1 ep 5/90  train 1.1742  val 1.2049  (12s)
  t0v1 ep 6/90  train 1.1613  val 1.2421  (12s)
  t0v1 ep 7/90  train 1.1462  val 1.2366  (12s)
  t0v1 ep 8/90  train 1.1306  val 1.2322  (12s)
  t0v1 ep 9/90  train 1.1031  val 1.2080  (12s)
  t0v1 ep 10/90  train 1.1027  val 1.2424  (12s)
  t0v1 ep 11/90  train 1.0987  val 1.3428  (12s)
  t0v1 ep 12/90  train 1.0935  val 1.1342  (12s)
  t0v1 ep 13/90  train 1.0786  val 1.1498  (12s)
  t0v1 ep 14/90  train 1.0663  val 1.1591  (12s)
  t0v1 ep 15/90  train 1.0373  val 1.1845  (12s)
  t0v1 ep 16/90  train 1.0428  val 1.1392  (12s)
  t0v1 ep 17/90  train 1.0438  val 1.1439  (12s)
  t0v1 ep 18/90  train 1.0300  val 1.1754  (12s)
  t0v1 ep 19/90  train 1.0099  val 1.2356  (12s)
  t0v1 ep 20/90  train 1.0046  val 1.6008  (12s)
  t0v1 ep 21/90  train 0.9873  val 1.1389  (12s)
  t0v1 ep 22/90  train 0.9712  val 1.1234  (12s)
  t0v1 ep 23/90  train 0.9711  val 1.3569  (12s)
  t0v1 ep 24/90  train 0.9627  val 1.1352  (12s)
  t0v1 ep 25/90  train 0.9688  val 1.0950  (12s)
  t0v1 ep 26/90  train 0.9316  val 1.1328  (12s)
  t0v1 ep 27/90  train 0.9209  val 1.2443  (12s)
  t0v1 ep 28/90  train 0.9243  val 1.2207  (12s)
  t0v1 ep 29/90  train 0.9020  val 1.4186  (12s)
  t0v1 ep 30/90  train 0.9205  val 1.1350  (12s)
  t0v1 ep 31/90  train 0.8795  val 1.1380  (12s)
  t0v1 ep 32/90  train 0.9160  val 1.1696  (12s)
  t0v1 ep 33/90  train 0.9072  val 1.1636  (12s)
  t0v1 ep 34/90  train 0.8856  val 1.1657  (12s)
  t0v1 ep 35/90  train 0.8766  val 1.3002  (12s)
  early stop at epoch 35 (best val 1.0950)
wandb: updating run metadata
wandb: uploading output.log; uploading wandb-summary.json; uploading config.yaml
wandb: uploading history steps 34-35, summary, console lines 34-35
wandb: 
wandb: Run history:
wandb:     best_val_loss ▁
wandb: diag/pre_norm_sum █████▇▇▇█████▅█▅▇█▆█▆▇▇▇▇▅▇█▁▆█▇█▇▄
wandb:  diag/weight_norm ▁▁▁▁▁▂▂▃▃▃▃▃▃▄▄▅▅▅▅▅▅▅▅▆▆▆▆▆▆▇▇▇▇██
wandb:             epoch ▁▁▁▂▂▂▂▂▃▃▃▃▃▄▄▄▄▅▅▅▅▅▆▆▆▆▆▇▇▇▇▇███
wandb:   first_nan_epoch ▁
wandb:   skipped_batches ▁▁▁▁▁▁▁▁▁▁▁▁▁▁▁▁▁▁▁▁▁▁▁▁▁▁▁▁▁▁▁▁▁▁▁
wandb:  stopped_at_epoch ▁
wandb:           test/f1 ▁
wandb:          test/iou ▁
wandb:    test/threshold ▁
wandb:                +2 ...
wandb: 
wandb: Run summary:
wandb:     best_val_loss 1.09502
wandb: diag/pre_norm_sum 0.99994
wandb:  diag/weight_norm 803.60048
wandb:             epoch 35
wandb:   first_nan_epoch -1
wandb:   skipped_batches 0
wandb:  stopped_at_epoch 35
wandb:           test/f1 0.50918
wandb:          test/iou 0.34154
wandb:    test/threshold 0.15
wandb:                +2 ...
wandb: 
wandb: 🚀 View run unet-t0v1 at: https://wandb.ai/2671907-university-of-the-witwatersrand/cv-splice-localisation/runs/kjtnizpo
wandb: ⭐️ View project at: https://wandb.ai/2671907-university-of-the-witwatersrand/cv-splice-localisation
wandb: Synced 5 W&B file(s), 0 media file(s), 0 artifact file(s) and 0 other file(s)
wandb: Find logs at: ./wandb/run-20260912_132433-kjtnizpo/logs
t0v1: thr 0.15  F1 0.5092  IoU 0.3415  (stopped ep 35, 429s)

wandb: setting up run ezrzvt1w
wandb: Tracking run with wandb version 0.29.0
wandb: Run data is saved locally in /home/dell/cv-project/wandb/run-20260912_133142-ezrzvt1w
wandb: Run `wandb offline` to turn off syncing.
wandb: Syncing run unet-t0v2
wandb: ⭐️ View project at https://wandb.ai/2671907-university-of-the-witwatersrand/cv-splice-localisation
wandb: 🚀 View run at https://wandb.ai/2671907-university-of-the-witwatersrand/cv-splice-localisation/runs/ezrzvt1w
  t0v2 ep 1/90  train 1.2921  val 1.6110  (12s)
  t0v2 ep 2/90  train 1.2403  val 1.2787  (12s)
  t0v2 ep 3/90  train 1.2058  val 1.3234  (12s)
  t0v2 ep 4/90  train 1.1783  val 1.2675  (12s)
  t0v2 ep 5/90  train 1.1566  val 1.1870  (12s)
  t0v2 ep 6/90  train 1.1423  val 1.2226  (12s)
  t0v2 ep 7/90  train 1.1307  val 1.1666  (12s)
  t0v2 ep 8/90  train 1.1292  val 1.3051  (12s)
  t0v2 ep 9/90  train 1.1311  val 1.4340  (12s)
  t0v2 ep 10/90  train 1.1042  val 1.2882  (12s)
  t0v2 ep 11/90  train 1.1010  val 1.2409  (12s)
  t0v2 ep 12/90  train 1.0861  val 1.3174  (12s)
  t0v2 ep 13/90  train 1.0870  val 1.3551  (12s)
  t0v2 ep 14/90  train 1.0588  val 1.1677  (12s)
  t0v2 ep 15/90  train 1.0593  val 1.4008  (12s)
  t0v2 ep 16/90  train 1.0413  val 1.1566  (12s)
  t0v2 ep 17/90  train 1.0347  val 1.3189  (12s)
  t0v2 ep 18/90  train 1.0370  val 1.4146  (12s)
  t0v2 ep 19/90  train 0.9943  val 1.2286  (12s)
  t0v2 ep 20/90  train 0.9935  val 1.7085  (12s)
  t0v2 ep 21/90  train 0.9966  val 1.6604  (12s)
  t0v2 ep 22/90  train 0.9784  val 1.5706  (12s)
  t0v2 ep 23/90  train 0.9742  val 1.1770  (12s)
  t0v2 ep 24/90  train 0.9825  val 1.0784  (12s)
  t0v2 ep 25/90  train 0.9359  val 1.0720  (12s)
  t0v2 ep 26/90  train 0.9062  val 1.2284  (12s)
  t0v2 ep 27/90  train 0.9195  val 1.0795  (12s)
  t0v2 ep 28/90  train 0.9142  val 1.4059  (12s)
  t0v2 ep 29/90  train 0.9146  val 1.2407  (12s)
  t0v2 ep 30/90  train 0.8870  val 1.3473  (12s)
  t0v2 ep 31/90  train 0.8914  val 1.1129  (12s)
  t0v2 ep 32/90  train 0.8565  val 1.1131  (12s)
  t0v2 ep 33/90  train 0.8563  val 1.2564  (12s)
  t0v2 ep 34/90  train 0.8410  val 1.0408  (12s)
  t0v2 ep 35/90  train 0.8121  val 1.0714  (12s)
  t0v2 ep 36/90  train 0.8011  val 1.3774  (12s)
  t0v2 ep 37/90  train 0.7858  val 1.1114  (12s)
  t0v2 ep 38/90  train 0.7525  val 1.2613  (12s)
  t0v2 ep 39/90  train 0.7593  val 1.0255  (12s)
  t0v2 ep 40/90  train 0.7545  val 1.2302  (12s)
  t0v2 ep 41/90  train 0.7594  val 1.1159  (12s)
  t0v2 ep 42/90  train 0.7157  val 1.0510  (12s)
  t0v2 ep 43/90  train 0.7396  val 1.0813  (12s)
  t0v2 ep 44/90  train 0.7321  val 1.1523  (12s)
  t0v2 ep 45/90  train 0.7243  val 1.0542  (12s)
  t0v2 ep 46/90  train 0.6912  val 1.0462  (12s)
  t0v2 ep 47/90  train 0.6922  val 1.0969  (12s)
  t0v2 ep 48/90  train 0.6799  val 1.0415  (12s)
  t0v2 ep 49/90  train 0.6668  val 1.0477  (12s)
  early stop at epoch 49 (best val 1.0255)
wandb: updating run metadata
wandb: uploading output.log; uploading wandb-summary.json; uploading config.yaml
wandb: uploading output.log; uploading config.yaml
wandb: uploading history steps 48-49, summary, console lines 48-49
wandb: 
wandb: Run history:
wandb:     best_val_loss ▁
wandb: diag/pre_norm_sum █████████████████▇██▆▅████▇█▄▇▅█▄█▅██▅▁▇
wandb:  diag/weight_norm ▁▁▁▁▁▁▂▂▂▂▂▂▃▃▃▄▄▄▄▄▅▆▅▅▅▆▆▆▇▇█████▇▇▇█▇
wandb:             epoch ▁▁▁▁▂▂▂▂▂▃▃▃▃▃▃▄▄▄▄▄▅▅▅▅▅▆▆▆▆▆▆▇▇▇▇▇▇███
wandb:   first_nan_epoch ▁
wandb:   skipped_batches ▁▁▁▁▁▁▁▁▁▁▁▁▁▁▁▁▁▁▁▁▁▁▁▁▁▁▁▁▁▁▁▁▁▁▁▁▁▁▁▁
wandb:  stopped_at_epoch ▁
wandb:           test/f1 ▁
wandb:          test/iou ▁
wandb:    test/threshold ▁
wandb:                +2 ...
wandb: 
wandb: Run summary:
wandb:     best_val_loss 1.02546
wandb: diag/pre_norm_sum 0.99998
wandb:  diag/weight_norm 728.29403
wandb:             epoch 49
wandb:   first_nan_epoch -1
wandb:   skipped_batches 0
wandb:  stopped_at_epoch 49
wandb:           test/f1 0.55084
wandb:          test/iou 0.38011
wandb:    test/threshold 0.5
wandb:                +2 ...
wandb: 
wandb: 🚀 View run unet-t0v2 at: https://wandb.ai/2671907-university-of-the-witwatersrand/cv-splice-localisation/runs/ezrzvt1w
wandb: ⭐️ View project at: https://wandb.ai/2671907-university-of-the-witwatersrand/cv-splice-localisation
wandb: Synced 5 W&B file(s), 0 media file(s), 0 artifact file(s) and 0 other file(s)
wandb: Find logs at: ./wandb/run-20260912_133142-ezrzvt1w/logs
t0v2: thr 0.50  F1 0.5508  IoU 0.3801  (stopped ep 49, 594s)

wandb: setting up run sl2pu988
wandb: Tracking run with wandb version 0.29.0
wandb: Run data is saved locally in /home/dell/cv-project/wandb/run-20260912_134137-sl2pu988
wandb: Run `wandb offline` to turn off syncing.
wandb: Syncing run unet-t0v3
wandb: ⭐️ View project at https://wandb.ai/2671907-university-of-the-witwatersrand/cv-splice-localisation
wandb: 🚀 View run at https://wandb.ai/2671907-university-of-the-witwatersrand/cv-splice-localisation/runs/sl2pu988
  t0v3 ep 1/90  train 1.2765  val 1.3246  (12s)
  t0v3 ep 2/90  train 1.1667  val 1.2273  (12s)
  t0v3 ep 3/90  train 1.1726  val 1.2991  (12s)
  t0v3 ep 4/90  train 1.1607  val 1.3917  (12s)
  t0v3 ep 5/90  train 1.1304  val 1.2148  (12s)
  t0v3 ep 6/90  train 1.1104  val 1.1951  (12s)
  t0v3 ep 7/90  train 1.0849  val 1.1505  (12s)
  t0v3 ep 8/90  train 1.0831  val 1.3117  (12s)
  t0v3 ep 9/90  train 1.0508  val 1.3275  (12s)
  t0v3 ep 10/90  train 1.0286  val 1.1193  (12s)
  t0v3 ep 11/90  train 1.0154  val 1.0888  (12s)
  t0v3 ep 12/90  train 0.9985  val 1.1408  (12s)
  t0v3 ep 13/90  train 0.9825  val 1.1418  (12s)
  t0v3 ep 14/90  train 0.9729  val 1.1519  (12s)
  t0v3 ep 15/90  train 0.9532  val 1.3123  (12s)
  t0v3 ep 16/90  train 0.9145  val 1.1400  (12s)
  t0v3 ep 17/90  train 0.9333  val 1.0761  (12s)
  t0v3 ep 18/90  train 0.9424  val 1.0447  (12s)
  t0v3 ep 19/90  train 0.9120  val 1.0957  (12s)
  t0v3 ep 20/90  train 0.9048  val 1.0427  (12s)
  t0v3 ep 21/90  train 0.8831  val 1.1332  (12s)
  t0v3 ep 22/90  train 0.8519  val 1.0527  (12s)
  t0v3 ep 23/90  train 0.8552  val 1.2017  (12s)
  t0v3 ep 24/90  train 0.8539  val 1.1317  (12s)
  t0v3 ep 25/90  train 0.8736  val 1.0376  (12s)
  t0v3 ep 26/90  train 0.8264  val 1.0702  (12s)
  t0v3 ep 27/90  train 0.8242  val 1.0440  (12s)
  t0v3 ep 28/90  train 0.8039  val 1.0573  (12s)
  t0v3 ep 29/90  train 0.8009  val 1.0822  (12s)
  t0v3 ep 30/90  train 0.7843  val 1.1030  (12s)
  t0v3 ep 31/90  train 0.8168  val 1.0740  (12s)
  t0v3 ep 32/90  train 0.7776  val 1.0528  (12s)
  t0v3 ep 33/90  train 0.8095  val 1.0594  (12s)
  t0v3 ep 34/90  train 0.7637  val 1.0528  (12s)
  t0v3 ep 35/90  train 0.7632  val 1.0399  (12s)
  early stop at epoch 35 (best val 1.0376)
wandb: updating run metadata
wandb: uploading output.log; uploading wandb-summary.json; uploading config.yaml
wandb: uploading output.log
wandb: 
wandb: Run history:
wandb:     best_val_loss ▁
wandb: diag/pre_norm_sum ▇▇▇▇▇█▇▇▂█▁▇▇▇█▆▇▆▇▅███▇▇▇▇████▆█▇▇
wandb:  diag/weight_norm ▁▂▂▂▃▄▅▅▆▇▆▆▆▆▅▅▆▆▆▆▆▆▆▅▅▅▅▅▆▆▇▇███
wandb:             epoch ▁▁▁▂▂▂▂▂▃▃▃▃▃▄▄▄▄▅▅▅▅▅▆▆▆▆▆▇▇▇▇▇███
wandb:   first_nan_epoch ▁
wandb:   skipped_batches ▁▁▁▁▁▁▁▁▁▁▁▁▁▁▁▁▁▁▁▁▁▁▁▁▁▁▁▁▁▁▁▁▁▁▁
wandb:  stopped_at_epoch ▁
wandb:           test/f1 ▁
wandb:          test/iou ▁
wandb:    test/threshold ▁
wandb:                +2 ...
wandb: 
wandb: Run summary:
wandb:     best_val_loss 1.03755
wandb: diag/pre_norm_sum 1.0
wandb:  diag/weight_norm 139.87512
wandb:             epoch 35
wandb:   first_nan_epoch -1
wandb:   skipped_batches 0
wandb:  stopped_at_epoch 35
wandb:           test/f1 0.51545
wandb:          test/iou 0.34721
wandb:    test/threshold 0.1
wandb:                +2 ...
wandb: 
wandb: 🚀 View run unet-t0v3 at: https://wandb.ai/2671907-university-of-the-witwatersrand/cv-splice-localisation/runs/sl2pu988
wandb: ⭐️ View project at: https://wandb.ai/2671907-university-of-the-witwatersrand/cv-splice-localisation
wandb: Synced 5 W&B file(s), 0 media file(s), 0 artifact file(s) and 0 other file(s)
wandb: Find logs at: ./wandb/run-20260912_134137-sl2pu988/logs
t0v3: thr 0.10  F1 0.5155  IoU 0.3472  (stopped ep 35, 428s)

wandb: setting up run yrzuf20o
wandb: Tracking run with wandb version 0.29.0
wandb: Run data is saved locally in /home/dell/cv-project/wandb/run-20260912_134845-yrzuf20o
wandb: Run `wandb offline` to turn off syncing.
wandb: Syncing run unet-t0v4
wandb: ⭐️ View project at https://wandb.ai/2671907-university-of-the-witwatersrand/cv-splice-localisation
wandb: 🚀 View run at https://wandb.ai/2671907-university-of-the-witwatersrand/cv-splice-localisation/runs/yrzuf20o
  t0v4 ep 1/90  train 1.3078  val 1.2668  (12s)
  t0v4 ep 2/90  train 1.2715  val 1.2714  (12s)
  t0v4 ep 3/90  train 1.2607  val 1.2692  (12s)
  t0v4 ep 4/90  train 1.2579  val 1.2237  (12s)
  t0v4 ep 5/90  train 1.2490  val 1.2417  (12s)
  t0v4 ep 6/90  train 1.2437  val 1.2408  (12s)
  t0v4 ep 7/90  train 1.2406  val 1.2405  (12s)
  t0v4 ep 8/90  train 1.2253  val 1.2578  (12s)
  t0v4 ep 9/90  train 1.2201  val 1.2264  (12s)
  t0v4 ep 10/90  train 1.2076  val 1.3173  (12s)
  t0v4 ep 11/90  train 1.2014  val 1.2339  (12s)
  t0v4 ep 12/90  train 1.1979  val 1.1918  (12s)
  t0v4 ep 13/90  train 1.1680  val 1.2244  (12s)
  t0v4 ep 14/90  train 1.1699  val 1.4246  (12s)
  t0v4 ep 15/90  train 1.1512  val 1.1935  (12s)
  t0v4 ep 16/90  train 1.1490  val 1.2687  (12s)
  t0v4 ep 17/90  train 1.1457  val 1.4340  (12s)
  t0v4 ep 18/90  train 1.1222  val 1.1584  (12s)
  t0v4 ep 19/90  train 1.1088  val 1.2957  (12s)
  t0v4 ep 20/90  train 1.0925  val 1.2073  (12s)
  t0v4 ep 21/90  train 1.0751  val 1.2509  (12s)
  t0v4 ep 22/90  train 1.0731  val 1.2343  (12s)
  t0v4 ep 23/90  train 1.0801  val 1.1629  (12s)
  t0v4 ep 24/90  train 1.0569  val 1.3051  (12s)
  t0v4 ep 25/90  train 1.0435  val 1.1809  (12s)
  t0v4 ep 26/90  train 1.0454  val 1.1184  (12s)
  t0v4 ep 27/90  train 1.0104  val 1.1171  (12s)
  t0v4 ep 28/90  train 1.0065  val 1.2279  (12s)
  t0v4 ep 29/90  train 1.0218  val 1.1942  (12s)
  t0v4 ep 30/90  train 0.9934  val 1.0984  (12s)
  t0v4 ep 31/90  train 0.9813  val 1.1705  (12s)
  t0v4 ep 32/90  train 0.9862  val 1.2302  (12s)
  t0v4 ep 33/90  train 0.9826  val 1.1575  (12s)
  t0v4 ep 34/90  train 0.9836  val 1.1613  (12s)
  t0v4 ep 35/90  train 0.9639  val 1.2648  (12s)
  t0v4 ep 36/90  train 0.9416  val 1.1058  (12s)
  t0v4 ep 37/90  train 0.9382  val 1.1555  (12s)
  t0v4 ep 38/90  train 0.9399  val 1.0663  (12s)
  t0v4 ep 39/90  train 0.9250  val 1.1690  (12s)
  t0v4 ep 40/90  train 0.9166  val 1.1052  (12s)
  t0v4 ep 41/90  train 0.9200  val 1.1373  (12s)
  t0v4 ep 42/90  train 0.9010  val 1.0925  (12s)
  t0v4 ep 43/90  train 0.8863  val 1.0824  (12s)
  t0v4 ep 44/90  train 0.8809  val 1.0735  (12s)
  t0v4 ep 45/90  train 0.8819  val 1.1193  (12s)
  t0v4 ep 46/90  train 0.8650  val 1.1705  (12s)
  t0v4 ep 47/90  train 0.8664  val 1.2184  (12s)
  t0v4 ep 48/90  train 0.8608  val 1.1163  (12s)
  early stop at epoch 48 (best val 1.0663)
wandb: updating run metadata
wandb: uploading output.log; uploading wandb-summary.json; uploading config.yaml
wandb: uploading data
wandb: 
wandb: Run history:
wandb:     best_val_loss ▁
wandb: diag/pre_norm_sum ▇▇█████▇██▇██▇▇▅██▆█▆██▁███████▃███▇██▇▃
wandb:  diag/weight_norm ▄▃▂▃▂▂▂▂▁▂▂▂▂▂▂▃▃▄▄▅▅▅▆▇▇█▇▇▇▆▇▆▇▇▇▇▇▇██
wandb:             epoch ▁▁▁▁▂▂▂▂▂▂▃▃▃▃▃▄▄▄▄▄▅▅▅▅▅▅▆▆▆▆▆▇▇▇▇▇▇███
wandb:   first_nan_epoch ▁
wandb:   skipped_batches ▁▁▁▁▁▁▁▁▁▁▁▁▁▁▁▁▁▁▁▁▁▁▁▁▁▁▁▁▁▁▁▁▁▁▁▁▁▁▁▁
wandb:  stopped_at_epoch ▁
wandb:           test/f1 ▁
wandb:          test/iou ▁
wandb:    test/threshold ▁
wandb:                +2 ...
wandb: 
wandb: Run summary:
wandb:     best_val_loss 1.06625
wandb: diag/pre_norm_sum 0.99994
wandb:  diag/weight_norm 1281.30588
wandb:             epoch 48
wandb:   first_nan_epoch -1
wandb:   skipped_batches 0
wandb:  stopped_at_epoch 48
wandb:           test/f1 0.50853
wandb:          test/iou 0.34096
wandb:    test/threshold 0.45
wandb:                +2 ...
wandb: 
wandb: 🚀 View run unet-t0v4 at: https://wandb.ai/2671907-university-of-the-witwatersrand/cv-splice-localisation/runs/yrzuf20o
wandb: ⭐️ View project at: https://wandb.ai/2671907-university-of-the-witwatersrand/cv-splice-localisation
wandb: Synced 5 W&B file(s), 0 media file(s), 0 artifact file(s) and 0 other file(s)
wandb: Find logs at: ./wandb/run-20260912_134845-yrzuf20o/logs
t0v4: thr 0.45  F1 0.5085  IoU 0.3410  (stopped ep 48, 581s)

wandb: setting up run zk82i52s
wandb: Tracking run with wandb version 0.29.0
wandb: Run data is saved locally in /home/dell/cv-project/wandb/run-20260912_135826-zk82i52s
wandb: Run `wandb offline` to turn off syncing.
wandb: Syncing run unet-t1v0
wandb: ⭐️ View project at https://wandb.ai/2671907-university-of-the-witwatersrand/cv-splice-localisation
wandb: 🚀 View run at https://wandb.ai/2671907-university-of-the-witwatersrand/cv-splice-localisation/runs/zk82i52s
  t1v0 ep 1/90  train 1.2842  val 1.4147  (12s)
  t1v0 ep 2/90  train 1.2070  val 1.2317  (12s)
  t1v0 ep 3/90  train 1.1967  val 1.3095  (12s)
  t1v0 ep 4/90  train 1.1835  val 1.2259  (12s)
  t1v0 ep 5/90  train 1.1851  val 1.2232  (12s)
  t1v0 ep 6/90  train 1.1775  val 1.2299  (12s)
  t1v0 ep 7/90  train 1.1920  val 1.2569  (12s)
  t1v0 ep 8/90  train 1.1854  val 1.2586  (12s)
  t1v0 ep 9/90  train 1.1827  val 1.2513  (12s)
  t1v0 ep 10/90  train 1.1829  val 1.3320  (12s)
  t1v0 ep 11/90  train 1.1646  val 1.2618  (12s)
  t1v0 ep 12/90  train 1.1509  val 1.2872  (12s)
  t1v0 ep 13/90  train 1.1379  val 1.3871  (12s)
  t1v0 ep 14/90  train 1.1366  val 1.2357  (12s)
  t1v0 ep 15/90  train 1.1210  val 1.6195  (12s)
  early stop at epoch 15 (best val 1.2232)
wandb: updating run metadata
wandb: uploading output.log; uploading wandb-summary.json; uploading config.yaml
wandb: uploading history steps 14-15, summary, console lines 14-15
wandb: 
wandb: Run history:
wandb:     best_val_loss ▁
wandb: diag/pre_norm_sum █▇███▇▅▃▁█▁▃███
wandb:  diag/weight_norm ▁▁▁▁▁▂▃▃▄▄▄▅▆▇█
wandb:             epoch ▁▁▂▃▃▃▄▅▅▅▆▇▇▇█
wandb:   first_nan_epoch ▁
wandb:   skipped_batches ▁▁▁▁▁▁▁▁▁▁▁▁▁▁▁
wandb:  stopped_at_epoch ▁
wandb:           test/f1 ▁
wandb:          test/iou ▁
wandb:    test/threshold ▁
wandb:                +2 ...
wandb: 
wandb: Run summary:
wandb:     best_val_loss 1.22315
wandb: diag/pre_norm_sum 1
wandb:  diag/weight_norm 466.11902
wandb:             epoch 15
wandb:   first_nan_epoch -1
wandb:   skipped_batches 0
wandb:  stopped_at_epoch 15
wandb:           test/f1 0.36693
wandb:          test/iou 0.22469
wandb:    test/threshold 0.35
wandb:                +2 ...
wandb: 
wandb: 🚀 View run unet-t1v0 at: https://wandb.ai/2671907-university-of-the-witwatersrand/cv-splice-localisation/runs/zk82i52s
wandb: ⭐️ View project at: https://wandb.ai/2671907-university-of-the-witwatersrand/cv-splice-localisation
wandb: Synced 5 W&B file(s), 0 media file(s), 0 artifact file(s) and 0 other file(s)
wandb: Find logs at: ./wandb/run-20260912_135826-zk82i52s/logs
t1v0: thr 0.35  F1 0.3669  IoU 0.2247  (stopped ep 15, 190s)

wandb: setting up run 6entxd7x
wandb: Tracking run with wandb version 0.29.0
wandb: Run data is saved locally in /home/dell/cv-project/wandb/run-20260912_140138-6entxd7x
wandb: Run `wandb offline` to turn off syncing.
wandb: Syncing run unet-t1v2
wandb: ⭐️ View project at https://wandb.ai/2671907-university-of-the-witwatersrand/cv-splice-localisation
wandb: 🚀 View run at https://wandb.ai/2671907-university-of-the-witwatersrand/cv-splice-localisation/runs/6entxd7x
  t1v2 ep 1/90  train 1.2796  val 1.2270  (12s)
  t1v2 ep 2/90  train 1.1777  val 1.2802  (12s)
  t1v2 ep 3/90  train 1.1631  val 1.1864  (12s)
  t1v2 ep 4/90  train 1.1279  val 1.1985  (12s)
  t1v2 ep 5/90  train 1.1046  val 1.2780  (12s)
  t1v2 ep 6/90  train 1.1060  val 1.1578  (12s)
  t1v2 ep 7/90  train 1.0735  val 1.2083  (12s)
  t1v2 ep 8/90  train 1.0641  val 1.1293  (12s)
  t1v2 ep 9/90  train 1.0469  val 1.1306  (12s)
  t1v2 ep 10/90  train 1.0222  val 1.1236  (12s)
  t1v2 ep 11/90  train 1.0223  val 1.1648  (12s)
  t1v2 ep 12/90  train 0.9979  val 1.1550  (12s)
  t1v2 ep 13/90  train 0.9886  val 1.0863  (12s)
  t1v2 ep 14/90  train 0.9682  val 1.1276  (12s)
  t1v2 ep 15/90  train 0.9696  val 1.0431  (12s)
  t1v2 ep 16/90  train 0.9603  val 1.1542  (12s)
  t1v2 ep 17/90  train 0.9316  val 1.0483  (12s)
  t1v2 ep 18/90  train 0.9241  val 1.0877  (12s)
  t1v2 ep 19/90  train 0.9167  val 1.0405  (12s)
  t1v2 ep 20/90  train 0.9086  val 1.0380  (12s)
  t1v2 ep 21/90  train 0.8990  val 1.0283  (12s)
  t1v2 ep 22/90  train 0.8869  val 1.0556  (12s)
  t1v2 ep 23/90  train 0.8697  val 1.0855  (12s)
  t1v2 ep 24/90  train 0.8755  val 1.0747  (12s)
  t1v2 ep 25/90  train 0.8495  val 1.3419  (12s)
  t1v2 ep 26/90  train 0.8465  val 1.2498  (12s)
  t1v2 ep 27/90  train 0.8620  val 1.0436  (12s)
  t1v2 ep 28/90  train 0.8410  val 1.0550  (12s)
  t1v2 ep 29/90  train 0.8331  val 1.1543  (12s)
  t1v2 ep 30/90  train 0.8745  val 1.0430  (12s)
  t1v2 ep 31/90  train 0.8502  val 1.2488  (12s)
  early stop at epoch 31 (best val 1.0283)
wandb: updating run metadata
wandb: uploading output.log; uploading wandb-summary.json; uploading config.yaml
wandb: uploading history steps 30-31, summary, console lines 30-31
wandb: 
wandb: Run history:
wandb:     best_val_loss ▁
wandb: diag/pre_norm_sum ████▇███▇▆██▅▆█████▁██▅█▁██▁███
wandb:  diag/weight_norm ▁▁▁▁▁▂▂▂▂▂▂▂▂▃▃▄▄▄▅▆▆▆▇▇▇██████
wandb:             epoch ▁▁▁▂▂▂▂▃▃▃▃▄▄▄▄▅▅▅▅▅▆▆▆▆▇▇▇▇███
wandb:   first_nan_epoch ▁
wandb:   skipped_batches ▁▁▁▁▁▁▁▁▁▁▁▁▁▁▁▁▁▁▁▁▁▁▁▁▁▁▁▁▁▁▁
wandb:  stopped_at_epoch ▁
wandb:           test/f1 ▁
wandb:          test/iou ▁
wandb:    test/threshold ▁
wandb:                +2 ...
wandb: 
wandb: Run summary:
wandb:     best_val_loss 1.02832
wandb: diag/pre_norm_sum 1.0
wandb:  diag/weight_norm 499.86419
wandb:             epoch 31
wandb:   first_nan_epoch -1
wandb:   skipped_batches 0
wandb:  stopped_at_epoch 31
wandb:           test/f1 0.54678
wandb:          test/iou 0.37625
wandb:    test/threshold 0.1
wandb:                +2 ...
wandb: 
wandb: 🚀 View run unet-t1v2 at: https://wandb.ai/2671907-university-of-the-witwatersrand/cv-splice-localisation/runs/6entxd7x
wandb: ⭐️ View project at: https://wandb.ai/2671907-university-of-the-witwatersrand/cv-splice-localisation
wandb: Synced 5 W&B file(s), 0 media file(s), 0 artifact file(s) and 0 other file(s)
wandb: Find logs at: ./wandb/run-20260912_140138-6entxd7x/logs
t1v2: thr 0.10  F1 0.5468  IoU 0.3763  (stopped ep 31, 382s)

wandb: setting up run svvs8p7x
wandb: Tracking run with wandb version 0.29.0
wandb: Run data is saved locally in /home/dell/cv-project/wandb/run-20260912_140758-svvs8p7x
wandb: Run `wandb offline` to turn off syncing.
wandb: Syncing run unet-t1v3
wandb: ⭐️ View project at https://wandb.ai/2671907-university-of-the-witwatersrand/cv-splice-localisation
wandb: 🚀 View run at https://wandb.ai/2671907-university-of-the-witwatersrand/cv-splice-localisation/runs/svvs8p7x
  t1v3 ep 1/90  train 1.2929  val 1.2378  (12s)
  t1v3 ep 2/90  train 1.2304  val 1.2752  (12s)
  t1v3 ep 3/90  train 1.2128  val 1.2442  (12s)
  t1v3 ep 4/90  train 1.2030  val 1.2039  (12s)
  t1v3 ep 5/90  train 1.1952  val 1.2241  (12s)
  t1v3 ep 6/90  train 1.1734  val 1.2220  (12s)
  t1v3 ep 7/90  train 1.1663  val 1.4021  (12s)
  t1v3 ep 8/90  train 1.1544  val 1.1832  (12s)
  t1v3 ep 9/90  train 1.1609  val 1.2187  (12s)
  t1v3 ep 10/90  train 1.1355  val 1.1764  (12s)
  t1v3 ep 11/90  train 1.1288  val 1.1771  (12s)
  t1v3 ep 12/90  train 1.1216  val 1.1929  (12s)
  t1v3 ep 13/90  train 1.1051  val 1.1824  (12s)
  t1v3 ep 14/90  train 1.0876  val 1.1677  (12s)
  t1v3 ep 15/90  train 1.0864  val 1.1515  (12s)
  t1v3 ep 16/90  train 1.0784  val 1.2067  (12s)
  t1v3 ep 17/90  train 1.0785  val 1.1317  (12s)
  t1v3 ep 18/90  train 1.0633  val 1.1470  (12s)
  t1v3 ep 19/90  train 1.0469  val 1.1503  (12s)
  t1v3 ep 20/90  train 1.0500  val 1.1433  (12s)
  t1v3 ep 21/90  train 1.0492  val 1.1984  (12s)
  t1v3 ep 22/90  train 1.0407  val 1.2632  (12s)
  t1v3 ep 23/90  train 1.0312  val 1.1303  (12s)
  t1v3 ep 24/90  train 1.0242  val 1.1436  (12s)
  t1v3 ep 25/90  train 1.0191  val 1.1616  (12s)
  t1v3 ep 26/90  train 1.0131  val 1.2065  (12s)
  t1v3 ep 27/90  train 1.0052  val 1.7388  (12s)
  t1v3 ep 28/90  train 1.0252  val 1.1355  (12s)
  t1v3 ep 29/90  train 1.0240  val 1.1794  (12s)
  t1v3 ep 30/90  train 0.9996  val 1.1491  (12s)
  t1v3 ep 31/90  train 1.0054  val 1.1043  (12s)
  t1v3 ep 32/90  train 0.9969  val 1.1894  (12s)
  t1v3 ep 33/90  train 0.9587  val 1.1160  (12s)
  t1v3 ep 34/90  train 0.9772  val 1.2074  (12s)
  t1v3 ep 35/90  train 0.9731  val 1.0978  (12s)
  t1v3 ep 36/90  train 0.9720  val 1.1573  (12s)
  t1v3 ep 37/90  train 0.9245  val 1.2361  (12s)
  t1v3 ep 38/90  train 0.9400  val 1.1209  (12s)
  t1v3 ep 39/90  train 0.9334  val 1.1060  (12s)
  t1v3 ep 40/90  train 0.9130  val 1.2414  (12s)
  t1v3 ep 41/90  train 0.8985  val 1.1142  (12s)
  t1v3 ep 42/90  train 0.9025  val 1.1736  (12s)
  t1v3 ep 43/90  train 0.8979  val 1.1612  (12s)
  t1v3 ep 44/90  train 0.9025  val 1.1958  (12s)
  t1v3 ep 45/90  train 0.8846  val 1.1855  (12s)
  early stop at epoch 45 (best val 1.0978)
wandb: updating run metadata
wandb: uploading wandb-summary.json; uploading config.yaml; uploading output.log
wandb: uploading wandb-summary.json; uploading config.yaml
wandb: 
wandb: Run history:
wandb:     best_val_loss ▁
wandb: diag/pre_norm_sum █▇▇█▇▆▇█▆▆▇▇▇▇▇██▆█▆███▇█▆▆▁▆██▃█▃██▆██▃
wandb:  diag/weight_norm ▁▁▁▁▁▂▂▂▂▂▂▂▂▂▃▃▃▃▃▃▃▃▄▄▄▄▄▅▅▅▆▆▆▆▇▇▇▇▇█
wandb:             epoch ▁▁▁▁▂▂▂▂▂▃▃▃▃▃▃▄▄▄▄▄▅▅▅▅▅▅▆▆▆▆▆▆▇▇▇▇▇███
wandb:   first_nan_epoch ▁
wandb:   skipped_batches ▁▁▁▁▁▁▁▁▁▁▁▁▁▁▁▁▁▁▁▁▁▁▁▁▁▁▁▁▁▁▁▁▁▁▁▁▁▁▁▁
wandb:  stopped_at_epoch ▁
wandb:           test/f1 ▁
wandb:          test/iou ▁
wandb:    test/threshold ▁
wandb:                +2 ...
wandb: 
wandb: Run summary:
wandb:     best_val_loss 1.09783
wandb: diag/pre_norm_sum 0.99999
wandb:  diag/weight_norm 306.56991
wandb:             epoch 45
wandb:   first_nan_epoch -1
wandb:   skipped_batches 0
wandb:  stopped_at_epoch 45
wandb:           test/f1 0.49249
wandb:          test/iou 0.3267
wandb:    test/threshold 0.45
wandb:                +2 ...
wandb: 
wandb: 🚀 View run unet-t1v3 at: https://wandb.ai/2671907-university-of-the-witwatersrand/cv-splice-localisation/runs/svvs8p7x
wandb: ⭐️ View project at: https://wandb.ai/2671907-university-of-the-witwatersrand/cv-splice-localisation
wandb: Synced 5 W&B file(s), 0 media file(s), 0 artifact file(s) and 0 other file(s)
wandb: Find logs at: ./wandb/run-20260912_140758-svvs8p7x/logs
t1v3: thr 0.45  F1 0.4925  IoU 0.3267  (stopped ep 45, 546s)

wandb: setting up run y29t1j4n
wandb: Tracking run with wandb version 0.29.0
wandb: Run data is saved locally in /home/dell/cv-project/wandb/run-20260912_141705-y29t1j4n
wandb: Run `wandb offline` to turn off syncing.
wandb: Syncing run unet-t1v4
wandb: ⭐️ View project at https://wandb.ai/2671907-university-of-the-witwatersrand/cv-splice-localisation
wandb: 🚀 View run at https://wandb.ai/2671907-university-of-the-witwatersrand/cv-splice-localisation/runs/y29t1j4n
  t1v4 ep 1/90  train 1.2807  val 1.2156  (12s)
  t1v4 ep 2/90  train 1.2123  val 1.2166  (12s)
  t1v4 ep 3/90  train 1.2031  val 1.2238  (12s)
  t1v4 ep 4/90  train 1.1951  val 1.2740  (12s)
  t1v4 ep 5/90  train 1.1904  val 1.2557  (12s)
  t1v4 ep 6/90  train 1.1731  val 1.3643  (12s)
  t1v4 ep 7/90  train 1.1749  val 1.1803  (12s)
  t1v4 ep 8/90  train 1.1561  val 1.3612  (12s)
  t1v4 ep 9/90  train 1.1379  val 1.1873  (12s)
  t1v4 ep 10/90  train 1.1323  val 1.3153  (12s)
  t1v4 ep 11/90  train 1.1059  val 1.1553  (12s)
  t1v4 ep 12/90  train 1.0870  val 1.1321  (12s)
  t1v4 ep 13/90  train 1.0682  val 1.1217  (12s)
  t1v4 ep 14/90  train 1.0520  val 1.1622  (12s)
  t1v4 ep 15/90  train 1.0452  val 1.1431  (12s)
  t1v4 ep 16/90  train 1.0253  val 1.1784  (12s)
  t1v4 ep 17/90  train 1.0096  val 1.0977  (12s)
  t1v4 ep 18/90  train 1.0099  val 1.0872  (12s)
  t1v4 ep 19/90  train 0.9994  val 1.0969  (12s)
  t1v4 ep 20/90  train 0.9998  val 1.1507  (12s)
  t1v4 ep 21/90  train 1.0064  val 1.1110  (12s)
  t1v4 ep 22/90  train 1.0351  val 1.1434  (12s)
  t1v4 ep 23/90  train 1.0438  val 1.4642  (12s)
  t1v4 ep 24/90  train 1.0429  val 1.2513  (12s)
  t1v4 ep 25/90  train 1.0333  val 1.1287  (12s)
  t1v4 ep 26/90  train 1.0357  val 1.1632  (12s)
  t1v4 ep 27/90  train 1.0105  val 1.1862  (12s)
  t1v4 ep 28/90  train 0.9871  val 1.0751  (12s)
  t1v4 ep 29/90  train 0.9627  val 1.0782  (12s)
  t1v4 ep 30/90  train 0.9446  val 1.1381  (12s)
  t1v4 ep 31/90  train 0.9488  val 1.0932  (12s)
  t1v4 ep 32/90  train 0.9168  val 1.0723  (12s)
  t1v4 ep 33/90  train 0.9185  val 1.1374  (12s)
  t1v4 ep 34/90  train 0.9073  val 1.0661  (12s)
  t1v4 ep 35/90  train 0.8901  val 1.0620  (12s)
  t1v4 ep 36/90  train 0.8600  val 1.0970  (12s)
  t1v4 ep 37/90  train 0.8720  val 1.0935  (12s)
  t1v4 ep 38/90  train 0.8444  val 1.0760  (12s)
  t1v4 ep 39/90  train 0.8477  val 1.0328  (12s)
  t1v4 ep 40/90  train 0.8217  val 1.1584  (12s)
  t1v4 ep 41/90  train 0.8186  val 1.0423  (12s)
  t1v4 ep 42/90  train 0.8017  val 1.1004  (12s)
  t1v4 ep 43/90  train 0.7755  val 1.0188  (12s)
  t1v4 ep 44/90  train 0.7630  val 1.0197  (12s)
  t1v4 ep 45/90  train 0.7425  val 1.0508  (12s)
  t1v4 ep 46/90  train 0.7663  val 0.9879  (12s)
  t1v4 ep 47/90  train 0.7397  val 1.0323  (12s)
  t1v4 ep 48/90  train 0.7291  val 1.0323  (12s)
  t1v4 ep 49/90  train 0.7280  val 1.0447  (12s)
  t1v4 ep 50/90  train 0.6972  val 1.0209  (12s)
  t1v4 ep 51/90  train 0.6993  val 1.0256  (12s)
  t1v4 ep 52/90  train 0.6799  val 1.0370  (12s)
  t1v4 ep 53/90  train 0.6782  val 1.0334  (12s)
  t1v4 ep 54/90  train 0.6731  val 1.0603  (12s)
  t1v4 ep 55/90  train 0.6645  val 1.0203  (12s)
  t1v4 ep 56/90  train 0.6520  val 1.1022  (12s)
  early stop at epoch 56 (best val 0.9879)
wandb: updating run metadata
wandb: uploading wandb-summary.json; uploading config.yaml; uploading output.log
wandb: 
wandb: Run history:
wandb:     best_val_loss ▁
wandb: diag/pre_norm_sum ████▇█▅█▇▆▇▆█▇▇▆█████▅▅▄▃█▆▇██▇▂▆▅▆▆▇▆▇▁
wandb:  diag/weight_norm ▁▁▁▂▃▅▅▆▇█▆▇▇▇▇▆▆▆▆▆▇▇▇▇▇▆▆▆▆▆▆▇▇▇▇▇▇▇▇█
wandb:             epoch ▁▁▁▁▂▂▂▂▂▂▃▃▃▃▃▄▄▄▄▄▅▅▅▅▅▅▆▆▆▆▆▆▇▇▇▇▇▇██
wandb:   first_nan_epoch ▁
wandb:   skipped_batches ▁▁▁▁▁▁▁▁▁▁▁▁▁▁▁▁▁▁▁▁▁▁▁▁▁▁▁▁▁▁▁▁▁▁▁▁▁▁▁▁
wandb:  stopped_at_epoch ▁
wandb:           test/f1 ▁
wandb:          test/iou ▁
wandb:    test/threshold ▁
wandb:                +2 ...
wandb: 
wandb: Run summary:
wandb:     best_val_loss 0.98789
wandb: diag/pre_norm_sum 0.99994
wandb:  diag/weight_norm 593.69966
wandb:             epoch 56
wandb:   first_nan_epoch -1
wandb:   skipped_batches 0
wandb:  stopped_at_epoch 56
wandb:           test/f1 0.56434
wandb:          test/iou 0.39308
wandb:    test/threshold 0.35
wandb:                +2 ...
wandb: 
wandb: 🚀 View run unet-t1v4 at: https://wandb.ai/2671907-university-of-the-witwatersrand/cv-splice-localisation/runs/y29t1j4n
wandb: ⭐️ View project at: https://wandb.ai/2671907-university-of-the-witwatersrand/cv-splice-localisation
wandb: Synced 5 W&B file(s), 0 media file(s), 0 artifact file(s) and 0 other file(s)
wandb: Find logs at: ./wandb/run-20260912_141705-y29t1j4n/logs
t1v4: thr 0.35  F1 0.5643  IoU 0.3931  (stopped ep 56, 677s)

wandb: setting up run qmlv0db4
wandb: Tracking run with wandb version 0.29.0
wandb: Run data is saved locally in /home/dell/cv-project/wandb/run-20260912_142822-qmlv0db4
wandb: Run `wandb offline` to turn off syncing.
wandb: Syncing run unet-t2v0
wandb: ⭐️ View project at https://wandb.ai/2671907-university-of-the-witwatersrand/cv-splice-localisation
wandb: 🚀 View run at https://wandb.ai/2671907-university-of-the-witwatersrand/cv-splice-localisation/runs/qmlv0db4
  t2v0 ep 1/90  train 1.2870  val 1.2689  (12s)
  t2v0 ep 2/90  train 1.2271  val 1.2754  (12s)
  t2v0 ep 3/90  train 1.1967  val 1.6900  (12s)
  t2v0 ep 4/90  train 1.1864  val 1.2122  (12s)
  t2v0 ep 5/90  train 1.1875  val 1.1982  (12s)
  t2v0 ep 6/90  train 1.1784  val 1.1734  (12s)
  t2v0 ep 7/90  train 1.1339  val 1.2497  (12s)
  t2v0 ep 8/90  train 1.1261  val 1.2055  (12s)
  t2v0 ep 9/90  train 1.0878  val 1.2518  (12s)
  t2v0 ep 10/90  train 1.0781  val 1.1851  (12s)
  t2v0 ep 11/90  train 1.0992  val 1.2055  (12s)
  t2v0 ep 12/90  train 1.0975  val 1.2479  (12s)
  t2v0 ep 13/90  train 1.0739  val 1.2129  (12s)
  t2v0 ep 14/90  train 1.0724  val 1.2481  (12s)
  t2v0 ep 15/90  train 1.0601  val 1.1351  (12s)
  t2v0 ep 16/90  train 1.0408  val 1.2474  (12s)
  t2v0 ep 17/90  train 1.0560  val 1.4282  (12s)
  t2v0 ep 18/90  train 1.0265  val 1.1361  (12s)
  t2v0 ep 19/90  train 1.0586  val 1.1936  (12s)
  t2v0 ep 20/90  train 1.0428  val 1.2698  (12s)
  t2v0 ep 21/90  train 1.0502  val 1.2494  (12s)
  t2v0 ep 22/90  train 1.0166  val 1.1280  (12s)
  t2v0 ep 23/90  train 1.0345  val 1.2126  (12s)
  t2v0 ep 24/90  train 1.0443  val 1.1279  (12s)
  t2v0 ep 25/90  train 1.0417  val 1.2050  (12s)
  t2v0 ep 26/90  train 1.0135  val 1.2334  (12s)
  t2v0 ep 27/90  train 1.0734  val 1.2023  (12s)
  t2v0 ep 28/90  train 1.0050  val 1.2240  (12s)
  t2v0 ep 29/90  train 0.9777  val 1.1034  (12s)
  t2v0 ep 30/90  train 0.9979  val 1.2018  (12s)
  t2v0 ep 31/90  train 0.9934  val 1.1310  (12s)
  t2v0 ep 32/90  train 0.9469  val 1.0926  (12s)
  t2v0 ep 33/90  train 0.9451  val 1.1384  (12s)
  t2v0 ep 34/90  train 0.9178  val 1.0722  (12s)
  t2v0 ep 35/90  train 0.9020  val 1.0627  (12s)
  t2v0 ep 36/90  train 0.9424  val 1.4031  (12s)
  t2v0 ep 37/90  train 0.9207  val 1.1580  (12s)
  t2v0 ep 38/90  train 0.8894  val 1.0867  (12s)
  t2v0 ep 39/90  train 0.9042  val 1.1803  (12s)
  t2v0 ep 40/90  train 0.8680  val 1.2098  (12s)
  t2v0 ep 41/90  train 0.8537  val 1.6865  (12s)
  t2v0 ep 42/90  train 0.8607  val 1.3429  (12s)
  t2v0 ep 43/90  train 0.8895  val 1.2195  (12s)
  t2v0 ep 44/90  train 0.8436  val 1.0688  (12s)
  t2v0 ep 45/90  train 0.8594  val 1.2638  (12s)
  early stop at epoch 45 (best val 1.0627)
wandb: updating run metadata
wandb: uploading output.log; uploading wandb-summary.json; uploading config.yaml
wandb: uploading history steps 44-45, summary, console lines 44-45
wandb: 
wandb: Run history:
wandb:     best_val_loss ▁
wandb: diag/pre_norm_sum ▆▁▅▅▅█▆▅▅▇▆▃████▅▆▇▇███▇▇███████████████
wandb:  diag/weight_norm ▁▁▂▂▂▂▃▃▃▃▄▃▃▃▃▃▄▄▄▄▄▅▅▅▆▆▆▆▆▆▆▇▇▇▇▇████
wandb:             epoch ▁▁▁▁▂▂▂▂▂▃▃▃▃▃▃▄▄▄▄▄▅▅▅▅▅▅▆▆▆▆▆▆▇▇▇▇▇███
wandb:   first_nan_epoch ▁
wandb:   skipped_batches ▁▁▁▁▁▁▁▁▁▁▁▁▁▁▁▁▁▁▁▁▁▁▁▁▁▁▁▁▁▁▁▁▁▁▁▁▁▁▁▁
wandb:  stopped_at_epoch ▁
wandb:           test/f1 ▁
wandb:          test/iou ▁
wandb:    test/threshold ▁
wandb:                +2 ...
wandb: 
wandb: Run summary:
wandb:     best_val_loss 1.06268
wandb: diag/pre_norm_sum 1.0
wandb:  diag/weight_norm 79.38307
wandb:             epoch 45
wandb:   first_nan_epoch -1
wandb:   skipped_batches 0
wandb:  stopped_at_epoch 45
wandb:           test/f1 0.50953
wandb:          test/iou 0.34186
wandb:    test/threshold 0.25
wandb:                +2 ...
wandb: 
wandb: 🚀 View run unet-t2v0 at: https://wandb.ai/2671907-university-of-the-witwatersrand/cv-splice-localisation/runs/qmlv0db4
wandb: ⭐️ View project at: https://wandb.ai/2671907-university-of-the-witwatersrand/cv-splice-localisation
wandb: Synced 5 W&B file(s), 0 media file(s), 0 artifact file(s) and 0 other file(s)
wandb: Find logs at: ./wandb/run-20260912_142822-qmlv0db4/logs
t2v0: thr 0.25  F1 0.5095  IoU 0.3419  (stopped ep 45, 548s)

wandb: setting up run vcr8nh68
wandb: Tracking run with wandb version 0.29.0
wandb: Run data is saved locally in /home/dell/cv-project/wandb/run-20260912_143729-vcr8nh68
wandb: Run `wandb offline` to turn off syncing.
wandb: Syncing run unet-t2v1
wandb: ⭐️ View project at https://wandb.ai/2671907-university-of-the-witwatersrand/cv-splice-localisation
wandb: 🚀 View run at https://wandb.ai/2671907-university-of-the-witwatersrand/cv-splice-localisation/runs/vcr8nh68
  t2v1 ep 1/90  train 1.2868  val 1.2379  (12s)
  t2v1 ep 2/90  train 1.2001  val 1.2231  (12s)
  t2v1 ep 3/90  train 1.1818  val 1.2470  (12s)
  t2v1 ep 4/90  train 1.1674  val 1.2424  (12s)
  t2v1 ep 5/90  train 1.1601  val 1.2362  (12s)
  t2v1 ep 6/90  train 1.1486  val 1.1757  (12s)
  t2v1 ep 7/90  train 1.1279  val 1.3560  (12s)
  t2v1 ep 8/90  train 1.1263  val 1.2100  (12s)
  t2v1 ep 9/90  train 1.0879  val 1.1708  (12s)
  t2v1 ep 10/90  train 1.0740  val 1.2615  (12s)
  t2v1 ep 11/90  train 1.0864  val 1.1702  (12s)
  t2v1 ep 12/90  train 1.0529  val 1.3017  (12s)
  t2v1 ep 13/90  train 1.0559  val 1.1407  (12s)
  t2v1 ep 14/90  train 1.0512  val 1.0978  (12s)
  t2v1 ep 15/90  train 1.0158  val 1.2821  (12s)
  t2v1 ep 16/90  train 1.0400  val 1.1662  (12s)
  t2v1 ep 17/90  train 1.0410  val 1.1330  (12s)
  t2v1 ep 18/90  train 1.0296  val 1.2027  (12s)
  t2v1 ep 19/90  train 1.0220  val 1.1758  (12s)
  t2v1 ep 20/90  train 1.0139  val 1.1051  (12s)
  t2v1 ep 21/90  train 1.0230  val 1.1075  (12s)
  t2v1 ep 22/90  train 0.9944  val 1.2644  (12s)
  t2v1 ep 23/90  train 0.9625  val 1.1545  (12s)
  t2v1 ep 24/90  train 0.9813  val 1.0912  (12s)
  t2v1 ep 25/90  train 0.9296  val 1.2058  (12s)
  t2v1 ep 26/90  train 0.9112  val 1.0678  (12s)
  t2v1 ep 27/90  train 0.9145  val 1.0974  (12s)
  t2v1 ep 28/90  train 0.8944  val 1.0177  (12s)
  t2v1 ep 29/90  train 0.8699  val 1.0609  (12s)
  t2v1 ep 30/90  train 0.8461  val 1.1258  (12s)
  t2v1 ep 31/90  train 0.8412  val 1.0307  (12s)
  t2v1 ep 32/90  train 0.8062  val 1.0617  (12s)
  t2v1 ep 33/90  train 0.8000  val 0.9935  (12s)
  t2v1 ep 34/90  train 0.7954  val 1.0360  (12s)
  t2v1 ep 35/90  train 0.7782  val 1.0555  (12s)
  t2v1 ep 36/90  train 0.7691  val 1.0174  (12s)
  t2v1 ep 37/90  train 0.7601  val 1.1041  (12s)
  t2v1 ep 38/90  train 0.7280  val 1.0549  (12s)
  t2v1 ep 39/90  train 0.7282  val 1.0442  (12s)
  t2v1 ep 40/90  train 0.7437  val 0.9784  (12s)
  t2v1 ep 41/90  train 0.7118  val 1.0799  (12s)
  t2v1 ep 42/90  train 0.6848  val 0.9704  (12s)
  t2v1 ep 43/90  train 0.6770  val 0.9527  (12s)
  t2v1 ep 44/90  train 0.6802  val 1.0575  (12s)
  t2v1 ep 45/90  train 0.6621  val 1.1723  (12s)
  t2v1 ep 46/90  train 0.6584  val 1.0025  (12s)
  t2v1 ep 47/90  train 0.6580  val 0.9725  (12s)
  t2v1 ep 48/90  train 0.6677  val 1.0200  (12s)
  t2v1 ep 49/90  train 0.6329  val 1.0395  (12s)
  t2v1 ep 50/90  train 0.6022  val 0.9428  (12s)
  t2v1 ep 51/90  train 0.6027  val 0.9859  (12s)
  t2v1 ep 52/90  train 0.6222  val 1.0043  (12s)
  t2v1 ep 53/90  train 0.6104  val 0.9643  (12s)
  t2v1 ep 54/90  train 0.5942  val 1.0081  (12s)
  t2v1 ep 55/90  train 0.6053  val 1.0223  (12s)
  t2v1 ep 56/90  train 0.5793  val 0.9822  (12s)
  t2v1 ep 57/90  train 0.5660  val 0.9639  (12s)
  t2v1 ep 58/90  train 0.5581  val 1.0318  (12s)
  t2v1 ep 59/90  train 0.5362  val 1.1031  (12s)
  t2v1 ep 60/90  train 0.5340  val 0.9852  (12s)
  early stop at epoch 60 (best val 0.9428)
wandb: updating run metadata
wandb: uploading output.log; uploading wandb-summary.json; uploading config.yaml
wandb: uploading history steps 59-60, summary, console lines 59-60
wandb: 
wandb: Run history:
wandb:     best_val_loss ▁
wandb: diag/pre_norm_sum ███▆██▇█▇███████████████▅███▁▆▅▇▃█▆▆▆▇▆▇
wandb:  diag/weight_norm ▁▁▁▁▂▂▂▂▂▂▃▃▃▃▃▃▃▄▄▄▄▄▄▄▄▅▅▅▅▅▅▅▅▅▆▆▆▆██
wandb:             epoch ▁▁▁▁▂▂▂▂▂▂▃▃▃▃▃▃▄▄▄▄▄▅▅▅▅▆▆▆▆▆▇▇▇▇▇▇████
wandb:   first_nan_epoch ▁
wandb:   skipped_batches ▁▁▁▁▁▁▁▁▁▁▁▁▁▁▁▁▁▁▁▁▁▁▁▁▁▁▁▁▁▁▁▁▁▁▁▁▁▁▁▁
wandb:  stopped_at_epoch ▁
wandb:           test/f1 ▁
wandb:          test/iou ▁
wandb:    test/threshold ▁
wandb:                +2 ...
wandb: 
wandb: Run summary:
wandb:     best_val_loss 0.94277
wandb: diag/pre_norm_sum 1.0
wandb:  diag/weight_norm 164.11424
wandb:             epoch 60
wandb:   first_nan_epoch -1
wandb:   skipped_batches 0
wandb:  stopped_at_epoch 60
wandb:           test/f1 0.54044
wandb:          test/iou 0.37028
wandb:    test/threshold 0.15
wandb:                +2 ...
wandb: 
wandb: 🚀 View run unet-t2v1 at: https://wandb.ai/2671907-university-of-the-witwatersrand/cv-splice-localisation/runs/vcr8nh68
wandb: ⭐️ View project at: https://wandb.ai/2671907-university-of-the-witwatersrand/cv-splice-localisation
wandb: Synced 5 W&B file(s), 0 media file(s), 0 artifact file(s) and 0 other file(s)
wandb: Find logs at: ./wandb/run-20260912_143729-vcr8nh68/logs
t2v1: thr 0.15  F1 0.5404  IoU 0.3703  (stopped ep 60, 725s)

wandb: setting up run 2bnsoe02
wandb: Tracking run with wandb version 0.29.0
wandb: Run data is saved locally in /home/dell/cv-project/wandb/run-20260912_144935-2bnsoe02
wandb: Run `wandb offline` to turn off syncing.
wandb: Syncing run unet-t2v3
wandb: ⭐️ View project at https://wandb.ai/2671907-university-of-the-witwatersrand/cv-splice-localisation
wandb: 🚀 View run at https://wandb.ai/2671907-university-of-the-witwatersrand/cv-splice-localisation/runs/2bnsoe02
  t2v3 ep 1/90  train 1.2534  val 1.2318  (12s)
  t2v3 ep 2/90  train 1.2014  val 1.2063  (12s)
  t2v3 ep 3/90  train 1.1872  val 1.2566  (12s)
  t2v3 ep 4/90  train 1.1712  val 1.1876  (12s)
  t2v3 ep 5/90  train 1.1479  val 1.2091  (12s)
  t2v3 ep 6/90  train 1.1320  val 1.5361  (12s)
  t2v3 ep 7/90  train 1.1002  val 1.1609  (12s)
  t2v3 ep 8/90  train 1.0714  val 1.1882  (12s)
  t2v3 ep 9/90  train 1.0780  val 1.2054  (12s)
  t2v3 ep 10/90  train 1.0429  val 1.1440  (12s)
  t2v3 ep 11/90  train 1.0118  val 1.1280  (12s)
  t2v3 ep 12/90  train 1.0082  val 1.1230  (12s)
  t2v3 ep 13/90  train 0.9937  val 1.1097  (12s)
  t2v3 ep 14/90  train 0.9792  val 1.1145  (12s)
  t2v3 ep 15/90  train 0.9653  val 1.1253  (12s)
  t2v3 ep 16/90  train 0.9463  val 1.1209  (12s)
  t2v3 ep 17/90  train 0.9348  val 1.1085  (12s)
  t2v3 ep 18/90  train 0.9153  val 1.2181  (12s)
  t2v3 ep 19/90  train 0.9065  val 1.0977  (12s)
  t2v3 ep 20/90  train 0.8613  val 1.1590  (12s)
  t2v3 ep 21/90  train 0.8694  val 1.0653  (12s)
  t2v3 ep 22/90  train 0.8454  val 1.0434  (12s)
  t2v3 ep 23/90  train 0.8190  val 1.0569  (12s)
  t2v3 ep 24/90  train 0.7967  val 1.0186  (12s)
  t2v3 ep 25/90  train 0.8113  val 1.0338  (12s)
  t2v3 ep 26/90  train 0.7882  val 0.9901  (12s)
  t2v3 ep 27/90  train 0.7674  val 1.0392  (12s)
  t2v3 ep 28/90  train 0.7729  val 1.0479  (12s)
  t2v3 ep 29/90  train 0.7577  val 1.0152  (12s)
  t2v3 ep 30/90  train 0.7295  val 1.0524  (12s)
  t2v3 ep 31/90  train 0.7077  val 1.1111  (12s)
  t2v3 ep 32/90  train 0.7190  val 1.0189  (12s)
  t2v3 ep 33/90  train 0.6909  val 1.0775  (12s)
  t2v3 ep 34/90  train 0.6533  val 1.0686  (12s)
  t2v3 ep 35/90  train 0.6811  val 1.0263  (12s)
  t2v3 ep 36/90  train 0.6587  val 1.0776  (12s)
  early stop at epoch 36 (best val 0.9901)
wandb: updating run metadata
wandb: uploading output.log; uploading wandb-summary.json; uploading config.yaml
wandb: uploading wandb-summary.json; uploading config.yaml
wandb: 
wandb: Run history:
wandb:     best_val_loss ▁
wandb: diag/pre_norm_sum ██▇████▇▇▆▇▇▃▁▆▅██▅███▄▄█▆▁███▇█▇▅▁▃
wandb:  diag/weight_norm ▁▁▁▂▂▂▃▃▃▃▃▄▄▅▅▅▅▅▆▆▆▆▆▆▆▆▆▆▇▇▇▇████
wandb:             epoch ▁▁▁▂▂▂▂▂▃▃▃▃▃▄▄▄▄▄▅▅▅▅▅▆▆▆▆▆▇▇▇▇▇███
wandb:   first_nan_epoch ▁
wandb:   skipped_batches ▁▁▁▁▁▁▁▁▁▁▁▁▁▁▁▁▁▁▁▁▁▁▁▁▁▁▁▁▁▁▁▁▁▁▁▁
wandb:  stopped_at_epoch ▁
wandb:           test/f1 ▁
wandb:          test/iou ▁
wandb:    test/threshold ▁
wandb:                +2 ...
wandb: 
wandb: Run summary:
wandb:     best_val_loss 0.99007
wandb: diag/pre_norm_sum 0.99998
wandb:  diag/weight_norm 378.10926
wandb:             epoch 36
wandb:   first_nan_epoch -1
wandb:   skipped_batches 0
wandb:  stopped_at_epoch 36
wandb:           test/f1 0.54101
wandb:          test/iou 0.37081
wandb:    test/threshold 0.3
wandb:                +2 ...
wandb: 
wandb: 🚀 View run unet-t2v3 at: https://wandb.ai/2671907-university-of-the-witwatersrand/cv-splice-localisation/runs/2bnsoe02
wandb: ⭐️ View project at: https://wandb.ai/2671907-university-of-the-witwatersrand/cv-splice-localisation
wandb: Synced 5 W&B file(s), 0 media file(s), 0 artifact file(s) and 0 other file(s)
wandb: Find logs at: ./wandb/run-20260912_144935-2bnsoe02/logs
t2v3: thr 0.30  F1 0.5410  IoU 0.3708  (stopped ep 36, 440s)

wandb: setting up run 476vftty
wandb: Tracking run with wandb version 0.29.0
wandb: Run data is saved locally in /home/dell/cv-project/wandb/run-20260912_145656-476vftty
wandb: Run `wandb offline` to turn off syncing.
wandb: Syncing run unet-t2v4
wandb: ⭐️ View project at https://wandb.ai/2671907-university-of-the-witwatersrand/cv-splice-localisation
wandb: 🚀 View run at https://wandb.ai/2671907-university-of-the-witwatersrand/cv-splice-localisation/runs/476vftty
  t2v4 ep 1/90  train 1.3063  val 1.2343  (12s)
  t2v4 ep 2/90  train 1.2369  val 1.2754  (12s)
  t2v4 ep 3/90  train 1.2125  val 1.2419  (12s)
  t2v4 ep 4/90  train 1.2072  val 1.2096  (12s)
  t2v4 ep 5/90  train 1.1950  val 1.2176  (12s)
  t2v4 ep 6/90  train 1.1744  val 1.7593  (12s)
  t2v4 ep 7/90  train 1.1678  val 1.2189  (12s)
  t2v4 ep 8/90  train 1.1575  val 1.2244  (12s)
  t2v4 ep 9/90  train 1.1507  val 1.1600  (12s)
  t2v4 ep 10/90  train 1.1267  val 1.1846  (12s)
  t2v4 ep 11/90  train 1.1212  val 1.2020  (12s)
  t2v4 ep 12/90  train 1.1014  val 1.2204  (12s)
  t2v4 ep 13/90  train 1.0938  val 1.1730  (12s)
  t2v4 ep 14/90  train 1.0680  val 1.1451  (12s)
  t2v4 ep 15/90  train 1.0546  val 1.1534  (12s)
  t2v4 ep 16/90  train 1.0324  val 1.1807  (12s)
  t2v4 ep 17/90  train 1.0384  val 1.2051  (12s)
  t2v4 ep 18/90  train 1.0172  val 1.1864  (12s)
  t2v4 ep 19/90  train 1.0188  val 1.2087  (12s)
  t2v4 ep 20/90  train 0.9899  val 1.1531  (12s)
  t2v4 ep 21/90  train 0.9521  val 1.1710  (12s)
  t2v4 ep 22/90  train 0.9451  val 1.2262  (12s)
  t2v4 ep 23/90  train 0.9349  val 1.3530  (12s)
  t2v4 ep 24/90  train 0.9236  val 1.0726  (12s)
  t2v4 ep 25/90  train 0.8688  val 1.1177  (12s)
  t2v4 ep 26/90  train 0.8854  val 1.1014  (12s)
  t2v4 ep 27/90  train 0.8684  val 1.1910  (12s)
  t2v4 ep 28/90  train 0.8185  val 1.0948  (12s)
  t2v4 ep 29/90  train 0.8344  val 1.1083  (12s)
  t2v4 ep 30/90  train 0.8100  val 1.0783  (12s)
  t2v4 ep 31/90  train 0.7909  val 1.3506  (12s)
  t2v4 ep 32/90  train 0.7835  val 1.0425  (12s)
  t2v4 ep 33/90  train 0.7683  val 1.0524  (12s)
  t2v4 ep 34/90  train 0.7612  val 1.1847  (12s)
  t2v4 ep 35/90  train 0.7334  val 1.0683  (12s)
  t2v4 ep 36/90  train 0.7191  val 1.0193  (12s)
  t2v4 ep 37/90  train 0.7115  val 1.1047  (12s)
  t2v4 ep 38/90  train 0.7073  val 1.1171  (12s)
  t2v4 ep 39/90  train 0.7101  val 1.0741  (12s)
  t2v4 ep 40/90  train 0.6766  val 1.0476  (12s)
  t2v4 ep 41/90  train 0.6507  val 1.0123  (12s)
  t2v4 ep 42/90  train 0.6596  val 1.0617  (12s)
  t2v4 ep 43/90  train 0.6236  val 1.0698  (12s)
  t2v4 ep 44/90  train 0.6061  val 1.1123  (12s)
  t2v4 ep 45/90  train 0.5983  val 0.9731  (12s)
  t2v4 ep 46/90  train 0.5869  val 1.0626  (12s)
  t2v4 ep 47/90  train 0.5768  val 1.0208  (12s)
  t2v4 ep 48/90  train 0.5803  val 1.1804  (12s)
  t2v4 ep 49/90  train 0.5637  val 1.0167  (12s)
  t2v4 ep 50/90  train 0.5495  val 1.0563  (12s)
  t2v4 ep 51/90  train 0.5442  val 1.0270  (12s)
  t2v4 ep 52/90  train 0.5418  val 1.1291  (12s)
  t2v4 ep 53/90  train 0.5230  val 1.0052  (12s)
  t2v4 ep 54/90  train 0.5383  val 1.0947  (12s)
  t2v4 ep 55/90  train 0.5172  val 1.0306  (12s)
  early stop at epoch 55 (best val 0.9731)
wandb: updating run metadata
wandb: uploading output.log; uploading wandb-summary.json; uploading config.yaml
wandb: uploading history steps 54-55, summary, console lines 54-55
wandb: 
wandb: Run history:
wandb:     best_val_loss ▁
wandb: diag/pre_norm_sum ██▇██▆█▆▆██▆▅▅▆▅▅█▆██▁██▁██▁▁█▅█▁▅▇▅▅█▆▆
wandb:  diag/weight_norm ▁▁▁▁▁▂▂▂▂▂▃▃▃▃▄▄▄▄▅▅▅▅▆▆▆▆▆▇▇▇▇▇▇▇███▇▇▇
wandb:             epoch ▁▁▁▁▂▂▂▂▂▃▃▃▃▃▃▄▄▄▄▄▄▅▅▅▅▆▆▆▆▆▆▇▇▇▇▇▇███
wandb:   first_nan_epoch ▁
wandb:   skipped_batches ▁▁▁▁▁▁▁▁▁▁▁▁▁▁▁▁▁▁▁▁▁▁▁▁▁▁▁▁▁▁▁▁▁▁▁▁▁▁▁▁
wandb:  stopped_at_epoch ▁
wandb:           test/f1 ▁
wandb:          test/iou ▁
wandb:    test/threshold ▁
wandb:                +2 ...
wandb: 
wandb: Run summary:
wandb:     best_val_loss 0.97314
wandb: diag/pre_norm_sum 1.0
wandb:  diag/weight_norm 123.85865
wandb:             epoch 55
wandb:   first_nan_epoch -1
wandb:   skipped_batches 0
wandb:  stopped_at_epoch 55
wandb:           test/f1 0.5714
wandb:          test/iou 0.39997
wandb:    test/threshold 0.4
wandb:                +2 ...
wandb: 
wandb: 🚀 View run unet-t2v4 at: https://wandb.ai/2671907-university-of-the-witwatersrand/cv-splice-localisation/runs/476vftty
wandb: ⭐️ View project at: https://wandb.ai/2671907-university-of-the-witwatersrand/cv-splice-localisation
wandb: Synced 5 W&B file(s), 0 media file(s), 0 artifact file(s) and 0 other file(s)
wandb: Find logs at: ./wandb/run-20260912_145656-476vftty/logs
t2v4: thr 0.40  F1 0.5714  IoU 0.4000  (stopped ep 55, 667s)

wandb: setting up run yorn26zw
wandb: Tracking run with wandb version 0.29.0
wandb: Run data is saved locally in /home/dell/cv-project/wandb/run-20260912_150801-yorn26zw
wandb: Run `wandb offline` to turn off syncing.
wandb: Syncing run unet-t3v0
wandb: ⭐️ View project at https://wandb.ai/2671907-university-of-the-witwatersrand/cv-splice-localisation
wandb: 🚀 View run at https://wandb.ai/2671907-university-of-the-witwatersrand/cv-splice-localisation/runs/yorn26zw
  t3v0 ep 1/90  train 1.2802  val 1.6130  (12s)
  t3v0 ep 2/90  train 1.2041  val 1.2967  (12s)
  t3v0 ep 3/90  train 1.1840  val 1.2517  (12s)
  t3v0 ep 4/90  train 1.1689  val 1.1994  (12s)
  t3v0 ep 5/90  train 1.1523  val 1.2079  (12s)
  t3v0 ep 6/90  train 1.1357  val 1.1869  (12s)
  t3v0 ep 7/90  train 1.1230  val 1.2405  (12s)
  t3v0 ep 8/90  train 1.0967  val 1.1644  (12s)
  t3v0 ep 9/90  train 1.0875  val 1.1459  (12s)
  t3v0 ep 10/90  train 1.0602  val 1.1392  (12s)
  t3v0 ep 11/90  train 1.0489  val 1.1702  (12s)
  t3v0 ep 12/90  train 1.0301  val 1.4395  (12s)
  t3v0 ep 13/90  train 1.0065  val 1.1542  (12s)
  t3v0 ep 14/90  train 0.9998  val 1.1104  (12s)
  t3v0 ep 15/90  train 0.9883  val 1.2314  (12s)
  t3v0 ep 16/90  train 0.9718  val 1.0660  (12s)
  t3v0 ep 17/90  train 0.9454  val 1.1009  (12s)
  t3v0 ep 18/90  train 0.9430  val 1.3390  (12s)
  t3v0 ep 19/90  train 0.9112  val 1.0792  (12s)
  t3v0 ep 20/90  train 0.9201  val 1.1056  (12s)
  t3v0 ep 21/90  train 0.9238  val 1.0808  (12s)
  t3v0 ep 22/90  train 0.8875  val 1.0723  (12s)
  t3v0 ep 23/90  train 0.8825  val 1.2632  (12s)
  t3v0 ep 24/90  train 0.8790  val 1.2076  (12s)
  t3v0 ep 25/90  train 0.8815  val 1.0509  (12s)
  t3v0 ep 26/90  train 0.8542  val 1.1852  (12s)
  t3v0 ep 27/90  train 0.8561  val 1.0695  (12s)
  t3v0 ep 28/90  train 0.8265  val 1.0733  (12s)
  t3v0 ep 29/90  train 0.8183  val 1.0826  (12s)
  t3v0 ep 30/90  train 0.8171  val 1.0957  (12s)
  t3v0 ep 31/90  train 0.8113  val 1.0284  (12s)
  t3v0 ep 32/90  train 0.8003  val 1.1080  (12s)
  t3v0 ep 33/90  train 0.7925  val 1.0278  (12s)
  t3v0 ep 34/90  train 0.7841  val 1.0744  (12s)
  t3v0 ep 35/90  train 0.7698  val 1.0627  (12s)
  t3v0 ep 36/90  train 0.7732  val 1.0232  (12s)
  t3v0 ep 37/90  train 0.7446  val 1.2581  (12s)
  t3v0 ep 38/90  train 0.7428  val 1.1055  (12s)
  t3v0 ep 39/90  train 0.7345  val 1.1763  (12s)
  t3v0 ep 40/90  train 0.7376  val 1.0228  (12s)
  t3v0 ep 41/90  train 0.7074  val 1.0536  (12s)
  t3v0 ep 42/90  train 0.6983  val 1.0523  (12s)
  t3v0 ep 43/90  train 0.6921  val 1.1883  (12s)
  t3v0 ep 44/90  train 0.6777  val 1.1280  (12s)
  t3v0 ep 45/90  train 0.6861  val 1.0482  (12s)
  t3v0 ep 46/90  train 0.6523  val 1.2141  (12s)
  t3v0 ep 47/90  train 0.6701  val 1.0257  (12s)
  t3v0 ep 48/90  train 0.6574  val 1.0466  (12s)
  t3v0 ep 49/90  train 0.6210  val 1.1125  (12s)
  t3v0 ep 50/90  train 0.6208  val 1.0626  (12s)
  early stop at epoch 50 (best val 1.0228)
wandb: updating run metadata
wandb: uploading output.log; uploading wandb-summary.json; uploading config.yaml
wandb: uploading output.log; uploading wandb-summary.json
wandb: uploading history steps 49-50, summary, console lines 49-50
wandb: 
wandb: Run history:
wandb:     best_val_loss ▁
wandb: diag/pre_norm_sum ██████████▆███▇█████▆█▆█▆█▅▇▅▁████▁█▅███
wandb:  diag/weight_norm ▁▁▁▁▁▁▁▂▂▂▂▃▃▃▂▄▄▄▄▄▄▅▅▆▆▆▇▇▆▇▇▇▇▇███▇▇▇
wandb:             epoch ▁▁▁▁▂▂▂▂▂▂▃▃▃▃▃▄▄▄▄▄▄▅▅▅▅▅▅▆▆▆▆▆▆▇▇▇▇▇██
wandb:   first_nan_epoch ▁
wandb:   skipped_batches ▁▁▁▁▁▁▁▁▁▁▁▁▁▁▁▁▁▁▁▁▁▁▁▁▁▁▁▁▁▁▁▁▁▁▁▁▁▁▁▁
wandb:  stopped_at_epoch ▁
wandb:           test/f1 ▁
wandb:          test/iou ▁
wandb:    test/threshold ▁
wandb:                +2 ...
wandb: 
wandb: Run summary:
wandb:     best_val_loss 1.02281
wandb: diag/pre_norm_sum 0.99997
wandb:  diag/weight_norm 2570.23125
wandb:             epoch 50
wandb:   first_nan_epoch -1
wandb:   skipped_batches 0
wandb:  stopped_at_epoch 50
wandb:           test/f1 0.57781
wandb:          test/iou 0.40628
wandb:    test/threshold 0.65
wandb:                +2 ...
wandb: 
wandb: 🚀 View run unet-t3v0 at: https://wandb.ai/2671907-university-of-the-witwatersrand/cv-splice-localisation/runs/yorn26zw
wandb: ⭐️ View project at: https://wandb.ai/2671907-university-of-the-witwatersrand/cv-splice-localisation
wandb: Synced 5 W&B file(s), 0 media file(s), 0 artifact file(s) and 0 other file(s)
wandb: Find logs at: ./wandb/run-20260912_150801-yorn26zw/logs
t3v0: thr 0.65  F1 0.5778  IoU 0.4063  (stopped ep 50, 607s)

wandb: setting up run mgno7am0
wandb: Tracking run with wandb version 0.29.0
wandb: Run data is saved locally in /home/dell/cv-project/wandb/run-20260912_151810-mgno7am0
wandb: Run `wandb offline` to turn off syncing.
wandb: Syncing run unet-t3v1
wandb: ⭐️ View project at https://wandb.ai/2671907-university-of-the-witwatersrand/cv-splice-localisation
wandb: 🚀 View run at https://wandb.ai/2671907-university-of-the-witwatersrand/cv-splice-localisation/runs/mgno7am0
  t3v1 ep 1/90  train 1.2856  val 1.3147  (12s)
  t3v1 ep 2/90  train 1.2382  val 1.2835  (12s)
  t3v1 ep 3/90  train 1.2237  val 1.2423  (12s)
  t3v1 ep 4/90  train 1.2140  val 1.2487  (12s)
  t3v1 ep 5/90  train 1.2166  val 1.2904  (12s)
  t3v1 ep 6/90  train 1.2209  val 1.2032  (12s)
  t3v1 ep 7/90  train 1.1942  val 1.1892  (12s)
  t3v1 ep 8/90  train 1.1802  val 1.3002  (12s)
  t3v1 ep 9/90  train 1.1738  val 1.1938  (12s)
  t3v1 ep 10/90  train 1.1544  val 1.1556  (12s)
  t3v1 ep 11/90  train 1.1175  val 1.1300  (12s)
  t3v1 ep 12/90  train 1.0970  val 1.1265  (12s)
  t3v1 ep 13/90  train 1.0935  val 1.1861  (12s)
  t3v1 ep 14/90  train 1.0918  val 1.1119  (12s)
  t3v1 ep 15/90  train 1.0688  val 1.1170  (12s)
  t3v1 ep 16/90  train 1.0512  val 1.1296  (12s)
  t3v1 ep 17/90  train 1.0333  val 1.2050  (12s)
  t3v1 ep 18/90  train 1.0097  val 1.2915  (12s)
  t3v1 ep 19/90  train 1.0275  val 1.1200  (12s)
  t3v1 ep 20/90  train 0.9991  val 1.2123  (12s)
  t3v1 ep 21/90  train 0.9925  val 1.1384  (12s)
  t3v1 ep 22/90  train 0.9931  val 1.1174  (12s)
  t3v1 ep 23/90  train 0.9765  val 1.1282  (12s)
  t3v1 ep 24/90  train 0.9621  val 1.0857  (12s)
  t3v1 ep 25/90  train 0.9646  val 1.0923  (12s)
  t3v1 ep 26/90  train 0.9436  val 1.2294  (12s)
  t3v1 ep 27/90  train 0.9124  val 1.1301  (12s)
  t3v1 ep 28/90  train 0.9221  val 1.1575  (12s)
  t3v1 ep 29/90  train 0.9193  val 1.1610  (12s)
  t3v1 ep 30/90  train 0.8927  val 1.1511  (12s)
  t3v1 ep 31/90  train 0.8804  val 1.1734  (12s)
  t3v1 ep 32/90  train 0.8798  val 1.0831  (12s)
  t3v1 ep 33/90  train 0.8680  val 1.0946  (12s)
  t3v1 ep 34/90  train 0.8561  val 1.0859  (12s)
  t3v1 ep 35/90  train 0.8338  val 1.1064  (12s)
  t3v1 ep 36/90  train 0.8310  val 1.0610  (12s)
  t3v1 ep 37/90  train 0.8328  val 1.2273  (12s)
  t3v1 ep 38/90  train 0.8147  val 1.0901  (12s)
  t3v1 ep 39/90  train 0.8040  val 1.0494  (12s)
  t3v1 ep 40/90  train 0.7840  val 1.1137  (12s)
  t3v1 ep 41/90  train 0.7902  val 1.1047  (12s)
  t3v1 ep 42/90  train 0.7681  val 1.0690  (12s)
  t3v1 ep 43/90  train 0.7592  val 1.0503  (12s)
  t3v1 ep 44/90  train 0.7650  val 1.0550  (12s)
  t3v1 ep 45/90  train 0.7459  val 1.1036  (12s)
  t3v1 ep 46/90  train 0.7405  val 1.0511  (12s)
  t3v1 ep 47/90  train 0.7532  val 1.0612  (12s)
  t3v1 ep 48/90  train 0.7136  val 1.0441  (12s)
  t3v1 ep 49/90  train 0.7197  val 1.0718  (12s)
  t3v1 ep 50/90  train 0.7202  val 1.0884  (12s)
  t3v1 ep 51/90  train 0.7061  val 1.1017  (12s)
  t3v1 ep 52/90  train 0.6895  val 1.0800  (12s)
  t3v1 ep 53/90  train 0.6909  val 1.0963  (12s)
  t3v1 ep 54/90  train 0.7030  val 1.0589  (12s)
  t3v1 ep 55/90  train 0.6653  val 1.0752  (12s)
  t3v1 ep 56/90  train 0.6856  val 1.0730  (12s)
  t3v1 ep 57/90  train 0.6719  val 1.0458  (12s)
  t3v1 ep 58/90  train 0.6401  val 1.0746  (12s)
  early stop at epoch 58 (best val 1.0441)
wandb: updating run metadata
wandb: updating run metadata; uploading history steps 57-58, summary, console lines 57-58
wandb: uploading output.log; uploading wandb-summary.json; uploading config.yaml
wandb: 
wandb: Run history:
wandb:     best_val_loss ▁
wandb: diag/pre_norm_sum █▁██████████████████▇██▆▅▇▇▆█▅▅▇█▆█▃▆█▃█
wandb:  diag/weight_norm █▄▄▂▁▁▁▁▁▁▁▁▁▁▁▁▁▁▂▂▂▂▂▂▂▂▂▂▂▂▃▂▃▃▃▃▃▃▃▃
wandb:             epoch ▁▁▁▁▂▂▂▂▂▂▃▃▃▃▃▄▄▄▄▅▅▅▅▅▆▆▆▆▆▆▇▇▇▇▇▇████
wandb:   first_nan_epoch ▁
wandb:   skipped_batches ▁▁▁▁▁▁▁▁▁▁▁▁▁▁▁▁▁▁▁▁▁▁▁▁▁▁▁▁▁▁▁▁▁▁▁▁▁▁▁▁
wandb:  stopped_at_epoch ▁
wandb:           test/f1 ▁
wandb:          test/iou ▁
wandb:    test/threshold ▁
wandb:                +2 ...
wandb: 
wandb: Run summary:
wandb:     best_val_loss 1.04412
wandb: diag/pre_norm_sum 1
wandb:  diag/weight_norm 927.36528
wandb:             epoch 58
wandb:   first_nan_epoch -1
wandb:   skipped_batches 0
wandb:  stopped_at_epoch 58
wandb:           test/f1 0.51717
wandb:          test/iou 0.34878
wandb:    test/threshold 0.25
wandb:                +2 ...
wandb: 
wandb: 🚀 View run unet-t3v1 at: https://wandb.ai/2671907-university-of-the-witwatersrand/cv-splice-localisation/runs/mgno7am0
wandb: ⭐️ View project at: https://wandb.ai/2671907-university-of-the-witwatersrand/cv-splice-localisation
wandb: Synced 5 W&B file(s), 0 media file(s), 0 artifact file(s) and 0 other file(s)
wandb: Find logs at: ./wandb/run-20260912_151810-mgno7am0/logs
t3v1: thr 0.25  F1 0.5172  IoU 0.3488  (stopped ep 58, 703s)

wandb: setting up run e60c71j1
wandb: Tracking run with wandb version 0.29.0
wandb: Run data is saved locally in /home/dell/cv-project/wandb/run-20260912_152951-e60c71j1
wandb: Run `wandb offline` to turn off syncing.
wandb: Syncing run unet-t3v2
wandb: ⭐️ View project at https://wandb.ai/2671907-university-of-the-witwatersrand/cv-splice-localisation
wandb: 🚀 View run at https://wandb.ai/2671907-university-of-the-witwatersrand/cv-splice-localisation/runs/e60c71j1
  t3v2 ep 1/90  train 1.2767  val 1.2590  (12s)
  t3v2 ep 2/90  train 1.2204  val 1.2151  (12s)
  t3v2 ep 3/90  train 1.2079  val 1.2836  (12s)
  t3v2 ep 4/90  train 1.1990  val 1.1922  (12s)
  t3v2 ep 5/90  train 1.1775  val 1.1889  (12s)
  t3v2 ep 6/90  train 1.1613  val 1.1830  (12s)
  t3v2 ep 7/90  train 1.1601  val 1.2731  (12s)
  t3v2 ep 8/90  train 1.1189  val 1.2331  (12s)
  t3v2 ep 9/90  train 1.1012  val 1.2659  (12s)
  t3v2 ep 10/90  train 1.0826  val 1.3416  (12s)
  t3v2 ep 11/90  train 1.0523  val 1.1171  (12s)
  t3v2 ep 12/90  train 1.0415  val 1.0785  (12s)
  t3v2 ep 13/90  train 1.0201  val 1.2353  (12s)
  t3v2 ep 14/90  train 1.0180  val 1.2491  (12s)
  t3v2 ep 15/90  train 1.0297  val 1.3117  (12s)
  t3v2 ep 16/90  train 1.0161  val 1.3397  (12s)
  t3v2 ep 17/90  train 0.9926  val 1.2447  (12s)
  t3v2 ep 18/90  train 0.9749  val 1.0632  (12s)
  t3v2 ep 19/90  train 0.9600  val 1.1477  (12s)
  t3v2 ep 20/90  train 0.9410  val 1.0485  (12s)
  t3v2 ep 21/90  train 0.9413  val 1.1231  (12s)
  t3v2 ep 22/90  train 0.9075  val 1.1083  (12s)
  t3v2 ep 23/90  train 0.8961  val 1.0404  (12s)
  t3v2 ep 24/90  train 0.8922  val 1.0850  (12s)
  t3v2 ep 25/90  train 0.9001  val 1.0581  (12s)
  t3v2 ep 26/90  train 0.8666  val 1.0278  (12s)
  t3v2 ep 27/90  train 0.8278  val 1.1334  (12s)
  t3v2 ep 28/90  train 0.8183  val 1.0132  (12s)
  t3v2 ep 29/90  train 0.8009  val 1.1685  (12s)
  t3v2 ep 30/90  train 0.7933  val 1.0903  (12s)
  t3v2 ep 31/90  train 0.7966  val 1.1654  (12s)
  t3v2 ep 32/90  train 0.7826  val 1.0807  (12s)
  t3v2 ep 33/90  train 0.7706  val 1.0018  (12s)
  t3v2 ep 34/90  train 0.7602  val 1.0556  (12s)
  t3v2 ep 35/90  train 0.7135  val 1.1542  (12s)
  t3v2 ep 36/90  train 0.7324  val 1.0507  (12s)
  t3v2 ep 37/90  train 0.7184  val 1.1344  (12s)
  t3v2 ep 38/90  train 0.7364  val 1.1138  (12s)
  t3v2 ep 39/90  train 0.6941  val 1.2645  (12s)
  t3v2 ep 40/90  train 0.6926  val 1.0993  (12s)
  t3v2 ep 41/90  train 0.6836  val 0.9972  (12s)
  t3v2 ep 42/90  train 0.6626  val 0.9914  (12s)
  t3v2 ep 43/90  train 0.6707  val 1.0362  (12s)
  t3v2 ep 44/90  train 0.6338  val 1.0616  (12s)
  t3v2 ep 45/90  train 0.6484  val 0.9406  (12s)
  t3v2 ep 46/90  train 0.6272  val 1.1289  (12s)
  t3v2 ep 47/90  train 0.5985  val 1.0643  (12s)
  t3v2 ep 48/90  train 0.5853  val 1.0120  (12s)
  t3v2 ep 49/90  train 0.5701  val 1.0251  (12s)
  t3v2 ep 50/90  train 0.5833  val 0.9981  (12s)
  t3v2 ep 51/90  train 0.5826  val 1.0642  (12s)
  t3v2 ep 52/90  train 0.5421  val 0.9786  (12s)
  t3v2 ep 53/90  train 0.5582  val 1.0971  (12s)
  t3v2 ep 54/90  train 0.5491  val 1.0908  (12s)
  t3v2 ep 55/90  train 0.5215  val 0.9981  (12s)
  early stop at epoch 55 (best val 0.9406)
wandb: updating run metadata
wandb: uploading wandb-summary.json; uploading config.yaml; uploading output.log
wandb: uploading history steps 54-55, summary, console lines 54-55
wandb: 
wandb: Run history:
wandb:     best_val_loss ▁
wandb: diag/pre_norm_sum █████▇▇███▇██▆▆█▅███▁█▁▁▁█▅███▅▅█████▅█▅
wandb:  diag/weight_norm ▁▁▁▁▁▂▂▂▂▂▃▃▃▃▃▄▄▄▄▅▅▆▇▇▇████▇▇▇▇▆▆▇▇▇▇▇
wandb:             epoch ▁▁▁▁▂▂▂▂▂▂▃▃▃▃▃▃▄▄▄▄▄▅▅▅▅▅▅▆▆▆▆▆▇▇▇▇▇███
wandb:   first_nan_epoch ▁
wandb:   skipped_batches ▁▁▁▁▁▁▁▁▁▁▁▁▁▁▁▁▁▁▁▁▁▁▁▁▁▁▁▁▁▁▁▁▁▁▁▁▁▁▁▁
wandb:  stopped_at_epoch ▁
wandb:           test/f1 ▁
wandb:          test/iou ▁
wandb:    test/threshold ▁
wandb:                +2 ...
wandb: 
wandb: Run summary:
wandb:     best_val_loss 0.94058
wandb: diag/pre_norm_sum 0.99999
wandb:  diag/weight_norm 170.06299
wandb:             epoch 55
wandb:   first_nan_epoch -1
wandb:   skipped_batches 0
wandb:  stopped_at_epoch 55
wandb:           test/f1 0.55705
wandb:          test/iou 0.38605
wandb:    test/threshold 0.2
wandb:                +2 ...
wandb: 
wandb: 🚀 View run unet-t3v2 at: https://wandb.ai/2671907-university-of-the-witwatersrand/cv-splice-localisation/runs/e60c71j1
wandb: ⭐️ View project at: https://wandb.ai/2671907-university-of-the-witwatersrand/cv-splice-localisation
wandb: Synced 5 W&B file(s), 0 media file(s), 0 artifact file(s) and 0 other file(s)
wandb: Find logs at: ./wandb/run-20260912_152951-e60c71j1/logs
t3v2: thr 0.20  F1 0.5571  IoU 0.3861  (stopped ep 55, 667s)

wandb: setting up run unkh7hqf
wandb: Tracking run with wandb version 0.29.0
wandb: Run data is saved locally in /home/dell/cv-project/wandb/run-20260912_154058-unkh7hqf
wandb: Run `wandb offline` to turn off syncing.
wandb: Syncing run unet-t3v4
wandb: ⭐️ View project at https://wandb.ai/2671907-university-of-the-witwatersrand/cv-splice-localisation
wandb: 🚀 View run at https://wandb.ai/2671907-university-of-the-witwatersrand/cv-splice-localisation/runs/unkh7hqf
  t3v4 ep 1/90  train 1.2794  val 1.2787  (12s)
  t3v4 ep 2/90  train 1.2221  val 1.2684  (12s)
  t3v4 ep 3/90  train 1.1961  val 1.2178  (12s)
  t3v4 ep 4/90  train 1.1838  val 1.2408  (12s)
  t3v4 ep 5/90  train 1.1669  val 1.2716  (12s)
  t3v4 ep 6/90  train 1.1567  val 1.2211  (12s)
  t3v4 ep 7/90  train 1.1433  val 1.2412  (12s)
  t3v4 ep 8/90  train 1.1253  val 1.5025  (12s)
  t3v4 ep 9/90  train 1.1168  val 1.2133  (12s)
  t3v4 ep 10/90  train 1.1236  val 1.1842  (12s)
  t3v4 ep 11/90  train 1.0917  val 1.1470  (12s)
  t3v4 ep 12/90  train 1.0557  val 1.1659  (12s)
  t3v4 ep 13/90  train 1.0716  val 1.1524  (12s)
  t3v4 ep 14/90  train 1.0566  val 1.1713  (12s)
  t3v4 ep 15/90  train 1.0476  val 1.1443  (12s)
  t3v4 ep 16/90  train 1.0497  val 1.3947  (12s)
  t3v4 ep 17/90  train 1.0507  val 1.1693  (12s)
  t3v4 ep 18/90  train 1.0359  val 1.1573  (12s)
  t3v4 ep 19/90  train 1.0451  val 1.3730  (12s)
  t3v4 ep 20/90  train 1.0573  val 1.1826  (12s)
  t3v4 ep 21/90  train 1.0269  val 1.1464  (12s)
  t3v4 ep 22/90  train 1.0294  val 1.2508  (12s)
  t3v4 ep 23/90  train 1.0054  val 1.3808  (12s)
  t3v4 ep 24/90  train 0.9982  val 1.4181  (12s)
  t3v4 ep 25/90  train 0.9806  val 1.0851  (12s)
  t3v4 ep 26/90  train 0.9615  val 1.2372  (12s)
  t3v4 ep 27/90  train 0.9645  val 1.3609  (12s)
  t3v4 ep 28/90  train 0.9481  val 1.1506  (12s)
  t3v4 ep 29/90  train 0.9396  val 1.1443  (12s)
  t3v4 ep 30/90  train 0.9320  val 1.1730  (12s)
  t3v4 ep 31/90  train 0.9308  val 1.1158  (12s)
  t3v4 ep 32/90  train 0.8751  val 1.5260  (12s)
  t3v4 ep 33/90  train 0.8669  val 1.1030  (12s)
  t3v4 ep 34/90  train 0.8639  val 1.0938  (12s)
  t3v4 ep 35/90  train 0.8511  val 1.1056  (12s)
  early stop at epoch 35 (best val 1.0851)
wandb: updating run metadata
wandb: uploading output.log; uploading wandb-summary.json; uploading config.yaml
wandb: uploading history steps 34-35, summary, console lines 34-35
wandb: 
wandb: Run history:
wandb:     best_val_loss ▁
wandb: diag/pre_norm_sum █████████▇██▇▇▇██▇████▆▇▆█▇█▇█▄▄▇█▁
wandb:  diag/weight_norm ▁▁▁▁▁▁▁▂▂▂▂▂▂▂▂▂▂▂▂▃▃▅▅▆▆▆▇▇██▇▇▆▇▇
wandb:             epoch ▁▁▁▂▂▂▂▂▃▃▃▃▃▄▄▄▄▅▅▅▅▅▆▆▆▆▆▇▇▇▇▇███
wandb:   first_nan_epoch ▁
wandb:   skipped_batches ▁▁▁▁▁▁▁▁▁▁▁▁▁▁▁▁▁▁▁▁▁▁▁▁▁▁▁▁▁▁▁▁▁▁▁
wandb:  stopped_at_epoch ▁
wandb:           test/f1 ▁
wandb:          test/iou ▁
wandb:    test/threshold ▁
wandb:                +2 ...
wandb: 
wandb: Run summary:
wandb:     best_val_loss 1.0851
wandb: diag/pre_norm_sum 0.99993
wandb:  diag/weight_norm 664.65027
wandb:             epoch 35
wandb:   first_nan_epoch -1
wandb:   skipped_batches 0
wandb:  stopped_at_epoch 35
wandb:           test/f1 0.47351
wandb:          test/iou 0.31019
wandb:    test/threshold 0.2
wandb:                +2 ...
wandb: 
wandb: 🚀 View run unet-t3v4 at: https://wandb.ai/2671907-university-of-the-witwatersrand/cv-splice-localisation/runs/unkh7hqf
wandb: ⭐️ View project at: https://wandb.ai/2671907-university-of-the-witwatersrand/cv-splice-localisation
wandb: Synced 5 W&B file(s), 0 media file(s), 0 artifact file(s) and 0 other file(s)
wandb: Find logs at: ./wandb/run-20260912_154058-unkh7hqf/logs
t3v4: thr 0.20  F1 0.4735  IoU 0.3102  (stopped ep 35, 427s)

wandb: setting up run 3mvrujx4
wandb: Tracking run with wandb version 0.29.0
wandb: Run data is saved locally in /home/dell/cv-project/wandb/run-20260912_154807-3mvrujx4
wandb: Run `wandb offline` to turn off syncing.
wandb: Syncing run unet-t4v0
wandb: ⭐️ View project at https://wandb.ai/2671907-university-of-the-witwatersrand/cv-splice-localisation
wandb: 🚀 View run at https://wandb.ai/2671907-university-of-the-witwatersrand/cv-splice-localisation/runs/3mvrujx4
  t4v0 ep 1/90  train 1.3168  val 1.2688  (12s)
  t4v0 ep 2/90  train 1.2679  val 1.2514  (12s)
  t4v0 ep 3/90  train 1.2603  val 1.2576  (12s)
  t4v0 ep 4/90  train 1.2361  val 1.2444  (12s)
  t4v0 ep 5/90  train 1.2214  val 1.2358  (12s)
  t4v0 ep 6/90  train 1.2269  val 1.2133  (12s)
  t4v0 ep 7/90  train 1.1891  val 1.2002  (12s)
  t4v0 ep 8/90  train 1.1572  val 1.1928  (12s)
  t4v0 ep 9/90  train 1.1643  val 1.1771  (12s)
  t4v0 ep 10/90  train 1.1411  val 1.1982  (12s)
  t4v0 ep 11/90  train 1.1171  val 1.1540  (12s)
  t4v0 ep 12/90  train 1.1249  val 1.2055  (12s)
  t4v0 ep 13/90  train 1.1112  val 1.1631  (12s)
  t4v0 ep 14/90  train 1.0778  val 1.1571  (12s)
  t4v0 ep 15/90  train 1.0589  val 1.1225  (12s)
  t4v0 ep 16/90  train 1.0277  val 1.2288  (12s)
  t4v0 ep 17/90  train 1.0122  val 1.2738  (12s)
  t4v0 ep 18/90  train 0.9931  val 1.0809  (12s)
  t4v0 ep 19/90  train 0.9991  val 1.1179  (12s)
  t4v0 ep 20/90  train 0.9824  val 1.1754  (12s)
  t4v0 ep 21/90  train 0.9609  val 1.1732  (12s)
  t4v0 ep 22/90  train 0.9485  val 1.1276  (12s)
  t4v0 ep 23/90  train 0.9461  val 1.0990  (12s)
  t4v0 ep 24/90  train 0.9259  val 1.3518  (12s)
  t4v0 ep 25/90  train 0.9080  val 1.0610  (12s)
  t4v0 ep 26/90  train 0.8813  val 1.1616  (12s)
  t4v0 ep 27/90  train 0.8636  val 1.0285  (12s)
  t4v0 ep 28/90  train 0.8484  val 1.0700  (12s)
  t4v0 ep 29/90  train 0.8395  val 1.0241  (12s)
  t4v0 ep 30/90  train 0.8359  val 1.0321  (12s)
  t4v0 ep 31/90  train 0.8209  val 1.1049  (12s)
  t4v0 ep 32/90  train 0.7897  val 1.0818  (12s)
  t4v0 ep 33/90  train 0.7837  val 1.0457  (12s)
  t4v0 ep 34/90  train 0.7747  val 1.0565  (12s)
  t4v0 ep 35/90  train 0.7648  val 1.0625  (12s)
  t4v0 ep 36/90  train 0.7442  val 1.0020  (12s)
  t4v0 ep 37/90  train 0.7135  val 0.9851  (12s)
  t4v0 ep 38/90  train 0.7179  val 1.0417  (12s)
  t4v0 ep 39/90  train 0.7201  val 1.1183  (12s)
  t4v0 ep 40/90  train 0.6924  val 1.0173  (12s)
  t4v0 ep 41/90  train 0.6836  val 1.2331  (12s)
  t4v0 ep 42/90  train 0.6831  val 1.0015  (12s)
  t4v0 ep 43/90  train 0.6645  val 1.0203  (12s)
  t4v0 ep 44/90  train 0.6429  val 0.9961  (12s)
  t4v0 ep 45/90  train 0.6444  val 1.0861  (12s)
  t4v0 ep 46/90  train 0.6245  val 1.7487  (12s)
  t4v0 ep 47/90  train 0.6185  val 1.2009  (12s)
  early stop at epoch 47 (best val 0.9851)
wandb: updating run metadata
wandb: uploading output.log; uploading wandb-summary.json; uploading config.yaml
wandb: uploading history steps 47-47, summary
wandb: 
wandb: Run history:
wandb:     best_val_loss ▁
wandb: diag/pre_norm_sum ▇█████▇▇▆▇▅██▆▆▆█▇██▅▆▁▅█▇█▅█▁█▇▅██▅▇█▇█
wandb:  diag/weight_norm ▁▁▁▁▁▁▃▃▄▃▃▃▃▃▃▄▄▄▄▄▅▅▅▅▅▆▆▆▆▆▆▆▇▇▇▇▇▇▇█
wandb:             epoch ▁▁▁▁▂▂▂▂▂▃▃▃▃▃▃▄▄▄▄▄▅▅▅▅▅▅▆▆▆▆▆▆▇▇▇▇▇███
wandb:   first_nan_epoch ▁
wandb:   skipped_batches ▁▁▁▁▁▁▁▁▁▁▁▁▁▁▁▁▁▁▁▁▁▁▁▁▁▁▁▁▁▁▁▁▁▁▁▁▁▁▁▁
wandb:  stopped_at_epoch ▁
wandb:           test/f1 ▁
wandb:          test/iou ▁
wandb:    test/threshold ▁
wandb:                +2 ...
wandb: 
wandb: Run summary:
wandb:     best_val_loss 0.98513
wandb: diag/pre_norm_sum 1.0
wandb:  diag/weight_norm 225.78148
wandb:             epoch 47
wandb:   first_nan_epoch -1
wandb:   skipped_batches 0
wandb:  stopped_at_epoch 47
wandb:           test/f1 0.52351
wandb:          test/iou 0.35456
wandb:    test/threshold 0.6
wandb:                +2 ...
wandb: 
wandb: 🚀 View run unet-t4v0 at: https://wandb.ai/2671907-university-of-the-witwatersrand/cv-splice-localisation/runs/3mvrujx4
wandb: ⭐️ View project at: https://wandb.ai/2671907-university-of-the-witwatersrand/cv-splice-localisation
wandb: Synced 5 W&B file(s), 0 media file(s), 0 artifact file(s) and 0 other file(s)
wandb: Find logs at: ./wandb/run-20260912_154807-3mvrujx4/logs
t4v0: thr 0.60  F1 0.5235  IoU 0.3546  (stopped ep 47, 572s)

wandb: setting up run q5v4pyg4
wandb: Tracking run with wandb version 0.29.0
wandb: Run data is saved locally in /home/dell/cv-project/wandb/run-20260912_155738-q5v4pyg4
wandb: Run `wandb offline` to turn off syncing.
wandb: Syncing run unet-t4v1
wandb: ⭐️ View project at https://wandb.ai/2671907-university-of-the-witwatersrand/cv-splice-localisation
wandb: 🚀 View run at https://wandb.ai/2671907-university-of-the-witwatersrand/cv-splice-localisation/runs/q5v4pyg4
  t4v1 ep 1/90  train 1.2858  val 1.2744  (12s)
  t4v1 ep 2/90  train 1.2157  val 1.2230  (12s)
  t4v1 ep 3/90  train 1.1940  val 1.2484  (12s)
  t4v1 ep 4/90  train 1.1944  val 1.2134  (12s)
  t4v1 ep 5/90  train 1.1740  val 1.2899  (12s)
  t4v1 ep 6/90  train 1.1636  val 1.1731  (12s)
  t4v1 ep 7/90  train 1.1386  val 1.1502  (12s)
  t4v1 ep 8/90  train 1.1182  val 1.1532  (12s)
  t4v1 ep 9/90  train 1.1086  val 1.1820  (12s)
  t4v1 ep 10/90  train 1.0960  val 1.3465  (12s)
  t4v1 ep 11/90  train 1.0869  val 1.1149  (12s)
  t4v1 ep 12/90  train 1.0694  val 1.0990  (12s)
  t4v1 ep 13/90  train 1.0567  val 1.2513  (12s)
  t4v1 ep 14/90  train 1.0581  val 1.0760  (12s)
  t4v1 ep 15/90  train 1.0456  val 1.0888  (12s)
  t4v1 ep 16/90  train 1.0475  val 1.1543  (12s)
  t4v1 ep 17/90  train 1.0270  val 1.1522  (12s)
  t4v1 ep 18/90  train 1.0210  val 1.2208  (12s)
  t4v1 ep 19/90  train 1.0022  val 1.0807  (12s)
  t4v1 ep 20/90  train 0.9902  val 1.0762  (12s)
  t4v1 ep 21/90  train 0.9802  val 1.1284  (12s)
  t4v1 ep 22/90  train 0.9547  val 1.1773  (12s)
  t4v1 ep 23/90  train 0.9560  val 1.0476  (12s)
  t4v1 ep 24/90  train 0.9285  val 1.2094  (12s)
  t4v1 ep 25/90  train 0.9039  val 1.0535  (12s)
  t4v1 ep 26/90  train 0.9018  val 1.1300  (12s)
  t4v1 ep 27/90  train 0.8984  val 1.1989  (12s)
  t4v1 ep 28/90  train 0.8749  val 1.0496  (12s)
  t4v1 ep 29/90  train 0.8763  val 1.0008  (12s)
  t4v1 ep 30/90  train 0.8527  val 1.1219  (12s)
  t4v1 ep 31/90  train 0.8666  val 1.1762  (12s)
  t4v1 ep 32/90  train 0.8507  val 1.0340  (12s)
  t4v1 ep 33/90  train 0.8572  val 1.2248  (12s)
  t4v1 ep 34/90  train 0.8404  val 0.9781  (12s)
  t4v1 ep 35/90  train 0.8346  val 1.0434  (12s)
  t4v1 ep 36/90  train 0.8204  val 1.0129  (12s)
  t4v1 ep 37/90  train 0.8132  val 1.0721  (12s)
  t4v1 ep 38/90  train 0.8104  val 1.1035  (12s)
  t4v1 ep 39/90  train 0.8060  val 1.0421  (12s)
  t4v1 ep 40/90  train 0.7804  val 1.0001  (12s)
  t4v1 ep 41/90  train 0.7809  val 0.9943  (12s)
  t4v1 ep 42/90  train 0.7773  val 1.1397  (12s)
  t4v1 ep 43/90  train 0.7501  val 0.9801  (12s)
  t4v1 ep 44/90  train 0.7447  val 1.0076  (12s)
  early stop at epoch 44 (best val 0.9781)
wandb: updating run metadata
wandb: uploading wandb-summary.json; uploading config.yaml; uploading output.log
wandb: uploading wandb-summary.json; uploading output.log
wandb: uploading history steps 43-44, summary, console lines 43-44
wandb: 
wandb: Run history:
wandb:     best_val_loss ▁
wandb: diag/pre_norm_sum █▇██▆▇█▇▇██▆█▇▇██▇████▆▆██▃▁▇▇██▆█▆▁▆▇▁█
wandb:  diag/weight_norm ▁▁▂▂▂▂▃▃▃▄▄▄▄▄▅▅▅▅▆▆▆▆▇▇▇▇▇▇▇████▇▇█████
wandb:             epoch ▁▁▁▁▂▂▂▂▂▂▃▃▃▃▃▄▄▄▄▄▅▅▅▅▅▅▆▆▆▆▆▇▇▇▇▇▇███
wandb:   first_nan_epoch ▁
wandb:   skipped_batches ▁▁▁▁▁▁▁▁▁▁▁▁▁▁▁▁▁▁▁▁▁▁▁▁▁▁▁▁▁▁▁▁▁▁▁▁▁▁▁▁
wandb:  stopped_at_epoch ▁
wandb:           test/f1 ▁
wandb:          test/iou ▁
wandb:    test/threshold ▁
wandb:                +2 ...
wandb: 
wandb: Run summary:
wandb:     best_val_loss 0.97807
wandb: diag/pre_norm_sum 1.0
wandb:  diag/weight_norm 113.71985
wandb:             epoch 44
wandb:   first_nan_epoch -1
wandb:   skipped_batches 0
wandb:  stopped_at_epoch 44
wandb:           test/f1 0.55013
wandb:          test/iou 0.37944
wandb:    test/threshold 0.2
wandb:                +2 ...
wandb: 
wandb: 🚀 View run unet-t4v1 at: https://wandb.ai/2671907-university-of-the-witwatersrand/cv-splice-localisation/runs/q5v4pyg4
wandb: ⭐️ View project at: https://wandb.ai/2671907-university-of-the-witwatersrand/cv-splice-localisation
wandb: Synced 5 W&B file(s), 0 media file(s), 0 artifact file(s) and 0 other file(s)
wandb: Find logs at: ./wandb/run-20260912_155738-q5v4pyg4/logs
t4v1: thr 0.20  F1 0.5501  IoU 0.3794  (stopped ep 44, 537s)

wandb: setting up run g375zdnb
wandb: Tracking run with wandb version 0.29.0
wandb: Run data is saved locally in /home/dell/cv-project/wandb/run-20260912_160634-g375zdnb
wandb: Run `wandb offline` to turn off syncing.
wandb: Syncing run unet-t4v2
wandb: ⭐️ View project at https://wandb.ai/2671907-university-of-the-witwatersrand/cv-splice-localisation
wandb: 🚀 View run at https://wandb.ai/2671907-university-of-the-witwatersrand/cv-splice-localisation/runs/g375zdnb
  t4v2 ep 1/90  train 1.2864  val 1.3604  (12s)
  t4v2 ep 2/90  train 1.2212  val 1.2156  (12s)
  t4v2 ep 3/90  train 1.1982  val 1.2474  (12s)
  t4v2 ep 4/90  train 1.1702  val 1.1943  (12s)
  t4v2 ep 5/90  train 1.1599  val 1.3195  (12s)
  t4v2 ep 6/90  train 1.1739  val 1.2526  (12s)
  t4v2 ep 7/90  train 1.1620  val 1.2336  (12s)
  t4v2 ep 8/90  train 1.1637  val 1.2906  (12s)
  t4v2 ep 9/90  train 1.1202  val 1.1907  (12s)
  t4v2 ep 10/90  train 1.0958  val 1.4975  (12s)
  t4v2 ep 11/90  train 1.0939  val 1.2170  (12s)
  t4v2 ep 12/90  train 1.0475  val 1.1111  (12s)
  t4v2 ep 13/90  train 1.0276  val 1.2249  (12s)
  t4v2 ep 14/90  train 1.0309  val 1.1657  (12s)
  t4v2 ep 15/90  train 0.9869  val 1.2202  (12s)
  t4v2 ep 16/90  train 0.9787  val 1.2053  (12s)
  t4v2 ep 17/90  train 0.9625  val 1.2330  (12s)
  t4v2 ep 18/90  train 0.9434  val 1.0539  (12s)
  t4v2 ep 19/90  train 0.9355  val 1.3236  (12s)
  t4v2 ep 20/90  train 0.9216  val 1.0752  (12s)
  t4v2 ep 21/90  train 0.8794  val 1.1087  (12s)
  t4v2 ep 22/90  train 0.8700  val 1.0225  (12s)
  t4v2 ep 23/90  train 0.8728  val 1.2873  (12s)
  t4v2 ep 24/90  train 0.8371  val 1.2850  (12s)
  t4v2 ep 25/90  train 0.8232  val 1.2696  (12s)
  t4v2 ep 26/90  train 0.8009  val 1.2264  (12s)
  t4v2 ep 27/90  train 0.8050  val 1.3112  (12s)
  t4v2 ep 28/90  train 0.7856  val 0.9972  (12s)
  t4v2 ep 29/90  train 0.7760  val 1.1999  (12s)
  t4v2 ep 30/90  train 0.7616  val 1.0400  (12s)
  t4v2 ep 31/90  train 0.7465  val 1.0055  (12s)
  t4v2 ep 32/90  train 0.7299  val 1.4450  (12s)
  t4v2 ep 33/90  train 0.7039  val 1.1124  (12s)
  t4v2 ep 34/90  train 0.7041  val 1.0577  (12s)
  t4v2 ep 35/90  train 0.6852  val 0.9702  (12s)
  t4v2 ep 36/90  train 0.6911  val 1.3467  (12s)
  t4v2 ep 37/90  train 0.6624  val 1.1696  (12s)
  t4v2 ep 38/90  train 0.6828  val 0.9756  (12s)
  t4v2 ep 39/90  train 0.6429  val 1.0176  (12s)
  t4v2 ep 40/90  train 0.6448  val 0.9943  (12s)
  t4v2 ep 41/90  train 0.6383  val 1.0654  (12s)
  t4v2 ep 42/90  train 0.6140  val 1.0090  (12s)
  t4v2 ep 43/90  train 0.6074  val 0.9772  (12s)
  t4v2 ep 44/90  train 0.5902  val 1.0188  (12s)
  t4v2 ep 45/90  train 0.5952  val 1.0397  (12s)
  early stop at epoch 45 (best val 0.9702)
wandb: updating run metadata
wandb: uploading wandb-summary.json; uploading config.yaml; uploading output.log
wandb: uploading output.log
wandb: 
wandb: Run history:
wandb:     best_val_loss ▁
wandb: diag/pre_norm_sum ████████████▇███▇██▇▇█▇▇█▆▅▇██▇█▅█▆█▇█▅▁
wandb:  diag/weight_norm ▁▁▁▁▁▁▁▁▂▂▂▂▂▂▂▂▃▃▃▃▃▃▄▄▄▄▄▄▅▅▅▅▆▅▆▆▆▆▇█
wandb:             epoch ▁▁▁▁▂▂▂▂▂▃▃▃▃▃▃▄▄▄▄▄▅▅▅▅▅▅▆▆▆▆▆▆▇▇▇▇▇███
wandb:   first_nan_epoch ▁
wandb:   skipped_batches ▁▁▁▁▁▁▁▁▁▁▁▁▁▁▁▁▁▁▁▁▁▁▁▁▁▁▁▁▁▁▁▁▁▁▁▁▁▁▁▁
wandb:  stopped_at_epoch ▁
wandb:           test/f1 ▁
wandb:          test/iou ▁
wandb:    test/threshold ▁
wandb:                +2 ...
wandb: 
wandb: Run summary:
wandb:     best_val_loss 0.97016
wandb: diag/pre_norm_sum 0.99994
wandb:  diag/weight_norm 399.78824
wandb:             epoch 45
wandb:   first_nan_epoch -1
wandb:   skipped_batches 0
wandb:  stopped_at_epoch 45
wandb:           test/f1 0.53688
wandb:          test/iou 0.36694
wandb:    test/threshold 0.3
wandb:                +2 ...
wandb: 
wandb: 🚀 View run unet-t4v2 at: https://wandb.ai/2671907-university-of-the-witwatersrand/cv-splice-localisation/runs/g375zdnb
wandb: ⭐️ View project at: https://wandb.ai/2671907-university-of-the-witwatersrand/cv-splice-localisation
wandb: Synced 5 W&B file(s), 0 media file(s), 0 artifact file(s) and 0 other file(s)
wandb: Find logs at: ./wandb/run-20260912_160634-g375zdnb/logs
t4v2: thr 0.30  F1 0.5369  IoU 0.3669  (stopped ep 45, 546s)

wandb: setting up run jc3brah6
wandb: Tracking run with wandb version 0.29.0
wandb: Run data is saved locally in /home/dell/cv-project/wandb/run-20260912_161541-jc3brah6
wandb: Run `wandb offline` to turn off syncing.
wandb: Syncing run unet-t4v3
wandb: ⭐️ View project at https://wandb.ai/2671907-university-of-the-witwatersrand/cv-splice-localisation
wandb: 🚀 View run at https://wandb.ai/2671907-university-of-the-witwatersrand/cv-splice-localisation/runs/jc3brah6
  t4v3 ep 1/90  train 1.2789  val 1.2632  (12s)
  t4v3 ep 2/90  train 1.1785  val 1.2086  (12s)
  t4v3 ep 3/90  train 1.1395  val 1.2059  (12s)
  t4v3 ep 4/90  train 1.1200  val 1.1896  (12s)
  t4v3 ep 5/90  train 1.1046  val 1.4160  (12s)
  t4v3 ep 6/90  train 1.0916  val 1.2014  (12s)
  t4v3 ep 7/90  train 1.0835  val 1.1735  (12s)
  t4v3 ep 8/90  train 1.0471  val 1.9931  (12s)
  t4v3 ep 9/90  train 1.0360  val 1.2444  (12s)
  t4v3 ep 10/90  train 1.0022  val 1.2470  (12s)
  t4v3 ep 11/90  train 1.0035  val 1.6279  (12s)
  t4v3 ep 12/90  train 0.9602  val 1.1524  (12s)
  t4v3 ep 13/90  train 0.9402  val 1.2551  (12s)
  t4v3 ep 14/90  train 0.9200  val 1.1873  (12s)
  t4v3 ep 15/90  train 0.8935  val 1.2450  (12s)
  t4v3 ep 16/90  train 0.8561  val 1.0704  (12s)
  t4v3 ep 17/90  train 0.8426  val 1.2856  (12s)
  t4v3 ep 18/90  train 0.8186  val 1.1337  (12s)
  t4v3 ep 19/90  train 0.8331  val 1.3040  (12s)
  t4v3 ep 20/90  train 0.8257  val 1.0763  (12s)
  t4v3 ep 21/90  train 0.7725  val 1.0358  (12s)
  t4v3 ep 22/90  train 0.7535  val 1.0234  (12s)
  t4v3 ep 23/90  train 0.7288  val 1.0862  (12s)
  t4v3 ep 24/90  train 0.7245  val 1.0058  (12s)
  t4v3 ep 25/90  train 0.6966  val 1.0654  (12s)
  t4v3 ep 26/90  train 0.6941  val 0.9923  (12s)
  t4v3 ep 27/90  train 0.6752  val 1.1764  (12s)
  t4v3 ep 28/90  train 0.6509  val 1.1215  (12s)
  t4v3 ep 29/90  train 0.6595  val 1.0080  (12s)
  t4v3 ep 30/90  train 0.6460  val 1.1701  (12s)
  t4v3 ep 31/90  train 0.6427  val 0.9992  (12s)
  t4v3 ep 32/90  train 0.6185  val 1.0633  (12s)
  t4v3 ep 33/90  train 0.6013  val 1.0231  (12s)
  t4v3 ep 34/90  train 0.5832  val 0.9718  (12s)
  t4v3 ep 35/90  train 0.5564  val 1.2372  (12s)
  t4v3 ep 36/90  train 0.5768  val 0.9722  (12s)
  t4v3 ep 37/90  train 0.5660  val 0.9635  (12s)
  t4v3 ep 38/90  train 0.5518  val 0.9924  (12s)
  t4v3 ep 39/90  train 0.5579  val 0.9745  (12s)
  t4v3 ep 40/90  train 0.5295  val 0.9618  (12s)
  t4v3 ep 41/90  train 0.5164  val 0.9191  (12s)
  t4v3 ep 42/90  train 0.5067  val 1.1891  (12s)
  t4v3 ep 43/90  train 0.4936  val 0.9428  (12s)
  t4v3 ep 44/90  train 0.4773  val 0.9403  (12s)
  t4v3 ep 45/90  train 0.5022  val 0.9839  (12s)
  t4v3 ep 46/90  train 0.4517  val 0.9713  (12s)
  t4v3 ep 47/90  train 0.4804  val 1.0364  (12s)
  t4v3 ep 48/90  train 0.4356  val 0.9766  (12s)
  t4v3 ep 49/90  train 0.4321  val 0.9786  (12s)
  t4v3 ep 50/90  train 0.4339  val 1.0600  (12s)
  t4v3 ep 51/90  train 0.4387  val 0.9966  (12s)
  early stop at epoch 51 (best val 0.9191)
wandb: updating run metadata
wandb: uploading config.yaml; uploading output.log; uploading wandb-summary.json
wandb: uploading history steps 51-51, summary
wandb: 
wandb: Run history:
wandb:     best_val_loss ▁
wandb: diag/pre_norm_sum ███▇██████▇███▅████▅█▅█▅███████▁██▁█▁█▅▅
wandb:  diag/weight_norm ▁▁▁▁▂▂▂▃▃▃▄▄▅▅▅▅▅▅▅▅▅▆▅▆▆▆▆▇▇▇█▇▇▇▇▇▇▆▆▆
wandb:             epoch ▁▁▁▁▂▂▂▂▂▂▃▃▃▃▃▄▄▄▄▄▅▅▅▅▅▅▆▆▆▆▆▆▇▇▇▇▇███
wandb:   first_nan_epoch ▁
wandb:   skipped_batches ▁▁▁▁▁▁▁▁▁▁▁▁▁▁▁▁▁▁▁▁▁▁▁▁▁▁▁▁▁▁▁▁▁▁▁▁▁▁▁▁
wandb:  stopped_at_epoch ▁
wandb:           test/f1 ▁
wandb:          test/iou ▁
wandb:    test/threshold ▁
wandb:                +2 ...
wandb: 
wandb: Run summary:
wandb:     best_val_loss 0.91915
wandb: diag/pre_norm_sum 0.99999
wandb:  diag/weight_norm 195.28048
wandb:             epoch 51
wandb:   first_nan_epoch -1
wandb:   skipped_batches 0
wandb:  stopped_at_epoch 51
wandb:           test/f1 0.53274
wandb:          test/iou 0.36309
wandb:    test/threshold 0.3
wandb:                +2 ...
wandb: 
wandb: 🚀 View run unet-t4v3 at: https://wandb.ai/2671907-university-of-the-witwatersrand/cv-splice-localisation/runs/jc3brah6
wandb: ⭐️ View project at: https://wandb.ai/2671907-university-of-the-witwatersrand/cv-splice-localisation
wandb: Synced 5 W&B file(s), 0 media file(s), 0 artifact file(s) and 0 other file(s)
wandb: Find logs at: ./wandb/run-20260912_161541-jc3brah6/logs
t4v3: thr 0.30  F1 0.5327  IoU 0.3631  (stopped ep 51, 618s)

run: python3 src/methods/merge_nested.py
  n=150 done [10887s]

=== n_train = 400 (0/20 pairs done) ===
device cuda | 1822 pairs | epochs<=90 patience=10 | norm=sum wd=0.0001 clip=1.0 amp=bf16 | n_train 400
20 (test, val) pairs | 0 already done | 20 to run

wandb: [wandb.login()] Loaded credentials for https://api.wandb.ai from /home/dell/.netrc.
wandb: Currently logged in as: 2671907 (2671907-university-of-the-witwatersrand) to https://api.wandb.ai. Use `wandb login --relogin` to force relogin
wandb: setting up run lo18uxpx
wandb: Tracking run with wandb version 0.29.0
wandb: Run data is saved locally in /home/dell/cv-project/wandb/run-20260912_162601-lo18uxpx
wandb: Run `wandb offline` to turn off syncing.
wandb: Syncing run unet-t0v1
wandb: ⭐️ View project at https://wandb.ai/2671907-university-of-the-witwatersrand/cv-splice-localisation
wandb: 🚀 View run at https://wandb.ai/2671907-university-of-the-witwatersrand/cv-splice-localisation/runs/lo18uxpx
  t0v1 ep 1/90  train 1.2197  val 1.2220  (30s)
  t0v1 ep 2/90  train 1.1726  val 1.2977  (28s)
  t0v1 ep 3/90  train 1.1408  val 1.1334  (28s)
  t0v1 ep 4/90  train 1.1138  val 1.1543  (28s)
  t0v1 ep 5/90  train 1.0945  val 1.2091  (28s)
  t0v1 ep 6/90  train 1.0551  val 1.1483  (28s)
  t0v1 ep 7/90  train 1.0436  val 1.1024  (28s)
  t0v1 ep 8/90  train 1.0164  val 1.1700  (28s)
  t0v1 ep 9/90  train 0.9920  val 1.0301  (28s)
  t0v1 ep 10/90  train 0.9655  val 1.0588  (28s)
  t0v1 ep 11/90  train 0.9403  val 1.0277  (28s)
  t0v1 ep 12/90  train 0.9321  val 1.0122  (28s)
  t0v1 ep 13/90  train 0.9083  val 0.9732  (28s)
  t0v1 ep 14/90  train 0.8782  val 1.1276  (29s)
  t0v1 ep 15/90  train 0.8798  val 1.0494  (29s)
  t0v1 ep 16/90  train 0.8894  val 1.0219  (29s)
  t0v1 ep 17/90  train 0.8662  val 0.9940  (28s)
  t0v1 ep 18/90  train 0.8815  val 0.9647  (28s)
  t0v1 ep 19/90  train 0.8706  val 0.9768  (28s)
  t0v1 ep 20/90  train 0.8340  val 0.9708  (28s)
  t0v1 ep 21/90  train 0.8233  val 0.8914  (28s)
  t0v1 ep 22/90  train 0.8015  val 0.8916  (28s)
  t0v1 ep 23/90  train 0.7887  val 0.9051  (28s)
  t0v1 ep 24/90  train 0.7593  val 0.8970  (28s)
  t0v1 ep 25/90  train 0.7516  val 0.9562  (28s)
  t0v1 ep 26/90  train 0.7427  val 0.8588  (28s)
  t0v1 ep 27/90  train 0.7172  val 0.8475  (28s)
  t0v1 ep 28/90  train 0.6977  val 1.1902  (28s)
  t0v1 ep 29/90  train 0.6958  val 0.9610  (28s)
  t0v1 ep 30/90  train 0.6793  val 0.8816  (28s)
  t0v1 ep 31/90  train 0.6851  val 0.9064  (28s)
  t0v1 ep 32/90  train 0.6469  val 0.8486  (28s)
  t0v1 ep 33/90  train 0.6301  val 0.8145  (28s)
  t0v1 ep 34/90  train 0.6162  val 0.8452  (28s)
  t0v1 ep 35/90  train 0.5974  val 0.8526  (28s)
  t0v1 ep 36/90  train 0.5844  val 0.8437  (28s)
  t0v1 ep 37/90  train 0.5836  val 0.8122  (28s)
  t0v1 ep 38/90  train 0.5621  val 0.7963  (28s)
  t0v1 ep 39/90  train 0.5659  val 0.7940  (28s)
  t0v1 ep 40/90  train 0.5852  val 0.8443  (28s)
  t0v1 ep 41/90  train 0.6077  val 0.8337  (28s)
  t0v1 ep 42/90  train 0.5600  val 0.8317  (28s)
  t0v1 ep 43/90  train 0.5388  val 0.7881  (28s)
  t0v1 ep 44/90  train 0.5344  val 0.8740  (28s)
  t0v1 ep 45/90  train 0.5066  val 0.8070  (28s)
  t0v1 ep 46/90  train 0.5093  val 0.7690  (28s)
  t0v1 ep 47/90  train 0.4854  val 0.8371  (28s)
  t0v1 ep 48/90  train 0.4773  val 0.8695  (28s)
  t0v1 ep 49/90  train 0.4674  val 0.9051  (28s)
  t0v1 ep 50/90  train 0.4603  val 0.8183  (28s)
  t0v1 ep 51/90  train 0.4477  val 0.8745  (28s)
  t0v1 ep 52/90  train 0.4455  val 0.8226  (28s)
  t0v1 ep 53/90  train 0.4364  val 0.7623  (28s)
  t0v1 ep 54/90  train 0.4364  val 0.8027  (28s)
  t0v1 ep 55/90  train 0.4246  val 0.8103  (28s)
  t0v1 ep 56/90  train 0.4257  val 0.7994  (28s)
  t0v1 ep 57/90  train 0.4140  val 0.7701  (28s)
  t0v1 ep 58/90  train 0.4159  val 0.8118  (28s)
  t0v1 ep 59/90  train 0.4092  val 0.7687  (28s)
  t0v1 ep 60/90  train 0.4146  val 0.7992  (28s)
  t0v1 ep 61/90  train 0.3916  val 0.8664  (28s)
  t0v1 ep 62/90  train 0.3946  val 0.8179  (28s)
  t0v1 ep 63/90  train 0.3891  val 0.7699  (28s)
  early stop at epoch 63 (best val 0.7623)
wandb: updating run metadata
wandb: uploading output.log; uploading wandb-summary.json; uploading config.yaml
wandb: uploading history steps 62-63, summary, console lines 62-63
wandb: 
wandb: Run history:
wandb:     best_val_loss ▁
wandb: diag/pre_norm_sum ▆█▇██▇███▇████▇▇██▂█████▅▇▇▇▇█▇▁▅▅▂▁▄█▂█
wandb:  diag/weight_norm ▁▁▁▁▁▁▁▁▁▂▂▁▁▁▁▁▂▂▄▄▅▆▆▆█▃▃▂▃▃▄▄▄▄▄▃▄▃▄▄
wandb:             epoch ▁▁▁▂▂▂▂▂▃▃▃▃▃▃▃▄▄▄▄▄▅▅▅▅▅▆▆▆▆▆▇▇▇▇▇▇████
wandb:   first_nan_epoch ▁
wandb:   skipped_batches ▁▁▁▁▁▁▁▁▁▁▁▁▁▁▁▁▁▁▁▁▁▁▁▁▁▁▁▁▁▁▁▁▁▁▁▁▁▁▁▁
wandb:  stopped_at_epoch ▁
wandb:           test/f1 ▁
wandb:          test/iou ▁
wandb:    test/threshold ▁
wandb:                +2 ...
wandb: 
wandb: Run summary:
wandb:     best_val_loss 0.76228
wandb: diag/pre_norm_sum 0.99999
wandb:  diag/weight_norm 1944.62052
wandb:             epoch 63
wandb:   first_nan_epoch -1
wandb:   skipped_batches 0
wandb:  stopped_at_epoch 63
wandb:           test/f1 0.67322
wandb:          test/iou 0.5074
wandb:    test/threshold 0.2
wandb:                +2 ...
wandb: 
wandb: 🚀 View run unet-t0v1 at: https://wandb.ai/2671907-university-of-the-witwatersrand/cv-splice-localisation/runs/lo18uxpx
wandb: ⭐️ View project at: https://wandb.ai/2671907-university-of-the-witwatersrand/cv-splice-localisation
wandb: Synced 5 W&B file(s), 0 media file(s), 0 artifact file(s) and 0 other file(s)
wandb: Find logs at: ./wandb/run-20260912_162601-lo18uxpx/logs
t0v1: thr 0.20  F1 0.6732  IoU 0.5074  (stopped ep 63, 1792s)

wandb: setting up run kj6rubgn
wandb: Tracking run with wandb version 0.29.0
wandb: Run data is saved locally in /home/dell/cv-project/wandb/run-20260912_165552-kj6rubgn
wandb: Run `wandb offline` to turn off syncing.
wandb: Syncing run unet-t0v2
wandb: ⭐️ View project at https://wandb.ai/2671907-university-of-the-witwatersrand/cv-splice-localisation
wandb: 🚀 View run at https://wandb.ai/2671907-university-of-the-witwatersrand/cv-splice-localisation/runs/kj6rubgn
  t0v2 ep 1/90  train 1.2640  val 1.2063  (28s)
  t0v2 ep 2/90  train 1.2132  val 1.2815  (28s)
  t0v2 ep 3/90  train 1.1981  val 1.1720  (28s)
  t0v2 ep 4/90  train 1.1674  val 1.2788  (28s)
  t0v2 ep 5/90  train 1.1587  val 1.1778  (28s)
  t0v2 ep 6/90  train 1.1343  val 1.1649  (28s)
  t0v2 ep 7/90  train 1.1104  val 1.2203  (28s)
  t0v2 ep 8/90  train 1.0662  val 1.6143  (28s)
  t0v2 ep 9/90  train 1.0435  val 1.1615  (28s)
  t0v2 ep 10/90  train 1.0387  val 1.1032  (28s)
  t0v2 ep 11/90  train 1.0334  val 1.0642  (28s)
  t0v2 ep 12/90  train 1.0249  val 1.0593  (28s)
  t0v2 ep 13/90  train 0.9841  val 1.1996  (28s)
  t0v2 ep 14/90  train 0.9887  val 1.0860  (28s)
  t0v2 ep 15/90  train 0.9586  val 2.5302  (28s)
  t0v2 ep 16/90  train 0.9421  val 0.9689  (28s)
  t0v2 ep 17/90  train 0.9376  val 0.9411  (28s)
  t0v2 ep 18/90  train 0.9177  val 1.0014  (28s)
  t0v2 ep 19/90  train 0.8848  val 0.9226  (28s)
  t0v2 ep 20/90  train 0.8812  val 0.9278  (28s)
  t0v2 ep 21/90  train 0.8393  val 0.8880  (28s)
  t0v2 ep 22/90  train 0.8477  val 0.9303  (28s)
  t0v2 ep 23/90  train 0.8072  val 0.9455  (28s)
  t0v2 ep 24/90  train 0.8062  val 1.0254  (28s)
  t0v2 ep 25/90  train 0.7687  val 1.0013  (28s)
  t0v2 ep 26/90  train 0.7682  val 1.0173  (28s)
  t0v2 ep 27/90  train 0.7582  val 0.8461  (28s)
  t0v2 ep 28/90  train 0.7295  val 0.8689  (28s)
  t0v2 ep 29/90  train 0.7282  val 0.9202  (28s)
  t0v2 ep 30/90  train 0.7219  val 0.8736  (28s)
  t0v2 ep 31/90  train 0.7059  val 0.8217  (28s)
  t0v2 ep 32/90  train 0.6963  val 0.8251  (28s)
  t0v2 ep 33/90  train 0.6694  val 0.8874  (28s)
  t0v2 ep 34/90  train 0.6855  val 0.9244  (28s)
  t0v2 ep 35/90  train 0.6673  val 0.9039  (28s)
  t0v2 ep 36/90  train 0.6387  val 0.8220  (28s)
  t0v2 ep 37/90  train 0.6284  val 0.8084  (28s)
  t0v2 ep 38/90  train 0.6077  val 0.9012  (28s)
  t0v2 ep 39/90  train 0.6164  val 1.0720  (28s)
  t0v2 ep 40/90  train 0.6093  val 0.8723  (28s)
  t0v2 ep 41/90  train 0.5826  val 0.8097  (28s)
  t0v2 ep 42/90  train 0.5624  val 0.8423  (28s)
  t0v2 ep 43/90  train 0.5575  val 0.7698  (28s)
  t0v2 ep 44/90  train 0.5347  val 0.7881  (28s)
  t0v2 ep 45/90  train 0.5293  val 0.8354  (28s)
  t0v2 ep 46/90  train 0.5363  val 0.8173  (28s)
  t0v2 ep 47/90  train 0.5205  val 0.7730  (28s)
  t0v2 ep 48/90  train 0.5095  val 0.7857  (28s)
  t0v2 ep 49/90  train 0.5001  val 0.7942  (28s)
  t0v2 ep 50/90  train 0.4917  val 0.7965  (28s)
  t0v2 ep 51/90  train 0.4930  val 0.8143  (28s)
  t0v2 ep 52/90  train 0.4870  val 0.8269  (28s)
  t0v2 ep 53/90  train 0.4812  val 0.9601  (28s)
  early stop at epoch 53 (best val 0.7698)
wandb: updating run metadata
wandb: uploading output.log; uploading wandb-summary.json; uploading config.yaml
wandb: uploading output.log; uploading wandb-summary.json
wandb: 
wandb: Run history:
wandb:     best_val_loss ▁
wandb: diag/pre_norm_sum █▇▇████████▇██▆██▇██▁▃▆█▆▅▆████▅██▅▇▇▅█▃
wandb:  diag/weight_norm ▁▁▁▁▁▁▂▂▂▂▂▂▂▂▂▂▂▃▃▃▃▃▃▄▃▃▄▄▃▄▅▅▅▆▆██▇▆▇
wandb:             epoch ▁▁▁▁▂▂▂▂▂▃▃▃▃▃▃▄▄▄▄▄▅▅▅▅▅▆▆▆▆▆▆▆▇▇▇▇▇███
wandb:   first_nan_epoch ▁
wandb:   skipped_batches ▁▁▁▁▁▁▁▁▁▁▁▁▁▁▁▁▁▁▁▁▁▁▁▁▁▁▁▁▁▁▁▁▁▁▁▁▁▁▁▁
wandb:  stopped_at_epoch ▁
wandb:           test/f1 ▁
wandb:          test/iou ▁
wandb:    test/threshold ▁
wandb:                +2 ...
wandb: 
wandb: Run summary:
wandb:     best_val_loss 0.76981
wandb: diag/pre_norm_sum 0.99999
wandb:  diag/weight_norm 484.86289
wandb:             epoch 53
wandb:   first_nan_epoch -1
wandb:   skipped_batches 0
wandb:  stopped_at_epoch 53
wandb:           test/f1 0.67236
wandb:          test/iou 0.50643
wandb:    test/threshold 0.25
wandb:                +2 ...
wandb: 
wandb: 🚀 View run unet-t0v2 at: https://wandb.ai/2671907-university-of-the-witwatersrand/cv-splice-localisation/runs/kj6rubgn
wandb: ⭐️ View project at: https://wandb.ai/2671907-university-of-the-witwatersrand/cv-splice-localisation
wandb: Synced 5 W&B file(s), 0 media file(s), 0 artifact file(s) and 0 other file(s)
wandb: Find logs at: ./wandb/run-20260912_165552-kj6rubgn/logs
t0v2: thr 0.25  F1 0.6724  IoU 0.5064  (stopped ep 53, 1506s)

wandb: setting up run ckl9ia9y
wandb: Tracking run with wandb version 0.29.0
wandb: Run data is saved locally in /home/dell/cv-project/wandb/run-20260912_172058-ckl9ia9y
wandb: Run `wandb offline` to turn off syncing.
wandb: Syncing run unet-t0v3
wandb: ⭐️ View project at https://wandb.ai/2671907-university-of-the-witwatersrand/cv-splice-localisation
wandb: 🚀 View run at https://wandb.ai/2671907-university-of-the-witwatersrand/cv-splice-localisation/runs/ckl9ia9y
  t0v3 ep 1/90  train 1.2179  val 1.2151  (28s)
  t0v3 ep 2/90  train 1.1447  val 1.1905  (28s)
  t0v3 ep 3/90  train 1.1041  val 1.1836  (28s)
  t0v3 ep 4/90  train 1.0804  val 1.1906  (28s)
  t0v3 ep 5/90  train 1.0338  val 1.0900  (28s)
  t0v3 ep 6/90  train 1.0143  val 1.3752  (28s)
  t0v3 ep 7/90  train 0.9899  val 1.0547  (28s)
  t0v3 ep 8/90  train 0.9710  val 1.0461  (28s)
  t0v3 ep 9/90  train 0.9432  val 1.0024  (28s)
  t0v3 ep 10/90  train 0.9462  val 1.0534  (28s)
  t0v3 ep 11/90  train 0.9263  val 1.1033  (28s)
  t0v3 ep 12/90  train 0.9239  val 0.9900  (28s)
  t0v3 ep 13/90  train 0.8880  val 0.9790  (28s)
  t0v3 ep 14/90  train 0.8475  val 0.9697  (28s)
  t0v3 ep 15/90  train 0.8296  val 1.0127  (28s)
  t0v3 ep 16/90  train 0.8208  val 0.9186  (28s)
  t0v3 ep 17/90  train 0.7941  val 0.8865  (28s)
  t0v3 ep 18/90  train 0.7768  val 0.8827  (28s)
  t0v3 ep 19/90  train 0.7650  val 0.9892  (28s)
  t0v3 ep 20/90  train 0.7607  val 0.9347  (28s)
  t0v3 ep 21/90  train 0.7618  val 0.9047  (28s)
  t0v3 ep 22/90  train 0.7833  val 1.0100  (28s)
  t0v3 ep 23/90  train 0.8367  val 0.9770  (28s)
  t0v3 ep 24/90  train 0.7991  val 0.9696  (28s)
  t0v3 ep 25/90  train 0.7746  val 0.9631  (28s)
  t0v3 ep 26/90  train 0.7628  val 0.8639  (28s)
  t0v3 ep 27/90  train 0.7453  val 0.9489  (28s)
  t0v3 ep 28/90  train 0.7390  val 0.8902  (28s)
  t0v3 ep 29/90  train 0.7166  val 0.8696  (28s)
  t0v3 ep 30/90  train 0.6907  val 0.9220  (28s)
  t0v3 ep 31/90  train 0.6724  val 0.8717  (28s)
  t0v3 ep 32/90  train 0.6547  val 0.9102  (28s)
  t0v3 ep 33/90  train 0.6513  val 1.0076  (28s)
  t0v3 ep 34/90  train 0.6323  val 0.9084  (28s)
  t0v3 ep 35/90  train 0.6151  val 0.9347  (28s)
  t0v3 ep 36/90  train 0.6078  val 0.9008  (28s)
  early stop at epoch 36 (best val 0.8639)
wandb: updating run metadata
wandb: uploading config.yaml; uploading output.log; uploading wandb-summary.json
wandb: uploading config.yaml; uploading wandb-summary.json
wandb: 
wandb: Run history:
wandb:     best_val_loss ▁
wandb: diag/pre_norm_sum █▆▇▆█▅▇▅▇▁█▇█▅█▇▃▄▅██▇██████▇▇▅█▅▅█▅
wandb:  diag/weight_norm ▁▃▂▃▂▃▅▆▇██▄▅▄▅▅▅▆▄▄▄▄▄▄▄▅▅▅▅▅▅▆▆▇▇█
wandb:             epoch ▁▁▁▂▂▂▂▂▃▃▃▃▃▄▄▄▄▄▅▅▅▅▅▆▆▆▆▆▇▇▇▇▇███
wandb:   first_nan_epoch ▁
wandb:   skipped_batches ▁▁▁▁▁▁▁▁▁▁▁▁▁▁▁▁▁▁▁▁▁▁▁▁▁▁▁▁▁▁▁▁▁▁▁▁
wandb:  stopped_at_epoch ▁
wandb:           test/f1 ▁
wandb:          test/iou ▁
wandb:    test/threshold ▁
wandb:                +2 ...
wandb: 
wandb: Run summary:
wandb:     best_val_loss 0.86388
wandb: diag/pre_norm_sum 1.0
wandb:  diag/weight_norm 196.87767
wandb:             epoch 36
wandb:   first_nan_epoch -1
wandb:   skipped_batches 0
wandb:  stopped_at_epoch 36
wandb:           test/f1 0.62578
wandb:          test/iou 0.45538
wandb:    test/threshold 0.45
wandb:                +2 ...
wandb: 
wandb: 🚀 View run unet-t0v3 at: https://wandb.ai/2671907-university-of-the-witwatersrand/cv-splice-localisation/runs/ckl9ia9y
wandb: ⭐️ View project at: https://wandb.ai/2671907-university-of-the-witwatersrand/cv-splice-localisation
wandb: Synced 5 W&B file(s), 0 media file(s), 0 artifact file(s) and 0 other file(s)
wandb: Find logs at: ./wandb/run-20260912_172058-ckl9ia9y/logs
t0v3: thr 0.45  F1 0.6258  IoU 0.4554  (stopped ep 36, 1026s)

wandb: setting up run tku1jfh5
wandb: Tracking run with wandb version 0.29.0
wandb: Run data is saved locally in /home/dell/cv-project/wandb/run-20260912_173804-tku1jfh5
wandb: Run `wandb offline` to turn off syncing.
wandb: Syncing run unet-t0v4
wandb: ⭐️ View project at https://wandb.ai/2671907-university-of-the-witwatersrand/cv-splice-localisation
wandb: 🚀 View run at https://wandb.ai/2671907-university-of-the-witwatersrand/cv-splice-localisation/runs/tku1jfh5
  t0v4 ep 1/90  train 1.2564  val 1.2422  (28s)
  t0v4 ep 2/90  train 1.1974  val 1.2478  (28s)
  t0v4 ep 3/90  train 1.1959  val 1.1929  (28s)
  t0v4 ep 4/90  train 1.1516  val 1.2437  (28s)
  t0v4 ep 5/90  train 1.1078  val 1.0976  (28s)
  t0v4 ep 6/90  train 1.0714  val 1.1943  (28s)
  t0v4 ep 7/90  train 1.0436  val 1.0635  (28s)
  t0v4 ep 8/90  train 0.9965  val 1.0485  (28s)
  t0v4 ep 9/90  train 0.9738  val 1.1004  (28s)
  t0v4 ep 10/90  train 0.9493  val 1.0474  (28s)
  t0v4 ep 11/90  train 0.9499  val 0.9836  (28s)
  t0v4 ep 12/90  train 0.9310  val 1.0243  (28s)
  t0v4 ep 13/90  train 0.9066  val 1.0417  (28s)
  t0v4 ep 14/90  train 0.9021  val 1.0081  (28s)
  t0v4 ep 15/90  train 0.8750  val 1.0105  (28s)
  t0v4 ep 16/90  train 0.8803  val 1.0075  (28s)
  t0v4 ep 17/90  train 0.8930  val 0.9906  (28s)
  t0v4 ep 18/90  train 0.8704  val 0.9989  (28s)
  t0v4 ep 19/90  train 0.8367  val 0.9319  (28s)
  t0v4 ep 20/90  train 0.8107  val 1.2766  (28s)
  t0v4 ep 21/90  train 0.7987  val 1.0339  (28s)
  t0v4 ep 22/90  train 0.7657  val 0.9697  (28s)
  t0v4 ep 23/90  train 0.7419  val 1.0049  (28s)
  t0v4 ep 24/90  train 0.7301  val 0.9058  (28s)
  t0v4 ep 25/90  train 0.7184  val 0.8564  (28s)
  t0v4 ep 26/90  train 0.7193  val 1.1099  (28s)
  t0v4 ep 27/90  train 0.7030  val 0.8599  (28s)
  t0v4 ep 28/90  train 0.6939  val 0.8658  (28s)
  t0v4 ep 29/90  train 0.6734  val 1.0012  (28s)
  t0v4 ep 30/90  train 0.6614  val 0.8673  (28s)
  t0v4 ep 31/90  train 0.6632  val 0.8888  (28s)
  t0v4 ep 32/90  train 0.6394  val 0.8968  (28s)
  t0v4 ep 33/90  train 0.6176  val 0.8756  (28s)
  t0v4 ep 34/90  train 0.6164  val 0.8061  (28s)
  t0v4 ep 35/90  train 0.5972  val 1.0129  (28s)
  t0v4 ep 36/90  train 0.5807  val 0.8953  (28s)
  t0v4 ep 37/90  train 0.5638  val 0.7828  (28s)
  t0v4 ep 38/90  train 0.5316  val 0.8515  (28s)
  t0v4 ep 39/90  train 0.5308  val 0.8126  (28s)
  t0v4 ep 40/90  train 0.5371  val 0.8813  (28s)
  t0v4 ep 41/90  train 0.5354  val 0.8726  (28s)
  t0v4 ep 42/90  train 0.5519  val 0.8276  (28s)
  t0v4 ep 43/90  train 0.5389  val 0.8189  (28s)
  t0v4 ep 44/90  train 0.5279  val 0.8025  (28s)
  t0v4 ep 45/90  train 0.5156  val 0.8702  (28s)
  t0v4 ep 46/90  train 0.5066  val 0.7847  (28s)
  t0v4 ep 47/90  train 0.5125  val 0.8052  (28s)
  early stop at epoch 47 (best val 0.7828)
wandb: updating run metadata
wandb: uploading output.log; uploading wandb-summary.json; uploading config.yaml
wandb: uploading wandb-summary.json; uploading config.yaml
wandb: uploading history steps 47-47, summary
wandb: 
wandb: Run history:
wandb:     best_val_loss ▁
wandb: diag/pre_norm_sum ███▇▆█▆███▅▇▅▇▇██████▇████▃▆▆▁▅▆▆▆▄▄▇█▇▇
wandb:  diag/weight_norm █▁▁▁▁▁▂▂▂▂▂▂▂▂▂▂▂▂▂▂▂▂▂▂▂▂▂▂▃▃▃▃▃▃▃▃▃▃▃▃
wandb:             epoch ▁▁▁▁▂▂▂▂▂▃▃▃▃▃▃▄▄▄▄▄▅▅▅▅▅▅▆▆▆▆▆▆▇▇▇▇▇███
wandb:   first_nan_epoch ▁
wandb:   skipped_batches ▁▁▁▁▁▁▁▁▁▁▁▁▁▁▁▁▁▁▁▁▁▁▁▁▁▁▁▁▁▁▁▁▁▁▁▁▁▁▁▁
wandb:  stopped_at_epoch ▁
wandb:           test/f1 ▁
wandb:          test/iou ▁
wandb:    test/threshold ▁
wandb:                +2 ...
wandb: 
wandb: Run summary:
wandb:     best_val_loss 0.78281
wandb: diag/pre_norm_sum 1.0
wandb:  diag/weight_norm 192.42753
wandb:             epoch 47
wandb:   first_nan_epoch -1
wandb:   skipped_batches 0
wandb:  stopped_at_epoch 47
wandb:           test/f1 0.62799
wandb:          test/iou 0.45772
wandb:    test/threshold 0.1
wandb:                +2 ...
wandb: 
wandb: 🚀 View run unet-t0v4 at: https://wandb.ai/2671907-university-of-the-witwatersrand/cv-splice-localisation/runs/tku1jfh5
wandb: ⭐️ View project at: https://wandb.ai/2671907-university-of-the-witwatersrand/cv-splice-localisation
wandb: Synced 5 W&B file(s), 0 media file(s), 0 artifact file(s) and 0 other file(s)
wandb: Find logs at: ./wandb/run-20260912_173804-tku1jfh5/logs
t0v4: thr 0.10  F1 0.6280  IoU 0.4577  (stopped ep 47, 1335s)

wandb: setting up run g0q2npz5
wandb: Tracking run with wandb version 0.29.0
wandb: Run data is saved locally in /home/dell/cv-project/wandb/run-20260912_180020-g0q2npz5
wandb: Run `wandb offline` to turn off syncing.
wandb: Syncing run unet-t1v0
wandb: ⭐️ View project at https://wandb.ai/2671907-university-of-the-witwatersrand/cv-splice-localisation
wandb: 🚀 View run at https://wandb.ai/2671907-university-of-the-witwatersrand/cv-splice-localisation/runs/g0q2npz5
  t1v0 ep 1/90  train 1.2209  val 1.2355  (28s)
  t1v0 ep 2/90  train 1.1551  val 1.1819  (28s)
  t1v0 ep 3/90  train 1.1291  val 1.1448  (28s)
  t1v0 ep 4/90  train 1.1128  val 1.1200  (28s)
  t1v0 ep 5/90  train 1.0868  val 1.1858  (28s)
  t1v0 ep 6/90  train 1.0484  val 1.0440  (28s)
  t1v0 ep 7/90  train 1.0080  val 1.0823  (28s)
  t1v0 ep 8/90  train 0.9699  val 1.0238  (28s)
  t1v0 ep 9/90  train 0.9355  val 1.0171  (28s)
  t1v0 ep 10/90  train 0.9216  val 1.0285  (28s)
  t1v0 ep 11/90  train 0.8832  val 1.0220  (28s)
  t1v0 ep 12/90  train 0.8593  val 0.9339  (28s)
  t1v0 ep 13/90  train 0.8389  val 1.0819  (28s)
  t1v0 ep 14/90  train 0.8012  val 1.0005  (28s)
  t1v0 ep 15/90  train 0.8084  val 0.8644  (28s)
  t1v0 ep 16/90  train 0.7756  val 0.8546  (28s)
  t1v0 ep 17/90  train 0.7643  val 0.8793  (28s)
  t1v0 ep 18/90  train 0.7570  val 0.8651  (28s)
  t1v0 ep 19/90  train 0.7376  val 0.8770  (28s)
  t1v0 ep 20/90  train 0.7261  val 0.8804  (28s)
  t1v0 ep 21/90  train 0.7201  val 0.8425  (28s)
  t1v0 ep 22/90  train 0.7125  val 0.8945  (28s)
  t1v0 ep 23/90  train 0.7146  val 0.8380  (28s)
  t1v0 ep 24/90  train 0.7056  val 0.8408  (28s)
  t1v0 ep 25/90  train 0.7099  val 0.9136  (28s)
  t1v0 ep 26/90  train 0.7040  val 1.0435  (28s)
  t1v0 ep 27/90  train 0.8427  val 1.0889  (28s)
  t1v0 ep 28/90  train 0.8220  val 0.9122  (28s)
  t1v0 ep 29/90  train 0.8339  val 0.8922  (28s)
  t1v0 ep 30/90  train 0.7430  val 0.8246  (28s)
  t1v0 ep 31/90  train 0.7092  val 0.9734  (28s)
  t1v0 ep 32/90  train 0.6960  val 0.9240  (28s)
  t1v0 ep 33/90  train 0.6735  val 0.8462  (28s)
  t1v0 ep 34/90  train 0.6482  val 0.8072  (28s)
  t1v0 ep 35/90  train 0.6296  val 0.9573  (28s)
  t1v0 ep 36/90  train 0.6094  val 0.8522  (28s)
  t1v0 ep 37/90  train 0.6021  val 0.8533  (28s)
  t1v0 ep 38/90  train 0.5813  val 0.8595  (28s)
  t1v0 ep 39/90  train 0.5594  val 0.8556  (28s)
  t1v0 ep 40/90  train 0.5573  val 0.8246  (28s)
  t1v0 ep 41/90  train 0.5573  val 0.8724  (28s)
  t1v0 ep 42/90  train 0.5440  val 0.9151  (28s)
  t1v0 ep 43/90  train 0.5448  val 0.8900  (28s)
  t1v0 ep 44/90  train 0.5203  val 0.8078  (28s)
  early stop at epoch 44 (best val 0.8072)
wandb: updating run metadata
wandb: uploading output.log; uploading wandb-summary.json; uploading config.yaml
wandb: uploading history steps 43-44, summary, console lines 43-44
wandb: 
wandb: Run history:
wandb:     best_val_loss ▁
wandb: diag/pre_norm_sum ██████████████████████▇██▇███████████▁▅█
wandb:  diag/weight_norm ▁▁▁▁▁▁▁▁▁▁▁▁▁▁▁▁▂▂▂▂▂▂▂▂▂▂▂▃▃▃▃▃▃▃▃▄▄▅▆█
wandb:             epoch ▁▁▁▁▂▂▂▂▂▂▃▃▃▃▃▄▄▄▄▄▅▅▅▅▅▅▆▆▆▆▆▇▇▇▇▇▇███
wandb:   first_nan_epoch ▁
wandb:   skipped_batches ▁▁▁▁▁▁▁▁▁▁▁▁▁▁▁▁▁▁▁▁▁▁▁▁▁▁▁▁▁▁▁▁▁▁▁▁▁▁▁▁
wandb:  stopped_at_epoch ▁
wandb:           test/f1 ▁
wandb:          test/iou ▁
wandb:    test/threshold ▁
wandb:                +2 ...
wandb: 
wandb: Run summary:
wandb:     best_val_loss 0.80716
wandb: diag/pre_norm_sum 1.0
wandb:  diag/weight_norm 7340.06008
wandb:             epoch 44
wandb:   first_nan_epoch -1
wandb:   skipped_batches 0
wandb:  stopped_at_epoch 44
wandb:           test/f1 0.63389
wandb:          test/iou 0.46401
wandb:    test/threshold 0.15
wandb:                +2 ...
wandb: 
wandb: 🚀 View run unet-t1v0 at: https://wandb.ai/2671907-university-of-the-witwatersrand/cv-splice-localisation/runs/g0q2npz5
wandb: ⭐️ View project at: https://wandb.ai/2671907-university-of-the-witwatersrand/cv-splice-localisation
wandb: Synced 5 W&B file(s), 0 media file(s), 0 artifact file(s) and 0 other file(s)
wandb: Find logs at: ./wandb/run-20260912_180020-g0q2npz5/logs
t1v0: thr 0.15  F1 0.6339  IoU 0.4640  (stopped ep 44, 1252s)

wandb: setting up run 2z8i6b6a
wandb: Tracking run with wandb version 0.29.0
wandb: Run data is saved locally in /home/dell/cv-project/wandb/run-20260912_182111-2z8i6b6a
wandb: Run `wandb offline` to turn off syncing.
wandb: Syncing run unet-t1v2
wandb: ⭐️ View project at https://wandb.ai/2671907-university-of-the-witwatersrand/cv-splice-localisation
wandb: 🚀 View run at https://wandb.ai/2671907-university-of-the-witwatersrand/cv-splice-localisation/runs/2z8i6b6a
  t1v2 ep 1/90  train 1.2330  val 1.1825  (28s)
  t1v2 ep 2/90  train 1.1818  val 1.4397  (28s)
  t1v2 ep 3/90  train 1.1461  val 1.1213  (28s)
  t1v2 ep 4/90  train 1.1038  val 1.1182  (28s)
  t1v2 ep 5/90  train 1.0692  val 1.0738  (28s)
  t1v2 ep 6/90  train 1.0366  val 1.0552  (28s)
  t1v2 ep 7/90  train 0.9991  val 1.0119  (28s)
  t1v2 ep 8/90  train 0.9704  val 0.9769  (28s)
  t1v2 ep 9/90  train 0.9319  val 1.0728  (28s)
  t1v2 ep 10/90  train 0.9146  val 0.9969  (28s)
  t1v2 ep 11/90  train 0.8900  val 2.4082  (28s)
  t1v2 ep 12/90  train 0.8881  val 0.9717  (28s)
  t1v2 ep 13/90  train 0.8564  val 0.9107  (28s)
  t1v2 ep 14/90  train 0.8533  val 0.9292  (28s)
  t1v2 ep 15/90  train 0.8402  val 0.9266  (28s)
  t1v2 ep 16/90  train 0.8465  val 0.9611  (28s)
  t1v2 ep 17/90  train 0.8149  val 1.0653  (28s)
  t1v2 ep 18/90  train 0.7752  val 1.0701  (28s)
  t1v2 ep 19/90  train 0.7601  val 0.8973  (28s)
  t1v2 ep 20/90  train 0.7436  val 0.9085  (28s)
  t1v2 ep 21/90  train 0.7129  val 0.8426  (28s)
  t1v2 ep 22/90  train 0.7241  val 0.8683  (28s)
  t1v2 ep 23/90  train 0.6907  val 0.9334  (28s)
  t1v2 ep 24/90  train 0.6544  val 0.9220  (28s)
  t1v2 ep 25/90  train 0.6563  val 0.8830  (28s)
  t1v2 ep 26/90  train 0.6285  val 0.8698  (28s)
  t1v2 ep 27/90  train 0.6105  val 0.8423  (28s)
  t1v2 ep 28/90  train 0.6059  val 0.8455  (28s)
  t1v2 ep 29/90  train 0.6008  val 0.8355  (28s)
  t1v2 ep 30/90  train 0.5775  val 0.9121  (28s)
  t1v2 ep 31/90  train 0.5941  val 0.8609  (28s)
  t1v2 ep 32/90  train 0.5963  val 0.9114  (28s)
  t1v2 ep 33/90  train 0.5795  val 0.8697  (28s)
  t1v2 ep 34/90  train 0.5644  val 0.8382  (28s)
  t1v2 ep 35/90  train 0.5793  val 0.9018  (28s)
  t1v2 ep 36/90  train 0.6074  val 0.8878  (28s)
  t1v2 ep 37/90  train 0.5451  val 0.8210  (28s)
  t1v2 ep 38/90  train 0.5186  val 0.8320  (28s)
  t1v2 ep 39/90  train 0.5280  val 0.8356  (28s)
  t1v2 ep 40/90  train 0.5240  val 0.8514  (28s)
  t1v2 ep 41/90  train 0.4984  val 0.8342  (28s)
  t1v2 ep 42/90  train 0.5177  val 0.8449  (28s)
  t1v2 ep 43/90  train 0.4937  val 0.8841  (28s)
  t1v2 ep 44/90  train 0.4832  val 0.8463  (28s)
  t1v2 ep 45/90  train 0.4597  val 0.8540  (28s)
  t1v2 ep 46/90  train 0.4519  val 0.8681  (28s)
  t1v2 ep 47/90  train 0.4446  val 0.8411  (28s)
  early stop at epoch 47 (best val 0.8210)
wandb: updating run metadata
wandb: uploading wandb-summary.json; uploading config.yaml; uploading output.log
wandb: uploading wandb-summary.json; uploading config.yaml
wandb: uploading history steps 47-47, summary
wandb: 
wandb: Run history:
wandb:     best_val_loss ▁
wandb: diag/pre_norm_sum ██████████▇██▇███▇█▇▆█▆▆█▁███▆█▆███▇█▆██
wandb:  diag/weight_norm ▁▁▁▁▁▁▂▂▂▂▂▂▂▂▂▃▂▃▂▃▃▄▆▇██▅▆█▅▄▆▆▅▄▄▄▄▅▅
wandb:             epoch ▁▁▁▁▂▂▂▂▂▃▃▃▃▃▃▄▄▄▄▄▅▅▅▅▅▅▆▆▆▆▆▆▇▇▇▇▇███
wandb:   first_nan_epoch ▁
wandb:   skipped_batches ▁▁▁▁▁▁▁▁▁▁▁▁▁▁▁▁▁▁▁▁▁▁▁▁▁▁▁▁▁▁▁▁▁▁▁▁▁▁▁▁
wandb:  stopped_at_epoch ▁
wandb:           test/f1 ▁
wandb:          test/iou ▁
wandb:    test/threshold ▁
wandb:                +2 ...
wandb: 
wandb: Run summary:
wandb:     best_val_loss 0.82101
wandb: diag/pre_norm_sum 0.99998
wandb:  diag/weight_norm 1268.77688
wandb:             epoch 47
wandb:   first_nan_epoch -1
wandb:   skipped_batches 0
wandb:  stopped_at_epoch 47
wandb:           test/f1 0.64322
wandb:          test/iou 0.47408
wandb:    test/threshold 0.25
wandb:                +2 ...
wandb: 
wandb: 🚀 View run unet-t1v2 at: https://wandb.ai/2671907-university-of-the-witwatersrand/cv-splice-localisation/runs/2z8i6b6a
wandb: ⭐️ View project at: https://wandb.ai/2671907-university-of-the-witwatersrand/cv-splice-localisation
wandb: Synced 5 W&B file(s), 0 media file(s), 0 artifact file(s) and 0 other file(s)
wandb: Find logs at: ./wandb/run-20260912_182111-2z8i6b6a/logs
t1v2: thr 0.25  F1 0.6432  IoU 0.4741  (stopped ep 47, 1336s)

wandb: setting up run ixhg6bjj
wandb: Tracking run with wandb version 0.29.0
wandb: Run data is saved locally in /home/dell/cv-project/wandb/run-20260912_184327-ixhg6bjj
wandb: Run `wandb offline` to turn off syncing.
wandb: Syncing run unet-t1v3
wandb: ⭐️ View project at https://wandb.ai/2671907-university-of-the-witwatersrand/cv-splice-localisation
wandb: 🚀 View run at https://wandb.ai/2671907-university-of-the-witwatersrand/cv-splice-localisation/runs/ixhg6bjj
  t1v3 ep 1/90  train 1.2210  val 1.3430  (28s)
  t1v3 ep 2/90  train 1.1514  val 1.2816  (28s)
  t1v3 ep 3/90  train 1.1249  val 1.2353  (28s)
  t1v3 ep 4/90  train 1.1080  val 1.2200  (28s)
  t1v3 ep 5/90  train 1.0983  val 1.1849  (28s)
  t1v3 ep 6/90  train 1.0705  val 1.8255  (28s)
  t1v3 ep 7/90  train 1.0570  val 1.5517  (28s)
  t1v3 ep 8/90  train 1.0423  val 1.1146  (28s)
  t1v3 ep 9/90  train 1.0254  val 1.1391  (28s)
  t1v3 ep 10/90  train 1.0175  val 1.1810  (28s)
  t1v3 ep 11/90  train 0.9888  val 1.3413  (28s)
  t1v3 ep 12/90  train 0.9841  val 1.1968  (28s)
  t1v3 ep 13/90  train 0.9552  val 1.0713  (28s)
  t1v3 ep 14/90  train 0.9261  val 1.0442  (28s)
  t1v3 ep 15/90  train 0.9078  val 1.0296  (28s)
  t1v3 ep 16/90  train 0.8805  val 1.0881  (28s)
  t1v3 ep 17/90  train 0.8648  val 1.0229  (28s)
  t1v3 ep 18/90  train 0.8403  val 0.9343  (28s)
  t1v3 ep 19/90  train 0.8276  val 1.2427  (28s)
  t1v3 ep 20/90  train 0.8127  val 0.9778  (28s)
  t1v3 ep 21/90  train 0.7992  val 0.9945  (28s)
  t1v3 ep 22/90  train 0.7924  val 0.9675  (28s)
  t1v3 ep 23/90  train 0.7647  val 1.1826  (28s)
  t1v3 ep 24/90  train 0.7487  val 1.7444  (28s)
  t1v3 ep 25/90  train 0.7411  val 0.9223  (28s)
  t1v3 ep 26/90  train 0.7239  val 0.8908  (28s)
  t1v3 ep 27/90  train 0.7285  val 0.8982  (28s)
  t1v3 ep 28/90  train 0.7108  val 0.8766  (28s)
  t1v3 ep 29/90  train 0.7074  val 0.9041  (28s)
  t1v3 ep 30/90  train 0.6928  val 1.0629  (28s)
  t1v3 ep 31/90  train 0.6908  val 0.9210  (28s)
  t1v3 ep 32/90  train 0.6764  val 0.9155  (28s)
  t1v3 ep 33/90  train 0.6665  val 0.8642  (28s)
  t1v3 ep 34/90  train 0.6440  val 0.8463  (28s)
  t1v3 ep 35/90  train 0.6263  val 0.8354  (28s)
  t1v3 ep 36/90  train 0.6356  val 0.8733  (28s)
  t1v3 ep 37/90  train 0.6203  val 0.8914  (28s)
  t1v3 ep 38/90  train 0.6070  val 0.8570  (28s)
  t1v3 ep 39/90  train 0.5913  val 0.9716  (28s)
  t1v3 ep 40/90  train 0.5854  val 0.8690  (28s)
  t1v3 ep 41/90  train 0.5724  val 1.0800  (28s)
  t1v3 ep 42/90  train 0.5674  val 0.8519  (28s)
  t1v3 ep 43/90  train 0.5611  val 0.8474  (28s)
  t1v3 ep 44/90  train 0.5399  val 1.1309  (28s)
  t1v3 ep 45/90  train 0.5454  val 0.8570  (28s)
  early stop at epoch 45 (best val 0.8354)
wandb: updating run metadata
wandb: uploading wandb-summary.json; uploading config.yaml; uploading output.log
wandb: uploading wandb-summary.json; uploading output.log
wandb: uploading history steps 44-45, summary, console lines 44-45
wandb: 
wandb: Run history:
wandb:     best_val_loss ▁
wandb: diag/pre_norm_sum █████████████████████▇██████▇████████▆▁█
wandb:  diag/weight_norm ▁▁▁▁▁▁▁▁▁▁▁▁▁▁▁▁▁▁▁▂▂▂▂▂▂▂▃▃▃▃▄▄▅▅▇█████
wandb:             epoch ▁▁▁▁▂▂▂▂▂▃▃▃▃▃▃▄▄▄▄▄▅▅▅▅▅▅▆▆▆▆▆▆▇▇▇▇▇███
wandb:   first_nan_epoch ▁
wandb:   skipped_batches ▁▁▁▁▁▁▁▁▁▁▁▁▁▁▁▁▁▁▁▁▁▁▁▁▁▁▁▁▁▁▁▁▁▁▁▁▁▁▁▁
wandb:  stopped_at_epoch ▁
wandb:           test/f1 ▁
wandb:          test/iou ▁
wandb:    test/threshold ▁
wandb:                +2 ...
wandb: 
wandb: Run summary:
wandb:     best_val_loss 0.83538
wandb: diag/pre_norm_sum 1.0
wandb:  diag/weight_norm 24290.82912
wandb:             epoch 45
wandb:   first_nan_epoch -1
wandb:   skipped_batches 0
wandb:  stopped_at_epoch 45
wandb:           test/f1 0.63208
wandb:          test/iou 0.46208
wandb:    test/threshold 0.2
wandb:                +2 ...
wandb: 
wandb: 🚀 View run unet-t1v3 at: https://wandb.ai/2671907-university-of-the-witwatersrand/cv-splice-localisation/runs/ixhg6bjj
wandb: ⭐️ View project at: https://wandb.ai/2671907-university-of-the-witwatersrand/cv-splice-localisation
wandb: Synced 5 W&B file(s), 0 media file(s), 0 artifact file(s) and 0 other file(s)
wandb: Find logs at: ./wandb/run-20260912_184327-ixhg6bjj/logs
t1v3: thr 0.20  F1 0.6321  IoU 0.4621  (stopped ep 45, 1280s)

wandb: setting up run 7dk4twpf
wandb: Tracking run with wandb version 0.29.0
wandb: Run data is saved locally in /home/dell/cv-project/wandb/run-20260912_190447-7dk4twpf
wandb: Run `wandb offline` to turn off syncing.
wandb: Syncing run unet-t1v4
wandb: ⭐️ View project at https://wandb.ai/2671907-university-of-the-witwatersrand/cv-splice-localisation
wandb: 🚀 View run at https://wandb.ai/2671907-university-of-the-witwatersrand/cv-splice-localisation/runs/7dk4twpf
  t1v4 ep 1/90  train 1.2578  val 1.2587  (28s)
  t1v4 ep 2/90  train 1.2067  val 1.1961  (28s)
  t1v4 ep 3/90  train 1.1648  val 1.2153  (28s)
  t1v4 ep 4/90  train 1.1193  val 1.1157  (28s)
  t1v4 ep 5/90  train 1.0829  val 1.0869  (28s)
  t1v4 ep 6/90  train 1.0681  val 1.4917  (28s)
  t1v4 ep 7/90  train 1.0440  val 1.0971  (28s)
  t1v4 ep 8/90  train 1.0310  val 1.0707  (28s)
  t1v4 ep 9/90  train 1.0230  val 1.2540  (28s)
  t1v4 ep 10/90  train 1.0134  val 1.0603  (28s)
  t1v4 ep 11/90  train 0.9904  val 1.0518  (28s)
  t1v4 ep 12/90  train 0.9822  val 1.0237  (28s)
  t1v4 ep 13/90  train 0.9681  val 1.0360  (28s)
  t1v4 ep 14/90  train 0.9702  val 1.0035  (28s)
  t1v4 ep 15/90  train 0.9699  val 1.1079  (28s)
  t1v4 ep 16/90  train 0.9655  val 1.0541  (28s)
  t1v4 ep 17/90  train 0.9657  val 1.1121  (28s)
  t1v4 ep 18/90  train 0.9663  val 1.0438  (28s)
  t1v4 ep 19/90  train 0.9468  val 1.0136  (28s)
  t1v4 ep 20/90  train 0.9282  val 1.4407  (28s)
  t1v4 ep 21/90  train 0.9201  val 0.9747  (28s)
  t1v4 ep 22/90  train 0.8983  val 0.9681  (28s)
  t1v4 ep 23/90  train 0.8889  val 1.0901  (28s)
  t1v4 ep 24/90  train 0.8643  val 1.0129  (28s)
  t1v4 ep 25/90  train 0.8288  val 0.9649  (28s)
  t1v4 ep 26/90  train 0.8593  val 0.9660  (28s)
  t1v4 ep 27/90  train 0.8413  val 0.9479  (28s)
  t1v4 ep 28/90  train 0.8413  val 0.9233  (28s)
  t1v4 ep 29/90  train 0.8161  val 0.9045  (28s)
  t1v4 ep 30/90  train 0.8016  val 0.9103  (28s)
  t1v4 ep 31/90  train 0.7784  val 1.0578  (28s)
  t1v4 ep 32/90  train 0.7477  val 0.8722  (28s)
  t1v4 ep 33/90  train 0.7144  val 1.1921  (28s)
  t1v4 ep 34/90  train 0.7212  val 0.9269  (28s)
  t1v4 ep 35/90  train 0.7042  val 0.8851  (28s)
  t1v4 ep 36/90  train 0.7167  val 0.8344  (28s)
  t1v4 ep 37/90  train 0.7233  val 0.9019  (28s)
  t1v4 ep 38/90  train 0.7132  val 0.9001  (28s)
  t1v4 ep 39/90  train 0.6905  val 0.9541  (28s)
  t1v4 ep 40/90  train 0.7036  val 0.8816  (28s)
  t1v4 ep 41/90  train 0.6836  val 0.9132  (28s)
  t1v4 ep 42/90  train 0.6641  val 0.9100  (28s)
  t1v4 ep 43/90  train 0.6477  val 0.8778  (28s)
  t1v4 ep 44/90  train 0.6359  val 0.8804  (28s)
  t1v4 ep 45/90  train 0.6519  val 0.9142  (28s)
  t1v4 ep 46/90  train 0.6479  val 0.8981  (28s)
  early stop at epoch 46 (best val 0.8344)
wandb: updating run metadata
wandb: uploading output.log; uploading wandb-summary.json; uploading config.yaml
wandb: uploading config.yaml
wandb: 
wandb: Run history:
wandb:     best_val_loss ▁
wandb: diag/pre_norm_sum ▇▇▇█▇▆█▆▁▆▆▆▃▆▃██▆█████▇████▆█▇▇█▇██▇███
wandb:  diag/weight_norm ▁▁▄▇▇▇▇██▆▆▅▅▅▆▆▅▆▅▆█▆▆▆▇▇▇▇██▇▇▇▇▇█████
wandb:             epoch ▁▁▁▁▂▂▂▂▂▃▃▃▃▃▄▄▄▄▄▄▅▅▅▅▅▅▆▆▆▆▆▇▇▇▇▇████
wandb:   first_nan_epoch ▁
wandb:   skipped_batches ▁▁▁▁▁▁▁▁▁▁▁▁▁▁▁▁▁▁▁▁▁▁▁▁▁▁▁▁▁▁▁▁▁▁▁▁▁▁▁▁
wandb:  stopped_at_epoch ▁
wandb:           test/f1 ▁
wandb:          test/iou ▁
wandb:    test/threshold ▁
wandb:                +2 ...
wandb: 
wandb: Run summary:
wandb:     best_val_loss 0.83438
wandb: diag/pre_norm_sum 1.0
wandb:  diag/weight_norm 164.97516
wandb:             epoch 46
wandb:   first_nan_epoch -1
wandb:   skipped_batches 0
wandb:  stopped_at_epoch 46
wandb:           test/f1 0.65637
wandb:          test/iou 0.48851
wandb:    test/threshold 0.35
wandb:                +2 ...
wandb: 
wandb: 🚀 View run unet-t1v4 at: https://wandb.ai/2671907-university-of-the-witwatersrand/cv-splice-localisation/runs/7dk4twpf
wandb: ⭐️ View project at: https://wandb.ai/2671907-university-of-the-witwatersrand/cv-splice-localisation
wandb: Synced 5 W&B file(s), 0 media file(s), 0 artifact file(s) and 0 other file(s)
wandb: Find logs at: ./wandb/run-20260912_190447-7dk4twpf/logs
t1v4: thr 0.35  F1 0.6564  IoU 0.4885  (stopped ep 46, 1306s)

wandb: setting up run l3k79tcq
wandb: Tracking run with wandb version 0.29.0
wandb: Run data is saved locally in /home/dell/cv-project/wandb/run-20260912_192633-l3k79tcq
wandb: Run `wandb offline` to turn off syncing.
wandb: Syncing run unet-t2v0
wandb: ⭐️ View project at https://wandb.ai/2671907-university-of-the-witwatersrand/cv-splice-localisation
wandb: 🚀 View run at https://wandb.ai/2671907-university-of-the-witwatersrand/cv-splice-localisation/runs/l3k79tcq
  t2v0 ep 1/90  train 1.2525  val 1.2374  (28s)
  t2v0 ep 2/90  train 1.2073  val 1.2331  (28s)
  t2v0 ep 3/90  train 1.1842  val 1.2141  (28s)
  t2v0 ep 4/90  train 1.1637  val 1.1932  (28s)
  t2v0 ep 5/90  train 1.1498  val 1.1864  (28s)
  t2v0 ep 6/90  train 1.1301  val 1.1561  (28s)
  t2v0 ep 7/90  train 1.1235  val 1.1852  (28s)
  t2v0 ep 8/90  train 1.0873  val 1.1922  (28s)
  t2v0 ep 9/90  train 1.0621  val 1.1875  (28s)
  t2v0 ep 10/90  train 1.0504  val 1.0941  (28s)
  t2v0 ep 11/90  train 1.0360  val 1.1226  (28s)
  t2v0 ep 12/90  train 1.0187  val 1.4365  (28s)
  t2v0 ep 13/90  train 0.9927  val 1.4647  (28s)
  t2v0 ep 14/90  train 0.9938  val 1.0609  (28s)
  t2v0 ep 15/90  train 0.9634  val 1.0093  (28s)
  t2v0 ep 16/90  train 0.9539  val 1.0174  (28s)
  t2v0 ep 17/90  train 0.9149  val 1.2202  (28s)
  t2v0 ep 18/90  train 0.9008  val 1.6409  (28s)
  t2v0 ep 19/90  train 0.8753  val 1.1002  (28s)
  t2v0 ep 20/90  train 0.8558  val 1.0281  (28s)
  t2v0 ep 21/90  train 0.8453  val 1.1359  (28s)
  t2v0 ep 22/90  train 0.8376  val 1.1846  (28s)
  t2v0 ep 23/90  train 0.8142  val 1.5739  (28s)
  t2v0 ep 24/90  train 0.8114  val 1.2557  (28s)
  t2v0 ep 25/90  train 0.7806  val 1.0689  (28s)
  early stop at epoch 25 (best val 1.0093)
wandb: updating run metadata
wandb: uploading wandb-summary.json; uploading config.yaml; uploading output.log
wandb: uploading history steps 24-25, summary, console lines 24-25
wandb: 
wandb: Run history:
wandb:     best_val_loss ▁
wandb: diag/pre_norm_sum █▇██████▃██▆█▃███▇▆▁▅█▆█▁
wandb:  diag/weight_norm ▁▂▂▂▂▂▂▃▄▃▂▃▃▃▃▃▄▄▄▄▆▆▆▇█
wandb:             epoch ▁▁▂▂▂▂▃▃▃▄▄▄▅▅▅▅▆▆▆▇▇▇▇██
wandb:   first_nan_epoch ▁
wandb:   skipped_batches ▁▁▁▁▁▁▁▁▁▁▁▁▁▁▁▁▁▁▁▁▁▁▁▁▁
wandb:  stopped_at_epoch ▁
wandb:           test/f1 ▁
wandb:          test/iou ▁
wandb:    test/threshold ▁
wandb:                +2 ...
wandb: 
wandb: Run summary:
wandb:     best_val_loss 1.00932
wandb: diag/pre_norm_sum 0.99988
wandb:  diag/weight_norm 1561.25896
wandb:             epoch 25
wandb:   first_nan_epoch -1
wandb:   skipped_batches 0
wandb:  stopped_at_epoch 25
wandb:           test/f1 0.53163
wandb:          test/iou 0.36205
wandb:    test/threshold 0.5
wandb:                +2 ...
wandb: 
wandb: 🚀 View run unet-t2v0 at: https://wandb.ai/2671907-university-of-the-witwatersrand/cv-splice-localisation/runs/l3k79tcq
wandb: ⭐️ View project at: https://wandb.ai/2671907-university-of-the-witwatersrand/cv-splice-localisation
wandb: Synced 5 W&B file(s), 0 media file(s), 0 artifact file(s) and 0 other file(s)
wandb: Find logs at: ./wandb/run-20260912_192633-l3k79tcq/logs
t2v0: thr 0.50  F1 0.5316  IoU 0.3621  (stopped ep 25, 714s)

wandb: setting up run 884qsdtf
wandb: Tracking run with wandb version 0.29.0
wandb: Run data is saved locally in /home/dell/cv-project/wandb/run-20260912_193827-884qsdtf
wandb: Run `wandb offline` to turn off syncing.
wandb: Syncing run unet-t2v1
wandb: ⭐️ View project at https://wandb.ai/2671907-university-of-the-witwatersrand/cv-splice-localisation
wandb: 🚀 View run at https://wandb.ai/2671907-university-of-the-witwatersrand/cv-splice-localisation/runs/884qsdtf
  t2v1 ep 1/90  train 1.2459  val 1.2164  (28s)
  t2v1 ep 2/90  train 1.1816  val 1.2297  (28s)
  t2v1 ep 3/90  train 1.1549  val 1.1381  (28s)
  t2v1 ep 4/90  train 1.1139  val 1.1489  (28s)
  t2v1 ep 5/90  train 1.0931  val 1.1801  (28s)
  t2v1 ep 6/90  train 1.0743  val 1.0870  (28s)
  t2v1 ep 7/90  train 1.0482  val 1.1216  (28s)
  t2v1 ep 8/90  train 1.0236  val 1.2213  (28s)
  t2v1 ep 9/90  train 0.9994  val 1.0671  (28s)
  t2v1 ep 10/90  train 0.9824  val 1.0798  (28s)
  t2v1 ep 11/90  train 0.9801  val 1.0007  (28s)
  t2v1 ep 12/90  train 0.9465  val 1.0722  (28s)
  t2v1 ep 13/90  train 0.9619  val 1.0312  (28s)
  t2v1 ep 14/90  train 0.9274  val 0.9593  (28s)
  t2v1 ep 15/90  train 0.9233  val 1.0351  (28s)
  t2v1 ep 16/90  train 0.9362  val 0.9468  (28s)
  t2v1 ep 17/90  train 0.9013  val 0.9738  (28s)
  t2v1 ep 18/90  train 0.8910  val 0.9675  (28s)
  t2v1 ep 19/90  train 0.8898  val 1.1695  (28s)
  t2v1 ep 20/90  train 0.8800  val 0.9223  (28s)
  t2v1 ep 21/90  train 0.8699  val 0.8851  (28s)
  t2v1 ep 22/90  train 0.8524  val 0.9956  (28s)
  t2v1 ep 23/90  train 0.8124  val 0.8926  (28s)
  t2v1 ep 24/90  train 0.8144  val 0.9515  (28s)
  t2v1 ep 25/90  train 0.7915  val 0.8737  (28s)
  t2v1 ep 26/90  train 0.7699  val 1.5331  (28s)
  t2v1 ep 27/90  train 0.7560  val 0.9059  (28s)
  t2v1 ep 28/90  train 0.7257  val 0.9393  (28s)
  t2v1 ep 29/90  train 0.7445  val 0.9274  (28s)
  t2v1 ep 30/90  train 0.7539  val 0.8897  (28s)
  t2v1 ep 31/90  train 0.7308  val 0.8886  (28s)
  t2v1 ep 32/90  train 0.6987  val 1.0026  (28s)
  t2v1 ep 33/90  train 0.6954  val 0.9350  (28s)
  t2v1 ep 34/90  train 0.6957  val 0.8418  (28s)
  t2v1 ep 35/90  train 0.6970  val 0.8850  (28s)
  t2v1 ep 36/90  train 0.6657  val 1.4849  (28s)
  t2v1 ep 37/90  train 0.6689  val 0.9787  (28s)
  t2v1 ep 38/90  train 0.7055  val 0.9033  (28s)
  t2v1 ep 39/90  train 0.7097  val 0.9116  (28s)
  t2v1 ep 40/90  train 0.6766  val 0.8240  (28s)
  t2v1 ep 41/90  train 0.6539  val 0.8949  (28s)
  t2v1 ep 42/90  train 0.6344  val 0.8460  (28s)
  t2v1 ep 43/90  train 0.6120  val 1.0320  (28s)
  t2v1 ep 44/90  train 0.6079  val 0.8077  (28s)
  t2v1 ep 45/90  train 0.5965  val 0.8357  (28s)
  t2v1 ep 46/90  train 0.5970  val 0.9120  (28s)
  t2v1 ep 47/90  train 0.5676  val 0.9567  (28s)
  t2v1 ep 48/90  train 0.5561  val 0.7839  (28s)
  t2v1 ep 49/90  train 0.5582  val 0.8191  (28s)
  t2v1 ep 50/90  train 0.5508  val 0.8486  (28s)
  t2v1 ep 51/90  train 0.5491  val 0.7985  (28s)
  t2v1 ep 52/90  train 0.5503  val 0.9531  (28s)
  t2v1 ep 53/90  train 0.5405  val 0.9007  (28s)
  t2v1 ep 54/90  train 0.5203  val 0.8746  (28s)
  t2v1 ep 55/90  train 0.5129  val 0.8302  (28s)
  t2v1 ep 56/90  train 0.4943  val 0.8392  (28s)
  t2v1 ep 57/90  train 0.5052  val 0.8764  (28s)
  t2v1 ep 58/90  train 0.4951  val 0.8391  (28s)
  early stop at epoch 58 (best val 0.7839)
wandb: uploading history steps 0-0, summary, console lines 0-0; updating run metadata
wandb: uploading history steps 0-0, summary, console lines 0-0
wandb: uploading history steps 1-58, summary, console lines 1-58
wandb: 
wandb: Run history:
wandb:     best_val_loss ▁
wandb: diag/pre_norm_sum ▇██▆▅▁▇▇█▇▇█████████▃█▃▅▆▇▆▇▇████▇██▇█▆▇
wandb:  diag/weight_norm ▁▂▂▃▃▄▄▅▄▄▅▅▆▆▆▇██▇▇▇▇▇▇▇▇▇▇▇▇▇▇▇▇▇▇▇███
wandb:             epoch ▁▁▁▁▁▂▂▂▂▂▃▃▃▃▄▄▄▄▄▅▅▅▅▅▅▅▆▆▆▆▇▇▇▇▇▇▇███
wandb:   first_nan_epoch ▁
wandb:   skipped_batches ▁▁▁▁▁▁▁▁▁▁▁▁▁▁▁▁▁▁▁▁▁▁▁▁▁▁▁▁▁▁▁▁▁▁▁▁▁▁▁▁
wandb:  stopped_at_epoch ▁
wandb:           test/f1 ▁
wandb:          test/iou ▁
wandb:    test/threshold ▁
wandb:                +2 ...
wandb: 
wandb: Run summary:
wandb:     best_val_loss 0.78391
wandb: diag/pre_norm_sum 1.0
wandb:  diag/weight_norm 171.15063
wandb:             epoch 58
wandb:   first_nan_epoch -1
wandb:   skipped_batches 0
wandb:  stopped_at_epoch 58
wandb:           test/f1 0.59141
wandb:          test/iou 0.41986
wandb:    test/threshold 0.2
wandb:                +2 ...
wandb: 
wandb: 🚀 View run unet-t2v1 at: https://wandb.ai/2671907-university-of-the-witwatersrand/cv-splice-localisation/runs/884qsdtf
wandb: ⭐️ View project at: https://wandb.ai/2671907-university-of-the-witwatersrand/cv-splice-localisation
wandb: Synced 2 W&B file(s), 0 media file(s), 0 artifact file(s) and 0 other file(s)
wandb: Find logs at: ./wandb/run-20260912_193827-884qsdtf/logs
t2v1: thr 0.20  F1 0.5914  IoU 0.4199  (stopped ep 58, 8393s)

wandb: setting up run vtomiu6v
wandb: Tracking run with wandb version 0.29.0
wandb: Run data is saved locally in /home/dell/cv-project/wandb/run-20260912_215824-vtomiu6v
wandb: Run `wandb offline` to turn off syncing.
wandb: Syncing run unet-t2v3
wandb: ⭐️ View project at https://wandb.ai/2671907-university-of-the-witwatersrand/cv-splice-localisation
wandb: 🚀 View run at https://wandb.ai/2671907-university-of-the-witwatersrand/cv-splice-localisation/runs/vtomiu6v
  t2v3 ep 1/90  train 1.2364  val 1.2089  (28s)
  t2v3 ep 2/90  train 1.1862  val 1.1973  (28s)
  t2v3 ep 3/90  train 1.1618  val 1.1693  (28s)
  t2v3 ep 4/90  train 1.1302  val 1.1867  (28s)
  t2v3 ep 5/90  train 1.1200  val 1.1927  (28s)
  t2v3 ep 6/90  train 1.1139  val 1.2885  (28s)
  t2v3 ep 7/90  train 1.0859  val 1.1656  (28s)
  t2v3 ep 8/90  train 1.0586  val 1.0843  (28s)
  t2v3 ep 9/90  train 1.0331  val 1.1104  (28s)
  t2v3 ep 10/90  train 1.0185  val 1.0714  (28s)
  t2v3 ep 11/90  train 0.9900  val 1.0888  (28s)
  t2v3 ep 12/90  train 0.9823  val 1.0323  (28s)
  t2v3 ep 13/90  train 0.9517  val 0.9930  (28s)
  t2v3 ep 14/90  train 0.9156  val 0.9820  (28s)
  t2v3 ep 15/90  train 0.9058  val 0.9817  (28s)
  t2v3 ep 16/90  train 0.8949  val 1.0413  (28s)
  t2v3 ep 17/90  train 0.8803  val 1.0132  (28s)
  t2v3 ep 18/90  train 0.8573  val 0.9567  (28s)
  t2v3 ep 19/90  train 0.8513  val 1.0171  (28s)
  t2v3 ep 20/90  train 0.8356  val 0.9842  (28s)
  t2v3 ep 21/90  train 0.8091  val 0.9450  (28s)
  t2v3 ep 22/90  train 0.7957  val 0.9521  (28s)
  t2v3 ep 23/90  train 0.7693  val 0.8714  (28s)
  t2v3 ep 24/90  train 0.7547  val 0.9718  (28s)
  t2v3 ep 25/90  train 0.7239  val 0.9496  (28s)
  t2v3 ep 26/90  train 0.7116  val 0.9268  (28s)
  t2v3 ep 27/90  train 0.6911  val 0.8818  (28s)
  t2v3 ep 28/90  train 0.6746  val 0.8548  (28s)
  t2v3 ep 29/90  train 0.6569  val 0.8761  (28s)
  t2v3 ep 30/90  train 0.6443  val 0.8631  (28s)
  t2v3 ep 31/90  train 0.6322  val 0.8821  (28s)
  t2v3 ep 32/90  train 0.6066  val 0.8819  (28s)
  t2v3 ep 33/90  train 0.5967  val 0.8665  (28s)
  t2v3 ep 34/90  train 0.6021  val 0.9091  (28s)
  t2v3 ep 35/90  train 0.5797  val 0.8520  (28s)
  t2v3 ep 36/90  train 0.5749  val 0.8381  (28s)
  t2v3 ep 37/90  train 0.5622  val 0.8861  (28s)
  t2v3 ep 38/90  train 0.5483  val 0.8954  (28s)
  t2v3 ep 39/90  train 0.5483  val 0.8918  (28s)
  t2v3 ep 40/90  train 0.5270  val 0.8183  (28s)
  t2v3 ep 41/90  train 0.5229  val 0.9557  (28s)
  t2v3 ep 42/90  train 0.5106  val 0.8715  (28s)
  t2v3 ep 43/90  train 0.4970  val 0.8772  (28s)
  t2v3 ep 44/90  train 0.5083  val 0.8783  (28s)
  t2v3 ep 45/90  train 0.4939  val 0.8367  (28s)
  t2v3 ep 46/90  train 0.4777  val 0.8629  (28s)
  t2v3 ep 47/90  train 0.4748  val 0.8461  (28s)
  t2v3 ep 48/90  train 0.4654  val 0.8502  (28s)
  t2v3 ep 49/90  train 0.4653  val 0.8065  (28s)
  t2v3 ep 50/90  train 0.4355  val 0.8317  (28s)
  t2v3 ep 51/90  train 0.4512  val 0.8784  (28s)
  t2v3 ep 52/90  train 0.4257  val 0.8381  (28s)
  t2v3 ep 53/90  train 0.4136  val 0.8321  (28s)
  t2v3 ep 54/90  train 0.4214  val 0.8448  (28s)
  t2v3 ep 55/90  train 0.4079  val 0.8209  (28s)
  t2v3 ep 56/90  train 0.4040  val 0.8285  (28s)
  t2v3 ep 57/90  train 0.4017  val 0.9171  (28s)
  t2v3 ep 58/90  train 0.3892  val 0.8684  (28s)
  t2v3 ep 59/90  train 0.3883  val 0.8367  (28s)
  early stop at epoch 59 (best val 0.8065)
wandb: updating run metadata
wandb: uploading output.log; uploading wandb-summary.json; uploading config.yaml
wandb: uploading output.log; uploading wandb-summary.json; uploading config.yaml; uploading history steps 58-59, summary, console lines 58-59
wandb: uploading data
wandb: 
wandb: Run history:
wandb:     best_val_loss ▁
wandb: diag/pre_norm_sum ███████████▇█████████▇█▆██▅██████▅▆█▁██▇
wandb:  diag/weight_norm ▁▁▁▁▁▁▁▁▂▂▂▂▂▂▂▂▂▂▂▁▂▂▃▃▄▅▆▆▇█▆█▇▆▆█▆▇▇▅
wandb:             epoch ▁▁▁▁▁▂▂▂▂▂▃▃▃▃▃▃▄▄▄▄▄▄▅▅▅▅▅▅▆▆▆▆▇▇▇▇▇███
wandb:   first_nan_epoch ▁
wandb:   skipped_batches ▁▁▁▁▁▁▁▁▁▁▁▁▁▁▁▁▁▁▁▁▁▁▁▁▁▁▁▁▁▁▁▁▁▁▁▁▁▁▁▁
wandb:  stopped_at_epoch ▁
wandb:           test/f1 ▁
wandb:          test/iou ▁
wandb:    test/threshold ▁
wandb:                +2 ...
wandb: 
wandb: Run summary:
wandb:     best_val_loss 0.80649
wandb: diag/pre_norm_sum 0.99994
wandb:  diag/weight_norm 2613.60348
wandb:             epoch 59
wandb:   first_nan_epoch -1
wandb:   skipped_batches 0
wandb:  stopped_at_epoch 59
wandb:           test/f1 0.63745
wandb:          test/iou 0.46784
wandb:    test/threshold 0.25
wandb:                +2 ...
wandb: 
wandb: 🚀 View run unet-t2v3 at: https://wandb.ai/2671907-university-of-the-witwatersrand/cv-splice-localisation/runs/vtomiu6v
wandb: ⭐️ View project at: https://wandb.ai/2671907-university-of-the-witwatersrand/cv-splice-localisation
wandb: Synced 5 W&B file(s), 0 media file(s), 0 artifact file(s) and 0 other file(s)
wandb: Find logs at: ./wandb/run-20260912_215824-vtomiu6v/logs
t2v3: thr 0.25  F1 0.6375  IoU 0.4678  (stopped ep 59, 1675s)

wandb: setting up run n48zo5yp
wandb: Tracking run with wandb version 0.29.0
wandb: Run data is saved locally in /home/dell/cv-project/wandb/run-20260912_222616-n48zo5yp
wandb: Run `wandb offline` to turn off syncing.
wandb: Syncing run unet-t2v4
wandb: ⭐️ View project at https://wandb.ai/2671907-university-of-the-witwatersrand/cv-splice-localisation
wandb: 🚀 View run at https://wandb.ai/2671907-university-of-the-witwatersrand/cv-splice-localisation/runs/n48zo5yp
  t2v4 ep 1/90  train 1.2674  val 1.2117  (28s)
  t2v4 ep 2/90  train 1.2047  val 1.2417  (28s)
  t2v4 ep 3/90  train 1.1717  val 1.1886  (28s)
  t2v4 ep 4/90  train 1.1463  val 1.6098  (28s)
  t2v4 ep 5/90  train 1.0925  val 1.1081  (28s)
  t2v4 ep 6/90  train 1.0687  val 1.1637  (28s)
  t2v4 ep 7/90  train 1.0487  val 1.2521  (28s)
  t2v4 ep 8/90  train 1.0492  val 1.1396  (28s)
  t2v4 ep 9/90  train 1.0259  val 1.0461  (28s)
  t2v4 ep 10/90  train 1.0047  val 1.0310  (28s)
  t2v4 ep 11/90  train 1.0124  val 1.0774  (28s)
  t2v4 ep 12/90  train 0.9873  val 1.0533  (28s)
  t2v4 ep 13/90  train 0.9468  val 1.0126  (28s)
  t2v4 ep 14/90  train 0.9294  val 1.0867  (28s)
  t2v4 ep 15/90  train 0.9218  val 0.9650  (28s)
  t2v4 ep 16/90  train 0.9086  val 1.2826  (28s)
  t2v4 ep 17/90  train 0.8794  val 1.0496  (28s)
  t2v4 ep 18/90  train 0.8703  val 0.9626  (28s)
  t2v4 ep 19/90  train 0.8588  val 0.9611  (28s)
  t2v4 ep 20/90  train 0.8368  val 0.9844  (28s)
  t2v4 ep 21/90  train 0.8216  val 0.9127  (28s)
  t2v4 ep 22/90  train 0.8140  val 1.0066  (28s)
  t2v4 ep 23/90  train 0.8018  val 1.2475  (28s)
  t2v4 ep 24/90  train 0.7986  val 1.0183  (28s)
  t2v4 ep 25/90  train 0.7781  val 1.0456  (28s)
  t2v4 ep 26/90  train 0.7513  val 1.0473  (28s)
  t2v4 ep 27/90  train 0.7546  val 0.8965  (28s)
  t2v4 ep 28/90  train 0.7377  val 0.8806  (28s)
  t2v4 ep 29/90  train 0.7363  val 0.9117  (28s)
  t2v4 ep 30/90  train 0.7235  val 1.0381  (28s)
  t2v4 ep 31/90  train 0.7052  val 0.8684  (28s)
  t2v4 ep 32/90  train 0.6958  val 0.9651  (28s)
  t2v4 ep 33/90  train 0.6887  val 0.9169  (28s)
  t2v4 ep 34/90  train 0.6800  val 0.9241  (28s)
  t2v4 ep 35/90  train 0.6769  val 0.8831  (28s)
  t2v4 ep 36/90  train 0.6790  val 0.9999  (28s)
  t2v4 ep 37/90  train 0.6832  val 0.8711  (28s)
  t2v4 ep 38/90  train 0.6572  val 1.1371  (28s)
  t2v4 ep 39/90  train 0.6352  val 0.9173  (28s)
  t2v4 ep 40/90  train 0.6367  val 0.9743  (28s)
  t2v4 ep 41/90  train 0.6280  val 0.8992  (28s)
  early stop at epoch 41 (best val 0.8684)
wandb: updating run metadata
wandb: uploading output.log; uploading wandb-summary.json; uploading config.yaml
wandb: uploading history steps 40-41, summary, console lines 40-41
wandb: 
wandb: Run history:
wandb:     best_val_loss ▁
wandb: diag/pre_norm_sum █████████████████▇▆█▅▇▅▇█▆▅▅▁██▆▆█▆▆█▇▇█
wandb:  diag/weight_norm ▁▁▁▁▁▁▁▁▁▁▁▁▁▁▁▂▂▂▂▃▃▃▃▃▃▄▅▅▆▆███▇▆▄▄▄▅▆
wandb:             epoch ▁▁▁▂▂▂▂▂▂▃▃▃▃▃▃▄▄▄▄▄▅▅▅▅▅▅▆▆▆▆▆▆▇▇▇▇▇▇██
wandb:   first_nan_epoch ▁
wandb:   skipped_batches ▁▁▁▁▁▁▁▁▁▁▁▁▁▁▁▁▁▁▁▁▁▁▁▁▁▁▁▁▁▁▁▁▁▁▁▁▁▁▁▁
wandb:  stopped_at_epoch ▁
wandb:           test/f1 ▁
wandb:          test/iou ▁
wandb:    test/threshold ▁
wandb:                +2 ...
wandb: 
wandb: Run summary:
wandb:     best_val_loss 0.8684
wandb: diag/pre_norm_sum 1
wandb:  diag/weight_norm 3850.98226
wandb:             epoch 41
wandb:   first_nan_epoch -1
wandb:   skipped_batches 0
wandb:  stopped_at_epoch 41
wandb:           test/f1 0.57343
wandb:          test/iou 0.40197
wandb:    test/threshold 0.2
wandb:                +2 ...
wandb: 
wandb: 🚀 View run unet-t2v4 at: https://wandb.ai/2671907-university-of-the-witwatersrand/cv-splice-localisation/runs/n48zo5yp
wandb: ⭐️ View project at: https://wandb.ai/2671907-university-of-the-witwatersrand/cv-splice-localisation
wandb: Synced 5 W&B file(s), 0 media file(s), 0 artifact file(s) and 0 other file(s)
wandb: Find logs at: ./wandb/run-20260912_222616-n48zo5yp/logs
t2v4: thr 0.20  F1 0.5734  IoU 0.4020  (stopped ep 41, 1165s)

wandb: setting up run kvbrnk2k
wandb: Tracking run with wandb version 0.29.0
wandb: Run data is saved locally in /home/dell/cv-project/wandb/run-20260912_224540-kvbrnk2k
wandb: Run `wandb offline` to turn off syncing.
wandb: Syncing run unet-t3v0
wandb: ⭐️ View project at https://wandb.ai/2671907-university-of-the-witwatersrand/cv-splice-localisation
wandb: 🚀 View run at https://wandb.ai/2671907-university-of-the-witwatersrand/cv-splice-localisation/runs/kvbrnk2k
  t3v0 ep 1/90  train 1.2610  val 1.2471  (28s)
  t3v0 ep 2/90  train 1.2130  val 1.2115  (28s)
  t3v0 ep 3/90  train 1.1856  val 1.2374  (28s)
  t3v0 ep 4/90  train 1.1596  val 1.1548  (28s)
  t3v0 ep 5/90  train 1.1489  val 1.1843  (28s)
  t3v0 ep 6/90  train 1.1312  val 1.1827  (28s)
  t3v0 ep 7/90  train 1.1026  val 1.1642  (28s)
  t3v0 ep 8/90  train 1.0875  val 1.1053  (28s)
  t3v0 ep 9/90  train 1.0503  val 1.0760  (28s)
  t3v0 ep 10/90  train 1.0377  val 1.1589  (28s)
  t3v0 ep 11/90  train 1.0181  val 1.0659  (28s)
  t3v0 ep 12/90  train 0.9986  val 1.0901  (28s)
  t3v0 ep 13/90  train 0.9964  val 1.1266  (28s)
  t3v0 ep 14/90  train 0.9782  val 1.1223  (28s)
  t3v0 ep 15/90  train 0.9647  val 1.0228  (28s)
  t3v0 ep 16/90  train 0.9308  val 0.9923  (28s)
  t3v0 ep 17/90  train 0.9365  val 1.0258  (28s)
  t3v0 ep 18/90  train 0.9808  val 1.0101  (28s)
  t3v0 ep 19/90  train 0.9354  val 0.9927  (28s)
  t3v0 ep 20/90  train 0.9239  val 0.9863  (28s)
  t3v0 ep 21/90  train 0.9087  val 0.9616  (28s)
  t3v0 ep 22/90  train 0.8882  val 0.9534  (28s)
  t3v0 ep 23/90  train 0.8892  val 0.9450  (28s)
  t3v0 ep 24/90  train 0.8618  val 1.1154  (28s)
  t3v0 ep 25/90  train 0.8458  val 0.9849  (28s)
  t3v0 ep 26/90  train 0.8206  val 1.0234  (28s)
  t3v0 ep 27/90  train 0.8090  val 0.9933  (28s)
  t3v0 ep 28/90  train 0.7970  val 0.9814  (28s)
  t3v0 ep 29/90  train 0.7849  val 0.9407  (28s)
  t3v0 ep 30/90  train 0.7777  val 0.9053  (28s)
  t3v0 ep 31/90  train 0.7594  val 0.9269  (28s)
  t3v0 ep 32/90  train 0.7462  val 0.9145  (28s)
  t3v0 ep 33/90  train 0.7433  val 0.8998  (28s)
  t3v0 ep 34/90  train 0.7287  val 1.0170  (28s)
  t3v0 ep 35/90  train 0.7044  val 0.9088  (28s)
  t3v0 ep 36/90  train 0.7025  val 0.8995  (28s)
  t3v0 ep 37/90  train 0.6967  val 0.8956  (28s)
  t3v0 ep 38/90  train 0.6866  val 0.9430  (28s)
  t3v0 ep 39/90  train 0.6710  val 0.8894  (28s)
  t3v0 ep 40/90  train 0.6681  val 0.9253  (28s)
  t3v0 ep 41/90  train 0.6489  val 0.9153  (28s)
  t3v0 ep 42/90  train 0.6351  val 0.8717  (28s)
  t3v0 ep 43/90  train 0.6183  val 0.9517  (28s)
  t3v0 ep 44/90  train 0.6068  val 1.0035  (28s)
  t3v0 ep 45/90  train 0.5897  val 0.9081  (28s)
  t3v0 ep 46/90  train 0.5893  val 0.9146  (28s)
  t3v0 ep 47/90  train 0.5735  val 0.9071  (28s)
  t3v0 ep 48/90  train 0.5568  val 0.8742  (28s)
  t3v0 ep 49/90  train 0.5524  val 0.8653  (28s)
  t3v0 ep 50/90  train 0.5382  val 0.8606  (28s)
  t3v0 ep 51/90  train 0.5373  val 0.8774  (28s)
  t3v0 ep 52/90  train 0.5196  val 0.8479  (28s)
  t3v0 ep 53/90  train 0.5288  val 0.8758  (28s)
  t3v0 ep 54/90  train 0.5248  val 0.8578  (28s)
  t3v0 ep 55/90  train 0.5093  val 0.8674  (28s)
  t3v0 ep 56/90  train 0.5247  val 0.9070  (28s)
  t3v0 ep 57/90  train 0.5086  val 0.9468  (28s)
  t3v0 ep 58/90  train 0.5074  val 0.8156  (28s)
  t3v0 ep 59/90  train 0.4963  val 0.8481  (28s)
  t3v0 ep 60/90  train 0.4675  val 0.9431  (28s)
  t3v0 ep 61/90  train 0.4827  val 0.8921  (28s)
  t3v0 ep 62/90  train 0.4732  val 0.9389  (28s)
  t3v0 ep 63/90  train 0.4622  val 0.9212  (28s)
  t3v0 ep 64/90  train 0.4571  val 0.9826  (28s)
  t3v0 ep 65/90  train 0.4454  val 0.8941  (28s)
  t3v0 ep 66/90  train 0.4452  val 0.9113  (28s)
  t3v0 ep 67/90  train 0.4581  val 0.8952  (28s)
  t3v0 ep 68/90  train 0.4358  val 0.8814  (28s)
  early stop at epoch 68 (best val 0.8156)
wandb: updating run metadata
wandb: uploading output.log; uploading wandb-summary.json; uploading config.yaml
wandb: uploading output.log; uploading config.yaml
wandb: uploading history steps 67-68, summary, console lines 67-68
wandb: 
wandb: Run history:
wandb:     best_val_loss ▁
wandb: diag/pre_norm_sum ▇██▃▇███▇█████▆▇▅▅▆▆▄▁▆▅█▇▆█▇▆▇██▇▇▇▆▇▇█
wandb:  diag/weight_norm ▁▂▂▄▅▆▆▄▇█▆▄▃▃▄▄▆▇▇▇▆▅▇▇▆▆▆▅▆▆▆▆▆▆▆▆▆▆▆▇
wandb:             epoch ▁▁▁▂▂▂▂▂▂▂▃▃▃▃▃▄▄▄▄▄▅▅▅▅▅▅▆▆▆▆▇▇▇▇▇▇████
wandb:   first_nan_epoch ▁
wandb:   skipped_batches ▁▁▁▁▁▁▁▁▁▁▁▁▁▁▁▁▁▁▁▁▁▁▁▁▁▁▁▁▁▁▁▁▁▁▁▁▁▁▁▁
wandb:  stopped_at_epoch ▁
wandb:           test/f1 ▁
wandb:          test/iou ▁
wandb:    test/threshold ▁
wandb:                +2 ...
wandb: 
wandb: Run summary:
wandb:     best_val_loss 0.81563
wandb: diag/pre_norm_sum 0.99999
wandb:  diag/weight_norm 398.21086
wandb:             epoch 68
wandb:   first_nan_epoch -1
wandb:   skipped_batches 0
wandb:  stopped_at_epoch 68
wandb:           test/f1 0.66891
wandb:          test/iou 0.50253
wandb:    test/threshold 0.15
wandb:                +2 ...
wandb: 
wandb: 🚀 View run unet-t3v0 at: https://wandb.ai/2671907-university-of-the-witwatersrand/cv-splice-localisation/runs/kvbrnk2k
wandb: ⭐️ View project at: https://wandb.ai/2671907-university-of-the-witwatersrand/cv-splice-localisation
wandb: Synced 5 W&B file(s), 0 media file(s), 0 artifact file(s) and 0 other file(s)
wandb: Find logs at: ./wandb/run-20260912_224540-kvbrnk2k/logs
t3v0: thr 0.15  F1 0.6689  IoU 0.5025  (stopped ep 68, 1927s)

wandb: setting up run zdq3ms9t
wandb: Tracking run with wandb version 0.29.0
wandb: Run data is saved locally in /home/dell/cv-project/wandb/run-20260912_231748-zdq3ms9t
wandb: Run `wandb offline` to turn off syncing.
wandb: Syncing run unet-t3v1
wandb: ⭐️ View project at https://wandb.ai/2671907-university-of-the-witwatersrand/cv-splice-localisation
wandb: 🚀 View run at https://wandb.ai/2671907-university-of-the-witwatersrand/cv-splice-localisation/runs/zdq3ms9t
  t3v1 ep 1/90  train 1.2474  val 1.3966  (28s)
  t3v1 ep 2/90  train 1.1769  val 1.1722  (28s)
  t3v1 ep 3/90  train 1.1410  val 1.3442  (28s)
  t3v1 ep 4/90  train 1.0921  val 1.0977  (28s)
  t3v1 ep 5/90  train 1.0538  val 1.0724  (28s)
  t3v1 ep 6/90  train 1.0447  val 1.0488  (28s)
  t3v1 ep 7/90  train 0.9894  val 1.0136  (28s)
  t3v1 ep 8/90  train 0.9742  val 0.9942  (28s)
  t3v1 ep 9/90  train 0.9488  val 0.9689  (28s)
  t3v1 ep 10/90  train 0.9562  val 0.9921  (28s)
  t3v1 ep 11/90  train 0.9690  val 1.0326  (28s)
  t3v1 ep 12/90  train 0.9564  val 0.9906  (28s)
  t3v1 ep 13/90  train 0.9448  val 1.0723  (28s)
  t3v1 ep 14/90  train 0.9634  val 1.1235  (28s)
  t3v1 ep 15/90  train 0.9419  val 0.9667  (28s)
  t3v1 ep 16/90  train 0.9323  val 0.9928  (28s)
  t3v1 ep 17/90  train 0.9017  val 0.9819  (28s)
  t3v1 ep 18/90  train 0.8689  val 0.9587  (28s)
  t3v1 ep 19/90  train 0.8748  val 0.8972  (28s)
  t3v1 ep 20/90  train 0.8632  val 0.8852  (28s)
  t3v1 ep 21/90  train 0.8093  val 0.9113  (28s)
  t3v1 ep 22/90  train 0.7954  val 0.8601  (28s)
  t3v1 ep 23/90  train 0.7756  val 0.8855  (28s)
  t3v1 ep 24/90  train 0.7574  val 0.8252  (28s)
  t3v1 ep 25/90  train 0.7507  val 0.8898  (28s)
  t3v1 ep 26/90  train 0.7607  val 0.9047  (28s)
  t3v1 ep 27/90  train 0.7473  val 0.8901  (28s)
  t3v1 ep 28/90  train 0.7441  val 0.8255  (28s)
  t3v1 ep 29/90  train 0.7142  val 0.8481  (28s)
  t3v1 ep 30/90  train 0.6900  val 0.8934  (28s)
  t3v1 ep 31/90  train 0.6889  val 0.8259  (28s)
  t3v1 ep 32/90  train 0.6720  val 1.0649  (28s)
  t3v1 ep 33/90  train 0.6592  val 0.8646  (28s)
  t3v1 ep 34/90  train 0.6688  val 1.0872  (28s)
  early stop at epoch 34 (best val 0.8252)
wandb: updating run metadata
wandb: uploading output.log; uploading wandb-summary.json; uploading config.yaml
wandb: uploading wandb-summary.json; uploading config.yaml
wandb: uploading history steps 33-34, summary, console lines 33-34
wandb: 
wandb: Run history:
wandb:     best_val_loss ▁
wandb: diag/pre_norm_sum ██████████████████████████▆██▅██▁█
wandb:  diag/weight_norm ▂▁▁▁▁▁▁▁▁▁▁▁▁▂▂▂▂▂▂▂▂▃▃▃▃▃▄▅▆▆▇███
wandb:             epoch ▁▁▁▂▂▂▂▂▃▃▃▃▄▄▄▄▄▅▅▅▅▅▆▆▆▆▇▇▇▇▇███
wandb:   first_nan_epoch ▁
wandb:   skipped_batches ▁▁▁▁▁▁▁▁▁▁▁▁▁▁▁▁▁▁▁▁▁▁▁▁▁▁▁▁▁▁▁▁▁▁
wandb:  stopped_at_epoch ▁
wandb:           test/f1 ▁
wandb:          test/iou ▁
wandb:    test/threshold ▁
wandb:                +2 ...
wandb: 
wandb: Run summary:
wandb:     best_val_loss 0.82523
wandb: diag/pre_norm_sum 1.0
wandb:  diag/weight_norm 34030.62533
wandb:             epoch 34
wandb:   first_nan_epoch -1
wandb:   skipped_batches 0
wandb:  stopped_at_epoch 34
wandb:           test/f1 0.60719
wandb:          test/iou 0.43594
wandb:    test/threshold 0.3
wandb:                +2 ...
wandb: 
wandb: 🚀 View run unet-t3v1 at: https://wandb.ai/2671907-university-of-the-witwatersrand/cv-splice-localisation/runs/zdq3ms9t
wandb: ⭐️ View project at: https://wandb.ai/2671907-university-of-the-witwatersrand/cv-splice-localisation
wandb: Synced 5 W&B file(s), 0 media file(s), 0 artifact file(s) and 0 other file(s)
wandb: Find logs at: ./wandb/run-20260912_231748-zdq3ms9t/logs
t3v1: thr 0.30  F1 0.6072  IoU 0.4359  (stopped ep 34, 972s)

wandb: setting up run grrxhitl
wandb: Tracking run with wandb version 0.29.0
wandb: Run data is saved locally in /home/dell/cv-project/wandb/run-20260912_233400-grrxhitl
wandb: Run `wandb offline` to turn off syncing.
wandb: Syncing run unet-t3v2
wandb: ⭐️ View project at https://wandb.ai/2671907-university-of-the-witwatersrand/cv-splice-localisation
wandb: 🚀 View run at https://wandb.ai/2671907-university-of-the-witwatersrand/cv-splice-localisation/runs/grrxhitl
  t3v2 ep 1/90  train 1.2606  val 1.2599  (28s)
  t3v2 ep 2/90  train 1.2278  val 1.1774  (28s)
  t3v2 ep 3/90  train 1.1829  val 1.1752  (28s)
  t3v2 ep 4/90  train 1.1587  val 1.3268  (28s)
  t3v2 ep 5/90  train 1.1446  val 1.1170  (28s)
  t3v2 ep 6/90  train 1.1224  val 1.1655  (28s)
  t3v2 ep 7/90  train 1.1096  val 1.0653  (28s)
  t3v2 ep 8/90  train 1.0938  val 1.2145  (28s)
  t3v2 ep 9/90  train 1.0859  val 1.0540  (28s)
  t3v2 ep 10/90  train 1.0444  val 1.1050  (28s)
  t3v2 ep 11/90  train 1.0317  val 1.1325  (28s)
  t3v2 ep 12/90  train 1.0230  val 1.0818  (28s)
  t3v2 ep 13/90  train 0.9838  val 1.1093  (28s)
  t3v2 ep 14/90  train 0.9691  val 0.9832  (28s)
  t3v2 ep 15/90  train 0.9437  val 0.9862  (28s)
  t3v2 ep 16/90  train 0.9210  val 0.9982  (28s)
  t3v2 ep 17/90  train 0.9001  val 0.9630  (28s)
  t3v2 ep 18/90  train 0.8988  val 0.9966  (28s)
  t3v2 ep 19/90  train 0.8928  val 0.9782  (28s)
  t3v2 ep 20/90  train 0.8790  val 1.3069  (28s)
  t3v2 ep 21/90  train 0.8687  val 0.9427  (28s)
  t3v2 ep 22/90  train 0.8542  val 0.8736  (28s)
  t3v2 ep 23/90  train 0.8725  val 1.1776  (28s)
  t3v2 ep 24/90  train 0.8456  val 0.8837  (28s)
  t3v2 ep 25/90  train 0.8578  val 0.8846  (28s)
  t3v2 ep 26/90  train 0.8116  val 0.8528  (28s)
  t3v2 ep 27/90  train 0.8092  val 0.8919  (28s)
  t3v2 ep 28/90  train 0.7833  val 0.9193  (28s)
  t3v2 ep 29/90  train 0.7399  val 0.8391  (28s)
  t3v2 ep 30/90  train 0.7184  val 0.8439  (28s)
  t3v2 ep 31/90  train 0.7177  val 0.8861  (28s)
  t3v2 ep 32/90  train 0.7066  val 0.8695  (28s)
  t3v2 ep 33/90  train 0.6813  val 0.8270  (28s)
  t3v2 ep 34/90  train 0.6791  val 0.8859  (28s)
  t3v2 ep 35/90  train 0.6613  val 0.8467  (28s)
  t3v2 ep 36/90  train 0.6538  val 0.9329  (28s)
  t3v2 ep 37/90  train 0.6463  val 0.8606  (28s)
  t3v2 ep 38/90  train 0.6503  val 0.8353  (28s)
  t3v2 ep 39/90  train 0.6368  val 0.8605  (28s)
  t3v2 ep 40/90  train 0.6343  val 0.7969  (28s)
  t3v2 ep 41/90  train 0.6266  val 0.7727  (28s)
  t3v2 ep 42/90  train 0.6029  val 0.7941  (28s)
  t3v2 ep 43/90  train 0.5795  val 0.8416  (28s)
  t3v2 ep 44/90  train 0.5582  val 0.8397  (28s)
  t3v2 ep 45/90  train 0.5575  val 0.8858  (28s)
  t3v2 ep 46/90  train 0.5710  val 0.7833  (28s)
  t3v2 ep 47/90  train 0.5602  val 0.8856  (28s)
  t3v2 ep 48/90  train 0.5463  val 0.8452  (28s)
  t3v2 ep 49/90  train 0.5268  val 0.8074  (28s)
  t3v2 ep 50/90  train 0.5038  val 0.7507  (28s)
  t3v2 ep 51/90  train 0.5023  val 0.7605  (28s)
  t3v2 ep 52/90  train 0.4940  val 0.7659  (28s)
  t3v2 ep 53/90  train 0.4829  val 0.7883  (28s)
  t3v2 ep 54/90  train 0.4785  val 0.7458  (28s)
  t3v2 ep 55/90  train 0.4676  val 0.7551  (28s)
  t3v2 ep 56/90  train 0.4638  val 0.7892  (28s)
  t3v2 ep 57/90  train 0.4528  val 0.7328  (28s)
  t3v2 ep 58/90  train 0.4669  val 0.7457  (28s)
  t3v2 ep 59/90  train 0.4577  val 0.7803  (28s)
  t3v2 ep 60/90  train 0.4332  val 0.7379  (28s)
  t3v2 ep 61/90  train 0.4209  val 0.7732  (28s)
  t3v2 ep 62/90  train 0.4261  val 0.7962  (28s)
  t3v2 ep 63/90  train 0.4317  val 0.7287  (28s)
  t3v2 ep 64/90  train 0.4147  val 0.7466  (28s)
  t3v2 ep 65/90  train 0.4163  val 0.7658  (28s)
  t3v2 ep 66/90  train 0.4028  val 0.7726  (28s)
  t3v2 ep 67/90  train 0.4015  val 0.7298  (28s)
  t3v2 ep 68/90  train 0.3992  val 0.7554  (28s)
  t3v2 ep 69/90  train 0.3890  val 0.7408  (28s)
  t3v2 ep 70/90  train 0.3855  val 0.7503  (28s)
  t3v2 ep 71/90  train 0.3939  val 0.7625  (28s)
  t3v2 ep 72/90  train 0.3796  val 0.7406  (28s)
  t3v2 ep 73/90  train 0.3786  val 0.7460  (28s)
  early stop at epoch 73 (best val 0.7287)
wandb: updating run metadata
wandb: uploading wandb-summary.json; uploading config.yaml; uploading output.log
wandb: uploading history steps 72-73, summary, console lines 72-73
wandb: uploading data
wandb: 
wandb: Run history:
wandb:     best_val_loss ▁
wandb: diag/pre_norm_sum ███████████████████▅█████▅█▆██▄█▇█▅▁▁▅▇▇
wandb:  diag/weight_norm ▁▁▁▁▁▁▁▁▁▁▁▁▁▁▁▂▂▂▂▂▂▂▃▂▃▃▃▃▄▄▅▄▅▅▆▇▇▇██
wandb:             epoch ▁▁▁▁▁▂▂▂▂▂▃▃▃▃▃▄▄▄▄▄▄▅▅▅▅▅▆▆▆▆▆▇▇▇▇▇████
wandb:   first_nan_epoch ▁
wandb:   skipped_batches ▁▁▁▁▁▁▁▁▁▁▁▁▁▁▁▁▁▁▁▁▁▁▁▁▁▁▁▁▁▁▁▁▁▁▁▁▁▁▁▁
wandb:  stopped_at_epoch ▁
wandb:           test/f1 ▁
wandb:          test/iou ▁
wandb:    test/threshold ▁
wandb:                +2 ...
wandb: 
wandb: Run summary:
wandb:     best_val_loss 0.72873
wandb: diag/pre_norm_sum 0.99995
wandb:  diag/weight_norm 12516.9538
wandb:             epoch 73
wandb:   first_nan_epoch -1
wandb:   skipped_batches 0
wandb:  stopped_at_epoch 73
wandb:           test/f1 0.67581
wandb:          test/iou 0.51035
wandb:    test/threshold 0.25
wandb:                +2 ...
wandb: 
wandb: 🚀 View run unet-t3v2 at: https://wandb.ai/2671907-university-of-the-witwatersrand/cv-splice-localisation/runs/grrxhitl
wandb: ⭐️ View project at: https://wandb.ai/2671907-university-of-the-witwatersrand/cv-splice-localisation
wandb: Synced 5 W&B file(s), 0 media file(s), 0 artifact file(s) and 0 other file(s)
wandb: Find logs at: ./wandb/run-20260912_233400-grrxhitl/logs
t3v2: thr 0.25  F1 0.6758  IoU 0.5104  (stopped ep 73, 2068s)

wandb: setting up run 17ulqcjs
wandb: Tracking run with wandb version 0.29.0
wandb: Run data is saved locally in /home/dell/cv-project/wandb/run-20260913_000827-17ulqcjs
wandb: Run `wandb offline` to turn off syncing.
wandb: Syncing run unet-t3v4
wandb: ⭐️ View project at https://wandb.ai/2671907-university-of-the-witwatersrand/cv-splice-localisation
wandb: 🚀 View run at https://wandb.ai/2671907-university-of-the-witwatersrand/cv-splice-localisation/runs/17ulqcjs
  t3v4 ep 1/90  train 1.2285  val 1.2569  (28s)
  t3v4 ep 2/90  train 1.1812  val 1.2162  (28s)
  t3v4 ep 3/90  train 1.1739  val 1.2563  (28s)
  t3v4 ep 4/90  train 1.1354  val 1.2445  (28s)
  t3v4 ep 5/90  train 1.1007  val 1.1392  (28s)
  t3v4 ep 6/90  train 1.0782  val 1.1810  (28s)
  t3v4 ep 7/90  train 1.0639  val 1.1740  (28s)
  t3v4 ep 8/90  train 1.0379  val 1.1859  (28s)
  t3v4 ep 9/90  train 1.0007  val 1.0834  (28s)
  t3v4 ep 10/90  train 0.9770  val 1.2162  (28s)
  t3v4 ep 11/90  train 0.9445  val 1.2093  (28s)
  t3v4 ep 12/90  train 0.9270  val 1.1259  (28s)
  t3v4 ep 13/90  train 0.9092  val 0.9625  (28s)
  t3v4 ep 14/90  train 0.8856  val 0.9830  (28s)
  t3v4 ep 15/90  train 0.8686  val 1.1616  (28s)
  t3v4 ep 16/90  train 0.8741  val 1.0195  (28s)
  t3v4 ep 17/90  train 0.8767  val 1.1750  (28s)
  t3v4 ep 18/90  train 0.8206  val 0.9388  (28s)
  t3v4 ep 19/90  train 0.7753  val 0.9855  (28s)
  t3v4 ep 20/90  train 0.7296  val 0.9296  (28s)
  t3v4 ep 21/90  train 0.7318  val 0.9314  (28s)
  t3v4 ep 22/90  train 0.7315  val 0.8294  (28s)
  t3v4 ep 23/90  train 0.7091  val 0.9202  (28s)
  t3v4 ep 24/90  train 0.6681  val 0.8722  (28s)
  t3v4 ep 25/90  train 0.6785  val 0.8836  (28s)
  t3v4 ep 26/90  train 0.6635  val 0.8322  (28s)
  t3v4 ep 27/90  train 0.6558  val 0.8642  (28s)
  t3v4 ep 28/90  train 0.6410  val 0.9046  (28s)
  t3v4 ep 29/90  train 0.5887  val 0.8652  (28s)
  t3v4 ep 30/90  train 0.5792  val 0.8160  (28s)
  t3v4 ep 31/90  train 0.5605  val 0.8259  (28s)
  t3v4 ep 32/90  train 0.5612  val 0.8239  (28s)
  t3v4 ep 33/90  train 0.5420  val 0.8058  (28s)
  t3v4 ep 34/90  train 0.5541  val 0.9063  (28s)
  t3v4 ep 35/90  train 0.5246  val 0.7794  (28s)
  t3v4 ep 36/90  train 0.5616  val 0.8397  (28s)
  t3v4 ep 37/90  train 0.5465  val 0.8079  (28s)
  t3v4 ep 38/90  train 0.5239  val 0.8306  (28s)
  t3v4 ep 39/90  train 0.5301  val 0.9751  (28s)
  t3v4 ep 40/90  train 0.5289  val 0.8410  (28s)
  t3v4 ep 41/90  train 0.5394  val 0.8851  (28s)
  t3v4 ep 42/90  train 0.5744  val 0.9549  (28s)
  t3v4 ep 43/90  train 0.5370  val 0.9244  (28s)
  t3v4 ep 44/90  train 0.5084  val 0.8578  (28s)
  t3v4 ep 45/90  train 0.4980  val 0.8523  (28s)
  early stop at epoch 45 (best val 0.7794)
wandb: uploading history steps 44-44, summary, console lines 44-45; updating run metadata
wandb: updating run metadata
wandb: uploading output.log; uploading wandb-summary.json; uploading config.yaml
wandb: uploading output.log; uploading wandb-summary.json
wandb: uploading history steps 45-45, summary
wandb: 
wandb: Run history:
wandb:     best_val_loss ▁
wandb: diag/pre_norm_sum ███▁██▇█████▇▇███▇█████▇▆▆▃▇▇▃▆▇▇▆▅█▆▇█▇
wandb:  diag/weight_norm ▁▂▃▃▃▃▃▃▃▃▃▃▄▄▄▄▄▅▅▅▅▅▅▅▆▆▆▆▆▆▇▇▇▇▇▇▇▇▇█
wandb:             epoch ▁▁▁▁▂▂▂▂▂▃▃▃▃▃▃▄▄▄▄▄▅▅▅▅▅▅▆▆▆▆▆▆▇▇▇▇▇███
wandb:   first_nan_epoch ▁
wandb:   skipped_batches ▁▁▁▁▁▁▁▁▁▁▁▁▁▁▁▁▁▁▁▁▁▁▁▁▁▁▁▁▁▁▁▁▁▁▁▁▁▁▁▁
wandb:  stopped_at_epoch ▁
wandb:           test/f1 ▁
wandb:          test/iou ▁
wandb:    test/threshold ▁
wandb:                +2 ...
wandb: 
wandb: Run summary:
wandb:     best_val_loss 0.77944
wandb: diag/pre_norm_sum 1.0
wandb:  diag/weight_norm 202.5884
wandb:             epoch 45
wandb:   first_nan_epoch -1
wandb:   skipped_batches 0
wandb:  stopped_at_epoch 45
wandb:           test/f1 0.65422
wandb:          test/iou 0.48613
wandb:    test/threshold 0.5
wandb:                +2 ...
wandb: 
wandb: 🚀 View run unet-t3v4 at: https://wandb.ai/2671907-university-of-the-witwatersrand/cv-splice-localisation/runs/17ulqcjs
wandb: ⭐️ View project at: https://wandb.ai/2671907-university-of-the-witwatersrand/cv-splice-localisation
wandb: Synced 5 W&B file(s), 0 media file(s), 0 artifact file(s) and 0 other file(s)
wandb: Find logs at: ./wandb/run-20260913_000827-17ulqcjs/logs
t3v4: thr 0.50  F1 0.6542  IoU 0.4861  (stopped ep 45, 1286s)

wandb: setting up run 0ruim47a
wandb: Tracking run with wandb version 0.29.0
wandb: Run data is saved locally in /home/dell/cv-project/wandb/run-20260913_002954-0ruim47a
wandb: Run `wandb offline` to turn off syncing.
wandb: Syncing run unet-t4v0
wandb: ⭐️ View project at https://wandb.ai/2671907-university-of-the-witwatersrand/cv-splice-localisation
wandb: 🚀 View run at https://wandb.ai/2671907-university-of-the-witwatersrand/cv-splice-localisation/runs/0ruim47a
  t4v0 ep 1/90  train 1.2579  val 1.1832  (28s)
  t4v0 ep 2/90  train 1.1922  val 1.1739  (28s)
  t4v0 ep 3/90  train 1.1589  val 1.1787  (28s)
  t4v0 ep 4/90  train 1.1423  val 1.1480  (28s)
  t4v0 ep 5/90  train 1.1010  val 1.0999  (28s)
  t4v0 ep 6/90  train 1.0754  val 1.0753  (28s)
  t4v0 ep 7/90  train 1.0612  val 1.0762  (28s)
  t4v0 ep 8/90  train 1.0306  val 1.0958  (28s)
  t4v0 ep 9/90  train 1.0277  val 1.0737  (28s)
  t4v0 ep 10/90  train 0.9796  val 1.0434  (28s)
  t4v0 ep 11/90  train 0.9649  val 1.1362  (28s)
  t4v0 ep 12/90  train 0.9548  val 1.0332  (28s)
  t4v0 ep 13/90  train 0.9299  val 1.3321  (28s)
  t4v0 ep 14/90  train 0.9272  val 1.0040  (28s)
  t4v0 ep 15/90  train 0.9163  val 1.0150  (28s)
  t4v0 ep 16/90  train 0.8776  val 0.9974  (28s)
  t4v0 ep 17/90  train 0.8355  val 1.1877  (28s)
  t4v0 ep 18/90  train 0.8003  val 0.9242  (28s)
  t4v0 ep 19/90  train 0.7869  val 0.8686  (28s)
  t4v0 ep 20/90  train 0.7924  val 0.8749  (28s)
  t4v0 ep 21/90  train 0.7792  val 0.9409  (28s)
  t4v0 ep 22/90  train 0.7560  val 0.9362  (28s)
  t4v0 ep 23/90  train 0.7300  val 0.8706  (28s)
  t4v0 ep 24/90  train 0.7161  val 0.8433  (28s)
  t4v0 ep 25/90  train 0.6896  val 0.8735  (28s)
  t4v0 ep 26/90  train 0.6844  val 0.8217  (28s)
  t4v0 ep 27/90  train 0.6698  val 0.8454  (28s)
  t4v0 ep 28/90  train 0.6493  val 1.0024  (28s)
  t4v0 ep 29/90  train 0.6496  val 0.9663  (28s)
  t4v0 ep 30/90  train 0.6595  val 0.8949  (28s)
  t4v0 ep 31/90  train 0.6452  val 0.8971  (28s)
  t4v0 ep 32/90  train 0.6300  val 0.8611  (28s)
  t4v0 ep 33/90  train 0.6471  val 0.9279  (28s)
  t4v0 ep 34/90  train 0.6373  val 0.8582  (28s)
  t4v0 ep 35/90  train 0.6259  val 0.8548  (28s)
  t4v0 ep 36/90  train 0.6386  val 0.9097  (28s)
  early stop at epoch 36 (best val 0.8217)
wandb: updating run metadata
wandb: uploading output.log; uploading wandb-summary.json; uploading config.yaml
wandb: uploading output.log; uploading config.yaml
wandb: uploading history steps 36-36, summary
wandb: 
wandb: Run history:
wandb:     best_val_loss ▁
wandb: diag/pre_norm_sum ██▇▇█▆███▆▆▆██████████▆▅█▅▅████▁█▁██
wandb:  diag/weight_norm ▁▁▁▂▂▂▂▂▂▂▂▂▂▂▂▂▂▂▂▃▃▃▃▃▃▃▄▄▅▅▆▅▆▇▇█
wandb:             epoch ▁▁▁▂▂▂▂▂▃▃▃▃▃▄▄▄▄▄▅▅▅▅▅▆▆▆▆▆▇▇▇▇▇███
wandb:   first_nan_epoch ▁
wandb:   skipped_batches ▁▁▁▁▁▁▁▁▁▁▁▁▁▁▁▁▁▁▁▁▁▁▁▁▁▁▁▁▁▁▁▁▁▁▁▁
wandb:  stopped_at_epoch ▁
wandb:           test/f1 ▁
wandb:          test/iou ▁
wandb:    test/threshold ▁
wandb:                +2 ...
wandb: 
wandb: Run summary:
wandb:     best_val_loss 0.82166
wandb: diag/pre_norm_sum 1.0
wandb:  diag/weight_norm 434.34193
wandb:             epoch 36
wandb:   first_nan_epoch -1
wandb:   skipped_batches 0
wandb:  stopped_at_epoch 36
wandb:           test/f1 0.62089
wandb:          test/iou 0.45021
wandb:    test/threshold 0.7
wandb:                +2 ...
wandb: 
wandb: 🚀 View run unet-t4v0 at: https://wandb.ai/2671907-university-of-the-witwatersrand/cv-splice-localisation/runs/0ruim47a
wandb: ⭐️ View project at: https://wandb.ai/2671907-university-of-the-witwatersrand/cv-splice-localisation
wandb: Synced 5 W&B file(s), 0 media file(s), 0 artifact file(s) and 0 other file(s)
wandb: Find logs at: ./wandb/run-20260913_002954-0ruim47a/logs
t4v0: thr 0.70  F1 0.6209  IoU 0.4502  (stopped ep 36, 1027s)

wandb: setting up run vyirvvlr
wandb: Tracking run with wandb version 0.29.0
wandb: Run data is saved locally in /home/dell/cv-project/wandb/run-20260913_004701-vyirvvlr
wandb: Run `wandb offline` to turn off syncing.
wandb: Syncing run unet-t4v1
wandb: ⭐️ View project at https://wandb.ai/2671907-university-of-the-witwatersrand/cv-splice-localisation
wandb: 🚀 View run at https://wandb.ai/2671907-university-of-the-witwatersrand/cv-splice-localisation/runs/vyirvvlr
  t4v1 ep 1/90  train 1.2546  val 1.2090  (28s)
  t4v1 ep 2/90  train 1.2027  val 1.2863  (28s)
  t4v1 ep 3/90  train 1.1825  val 1.1911  (28s)
  t4v1 ep 4/90  train 1.1349  val 1.1398  (28s)
  t4v1 ep 5/90  train 1.1107  val 1.1337  (28s)
  t4v1 ep 6/90  train 1.0827  val 1.1602  (28s)
  t4v1 ep 7/90  train 1.0562  val 1.1229  (28s)
  t4v1 ep 8/90  train 1.0333  val 1.1093  (28s)
  t4v1 ep 9/90  train 1.0152  val 1.1301  (28s)
  t4v1 ep 10/90  train 1.0051  val 1.0328  (28s)
  t4v1 ep 11/90  train 0.9753  val 1.2254  (28s)
  t4v1 ep 12/90  train 0.9601  val 1.0104  (28s)
  t4v1 ep 13/90  train 0.9412  val 0.9898  (28s)
  t4v1 ep 14/90  train 0.9216  val 0.9987  (28s)
  t4v1 ep 15/90  train 0.8791  val 0.9305  (28s)
  t4v1 ep 16/90  train 0.8742  val 0.8590  (28s)
  t4v1 ep 17/90  train 0.8468  val 0.9413  (28s)
  t4v1 ep 18/90  train 0.9119  val 0.9184  (28s)
  t4v1 ep 19/90  train 0.8802  val 0.9275  (28s)
  t4v1 ep 20/90  train 0.8654  val 0.9389  (28s)
  t4v1 ep 21/90  train 0.8504  val 0.9458  (28s)
  t4v1 ep 22/90  train 0.8331  val 0.9858  (28s)
  t4v1 ep 23/90  train 0.8310  val 0.8573  (28s)
  t4v1 ep 24/90  train 0.8005  val 0.9448  (28s)
  t4v1 ep 25/90  train 0.8192  val 0.9077  (28s)
  t4v1 ep 26/90  train 0.7898  val 0.8792  (28s)
  t4v1 ep 27/90  train 0.7829  val 0.8384  (28s)
  t4v1 ep 28/90  train 0.7656  val 0.8909  (28s)
  t4v1 ep 29/90  train 0.7371  val 0.8883  (28s)
  t4v1 ep 30/90  train 0.7359  val 0.9161  (28s)
  t4v1 ep 31/90  train 0.7107  val 0.8372  (28s)
  t4v1 ep 32/90  train 0.6976  val 0.8863  (28s)
  t4v1 ep 33/90  train 0.6769  val 0.8413  (28s)
  t4v1 ep 34/90  train 0.6419  val 0.7932  (28s)
  t4v1 ep 35/90  train 0.6350  val 0.7745  (28s)
  t4v1 ep 36/90  train 0.6111  val 0.8106  (28s)
  t4v1 ep 37/90  train 0.6187  val 0.8686  (28s)
  t4v1 ep 38/90  train 0.5913  val 0.7834  (28s)
  t4v1 ep 39/90  train 0.5881  val 0.8351  (28s)
  t4v1 ep 40/90  train 0.5768  val 0.8070  (28s)
  t4v1 ep 41/90  train 0.5803  val 0.8042  (28s)
  t4v1 ep 42/90  train 0.5953  val 0.8245  (28s)
  t4v1 ep 43/90  train 0.5677  val 0.8053  (28s)
  t4v1 ep 44/90  train 0.5876  val 0.8108  (28s)
  t4v1 ep 45/90  train 0.5932  val 0.7968  (28s)
  early stop at epoch 45 (best val 0.7745)
wandb: updating run metadata
wandb: uploading output.log; uploading wandb-summary.json; uploading config.yaml
wandb: uploading output.log; uploading config.yaml
wandb: uploading history steps 44-45, summary, console lines 44-45
wandb: 
wandb: Run history:
wandb:     best_val_loss ▁
wandb: diag/pre_norm_sum ████▇▇█▇▆▅▇▅▇▅▇▇█▆█████▇▆██▅▁▆██▇██▇▇▆▂█
wandb:  diag/weight_norm ▁▁▂▂▂▂▂▂▃▃▃▃▄▄▂▂▂▃▂▃▃▃▃▃▄▄▃▅▆▇▇▇▇▇▇██▇▇█
wandb:             epoch ▁▁▁▁▂▂▂▂▂▃▃▃▃▃▃▄▄▄▄▄▅▅▅▅▅▅▆▆▆▆▆▆▇▇▇▇▇███
wandb:   first_nan_epoch ▁
wandb:   skipped_batches ▁▁▁▁▁▁▁▁▁▁▁▁▁▁▁▁▁▁▁▁▁▁▁▁▁▁▁▁▁▁▁▁▁▁▁▁▁▁▁▁
wandb:  stopped_at_epoch ▁
wandb:           test/f1 ▁
wandb:          test/iou ▁
wandb:    test/threshold ▁
wandb:                +2 ...
wandb: 
wandb: Run summary:
wandb:     best_val_loss 0.77449
wandb: diag/pre_norm_sum 1.0
wandb:  diag/weight_norm 471.78519
wandb:             epoch 45
wandb:   first_nan_epoch -1
wandb:   skipped_batches 0
wandb:  stopped_at_epoch 45
wandb:           test/f1 0.63882
wandb:          test/iou 0.46932
wandb:    test/threshold 0.2
wandb:                +2 ...
wandb: 
wandb: 🚀 View run unet-t4v1 at: https://wandb.ai/2671907-university-of-the-witwatersrand/cv-splice-localisation/runs/vyirvvlr
wandb: ⭐️ View project at: https://wandb.ai/2671907-university-of-the-witwatersrand/cv-splice-localisation
wandb: Synced 5 W&B file(s), 0 media file(s), 0 artifact file(s) and 0 other file(s)
wandb: Find logs at: ./wandb/run-20260913_004701-vyirvvlr/logs
t4v1: thr 0.20  F1 0.6388  IoU 0.4693  (stopped ep 45, 1280s)

wandb: setting up run u0wxx5mk
wandb: Tracking run with wandb version 0.29.0
wandb: Run data is saved locally in /home/dell/cv-project/wandb/run-20260913_010822-u0wxx5mk
wandb: Run `wandb offline` to turn off syncing.
wandb: Syncing run unet-t4v2
wandb: ⭐️ View project at https://wandb.ai/2671907-university-of-the-witwatersrand/cv-splice-localisation
wandb: 🚀 View run at https://wandb.ai/2671907-university-of-the-witwatersrand/cv-splice-localisation/runs/u0wxx5mk
  t4v2 ep 1/90  train 1.2582  val 1.2159  (28s)
  t4v2 ep 2/90  train 1.2018  val 1.2730  (28s)
  t4v2 ep 3/90  train 1.1539  val 1.1682  (28s)
  t4v2 ep 4/90  train 1.1193  val 1.3443  (28s)
  t4v2 ep 5/90  train 1.0899  val 1.1126  (28s)
  t4v2 ep 6/90  train 1.0760  val 1.2140  (28s)
  t4v2 ep 7/90  train 1.0583  val 1.1541  (28s)
  t4v2 ep 8/90  train 1.0330  val 1.0808  (28s)
  t4v2 ep 9/90  train 1.0093  val 1.1381  (28s)
  t4v2 ep 10/90  train 0.9880  val 1.1078  (28s)
  t4v2 ep 11/90  train 0.9631  val 1.0394  (28s)
  t4v2 ep 12/90  train 0.9387  val 1.0273  (28s)
  t4v2 ep 13/90  train 0.9303  val 0.9866  (28s)
  t4v2 ep 14/90  train 0.9209  val 1.2216  (28s)
  t4v2 ep 15/90  train 0.9113  val 1.0447  (28s)
  t4v2 ep 16/90  train 0.9106  val 0.9328  (28s)
  t4v2 ep 17/90  train 0.9280  val 1.7363  (28s)
  t4v2 ep 18/90  train 0.9490  val 0.9508  (28s)
  t4v2 ep 19/90  train 0.9501  val 0.9901  (28s)
  t4v2 ep 20/90  train 0.9421  val 1.1193  (28s)
  t4v2 ep 21/90  train 0.9654  val 0.9826  (28s)
  t4v2 ep 22/90  train 0.9134  val 0.9664  (28s)
  t4v2 ep 23/90  train 0.8826  val 0.9492  (28s)
  t4v2 ep 24/90  train 0.8640  val 0.9883  (28s)
  t4v2 ep 25/90  train 0.8530  val 0.9392  (28s)
  t4v2 ep 26/90  train 0.8352  val 0.9102  (28s)
  t4v2 ep 27/90  train 0.8118  val 1.0161  (28s)
  t4v2 ep 28/90  train 0.8256  val 0.9883  (28s)
  t4v2 ep 29/90  train 0.8087  val 0.8594  (28s)
  t4v2 ep 30/90  train 0.7853  val 0.9621  (28s)
  t4v2 ep 31/90  train 0.7601  val 0.8296  (28s)
  t4v2 ep 32/90  train 0.7362  val 0.8541  (28s)
  t4v2 ep 33/90  train 0.7394  val 1.0889  (28s)
  t4v2 ep 34/90  train 0.7189  val 0.8555  (28s)
  t4v2 ep 35/90  train 0.7186  val 0.8649  (28s)
  t4v2 ep 36/90  train 0.7080  val 0.8700  (28s)
  t4v2 ep 37/90  train 0.6911  val 0.8605  (28s)
  t4v2 ep 38/90  train 0.6902  val 0.8796  (28s)
  t4v2 ep 39/90  train 0.6662  val 0.9006  (28s)
  t4v2 ep 40/90  train 0.6506  val 0.8745  (28s)
  t4v2 ep 41/90  train 0.6434  val 0.8318  (28s)
  early stop at epoch 41 (best val 0.8296)
wandb: updating run metadata
wandb: uploading config.yaml; uploading output.log; uploading wandb-summary.json
wandb: uploading config.yaml; uploading output.log
wandb: uploading history steps 41-41, summary
wandb: 
wandb: Run history:
wandb:     best_val_loss ▁
wandb: diag/pre_norm_sum █████▇██████▅▇██▇██████▇▇█▇█▇█▇█▆▆█▃█▁█▇
wandb:  diag/weight_norm ▁▁▁▁▂▂▃▃▃▃▃▃▃▃▃▃▃▃▃▃▃▃▃▄▄▄▄▄▄▅▅▅▅▆▆▇▇█▇▆
wandb:             epoch ▁▁▁▂▂▂▂▂▂▃▃▃▃▃▃▄▄▄▄▄▅▅▅▅▅▅▆▆▆▆▆▆▇▇▇▇▇▇██
wandb:   first_nan_epoch ▁
wandb:   skipped_batches ▁▁▁▁▁▁▁▁▁▁▁▁▁▁▁▁▁▁▁▁▁▁▁▁▁▁▁▁▁▁▁▁▁▁▁▁▁▁▁▁
wandb:  stopped_at_epoch ▁
wandb:           test/f1 ▁
wandb:          test/iou ▁
wandb:    test/threshold ▁
wandb:                +2 ...
wandb: 
wandb: Run summary:
wandb:     best_val_loss 0.8296
wandb: diag/pre_norm_sum 1.0
wandb:  diag/weight_norm 245.36982
wandb:             epoch 41
wandb:   first_nan_epoch -1
wandb:   skipped_batches 0
wandb:  stopped_at_epoch 41
wandb:           test/f1 0.59301
wandb:          test/iou 0.42147
wandb:    test/threshold 0.25
wandb:                +2 ...
wandb: 
wandb: 🚀 View run unet-t4v2 at: https://wandb.ai/2671907-university-of-the-witwatersrand/cv-splice-localisation/runs/u0wxx5mk
wandb: ⭐️ View project at: https://wandb.ai/2671907-university-of-the-witwatersrand/cv-splice-localisation
wandb: Synced 5 W&B file(s), 0 media file(s), 0 artifact file(s) and 0 other file(s)
wandb: Find logs at: ./wandb/run-20260913_010822-u0wxx5mk/logs
t4v2: thr 0.25  F1 0.5930  IoU 0.4215  (stopped ep 41, 1171s)

wandb: setting up run 8cpqf1s5
wandb: Tracking run with wandb version 0.29.0
wandb: Run data is saved locally in /home/dell/cv-project/wandb/run-20260913_012752-8cpqf1s5
wandb: Run `wandb offline` to turn off syncing.
wandb: Syncing run unet-t4v3
wandb: ⭐️ View project at https://wandb.ai/2671907-university-of-the-witwatersrand/cv-splice-localisation
wandb: 🚀 View run at https://wandb.ai/2671907-university-of-the-witwatersrand/cv-splice-localisation/runs/8cpqf1s5
  t4v3 ep 1/90  train 1.2060  val 1.1874  (28s)
  t4v3 ep 2/90  train 1.1218  val 1.2507  (28s)
  t4v3 ep 3/90  train 1.0774  val 1.1348  (28s)
  t4v3 ep 4/90  train 1.0255  val 1.5956  (28s)
  t4v3 ep 5/90  train 1.0191  val 1.1023  (28s)
  t4v3 ep 6/90  train 1.0071  val 1.1160  (28s)
  t4v3 ep 7/90  train 0.9862  val 1.1194  (28s)
  t4v3 ep 8/90  train 0.9320  val 1.1412  (28s)
  t4v3 ep 9/90  train 0.8774  val 1.0017  (28s)
  t4v3 ep 10/90  train 0.8386  val 0.9818  (28s)
  t4v3 ep 11/90  train 0.7903  val 0.9288  (28s)
  t4v3 ep 12/90  train 0.7757  val 0.9770  (28s)
  t4v3 ep 13/90  train 0.7434  val 0.9171  (28s)
  t4v3 ep 14/90  train 0.7295  val 0.9674  (28s)
  t4v3 ep 15/90  train 0.7149  val 0.9385  (28s)
  t4v3 ep 16/90  train 0.6921  val 0.9095  (28s)
  t4v3 ep 17/90  train 0.6537  val 0.8611  (28s)
  t4v3 ep 18/90  train 0.6456  val 0.9018  (28s)
  t4v3 ep 19/90  train 0.6181  val 0.9821  (28s)
  t4v3 ep 20/90  train 0.6124  val 0.8711  (28s)
  t4v3 ep 21/90  train 0.6082  val 0.9072  (28s)
  t4v3 ep 22/90  train 0.5993  val 0.8202  (28s)
  t4v3 ep 23/90  train 0.6011  val 0.8768  (28s)
  t4v3 ep 24/90  train 0.5707  val 0.8265  (28s)
  t4v3 ep 25/90  train 0.5470  val 0.8895  (28s)
  t4v3 ep 26/90  train 0.5510  val 0.8406  (28s)
  t4v3 ep 27/90  train 0.5410  val 0.9315  (28s)
  t4v3 ep 28/90  train 0.5205  val 0.8972  (28s)
  t4v3 ep 29/90  train 0.5234  val 0.8704  (28s)
  t4v3 ep 30/90  train 0.5122  val 0.8293  (28s)
  t4v3 ep 31/90  train 0.4971  val 0.8560  (28s)
  t4v3 ep 32/90  train 0.5555  val 0.8563  (28s)
  early stop at epoch 32 (best val 0.8202)
wandb: updating run metadata
wandb: updating run metadata; uploading history steps 31-32, summary, console lines 31-32
wandb: uploading output.log; uploading wandb-summary.json; uploading config.yaml
wandb: 
wandb: Run history:
wandb:     best_val_loss ▁
wandb: diag/pre_norm_sum ███████▇██████▇█▆▅▆▅▅▁█▇▆▁██▅▁▃▇
wandb:  diag/weight_norm ▁▁▁▁▁▂▂▂▂▂▂▃▃▃▄▄▅▆▅▅▆▆▆▇▅▆██▇▇▆▆
wandb:             epoch ▁▁▁▂▂▂▂▃▃▃▃▃▄▄▄▄▅▅▅▅▆▆▆▆▆▇▇▇▇███
wandb:   first_nan_epoch ▁
wandb:   skipped_batches ▁▁▁▁▁▁▁▁▁▁▁▁▁▁▁▁▁▁▁▁▁▁▁▁▁▁▁▁▁▁▁▁
wandb:  stopped_at_epoch ▁
wandb:           test/f1 ▁
wandb:          test/iou ▁
wandb:    test/threshold ▁
wandb:                +2 ...
wandb: 
wandb: Run summary:
wandb:     best_val_loss 0.82024
wandb: diag/pre_norm_sum 0.99999
wandb:  diag/weight_norm 519.52861
wandb:             epoch 32
wandb:   first_nan_epoch -1
wandb:   skipped_batches 0
wandb:  stopped_at_epoch 32
wandb:           test/f1 0.61092
wandb:          test/iou 0.4398
wandb:    test/threshold 0.5
wandb:                +2 ...
wandb: 
wandb: 🚀 View run unet-t4v3 at: https://wandb.ai/2671907-university-of-the-witwatersrand/cv-splice-localisation/runs/8cpqf1s5
wandb: ⭐️ View project at: https://wandb.ai/2671907-university-of-the-witwatersrand/cv-splice-localisation
wandb: Synced 5 W&B file(s), 0 media file(s), 0 artifact file(s) and 0 other file(s)
wandb: Find logs at: ./wandb/run-20260913_012752-8cpqf1s5/logs
t4v3: thr 0.50  F1 0.6109  IoU 0.4398  (stopped ep 32, 917s)

run: python3 src/methods/merge_nested.py
  n=400 done [33433s]

=== n_train = 800 (0/20 pairs done) ===
device cuda | 1822 pairs | epochs<=90 patience=10 | norm=sum wd=0.0001 clip=1.0 amp=bf16 | n_train 800
20 (test, val) pairs | 0 already done | 20 to run

wandb: [wandb.login()] Loaded credentials for https://api.wandb.ai from /home/dell/.netrc.
wandb: Currently logged in as: 2671907 (2671907-university-of-the-witwatersrand) to https://api.wandb.ai. Use `wandb login --relogin` to force relogin
wandb: setting up run vzsx10s9
wandb: Tracking run with wandb version 0.29.0
wandb: Run data is saved locally in /home/dell/cv-project/wandb/run-20260913_014315-vzsx10s9
wandb: Run `wandb offline` to turn off syncing.
wandb: Syncing run unet-t0v1
wandb: ⭐️ View project at https://wandb.ai/2671907-university-of-the-witwatersrand/cv-splice-localisation
wandb: 🚀 View run at https://wandb.ai/2671907-university-of-the-witwatersrand/cv-splice-localisation/runs/vzsx10s9
  t0v1 ep 1/90  train 1.2225  val 1.1958  (57s)
  t0v1 ep 2/90  train 1.1821  val 1.2383  (54s)
  t0v1 ep 3/90  train 1.1567  val 1.1102  (54s)
  t0v1 ep 4/90  train 1.1244  val 1.8158  (54s)
  t0v1 ep 5/90  train 1.0776  val 1.0611  (54s)
  t0v1 ep 6/90  train 1.0479  val 1.0586  (54s)
  t0v1 ep 7/90  train 1.0208  val 1.0136  (54s)
  t0v1 ep 8/90  train 0.9971  val 1.0117  (54s)
  t0v1 ep 9/90  train 0.9668  val 1.0726  (54s)
  t0v1 ep 10/90  train 0.9320  val 0.8985  (54s)
  t0v1 ep 11/90  train 0.9055  val 0.9020  (54s)
  t0v1 ep 12/90  train 0.8716  val 0.8738  (54s)
  t0v1 ep 13/90  train 0.8582  val 1.0227  (54s)
  t0v1 ep 14/90  train 0.8445  val 0.8535  (54s)
  t0v1 ep 15/90  train 0.8234  val 0.8204  (54s)
  t0v1 ep 16/90  train 0.8066  val 0.9207  (54s)
  t0v1 ep 17/90  train 0.7980  val 0.8255  (54s)
  t0v1 ep 18/90  train 0.7632  val 0.8352  (54s)
  t0v1 ep 19/90  train 0.7415  val 0.8420  (54s)
  t0v1 ep 20/90  train 0.7501  val 0.9071  (54s)
  t0v1 ep 21/90  train 0.7265  val 0.7574  (54s)
  t0v1 ep 22/90  train 0.6918  val 0.7973  (54s)
  t0v1 ep 23/90  train 0.6886  val 0.7389  (54s)
  t0v1 ep 24/90  train 0.6935  val 0.8170  (54s)
  t0v1 ep 25/90  train 0.6824  val 0.7348  (54s)
  t0v1 ep 26/90  train 0.6878  val 0.7548  (54s)
  t0v1 ep 27/90  train 0.6629  val 0.8449  (54s)
  t0v1 ep 28/90  train 0.6567  val 0.7254  (54s)
  t0v1 ep 29/90  train 0.6463  val 0.7849  (54s)
  t0v1 ep 30/90  train 0.6423  val 0.8094  (54s)
  t0v1 ep 31/90  train 0.6306  val 0.7257  (54s)
  t0v1 ep 32/90  train 0.6213  val 0.7426  (54s)
  t0v1 ep 33/90  train 0.6337  val 0.8593  (54s)
  t0v1 ep 34/90  train 0.6656  val 0.8098  (54s)
  t0v1 ep 35/90  train 0.6336  val 0.7148  (54s)
  t0v1 ep 36/90  train 0.6143  val 0.7528  (54s)
  t0v1 ep 37/90  train 0.5998  val 0.8016  (54s)
  t0v1 ep 38/90  train 0.5856  val 0.8087  (54s)
  t0v1 ep 39/90  train 0.5898  val 0.7218  (54s)
  t0v1 ep 40/90  train 0.6044  val 0.8807  (54s)
  t0v1 ep 41/90  train 0.6217  val 0.8586  (54s)
  t0v1 ep 42/90  train 0.7180  val 0.8585  (54s)
  t0v1 ep 43/90  train 0.6862  val 0.7558  (54s)
  t0v1 ep 44/90  train 0.6108  val 0.7497  (54s)
  t0v1 ep 45/90  train 0.6083  val 0.7265  (54s)
  early stop at epoch 45 (best val 0.7148)
wandb: updating run metadata
wandb: uploading output.log; uploading wandb-summary.json; uploading config.yaml
wandb: uploading output.log; uploading wandb-summary.json
wandb: uploading history steps 45-45, summary
wandb: 
wandb: Run history:
wandb:     best_val_loss ▁
wandb: diag/pre_norm_sum █████████████████▇████████▇▇█▅▅█▆██▆▆█▁█
wandb:  diag/weight_norm ▁▁▁▁▁▁▁▁▁▁▁▁▁▁▁▁▂▂▂▂▂▁▂▂▃▂▂▃▃▄▄▃▅▅▆▆▆▇█▇
wandb:             epoch ▁▁▁▁▂▂▂▂▂▃▃▃▃▃▃▄▄▄▄▄▅▅▅▅▅▅▆▆▆▆▆▆▇▇▇▇▇███
wandb:   first_nan_epoch ▁
wandb:   skipped_batches ▁▁▁▁▁▁▁▁▁▁▁▁▁▁▁▁▁▁▁▁▁▁▁▁▁▁▁▁▁▁▁▁▁▁▁▁▁▁▁▁
wandb:  stopped_at_epoch ▁
wandb:           test/f1 ▁
wandb:          test/iou ▁
wandb:    test/threshold ▁
wandb:                +2 ...
wandb: 
wandb: Run summary:
wandb:     best_val_loss 0.71484
wandb: diag/pre_norm_sum 1.0
wandb:  diag/weight_norm 9392.64056
wandb:             epoch 45
wandb:   first_nan_epoch -1
wandb:   skipped_batches 0
wandb:  stopped_at_epoch 45
wandb:           test/f1 0.64365
wandb:          test/iou 0.47454
wandb:    test/threshold 0.45
wandb:                +2 ...
wandb: 
wandb: 🚀 View run unet-t0v1 at: https://wandb.ai/2671907-university-of-the-witwatersrand/cv-splice-localisation/runs/vzsx10s9
wandb: ⭐️ View project at: https://wandb.ai/2671907-university-of-the-witwatersrand/cv-splice-localisation
wandb: Synced 5 W&B file(s), 0 media file(s), 0 artifact file(s) and 0 other file(s)
wandb: Find logs at: ./wandb/run-20260913_014315-vzsx10s9/logs
t0v1: thr 0.45  F1 0.6436  IoU 0.4745  (stopped ep 45, 2450s)

wandb: setting up run jh657kif
wandb: Tracking run with wandb version 0.29.0
wandb: Run data is saved locally in /home/dell/cv-project/wandb/run-20260913_022405-jh657kif
wandb: Run `wandb offline` to turn off syncing.
wandb: Syncing run unet-t0v2
wandb: ⭐️ View project at https://wandb.ai/2671907-university-of-the-witwatersrand/cv-splice-localisation
wandb: 🚀 View run at https://wandb.ai/2671907-university-of-the-witwatersrand/cv-splice-localisation/runs/jh657kif
  t0v2 ep 1/90  train 1.2306  val 1.1718  (54s)
  t0v2 ep 2/90  train 1.1828  val 1.1677  (54s)
  t0v2 ep 3/90  train 1.1216  val 1.1219  (54s)
  t0v2 ep 4/90  train 1.0813  val 1.1320  (54s)
  t0v2 ep 5/90  train 1.0448  val 1.1508  (54s)
  t0v2 ep 6/90  train 1.0144  val 1.0222  (54s)
  t0v2 ep 7/90  train 0.9765  val 0.9827  (54s)
  t0v2 ep 8/90  train 0.9411  val 0.9596  (54s)
  t0v2 ep 9/90  train 0.9150  val 1.0026  (54s)
  t0v2 ep 10/90  train 0.8948  val 0.9890  (54s)
  t0v2 ep 11/90  train 0.8708  val 0.8814  (54s)
  t0v2 ep 12/90  train 0.8425  val 0.9637  (54s)
  t0v2 ep 13/90  train 0.9915  val 1.0324  (54s)
  t0v2 ep 14/90  train 0.9811  val 1.0080  (54s)
  t0v2 ep 15/90  train 0.9188  val 0.9335  (54s)
  t0v2 ep 16/90  train 0.8721  val 0.9098  (54s)
  t0v2 ep 17/90  train 0.8584  val 0.9154  (54s)
  t0v2 ep 18/90  train 0.8092  val 1.1380  (54s)
  t0v2 ep 19/90  train 0.7752  val 0.8793  (54s)
  t0v2 ep 20/90  train 0.7610  val 0.8298  (54s)
  t0v2 ep 21/90  train 0.7428  val 1.0474  (54s)
  t0v2 ep 22/90  train 0.7435  val 1.0505  (54s)
  t0v2 ep 23/90  train 0.7241  val 0.8338  (54s)
  t0v2 ep 24/90  train 0.7150  val 0.8806  (54s)
  t0v2 ep 25/90  train 0.7090  val 0.8834  (54s)
  t0v2 ep 26/90  train 0.7015  val 0.9353  (54s)
  t0v2 ep 27/90  train 0.6828  val 0.8420  (54s)
  t0v2 ep 28/90  train 0.6635  val 0.7945  (54s)
  t0v2 ep 29/90  train 0.6552  val 0.8130  (54s)
  t0v2 ep 30/90  train 0.6488  val 0.8246  (54s)
  t0v2 ep 31/90  train 0.6209  val 0.7657  (54s)
  t0v2 ep 32/90  train 0.6131  val 0.7863  (54s)
  t0v2 ep 33/90  train 0.6026  val 0.7398  (54s)
  t0v2 ep 34/90  train 0.6003  val 0.7649  (54s)
  t0v2 ep 35/90  train 0.5997  val 0.8118  (54s)
  t0v2 ep 36/90  train 0.5935  val 0.7374  (54s)
  t0v2 ep 37/90  train 0.5610  val 0.7664  (54s)
  t0v2 ep 38/90  train 0.5572  val 0.7297  (54s)
  t0v2 ep 39/90  train 0.5424  val 0.7373  (54s)
  t0v2 ep 40/90  train 0.5507  val 0.7254  (54s)
  t0v2 ep 41/90  train 0.5546  val 0.7464  (54s)
  t0v2 ep 42/90  train 0.5221  val 0.6898  (54s)
  t0v2 ep 43/90  train 0.5167  val 0.8115  (54s)
  t0v2 ep 44/90  train 0.5407  val 0.7936  (54s)
  t0v2 ep 45/90  train 0.5150  val 0.6986  (54s)
  t0v2 ep 46/90  train 0.5177  val 0.7652  (54s)
  t0v2 ep 47/90  train 0.4959  val 0.8991  (54s)
  t0v2 ep 48/90  train 0.4831  val 0.6856  (54s)
  t0v2 ep 49/90  train 0.4755  val 0.7133  (54s)
  t0v2 ep 50/90  train 0.4770  val 0.6974  (54s)
  t0v2 ep 51/90  train 0.4763  val 0.6733  (54s)
  t0v2 ep 52/90  train 0.4702  val 0.7034  (54s)
  t0v2 ep 53/90  train 0.4652  val 0.6611  (54s)
  t0v2 ep 54/90  train 0.4507  val 0.6597  (54s)
  t0v2 ep 55/90  train 0.4608  val 0.6771  (54s)
  t0v2 ep 56/90  train 0.4596  val 0.6924  (54s)
  t0v2 ep 57/90  train 0.4557  val 0.6655  (54s)
  t0v2 ep 58/90  train 0.4554  val 0.7620  (54s)
  t0v2 ep 59/90  train 0.4459  val 0.7248  (54s)
  t0v2 ep 60/90  train 0.4516  val 0.6972  (54s)
  t0v2 ep 61/90  train 0.4455  val 0.6617  (54s)
  t0v2 ep 62/90  train 0.4355  val 0.6653  (54s)
  t0v2 ep 63/90  train 0.4360  val 0.6623  (54s)
  t0v2 ep 64/90  train 0.4245  val 0.6737  (54s)
  early stop at epoch 64 (best val 0.6597)
wandb: updating run metadata
wandb: uploading config.yaml; uploading output.log; uploading wandb-summary.json
wandb: uploading config.yaml; uploading output.log; uploading wandb-summary.json; uploading history steps 63-64, summary, console lines 63-64
wandb: uploading output.log; uploading wandb-summary.json
wandb: uploading data
wandb: 
wandb: Run history:
wandb:     best_val_loss ▁
wandb: diag/pre_norm_sum ██▇█▇▇▅▇██▇▇▇▇██▇█▇█▄████▆▇██▆██▁██▇███▁
wandb:  diag/weight_norm ▁▁▁▁▁▂▃▄▂▂▂▂▂▂▂▂▂▃▄▄▄▄▃▃▅▄▄▃▃▃▃▄▅▅▆▆▇▇██
wandb:             epoch ▁▁▁▁▂▂▂▂▂▂▃▃▃▃▃▄▄▄▄▄▅▅▅▅▅▆▆▆▆▆▆▇▇▇▇▇▇███
wandb:   first_nan_epoch ▁
wandb:   skipped_batches ▁▁▁▁▁▁▁▁▁▁▁▁▁▁▁▁▁▁▁▁▁▁▁▁▁▁▁▁▁▁▁▁▁▁▁▁▁▁▁▁
wandb:  stopped_at_epoch ▁
wandb:           test/f1 ▁
wandb:          test/iou ▁
wandb:    test/threshold ▁
wandb:                +2 ...
wandb: 
wandb: Run summary:
wandb:     best_val_loss 0.65966
wandb: diag/pre_norm_sum 1.0
wandb:  diag/weight_norm 1479.52398
wandb:             epoch 64
wandb:   first_nan_epoch -1
wandb:   skipped_batches 0
wandb:  stopped_at_epoch 64
wandb:           test/f1 0.69608
wandb:          test/iou 0.53384
wandb:    test/threshold 0.45
wandb:                +2 ...
wandb: 
wandb: 🚀 View run unet-t0v2 at: https://wandb.ai/2671907-university-of-the-witwatersrand/cv-splice-localisation/runs/jh657kif
wandb: ⭐️ View project at: https://wandb.ai/2671907-university-of-the-witwatersrand/cv-splice-localisation
wandb: Synced 5 W&B file(s), 0 media file(s), 0 artifact file(s) and 0 other file(s)
wandb: Find logs at: ./wandb/run-20260913_022405-jh657kif/logs
t0v2: thr 0.45  F1 0.6961  IoU 0.5338  (stopped ep 64, 3471s)

wandb: setting up run 1t4zvsaz
wandb: Tracking run with wandb version 0.29.0
wandb: Run data is saved locally in /home/dell/cv-project/wandb/run-20260913_032156-1t4zvsaz
wandb: Run `wandb offline` to turn off syncing.
wandb: Syncing run unet-t0v3
wandb: ⭐️ View project at https://wandb.ai/2671907-university-of-the-witwatersrand/cv-splice-localisation
wandb: 🚀 View run at https://wandb.ai/2671907-university-of-the-witwatersrand/cv-splice-localisation/runs/1t4zvsaz
  t0v3 ep 1/90  train 1.2170  val 1.1795  (54s)
  t0v3 ep 2/90  train 1.1558  val 1.1730  (54s)
  t0v3 ep 3/90  train 1.1232  val 1.2152  (54s)
  t0v3 ep 4/90  train 1.0769  val 1.0735  (54s)
  t0v3 ep 5/90  train 1.0221  val 1.0226  (54s)
  t0v3 ep 6/90  train 1.0123  val 1.2116  (54s)
  t0v3 ep 7/90  train 1.0979  val 1.1209  (54s)
  t0v3 ep 8/90  train 1.0337  val 1.1209  (54s)
  t0v3 ep 9/90  train 0.9858  val 1.0365  (54s)
  t0v3 ep 10/90  train 0.9598  val 1.0203  (54s)
  t0v3 ep 11/90  train 0.9495  val 1.0251  (54s)
  t0v3 ep 12/90  train 0.9466  val 0.9713  (54s)
  t0v3 ep 13/90  train 0.9239  val 1.0420  (54s)
  t0v3 ep 14/90  train 0.9167  val 1.0416  (54s)
  t0v3 ep 15/90  train 0.8997  val 1.0593  (54s)
  t0v3 ep 16/90  train 0.8827  val 1.0091  (54s)
  t0v3 ep 17/90  train 0.8678  val 0.9607  (54s)
  t0v3 ep 18/90  train 0.8264  val 0.9578  (54s)
  t0v3 ep 19/90  train 0.7891  val 0.9426  (54s)
  t0v3 ep 20/90  train 0.7678  val 0.8903  (54s)
  t0v3 ep 21/90  train 0.7566  val 0.9153  (54s)
  t0v3 ep 22/90  train 0.7475  val 0.9383  (54s)
  t0v3 ep 23/90  train 0.7336  val 1.0017  (54s)
  t0v3 ep 24/90  train 0.7096  val 0.8702  (54s)
  t0v3 ep 25/90  train 0.6929  val 0.8436  (54s)
  t0v3 ep 26/90  train 0.6680  val 0.8565  (54s)
  t0v3 ep 27/90  train 0.6493  val 0.8333  (54s)
  t0v3 ep 28/90  train 0.6307  val 0.7677  (54s)
  t0v3 ep 29/90  train 0.6169  val 0.8303  (54s)
  t0v3 ep 30/90  train 0.6058  val 0.8116  (54s)
  t0v3 ep 31/90  train 0.5859  val 0.7634  (54s)
  t0v3 ep 32/90  train 0.5601  val 0.7873  (54s)
  t0v3 ep 33/90  train 0.5449  val 0.7672  (54s)
  t0v3 ep 34/90  train 0.5257  val 0.7811  (54s)
  t0v3 ep 35/90  train 0.5102  val 0.7662  (54s)
  t0v3 ep 36/90  train 0.5052  val 0.7601  (54s)
  t0v3 ep 37/90  train 0.5041  val 0.8065  (54s)
  t0v3 ep 38/90  train 0.4784  val 0.7306  (54s)
  t0v3 ep 39/90  train 0.4800  val 0.8141  (54s)
  t0v3 ep 40/90  train 0.4709  val 0.7476  (54s)
  t0v3 ep 41/90  train 0.4544  val 0.7353  (54s)
  t0v3 ep 42/90  train 0.4437  val 0.7282  (54s)
  t0v3 ep 43/90  train 0.4408  val 0.7348  (54s)
  t0v3 ep 44/90  train 0.4329  val 0.7153  (54s)
  t0v3 ep 45/90  train 0.4222  val 0.7404  (54s)
  t0v3 ep 46/90  train 0.4240  val 0.7473  (54s)
  t0v3 ep 47/90  train 0.4023  val 0.7436  (54s)
  t0v3 ep 48/90  train 0.4015  val 0.7409  (54s)
  t0v3 ep 49/90  train 0.3906  val 0.7173  (54s)
  t0v3 ep 50/90  train 0.3891  val 0.7195  (54s)
  t0v3 ep 51/90  train 0.3711  val 0.7047  (54s)
  t0v3 ep 52/90  train 0.3694  val 0.7117  (54s)
  t0v3 ep 53/90  train 0.3630  val 0.6724  (54s)
  t0v3 ep 54/90  train 0.3571  val 0.7417  (54s)
  t0v3 ep 55/90  train 0.3534  val 0.7038  (54s)
  t0v3 ep 56/90  train 0.3495  val 0.7455  (54s)
  t0v3 ep 57/90  train 0.3450  val 0.7212  (54s)
  t0v3 ep 58/90  train 0.3377  val 0.7061  (54s)
  t0v3 ep 59/90  train 0.3269  val 0.7396  (54s)
  t0v3 ep 60/90  train 0.3302  val 0.7158  (54s)
  t0v3 ep 61/90  train 0.3280  val 0.7249  (54s)
  t0v3 ep 62/90  train 0.3220  val 0.7230  (54s)
  t0v3 ep 63/90  train 0.3156  val 0.7113  (54s)
  early stop at epoch 63 (best val 0.6724)
wandb: updating run metadata
wandb: uploading history steps 62-63, summary, console lines 62-63
wandb: uploading output.log; uploading wandb-summary.json; uploading config.yaml
wandb: uploading output.log; uploading wandb-summary.json
wandb: uploading data
wandb: 
wandb: Run history:
wandb:     best_val_loss ▁
wandb: diag/pre_norm_sum ████████████████▇███▆█▄▅█▅█▅▁█▅█▃█▆██▇▆█
wandb:  diag/weight_norm ▁▁▁▁▁▁▁▁▁▁▁▁▁▁▁▂▂▃▃▃▃▄▅▅▆▆▇▇▇▇▇▇▇▇▇▇▇▇▇█
wandb:             epoch ▁▁▁▁▁▂▂▂▂▂▃▃▃▃▃▃▄▄▄▄▅▅▅▅▅▆▆▆▆▆▆▇▇▇▇▇▇███
wandb:   first_nan_epoch ▁
wandb:   skipped_batches ▁▁▁▁▁▁▁▁▁▁▁▁▁▁▁▁▁▁▁▁▁▁▁▁▁▁▁▁▁▁▁▁▁▁▁▁▁▁▁▁
wandb:  stopped_at_epoch ▁
wandb:           test/f1 ▁
wandb:          test/iou ▁
wandb:    test/threshold ▁
wandb:                +2 ...
wandb: 
wandb: Run summary:
wandb:     best_val_loss 0.67244
wandb: diag/pre_norm_sum 0.99991
wandb:  diag/weight_norm 130788.83799
wandb:             epoch 63
wandb:   first_nan_epoch -1
wandb:   skipped_batches 0
wandb:  stopped_at_epoch 63
wandb:           test/f1 0.71474
wandb:          test/iou 0.5561
wandb:    test/threshold 0.5
wandb:                +2 ...
wandb: 
wandb: 🚀 View run unet-t0v3 at: https://wandb.ai/2671907-university-of-the-witwatersrand/cv-splice-localisation/runs/1t4zvsaz
wandb: ⭐️ View project at: https://wandb.ai/2671907-university-of-the-witwatersrand/cv-splice-localisation
wandb: Synced 5 W&B file(s), 0 media file(s), 0 artifact file(s) and 0 other file(s)
wandb: Find logs at: ./wandb/run-20260913_032156-1t4zvsaz/logs
t0v3: thr 0.50  F1 0.7147  IoU 0.5561  (stopped ep 63, 3420s)

wandb: setting up run j18rsyw9
wandb: Tracking run with wandb version 0.29.0
wandb: Run data is saved locally in /home/dell/cv-project/wandb/run-20260913_041858-j18rsyw9
wandb: Run `wandb offline` to turn off syncing.
wandb: Syncing run unet-t0v4
wandb: ⭐️ View project at https://wandb.ai/2671907-university-of-the-witwatersrand/cv-splice-localisation
wandb: 🚀 View run at https://wandb.ai/2671907-university-of-the-witwatersrand/cv-splice-localisation/runs/j18rsyw9
  t0v4 ep 1/90  train 1.2509  val 1.3010  (54s)
  t0v4 ep 2/90  train 1.2175  val 1.2371  (54s)
  t0v4 ep 3/90  train 1.1881  val 1.1765  (54s)
  t0v4 ep 4/90  train 1.1570  val 1.1547  (54s)
  t0v4 ep 5/90  train 1.1140  val 1.3406  (54s)
  t0v4 ep 6/90  train 1.1011  val 1.2183  (54s)
  t0v4 ep 7/90  train 1.0714  val 1.1430  (54s)
  t0v4 ep 8/90  train 1.0491  val 1.0327  (54s)
  t0v4 ep 9/90  train 1.0217  val 1.1982  (54s)
  t0v4 ep 10/90  train 0.9880  val 1.0017  (54s)
  t0v4 ep 11/90  train 0.9859  val 1.0426  (54s)
  t0v4 ep 12/90  train 0.9862  val 1.0540  (54s)
  t0v4 ep 13/90  train 0.9849  val 1.0446  (54s)
  t0v4 ep 14/90  train 0.9470  val 0.9897  (54s)
  t0v4 ep 15/90  train 0.9181  val 0.9617  (54s)
  t0v4 ep 16/90  train 0.9008  val 0.9685  (54s)
  t0v4 ep 17/90  train 0.8806  val 0.9900  (54s)
  t0v4 ep 18/90  train 0.8707  val 1.0299  (54s)
  t0v4 ep 19/90  train 0.8552  val 0.9190  (54s)
  t0v4 ep 20/90  train 0.8666  val 0.9704  (54s)
  t0v4 ep 21/90  train 0.8613  val 1.0002  (54s)
  t0v4 ep 22/90  train 0.8219  val 0.9995  (54s)
  t0v4 ep 23/90  train 0.8261  val 0.8864  (54s)
  t0v4 ep 24/90  train 0.8107  val 0.9624  (54s)
  t0v4 ep 25/90  train 0.9834  val 1.0303  (54s)
  t0v4 ep 26/90  train 0.9478  val 0.9307  (54s)
  t0v4 ep 27/90  train 0.8819  val 0.9442  (54s)
  t0v4 ep 28/90  train 0.8560  val 0.9178  (54s)
  t0v4 ep 29/90  train 0.8295  val 0.9074  (54s)
  t0v4 ep 30/90  train 0.8155  val 0.9896  (54s)
  t0v4 ep 31/90  train 0.8101  val 0.9124  (54s)
  t0v4 ep 32/90  train 0.7579  val 0.8759  (54s)
  t0v4 ep 33/90  train 0.7415  val 0.8290  (54s)
  t0v4 ep 34/90  train 0.7181  val 0.8529  (54s)
  t0v4 ep 35/90  train 0.7135  val 0.8263  (54s)
  t0v4 ep 36/90  train 0.6902  val 0.8006  (54s)
  t0v4 ep 37/90  train 0.6977  val 0.9032  (54s)
  t0v4 ep 38/90  train 0.6958  val 0.8046  (54s)
  t0v4 ep 39/90  train 0.6644  val 0.7971  (54s)
  t0v4 ep 40/90  train 0.6626  val 0.7999  (54s)
  t0v4 ep 41/90  train 0.6556  val 0.8468  (54s)
  t0v4 ep 42/90  train 0.6281  val 0.8083  (54s)
  t0v4 ep 43/90  train 0.6173  val 0.7706  (54s)
  t0v4 ep 44/90  train 0.6185  val 0.8224  (54s)
  t0v4 ep 45/90  train 0.6165  val 0.8412  (54s)
  t0v4 ep 46/90  train 0.5949  val 0.7578  (54s)
  t0v4 ep 47/90  train 0.5785  val 0.7789  (54s)
  t0v4 ep 48/90  train 0.5574  val 0.7649  (54s)
  t0v4 ep 49/90  train 0.5501  val 0.7836  (54s)
  t0v4 ep 50/90  train 0.5446  val 0.7713  (54s)
  t0v4 ep 51/90  train 0.5274  val 0.7396  (54s)
  t0v4 ep 52/90  train 0.5138  val 0.7593  (54s)
  t0v4 ep 53/90  train 0.5179  val 0.7629  (54s)
  t0v4 ep 54/90  train 0.5106  val 0.7469  (54s)
  t0v4 ep 55/90  train 0.4985  val 0.7546  (54s)
  t0v4 ep 56/90  train 0.4871  val 0.7336  (54s)
  t0v4 ep 57/90  train 0.4935  val 0.7414  (54s)
  t0v4 ep 58/90  train 0.4885  val 0.7438  (54s)
  t0v4 ep 59/90  train 0.4753  val 0.7698  (54s)
  t0v4 ep 60/90  train 0.4661  val 0.7530  (54s)
  t0v4 ep 61/90  train 0.4603  val 0.7340  (54s)
  t0v4 ep 62/90  train 0.4571  val 0.7705  (54s)
  t0v4 ep 63/90  train 0.4551  val 0.7956  (54s)
  t0v4 ep 64/90  train 0.4576  val 0.7440  (54s)
  t0v4 ep 65/90  train 0.4435  val 0.7370  (54s)
  t0v4 ep 66/90  train 0.4442  val 0.7472  (54s)
  early stop at epoch 66 (best val 0.7336)
wandb: updating run metadata
wandb: uploading output.log; uploading wandb-summary.json; uploading config.yaml
wandb: uploading output.log; uploading config.yaml
wandb: uploading data
wandb: 
wandb: Run history:
wandb:     best_val_loss ▁
wandb: diag/pre_norm_sum █████████▇▆█▆██████▇█▇██▆▅▇█▇▁███▃▁█▇▃██
wandb:  diag/weight_norm ▁▁▁▁▁▂▂▂▂▃▃▃▆▆▆▁▁▂▂▃▄▅▅▇▇▇▇▇▇▇▇▇▇▇▇█████
wandb:             epoch ▁▁▁▁▂▂▂▂▂▂▃▃▃▃▃▄▄▄▄▄▅▅▅▅▅▆▆▆▆▆▆▇▇▇▇▇████
wandb:   first_nan_epoch ▁
wandb:   skipped_batches ▁▁▁▁▁▁▁▁▁▁▁▁▁▁▁▁▁▁▁▁▁▁▁▁▁▁▁▁▁▁▁▁▁▁▁▁▁▁▁▁
wandb:  stopped_at_epoch ▁
wandb:           test/f1 ▁
wandb:          test/iou ▁
wandb:    test/threshold ▁
wandb:                +2 ...
wandb: 
wandb: Run summary:
wandb:     best_val_loss 0.73359
wandb: diag/pre_norm_sum 0.99951
wandb:  diag/weight_norm 78373.79772
wandb:             epoch 66
wandb:   first_nan_epoch -1
wandb:   skipped_batches 0
wandb:  stopped_at_epoch 66
wandb:           test/f1 0.71574
wandb:          test/iou 0.55732
wandb:    test/threshold 0.55
wandb:                +2 ...
wandb: 
wandb: 🚀 View run unet-t0v4 at: https://wandb.ai/2671907-university-of-the-witwatersrand/cv-splice-localisation/runs/j18rsyw9
wandb: ⭐️ View project at: https://wandb.ai/2671907-university-of-the-witwatersrand/cv-splice-localisation
wandb: Synced 5 W&B file(s), 0 media file(s), 0 artifact file(s) and 0 other file(s)
wandb: Find logs at: ./wandb/run-20260913_041858-j18rsyw9/logs
t0v4: thr 0.55  F1 0.7157  IoU 0.5573  (stopped ep 66, 3583s)

wandb: setting up run s6cto8ip
wandb: Tracking run with wandb version 0.29.0
wandb: Run data is saved locally in /home/dell/cv-project/wandb/run-20260913_051839-s6cto8ip
wandb: Run `wandb offline` to turn off syncing.
wandb: Syncing run unet-t1v0
wandb: ⭐️ View project at https://wandb.ai/2671907-university-of-the-witwatersrand/cv-splice-localisation
wandb: 🚀 View run at https://wandb.ai/2671907-university-of-the-witwatersrand/cv-splice-localisation/runs/s6cto8ip
  t1v0 ep 1/90  train 1.2339  val 1.2112  (54s)
  t1v0 ep 2/90  train 1.1557  val 1.2268  (54s)
  t1v0 ep 3/90  train 1.0840  val 1.0462  (54s)
  t1v0 ep 4/90  train 1.0214  val 1.0215  (54s)
  t1v0 ep 5/90  train 0.9729  val 0.9535  (54s)
  t1v0 ep 6/90  train 0.9459  val 0.9123  (54s)
  t1v0 ep 7/90  train 0.9172  val 0.9227  (54s)
  t1v0 ep 8/90  train 0.8914  val 0.9776  (54s)
  t1v0 ep 9/90  train 0.8535  val 0.9691  (54s)
  t1v0 ep 10/90  train 0.8385  val 0.9047  (54s)
  t1v0 ep 11/90  train 0.7822  val 0.8036  (54s)
  t1v0 ep 12/90  train 0.7507  val 0.8983  (54s)
  t1v0 ep 13/90  train 0.7303  val 0.8598  (54s)
  t1v0 ep 14/90  train 0.7218  val 0.8995  (54s)
  t1v0 ep 15/90  train 0.7065  val 0.9371  (54s)
  t1v0 ep 16/90  train 0.7234  val 0.7815  (54s)
  t1v0 ep 17/90  train 0.6738  val 1.2559  (54s)
  t1v0 ep 18/90  train 0.6419  val 0.8072  (54s)
  t1v0 ep 19/90  train 0.6229  val 0.8387  (54s)
  t1v0 ep 20/90  train 0.6282  val 0.8830  (54s)
  t1v0 ep 21/90  train 0.5991  val 0.8549  (54s)
  t1v0 ep 22/90  train 0.5855  val 0.7309  (54s)
  t1v0 ep 23/90  train 0.5914  val 0.7465  (54s)
  t1v0 ep 24/90  train 0.5951  val 0.8044  (54s)
  t1v0 ep 25/90  train 0.5787  val 0.7605  (54s)
  t1v0 ep 26/90  train 0.5783  val 0.7771  (54s)
  t1v0 ep 27/90  train 0.5716  val 0.7015  (54s)
  t1v0 ep 28/90  train 0.5794  val 0.7782  (54s)
  t1v0 ep 29/90  train 0.5935  val 0.8722  (54s)
  t1v0 ep 30/90  train 0.5813  val 0.8751  (54s)
  t1v0 ep 31/90  train 0.5808  val 1.1333  (54s)
  t1v0 ep 32/90  train 0.5869  val 0.8345  (54s)
  t1v0 ep 33/90  train 0.5949  val 0.8053  (54s)
  t1v0 ep 34/90  train 0.5968  val 0.8867  (54s)
  t1v0 ep 35/90  train 0.6149  val 0.8411  (54s)
  t1v0 ep 36/90  train 0.6032  val 0.7854  (54s)
  t1v0 ep 37/90  train 0.5634  val 0.8626  (54s)
  early stop at epoch 37 (best val 0.7015)
wandb: updating run metadata
wandb: uploading output.log; uploading wandb-summary.json; uploading config.yaml
wandb: uploading wandb-summary.json; uploading config.yaml
wandb: uploading history steps 37-37, summary
wandb: 
wandb: Run history:
wandb:     best_val_loss ▁
wandb: diag/pre_norm_sum ██████████████████████▇██▆▆██▅██████▁
wandb:  diag/weight_norm ▁▁▁▁▁▁▁▁▁▁▁▁▁▁▁▂▂▂▂▃▃▃▃▃▃▃▄▄▅▅▅▇███▇█
wandb:             epoch ▁▁▁▂▂▂▂▂▃▃▃▃▃▄▄▄▄▄▅▅▅▅▅▅▆▆▆▆▆▇▇▇▇▇███
wandb:   first_nan_epoch ▁
wandb:   skipped_batches ▁▁▁▁▁▁▁▁▁▁▁▁▁▁▁▁▁▁▁▁▁▁▁▁▁▁▁▁▁▁▁▁▁▁▁▁▁
wandb:  stopped_at_epoch ▁
wandb:           test/f1 ▁
wandb:          test/iou ▁
wandb:    test/threshold ▁
wandb:                +2 ...
wandb: 
wandb: Run summary:
wandb:     best_val_loss 0.7015
wandb: diag/pre_norm_sum 0.99805
wandb:  diag/weight_norm 20813.8739
wandb:             epoch 37
wandb:   first_nan_epoch -1
wandb:   skipped_batches 0
wandb:  stopped_at_epoch 37
wandb:           test/f1 0.69949
wandb:          test/iou 0.53785
wandb:    test/threshold 0.15
wandb:                +2 ...
wandb: 
wandb: 🚀 View run unet-t1v0 at: https://wandb.ai/2671907-university-of-the-witwatersrand/cv-splice-localisation/runs/s6cto8ip
wandb: ⭐️ View project at: https://wandb.ai/2671907-university-of-the-witwatersrand/cv-splice-localisation
wandb: Synced 5 W&B file(s), 0 media file(s), 0 artifact file(s) and 0 other file(s)
wandb: Find logs at: ./wandb/run-20260913_051839-s6cto8ip/logs
t1v0: thr 0.15  F1 0.6995  IoU 0.5379  (stopped ep 37, 2012s)

wandb: setting up run tmiuorqs
wandb: Tracking run with wandb version 0.29.0
wandb: Run data is saved locally in /home/dell/cv-project/wandb/run-20260913_055212-tmiuorqs
wandb: Run `wandb offline` to turn off syncing.
wandb: Syncing run unet-t1v2
wandb: ⭐️ View project at https://wandb.ai/2671907-university-of-the-witwatersrand/cv-splice-localisation
wandb: 🚀 View run at https://wandb.ai/2671907-university-of-the-witwatersrand/cv-splice-localisation/runs/tmiuorqs
  t1v2 ep 1/90  train 1.2098  val 1.1554  (54s)
  t1v2 ep 2/90  train 1.1245  val 1.1642  (54s)
  t1v2 ep 3/90  train 1.0652  val 1.0599  (54s)
  t1v2 ep 4/90  train 1.0095  val 1.0513  (54s)
  t1v2 ep 5/90  train 0.9683  val 0.9568  (54s)
  t1v2 ep 6/90  train 0.9870  val 1.1215  (54s)
  t1v2 ep 7/90  train 0.9935  val 1.2208  (54s)
  t1v2 ep 8/90  train 0.9474  val 0.9647  (54s)
  t1v2 ep 9/90  train 0.9012  val 0.9696  (54s)
  t1v2 ep 10/90  train 0.8836  val 1.1516  (54s)
  t1v2 ep 11/90  train 0.8446  val 0.8761  (54s)
  t1v2 ep 12/90  train 0.8069  val 0.9880  (54s)
  t1v2 ep 13/90  train 0.7837  val 0.8363  (54s)
  t1v2 ep 14/90  train 0.7582  val 0.8861  (54s)
  t1v2 ep 15/90  train 0.8125  val 0.9481  (54s)
  t1v2 ep 16/90  train 0.7901  val 0.8933  (54s)
  t1v2 ep 17/90  train 0.7677  val 0.9945  (54s)
  t1v2 ep 18/90  train 0.7316  val 1.0998  (54s)
  t1v2 ep 19/90  train 0.7271  val 0.8671  (54s)
  t1v2 ep 20/90  train 0.6952  val 0.9727  (54s)
  t1v2 ep 21/90  train 0.6693  val 0.8856  (54s)
  t1v2 ep 22/90  train 0.6600  val 0.8085  (54s)
  t1v2 ep 23/90  train 0.6518  val 0.8145  (54s)
  t1v2 ep 24/90  train 0.6338  val 0.8232  (54s)
  t1v2 ep 25/90  train 0.6173  val 0.7628  (54s)
  t1v2 ep 26/90  train 0.6045  val 0.7814  (54s)
  t1v2 ep 27/90  train 0.5803  val 0.8111  (54s)
  t1v2 ep 28/90  train 0.5781  val 0.8217  (54s)
  t1v2 ep 29/90  train 0.5822  val 0.8228  (54s)
  t1v2 ep 30/90  train 0.5782  val 0.7874  (54s)
  t1v2 ep 31/90  train 0.5575  val 0.7456  (54s)
  t1v2 ep 32/90  train 0.5418  val 0.7556  (54s)
  t1v2 ep 33/90  train 0.5304  val 0.7377  (54s)
  t1v2 ep 34/90  train 0.5163  val 0.8164  (54s)
  t1v2 ep 35/90  train 0.5076  val 1.0171  (54s)
  t1v2 ep 36/90  train 0.4929  val 0.7089  (54s)
  t1v2 ep 37/90  train 0.4886  val 0.7320  (54s)
  t1v2 ep 38/90  train 0.4715  val 0.7634  (54s)
  t1v2 ep 39/90  train 0.4677  val 0.7838  (54s)
  t1v2 ep 40/90  train 0.4669  val 0.7059  (54s)
  t1v2 ep 41/90  train 0.4567  val 0.7176  (54s)
  t1v2 ep 42/90  train 0.4470  val 0.7867  (54s)
  t1v2 ep 43/90  train 0.4371  val 0.7068  (54s)
  t1v2 ep 44/90  train 0.4294  val 0.7100  (54s)
  t1v2 ep 45/90  train 0.4139  val 0.6842  (54s)
  t1v2 ep 46/90  train 0.4233  val 0.7770  (54s)
  t1v2 ep 47/90  train 0.4354  val 0.7499  (54s)
  t1v2 ep 48/90  train 0.4159  val 0.7559  (54s)
  t1v2 ep 49/90  train 0.4096  val 0.7136  (54s)
  t1v2 ep 50/90  train 0.3884  val 0.7371  (54s)
  t1v2 ep 51/90  train 0.3753  val 0.7263  (54s)
  t1v2 ep 52/90  train 0.3710  val 0.7204  (54s)
  t1v2 ep 53/90  train 0.3731  val 0.7652  (54s)
  t1v2 ep 54/90  train 0.3694  val 0.6938  (54s)
  t1v2 ep 55/90  train 0.3575  val 0.6979  (54s)
  early stop at epoch 55 (best val 0.6842)
wandb: updating run metadata
wandb: uploading config.yaml; uploading output.log; uploading wandb-summary.json
wandb: uploading config.yaml; uploading wandb-summary.json
wandb: uploading history steps 55-55, summary
wandb: 
wandb: Run history:
wandb:     best_val_loss ▁
wandb: diag/pre_norm_sum ████████████████████▇▇█▇▇█▇▄█▇▇▅▅▇█▇██▂▁
wandb:  diag/weight_norm ▁▁▁▁▁▁▁▁▁▁▁▁▁▁▁▂▂▂▂▃▃▃▃▄▅▅▆▇▇▇▇▇▇▇▇█████
wandb:             epoch ▁▁▁▂▂▂▂▂▂▃▃▃▃▃▃▄▄▄▄▄▄▅▅▅▅▅▅▆▆▆▆▆▇▇▇▇▇███
wandb:   first_nan_epoch ▁
wandb:   skipped_batches ▁▁▁▁▁▁▁▁▁▁▁▁▁▁▁▁▁▁▁▁▁▁▁▁▁▁▁▁▁▁▁▁▁▁▁▁▁▁▁▁
wandb:  stopped_at_epoch ▁
wandb:           test/f1 ▁
wandb:          test/iou ▁
wandb:    test/threshold ▁
wandb:                +2 ...
wandb: 
wandb: Run summary:
wandb:     best_val_loss 0.6842
wandb: diag/pre_norm_sum 0.99414
wandb:  diag/weight_norm 52404.21526
wandb:             epoch 55
wandb:   first_nan_epoch -1
wandb:   skipped_batches 0
wandb:  stopped_at_epoch 55
wandb:           test/f1 0.74122
wandb:          test/iou 0.58883
wandb:    test/threshold 0.35
wandb:                +2 ...
wandb: 
wandb: 🚀 View run unet-t1v2 at: https://wandb.ai/2671907-university-of-the-witwatersrand/cv-splice-localisation/runs/tmiuorqs
wandb: ⭐️ View project at: https://wandb.ai/2671907-university-of-the-witwatersrand/cv-splice-localisation
wandb: Synced 5 W&B file(s), 0 media file(s), 0 artifact file(s) and 0 other file(s)
wandb: Find logs at: ./wandb/run-20260913_055212-tmiuorqs/logs
t1v2: thr 0.35  F1 0.7412  IoU 0.5888  (stopped ep 55, 2986s)

wandb: setting up run xq4sfwuo
wandb: Tracking run with wandb version 0.29.0
wandb: Run data is saved locally in /home/dell/cv-project/wandb/run-20260913_064157-xq4sfwuo
wandb: Run `wandb offline` to turn off syncing.
wandb: Syncing run unet-t1v3
wandb: ⭐️ View project at https://wandb.ai/2671907-university-of-the-witwatersrand/cv-splice-localisation
wandb: 🚀 View run at https://wandb.ai/2671907-university-of-the-witwatersrand/cv-splice-localisation/runs/xq4sfwuo
  t1v3 ep 1/90  train 1.2169  val 1.2328  (54s)
  t1v3 ep 2/90  train 1.1549  val 1.1502  (54s)
  t1v3 ep 3/90  train 1.0923  val 1.1662  (54s)
  t1v3 ep 4/90  train 1.0425  val 1.0917  (54s)
  t1v3 ep 5/90  train 0.9887  val 1.0333  (54s)
  t1v3 ep 6/90  train 0.9496  val 0.9513  (54s)
  t1v3 ep 7/90  train 0.9136  val 1.0281  (54s)
  t1v3 ep 8/90  train 0.8979  val 1.6041  (54s)
  t1v3 ep 9/90  train 0.8666  val 0.9688  (54s)
  t1v3 ep 10/90  train 0.8343  val 0.9125  (54s)
  t1v3 ep 11/90  train 0.7989  val 0.8881  (54s)
  t1v3 ep 12/90  train 0.7550  val 0.9829  (54s)
  t1v3 ep 13/90  train 0.7528  val 0.9085  (54s)
  t1v3 ep 14/90  train 0.7350  val 0.8244  (54s)
  t1v3 ep 15/90  train 0.7303  val 0.8625  (54s)
  t1v3 ep 16/90  train 0.6977  val 0.8405  (54s)
  t1v3 ep 17/90  train 0.6666  val 0.7814  (54s)
  t1v3 ep 18/90  train 0.6512  val 0.7381  (54s)
  t1v3 ep 19/90  train 0.6326  val 0.7267  (54s)
  t1v3 ep 20/90  train 0.6205  val 0.7623  (54s)
  t1v3 ep 21/90  train 0.6092  val 0.7752  (54s)
  t1v3 ep 22/90  train 0.6104  val 0.8253  (54s)
  t1v3 ep 23/90  train 0.5989  val 0.7467  (54s)
  t1v3 ep 24/90  train 0.5837  val 0.7375  (54s)
  t1v3 ep 25/90  train 0.5944  val 0.7361  (54s)
  t1v3 ep 26/90  train 0.5845  val 0.7594  (54s)
  t1v3 ep 27/90  train 0.6003  val 0.8679  (54s)
  t1v3 ep 28/90  train 0.5860  val 0.7745  (54s)
  t1v3 ep 29/90  train 0.6017  val 0.7767  (54s)
  early stop at epoch 29 (best val 0.7267)
wandb: updating run metadata
wandb: uploading output.log; uploading wandb-summary.json; uploading config.yaml
wandb: uploading output.log; uploading config.yaml
wandb: uploading history steps 28-29, summary, console lines 28-29
wandb: 
wandb: Run history:
wandb:     best_val_loss ▁
wandb: diag/pre_norm_sum ██████▇██████▇████▆█▇▇█▅█▅█▁▆
wandb:  diag/weight_norm ▁▁▁▁▂▂▂▂▂▂▂▂▂▂▂▃▃▃▃▃▃▃▃▄▄▅▆▇█
wandb:             epoch ▁▁▁▂▂▂▃▃▃▃▃▄▄▄▅▅▅▅▅▆▆▆▇▇▇▇▇██
wandb:   first_nan_epoch ▁
wandb:   skipped_batches ▁▁▁▁▁▁▁▁▁▁▁▁▁▁▁▁▁▁▁▁▁▁▁▁▁▁▁▁▁
wandb:  stopped_at_epoch ▁
wandb:           test/f1 ▁
wandb:          test/iou ▁
wandb:    test/threshold ▁
wandb:                +2 ...
wandb: 
wandb: Run summary:
wandb:     best_val_loss 0.72668
wandb: diag/pre_norm_sum 0.99999
wandb:  diag/weight_norm 607.58889
wandb:             epoch 29
wandb:   first_nan_epoch -1
wandb:   skipped_batches 0
wandb:  stopped_at_epoch 29
wandb:           test/f1 0.67187
wandb:          test/iou 0.50588
wandb:    test/threshold 0.45
wandb:                +2 ...
wandb: 
wandb: 🚀 View run unet-t1v3 at: https://wandb.ai/2671907-university-of-the-witwatersrand/cv-splice-localisation/runs/xq4sfwuo
wandb: ⭐️ View project at: https://wandb.ai/2671907-university-of-the-witwatersrand/cv-splice-localisation
wandb: Synced 5 W&B file(s), 0 media file(s), 0 artifact file(s) and 0 other file(s)
wandb: Find logs at: ./wandb/run-20260913_064157-xq4sfwuo/logs
t1v3: thr 0.45  F1 0.6719  IoU 0.5059  (stopped ep 29, 1582s)

wandb: setting up run 1g1ixkpn
wandb: Tracking run with wandb version 0.29.0
wandb: Run data is saved locally in /home/dell/cv-project/wandb/run-20260913_070819-1g1ixkpn
wandb: Run `wandb offline` to turn off syncing.
wandb: Syncing run unet-t1v4
wandb: ⭐️ View project at https://wandb.ai/2671907-university-of-the-witwatersrand/cv-splice-localisation
wandb: 🚀 View run at https://wandb.ai/2671907-university-of-the-witwatersrand/cv-splice-localisation/runs/1g1ixkpn
  t1v4 ep 1/90  train 1.2081  val 1.2502  (54s)
  t1v4 ep 2/90  train 1.1273  val 1.2644  (54s)
  t1v4 ep 3/90  train 1.0639  val 1.0869  (54s)
  t1v4 ep 4/90  train 1.0076  val 1.1160  (54s)
  t1v4 ep 5/90  train 0.9589  val 0.9605  (54s)
  t1v4 ep 6/90  train 0.9132  val 0.9568  (54s)
  t1v4 ep 7/90  train 0.8833  val 0.9087  (54s)
  t1v4 ep 8/90  train 0.8574  val 0.8841  (54s)
  t1v4 ep 9/90  train 0.8273  val 0.8983  (54s)
  t1v4 ep 10/90  train 0.8232  val 1.0228  (54s)
  t1v4 ep 11/90  train 0.8174  val 0.9237  (54s)
  t1v4 ep 12/90  train 0.7759  val 0.9126  (54s)
  t1v4 ep 13/90  train 0.7610  val 0.8432  (54s)
  t1v4 ep 14/90  train 0.7391  val 0.9923  (54s)
  t1v4 ep 15/90  train 0.7087  val 0.8215  (54s)
  t1v4 ep 16/90  train 0.7023  val 0.7980  (54s)
  t1v4 ep 17/90  train 0.6868  val 0.8944  (54s)
  t1v4 ep 18/90  train 0.6624  val 0.8563  (54s)
  t1v4 ep 19/90  train 0.6398  val 0.7997  (54s)
  t1v4 ep 20/90  train 0.6331  val 0.8022  (54s)
  t1v4 ep 21/90  train 0.6253  val 0.9153  (54s)
  t1v4 ep 22/90  train 0.6109  val 0.7480  (54s)
  t1v4 ep 23/90  train 0.5931  val 0.7433  (54s)
  t1v4 ep 24/90  train 0.5720  val 0.7494  (54s)
  t1v4 ep 25/90  train 0.5821  val 0.7429  (54s)
  t1v4 ep 26/90  train 0.5598  val 0.8419  (54s)
  t1v4 ep 27/90  train 0.5720  val 0.7756  (54s)
  t1v4 ep 28/90  train 0.5874  val 0.7317  (54s)
  t1v4 ep 29/90  train 0.5437  val 0.8022  (54s)
  t1v4 ep 30/90  train 0.5582  val 0.7470  (54s)
  t1v4 ep 31/90  train 0.5304  val 0.7247  (54s)
  t1v4 ep 32/90  train 0.5310  val 0.8408  (54s)
  t1v4 ep 33/90  train 0.5753  val 0.7814  (54s)
  t1v4 ep 34/90  train 0.5175  val 0.7557  (54s)
  t1v4 ep 35/90  train 0.4991  val 0.7296  (54s)
  t1v4 ep 36/90  train 0.4971  val 0.7341  (54s)
  t1v4 ep 37/90  train 0.4813  val 0.7065  (54s)
  t1v4 ep 38/90  train 0.4637  val 0.7249  (54s)
  t1v4 ep 39/90  train 0.4582  val 0.7242  (54s)
  t1v4 ep 40/90  train 0.4549  val 0.7202  (54s)
  t1v4 ep 41/90  train 0.4404  val 0.8989  (54s)
  t1v4 ep 42/90  train 0.4233  val 0.7877  (54s)
  t1v4 ep 43/90  train 0.4155  val 0.7507  (54s)
  t1v4 ep 44/90  train 0.4104  val 0.7866  (54s)
  t1v4 ep 45/90  train 0.4067  val 0.7056  (54s)
  t1v4 ep 46/90  train 0.4035  val 0.7313  (54s)
  t1v4 ep 47/90  train 0.3922  val 0.7149  (54s)
  t1v4 ep 48/90  train 0.3837  val 0.6948  (54s)
  t1v4 ep 49/90  train 0.3804  val 0.7674  (54s)
  t1v4 ep 50/90  train 0.3772  val 0.6952  (54s)
  t1v4 ep 51/90  train 0.3762  val 0.6945  (54s)
  t1v4 ep 52/90  train 0.3668  val 0.7161  (54s)
  t1v4 ep 53/90  train 0.3508  val 0.7164  (54s)
  t1v4 ep 54/90  train 0.3505  val 0.6966  (54s)
  t1v4 ep 55/90  train 0.3503  val 0.7092  (54s)
  t1v4 ep 56/90  train 0.3349  val 0.6768  (54s)
  t1v4 ep 57/90  train 0.3379  val 0.7131  (54s)
  t1v4 ep 58/90  train 0.3245  val 0.7019  (54s)
  t1v4 ep 59/90  train 0.3250  val 0.7200  (54s)
  t1v4 ep 60/90  train 0.3156  val 0.7891  (54s)
  t1v4 ep 61/90  train 0.3159  val 0.7011  (54s)
  t1v4 ep 62/90  train 0.3120  val 0.7694  (54s)
  t1v4 ep 63/90  train 0.3131  val 0.7028  (54s)
  t1v4 ep 64/90  train 0.3050  val 0.7087  (54s)
  t1v4 ep 65/90  train 0.2968  val 0.7094  (54s)
  t1v4 ep 66/90  train 0.2995  val 0.6994  (54s)
  early stop at epoch 66 (best val 0.6768)
wandb: updating run metadata
wandb: uploading output.log; uploading wandb-summary.json; uploading config.yaml
wandb: uploading output.log; uploading wandb-summary.json
wandb: uploading history steps 65-66, summary, console lines 65-66
wandb: 
wandb: Run history:
wandb:     best_val_loss ▁
wandb: diag/pre_norm_sum ████████████▇███▇██▇▆▃▁██▃▆█▃▃▃▇█▆▇▃█▇██
wandb:  diag/weight_norm ▁▁▁▁▁▁▁▁▁▁▁▁▂▂▂▃▄▅▅▅▅▅▆▇▇▇▇█▇███████████
wandb:             epoch ▁▁▁▁▂▂▂▂▂▃▃▃▃▃▃▄▄▄▄▄▄▅▅▅▅▅▆▆▆▆▆▆▆▇▇▇▇███
wandb:   first_nan_epoch ▁
wandb:   skipped_batches ▁▁▁▁▁▁▁▁▁▁▁▁▁▁▁▁▁▁▁▁▁▁▁▁▁▁▁▁▁▁▁▁▁▁▁▁▁▁▁▁
wandb:  stopped_at_epoch ▁
wandb:           test/f1 ▁
wandb:          test/iou ▁
wandb:    test/threshold ▁
wandb:                +2 ...
wandb: 
wandb: Run summary:
wandb:     best_val_loss 0.67681
wandb: diag/pre_norm_sum 1
wandb:  diag/weight_norm 111659.99255
wandb:             epoch 66
wandb:   first_nan_epoch -1
wandb:   skipped_batches 0
wandb:  stopped_at_epoch 66
wandb:           test/f1 0.75146
wandb:          test/iou 0.60187
wandb:    test/threshold 0.4
wandb:                +2 ...
wandb: 
wandb: 🚀 View run unet-t1v4 at: https://wandb.ai/2671907-university-of-the-witwatersrand/cv-splice-localisation/runs/1g1ixkpn
wandb: ⭐️ View project at: https://wandb.ai/2671907-university-of-the-witwatersrand/cv-splice-localisation
wandb: Synced 5 W&B file(s), 0 media file(s), 0 artifact file(s) and 0 other file(s)
wandb: Find logs at: ./wandb/run-20260913_070819-1g1ixkpn/logs
t1v4: thr 0.40  F1 0.7515  IoU 0.6019  (stopped ep 66, 3580s)

wandb: setting up run xdirrsfh
wandb: Tracking run with wandb version 0.29.0
wandb: Run data is saved locally in /home/dell/cv-project/wandb/run-20260913_080759-xdirrsfh
wandb: Run `wandb offline` to turn off syncing.
wandb: Syncing run unet-t2v0
wandb: ⭐️ View project at https://wandb.ai/2671907-university-of-the-witwatersrand/cv-splice-localisation
wandb: 🚀 View run at https://wandb.ai/2671907-university-of-the-witwatersrand/cv-splice-localisation/runs/xdirrsfh
  t2v0 ep 1/90  train 1.2300  val 1.2040  (54s)
  t2v0 ep 2/90  train 1.1900  val 1.2001  (54s)
  t2v0 ep 3/90  train 1.1605  val 1.1995  (54s)
  t2v0 ep 4/90  train 1.1462  val 1.2917  (54s)
  t2v0 ep 5/90  train 1.0804  val 1.0890  (54s)
  t2v0 ep 6/90  train 1.0293  val 1.0812  (54s)
  t2v0 ep 7/90  train 0.9858  val 1.0026  (54s)
  t2v0 ep 8/90  train 0.9596  val 1.0568  (54s)
  t2v0 ep 9/90  train 0.9250  val 0.9743  (54s)
  t2v0 ep 10/90  train 0.8913  val 0.9553  (54s)
  t2v0 ep 11/90  train 0.8840  val 1.0690  (54s)
  t2v0 ep 12/90  train 0.8689  val 1.0148  (54s)
  t2v0 ep 13/90  train 0.8562  val 0.9245  (54s)
  t2v0 ep 14/90  train 0.8570  val 0.9865  (54s)
  t2v0 ep 15/90  train 0.8144  val 0.9576  (54s)
  t2v0 ep 16/90  train 0.7823  val 0.8697  (54s)
  t2v0 ep 17/90  train 0.7491  val 1.0815  (54s)
  t2v0 ep 18/90  train 0.7917  val 0.8936  (54s)
  t2v0 ep 19/90  train 0.7482  val 1.0326  (54s)
  t2v0 ep 20/90  train 0.7536  val 0.8617  (54s)
  t2v0 ep 21/90  train 0.7664  val 0.8618  (54s)
  t2v0 ep 22/90  train 0.7665  val 0.8962  (54s)
  t2v0 ep 23/90  train 0.7276  val 0.8639  (54s)
  t2v0 ep 24/90  train 0.6929  val 0.8107  (54s)
  t2v0 ep 25/90  train 0.6820  val 0.8683  (54s)
  t2v0 ep 26/90  train 0.7049  val 0.8829  (54s)
  t2v0 ep 27/90  train 0.7392  val 0.8281  (54s)
  t2v0 ep 28/90  train 0.7074  val 0.8742  (54s)
  t2v0 ep 29/90  train 0.6675  val 0.8005  (54s)
  t2v0 ep 30/90  train 0.6390  val 0.7983  (54s)
  t2v0 ep 31/90  train 0.6184  val 0.7996  (54s)
  t2v0 ep 32/90  train 0.6180  val 0.7736  (54s)
  t2v0 ep 33/90  train 0.6057  val 0.8131  (54s)
  t2v0 ep 34/90  train 0.5921  val 0.8242  (54s)
  t2v0 ep 35/90  train 0.5803  val 0.7714  (54s)
  t2v0 ep 36/90  train 0.5465  val 0.7905  (54s)
  t2v0 ep 37/90  train 0.5543  val 0.7753  (54s)
  t2v0 ep 38/90  train 0.5351  val 0.7835  (54s)
  t2v0 ep 39/90  train 0.5432  val 0.7962  (54s)
  t2v0 ep 40/90  train 0.5384  val 0.7743  (54s)
  t2v0 ep 41/90  train 0.5447  val 0.7626  (54s)
  t2v0 ep 42/90  train 0.5261  val 0.7618  (54s)
  t2v0 ep 43/90  train 0.5313  val 0.7593  (54s)
  t2v0 ep 44/90  train 0.5194  val 0.7843  (54s)
  t2v0 ep 45/90  train 0.5155  val 0.7881  (54s)
  t2v0 ep 46/90  train 0.5033  val 0.7699  (54s)
  t2v0 ep 47/90  train 0.4857  val 0.7736  (54s)
  t2v0 ep 48/90  train 0.4853  val 0.7555  (54s)
  t2v0 ep 49/90  train 0.4827  val 0.7500  (54s)
  t2v0 ep 50/90  train 0.4802  val 0.7731  (54s)
  t2v0 ep 51/90  train 0.4801  val 0.9915  (54s)
  t2v0 ep 52/90  train 0.4645  val 0.7860  (54s)
  t2v0 ep 53/90  train 0.4528  val 0.7305  (54s)
  t2v0 ep 54/90  train 0.4426  val 0.8224  (54s)
  t2v0 ep 55/90  train 0.4340  val 0.7942  (54s)
  t2v0 ep 56/90  train 0.4352  val 0.7776  (54s)
  t2v0 ep 57/90  train 0.4293  val 0.8248  (54s)
  t2v0 ep 58/90  train 0.4284  val 0.7365  (54s)
  t2v0 ep 59/90  train 0.4121  val 0.7884  (54s)
  t2v0 ep 60/90  train 0.4137  val 0.7549  (54s)
  t2v0 ep 61/90  train 0.4046  val 0.7538  (54s)
  t2v0 ep 62/90  train 0.4040  val 0.7784  (54s)
  t2v0 ep 63/90  train 0.3904  val 0.7473  (54s)
  early stop at epoch 63 (best val 0.7305)
wandb: updating run metadata
wandb: uploading output.log; uploading wandb-summary.json; uploading config.yaml
wandb: uploading output.log; uploading wandb-summary.json; uploading config.yaml; uploading history steps 62-63, summary, console lines 62-63
wandb: uploading output.log; uploading config.yaml
wandb: uploading data
wandb: 
wandb: Run history:
wandb:     best_val_loss ▁
wandb: diag/pre_norm_sum ████████████████████▇▇███████████████▁██
wandb:  diag/weight_norm ▁▁▁▁▁▁▁▁▁▁▁▁▁▁▁▁▁▁▁▁▁▁▁▁▁▂▂▂▂▂▃▄▄▄▅▇▆▇██
wandb:             epoch ▁▁▁▁▂▂▂▂▂▂▃▃▃▃▃▄▄▄▄▄▄▅▅▅▅▅▅▆▆▆▆▆▇▇▇▇▇███
wandb:   first_nan_epoch ▁
wandb:   skipped_batches ▁▁▁▁▁▁▁▁▁▁▁▁▁▁▁▁▁▁▁▁▁▁▁▁▁▁▁▁▁▁▁▁▁▁▁▁▁▁▁▁
wandb:  stopped_at_epoch ▁
wandb:           test/f1 ▁
wandb:          test/iou ▁
wandb:    test/threshold ▁
wandb:                +2 ...
wandb: 
wandb: Run summary:
wandb:     best_val_loss 0.73049
wandb: diag/pre_norm_sum 0.99995
wandb:  diag/weight_norm 28916.67372
wandb:             epoch 63
wandb:   first_nan_epoch -1
wandb:   skipped_batches 0
wandb:  stopped_at_epoch 63
wandb:           test/f1 0.71134
wandb:          test/iou 0.552
wandb:    test/threshold 0.55
wandb:                +2 ...
wandb: 
wandb: 🚀 View run unet-t2v0 at: https://wandb.ai/2671907-university-of-the-witwatersrand/cv-splice-localisation/runs/xdirrsfh
wandb: ⭐️ View project at: https://wandb.ai/2671907-university-of-the-witwatersrand/cv-splice-localisation
wandb: Synced 5 W&B file(s), 0 media file(s), 0 artifact file(s) and 0 other file(s)
wandb: Find logs at: ./wandb/run-20260913_080759-xdirrsfh/logs
t2v0: thr 0.55  F1 0.7113  IoU 0.5520  (stopped ep 63, 3417s)

wandb: setting up run fq6mllst
wandb: Tracking run with wandb version 0.29.0
wandb: Run data is saved locally in /home/dell/cv-project/wandb/run-20260913_090457-fq6mllst
wandb: Run `wandb offline` to turn off syncing.
wandb: Syncing run unet-t2v1
wandb: ⭐️ View project at https://wandb.ai/2671907-university-of-the-witwatersrand/cv-splice-localisation
wandb: 🚀 View run at https://wandb.ai/2671907-university-of-the-witwatersrand/cv-splice-localisation/runs/fq6mllst
  t2v1 ep 1/90  train 1.2262  val 1.1728  (54s)
  t2v1 ep 2/90  train 1.1462  val 1.0727  (54s)
  t2v1 ep 3/90  train 1.0855  val 1.0652  (54s)
  t2v1 ep 4/90  train 1.0398  val 1.0634  (54s)
  t2v1 ep 5/90  train 0.9883  val 0.9417  (54s)
  t2v1 ep 6/90  train 0.9388  val 0.9821  (54s)
  t2v1 ep 7/90  train 0.9219  val 0.8622  (54s)
  t2v1 ep 8/90  train 0.9131  val 0.9549  (54s)
  t2v1 ep 9/90  train 0.8663  val 0.8268  (54s)
  t2v1 ep 10/90  train 0.8311  val 0.7716  (54s)
  t2v1 ep 11/90  train 0.8027  val 0.7996  (54s)
  t2v1 ep 12/90  train 0.7673  val 0.8116  (54s)
  t2v1 ep 13/90  train 0.7530  val 0.7494  (54s)
  t2v1 ep 14/90  train 0.7386  val 0.7537  (54s)
  t2v1 ep 15/90  train 0.7655  val 0.8030  (54s)
  t2v1 ep 16/90  train 0.7321  val 0.8020  (54s)
  t2v1 ep 17/90  train 0.7184  val 0.7937  (54s)
  t2v1 ep 18/90  train 0.6943  val 0.7181  (54s)
  t2v1 ep 19/90  train 0.6858  val 0.7564  (54s)
  t2v1 ep 20/90  train 0.6666  val 0.7145  (54s)
  t2v1 ep 21/90  train 0.6575  val 0.7623  (54s)
  t2v1 ep 22/90  train 0.6468  val 0.7094  (54s)
  t2v1 ep 23/90  train 0.6591  val 0.7004  (54s)
  t2v1 ep 24/90  train 0.6733  val 0.7669  (54s)
  t2v1 ep 25/90  train 0.6780  val 1.0889  (54s)
  t2v1 ep 26/90  train 0.7097  val 0.6992  (54s)
  t2v1 ep 27/90  train 0.6696  val 0.8102  (54s)
  t2v1 ep 28/90  train 0.6436  val 0.7028  (54s)
  t2v1 ep 29/90  train 0.6163  val 0.8220  (54s)
  t2v1 ep 30/90  train 0.6170  val 0.7007  (54s)
  t2v1 ep 31/90  train 0.6008  val 0.6594  (54s)
  t2v1 ep 32/90  train 0.5845  val 0.6485  (54s)
  t2v1 ep 33/90  train 0.5590  val 0.6877  (54s)
  t2v1 ep 34/90  train 0.5752  val 0.7342  (54s)
  t2v1 ep 35/90  train 0.5462  val 0.7109  (54s)
  t2v1 ep 36/90  train 0.5439  val 0.6981  (54s)
  t2v1 ep 37/90  train 0.5318  val 0.6446  (54s)
  t2v1 ep 38/90  train 0.5063  val 0.6364  (54s)
  t2v1 ep 39/90  train 0.5021  val 0.6137  (54s)
  t2v1 ep 40/90  train 0.4745  val 0.6241  (54s)
  t2v1 ep 41/90  train 0.4741  val 0.6188  (54s)
  t2v1 ep 42/90  train 0.4823  val 0.6275  (54s)
  t2v1 ep 43/90  train 0.4748  val 0.6985  (54s)
  t2v1 ep 44/90  train 0.4838  val 0.6321  (54s)
  t2v1 ep 45/90  train 0.4771  val 0.6343  (54s)
  t2v1 ep 46/90  train 0.4689  val 0.6635  (54s)
  t2v1 ep 47/90  train 0.4735  val 0.6195  (54s)
  t2v1 ep 48/90  train 0.4531  val 0.6693  (54s)
  t2v1 ep 49/90  train 0.4488  val 0.6384  (54s)
  early stop at epoch 49 (best val 0.6137)
wandb: updating run metadata
wandb: uploading config.yaml; uploading output.log; uploading wandb-summary.json
wandb: uploading history steps 48-49, summary, console lines 48-49
wandb: 
wandb: Run history:
wandb:     best_val_loss ▁
wandb: diag/pre_norm_sum ██████████████████████▇███▅▇█▆█▅█▆█▁▃██▆
wandb:  diag/weight_norm ▁▁▁▁▁▁▁▁▁▁▁▁▁▁▁▁▁▁▁▁▁▁▂▂▂▃▃▄▄▅█▇█▇▇▆▇█▇█
wandb:             epoch ▁▁▁▂▂▂▂▂▂▃▃▃▃▃▃▄▄▄▄▄▅▅▅▅▅▆▆▆▆▆▆▇▇▇▇▇▇███
wandb:   first_nan_epoch ▁
wandb:   skipped_batches ▁▁▁▁▁▁▁▁▁▁▁▁▁▁▁▁▁▁▁▁▁▁▁▁▁▁▁▁▁▁▁▁▁▁▁▁▁▁▁▁
wandb:  stopped_at_epoch ▁
wandb:           test/f1 ▁
wandb:          test/iou ▁
wandb:    test/threshold ▁
wandb:                +2 ...
wandb: 
wandb: Run summary:
wandb:     best_val_loss 0.61365
wandb: diag/pre_norm_sum 0.99951
wandb:  diag/weight_norm 30591.16072
wandb:             epoch 49
wandb:   first_nan_epoch -1
wandb:   skipped_batches 0
wandb:  stopped_at_epoch 49
wandb:           test/f1 0.66973
wandb:          test/iou 0.50346
wandb:    test/threshold 0.05
wandb:                +2 ...
wandb: 
wandb: 🚀 View run unet-t2v1 at: https://wandb.ai/2671907-university-of-the-witwatersrand/cv-splice-localisation/runs/fq6mllst
wandb: ⭐️ View project at: https://wandb.ai/2671907-university-of-the-witwatersrand/cv-splice-localisation
wandb: Synced 5 W&B file(s), 0 media file(s), 0 artifact file(s) and 0 other file(s)
wandb: Find logs at: ./wandb/run-20260913_090457-fq6mllst/logs
t2v1: thr 0.05  F1 0.6697  IoU 0.5035  (stopped ep 49, 2662s)

wandb: setting up run jedw2a17
wandb: Tracking run with wandb version 0.29.0
wandb: Run data is saved locally in /home/dell/cv-project/wandb/run-20260913_094919-jedw2a17
wandb: Run `wandb offline` to turn off syncing.
wandb: Syncing run unet-t2v3
wandb: ⭐️ View project at https://wandb.ai/2671907-university-of-the-witwatersrand/cv-splice-localisation
wandb: 🚀 View run at https://wandb.ai/2671907-university-of-the-witwatersrand/cv-splice-localisation/runs/jedw2a17
  t2v3 ep 1/90  train 1.2082  val 1.1872  (54s)
  t2v3 ep 2/90  train 1.1340  val 1.1187  (54s)
  t2v3 ep 3/90  train 1.0970  val 1.0928  (54s)
  t2v3 ep 4/90  train 1.0589  val 1.0610  (54s)
  t2v3 ep 5/90  train 1.0350  val 1.0693  (54s)
  t2v3 ep 6/90  train 1.0017  val 1.0496  (54s)
  t2v3 ep 7/90  train 0.9482  val 0.9840  (54s)
  t2v3 ep 8/90  train 0.9254  val 1.0313  (54s)
  t2v3 ep 9/90  train 0.8780  val 0.9885  (54s)
  t2v3 ep 10/90  train 0.8462  val 1.1329  (54s)
  t2v3 ep 11/90  train 0.8164  val 0.8715  (54s)
  t2v3 ep 12/90  train 0.8157  val 0.9461  (54s)
  t2v3 ep 13/90  train 0.7848  val 0.8567  (54s)
  t2v3 ep 14/90  train 0.7564  val 0.8509  (54s)
  t2v3 ep 15/90  train 0.7675  val 0.8641  (54s)
  t2v3 ep 16/90  train 0.7399  val 0.8383  (54s)
  t2v3 ep 17/90  train 0.7081  val 0.8350  (54s)
  t2v3 ep 18/90  train 0.7141  val 0.8159  (54s)
  t2v3 ep 19/90  train 0.6827  val 0.8193  (54s)
  t2v3 ep 20/90  train 0.6848  val 0.8296  (54s)
  t2v3 ep 21/90  train 0.6784  val 0.8235  (54s)
  t2v3 ep 22/90  train 0.6814  val 0.8863  (54s)
  t2v3 ep 23/90  train 0.6981  val 0.9136  (54s)
  t2v3 ep 24/90  train 0.6861  val 0.9464  (54s)
  t2v3 ep 25/90  train 0.6782  val 0.8490  (54s)
  t2v3 ep 26/90  train 0.6642  val 0.8382  (54s)
  t2v3 ep 27/90  train 0.6232  val 0.8019  (54s)
  t2v3 ep 28/90  train 0.6199  val 0.8034  (54s)
  t2v3 ep 29/90  train 0.6136  val 0.8080  (54s)
  t2v3 ep 30/90  train 0.5780  val 0.7782  (54s)
  t2v3 ep 31/90  train 0.5648  val 0.7791  (54s)
  t2v3 ep 32/90  train 0.5720  val 0.8156  (54s)
  t2v3 ep 33/90  train 0.5675  val 0.7953  (54s)
  t2v3 ep 34/90  train 0.5323  val 0.7715  (54s)
  t2v3 ep 35/90  train 0.5176  val 0.7865  (54s)
  t2v3 ep 36/90  train 0.5043  val 0.7240  (54s)
  t2v3 ep 37/90  train 0.4929  val 0.7458  (54s)
  t2v3 ep 38/90  train 0.5079  val 0.7828  (54s)
  t2v3 ep 39/90  train 0.4895  val 0.7648  (54s)
  t2v3 ep 40/90  train 0.4702  val 0.7830  (54s)
  t2v3 ep 41/90  train 0.4665  val 0.7215  (54s)
  t2v3 ep 42/90  train 0.4829  val 0.7805  (54s)
  t2v3 ep 43/90  train 0.5133  val 0.8321  (54s)
  t2v3 ep 44/90  train 0.5203  val 0.8007  (54s)
  t2v3 ep 45/90  train 0.5196  val 0.8009  (54s)
  t2v3 ep 46/90  train 0.5173  val 0.8110  (54s)
  t2v3 ep 47/90  train 0.5059  val 0.8440  (54s)
  t2v3 ep 48/90  train 0.5196  val 0.7827  (54s)
  t2v3 ep 49/90  train 0.5601  val 0.8543  (54s)
  t2v3 ep 50/90  train 0.6157  val 0.9399  (54s)
  t2v3 ep 51/90  train 0.6565  val 0.9558  (54s)
  early stop at epoch 51 (best val 0.7215)
wandb: updating run metadata
wandb: uploading output.log; uploading wandb-summary.json; uploading config.yaml
wandb: uploading history steps 50-51, summary, console lines 50-51
wandb: 
wandb: Run history:
wandb:     best_val_loss ▁
wandb: diag/pre_norm_sum ███████████████████▆█▆▇▁▆██▆▇█▇█████████
wandb:  diag/weight_norm ▁▁▁▁▁▁▁▁▁▁▁▁▁▁▂▃▃▃▄▄▆▆▆██▅▆▆▆▆▃▃▃▃▃▃▃▃▃▃
wandb:             epoch ▁▁▁▁▂▂▂▂▂▂▃▃▃▃▃▄▄▄▄▄▅▅▅▅▅▅▅▆▆▆▆▆▇▇▇▇▇▇██
wandb:   first_nan_epoch ▁
wandb:   skipped_batches ▁▁▁▁▁▁▁▁▁▁▁▁▁▁▁▁▁▁▁▁▁▁▁▁▁▁▁▁▁▁▁▁▁▁▁▁▁▁▁▁
wandb:  stopped_at_epoch ▁
wandb:           test/f1 ▁
wandb:          test/iou ▁
wandb:    test/threshold ▁
wandb:                +2 ...
wandb: 
wandb: Run summary:
wandb:     best_val_loss 0.72155
wandb: diag/pre_norm_sum 1.0
wandb:  diag/weight_norm 18777.22003
wandb:             epoch 51
wandb:   first_nan_epoch -1
wandb:   skipped_batches 0
wandb:  stopped_at_epoch 51
wandb:           test/f1 0.6873
wandb:          test/iou 0.52358
wandb:    test/threshold 0.75
wandb:                +2 ...
wandb: 
wandb: 🚀 View run unet-t2v3 at: https://wandb.ai/2671907-university-of-the-witwatersrand/cv-splice-localisation/runs/jedw2a17
wandb: ⭐️ View project at: https://wandb.ai/2671907-university-of-the-witwatersrand/cv-splice-localisation
wandb: Synced 5 W&B file(s), 0 media file(s), 0 artifact file(s) and 0 other file(s)
wandb: Find logs at: ./wandb/run-20260913_094919-jedw2a17/logs
t2v3: thr 0.75  F1 0.6873  IoU 0.5236  (stopped ep 51, 2770s)

wandb: setting up run ul4nyifa
wandb: Tracking run with wandb version 0.29.0
wandb: Run data is saved locally in /home/dell/cv-project/wandb/run-20260913_103529-ul4nyifa
wandb: Run `wandb offline` to turn off syncing.
wandb: Syncing run unet-t2v4
wandb: ⭐️ View project at https://wandb.ai/2671907-university-of-the-witwatersrand/cv-splice-localisation
wandb: 🚀 View run at https://wandb.ai/2671907-university-of-the-witwatersrand/cv-splice-localisation/runs/ul4nyifa
  t2v4 ep 1/90  train 1.2312  val 1.1882  (54s)
  t2v4 ep 2/90  train 1.1602  val 1.1756  (54s)
  t2v4 ep 3/90  train 1.1006  val 1.0813  (54s)
  t2v4 ep 4/90  train 1.0659  val 1.0835  (54s)
  t2v4 ep 5/90  train 1.0310  val 1.1429  (54s)
  t2v4 ep 6/90  train 0.9894  val 0.9858  (54s)
  t2v4 ep 7/90  train 0.9489  val 1.1527  (54s)
  t2v4 ep 8/90  train 0.9247  val 0.9562  (54s)
  t2v4 ep 9/90  train 0.9002  val 0.9817  (54s)
  t2v4 ep 10/90  train 0.9182  val 0.9099  (54s)
  t2v4 ep 11/90  train 0.8929  val 0.9458  (54s)
  t2v4 ep 12/90  train 0.8575  val 0.9152  (54s)
  t2v4 ep 13/90  train 0.8296  val 0.8949  (54s)
  t2v4 ep 14/90  train 0.8130  val 0.9583  (54s)
  t2v4 ep 15/90  train 0.7584  val 0.9068  (54s)
  t2v4 ep 16/90  train 0.7334  val 0.9737  (54s)
  t2v4 ep 17/90  train 0.7142  val 0.8096  (54s)
  t2v4 ep 18/90  train 0.6931  val 0.8330  (54s)
  t2v4 ep 19/90  train 0.6755  val 0.8015  (54s)
  t2v4 ep 20/90  train 0.6715  val 0.7531  (54s)
  t2v4 ep 21/90  train 0.6654  val 0.7489  (54s)
  t2v4 ep 22/90  train 0.6321  val 0.7519  (54s)
  t2v4 ep 23/90  train 0.6320  val 0.7578  (54s)
  t2v4 ep 24/90  train 0.6360  val 0.8221  (54s)
  t2v4 ep 25/90  train 0.6177  val 0.7918  (54s)
  t2v4 ep 26/90  train 0.6068  val 0.7494  (54s)
  t2v4 ep 27/90  train 0.5874  val 0.7599  (54s)
  t2v4 ep 28/90  train 0.5995  val 0.8201  (54s)
  t2v4 ep 29/90  train 0.5817  val 0.7057  (54s)
  t2v4 ep 30/90  train 0.5439  val 0.7110  (54s)
  t2v4 ep 31/90  train 0.5246  val 0.7830  (54s)
  t2v4 ep 32/90  train 0.5440  val 0.8020  (54s)
  t2v4 ep 33/90  train 0.5449  val 0.8121  (54s)
  t2v4 ep 34/90  train 0.5392  val 0.6883  (54s)
  t2v4 ep 35/90  train 0.5168  val 0.8550  (54s)
  t2v4 ep 36/90  train 0.5095  val 0.7029  (54s)
  t2v4 ep 37/90  train 0.5358  val 0.7888  (54s)
  t2v4 ep 38/90  train 0.5586  val 0.7221  (54s)
  t2v4 ep 39/90  train 0.5353  val 0.8279  (54s)
  t2v4 ep 40/90  train 0.5581  val 0.6949  (54s)
  t2v4 ep 41/90  train 0.5121  val 0.6954  (54s)
  t2v4 ep 42/90  train 0.5004  val 0.6944  (54s)
  t2v4 ep 43/90  train 0.4815  val 0.6819  (54s)
  t2v4 ep 44/90  train 0.4618  val 0.6683  (54s)
  t2v4 ep 45/90  train 0.4518  val 0.6943  (54s)
  t2v4 ep 46/90  train 0.4539  val 0.7920  (54s)
  t2v4 ep 47/90  train 0.4445  val 0.7400  (54s)
  t2v4 ep 48/90  train 0.4511  val 0.6982  (54s)
  t2v4 ep 49/90  train 0.4403  val 0.6711  (54s)
  t2v4 ep 50/90  train 0.4343  val 0.6642  (54s)
  t2v4 ep 51/90  train 0.4288  val 0.6868  (54s)
  t2v4 ep 52/90  train 0.4284  val 0.6826  (54s)
  t2v4 ep 53/90  train 0.4173  val 0.6762  (54s)
  t2v4 ep 54/90  train 0.4137  val 0.6913  (54s)
  t2v4 ep 55/90  train 0.4144  val 0.6903  (54s)
  t2v4 ep 56/90  train 0.3992  val 0.6864  (54s)
  t2v4 ep 57/90  train 0.4028  val 0.7084  (54s)
  t2v4 ep 58/90  train 0.3978  val 0.6841  (54s)
  t2v4 ep 59/90  train 0.4026  val 0.6955  (54s)
  t2v4 ep 60/90  train 0.4098  val 0.7478  (54s)
  early stop at epoch 60 (best val 0.6642)
wandb: updating run metadata
wandb: uploading config.yaml; uploading output.log; uploading wandb-summary.json
wandb: uploading config.yaml; uploading output.log
wandb: 
wandb: Run history:
wandb:     best_val_loss ▁
wandb: diag/pre_norm_sum ██████████▇███▆▆███▇██▇████▇█▁▁███▁█████
wandb:  diag/weight_norm ▁▁▁▁▁▁▁▁▁▁▁▁▁▁▂▂▂▂▂▂▄▅▅▅██▅▂▂▃▄▄▄▄▄▅▄▄▄▄
wandb:             epoch ▁▁▁▁▂▂▃▃▃▃▃▃▃▃▄▄▄▄▄▄▅▅▅▅▅▆▆▆▆▆▆▇▇▇▇▇▇▇██
wandb:   first_nan_epoch ▁
wandb:   skipped_batches ▁▁▁▁▁▁▁▁▁▁▁▁▁▁▁▁▁▁▁▁▁▁▁▁▁▁▁▁▁▁▁▁▁▁▁▁▁▁▁▁
wandb:  stopped_at_epoch ▁
wandb:           test/f1 ▁
wandb:          test/iou ▁
wandb:    test/threshold ▁
wandb:                +2 ...
wandb: 
wandb: Run summary:
wandb:     best_val_loss 0.66424
wandb: diag/pre_norm_sum 0.99999
wandb:  diag/weight_norm 4919.80526
wandb:             epoch 60
wandb:   first_nan_epoch -1
wandb:   skipped_batches 0
wandb:  stopped_at_epoch 60
wandb:           test/f1 0.71648
wandb:          test/iou 0.55821
wandb:    test/threshold 0.4
wandb:                +2 ...
wandb: 
wandb: 🚀 View run unet-t2v4 at: https://wandb.ai/2671907-university-of-the-witwatersrand/cv-splice-localisation/runs/ul4nyifa
wandb: ⭐️ View project at: https://wandb.ai/2671907-university-of-the-witwatersrand/cv-splice-localisation
wandb: Synced 5 W&B file(s), 0 media file(s), 0 artifact file(s) and 0 other file(s)
wandb: Find logs at: ./wandb/run-20260913_103529-ul4nyifa/logs
t2v4: thr 0.40  F1 0.7165  IoU 0.5582  (stopped ep 60, 3258s)

wandb: setting up run qcbe04ql
wandb: Tracking run with wandb version 0.29.0
wandb: Run data is saved locally in /home/dell/cv-project/wandb/run-20260913_112946-qcbe04ql
wandb: Run `wandb offline` to turn off syncing.
wandb: Syncing run unet-t3v0
wandb: ⭐️ View project at https://wandb.ai/2671907-university-of-the-witwatersrand/cv-splice-localisation
wandb: 🚀 View run at https://wandb.ai/2671907-university-of-the-witwatersrand/cv-splice-localisation/runs/qcbe04ql
  t3v0 ep 1/90  train 1.2413  val 1.1968  (54s)
  t3v0 ep 2/90  train 1.1748  val 1.1338  (54s)
  t3v0 ep 3/90  train 1.0983  val 1.0869  (54s)
  t3v0 ep 4/90  train 1.0531  val 1.1917  (54s)
  t3v0 ep 5/90  train 0.9839  val 1.0849  (54s)
  t3v0 ep 6/90  train 0.9271  val 0.9585  (54s)
  t3v0 ep 7/90  train 0.8963  val 0.9580  (54s)
  t3v0 ep 8/90  train 0.8739  val 0.9250  (54s)
  t3v0 ep 9/90  train 0.8467  val 0.9747  (54s)
  t3v0 ep 10/90  train 0.8228  val 0.8539  (54s)
  t3v0 ep 11/90  train 0.7988  val 0.8459  (54s)
  t3v0 ep 12/90  train 0.7577  val 0.9848  (54s)
  t3v0 ep 13/90  train 0.7445  val 0.8250  (54s)
  t3v0 ep 14/90  train 0.7429  val 0.8638  (54s)
  t3v0 ep 15/90  train 0.7150  val 0.9897  (54s)
  t3v0 ep 16/90  train 0.7255  val 0.9260  (54s)
  t3v0 ep 17/90  train 0.7220  val 0.8858  (54s)
  t3v0 ep 18/90  train 0.7098  val 0.8028  (54s)
  t3v0 ep 19/90  train 0.6888  val 0.8044  (54s)
  t3v0 ep 20/90  train 0.7370  val 0.8370  (54s)
  t3v0 ep 21/90  train 0.7064  val 0.7729  (54s)
  t3v0 ep 22/90  train 0.6617  val 1.1866  (54s)
  t3v0 ep 23/90  train 0.6379  val 0.8404  (54s)
  t3v0 ep 24/90  train 0.6167  val 0.7716  (54s)
  t3v0 ep 25/90  train 0.6010  val 0.7627  (54s)
  t3v0 ep 26/90  train 0.5743  val 0.7221  (54s)
  t3v0 ep 27/90  train 0.5623  val 1.0444  (54s)
  t3v0 ep 28/90  train 0.5528  val 0.7648  (54s)
  t3v0 ep 29/90  train 0.5454  val 0.7598  (54s)
  t3v0 ep 30/90  train 0.5512  val 0.7669  (54s)
  t3v0 ep 31/90  train 0.5569  val 0.7275  (54s)
  t3v0 ep 32/90  train 0.5671  val 1.0886  (54s)
  t3v0 ep 33/90  train 0.5705  val 0.9305  (54s)
  t3v0 ep 34/90  train 0.5627  val 0.7552  (54s)
  t3v0 ep 35/90  train 0.5534  val 0.8122  (54s)
  t3v0 ep 36/90  train 0.5296  val 0.7475  (54s)
  early stop at epoch 36 (best val 0.7221)
wandb: updating run metadata
wandb: uploading output.log; uploading wandb-summary.json; uploading config.yaml
wandb: uploading output.log; uploading config.yaml
wandb: uploading history steps 35-36, summary, console lines 35-36
wandb: 
wandb: Run history:
wandb:     best_val_loss ▁
wandb: diag/pre_norm_sum ████████▇█▆▅▅█▇▆██▁██▇▇█▇▇▇████▃█▁▃█
wandb:  diag/weight_norm ▁▁▁▁▁▁▁▁▂▂▂▂▂▃▃▄▄▅▆▂▂▂▂▂▂▂▂▃▃▄▅▆▆▆▇█
wandb:             epoch ▁▁▁▂▂▂▂▂▃▃▃▃▃▄▄▄▄▄▅▅▅▅▅▆▆▆▆▆▇▇▇▇▇███
wandb:   first_nan_epoch ▁
wandb:   skipped_batches ▁▁▁▁▁▁▁▁▁▁▁▁▁▁▁▁▁▁▁▁▁▁▁▁▁▁▁▁▁▁▁▁▁▁▁▁
wandb:  stopped_at_epoch ▁
wandb:           test/f1 ▁
wandb:          test/iou ▁
wandb:    test/threshold ▁
wandb:                +2 ...
wandb: 
wandb: Run summary:
wandb:     best_val_loss 0.72205
wandb: diag/pre_norm_sum 1.0
wandb:  diag/weight_norm 1281.32424
wandb:             epoch 36
wandb:   first_nan_epoch -1
wandb:   skipped_batches 0
wandb:  stopped_at_epoch 36
wandb:           test/f1 0.68081
wandb:          test/iou 0.51609
wandb:    test/threshold 0.25
wandb:                +2 ...
wandb: 
wandb: 🚀 View run unet-t3v0 at: https://wandb.ai/2671907-university-of-the-witwatersrand/cv-splice-localisation/runs/qcbe04ql
wandb: ⭐️ View project at: https://wandb.ai/2671907-university-of-the-witwatersrand/cv-splice-localisation
wandb: Synced 5 W&B file(s), 0 media file(s), 0 artifact file(s) and 0 other file(s)
wandb: Find logs at: ./wandb/run-20260913_112946-qcbe04ql/logs
t3v0: thr 0.25  F1 0.6808  IoU 0.5161  (stopped ep 36, 1963s)

wandb: setting up run bov2axcq
wandb: Tracking run with wandb version 0.29.0
wandb: Run data is saved locally in /home/dell/cv-project/wandb/run-20260913_120229-bov2axcq
wandb: Run `wandb offline` to turn off syncing.
wandb: Syncing run unet-t3v1
wandb: ⭐️ View project at https://wandb.ai/2671907-university-of-the-witwatersrand/cv-splice-localisation
wandb: 🚀 View run at https://wandb.ai/2671907-university-of-the-witwatersrand/cv-splice-localisation/runs/bov2axcq
  t3v1 ep 1/90  train 1.2162  val 1.2230  (54s)
  t3v1 ep 2/90  train 1.1809  val 1.2376  (54s)
  t3v1 ep 3/90  train 1.1569  val 1.1390  (54s)
  t3v1 ep 4/90  train 1.1137  val 1.0774  (54s)
  t3v1 ep 5/90  train 1.0824  val 1.0936  (54s)
  t3v1 ep 6/90  train 1.0545  val 1.0984  (54s)
  t3v1 ep 7/90  train 1.0372  val 1.0765  (54s)
  t3v1 ep 8/90  train 1.0182  val 1.0845  (54s)
  t3v1 ep 9/90  train 0.9873  val 1.2184  (54s)
  t3v1 ep 10/90  train 0.9486  val 0.9884  (54s)
  t3v1 ep 11/90  train 0.9086  val 0.9220  (54s)
  t3v1 ep 12/90  train 0.8682  val 1.0186  (54s)
  t3v1 ep 13/90  train 0.8357  val 0.8207  (54s)
  t3v1 ep 14/90  train 0.8112  val 0.8634  (54s)
  t3v1 ep 15/90  train 0.7838  val 0.9132  (54s)
  t3v1 ep 16/90  train 0.7693  val 0.8233  (54s)
  t3v1 ep 17/90  train 0.7503  val 0.7762  (54s)
  t3v1 ep 18/90  train 0.7347  val 0.8978  (54s)
  t3v1 ep 19/90  train 0.7042  val 0.8132  (54s)
  t3v1 ep 20/90  train 0.7055  val 0.7632  (54s)
  t3v1 ep 21/90  train 0.6889  val 0.7782  (54s)
  t3v1 ep 22/90  train 0.6632  val 0.8062  (54s)
  t3v1 ep 23/90  train 0.6445  val 0.8266  (54s)
  t3v1 ep 24/90  train 0.6294  val 0.7655  (54s)
  t3v1 ep 25/90  train 0.6165  val 0.7352  (54s)
  t3v1 ep 26/90  train 0.6101  val 0.6764  (54s)
  t3v1 ep 27/90  train 0.6152  val 0.7392  (54s)
  t3v1 ep 28/90  train 0.6121  val 0.7309  (54s)
  t3v1 ep 29/90  train 0.5846  val 0.6952  (54s)
  t3v1 ep 30/90  train 0.5691  val 0.6619  (54s)
  t3v1 ep 31/90  train 0.5484  val 0.6324  (54s)
  t3v1 ep 32/90  train 0.5307  val 0.6425  (54s)
  t3v1 ep 33/90  train 0.5307  val 0.6208  (54s)
  t3v1 ep 34/90  train 0.5223  val 0.6476  (54s)
  t3v1 ep 35/90  train 0.5107  val 0.6594  (54s)
  t3v1 ep 36/90  train 0.4972  val 0.6198  (54s)
  t3v1 ep 37/90  train 0.4963  val 0.6388  (54s)
  t3v1 ep 38/90  train 0.4797  val 0.7292  (54s)
  t3v1 ep 39/90  train 0.4836  val 0.6214  (54s)
  t3v1 ep 40/90  train 0.4871  val 0.7333  (54s)
  t3v1 ep 41/90  train 0.6221  val 0.7251  (54s)
  t3v1 ep 42/90  train 0.6063  val 0.7485  (54s)
  t3v1 ep 43/90  train 0.5834  val 0.7193  (54s)
  t3v1 ep 44/90  train 0.5663  val 0.6720  (54s)
  t3v1 ep 45/90  train 0.5583  val 0.7325  (54s)
  t3v1 ep 46/90  train 0.5482  val 0.7106  (54s)
  early stop at epoch 46 (best val 0.6198)
wandb: updating run metadata
wandb: uploading output.log; uploading wandb-summary.json; uploading config.yaml
wandb: uploading wandb-summary.json; uploading config.yaml
wandb: 
wandb: Run history:
wandb:     best_val_loss ▁
wandb: diag/pre_norm_sum ██▇█████▅█████████▆▇▇█▇▃▇▇█▇▁▃▇▇▇▅█▃▇▅▆▆
wandb:  diag/weight_norm ▁▁▂▂▂▂▃▃▃▄▄▄▄▆▆▆▆▆▆▆▆▆▇▆▇▇██▇█████▇▇▆▇▇▇
wandb:             epoch ▁▁▁▁▂▂▂▂▂▃▃▃▃▃▄▄▄▄▄▄▅▅▅▅▅▅▆▆▆▆▆▇▇▇▇▇████
wandb:   first_nan_epoch ▁
wandb:   skipped_batches ▁▁▁▁▁▁▁▁▁▁▁▁▁▁▁▁▁▁▁▁▁▁▁▁▁▁▁▁▁▁▁▁▁▁▁▁▁▁▁▁
wandb:  stopped_at_epoch ▁
wandb:           test/f1 ▁
wandb:          test/iou ▁
wandb:    test/threshold ▁
wandb:                +2 ...
wandb: 
wandb: Run summary:
wandb:     best_val_loss 0.61985
wandb: diag/pre_norm_sum 0.99414
wandb:  diag/weight_norm 93564.98343
wandb:             epoch 46
wandb:   first_nan_epoch -1
wandb:   skipped_batches 0
wandb:  stopped_at_epoch 46
wandb:           test/f1 0.69603
wandb:          test/iou 0.53377
wandb:    test/threshold 0.4
wandb:                +2 ...
wandb: 
wandb: 🚀 View run unet-t3v1 at: https://wandb.ai/2671907-university-of-the-witwatersrand/cv-splice-localisation/runs/bov2axcq
wandb: ⭐️ View project at: https://wandb.ai/2671907-university-of-the-witwatersrand/cv-splice-localisation
wandb: Synced 5 W&B file(s), 0 media file(s), 0 artifact file(s) and 0 other file(s)
wandb: Find logs at: ./wandb/run-20260913_120229-bov2axcq/logs
t3v1: thr 0.40  F1 0.6960  IoU 0.5338  (stopped ep 46, 2508s)

wandb: setting up run ph0q2vt5
wandb: Tracking run with wandb version 0.29.0
wandb: Run data is saved locally in /home/dell/cv-project/wandb/run-20260913_124419-ph0q2vt5
wandb: Run `wandb offline` to turn off syncing.
wandb: Syncing run unet-t3v2
wandb: ⭐️ View project at https://wandb.ai/2671907-university-of-the-witwatersrand/cv-splice-localisation
wandb: 🚀 View run at https://wandb.ai/2671907-university-of-the-witwatersrand/cv-splice-localisation/runs/ph0q2vt5
  t3v2 ep 1/90  train 1.2164  val 1.1441  (54s)
  t3v2 ep 2/90  train 1.1291  val 1.0825  (54s)
  t3v2 ep 3/90  train 1.0692  val 1.0511  (54s)
  t3v2 ep 4/90  train 1.0631  val 1.0241  (54s)
  t3v2 ep 5/90  train 1.0323  val 0.9954  (54s)
  t3v2 ep 6/90  train 0.9833  val 1.0561  (54s)
  t3v2 ep 7/90  train 0.9319  val 1.1343  (54s)
  t3v2 ep 8/90  train 0.8914  val 0.9710  (54s)
  t3v2 ep 9/90  train 0.8573  val 0.8926  (54s)
  t3v2 ep 10/90  train 0.8227  val 0.8411  (54s)
  t3v2 ep 11/90  train 0.7975  val 0.9121  (54s)
  t3v2 ep 12/90  train 0.7818  val 0.8403  (54s)
  t3v2 ep 13/90  train 0.7385  val 0.9367  (54s)
  t3v2 ep 14/90  train 0.7398  val 0.8730  (54s)
  t3v2 ep 15/90  train 0.7306  val 0.8734  (54s)
  t3v2 ep 16/90  train 0.7577  val 0.8380  (54s)
  t3v2 ep 17/90  train 0.7686  val 0.8894  (54s)
  t3v2 ep 18/90  train 0.7347  val 0.7313  (54s)
  t3v2 ep 19/90  train 0.6779  val 0.7598  (54s)
  t3v2 ep 20/90  train 0.6609  val 0.7849  (54s)
  t3v2 ep 21/90  train 0.6401  val 0.7604  (54s)
  t3v2 ep 22/90  train 0.6306  val 0.6979  (54s)
  t3v2 ep 23/90  train 0.6164  val 0.7726  (54s)
  t3v2 ep 24/90  train 0.6467  val 0.7717  (54s)
  t3v2 ep 25/90  train 0.6472  val 0.7223  (54s)
  t3v2 ep 26/90  train 0.6197  val 0.7087  (54s)
  t3v2 ep 27/90  train 0.6072  val 0.7661  (54s)
  t3v2 ep 28/90  train 0.5933  val 0.6988  (54s)
  t3v2 ep 29/90  train 0.5765  val 0.7060  (54s)
  t3v2 ep 30/90  train 0.5674  val 0.7713  (54s)
  t3v2 ep 31/90  train 0.5575  val 0.6891  (54s)
  t3v2 ep 32/90  train 0.5483  val 0.7377  (54s)
  t3v2 ep 33/90  train 0.5310  val 0.7074  (54s)
  t3v2 ep 34/90  train 0.5279  val 0.6446  (54s)
  t3v2 ep 35/90  train 0.5043  val 0.6638  (54s)
  t3v2 ep 36/90  train 0.5122  val 0.6518  (54s)
  t3v2 ep 37/90  train 0.5001  val 0.6981  (54s)
  t3v2 ep 38/90  train 0.4847  val 0.6387  (54s)
  t3v2 ep 39/90  train 0.4890  val 0.6792  (54s)
  t3v2 ep 40/90  train 0.4718  val 0.6736  (54s)
  t3v2 ep 41/90  train 0.4601  val 0.6496  (54s)
  t3v2 ep 42/90  train 0.4606  val 0.7182  (54s)
  t3v2 ep 43/90  train 0.4843  val 0.7151  (54s)
  t3v2 ep 44/90  train 0.4771  val 0.7051  (54s)
  t3v2 ep 45/90  train 0.4609  val 0.6077  (54s)
  t3v2 ep 46/90  train 0.4287  val 0.6255  (54s)
  t3v2 ep 47/90  train 0.4252  val 0.5999  (54s)
  t3v2 ep 48/90  train 0.4117  val 0.6239  (54s)
  t3v2 ep 49/90  train 0.4010  val 0.6273  (54s)
  t3v2 ep 50/90  train 0.3947  val 0.6053  (54s)
  t3v2 ep 51/90  train 0.3934  val 0.5899  (54s)
  t3v2 ep 52/90  train 0.3846  val 0.5891  (54s)
  t3v2 ep 53/90  train 0.3845  val 0.6460  (54s)
  t3v2 ep 54/90  train 0.3883  val 0.6580  (54s)
  t3v2 ep 55/90  train 0.3853  val 0.6384  (54s)
  t3v2 ep 56/90  train 0.3850  val 0.6448  (54s)
  t3v2 ep 57/90  train 0.3794  val 0.6229  (54s)
  t3v2 ep 58/90  train 0.3734  val 0.6267  (54s)
  t3v2 ep 59/90  train 0.3740  val 0.6339  (54s)
  t3v2 ep 60/90  train 0.3784  val 0.6374  (54s)
  t3v2 ep 61/90  train 0.3876  val 0.6198  (54s)
  t3v2 ep 62/90  train 0.3750  val 0.6890  (54s)
  early stop at epoch 62 (best val 0.5891)
wandb: updating run metadata
wandb: uploading output.log; uploading wandb-summary.json; uploading config.yaml
wandb: uploading output.log; uploading config.yaml
wandb: uploading history steps 62-62, summary
wandb: 
wandb: Run history:
wandb:     best_val_loss ▁
wandb: diag/pre_norm_sum ██████████████████████▇▇▅▅▄▇▇████▆▅▇██▇▁
wandb:  diag/weight_norm ▁▁▁▁▁▁▁▁▁▁▁▁▁▁▁▁▁▁▁▁▁▂▂▂▂▂▃▃▂▂▂▃▃▃▄▆▆▆▆█
wandb:             epoch ▁▁▁▂▂▂▂▂▂▃▃▃▃▃▄▄▄▄▄▄▅▅▅▅▅▆▆▆▆▆▇▇▇▇▇▇████
wandb:   first_nan_epoch ▁
wandb:   skipped_batches ▁▁▁▁▁▁▁▁▁▁▁▁▁▁▁▁▁▁▁▁▁▁▁▁▁▁▁▁▁▁▁▁▁▁▁▁▁▁▁▁
wandb:  stopped_at_epoch ▁
wandb:           test/f1 ▁
wandb:          test/iou ▁
wandb:    test/threshold ▁
wandb:                +2 ...
wandb: 
wandb: Run summary:
wandb:     best_val_loss 0.58909
wandb: diag/pre_norm_sum 0.99976
wandb:  diag/weight_norm 3952.87926
wandb:             epoch 62
wandb:   first_nan_epoch -1
wandb:   skipped_batches 0
wandb:  stopped_at_epoch 62
wandb:           test/f1 0.71243
wandb:          test/iou 0.55331
wandb:    test/threshold 0.5
wandb:                +2 ...
wandb: 
wandb: 🚀 View run unet-t3v2 at: https://wandb.ai/2671907-university-of-the-witwatersrand/cv-splice-localisation/runs/ph0q2vt5
wandb: ⭐️ View project at: https://wandb.ai/2671907-university-of-the-witwatersrand/cv-splice-localisation
wandb: Synced 5 W&B file(s), 0 media file(s), 0 artifact file(s) and 0 other file(s)
wandb: Find logs at: ./wandb/run-20260913_124419-ph0q2vt5/logs
t3v2: thr 0.50  F1 0.7124  IoU 0.5533  (stopped ep 62, 3378s)

wandb: setting up run zuv6nie8
wandb: Tracking run with wandb version 0.29.0
wandb: Run data is saved locally in /home/dell/cv-project/wandb/run-20260913_134036-zuv6nie8
wandb: Run `wandb offline` to turn off syncing.
wandb: Syncing run unet-t3v4
wandb: ⭐️ View project at https://wandb.ai/2671907-university-of-the-witwatersrand/cv-splice-localisation
wandb: 🚀 View run at https://wandb.ai/2671907-university-of-the-witwatersrand/cv-splice-localisation/runs/zuv6nie8
  t3v4 ep 1/90  train 1.2308  val 1.2068  (54s)
  t3v4 ep 2/90  train 1.1665  val 1.1434  (54s)
  t3v4 ep 3/90  train 1.1208  val 1.1271  (54s)
  t3v4 ep 4/90  train 1.0530  val 1.0795  (54s)
  t3v4 ep 5/90  train 0.9915  val 1.0559  (54s)
  t3v4 ep 6/90  train 0.9301  val 1.5200  (54s)
  t3v4 ep 7/90  train 0.8902  val 0.9522  (54s)
  t3v4 ep 8/90  train 0.8558  val 1.0292  (54s)
  t3v4 ep 9/90  train 0.8115  val 1.0434  (54s)
  t3v4 ep 10/90  train 0.7769  val 0.8581  (54s)
  t3v4 ep 11/90  train 0.7440  val 0.8830  (54s)
  t3v4 ep 12/90  train 0.7350  val 0.8174  (54s)
  t3v4 ep 13/90  train 0.7837  val 0.8696  (54s)
  t3v4 ep 14/90  train 0.7502  val 0.9318  (54s)
  t3v4 ep 15/90  train 0.7389  val 0.9275  (54s)
  t3v4 ep 16/90  train 0.6836  val 0.8884  (54s)
  t3v4 ep 17/90  train 0.6601  val 0.9021  (54s)
  t3v4 ep 18/90  train 0.6641  val 1.0652  (54s)
  t3v4 ep 19/90  train 0.6402  val 0.7774  (54s)
  t3v4 ep 20/90  train 0.6207  val 1.2385  (54s)
  t3v4 ep 21/90  train 0.6269  val 0.7788  (54s)
  t3v4 ep 22/90  train 0.6044  val 0.9384  (54s)
  t3v4 ep 23/90  train 0.5836  val 0.7963  (54s)
  t3v4 ep 24/90  train 0.5706  val 0.8277  (54s)
  t3v4 ep 25/90  train 0.5695  val 0.7865  (54s)
  t3v4 ep 26/90  train 0.5511  val 0.8902  (54s)
  t3v4 ep 27/90  train 0.5448  val 0.7273  (54s)
  t3v4 ep 28/90  train 0.5274  val 1.0322  (54s)
  t3v4 ep 29/90  train 0.5254  val 0.6730  (54s)
  t3v4 ep 30/90  train 0.5091  val 0.7768  (54s)
  t3v4 ep 31/90  train 0.5015  val 0.7079  (54s)
  t3v4 ep 32/90  train 0.5000  val 0.7038  (54s)
  t3v4 ep 33/90  train 0.4797  val 1.1463  (54s)
  t3v4 ep 34/90  train 0.4737  val 0.7606  (54s)
  t3v4 ep 35/90  train 0.4723  val 0.7321  (54s)
  t3v4 ep 36/90  train 0.4609  val 0.7259  (54s)
  t3v4 ep 37/90  train 0.4531  val 0.6939  (54s)
  t3v4 ep 38/90  train 0.4578  val 0.7450  (54s)
  t3v4 ep 39/90  train 0.4404  val 0.7166  (54s)
  early stop at epoch 39 (best val 0.6730)
wandb: uploading history steps 38-38, summary, console lines 38-39; updating run metadata
wandb: updating run metadata
wandb: uploading config.yaml; uploading output.log; uploading wandb-summary.json
wandb: uploading history steps 39-39, summary
wandb: 
wandb: Run history:
wandb:     best_val_loss ▁
wandb: diag/pre_norm_sum ████████████████████████▇█▆██▇██▇███▇▁▇
wandb:  diag/weight_norm ▁▁▁▁▁▁▁▁▁▁▂▁▁▁▁▁▁▁▂▂▁▁▂▂▂▃▄▃▃▂▂▃▄▅▇▆▆█▇
wandb:             epoch ▁▁▁▂▂▂▂▂▂▃▃▃▃▃▄▄▄▄▄▅▅▅▅▅▅▆▆▆▆▆▇▇▇▇▇▇███
wandb:   first_nan_epoch ▁
wandb:   skipped_batches ▁▁▁▁▁▁▁▁▁▁▁▁▁▁▁▁▁▁▁▁▁▁▁▁▁▁▁▁▁▁▁▁▁▁▁▁▁▁▁
wandb:  stopped_at_epoch ▁
wandb:           test/f1 ▁
wandb:          test/iou ▁
wandb:    test/threshold ▁
wandb:                +2 ...
wandb: 
wandb: Run summary:
wandb:     best_val_loss 0.673
wandb: diag/pre_norm_sum 0.99988
wandb:  diag/weight_norm 8143.82761
wandb:             epoch 39
wandb:   first_nan_epoch -1
wandb:   skipped_batches 0
wandb:  stopped_at_epoch 39
wandb:           test/f1 0.66819
wandb:          test/iou 0.50172
wandb:    test/threshold 0.3
wandb:                +2 ...
wandb: 
wandb: 🚀 View run unet-t3v4 at: https://wandb.ai/2671907-university-of-the-witwatersrand/cv-splice-localisation/runs/zuv6nie8
wandb: ⭐️ View project at: https://wandb.ai/2671907-university-of-the-witwatersrand/cv-splice-localisation
wandb: Synced 5 W&B file(s), 0 media file(s), 0 artifact file(s) and 0 other file(s)
wandb: Find logs at: ./wandb/run-20260913_134036-zuv6nie8/logs
t3v4: thr 0.30  F1 0.6682  IoU 0.5017  (stopped ep 39, 2127s)

wandb: setting up run tv3ah8eo
wandb: Tracking run with wandb version 0.29.0
wandb: Run data is saved locally in /home/dell/cv-project/wandb/run-20260913_141604-tv3ah8eo
wandb: Run `wandb offline` to turn off syncing.
wandb: Syncing run unet-t4v0
wandb: ⭐️ View project at https://wandb.ai/2671907-university-of-the-witwatersrand/cv-splice-localisation
wandb: 🚀 View run at https://wandb.ai/2671907-university-of-the-witwatersrand/cv-splice-localisation/runs/tv3ah8eo
  t4v0 ep 1/90  train 1.2347  val 1.3912  (54s)
  t4v0 ep 2/90  train 1.1641  val 1.1791  (54s)
  t4v0 ep 3/90  train 1.1479  val 1.3526  (54s)
  t4v0 ep 4/90  train 1.0951  val 1.1381  (54s)
  t4v0 ep 5/90  train 1.0581  val 1.1177  (54s)
  t4v0 ep 6/90  train 1.0309  val 1.1226  (54s)
  t4v0 ep 7/90  train 0.9958  val 1.0479  (54s)
  t4v0 ep 8/90  train 0.9656  val 0.9981  (54s)
  t4v0 ep 9/90  train 0.9482  val 1.0240  (54s)
  t4v0 ep 10/90  train 0.9283  val 0.9885  (54s)
  t4v0 ep 11/90  train 0.9036  val 1.0694  (54s)
  t4v0 ep 12/90  train 0.8773  val 0.9257  (54s)
  t4v0 ep 13/90  train 0.8501  val 1.0825  (54s)
  t4v0 ep 14/90  train 0.8327  val 0.9086  (54s)
  t4v0 ep 15/90  train 0.8059  val 0.9045  (54s)
  t4v0 ep 16/90  train 0.7848  val 0.8855  (54s)
  t4v0 ep 17/90  train 0.7550  val 0.8643  (54s)
  t4v0 ep 18/90  train 0.7439  val 0.8157  (54s)
  t4v0 ep 19/90  train 0.7219  val 0.8151  (54s)
  t4v0 ep 20/90  train 0.7069  val 0.8845  (54s)
  t4v0 ep 21/90  train 0.6978  val 0.9130  (54s)
  t4v0 ep 22/90  train 0.6957  val 0.8947  (54s)
  t4v0 ep 23/90  train 0.6767  val 0.8093  (54s)
  t4v0 ep 24/90  train 0.6415  val 0.7896  (54s)
  t4v0 ep 25/90  train 0.6310  val 0.8884  (54s)
  t4v0 ep 26/90  train 0.6437  val 0.8611  (54s)
  t4v0 ep 27/90  train 0.6933  val 0.8220  (54s)
  t4v0 ep 28/90  train 0.6776  val 0.8265  (54s)
  t4v0 ep 29/90  train 0.6548  val 0.8308  (54s)
  t4v0 ep 30/90  train 0.6129  val 0.7761  (54s)
  t4v0 ep 31/90  train 0.6086  val 0.7794  (54s)
  t4v0 ep 32/90  train 0.6110  val 0.7822  (54s)
  t4v0 ep 33/90  train 0.6146  val 0.8205  (54s)
  t4v0 ep 34/90  train 0.5684  val 0.7860  (54s)
  t4v0 ep 35/90  train 0.5582  val 0.8124  (54s)
  t4v0 ep 36/90  train 0.5630  val 0.8219  (54s)
  t4v0 ep 37/90  train 0.5713  val 0.8051  (55s)
  t4v0 ep 38/90  train 0.5824  val 0.8347  (55s)
  t4v0 ep 39/90  train 0.5862  val 0.8038  (55s)
  t4v0 ep 40/90  train 0.5676  val 0.8091  (55s)
  early stop at epoch 40 (best val 0.7761)
wandb: updating run metadata
wandb: uploading history steps 39-40, summary, console lines 39-40
wandb: uploading output.log; uploading wandb-summary.json; uploading config.yaml
wandb: uploading output.log; uploading wandb-summary.json
wandb: uploading data
wandb: 
wandb: Run history:
wandb:     best_val_loss ▁
wandb: diag/pre_norm_sum ███████████████████▇█▆████████▁█▁████▆██
wandb:  diag/weight_norm ▁▁▁▁▁▁▁▁▁▁▁▁▁▁▁▁▁▁▁▂▂▂▂▃▃▃▃▃▄▄▅▅▅▅▅▅▆▅▆█
wandb:             epoch ▁▁▁▂▂▂▂▂▂▃▃▃▃▃▄▄▄▄▄▄▅▅▅▅▅▅▆▆▆▆▆▇▇▇▇▇▇███
wandb:   first_nan_epoch ▁
wandb:   skipped_batches ▁▁▁▁▁▁▁▁▁▁▁▁▁▁▁▁▁▁▁▁▁▁▁▁▁▁▁▁▁▁▁▁▁▁▁▁▁▁▁▁
wandb:  stopped_at_epoch ▁
wandb:           test/f1 ▁
wandb:          test/iou ▁
wandb:    test/threshold ▁
wandb:                +2 ...
wandb: 
wandb: Run summary:
wandb:     best_val_loss 0.77606
wandb: diag/pre_norm_sum 1.0
wandb:  diag/weight_norm 76439.37335
wandb:             epoch 40
wandb:   first_nan_epoch -1
wandb:   skipped_batches 0
wandb:  stopped_at_epoch 40
wandb:           test/f1 0.6194
wandb:          test/iou 0.44864
wandb:    test/threshold 0.1
wandb:                +2 ...
wandb: 
wandb: 🚀 View run unet-t4v0 at: https://wandb.ai/2671907-university-of-the-witwatersrand/cv-splice-localisation/runs/tv3ah8eo
wandb: ⭐️ View project at: https://wandb.ai/2671907-university-of-the-witwatersrand/cv-splice-localisation
wandb: Synced 5 W&B file(s), 0 media file(s), 0 artifact file(s) and 0 other file(s)
wandb: Find logs at: ./wandb/run-20260913_141604-tv3ah8eo/logs
t4v0: thr 0.10  F1 0.6194  IoU 0.4486  (stopped ep 40, 2188s)

wandb: setting up run ofabjw3f
wandb: Tracking run with wandb version 0.29.0
wandb: Run data is saved locally in /home/dell/cv-project/wandb/run-20260913_145231-ofabjw3f
wandb: Run `wandb offline` to turn off syncing.
wandb: Syncing run unet-t4v1
wandb: ⭐️ View project at https://wandb.ai/2671907-university-of-the-witwatersrand/cv-splice-localisation
wandb: 🚀 View run at https://wandb.ai/2671907-university-of-the-witwatersrand/cv-splice-localisation/runs/ofabjw3f
  t4v1 ep 1/90  train 1.2302  val 1.1981  (55s)
  t4v1 ep 2/90  train 1.1654  val 1.1981  (55s)
  t4v1 ep 3/90  train 1.1101  val 1.0564  (55s)
  t4v1 ep 4/90  train 1.0392  val 1.0077  (55s)
  t4v1 ep 5/90  train 0.9856  val 0.9637  (55s)
  t4v1 ep 6/90  train 0.9263  val 0.9133  (55s)
  t4v1 ep 7/90  train 0.8807  val 0.9241  (55s)
  t4v1 ep 8/90  train 0.8447  val 0.9092  (55s)
  t4v1 ep 9/90  train 0.8084  val 0.8225  (55s)
  t4v1 ep 10/90  train 0.7849  val 0.7664  (55s)
  t4v1 ep 11/90  train 0.7549  val 0.7522  (55s)
  t4v1 ep 12/90  train 0.7258  val 0.7857  (54s)
  t4v1 ep 13/90  train 0.7105  val 0.8816  (54s)
  t4v1 ep 14/90  train 0.6935  val 0.7316  (55s)
  t4v1 ep 15/90  train 0.6717  val 0.7575  (55s)
  t4v1 ep 16/90  train 0.6573  val 0.7219  (54s)
  t4v1 ep 17/90  train 0.6651  val 0.7274  (54s)
  t4v1 ep 18/90  train 0.6617  val 0.7025  (54s)
  t4v1 ep 19/90  train 0.6355  val 0.6900  (54s)
  t4v1 ep 20/90  train 0.6364  val 0.7644  (54s)
  t4v1 ep 21/90  train 0.6290  val 0.7120  (54s)
  t4v1 ep 22/90  train 0.6205  val 0.7017  (54s)
  t4v1 ep 23/90  train 0.6072  val 0.7280  (54s)
  t4v1 ep 24/90  train 0.6020  val 0.6929  (54s)
  t4v1 ep 25/90  train 0.6114  val 0.7061  (54s)
  t4v1 ep 26/90  train 0.6394  val 0.8051  (54s)
  t4v1 ep 27/90  train 0.6132  val 0.7166  (54s)
  t4v1 ep 28/90  train 0.5938  val 0.7135  (54s)
  t4v1 ep 29/90  train 0.5788  val 0.6807  (55s)
  t4v1 ep 30/90  train 0.5570  val 0.7243  (55s)
  t4v1 ep 31/90  train 0.5373  val 0.6832  (55s)
  t4v1 ep 32/90  train 0.5340  val 0.6803  (55s)
  t4v1 ep 33/90  train 0.5412  val 0.7395  (55s)
  t4v1 ep 34/90  train 0.5137  val 0.6575  (55s)
  t4v1 ep 35/90  train 0.5051  val 0.6959  (55s)
  t4v1 ep 36/90  train 0.4908  val 0.6299  (55s)
  t4v1 ep 37/90  train 0.4802  val 0.7058  (54s)
  t4v1 ep 38/90  train 0.4789  val 0.6732  (54s)
  t4v1 ep 39/90  train 0.4626  val 0.6250  (54s)
  t4v1 ep 40/90  train 0.4488  val 0.6392  (55s)
  t4v1 ep 41/90  train 0.4464  val 0.6206  (55s)
  t4v1 ep 42/90  train 0.4392  val 0.6824  (54s)
  t4v1 ep 43/90  train 0.4307  val 0.6545  (54s)
  t4v1 ep 44/90  train 0.4231  val 0.6385  (54s)
  t4v1 ep 45/90  train 0.4156  val 0.6397  (54s)
  t4v1 ep 46/90  train 0.4098  val 0.6336  (54s)
  t4v1 ep 47/90  train 0.4068  val 0.6310  (54s)
  t4v1 ep 48/90  train 0.3971  val 0.6340  (54s)
  t4v1 ep 49/90  train 0.3984  val 0.6401  (54s)
  t4v1 ep 50/90  train 0.3833  val 0.5928  (54s)
  t4v1 ep 51/90  train 0.3814  val 0.6377  (54s)
  t4v1 ep 52/90  train 0.3708  val 0.6300  (54s)
  t4v1 ep 53/90  train 0.3651  val 0.6263  (54s)
  t4v1 ep 54/90  train 0.3630  val 0.6601  (54s)
  t4v1 ep 55/90  train 0.3583  val 0.5907  (54s)
  t4v1 ep 56/90  train 0.3571  val 0.6259  (54s)
  t4v1 ep 57/90  train 0.3442  val 0.6380  (54s)
  t4v1 ep 58/90  train 0.3446  val 0.6180  (54s)
  t4v1 ep 59/90  train 0.3402  val 0.6187  (54s)
  t4v1 ep 60/90  train 0.3312  val 0.6342  (54s)
  t4v1 ep 61/90  train 0.3257  val 0.5885  (54s)
  t4v1 ep 62/90  train 0.3233  val 0.6190  (54s)
  t4v1 ep 63/90  train 0.3261  val 0.6247  (54s)
  t4v1 ep 64/90  train 0.3186  val 0.6164  (54s)
  t4v1 ep 65/90  train 0.3060  val 0.6181  (54s)
  t4v1 ep 66/90  train 0.3086  val 0.6343  (54s)
  t4v1 ep 67/90  train 0.3023  val 0.6323  (54s)
  t4v1 ep 68/90  train 0.2933  val 0.5939  (54s)
  t4v1 ep 69/90  train 0.2990  val 0.6073  (54s)
  t4v1 ep 70/90  train 0.2918  val 0.6119  (54s)
  t4v1 ep 71/90  train 0.2867  val 0.6257  (54s)
  early stop at epoch 71 (best val 0.5885)
wandb: updating run metadata
wandb: uploading output.log; uploading wandb-summary.json; uploading config.yaml
wandb: uploading history steps 71-71, summary
wandb: 
wandb: Run history:
wandb:     best_val_loss ▁
wandb: diag/pre_norm_sum █████████████▇███▇██▃▆█▃▆███▁█▃▇█▇███▇██
wandb:  diag/weight_norm ▁▁▁▁▁▁▁▁▁▁▁▁▂▃▃▃▃▄▄▅▇▇▇▇██▇▇▇▇▇▇████████
wandb:             epoch ▁▁▁▁▂▂▂▂▃▃▃▃▃▃▄▄▄▄▅▅▅▅▅▅▅▆▆▆▆▆▇▇▇▇▇▇▇███
wandb:   first_nan_epoch ▁
wandb:   skipped_batches ▁▁▁▁▁▁▁▁▁▁▁▁▁▁▁▁▁▁▁▁▁▁▁▁▁▁▁▁▁▁▁▁▁▁▁▁▁▁▁▁
wandb:  stopped_at_epoch ▁
wandb:           test/f1 ▁
wandb:          test/iou ▁
wandb:    test/threshold ▁
wandb:                +2 ...
wandb: 
wandb: Run summary:
wandb:     best_val_loss 0.58848
wandb: diag/pre_norm_sum 1.0
wandb:  diag/weight_norm 95537.70789
wandb:             epoch 71
wandb:   first_nan_epoch -1
wandb:   skipped_batches 0
wandb:  stopped_at_epoch 71
wandb:           test/f1 0.75519
wandb:          test/iou 0.60667
wandb:    test/threshold 0.2
wandb:                +2 ...
wandb: 
wandb: 🚀 View run unet-t4v1 at: https://wandb.ai/2671907-university-of-the-witwatersrand/cv-splice-localisation/runs/ofabjw3f
wandb: ⭐️ View project at: https://wandb.ai/2671907-university-of-the-witwatersrand/cv-splice-localisation
wandb: Synced 5 W&B file(s), 0 media file(s), 0 artifact file(s) and 0 other file(s)
wandb: Find logs at: ./wandb/run-20260913_145231-ofabjw3f/logs
t4v1: thr 0.20  F1 0.7552  IoU 0.6067  (stopped ep 71, 3887s)

wandb: setting up run mxz0vps3
wandb: Tracking run with wandb version 0.29.0
wandb: Run data is saved locally in /home/dell/cv-project/wandb/run-20260913_155718-mxz0vps3
wandb: Run `wandb offline` to turn off syncing.
wandb: Syncing run unet-t4v2
wandb: ⭐️ View project at https://wandb.ai/2671907-university-of-the-witwatersrand/cv-splice-localisation
wandb: 🚀 View run at https://wandb.ai/2671907-university-of-the-witwatersrand/cv-splice-localisation/runs/mxz0vps3
  t4v2 ep 1/90  train 1.2299  val 1.2570  (54s)
  t4v2 ep 2/90  train 1.1572  val 1.9976  (54s)
  t4v2 ep 3/90  train 1.1069  val 1.2093  (54s)
  t4v2 ep 4/90  train 1.0667  val 1.0799  (54s)
  t4v2 ep 5/90  train 1.0408  val 1.2711  (54s)
  t4v2 ep 6/90  train 0.9868  val 1.0101  (54s)
  t4v2 ep 7/90  train 0.9590  val 0.9765  (54s)
  t4v2 ep 8/90  train 0.9213  val 1.0249  (54s)
  t4v2 ep 9/90  train 0.8840  val 0.9707  (54s)
  t4v2 ep 10/90  train 0.8946  val 1.0696  (54s)
  t4v2 ep 11/90  train 0.8537  val 1.3384  (54s)
  t4v2 ep 12/90  train 0.8574  val 1.0384  (54s)
  t4v2 ep 13/90  train 0.8336  val 0.8495  (54s)
  t4v2 ep 14/90  train 0.8495  val 0.9840  (54s)
  t4v2 ep 15/90  train 0.8085  val 0.8805  (54s)
  t4v2 ep 16/90  train 0.7648  val 0.8200  (54s)
  t4v2 ep 17/90  train 0.7625  val 0.9515  (54s)
  t4v2 ep 18/90  train 0.7407  val 0.8409  (54s)
  t4v2 ep 19/90  train 0.7304  val 1.2620  (54s)
  t4v2 ep 20/90  train 0.7208  val 0.8655  (54s)
  t4v2 ep 21/90  train 0.7092  val 1.5654  (54s)
  t4v2 ep 22/90  train 0.6899  val 0.8246  (54s)
  t4v2 ep 23/90  train 0.6784  val 1.0444  (54s)
  t4v2 ep 24/90  train 0.6936  val 0.7895  (54s)
  t4v2 ep 25/90  train 0.6538  val 0.7767  (54s)
  t4v2 ep 26/90  train 0.6404  val 0.7503  (54s)
  t4v2 ep 27/90  train 0.6125  val 0.8314  (54s)
  t4v2 ep 28/90  train 0.5960  val 0.7590  (54s)
  t4v2 ep 29/90  train 0.5847  val 0.7406  (54s)
  t4v2 ep 30/90  train 0.5799  val 0.7556  (54s)
  t4v2 ep 31/90  train 0.5566  val 0.7756  (54s)
  t4v2 ep 32/90  train 0.5506  val 0.7413  (54s)
  t4v2 ep 33/90  train 0.5431  val 0.7752  (54s)
  t4v2 ep 34/90  train 0.5303  val 0.7513  (54s)
  t4v2 ep 35/90  train 0.5172  val 0.7200  (54s)
  t4v2 ep 36/90  train 0.5269  val 0.8878  (54s)
  t4v2 ep 37/90  train 0.5598  val 0.7143  (54s)
  t4v2 ep 38/90  train 0.5008  val 0.7388  (54s)
  t4v2 ep 39/90  train 0.4949  val 0.7640  (54s)
  t4v2 ep 40/90  train 0.5042  val 0.7293  (54s)
  t4v2 ep 41/90  train 0.5447  val 0.7027  (54s)
  t4v2 ep 42/90  train 0.5101  val 0.7807  (54s)
  t4v2 ep 43/90  train 0.4943  val 0.6982  (54s)
  t4v2 ep 44/90  train 0.4860  val 0.7175  (54s)
  t4v2 ep 45/90  train 0.4760  val 0.6843  (54s)
  t4v2 ep 46/90  train 0.4643  val 0.7117  (54s)
  t4v2 ep 47/90  train 0.4527  val 0.7836  (54s)
  t4v2 ep 48/90  train 0.4489  val 0.7468  (54s)
  t4v2 ep 49/90  train 0.4358  val 0.7646  (54s)
  t4v2 ep 50/90  train 0.4196  val 0.6693  (54s)
  t4v2 ep 51/90  train 0.4200  val 0.7466  (54s)
  t4v2 ep 52/90  train 0.4092  val 0.7128  (54s)
  t4v2 ep 53/90  train 0.4053  val 0.7454  (54s)
  t4v2 ep 54/90  train 0.3939  val 0.7071  (54s)
  t4v2 ep 55/90  train 0.4007  val 0.7053  (54s)
  t4v2 ep 56/90  train 0.3871  val 0.6770  (54s)
  t4v2 ep 57/90  train 0.3815  val 0.6681  (54s)
  t4v2 ep 58/90  train 0.3712  val 0.6748  (54s)
  t4v2 ep 59/90  train 0.3704  val 0.6972  (54s)
  t4v2 ep 60/90  train 0.3669  val 0.6945  (54s)
  t4v2 ep 61/90  train 0.3636  val 0.6901  (54s)
  t4v2 ep 62/90  train 0.3610  val 0.6896  (54s)
  t4v2 ep 63/90  train 0.3483  val 0.7017  (54s)
  t4v2 ep 64/90  train 0.3504  val 0.7293  (54s)
  t4v2 ep 65/90  train 0.3477  val 0.7698  (54s)
  t4v2 ep 66/90  train 0.3469  val 0.6948  (54s)
  t4v2 ep 67/90  train 0.3438  val 0.7018  (54s)
  early stop at epoch 67 (best val 0.6681)
wandb: updating run metadata
wandb: uploading output.log; uploading wandb-summary.json; uploading config.yaml
wandb: uploading wandb-summary.json
wandb: uploading data
wandb: 
wandb: Run history:
wandb:     best_val_loss ▁
wandb: diag/pre_norm_sum ████████████▇█▆██▇███████▁▆█▇█▅█▅████▇█▇
wandb:  diag/weight_norm ▁▁▁▁▁▁▁▁▁▁▁▁▂▂▂▃▅▇███▅▇▆▄▂▂▂▂▂▂▂▂▃▃▃▄▄▄▄
wandb:             epoch ▁▁▁▂▂▂▂▂▃▃▃▃▃▃▃▄▄▄▄▄▄▅▅▅▅▅▅▅▆▆▆▇▇▇▇▇████
wandb:   first_nan_epoch ▁
wandb:   skipped_batches ▁▁▁▁▁▁▁▁▁▁▁▁▁▁▁▁▁▁▁▁▁▁▁▁▁▁▁▁▁▁▁▁▁▁▁▁▁▁▁▁
wandb:  stopped_at_epoch ▁
wandb:           test/f1 ▁
wandb:          test/iou ▁
wandb:    test/threshold ▁
wandb:                +2 ...
wandb: 
wandb: Run summary:
wandb:     best_val_loss 0.66812
wandb: diag/pre_norm_sum 0.99989
wandb:  diag/weight_norm 11805.05498
wandb:             epoch 67
wandb:   first_nan_epoch -1
wandb:   skipped_batches 0
wandb:  stopped_at_epoch 67
wandb:           test/f1 0.71261
wandb:          test/iou 0.55353
wandb:    test/threshold 0.15
wandb:                +2 ...
wandb: 
wandb: 🚀 View run unet-t4v2 at: https://wandb.ai/2671907-university-of-the-witwatersrand/cv-splice-localisation/runs/mxz0vps3
wandb: ⭐️ View project at: https://wandb.ai/2671907-university-of-the-witwatersrand/cv-splice-localisation
wandb: Synced 5 W&B file(s), 0 media file(s), 0 artifact file(s) and 0 other file(s)
wandb: Find logs at: ./wandb/run-20260913_155718-mxz0vps3/logs
t4v2: thr 0.15  F1 0.7126  IoU 0.5535  (stopped ep 67, 3658s)

wandb: setting up run lknubnbr
wandb: Tracking run with wandb version 0.29.0
wandb: Run data is saved locally in /home/dell/cv-project/wandb/run-20260913_165815-lknubnbr
wandb: Run `wandb offline` to turn off syncing.
wandb: Syncing run unet-t4v3
wandb: ⭐️ View project at https://wandb.ai/2671907-university-of-the-witwatersrand/cv-splice-localisation
wandb: 🚀 View run at https://wandb.ai/2671907-university-of-the-witwatersrand/cv-splice-localisation/runs/lknubnbr
  t4v3 ep 1/90  train 1.2061  val 1.3741  (54s)
  t4v3 ep 2/90  train 1.1299  val 1.1324  (54s)
  t4v3 ep 3/90  train 1.0682  val 1.0903  (54s)
  t4v3 ep 4/90  train 1.0305  val 1.1632  (54s)
  t4v3 ep 5/90  train 0.9704  val 1.0244  (54s)
  t4v3 ep 6/90  train 0.9269  val 0.9574  (54s)
  t4v3 ep 7/90  train 0.9091  val 0.9728  (54s)
  t4v3 ep 8/90  train 0.8924  val 0.9319  (54s)
  t4v3 ep 9/90  train 0.8555  val 0.8964  (54s)
  t4v3 ep 10/90  train 0.8491  val 0.8865  (54s)
  t4v3 ep 11/90  train 0.8272  val 1.0109  (54s)
  t4v3 ep 12/90  train 0.8168  val 0.9612  (54s)
  t4v3 ep 13/90  train 0.7747  val 0.8621  (54s)
  t4v3 ep 14/90  train 0.7871  val 0.8287  (54s)
  t4v3 ep 15/90  train 0.7461  val 0.8264  (54s)
  t4v3 ep 16/90  train 0.7135  val 0.8320  (54s)
  t4v3 ep 17/90  train 0.7335  val 0.8266  (54s)
  t4v3 ep 18/90  train 0.6949  val 0.8397  (54s)
  t4v3 ep 19/90  train 0.6546  val 0.7827  (54s)
  t4v3 ep 20/90  train 0.6425  val 0.9887  (54s)
  t4v3 ep 21/90  train 0.7036  val 0.8656  (54s)
  t4v3 ep 22/90  train 0.6585  val 0.7429  (54s)
  t4v3 ep 23/90  train 0.6338  val 0.7794  (54s)
  t4v3 ep 24/90  train 0.6100  val 0.7638  (54s)
  t4v3 ep 25/90  train 0.5908  val 0.7603  (54s)
  t4v3 ep 26/90  train 0.5811  val 0.7074  (54s)
  t4v3 ep 27/90  train 0.5671  val 0.8060  (54s)
  t4v3 ep 28/90  train 0.5544  val 0.7449  (54s)
  t4v3 ep 29/90  train 0.5386  val 0.9230  (54s)
  t4v3 ep 30/90  train 0.5454  val 0.7369  (54s)
  t4v3 ep 31/90  train 0.5198  val 0.7428  (54s)
  t4v3 ep 32/90  train 0.5348  val 1.0422  (54s)
  t4v3 ep 33/90  train 0.5355  val 0.7808  (54s)
  t4v3 ep 34/90  train 0.5506  val 0.8307  (54s)
  t4v3 ep 35/90  train 0.5647  val 0.7683  (54s)
  t4v3 ep 36/90  train 0.5486  val 0.8217  (54s)
  early stop at epoch 36 (best val 0.7074)
wandb: updating run metadata
wandb: uploading config.yaml; uploading output.log; uploading wandb-summary.json
wandb: uploading config.yaml; uploading output.log
wandb: 
wandb: Run history:
wandb:     best_val_loss ▁
wandb: diag/pre_norm_sum ██████▇████████████████▃█▃█▁█▃██████
wandb:  diag/weight_norm ▁▁▁▁▁▁▁▁▁▁▁▁▁▁▁▁▂▂▂▂▂▂▂▂▂▂▂▂▃▃▄▅▆▆▇█
wandb:             epoch ▁▁▁▂▂▂▂▂▃▃▃▃▃▄▄▄▄▄▅▅▅▅▅▆▆▆▆▆▇▇▇▇▇███
wandb:   first_nan_epoch ▁
wandb:   skipped_batches ▁▁▁▁▁▁▁▁▁▁▁▁▁▁▁▁▁▁▁▁▁▁▁▁▁▁▁▁▁▁▁▁▁▁▁▁
wandb:  stopped_at_epoch ▁
wandb:           test/f1 ▁
wandb:          test/iou ▁
wandb:    test/threshold ▁
wandb:                +2 ...
wandb: 
wandb: Run summary:
wandb:     best_val_loss 0.70741
wandb: diag/pre_norm_sum 1.0
wandb:  diag/weight_norm 1420.73989
wandb:             epoch 36
wandb:   first_nan_epoch -1
wandb:   skipped_batches 0
wandb:  stopped_at_epoch 36
wandb:           test/f1 0.67099
wandb:          test/iou 0.50488
wandb:    test/threshold 0.15
wandb:                +2 ...
wandb: 
wandb: 🚀 View run unet-t4v3 at: https://wandb.ai/2671907-university-of-the-witwatersrand/cv-splice-localisation/runs/lknubnbr
wandb: ⭐️ View project at: https://wandb.ai/2671907-university-of-the-witwatersrand/cv-splice-localisation
wandb: Synced 5 W&B file(s), 0 media file(s), 0 artifact file(s) and 0 other file(s)
wandb: Find logs at: ./wandb/run-20260913_165815-lknubnbr/logs
t4v3: thr 0.15  F1 0.6710  IoU 0.5049  (stopped ep 36, 1971s)

run: python3 src/methods/merge_nested.py
  n=800 done [56877s]

summarise with:
  python3 src/methods/merge_nested.py _n50
  python3 src/methods/merge_nested.py _n150
  python3 src/methods/merge_nested.py _n400
  python3 src/methods/merge_nested.py _n800
