image,label,score,test_fold,val_fold,min_frac,max_frac
/content/drive/MyDrive/CV_Project/datasets/casia2/images/CASIA2.0_revised/Tp/Tp_D_CRN_M_N_nat00083_ani00001_10097.tif,1,0.5552164713541666,3,1,0.02,0.5
/content/drive/MyDrive/CV_Project/datasets/casia2/images/CASIA2.0_revised/Tp/Tp_D_NRD_S_N_sec00007_art00002_00027.tif,1,0.2602640787760417,3,1,0.02,0.5
/content/drive/MyDrive/CV_Project/datasets/casia2/images/CASIA2.0_revised/Tp/Tp_D_NNN_M_N_txt00060_txt00061_10186.tif,1,0.6313273111979166,3,1,0.02,0.5
/content/drive/MyDrive/CV_Project/datasets/casia2/images/CASIA2.0_revised/Tp/Tp_D_NRN_M_N_nat00098_nat00099_10062.tif,1,0.78143310546875,3,1,0.02,0.5
/content/drive/MyDrive/CV_Project/datasets/casia2/images/CASIA2.0_revised/Tp/Tp_D_NRN_S_N_nat10123_ani00070_11417.jpg,1,0.4004007975260417,3,1,0.02,0.5
/content/drive/MyDrive/CV_Project/datasets/casia2/images/CASIA2.0_revised/Tp/Tp_D_NRN_L_N_cha00097_cha00085_10173.tif,1,0.083221435546875,3,1,0.02,0.5
/content/drive/MyDrive/CV_Project/datasets/casia2/images/CASIA2.0_revised/Tp/Tp_D_NRN_S_N_art00093_art00009_00536.tif,1,0.3491312662760417,3,1,0.02,0.5
/content/drive/MyDrive/CV_Project/datasets/casia2/images/CASIA2.0_revised/Tp/Tp_D_NRN_M_N_nat10144_nat10142_11967.jpg,1,0.8261360677083334,3,1,0.02,0.5
/content/drive/MyDrive/CV_Project/datasets/casia2/images/CASIA2.0_revised/Tp/Tp_D_NRN_S_N_sec00071_art00064_00706.tif,1,0.090423583984375,3,1,0.02,0.5
/content/drive/MyDrive/CV_Project/datasets/casia2/images/CASIA2.0_revised/Tp/Tp_D_NRN_S_N_pla20031_pla20030_01931.tif,1,0.31601575456053066,3,1,0.02,0.5
/content/drive/MyDrive/CV_Project/datasets/casia2/images/CASIA2.0_revised/Tp/Tp_D_NNN_S_O_arc00062_arc00060_11494.jpg,1,0.08925374348958333,3,1,0.02,0.5
/content/drive/MyDrive/CV_Project/datasets/casia2/images/CASIA2.0_revised/Tp/Tp_D_NRN_M_N_cha10198_nat10148_12363.jpg,1,0.5612255948513258,3,1,0.02,0.5
/content/drive/MyDrive/CV_Project/datasets/casia2/images/CASIA2.0_revised/Tp/Tp_D_NRD_S_N_arc00071_ani00064_00291.tif,1,0.0,3,1,0.02,0.5
/content/drive/MyDrive/CV_Project/datasets/casia2/images/CASIA2.0_revised/Tp/Tp_D_NRN_M_N_sec00089_cha00070_11490.jpg,1,0.4832560221354167,3,1,0.02,0.5
/content/drive/MyDrive/CV_Project/datasets/casia2/images/CASIA2.0_revised/Tp/Tp_D_NRN_M_N_art10113_cha10110_11561.jpg,1,0.21630859375,3,1,0.02,0.5
/content/drive/MyDrive/CV_Project/datasets/casia2/images/CASIA2.0_revised/Tp/Tp_D_NRN_M_O_art10108_cha00063_11633.jpg,1,0.06791178385416667,3,1,0.02,0.5
/content/drive/MyDrive/CV_Project/datasets/casia2/images/CASIA2.0_revised/Tp/Tp_D_NRN_M_N_nat10138_nat00095_11940.jpg,1,0.6527083333333333,3,1,0.02,0.5
/content/drive/MyDrive/CV_Project/datasets/casia2/images/CASIA2.0_revised/Tp/Tp_D_NNN_S_B_art20029_art20034_02336.tif,1,0.5257855240861777,3,1,0.02,0.5
/content/drive/MyDrive/CV_Project/datasets/casia2/images/CASIA2.0_revised/Tp/Tp_D_NRN_S_N_cha00028_ani00068_10043.tif,1,0.515716552734375,3,1,0.02,0.5
/content/drive/MyDrive/CV_Project/datasets/casia2/images/CASIA2.0_revised/Tp/Tp_D_NNN_S_N_cha00087_ani00069_00407.tif,1,0.49462890625,3,1,0.02,0.5
/content/drive/MyDrive/CV_Project/datasets/casia2/images/CASIA2.0_revised/Tp/Tp_D_NRN_S_N_nat10145_ani00085_11989.jpg,1,0.598017578125,3,1,0.02,0.5
/content/drive/MyDrive/CV_Project/datasets/casia2/images/CASIA2.0_revised/Tp/Tp_D_NRN_M_N_ani00042_ani00043_11139.jpg,1,0.10963948567708333,3,1,0.02,0.5
/content/drive/MyDrive/CV_Project/datasets/casia2/images/CASIA2.0_revised/Tp/Tp_D_NRD_S_N_arc00020_sec00045_11701.jpg,1,0.19500732421875,3,1,0.02,0.5
/content/drive/MyDrive/CV_Project/datasets/casia2/images/CASIA2.0_revised/Tp/Tp_D_NRN_M_O_ind00016_ind00017_10013.tif,1,0.265625,3,1,0.02,0.5
/content/drive/MyDrive/CV_Project/datasets/casia2/images/CASIA2.0_revised/Tp/Tp_D_NRN_S_B_sec00088_cha00047_00108.tif,1,0.048166910807291664,3,1,0.02,0.5
/content/drive/MyDrive/CV_Project/datasets/casia2/images/CASIA2.0_revised/Tp/Tp_D_NRN_S_N_art00096_art00092_11726.jpg,1,0.4901529947916667,3,1,0.02,0.5
/content/drive/MyDrive/CV_Project/datasets/casia2/images/CASIA2.0_revised/Tp/Tp_D_NRN_S_N_cha00020_art10102_11181.jpg,1,0.106597900390625,3,1,0.02,0.5
/content/drive/MyDrive/CV_Project/datasets/casia2/images/CASIA2.0_revised/Tp/Tp_D_CNN_M_N_art00052_arc00030_11853.jpg,1,0.09077962239583333,3,1,0.02,0.5
/content/drive/MyDrive/CV_Project/datasets/casia2/images/CASIA2.0_revised/Tp/Tp_D_NNN_M_B_sec20045_arc20001_02127.tif,1,0.4188147295742232,3,1,0.02,0.5
/content/drive/MyDrive/CV_Project/datasets/casia2/images/CASIA2.0_revised/Tp/Tp_D_NRD_M_B_sec20073_sec20080_02137.tif,1,0.5689262023217247,3,1,0.02,0.5
/content/drive/MyDrive/CV_Project/datasets/casia2/images/CASIA2.0_revised/Tp/Tp_D_NRN_S_N_nat20056_nat20054_01560.tif,1,0.28112892350733126,3,1,0.02,0.5
/content/drive/MyDrive/CV_Project/datasets/casia2/images/CASIA2.0_revised/Tp/Tp_D_NRN_M_N_cha10162_cha00067_12251.jpg,1,0.4241761363636364,3,1,0.02,0.5
/content/drive/MyDrive/CV_Project/datasets/casia2/images/CASIA2.0_revised/Tp/Tp_D_CRN_S_N_nat00099_ani00017_10220.tif,1,0.038157145182291664,3,1,0.02,0.5
/content/drive/MyDrive/CV_Project/datasets/casia2/images/CASIA2.0_revised/Tp/Tp_D_NRN_S_O_nat10153_ani00036_12134.jpg,1,0.4235384114583333,3,1,0.02,0.5
/content/drive/MyDrive/CV_Project/datasets/casia2/images/CASIA2.0_revised/Tp/Tp_D_NNN_M_N_cha10123_cha10127_12191.jpg,1,0.5560124760076776,3,1,0.02,0.5
/content/drive/MyDrive/CV_Project/datasets/casia2/images/CASIA2.0_revised/Tp/Tp_D_NRN_M_B_art00045_pla00078_10746.jpg,1,0.78753662109375,3,1,0.02,0.5
/content/drive/MyDrive/CV_Project/datasets/casia2/images/CASIA2.0_revised/Tp/Tp_D_NRN_S_N_nat10156_ani00005_12015.jpg,1,0.33463216145833335,3,1,0.02,0.5
/content/drive/MyDrive/CV_Project/datasets/casia2/images/CASIA2.0_revised/Tp/Tp_D_NNN_M_N_art00052_nat00013_11848.jpg,1,0.395782470703125,3,1,0.02,0.5
/content/drive/MyDrive/CV_Project/datasets/casia2/images/CASIA2.0_revised/Tp/Tp_D_NRN_S_N_nat10145_ani00097_11980.jpg,1,0.5987662760416667,3,1,0.02,0.5
/content/drive/MyDrive/CV_Project/datasets/casia2/images/CASIA2.0_revised/Tp/Tp_D_CRN_S_O_cha00099_ani00061_10045.tif,1,0.09726969401041667,3,1,0.02,0.5
/content/drive/MyDrive/CV_Project/datasets/casia2/images/CASIA2.0_revised/Tp/Tp_D_NNN_M_N_art00023_nat00013_11876.jpg,1,0.27783203125,3,1,0.02,0.5
/content/drive/MyDrive/CV_Project/datasets/casia2/images/CASIA2.0_revised/Tp/Tp_D_NNN_M_B_art10110_nat00097_11568.jpg,1,0.8021952311197916,3,1,0.02,0.5
/content/drive/MyDrive/CV_Project/datasets/casia2/images/CASIA2.0_revised/Tp/Tp_D_NRN_S_N_nat10161_art00092_12085.jpg,1,0.9650943827414415,3,1,0.02,0.5
/content/drive/MyDrive/CV_Project/datasets/casia2/images/CASIA2.0_revised/Tp/Tp_D_NRN_S_N_ind20065_ind20058_01806.tif,1,0.2514606741573034,3,1,0.02,0.5
/content/drive/MyDrive/CV_Project/datasets/casia2/images/CASIA2.0_revised/Tp/Tp_D_NRN_S_N_cha00062_art00092_11717.jpg,1,0.3936767578125,3,1,0.02,0.5
/content/drive/MyDrive/CV_Project/datasets/casia2/images/CASIA2.0_revised/Tp/Tp_D_NRN_S_N_cha00070_cha00036_11737.jpg,1,0.5322367350260416,3,1,0.02,0.5
/content/drive/MyDrive/CV_Project/datasets/casia2/images/CASIA2.0_revised/Tp/Tp_D_NRN_S_N_ani10195_ani10194_12401.jpg,1,0.04301362683438155,3,1,0.02,0.5
/content/drive/MyDrive/CV_Project/datasets/casia2/images/CASIA2.0_revised/Tp/Tp_D_NRN_S_N_cha10158_ani10123_12261.jpg,1,0.3323604060913706,3,1,0.02,0.5
/content/drive/MyDrive/CV_Project/datasets/casia2/images/CASIA2.0_revised/Tp/Tp_D_NNN_M_N_sec00046_nat00097_00067.tif,1,0.6611531575520834,3,1,0.02,0.5
/content/drive/MyDrive/CV_Project/datasets/casia2/images/CASIA2.0_revised/Tp/Tp_D_NRN_M_N_cha10122_nat10144_12155.jpg,1,0.48323896353166984,3,1,0.02,0.5
/content/drive/MyDrive/CV_Project/datasets/casia2/images/CASIA2.0_revised/Tp/Tp_D_CRN_S_N_cha00026_art00013_00500.tif,1,0.3750813802083333,3,1,0.02,0.5
/content/drive/MyDrive/CV_Project/datasets/casia2/images/CASIA2.0_revised/Tp/Tp_D_NNN_S_O_sec20018_sec20023_01608.tif,1,0.1974067599067599,3,1,0.02,0.5
/content/drive/MyDrive/CV_Project/datasets/casia2/images/CASIA2.0_revised/Tp/Tp_D_NRD_S_B_cha20044_nat20042_02432.tif,1,0.5551386443661972,3,1,0.02,0.5
/content/drive/MyDrive/CV_Project/datasets/casia2/images/CASIA2.0_revised/Tp/Tp_D_NNN_S_N_ani10179_ani10175_12487.jpg,1,0.2030184903379125,3,1,0.02,0.5
/content/drive/MyDrive/CV_Project/datasets/casia2/images/CASIA2.0_revised/Tp/Tp_D_NNN_M_N_nat10149_nat10147_12002.jpg,1,0.3422231363407834,3,1,0.02,0.5
/content/drive/MyDrive/CV_Project/datasets/casia2/images/CASIA2.0_revised/Tp/Tp_D_NRN_M_N_nat10167_cha00070_12103.jpg,1,0.43694661458333334,3,1,0.02,0.5
/content/drive/MyDrive/CV_Project/datasets/casia2/images/CASIA2.0_revised/Tp/Tp_D_NRN_M_N_cha00016_cha00014_11155.jpg,1,0.22688802083333334,3,1,0.02,0.5
/content/drive/MyDrive/CV_Project/datasets/casia2/images/CASIA2.0_revised/Tp/Tp_D_NRN_S_B_ind00046_cha00023_00454.tif,1,0.21903483072916666,3,1,0.02,0.5
/content/drive/MyDrive/CV_Project/datasets/casia2/images/CASIA2.0_revised/Tp/Tp_D_NRN_S_N_nat10109_pla00050_11356.jpg,1,0.0,3,1,0.02,0.5
/content/drive/MyDrive/CV_Project/datasets/casia2/images/CASIA2.0_revised/Tp/Tp_D_NRN_S_N_nat10149_ani00058_12005.jpg,1,0.3174139585904292,3,1,0.02,0.5
/content/drive/MyDrive/CV_Project/datasets/casia2/images/CASIA2.0_revised/Tp/Tp_D_NNN_M_N_nat10166_nat10169_12113.jpg,1,0.159560546875,3,1,0.02,0.5
/content/drive/MyDrive/CV_Project/datasets/casia2/images/CASIA2.0_revised/Tp/Tp_D_CNN_S_N_txt00054_txt00049_10371.tif,1,0.2842915852864583,3,1,0.02,0.5
/content/drive/MyDrive/CV_Project/datasets/casia2/images/CASIA2.0_revised/Tp/Tp_D_NRN_M_N_nat10147_nat00097_11997.jpg,1,0.8027604166666666,3,1,0.02,0.5
/content/drive/MyDrive/CV_Project/datasets/casia2/images/CASIA2.0_revised/Tp/Tp_D_NRN_M_N_art00049_nat00059_11759.jpg,1,0.20049031575520834,3,1,0.02,0.5
/content/drive/MyDrive/CV_Project/datasets/casia2/images/CASIA2.0_revised/Tp/Tp_D_NNN_S_B_cha00088_cha00063_00408.tif,1,0.07281494140625,3,1,0.02,0.5
/content/drive/MyDrive/CV_Project/datasets/casia2/images/CASIA2.0_revised/Tp/Tp_D_NNN_S_N_nat20015_nat20018_01519.tif,1,0.3160354166666667,3,1,0.02,0.5
/content/drive/MyDrive/CV_Project/datasets/casia2/images/CASIA2.0_revised/Tp/Tp_D_NNN_S_N_ani10218_ani10219_12386.jpg,1,0.21209823963657012,3,1,0.02,0.5
/content/drive/MyDrive/CV_Project/datasets/casia2/images/CASIA2.0_revised/Tp/Tp_D_NRN_M_N_art00099_cha00028_11762.jpg,1,0.166961669921875,3,1,0.02,0.5
/content/drive/MyDrive/CV_Project/datasets/casia2/images/CASIA2.0_revised/Tp/Tp_D_NRD_M_N_arc00010_nat00062_11177.jpg,1,0.0,3,1,0.02,0.5
/content/drive/MyDrive/CV_Project/datasets/casia2/images/CASIA2.0_revised/Tp/Tp_D_NRN_M_B_nat10128_nat00062_11540.jpg,1,0.3588155110677083,3,1,0.02,0.5
/content/drive/MyDrive/CV_Project/datasets/casia2/images/CASIA2.0_revised/Tp/Tp_D_NNN_S_B_nat00027_nat00030_11094.jpg,1,0.296112060546875,3,1,0.02,0.5
/content/drive/MyDrive/CV_Project/datasets/casia2/images/CASIA2.0_revised/Tp/Tp_D_CRN_S_N_nat00004_art00025_11426.jpg,1,0.5680440266927084,3,1,0.02,0.5
/content/drive/MyDrive/CV_Project/datasets/casia2/images/CASIA2.0_revised/Tp/Tp_D_NRN_S_N_ani00096_ani00098_11134.jpg,1,0.3969319661458333,3,1,0.02,0.5
/content/drive/MyDrive/CV_Project/datasets/casia2/images/CASIA2.0_revised/Tp/Tp_D_CRN_S_N_ani00055_ani00019_11860.jpg,1,0.06666056315104167,3,1,0.02,0.5
/content/drive/MyDrive/CV_Project/datasets/casia2/images/CASIA2.0_revised/Tp/Tp_D_NRN_S_O_cha00035_cha00067_11734.jpg,1,0.032135009765625,3,1,0.02,0.5
/content/drive/MyDrive/CV_Project/datasets/casia2/images/CASIA2.0_revised/Tp/Tp_D_NRN_M_N_nat10107_nat00097_11483.jpg,1,0.346771240234375,3,1,0.02,0.5
/content/drive/MyDrive/CV_Project/datasets/casia2/images/CASIA2.0_revised/Tp/Tp_D_NRN_M_B_nat00041_art00096_11443.jpg,1,0.3025716145833333,3,1,0.02,0.5
/content/drive/MyDrive/CV_Project/datasets/casia2/images/CASIA2.0_revised/Tp/Tp_D_NNN_M_N_txt00065_txt00066_10008.tif,1,0.2514139811197917,3,1,0.02,0.5
/content/drive/MyDrive/CV_Project/datasets/casia2/images/CASIA2.0_revised/Tp/Tp_D_NRN_S_B_sec00083_ani00070_00722.tif,1,0.0,3,1,0.02,0.5
/content/drive/MyDrive/CV_Project/datasets/casia2/images/CASIA2.0_revised/Tp/Tp_D_NRN_S_N_ani10130_ani00031_12498.jpg,1,0.08334293948126802,3,1,0.02,0.5
/content/drive/MyDrive/CV_Project/datasets/casia2/images/CASIA2.0_revised/Tp/Tp_D_NRN_S_N_ind00025_pla00050_10433.tif,1,0.24293009440104166,3,1,0.02,0.5
/content/drive/MyDrive/CV_Project/datasets/casia2/images/CASIA2.0_revised/Tp/Tp_D_NNN_S_N_cha10176_cha10172_12285.jpg,1,0.7911730410447761,3,1,0.02,0.5
/content/drive/MyDrive/CV_Project/datasets/casia2/images/CASIA2.0_revised/Tp/Tp_D_NNN_S_N_sec00003_cha00023_00703.tif,1,0.380615234375,3,1,0.02,0.5
/content/drive/MyDrive/CV_Project/datasets/casia2/images/CASIA2.0_revised/Tp/Tp_D_NRN_M_N_nat10113_nat00062_11382.jpg,1,0.24501546223958334,3,1,0.02,0.5
/content/drive/MyDrive/CV_Project/datasets/casia2/images/CASIA2.0_revised/Tp/Tp_D_NNN_S_N_sec00027_sec00026_10771.jpg,1,0.3577677408854167,3,1,0.02,0.5
/content/drive/MyDrive/CV_Project/datasets/casia2/images/CASIA2.0_revised/Tp/Tp_D_NRN_M_N_arc00054_nat00095_11933.jpg,1,0.4345906575520833,3,1,0.02,0.5
/content/drive/MyDrive/CV_Project/datasets/casia2/images/CASIA2.0_revised/Tp/Tp_D_NNN_S_B_cha00022_arc00097_00342.tif,1,0.18788655598958334,3,1,0.02,0.5
/content/drive/MyDrive/CV_Project/datasets/casia2/images/CASIA2.0_revised/Tp/Tp_D_NRN_S_N_ani10195_ani10194_12403.jpg,1,0.04270440251572327,3,1,0.02,0.5
/content/drive/MyDrive/CV_Project/datasets/casia2/images/CASIA2.0_revised/Tp/Tp_D_NNN_S_N_nat20018_nat20015_01522.tif,1,0.34464491362763916,3,1,0.02,0.5
/content/drive/MyDrive/CV_Project/datasets/casia2/images/CASIA2.0_revised/Tp/Tp_D_NRN_S_N_art10106_cha00067_11593.jpg,1,0.2582906087239583,3,1,0.02,0.5
/content/drive/MyDrive/CV_Project/datasets/casia2/images/CASIA2.0_revised/Tp/Tp_D_NRN_M_N_nat10137_nat00095_11938.jpg,1,0.2822721354166667,3,1,0.02,0.5
/content/drive/MyDrive/CV_Project/datasets/casia2/images/CASIA2.0_revised/Tp/Tp_D_NNN_S_N_sec00086_cha00023_00705.tif,1,0.19963582356770834,3,1,0.02,0.5
/content/drive/MyDrive/CV_Project/datasets/casia2/images/CASIA2.0_revised/Tp/Tp_D_NRN_M_N_art00012_art00014_11815.jpg,1,0.4681193033854167,3,1,0.02,0.5
/content/drive/MyDrive/CV_Project/datasets/casia2/images/CASIA2.0_revised/Tp/Tp_D_NNN_S_B_cha00029_pla00030_20105.tif,1,0.4570719401041667,3,1,0.02,0.5
/content/drive/MyDrive/CV_Project/datasets/casia2/images/CASIA2.0_revised/Tp/Tp_D_NRN_M_N_nat10160_nat00095_12064.jpg,1,0.032799479166666666,3,1,0.02,0.5
/content/drive/MyDrive/CV_Project/datasets/casia2/images/CASIA2.0_revised/Tp/Tp_D_NRN_S_N_nat10159_ani00070_12052.jpg,1,0.31589192708333336,3,1,0.02,0.5
/content/drive/MyDrive/CV_Project/datasets/casia2/images/CASIA2.0_revised/Tp/Tp_D_NRN_S_N_nat10123_ani00017_11411.jpg,1,0.432220458984375,3,1,0.02,0.5
/content/drive/MyDrive/CV_Project/datasets/casia2/images/CASIA2.0_revised/Tp/Tp_D_CRN_S_N_nat10128_ani00070_11539.jpg,1,0.2833964029947917,3,1,0.02,0.5
/content/drive/MyDrive/CV_Project/datasets/casia2/images/CASIA2.0_revised/Tp/Tp_D_NRN_M_N_sec10112_art00098_10343.tif,1,0.3921875,3,1,0.02,0.5
/content/drive/MyDrive/CV_Project/datasets/casia2/images/CASIA2.0_revised/Tp/Tp_D_NRD_S_N_art00054_cha00026_01405.tif,1,0.09566243489583333,3,1,0.02,0.5
/content/drive/MyDrive/CV_Project/datasets/casia2/images/CASIA2.0_revised/Tp/Tp_D_NRN_S_N_ind00059_ani00068_00464.tif,1,0.11821492513020833,3,1,0.02,0.5
/content/drive/MyDrive/CV_Project/datasets/casia2/images/CASIA2.0_revised/Tp/Tp_D_NRN_S_N_ani00033_ani00034_10236.tif,1,0.2511393229166667,3,1,0.02,0.5
/content/drive/MyDrive/CV_Project/datasets/casia2/images/CASIA2.0_revised/Tp/Tp_D_NRN_S_N_cha00086_ani10119_11609.jpg,1,0.170989990234375,3,1,0.02,0.5
/content/drive/MyDrive/CV_Project/datasets/casia2/images/CASIA2.0_revised/Tp/Tp_D_CRN_M_N_nat00083_ani10101_10096.tif,1,0.5418904622395834,3,1,0.02,0.5
/content/drive/MyDrive/CV_Project/datasets/casia2/images/CASIA2.0_revised/Tp/Tp_D_NRN_S_N_nat10140_arc10125_11958.jpg,1,0.4643684895833333,3,1,0.02,0.5
/content/drive/MyDrive/CV_Project/datasets/casia2/images/CASIA2.0_revised/Tp/Tp_D_NRN_S_B_sec00093_ani00005_00714.tif,1,0.16648356119791666,3,1,0.02,0.5
/content/drive/MyDrive/CV_Project/datasets/casia2/images/CASIA2.0_revised/Tp/Tp_D_NRN_M_N_ind00082_cha00040_11755.jpg,1,0.20550537109375,3,1,0.02,0.5
/content/drive/MyDrive/CV_Project/datasets/casia2/images/CASIA2.0_revised/Tp/Tp_D_NRN_S_N_ind00048_ind00034_00456.tif,1,0.4458719889322917,3,1,0.02,0.5
/content/drive/MyDrive/CV_Project/datasets/casia2/images/CASIA2.0_revised/Tp/Tp_D_NRN_S_N_ind00087_ani10123_11775.jpg,1,0.023793538411458332,3,1,0.02,0.5
/content/drive/MyDrive/CV_Project/datasets/casia2/images/CASIA2.0_revised/Tp/Tp_D_NRN_S_N_arc00008_cha00028_11768.jpg,1,0.287811279296875,3,1,0.02,0.5
/content/drive/MyDrive/CV_Project/datasets/casia2/images/CASIA2.0_revised/Tp/Tp_D_NRN_M_N_nat10111_nat10122_11362.jpg,1,0.709228515625,3,1,0.02,0.5
/content/drive/MyDrive/CV_Project/datasets/casia2/images/CASIA2.0_revised/Tp/Tp_D_NRN_M_N_cha00054_cha00067_11723.jpg,1,0.8259175618489584,3,1,0.02,0.5
/content/drive/MyDrive/CV_Project/datasets/casia2/images/CASIA2.0_revised/Tp/Tp_D_NRN_M_B_nat00038_cha00072_11459.jpg,1,0.16463216145833334,3,1,0.02,0.5
/content/drive/MyDrive/CV_Project/datasets/casia2/images/CASIA2.0_revised/Tp/Tp_D_NRN_S_N_ani10121_ani00100_11617.jpg,1,0.129638671875,3,1,0.02,0.5
/content/drive/MyDrive/CV_Project/datasets/casia2/images/CASIA2.0_revised/Tp/Tp_D_NRN_S_N_cha10167_cha10208_12368.jpg,1,0.04971638969051647,3,1,0.02,0.5
/content/drive/MyDrive/CV_Project/datasets/casia2/images/CASIA2.0_revised/Tp/Tp_D_CRN_S_N_txt00055_txt00048_11329.jpg,1,0.07817586263020833,3,1,0.02,0.5
/content/drive/MyDrive/CV_Project/datasets/casia2/images/CASIA2.0_revised/Tp/Tp_D_NNN_M_N_txt00013_txt00019_10847.jpg,1,0.4807840983072917,3,1,0.02,0.5
/content/drive/MyDrive/CV_Project/datasets/casia2/images/CASIA2.0_revised/Tp/Tp_D_NRN_M_N_art00025_cha00029_11680.jpg,1,0.029713948567708332,3,1,0.02,0.5
/content/drive/MyDrive/CV_Project/datasets/casia2/images/CASIA2.0_revised/Tp/Tp_D_NRD_S_N_sec00011_sec00016_00031.tif,1,0.052836100260416664,3,1,0.02,0.5
/content/drive/MyDrive/CV_Project/datasets/casia2/images/CASIA2.0_revised/Tp/Tp_D_NRD_S_N_nat00006_cha00096_00626.tif,1,0.16225179036458334,3,1,0.02,0.5
/content/drive/MyDrive/CV_Project/datasets/casia2/images/CASIA2.0_revised/Tp/Tp_D_NRN_S_N_arc00013_sec00045_11700.jpg,1,0.0,3,1,0.02,0.5
/content/drive/MyDrive/CV_Project/datasets/casia2/images/CASIA2.0_revised/Tp/Tp_D_NNN_M_N_txt10109_txt00097_10815.jpg,1,0.4805973333333333,3,1,0.02,0.5
/content/drive/MyDrive/CV_Project/datasets/casia2/images/CASIA2.0_revised/Tp/Tp_D_NRN_S_N_cha10108_cha00026_11662.jpg,1,0.047831217447916664,3,1,0.02,0.5
/content/drive/MyDrive/CV_Project/datasets/casia2/images/CASIA2.0_revised/Tp/Tp_D_NRN_M_N_nat10144_nat00097_11972.jpg,1,0.819521484375,3,1,0.02,0.5
/content/drive/MyDrive/CV_Project/datasets/casia2/images/CASIA2.0_revised/Tp/Tp_D_NNN_M_B_arc20101_arc20001_02184.tif,1,0.1588891072063474,3,1,0.02,0.5
/content/drive/MyDrive/CV_Project/datasets/casia2/images/CASIA2.0_revised/Tp/Tp_D_NRN_S_N_cha10108_cha10110_11585.jpg,1,0.079925537109375,3,1,0.02,0.5
/content/drive/MyDrive/CV_Project/datasets/casia2/images/CASIA2.0_revised/Tp/Tp_D_NRN_S_N_pla10124_nat10124_11704.jpg,1,0.18406168619791666,3,1,0.02,0.5
/content/drive/MyDrive/CV_Project/datasets/casia2/images/CASIA2.0_revised/Tp/Tp_D_NNN_M_O_nat00045_nat00099_10558.jpg,1,0.5151875813802084,3,1,0.02,0.5
/content/drive/MyDrive/CV_Project/datasets/casia2/images/CASIA2.0_revised/Tp/Tp_D_NRN_S_N_nat00013_ani00005_00633.tif,1,0.0,3,1,0.02,0.5
/content/drive/MyDrive/CV_Project/datasets/casia2/images/CASIA2.0_revised/Tp/Tp_D_NRN_M_N_sec10106_sec10109_10332.tif,1,0.14766366366366365,3,1,0.02,0.5
/content/drive/MyDrive/CV_Project/datasets/casia2/images/CASIA2.0_revised/Tp/Tp_D_NRD_S_N_ind00068_ind00084_10944.jpg,1,0.09539794921875,3,1,0.02,0.5
/content/drive/MyDrive/CV_Project/datasets/casia2/images/CASIA2.0_revised/Tp/Tp_D_NRN_S_N_ani00052_ani00019_11858.jpg,1,0.077880859375,3,1,0.02,0.5
/content/drive/MyDrive/CV_Project/datasets/casia2/images/CASIA2.0_revised/Tp/Tp_D_NNN_S_B_ind00057_ind00066_01346.tif,1,0.0,3,1,0.02,0.5
/content/drive/MyDrive/CV_Project/datasets/casia2/images/CASIA2.0_revised/Tp/Tp_D_CRN_S_N_nat10161_art00021_12084.jpg,1,0.7862196626902509,3,1,0.02,0.5
/content/drive/MyDrive/CV_Project/datasets/casia2/images/CASIA2.0_revised/Tp/Tp_D_NRN_S_N_art20006_art20005_01812.tif,1,0.6493253968253968,3,1,0.02,0.5
/content/drive/MyDrive/CV_Project/datasets/casia2/images/CASIA2.0_revised/Tp/Tp_D_NRN_M_N_nat10116_cha00070_11372.jpg,1,0.3849080403645833,3,1,0.02,0.5
/content/drive/MyDrive/CV_Project/datasets/casia2/images/CASIA2.0_revised/Tp/Tp_D_NRN_M_N_art10105_cha00062_11601.jpg,1,0.24151611328125,3,1,0.02,0.5
/content/drive/MyDrive/CV_Project/datasets/casia2/images/CASIA2.0_revised/Tp/Tp_D_CNN_S_N_cha10172_cha10171_12283.jpg,1,0.6000307046953349,3,1,0.02,0.5
/content/drive/MyDrive/CV_Project/datasets/casia2/images/CASIA2.0_revised/Tp/Tp_D_NRN_S_N_cha10128_nat10114_12180.jpg,1,0.30852819237147594,3,1,0.02,0.5
/content/drive/MyDrive/CV_Project/datasets/casia2/images/CASIA2.0_revised/Tp/Tp_D_NRN_S_N_ani10163_ani10196_12497.jpg,1,0.5038714277280509,3,1,0.02,0.5
/content/drive/MyDrive/CV_Project/datasets/casia2/images/CASIA2.0_revised/Tp/Tp_D_NRN_M_N_ani00083_ani00068_10040.tif,1,0.2962239583333333,3,1,0.02,0.5
/content/drive/MyDrive/CV_Project/datasets/casia2/images/CASIA2.0_revised/Tp/Tp_D_NNN_S_O_sec20058_sec20053_01648.tif,1,0.2986570156883483,3,1,0.02,0.5
/content/drive/MyDrive/CV_Project/datasets/casia2/images/CASIA2.0_revised/Tp/Tp_D_NRN_S_N_art10110_pla00050_11647.jpg,1,0.8006184895833334,3,1,0.02,0.5
/content/drive/MyDrive/CV_Project/datasets/casia2/images/CASIA2.0_revised/Tp/Tp_D_CRN_M_O_arc00025_ani00039_10004.tif,1,0.2699991861979167,3,1,0.02,0.5
/content/drive/MyDrive/CV_Project/datasets/casia2/images/CASIA2.0_revised/Tp/Tp_D_NND_S_N_nat00011_nat00007_00631.tif,1,0.3749593098958333,3,1,0.02,0.5
/content/drive/MyDrive/CV_Project/datasets/casia2/images/CASIA2.0_revised/Tp/Tp_D_NNN_S_B_arc20098_arc20030_02198.tif,1,0.22205884201133608,3,1,0.02,0.5
/content/drive/MyDrive/CV_Project/datasets/casia2/images/CASIA2.0_revised/Tp/Tp_D_NRN_M_N_pla00020_pla10126_12132.jpg,1,0.2793986002604167,3,1,0.02,0.5
/content/drive/MyDrive/CV_Project/datasets/casia2/images/CASIA2.0_revised/Tp/Tp_D_NRN_S_N_art00052_art00092_11854.jpg,1,0.13109334309895834,3,1,0.02,0.5
/content/drive/MyDrive/CV_Project/datasets/casia2/images/CASIA2.0_revised/Tp/Tp_D_NNN_S_B_cha00100_cha00020_00420.tif,1,0.3113925925925926,3,1,0.02,0.5
/content/drive/MyDrive/CV_Project/datasets/casia2/images/CASIA2.0_revised/Tp/Tp_D_NRN_M_N_cha10133_cha00062_12214.jpg,1,0.2886666666666667,3,1,0.02,0.5
/content/drive/MyDrive/CV_Project/datasets/casia2/images/CASIA2.0_revised/Tp/Tp_D_NNN_S_N_art00058_cha00063_00525.tif,1,0.7518208821614584,3,1,0.02,0.5
/content/drive/MyDrive/CV_Project/datasets/casia2/images/CASIA2.0_revised/Tp/Tp_D_NRN_S_N_art00034_ani00058_01420.tif,1,0.53387451171875,3,1,0.02,0.5
/content/drive/MyDrive/CV_Project/datasets/casia2/images/CASIA2.0_revised/Tp/Tp_D_NRN_M_N_ind10103_pla00050_11558.jpg,1,0.020497639973958332,3,1,0.02,0.5
/content/drive/MyDrive/CV_Project/datasets/casia2/images/CASIA2.0_revised/Tp/Tp_D_NRN_M_N_txt00006_txt00028_10849.jpg,1,0.4502665201822917,3,1,0.02,0.5
/content/drive/MyDrive/CV_Project/datasets/casia2/images/CASIA2.0_revised/Tp/Tp_D_CNN_M_B_nat10139_nat00059_11949.jpg,1,0.74431640625,3,1,0.02,0.5
/content/drive/MyDrive/CV_Project/datasets/casia2/images/CASIA2.0_revised/Tp/Tp_D_NRN_S_N_cha10134_pla00020_12202.jpg,1,0.13621346651868294,3,1,0.02,0.5
/content/drive/MyDrive/CV_Project/datasets/casia2/images/CASIA2.0_revised/Tp/Tp_D_NRN_S_N_art00023_ani00058_00505.tif,1,0.24913533528645834,3,1,0.02,0.5
/content/drive/MyDrive/CV_Project/datasets/casia2/images/CASIA2.0_revised/Tp/Tp_D_CNN_S_N_nat00094_nat00067_10612.jpg,1,0.10740152994791667,3,1,0.02,0.5
/content/drive/MyDrive/CV_Project/datasets/casia2/images/CASIA2.0_revised/Tp/Tp_D_NND_M_O_cha00097_txt00033_10171.tif,1,0.0,3,1,0.02,0.5
/content/drive/MyDrive/CV_Project/datasets/casia2/images/CASIA2.0_revised/Tp/Tp_D_NRN_M_N_ani10219_ani10215_12384.jpg,1,0.12444067077053704,3,1,0.02,0.5
/content/drive/MyDrive/CV_Project/datasets/casia2/images/CASIA2.0_revised/Tp/Tp_D_NNN_M_N_pla10121_cha00027_11669.jpg,1,0.15358479817708334,3,1,0.02,0.5
/content/drive/MyDrive/CV_Project/datasets/casia2/images/CASIA2.0_revised/Tp/Tp_D_NRN_M_N_sec10101_art00098_10346.tif,1,0.3531770833333333,3,1,0.02,0.5
/content/drive/MyDrive/CV_Project/datasets/casia2/images/CASIA2.0_revised/Tp/Tp_D_NRN_S_N_nat20019_nat20024_01523.tif,1,0.0868809980806142,3,1,0.02,0.5
/content/drive/MyDrive/CV_Project/datasets/casia2/images/CASIA2.0_revised/Tp/Tp_D_NRN_M_N_nat10160_nat00097_12065.jpg,1,0.05688151041666667,3,1,0.02,0.5
/content/drive/MyDrive/CV_Project/datasets/casia2/images/CASIA2.0_revised/Tp/Tp_D_CRN_M_N_ani00097_ani00001_10099.tif,1,0.06736246744791667,3,1,0.02,0.5
/content/drive/MyDrive/CV_Project/datasets/casia2/images/CASIA2.0_revised/Tp/Tp_D_NRN_S_B_cha00013_cha00015_20051.jpg,1,0.20096842447916666,3,1,0.02,0.5
/content/drive/MyDrive/CV_Project/datasets/casia2/images/CASIA2.0_revised/Tp/Tp_D_NRN_S_N_nat10106_nat10107_11349.jpg,1,0.228057861328125,3,1,0.02,0.5
/content/drive/MyDrive/CV_Project/datasets/casia2/images/CASIA2.0_revised/Tp/Tp_D_NRN_M_N_nat10148_nat10161_12121.jpg,1,0.9659856483385895,3,1,0.02,0.5
/content/drive/MyDrive/CV_Project/datasets/casia2/images/CASIA2.0_revised/Tp/Tp_D_NRD_M_N_ani10004_ani10005_20101.jpg,1,0.027027994791666666,3,1,0.02,0.5
/content/drive/MyDrive/CV_Project/datasets/casia2/images/CASIA2.0_revised/Tp/Tp_D_NNN_M_N_sec20011_nat20033_01446.tif,1,0.5219797687861272,3,1,0.02,0.5
/content/drive/MyDrive/CV_Project/datasets/casia2/images/CASIA2.0_revised/Tp/Tp_D_NRN_S_B_arc00024_ani00024_20074.jpg,1,0.4689534505208333,3,1,0.02,0.5
/content/drive/MyDrive/CV_Project/datasets/casia2/images/CASIA2.0_revised/Tp/Tp_D_NNN_S_O_pla10121_sec00097_11693.jpg,1,0.06352742513020833,3,1,0.02,0.5
/content/drive/MyDrive/CV_Project/datasets/casia2/images/CASIA2.0_revised/Tp/Tp_D_NNN_M_N_art00099_cha00050_11760.jpg,1,0.4388326009114583,3,1,0.02,0.5
/content/drive/MyDrive/CV_Project/datasets/casia2/images/CASIA2.0_revised/Tp/Tp_D_NRN_M_O_ani00063_ani00031_10057.tif,1,0.060455322265625,3,1,0.02,0.5
/content/drive/MyDrive/CV_Project/datasets/casia2/images/CASIA2.0_revised/Tp/Tp_D_NRN_M_N_pla00027_pla00014_10963.jpg,1,0.0,3,1,0.02,0.5
/content/drive/MyDrive/CV_Project/datasets/casia2/images/CASIA2.0_revised/Tp/Tp_D_NRN_M_N_art00099_cha00070_11718.jpg,1,0.3057454427083333,3,1,0.02,0.5
/content/drive/MyDrive/CV_Project/datasets/casia2/images/CASIA2.0_revised/Tp/Tp_D_NRN_S_N_ind00029_ind00032_11061.jpg,1,0.032328287760416664,3,1,0.02,0.5
/content/drive/MyDrive/CV_Project/datasets/casia2/images/CASIA2.0_revised/Tp/Tp_D_NNN_M_N_ani00019_nat00095_11863.jpg,1,0.454986572265625,3,1,0.02,0.5
/content/drive/MyDrive/CV_Project/datasets/casia2/images/CASIA2.0_revised/Tp/Tp_D_NRN_S_B_cha00065_txt00068_10177.tif,1,0.2536112467447917,3,1,0.02,0.5
/content/drive/MyDrive/CV_Project/datasets/casia2/images/CASIA2.0_revised/Tp/Tp_D_NRN_S_N_nat10125_ani00005_11635.jpg,1,0.0,3,1,0.02,0.5
/content/drive/MyDrive/CV_Project/datasets/casia2/images/CASIA2.0_revised/Tp/Tp_D_CNN_M_N_ani00052_ani00054_11130.jpg,1,0.0,3,1,0.02,0.5
/content/drive/MyDrive/CV_Project/datasets/casia2/images/CASIA2.0_revised/Tp/Tp_D_NRN_M_N_ind00084_cha00063_11753.jpg,1,0.3038330078125,3,1,0.02,0.5
/content/drive/MyDrive/CV_Project/datasets/casia2/images/CASIA2.0_revised/Tp/Tp_D_NNN_L_N_ani00010_nat00095_10218.tif,1,0.19353230794270834,3,1,0.02,0.5
/content/drive/MyDrive/CV_Project/datasets/casia2/images/CASIA2.0_revised/Tp/Tp_D_NRN_M_N_pla10117_pla10118_10583.jpg,1,0.095844,3,1,0.02,0.5
/content/drive/MyDrive/CV_Project/datasets/casia2/images/CASIA2.0_revised/Tp/Tp_D_NNN_M_N_sec20047_arc20001_02128.tif,1,0.4045751633986928,3,1,0.02,0.5
/content/drive/MyDrive/CV_Project/datasets/casia2/images/CASIA2.0_revised/Tp/Tp_D_CRN_S_O_ani10180_ani10206_12425.jpg,1,0.1602824184566428,3,1,0.02,0.5
/content/drive/MyDrive/CV_Project/datasets/casia2/images/CASIA2.0_revised/Tp/Tp_D_NRN_S_N_cha10109_ani00005_11587.jpg,1,0.0,3,1,0.02,0.5
/content/drive/MyDrive/CV_Project/datasets/casia2/images/CASIA2.0_revised/Tp/Tp_D_NRN_S_N_pla10122_ani10122_11606.jpg,1,0.0,3,1,0.02,0.5
/content/drive/MyDrive/CV_Project/datasets/casia2/images/CASIA2.0_revised/Tp/Tp_D_NRN_M_N_sec00062_cha00070_11479.jpg,1,0.3245137532552083,3,1,0.02,0.5
/content/drive/MyDrive/CV_Project/datasets/casia2/images/CASIA2.0_revised/Tp/Tp_D_NRN_S_N_ani10152_ani10175_12490.jpg,1,0.1540277777777778,3,1,0.02,0.5
/content/drive/MyDrive/CV_Project/datasets/casia2/images/CASIA2.0_revised/Tp/Tp_D_NRN_S_N_art00033_ani00013_00511.tif,1,0.4073994954427083,3,1,0.02,0.5
/content/drive/MyDrive/CV_Project/datasets/casia2/images/CASIA2.0_revised/Tp/Tp_D_NNN_M_N_arc00008_cha00063_11763.jpg,1,0.2665303548177083,3,1,0.02,0.5
/content/drive/MyDrive/CV_Project/datasets/casia2/images/CASIA2.0_revised/Tp/Tp_D_NRN_S_N_ani00060_ani00059_11128.jpg,1,0.052897135416666664,3,1,0.02,0.5
/content/drive/MyDrive/CV_Project/datasets/casia2/images/CASIA2.0_revised/Tp/Tp_D_NRN_M_N_txt00059_pla00050_10390.tif,1,0.08927408854166667,3,1,0.02,0.5
/content/drive/MyDrive/CV_Project/datasets/casia2/images/CASIA2.0_revised/Tp/Tp_D_NNN_S_N_ind00053_cha00023_00459.tif,1,0.07164510091145833,3,1,0.02,0.5
/content/drive/MyDrive/CV_Project/datasets/casia2/images/CASIA2.0_revised/Tp/Tp_D_NNN_S_B_arc00023_cha00023_20092.jpg,1,0.673583984375,3,1,0.02,0.5
/content/drive/MyDrive/CV_Project/datasets/casia2/images/CASIA2.0_revised/Tp/Tp_D_CRN_S_N_pla00006_pla00005_10943.jpg,1,0.23814900716145834,3,1,0.02,0.5
/content/drive/MyDrive/CV_Project/datasets/casia2/images/CASIA2.0_revised/Tp/Tp_D_NRN_M_N_ani00045_ani00043_11140.jpg,1,0.21364339192708334,3,1,0.02,0.5
/content/drive/MyDrive/CV_Project/datasets/casia2/images/CASIA2.0_revised/Tp/Tp_D_NRN_M_O_ind00030_ind00031_10015.tif,1,0.6167093912760416,3,1,0.02,0.5
/content/drive/MyDrive/CV_Project/datasets/casia2/images/CASIA2.0_revised/Tp/Tp_D_NRN_M_N_cha10210_cha10208_12337.jpg,1,0.3938921339563863,3,1,0.02,0.5
/content/drive/MyDrive/CV_Project/datasets/casia2/images/CASIA2.0_revised/Tp/Tp_D_NNN_S_B_art20064_nat20042_02325.tif,1,0.6015023474178404,3,1,0.02,0.5
/content/drive/MyDrive/CV_Project/datasets/casia2/images/CASIA2.0_revised/Tp/Tp_D_CRN_S_N_sec00061_sec00097_11694.jpg,1,0.3740743001302083,3,1,0.02,0.5
/content/drive/MyDrive/CV_Project/datasets/casia2/images/CASIA2.0_revised/Tp/Tp_D_CRN_S_N_cha10208_cha10207_12342.jpg,1,0.10324159021406727,3,1,0.02,0.5
/content/drive/MyDrive/CV_Project/datasets/casia2/images/CASIA2.0_revised/Tp/Tp_D_NRN_L_N_ani10108_ani10109_10227.tif,1,0.11235733333333334,3,1,0.02,0.5
/content/drive/MyDrive/CV_Project/datasets/casia2/images/CASIA2.0_revised/Tp/Tp_D_NNN_S_N_arc20040_arc20041_01493.tif,1,0.7862958494208494,3,1,0.02,0.5
/content/drive/MyDrive/CV_Project/datasets/casia2/images/CASIA2.0_revised/Tp/Tp_D_NRN_M_N_art00098_art00062_10518.tif,1,0.5817362467447916,3,1,0.02,0.5
/content/drive/MyDrive/CV_Project/datasets/casia2/images/CASIA2.0_revised/Tp/Tp_D_NRD_S_B_arc20100_xxx00010_02185.tif,1,0.27277142749358685,3,1,0.02,0.5
/content/drive/MyDrive/CV_Project/datasets/casia2/images/CASIA2.0_revised/Tp/Tp_D_CRN_M_N_ani10120_ani00100_11639.jpg,1,0.0660400390625,3,1,0.02,0.5
/content/drive/MyDrive/CV_Project/datasets/casia2/images/CASIA2.0_revised/Tp/Tp_D_NRN_S_N_pla00009_pla00010_10933.jpg,1,0.255584716796875,3,1,0.02,0.5
/content/drive/MyDrive/CV_Project/datasets/casia2/images/CASIA2.0_revised/Tp/Tp_D_NNN_M_N_ani00086_nat00059_11126.jpg,1,0.058115641276041664,3,1,0.02,0.5
/content/drive/MyDrive/CV_Project/datasets/casia2/images/CASIA2.0_revised/Tp/Tp_D_NRN_M_O_sec10107_sec10101_10025.tif,1,0.24,3,1,0.02,0.5
/content/drive/MyDrive/CV_Project/datasets/casia2/images/CASIA2.0_revised/Tp/Tp_D_NRN_S_N_cha00072_ani00098_00392.tif,1,0.548797607421875,3,1,0.02,0.5
/content/drive/MyDrive/CV_Project/datasets/casia2/images/CASIA2.0_revised/Tp/Tp_D_NRD_S_N_arc00025_cha00001_00245.tif,1,0.2699686686197917,3,1,0.02,0.5
/content/drive/MyDrive/CV_Project/datasets/casia2/images/CASIA2.0_revised/Tp/Tp_D_NNN_S_B_nat00023_nat00007_00641.tif,1,0.6772562662760416,3,1,0.02,0.5
/content/drive/MyDrive/CV_Project/datasets/casia2/images/CASIA2.0_revised/Tp/Tp_D_NRN_M_N_cha10130_cha00067_12188.jpg,1,0.4955099502487562,3,1,0.02,0.5
/content/drive/MyDrive/CV_Project/datasets/casia2/images/CASIA2.0_revised/Tp/Tp_D_NNN_S_B_nat00034_cha00096_00648.tif,1,0.26983642578125,3,1,0.02,0.5
/content/drive/MyDrive/CV_Project/datasets/casia2/images/CASIA2.0_revised/Tp/Tp_D_CRN_S_N_sec00041_sec00034_11251.jpg,1,0.163299560546875,3,1,0.02,0.5
/content/drive/MyDrive/CV_Project/datasets/casia2/images/CASIA2.0_revised/Tp/Tp_D_NRD_S_N_art10014_art10011_20095.jpg,1,0.9485709635416667,3,1,0.02,0.5
/content/drive/MyDrive/CV_Project/datasets/casia2/images/CASIA2.0_revised/Tp/Tp_D_NNN_S_N_arc00030_cha00023_00250.tif,1,0.5743306477864584,3,1,0.02,0.5
/content/drive/MyDrive/CV_Project/datasets/casia2/images/CASIA2.0_revised/Tp/Tp_D_NNN_M_N_txt00025_txt00098_10328.tif,1,0.07567342122395833,3,1,0.02,0.5
/content/drive/MyDrive/CV_Project/datasets/casia2/images/CASIA2.0_revised/Tp/Tp_D_NNN_S_B_nat20007_nat20011_02213.tif,1,0.5909645833333333,3,1,0.02,0.5
/content/drive/MyDrive/CV_Project/datasets/casia2/images/CASIA2.0_revised/Tp/Tp_D_NRN_M_N_nat10160_nat10147_12069.jpg,1,0.03263671875,3,1,0.02,0.5
/content/drive/MyDrive/CV_Project/datasets/casia2/images/CASIA2.0_revised/Tp/Tp_D_CNN_M_N_nat00089_nat00062_10577.jpg,1,0.6928304036458334,3,1,0.02,0.5
/content/drive/MyDrive/CV_Project/datasets/casia2/images/CASIA2.0_revised/Tp/Tp_D_NRN_M_B_cha10142_nat00097_12239.jpg,1,0.9765321011673151,3,1,0.02,0.5
/content/drive/MyDrive/CV_Project/datasets/casia2/images/CASIA2.0_revised/Tp/Tp_D_CRN_S_B_pla00041_pla00040_10978.jpg,1,0.220550537109375,3,1,0.02,0.5
/content/drive/MyDrive/CV_Project/datasets/casia2/images/CASIA2.0_revised/Tp/Tp_D_CRD_M_N_art00058_art00051_10534.tif,1,0.6038004557291666,3,1,0.02,0.5
/content/drive/MyDrive/CV_Project/datasets/casia2/images/CASIA2.0_revised/Tp/Tp_D_NNN_M_O_sec00017_cha00085_10785.jpg,1,0.34515380859375,3,1,0.02,0.5
/content/drive/MyDrive/CV_Project/datasets/casia2/images/CASIA2.0_revised/Tp/Tp_D_NRN_S_N_sec00054_sec00055_11237.jpg,1,0.17838541666666666,3,1,0.02,0.5
/content/drive/MyDrive/CV_Project/datasets/casia2/images/CASIA2.0_revised/Tp/Tp_D_NRN_S_N_nat10161_cha00063_12080.jpg,1,0.9644910644910645,3,1,0.02,0.5
/content/drive/MyDrive/CV_Project/datasets/casia2/images/CASIA2.0_revised/Tp/Tp_D_NRD_M_O_sec20032_xxx00008_01622.tif,1,0.5551821049612847,3,1,0.02,0.5
/content/drive/MyDrive/CV_Project/datasets/casia2/images/CASIA2.0_revised/Tp/Tp_D_CRD_M_N_txt00068_txt00065_10136.tif,1,0.4768473307291667,3,1,0.02,0.5
/content/drive/MyDrive/CV_Project/datasets/casia2/images/CASIA2.0_revised/Tp/Tp_D_NRN_S_N_cha00067_ani00079_00387.tif,1,0.3310953776041667,3,1,0.02,0.5
/content/drive/MyDrive/CV_Project/datasets/casia2/images/CASIA2.0_revised/Tp/Tp_D_NRN_M_B_nat10122_nat00062_11335.jpg,1,0.4566752115885417,3,1,0.02,0.5
/content/drive/MyDrive/CV_Project/datasets/casia2/images/CASIA2.0_revised/Tp/Tp_D_NRN_S_B_ind00054_cha00050_00460.tif,1,0.19256591796875,3,1,0.02,0.5
/content/drive/MyDrive/CV_Project/datasets/casia2/images/CASIA2.0_revised/Tp/Tp_D_NRN_M_B_nat00098_arc00065_11449.jpg,1,0.19289143880208334,3,1,0.02,0.5
/content/drive/MyDrive/CV_Project/datasets/casia2/images/CASIA2.0_revised/Tp/Tp_D_CRN_S_N_arc00030_pla00026_10066.tif,1,0.6656595865885416,3,1,0.02,0.5
/content/drive/MyDrive/CV_Project/datasets/casia2/images/CASIA2.0_revised/Tp/Tp_D_NNN_S_N_cha00010_cha00007_10167.tif,1,0.51837158203125,3,1,0.02,0.5
/content/drive/MyDrive/CV_Project/datasets/casia2/images/CASIA2.0_revised/Tp/Tp_D_NRN_S_N_arc00016_arc00020_11703.jpg,1,0.07814534505208333,3,1,0.02,0.5
/content/drive/MyDrive/CV_Project/datasets/casia2/images/CASIA2.0_revised/Tp/Tp_D_CRN_M_B_ani00046_ani00001_10100.tif,1,0.23710123697916666,3,1,0.02,0.5
/content/drive/MyDrive/CV_Project/datasets/casia2/images/CASIA2.0_revised/Tp/Tp_D_CRN_M_N_ani10101_ani00081_10139.tif,1,0.781712962962963,3,1,0.02,0.5
/content/drive/MyDrive/CV_Project/datasets/casia2/images/CASIA2.0_revised/Tp/Tp_D_NRD_S_N_sec00001_cha00042_00001.tif,1,0.2888081868489583,3,1,0.02,0.5
/content/drive/MyDrive/CV_Project/datasets/casia2/images/CASIA2.0_revised/Tp/Tp_D_NNN_S_N_ani20069_ani20070_02111.tif,1,0.020303888138283044,3,1,0.02,0.5
/content/drive/MyDrive/CV_Project/datasets/casia2/images/CASIA2.0_revised/Tp/Tp_D_NRD_S_N_cha10107_cha10106_11119.jpg,1,0.5171875,3,1,0.02,0.5
/content/drive/MyDrive/CV_Project/datasets/casia2/images/CASIA2.0_revised/Tp/Tp_D_CRN_S_N_ani10182_ani10206_12423.jpg,1,0.0,3,1,0.02,0.5
/content/drive/MyDrive/CV_Project/datasets/casia2/images/CASIA2.0_revised/Tp/Tp_D_CRN_S_N_ani00008_ani00011_10221.tif,1,0.374114990234375,3,1,0.02,0.5
/content/drive/MyDrive/CV_Project/datasets/casia2/images/CASIA2.0_revised/Tp/Tp_D_NRN_S_B_ind00069_ind00098_00470.tif,1,0.033772786458333336,3,1,0.02,0.5
/content/drive/MyDrive/CV_Project/datasets/casia2/images/CASIA2.0_revised/Tp/Tp_D_NRN_S_B_arc00091_arc00095_11201.jpg,1,0.19189453125,3,1,0.02,0.5
/content/drive/MyDrive/CV_Project/datasets/casia2/images/CASIA2.0_revised/Tp/Tp_D_NRN_S_N_sec00082_ani00081_00723.tif,1,0.0,3,1,0.02,0.5
/content/drive/MyDrive/CV_Project/datasets/casia2/images/CASIA2.0_revised/Tp/Tp_D_NRD_S_N_art00070_art00092_11822.jpg,1,0.636199951171875,3,1,0.02,0.5
/content/drive/MyDrive/CV_Project/datasets/casia2/images/CASIA2.0_revised/Tp/Tp_D_NRN_M_N_sec00016_cha00070_11398.jpg,1,0.06632486979166667,3,1,0.02,0.5
/content/drive/MyDrive/CV_Project/datasets/casia2/images/CASIA2.0_revised/Tp/Tp_D_NRN_S_N_cha10109_ani00070_11586.jpg,1,0.0,3,1,0.02,0.5
/content/drive/MyDrive/CV_Project/datasets/casia2/images/CASIA2.0_revised/Tp/Tp_D_NRN_S_B_ani00067_ani00062_11127.jpg,1,0.034047444661458336,3,1,0.02,0.5
/content/drive/MyDrive/CV_Project/datasets/casia2/images/CASIA2.0_revised/Tp/Tp_D_NRN_M_N_nat10144_nat00059_11969.jpg,1,0.8260319010416667,3,1,0.02,0.5
/content/drive/MyDrive/CV_Project/datasets/casia2/images/CASIA2.0_revised/Tp/Tp_D_NNN_M_N_arc00068_arc00075_00288.tif,1,0.669525146484375,3,1,0.02,0.5
/content/drive/MyDrive/CV_Project/datasets/casia2/images/CASIA2.0_revised/Tp/Tp_D_NRD_S_N_art00005_art00076_11791.jpg,1,0.1463623046875,3,1,0.02,0.5
/content/drive/MyDrive/CV_Project/datasets/casia2/images/CASIA2.0_revised/Tp/Tp_D_CRN_S_N_sec00014_cha00086_11402.jpg,1,0.1510009765625,3,1,0.02,0.5
/content/drive/MyDrive/CV_Project/datasets/casia2/images/CASIA2.0_revised/Tp/Tp_D_CRN_S_O_nat10159_ani00024_12062.jpg,1,0.31490885416666664,3,1,0.02,0.5
/content/drive/MyDrive/CV_Project/datasets/casia2/images/CASIA2.0_revised/Tp/Tp_D_CNN_S_N_ani10198_ani10197_12407.jpg,1,0.040171715017064846,3,1,0.02,0.5
/content/drive/MyDrive/CV_Project/datasets/casia2/images/CASIA2.0_revised/Tp/Tp_D_NRN_S_B_ind00017_ind00098_00003.tif,1,0.2704366048177083,3,1,0.02,0.5
/content/drive/MyDrive/CV_Project/datasets/casia2/images/CASIA2.0_revised/Tp/Tp_D_NRN_M_N_nat10111_nat00062_11363.jpg,1,0.708282470703125,3,1,0.02,0.5
/content/drive/MyDrive/CV_Project/datasets/casia2/images/CASIA2.0_revised/Tp/Tp_D_NNN_S_N_arc00017_ani00058_00237.tif,1,0.4578857421875,3,1,0.02,0.5
/content/drive/MyDrive/CV_Project/datasets/casia2/images/CASIA2.0_revised/Tp/Tp_D_NRN_M_N_txt10111_txt10104_10810.jpg,1,0.1857032258064516,3,1,0.02,0.5
/content/drive/MyDrive/CV_Project/datasets/casia2/images/CASIA2.0_revised/Tp/Tp_D_NRD_S_N_ani00041_ani00040_00161.tif,1,0.11907958984375,3,1,0.02,0.5
/content/drive/MyDrive/CV_Project/datasets/casia2/images/CASIA2.0_revised/Tp/Tp_D_CRN_S_N_txt00041_txt00039_10829.jpg,1,0.3372294108072917,3,1,0.02,0.5
/content/drive/MyDrive/CV_Project/datasets/casia2/images/CASIA2.0_revised/Tp/Tp_D_NNN_M_O_nat00033_ani00031_10078.tif,1,0.2840677897135417,3,1,0.02,0.5
/content/drive/MyDrive/CV_Project/datasets/casia2/images/CASIA2.0_revised/Tp/Tp_D_NRN_M_N_nat10123_nat10122_11336.jpg,1,0.46942138671875,3,1,0.02,0.5
/content/drive/MyDrive/CV_Project/datasets/casia2/images/CASIA2.0_revised/Tp/Tp_D_NRN_S_N_nat00040_art00025_11472.jpg,1,0.6571553548177084,3,1,0.02,0.5
/content/drive/MyDrive/CV_Project/datasets/casia2/images/CASIA2.0_revised/Tp/Tp_D_NRN_S_B_art00004_ani00005_00493.tif,1,0.0,3,1,0.02,0.5
/content/drive/MyDrive/CV_Project/datasets/casia2/images/CASIA2.0_revised/Tp/Tp_D_NRN_M_N_nat00008_cha00072_11465.jpg,1,0.3935343424479167,3,1,0.02,0.5
/content/drive/MyDrive/CV_Project/datasets/casia2/images/CASIA2.0_revised/Tp/Tp_D_CRN_S_N_pla10121_sec00097_11692.jpg,1,0.035024007161458336,3,1,0.02,0.5
/content/drive/MyDrive/CV_Project/datasets/casia2/images/CASIA2.0_revised/Tp/Tp_D_NRN_M_N_cha10173_cha10174_12275.jpg,1,0.21222014925373134,3,1,0.02,0.5
/content/drive/MyDrive/CV_Project/datasets/casia2/images/CASIA2.0_revised/Tp/Tp_D_NRN_S_N_arc00059_cha00063_11825.jpg,1,0.16718546549479166,3,1,0.02,0.5
/content/drive/MyDrive/CV_Project/datasets/casia2/images/CASIA2.0_revised/Tp/Tp_D_NRN_M_N_nat10150_nat00095_12034.jpg,1,0.5940093994140625,3,1,0.02,0.5
/content/drive/MyDrive/CV_Project/datasets/casia2/images/CASIA2.0_revised/Tp/Tp_D_NRD_S_B_sec20094_arc20064_02444.tif,1,0.3780459159705059,3,1,0.02,0.5
/content/drive/MyDrive/CV_Project/datasets/casia2/images/CASIA2.0_revised/Tp/Tp_D_CRN_S_B_sec00093_sec00098_00113.tif,1,0.22400919596354166,3,1,0.02,0.5
/content/drive/MyDrive/CV_Project/datasets/casia2/images/CASIA2.0_revised/Tp/Tp_D_NRN_S_N_nat00044_ani00005_11435.jpg,1,0.037974039713541664,3,1,0.02,0.5
/content/drive/MyDrive/CV_Project/datasets/casia2/images/CASIA2.0_revised/Tp/Tp_D_NNN_M_N_art00069_nat10122_11845.jpg,1,0.11354573567708333,3,1,0.02,0.5
/content/drive/MyDrive/CV_Project/datasets/casia2/images/CASIA2.0_revised/Tp/Tp_D_NRN_S_B_sec00019_pla00019_20018.jpg,1,0.062154134114583336,3,1,0.02,0.5
/content/drive/MyDrive/CV_Project/datasets/casia2/images/CASIA2.0_revised/Tp/Tp_D_NRN_M_N_nat00002_cha00062_11516.jpg,1,0.046590169270833336,3,1,0.02,0.5
/content/drive/MyDrive/CV_Project/datasets/casia2/images/CASIA2.0_revised/Tp/Tp_D_NRN_S_N_ani10119_ani10118_11612.jpg,1,0.24123128255208334,3,1,0.02,0.5
/content/drive/MyDrive/CV_Project/datasets/casia2/images/CASIA2.0_revised/Tp/Tp_D_NRN_M_B_sec00002_nat10123_11396.jpg,1,0.3769022623697917,3,1,0.02,0.5
/content/drive/MyDrive/CV_Project/datasets/casia2/images/CASIA2.0_revised/Tp/Tp_D_NRN_M_N_nat10114_cha00070_11481.jpg,1,0.3963216145833333,3,1,0.02,0.5
/content/drive/MyDrive/CV_Project/datasets/casia2/images/CASIA2.0_revised/Tp/Tp_D_NRN_M_N_nat10160_nat10138_12066.jpg,1,0.05774739583333333,3,1,0.02,0.5
/content/drive/MyDrive/CV_Project/datasets/casia2/images/CASIA2.0_revised/Tp/Tp_D_CRN_M_N_pla00010_pla00020_10001.tif,1,0.10010782877604167,3,1,0.02,0.5
/content/drive/MyDrive/CV_Project/datasets/casia2/images/CASIA2.0_revised/Tp/Tp_D_NNN_S_N_art00045_cha00023_01409.tif,1,0.4782511393229167,3,1,0.02,0.5
/content/drive/MyDrive/CV_Project/datasets/casia2/images/CASIA2.0_revised/Tp/Tp_D_NRN_M_B_nat00063_arc00065_11446.jpg,1,0.031809488932291664,3,1,0.02,0.5
/content/drive/MyDrive/CV_Project/datasets/casia2/images/CASIA2.0_revised/Tp/Tp_D_NNN_S_N_art00006_ind00030_00498.tif,1,0.2662251790364583,3,1,0.02,0.5
/content/drive/MyDrive/CV_Project/datasets/casia2/images/CASIA2.0_revised/Tp/Tp_D_CRN_M_N_nat00002_nat10124_11514.jpg,1,0.043874104817708336,3,1,0.02,0.5
/content/drive/MyDrive/CV_Project/datasets/casia2/images/CASIA2.0_revised/Tp/Tp_D_CRN_M_N_ani10113_ani10119_11623.jpg,1,0.3447062174479167,3,1,0.02,0.5
/content/drive/MyDrive/CV_Project/datasets/casia2/images/CASIA2.0_revised/Tp/Tp_D_NNN_S_N_ani20016_ani20017_02059.tif,1,0.17387596899224805,3,1,0.02,0.5
/content/drive/MyDrive/CV_Project/datasets/casia2/images/CASIA2.0_revised/Tp/Tp_D_CRN_M_B_sec00085_arc00065_11450.jpg,1,0.048502604166666664,3,1,0.02,0.5
/content/drive/MyDrive/CV_Project/datasets/casia2/images/CASIA2.0_revised/Tp/Tp_D_CRD_S_N_sec00003_sec00007_00023.tif,1,0.4197285970052083,3,1,0.02,0.5
/content/drive/MyDrive/CV_Project/datasets/casia2/images/CASIA2.0_revised/Tp/Tp_D_NRN_S_N_nat10162_art00021_12086.jpg,1,0.3764477352712647,3,1,0.02,0.5
/content/drive/MyDrive/CV_Project/datasets/casia2/images/CASIA2.0_revised/Tp/Tp_D_NRD_S_B_nat20029_nat20012_02229.tif,1,0.33597879684418147,3,1,0.02,0.5
/content/drive/MyDrive/CV_Project/datasets/casia2/images/CASIA2.0_revised/Tp/Tp_D_NRN_S_N_ani00044_ani00098_11146.jpg,1,0.327178955078125,3,1,0.02,0.5
/content/drive/MyDrive/CV_Project/datasets/casia2/images/CASIA2.0_revised/Tp/Tp_D_NRD_M_N_art10018_art10017_20102.jpg,1,0.20615234375,3,1,0.02,0.5
/content/drive/MyDrive/CV_Project/datasets/casia2/images/CASIA2.0_revised/Tp/Tp_D_CNN_S_N_cha10117_nat10124_12167.jpg,1,0.416894305019305,3,1,0.02,0.5
/content/drive/MyDrive/CV_Project/datasets/casia2/images/CASIA2.0_revised/Tp/Tp_D_NNN_S_N_sec00098_sec00082_10364.tif,1,0.386871337890625,3,1,0.02,0.5
/content/drive/MyDrive/CV_Project/datasets/casia2/images/CASIA2.0_revised/Tp/Tp_D_NRN_S_N_ani00033_ani00032_10233.tif,1,0.288970947265625,3,1,0.02,0.5
/content/drive/MyDrive/CV_Project/datasets/casia2/images/CASIA2.0_revised/Tp/Tp_D_CRN_S_N_ind00089_ind00088_00484.tif,1,0.08040364583333333,3,1,0.02,0.5
/content/drive/MyDrive/CV_Project/datasets/casia2/images/CASIA2.0_revised/Tp/Tp_D_NNN_S_B_nat00038_nat00002_00652.tif,1,0.565643310546875,3,1,0.02,0.5
/content/drive/MyDrive/CV_Project/datasets/casia2/images/CASIA2.0_revised/Tp/Tp_D_CRN_S_B_cha00085_ani00064_00405.tif,1,0.0,3,1,0.02,0.5
/content/drive/MyDrive/CV_Project/datasets/casia2/images/CASIA2.0_revised/Tp/Tp_D_NNN_S_B_sec00062_cha00023_00701.tif,1,0.6856892903645834,3,1,0.02,0.5
/content/drive/MyDrive/CV_Project/datasets/casia2/images/CASIA2.0_revised/Tp/Tp_D_CNN_S_N_ani00053_ani00051_11148.jpg,1,0.0,3,1,0.02,0.5
/content/drive/MyDrive/CV_Project/datasets/casia2/images/CASIA2.0_revised/Tp/Tp_D_NNN_S_N_ind00019_ind00020_00435.tif,1,0.141387939453125,3,1,0.02,0.5
/content/drive/MyDrive/CV_Project/datasets/casia2/images/CASIA2.0_revised/Tp/Tp_D_NRD_S_N_ani00026_cha00047_00146.tif,1,0.12793986002604166,3,1,0.02,0.5
/content/drive/MyDrive/CV_Project/datasets/casia2/images/CASIA2.0_revised/Tp/Tp_D_NRN_M_O_sec10105_cha10104_10027.tif,1,0.5664444444444444,3,1,0.02,0.5
/content/drive/MyDrive/CV_Project/datasets/casia2/images/CASIA2.0_revised/Tp/Tp_D_CRN_S_N_ind00060_ind00062_10700.jpg,1,0.0,3,1,0.02,0.5
/content/drive/MyDrive/CV_Project/datasets/casia2/images/CASIA2.0_revised/Tp/Tp_D_NNN_M_N_sec00036_nat00095_00057.tif,1,0.412872314453125,3,1,0.02,0.5
/content/drive/MyDrive/CV_Project/datasets/casia2/images/CASIA2.0_revised/Tp/Tp_D_NNN_S_N_pla00063_pla00064_11223.jpg,1,0.0,3,1,0.02,0.5
/content/drive/MyDrive/CV_Project/datasets/casia2/images/CASIA2.0_revised/Tp/Tp_D_CNN_S_B_art10110_cha10110_11564.jpg,1,0.8020833333333334,3,1,0.02,0.5
/content/drive/MyDrive/CV_Project/datasets/casia2/images/CASIA2.0_revised/Tp/Tp_D_NRN_S_N_ani00051_ani00019_11857.jpg,1,0.059377034505208336,3,1,0.02,0.5
/content/drive/MyDrive/CV_Project/datasets/casia2/images/CASIA2.0_revised/Tp/Tp_D_NRN_S_N_pla00023_pla00019_10955.jpg,1,0.14848836263020834,3,1,0.02,0.5
/content/drive/MyDrive/CV_Project/datasets/casia2/images/CASIA2.0_revised/Tp/Tp_D_NND_S_N_txt00061_txt00083_10825.jpg,1,0.64422607421875,3,1,0.02,0.5
/content/drive/MyDrive/CV_Project/datasets/casia2/images/CASIA2.0_revised/Tp/Tp_D_NND_M_O_txt00033_cha00097_10172.tif,1,0.3059794108072917,3,1,0.02,0.5
/content/drive/MyDrive/CV_Project/datasets/casia2/images/CASIA2.0_revised/Tp/Tp_D_NNN_M_N_ani10132_ani10123_12477.jpg,1,0.4722954349698536,3,1,0.02,0.5
/content/drive/MyDrive/CV_Project/datasets/casia2/images/CASIA2.0_revised/Tp/Tp_D_NRN_S_N_pla10121_cha00062_11655.jpg,1,0.052480061848958336,3,1,0.02,0.5
/content/drive/MyDrive/CV_Project/datasets/casia2/images/CASIA2.0_revised/Tp/Tp_D_NRN_S_N_nat20097_nat20023_01601.tif,1,0.3486186931348222,3,1,0.02,0.5
/content/drive/MyDrive/CV_Project/datasets/casia2/images/CASIA2.0_revised/Tp/Tp_D_NRN_M_N_nat00044_art00025_11432.jpg,1,0.253997802734375,3,1,0.02,0.5
/content/drive/MyDrive/CV_Project/datasets/casia2/images/CASIA2.0_revised/Tp/Tp_D_NRN_S_N_nat10159_ani00058_12051.jpg,1,0.31599283854166665,3,1,0.02,0.5
/content/drive/MyDrive/CV_Project/datasets/casia2/images/CASIA2.0_revised/Tp/Tp_D_NRN_S_B_cha00086_art00012_00406.tif,1,0.19537353515625,3,1,0.02,0.5
/content/drive/MyDrive/CV_Project/datasets/casia2/images/CASIA2.0_revised/Tp/Tp_D_NRN_M_N_nat10148_nat10159_12124.jpg,1,0.4527309292015174,3,1,0.02,0.5
/content/drive/MyDrive/CV_Project/datasets/casia2/images/CASIA2.0_revised/Tp/Tp_D_CRN_M_N_art00097_art00049_11758.jpg,1,0.09796142578125,3,1,0.02,0.5
/content/drive/MyDrive/CV_Project/datasets/casia2/images/CASIA2.0_revised/Tp/Tp_D_NRN_S_N_art10106_cha10110_11591.jpg,1,0.296051025390625,3,1,0.02,0.5
/content/drive/MyDrive/CV_Project/datasets/casia2/images/CASIA2.0_revised/Tp/Tp_D_NRN_M_N_cha10123_nat10124_12192.jpg,1,0.5619337811900192,3,1,0.02,0.5
/content/drive/MyDrive/CV_Project/datasets/casia2/images/CASIA2.0_revised/Tp/Tp_D_CRN_S_N_art00027_art00013_00695.tif,1,0.50604248046875,3,1,0.02,0.5
/content/drive/MyDrive/CV_Project/datasets/casia2/images/CASIA2.0_revised/Tp/Tp_D_NRN_M_N_sec00087_nat00062_11410.jpg,1,0.2789713541666667,3,1,0.02,0.5
/content/drive/MyDrive/CV_Project/datasets/casia2/images/CASIA2.0_revised/Tp/Tp_D_NRN_S_B_arc00089_ani00061_00309.tif,1,0.19855753580729166,3,1,0.02,0.5
/content/drive/MyDrive/CV_Project/datasets/casia2/images/CASIA2.0_revised/Tp/Tp_D_CRN_M_N_ani10102_ani00097_10091.tif,1,0.03456018518518519,3,1,0.02,0.5
/content/drive/MyDrive/CV_Project/datasets/casia2/images/CASIA2.0_revised/Tp/Tp_D_NRN_S_N_ind00061_ani00098_00465.tif,1,0.16266886393229166,3,1,0.02,0.5
/content/drive/MyDrive/CV_Project/datasets/casia2/images/CASIA2.0_revised/Tp/Tp_D_NRN_S_N_nat10146_pla00020_12071.jpg,1,0.0,3,1,0.02,0.5
/content/drive/MyDrive/CV_Project/datasets/casia2/images/CASIA2.0_revised/Tp/Tp_D_NNN_M_B_nat00022_nat00031_00640.tif,1,0.4213968912760417,3,1,0.02,0.5
/content/drive/MyDrive/CV_Project/datasets/casia2/images/CASIA2.0_revised/Tp/Tp_D_NRN_M_N_cha10170_nat10123_12291.jpg,1,0.7740510390969974,3,1,0.02,0.5
/content/drive/MyDrive/CV_Project/datasets/casia2/images/CASIA2.0_revised/Tp/Tp_D_NRN_S_N_nat10159_ani00099_12054.jpg,1,0.31510091145833335,3,1,0.02,0.5
/content/drive/MyDrive/CV_Project/datasets/casia2/images/CASIA2.0_revised/Tp/Tp_D_NNN_S_O_txt00039_txt00042_10831.jpg,1,0.09006754557291667,3,1,0.02,0.5
/content/drive/MyDrive/CV_Project/datasets/casia2/images/CASIA2.0_revised/Tp/Tp_D_NRN_S_N_nat00002_ani00058_11515.jpg,1,0.046549479166666664,3,1,0.02,0.5
/content/drive/MyDrive/CV_Project/datasets/casia2/images/CASIA2.0_revised/Tp/Tp_D_NRN_M_N_ind00055_cha00036_11779.jpg,1,0.08182779947916667,3,1,0.02,0.5
/content/drive/MyDrive/CV_Project/datasets/casia2/images/CASIA2.0_revised/Tp/Tp_D_NRN_M_O_cha00071_cha00095_10049.tif,1,0.286865234375,3,1,0.02,0.5
/content/drive/MyDrive/CV_Project/datasets/casia2/images/CASIA2.0_revised/Tp/Tp_D_NNN_M_N_art00052_nat00095_11850.jpg,1,0.11381022135416667,3,1,0.02,0.5
/content/drive/MyDrive/CV_Project/datasets/casia2/images/CASIA2.0_revised/Tp/Tp_D_NRN_M_N_nat10145_ani00001_11979.jpg,1,0.591826171875,3,1,0.02,0.5
/content/drive/MyDrive/CV_Project/datasets/casia2/images/CASIA2.0_revised/Tp/Tp_D_NRN_S_N_pla00091_ani00031_00935.tif,1,0.0,3,1,0.02,0.5
/content/drive/MyDrive/CV_Project/datasets/casia2/images/CASIA2.0_revised/Tp/Tp_D_CRN_S_N_sec00023_ind00043_10887.jpg,1,0.2690327962239583,3,1,0.02,0.5
/content/drive/MyDrive/CV_Project/datasets/casia2/images/CASIA2.0_revised/Tp/Tp_D_NRN_S_N_cha10108_cha00050_11657.jpg,1,0.0478515625,3,1,0.02,0.5
/content/drive/MyDrive/CV_Project/datasets/casia2/images/CASIA2.0_revised/Tp/Tp_D_CRN_M_N_pla10110_sec00046_10119.tif,1,0.2515093333333333,3,1,0.02,0.5
/content/drive/MyDrive/CV_Project/datasets/casia2/images/CASIA2.0_revised/Tp/Tp_D_CRD_S_N_cha00059_cha00057_00379.tif,1,0.463653564453125,3,1,0.02,0.5
/content/drive/MyDrive/CV_Project/datasets/casia2/images/CASIA2.0_revised/Tp/Tp_D_NRN_M_N_sec00087_cha00070_11469.jpg,1,0.2695210774739583,3,1,0.02,0.5
/content/drive/MyDrive/CV_Project/datasets/casia2/images/CASIA2.0_revised/Tp/Tp_D_NRN_S_O_nat10159_ani00097_12056.jpg,1,0.304521484375,3,1,0.02,0.5
/content/drive/MyDrive/CV_Project/datasets/casia2/images/CASIA2.0_revised/Tp/Tp_D_NRN_S_N_nat00033_ani00005_11506.jpg,1,0.5084635416666666,3,1,0.02,0.5
/content/drive/MyDrive/CV_Project/datasets/casia2/images/CASIA2.0_revised/Tp/Tp_D_NRN_S_B_arc00060_arc00062_11496.jpg,1,0.13212076822916666,3,1,0.02,0.5
/content/drive/MyDrive/CV_Project/datasets/casia2/images/CASIA2.0_revised/Tp/Tp_D_NRN_M_N_nat10150_nat10125_12036.jpg,1,0.5553003946940104,3,1,0.02,0.5
/content/drive/MyDrive/CV_Project/datasets/casia2/images/CASIA2.0_revised/Tp/Tp_D_NRN_M_N_nat10148_nat00097_12122.jpg,1,0.6220668220668221,3,1,0.02,0.5
/content/drive/MyDrive/CV_Project/datasets/casia2/images/CASIA2.0_revised/Tp/Tp_D_NNN_M_N_pla10121_cha00028_11659.jpg,1,0.15630086263020834,3,1,0.02,0.5
/content/drive/MyDrive/CV_Project/datasets/casia2/images/CASIA2.0_revised/Tp/Tp_D_NRN_M_N_pla10124_cha00062_11557.jpg,1,0.06813557942708333,3,1,0.02,0.5
/content/drive/MyDrive/CV_Project/datasets/casia2/images/CASIA2.0_revised/Tp/Tp_D_NRN_S_B_art00044_ind00098_00490.tif,1,0.18598429361979166,3,1,0.02,0.5
/content/drive/MyDrive/CV_Project/datasets/casia2/images/CASIA2.0_revised/Tp/Tp_D_NRN_M_B_ani00019_nat00013_11867.jpg,1,0.4568277994791667,3,1,0.02,0.5
/content/drive/MyDrive/CV_Project/datasets/casia2/images/CASIA2.0_revised/Tp/Tp_D_NRN_S_N_art00071_art00098_10481.tif,1,0.122344970703125,3,1,0.02,0.5
/content/drive/MyDrive/CV_Project/datasets/casia2/images/CASIA2.0_revised/Tp/Tp_D_NNN_S_B_ani00076_ani00077_00196.tif,1,0.3186136881510417,3,1,0.02,0.5
/content/drive/MyDrive/CV_Project/datasets/casia2/images/CASIA2.0_revised/Tp/Tp_D_NRN_M_N_nat10164_nat10124_12095.jpg,1,0.8067781891311303,3,1,0.02,0.5
/content/drive/MyDrive/CV_Project/datasets/casia2/images/CASIA2.0_revised/Tp/Tp_D_NRN_S_B_arc00055_ani00005_00275.tif,1,0.062204996744791664,3,1,0.02,0.5
/content/drive/MyDrive/CV_Project/datasets/casia2/images/CASIA2.0_revised/Tp/Tp_D_NRN_S_N_art00013_art00082_11816.jpg,1,0.08942667643229167,3,1,0.02,0.5
/content/drive/MyDrive/CV_Project/datasets/casia2/images/CASIA2.0_revised/Tp/Tp_D_NNN_S_B_txt00068_cha00065_10178.tif,1,0.0,3,1,0.02,0.5
/content/drive/MyDrive/CV_Project/datasets/casia2/images/CASIA2.0_revised/Tp/Tp_D_NRN_M_N_nat00083_ani00037_10055.tif,1,0.5779317220052084,3,1,0.02,0.5
/content/drive/MyDrive/CV_Project/datasets/casia2/images/CASIA2.0_revised/Tp/Tp_D_NNN_M_O_sec00039_nat00001_00060.tif,1,0.443695068359375,3,1,0.02,0.5
/content/drive/MyDrive/CV_Project/datasets/casia2/images/CASIA2.0_revised/Tp/Tp_D_NRN_M_B_nat10148_nat10160_12123.jpg,1,0.4515608574432104,3,1,0.02,0.5
/content/drive/MyDrive/CV_Project/datasets/casia2/images/CASIA2.0_revised/Tp/Tp_D_NRD_S_N_cha00006_cha00005_00326.tif,1,0.3988850911458333,3,1,0.02,0.5
/content/drive/MyDrive/CV_Project/datasets/casia2/images/CASIA2.0_revised/Au/Au_ani_00001.jpg,0,0.06561279296875,3,1,0.02,0.5
/content/drive/MyDrive/CV_Project/datasets/casia2/images/CASIA2.0_revised/Au/Au_ani_00002.jpg,0,0.0,3,1,0.02,0.5
/content/drive/MyDrive/CV_Project/datasets/casia2/images/CASIA2.0_revised/Au/Au_ani_00003.jpg,0,0.736663818359375,3,1,0.02,0.5
/content/drive/MyDrive/CV_Project/datasets/casia2/images/CASIA2.0_revised/Au/Au_ani_00004.jpg,0,0.0,3,1,0.02,0.5
/content/drive/MyDrive/CV_Project/datasets/casia2/images/CASIA2.0_revised/Au/Au_ani_00005.jpg,0,0.04058837890625,3,1,0.02,0.5
/content/drive/MyDrive/CV_Project/datasets/casia2/images/CASIA2.0_revised/Au/Au_ani_00006.jpg,0,0.0,3,1,0.02,0.5
/content/drive/MyDrive/CV_Project/datasets/casia2/images/CASIA2.0_revised/Au/Au_ani_00007.jpg,0,0.2916056315104167,3,1,0.02,0.5
/content/drive/MyDrive/CV_Project/datasets/casia2/images/CASIA2.0_revised/Au/Au_ani_00008.jpg,0,0.3452351888020833,3,1,0.02,0.5
/content/drive/MyDrive/CV_Project/datasets/casia2/images/CASIA2.0_revised/Au/Au_ani_00009.jpg,0,0.1769612630208333,3,1,0.02,0.5
/content/drive/MyDrive/CV_Project/datasets/casia2/images/CASIA2.0_revised/Au/Au_ani_00010.jpg,0,0.0403340657552083,3,1,0.02,0.5
/content/drive/MyDrive/CV_Project/datasets/casia2/images/CASIA2.0_revised/Au/Au_ani_00011.jpg,0,0.0,3,1,0.02,0.5
/content/drive/MyDrive/CV_Project/datasets/casia2/images/CASIA2.0_revised/Au/Au_ani_00012.jpg,0,0.0309244791666666,3,1,0.02,0.5
/content/drive/MyDrive/CV_Project/datasets/casia2/images/CASIA2.0_revised/Au/Au_ani_00013.jpg,0,0.4680989583333333,3,1,0.02,0.5
/content/drive/MyDrive/CV_Project/datasets/casia2/images/CASIA2.0_revised/Au/Au_ani_00014.jpg,0,0.0,3,1,0.02,0.5
/content/drive/MyDrive/CV_Project/datasets/casia2/images/CASIA2.0_revised/Au/Au_ani_00015.jpg,0,0.0620218912760416,3,1,0.02,0.5
/content/drive/MyDrive/CV_Project/datasets/casia2/images/CASIA2.0_revised/Au/Au_ani_00016.jpg,0,0.1653035481770833,3,1,0.02,0.5
/content/drive/MyDrive/CV_Project/datasets/casia2/images/CASIA2.0_revised/Au/Au_ani_00017.jpg,0,0.0492655436197916,3,1,0.02,0.5
/content/drive/MyDrive/CV_Project/datasets/casia2/images/CASIA2.0_revised/Au/Au_ani_00018.jpg,0,0.377899169921875,3,1,0.02,0.5
/content/drive/MyDrive/CV_Project/datasets/casia2/images/CASIA2.0_revised/Au/Au_ani_00019.jpg,0,0.4462381998697917,3,1,0.02,0.5
/content/drive/MyDrive/CV_Project/datasets/casia2/images/CASIA2.0_revised/Au/Au_ani_00020.jpg,0,0.037078857421875,3,1,0.02,0.5
/content/drive/MyDrive/CV_Project/datasets/casia2/images/CASIA2.0_revised/Au/Au_ani_00021.jpg,0,0.1760965983072916,3,1,0.02,0.5
/content/drive/MyDrive/CV_Project/datasets/casia2/images/CASIA2.0_revised/Au/Au_ani_00022.jpg,0,0.0,3,1,0.02,0.5
/content/drive/MyDrive/CV_Project/datasets/casia2/images/CASIA2.0_revised/Au/Au_ani_00023.jpg,0,0.191314697265625,3,1,0.02,0.5
/content/drive/MyDrive/CV_Project/datasets/casia2/images/CASIA2.0_revised/Au/Au_ani_00024.jpg,0,0.2632548014322917,3,1,0.02,0.5
/content/drive/MyDrive/CV_Project/datasets/casia2/images/CASIA2.0_revised/Au/Au_ani_00025.jpg,0,0.1341552734375,3,1,0.02,0.5
/content/drive/MyDrive/CV_Project/datasets/casia2/images/CASIA2.0_revised/Au/Au_ani_00026.jpg,0,0.0,3,1,0.02,0.5
/content/drive/MyDrive/CV_Project/datasets/casia2/images/CASIA2.0_revised/Au/Au_ani_00027.jpg,0,0.0693562825520833,3,1,0.02,0.5
/content/drive/MyDrive/CV_Project/datasets/casia2/images/CASIA2.0_revised/Au/Au_ani_00028.jpg,0,0.0,3,1,0.02,0.5
/content/drive/MyDrive/CV_Project/datasets/casia2/images/CASIA2.0_revised/Au/Au_ani_00029.jpg,0,0.1140848795572916,3,1,0.02,0.5
/content/drive/MyDrive/CV_Project/datasets/casia2/images/CASIA2.0_revised/Au/Au_ani_00030.jpg,0,0.4578959147135417,3,1,0.02,0.5
/content/drive/MyDrive/CV_Project/datasets/casia2/images/CASIA2.0_revised/Au/Au_ani_00031.jpg,0,0.1458841959635416,3,1,0.02,0.5
/content/drive/MyDrive/CV_Project/datasets/casia2/images/CASIA2.0_revised/Au/Au_ani_00032.jpg,0,0.3337809244791667,3,1,0.02,0.5
/content/drive/MyDrive/CV_Project/datasets/casia2/images/CASIA2.0_revised/Au/Au_ani_00033.jpg,0,0.1838887532552083,3,1,0.02,0.5
/content/drive/MyDrive/CV_Project/datasets/casia2/images/CASIA2.0_revised/Au/Au_ani_00034.jpg,0,0.3240152994791667,3,1,0.02,0.5
/content/drive/MyDrive/CV_Project/datasets/casia2/images/CASIA2.0_revised/Au/Au_ani_00035.jpg,0,0.1011962890625,3,1,0.02,0.5
/content/drive/MyDrive/CV_Project/datasets/casia2/images/CASIA2.0_revised/Au/Au_ani_00036.jpg,0,0.0,3,1,0.02,0.5
/content/drive/MyDrive/CV_Project/datasets/casia2/images/CASIA2.0_revised/Au/Au_ani_00037.jpg,0,0.24932861328125,3,1,0.02,0.5
/content/drive/MyDrive/CV_Project/datasets/casia2/images/CASIA2.0_revised/Au/Au_ani_00038.jpg,0,0.452362060546875,3,1,0.02,0.5
/content/drive/MyDrive/CV_Project/datasets/casia2/images/CASIA2.0_revised/Au/Au_ani_00039.jpg,0,0.2106221516927083,3,1,0.02,0.5
/content/drive/MyDrive/CV_Project/datasets/casia2/images/CASIA2.0_revised/Au/Au_ani_00040.jpg,0,0.1330769856770833,3,1,0.02,0.5
/content/drive/MyDrive/CV_Project/datasets/casia2/images/CASIA2.0_revised/Au/Au_ani_00041.jpg,0,0.4396260579427083,3,1,0.02,0.5
/content/drive/MyDrive/CV_Project/datasets/casia2/images/CASIA2.0_revised/Au/Au_ani_00042.jpg,0,0.0,3,1,0.02,0.5
/content/drive/MyDrive/CV_Project/datasets/casia2/images/CASIA2.0_revised/Au/Au_ani_00043.jpg,0,0.2112019856770833,3,1,0.02,0.5
/content/drive/MyDrive/CV_Project/datasets/casia2/images/CASIA2.0_revised/Au/Au_ani_00044.jpg,0,0.2962849934895833,3,1,0.02,0.5
/content/drive/MyDrive/CV_Project/datasets/casia2/images/CASIA2.0_revised/Au/Au_ani_00045.jpg,0,0.113616943359375,3,1,0.02,0.5
/content/drive/MyDrive/CV_Project/datasets/casia2/images/CASIA2.0_revised/Au/Au_ani_00046.jpg,0,0.5060323079427084,3,1,0.02,0.5
/content/drive/MyDrive/CV_Project/datasets/casia2/images/CASIA2.0_revised/Au/Au_ani_00047.jpg,0,0.0292867024739583,3,1,0.02,0.5
/content/drive/MyDrive/CV_Project/datasets/casia2/images/CASIA2.0_revised/Au/Au_ani_00048.jpg,0,0.2003987630208333,3,1,0.02,0.5
/content/drive/MyDrive/CV_Project/datasets/casia2/images/CASIA2.0_revised/Au/Au_ani_00049.jpg,0,0.2335103352864583,3,1,0.02,0.5
/content/drive/MyDrive/CV_Project/datasets/casia2/images/CASIA2.0_revised/Au/Au_ani_00050.jpg,0,0.0,3,1,0.02,0.5
/content/drive/MyDrive/CV_Project/datasets/casia2/images/CASIA2.0_revised/Au/Au_ani_00051.jpg,0,0.0,3,1,0.02,0.5
/content/drive/MyDrive/CV_Project/datasets/casia2/images/CASIA2.0_revised/Au/Au_ani_00052.jpg,0,0.0,3,1,0.02,0.5
/content/drive/MyDrive/CV_Project/datasets/casia2/images/CASIA2.0_revised/Au/Au_ani_00053.jpg,0,0.0,3,1,0.02,0.5
/content/drive/MyDrive/CV_Project/datasets/casia2/images/CASIA2.0_revised/Au/Au_ani_00054.jpg,0,0.0,3,1,0.02,0.5
/content/drive/MyDrive/CV_Project/datasets/casia2/images/CASIA2.0_revised/Au/Au_ani_00055.jpg,0,0.0,3,1,0.02,0.5
/content/drive/MyDrive/CV_Project/datasets/casia2/images/CASIA2.0_revised/Au/Au_ani_00056.jpg,0,0.4730122884114583,3,1,0.02,0.5
/content/drive/MyDrive/CV_Project/datasets/casia2/images/CASIA2.0_revised/Au/Au_ani_00057.jpg,0,0.2770284016927083,3,1,0.02,0.5
/content/drive/MyDrive/CV_Project/datasets/casia2/images/CASIA2.0_revised/Au/Au_ani_00058.jpg,0,0.0624898274739583,3,1,0.02,0.5
/content/drive/MyDrive/CV_Project/datasets/casia2/images/CASIA2.0_revised/Au/Au_ani_00059.jpg,0,0.2022196451822916,3,1,0.02,0.5
/content/drive/MyDrive/CV_Project/datasets/casia2/images/CASIA2.0_revised/Au/Au_ani_00060.jpg,0,0.0,3,1,0.02,0.5
/content/drive/MyDrive/CV_Project/datasets/casia2/images/CASIA2.0_revised/Au/Au_ani_00061.jpg,0,0.4839986165364583,3,1,0.02,0.5
/content/drive/MyDrive/CV_Project/datasets/casia2/images/CASIA2.0_revised/Au/Au_ani_00062.jpg,0,0.0,3,1,0.02,0.5
/content/drive/MyDrive/CV_Project/datasets/casia2/images/CASIA2.0_revised/Au/Au_ani_00063.jpg,0,0.0,3,1,0.02,0.5
/content/drive/MyDrive/CV_Project/datasets/casia2/images/CASIA2.0_revised/Au/Au_ani_00064.jpg,0,0.4004618326822917,3,1,0.02,0.5
/content/drive/MyDrive/CV_Project/datasets/casia2/images/CASIA2.0_revised/Au/Au_ani_00065.jpg,0,0.0,3,1,0.02,0.5
/content/drive/MyDrive/CV_Project/datasets/casia2/images/CASIA2.0_revised/Au/Au_ani_00066.jpg,0,0.0,3,1,0.02,0.5
/content/drive/MyDrive/CV_Project/datasets/casia2/images/CASIA2.0_revised/Au/Au_ani_00067.jpg,0,0.0,3,1,0.02,0.5
/content/drive/MyDrive/CV_Project/datasets/casia2/images/CASIA2.0_revised/Au/Au_ani_00068.jpg,0,0.2894795735677083,3,1,0.02,0.5
/content/drive/MyDrive/CV_Project/datasets/casia2/images/CASIA2.0_revised/Au/Au_ani_00069.jpg,0,0.27459716796875,3,1,0.02,0.5
/content/drive/MyDrive/CV_Project/datasets/casia2/images/CASIA2.0_revised/Au/Au_ani_00070.jpg,0,0.0,3,1,0.02,0.5
/content/drive/MyDrive/CV_Project/datasets/casia2/images/CASIA2.0_revised/Au/Au_ani_00071.jpg,0,0.0286966959635416,3,1,0.02,0.5
/content/drive/MyDrive/CV_Project/datasets/casia2/images/CASIA2.0_revised/Au/Au_ani_00072.jpg,0,0.0,3,1,0.02,0.5
/content/drive/MyDrive/CV_Project/datasets/casia2/images/CASIA2.0_revised/Au/Au_ani_00073.jpg,0,0.0395304361979166,3,1,0.02,0.5
/content/drive/MyDrive/CV_Project/datasets/casia2/images/CASIA2.0_revised/Au/Au_ani_00074.jpg,0,0.1263834635416666,3,1,0.02,0.5
/content/drive/MyDrive/CV_Project/datasets/casia2/images/CASIA2.0_revised/Au/Au_ani_00075.jpg,0,0.0,3,1,0.02,0.5
/content/drive/MyDrive/CV_Project/datasets/casia2/images/CASIA2.0_revised/Au/Au_ani_00076.jpg,0,0.31787109375,3,1,0.02,0.5
/content/drive/MyDrive/CV_Project/datasets/casia2/images/CASIA2.0_revised/Au/Au_ani_00077.jpg,0,0.0,3,1,0.02,0.5
/content/drive/MyDrive/CV_Project/datasets/casia2/images/CASIA2.0_revised/Au/Au_ani_00078.jpg,0,0.0284016927083333,3,1,0.02,0.5
/content/drive/MyDrive/CV_Project/datasets/casia2/images/CASIA2.0_revised/Au/Au_ani_00079.jpg,0,0.2013753255208333,3,1,0.02,0.5
/content/drive/MyDrive/CV_Project/datasets/casia2/images/CASIA2.0_revised/Au/Au_ani_00080.jpg,0,0.3644612630208333,3,1,0.02,0.5
/content/drive/MyDrive/CV_Project/datasets/casia2/images/CASIA2.0_revised/Au/Au_ani_00081.jpg,0,0.0575968424479166,3,1,0.02,0.5
/content/drive/MyDrive/CV_Project/datasets/casia2/images/CASIA2.0_revised/Au/Au_ani_00082.jpg,0,0.0,3,1,0.02,0.5
/content/drive/MyDrive/CV_Project/datasets/casia2/images/CASIA2.0_revised/Au/Au_ani_00083.jpg,0,0.2753804524739583,3,1,0.02,0.5
/content/drive/MyDrive/CV_Project/datasets/casia2/images/CASIA2.0_revised/Au/Au_ani_00084.jpg,0,0.3704427083333333,3,1,0.02,0.5
/content/drive/MyDrive/CV_Project/datasets/casia2/images/CASIA2.0_revised/Au/Au_ani_00085.jpg,0,0.0,3,1,0.02,0.5
/content/drive/MyDrive/CV_Project/datasets/casia2/images/CASIA2.0_revised/Au/Au_ani_00086.jpg,0,0.058929443359375,3,1,0.02,0.5
/content/drive/MyDrive/CV_Project/datasets/casia2/images/CASIA2.0_revised/Au/Au_ani_00087.jpg,0,0.0,3,1,0.02,0.5
/content/drive/MyDrive/CV_Project/datasets/casia2/images/CASIA2.0_revised/Au/Au_ani_00088.jpg,0,0.0306498209635416,3,1,0.02,0.5
/content/drive/MyDrive/CV_Project/datasets/casia2/images/CASIA2.0_revised/Au/Au_ani_00089.jpg,0,0.1243184407552083,3,1,0.02,0.5
/content/drive/MyDrive/CV_Project/datasets/casia2/images/CASIA2.0_revised/Au/Au_ani_00090.jpg,0,0.0834147135416666,3,1,0.02,0.5
/content/drive/MyDrive/CV_Project/datasets/casia2/images/CASIA2.0_revised/Au/Au_ani_00091.jpg,0,0.2613321940104167,3,1,0.02,0.5
/content/drive/MyDrive/CV_Project/datasets/casia2/images/CASIA2.0_revised/Au/Au_ani_00092.jpg,0,0.2711283365885417,3,1,0.02,0.5
/content/drive/MyDrive/CV_Project/datasets/casia2/images/CASIA2.0_revised/Au/Au_ani_00093.jpg,0,0.0,3,1,0.02,0.5
/content/drive/MyDrive/CV_Project/datasets/casia2/images/CASIA2.0_revised/Au/Au_ani_00094.jpg,0,0.0,3,1,0.02,0.5
/content/drive/MyDrive/CV_Project/datasets/casia2/images/CASIA2.0_revised/Au/Au_ani_00095.jpg,0,0.0,3,1,0.02,0.5
/content/drive/MyDrive/CV_Project/datasets/casia2/images/CASIA2.0_revised/Au/Au_ani_00096.jpg,0,0.3536885579427083,3,1,0.02,0.5
/content/drive/MyDrive/CV_Project/datasets/casia2/images/CASIA2.0_revised/Au/Au_ani_00097.jpg,0,0.0822855631510416,3,1,0.02,0.5
/content/drive/MyDrive/CV_Project/datasets/casia2/images/CASIA2.0_revised/Au/Au_ani_00098.jpg,0,0.0561319986979166,3,1,0.02,0.5
/content/drive/MyDrive/CV_Project/datasets/casia2/images/CASIA2.0_revised/Au/Au_ani_00099.jpg,0,0.357696533203125,3,1,0.02,0.5
/content/drive/MyDrive/CV_Project/datasets/casia2/images/CASIA2.0_revised/Au/Au_ani_00100.jpg,0,0.1496683756510416,3,1,0.02,0.5
/content/drive/MyDrive/CV_Project/datasets/casia2/images/CASIA2.0_revised/Au/Au_ani_10001.jpg,0,0.3910051305970149,3,1,0.02,0.5
/content/drive/MyDrive/CV_Project/datasets/casia2/images/CASIA2.0_revised/Au/Au_ani_10002.jpg,0,0.0,3,1,0.02,0.5
/content/drive/MyDrive/CV_Project/datasets/casia2/images/CASIA2.0_revised/Au/Au_ani_10003.jpg,0,0.3803639846743295,3,1,0.02,0.5
/content/drive/MyDrive/CV_Project/datasets/casia2/images/CASIA2.0_revised/Au/Au_ani_10004.jpg,0,0.1291048177083333,3,1,0.02,0.5
/content/drive/MyDrive/CV_Project/datasets/casia2/images/CASIA2.0_revised/Au/Au_ani_10005.jpg,0,0.0523177083333333,3,1,0.02,0.5
/content/drive/MyDrive/CV_Project/datasets/casia2/images/CASIA2.0_revised/Au/Au_ani_10101.jpg,0,0.7881018518518519,3,1,0.02,0.5
/content/drive/MyDrive/CV_Project/datasets/casia2/images/CASIA2.0_revised/Au/Au_ani_10102.jpg,0,0.0,3,1,0.02,0.5
/content/drive/MyDrive/CV_Project/datasets/casia2/images/CASIA2.0_revised/Au/Au_ani_10103.jpg,0,0.1399537037037037,3,1,0.02,0.5
/content/drive/MyDrive/CV_Project/datasets/casia2/images/CASIA2.0_revised/Au/Au_ani_10104.jpg,0,0.0374074074074074,3,1,0.02,0.5
/content/drive/MyDrive/CV_Project/datasets/casia2/images/CASIA2.0_revised/Au/Au_ani_10105.jpg,0,0.0,3,1,0.02,0.5
/content/drive/MyDrive/CV_Project/datasets/casia2/images/CASIA2.0_revised/Au/Au_ani_10106.jpg,0,0.0854826666666666,3,1,0.02,0.5
/content/drive/MyDrive/CV_Project/datasets/casia2/images/CASIA2.0_revised/Au/Au_ani_10107.jpg,0,0.0,3,1,0.02,0.5
/content/drive/MyDrive/CV_Project/datasets/casia2/images/CASIA2.0_revised/Au/Au_ani_10108.jpg,0,0.0371893333333333,3,1,0.02,0.5
/content/drive/MyDrive/CV_Project/datasets/casia2/images/CASIA2.0_revised/Au/Au_ani_10109.jpg,0,0.0,3,1,0.02,0.5
/content/drive/MyDrive/CV_Project/datasets/casia2/images/CASIA2.0_revised/Au/Au_ani_10110.jpg,0,0.690576,3,1,0.02,0.5
/content/drive/MyDrive/CV_Project/datasets/casia2/images/CASIA2.0_revised/Au/Au_ani_10111.jpg,0,0.2289546666666666,3,1,0.02,0.5
/content/drive/MyDrive/CV_Project/datasets/casia2/images/CASIA2.0_revised/Au/Au_ani_10112.jpg,0,0.0,3,1,0.02,0.5
/content/drive/MyDrive/CV_Project/datasets/casia2/images/CASIA2.0_revised/Au/Au_ani_10113.jpg,0,0.2528889973958333,3,1,0.02,0.5
/content/drive/MyDrive/CV_Project/datasets/casia2/images/CASIA2.0_revised/Au/Au_ani_10114.jpg,0,0.0,3,1,0.02,0.5
/content/drive/MyDrive/CV_Project/datasets/casia2/images/CASIA2.0_revised/Au/Au_ani_10115.jpg,0,0.2378641764322916,3,1,0.02,0.5
/content/drive/MyDrive/CV_Project/datasets/casia2/images/CASIA2.0_revised/Au/Au_ani_10116.jpg,0,0.4516092936197917,3,1,0.02,0.5
/content/drive/MyDrive/CV_Project/datasets/casia2/images/CASIA2.0_revised/Au/Au_ani_10117.jpg,0,0.313262939453125,3,1,0.02,0.5
/content/drive/MyDrive/CV_Project/datasets/casia2/images/CASIA2.0_revised/Au/Au_ani_10118.jpg,0,0.092193603515625,3,1,0.02,0.5
/content/drive/MyDrive/CV_Project/datasets/casia2/images/CASIA2.0_revised/Au/Au_ani_10119.jpg,0,0.2046305338541666,3,1,0.02,0.5
/content/drive/MyDrive/CV_Project/datasets/casia2/images/CASIA2.0_revised/Au/Au_ani_10120.jpg,0,0.0,3,1,0.02,0.5
/content/drive/MyDrive/CV_Project/datasets/casia2/images/CASIA2.0_revised/Au/Au_ani_10121.jpg,0,0.1028035481770833,3,1,0.02,0.5
/content/drive/MyDrive/CV_Project/datasets/casia2/images/CASIA2.0_revised/Au/Au_ani_10122.jpg,0,0.5184427897135416,3,1,0.02,0.5
/content/drive/MyDrive/CV_Project/datasets/casia2/images/CASIA2.0_revised/Au/Au_ani_10123.jpg,0,0.3022257486979167,3,1,0.02,0.5
/content/drive/MyDrive/CV_Project/datasets/casia2/images/CASIA2.0_revised/Au/Au_ani_10125.jpg,0,0.3846852425180598,3,1,0.02,0.5
/content/drive/MyDrive/CV_Project/datasets/casia2/images/CASIA2.0_revised/Au/Au_ani_10126.jpg,0,0.962725925925926,3,1,0.02,0.5
/content/drive/MyDrive/CV_Project/datasets/casia2/images/CASIA2.0_revised/Au/Au_ani_10127.jpg,0,0.469646686159844,3,1,0.02,0.5
/content/drive/MyDrive/CV_Project/datasets/casia2/images/CASIA2.0_revised/Au/Au_ani_10128.jpg,0,0.1484541666666666,3,1,0.02,0.5
/content/drive/MyDrive/CV_Project/datasets/casia2/images/CASIA2.0_revised/Au/Au_ani_10129.jpg,0,0.445252557544757,3,1,0.02,0.5
/content/drive/MyDrive/CV_Project/datasets/casia2/images/CASIA2.0_revised/Au/Au_ani_10130.jpg,0,0.1941402497598463,3,1,0.02,0.5
/content/drive/MyDrive/CV_Project/datasets/casia2/images/CASIA2.0_revised/Au/Au_ani_10131.jpg,0,0.1930098904036354,3,1,0.02,0.5
/content/drive/MyDrive/CV_Project/datasets/casia2/images/CASIA2.0_revised/Au/Au_ani_10132.jpg,0,0.3501119724375538,3,1,0.02,0.5
/content/drive/MyDrive/CV_Project/datasets/casia2/images/CASIA2.0_revised/Au/Au_ani_10133.jpg,0,0.6134861729616802,3,1,0.02,0.5
/content/drive/MyDrive/CV_Project/datasets/casia2/images/CASIA2.0_revised/Au/Au_ani_10134.jpg,0,0.463733850129199,3,1,0.02,0.5
/content/drive/MyDrive/CV_Project/datasets/casia2/images/CASIA2.0_revised/Au/Au_ani_10135.jpg,0,0.1651636520241171,3,1,0.02,0.5
/content/drive/MyDrive/CV_Project/datasets/casia2/images/CASIA2.0_revised/Au/Au_ani_10136.jpg,0,0.4329586563307493,3,1,0.02,0.5
/content/drive/MyDrive/CV_Project/datasets/casia2/images/CASIA2.0_revised/Au/Au_ani_10137.jpg,0,0.0,3,1,0.02,0.5
/content/drive/MyDrive/CV_Project/datasets/casia2/images/CASIA2.0_revised/Au/Au_ani_10138.jpg,0,0.7511326442721792,3,1,0.02,0.5
/content/drive/MyDrive/CV_Project/datasets/casia2/images/CASIA2.0_revised/Au/Au_ani_10139.jpg,0,0.2045779500430663,3,1,0.02,0.5
/content/drive/MyDrive/CV_Project/datasets/casia2/images/CASIA2.0_revised/Au/Au_ani_10140.jpg,0,0.0,3,1,0.02,0.5
/content/drive/MyDrive/CV_Project/datasets/casia2/images/CASIA2.0_revised/Au/Au_ani_10141.jpg,0,0.6550301464254953,3,1,0.02,0.5
/content/drive/MyDrive/CV_Project/datasets/casia2/images/CASIA2.0_revised/Au/Au_ani_10142.jpg,0,0.0,3,1,0.02,0.5
/content/drive/MyDrive/CV_Project/datasets/casia2/images/CASIA2.0_revised/Au/Au_ani_10143.jpg,0,0.3827568144937658,3,1,0.02,0.5
/content/drive/MyDrive/CV_Project/datasets/casia2/images/CASIA2.0_revised/Au/Au_ani_10144.jpg,0,0.4240329218106995,3,1,0.02,0.5
/content/drive/MyDrive/CV_Project/datasets/casia2/images/CASIA2.0_revised/Au/Au_ani_10145.jpg,0,0.5195666666666666,3,1,0.02,0.5
/content/drive/MyDrive/CV_Project/datasets/casia2/images/CASIA2.0_revised/Au/Au_ani_10146.jpg,0,0.7910333333333334,3,1,0.02,0.5
/content/drive/MyDrive/CV_Project/datasets/casia2/images/CASIA2.0_revised/Au/Au_ani_10147.jpg,0,0.0252916666666666,3,1,0.02,0.5
/content/drive/MyDrive/CV_Project/datasets/casia2/images/CASIA2.0_revised/Au/Au_ani_10148.jpg,0,0.0,3,1,0.02,0.5
/content/drive/MyDrive/CV_Project/datasets/casia2/images/CASIA2.0_revised/Au/Au_ani_10149.jpg,0,0.9720555555555556,3,1,0.02,0.5
/content/drive/MyDrive/CV_Project/datasets/casia2/images/CASIA2.0_revised/Au/Au_ani_10150.jpg,0,0.0243918291550603,3,1,0.02,0.5
/content/drive/MyDrive/CV_Project/datasets/casia2/images/CASIA2.0_revised/Au/Au_ani_10151.jpg,0,0.2014934456928838,3,1,0.02,0.5
/content/drive/MyDrive/CV_Project/datasets/casia2/images/CASIA2.0_revised/Au/Au_ani_10152.jpg,0,0.1541608796296296,3,1,0.02,0.5
/content/drive/MyDrive/CV_Project/datasets/casia2/images/CASIA2.0_revised/Au/Au_ani_10153.jpg,0,0.4299479166666666,3,1,0.02,0.5
/content/drive/MyDrive/CV_Project/datasets/casia2/images/CASIA2.0_revised/Au/Au_ani_10154.jpg,0,0.8726635514018691,3,1,0.02,0.5
/content/drive/MyDrive/CV_Project/datasets/casia2/images/CASIA2.0_revised/Au/Au_ani_10155.jpg,0,0.3245247395833333,3,1,0.02,0.5
/content/drive/MyDrive/CV_Project/datasets/casia2/images/CASIA2.0_revised/Au/Au_ani_10156.jpg,0,0.2703580901856764,3,1,0.02,0.5
/content/drive/MyDrive/CV_Project/datasets/casia2/images/CASIA2.0_revised/Au/Au_ani_10157.jpg,0,0.8689620355411954,3,1,0.02,0.5
/content/drive/MyDrive/CV_Project/datasets/casia2/images/CASIA2.0_revised/Au/Au_ani_10158.jpg,0,0.0,3,1,0.02,0.5
/content/drive/MyDrive/CV_Project/datasets/casia2/images/CASIA2.0_revised/Au/Au_ani_10159.jpg,0,0.0,3,1,0.02,0.5
/content/drive/MyDrive/CV_Project/datasets/casia2/images/CASIA2.0_revised/Au/Au_ani_10160.jpg,0,0.1369038431856768,3,1,0.02,0.5
/content/drive/MyDrive/CV_Project/datasets/casia2/images/CASIA2.0_revised/Au/Au_ani_10161.jpg,0,0.3684263218025276,3,1,0.02,0.5
/content/drive/MyDrive/CV_Project/datasets/casia2/images/CASIA2.0_revised/Au/Au_ani_10162.jpg,0,0.1588538646157689,3,1,0.02,0.5
/content/drive/MyDrive/CV_Project/datasets/casia2/images/CASIA2.0_revised/Au/Au_ani_10163.jpg,0,0.5096297507300083,3,1,0.02,0.5
/content/drive/MyDrive/CV_Project/datasets/casia2/images/CASIA2.0_revised/Au/Au_ani_10164.jpg,0,0.3667485801660113,3,1,0.02,0.5
/content/drive/MyDrive/CV_Project/datasets/casia2/images/CASIA2.0_revised/Au/Au_ani_10165.jpg,0,0.0,3,1,0.02,0.5
/content/drive/MyDrive/CV_Project/datasets/casia2/images/CASIA2.0_revised/Au/Au_ani_10166.jpg,0,0.0,3,1,0.02,0.5
/content/drive/MyDrive/CV_Project/datasets/casia2/images/CASIA2.0_revised/Au/Au_ani_10167.jpg,0,0.0943704858710522,3,1,0.02,0.5
/content/drive/MyDrive/CV_Project/datasets/casia2/images/CASIA2.0_revised/Au/Au_ani_10168.jpg,0,0.0225520833333333,3,1,0.02,0.5
/content/drive/MyDrive/CV_Project/datasets/casia2/images/CASIA2.0_revised/Au/Au_ani_10169.jpg,0,0.0,3,1,0.02,0.5
/content/drive/MyDrive/CV_Project/datasets/casia2/images/CASIA2.0_revised/Au/Au_ani_10170.jpg,0,0.2395553985927682,3,1,0.02,0.5
/content/drive/MyDrive/CV_Project/datasets/casia2/images/CASIA2.0_revised/Au/Au_ani_10171.jpg,0,0.8212266666666667,3,1,0.02,0.5
/content/drive/MyDrive/CV_Project/datasets/casia2/images/CASIA2.0_revised/Au/Au_ani_10172.jpg,0,0.053004436728395,3,1,0.02,0.5
/content/drive/MyDrive/CV_Project/datasets/casia2/images/CASIA2.0_revised/Au/Au_ani_10173.jpg,0,0.0569690024012224,3,1,0.02,0.5
/content/drive/MyDrive/CV_Project/datasets/casia2/images/CASIA2.0_revised/Au/Au_ani_10174.jpg,0,0.0825919507028692,3,1,0.02,0.5
/content/drive/MyDrive/CV_Project/datasets/casia2/images/CASIA2.0_revised/Au/Au_ani_10175.jpg,0,0.4207426985863005,3,1,0.02,0.5
/content/drive/MyDrive/CV_Project/datasets/casia2/images/CASIA2.0_revised/Au/Au_ani_10176.jpg,0,0.1608259587020649,3,1,0.02,0.5
/content/drive/MyDrive/CV_Project/datasets/casia2/images/CASIA2.0_revised/Au/Au_ani_10177.jpg,0,0.3032567748207558,3,1,0.02,0.5
/content/drive/MyDrive/CV_Project/datasets/casia2/images/CASIA2.0_revised/Au/Au_ani_10178.jpg,0,0.1162703152376481,3,1,0.02,0.5
/content/drive/MyDrive/CV_Project/datasets/casia2/images/CASIA2.0_revised/Au/Au_ani_10179.jpg,0,0.1667934793938004,3,1,0.02,0.5
/content/drive/MyDrive/CV_Project/datasets/casia2/images/CASIA2.0_revised/Au/Au_ani_10180.jpg,0,0.5070654335719968,3,1,0.02,0.5
/content/drive/MyDrive/CV_Project/datasets/casia2/images/CASIA2.0_revised/Au/Au_ani_10181.jpg,0,0.0652812342076909,3,1,0.02,0.5
/content/drive/MyDrive/CV_Project/datasets/casia2/images/CASIA2.0_revised/Au/Au_ani_10182.jpg,0,0.1220562932608324,3,1,0.02,0.5
/content/drive/MyDrive/CV_Project/datasets/casia2/images/CASIA2.0_revised/Au/Au_ani_10183.jpg,0,0.3189608326714876,3,1,0.02,0.5
/content/drive/MyDrive/CV_Project/datasets/casia2/images/CASIA2.0_revised/Au/Au_ani_10184.jpg,0,0.2143688721761811,3,1,0.02,0.5
/content/drive/MyDrive/CV_Project/datasets/casia2/images/CASIA2.0_revised/Au/Au_ani_10185.jpg,0,0.1692819622507122,3,1,0.02,0.5
/content/drive/MyDrive/CV_Project/datasets/casia2/images/CASIA2.0_revised/Au/Au_ani_10186.jpg,0,0.0,3,1,0.02,0.5
/content/drive/MyDrive/CV_Project/datasets/casia2/images/CASIA2.0_revised/Au/Au_ani_10187.jpg,0,0.0,3,1,0.02,0.5
/content/drive/MyDrive/CV_Project/datasets/casia2/images/CASIA2.0_revised/Au/Au_ani_10188.jpg,0,0.0,3,1,0.02,0.5
/content/drive/MyDrive/CV_Project/datasets/casia2/images/CASIA2.0_revised/Au/Au_ani_10189.jpg,0,0.1351504259850905,3,1,0.02,0.5
/content/drive/MyDrive/CV_Project/datasets/casia2/images/CASIA2.0_revised/Au/Au_ani_10190.jpg,0,0.937438152831226,3,1,0.02,0.5
/content/drive/MyDrive/CV_Project/datasets/casia2/images/CASIA2.0_revised/Au/Au_ani_10191.jpg,0,0.2308133676668159,3,1,0.02,0.5
/content/drive/MyDrive/CV_Project/datasets/casia2/images/CASIA2.0_revised/Au/Au_ani_10192.jpg,0,0.0268477998228045,3,1,0.02,0.5
/content/drive/MyDrive/CV_Project/datasets/casia2/images/CASIA2.0_revised/Au/Au_ani_10193.jpg,0,0.0204272019558643,3,1,0.02,0.5
/content/drive/MyDrive/CV_Project/datasets/casia2/images/CASIA2.0_revised/Au/Au_ani_10194.jpg,0,0.0,3,1,0.02,0.5
/content/drive/MyDrive/CV_Project/datasets/casia2/images/CASIA2.0_revised/Au/Au_ani_10195.jpg,0,0.0427672955974842,3,1,0.02,0.5
/content/drive/MyDrive/CV_Project/datasets/casia2/images/CASIA2.0_revised/Au/Au_ani_10196.jpg,0,0.1504796881029367,3,1,0.02,0.5
/content/drive/MyDrive/CV_Project/datasets/casia2/images/CASIA2.0_revised/Au/Au_ani_10197.jpg,0,0.0968096864951768,3,1,0.02,0.5
/content/drive/MyDrive/CV_Project/datasets/casia2/images/CASIA2.0_revised/Au/Au_ani_10198.jpg,0,0.0,3,1,0.02,0.5
/content/drive/MyDrive/CV_Project/datasets/casia2/images/CASIA2.0_revised/Au/Au_ani_10199.jpg,0,0.1087508658508427,3,1,0.02,0.5
/content/drive/MyDrive/CV_Project/datasets/casia2/images/CASIA2.0_revised/Au/Au_ani_10200.jpg,0,0.0849597953216374,3,1,0.02,0.5
/content/drive/MyDrive/CV_Project/datasets/casia2/images/CASIA2.0_revised/Au/Au_ani_10201.jpg,0,0.1581056531186549,3,1,0.02,0.5
/content/drive/MyDrive/CV_Project/datasets/casia2/images/CASIA2.0_revised/Au/Au_ani_10202.jpg,0,0.9206083282142924,3,1,0.02,0.5
/content/drive/MyDrive/CV_Project/datasets/casia2/images/CASIA2.0_revised/Au/Au_ani_10203.jpg,0,0.891645313931958,3,1,0.02,0.5
/content/drive/MyDrive/CV_Project/datasets/casia2/images/CASIA2.0_revised/Au/Au_ani_10204.jpg,0,0.3032743247519592,3,1,0.02,0.5
/content/drive/MyDrive/CV_Project/datasets/casia2/images/CASIA2.0_revised/Au/Au_ani_10205.jpg,0,0.2054443944844124,3,1,0.02,0.5
/content/drive/MyDrive/CV_Project/datasets/casia2/images/CASIA2.0_revised/Au/Au_ani_10206.jpg,0,0.9450048218521124,3,1,0.02,0.5
/content/drive/MyDrive/CV_Project/datasets/casia2/images/CASIA2.0_revised/Au/Au_ani_10207.jpg,0,0.3120868202835416,3,1,0.02,0.5
/content/drive/MyDrive/CV_Project/datasets/casia2/images/CASIA2.0_revised/Au/Au_ani_10208.jpg,0,0.2652269170579029,3,1,0.02,0.5
/content/drive/MyDrive/CV_Project/datasets/casia2/images/CASIA2.0_revised/Au/Au_ani_10209.jpg,0,0.2224670830013792,3,1,0.02,0.5
/content/drive/MyDrive/CV_Project/datasets/casia2/images/CASIA2.0_revised/Au/Au_ani_10210.jpg,0,0.0793647210577233,3,1,0.02,0.5
/content/drive/MyDrive/CV_Project/datasets/casia2/images/CASIA2.0_revised/Au/Au_ani_10211.jpg,0,0.0,3,1,0.02,0.5
/content/drive/MyDrive/CV_Project/datasets/casia2/images/CASIA2.0_revised/Au/Au_ani_10212.jpg,0,0.0776960624796615,3,1,0.02,0.5
/content/drive/MyDrive/CV_Project/datasets/casia2/images/CASIA2.0_revised/Au/Au_ani_10213.jpg,0,0.1265049589300927,3,1,0.02,0.5
/content/drive/MyDrive/CV_Project/datasets/casia2/images/CASIA2.0_revised/Au/Au_ani_10214.jpg,0,0.1142491319444444,3,1,0.02,0.5
/content/drive/MyDrive/CV_Project/datasets/casia2/images/CASIA2.0_revised/Au/Au_ani_10215.jpg,0,0.0648177083333333,3,1,0.02,0.5
/content/drive/MyDrive/CV_Project/datasets/casia2/images/CASIA2.0_revised/Au/Au_ani_10216.jpg,0,0.060645,3,1,0.02,0.5
/content/drive/MyDrive/CV_Project/datasets/casia2/images/CASIA2.0_revised/Au/Au_ani_10217.jpg,0,0.3712624501992032,3,1,0.02,0.5
/content/drive/MyDrive/CV_Project/datasets/casia2/images/CASIA2.0_revised/Au/Au_ani_10218.jpg,0,0.1846990346394094,3,1,0.02,0.5
/content/drive/MyDrive/CV_Project/datasets/casia2/images/CASIA2.0_revised/Au/Au_ani_10219.jpg,0,0.0918552324347272,3,1,0.02,0.5
/content/drive/MyDrive/CV_Project/datasets/casia2/images/CASIA2.0_revised/Au/Au_ani_10220.jpg,0,0.3500337055599519,3,1,0.02,0.5
/content/drive/MyDrive/CV_Project/datasets/casia2/images/CASIA2.0_revised/Au/Au_ani_10221.jpg,0,0.0616355274504167,3,1,0.02,0.5
/content/drive/MyDrive/CV_Project/datasets/casia2/images/CASIA2.0_revised/Au/Au_ani_10222.jpg,0,0.2351277735949333,3,1,0.02,0.5
/content/drive/MyDrive/CV_Project/datasets/casia2/images/CASIA2.0_revised/Au/Au_ani_10223.jpg,0,0.1041634357291977,3,1,0.02,0.5
/content/drive/MyDrive/CV_Project/datasets/casia2/images/CASIA2.0_revised/Au/Au_ani_10224.jpg,0,0.1841585956416465,3,1,0.02,0.5
/content/drive/MyDrive/CV_Project/datasets/casia2/images/CASIA2.0_revised/Au/Au_ani_20001.jpg,0,0.3846852425180598,3,1,0.02,0.5
/content/drive/MyDrive/CV_Project/datasets/casia2/images/CASIA2.0_revised/Au/Au_ani_20002.jpg,0,0.962725925925926,3,1,0.02,0.5
/content/drive/MyDrive/CV_Project/datasets/casia2/images/CASIA2.0_revised/Au/Au_ani_20003.jpg,0,0.469646686159844,3,1,0.02,0.5
/content/drive/MyDrive/CV_Project/datasets/casia2/images/CASIA2.0_revised/Au/Au_ani_20004.jpg,0,0.1484541666666666,3,1,0.02,0.5
/content/drive/MyDrive/CV_Project/datasets/casia2/images/CASIA2.0_revised/Au/Au_ani_20005.jpg,0,0.445252557544757,3,1,0.02,0.5
/content/drive/MyDrive/CV_Project/datasets/casia2/images/CASIA2.0_revised/Au/Au_ani_20006.jpg,0,0.1841585956416465,3,1,0.02,0.5
/content/drive/MyDrive/CV_Project/datasets/casia2/images/CASIA2.0_revised/Au/Au_ani_20007.jpg,0,0.1846990346394094,3,1,0.02,0.5
/content/drive/MyDrive/CV_Project/datasets/casia2/images/CASIA2.0_revised/Au/Au_ani_20008.jpg,0,0.3712624501992032,3,1,0.02,0.5
/content/drive/MyDrive/CV_Project/datasets/casia2/images/CASIA2.0_revised/Au/Au_ani_20009.jpg,0,0.6134861729616802,3,1,0.02,0.5
/content/drive/MyDrive/CV_Project/datasets/casia2/images/CASIA2.0_revised/Au/Au_ani_20010.jpg,0,0.374570546506789,3,1,0.02,0.5
/content/drive/MyDrive/CV_Project/datasets/casia2/images/CASIA2.0_revised/Au/Au_ani_20011.jpg,0,0.1651636520241171,3,1,0.02,0.5
/content/drive/MyDrive/CV_Project/datasets/casia2/images/CASIA2.0_revised/Au/Au_ani_20012.jpg,0,0.4329586563307493,3,1,0.02,0.5
/content/drive/MyDrive/CV_Project/datasets/casia2/images/CASIA2.0_revised/Au/Au_ani_20013.jpg,0,0.0648177083333333,3,1,0.02,0.5
/content/drive/MyDrive/CV_Project/datasets/casia2/images/CASIA2.0_revised/Au/Au_ani_20014.jpg,0,0.1142491319444444,3,1,0.02,0.5
/content/drive/MyDrive/CV_Project/datasets/casia2/images/CASIA2.0_revised/Au/Au_ani_20015.jpg,0,0.1265049589300927,3,1,0.02,0.5
/content/drive/MyDrive/CV_Project/datasets/casia2/images/CASIA2.0_revised/Au/Au_ani_20016.jpg,0,0.0,3,1,0.02,0.5
/content/drive/MyDrive/CV_Project/datasets/casia2/images/CASIA2.0_revised/Au/Au_ani_20017.jpg,0,0.6550301464254953,3,1,0.02,0.5
/content/drive/MyDrive/CV_Project/datasets/casia2/images/CASIA2.0_revised/Au/Au_ani_20018.jpg,0,0.0776960624796615,3,1,0.02,0.5
/content/drive/MyDrive/CV_Project/datasets/casia2/images/CASIA2.0_revised/Au/Au_ani_20019.jpg,0,0.3827568144937658,3,1,0.02,0.5
/content/drive/MyDrive/CV_Project/datasets/casia2/images/CASIA2.0_revised/Au/Au_ani_20020.jpg,0,0.4240329218106995,3,1,0.02,0.5
/content/drive/MyDrive/CV_Project/datasets/casia2/images/CASIA2.0_revised/Au/Au_ani_20021.jpg,0,0.0,3,1,0.02,0.5
/content/drive/MyDrive/CV_Project/datasets/casia2/images/CASIA2.0_revised/Au/Au_ani_20022.jpg,0,0.7910333333333334,3,1,0.02,0.5
/content/drive/MyDrive/CV_Project/datasets/casia2/images/CASIA2.0_revised/Au/Au_ani_20023.jpg,0,0.0252916666666666,3,1,0.02,0.5
/content/drive/MyDrive/CV_Project/datasets/casia2/images/CASIA2.0_revised/Au/Au_ani_20024.jpg,0,0.0,3,1,0.02,0.5
/content/drive/MyDrive/CV_Project/datasets/casia2/images/CASIA2.0_revised/Au/Au_ani_20025.jpg,0,0.9720555555555556,3,1,0.02,0.5
/content/drive/MyDrive/CV_Project/datasets/casia2/images/CASIA2.0_revised/Au/Au_ani_20026.jpg,0,0.0243918291550603,3,1,0.02,0.5
/content/drive/MyDrive/CV_Project/datasets/casia2/images/CASIA2.0_revised/Au/Au_ani_20027.jpg,0,0.2014934456928838,3,1,0.02,0.5
/content/drive/MyDrive/CV_Project/datasets/casia2/images/CASIA2.0_revised/Au/Au_ani_20028.jpg,0,0.1541608796296296,3,1,0.02,0.5
/content/drive/MyDrive/CV_Project/datasets/casia2/images/CASIA2.0_revised/Au/Au_ani_20029.jpg,0,0.4299479166666666,3,1,0.02,0.5
/content/drive/MyDrive/CV_Project/datasets/casia2/images/CASIA2.0_revised/Au/Au_ani_20030.jpg,0,0.8726635514018691,3,1,0.02,0.5
/content/drive/MyDrive/CV_Project/datasets/casia2/images/CASIA2.0_revised/Au/Au_ani_20031.jpg,0,0.3245247395833333,3,1,0.02,0.5
/content/drive/MyDrive/CV_Project/datasets/casia2/images/CASIA2.0_revised/Au/Au_ani_20032.jpg,0,0.2703580901856764,3,1,0.02,0.5
/content/drive/MyDrive/CV_Project/datasets/casia2/images/CASIA2.0_revised/Au/Au_ani_20033.jpg,0,0.8689620355411954,3,1,0.02,0.5
/content/drive/MyDrive/CV_Project/datasets/casia2/images/CASIA2.0_revised/Au/Au_ani_20034.jpg,0,0.0793647210577233,3,1,0.02,0.5
/content/drive/MyDrive/CV_Project/datasets/casia2/images/CASIA2.0_revised/Au/Au_ani_20035.jpg,0,0.0,3,1,0.02,0.5
/content/drive/MyDrive/CV_Project/datasets/casia2/images/CASIA2.0_revised/Au/Au_ani_20036.jpg,0,0.1369038431856768,3,1,0.02,0.5
/content/drive/MyDrive/CV_Project/datasets/casia2/images/CASIA2.0_revised/Au/Au_ani_20037.jpg,0,0.3684263218025276,3,1,0.02,0.5
/content/drive/MyDrive/CV_Project/datasets/casia2/images/CASIA2.0_revised/Au/Au_ani_20038.jpg,0,0.1588538646157689,3,1,0.02,0.5
/content/drive/MyDrive/CV_Project/datasets/casia2/images/CASIA2.0_revised/Au/Au_ani_20039.jpg,0,0.5096297507300083,3,1,0.02,0.5
/content/drive/MyDrive/CV_Project/datasets/casia2/images/CASIA2.0_revised/Au/Au_ani_20040.jpg,0,0.3667485801660113,3,1,0.02,0.5
/content/drive/MyDrive/CV_Project/datasets/casia2/images/CASIA2.0_revised/Au/Au_ani_20041.jpg,0,0.3120868202835416,3,1,0.02,0.5
/content/drive/MyDrive/CV_Project/datasets/casia2/images/CASIA2.0_revised/Au/Au_ani_20042.jpg,0,0.0,3,1,0.02,0.5
/content/drive/MyDrive/CV_Project/datasets/casia2/images/CASIA2.0_revised/Au/Au_ani_20043.jpg,0,0.0943704858710522,3,1,0.02,0.5
/content/drive/MyDrive/CV_Project/datasets/casia2/images/CASIA2.0_revised/Au/Au_ani_20044.jpg,0,0.0225520833333333,3,1,0.02,0.5
/content/drive/MyDrive/CV_Project/datasets/casia2/images/CASIA2.0_revised/Au/Au_ani_20045.jpg,0,0.0,3,1,0.02,0.5
/content/drive/MyDrive/CV_Project/datasets/casia2/images/CASIA2.0_revised/Au/Au_ani_20046.jpg,0,0.2395553985927682,3,1,0.02,0.5
/content/drive/MyDrive/CV_Project/datasets/casia2/images/CASIA2.0_revised/Au/Au_ani_20047.jpg,0,0.8212266666666667,3,1,0.02,0.5
/content/drive/MyDrive/CV_Project/datasets/casia2/images/CASIA2.0_revised/Au/Au_ani_20048.jpg,0,0.053004436728395,3,1,0.02,0.5
/content/drive/MyDrive/CV_Project/datasets/casia2/images/CASIA2.0_revised/Au/Au_ani_20049.jpg,0,0.9450048218521124,3,1,0.02,0.5
/content/drive/MyDrive/CV_Project/datasets/casia2/images/CASIA2.0_revised/Au/Au_ani_20050.jpg,0,0.2054443944844124,3,1,0.02,0.5
/content/drive/MyDrive/CV_Project/datasets/casia2/images/CASIA2.0_revised/Au/Au_ani_20051.jpg,0,0.4207426985863005,3,1,0.02,0.5
/content/drive/MyDrive/CV_Project/datasets/casia2/images/CASIA2.0_revised/Au/Au_ani_20052.jpg,0,0.1608259587020649,3,1,0.02,0.5
/content/drive/MyDrive/CV_Project/datasets/casia2/images/CASIA2.0_revised/Au/Au_ani_20053.jpg,0,0.3032567748207558,3,1,0.02,0.5
/content/drive/MyDrive/CV_Project/datasets/casia2/images/CASIA2.0_revised/Au/Au_ani_20054.jpg,0,0.1162703152376481,3,1,0.02,0.5
/content/drive/MyDrive/CV_Project/datasets/casia2/images/CASIA2.0_revised/Au/Au_ani_20055.jpg,0,0.1667934793938004,3,1,0.02,0.5
/content/drive/MyDrive/CV_Project/datasets/casia2/images/CASIA2.0_revised/Au/Au_ani_20056.jpg,0,0.5070654335719968,3,1,0.02,0.5
/content/drive/MyDrive/CV_Project/datasets/casia2/images/CASIA2.0_revised/Au/Au_ani_20057.jpg,0,0.0652812342076909,3,1,0.02,0.5
/content/drive/MyDrive/CV_Project/datasets/casia2/images/CASIA2.0_revised/Au/Au_ani_20058.jpg,0,0.1087508658508427,3,1,0.02,0.5
/content/drive/MyDrive/CV_Project/datasets/casia2/images/CASIA2.0_revised/Au/Au_ani_20059.jpg,0,0.0968096864951768,3,1,0.02,0.5
/content/drive/MyDrive/CV_Project/datasets/casia2/images/CASIA2.0_revised/Au/Au_ani_20060.jpg,0,0.1504796881029367,3,1,0.02,0.5
/content/drive/MyDrive/CV_Project/datasets/casia2/images/CASIA2.0_revised/Au/Au_ani_20061.jpg,0,0.1692819622507122,3,1,0.02,0.5
/content/drive/MyDrive/CV_Project/datasets/casia2/images/CASIA2.0_revised/Au/Au_ani_20062.jpg,0,0.0,3,1,0.02,0.5
/content/drive/MyDrive/CV_Project/datasets/casia2/images/CASIA2.0_revised/Au/Au_ani_20063.jpg,0,0.0,3,1,0.02,0.5
/content/drive/MyDrive/CV_Project/datasets/casia2/images/CASIA2.0_revised/Au/Au_ani_20064.jpg,0,0.0,3,1,0.02,0.5
/content/drive/MyDrive/CV_Project/datasets/casia2/images/CASIA2.0_revised/Au/Au_ani_20065.jpg,0,0.1351504259850905,3,1,0.02,0.5
/content/drive/MyDrive/CV_Project/datasets/casia2/images/CASIA2.0_revised/Au/Au_ani_20066.jpg,0,0.937438152831226,3,1,0.02,0.5
/content/drive/MyDrive/CV_Project/datasets/casia2/images/CASIA2.0_revised/Au/Au_ani_20067.jpg,0,0.0427672955974842,3,1,0.02,0.5
/content/drive/MyDrive/CV_Project/datasets/casia2/images/CASIA2.0_revised/Au/Au_ani_20068.jpg,0,0.0268477998228045,3,1,0.02,0.5
/content/drive/MyDrive/CV_Project/datasets/casia2/images/CASIA2.0_revised/Au/Au_ani_20069.jpg,0,0.0204272019558643,3,1,0.02,0.5
/content/drive/MyDrive/CV_Project/datasets/casia2/images/CASIA2.0_revised/Au/Au_ani_20070.jpg,0,0.0,3,1,0.02,0.5
/content/drive/MyDrive/CV_Project/datasets/casia2/images/CASIA2.0_revised/Au/Au_ani_30001.jpg,0,0.2746175130208333,3,1,0.02,0.5
/content/drive/MyDrive/CV_Project/datasets/casia2/images/CASIA2.0_revised/Au/Au_ani_30002.jpg,0,0.0,3,1,0.02,0.5
/content/drive/MyDrive/CV_Project/datasets/casia2/images/CASIA2.0_revised/Au/Au_ani_30003.jpg,0,0.4873250325520833,3,1,0.02,0.5
/content/drive/MyDrive/CV_Project/datasets/casia2/images/CASIA2.0_revised/Au/Au_ani_30004.jpg,0,0.0685628255208333,3,1,0.02,0.5
/content/drive/MyDrive/CV_Project/datasets/casia2/images/CASIA2.0_revised/Au/Au_ani_30005.jpg,0,0.6638590494791666,3,1,0.02,0.5
/content/drive/MyDrive/CV_Project/datasets/casia2/images/CASIA2.0_revised/Au/Au_ani_30006.jpg,0,0.1636962890625,3,1,0.02,0.5
/content/drive/MyDrive/CV_Project/datasets/casia2/images/CASIA2.0_revised/Au/Au_ani_30007.jpg,0,0.2040303548177083,3,1,0.02,0.5
/content/drive/MyDrive/CV_Project/datasets/casia2/images/CASIA2.0_revised/Au/Au_ani_30008.jpg,0,0.365509033203125,3,1,0.02,0.5
/content/drive/MyDrive/CV_Project/datasets/casia2/images/CASIA2.0_revised/Au/Au_ani_30009.jpg,0,0.0920003255208333,3,1,0.02,0.5
/content/drive/MyDrive/CV_Project/datasets/casia2/images/CASIA2.0_revised/Au/Au_ani_30010.jpg,0,0.2801513671875,3,1,0.02,0.5
/content/drive/MyDrive/CV_Project/datasets/casia2/images/CASIA2.0_revised/Au/Au_ani_30011.jpg,0,0.2475992838541666,3,1,0.02,0.5
/content/drive/MyDrive/CV_Project/datasets/casia2/images/CASIA2.0_revised/Au/Au_ani_30012.jpg,0,0.0,3,1,0.02,0.5
/content/drive/MyDrive/CV_Project/datasets/casia2/images/CASIA2.0_revised/Au/Au_ani_30013.jpg,0,0.0,3,1,0.02,0.5
/content/drive/MyDrive/CV_Project/datasets/casia2/images/CASIA2.0_revised/Au/Au_ani_30014.jpg,0,0.0,3,1,0.02,0.5
/content/drive/MyDrive/CV_Project/datasets/casia2/images/CASIA2.0_revised/Au/Au_ani_30015.jpg,0,0.0,3,1,0.02,0.5
/content/drive/MyDrive/CV_Project/datasets/casia2/images/CASIA2.0_revised/Au/Au_ani_30016.jpg,0,0.0,3,1,0.02,0.5
/content/drive/MyDrive/CV_Project/datasets/casia2/images/CASIA2.0_revised/Au/Au_ani_30017.jpg,0,0.0,3,1,0.02,0.5
/content/drive/MyDrive/CV_Project/datasets/casia2/images/CASIA2.0_revised/Au/Au_ani_30018.jpg,0,0.0,3,1,0.02,0.5
/content/drive/MyDrive/CV_Project/datasets/casia2/images/CASIA2.0_revised/Au/Au_ani_30019.jpg,0,0.0,3,1,0.02,0.5
/content/drive/MyDrive/CV_Project/datasets/casia2/images/CASIA2.0_revised/Au/Au_ani_30020.jpg,0,0.0,3,1,0.02,0.5
/content/drive/MyDrive/CV_Project/datasets/casia2/images/CASIA2.0_revised/Au/Au_ani_30021.jpg,0,0.0,3,1,0.02,0.5
/content/drive/MyDrive/CV_Project/datasets/casia2/images/CASIA2.0_revised/Au/Au_ani_30022.jpg,0,0.0,3,1,0.02,0.5
/content/drive/MyDrive/CV_Project/datasets/casia2/images/CASIA2.0_revised/Au/Au_ani_30023.jpg,0,0.0,3,1,0.02,0.5
/content/drive/MyDrive/CV_Project/datasets/casia2/images/CASIA2.0_revised/Au/Au_ani_30024.jpg,0,0.0,3,1,0.02,0.5
/content/drive/MyDrive/CV_Project/datasets/casia2/images/CASIA2.0_revised/Au/Au_ani_30025.jpg,0,0.0,3,1,0.02,0.5
/content/drive/MyDrive/CV_Project/datasets/casia2/images/CASIA2.0_revised/Au/Au_ani_30026.jpg,0,0.44146728515625,3,1,0.02,0.5
/content/drive/MyDrive/CV_Project/datasets/casia2/images/CASIA2.0_revised/Au/Au_ani_30027.jpg,0,0.0,3,1,0.02,0.5
/content/drive/MyDrive/CV_Project/datasets/casia2/images/CASIA2.0_revised/Au/Au_ani_30028.jpg,0,0.0,3,1,0.02,0.5
/content/drive/MyDrive/CV_Project/datasets/casia2/images/CASIA2.0_revised/Au/Au_ani_30029.jpg,0,0.0,3,1,0.02,0.5
/content/drive/MyDrive/CV_Project/datasets/casia2/images/CASIA2.0_revised/Au/Au_ani_30030.jpg,0,0.3828633626302083,3,1,0.02,0.5
/content/drive/MyDrive/CV_Project/datasets/casia2/images/CASIA2.0_revised/Au/Au_ani_30031.jpg,0,0.0,3,1,0.02,0.5
/content/drive/MyDrive/CV_Project/datasets/casia2/images/CASIA2.0_revised/Au/Au_ani_30032.jpg,0,0.1534830729166666,3,1,0.02,0.5
/content/drive/MyDrive/CV_Project/datasets/casia2/images/CASIA2.0_revised/Au/Au_ani_30033.jpg,0,0.0,3,1,0.02,0.5
/content/drive/MyDrive/CV_Project/datasets/casia2/images/CASIA2.0_revised/Au/Au_ani_30034.jpg,0,0.9689127604166666,3,1,0.02,0.5
/content/drive/MyDrive/CV_Project/datasets/casia2/images/CASIA2.0_revised/Au/Au_ani_30035.jpg,0,0.0,3,1,0.02,0.5
/content/drive/MyDrive/CV_Project/datasets/casia2/images/CASIA2.0_revised/Au/Au_ani_30036.jpg,0,0.0,3,1,0.02,0.5
/content/drive/MyDrive/CV_Project/datasets/casia2/images/CASIA2.0_revised/Au/Au_ani_30037.jpg,0,0.0,3,1,0.02,0.5
/content/drive/MyDrive/CV_Project/datasets/casia2/images/CASIA2.0_revised/Au/Au_ani_30038.jpg,0,0.0,3,1,0.02,0.5
/content/drive/MyDrive/CV_Project/datasets/casia2/images/CASIA2.0_revised/Au/Au_ani_30039.jpg,0,0.1281026204427083,3,1,0.02,0.5
/content/drive/MyDrive/CV_Project/datasets/casia2/images/CASIA2.0_revised/Au/Au_ani_30040.jpg,0,0.0,3,1,0.02,0.5
/content/drive/MyDrive/CV_Project/datasets/casia2/images/CASIA2.0_revised/Au/Au_ani_30041.jpg,0,0.0,3,1,0.02,0.5
/content/drive/MyDrive/CV_Project/datasets/casia2/images/CASIA2.0_revised/Au/Au_ani_30042.jpg,0,0.1684773763020833,3,1,0.02,0.5
/content/drive/MyDrive/CV_Project/datasets/casia2/images/CASIA2.0_revised/Au/Au_ani_30043.jpg,0,0.0,3,1,0.02,0.5
/content/drive/MyDrive/CV_Project/datasets/casia2/images/CASIA2.0_revised/Au/Au_ani_30044.jpg,0,0.0,3,1,0.02,0.5
/content/drive/MyDrive/CV_Project/datasets/casia2/images/CASIA2.0_revised/Au/Au_ani_30045.jpg,0,0.0,3,1,0.02,0.5
/content/drive/MyDrive/CV_Project/datasets/casia2/images/CASIA2.0_revised/Au/Au_ani_30046.jpg,0,0.712158203125,3,1,0.02,0.5
/content/drive/MyDrive/CV_Project/datasets/casia2/images/CASIA2.0_revised/Au/Au_ani_30047.jpg,0,0.0,3,1,0.02,0.5
/content/drive/MyDrive/CV_Project/datasets/casia2/images/CASIA2.0_revised/Au/Au_ani_30048.jpg,0,0.6626180013020834,3,1,0.02,0.5
/content/drive/MyDrive/CV_Project/datasets/casia2/images/CASIA2.0_revised/Au/Au_ani_30049.jpg,0,0.270416259765625,3,1,0.02,0.5
/content/drive/MyDrive/CV_Project/datasets/casia2/images/CASIA2.0_revised/Au/Au_ani_30050.jpg,0,0.2408243815104166,3,1,0.02,0.5
/content/drive/MyDrive/CV_Project/datasets/casia2/images/CASIA2.0_revised/Au/Au_ani_30051.jpg,0,0.569549560546875,3,1,0.02,0.5
/content/drive/MyDrive/CV_Project/datasets/casia2/images/CASIA2.0_revised/Au/Au_ani_30052.jpg,0,0.0,3,1,0.02,0.5
/content/drive/MyDrive/CV_Project/datasets/casia2/images/CASIA2.0_revised/Au/Au_ani_30053.jpg,0,0.4717610677083333,3,1,0.02,0.5
/content/drive/MyDrive/CV_Project/datasets/casia2/images/CASIA2.0_revised/Au/Au_ani_30054.jpg,0,0.0,3,1,0.02,0.5
/content/drive/MyDrive/CV_Project/datasets/casia2/images/CASIA2.0_revised/Au/Au_ani_30055.jpg,0,0.171173095703125,3,1,0.02,0.5
/content/drive/MyDrive/CV_Project/datasets/casia2/images/CASIA2.0_revised/Au/Au_ani_30056.jpg,0,0.11810302734375,3,1,0.02,0.5
/content/drive/MyDrive/CV_Project/datasets/casia2/images/CASIA2.0_revised/Au/Au_ani_30057.jpg,0,0.0,3,1,0.02,0.5
/content/drive/MyDrive/CV_Project/datasets/casia2/images/CASIA2.0_revised/Au/Au_ani_30058.jpg,0,0.4586079915364583,3,1,0.02,0.5
/content/drive/MyDrive/CV_Project/datasets/casia2/images/CASIA2.0_revised/Au/Au_ani_30059.jpg,0,0.0,3,1,0.02,0.5
/content/drive/MyDrive/CV_Project/datasets/casia2/images/CASIA2.0_revised/Au/Au_ani_30060.jpg,0,0.0,3,1,0.02,0.5
/content/drive/MyDrive/CV_Project/datasets/casia2/images/CASIA2.0_revised/Au/Au_ani_30061.jpg,0,0.0,3,1,0.02,0.5
/content/drive/MyDrive/CV_Project/datasets/casia2/images/CASIA2.0_revised/Au/Au_ani_30062.jpg,0,0.0,3,1,0.02,0.5
/content/drive/MyDrive/CV_Project/datasets/casia2/images/CASIA2.0_revised/Au/Au_ani_30063.jpg,0,0.2057088216145833,3,1,0.02,0.5
/content/drive/MyDrive/CV_Project/datasets/casia2/images/CASIA2.0_revised/Au/Au_ani_30064.jpg,0,0.1917317708333333,3,1,0.02,0.5
/content/drive/MyDrive/CV_Project/datasets/casia2/images/CASIA2.0_revised/Au/Au_ani_30065.jpg,0,0.0,3,1,0.02,0.5
/content/drive/MyDrive/CV_Project/datasets/casia2/images/CASIA2.0_revised/Au/Au_ani_30066.jpg,0,0.0,3,1,0.02,0.5
/content/drive/MyDrive/CV_Project/datasets/casia2/images/CASIA2.0_revised/Au/Au_ani_30067.jpg,0,0.0281575520833333,3,1,0.02,0.5
/content/drive/MyDrive/CV_Project/datasets/casia2/images/CASIA2.0_revised/Au/Au_ani_30068.jpg,0,0.0,3,1,0.02,0.5
/content/drive/MyDrive/CV_Project/datasets/casia2/images/CASIA2.0_revised/Au/Au_ani_30069.jpg,0,0.0,3,1,0.02,0.5
/content/drive/MyDrive/CV_Project/datasets/casia2/images/CASIA2.0_revised/Au/Au_ani_30070.jpg,0,0.0,3,1,0.02,0.5
/content/drive/MyDrive/CV_Project/datasets/casia2/images/CASIA2.0_revised/Au/Au_ani_30071.jpg,0,0.0435384114583333,3,1,0.02,0.5
/content/drive/MyDrive/CV_Project/datasets/casia2/images/CASIA2.0_revised/Au/Au_ani_30072.jpg,0,0.0,3,1,0.02,0.5
/content/drive/MyDrive/CV_Project/datasets/casia2/images/CASIA2.0_revised/Au/Au_ani_30073.jpg,0,0.0,3,1,0.02,0.5
/content/drive/MyDrive/CV_Project/datasets/casia2/images/CASIA2.0_revised/Au/Au_ani_30074.jpg,0,0.5151774088541666,3,1,0.02,0.5
/content/drive/MyDrive/CV_Project/datasets/casia2/images/CASIA2.0_revised/Au/Au_ani_30075.jpg,0,0.0,3,1,0.02,0.5
/content/drive/MyDrive/CV_Project/datasets/casia2/images/CASIA2.0_revised/Au/Au_ani_30076.jpg,0,0.0,3,1,0.02,0.5
/content/drive/MyDrive/CV_Project/datasets/casia2/images/CASIA2.0_revised/Au/Au_ani_30077.jpg,0,0.0,3,1,0.02,0.5
/content/drive/MyDrive/CV_Project/datasets/casia2/images/CASIA2.0_revised/Au/Au_ani_30078.jpg,0,0.5800374348958334,3,1,0.02,0.5
/content/drive/MyDrive/CV_Project/datasets/casia2/images/CASIA2.0_revised/Au/Au_ani_30079.jpg,0,0.0970662434895833,3,1,0.02,0.5
/content/drive/MyDrive/CV_Project/datasets/casia2/images/CASIA2.0_revised/Au/Au_ani_30080.jpg,0,0.0,3,1,0.02,0.5
/content/drive/MyDrive/CV_Project/datasets/casia2/images/CASIA2.0_revised/Au/Au_ani_30081.jpg,0,0.0,3,1,0.02,0.5
/content/drive/MyDrive/CV_Project/datasets/casia2/images/CASIA2.0_revised/Au/Au_ani_30082.jpg,0,0.1518351236979166,3,1,0.02,0.5
/content/drive/MyDrive/CV_Project/datasets/casia2/images/CASIA2.0_revised/Au/Au_ani_30083.jpg,0,0.3812764485677083,3,1,0.02,0.5
/content/drive/MyDrive/CV_Project/datasets/casia2/images/CASIA2.0_revised/Au/Au_ani_30084.jpg,0,0.1315714518229166,3,1,0.02,0.5
/content/drive/MyDrive/CV_Project/datasets/casia2/images/CASIA2.0_revised/Au/Au_ani_30085.jpg,0,0.2310078938802083,3,1,0.02,0.5
/content/drive/MyDrive/CV_Project/datasets/casia2/images/CASIA2.0_revised/Au/Au_ani_30086.jpg,0,0.1817626953125,3,1,0.02,0.5
/content/drive/MyDrive/CV_Project/datasets/casia2/images/CASIA2.0_revised/Au/Au_ani_30087.jpg,0,0.0333658854166666,3,1,0.02,0.5
/content/drive/MyDrive/CV_Project/datasets/casia2/images/CASIA2.0_revised/Au/Au_ani_30088.jpg,0,0.0,3,1,0.02,0.5
/content/drive/MyDrive/CV_Project/datasets/casia2/images/CASIA2.0_revised/Au/Au_ani_30089.jpg,0,0.0310872395833333,3,1,0.02,0.5
/content/drive/MyDrive/CV_Project/datasets/casia2/images/CASIA2.0_revised/Au/Au_ani_30090.jpg,0,0.0,3,1,0.02,0.5
/content/drive/MyDrive/CV_Project/datasets/casia2/images/CASIA2.0_revised/Au/Au_ani_30091.jpg,0,0.26007080078125,3,1,0.02,0.5
/content/drive/MyDrive/CV_Project/datasets/casia2/images/CASIA2.0_revised/Au/Au_ani_30092.jpg,0,0.2159016927083333,3,1,0.02,0.5
/content/drive/MyDrive/CV_Project/datasets/casia2/images/CASIA2.0_revised/Au/Au_ani_30093.jpg,0,0.0,3,1,0.02,0.5
/content/drive/MyDrive/CV_Project/datasets/casia2/images/CASIA2.0_revised/Au/Au_ani_30094.jpg,0,0.1736348470052083,3,1,0.02,0.5
/content/drive/MyDrive/CV_Project/datasets/casia2/images/CASIA2.0_revised/Au/Au_ani_30095.jpg,0,0.468475341796875,3,1,0.02,0.5
/content/drive/MyDrive/CV_Project/datasets/casia2/images/CASIA2.0_revised/Au/Au_ani_30096.jpg,0,0.0770467122395833,3,1,0.02,0.5
/content/drive/MyDrive/CV_Project/datasets/casia2/images/CASIA2.0_revised/Au/Au_ani_30097.jpg,0,0.1576334635416666,3,1,0.02,0.5
/content/drive/MyDrive/CV_Project/datasets/casia2/images/CASIA2.0_revised/Au/Au_ani_30098.jpg,0,0.104461669921875,3,1,0.02,0.5
/content/drive/MyDrive/CV_Project/datasets/casia2/images/CASIA2.0_revised/Au/Au_ani_30099.jpg,0,0.0,3,1,0.02,0.5
/content/drive/MyDrive/CV_Project/datasets/casia2/images/CASIA2.0_revised/Au/Au_ani_30100.jpg,0,0.0,3,1,0.02,0.5
/content/drive/MyDrive/CV_Project/datasets/casia2/images/CASIA2.0_revised/Au/Au_ani_30101.jpg,0,0.0,3,1,0.02,0.5
/content/drive/MyDrive/CV_Project/datasets/casia2/images/CASIA2.0_revised/Au/Au_ani_30102.jpg,0,0.0,3,1,0.02,0.5
/content/drive/MyDrive/CV_Project/datasets/casia2/images/CASIA2.0_revised/Au/Au_ani_30103.jpg,0,0.2143452962239583,3,1,0.02,0.5
/content/drive/MyDrive/CV_Project/datasets/casia2/images/CASIA2.0_revised/Au/Au_ani_30104.jpg,0,0.0,3,1,0.02,0.5
/content/drive/MyDrive/CV_Project/datasets/casia2/images/CASIA2.0_revised/Au/Au_ani_30105.jpg,0,0.0,3,1,0.02,0.5
/content/drive/MyDrive/CV_Project/datasets/casia2/images/CASIA2.0_revised/Au/Au_ani_30106.jpg,0,0.2385050455729166,3,1,0.02,0.5
/content/drive/MyDrive/CV_Project/datasets/casia2/images/CASIA2.0_revised/Au/Au_ani_30107.jpg,0,0.0,3,1,0.02,0.5
/content/drive/MyDrive/CV_Project/datasets/casia2/images/CASIA2.0_revised/Au/Au_ani_30108.jpg,0,0.0,3,1,0.02,0.5
/content/drive/MyDrive/CV_Project/datasets/casia2/images/CASIA2.0_revised/Au/Au_ani_30109.jpg,0,0.0,3,1,0.02,0.5
/content/drive/MyDrive/CV_Project/datasets/casia2/images/CASIA2.0_revised/Au/Au_ani_30110.jpg,0,0.0,3,1,0.02,0.5
/content/drive/MyDrive/CV_Project/datasets/casia2/images/CASIA2.0_revised/Au/Au_ani_30111.jpg,0,0.18170166015625,3,1,0.02,0.5
/content/drive/MyDrive/CV_Project/datasets/casia2/images/CASIA2.0_revised/Au/Au_ani_30112.jpg,0,0.1309000651041666,3,1,0.02,0.5
/content/drive/MyDrive/CV_Project/datasets/casia2/images/CASIA2.0_revised/Au/Au_ani_30113.jpg,0,0.0607808430989583,3,1,0.02,0.5
/content/drive/MyDrive/CV_Project/datasets/casia2/images/CASIA2.0_revised/Au/Au_ani_30114.jpg,0,0.94866943359375,3,1,0.02,0.5
/content/drive/MyDrive/CV_Project/datasets/casia2/images/CASIA2.0_revised/Au/Au_ani_30115.jpg,0,0.133941650390625,3,1,0.02,0.5
/content/drive/MyDrive/CV_Project/datasets/casia2/images/CASIA2.0_revised/Au/Au_ani_30116.jpg,0,0.1481730143229166,3,1,0.02,0.5
/content/drive/MyDrive/CV_Project/datasets/casia2/images/CASIA2.0_revised/Au/Au_ani_30117.jpg,0,0.424346923828125,3,1,0.02,0.5
/content/drive/MyDrive/CV_Project/datasets/casia2/images/CASIA2.0_revised/Au/Au_ani_30118.jpg,0,0.1782938639322916,3,1,0.02,0.5
/content/drive/MyDrive/CV_Project/datasets/casia2/images/CASIA2.0_revised/Au/Au_ani_30119.jpg,0,0.0,3,1,0.02,0.5
/content/drive/MyDrive/CV_Project/datasets/casia2/images/CASIA2.0_revised/Au/Au_ani_30120.jpg,0,0.1151529947916666,3,1,0.02,0.5
/content/drive/MyDrive/CV_Project/datasets/casia2/images/CASIA2.0_revised/Au/Au_ani_30121.jpg,0,0.0,3,1,0.02,0.5
/content/drive/MyDrive/CV_Project/datasets/casia2/images/CASIA2.0_revised/Au/Au_ani_30122.jpg,0,0.0,3,1,0.02,0.5
/content/drive/MyDrive/CV_Project/datasets/casia2/images/CASIA2.0_revised/Au/Au_ani_30123.jpg,0,0.0408833821614583,3,1,0.02,0.5
/content/drive/MyDrive/CV_Project/datasets/casia2/images/CASIA2.0_revised/Au/Au_ani_30124.jpg,0,0.0378519694010416,3,1,0.02,0.5
/content/drive/MyDrive/CV_Project/datasets/casia2/images/CASIA2.0_revised/Au/Au_ani_30125.jpg,0,0.0981852213541666,3,1,0.02,0.5
/content/drive/MyDrive/CV_Project/datasets/casia2/images/CASIA2.0_revised/Au/Au_ani_30126.jpg,0,0.0717569986979166,3,1,0.02,0.5
/content/drive/MyDrive/CV_Project/datasets/casia2/images/CASIA2.0_revised/Au/Au_ani_30127.jpg,0,0.0365804036458333,3,1,0.02,0.5
/content/drive/MyDrive/CV_Project/datasets/casia2/images/CASIA2.0_revised/Au/Au_ani_30128.jpg,0,0.2454732259114583,3,1,0.02,0.5
/content/drive/MyDrive/CV_Project/datasets/casia2/images/CASIA2.0_revised/Au/Au_ani_30129.jpg,0,0.0,3,1,0.02,0.5
/content/drive/MyDrive/CV_Project/datasets/casia2/images/CASIA2.0_revised/Au/Au_ani_30130.jpg,0,0.3246866861979167,3,1,0.02,0.5
/content/drive/MyDrive/CV_Project/datasets/casia2/images/CASIA2.0_revised/Au/Au_ani_30131.jpg,0,0.0,3,1,0.02,0.5
/content/drive/MyDrive/CV_Project/datasets/casia2/images/CASIA2.0_revised/Au/Au_ani_30132.jpg,0,0.087615966796875,3,1,0.02,0.5
/content/drive/MyDrive/CV_Project/datasets/casia2/images/CASIA2.0_revised/Au/Au_ani_30133.jpg,0,0.2640787760416667,3,1,0.02,0.5
/content/drive/MyDrive/CV_Project/datasets/casia2/images/CASIA2.0_revised/Au/Au_ani_30134.jpg,0,0.452545166015625,3,1,0.02,0.5
/content/drive/MyDrive/CV_Project/datasets/casia2/images/CASIA2.0_revised/Au/Au_ani_30135.jpg,0,0.0,3,1,0.02,0.5
/content/drive/MyDrive/CV_Project/datasets/casia2/images/CASIA2.0_revised/Au/Au_ani_30136.jpg,0,0.0,3,1,0.02,0.5
/content/drive/MyDrive/CV_Project/datasets/casia2/images/CASIA2.0_revised/Au/Au_ani_30137.jpg,0,0.10430908203125,3,1,0.02,0.5
/content/drive/MyDrive/CV_Project/datasets/casia2/images/CASIA2.0_revised/Au/Au_ani_30138.jpg,0,0.0,3,1,0.02,0.5
/content/drive/MyDrive/CV_Project/datasets/casia2/images/CASIA2.0_revised/Au/Au_ani_30139.jpg,0,0.173553466796875,3,1,0.02,0.5
/content/drive/MyDrive/CV_Project/datasets/casia2/images/CASIA2.0_revised/Au/Au_ani_30140.jpg,0,0.06884765625,3,1,0.02,0.5
/content/drive/MyDrive/CV_Project/datasets/casia2/images/CASIA2.0_revised/Au/Au_ani_30141.jpg,0,0.075927734375,3,1,0.02,0.5
/content/drive/MyDrive/CV_Project/datasets/casia2/images/CASIA2.0_revised/Au/Au_ani_30142.jpg,0,0.0427958170572916,3,1,0.02,0.5
/content/drive/MyDrive/CV_Project/datasets/casia2/images/CASIA2.0_revised/Au/Au_ani_30143.jpg,0,0.2640889485677083,3,1,0.02,0.5
/content/drive/MyDrive/CV_Project/datasets/casia2/images/CASIA2.0_revised/Au/Au_ani_30144.jpg,0,0.1342061360677083,3,1,0.02,0.5
/content/drive/MyDrive/CV_Project/datasets/casia2/images/CASIA2.0_revised/Au/Au_ani_30145.jpg,0,0.0,3,1,0.02,0.5
/content/drive/MyDrive/CV_Project/datasets/casia2/images/CASIA2.0_revised/Au/Au_ani_30146.jpg,0,0.0545756022135416,3,1,0.02,0.5
/content/drive/MyDrive/CV_Project/datasets/casia2/images/CASIA2.0_revised/Au/Au_ani_30147.jpg,0,0.0,3,1,0.02,0.5
/content/drive/MyDrive/CV_Project/datasets/casia2/images/CASIA2.0_revised/Au/Au_ani_30148.jpg,0,0.5848286946614584,3,1,0.02,0.5
/content/drive/MyDrive/CV_Project/datasets/casia2/images/CASIA2.0_revised/Au/Au_ani_30149.jpg,0,0.0,3,1,0.02,0.5
/content/drive/MyDrive/CV_Project/datasets/casia2/images/CASIA2.0_revised/Au/Au_ani_30150.jpg,0,0.0572001139322916,3,1,0.02,0.5
/content/drive/MyDrive/CV_Project/datasets/casia2/images/CASIA2.0_revised/Au/Au_ani_30151.jpg,0,0.1291605631510416,3,1,0.02,0.5
/content/drive/MyDrive/CV_Project/datasets/casia2/images/CASIA2.0_revised/Au/Au_ani_30152.jpg,0,0.3501993815104167,3,1,0.02,0.5
/content/drive/MyDrive/CV_Project/datasets/casia2/images/CASIA2.0_revised/Au/Au_ani_30153.jpg,0,0.0640360514322916,3,1,0.02,0.5
/content/drive/MyDrive/CV_Project/datasets/casia2/images/CASIA2.0_revised/Au/Au_ani_30154.jpg,0,0.1783447265625,3,1,0.02,0.5
/content/drive/MyDrive/CV_Project/datasets/casia2/images/CASIA2.0_revised/Au/Au_ani_30155.jpg,0,0.138824462890625,3,1,0.02,0.5
/content/drive/MyDrive/CV_Project/datasets/casia2/images/CASIA2.0_revised/Au/Au_ani_30156.jpg,0,0.2900797526041667,3,1,0.02,0.5
/content/drive/MyDrive/CV_Project/datasets/casia2/images/CASIA2.0_revised/Au/Au_ani_30157.jpg,0,0.126007080078125,3,1,0.02,0.5
/content/drive/MyDrive/CV_Project/datasets/casia2/images/CASIA2.0_revised/Au/Au_ani_30158.jpg,0,0.0,3,1,0.02,0.5
/content/drive/MyDrive/CV_Project/datasets/casia2/images/CASIA2.0_revised/Au/Au_ani_30159.jpg,0,0.0,3,1,0.02,0.5
/content/drive/MyDrive/CV_Project/datasets/casia2/images/CASIA2.0_revised/Au/Au_ani_30160.jpg,0,0.0594991048177083,3,1,0.02,0.5
/content/drive/MyDrive/CV_Project/datasets/casia2/images/CASIA2.0_revised/Au/Au_ani_30161.jpg,0,0.12872314453125,3,1,0.02,0.5
/content/drive/MyDrive/CV_Project/datasets/casia2/images/CASIA2.0_revised/Au/Au_ani_30162.jpg,0,0.0,3,1,0.02,0.5
/content/drive/MyDrive/CV_Project/datasets/casia2/images/CASIA2.0_revised/Au/Au_ani_30163.jpg,0,0.052825927734375,3,1,0.02,0.5
/content/drive/MyDrive/CV_Project/datasets/casia2/images/CASIA2.0_revised/Au/Au_ani_30164.jpg,0,0.2911376953125,3,1,0.02,0.5
/content/drive/MyDrive/CV_Project/datasets/casia2/images/CASIA2.0_revised/Au/Au_ani_30165.jpg,0,0.14453125,3,1,0.02,0.5
/content/drive/MyDrive/CV_Project/datasets/casia2/images/CASIA2.0_revised/Au/Au_ani_30166.jpg,0,0.053497314453125,3,1,0.02,0.5
/content/drive/MyDrive/CV_Project/datasets/casia2/images/CASIA2.0_revised/Au/Au_ani_30167.jpg,0,0.0868021647135416,3,1,0.02,0.5
/content/drive/MyDrive/CV_Project/datasets/casia2/images/CASIA2.0_revised/Au/Au_ani_30168.jpg,0,0.0753377278645833,3,1,0.02,0.5
/content/drive/MyDrive/CV_Project/datasets/casia2/images/CASIA2.0_revised/Au/Au_ani_30169.jpg,0,0.4661966959635417,3,1,0.02,0.5
/content/drive/MyDrive/CV_Project/datasets/casia2/images/CASIA2.0_revised/Au/Au_ani_30170.jpg,0,0.2224629720052083,3,1,0.02,0.5
/content/drive/MyDrive/CV_Project/datasets/casia2/images/CASIA2.0_revised/Au/Au_ani_30171.jpg,0,0.1062215169270833,3,1,0.02,0.5
/content/drive/MyDrive/CV_Project/datasets/casia2/images/CASIA2.0_revised/Au/Au_ani_30172.jpg,0,0.1272786458333333,3,1,0.02,0.5
/content/drive/MyDrive/CV_Project/datasets/casia2/images/CASIA2.0_revised/Au/Au_ani_30173.jpg,0,0.1232503255208333,3,1,0.02,0.5
/content/drive/MyDrive/CV_Project/datasets/casia2/images/CASIA2.0_revised/Au/Au_ani_30174.jpg,0,0.4298095703125,3,1,0.02,0.5
/content/drive/MyDrive/CV_Project/datasets/casia2/images/CASIA2.0_revised/Au/Au_ani_30175.jpg,0,0.0211181640625,3,1,0.02,0.5
/content/drive/MyDrive/CV_Project/datasets/casia2/images/CASIA2.0_revised/Au/Au_ani_30176.jpg,0,0.057647705078125,3,1,0.02,0.5
/content/drive/MyDrive/CV_Project/datasets/casia2/images/CASIA2.0_revised/Au/Au_ani_30177.jpg,0,0.2190348307291666,3,1,0.02,0.5
/content/drive/MyDrive/CV_Project/datasets/casia2/images/CASIA2.0_revised/Au/Au_ani_30178.jpg,0,0.3426106770833333,3,1,0.02,0.5
/content/drive/MyDrive/CV_Project/datasets/casia2/images/CASIA2.0_revised/Au/Au_ani_30179.jpg,0,0.1086324055989583,3,1,0.02,0.5
/content/drive/MyDrive/CV_Project/datasets/casia2/images/CASIA2.0_revised/Au/Au_ani_30180.jpg,0,0.088134765625,3,1,0.02,0.5
/content/drive/MyDrive/CV_Project/datasets/casia2/images/CASIA2.0_revised/Au/Au_ani_30181.jpg,0,0.0447998046875,3,1,0.02,0.5
/content/drive/MyDrive/CV_Project/datasets/casia2/images/CASIA2.0_revised/Au/Au_ani_30182.jpg,0,0.0,3,1,0.02,0.5
/content/drive/MyDrive/CV_Project/datasets/casia2/images/CASIA2.0_revised/Au/Au_ani_30183.jpg,0,0.0984090169270833,3,1,0.02,0.5
/content/drive/MyDrive/CV_Project/datasets/casia2/images/CASIA2.0_revised/Au/Au_ani_30184.jpg,0,0.1890665690104166,3,1,0.02,0.5
/content/drive/MyDrive/CV_Project/datasets/casia2/images/CASIA2.0_revised/Au/Au_ani_30185.jpg,0,0.3684285481770833,3,1,0.02,0.5
/content/drive/MyDrive/CV_Project/datasets/casia2/images/CASIA2.0_revised/Au/Au_ani_30186.jpg,0,0.0530904134114583,3,1,0.02,0.5
/content/drive/MyDrive/CV_Project/datasets/casia2/images/CASIA2.0_revised/Au/Au_ani_30187.jpg,0,0.1124267578125,3,1,0.02,0.5
/content/drive/MyDrive/CV_Project/datasets/casia2/images/CASIA2.0_revised/Au/Au_ani_30188.jpg,0,0.0982767740885416,3,1,0.02,0.5
/content/drive/MyDrive/CV_Project/datasets/casia2/images/CASIA2.0_revised/Au/Au_ani_30189.jpg,0,0.1465861002604166,3,1,0.02,0.5
/content/drive/MyDrive/CV_Project/datasets/casia2/images/CASIA2.0_revised/Au/Au_ani_30190.jpg,0,0.556060791015625,3,1,0.02,0.5
/content/drive/MyDrive/CV_Project/datasets/casia2/images/CASIA2.0_revised/Au/Au_ani_30191.jpg,0,0.0279744466145833,3,1,0.02,0.5
/content/drive/MyDrive/CV_Project/datasets/casia2/images/CASIA2.0_revised/Au/Au_ani_30192.jpg,0,0.1595458984375,3,1,0.02,0.5
/content/drive/MyDrive/CV_Project/datasets/casia2/images/CASIA2.0_revised/Au/Au_ani_30193.jpg,0,0.0,3,1,0.02,0.5
/content/drive/MyDrive/CV_Project/datasets/casia2/images/CASIA2.0_revised/Au/Au_ani_30194.jpg,0,0.1461181640625,3,1,0.02,0.5
/content/drive/MyDrive/CV_Project/datasets/casia2/images/CASIA2.0_revised/Au/Au_ani_30195.jpg,0,0.056060791015625,3,1,0.02,0.5
/content/drive/MyDrive/CV_Project/datasets/casia2/images/CASIA2.0_revised/Au/Au_ani_30196.jpg,0,0.2191060384114583,3,1,0.02,0.5
/content/drive/MyDrive/CV_Project/datasets/casia2/images/CASIA2.0_revised/Au/Au_ani_30197.jpg,0,0.8694356282552084,3,1,0.02,0.5
/content/drive/MyDrive/CV_Project/datasets/casia2/images/CASIA2.0_revised/Au/Au_ani_30198.jpg,0,0.037506103515625,3,1,0.02,0.5
/content/drive/MyDrive/CV_Project/datasets/casia2/images/CASIA2.0_revised/Au/Au_ani_30199.jpg,0,0.0225626627604166,3,1,0.02,0.5
/content/drive/MyDrive/CV_Project/datasets/casia2/images/CASIA2.0_revised/Au/Au_ani_30200.jpg,0,0.1202189127604166,3,1,0.02,0.5
/content/drive/MyDrive/CV_Project/datasets/casia2/images/CASIA2.0_revised/Au/Au_ani_30201.jpg,0,0.0473225911458333,3,1,0.02,0.5
/content/drive/MyDrive/CV_Project/datasets/casia2/images/CASIA2.0_revised/Au/Au_ani_30202.jpg,0,0.121826171875,3,1,0.02,0.5
/content/drive/MyDrive/CV_Project/datasets/casia2/images/CASIA2.0_revised/Au/Au_ani_30203.jpg,0,0.0,3,1,0.02,0.5
/content/drive/MyDrive/CV_Project/datasets/casia2/images/CASIA2.0_revised/Au/Au_ani_30204.jpg,0,0.075225830078125,3,1,0.02,0.5
/content/drive/MyDrive/CV_Project/datasets/casia2/images/CASIA2.0_revised/Au/Au_ani_30205.jpg,0,0.4278767903645833,3,1,0.02,0.5
/content/drive/MyDrive/CV_Project/datasets/casia2/images/CASIA2.0_revised/Au/Au_ani_30206.jpg,0,0.0,3,1,0.02,0.5
/content/drive/MyDrive/CV_Project/datasets/casia2/images/CASIA2.0_revised/Au/Au_ani_30207.jpg,0,0.2226765950520833,3,1,0.02,0.5
/content/drive/MyDrive/CV_Project/datasets/casia2/images/CASIA2.0_revised/Au/Au_ani_30208.jpg,0,0.0844014485677083,3,1,0.02,0.5
/content/drive/MyDrive/CV_Project/datasets/casia2/images/CASIA2.0_revised/Au/Au_ani_30209.jpg,0,0.0942484537760416,3,1,0.02,0.5
/content/drive/MyDrive/CV_Project/datasets/casia2/images/CASIA2.0_revised/Au/Au_ani_30210.jpg,0,0.1413065592447916,3,1,0.02,0.5
/content/drive/MyDrive/CV_Project/datasets/casia2/images/CASIA2.0_revised/Au/Au_ani_30211.jpg,0,0.159027099609375,3,1,0.02,0.5
/content/drive/MyDrive/CV_Project/datasets/casia2/images/CASIA2.0_revised/Au/Au_ani_30212.jpg,0,0.3593241373697917,3,1,0.02,0.5
/content/drive/MyDrive/CV_Project/datasets/casia2/images/CASIA2.0_revised/Au/Au_ani_30213.jpg,0,0.1659037272135416,3,1,0.02,0.5
/content/drive/MyDrive/CV_Project/datasets/casia2/images/CASIA2.0_revised/Au/Au_ani_30214.jpg,0,0.642913818359375,3,1,0.02,0.5
/content/drive/MyDrive/CV_Project/datasets/casia2/images/CASIA2.0_revised/Au/Au_ani_30215.jpg,0,0.0,3,1,0.02,0.5
/content/drive/MyDrive/CV_Project/datasets/casia2/images/CASIA2.0_revised/Au/Au_ani_30216.jpg,0,0.2238260904947916,3,1,0.02,0.5
/content/drive/MyDrive/CV_Project/datasets/casia2/images/CASIA2.0_revised/Au/Au_ani_30217.jpg,0,0.0680948893229166,3,1,0.02,0.5
/content/drive/MyDrive/CV_Project/datasets/casia2/images/CASIA2.0_revised/Au/Au_ani_30218.jpg,0,0.0,3,1,0.02,0.5
/content/drive/MyDrive/CV_Project/datasets/casia2/images/CASIA2.0_revised/Au/Au_ani_30219.jpg,0,0.4542643229166667,3,1,0.02,0.5
/content/drive/MyDrive/CV_Project/datasets/casia2/images/CASIA2.0_revised/Au/Au_ani_30220.jpg,0,0.6581217447916666,3,1,0.02,0.5
/content/drive/MyDrive/CV_Project/datasets/casia2/images/CASIA2.0_revised/Au/Au_ani_30221.jpg,0,0.06207275390625,3,1,0.02,0.5
/content/drive/MyDrive/CV_Project/datasets/casia2/images/CASIA2.0_revised/Au/Au_ani_30222.jpg,0,0.0236307779947916,3,1,0.02,0.5
/content/drive/MyDrive/CV_Project/datasets/casia2/images/CASIA2.0_revised/Au/Au_ani_30223.jpg,0,0.3328348795572917,3,1,0.02,0.5
/content/drive/MyDrive/CV_Project/datasets/casia2/images/CASIA2.0_revised/Au/Au_ani_30224.jpg,0,0.2816162109375,3,1,0.02,0.5
/content/drive/MyDrive/CV_Project/datasets/casia2/images/CASIA2.0_revised/Au/Au_ani_30225.jpg,0,0.0,3,1,0.02,0.5
/content/drive/MyDrive/CV_Project/datasets/casia2/images/CASIA2.0_revised/Au/Au_ani_30226.jpg,0,0.0,3,1,0.02,0.5
/content/drive/MyDrive/CV_Project/datasets/casia2/images/CASIA2.0_revised/Au/Au_ani_30227.jpg,0,0.1622111002604166,3,1,0.02,0.5
/content/drive/MyDrive/CV_Project/datasets/casia2/images/CASIA2.0_revised/Au/Au_ani_30228.jpg,0,0.0,3,1,0.02,0.5
/content/drive/MyDrive/CV_Project/datasets/casia2/images/CASIA2.0_revised/Au/Au_ani_30229.jpg,0,0.0,3,1,0.02,0.5
/content/drive/MyDrive/CV_Project/datasets/casia2/images/CASIA2.0_revised/Au/Au_ani_30230.jpg,0,0.312652587890625,3,1,0.02,0.5
/content/drive/MyDrive/CV_Project/datasets/casia2/images/CASIA2.0_revised/Au/Au_ani_30231.jpg,0,0.499847412109375,3,1,0.02,0.5
/content/drive/MyDrive/CV_Project/datasets/casia2/images/CASIA2.0_revised/Au/Au_ani_30232.jpg,0,0.503662109375,3,1,0.02,0.5
/content/drive/MyDrive/CV_Project/datasets/casia2/images/CASIA2.0_revised/Au/Au_ani_30233.jpg,0,0.0,3,1,0.02,0.5
/content/drive/MyDrive/CV_Project/datasets/casia2/images/CASIA2.0_revised/Au/Au_ani_30234.jpg,0,0.5683797200520834,3,1,0.02,0.5
/content/drive/MyDrive/CV_Project/datasets/casia2/images/CASIA2.0_revised/Au/Au_ani_30235.jpg,0,0.0,3,1,0.02,0.5
/content/drive/MyDrive/CV_Project/datasets/casia2/images/CASIA2.0_revised/Au/Au_ani_30236.jpg,0,0.0,3,1,0.02,0.5
/content/drive/MyDrive/CV_Project/datasets/casia2/images/CASIA2.0_revised/Au/Au_ani_30237.jpg,0,0.0,3,1,0.02,0.5
/content/drive/MyDrive/CV_Project/datasets/casia2/images/CASIA2.0_revised/Au/Au_ani_30238.jpg,0,0.119354248046875,3,1,0.02,0.5
/content/drive/MyDrive/CV_Project/datasets/casia2/images/CASIA2.0_revised/Au/Au_ani_30239.jpg,0,0.0606486002604166,3,1,0.02,0.5
/content/drive/MyDrive/CV_Project/datasets/casia2/images/CASIA2.0_revised/Au/Au_ani_30240.jpg,0,0.240692138671875,3,1,0.02,0.5
/content/drive/MyDrive/CV_Project/datasets/casia2/images/CASIA2.0_revised/Au/Au_ani_30241.jpg,0,0.1652119954427083,3,1,0.02,0.5
/content/drive/MyDrive/CV_Project/datasets/casia2/images/CASIA2.0_revised/Au/Au_ani_30242.jpg,0,0.0,3,1,0.02,0.5
/content/drive/MyDrive/CV_Project/datasets/casia2/images/CASIA2.0_revised/Au/Au_ani_30243.jpg,0,0.0,3,1,0.02,0.5
/content/drive/MyDrive/CV_Project/datasets/casia2/images/CASIA2.0_revised/Au/Au_ani_30244.jpg,0,0.0,3,1,0.02,0.5
/content/drive/MyDrive/CV_Project/datasets/casia2/images/CASIA2.0_revised/Au/Au_ani_30245.jpg,0,0.0830078125,3,1,0.02,0.5
/content/drive/MyDrive/CV_Project/datasets/casia2/images/CASIA2.0_revised/Au/Au_ani_30246.jpg,0,0.4065450032552083,3,1,0.02,0.5
/content/drive/MyDrive/CV_Project/datasets/casia2/images/CASIA2.0_revised/Au/Au_ani_30247.jpg,0,0.5959269205729166,3,1,0.02,0.5
/content/drive/MyDrive/CV_Project/datasets/casia2/images/CASIA2.0_revised/Au/Au_ani_30248.jpg,0,0.492767333984375,3,1,0.02,0.5
/content/drive/MyDrive/CV_Project/datasets/casia2/images/CASIA2.0_revised/Au/Au_ani_30249.jpg,0,0.31671142578125,3,1,0.02,0.5
/content/drive/MyDrive/CV_Project/datasets/casia2/images/CASIA2.0_revised/Au/Au_ani_30250.jpg,0,0.4725748697916667,3,1,0.02,0.5
/content/drive/MyDrive/CV_Project/datasets/casia2/images/CASIA2.0_revised/Au/Au_ani_30251.jpg,0,0.0,3,1,0.02,0.5
/content/drive/MyDrive/CV_Project/datasets/casia2/images/CASIA2.0_revised/Au/Au_ani_30252.jpg,0,0.8223775227864584,3,1,0.02,0.5
/content/drive/MyDrive/CV_Project/datasets/casia2/images/CASIA2.0_revised/Au/Au_ani_30253.jpg,0,0.1342061360677083,3,1,0.02,0.5
/content/drive/MyDrive/CV_Project/datasets/casia2/images/CASIA2.0_revised/Au/Au_ani_30254.jpg,0,0.55474853515625,3,1,0.02,0.5
/content/drive/MyDrive/CV_Project/datasets/casia2/images/CASIA2.0_revised/Au/Au_ani_30255.jpg,0,0.1485595703125,3,1,0.02,0.5
/content/drive/MyDrive/CV_Project/datasets/casia2/images/CASIA2.0_revised/Au/Au_ani_30256.jpg,0,0.0621337890625,3,1,0.02,0.5
/content/drive/MyDrive/CV_Project/datasets/casia2/images/CASIA2.0_revised/Au/Au_ani_30257.jpg,0,0.1573079427083333,3,1,0.02,0.5
/content/drive/MyDrive/CV_Project/datasets/casia2/images/CASIA2.0_revised/Au/Au_ani_30258.jpg,0,0.4843648274739583,3,1,0.02,0.5
/content/drive/MyDrive/CV_Project/datasets/casia2/images/CASIA2.0_revised/Au/Au_ani_30259.jpg,0,0.05279541015625,3,1,0.02,0.5
/content/drive/MyDrive/CV_Project/datasets/casia2/images/CASIA2.0_revised/Au/Au_ani_30260.jpg,0,0.0,3,1,0.02,0.5
/content/drive/MyDrive/CV_Project/datasets/casia2/images/CASIA2.0_revised/Au/Au_ani_30261.jpg,0,0.2401835123697916,3,1,0.02,0.5
/content/drive/MyDrive/CV_Project/datasets/casia2/images/CASIA2.0_revised/Au/Au_ani_30262.jpg,0,0.1590983072916666,3,1,0.02,0.5
/content/drive/MyDrive/CV_Project/datasets/casia2/images/CASIA2.0_revised/Au/Au_ani_30263.jpg,0,0.1685282389322916,3,1,0.02,0.5
/content/drive/MyDrive/CV_Project/datasets/casia2/images/CASIA2.0_revised/Au/Au_ani_30264.jpg,0,0.3492228190104167,3,1,0.02,0.5
/content/drive/MyDrive/CV_Project/datasets/casia2/images/CASIA2.0_revised/Au/Au_ani_30265.jpg,0,0.1521504720052083,3,1,0.02,0.5
/content/drive/MyDrive/CV_Project/datasets/casia2/images/CASIA2.0_revised/Au/Au_ani_30266.jpg,0,0.10626220703125,3,1,0.02,0.5
/content/drive/MyDrive/CV_Project/datasets/casia2/images/CASIA2.0_revised/Au/Au_ani_30267.jpg,0,0.0,3,1,0.02,0.5
/content/drive/MyDrive/CV_Project/datasets/casia2/images/CASIA2.0_revised/Au/Au_ani_30268.jpg,0,0.04656982421875,3,1,0.02,0.5
/content/drive/MyDrive/CV_Project/datasets/casia2/images/CASIA2.0_revised/Au/Au_ani_30269.jpg,0,0.0,3,1,0.02,0.5
/content/drive/MyDrive/CV_Project/datasets/casia2/images/CASIA2.0_revised/Au/Au_ani_30270.jpg,0,0.1719258626302083,3,1,0.02,0.5
/content/drive/MyDrive/CV_Project/datasets/casia2/images/CASIA2.0_revised/Au/Au_ani_30271.jpg,0,0.0680745442708333,3,1,0.02,0.5
/content/drive/MyDrive/CV_Project/datasets/casia2/images/CASIA2.0_revised/Au/Au_ani_30272.jpg,0,0.1624654134114583,3,1,0.02,0.5
/content/drive/MyDrive/CV_Project/datasets/casia2/images/CASIA2.0_revised/Au/Au_ani_30273.jpg,0,0.555084228515625,3,1,0.02,0.5
/content/drive/MyDrive/CV_Project/datasets/casia2/images/CASIA2.0_revised/Au/Au_ani_30274.jpg,0,0.0,3,1,0.02,0.5
/content/drive/MyDrive/CV_Project/datasets/casia2/images/CASIA2.0_revised/Au/Au_ani_30275.jpg,0,0.0,3,1,0.02,0.5
/content/drive/MyDrive/CV_Project/datasets/casia2/images/CASIA2.0_revised/Au/Au_ani_30276.jpg,0,0.316436767578125,3,1,0.02,0.5
/content/drive/MyDrive/CV_Project/datasets/casia2/images/CASIA2.0_revised/Au/Au_ani_30277.jpg,0,0.4874979654947917,3,1,0.02,0.5
/content/drive/MyDrive/CV_Project/datasets/casia2/images/CASIA2.0_revised/Au/Au_ani_30278.jpg,0,0.1265970865885416,3,1,0.02,0.5
/content/drive/MyDrive/CV_Project/datasets/casia2/images/CASIA2.0_revised/Au/Au_ani_30279.jpg,0,0.1443379720052083,3,1,0.02,0.5
/content/drive/MyDrive/CV_Project/datasets/casia2/images/CASIA2.0_revised/Au/Au_ani_30280.jpg,0,0.1526997884114583,3,1,0.02,0.5
/content/drive/MyDrive/CV_Project/datasets/casia2/images/CASIA2.0_revised/Au/Au_ani_30281.jpg,0,0.0,3,1,0.02,0.5
/content/drive/MyDrive/CV_Project/datasets/casia2/images/CASIA2.0_revised/Au/Au_ani_30282.jpg,0,0.4768575032552083,3,1,0.02,0.5
/content/drive/MyDrive/CV_Project/datasets/casia2/images/CASIA2.0_revised/Au/Au_ani_30283.jpg,0,0.0,3,1,0.02,0.5
/content/drive/MyDrive/CV_Project/datasets/casia2/images/CASIA2.0_revised/Au/Au_ani_30284.jpg,0,0.0720113118489583,3,1,0.02,0.5
/content/drive/MyDrive/CV_Project/datasets/casia2/images/CASIA2.0_revised/Au/Au_ani_30285.jpg,0,0.0531514485677083,3,1,0.02,0.5
/content/drive/MyDrive/CV_Project/datasets/casia2/images/CASIA2.0_revised/Au/Au_ani_30286.jpg,0,0.10650634765625,3,1,0.02,0.5
/content/drive/MyDrive/CV_Project/datasets/casia2/images/CASIA2.0_revised/Au/Au_ani_30287.jpg,0,0.1494954427083333,3,1,0.02,0.5
/content/drive/MyDrive/CV_Project/datasets/casia2/images/CASIA2.0_revised/Au/Au_ani_30288.jpg,0,0.0,3,1,0.02,0.5
/content/drive/MyDrive/CV_Project/datasets/casia2/images/CASIA2.0_revised/Au/Au_ani_30289.jpg,0,0.0,3,1,0.02,0.5
/content/drive/MyDrive/CV_Project/datasets/casia2/images/CASIA2.0_revised/Au/Au_ani_30290.jpg,0,0.0,3,1,0.02,0.5
/content/drive/MyDrive/CV_Project/datasets/casia2/images/CASIA2.0_revised/Au/Au_ani_30291.jpg,0,0.0503133138020833,3,1,0.02,0.5
/content/drive/MyDrive/CV_Project/datasets/casia2/images/CASIA2.0_revised/Au/Au_ani_30292.jpg,0,0.3942769368489583,3,1,0.02,0.5
/content/drive/MyDrive/CV_Project/datasets/casia2/images/CASIA2.0_revised/Au/Au_ani_30293.jpg,0,0.4456583658854167,3,1,0.02,0.5
/content/drive/MyDrive/CV_Project/datasets/casia2/images/CASIA2.0_revised/Au/Au_ani_30294.jpg,0,0.1508992513020833,3,1,0.02,0.5
/content/drive/MyDrive/CV_Project/datasets/casia2/images/CASIA2.0_revised/Au/Au_ani_30295.jpg,0,0.1516316731770833,3,1,0.02,0.5
/content/drive/MyDrive/CV_Project/datasets/casia2/images/CASIA2.0_revised/Au/Au_ani_30296.jpg,0,0.270965576171875,3,1,0.02,0.5
/content/drive/MyDrive/CV_Project/datasets/casia2/images/CASIA2.0_revised/Au/Au_ani_30297.jpg,0,0.0,3,1,0.02,0.5
/content/drive/MyDrive/CV_Project/datasets/casia2/images/CASIA2.0_revised/Au/Au_ani_30298.jpg,0,0.2723388671875,3,1,0.02,0.5
/content/drive/MyDrive/CV_Project/datasets/casia2/images/CASIA2.0_revised/Au/Au_ani_30299.jpg,0,0.1801961263020833,3,1,0.02,0.5
/content/drive/MyDrive/CV_Project/datasets/casia2/images/CASIA2.0_revised/Au/Au_ani_30300.jpg,0,0.0,3,1,0.02,0.5
/content/drive/MyDrive/CV_Project/datasets/casia2/images/CASIA2.0_revised/Au/Au_ani_30301.jpg,0,0.0,3,1,0.02,0.5
/content/drive/MyDrive/CV_Project/datasets/casia2/images/CASIA2.0_revised/Au/Au_ani_30302.jpg,0,0.0,3,1,0.02,0.5
/content/drive/MyDrive/CV_Project/datasets/casia2/images/CASIA2.0_revised/Au/Au_ani_30303.jpg,0,0.0,3,1,0.02,0.5
/content/drive/MyDrive/CV_Project/datasets/casia2/images/CASIA2.0_revised/Au/Au_ani_30304.jpg,0,0.294189453125,3,1,0.02,0.5
/content/drive/MyDrive/CV_Project/datasets/casia2/images/CASIA2.0_revised/Au/Au_ani_30305.jpg,0,0.0,3,1,0.02,0.5
/content/drive/MyDrive/CV_Project/datasets/casia2/images/CASIA2.0_revised/Au/Au_ani_30306.jpg,0,0.0,3,1,0.02,0.5
/content/drive/MyDrive/CV_Project/datasets/casia2/images/CASIA2.0_revised/Au/Au_ani_30307.jpg,0,0.4463704427083333,3,1,0.02,0.5
/content/drive/MyDrive/CV_Project/datasets/casia2/images/CASIA2.0_revised/Au/Au_ani_30308.jpg,0,0.0659281412760416,3,1,0.02,0.5
/content/drive/MyDrive/CV_Project/datasets/casia2/images/CASIA2.0_revised/Au/Au_ani_30309.jpg,0,0.0,3,1,0.02,0.5
/content/drive/MyDrive/CV_Project/datasets/casia2/images/CASIA2.0_revised/Au/Au_ani_30310.jpg,0,0.0,3,1,0.02,0.5
/content/drive/MyDrive/CV_Project/datasets/casia2/images/CASIA2.0_revised/Au/Au_ani_30311.jpg,0,0.0,3,1,0.02,0.5
/content/drive/MyDrive/CV_Project/datasets/casia2/images/CASIA2.0_revised/Au/Au_ani_30312.jpg,0,0.4558003743489583,3,1,0.02,0.5
/content/drive/MyDrive/CV_Project/datasets/casia2/images/CASIA2.0_revised/Au/Au_ani_30313.jpg,0,0.6570231119791666,3,1,0.02,0.5
/content/drive/MyDrive/CV_Project/datasets/casia2/images/CASIA2.0_revised/Au/Au_ani_30314.jpg,0,0.4843037923177083,3,1,0.02,0.5
/content/drive/MyDrive/CV_Project/datasets/casia2/images/CASIA2.0_revised/Au/Au_ani_30315.jpg,0,0.0,3,1,0.02,0.5
/content/drive/MyDrive/CV_Project/datasets/casia2/images/CASIA2.0_revised/Au/Au_ani_30316.jpg,0,0.0419718424479166,3,1,0.02,0.5
/content/drive/MyDrive/CV_Project/datasets/casia2/images/CASIA2.0_revised/Au/Au_ani_30317.jpg,0,0.864044189453125,3,1,0.02,0.5
/content/drive/MyDrive/CV_Project/datasets/casia2/images/CASIA2.0_revised/Au/Au_ani_30318.jpg,0,0.02569580078125,3,1,0.02,0.5
/content/drive/MyDrive/CV_Project/datasets/casia2/images/CASIA2.0_revised/Au/Au_ani_30319.jpg,0,0.0,3,1,0.02,0.5
/content/drive/MyDrive/CV_Project/datasets/casia2/images/CASIA2.0_revised/Au/Au_ani_30320.jpg,0,0.0,3,1,0.02,0.5
/content/drive/MyDrive/CV_Project/datasets/casia2/images/CASIA2.0_revised/Au/Au_ani_30321.jpg,0,0.1430460611979166,3,1,0.02,0.5
/content/drive/MyDrive/CV_Project/datasets/casia2/images/CASIA2.0_revised/Au/Au_ani_30322.jpg,0,0.4781392415364583,3,1,0.02,0.5
/content/drive/MyDrive/CV_Project/datasets/casia2/images/CASIA2.0_revised/Au/Au_ani_30323.jpg,0,0.0,3,1,0.02,0.5
/content/drive/MyDrive/CV_Project/datasets/casia2/images/CASIA2.0_revised/Au/Au_ani_30324.jpg,0,0.1469624837239583,3,1,0.02,0.5
/content/drive/MyDrive/CV_Project/datasets/casia2/images/CASIA2.0_revised/Au/Au_ani_30325.jpg,0,0.3154703776041667,3,1,0.02,0.5
/content/drive/MyDrive/CV_Project/datasets/casia2/images/CASIA2.0_revised/Au/Au_ani_30326.jpg,0,0.111968994140625,3,1,0.02,0.5
/content/drive/MyDrive/CV_Project/datasets/casia2/images/CASIA2.0_revised/Au/Au_ani_30327.jpg,0,0.1591593424479166,3,1,0.02,0.5
/content/drive/MyDrive/CV_Project/datasets/casia2/images/CASIA2.0_revised/Au/Au_ani_30328.jpg,0,0.0,3,1,0.02,0.5
/content/drive/MyDrive/CV_Project/datasets/casia2/images/CASIA2.0_revised/Au/Au_ani_30329.jpg,0,0.3987630208333333,3,1,0.02,0.5
/content/drive/MyDrive/CV_Project/datasets/casia2/images/CASIA2.0_revised/Au/Au_ani_30330.jpg,0,0.4078776041666667,3,1,0.02,0.5
/content/drive/MyDrive/CV_Project/datasets/casia2/images/CASIA2.0_revised/Au/Au_ani_30331.jpg,0,0.330780029296875,3,1,0.02,0.5
/content/drive/MyDrive/CV_Project/datasets/casia2/images/CASIA2.0_revised/Au/Au_ani_30332.jpg,0,0.1210734049479166,3,1,0.02,0.5
/content/drive/MyDrive/CV_Project/datasets/casia2/images/CASIA2.0_revised/Au/Au_ani_30333.jpg,0,0.0,3,1,0.02,0.5
/content/drive/MyDrive/CV_Project/datasets/casia2/images/CASIA2.0_revised/Au/Au_ani_30334.jpg,0,0.0253194173177083,3,1,0.02,0.5
/content/drive/MyDrive/CV_Project/datasets/casia2/images/CASIA2.0_revised/Au/Au_ani_30335.jpg,0,0.143218994140625,3,1,0.02,0.5
/content/drive/MyDrive/CV_Project/datasets/casia2/images/CASIA2.0_revised/Au/Au_ani_30336.jpg,0,0.321441650390625,3,1,0.02,0.5
/content/drive/MyDrive/CV_Project/datasets/casia2/images/CASIA2.0_revised/Au/Au_ani_30337.jpg,0,0.06298828125,3,1,0.02,0.5
/content/drive/MyDrive/CV_Project/datasets/casia2/images/CASIA2.0_revised/Au/Au_ani_30338.jpg,0,0.1551513671875,3,1,0.02,0.5
/content/drive/MyDrive/CV_Project/datasets/casia2/images/CASIA2.0_revised/Au/Au_ani_30339.jpg,0,0.0,3,1,0.02,0.5
/content/drive/MyDrive/CV_Project/datasets/casia2/images/CASIA2.0_revised/Au/Au_ani_30340.jpg,0,0.3426513671875,3,1,0.02,0.5
/content/drive/MyDrive/CV_Project/datasets/casia2/images/CASIA2.0_revised/Au/Au_ani_30341.jpg,0,0.0919189453125,3,1,0.02,0.5
/content/drive/MyDrive/CV_Project/datasets/casia2/images/CASIA2.0_revised/Au/Au_ani_30342.jpg,0,0.025970458984375,3,1,0.02,0.5
/content/drive/MyDrive/CV_Project/datasets/casia2/images/CASIA2.0_revised/Au/Au_ani_30343.jpg,0,0.0,3,1,0.02,0.5
/content/drive/MyDrive/CV_Project/datasets/casia2/images/CASIA2.0_revised/Au/Au_ani_30344.jpg,0,0.038787841796875,3,1,0.02,0.5
/content/drive/MyDrive/CV_Project/datasets/casia2/images/CASIA2.0_revised/Au/Au_ani_30345.jpg,0,0.5200398763020834,3,1,0.02,0.5
/content/drive/MyDrive/CV_Project/datasets/casia2/images/CASIA2.0_revised/Au/Au_ani_30346.jpg,0,0.0,3,1,0.02,0.5
/content/drive/MyDrive/CV_Project/datasets/casia2/images/CASIA2.0_revised/Au/Au_ani_30347.jpg,0,0.4118245442708333,3,1,0.02,0.5
/content/drive/MyDrive/CV_Project/datasets/casia2/images/CASIA2.0_revised/Au/Au_ani_30348.jpg,0,0.3085530598958333,3,1,0.02,0.5
/content/drive/MyDrive/CV_Project/datasets/casia2/images/CASIA2.0_revised/Au/Au_ani_30349.jpg,0,0.0,3,1,0.02,0.5
/content/drive/MyDrive/CV_Project/datasets/casia2/images/CASIA2.0_revised/Au/Au_ani_30350.jpg,0,0.0645853678385416,3,1,0.02,0.5
/content/drive/MyDrive/CV_Project/datasets/casia2/images/CASIA2.0_revised/Au/Au_ani_30351.jpg,0,0.1408589680989583,3,1,0.02,0.5
/content/drive/MyDrive/CV_Project/datasets/casia2/images/CASIA2.0_revised/Au/Au_ani_30352.jpg,0,0.0,3,1,0.02,0.5
/content/drive/MyDrive/CV_Project/datasets/casia2/images/CASIA2.0_revised/Au/Au_ani_30353.jpg,0,0.4308064778645833,3,1,0.02,0.5
/content/drive/MyDrive/CV_Project/datasets/casia2/images/CASIA2.0_revised/Au/Au_ani_30354.jpg,0,0.284454345703125,3,1,0.02,0.5
/content/drive/MyDrive/CV_Project/datasets/casia2/images/CASIA2.0_revised/Au/Au_ani_30355.jpg,0,0.2545369466145833,3,1,0.02,0.5
/content/drive/MyDrive/CV_Project/datasets/casia2/images/CASIA2.0_revised/Au/Au_ani_30356.jpg,0,0.4016621907552083,3,1,0.02,0.5
/content/drive/MyDrive/CV_Project/datasets/casia2/images/CASIA2.0_revised/Au/Au_ani_30357.jpg,0,0.4356892903645833,3,1,0.02,0.5
/content/drive/MyDrive/CV_Project/datasets/casia2/images/CASIA2.0_revised/Au/Au_ani_30358.jpg,0,0.0660298665364583,3,1,0.02,0.5
/content/drive/MyDrive/CV_Project/datasets/casia2/images/CASIA2.0_revised/Au/Au_ani_30359.jpg,0,0.0,3,1,0.02,0.5
/content/drive/MyDrive/CV_Project/datasets/casia2/images/CASIA2.0_revised/Au/Au_ani_30360.jpg,0,0.0692952473958333,3,1,0.02,0.5
/content/drive/MyDrive/CV_Project/datasets/casia2/images/CASIA2.0_revised/Au/Au_ani_30361.jpg,0,0.0904541015625,3,1,0.02,0.5
/content/drive/MyDrive/CV_Project/datasets/casia2/images/CASIA2.0_revised/Au/Au_ani_30362.jpg,0,0.043212890625,3,1,0.02,0.5
/content/drive/MyDrive/CV_Project/datasets/casia2/images/CASIA2.0_revised/Au/Au_ani_30363.jpg,0,0.28936767578125,3,1,0.02,0.5
/content/drive/MyDrive/CV_Project/datasets/casia2/images/CASIA2.0_revised/Au/Au_ani_30364.jpg,0,0.0,3,1,0.02,0.5
/content/drive/MyDrive/CV_Project/datasets/casia2/images/CASIA2.0_revised/Au/Au_ani_30365.jpg,0,0.0,3,1,0.02,0.5
/content/drive/MyDrive/CV_Project/datasets/casia2/images/CASIA2.0_revised/Au/Au_ani_30366.jpg,0,0.0271402994791666,3,1,0.02,0.5
/content/drive/MyDrive/CV_Project/datasets/casia2/images/CASIA2.0_revised/Au/Au_ani_30367.jpg,0,0.0,3,1,0.02,0.5
/content/drive/MyDrive/CV_Project/datasets/casia2/images/CASIA2.0_revised/Au/Au_ani_30368.jpg,0,0.3111775716145833,3,1,0.02,0.5
/content/drive/MyDrive/CV_Project/datasets/casia2/images/CASIA2.0_revised/Au/Au_ani_30369.jpg,0,0.2026468912760416,3,1,0.02,0.5
/content/drive/MyDrive/CV_Project/datasets/casia2/images/CASIA2.0_revised/Au/Au_ani_30370.jpg,0,0.140350341796875,3,1,0.02,0.5
/content/drive/MyDrive/CV_Project/datasets/casia2/images/CASIA2.0_revised/Au/Au_ani_30371.jpg,0,0.133087158203125,3,1,0.02,0.5
/content/drive/MyDrive/CV_Project/datasets/casia2/images/CASIA2.0_revised/Au/Au_ani_30372.jpg,0,0.1400146484375,3,1,0.02,0.5
/content/drive/MyDrive/CV_Project/datasets/casia2/images/CASIA2.0_revised/Au/Au_ani_30373.jpg,0,0.469573974609375,3,1,0.02,0.5
/content/drive/MyDrive/CV_Project/datasets/casia2/images/CASIA2.0_revised/Au/Au_ani_30374.jpg,0,0.0215861002604166,3,1,0.02,0.5
/content/drive/MyDrive/CV_Project/datasets/casia2/images/CASIA2.0_revised/Au/Au_ani_30375.jpg,0,0.274871826171875,3,1,0.02,0.5
/content/drive/MyDrive/CV_Project/datasets/casia2/images/CASIA2.0_revised/Au/Au_ani_30376.jpg,0,0.0,3,1,0.02,0.5
/content/drive/MyDrive/CV_Project/datasets/casia2/images/CASIA2.0_revised/Au/Au_ani_30377.jpg,0,0.288360595703125,3,1,0.02,0.5
/content/drive/MyDrive/CV_Project/datasets/casia2/images/CASIA2.0_revised/Au/Au_ani_30378.jpg,0,0.0,3,1,0.02,0.5
/content/drive/MyDrive/CV_Project/datasets/casia2/images/CASIA2.0_revised/Au/Au_ani_30379.jpg,0,0.3022054036458333,3,1,0.02,0.5
/content/drive/MyDrive/CV_Project/datasets/casia2/images/CASIA2.0_revised/Au/Au_ani_30380.jpg,0,0.0,3,1,0.02,0.5
/content/drive/MyDrive/CV_Project/datasets/casia2/images/CASIA2.0_revised/Au/Au_ani_30381.jpg,0,0.0,3,1,0.02,0.5
/content/drive/MyDrive/CV_Project/datasets/casia2/images/CASIA2.0_revised/Au/Au_ani_30382.jpg,0,0.3589070638020833,3,1,0.02,0.5
/content/drive/MyDrive/CV_Project/datasets/casia2/images/CASIA2.0_revised/Au/Au_ani_30383.jpg,0,0.3081868489583333,3,1,0.02,0.5
/content/drive/MyDrive/CV_Project/datasets/casia2/images/CASIA2.0_revised/Au/Au_ani_30384.jpg,0,0.249053955078125,3,1,0.02,0.5
/content/drive/MyDrive/CV_Project/datasets/casia2/images/CASIA2.0_revised/Au/Au_ani_30385.jpg,0,0.0913594563802083,3,1,0.02,0.5
/content/drive/MyDrive/CV_Project/datasets/casia2/images/CASIA2.0_revised/Au/Au_ani_30386.jpg,0,0.3685811360677083,3,1,0.02,0.5
/content/drive/MyDrive/CV_Project/datasets/casia2/images/CASIA2.0_revised/Au/Au_ani_30387.jpg,0,0.0,3,1,0.02,0.5
/content/drive/MyDrive/CV_Project/datasets/casia2/images/CASIA2.0_revised/Au/Au_ani_30388.jpg,0,0.0338643391927083,3,1,0.02,0.5
/content/drive/MyDrive/CV_Project/datasets/casia2/images/CASIA2.0_revised/Au/Au_ani_30389.jpg,0,0.0,3,1,0.02,0.5
/content/drive/MyDrive/CV_Project/datasets/casia2/images/CASIA2.0_revised/Au/Au_ani_30390.jpg,0,0.0,3,1,0.02,0.5
/content/drive/MyDrive/CV_Project/datasets/casia2/images/CASIA2.0_revised/Au/Au_ani_30391.jpg,0,0.0,3,1,0.02,0.5
/content/drive/MyDrive/CV_Project/datasets/casia2/images/CASIA2.0_revised/Au/Au_ani_30392.jpg,0,0.2561238606770833,3,1,0.02,0.5
/content/drive/MyDrive/CV_Project/datasets/casia2/images/CASIA2.0_revised/Au/Au_ani_30393.jpg,0,0.0,3,1,0.02,0.5
/content/drive/MyDrive/CV_Project/datasets/casia2/images/CASIA2.0_revised/Au/Au_ani_30394.jpg,0,0.0,3,1,0.02,0.5
/content/drive/MyDrive/CV_Project/datasets/casia2/images/CASIA2.0_revised/Au/Au_ani_30395.jpg,0,0.350738525390625,3,1,0.02,0.5
/content/drive/MyDrive/CV_Project/datasets/casia2/images/CASIA2.0_revised/Au/Au_ani_30396.jpg,0,0.2833455403645833,3,1,0.02,0.5
/content/drive/MyDrive/CV_Project/datasets/casia2/images/CASIA2.0_revised/Au/Au_ani_30397.jpg,0,0.420166015625,3,1,0.02,0.5
/content/drive/MyDrive/CV_Project/datasets/casia2/images/CASIA2.0_revised/Au/Au_ani_30398.jpg,0,0.0402323404947916,3,1,0.02,0.5
/content/drive/MyDrive/CV_Project/datasets/casia2/images/CASIA2.0_revised/Au/Au_ani_30399.jpg,0,0.248321533203125,3,1,0.02,0.5
/content/drive/MyDrive/CV_Project/datasets/casia2/images/CASIA2.0_revised/Au/Au_ani_30400.jpg,0,0.446441650390625,3,1,0.02,0.5
/content/drive/MyDrive/CV_Project/datasets/casia2/images/CASIA2.0_revised/Au/Au_ani_30401.jpg,0,0.0,3,1,0.02,0.5
/content/drive/MyDrive/CV_Project/datasets/casia2/images/CASIA2.0_revised/Au/Au_ani_30402.jpg,0,0.0,3,1,0.02,0.5
/content/drive/MyDrive/CV_Project/datasets/casia2/images/CASIA2.0_revised/Au/Au_ani_30403.jpg,0,0.9827677408854166,3,1,0.02,0.5
/content/drive/MyDrive/CV_Project/datasets/casia2/images/CASIA2.0_revised/Au/Au_ani_30404.jpg,0,0.88232421875,3,1,0.02,0.5
/content/drive/MyDrive/CV_Project/datasets/casia2/images/CASIA2.0_revised/Au/Au_ani_30405.jpg,0,0.1660257975260416,3,1,0.02,0.5
/content/drive/MyDrive/CV_Project/datasets/casia2/images/CASIA2.0_revised/Au/Au_ani_30406.jpg,0,0.0,3,1,0.02,0.5
/content/drive/MyDrive/CV_Project/datasets/casia2/images/CASIA2.0_revised/Au/Au_ani_30407.jpg,0,0.214935302734375,3,1,0.02,0.5
/content/drive/MyDrive/CV_Project/datasets/casia2/images/CASIA2.0_revised/Au/Au_ani_30408.jpg,0,0.2698465983072917,3,1,0.02,0.5
/content/drive/MyDrive/CV_Project/datasets/casia2/images/CASIA2.0_revised/Au/Au_ani_30409.jpg,0,0.0,3,1,0.02,0.5
/content/drive/MyDrive/CV_Project/datasets/casia2/images/CASIA2.0_revised/Au/Au_ani_30410.jpg,0,0.1600748697916666,3,1,0.02,0.5
/content/drive/MyDrive/CV_Project/datasets/casia2/images/CASIA2.0_revised/Au/Au_ani_30411.jpg,0,0.0899861653645833,3,1,0.02,0.5
/content/drive/MyDrive/CV_Project/datasets/casia2/images/CASIA2.0_revised/Au/Au_ani_30412.jpg,0,0.3011271158854167,3,1,0.02,0.5
/content/drive/MyDrive/CV_Project/datasets/casia2/images/CASIA2.0_revised/Au/Au_ani_30413.jpg,0,0.2010294596354166,3,1,0.02,0.5
/content/drive/MyDrive/CV_Project/datasets/casia2/images/CASIA2.0_revised/Au/Au_ani_30414.jpg,0,0.2512308756510417,3,1,0.02,0.5
/content/drive/MyDrive/CV_Project/datasets/casia2/images/CASIA2.0_revised/Au/Au_ani_30415.jpg,0,0.3329874674479167,3,1,0.02,0.5
/content/drive/MyDrive/CV_Project/datasets/casia2/images/CASIA2.0_revised/Au/Au_ani_30416.jpg,0,0.1996053059895833,3,1,0.02,0.5
/content/drive/MyDrive/CV_Project/datasets/casia2/images/CASIA2.0_revised/Au/Au_ani_30417.jpg,0,0.0,3,1,0.02,0.5
/content/drive/MyDrive/CV_Project/datasets/casia2/images/CASIA2.0_revised/Au/Au_ani_30418.jpg,0,0.239959716796875,3,1,0.02,0.5
/content/drive/MyDrive/CV_Project/datasets/casia2/images/CASIA2.0_revised/Au/Au_ani_30419.jpg,0,0.20257568359375,3,1,0.02,0.5
/content/drive/MyDrive/CV_Project/datasets/casia2/images/CASIA2.0_revised/Au/Au_ani_30420.jpg,0,0.4067789713541667,3,1,0.02,0.5
/content/drive/MyDrive/CV_Project/datasets/casia2/images/CASIA2.0_revised/Au/Au_ani_30421.jpg,0,0.24847412109375,3,1,0.02,0.5
/content/drive/MyDrive/CV_Project/datasets/casia2/images/CASIA2.0_revised/Au/Au_ani_30422.jpg,0,0.3036295572916667,3,1,0.02,0.5
/content/drive/MyDrive/CV_Project/datasets/casia2/images/CASIA2.0_revised/Au/Au_ani_30423.jpg,0,0.41656494140625,3,1,0.02,0.5
/content/drive/MyDrive/CV_Project/datasets/casia2/images/CASIA2.0_revised/Au/Au_ani_30424.jpg,0,0.0,3,1,0.02,0.5
/content/drive/MyDrive/CV_Project/datasets/casia2/images/CASIA2.0_revised/Au/Au_ani_30425.jpg,0,0.0,3,1,0.02,0.5
/content/drive/MyDrive/CV_Project/datasets/casia2/images/CASIA2.0_revised/Au/Au_ani_30426.jpg,0,0.0,3,1,0.02,0.5
/content/drive/MyDrive/CV_Project/datasets/casia2/images/CASIA2.0_revised/Au/Au_ani_30427.jpg,0,0.0,3,1,0.02,0.5
/content/drive/MyDrive/CV_Project/datasets/casia2/images/CASIA2.0_revised/Au/Au_ani_30428.jpg,0,0.4592386881510417,3,1,0.02,0.5
/content/drive/MyDrive/CV_Project/datasets/casia2/images/CASIA2.0_revised/Au/Au_ani_30429.jpg,0,0.1223653157552083,3,1,0.02,0.5
/content/drive/MyDrive/CV_Project/datasets/casia2/images/CASIA2.0_revised/Au/Au_ani_30430.jpg,0,0.3288981119791667,3,1,0.02,0.5
/content/drive/MyDrive/CV_Project/datasets/casia2/images/CASIA2.0_revised/Au/Au_ani_30431.jpg,0,0.400787353515625,3,1,0.02,0.5
/content/drive/MyDrive/CV_Project/datasets/casia2/images/CASIA2.0_revised/Au/Au_ani_30432.jpg,0,0.379974365234375,3,1,0.02,0.5
/content/drive/MyDrive/CV_Project/datasets/casia2/images/CASIA2.0_revised/Au/Au_ani_30433.jpg,0,0.0,3,1,0.02,0.5
/content/drive/MyDrive/CV_Project/datasets/casia2/images/CASIA2.0_revised/Au/Au_ani_30434.jpg,0,0.196685791015625,3,1,0.02,0.5
/content/drive/MyDrive/CV_Project/datasets/casia2/images/CASIA2.0_revised/Au/Au_ani_30435.jpg,0,0.0,3,1,0.02,0.5
/content/drive/MyDrive/CV_Project/datasets/casia2/images/CASIA2.0_revised/Au/Au_ani_30436.jpg,0,0.0492350260416666,3,1,0.02,0.5
/content/drive/MyDrive/CV_Project/datasets/casia2/images/CASIA2.0_revised/Au/Au_ani_30437.jpg,0,0.0,3,1,0.02,0.5
/content/drive/MyDrive/CV_Project/datasets/casia2/images/CASIA2.0_revised/Au/Au_ani_30438.jpg,0,0.0206705729166666,3,1,0.02,0.5
/content/drive/MyDrive/CV_Project/datasets/casia2/images/CASIA2.0_revised/Au/Au_ani_30439.jpg,0,0.4562174479166667,3,1,0.02,0.5
/content/drive/MyDrive/CV_Project/datasets/casia2/images/CASIA2.0_revised/Au/Au_ani_30440.jpg,0,0.0737202962239583,3,1,0.02,0.5
/content/drive/MyDrive/CV_Project/datasets/casia2/images/CASIA2.0_revised/Au/Au_ani_30441.jpg,0,0.0,3,1,0.02,0.5
/content/drive/MyDrive/CV_Project/datasets/casia2/images/CASIA2.0_revised/Au/Au_ani_30442.jpg,0,0.2072041829427083,3,1,0.02,0.5
/content/drive/MyDrive/CV_Project/datasets/casia2/images/CASIA2.0_revised/Au/Au_ani_30443.jpg,0,0.387298583984375,3,1,0.02,0.5
/content/drive/MyDrive/CV_Project/datasets/casia2/images/CASIA2.0_revised/Au/Au_ani_30444.jpg,0,0.0,3,1,0.02,0.5
/content/drive/MyDrive/CV_Project/datasets/casia2/images/CASIA2.0_revised/Au/Au_ani_30445.jpg,0,0.2049763997395833,3,1,0.02,0.5
/content/drive/MyDrive/CV_Project/datasets/casia2/images/CASIA2.0_revised/Au/Au_ani_30446.jpg,0,0.1224263509114583,3,1,0.02,0.5
/content/drive/MyDrive/CV_Project/datasets/casia2/images/CASIA2.0_revised/Au/Au_ani_30447.jpg,0,0.0,3,1,0.02,0.5
/content/drive/MyDrive/CV_Project/datasets/casia2/images/CASIA2.0_revised/Au/Au_ani_30448.jpg,0,0.266845703125,3,1,0.02,0.5
/content/drive/MyDrive/CV_Project/datasets/casia2/images/CASIA2.0_revised/Au/Au_ani_30449.jpg,0,0.0,3,1,0.02,0.5
/content/drive/MyDrive/CV_Project/datasets/casia2/images/CASIA2.0_revised/Au/Au_ani_30450.jpg,0,0.0,3,1,0.02,0.5
/content/drive/MyDrive/CV_Project/datasets/casia2/images/CASIA2.0_revised/Au/Au_ani_30451.jpg,0,0.0,3,1,0.02,0.5
/content/drive/MyDrive/CV_Project/datasets/casia2/images/CASIA2.0_revised/Au/Au_ani_30452.jpg,0,0.0,3,1,0.02,0.5
/content/drive/MyDrive/CV_Project/datasets/casia2/images/CASIA2.0_revised/Au/Au_ani_30453.jpg,0,0.2098592122395833,3,1,0.02,0.5
/content/drive/MyDrive/CV_Project/datasets/casia2/images/CASIA2.0_revised/Au/Au_ani_30454.jpg,0,0.1859029134114583,3,1,0.02,0.5
/content/drive/MyDrive/CV_Project/datasets/casia2/images/CASIA2.0_revised/Au/Au_ani_30455.jpg,0,0.2335103352864583,3,1,0.02,0.5
/content/drive/MyDrive/CV_Project/datasets/casia2/images/CASIA2.0_revised/Au/Au_ani_30456.jpg,0,0.2605183919270833,3,1,0.02,0.5
/content/drive/MyDrive/CV_Project/datasets/casia2/images/CASIA2.0_revised/Au/Au_ani_30457.jpg,0,0.1300252278645833,3,1,0.02,0.5
/content/drive/MyDrive/CV_Project/datasets/casia2/images/CASIA2.0_revised/Au/Au_ani_30458.jpg,0,0.0770365397135416,3,1,0.02,0.5
/content/drive/MyDrive/CV_Project/datasets/casia2/images/CASIA2.0_revised/Au/Au_ani_30459.jpg,0,0.4952290852864583,3,1,0.02,0.5
/content/drive/MyDrive/CV_Project/datasets/casia2/images/CASIA2.0_revised/Au/Au_ani_30460.jpg,0,0.2564900716145833,3,1,0.02,0.5
/content/drive/MyDrive/CV_Project/datasets/casia2/images/CASIA2.0_revised/Au/Au_ani_30461.jpg,0,0.1834513346354166,3,1,0.02,0.5
/content/drive/MyDrive/CV_Project/datasets/casia2/images/CASIA2.0_revised/Au/Au_ani_30462.jpg,0,0.5720418294270834,3,1,0.02,0.5
/content/drive/MyDrive/CV_Project/datasets/casia2/images/CASIA2.0_revised/Au/Au_ani_30463.jpg,0,0.2063090006510416,3,1,0.02,0.5
/content/drive/MyDrive/CV_Project/datasets/casia2/images/CASIA2.0_revised/Au/Au_ani_30464.jpg,0,0.172119140625,3,1,0.02,0.5
/content/drive/MyDrive/CV_Project/datasets/casia2/images/CASIA2.0_revised/Au/Au_ani_30465.jpg,0,0.0,3,1,0.02,0.5
/content/drive/MyDrive/CV_Project/datasets/casia2/images/CASIA2.0_revised/Au/Au_ani_30466.jpg,0,0.0365397135416666,3,1,0.02,0.5
/content/drive/MyDrive/CV_Project/datasets/casia2/images/CASIA2.0_revised/Au/Au_ani_30467.jpg,0,0.3062845865885417,3,1,0.02,0.5
/content/drive/MyDrive/CV_Project/datasets/casia2/images/CASIA2.0_revised/Au/Au_ani_30468.jpg,0,0.392913818359375,3,1,0.02,0.5
/content/drive/MyDrive/CV_Project/datasets/casia2/images/CASIA2.0_revised/Au/Au_ani_30469.jpg,0,0.3386332194010417,3,1,0.02,0.5
/content/drive/MyDrive/CV_Project/datasets/casia2/images/CASIA2.0_revised/Au/Au_ani_30470.jpg,0,0.4120890299479167,3,1,0.02,0.5
/content/drive/MyDrive/CV_Project/datasets/casia2/images/CASIA2.0_revised/Au/Au_ani_30471.jpg,0,0.0,3,1,0.02,0.5
/content/drive/MyDrive/CV_Project/datasets/casia2/images/CASIA2.0_revised/Au/Au_ani_30472.jpg,0,0.0,3,1,0.02,0.5
/content/drive/MyDrive/CV_Project/datasets/casia2/images/CASIA2.0_revised/Au/Au_ani_30473.jpg,0,0.081787109375,3,1,0.02,0.5
/content/drive/MyDrive/CV_Project/datasets/casia2/images/CASIA2.0_revised/Au/Au_ani_30474.jpg,0,0.435699462890625,3,1,0.02,0.5
/content/drive/MyDrive/CV_Project/datasets/casia2/images/CASIA2.0_revised/Au/Au_ani_30475.jpg,0,0.1153055826822916,3,1,0.02,0.5
/content/drive/MyDrive/CV_Project/datasets/casia2/images/CASIA2.0_revised/Au/Au_ani_30476.jpg,0,0.4565836588541667,3,1,0.02,0.5
/content/drive/MyDrive/CV_Project/datasets/casia2/images/CASIA2.0_revised/Au/Au_ani_30477.jpg,0,0.0296122233072916,3,1,0.02,0.5
/content/drive/MyDrive/CV_Project/datasets/casia2/images/CASIA2.0_revised/Au/Au_ani_30478.jpg,0,0.34136962890625,3,1,0.02,0.5
/content/drive/MyDrive/CV_Project/datasets/casia2/images/CASIA2.0_revised/Au/Au_ani_30479.jpg,0,0.0,3,1,0.02,0.5
/content/drive/MyDrive/CV_Project/datasets/casia2/images/CASIA2.0_revised/Au/Au_ani_30480.jpg,0,0.0,3,1,0.02,0.5
/content/drive/MyDrive/CV_Project/datasets/casia2/images/CASIA2.0_revised/Au/Au_ani_30481.jpg,0,0.2693684895833333,3,1,0.02,0.5
/content/drive/MyDrive/CV_Project/datasets/casia2/images/CASIA2.0_revised/Au/Au_ani_30482.jpg,0,0.1536865234375,3,1,0.02,0.5
/content/drive/MyDrive/CV_Project/datasets/casia2/images/CASIA2.0_revised/Au/Au_ani_30483.jpg,0,0.0,3,1,0.02,0.5
/content/drive/MyDrive/CV_Project/datasets/casia2/images/CASIA2.0_revised/Au/Au_ani_30484.jpg,0,0.969268798828125,3,1,0.02,0.5
/content/drive/MyDrive/CV_Project/datasets/casia2/images/CASIA2.0_revised/Au/Au_ani_30485.jpg,0,0.0,3,1,0.02,0.5
/content/drive/MyDrive/CV_Project/datasets/casia2/images/CASIA2.0_revised/Au/Au_ani_30486.jpg,0,0.060882568359375,3,1,0.02,0.5
/content/drive/MyDrive/CV_Project/datasets/casia2/images/CASIA2.0_revised/Au/Au_ani_30487.jpg,0,0.0,3,1,0.02,0.5
/content/drive/MyDrive/CV_Project/datasets/casia2/images/CASIA2.0_revised/Au/Au_ani_30488.jpg,0,0.5355631510416666,3,1,0.02,0.5
/content/drive/MyDrive/CV_Project/datasets/casia2/images/CASIA2.0_revised/Au/Au_ani_30489.jpg,0,0.4587198893229167,3,1,0.02,0.5
/content/drive/MyDrive/CV_Project/datasets/casia2/images/CASIA2.0_revised/Au/Au_ani_30490.jpg,0,0.06744384765625,3,1,0.02,0.5
/content/drive/MyDrive/CV_Project/datasets/casia2/images/CASIA2.0_revised/Au/Au_ani_30491.jpg,0,0.0,3,1,0.02,0.5
/content/drive/MyDrive/CV_Project/datasets/casia2/images/CASIA2.0_revised/Au/Au_ani_30492.jpg,0,0.1313985188802083,3,1,0.02,0.5
/content/drive/MyDrive/CV_Project/datasets/casia2/images/CASIA2.0_revised/Au/Au_ani_30493.jpg,0,0.05548095703125,3,1,0.02,0.5
/content/drive/MyDrive/CV_Project/datasets/casia2/images/CASIA2.0_revised/Au/Au_ani_30494.jpg,0,0.0526631673177083,3,1,0.02,0.5
/content/drive/MyDrive/CV_Project/datasets/casia2/images/CASIA2.0_revised/Au/Au_ani_30495.jpg,0,0.332275390625,3,1,0.02,0.5
/content/drive/MyDrive/CV_Project/datasets/casia2/images/CASIA2.0_revised/Au/Au_ani_30496.jpg,0,0.2523701985677083,3,1,0.02,0.5
/content/drive/MyDrive/CV_Project/datasets/casia2/images/CASIA2.0_revised/Au/Au_ani_30497.jpg,0,0.1057840983072916,3,1,0.02,0.5
/content/drive/MyDrive/CV_Project/datasets/casia2/images/CASIA2.0_revised/Au/Au_ani_30498.jpg,0,0.0,3,1,0.02,0.5
/content/drive/MyDrive/CV_Project/datasets/casia2/images/CASIA2.0_revised/Au/Au_ani_30499.jpg,0,0.2371927897135416,3,1,0.02,0.5
/content/drive/MyDrive/CV_Project/datasets/casia2/images/CASIA2.0_revised/Au/Au_ani_30500.jpg,0,0.2110697428385416,3,1,0.02,0.5
/content/drive/MyDrive/CV_Project/datasets/casia2/images/CASIA2.0_revised/Au/Au_ani_30501.jpg,0,0.7660115559895834,3,1,0.02,0.5
/content/drive/MyDrive/CV_Project/datasets/casia2/images/CASIA2.0_revised/Au/Au_ani_30502.jpg,0,0.7440083821614584,3,1,0.02,0.5
/content/drive/MyDrive/CV_Project/datasets/casia2/images/CASIA2.0_revised/Au/Au_ani_30503.jpg,0,0.143707275390625,3,1,0.02,0.5
/content/drive/MyDrive/CV_Project/datasets/casia2/images/CASIA2.0_revised/Au/Au_ani_30504.jpg,0,0.0,3,1,0.02,0.5
/content/drive/MyDrive/CV_Project/datasets/casia2/images/CASIA2.0_revised/Au/Au_ani_30505.jpg,0,0.1236165364583333,3,1,0.02,0.5
/content/drive/MyDrive/CV_Project/datasets/casia2/images/CASIA2.0_revised/Au/Au_ani_30506.jpg,0,0.093414306640625,3,1,0.02,0.5
/content/drive/MyDrive/CV_Project/datasets/casia2/images/CASIA2.0_revised/Au/Au_ani_30507.jpg,0,0.0572306315104166,3,1,0.02,0.5
/content/drive/MyDrive/CV_Project/datasets/casia2/images/CASIA2.0_revised/Au/Au_ani_30508.jpg,0,0.1245320638020833,3,1,0.02,0.5
/content/drive/MyDrive/CV_Project/datasets/casia2/images/CASIA2.0_revised/Au/Au_ani_30509.jpg,0,0.173309326171875,3,1,0.02,0.5
/content/drive/MyDrive/CV_Project/datasets/casia2/images/CASIA2.0_revised/Au/Au_ani_30510.jpg,0,0.0,3,1,0.02,0.5
/content/drive/MyDrive/CV_Project/datasets/casia2/images/CASIA2.0_revised/Au/Au_ani_30511.jpg,0,0.166259765625,3,1,0.02,0.5
/content/drive/MyDrive/CV_Project/datasets/casia2/images/CASIA2.0_revised/Au/Au_ani_30512.jpg,0,0.074951171875,3,1,0.02,0.5
/content/drive/MyDrive/CV_Project/datasets/casia2/images/CASIA2.0_revised/Au/Au_ani_30513.jpg,0,0.3256429036458333,3,1,0.02,0.5
/content/drive/MyDrive/CV_Project/datasets/casia2/images/CASIA2.0_revised/Au/Au_ani_30514.jpg,0,0.2792154947916667,3,1,0.02,0.5
/content/drive/MyDrive/CV_Project/datasets/casia2/images/CASIA2.0_revised/Au/Au_ani_30515.jpg,0,0.080810546875,3,1,0.02,0.5
/content/drive/MyDrive/CV_Project/datasets/casia2/images/CASIA2.0_revised/Au/Au_ani_30516.jpg,0,0.41925048828125,3,1,0.02,0.5
/content/drive/MyDrive/CV_Project/datasets/casia2/images/CASIA2.0_revised/Au/Au_ani_30517.jpg,0,0.0,3,1,0.02,0.5
/content/drive/MyDrive/CV_Project/datasets/casia2/images/CASIA2.0_revised/Au/Au_ani_30518.jpg,0,0.0,3,1,0.02,0.5
/content/drive/MyDrive/CV_Project/datasets/casia2/images/CASIA2.0_revised/Au/Au_ani_30519.jpg,0,0.130157470703125,3,1,0.02,0.5
/content/drive/MyDrive/CV_Project/datasets/casia2/images/CASIA2.0_revised/Au/Au_ani_30520.jpg,0,0.0,3,1,0.02,0.5
/content/drive/MyDrive/CV_Project/datasets/casia2/images/CASIA2.0_revised/Au/Au_ani_30521.jpg,0,0.0,3,1,0.02,0.5
/content/drive/MyDrive/CV_Project/datasets/casia2/images/CASIA2.0_revised/Au/Au_ani_30522.jpg,0,0.1184285481770833,3,1,0.02,0.5
/content/drive/MyDrive/CV_Project/datasets/casia2/images/CASIA2.0_revised/Au/Au_ani_30523.jpg,0,0.1777445475260416,3,1,0.02,0.5
/content/drive/MyDrive/CV_Project/datasets/casia2/images/CASIA2.0_revised/Au/Au_ani_30524.jpg,0,0.1412353515625,3,1,0.02,0.5
/content/drive/MyDrive/CV_Project/datasets/casia2/images/CASIA2.0_revised/Au/Au_ani_30525.jpg,0,0.1636250813802083,3,1,0.02,0.5
/content/drive/MyDrive/CV_Project/datasets/casia2/images/CASIA2.0_revised/Au/Au_ani_30526.jpg,0,0.0,3,1,0.02,0.5
/content/drive/MyDrive/CV_Project/datasets/casia2/images/CASIA2.0_revised/Au/Au_ani_30527.jpg,0,0.0,3,1,0.02,0.5
/content/drive/MyDrive/CV_Project/datasets/casia2/images/CASIA2.0_revised/Au/Au_ani_30528.jpg,0,0.0,3,1,0.02,0.5
/content/drive/MyDrive/CV_Project/datasets/casia2/images/CASIA2.0_revised/Au/Au_ani_30529.jpg,0,0.0,3,1,0.02,0.5
/content/drive/MyDrive/CV_Project/datasets/casia2/images/CASIA2.0_revised/Au/Au_ani_30530.jpg,0,0.0,3,1,0.02,0.5
/content/drive/MyDrive/CV_Project/datasets/casia2/images/CASIA2.0_revised/Au/Au_ani_30531.jpg,0,0.2396952311197916,3,1,0.02,0.5
/content/drive/MyDrive/CV_Project/datasets/casia2/images/CASIA2.0_revised/Au/Au_ani_30532.jpg,0,0.64129638671875,3,1,0.02,0.5
/content/drive/MyDrive/CV_Project/datasets/casia2/images/CASIA2.0_revised/Au/Au_ani_30533.jpg,0,0.2911376953125,3,1,0.02,0.5
/content/drive/MyDrive/CV_Project/datasets/casia2/images/CASIA2.0_revised/Au/Au_ani_30534.jpg,0,0.3722635904947917,3,1,0.02,0.5
/content/drive/MyDrive/CV_Project/datasets/casia2/images/CASIA2.0_revised/Au/Au_ani_30535.jpg,0,0.0,3,1,0.02,0.5
/content/drive/MyDrive/CV_Project/datasets/casia2/images/CASIA2.0_revised/Au/Au_ani_30536.jpg,0,0.0,3,1,0.02,0.5
/content/drive/MyDrive/CV_Project/datasets/casia2/images/CASIA2.0_revised/Au/Au_ani_30537.jpg,0,0.0,3,1,0.02,0.5
/content/drive/MyDrive/CV_Project/datasets/casia2/images/CASIA2.0_revised/Au/Au_ani_30538.jpg,0,0.0,3,1,0.02,0.5
/content/drive/MyDrive/CV_Project/datasets/casia2/images/CASIA2.0_revised/Au/Au_ani_30539.jpg,0,0.43585205078125,3,1,0.02,0.5
/content/drive/MyDrive/CV_Project/datasets/casia2/images/CASIA2.0_revised/Au/Au_ani_30540.jpg,0,0.0609842936197916,3,1,0.02,0.5
/content/drive/MyDrive/CV_Project/datasets/casia2/images/CASIA2.0_revised/Au/Au_ani_30541.jpg,0,0.2768452962239583,3,1,0.02,0.5
/content/drive/MyDrive/CV_Project/datasets/casia2/images/CASIA2.0_revised/Au/Au_ani_30542.jpg,0,0.246734619140625,3,1,0.02,0.5
/content/drive/MyDrive/CV_Project/datasets/casia2/images/CASIA2.0_revised/Au/Au_ani_30543.jpg,0,0.2099202473958333,3,1,0.02,0.5
/content/drive/MyDrive/CV_Project/datasets/casia2/images/CASIA2.0_revised/Au/Au_ani_30544.jpg,0,0.3309529622395833,3,1,0.02,0.5
/content/drive/MyDrive/CV_Project/datasets/casia2/images/CASIA2.0_revised/Au/Au_ani_30545.jpg,0,0.2763773600260417,3,1,0.02,0.5
/content/drive/MyDrive/CV_Project/datasets/casia2/images/CASIA2.0_revised/Au/Au_ani_30546.jpg,0,0.614044189453125,3,1,0.02,0.5
/content/drive/MyDrive/CV_Project/datasets/casia2/images/CASIA2.0_revised/Au/Au_ani_30547.jpg,0,0.2216695149739583,3,1,0.02,0.5
/content/drive/MyDrive/CV_Project/datasets/casia2/images/CASIA2.0_revised/Au/Au_ani_30548.jpg,0,0.5836181640625,3,1,0.02,0.5
/content/drive/MyDrive/CV_Project/datasets/casia2/images/CASIA2.0_revised/Au/Au_ani_30549.jpg,0,0.0,3,1,0.02,0.5
/content/drive/MyDrive/CV_Project/datasets/casia2/images/CASIA2.0_revised/Au/Au_ani_30550.jpg,0,0.174560546875,3,1,0.02,0.5
/content/drive/MyDrive/CV_Project/datasets/casia2/images/CASIA2.0_revised/Au/Au_ani_30551.jpg,0,0.0,3,1,0.02,0.5
/content/drive/MyDrive/CV_Project/datasets/casia2/images/CASIA2.0_revised/Au/Au_ani_30552.jpg,0,0.0909525553385416,3,1,0.02,0.5
/content/drive/MyDrive/CV_Project/datasets/casia2/images/CASIA2.0_revised/Au/Au_ani_30553.jpg,0,0.027069091796875,3,1,0.02,0.5
/content/drive/MyDrive/CV_Project/datasets/casia2/images/CASIA2.0_revised/Au/Au_ani_30554.jpg,0,0.0,3,1,0.02,0.5
/content/drive/MyDrive/CV_Project/datasets/casia2/images/CASIA2.0_revised/Au/Au_ani_30555.jpg,0,0.2430013020833333,3,1,0.02,0.5
/content/drive/MyDrive/CV_Project/datasets/casia2/images/CASIA2.0_revised/Au/Au_ani_30556.jpg,0,0.124725341796875,3,1,0.02,0.5
/content/drive/MyDrive/CV_Project/datasets/casia2/images/CASIA2.0_revised/Au/Au_ani_30557.jpg,0,0.1401468912760416,3,1,0.02,0.5
/content/drive/MyDrive/CV_Project/datasets/casia2/images/CASIA2.0_revised/Au/Au_ani_30558.jpg,0,0.2486470540364583,3,1,0.02,0.5
/content/drive/MyDrive/CV_Project/datasets/casia2/images/CASIA2.0_revised/Au/Au_ani_30559.jpg,0,0.029693603515625,3,1,0.02,0.5
/content/drive/MyDrive/CV_Project/datasets/casia2/images/CASIA2.0_revised/Au/Au_ani_30560.jpg,0,0.3223368326822917,3,1,0.02,0.5
/content/drive/MyDrive/CV_Project/datasets/casia2/images/CASIA2.0_revised/Au/Au_ani_30561.jpg,0,0.3494669596354167,3,1,0.02,0.5
/content/drive/MyDrive/CV_Project/datasets/casia2/images/CASIA2.0_revised/Au/Au_ani_30562.jpg,0,0.1758931477864583,3,1,0.02,0.5
/content/drive/MyDrive/CV_Project/datasets/casia2/images/CASIA2.0_revised/Au/Au_ani_30563.jpg,0,0.0969136555989583,3,1,0.02,0.5
/content/drive/MyDrive/CV_Project/datasets/casia2/images/CASIA2.0_revised/Au/Au_ani_30564.jpg,0,0.137908935546875,3,1,0.02,0.5
/content/drive/MyDrive/CV_Project/datasets/casia2/images/CASIA2.0_revised/Au/Au_ani_30565.jpg,0,0.17169189453125,3,1,0.02,0.5
/content/drive/MyDrive/CV_Project/datasets/casia2/images/CASIA2.0_revised/Au/Au_ani_30566.jpg,0,0.31317138671875,3,1,0.02,0.5
/content/drive/MyDrive/CV_Project/datasets/casia2/images/CASIA2.0_revised/Au/Au_ani_30567.jpg,0,0.1811319986979166,3,1,0.02,0.5
/content/drive/MyDrive/CV_Project/datasets/casia2/images/CASIA2.0_revised/Au/Au_ani_30568.jpg,0,0.2945556640625,3,1,0.02,0.5
/content/drive/MyDrive/CV_Project/datasets/casia2/images/CASIA2.0_revised/Au/Au_ani_30569.jpg,0,0.2146402994791666,3,1,0.02,0.5
/content/drive/MyDrive/CV_Project/datasets/casia2/images/CASIA2.0_revised/Au/Au_ani_30570.jpg,0,0.2347615559895833,3,1,0.02,0.5
/content/drive/MyDrive/CV_Project/datasets/casia2/images/CASIA2.0_revised/Au/Au_ani_30571.jpg,0,0.2732137044270833,3,1,0.02,0.5
/content/drive/MyDrive/CV_Project/datasets/casia2/images/CASIA2.0_revised/Au/Au_ani_30572.jpg,0,0.0,3,1,0.02,0.5
/content/drive/MyDrive/CV_Project/datasets/casia2/images/CASIA2.0_revised/Au/Au_ani_30573.jpg,0,0.0675252278645833,3,1,0.02,0.5
/content/drive/MyDrive/CV_Project/datasets/casia2/images/CASIA2.0_revised/Au/Au_ani_30574.jpg,0,0.25677490234375,3,1,0.02,0.5
/content/drive/MyDrive/CV_Project/datasets/casia2/images/CASIA2.0_revised/Au/Au_ani_30575.jpg,0,0.24310302734375,3,1,0.02,0.5
/content/drive/MyDrive/CV_Project/datasets/casia2/images/CASIA2.0_revised/Au/Au_ani_30576.jpg,0,0.1419169108072916,3,1,0.02,0.5
/content/drive/MyDrive/CV_Project/datasets/casia2/images/CASIA2.0_revised/Au/Au_ani_30577.jpg,0,0.0850423177083333,3,1,0.02,0.5
/content/drive/MyDrive/CV_Project/datasets/casia2/images/CASIA2.0_revised/Au/Au_ani_30578.jpg,0,0.3161417643229167,3,1,0.02,0.5
/content/drive/MyDrive/CV_Project/datasets/casia2/images/CASIA2.0_revised/Au/Au_ani_30579.jpg,0,0.315277099609375,3,1,0.02,0.5
/content/drive/MyDrive/CV_Project/datasets/casia2/images/CASIA2.0_revised/Au/Au_ani_30580.jpg,0,0.4121195475260417,3,1,0.02,0.5
/content/drive/MyDrive/CV_Project/datasets/casia2/images/CASIA2.0_revised/Au/Au_ani_30581.jpg,0,0.3879191080729167,3,1,0.02,0.5
/content/drive/MyDrive/CV_Project/datasets/casia2/images/CASIA2.0_revised/Au/Au_ani_30582.jpg,0,0.3345133463541667,3,1,0.02,0.5
/content/drive/MyDrive/CV_Project/datasets/casia2/images/CASIA2.0_revised/Au/Au_ani_30583.jpg,0,0.0327860514322916,3,1,0.02,0.5
/content/drive/MyDrive/CV_Project/datasets/casia2/images/CASIA2.0_revised/Au/Au_ani_30584.jpg,0,0.412109375,3,1,0.02,0.5
/content/drive/MyDrive/CV_Project/datasets/casia2/images/CASIA2.0_revised/Au/Au_ani_30585.jpg,0,0.209442138671875,3,1,0.02,0.5
/content/drive/MyDrive/CV_Project/datasets/casia2/images/CASIA2.0_revised/Au/Au_ani_30586.jpg,0,0.5063883463541666,3,1,0.02,0.5
/content/drive/MyDrive/CV_Project/datasets/casia2/images/CASIA2.0_revised/Au/Au_ani_30587.jpg,0,0.128570556640625,3,1,0.02,0.5
/content/drive/MyDrive/CV_Project/datasets/casia2/images/CASIA2.0_revised/Au/Au_ani_30588.jpg,0,0.0,3,1,0.02,0.5
/content/drive/MyDrive/CV_Project/datasets/casia2/images/CASIA2.0_revised/Au/Au_ani_30589.jpg,0,0.0213419596354166,3,1,0.02,0.5
/content/drive/MyDrive/CV_Project/datasets/casia2/images/CASIA2.0_revised/Au/Au_ani_30590.jpg,0,0.1151123046875,3,1,0.02,0.5
/content/drive/MyDrive/CV_Project/datasets/casia2/images/CASIA2.0_revised/Au/Au_ani_30591.jpg,0,0.0,3,1,0.02,0.5
/content/drive/MyDrive/CV_Project/datasets/casia2/images/CASIA2.0_revised/Au/Au_ani_30592.jpg,0,0.0,3,1,0.02,0.5
/content/drive/MyDrive/CV_Project/datasets/casia2/images/CASIA2.0_revised/Au/Au_ani_30593.jpg,0,0.1286519368489583,3,1,0.02,0.5
/content/drive/MyDrive/CV_Project/datasets/casia2/images/CASIA2.0_revised/Au/Au_ani_30594.jpg,0,0.0,3,1,0.02,0.5
/content/drive/MyDrive/CV_Project/datasets/casia2/images/CASIA2.0_revised/Au/Au_ani_30595.jpg,0,0.021514892578125,3,1,0.02,0.5
/content/drive/MyDrive/CV_Project/datasets/casia2/images/CASIA2.0_revised/Au/Au_ani_30596.jpg,0,0.0,3,1,0.02,0.5
/content/drive/MyDrive/CV_Project/datasets/casia2/images/CASIA2.0_revised/Au/Au_ani_30597.jpg,0,0.0,3,1,0.02,0.5
/content/drive/MyDrive/CV_Project/datasets/casia2/images/CASIA2.0_revised/Au/Au_ani_30598.jpg,0,0.0,3,1,0.02,0.5
/content/drive/MyDrive/CV_Project/datasets/casia2/images/CASIA2.0_revised/Au/Au_ani_30599.jpg,0,0.0,3,1,0.02,0.5
/content/drive/MyDrive/CV_Project/datasets/casia2/images/CASIA2.0_revised/Au/Au_ani_30600.jpg,0,0.0,3,1,0.02,0.5
/content/drive/MyDrive/CV_Project/datasets/casia2/images/CASIA2.0_revised/Au/Au_ani_30601.jpg,0,0.0,3,1,0.02,0.5
/content/drive/MyDrive/CV_Project/datasets/casia2/images/CASIA2.0_revised/Au/Au_ani_30602.jpg,0,0.040557861328125,3,1,0.02,0.5
/content/drive/MyDrive/CV_Project/datasets/casia2/images/CASIA2.0_revised/Au/Au_ani_30603.jpg,0,0.1231180826822916,3,1,0.02,0.5
/content/drive/MyDrive/CV_Project/datasets/casia2/images/CASIA2.0_revised/Au/Au_ani_30604.jpg,0,0.0,3,1,0.02,0.5
/content/drive/MyDrive/CV_Project/datasets/casia2/images/CASIA2.0_revised/Au/Au_ani_30605.jpg,0,0.0,3,1,0.02,0.5
/content/drive/MyDrive/CV_Project/datasets/casia2/images/CASIA2.0_revised/Au/Au_ani_30606.jpg,0,0.058258056640625,3,1,0.02,0.5
/content/drive/MyDrive/CV_Project/datasets/casia2/images/CASIA2.0_revised/Au/Au_ani_30607.jpg,0,0.2076212565104166,3,1,0.02,0.5
/content/drive/MyDrive/CV_Project/datasets/casia2/images/CASIA2.0_revised/Au/Au_ani_30608.jpg,0,0.0,3,1,0.02,0.5
/content/drive/MyDrive/CV_Project/datasets/casia2/images/CASIA2.0_revised/Au/Au_ani_30609.jpg,0,0.0968526204427083,3,1,0.02,0.5
/content/drive/MyDrive/CV_Project/datasets/casia2/images/CASIA2.0_revised/Au/Au_ani_30610.jpg,0,0.185150146484375,3,1,0.02,0.5
/content/drive/MyDrive/CV_Project/datasets/casia2/images/CASIA2.0_revised/Au/Au_ani_30611.jpg,0,0.0250244140625,3,1,0.02,0.5
/content/drive/MyDrive/CV_Project/datasets/casia2/images/CASIA2.0_revised/Au/Au_ani_30612.jpg,0,0.0519612630208333,3,1,0.02,0.5
/content/drive/MyDrive/CV_Project/datasets/casia2/images/CASIA2.0_revised/Au/Au_ani_30613.jpg,0,0.0,3,1,0.02,0.5
/content/drive/MyDrive/CV_Project/datasets/casia2/images/CASIA2.0_revised/Au/Au_ani_30614.jpg,0,0.0,3,1,0.02,0.5
/content/drive/MyDrive/CV_Project/datasets/casia2/images/CASIA2.0_revised/Au/Au_ani_30615.jpg,0,0.0,3,1,0.02,0.5
/content/drive/MyDrive/CV_Project/datasets/casia2/images/CASIA2.0_revised/Au/Au_ani_30616.jpg,0,0.0,3,1,0.02,0.5
/content/drive/MyDrive/CV_Project/datasets/casia2/images/CASIA2.0_revised/Au/Au_ani_30617.jpg,0,0.0,3,1,0.02,0.5
/content/drive/MyDrive/CV_Project/datasets/casia2/images/CASIA2.0_revised/Au/Au_ani_30618.jpg,0,0.0,3,1,0.02,0.5
/content/drive/MyDrive/CV_Project/datasets/casia2/images/CASIA2.0_revised/Au/Au_ani_30619.jpg,0,0.0,3,1,0.02,0.5
/content/drive/MyDrive/CV_Project/datasets/casia2/images/CASIA2.0_revised/Au/Au_ani_30620.jpg,0,0.0,3,1,0.02,0.5
/content/drive/MyDrive/CV_Project/datasets/casia2/images/CASIA2.0_revised/Au/Au_ani_30621.jpg,0,0.0,3,1,0.02,0.5
/content/drive/MyDrive/CV_Project/datasets/casia2/images/CASIA2.0_revised/Au/Au_ani_30622.jpg,0,0.0,3,1,0.02,0.5
/content/drive/MyDrive/CV_Project/datasets/casia2/images/CASIA2.0_revised/Au/Au_ani_30623.jpg,0,0.082275390625,3,1,0.02,0.5
/content/drive/MyDrive/CV_Project/datasets/casia2/images/CASIA2.0_revised/Au/Au_ani_30624.jpg,0,0.0,3,1,0.02,0.5
/content/drive/MyDrive/CV_Project/datasets/casia2/images/CASIA2.0_revised/Au/Au_ani_30625.jpg,0,0.0306803385416666,3,1,0.02,0.5
/content/drive/MyDrive/CV_Project/datasets/casia2/images/CASIA2.0_revised/Au/Au_ani_30626.jpg,0,0.087921142578125,3,1,0.02,0.5
/content/drive/MyDrive/CV_Project/datasets/casia2/images/CASIA2.0_revised/Au/Au_ani_30627.jpg,0,0.0,3,1,0.02,0.5
/content/drive/MyDrive/CV_Project/datasets/casia2/images/CASIA2.0_revised/Au/Au_ani_30628.jpg,0,0.033599853515625,3,1,0.02,0.5
/content/drive/MyDrive/CV_Project/datasets/casia2/images/CASIA2.0_revised/Au/Au_ani_30629.jpg,0,0.0,3,1,0.02,0.5
/content/drive/MyDrive/CV_Project/datasets/casia2/images/CASIA2.0_revised/Au/Au_ani_30630.jpg,0,0.0,3,1,0.02,0.5
/content/drive/MyDrive/CV_Project/datasets/casia2/images/CASIA2.0_revised/Au/Au_ani_30631.jpg,0,0.0698140462239583,3,1,0.02,0.5
/content/drive/MyDrive/CV_Project/datasets/casia2/images/CASIA2.0_revised/Au/Au_ani_30632.jpg,0,0.0,3,1,0.02,0.5
/content/drive/MyDrive/CV_Project/datasets/casia2/images/CASIA2.0_revised/Au/Au_ani_30633.jpg,0,0.0,3,1,0.02,0.5
/content/drive/MyDrive/CV_Project/datasets/casia2/images/CASIA2.0_revised/Au/Au_ani_30634.jpg,0,0.0678812662760416,3,1,0.02,0.5
/content/drive/MyDrive/CV_Project/datasets/casia2/images/CASIA2.0_revised/Au/Au_ani_30635.jpg,0,0.0435078938802083,3,1,0.02,0.5
/content/drive/MyDrive/CV_Project/datasets/casia2/images/CASIA2.0_revised/Au/Au_ani_30636.jpg,0,0.0,3,1,0.02,0.5
/content/drive/MyDrive/CV_Project/datasets/casia2/images/CASIA2.0_revised/Au/Au_ani_30637.jpg,0,0.0,3,1,0.02,0.5
/content/drive/MyDrive/CV_Project/datasets/casia2/images/CASIA2.0_revised/Au/Au_ani_30638.jpg,0,0.0467122395833333,3,1,0.02,0.5
/content/drive/MyDrive/CV_Project/datasets/casia2/images/CASIA2.0_revised/Au/Au_ani_30639.jpg,0,0.0220133463541666,3,1,0.02,0.5
/content/drive/MyDrive/CV_Project/datasets/casia2/images/CASIA2.0_revised/Au/Au_ani_30640.jpg,0,0.0,3,1,0.02,0.5
/content/drive/MyDrive/CV_Project/datasets/casia2/images/CASIA2.0_revised/Au/Au_ani_30641.jpg,0,0.05426025390625,3,1,0.02,0.5
/content/drive/MyDrive/CV_Project/datasets/casia2/images/CASIA2.0_revised/Au/Au_ani_30642.jpg,0,0.0,3,1,0.02,0.5
/content/drive/MyDrive/CV_Project/datasets/casia2/images/CASIA2.0_revised/Au/Au_ani_30643.jpg,0,0.10491943359375,3,1,0.02,0.5
/content/drive/MyDrive/CV_Project/datasets/casia2/images/CASIA2.0_revised/Au/Au_ani_30644.jpg,0,0.0,3,1,0.02,0.5
/content/drive/MyDrive/CV_Project/datasets/casia2/images/CASIA2.0_revised/Au/Au_ani_30645.jpg,0,0.24041748046875,3,1,0.02,0.5
/content/drive/MyDrive/CV_Project/datasets/casia2/images/CASIA2.0_revised/Au/Au_ani_30646.jpg,0,0.0,3,1,0.02,0.5
/content/drive/MyDrive/CV_Project/datasets/casia2/images/CASIA2.0_revised/Au/Au_ani_30647.jpg,0,0.1989542643229166,3,1,0.02,0.5
/content/drive/MyDrive/CV_Project/datasets/casia2/images/CASIA2.0_revised/Au/Au_ani_30648.jpg,0,0.0785929361979166,3,1,0.02,0.5
/content/drive/MyDrive/CV_Project/datasets/casia2/images/CASIA2.0_revised/Au/Au_ani_30649.jpg,0,0.0,3,1,0.02,0.5
/content/drive/MyDrive/CV_Project/datasets/casia2/images/CASIA2.0_revised/Au/Au_ani_30650.jpg,0,0.0,3,1,0.02,0.5
/content/drive/MyDrive/CV_Project/datasets/casia2/images/CASIA2.0_revised/Au/Au_ani_30651.jpg,0,0.0314432779947916,3,1,0.02,0.5
/content/drive/MyDrive/CV_Project/datasets/casia2/images/CASIA2.0_revised/Au/Au_ani_30652.jpg,0,0.0,3,1,0.02,0.5
/content/drive/MyDrive/CV_Project/datasets/casia2/images/CASIA2.0_revised/Au/Au_ani_30653.jpg,0,0.0,3,1,0.02,0.5
/content/drive/MyDrive/CV_Project/datasets/casia2/images/CASIA2.0_revised/Au/Au_ani_30654.jpg,0,0.0,3,1,0.02,0.5
/content/drive/MyDrive/CV_Project/datasets/casia2/images/CASIA2.0_revised/Au/Au_ani_30655.jpg,0,0.0,3,1,0.02,0.5
/content/drive/MyDrive/CV_Project/datasets/casia2/images/CASIA2.0_revised/Au/Au_ani_30656.jpg,0,0.1939697265625,3,1,0.02,0.5
/content/drive/MyDrive/CV_Project/datasets/casia2/images/CASIA2.0_revised/Au/Au_ani_30657.jpg,0,0.0,3,1,0.02,0.5
/content/drive/MyDrive/CV_Project/datasets/casia2/images/CASIA2.0_revised/Au/Au_ani_30658.jpg,0,0.2782999674479167,3,1,0.02,0.5
/content/drive/MyDrive/CV_Project/datasets/casia2/images/CASIA2.0_revised/Au/Au_ani_30659.jpg,0,0.513580322265625,3,1,0.02,0.5
/content/drive/MyDrive/CV_Project/datasets/casia2/images/CASIA2.0_revised/Au/Au_ani_30660.jpg,0,0.0343729654947916,3,1,0.02,0.5
/content/drive/MyDrive/CV_Project/datasets/casia2/images/CASIA2.0_revised/Au/Au_ani_30661.jpg,0,0.0,3,1,0.02,0.5
/content/drive/MyDrive/CV_Project/datasets/casia2/images/CASIA2.0_revised/Au/Au_ani_30662.jpg,0,0.0,3,1,0.02,0.5
/content/drive/MyDrive/CV_Project/datasets/casia2/images/CASIA2.0_revised/Au/Au_ani_30663.jpg,0,0.0,3,1,0.02,0.5
/content/drive/MyDrive/CV_Project/datasets/casia2/images/CASIA2.0_revised/Au/Au_ani_30664.jpg,0,0.0,3,1,0.02,0.5
/content/drive/MyDrive/CV_Project/datasets/casia2/images/CASIA2.0_revised/Au/Au_ani_30665.jpg,0,0.0,3,1,0.02,0.5
/content/drive/MyDrive/CV_Project/datasets/casia2/images/CASIA2.0_revised/Au/Au_ani_30666.jpg,0,0.1005045572916666,3,1,0.02,0.5
/content/drive/MyDrive/CV_Project/datasets/casia2/images/CASIA2.0_revised/Au/Au_ani_30667.jpg,0,0.0,3,1,0.02,0.5
/content/drive/MyDrive/CV_Project/datasets/casia2/images/CASIA2.0_revised/Au/Au_ani_30668.jpg,0,0.0767415364583333,3,1,0.02,0.5
/content/drive/MyDrive/CV_Project/datasets/casia2/images/CASIA2.0_revised/Au/Au_ani_30669.jpg,0,0.0,3,1,0.02,0.5
/content/drive/MyDrive/CV_Project/datasets/casia2/images/CASIA2.0_revised/Au/Au_ani_30670.jpg,0,0.0,3,1,0.02,0.5
/content/drive/MyDrive/CV_Project/datasets/casia2/images/CASIA2.0_revised/Au/Au_ani_30671.jpg,0,0.0,3,1,0.02,0.5
/content/drive/MyDrive/CV_Project/datasets/casia2/images/CASIA2.0_revised/Au/Au_ani_30672.jpg,0,0.44415283203125,3,1,0.02,0.5
/content/drive/MyDrive/CV_Project/datasets/casia2/images/CASIA2.0_revised/Au/Au_ani_30673.jpg,0,0.0,3,1,0.02,0.5
/content/drive/MyDrive/CV_Project/datasets/casia2/images/CASIA2.0_revised/Au/Au_ani_30674.jpg,0,0.0,3,1,0.02,0.5
/content/drive/MyDrive/CV_Project/datasets/casia2/images/CASIA2.0_revised/Au/Au_ani_30675.jpg,0,0.0,3,1,0.02,0.5
/content/drive/MyDrive/CV_Project/datasets/casia2/images/CASIA2.0_revised/Au/Au_ani_30676.jpg,0,0.0,3,1,0.02,0.5
/content/drive/MyDrive/CV_Project/datasets/casia2/images/CASIA2.0_revised/Au/Au_ani_30677.jpg,0,0.0,3,1,0.02,0.5
/content/drive/MyDrive/CV_Project/datasets/casia2/images/CASIA2.0_revised/Au/Au_ani_30678.jpg,0,0.32891845703125,3,1,0.02,0.5
/content/drive/MyDrive/CV_Project/datasets/casia2/images/CASIA2.0_revised/Au/Au_ani_30679.jpg,0,0.0,3,1,0.02,0.5
/content/drive/MyDrive/CV_Project/datasets/casia2/images/CASIA2.0_revised/Au/Au_ani_30680.jpg,0,0.0,3,1,0.02,0.5
/content/drive/MyDrive/CV_Project/datasets/casia2/images/CASIA2.0_revised/Au/Au_ani_30681.jpg,0,0.0,3,1,0.02,0.5
/content/drive/MyDrive/CV_Project/datasets/casia2/images/CASIA2.0_revised/Au/Au_ani_30682.jpg,0,0.0,3,1,0.02,0.5
/content/drive/MyDrive/CV_Project/datasets/casia2/images/CASIA2.0_revised/Au/Au_ani_30683.jpg,0,0.0,3,1,0.02,0.5
/content/drive/MyDrive/CV_Project/datasets/casia2/images/CASIA2.0_revised/Au/Au_ani_30684.jpg,0,0.1546834309895833,3,1,0.02,0.5
/content/drive/MyDrive/CV_Project/datasets/casia2/images/CASIA2.0_revised/Au/Au_ani_30685.jpg,0,0.0687154134114583,3,1,0.02,0.5
/content/drive/MyDrive/CV_Project/datasets/casia2/images/CASIA2.0_revised/Au/Au_ani_30686.jpg,0,0.5637308756510416,3,1,0.02,0.5
/content/drive/MyDrive/CV_Project/datasets/casia2/images/CASIA2.0_revised/Au/Au_ani_30687.jpg,0,0.0,3,1,0.02,0.5
/content/drive/MyDrive/CV_Project/datasets/casia2/images/CASIA2.0_revised/Au/Au_ani_30688.jpg,0,0.0,3,1,0.02,0.5
/content/drive/MyDrive/CV_Project/datasets/casia2/images/CASIA2.0_revised/Au/Au_ani_30689.jpg,0,0.0,3,1,0.02,0.5
/content/drive/MyDrive/CV_Project/datasets/casia2/images/CASIA2.0_revised/Au/Au_ani_30690.jpg,0,0.2711893717447917,3,1,0.02,0.5
/content/drive/MyDrive/CV_Project/datasets/casia2/images/CASIA2.0_revised/Au/Au_ani_30691.jpg,0,0.4725138346354167,3,1,0.02,0.5
/content/drive/MyDrive/CV_Project/datasets/casia2/images/CASIA2.0_revised/Au/Au_ani_30692.jpg,0,0.0,3,1,0.02,0.5
/content/drive/MyDrive/CV_Project/datasets/casia2/images/CASIA2.0_revised/Au/Au_ani_30693.jpg,0,0.3032430013020833,3,1,0.02,0.5
/content/drive/MyDrive/CV_Project/datasets/casia2/images/CASIA2.0_revised/Au/Au_ani_30694.jpg,0,0.022705078125,3,1,0.02,0.5
/content/drive/MyDrive/CV_Project/datasets/casia2/images/CASIA2.0_revised/Au/Au_ani_30695.jpg,0,0.458404541015625,3,1,0.02,0.5
/content/drive/MyDrive/CV_Project/datasets/casia2/images/CASIA2.0_revised/Au/Au_ani_30696.jpg,0,0.0,3,1,0.02,0.5
/content/drive/MyDrive/CV_Project/datasets/casia2/images/CASIA2.0_revised/Au/Au_ani_30697.jpg,0,0.0,3,1,0.02,0.5
/content/drive/MyDrive/CV_Project/datasets/casia2/images/CASIA2.0_revised/Au/Au_ani_30698.jpg,0,0.4456685384114583,3,1,0.02,0.5
/content/drive/MyDrive/CV_Project/datasets/casia2/images/CASIA2.0_revised/Au/Au_ani_30699.jpg,0,0.4007161458333333,3,1,0.02,0.5
/content/drive/MyDrive/CV_Project/datasets/casia2/images/CASIA2.0_revised/Au/Au_ani_30700.jpg,0,0.0890401204427083,3,1,0.02,0.5
/content/drive/MyDrive/CV_Project/datasets/casia2/images/CASIA2.0_revised/Au/Au_ani_30701.jpg,0,0.0,3,1,0.02,0.5
/content/drive/MyDrive/CV_Project/datasets/casia2/images/CASIA2.0_revised/Au/Au_ani_30702.jpg,0,0.0,3,1,0.02,0.5
/content/drive/MyDrive/CV_Project/datasets/casia2/images/CASIA2.0_revised/Au/Au_ani_30703.jpg,0,0.0,3,1,0.02,0.5
/content/drive/MyDrive/CV_Project/datasets/casia2/images/CASIA2.0_revised/Au/Au_ani_30704.jpg,0,0.0,3,1,0.02,0.5
/content/drive/MyDrive/CV_Project/datasets/casia2/images/CASIA2.0_revised/Au/Au_ani_30705.jpg,0,0.0,3,1,0.02,0.5
/content/drive/MyDrive/CV_Project/datasets/casia2/images/CASIA2.0_revised/Au/Au_ani_30706.jpg,0,0.4171040852864583,3,1,0.02,0.5
/content/drive/MyDrive/CV_Project/datasets/casia2/images/CASIA2.0_revised/Au/Au_ani_30707.jpg,0,0.0,3,1,0.02,0.5
/content/drive/MyDrive/CV_Project/datasets/casia2/images/CASIA2.0_revised/Au/Au_ani_30708.jpg,0,0.023284912109375,3,1,0.02,0.5
/content/drive/MyDrive/CV_Project/datasets/casia2/images/CASIA2.0_revised/Au/Au_ani_30709.jpg,0,0.0,3,1,0.02,0.5
/content/drive/MyDrive/CV_Project/datasets/casia2/images/CASIA2.0_revised/Au/Au_ani_30710.jpg,0,0.0401204427083333,3,1,0.02,0.5
/content/drive/MyDrive/CV_Project/datasets/casia2/images/CASIA2.0_revised/Au/Au_ani_30711.jpg,0,0.2709554036458333,3,1,0.02,0.5
/content/drive/MyDrive/CV_Project/datasets/casia2/images/CASIA2.0_revised/Au/Au_ani_30712.jpg,0,0.4647318522135417,3,1,0.02,0.5
/content/drive/MyDrive/CV_Project/datasets/casia2/images/CASIA2.0_revised/Au/Au_ani_30713.jpg,0,0.0,3,1,0.02,0.5
/content/drive/MyDrive/CV_Project/datasets/casia2/images/CASIA2.0_revised/Au/Au_ani_30714.jpg,0,0.0564982096354166,3,1,0.02,0.5
/content/drive/MyDrive/CV_Project/datasets/casia2/images/CASIA2.0_revised/Au/Au_ani_30715.jpg,0,0.0,3,1,0.02,0.5
/content/drive/MyDrive/CV_Project/datasets/casia2/images/CASIA2.0_revised/Au/Au_ani_30716.jpg,0,0.4163004557291667,3,1,0.02,0.5
/content/drive/MyDrive/CV_Project/datasets/casia2/images/CASIA2.0_revised/Au/Au_ani_30717.jpg,0,0.5167643229166666,3,1,0.02,0.5
/content/drive/MyDrive/CV_Project/datasets/casia2/images/CASIA2.0_revised/Au/Au_ani_30718.jpg,0,0.6814982096354166,3,1,0.02,0.5
/content/drive/MyDrive/CV_Project/datasets/casia2/images/CASIA2.0_revised/Au/Au_ani_30719.jpg,0,0.06170654296875,3,1,0.02,0.5
/content/drive/MyDrive/CV_Project/datasets/casia2/images/CASIA2.0_revised/Au/Au_ani_30720.jpg,0,0.4021199544270833,3,1,0.02,0.5
/content/drive/MyDrive/CV_Project/datasets/casia2/images/CASIA2.0_revised/Au/Au_ani_30721.jpg,0,0.376434326171875,3,1,0.02,0.5
/content/drive/MyDrive/CV_Project/datasets/casia2/images/CASIA2.0_revised/Au/Au_ani_30722.jpg,0,0.0348002115885416,3,1,0.02,0.5
/content/drive/MyDrive/CV_Project/datasets/casia2/images/CASIA2.0_revised/Au/Au_ani_30723.jpg,0,0.744476318359375,3,1,0.02,0.5
/content/drive/MyDrive/CV_Project/datasets/casia2/images/CASIA2.0_revised/Au/Au_ani_30724.jpg,0,0.0293477376302083,3,1,0.02,0.5
/content/drive/MyDrive/CV_Project/datasets/casia2/images/CASIA2.0_revised/Au/Au_ani_30725.jpg,0,0.0,3,1,0.02,0.5
/content/drive/MyDrive/CV_Project/datasets/casia2/images/CASIA2.0_revised/Au/Au_ani_30726.jpg,0,0.4208272298177083,3,1,0.02,0.5
/content/drive/MyDrive/CV_Project/datasets/casia2/images/CASIA2.0_revised/Au/Au_ani_30727.jpg,0,0.0,3,1,0.02,0.5
/content/drive/MyDrive/CV_Project/datasets/casia2/images/CASIA2.0_revised/Au/Au_ani_30728.jpg,0,0.0,3,1,0.02,0.5
/content/drive/MyDrive/CV_Project/datasets/casia2/images/CASIA2.0_revised/Au/Au_ani_30729.jpg,0,0.0,3,1,0.02,0.5
/content/drive/MyDrive/CV_Project/datasets/casia2/images/CASIA2.0_revised/Au/Au_ani_30730.jpg,0,0.0889383951822916,3,1,0.02,0.5
/content/drive/MyDrive/CV_Project/datasets/casia2/images/CASIA2.0_revised/Au/Au_ani_30731.jpg,0,0.3773193359375,3,1,0.02,0.5
/content/drive/MyDrive/CV_Project/datasets/casia2/images/CASIA2.0_revised/Au/Au_ani_30732.jpg,0,0.33441162109375,3,1,0.02,0.5
/content/drive/MyDrive/CV_Project/datasets/casia2/images/CASIA2.0_revised/Au/Au_ani_30733.jpg,0,0.0,3,1,0.02,0.5
/content/drive/MyDrive/CV_Project/datasets/casia2/images/CASIA2.0_revised/Au/Au_ani_30734.jpg,0,0.0298055013020833,3,1,0.02,0.5
/content/drive/MyDrive/CV_Project/datasets/casia2/images/CASIA2.0_revised/Au/Au_ani_30735.jpg,0,0.0,3,1,0.02,0.5
/content/drive/MyDrive/CV_Project/datasets/casia2/images/CASIA2.0_revised/Au/Au_ani_30736.jpg,0,0.428955078125,3,1,0.02,0.5
/content/drive/MyDrive/CV_Project/datasets/casia2/images/CASIA2.0_revised/Au/Au_ani_30737.jpg,0,0.5596211751302084,3,1,0.02,0.5
/content/drive/MyDrive/CV_Project/datasets/casia2/images/CASIA2.0_revised/Au/Au_ani_30738.jpg,0,0.0,3,1,0.02,0.5
/content/drive/MyDrive/CV_Project/datasets/casia2/images/CASIA2.0_revised/Au/Au_ani_30739.jpg,0,0.1579793294270833,3,1,0.02,0.5
/content/drive/MyDrive/CV_Project/datasets/casia2/images/CASIA2.0_revised/Au/Au_ani_30740.jpg,0,0.2522176106770833,3,1,0.02,0.5
/content/drive/MyDrive/CV_Project/datasets/casia2/images/CASIA2.0_revised/Au/Au_ani_30741.jpg,0,0.0864156087239583,3,1,0.02,0.5
/content/drive/MyDrive/CV_Project/datasets/casia2/images/CASIA2.0_revised/Au/Au_ani_30742.jpg,0,0.3093363444010417,3,1,0.02,0.5
/content/drive/MyDrive/CV_Project/datasets/casia2/images/CASIA2.0_revised/Au/Au_ani_30743.jpg,0,0.0,3,1,0.02,0.5
/content/drive/MyDrive/CV_Project/datasets/casia2/images/CASIA2.0_revised/Au/Au_ani_30744.jpg,0,0.2249552408854166,3,1,0.02,0.5
/content/drive/MyDrive/CV_Project/datasets/casia2/images/CASIA2.0_revised/Au/Au_ani_30745.jpg,0,0.0,3,1,0.02,0.5
/content/drive/MyDrive/CV_Project/datasets/casia2/images/CASIA2.0_revised/Au/Au_ani_30746.jpg,0,0.0,3,1,0.02,0.5
/content/drive/MyDrive/CV_Project/datasets/casia2/images/CASIA2.0_revised/Au/Au_ani_30747.jpg,0,0.4705403645833333,3,1,0.02,0.5
/content/drive/MyDrive/CV_Project/datasets/casia2/images/CASIA2.0_revised/Au/Au_ani_30748.jpg,0,0.0,3,1,0.02,0.5
/content/drive/MyDrive/CV_Project/datasets/casia2/images/CASIA2.0_revised/Au/Au_ani_30749.jpg,0,0.3772989908854167,3,1,0.02,0.5
/content/drive/MyDrive/CV_Project/datasets/casia2/images/CASIA2.0_revised/Au/Au_ani_30750.jpg,0,0.0,3,1,0.02,0.5
/content/drive/MyDrive/CV_Project/datasets/casia2/images/CASIA2.0_revised/Au/Au_ani_30751.jpg,0,0.0,3,1,0.02,0.5
/content/drive/MyDrive/CV_Project/datasets/casia2/images/CASIA2.0_revised/Au/Au_ani_30752.jpg,0,0.0,3,1,0.02,0.5
/content/drive/MyDrive/CV_Project/datasets/casia2/images/CASIA2.0_revised/Au/Au_ani_30753.jpg,0,0.0688883463541666,3,1,0.02,0.5
/content/drive/MyDrive/CV_Project/datasets/casia2/images/CASIA2.0_revised/Au/Au_ani_30754.jpg,0,0.580291748046875,3,1,0.02,0.5
/content/drive/MyDrive/CV_Project/datasets/casia2/images/CASIA2.0_revised/Au/Au_ani_30755.jpg,0,0.0759073893229166,3,1,0.02,0.5
/content/drive/MyDrive/CV_Project/datasets/casia2/images/CASIA2.0_revised/Au/Au_ani_30756.jpg,0,0.41070556640625,3,1,0.02,0.5
/content/drive/MyDrive/CV_Project/datasets/casia2/images/CASIA2.0_revised/Au/Au_ani_30757.jpg,0,0.0,3,1,0.02,0.5
/content/drive/MyDrive/CV_Project/datasets/casia2/images/CASIA2.0_revised/Au/Au_ani_30758.jpg,0,0.0,3,1,0.02,0.5
/content/drive/MyDrive/CV_Project/datasets/casia2/images/CASIA2.0_revised/Au/Au_ani_30759.jpg,0,0.0,3,1,0.02,0.5
/content/drive/MyDrive/CV_Project/datasets/casia2/images/CASIA2.0_revised/Au/Au_ani_30760.jpg,0,0.4798482259114583,3,1,0.02,0.5
/content/drive/MyDrive/CV_Project/datasets/casia2/images/CASIA2.0_revised/Au/Au_ani_30761.jpg,0,0.5973917643229166,3,1,0.02,0.5
/content/drive/MyDrive/CV_Project/datasets/casia2/images/CASIA2.0_revised/Au/Au_ani_30762.jpg,0,0.076141357421875,3,1,0.02,0.5
/content/drive/MyDrive/CV_Project/datasets/casia2/images/CASIA2.0_revised/Au/Au_ani_30763.jpg,0,0.0,3,1,0.02,0.5
/content/drive/MyDrive/CV_Project/datasets/casia2/images/CASIA2.0_revised/Au/Au_ani_30764.jpg,0,0.35174560546875,3,1,0.02,0.5
/content/drive/MyDrive/CV_Project/datasets/casia2/images/CASIA2.0_revised/Au/Au_ani_30765.jpg,0,0.7742513020833334,3,1,0.02,0.5
/content/drive/MyDrive/CV_Project/datasets/casia2/images/CASIA2.0_revised/Au/Au_ani_30766.jpg,0,0.3657938639322917,3,1,0.02,0.5
/content/drive/MyDrive/CV_Project/datasets/casia2/images/CASIA2.0_revised/Au/Au_ani_30767.jpg,0,0.1543172200520833,3,1,0.02,0.5
/content/drive/MyDrive/CV_Project/datasets/casia2/images/CASIA2.0_revised/Au/Au_ani_30768.jpg,0,0.0,3,1,0.02,0.5
/content/drive/MyDrive/CV_Project/datasets/casia2/images/CASIA2.0_revised/Au/Au_ani_30769.jpg,0,0.40765380859375,3,1,0.02,0.5
/content/drive/MyDrive/CV_Project/datasets/casia2/images/CASIA2.0_revised/Au/Au_ani_30770.jpg,0,0.0,3,1,0.02,0.5
/content/drive/MyDrive/CV_Project/datasets/casia2/images/CASIA2.0_revised/Au/Au_ani_30771.jpg,0,0.0,3,1,0.02,0.5
/content/drive/MyDrive/CV_Project/datasets/casia2/images/CASIA2.0_revised/Au/Au_ani_30772.jpg,0,0.0,3,1,0.02,0.5
/content/drive/MyDrive/CV_Project/datasets/casia2/images/CASIA2.0_revised/Au/Au_ani_30773.jpg,0,0.0,3,1,0.02,0.5
/content/drive/MyDrive/CV_Project/datasets/casia2/images/CASIA2.0_revised/Au/Au_ani_30774.jpg,0,0.0,3,1,0.02,0.5
/content/drive/MyDrive/CV_Project/datasets/casia2/images/CASIA2.0_revised/Au/Au_ani_30775.jpg,0,0.0,3,1,0.02,0.5
/content/drive/MyDrive/CV_Project/datasets/casia2/images/CASIA2.0_revised/Au/Au_ani_30776.jpg,0,0.0266825358072916,3,1,0.02,0.5
/content/drive/MyDrive/CV_Project/datasets/casia2/images/CASIA2.0_revised/Au/Au_ani_30777.jpg,0,0.0,3,1,0.02,0.5
/content/drive/MyDrive/CV_Project/datasets/casia2/images/CASIA2.0_revised/Au/Au_ani_30778.jpg,0,0.4892374674479167,3,1,0.02,0.5
/content/drive/MyDrive/CV_Project/datasets/casia2/images/CASIA2.0_revised/Au/Au_ani_30779.jpg,0,0.0,3,1,0.02,0.5
/content/drive/MyDrive/CV_Project/datasets/casia2/images/CASIA2.0_revised/Au/Au_ani_30780.jpg,0,0.0,3,1,0.02,0.5
/content/drive/MyDrive/CV_Project/datasets/casia2/images/CASIA2.0_revised/Au/Au_ani_30781.jpg,0,0.0354715983072916,3,1,0.02,0.5
/content/drive/MyDrive/CV_Project/datasets/casia2/images/CASIA2.0_revised/Au/Au_ani_30782.jpg,0,0.5202534993489584,3,1,0.02,0.5
/content/drive/MyDrive/CV_Project/datasets/casia2/images/CASIA2.0_revised/Au/Au_ani_30783.jpg,0,0.2525227864583333,3,1,0.02,0.5
/content/drive/MyDrive/CV_Project/datasets/casia2/images/CASIA2.0_revised/Au/Au_ani_30784.jpg,0,0.1409810384114583,3,1,0.02,0.5
/content/drive/MyDrive/CV_Project/datasets/casia2/images/CASIA2.0_revised/Au/Au_ani_30785.jpg,0,0.0,3,1,0.02,0.5
/content/drive/MyDrive/CV_Project/datasets/casia2/images/CASIA2.0_revised/Au/Au_ani_30786.jpg,0,0.1416219075520833,3,1,0.02,0.5
/content/drive/MyDrive/CV_Project/datasets/casia2/images/CASIA2.0_revised/Au/Au_ani_30787.jpg,0,0.09771728515625,3,1,0.02,0.5
/content/drive/MyDrive/CV_Project/datasets/casia2/images/CASIA2.0_revised/Au/Au_ani_30788.jpg,0,0.0,3,1,0.02,0.5
/content/drive/MyDrive/CV_Project/datasets/casia2/images/CASIA2.0_revised/Au/Au_ani_30789.jpg,0,0.4314778645833333,3,1,0.02,0.5
/content/drive/MyDrive/CV_Project/datasets/casia2/images/CASIA2.0_revised/Au/Au_ani_30790.jpg,0,0.28253173828125,3,1,0.02,0.5
/content/drive/MyDrive/CV_Project/datasets/casia2/images/CASIA2.0_revised/Au/Au_ani_30791.jpg,0,0.0,3,1,0.02,0.5
/content/drive/MyDrive/CV_Project/datasets/casia2/images/CASIA2.0_revised/Au/Au_ani_30792.jpg,0,0.0,3,1,0.02,0.5
/content/drive/MyDrive/CV_Project/datasets/casia2/images/CASIA2.0_revised/Au/Au_ani_30793.jpg,0,0.0,3,1,0.02,0.5
/content/drive/MyDrive/CV_Project/datasets/casia2/images/CASIA2.0_revised/Au/Au_ani_30794.jpg,0,0.3213399251302083,3,1,0.02,0.5
/content/drive/MyDrive/CV_Project/datasets/casia2/images/CASIA2.0_revised/Au/Au_ani_30795.jpg,0,0.3463338216145833,3,1,0.02,0.5
/content/drive/MyDrive/CV_Project/datasets/casia2/images/CASIA2.0_revised/Au/Au_ani_30796.jpg,0,0.0,3,1,0.02,0.5
/content/drive/MyDrive/CV_Project/datasets/casia2/images/CASIA2.0_revised/Au/Au_arc_00001.jpg,0,0.4916280110677083,3,1,0.02,0.5
/content/drive/MyDrive/CV_Project/datasets/casia2/images/CASIA2.0_revised/Au/Au_arc_00002.jpg,0,0.3468424479166667,3,1,0.02,0.5
/content/drive/MyDrive/CV_Project/datasets/casia2/images/CASIA2.0_revised/Au/Au_arc_00003.jpg,0,0.1958211263020833,3,1,0.02,0.5
/content/drive/MyDrive/CV_Project/datasets/casia2/images/CASIA2.0_revised/Au/Au_arc_00004.jpg,0,0.358978271484375,3,1,0.02,0.5
/content/drive/MyDrive/CV_Project/datasets/casia2/images/CASIA2.0_revised/Au/Au_arc_00005.jpg,0,0.3991190592447917,3,1,0.02,0.5
/content/drive/MyDrive/CV_Project/datasets/casia2/images/CASIA2.0_revised/Au/Au_arc_00006.jpg,0,0.155059814453125,3,1,0.02,0.5
/content/drive/MyDrive/CV_Project/datasets/casia2/images/CASIA2.0_revised/Au/Au_arc_00007.jpg,0,0.0245564778645833,3,1,0.02,0.5
/content/drive/MyDrive/CV_Project/datasets/casia2/images/CASIA2.0_revised/Au/Au_arc_00008.jpg,0,0.266693115234375,3,1,0.02,0.5
/content/drive/MyDrive/CV_Project/datasets/casia2/images/CASIA2.0_revised/Au/Au_arc_00009.jpg,0,0.0,3,1,0.02,0.5
/content/drive/MyDrive/CV_Project/datasets/casia2/images/CASIA2.0_revised/Au/Au_arc_00010.jpg,0,0.0,3,1,0.02,0.5
/content/drive/MyDrive/CV_Project/datasets/casia2/images/CASIA2.0_revised/Au/Au_arc_00011.jpg,0,0.9067789713541666,3,1,0.02,0.5
/content/drive/MyDrive/CV_Project/datasets/casia2/images/CASIA2.0_revised/Au/Au_arc_00012.jpg,0,0.191314697265625,3,1,0.02,0.5
/content/drive/MyDrive/CV_Project/datasets/casia2/images/CASIA2.0_revised/Au/Au_arc_00013.jpg,0,0.0,3,1,0.02,0.5
/content/drive/MyDrive/CV_Project/datasets/casia2/images/CASIA2.0_revised/Au/Au_arc_00014.jpg,0,0.4652506510416667,3,1,0.02,0.5
/content/drive/MyDrive/CV_Project/datasets/casia2/images/CASIA2.0_revised/Au/Au_arc_00015.jpg,0,0.0,3,1,0.02,0.5
/content/drive/MyDrive/CV_Project/datasets/casia2/images/CASIA2.0_revised/Au/Au_arc_00016.jpg,0,0.122711181640625,3,1,0.02,0.5
/content/drive/MyDrive/CV_Project/datasets/casia2/images/CASIA2.0_revised/Au/Au_arc_00017.jpg,0,0.473419189453125,3,1,0.02,0.5
/content/drive/MyDrive/CV_Project/datasets/casia2/images/CASIA2.0_revised/Au/Au_arc_00018.jpg,0,0.5272725423177084,3,1,0.02,0.5
/content/drive/MyDrive/CV_Project/datasets/casia2/images/CASIA2.0_revised/Au/Au_arc_00019.jpg,0,0.2815450032552083,3,1,0.02,0.5
/content/drive/MyDrive/CV_Project/datasets/casia2/images/CASIA2.0_revised/Au/Au_arc_00020.jpg,0,0.2023213704427083,3,1,0.02,0.5
/content/drive/MyDrive/CV_Project/datasets/casia2/images/CASIA2.0_revised/Au/Au_arc_00021.jpg,0,0.9446512858072916,3,1,0.02,0.5
/content/drive/MyDrive/CV_Project/datasets/casia2/images/CASIA2.0_revised/Au/Au_arc_00022.jpg,0,0.6009928385416666,3,1,0.02,0.5
/content/drive/MyDrive/CV_Project/datasets/casia2/images/CASIA2.0_revised/Au/Au_arc_00023.jpg,0,0.694793701171875,3,1,0.02,0.5
/content/drive/MyDrive/CV_Project/datasets/casia2/images/CASIA2.0_revised/Au/Au_arc_00024.jpg,0,0.5239461263020834,3,1,0.02,0.5
/content/drive/MyDrive/CV_Project/datasets/casia2/images/CASIA2.0_revised/Au/Au_arc_00025.jpg,0,0.2701416015625,3,1,0.02,0.5
/content/drive/MyDrive/CV_Project/datasets/casia2/images/CASIA2.0_revised/Au/Au_arc_00026.jpg,0,0.54815673828125,3,1,0.02,0.5
/content/drive/MyDrive/CV_Project/datasets/casia2/images/CASIA2.0_revised/Au/Au_arc_00027.jpg,0,0.4881795247395833,3,1,0.02,0.5
/content/drive/MyDrive/CV_Project/datasets/casia2/images/CASIA2.0_revised/Au/Au_arc_00028.jpg,0,0.4639790852864583,3,1,0.02,0.5
/content/drive/MyDrive/CV_Project/datasets/casia2/images/CASIA2.0_revised/Au/Au_arc_00029.jpg,0,0.3042500813802083,3,1,0.02,0.5
/content/drive/MyDrive/CV_Project/datasets/casia2/images/CASIA2.0_revised/Au/Au_arc_00030.jpg,0,0.5538838704427084,3,1,0.02,0.5
/content/drive/MyDrive/CV_Project/datasets/casia2/images/CASIA2.0_revised/Au/Au_arc_00031.jpg,0,0.0937906901041666,3,1,0.02,0.5
/content/drive/MyDrive/CV_Project/datasets/casia2/images/CASIA2.0_revised/Au/Au_arc_00032.jpg,0,0.432861328125,3,1,0.02,0.5
/content/drive/MyDrive/CV_Project/datasets/casia2/images/CASIA2.0_revised/Au/Au_arc_00033.jpg,0,0.0,3,1,0.02,0.5
/content/drive/MyDrive/CV_Project/datasets/casia2/images/CASIA2.0_revised/Au/Au_arc_00034.jpg,0,0.3153076171875,3,1,0.02,0.5
/content/drive/MyDrive/CV_Project/datasets/casia2/images/CASIA2.0_revised/Au/Au_arc_00035.jpg,0,0.0,3,1,0.02,0.5
/content/drive/MyDrive/CV_Project/datasets/casia2/images/CASIA2.0_revised/Au/Au_arc_00036.jpg,0,0.0496622721354166,3,1,0.02,0.5
/content/drive/MyDrive/CV_Project/datasets/casia2/images/CASIA2.0_revised/Au/Au_arc_00037.jpg,0,0.473907470703125,3,1,0.02,0.5
/content/drive/MyDrive/CV_Project/datasets/casia2/images/CASIA2.0_revised/Au/Au_arc_00038.jpg,0,0.27191162109375,3,1,0.02,0.5
/content/drive/MyDrive/CV_Project/datasets/casia2/images/CASIA2.0_revised/Au/Au_arc_00039.jpg,0,0.4219462076822917,3,1,0.02,0.5
/content/drive/MyDrive/CV_Project/datasets/casia2/images/CASIA2.0_revised/Au/Au_arc_00040.jpg,0,0.3011372884114583,3,1,0.02,0.5
/content/drive/MyDrive/CV_Project/datasets/casia2/images/CASIA2.0_revised/Au/Au_arc_00041.jpg,0,0.9690450032552084,3,1,0.02,0.5
/content/drive/MyDrive/CV_Project/datasets/casia2/images/CASIA2.0_revised/Au/Au_arc_00042.jpg,0,0.36376953125,3,1,0.02,0.5
/content/drive/MyDrive/CV_Project/datasets/casia2/images/CASIA2.0_revised/Au/Au_arc_00043.jpg,0,0.103790283203125,3,1,0.02,0.5
/content/drive/MyDrive/CV_Project/datasets/casia2/images/CASIA2.0_revised/Au/Au_arc_00044.jpg,0,0.327239990234375,3,1,0.02,0.5
/content/drive/MyDrive/CV_Project/datasets/casia2/images/CASIA2.0_revised/Au/Au_arc_00045.jpg,0,0.41552734375,3,1,0.02,0.5
/content/drive/MyDrive/CV_Project/datasets/casia2/images/CASIA2.0_revised/Au/Au_arc_00046.jpg,0,0.1344502766927083,3,1,0.02,0.5
/content/drive/MyDrive/CV_Project/datasets/casia2/images/CASIA2.0_revised/Au/Au_arc_00047.jpg,0,0.2391153971354166,3,1,0.02,0.5
/content/drive/MyDrive/CV_Project/datasets/casia2/images/CASIA2.0_revised/Au/Au_arc_00048.jpg,0,0.2539265950520833,3,1,0.02,0.5
/content/drive/MyDrive/CV_Project/datasets/casia2/images/CASIA2.0_revised/Au/Au_arc_00049.jpg,0,0.4279581705729167,3,1,0.02,0.5
/content/drive/MyDrive/CV_Project/datasets/casia2/images/CASIA2.0_revised/Au/Au_arc_00050.jpg,0,0.3361918131510417,3,1,0.02,0.5
/content/drive/MyDrive/CV_Project/datasets/casia2/images/CASIA2.0_revised/Au/Au_arc_00051.jpg,0,0.47503662109375,3,1,0.02,0.5
/content/drive/MyDrive/CV_Project/datasets/casia2/images/CASIA2.0_revised/Au/Au_arc_00052.jpg,0,0.0721333821614583,3,1,0.02,0.5
/content/drive/MyDrive/CV_Project/datasets/casia2/images/CASIA2.0_revised/Au/Au_arc_00053.jpg,0,0.027923583984375,3,1,0.02,0.5
/content/drive/MyDrive/CV_Project/datasets/casia2/images/CASIA2.0_revised/Au/Au_arc_00054.jpg,0,0.4297892252604167,3,1,0.02,0.5
/content/drive/MyDrive/CV_Project/datasets/casia2/images/CASIA2.0_revised/Au/Au_arc_00055.jpg,0,0.0620625813802083,3,1,0.02,0.5
/content/drive/MyDrive/CV_Project/datasets/casia2/images/CASIA2.0_revised/Au/Au_arc_00056.jpg,0,0.0,3,1,0.02,0.5
/content/drive/MyDrive/CV_Project/datasets/casia2/images/CASIA2.0_revised/Au/Au_arc_00057.jpg,0,0.2012227376302083,3,1,0.02,0.5
/content/drive/MyDrive/CV_Project/datasets/casia2/images/CASIA2.0_revised/Au/Au_arc_00058.jpg,0,0.387420654296875,3,1,0.02,0.5
/content/drive/MyDrive/CV_Project/datasets/casia2/images/CASIA2.0_revised/Au/Au_arc_00059.jpg,0,0.1666463216145833,3,1,0.02,0.5
/content/drive/MyDrive/CV_Project/datasets/casia2/images/CASIA2.0_revised/Au/Au_arc_00060.jpg,0,0.131317138671875,3,1,0.02,0.5
/content/drive/MyDrive/CV_Project/datasets/casia2/images/CASIA2.0_revised/Au/Au_arc_00061.jpg,0,0.36895751953125,3,1,0.02,0.5
/content/drive/MyDrive/CV_Project/datasets/casia2/images/CASIA2.0_revised/Au/Au_arc_00062.jpg,0,0.08892822265625,3,1,0.02,0.5
/content/drive/MyDrive/CV_Project/datasets/casia2/images/CASIA2.0_revised/Au/Au_arc_00063.jpg,0,0.0738321940104166,3,1,0.02,0.5
/content/drive/MyDrive/CV_Project/datasets/casia2/images/CASIA2.0_revised/Au/Au_arc_00064.jpg,0,0.9479777018229166,3,1,0.02,0.5
/content/drive/MyDrive/CV_Project/datasets/casia2/images/CASIA2.0_revised/Au/Au_arc_00065.jpg,0,0.648040771484375,3,1,0.02,0.5
/content/drive/MyDrive/CV_Project/datasets/casia2/images/CASIA2.0_revised/Au/Au_arc_00066.jpg,0,0.5260518391927084,3,1,0.02,0.5
/content/drive/MyDrive/CV_Project/datasets/casia2/images/CASIA2.0_revised/Au/Au_arc_00067.jpg,0,0.4781392415364583,3,1,0.02,0.5
/content/drive/MyDrive/CV_Project/datasets/casia2/images/CASIA2.0_revised/Au/Au_arc_00068.jpg,0,0.6638692220052084,3,1,0.02,0.5
/content/drive/MyDrive/CV_Project/datasets/casia2/images/CASIA2.0_revised/Au/Au_arc_00069.jpg,0,0.8060709635416666,3,1,0.02,0.5
/content/drive/MyDrive/CV_Project/datasets/casia2/images/CASIA2.0_revised/Au/Au_arc_00070.jpg,0,0.6915384928385416,3,1,0.02,0.5
/content/drive/MyDrive/CV_Project/datasets/casia2/images/CASIA2.0_revised/Au/Au_arc_00071.jpg,0,0.2487386067708333,3,1,0.02,0.5
/content/drive/MyDrive/CV_Project/datasets/casia2/images/CASIA2.0_revised/Au/Au_arc_00072.jpg,0,0.2596638997395833,3,1,0.02,0.5
/content/drive/MyDrive/CV_Project/datasets/casia2/images/CASIA2.0_revised/Au/Au_arc_00073.jpg,0,0.5738932291666666,3,1,0.02,0.5
/content/drive/MyDrive/CV_Project/datasets/casia2/images/CASIA2.0_revised/Au/Au_arc_00074.jpg,0,0.0675862630208333,3,1,0.02,0.5
/content/drive/MyDrive/CV_Project/datasets/casia2/images/CASIA2.0_revised/Au/Au_arc_00075.jpg,0,0.1618143717447916,3,1,0.02,0.5
/content/drive/MyDrive/CV_Project/datasets/casia2/images/CASIA2.0_revised/Au/Au_arc_00076.jpg,0,0.2916768391927083,3,1,0.02,0.5
/content/drive/MyDrive/CV_Project/datasets/casia2/images/CASIA2.0_revised/Au/Au_arc_00077.jpg,0,0.2165629069010416,3,1,0.02,0.5
/content/drive/MyDrive/CV_Project/datasets/casia2/images/CASIA2.0_revised/Au/Au_arc_00078.jpg,0,0.1738179524739583,3,1,0.02,0.5
/content/drive/MyDrive/CV_Project/datasets/casia2/images/CASIA2.0_revised/Au/Au_arc_00079.jpg,0,0.12158203125,3,1,0.02,0.5
/content/drive/MyDrive/CV_Project/datasets/casia2/images/CASIA2.0_revised/Au/Au_arc_00080.jpg,0,0.7714436848958334,3,1,0.02,0.5
/content/drive/MyDrive/CV_Project/datasets/casia2/images/CASIA2.0_revised/Au/Au_arc_00081.jpg,0,0.7447306315104166,3,1,0.02,0.5
/content/drive/MyDrive/CV_Project/datasets/casia2/images/CASIA2.0_revised/Au/Au_arc_00082.jpg,0,0.6955362955729166,3,1,0.02,0.5
/content/drive/MyDrive/CV_Project/datasets/casia2/images/CASIA2.0_revised/Au/Au_arc_00083.jpg,0,0.0,3,1,0.02,0.5
/content/drive/MyDrive/CV_Project/datasets/casia2/images/CASIA2.0_revised/Au/Au_arc_00084.jpg,0,0.2504781087239583,3,1,0.02,0.5
/content/drive/MyDrive/CV_Project/datasets/casia2/images/CASIA2.0_revised/Au/Au_arc_00085.jpg,0,0.05364990234375,3,1,0.02,0.5
/content/drive/MyDrive/CV_Project/datasets/casia2/images/CASIA2.0_revised/Au/Au_arc_00086.jpg,0,0.4554036458333333,3,1,0.02,0.5
/content/drive/MyDrive/CV_Project/datasets/casia2/images/CASIA2.0_revised/Au/Au_arc_00087.jpg,0,0.8983256022135416,3,1,0.02,0.5
/content/drive/MyDrive/CV_Project/datasets/casia2/images/CASIA2.0_revised/Au/Au_arc_00088.jpg,0,0.2236328125,3,1,0.02,0.5
/content/drive/MyDrive/CV_Project/datasets/casia2/images/CASIA2.0_revised/Au/Au_arc_00089.jpg,0,0.2206827799479166,3,1,0.02,0.5
/content/drive/MyDrive/CV_Project/datasets/casia2/images/CASIA2.0_revised/Au/Au_arc_00090.jpg,0,0.22528076171875,3,1,0.02,0.5
/content/drive/MyDrive/CV_Project/datasets/casia2/images/CASIA2.0_revised/Au/Au_arc_00091.jpg,0,0.1948954264322916,3,1,0.02,0.5
/content/drive/MyDrive/CV_Project/datasets/casia2/images/CASIA2.0_revised/Au/Au_arc_00092.jpg,0,0.4626871744791667,3,1,0.02,0.5
/content/drive/MyDrive/CV_Project/datasets/casia2/images/CASIA2.0_revised/Au/Au_arc_00093.jpg,0,0.390625,3,1,0.02,0.5
/content/drive/MyDrive/CV_Project/datasets/casia2/images/CASIA2.0_revised/Au/Au_arc_00094.jpg,0,0.0,3,1,0.02,0.5
/content/drive/MyDrive/CV_Project/datasets/casia2/images/CASIA2.0_revised/Au/Au_arc_00095.jpg,0,0.7417805989583334,3,1,0.02,0.5
/content/drive/MyDrive/CV_Project/datasets/casia2/images/CASIA2.0_revised/Au/Au_arc_00096.jpg,0,0.4436747233072917,3,1,0.02,0.5
/content/drive/MyDrive/CV_Project/datasets/casia2/images/CASIA2.0_revised/Au/Au_arc_00097.jpg,0,0.3920084635416667,3,1,0.02,0.5
/content/drive/MyDrive/CV_Project/datasets/casia2/images/CASIA2.0_revised/Au/Au_arc_00098.jpg,0,0.1535237630208333,3,1,0.02,0.5
/content/drive/MyDrive/CV_Project/datasets/casia2/images/CASIA2.0_revised/Au/Au_arc_00099.jpg,0,0.5630391438802084,3,1,0.02,0.5
/content/drive/MyDrive/CV_Project/datasets/casia2/images/CASIA2.0_revised/Au/Au_arc_00100.jpg,0,0.3181864420572917,3,1,0.02,0.5
/content/drive/MyDrive/CV_Project/datasets/casia2/images/CASIA2.0_revised/Au/Au_arc_10001.jpg,0,0.1308911819887429,3,1,0.02,0.5
/content/drive/MyDrive/CV_Project/datasets/casia2/images/CASIA2.0_revised/Au/Au_arc_10101.jpg,0,0.8063425925925926,3,1,0.02,0.5
/content/drive/MyDrive/CV_Project/datasets/casia2/images/CASIA2.0_revised/Au/Au_arc_10102.jpg,0,0.10640625,3,1,0.02,0.5
/content/drive/MyDrive/CV_Project/datasets/casia2/images/CASIA2.0_revised/Au/Au_arc_10103.jpg,0,0.2576041666666667,3,1,0.02,0.5
/content/drive/MyDrive/CV_Project/datasets/casia2/images/CASIA2.0_revised/Au/Au_arc_10104.jpg,0,0.0466145833333333,3,1,0.02,0.5
/content/drive/MyDrive/CV_Project/datasets/casia2/images/CASIA2.0_revised/Au/Au_arc_10105.jpg,0,0.0,3,1,0.02,0.5
/content/drive/MyDrive/CV_Project/datasets/casia2/images/CASIA2.0_revised/Au/Au_arc_10106.jpg,0,0.1402864583333333,3,1,0.02,0.5
/content/drive/MyDrive/CV_Project/datasets/casia2/images/CASIA2.0_revised/Au/Au_arc_10107.jpg,0,0.023046875,3,1,0.02,0.5
/content/drive/MyDrive/CV_Project/datasets/casia2/images/CASIA2.0_revised/Au/Au_arc_10108.jpg,0,0.5003385416666667,3,1,0.02,0.5
/content/drive/MyDrive/CV_Project/datasets/casia2/images/CASIA2.0_revised/Au/Au_arc_10109.jpg,0,0.2346354166666666,3,1,0.02,0.5
/content/drive/MyDrive/CV_Project/datasets/casia2/images/CASIA2.0_revised/Au/Au_arc_10110.jpg,0,0.0465104166666666,3,1,0.02,0.5
/content/drive/MyDrive/CV_Project/datasets/casia2/images/CASIA2.0_revised/Au/Au_arc_10111.jpg,0,0.3007291666666666,3,1,0.02,0.5
/content/drive/MyDrive/CV_Project/datasets/casia2/images/CASIA2.0_revised/Au/Au_arc_10112.jpg,0,0.1663020833333333,3,1,0.02,0.5
/content/drive/MyDrive/CV_Project/datasets/casia2/images/CASIA2.0_revised/Au/Au_arc_10113.jpg,0,0.240234375,3,1,0.02,0.5
/content/drive/MyDrive/CV_Project/datasets/casia2/images/CASIA2.0_revised/Au/Au_arc_10114.jpg,0,0.0799739583333333,3,1,0.02,0.5
/content/drive/MyDrive/CV_Project/datasets/casia2/images/CASIA2.0_revised/Au/Au_arc_10115.jpg,0,0.2246293333333333,3,1,0.02,0.5
/content/drive/MyDrive/CV_Project/datasets/casia2/images/CASIA2.0_revised/Au/Au_arc_10116.jpg,0,0.4726506666666666,3,1,0.02,0.5
/content/drive/MyDrive/CV_Project/datasets/casia2/images/CASIA2.0_revised/Au/Au_arc_10117.jpg,0,0.6811786666666667,3,1,0.02,0.5
/content/drive/MyDrive/CV_Project/datasets/casia2/images/CASIA2.0_revised/Au/Au_arc_10118.jpg,0,0.5628266666666667,3,1,0.02,0.5
/content/drive/MyDrive/CV_Project/datasets/casia2/images/CASIA2.0_revised/Au/Au_arc_10119.jpg,0,0.6952266666666667,3,1,0.02,0.5
/content/drive/MyDrive/CV_Project/datasets/casia2/images/CASIA2.0_revised/Au/Au_arc_10120.bmp,0,0.4580859375,3,1,0.02,0.5
/content/drive/MyDrive/CV_Project/datasets/casia2/images/CASIA2.0_revised/Au/Au_arc_10121.bmp,0,0.1963229166666666,3,1,0.02,0.5
/content/drive/MyDrive/CV_Project/datasets/casia2/images/CASIA2.0_revised/Au/Au_arc_10122.bmp,0,0.5173316879199232,3,1,0.02,0.5
/content/drive/MyDrive/CV_Project/datasets/casia2/images/CASIA2.0_revised/Au/Au_arc_10123.bmp,0,0.0,3,1,0.02,0.5
/content/drive/MyDrive/CV_Project/datasets/casia2/images/CASIA2.0_revised/Au/Au_arc_10124.bmp,0,0.5391536458333334,3,1,0.02,0.5
/content/drive/MyDrive/CV_Project/datasets/casia2/images/CASIA2.0_revised/Au/Au_arc_10125.bmp,0,0.3938150877635004,3,1,0.02,0.5
/content/drive/MyDrive/CV_Project/datasets/casia2/images/CASIA2.0_revised/Au/Au_arc_10126.bmp,0,0.0,3,1,0.02,0.5
/content/drive/MyDrive/CV_Project/datasets/casia2/images/CASIA2.0_revised/Au/Au_arc_10127.bmp,0,0.4687298126614987,3,1,0.02,0.5
/content/drive/MyDrive/CV_Project/datasets/casia2/images/CASIA2.0_revised/Au/Au_arc_10128.bmp,0,0.497490234375,3,1,0.02,0.5
/content/drive/MyDrive/CV_Project/datasets/casia2/images/CASIA2.0_revised/Au/Au_arc_10129.bmp,0,0.0,3,1,0.02,0.5
/content/drive/MyDrive/CV_Project/datasets/casia2/images/CASIA2.0_revised/Au/Au_arc_10130.bmp,0,0.3904688418577307,3,1,0.02,0.5
/content/drive/MyDrive/CV_Project/datasets/casia2/images/CASIA2.0_revised/Au/Au_arc_20001.jpg,0,0.6187181238615664,3,1,0.02,0.5
/content/drive/MyDrive/CV_Project/datasets/casia2/images/CASIA2.0_revised/Au/Au_arc_20002.jpg,0,0.3695013661202185,3,1,0.02,0.5
/content/drive/MyDrive/CV_Project/datasets/casia2/images/CASIA2.0_revised/Au/Au_arc_20003.jpg,0,0.6908265027322404,3,1,0.02,0.5
/content/drive/MyDrive/CV_Project/datasets/casia2/images/CASIA2.0_revised/Au/Au_arc_20004.jpg,0,0.8031701263537906,3,1,0.02,0.5
/content/drive/MyDrive/CV_Project/datasets/casia2/images/CASIA2.0_revised/Au/Au_arc_20005.jpg,0,0.06755444646098,3,1,0.02,0.5
/content/drive/MyDrive/CV_Project/datasets/casia2/images/CASIA2.0_revised/Au/Au_arc_20006.jpg,0,0.5628948555956679,3,1,0.02,0.5
/content/drive/MyDrive/CV_Project/datasets/casia2/images/CASIA2.0_revised/Au/Au_arc_20007.jpg,0,0.4986708333333333,3,1,0.02,0.5
/content/drive/MyDrive/CV_Project/datasets/casia2/images/CASIA2.0_revised/Au/Au_arc_20008.jpg,0,0.4004291666666666,3,1,0.02,0.5
/content/drive/MyDrive/CV_Project/datasets/casia2/images/CASIA2.0_revised/Au/Au_arc_20009.jpg,0,0.1484621062992126,3,1,0.02,0.5
/content/drive/MyDrive/CV_Project/datasets/casia2/images/CASIA2.0_revised/Au/Au_arc_20010.jpg,0,0.2845726915520629,3,1,0.02,0.5
/content/drive/MyDrive/CV_Project/datasets/casia2/images/CASIA2.0_revised/Au/Au_arc_20011.jpg,0,0.6833925097276264,3,1,0.02,0.5
/content/drive/MyDrive/CV_Project/datasets/casia2/images/CASIA2.0_revised/Au/Au_arc_20012.jpg,0,0.4711794747081712,3,1,0.02,0.5
/content/drive/MyDrive/CV_Project/datasets/casia2/images/CASIA2.0_revised/Au/Au_arc_20013.jpg,0,0.3265977626459144,3,1,0.02,0.5
/content/drive/MyDrive/CV_Project/datasets/casia2/images/CASIA2.0_revised/Au/Au_arc_20014.jpg,0,0.1443360894941634,3,1,0.02,0.5
/content/drive/MyDrive/CV_Project/datasets/casia2/images/CASIA2.0_revised/Au/Au_arc_20015.jpg,0,0.5518342911877394,3,1,0.02,0.5
/content/drive/MyDrive/CV_Project/datasets/casia2/images/CASIA2.0_revised/Au/Au_arc_20016.jpg,0,0.2574296116504854,3,1,0.02,0.5
/content/drive/MyDrive/CV_Project/datasets/casia2/images/CASIA2.0_revised/Au/Au_arc_20017.jpg,0,0.4416189320388349,3,1,0.02,0.5
/content/drive/MyDrive/CV_Project/datasets/casia2/images/CASIA2.0_revised/Au/Au_arc_20018.jpg,0,0.1231587837837837,3,1,0.02,0.5
/content/drive/MyDrive/CV_Project/datasets/casia2/images/CASIA2.0_revised/Au/Au_arc_20019.jpg,0,0.0642833011583011,3,1,0.02,0.5
/content/drive/MyDrive/CV_Project/datasets/casia2/images/CASIA2.0_revised/Au/Au_arc_20020.jpg,0,0.4722514478764478,3,1,0.02,0.5
/content/drive/MyDrive/CV_Project/datasets/casia2/images/CASIA2.0_revised/Au/Au_arc_20021.jpg,0,0.3844425675675675,3,1,0.02,0.5
/content/drive/MyDrive/CV_Project/datasets/casia2/images/CASIA2.0_revised/Au/Au_arc_20022.jpg,0,0.8338875,3,1,0.02,0.5
/content/drive/MyDrive/CV_Project/datasets/casia2/images/CASIA2.0_revised/Au/Au_arc_20023.jpg,0,0.3335208333333333,3,1,0.02,0.5
/content/drive/MyDrive/CV_Project/datasets/casia2/images/CASIA2.0_revised/Au/Au_arc_20024.jpg,0,0.3940125,3,1,0.02,0.5
/content/drive/MyDrive/CV_Project/datasets/casia2/images/CASIA2.0_revised/Au/Au_arc_20025.jpg,0,0.3584958333333333,3,1,0.02,0.5
/content/drive/MyDrive/CV_Project/datasets/casia2/images/CASIA2.0_revised/Au/Au_arc_20026.jpg,0,0.39025,3,1,0.02,0.5
/content/drive/MyDrive/CV_Project/datasets/casia2/images/CASIA2.0_revised/Au/Au_arc_20027.jpg,0,0.6392041666666667,3,1,0.02,0.5
/content/drive/MyDrive/CV_Project/datasets/casia2/images/CASIA2.0_revised/Au/Au_arc_20028.jpg,0,0.3909854166666666,3,1,0.02,0.5
/content/drive/MyDrive/CV_Project/datasets/casia2/images/CASIA2.0_revised/Au/Au_arc_20029.jpg,0,0.34641875,3,1,0.02,0.5
/content/drive/MyDrive/CV_Project/datasets/casia2/images/CASIA2.0_revised/Au/Au_arc_20030.jpg,0,0.4546333333333333,3,1,0.02,0.5
/content/drive/MyDrive/CV_Project/datasets/casia2/images/CASIA2.0_revised/Au/Au_arc_20031.jpg,0,0.02541875,3,1,0.02,0.5
/content/drive/MyDrive/CV_Project/datasets/casia2/images/CASIA2.0_revised/Au/Au_arc_20032.jpg,0,0.6987998188405797,3,1,0.02,0.5
/content/drive/MyDrive/CV_Project/datasets/casia2/images/CASIA2.0_revised/Au/Au_arc_20033.jpg,0,0.655697463768116,3,1,0.02,0.5
/content/drive/MyDrive/CV_Project/datasets/casia2/images/CASIA2.0_revised/Au/Au_arc_20034.jpg,0,0.0480646718146718,3,1,0.02,0.5
/content/drive/MyDrive/CV_Project/datasets/casia2/images/CASIA2.0_revised/Au/Au_arc_20035.jpg,0,0.6670294401544401,3,1,0.02,0.5
/content/drive/MyDrive/CV_Project/datasets/casia2/images/CASIA2.0_revised/Au/Au_arc_20036.jpg,0,0.1324863636363636,3,1,0.02,0.5
/content/drive/MyDrive/CV_Project/datasets/casia2/images/CASIA2.0_revised/Au/Au_arc_20037.jpg,0,0.5137291666666667,3,1,0.02,0.5
/content/drive/MyDrive/CV_Project/datasets/casia2/images/CASIA2.0_revised/Au/Au_arc_20038.jpg,0,0.4057697876447876,3,1,0.02,0.5
/content/drive/MyDrive/CV_Project/datasets/casia2/images/CASIA2.0_revised/Au/Au_arc_20039.jpg,0,0.6323166023166024,3,1,0.02,0.5
/content/drive/MyDrive/CV_Project/datasets/casia2/images/CASIA2.0_revised/Au/Au_arc_20040.jpg,0,0.7997104247104247,3,1,0.02,0.5
/content/drive/MyDrive/CV_Project/datasets/casia2/images/CASIA2.0_revised/Au/Au_arc_20041.jpg,0,0.6287861969111969,3,1,0.02,0.5
/content/drive/MyDrive/CV_Project/datasets/casia2/images/CASIA2.0_revised/Au/Au_arc_20042.jpg,0,0.6956949806949807,3,1,0.02,0.5
/content/drive/MyDrive/CV_Project/datasets/casia2/images/CASIA2.0_revised/Au/Au_arc_20043.jpg,0,0.784715250965251,3,1,0.02,0.5
/content/drive/MyDrive/CV_Project/datasets/casia2/images/CASIA2.0_revised/Au/Au_arc_20044.jpg,0,0.6223286679536679,3,1,0.02,0.5
/content/drive/MyDrive/CV_Project/datasets/casia2/images/CASIA2.0_revised/Au/Au_arc_20045.jpg,0,0.6959942084942085,3,1,0.02,0.5
/content/drive/MyDrive/CV_Project/datasets/casia2/images/CASIA2.0_revised/Au/Au_arc_20046.jpg,0,0.4882818532818533,3,1,0.02,0.5
/content/drive/MyDrive/CV_Project/datasets/casia2/images/CASIA2.0_revised/Au/Au_arc_20047.jpg,0,0.58654375,3,1,0.02,0.5
/content/drive/MyDrive/CV_Project/datasets/casia2/images/CASIA2.0_revised/Au/Au_arc_20048.jpg,0,0.23036875,3,1,0.02,0.5
/content/drive/MyDrive/CV_Project/datasets/casia2/images/CASIA2.0_revised/Au/Au_arc_20049.jpg,0,0.1331891259865536,3,1,0.02,0.5
/content/drive/MyDrive/CV_Project/datasets/casia2/images/CASIA2.0_revised/Au/Au_arc_20050.jpg,0,0.051330333973646,3,1,0.02,0.5
/content/drive/MyDrive/CV_Project/datasets/casia2/images/CASIA2.0_revised/Au/Au_arc_20051.jpg,0,0.1516114692153811,3,1,0.02,0.5
/content/drive/MyDrive/CV_Project/datasets/casia2/images/CASIA2.0_revised/Au/Au_arc_20052.jpg,0,0.3534349827387802,3,1,0.02,0.5
/content/drive/MyDrive/CV_Project/datasets/casia2/images/CASIA2.0_revised/Au/Au_arc_20053.jpg,0,0.0,3,1,0.02,0.5
/content/drive/MyDrive/CV_Project/datasets/casia2/images/CASIA2.0_revised/Au/Au_arc_20054.jpg,0,0.4632761578044597,3,1,0.02,0.5
/content/drive/MyDrive/CV_Project/datasets/casia2/images/CASIA2.0_revised/Au/Au_arc_20055.jpg,0,0.4834550491060186,3,1,0.02,0.5
/content/drive/MyDrive/CV_Project/datasets/casia2/images/CASIA2.0_revised/Au/Au_arc_20056.jpg,0,0.0,3,1,0.02,0.5
/content/drive/MyDrive/CV_Project/datasets/casia2/images/CASIA2.0_revised/Au/Au_arc_20057.jpg,0,0.5493548387096774,3,1,0.02,0.5
/content/drive/MyDrive/CV_Project/datasets/casia2/images/CASIA2.0_revised/Au/Au_arc_20058.jpg,0,0.3105027322404372,3,1,0.02,0.5
/content/drive/MyDrive/CV_Project/datasets/casia2/images/CASIA2.0_revised/Au/Au_arc_20059.jpg,0,0.5580910905461803,3,1,0.02,0.5
/content/drive/MyDrive/CV_Project/datasets/casia2/images/CASIA2.0_revised/Au/Au_arc_20060.jpg,0,0.2617891373801917,3,1,0.02,0.5
/content/drive/MyDrive/CV_Project/datasets/casia2/images/CASIA2.0_revised/Au/Au_arc_20061.jpg,0,0.6385431603097218,3,1,0.02,0.5
/content/drive/MyDrive/CV_Project/datasets/casia2/images/CASIA2.0_revised/Au/Au_arc_20062.jpg,0,0.823949843260188,3,1,0.02,0.5
/content/drive/MyDrive/CV_Project/datasets/casia2/images/CASIA2.0_revised/Au/Au_arc_20063.jpg,0,0.0,3,1,0.02,0.5
/content/drive/MyDrive/CV_Project/datasets/casia2/images/CASIA2.0_revised/Au/Au_arc_20064.jpg,0,0.7020190713101161,3,1,0.02,0.5
/content/drive/MyDrive/CV_Project/datasets/casia2/images/CASIA2.0_revised/Au/Au_arc_20065.jpg,0,0.4731177446102819,3,1,0.02,0.5
/content/drive/MyDrive/CV_Project/datasets/casia2/images/CASIA2.0_revised/Au/Au_arc_20066.jpg,0,0.4998714759535655,3,1,0.02,0.5
/content/drive/MyDrive/CV_Project/datasets/casia2/images/CASIA2.0_revised/Au/Au_arc_20067.jpg,0,0.6802197346600332,3,1,0.02,0.5
/content/drive/MyDrive/CV_Project/datasets/casia2/images/CASIA2.0_revised/Au/Au_arc_20068.jpg,0,0.3930406950160036,3,1,0.02,0.5
/content/drive/MyDrive/CV_Project/datasets/casia2/images/CASIA2.0_revised/Au/Au_arc_20069.jpg,0,0.3409373571101966,3,1,0.02,0.5
/content/drive/MyDrive/CV_Project/datasets/casia2/images/CASIA2.0_revised/Au/Au_arc_20070.jpg,0,0.5181847279378143,3,1,0.02,0.5
/content/drive/MyDrive/CV_Project/datasets/casia2/images/CASIA2.0_revised/Au/Au_arc_20071.jpg,0,0.662053040695016,3,1,0.02,0.5
/content/drive/MyDrive/CV_Project/datasets/casia2/images/CASIA2.0_revised/Au/Au_arc_20072.jpg,0,0.746854138088706,3,1,0.02,0.5
/content/drive/MyDrive/CV_Project/datasets/casia2/images/CASIA2.0_revised/Au/Au_arc_20073.jpg,0,0.2868888888888889,3,1,0.02,0.5
/content/drive/MyDrive/CV_Project/datasets/casia2/images/CASIA2.0_revised/Au/Au_arc_20074.jpg,0,0.0345333333333333,3,1,0.02,0.5
/content/drive/MyDrive/CV_Project/datasets/casia2/images/CASIA2.0_revised/Au/Au_arc_20075.jpg,0,0.2037083333333333,3,1,0.02,0.5
/content/drive/MyDrive/CV_Project/datasets/casia2/images/CASIA2.0_revised/Au/Au_arc_20076.jpg,0,0.2897233072916667,3,1,0.02,0.5
/content/drive/MyDrive/CV_Project/datasets/casia2/images/CASIA2.0_revised/Au/Au_arc_20077.jpg,0,0.289668458781362,3,1,0.02,0.5
/content/drive/MyDrive/CV_Project/datasets/casia2/images/CASIA2.0_revised/Au/Au_arc_20078.jpg,0,0.0353786186659659,3,1,0.02,0.5
/content/drive/MyDrive/CV_Project/datasets/casia2/images/CASIA2.0_revised/Au/Au_arc_20079.jpg,0,0.314311862399397,3,1,0.02,0.5
/content/drive/MyDrive/CV_Project/datasets/casia2/images/CASIA2.0_revised/Au/Au_arc_20080.jpg,0,0.0217945034951642,3,1,0.02,0.5
/content/drive/MyDrive/CV_Project/datasets/casia2/images/CASIA2.0_revised/Au/Au_arc_20081.jpg,0,0.117422480620155,3,1,0.02,0.5
/content/drive/MyDrive/CV_Project/datasets/casia2/images/CASIA2.0_revised/Au/Au_arc_20082.jpg,0,0.6751378337026486,3,1,0.02,0.5
/content/drive/MyDrive/CV_Project/datasets/casia2/images/CASIA2.0_revised/Au/Au_arc_20083.jpg,0,0.3095492957746479,3,1,0.02,0.5
/content/drive/MyDrive/CV_Project/datasets/casia2/images/CASIA2.0_revised/Au/Au_arc_20084.jpg,0,0.3471444568868981,3,1,0.02,0.5
/content/drive/MyDrive/CV_Project/datasets/casia2/images/CASIA2.0_revised/Au/Au_arc_20085.jpg,0,0.3008349942137071,3,1,0.02,0.5
/content/drive/MyDrive/CV_Project/datasets/casia2/images/CASIA2.0_revised/Au/Au_arc_20086.jpg,0,0.0631652888096395,3,1,0.02,0.5
/content/drive/MyDrive/CV_Project/datasets/casia2/images/CASIA2.0_revised/Au/Au_arc_20087.jpg,0,0.0,3,1,0.02,0.5
/content/drive/MyDrive/CV_Project/datasets/casia2/images/CASIA2.0_revised/Au/Au_arc_20088.jpg,0,0.2006407023656702,3,1,0.02,0.5
/content/drive/MyDrive/CV_Project/datasets/casia2/images/CASIA2.0_revised/Au/Au_arc_20089.jpg,0,0.1304948026661447,3,1,0.02,0.5
/content/drive/MyDrive/CV_Project/datasets/casia2/images/CASIA2.0_revised/Au/Au_arc_20090.jpg,0,0.1102582728006456,3,1,0.02,0.5
/content/drive/MyDrive/CV_Project/datasets/casia2/images/CASIA2.0_revised/Au/Au_arc_20091.jpg,0,0.1663438468957491,3,1,0.02,0.5
/content/drive/MyDrive/CV_Project/datasets/casia2/images/CASIA2.0_revised/Au/Au_arc_20092.jpg,0,0.4711555555555555,3,1,0.02,0.5
/content/drive/MyDrive/CV_Project/datasets/casia2/images/CASIA2.0_revised/Au/Au_arc_20093.jpg,0,0.2625625,3,1,0.02,0.5
/content/drive/MyDrive/CV_Project/datasets/casia2/images/CASIA2.0_revised/Au/Au_arc_20094.jpg,0,0.6126059050064185,3,1,0.02,0.5
/content/drive/MyDrive/CV_Project/datasets/casia2/images/CASIA2.0_revised/Au/Au_arc_20095.jpg,0,0.8327613061893702,3,1,0.02,0.5
/content/drive/MyDrive/CV_Project/datasets/casia2/images/CASIA2.0_revised/Au/Au_arc_20096.jpg,0,0.0,3,1,0.02,0.5
/content/drive/MyDrive/CV_Project/datasets/casia2/images/CASIA2.0_revised/Au/Au_arc_20097.jpg,0,0.2239766081871345,3,1,0.02,0.5
/content/drive/MyDrive/CV_Project/datasets/casia2/images/CASIA2.0_revised/Au/Au_arc_20098.jpg,0,0.2204669322642402,3,1,0.02,0.5
/content/drive/MyDrive/CV_Project/datasets/casia2/images/CASIA2.0_revised/Au/Au_arc_20099.jpg,0,0.3417421031954997,3,1,0.02,0.5
/content/drive/MyDrive/CV_Project/datasets/casia2/images/CASIA2.0_revised/Au/Au_arc_20100.jpg,0,0.2550149954730647,3,1,0.02,0.5
/content/drive/MyDrive/CV_Project/datasets/casia2/images/CASIA2.0_revised/Au/Au_arc_20101.jpg,0,0.1563909317165366,3,1,0.02,0.5
/content/drive/MyDrive/CV_Project/datasets/casia2/images/CASIA2.0_revised/Au/Au_arc_30001.jpg,0,0.6520894368489584,3,1,0.02,0.5
/content/drive/MyDrive/CV_Project/datasets/casia2/images/CASIA2.0_revised/Au/Au_arc_30002.jpg,0,0.149444580078125,3,1,0.02,0.5
/content/drive/MyDrive/CV_Project/datasets/casia2/images/CASIA2.0_revised/Au/Au_arc_30003.jpg,0,0.3763631184895833,3,1,0.02,0.5
/content/drive/MyDrive/CV_Project/datasets/casia2/images/CASIA2.0_revised/Au/Au_arc_30004.jpg,0,0.2072347005208333,3,1,0.02,0.5
/content/drive/MyDrive/CV_Project/datasets/casia2/images/CASIA2.0_revised/Au/Au_arc_30005.jpg,0,0.3114522298177083,3,1,0.02,0.5
/content/drive/MyDrive/CV_Project/datasets/casia2/images/CASIA2.0_revised/Au/Au_arc_30006.jpg,0,0.205596923828125,3,1,0.02,0.5
/content/drive/MyDrive/CV_Project/datasets/casia2/images/CASIA2.0_revised/Au/Au_arc_30007.jpg,0,0.0,3,1,0.02,0.5
/content/drive/MyDrive/CV_Project/datasets/casia2/images/CASIA2.0_revised/Au/Au_arc_30008.jpg,0,0.37432861328125,3,1,0.02,0.5
/content/drive/MyDrive/CV_Project/datasets/casia2/images/CASIA2.0_revised/Au/Au_arc_30009.jpg,0,0.5240275065104166,3,1,0.02,0.5
/content/drive/MyDrive/CV_Project/datasets/casia2/images/CASIA2.0_revised/Au/Au_arc_30010.jpg,0,0.1812947591145833,3,1,0.02,0.5
/content/drive/MyDrive/CV_Project/datasets/casia2/images/CASIA2.0_revised/Au/Au_arc_30011.jpg,0,0.427734375,3,1,0.02,0.5
/content/drive/MyDrive/CV_Project/datasets/casia2/images/CASIA2.0_revised/Au/Au_arc_30012.jpg,0,0.3552042643229167,3,1,0.02,0.5
/content/drive/MyDrive/CV_Project/datasets/casia2/images/CASIA2.0_revised/Au/Au_arc_30013.jpg,0,0.6287333170572916,3,1,0.02,0.5
/content/drive/MyDrive/CV_Project/datasets/casia2/images/CASIA2.0_revised/Au/Au_arc_30014.jpg,0,0.418121337890625,3,1,0.02,0.5
/content/drive/MyDrive/CV_Project/datasets/casia2/images/CASIA2.0_revised/Au/Au_arc_30015.jpg,0,0.0,3,1,0.02,0.5
/content/drive/MyDrive/CV_Project/datasets/casia2/images/CASIA2.0_revised/Au/Au_arc_30016.jpg,0,0.0204569498697916,3,1,0.02,0.5
/content/drive/MyDrive/CV_Project/datasets/casia2/images/CASIA2.0_revised/Au/Au_arc_30017.jpg,0,0.3826802571614583,3,1,0.02,0.5
/content/drive/MyDrive/CV_Project/datasets/casia2/images/CASIA2.0_revised/Au/Au_arc_30018.jpg,0,0.64288330078125,3,1,0.02,0.5
/content/drive/MyDrive/CV_Project/datasets/casia2/images/CASIA2.0_revised/Au/Au_arc_30019.jpg,0,0.27130126953125,3,1,0.02,0.5
/content/drive/MyDrive/CV_Project/datasets/casia2/images/CASIA2.0_revised/Au/Au_arc_30020.jpg,0,0.415679931640625,3,1,0.02,0.5
/content/drive/MyDrive/CV_Project/datasets/casia2/images/CASIA2.0_revised/Au/Au_arc_30021.jpg,0,0.7308146158854166,3,1,0.02,0.5
/content/drive/MyDrive/CV_Project/datasets/casia2/images/CASIA2.0_revised/Au/Au_arc_30022.jpg,0,0.1137797037760416,3,1,0.02,0.5
/content/drive/MyDrive/CV_Project/datasets/casia2/images/CASIA2.0_revised/Au/Au_arc_30023.jpg,0,0.1631876627604166,3,1,0.02,0.5
/content/drive/MyDrive/CV_Project/datasets/casia2/images/CASIA2.0_revised/Au/Au_arc_30024.jpg,0,0.29052734375,3,1,0.02,0.5
/content/drive/MyDrive/CV_Project/datasets/casia2/images/CASIA2.0_revised/Au/Au_arc_30025.jpg,0,0.5423583984375,3,1,0.02,0.5
/content/drive/MyDrive/CV_Project/datasets/casia2/images/CASIA2.0_revised/Au/Au_arc_30026.jpg,0,0.3572896321614583,3,1,0.02,0.5
/content/drive/MyDrive/CV_Project/datasets/casia2/images/CASIA2.0_revised/Au/Au_arc_30027.jpg,0,0.1822001139322916,3,1,0.02,0.5
/content/drive/MyDrive/CV_Project/datasets/casia2/images/CASIA2.0_revised/Au/Au_arc_30028.jpg,0,0.3908487955729167,3,1,0.02,0.5
/content/drive/MyDrive/CV_Project/datasets/casia2/images/CASIA2.0_revised/Au/Au_arc_30029.jpg,0,0.4025472005208333,3,1,0.02,0.5
/content/drive/MyDrive/CV_Project/datasets/casia2/images/CASIA2.0_revised/Au/Au_arc_30030.jpg,0,0.2856953938802083,3,1,0.02,0.5
/content/drive/MyDrive/CV_Project/datasets/casia2/images/CASIA2.0_revised/Au/Au_arc_30031.jpg,0,0.1820576985677083,3,1,0.02,0.5
/content/drive/MyDrive/CV_Project/datasets/casia2/images/CASIA2.0_revised/Au/Au_arc_30032.jpg,0,0.0544942220052083,3,1,0.02,0.5
/content/drive/MyDrive/CV_Project/datasets/casia2/images/CASIA2.0_revised/Au/Au_arc_30033.jpg,0,0.5818277994791666,3,1,0.02,0.5
/content/drive/MyDrive/CV_Project/datasets/casia2/images/CASIA2.0_revised/Au/Au_arc_30034.jpg,0,0.1972249348958333,3,1,0.02,0.5
/content/drive/MyDrive/CV_Project/datasets/casia2/images/CASIA2.0_revised/Au/Au_arc_30035.jpg,0,0.1356404622395833,3,1,0.02,0.5
/content/drive/MyDrive/CV_Project/datasets/casia2/images/CASIA2.0_revised/Au/Au_arc_30036.jpg,0,0.4102986653645833,3,1,0.02,0.5
/content/drive/MyDrive/CV_Project/datasets/casia2/images/CASIA2.0_revised/Au/Au_arc_30037.jpg,0,0.5561930338541666,3,1,0.02,0.5
/content/drive/MyDrive/CV_Project/datasets/casia2/images/CASIA2.0_revised/Au/Au_arc_30038.jpg,0,0.4119466145833333,3,1,0.02,0.5
/content/drive/MyDrive/CV_Project/datasets/casia2/images/CASIA2.0_revised/Au/Au_arc_30039.jpg,0,0.3360595703125,3,1,0.02,0.5
/content/drive/MyDrive/CV_Project/datasets/casia2/images/CASIA2.0_revised/Au/Au_arc_30040.jpg,0,0.586822509765625,3,1,0.02,0.5
/content/drive/MyDrive/CV_Project/datasets/casia2/images/CASIA2.0_revised/Au/Au_arc_30041.jpg,0,0.44366455078125,3,1,0.02,0.5
/content/drive/MyDrive/CV_Project/datasets/casia2/images/CASIA2.0_revised/Au/Au_arc_30042.jpg,0,0.0,3,1,0.02,0.5
/content/drive/MyDrive/CV_Project/datasets/casia2/images/CASIA2.0_revised/Au/Au_arc_30043.jpg,0,0.4147237141927083,3,1,0.02,0.5
/content/drive/MyDrive/CV_Project/datasets/casia2/images/CASIA2.0_revised/Au/Au_arc_30044.jpg,0,0.0,3,1,0.02,0.5
/content/drive/MyDrive/CV_Project/datasets/casia2/images/CASIA2.0_revised/Au/Au_arc_30045.jpg,0,0.0907796223958333,3,1,0.02,0.5
/content/drive/MyDrive/CV_Project/datasets/casia2/images/CASIA2.0_revised/Au/Au_arc_30046.jpg,0,0.4187825520833333,3,1,0.02,0.5
/content/drive/MyDrive/CV_Project/datasets/casia2/images/CASIA2.0_revised/Au/Au_arc_30047.jpg,0,0.256072998046875,3,1,0.02,0.5
/content/drive/MyDrive/CV_Project/datasets/casia2/images/CASIA2.0_revised/Au/Au_arc_30048.jpg,0,0.2328694661458333,3,1,0.02,0.5
/content/drive/MyDrive/CV_Project/datasets/casia2/images/CASIA2.0_revised/Au/Au_arc_30049.jpg,0,0.136566162109375,3,1,0.02,0.5
/content/drive/MyDrive/CV_Project/datasets/casia2/images/CASIA2.0_revised/Au/Au_arc_30050.jpg,0,0.4656270345052083,3,1,0.02,0.5
/content/drive/MyDrive/CV_Project/datasets/casia2/images/CASIA2.0_revised/Au/Au_arc_30051.jpg,0,0.0,3,1,0.02,0.5
/content/drive/MyDrive/CV_Project/datasets/casia2/images/CASIA2.0_revised/Au/Au_arc_30052.jpg,0,0.1709696451822916,3,1,0.02,0.5
/content/drive/MyDrive/CV_Project/datasets/casia2/images/CASIA2.0_revised/Au/Au_arc_30053.jpg,0,0.2225545247395833,3,1,0.02,0.5
/content/drive/MyDrive/CV_Project/datasets/casia2/images/CASIA2.0_revised/Au/Au_arc_30054.jpg,0,0.0,3,1,0.02,0.5
/content/drive/MyDrive/CV_Project/datasets/casia2/images/CASIA2.0_revised/Au/Au_arc_30055.jpg,0,0.479522705078125,3,1,0.02,0.5
/content/drive/MyDrive/CV_Project/datasets/casia2/images/CASIA2.0_revised/Au/Au_arc_30056.jpg,0,0.5266520182291666,3,1,0.02,0.5
/content/drive/MyDrive/CV_Project/datasets/casia2/images/CASIA2.0_revised/Au/Au_arc_30057.jpg,0,0.3284912109375,3,1,0.02,0.5
/content/drive/MyDrive/CV_Project/datasets/casia2/images/CASIA2.0_revised/Au/Au_arc_30058.jpg,0,0.7030436197916666,3,1,0.02,0.5
/content/drive/MyDrive/CV_Project/datasets/casia2/images/CASIA2.0_revised/Au/Au_arc_30059.jpg,0,0.177001953125,3,1,0.02,0.5
/content/drive/MyDrive/CV_Project/datasets/casia2/images/CASIA2.0_revised/Au/Au_arc_30060.jpg,0,0.40081787109375,3,1,0.02,0.5
/content/drive/MyDrive/CV_Project/datasets/casia2/images/CASIA2.0_revised/Au/Au_arc_30061.jpg,0,0.4078470865885417,3,1,0.02,0.5
/content/drive/MyDrive/CV_Project/datasets/casia2/images/CASIA2.0_revised/Au/Au_arc_30062.jpg,0,0.4518534342447917,3,1,0.02,0.5
/content/drive/MyDrive/CV_Project/datasets/casia2/images/CASIA2.0_revised/Au/Au_arc_30063.jpg,0,0.0322774251302083,3,1,0.02,0.5
/content/drive/MyDrive/CV_Project/datasets/casia2/images/CASIA2.0_revised/Au/Au_arc_30064.jpg,0,0.24945068359375,3,1,0.02,0.5
/content/drive/MyDrive/CV_Project/datasets/casia2/images/CASIA2.0_revised/Au/Au_arc_30065.jpg,0,0.8162943522135416,3,1,0.02,0.5
/content/drive/MyDrive/CV_Project/datasets/casia2/images/CASIA2.0_revised/Au/Au_arc_30066.jpg,0,0.4101664225260417,3,1,0.02,0.5
/content/drive/MyDrive/CV_Project/datasets/casia2/images/CASIA2.0_revised/Au/Au_arc_30067.jpg,0,0.910003662109375,3,1,0.02,0.5
/content/drive/MyDrive/CV_Project/datasets/casia2/images/CASIA2.0_revised/Au/Au_arc_30068.jpg,0,0.7091776529947916,3,1,0.02,0.5
/content/drive/MyDrive/CV_Project/datasets/casia2/images/CASIA2.0_revised/Au/Au_arc_30069.jpg,0,0.1529032389322916,3,1,0.02,0.5
/content/drive/MyDrive/CV_Project/datasets/casia2/images/CASIA2.0_revised/Au/Au_arc_30070.jpg,0,0.32501220703125,3,1,0.02,0.5
/content/drive/MyDrive/CV_Project/datasets/casia2/images/CASIA2.0_revised/Au/Au_arc_30071.jpg,0,0.3704121907552083,3,1,0.02,0.5
/content/drive/MyDrive/CV_Project/datasets/casia2/images/CASIA2.0_revised/Au/Au_arc_30072.jpg,0,0.0,3,1,0.02,0.5
/content/drive/MyDrive/CV_Project/datasets/casia2/images/CASIA2.0_revised/Au/Au_arc_30073.jpg,0,0.7586161295572916,3,1,0.02,0.5
/content/drive/MyDrive/CV_Project/datasets/casia2/images/CASIA2.0_revised/Au/Au_arc_30074.jpg,0,0.2850138346354167,3,1,0.02,0.5
/content/drive/MyDrive/CV_Project/datasets/casia2/images/CASIA2.0_revised/Au/Au_arc_30075.jpg,0,0.2656351725260417,3,1,0.02,0.5
/content/drive/MyDrive/CV_Project/datasets/casia2/images/CASIA2.0_revised/Au/Au_arc_30076.jpg,0,0.4382832845052083,3,1,0.02,0.5
/content/drive/MyDrive/CV_Project/datasets/casia2/images/CASIA2.0_revised/Au/Au_arc_30077.jpg,0,0.1389567057291666,3,1,0.02,0.5
/content/drive/MyDrive/CV_Project/datasets/casia2/images/CASIA2.0_revised/Au/Au_arc_30078.jpg,0,0.0221964518229166,3,1,0.02,0.5
/content/drive/MyDrive/CV_Project/datasets/casia2/images/CASIA2.0_revised/Au/Au_arc_30079.jpg,0,0.0598246256510416,3,1,0.02,0.5
/content/drive/MyDrive/CV_Project/datasets/casia2/images/CASIA2.0_revised/Au/Au_arc_30080.jpg,0,0.0221455891927083,3,1,0.02,0.5
/content/drive/MyDrive/CV_Project/datasets/casia2/images/CASIA2.0_revised/Au/Au_arc_30081.jpg,0,0.1960042317708333,3,1,0.02,0.5
/content/drive/MyDrive/CV_Project/datasets/casia2/images/CASIA2.0_revised/Au/Au_arc_30082.jpg,0,0.4283040364583333,3,1,0.02,0.5
/content/drive/MyDrive/CV_Project/datasets/casia2/images/CASIA2.0_revised/Au/Au_arc_30083.jpg,0,0.1428934733072916,3,1,0.02,0.5
/content/drive/MyDrive/CV_Project/datasets/casia2/images/CASIA2.0_revised/Au/Au_arc_30084.jpg,0,0.058135986328125,3,1,0.02,0.5
/content/drive/MyDrive/CV_Project/datasets/casia2/images/CASIA2.0_revised/Au/Au_arc_30085.jpg,0,0.495635986328125,3,1,0.02,0.5
/content/drive/MyDrive/CV_Project/datasets/casia2/images/CASIA2.0_revised/Au/Au_arc_30086.jpg,0,0.0493265787760416,3,1,0.02,0.5
/content/drive/MyDrive/CV_Project/datasets/casia2/images/CASIA2.0_revised/Au/Au_arc_30087.jpg,0,0.5204976399739584,3,1,0.02,0.5
/content/drive/MyDrive/CV_Project/datasets/casia2/images/CASIA2.0_revised/Au/Au_arc_30088.jpg,0,0.2550048828125,3,1,0.02,0.5
/content/drive/MyDrive/CV_Project/datasets/casia2/images/CASIA2.0_revised/Au/Au_arc_30089.jpg,0,0.438018798828125,3,1,0.02,0.5
/content/drive/MyDrive/CV_Project/datasets/casia2/images/CASIA2.0_revised/Au/Au_arc_30090.jpg,0,0.4975382486979167,3,1,0.02,0.5
/content/drive/MyDrive/CV_Project/datasets/casia2/images/CASIA2.0_revised/Au/Au_arc_30091.jpg,0,0.1244913736979166,3,1,0.02,0.5
/content/drive/MyDrive/CV_Project/datasets/casia2/images/CASIA2.0_revised/Au/Au_arc_30092.jpg,0,0.0,3,1,0.02,0.5
/content/drive/MyDrive/CV_Project/datasets/casia2/images/CASIA2.0_revised/Au/Au_arc_30093.jpg,0,0.0,3,1,0.02,0.5
/content/drive/MyDrive/CV_Project/datasets/casia2/images/CASIA2.0_revised/Au/Au_arc_30094.jpg,0,0.0895589192708333,3,1,0.02,0.5
/content/drive/MyDrive/CV_Project/datasets/casia2/images/CASIA2.0_revised/Au/Au_arc_30095.jpg,0,0.6423848470052084,3,1,0.02,0.5
/content/drive/MyDrive/CV_Project/datasets/casia2/images/CASIA2.0_revised/Au/Au_arc_30096.jpg,0,0.6187947591145834,3,1,0.02,0.5
/content/drive/MyDrive/CV_Project/datasets/casia2/images/CASIA2.0_revised/Au/Au_arc_30097.jpg,0,0.7158610026041666,3,1,0.02,0.5
/content/drive/MyDrive/CV_Project/datasets/casia2/images/CASIA2.0_revised/Au/Au_arc_30098.jpg,0,0.3585001627604167,3,1,0.02,0.5
/content/drive/MyDrive/CV_Project/datasets/casia2/images/CASIA2.0_revised/Au/Au_arc_30099.jpg,0,0.1554667154947916,3,1,0.02,0.5
/content/drive/MyDrive/CV_Project/datasets/casia2/images/CASIA2.0_revised/Au/Au_arc_30100.jpg,0,0.5758870442708334,3,1,0.02,0.5
/content/drive/MyDrive/CV_Project/datasets/casia2/images/CASIA2.0_revised/Au/Au_arc_30101.jpg,0,0.0,3,1,0.02,0.5
/content/drive/MyDrive/CV_Project/datasets/casia2/images/CASIA2.0_revised/Au/Au_arc_30102.jpg,0,0.0,3,1,0.02,0.5
/content/drive/MyDrive/CV_Project/datasets/casia2/images/CASIA2.0_revised/Au/Au_arc_30103.jpg,0,0.0409647623697916,3,1,0.02,0.5
/content/drive/MyDrive/CV_Project/datasets/casia2/images/CASIA2.0_revised/Au/Au_arc_30104.jpg,0,0.0,3,1,0.02,0.5
/content/drive/MyDrive/CV_Project/datasets/casia2/images/CASIA2.0_revised/Au/Au_arc_30105.jpg,0,0.2963155110677083,3,1,0.02,0.5
/content/drive/MyDrive/CV_Project/datasets/casia2/images/CASIA2.0_revised/Au/Au_arc_30106.jpg,0,0.085235595703125,3,1,0.02,0.5
/content/drive/MyDrive/CV_Project/datasets/casia2/images/CASIA2.0_revised/Au/Au_arc_30107.jpg,0,0.33966064453125,3,1,0.02,0.5
/content/drive/MyDrive/CV_Project/datasets/casia2/images/CASIA2.0_revised/Au/Au_arc_30108.jpg,0,0.6271464029947916,3,1,0.02,0.5
/content/drive/MyDrive/CV_Project/datasets/casia2/images/CASIA2.0_revised/Au/Au_arc_30109.jpg,0,0.194580078125,3,1,0.02,0.5
/content/drive/MyDrive/CV_Project/datasets/casia2/images/CASIA2.0_revised/Au/Au_arc_30110.jpg,0,0.4451700846354167,3,1,0.02,0.5
/content/drive/MyDrive/CV_Project/datasets/casia2/images/CASIA2.0_revised/Au/Au_arc_30111.jpg,0,0.2043355305989583,3,1,0.02,0.5
/content/drive/MyDrive/CV_Project/datasets/casia2/images/CASIA2.0_revised/Au/Au_arc_30112.jpg,0,0.3778279622395833,3,1,0.02,0.5
/content/drive/MyDrive/CV_Project/datasets/casia2/images/CASIA2.0_revised/Au/Au_arc_30113.jpg,0,0.738037109375,3,1,0.02,0.5
/content/drive/MyDrive/CV_Project/datasets/casia2/images/CASIA2.0_revised/Au/Au_arc_30114.jpg,0,0.3760986328125,3,1,0.02,0.5
/content/drive/MyDrive/CV_Project/datasets/casia2/images/CASIA2.0_revised/Au/Au_arc_30115.jpg,0,0.2871907552083333,3,1,0.02,0.5
/content/drive/MyDrive/CV_Project/datasets/casia2/images/CASIA2.0_revised/Au/Au_arc_30116.jpg,0,0.0,3,1,0.02,0.5
/content/drive/MyDrive/CV_Project/datasets/casia2/images/CASIA2.0_revised/Au/Au_arc_30117.jpg,0,0.4381103515625,3,1,0.02,0.5
/content/drive/MyDrive/CV_Project/datasets/casia2/images/CASIA2.0_revised/Au/Au_arc_30118.jpg,0,0.0232035319010416,3,1,0.02,0.5
/content/drive/MyDrive/CV_Project/datasets/casia2/images/CASIA2.0_revised/Au/Au_arc_30119.jpg,0,0.6349894205729166,3,1,0.02,0.5
/content/drive/MyDrive/CV_Project/datasets/casia2/images/CASIA2.0_revised/Au/Au_arc_30120.jpg,0,0.380157470703125,3,1,0.02,0.5
/content/drive/MyDrive/CV_Project/datasets/casia2/images/CASIA2.0_revised/Au/Au_arc_30121.jpg,0,0.345611572265625,3,1,0.02,0.5
/content/drive/MyDrive/CV_Project/datasets/casia2/images/CASIA2.0_revised/Au/Au_arc_30122.jpg,0,0.398590087890625,3,1,0.02,0.5
/content/drive/MyDrive/CV_Project/datasets/casia2/images/CASIA2.0_revised/Au/Au_arc_30123.jpg,0,0.1659647623697916,3,1,0.02,0.5
/content/drive/MyDrive/CV_Project/datasets/casia2/images/CASIA2.0_revised/Au/Au_arc_30124.jpg,0,0.042449951171875,3,1,0.02,0.5
/content/drive/MyDrive/CV_Project/datasets/casia2/images/CASIA2.0_revised/Au/Au_arc_30125.jpg,0,0.7014567057291666,3,1,0.02,0.5
/content/drive/MyDrive/CV_Project/datasets/casia2/images/CASIA2.0_revised/Au/Au_arc_30126.jpg,0,0.3536376953125,3,1,0.02,0.5
/content/drive/MyDrive/CV_Project/datasets/casia2/images/CASIA2.0_revised/Au/Au_arc_30127.jpg,0,0.3734130859375,3,1,0.02,0.5
/content/drive/MyDrive/CV_Project/datasets/casia2/images/CASIA2.0_revised/Au/Au_arc_30128.jpg,0,0.042877197265625,3,1,0.02,0.5
/content/drive/MyDrive/CV_Project/datasets/casia2/images/CASIA2.0_revised/Au/Au_arc_30129.jpg,0,0.8576863606770834,3,1,0.02,0.5
/content/drive/MyDrive/CV_Project/datasets/casia2/images/CASIA2.0_revised/Au/Au_arc_30130.jpg,0,0.5606892903645834,3,1,0.02,0.5
/content/drive/MyDrive/CV_Project/datasets/casia2/images/CASIA2.0_revised/Au/Au_arc_30131.jpg,0,0.2801513671875,3,1,0.02,0.5
/content/drive/MyDrive/CV_Project/datasets/casia2/images/CASIA2.0_revised/Au/Au_arc_30132.jpg,0,0.266693115234375,3,1,0.02,0.5
/content/drive/MyDrive/CV_Project/datasets/casia2/images/CASIA2.0_revised/Au/Au_arc_30133.jpg,0,0.6585489908854166,3,1,0.02,0.5
/content/drive/MyDrive/CV_Project/datasets/casia2/images/CASIA2.0_revised/Au/Au_arc_30134.jpg,0,0.0,3,1,0.02,0.5
/content/drive/MyDrive/CV_Project/datasets/casia2/images/CASIA2.0_revised/Au/Au_arc_30135.jpg,0,0.0,3,1,0.02,0.5
/content/drive/MyDrive/CV_Project/datasets/casia2/images/CASIA2.0_revised/Au/Au_arc_30136.jpg,0,0.0,3,1,0.02,0.5
/content/drive/MyDrive/CV_Project/datasets/casia2/images/CASIA2.0_revised/Au/Au_arc_30137.jpg,0,0.2836405436197917,3,1,0.02,0.5
/content/drive/MyDrive/CV_Project/datasets/casia2/images/CASIA2.0_revised/Au/Au_arc_30138.jpg,0,0.2220865885416666,3,1,0.02,0.5
/content/drive/MyDrive/CV_Project/datasets/casia2/images/CASIA2.0_revised/Au/Au_arc_30139.jpg,0,0.0,3,1,0.02,0.5
/content/drive/MyDrive/CV_Project/datasets/casia2/images/CASIA2.0_revised/Au/Au_arc_30140.jpg,0,0.3617757161458333,3,1,0.02,0.5
/content/drive/MyDrive/CV_Project/datasets/casia2/images/CASIA2.0_revised/Au/Au_arc_30141.jpg,0,0.5531005859375,3,1,0.02,0.5
/content/drive/MyDrive/CV_Project/datasets/casia2/images/CASIA2.0_revised/Au/Au_arc_30142.jpg,0,0.1795857747395833,3,1,0.02,0.5
/content/drive/MyDrive/CV_Project/datasets/casia2/images/CASIA2.0_revised/Au/Au_arc_30143.jpg,0,0.0,3,1,0.02,0.5
/content/drive/MyDrive/CV_Project/datasets/casia2/images/CASIA2.0_revised/Au/Au_arc_30144.jpg,0,0.0,3,1,0.02,0.5
/content/drive/MyDrive/CV_Project/datasets/casia2/images/CASIA2.0_revised/Au/Au_arc_30145.jpg,0,0.0545857747395833,3,1,0.02,0.5
/content/drive/MyDrive/CV_Project/datasets/casia2/images/CASIA2.0_revised/Au/Au_arc_30146.jpg,0,0.1314595540364583,3,1,0.02,0.5
/content/drive/MyDrive/CV_Project/datasets/casia2/images/CASIA2.0_revised/Au/Au_arc_30147.jpg,0,0.14776611328125,3,1,0.02,0.5
/content/drive/MyDrive/CV_Project/datasets/casia2/images/CASIA2.0_revised/Au/Au_arc_30148.jpg,0,0.1069132486979166,3,1,0.02,0.5
/content/drive/MyDrive/CV_Project/datasets/casia2/images/CASIA2.0_revised/Au/Au_arc_30149.jpg,0,0.2163798014322916,3,1,0.02,0.5
/content/drive/MyDrive/CV_Project/datasets/casia2/images/CASIA2.0_revised/Au/Au_arc_30150.jpg,0,0.0200602213541666,3,1,0.02,0.5
/content/drive/MyDrive/CV_Project/datasets/casia2/images/CASIA2.0_revised/Au/Au_arc_30151.jpg,0,0.1890767415364583,3,1,0.02,0.5
/content/drive/MyDrive/CV_Project/datasets/casia2/images/CASIA2.0_revised/Au/Au_arc_30152.jpg,0,0.7024637858072916,3,1,0.02,0.5
/content/drive/MyDrive/CV_Project/datasets/casia2/images/CASIA2.0_revised/Au/Au_arc_30153.jpg,0,0.1751505533854166,3,1,0.02,0.5
/content/drive/MyDrive/CV_Project/datasets/casia2/images/CASIA2.0_revised/Au/Au_arc_30154.jpg,0,0.1208089192708333,3,1,0.02,0.5
/content/drive/MyDrive/CV_Project/datasets/casia2/images/CASIA2.0_revised/Au/Au_arc_30155.jpg,0,0.3778889973958333,3,1,0.02,0.5
/content/drive/MyDrive/CV_Project/datasets/casia2/images/CASIA2.0_revised/Au/Au_arc_30156.jpg,0,0.28662109375,3,1,0.02,0.5
/content/drive/MyDrive/CV_Project/datasets/casia2/images/CASIA2.0_revised/Au/Au_arc_30157.jpg,0,0.2792765299479167,3,1,0.02,0.5
/content/drive/MyDrive/CV_Project/datasets/casia2/images/CASIA2.0_revised/Au/Au_arc_30158.jpg,0,0.201385498046875,3,1,0.02,0.5
/content/drive/MyDrive/CV_Project/datasets/casia2/images/CASIA2.0_revised/Au/Au_arc_30159.jpg,0,0.6634724934895834,3,1,0.02,0.5
/content/drive/MyDrive/CV_Project/datasets/casia2/images/CASIA2.0_revised/Au/Au_arc_30160.jpg,0,0.7802836100260416,3,1,0.02,0.5
/content/drive/MyDrive/CV_Project/datasets/casia2/images/CASIA2.0_revised/Au/Au_arc_30161.jpg,0,0.0,3,1,0.02,0.5
/content/drive/MyDrive/CV_Project/datasets/casia2/images/CASIA2.0_revised/Au/Au_arc_30162.jpg,0,0.0,3,1,0.02,0.5
/content/drive/MyDrive/CV_Project/datasets/casia2/images/CASIA2.0_revised/Au/Au_arc_30163.jpg,0,0.347686767578125,3,1,0.02,0.5
/content/drive/MyDrive/CV_Project/datasets/casia2/images/CASIA2.0_revised/Au/Au_arc_30164.jpg,0,0.4512125651041667,3,1,0.02,0.5
/content/drive/MyDrive/CV_Project/datasets/casia2/images/CASIA2.0_revised/Au/Au_arc_30165.jpg,0,0.6654154459635416,3,1,0.02,0.5
/content/drive/MyDrive/CV_Project/datasets/casia2/images/CASIA2.0_revised/Au/Au_arc_30166.jpg,0,0.218505859375,3,1,0.02,0.5
/content/drive/MyDrive/CV_Project/datasets/casia2/images/CASIA2.0_revised/Au/Au_arc_30167.jpg,0,0.0,3,1,0.02,0.5
/content/drive/MyDrive/CV_Project/datasets/casia2/images/CASIA2.0_revised/Au/Au_arc_30168.jpg,0,0.2241312662760416,3,1,0.02,0.5
/content/drive/MyDrive/CV_Project/datasets/casia2/images/CASIA2.0_revised/Au/Au_arc_30169.jpg,0,0.0923055013020833,3,1,0.02,0.5
/content/drive/MyDrive/CV_Project/datasets/casia2/images/CASIA2.0_revised/Au/Au_arc_30170.jpg,0,0.396453857421875,3,1,0.02,0.5
/content/drive/MyDrive/CV_Project/datasets/casia2/images/CASIA2.0_revised/Au/Au_arc_30171.jpg,0,0.317474365234375,3,1,0.02,0.5
/content/drive/MyDrive/CV_Project/datasets/casia2/images/CASIA2.0_revised/Au/Au_arc_30172.jpg,0,0.0527242024739583,3,1,0.02,0.5
/content/drive/MyDrive/CV_Project/datasets/casia2/images/CASIA2.0_revised/Au/Au_arc_30173.jpg,0,0.4294230143229167,3,1,0.02,0.5
/content/drive/MyDrive/CV_Project/datasets/casia2/images/CASIA2.0_revised/Au/Au_arc_30174.jpg,0,0.1690775553385416,3,1,0.02,0.5
/content/drive/MyDrive/CV_Project/datasets/casia2/images/CASIA2.0_revised/Au/Au_arc_30175.jpg,0,0.0508931477864583,3,1,0.02,0.5
/content/drive/MyDrive/CV_Project/datasets/casia2/images/CASIA2.0_revised/Au/Au_arc_30176.jpg,0,0.43585205078125,3,1,0.02,0.5
/content/drive/MyDrive/CV_Project/datasets/casia2/images/CASIA2.0_revised/Au/Au_arc_30177.jpg,0,0.3354390462239583,3,1,0.02,0.5
/content/drive/MyDrive/CV_Project/datasets/casia2/images/CASIA2.0_revised/Au/Au_arc_30178.jpg,0,0.3321533203125,3,1,0.02,0.5
/content/drive/MyDrive/CV_Project/datasets/casia2/images/CASIA2.0_revised/Au/Au_arc_30179.jpg,0,0.1644999186197916,3,1,0.02,0.5
/content/drive/MyDrive/CV_Project/datasets/casia2/images/CASIA2.0_revised/Au/Au_arc_30180.jpg,0,0.622100830078125,3,1,0.02,0.5
/content/drive/MyDrive/CV_Project/datasets/casia2/images/CASIA2.0_revised/Au/Au_arc_30181.jpg,0,0.2889200846354167,3,1,0.02,0.5
/content/drive/MyDrive/CV_Project/datasets/casia2/images/CASIA2.0_revised/Au/Au_arc_30182.jpg,0,0.2165934244791666,3,1,0.02,0.5
/content/drive/MyDrive/CV_Project/datasets/casia2/images/CASIA2.0_revised/Au/Au_arc_30183.jpg,0,0.29962158203125,3,1,0.02,0.5
/content/drive/MyDrive/CV_Project/datasets/casia2/images/CASIA2.0_revised/Au/Au_arc_30184.jpg,0,0.0,3,1,0.02,0.5
/content/drive/MyDrive/CV_Project/datasets/casia2/images/CASIA2.0_revised/Au/Au_arc_30185.jpg,0,0.0634053548177083,3,1,0.02,0.5
/content/drive/MyDrive/CV_Project/datasets/casia2/images/CASIA2.0_revised/Au/Au_arc_30186.jpg,0,0.2872517903645833,3,1,0.02,0.5
/content/drive/MyDrive/CV_Project/datasets/casia2/images/CASIA2.0_revised/Au/Au_arc_30187.jpg,0,0.9841410319010416,3,1,0.02,0.5
/content/drive/MyDrive/CV_Project/datasets/casia2/images/CASIA2.0_revised/Au/Au_arc_30188.jpg,0,0.0,3,1,0.02,0.5
/content/drive/MyDrive/CV_Project/datasets/casia2/images/CASIA2.0_revised/Au/Au_arc_30189.jpg,0,0.5718485514322916,3,1,0.02,0.5
/content/drive/MyDrive/CV_Project/datasets/casia2/images/CASIA2.0_revised/Au/Au_arc_30190.jpg,0,0.0702006022135416,3,1,0.02,0.5
/content/drive/MyDrive/CV_Project/datasets/casia2/images/CASIA2.0_revised/Au/Au_arc_30191.jpg,0,0.37890625,3,1,0.02,0.5
/content/drive/MyDrive/CV_Project/datasets/casia2/images/CASIA2.0_revised/Au/Au_arc_30192.jpg,0,0.0439656575520833,3,1,0.02,0.5
/content/drive/MyDrive/CV_Project/datasets/casia2/images/CASIA2.0_revised/Au/Au_arc_30193.jpg,0,0.3593037923177083,3,1,0.02,0.5
/content/drive/MyDrive/CV_Project/datasets/casia2/images/CASIA2.0_revised/Au/Au_arc_30194.jpg,0,0.3343505859375,3,1,0.02,0.5
/content/drive/MyDrive/CV_Project/datasets/casia2/images/CASIA2.0_revised/Au/Au_arc_30195.jpg,0,0.0204671223958333,3,1,0.02,0.5
/content/drive/MyDrive/CV_Project/datasets/casia2/images/CASIA2.0_revised/Au/Au_arc_30196.jpg,0,0.3215840657552083,3,1,0.02,0.5
/content/drive/MyDrive/CV_Project/datasets/casia2/images/CASIA2.0_revised/Au/Au_arc_30197.jpg,0,0.0900777180989583,3,1,0.02,0.5
/content/drive/MyDrive/CV_Project/datasets/casia2/images/CASIA2.0_revised/Au/Au_arc_30198.jpg,0,0.0,3,1,0.02,0.5
/content/drive/MyDrive/CV_Project/datasets/casia2/images/CASIA2.0_revised/Au/Au_arc_30199.jpg,0,0.4304097493489583,3,1,0.02,0.5
/content/drive/MyDrive/CV_Project/datasets/casia2/images/CASIA2.0_revised/Au/Au_arc_30200.jpg,0,0.1489359537760416,3,1,0.02,0.5
/content/drive/MyDrive/CV_Project/datasets/casia2/images/CASIA2.0_revised/Au/Au_arc_30201.jpg,0,0.407135009765625,3,1,0.02,0.5
/content/drive/MyDrive/CV_Project/datasets/casia2/images/CASIA2.0_revised/Au/Au_arc_30202.jpg,0,0.18414306640625,3,1,0.02,0.5
/content/drive/MyDrive/CV_Project/datasets/casia2/images/CASIA2.0_revised/Au/Au_arc_30203.jpg,0,0.3299458821614583,3,1,0.02,0.5
/content/drive/MyDrive/CV_Project/datasets/casia2/images/CASIA2.0_revised/Au/Au_arc_30204.jpg,0,0.621368408203125,3,1,0.02,0.5
/content/drive/MyDrive/CV_Project/datasets/casia2/images/CASIA2.0_revised/Au/Au_arc_30205.jpg,0,0.0208333333333333,3,1,0.02,0.5
/content/drive/MyDrive/CV_Project/datasets/casia2/images/CASIA2.0_revised/Au/Au_arc_30206.jpg,0,0.353546142578125,3,1,0.02,0.5
/content/drive/MyDrive/CV_Project/datasets/casia2/images/CASIA2.0_revised/Au/Au_arc_30207.jpg,0,0.0,3,1,0.02,0.5
/content/drive/MyDrive/CV_Project/datasets/casia2/images/CASIA2.0_revised/Au/Au_arc_30208.jpg,0,0.0,3,1,0.02,0.5
/content/drive/MyDrive/CV_Project/datasets/casia2/images/CASIA2.0_revised/Au/Au_arc_30209.jpg,0,0.1764322916666666,3,1,0.02,0.5
/content/drive/MyDrive/CV_Project/datasets/casia2/images/CASIA2.0_revised/Au/Au_arc_30210.jpg,0,0.4929300944010417,3,1,0.02,0.5
/content/drive/MyDrive/CV_Project/datasets/casia2/images/CASIA2.0_revised/Au/Au_arc_30211.jpg,0,0.6527303059895834,3,1,0.02,0.5
/content/drive/MyDrive/CV_Project/datasets/casia2/images/CASIA2.0_revised/Au/Au_arc_30212.jpg,0,0.8698933919270834,3,1,0.02,0.5
/content/drive/MyDrive/CV_Project/datasets/casia2/images/CASIA2.0_revised/Au/Au_arc_30213.jpg,0,0.4021809895833333,3,1,0.02,0.5
/content/drive/MyDrive/CV_Project/datasets/casia2/images/CASIA2.0_revised/Au/Au_arc_30214.jpg,0,0.4797261555989583,3,1,0.02,0.5
/content/drive/MyDrive/CV_Project/datasets/casia2/images/CASIA2.0_revised/Au/Au_arc_30215.jpg,0,0.0,3,1,0.02,0.5
/content/drive/MyDrive/CV_Project/datasets/casia2/images/CASIA2.0_revised/Au/Au_arc_30216.jpg,0,0.4343363444010417,3,1,0.02,0.5
/content/drive/MyDrive/CV_Project/datasets/casia2/images/CASIA2.0_revised/Au/Au_arc_30217.jpg,0,0.246063232421875,3,1,0.02,0.5
/content/drive/MyDrive/CV_Project/datasets/casia2/images/CASIA2.0_revised/Au/Au_arc_30218.jpg,0,0.3672688802083333,3,1,0.02,0.5
/content/drive/MyDrive/CV_Project/datasets/casia2/images/CASIA2.0_revised/Au/Au_arc_30219.jpg,0,0.3058573404947917,3,1,0.02,0.5
/content/drive/MyDrive/CV_Project/datasets/casia2/images/CASIA2.0_revised/Au/Au_arc_30220.jpg,0,0.4236246744791667,3,1,0.02,0.5
/content/drive/MyDrive/CV_Project/datasets/casia2/images/CASIA2.0_revised/Au/Au_arc_30221.jpg,0,0.0,3,1,0.02,0.5
/content/drive/MyDrive/CV_Project/datasets/casia2/images/CASIA2.0_revised/Au/Au_arc_30222.jpg,0,0.320648193359375,3,1,0.02,0.5
/content/drive/MyDrive/CV_Project/datasets/casia2/images/CASIA2.0_revised/Au/Au_arc_30223.jpg,0,0.0,3,1,0.02,0.5
/content/drive/MyDrive/CV_Project/datasets/casia2/images/CASIA2.0_revised/Au/Au_arc_30224.jpg,0,0.348968505859375,3,1,0.02,0.5
/content/drive/MyDrive/CV_Project/datasets/casia2/images/CASIA2.0_revised/Au/Au_arc_30225.jpg,0,0.0880533854166666,3,1,0.02,0.5
/content/drive/MyDrive/CV_Project/datasets/casia2/images/CASIA2.0_revised/Au/Au_arc_30226.jpg,0,0.0,3,1,0.02,0.5
/content/drive/MyDrive/CV_Project/datasets/casia2/images/CASIA2.0_revised/Au/Au_arc_30227.jpg,0,0.3346761067708333,3,1,0.02,0.5
/content/drive/MyDrive/CV_Project/datasets/casia2/images/CASIA2.0_revised/Au/Au_arc_30228.jpg,0,0.0,3,1,0.02,0.5
/content/drive/MyDrive/CV_Project/datasets/casia2/images/CASIA2.0_revised/Au/Au_arc_30229.jpg,0,0.486175537109375,3,1,0.02,0.5
/content/drive/MyDrive/CV_Project/datasets/casia2/images/CASIA2.0_revised/Au/Au_arc_30230.jpg,0,0.307373046875,3,1,0.02,0.5
/content/drive/MyDrive/CV_Project/datasets/casia2/images/CASIA2.0_revised/Au/Au_arc_30231.jpg,0,0.0,3,1,0.02,0.5
/content/drive/MyDrive/CV_Project/datasets/casia2/images/CASIA2.0_revised/Au/Au_arc_30232.jpg,0,0.142181396484375,3,1,0.02,0.5
/content/drive/MyDrive/CV_Project/datasets/casia2/images/CASIA2.0_revised/Au/Au_arc_30233.jpg,0,0.2450052897135416,3,1,0.02,0.5
/content/drive/MyDrive/CV_Project/datasets/casia2/images/CASIA2.0_revised/Au/Au_arc_30234.jpg,0,0.366241455078125,3,1,0.02,0.5
/content/drive/MyDrive/CV_Project/datasets/casia2/images/CASIA2.0_revised/Au/Au_arc_30235.jpg,0,0.2128804524739583,3,1,0.02,0.5
/content/drive/MyDrive/CV_Project/datasets/casia2/images/CASIA2.0_revised/Au/Au_arc_30236.jpg,0,0.25543212890625,3,1,0.02,0.5
/content/drive/MyDrive/CV_Project/datasets/casia2/images/CASIA2.0_revised/Au/Au_arc_30237.jpg,0,0.2915547688802083,3,1,0.02,0.5
/content/drive/MyDrive/CV_Project/datasets/casia2/images/CASIA2.0_revised/Au/Au_arc_30238.jpg,0,0.1275634765625,3,1,0.02,0.5
/content/drive/MyDrive/CV_Project/datasets/casia2/images/CASIA2.0_revised/Au/Au_arc_30239.jpg,0,0.0,3,1,0.02,0.5
/content/drive/MyDrive/CV_Project/datasets/casia2/images/CASIA2.0_revised/Au/Au_arc_30240.jpg,0,0.241119384765625,3,1,0.02,0.5
/content/drive/MyDrive/CV_Project/datasets/casia2/images/CASIA2.0_revised/Au/Au_arc_30241.jpg,0,0.3546956380208333,3,1,0.02,0.5
/content/drive/MyDrive/CV_Project/datasets/casia2/images/CASIA2.0_revised/Au/Au_arc_30242.jpg,0,0.2052103678385416,3,1,0.02,0.5
/content/drive/MyDrive/CV_Project/datasets/casia2/images/CASIA2.0_revised/Au/Au_arc_30243.jpg,0,0.5356343587239584,3,1,0.02,0.5
/content/drive/MyDrive/CV_Project/datasets/casia2/images/CASIA2.0_revised/Au/Au_arc_30244.jpg,0,0.4497172037760417,3,1,0.02,0.5
/content/drive/MyDrive/CV_Project/datasets/casia2/images/CASIA2.0_revised/Au/Au_arc_30245.jpg,0,0.0670674641927083,3,1,0.02,0.5
/content/drive/MyDrive/CV_Project/datasets/casia2/images/CASIA2.0_revised/Au/Au_arc_30246.jpg,0,0.3509012858072917,3,1,0.02,0.5
/content/drive/MyDrive/CV_Project/datasets/casia2/images/CASIA2.0_revised/Au/Au_arc_30247.jpg,0,0.460418701171875,3,1,0.02,0.5
/content/drive/MyDrive/CV_Project/datasets/casia2/images/CASIA2.0_revised/Au/Au_arc_30248.jpg,0,0.0,3,1,0.02,0.5
/content/drive/MyDrive/CV_Project/datasets/casia2/images/CASIA2.0_revised/Au/Au_arc_30249.jpg,0,0.1187744140625,3,1,0.02,0.5
/content/drive/MyDrive/CV_Project/datasets/casia2/images/CASIA2.0_revised/Au/Au_arc_30250.jpg,0,0.03167724609375,3,1,0.02,0.5
/content/drive/MyDrive/CV_Project/datasets/casia2/images/CASIA2.0_revised/Au/Au_arc_30251.jpg,0,0.0,3,1,0.02,0.5
/content/drive/MyDrive/CV_Project/datasets/casia2/images/CASIA2.0_revised/Au/Au_arc_30252.jpg,0,0.36962890625,3,1,0.02,0.5
/content/drive/MyDrive/CV_Project/datasets/casia2/images/CASIA2.0_revised/Au/Au_arc_30253.jpg,0,0.1841328938802083,3,1,0.02,0.5
/content/drive/MyDrive/CV_Project/datasets/casia2/images/CASIA2.0_revised/Au/Au_arc_30254.jpg,0,0.1699015299479166,3,1,0.02,0.5
/content/drive/MyDrive/CV_Project/datasets/casia2/images/CASIA2.0_revised/Au/Au_arc_30255.jpg,0,0.5724080403645834,3,1,0.02,0.5
/content/drive/MyDrive/CV_Project/datasets/casia2/images/CASIA2.0_revised/Au/Au_arc_30256.jpg,0,0.4277140299479167,3,1,0.02,0.5
/content/drive/MyDrive/CV_Project/datasets/casia2/images/CASIA2.0_revised/Au/Au_arc_30257.jpg,0,0.0,3,1,0.02,0.5
/content/drive/MyDrive/CV_Project/datasets/casia2/images/CASIA2.0_revised/Au/Au_arc_30258.jpg,0,0.0728556315104166,3,1,0.02,0.5
/content/drive/MyDrive/CV_Project/datasets/casia2/images/CASIA2.0_revised/Au/Au_arc_30259.jpg,0,0.1805318196614583,3,1,0.02,0.5
/content/drive/MyDrive/CV_Project/datasets/casia2/images/CASIA2.0_revised/Au/Au_arc_30260.jpg,0,0.1942647298177083,3,1,0.02,0.5
/content/drive/MyDrive/CV_Project/datasets/casia2/images/CASIA2.0_revised/Au/Au_arc_30261.jpg,0,0.1004231770833333,3,1,0.02,0.5
/content/drive/MyDrive/CV_Project/datasets/casia2/images/CASIA2.0_revised/Au/Au_arc_30262.jpg,0,0.4167582194010417,3,1,0.02,0.5
/content/drive/MyDrive/CV_Project/datasets/casia2/images/CASIA2.0_revised/Au/Au_arc_30263.jpg,0,0.022796630859375,3,1,0.02,0.5
/content/drive/MyDrive/CV_Project/datasets/casia2/images/CASIA2.0_revised/Au/Au_arc_30264.jpg,0,0.1814371744791666,3,1,0.02,0.5
/content/drive/MyDrive/CV_Project/datasets/casia2/images/CASIA2.0_revised/Au/Au_arc_30265.jpg,0,0.9633890787760416,3,1,0.02,0.5
/content/drive/MyDrive/CV_Project/datasets/casia2/images/CASIA2.0_revised/Au/Au_arc_30266.jpg,0,0.078887939453125,3,1,0.02,0.5
/content/drive/MyDrive/CV_Project/datasets/casia2/images/CASIA2.0_revised/Au/Au_arc_30267.jpg,0,0.0,3,1,0.02,0.5
/content/drive/MyDrive/CV_Project/datasets/casia2/images/CASIA2.0_revised/Au/Au_arc_30268.jpg,0,0.6317036946614584,3,1,0.02,0.5
/content/drive/MyDrive/CV_Project/datasets/casia2/images/CASIA2.0_revised/Au/Au_arc_30269.jpg,0,0.0416463216145833,3,1,0.02,0.5
/content/drive/MyDrive/CV_Project/datasets/casia2/images/CASIA2.0_revised/Au/Au_arc_30270.jpg,0,0.0414021809895833,3,1,0.02,0.5
/content/drive/MyDrive/CV_Project/datasets/casia2/images/CASIA2.0_revised/Au/Au_arc_30271.jpg,0,0.0,3,1,0.02,0.5
/content/drive/MyDrive/CV_Project/datasets/casia2/images/CASIA2.0_revised/Au/Au_arc_30272.jpg,0,0.024688720703125,3,1,0.02,0.5
/content/drive/MyDrive/CV_Project/datasets/casia2/images/CASIA2.0_revised/Au/Au_arc_30273.jpg,0,0.048980712890625,3,1,0.02,0.5
/content/drive/MyDrive/CV_Project/datasets/casia2/images/CASIA2.0_revised/Au/Au_arc_30274.jpg,0,0.0618896484375,3,1,0.02,0.5
/content/drive/MyDrive/CV_Project/datasets/casia2/images/CASIA2.0_revised/Au/Au_arc_30275.jpg,0,0.3977762858072917,3,1,0.02,0.5
/content/drive/MyDrive/CV_Project/datasets/casia2/images/CASIA2.0_revised/Au/Au_arc_30276.jpg,0,0.1683451334635416,3,1,0.02,0.5
/content/drive/MyDrive/CV_Project/datasets/casia2/images/CASIA2.0_revised/Au/Au_arc_30277.jpg,0,0.5828145345052084,3,1,0.02,0.5
/content/drive/MyDrive/CV_Project/datasets/casia2/images/CASIA2.0_revised/Au/Au_arc_30278.jpg,0,0.1644083658854166,3,1,0.02,0.5
/content/drive/MyDrive/CV_Project/datasets/casia2/images/CASIA2.0_revised/Au/Au_arc_30279.jpg,0,0.1721089680989583,3,1,0.02,0.5
/content/drive/MyDrive/CV_Project/datasets/casia2/images/CASIA2.0_revised/Au/Au_arc_30280.jpg,0,0.2006022135416666,3,1,0.02,0.5
/content/drive/MyDrive/CV_Project/datasets/casia2/images/CASIA2.0_revised/Au/Au_arc_30281.jpg,0,0.0825907389322916,3,1,0.02,0.5
/content/drive/MyDrive/CV_Project/datasets/casia2/images/CASIA2.0_revised/Au/Au_arc_30282.jpg,0,0.1858011881510416,3,1,0.02,0.5
/content/drive/MyDrive/CV_Project/datasets/casia2/images/CASIA2.0_revised/Au/Au_arc_30283.jpg,0,0.2007649739583333,3,1,0.02,0.5
/content/drive/MyDrive/CV_Project/datasets/casia2/images/CASIA2.0_revised/Au/Au_arc_30284.jpg,0,0.4682718912760417,3,1,0.02,0.5
/content/drive/MyDrive/CV_Project/datasets/casia2/images/CASIA2.0_revised/Au/Au_arc_30285.jpg,0,0.6247762044270834,3,1,0.02,0.5
/content/drive/MyDrive/CV_Project/datasets/casia2/images/CASIA2.0_revised/Au/Au_arc_30286.jpg,0,0.1614990234375,3,1,0.02,0.5
/content/drive/MyDrive/CV_Project/datasets/casia2/images/CASIA2.0_revised/Au/Au_arc_30287.jpg,0,0.3273417154947917,3,1,0.02,0.5
/content/drive/MyDrive/CV_Project/datasets/casia2/images/CASIA2.0_revised/Au/Au_arc_30288.jpg,0,0.3843180338541667,3,1,0.02,0.5
/content/drive/MyDrive/CV_Project/datasets/casia2/images/CASIA2.0_revised/Au/Au_arc_30289.jpg,0,0.1025288899739583,3,1,0.02,0.5
/content/drive/MyDrive/CV_Project/datasets/casia2/images/CASIA2.0_revised/Au/Au_arc_30290.jpg,0,0.0880228678385416,3,1,0.02,0.5
/content/drive/MyDrive/CV_Project/datasets/casia2/images/CASIA2.0_revised/Au/Au_arc_30291.jpg,0,0.1266988118489583,3,1,0.02,0.5
/content/drive/MyDrive/CV_Project/datasets/casia2/images/CASIA2.0_revised/Au/Au_arc_30292.jpg,0,0.0,3,1,0.02,0.5
/content/drive/MyDrive/CV_Project/datasets/casia2/images/CASIA2.0_revised/Au/Au_arc_30293.jpg,0,0.0353190104166666,3,1,0.02,0.5
/content/drive/MyDrive/CV_Project/datasets/casia2/images/CASIA2.0_revised/Au/Au_arc_30294.jpg,0,0.0957539876302083,3,1,0.02,0.5
/content/drive/MyDrive/CV_Project/datasets/casia2/images/CASIA2.0_revised/Au/Au_arc_30295.jpg,0,0.1714274088541666,3,1,0.02,0.5
/content/drive/MyDrive/CV_Project/datasets/casia2/images/CASIA2.0_revised/Au/Au_arc_30296.jpg,0,0.2934061686197917,3,1,0.02,0.5
/content/drive/MyDrive/CV_Project/datasets/casia2/images/CASIA2.0_revised/Au/Au_arc_30297.jpg,0,0.0,3,1,0.02,0.5
/content/drive/MyDrive/CV_Project/datasets/casia2/images/CASIA2.0_revised/Au/Au_arc_30298.jpg,0,0.2359517415364583,3,1,0.02,0.5
/content/drive/MyDrive/CV_Project/datasets/casia2/images/CASIA2.0_revised/Au/Au_arc_30299.jpg,0,0.0562337239583333,3,1,0.02,0.5
/content/drive/MyDrive/CV_Project/datasets/casia2/images/CASIA2.0_revised/Au/Au_arc_30300.jpg,0,0.0,3,1,0.02,0.5
/content/drive/MyDrive/CV_Project/datasets/casia2/images/CASIA2.0_revised/Au/Au_arc_30301.jpg,0,0.0,3,1,0.02,0.5
/content/drive/MyDrive/CV_Project/datasets/casia2/images/CASIA2.0_revised/Au/Au_arc_30302.jpg,0,0.0467732747395833,3,1,0.02,0.5
/content/drive/MyDrive/CV_Project/datasets/casia2/images/CASIA2.0_revised/Au/Au_arc_30303.jpg,0,0.2196451822916666,3,1,0.02,0.5
/content/drive/MyDrive/CV_Project/datasets/casia2/images/CASIA2.0_revised/Au/Au_arc_30304.jpg,0,0.094024658203125,3,1,0.02,0.5
/content/drive/MyDrive/CV_Project/datasets/casia2/images/CASIA2.0_revised/Au/Au_arc_30305.jpg,0,0.0253702799479166,3,1,0.02,0.5
/content/drive/MyDrive/CV_Project/datasets/casia2/images/CASIA2.0_revised/Au/Au_arc_30306.jpg,0,0.29376220703125,3,1,0.02,0.5
/content/drive/MyDrive/CV_Project/datasets/casia2/images/CASIA2.0_revised/Au/Au_arc_30307.jpg,0,0.0,3,1,0.02,0.5
/content/drive/MyDrive/CV_Project/datasets/casia2/images/CASIA2.0_revised/Au/Au_arc_30308.jpg,0,0.0,3,1,0.02,0.5
/content/drive/MyDrive/CV_Project/datasets/casia2/images/CASIA2.0_revised/Au/Au_arc_30309.jpg,0,0.0,3,1,0.02,0.5
/content/drive/MyDrive/CV_Project/datasets/casia2/images/CASIA2.0_revised/Au/Au_arc_30310.jpg,0,0.241302490234375,3,1,0.02,0.5
/content/drive/MyDrive/CV_Project/datasets/casia2/images/CASIA2.0_revised/Au/Au_arc_30311.jpg,0,0.2303873697916666,3,1,0.02,0.5
/content/drive/MyDrive/CV_Project/datasets/casia2/images/CASIA2.0_revised/Au/Au_arc_30312.jpg,0,0.3193766276041667,3,1,0.02,0.5
/content/drive/MyDrive/CV_Project/datasets/casia2/images/CASIA2.0_revised/Au/Au_arc_30313.jpg,0,0.5204671223958334,3,1,0.02,0.5
/content/drive/MyDrive/CV_Project/datasets/casia2/images/CASIA2.0_revised/Au/Au_arc_30314.jpg,0,0.3147074381510417,3,1,0.02,0.5
/content/drive/MyDrive/CV_Project/datasets/casia2/images/CASIA2.0_revised/Au/Au_arc_30315.jpg,0,0.164031982421875,3,1,0.02,0.5
/content/drive/MyDrive/CV_Project/datasets/casia2/images/CASIA2.0_revised/Au/Au_arc_30316.jpg,0,0.033782958984375,3,1,0.02,0.5
/content/drive/MyDrive/CV_Project/datasets/casia2/images/CASIA2.0_revised/Au/Au_arc_30317.jpg,0,0.3336181640625,3,1,0.02,0.5
/content/drive/MyDrive/CV_Project/datasets/casia2/images/CASIA2.0_revised/Au/Au_arc_30318.jpg,0,0.4298197428385417,3,1,0.02,0.5
/content/drive/MyDrive/CV_Project/datasets/casia2/images/CASIA2.0_revised/Au/Au_arc_30319.jpg,0,0.209625244140625,3,1,0.02,0.5
/content/drive/MyDrive/CV_Project/datasets/casia2/images/CASIA2.0_revised/Au/Au_arc_30320.jpg,0,0.12982177734375,3,1,0.02,0.5
/content/drive/MyDrive/CV_Project/datasets/casia2/images/CASIA2.0_revised/Au/Au_arc_30321.jpg,0,0.4833984375,3,1,0.02,0.5
/content/drive/MyDrive/CV_Project/datasets/casia2/images/CASIA2.0_revised/Au/Au_arc_30322.jpg,0,0.21881103515625,3,1,0.02,0.5
/content/drive/MyDrive/CV_Project/datasets/casia2/images/CASIA2.0_revised/Au/Au_arc_30323.jpg,0,0.1115519205729166,3,1,0.02,0.5
/content/drive/MyDrive/CV_Project/datasets/casia2/images/CASIA2.0_revised/Au/Au_arc_30324.jpg,0,0.0448710123697916,3,1,0.02,0.5
/content/drive/MyDrive/CV_Project/datasets/casia2/images/CASIA2.0_revised/Au/Au_arc_30325.jpg,0,0.0462849934895833,3,1,0.02,0.5
/content/drive/MyDrive/CV_Project/datasets/casia2/images/CASIA2.0_revised/Au/Au_arc_30326.jpg,0,0.3097941080729167,3,1,0.02,0.5
/content/drive/MyDrive/CV_Project/datasets/casia2/images/CASIA2.0_revised/Au/Au_arc_30327.jpg,0,0.2579243977864583,3,1,0.02,0.5
/content/drive/MyDrive/CV_Project/datasets/casia2/images/CASIA2.0_revised/Au/Au_arc_30328.jpg,0,0.0637105305989583,3,1,0.02,0.5
/content/drive/MyDrive/CV_Project/datasets/casia2/images/CASIA2.0_revised/Au/Au_arc_30329.jpg,0,0.5609334309895834,3,1,0.02,0.5
/content/drive/MyDrive/CV_Project/datasets/casia2/images/CASIA2.0_revised/Au/Au_arc_30330.jpg,0,0.3036295572916667,3,1,0.02,0.5
/content/drive/MyDrive/CV_Project/datasets/casia2/images/CASIA2.0_revised/Au/Au_arc_30331.jpg,0,0.0425008138020833,3,1,0.02,0.5
/content/drive/MyDrive/CV_Project/datasets/casia2/images/CASIA2.0_revised/Au/Au_arc_30332.jpg,0,0.351226806640625,3,1,0.02,0.5
/content/drive/MyDrive/CV_Project/datasets/casia2/images/CASIA2.0_revised/Au/Au_arc_30333.jpg,0,0.2718098958333333,3,1,0.02,0.5
/content/drive/MyDrive/CV_Project/datasets/casia2/images/CASIA2.0_revised/Au/Au_arc_30334.jpg,0,0.0524393717447916,3,1,0.02,0.5
/content/drive/MyDrive/CV_Project/datasets/casia2/images/CASIA2.0_revised/Au/Au_arc_30335.jpg,0,0.5099589029947916,3,1,0.02,0.5
/content/drive/MyDrive/CV_Project/datasets/casia2/images/CASIA2.0_revised/Au/Au_arc_30336.jpg,0,0.3280537923177083,3,1,0.02,0.5
/content/drive/MyDrive/CV_Project/datasets/casia2/images/CASIA2.0_revised/Au/Au_arc_30337.jpg,0,0.0,3,1,0.02,0.5
/content/drive/MyDrive/CV_Project/datasets/casia2/images/CASIA2.0_revised/Au/Au_arc_30338.jpg,0,0.153778076171875,3,1,0.02,0.5
/content/drive/MyDrive/CV_Project/datasets/casia2/images/CASIA2.0_revised/Au/Au_arc_30339.jpg,0,0.0767415364583333,3,1,0.02,0.5
/content/drive/MyDrive/CV_Project/datasets/casia2/images/CASIA2.0_revised/Au/Au_arc_30340.jpg,0,0.284454345703125,3,1,0.02,0.5
/content/drive/MyDrive/CV_Project/datasets/casia2/images/CASIA2.0_revised/Au/Au_arc_30341.jpg,0,0.2675882975260417,3,1,0.02,0.5
/content/drive/MyDrive/CV_Project/datasets/casia2/images/CASIA2.0_revised/Au/Au_arc_30342.jpg,0,0.3750813802083333,3,1,0.02,0.5
/content/drive/MyDrive/CV_Project/datasets/casia2/images/CASIA2.0_revised/Au/Au_arc_30343.jpg,0,0.5014546712239584,3,1,0.02,0.5
/content/drive/MyDrive/CV_Project/datasets/casia2/images/CASIA2.0_revised/Au/Au_arc_30344.jpg,0,0.535552978515625,3,1,0.02,0.5
/content/drive/MyDrive/CV_Project/datasets/casia2/images/CASIA2.0_revised/Au/Au_arc_30345.jpg,0,0.3502095540364583,3,1,0.02,0.5
/content/drive/MyDrive/CV_Project/datasets/casia2/images/CASIA2.0_revised/Au/Au_arc_30346.jpg,0,0.2588704427083333,3,1,0.02,0.5
/content/drive/MyDrive/CV_Project/datasets/casia2/images/CASIA2.0_revised/Au/Au_arc_30347.jpg,0,0.1772664388020833,3,1,0.02,0.5
/content/drive/MyDrive/CV_Project/datasets/casia2/images/CASIA2.0_revised/Au/Au_arc_30348.jpg,0,0.0420125325520833,3,1,0.02,0.5
/content/drive/MyDrive/CV_Project/datasets/casia2/images/CASIA2.0_revised/Au/Au_arc_30349.jpg,0,0.0679423014322916,3,1,0.02,0.5
/content/drive/MyDrive/CV_Project/datasets/casia2/images/CASIA2.0_revised/Au/Au_arc_30350.jpg,0,0.1923014322916666,3,1,0.02,0.5
/content/drive/MyDrive/CV_Project/datasets/casia2/images/CASIA2.0_revised/Au/Au_arc_30351.jpg,0,0.1803181966145833,3,1,0.02,0.5
/content/drive/MyDrive/CV_Project/datasets/casia2/images/CASIA2.0_revised/Au/Au_arc_30352.jpg,0,0.2359720865885416,3,1,0.02,0.5
/content/drive/MyDrive/CV_Project/datasets/casia2/images/CASIA2.0_revised/Au/Au_arc_30353.jpg,0,0.24310302734375,3,1,0.02,0.5
/content/drive/MyDrive/CV_Project/datasets/casia2/images/CASIA2.0_revised/Au/Au_arc_30354.jpg,0,0.2597147623697917,3,1,0.02,0.5
/content/drive/MyDrive/CV_Project/datasets/casia2/images/CASIA2.0_revised/Au/Au_arc_30355.jpg,0,0.30352783203125,3,1,0.02,0.5
/content/drive/MyDrive/CV_Project/datasets/casia2/images/CASIA2.0_revised/Au/Au_arc_30356.jpg,0,0.4315287272135417,3,1,0.02,0.5
/content/drive/MyDrive/CV_Project/datasets/casia2/images/CASIA2.0_revised/Au/Au_arc_30357.jpg,0,0.1769510904947916,3,1,0.02,0.5
/content/drive/MyDrive/CV_Project/datasets/casia2/images/CASIA2.0_revised/Au/Au_arc_30358.jpg,0,0.266204833984375,3,1,0.02,0.5
/content/drive/MyDrive/CV_Project/datasets/casia2/images/CASIA2.0_revised/Au/Au_arc_30359.jpg,0,0.1152852376302083,3,1,0.02,0.5
/content/drive/MyDrive/CV_Project/datasets/casia2/images/CASIA2.0_revised/Au/Au_arc_30360.jpg,0,0.0692647298177083,3,1,0.02,0.5
/content/drive/MyDrive/CV_Project/datasets/casia2/images/CASIA2.0_revised/Au/Au_arc_30361.jpg,0,0.0768025716145833,3,1,0.02,0.5
/content/drive/MyDrive/CV_Project/datasets/casia2/images/CASIA2.0_revised/Au/Au_arc_30362.jpg,0,0.4392496744791667,3,1,0.02,0.5
/content/drive/MyDrive/CV_Project/datasets/casia2/images/CASIA2.0_revised/Au/Au_arc_30363.jpg,0,0.4841512044270833,3,1,0.02,0.5
/content/drive/MyDrive/CV_Project/datasets/casia2/images/CASIA2.0_revised/Au/Au_arc_30364.jpg,0,0.32330322265625,3,1,0.02,0.5
/content/drive/MyDrive/CV_Project/datasets/casia2/images/CASIA2.0_revised/Au/Au_arc_30365.jpg,0,0.0,3,1,0.02,0.5
/content/drive/MyDrive/CV_Project/datasets/casia2/images/CASIA2.0_revised/Au/Au_arc_30366.jpg,0,0.4087626139322917,3,1,0.02,0.5
/content/drive/MyDrive/CV_Project/datasets/casia2/images/CASIA2.0_revised/Au/Au_arc_30367.jpg,0,0.5099995930989584,3,1,0.02,0.5
/content/drive/MyDrive/CV_Project/datasets/casia2/images/CASIA2.0_revised/Au/Au_arc_30368.jpg,0,0.3938395182291667,3,1,0.02,0.5
/content/drive/MyDrive/CV_Project/datasets/casia2/images/CASIA2.0_revised/Au/Au_arc_30369.jpg,0,0.3939412434895833,3,1,0.02,0.5
/content/drive/MyDrive/CV_Project/datasets/casia2/images/CASIA2.0_revised/Au/Au_arc_30370.jpg,0,0.1958821614583333,3,1,0.02,0.5
/content/drive/MyDrive/CV_Project/datasets/casia2/images/CASIA2.0_revised/Au/Au_arc_30371.jpg,0,0.6203715006510416,3,1,0.02,0.5
/content/drive/MyDrive/CV_Project/datasets/casia2/images/CASIA2.0_revised/Au/Au_arc_30372.jpg,0,0.4765625,3,1,0.02,0.5
/content/drive/MyDrive/CV_Project/datasets/casia2/images/CASIA2.0_revised/Au/Au_arc_30373.jpg,0,0.2494913736979166,3,1,0.02,0.5
/content/drive/MyDrive/CV_Project/datasets/casia2/images/CASIA2.0_revised/Au/Au_arc_30374.jpg,0,0.6176554361979166,3,1,0.02,0.5
/content/drive/MyDrive/CV_Project/datasets/casia2/images/CASIA2.0_revised/Au/Au_arc_30375.jpg,0,0.2436319986979166,3,1,0.02,0.5
/content/drive/MyDrive/CV_Project/datasets/casia2/images/CASIA2.0_revised/Au/Au_arc_30376.jpg,0,0.0,3,1,0.02,0.5
/content/drive/MyDrive/CV_Project/datasets/casia2/images/CASIA2.0_revised/Au/Au_arc_30377.jpg,0,0.487091064453125,3,1,0.02,0.5
/content/drive/MyDrive/CV_Project/datasets/casia2/images/CASIA2.0_revised/Au/Au_arc_30378.jpg,0,0.6979573567708334,3,1,0.02,0.5
/content/drive/MyDrive/CV_Project/datasets/casia2/images/CASIA2.0_revised/Au/Au_arc_30379.jpg,0,0.6385904947916666,3,1,0.02,0.5
/content/drive/MyDrive/CV_Project/datasets/casia2/images/CASIA2.0_revised/Au/Au_arc_30380.jpg,0,0.4226175944010417,3,1,0.02,0.5
/content/drive/MyDrive/CV_Project/datasets/casia2/images/CASIA2.0_revised/Au/Au_arc_30381.jpg,0,0.5215861002604166,3,1,0.02,0.5
/content/drive/MyDrive/CV_Project/datasets/casia2/images/CASIA2.0_revised/Au/Au_arc_30382.jpg,0,0.3317667643229167,3,1,0.02,0.5
/content/drive/MyDrive/CV_Project/datasets/casia2/images/CASIA2.0_revised/Au/Au_arc_30383.jpg,0,0.598236083984375,3,1,0.02,0.5
/content/drive/MyDrive/CV_Project/datasets/casia2/images/CASIA2.0_revised/Au/Au_arc_30384.jpg,0,0.4875284830729167,3,1,0.02,0.5
/content/drive/MyDrive/CV_Project/datasets/casia2/images/CASIA2.0_revised/Au/Au_arc_30385.jpg,0,0.2553914388020833,3,1,0.02,0.5
/content/drive/MyDrive/CV_Project/datasets/casia2/images/CASIA2.0_revised/Au/Au_arc_30386.jpg,0,0.5780029296875,3,1,0.02,0.5
/content/drive/MyDrive/CV_Project/datasets/casia2/images/CASIA2.0_revised/Au/Au_arc_30387.jpg,0,0.0,3,1,0.02,0.5
/content/drive/MyDrive/CV_Project/datasets/casia2/images/CASIA2.0_revised/Au/Au_arc_30388.jpg,0,0.1846415201822916,3,1,0.02,0.5
/content/drive/MyDrive/CV_Project/datasets/casia2/images/CASIA2.0_revised/Au/Au_arc_30389.jpg,0,0.024658203125,3,1,0.02,0.5
/content/drive/MyDrive/CV_Project/datasets/casia2/images/CASIA2.0_revised/Au/Au_arc_30390.jpg,0,0.0311279296875,3,1,0.02,0.5
/content/drive/MyDrive/CV_Project/datasets/casia2/images/CASIA2.0_revised/Au/Au_arc_30391.jpg,0,0.2047831217447916,3,1,0.02,0.5
/content/drive/MyDrive/CV_Project/datasets/casia2/images/CASIA2.0_revised/Au/Au_arc_30392.jpg,0,0.2920125325520833,3,1,0.02,0.5
/content/drive/MyDrive/CV_Project/datasets/casia2/images/CASIA2.0_revised/Au/Au_arc_30393.jpg,0,0.070892333984375,3,1,0.02,0.5
/content/drive/MyDrive/CV_Project/datasets/casia2/images/CASIA2.0_revised/Au/Au_arc_30394.jpg,0,0.0,3,1,0.02,0.5
/content/drive/MyDrive/CV_Project/datasets/casia2/images/CASIA2.0_revised/Au/Au_arc_30395.jpg,0,0.0789693196614583,3,1,0.02,0.5
/content/drive/MyDrive/CV_Project/datasets/casia2/images/CASIA2.0_revised/Au/Au_arc_30396.jpg,0,0.0,3,1,0.02,0.5
/content/drive/MyDrive/CV_Project/datasets/casia2/images/CASIA2.0_revised/Au/Au_arc_30397.jpg,0,0.1015828450520833,3,1,0.02,0.5
/content/drive/MyDrive/CV_Project/datasets/casia2/images/CASIA2.0_revised/Au/Au_arc_30398.jpg,0,0.5456339518229166,3,1,0.02,0.5
/content/drive/MyDrive/CV_Project/datasets/casia2/images/CASIA2.0_revised/Au/Au_arc_30399.jpg,0,0.4874776204427083,3,1,0.02,0.5
/content/drive/MyDrive/CV_Project/datasets/casia2/images/CASIA2.0_revised/Au/Au_arc_30400.jpg,0,0.0760904947916666,3,1,0.02,0.5
/content/drive/MyDrive/CV_Project/datasets/casia2/images/CASIA2.0_revised/Au/Au_arc_30401.jpg,0,0.2887369791666667,3,1,0.02,0.5
/content/drive/MyDrive/CV_Project/datasets/casia2/images/CASIA2.0_revised/Au/Au_arc_30402.jpg,0,0.54901123046875,3,1,0.02,0.5
/content/drive/MyDrive/CV_Project/datasets/casia2/images/CASIA2.0_revised/Au/Au_arc_30403.jpg,0,0.1962076822916666,3,1,0.02,0.5
/content/drive/MyDrive/CV_Project/datasets/casia2/images/CASIA2.0_revised/Au/Au_arc_30404.jpg,0,0.263824462890625,3,1,0.02,0.5
/content/drive/MyDrive/CV_Project/datasets/casia2/images/CASIA2.0_revised/Au/Au_arc_30405.jpg,0,0.0373738606770833,3,1,0.02,0.5
/content/drive/MyDrive/CV_Project/datasets/casia2/images/CASIA2.0_revised/Au/Au_arc_30406.jpg,0,0.3618570963541667,3,1,0.02,0.5
/content/drive/MyDrive/CV_Project/datasets/casia2/images/CASIA2.0_revised/Au/Au_arc_30407.jpg,0,0.1479085286458333,3,1,0.02,0.5
/content/drive/MyDrive/CV_Project/datasets/casia2/images/CASIA2.0_revised/Au/Au_arc_30408.jpg,0,0.162628173828125,3,1,0.02,0.5
/content/drive/MyDrive/CV_Project/datasets/casia2/images/CASIA2.0_revised/Au/Au_arc_30409.jpg,0,0.208953857421875,3,1,0.02,0.5
/content/drive/MyDrive/CV_Project/datasets/casia2/images/CASIA2.0_revised/Au/Au_arc_30410.jpg,0,0.0807291666666666,3,1,0.02,0.5
/content/drive/MyDrive/CV_Project/datasets/casia2/images/CASIA2.0_revised/Au/Au_arc_30411.jpg,0,0.14312744140625,3,1,0.02,0.5
/content/drive/MyDrive/CV_Project/datasets/casia2/images/CASIA2.0_revised/Au/Au_arc_30412.jpg,0,0.0673726399739583,3,1,0.02,0.5
/content/drive/MyDrive/CV_Project/datasets/casia2/images/CASIA2.0_revised/Au/Au_arc_30413.jpg,0,0.917938232421875,3,1,0.02,0.5
/content/drive/MyDrive/CV_Project/datasets/casia2/images/CASIA2.0_revised/Au/Au_arc_30414.jpg,0,0.1884969075520833,3,1,0.02,0.5
/content/drive/MyDrive/CV_Project/datasets/casia2/images/CASIA2.0_revised/Au/Au_arc_30415.jpg,0,0.1696065266927083,3,1,0.02,0.5
/content/drive/MyDrive/CV_Project/datasets/casia2/images/CASIA2.0_revised/Au/Au_arc_30416.jpg,0,0.506744384765625,3,1,0.02,0.5
/content/drive/MyDrive/CV_Project/datasets/casia2/images/CASIA2.0_revised/Au/Au_arc_30417.jpg,0,0.3726603190104167,3,1,0.02,0.5
/content/drive/MyDrive/CV_Project/datasets/casia2/images/CASIA2.0_revised/Au/Au_arc_30418.jpg,0,0.2929890950520833,3,1,0.02,0.5
/content/drive/MyDrive/CV_Project/datasets/casia2/images/CASIA2.0_revised/Au/Au_arc_30419.jpg,0,0.0,3,1,0.02,0.5
/content/drive/MyDrive/CV_Project/datasets/casia2/images/CASIA2.0_revised/Au/Au_arc_30420.jpg,0,0.1988932291666666,3,1,0.02,0.5
/content/drive/MyDrive/CV_Project/datasets/casia2/images/CASIA2.0_revised/Au/Au_arc_30421.jpg,0,0.4830322265625,3,1,0.02,0.5
/content/drive/MyDrive/CV_Project/datasets/casia2/images/CASIA2.0_revised/Au/Au_arc_30422.jpg,0,0.1190287272135416,3,1,0.02,0.5
/content/drive/MyDrive/CV_Project/datasets/casia2/images/CASIA2.0_revised/Au/Au_arc_30423.jpg,0,0.2301839192708333,3,1,0.02,0.5
/content/drive/MyDrive/CV_Project/datasets/casia2/images/CASIA2.0_revised/Au/Au_arc_30424.jpg,0,0.236236572265625,3,1,0.02,0.5
/content/drive/MyDrive/CV_Project/datasets/casia2/images/CASIA2.0_revised/Au/Au_arc_30425.jpg,0,0.18157958984375,3,1,0.02,0.5
/content/drive/MyDrive/CV_Project/datasets/casia2/images/CASIA2.0_revised/Au/Au_arc_30426.jpg,0,0.1565348307291666,3,1,0.02,0.5
/content/drive/MyDrive/CV_Project/datasets/casia2/images/CASIA2.0_revised/Au/Au_arc_30427.jpg,0,0.0,3,1,0.02,0.5
/content/drive/MyDrive/CV_Project/datasets/casia2/images/CASIA2.0_revised/Au/Au_arc_30428.jpg,0,0.25201416015625,3,1,0.02,0.5
/content/drive/MyDrive/CV_Project/datasets/casia2/images/CASIA2.0_revised/Au/Au_arc_30429.jpg,0,0.1890055338541666,3,1,0.02,0.5
/content/drive/MyDrive/CV_Project/datasets/casia2/images/CASIA2.0_revised/Au/Au_arc_30430.jpg,0,0.0,3,1,0.02,0.5
/content/drive/MyDrive/CV_Project/datasets/casia2/images/CASIA2.0_revised/Au/Au_arc_30431.jpg,0,0.5839640299479166,3,1,0.02,0.5
/content/drive/MyDrive/CV_Project/datasets/casia2/images/CASIA2.0_revised/Au/Au_arc_30432.jpg,0,0.0750020345052083,3,1,0.02,0.5
/content/drive/MyDrive/CV_Project/datasets/casia2/images/CASIA2.0_revised/Au/Au_arc_30433.jpg,0,0.1750386555989583,3,1,0.02,0.5
/content/drive/MyDrive/CV_Project/datasets/casia2/images/CASIA2.0_revised/Au/Au_arc_30434.jpg,0,0.2643025716145833,3,1,0.02,0.5
/content/drive/MyDrive/CV_Project/datasets/casia2/images/CASIA2.0_revised/Au/Au_arc_30435.jpg,0,0.629486083984375,3,1,0.02,0.5
/content/drive/MyDrive/CV_Project/datasets/casia2/images/CASIA2.0_revised/Au/Au_arc_30436.jpg,0,0.3922526041666667,3,1,0.02,0.5
/content/drive/MyDrive/CV_Project/datasets/casia2/images/CASIA2.0_revised/Au/Au_arc_30437.jpg,0,0.2641092936197917,3,1,0.02,0.5
/content/drive/MyDrive/CV_Project/datasets/casia2/images/CASIA2.0_revised/Au/Au_arc_30438.jpg,0,0.3138326009114583,3,1,0.02,0.5
/content/drive/MyDrive/CV_Project/datasets/casia2/images/CASIA2.0_revised/Au/Au_arc_30439.jpg,0,0.1511637369791666,3,1,0.02,0.5
/content/drive/MyDrive/CV_Project/datasets/casia2/images/CASIA2.0_revised/Au/Au_arc_30440.jpg,0,0.0748087565104166,3,1,0.02,0.5
/content/drive/MyDrive/CV_Project/datasets/casia2/images/CASIA2.0_revised/Au/Au_arc_30441.jpg,0,0.404144287109375,3,1,0.02,0.5
/content/drive/MyDrive/CV_Project/datasets/casia2/images/CASIA2.0_revised/Au/Au_arc_30442.jpg,0,0.2508341471354167,3,1,0.02,0.5
/content/drive/MyDrive/CV_Project/datasets/casia2/images/CASIA2.0_revised/Au/Au_arc_30443.jpg,0,0.092071533203125,3,1,0.02,0.5
/content/drive/MyDrive/CV_Project/datasets/casia2/images/CASIA2.0_revised/Au/Au_arc_30444.jpg,0,0.286163330078125,3,1,0.02,0.5
/content/drive/MyDrive/CV_Project/datasets/casia2/images/CASIA2.0_revised/Au/Au_arc_30445.jpg,0,0.235260009765625,3,1,0.02,0.5
/content/drive/MyDrive/CV_Project/datasets/casia2/images/CASIA2.0_revised/Au/Au_arc_30446.jpg,0,0.489288330078125,3,1,0.02,0.5
/content/drive/MyDrive/CV_Project/datasets/casia2/images/CASIA2.0_revised/Au/Au_arc_30447.jpg,0,0.5489400227864584,3,1,0.02,0.5
/content/drive/MyDrive/CV_Project/datasets/casia2/images/CASIA2.0_revised/Au/Au_arc_30448.jpg,0,0.071746826171875,3,1,0.02,0.5
/content/drive/MyDrive/CV_Project/datasets/casia2/images/CASIA2.0_revised/Au/Au_arc_30449.jpg,0,0.1278788248697916,3,1,0.02,0.5
/content/drive/MyDrive/CV_Project/datasets/casia2/images/CASIA2.0_revised/Au/Au_arc_30450.jpg,0,0.0233866373697916,3,1,0.02,0.5
/content/drive/MyDrive/CV_Project/datasets/casia2/images/CASIA2.0_revised/Au/Au_arc_30451.jpg,0,0.104278564453125,3,1,0.02,0.5
/content/drive/MyDrive/CV_Project/datasets/casia2/images/CASIA2.0_revised/Au/Au_arc_30452.jpg,0,0.0435282389322916,3,1,0.02,0.5
/content/drive/MyDrive/CV_Project/datasets/casia2/images/CASIA2.0_revised/Au/Au_arc_30453.jpg,0,0.3749898274739583,3,1,0.02,0.5
/content/drive/MyDrive/CV_Project/datasets/casia2/images/CASIA2.0_revised/Au/Au_arc_30454.jpg,0,0.1804606119791666,3,1,0.02,0.5
/content/drive/MyDrive/CV_Project/datasets/casia2/images/CASIA2.0_revised/Au/Au_arc_30455.jpg,0,0.1664632161458333,3,1,0.02,0.5
/content/drive/MyDrive/CV_Project/datasets/casia2/images/CASIA2.0_revised/Au/Au_arc_30456.jpg,0,0.2498881022135416,3,1,0.02,0.5
/content/drive/MyDrive/CV_Project/datasets/casia2/images/CASIA2.0_revised/Au/Au_arc_30457.jpg,0,0.10888671875,3,1,0.02,0.5
/content/drive/MyDrive/CV_Project/datasets/casia2/images/CASIA2.0_revised/Au/Au_arc_30458.jpg,0,0.4664103190104167,3,1,0.02,0.5
/content/drive/MyDrive/CV_Project/datasets/casia2/images/CASIA2.0_revised/Au/Au_arc_30459.jpg,0,0.30816650390625,3,1,0.02,0.5
/content/drive/MyDrive/CV_Project/datasets/casia2/images/CASIA2.0_revised/Au/Au_arc_30460.jpg,0,0.0,3,1,0.02,0.5
/content/drive/MyDrive/CV_Project/datasets/casia2/images/CASIA2.0_revised/Au/Au_arc_30461.jpg,0,0.412933349609375,3,1,0.02,0.5
/content/drive/MyDrive/CV_Project/datasets/casia2/images/CASIA2.0_revised/Au/Au_arc_30462.jpg,0,0.0,3,1,0.02,0.5
/content/drive/MyDrive/CV_Project/datasets/casia2/images/CASIA2.0_revised/Au/Au_arc_30463.jpg,0,0.3349609375,3,1,0.02,0.5
/content/drive/MyDrive/CV_Project/datasets/casia2/images/CASIA2.0_revised/Au/Au_arc_30464.jpg,0,0.0,3,1,0.02,0.5
/content/drive/MyDrive/CV_Project/datasets/casia2/images/CASIA2.0_revised/Au/Au_arc_30465.jpg,0,0.2415974934895833,3,1,0.02,0.5
/content/drive/MyDrive/CV_Project/datasets/casia2/images/CASIA2.0_revised/Au/Au_arc_30466.jpg,0,0.2978108723958333,3,1,0.02,0.5
/content/drive/MyDrive/CV_Project/datasets/casia2/images/CASIA2.0_revised/Au/Au_arc_30467.jpg,0,0.3668009440104167,3,1,0.02,0.5
/content/drive/MyDrive/CV_Project/datasets/casia2/images/CASIA2.0_revised/Au/Au_arc_30468.jpg,0,0.4278971354166667,3,1,0.02,0.5
/content/drive/MyDrive/CV_Project/datasets/casia2/images/CASIA2.0_revised/Au/Au_arc_30469.jpg,0,0.32196044921875,3,1,0.02,0.5
/content/drive/MyDrive/CV_Project/datasets/casia2/images/CASIA2.0_revised/Au/Au_arc_30470.jpg,0,0.3835245768229167,3,1,0.02,0.5
/content/drive/MyDrive/CV_Project/datasets/casia2/images/CASIA2.0_revised/Au/Au_arc_30471.jpg,0,0.2492472330729166,3,1,0.02,0.5
/content/drive/MyDrive/CV_Project/datasets/casia2/images/CASIA2.0_revised/Au/Au_arc_30472.jpg,0,0.361785888671875,3,1,0.02,0.5
/content/drive/MyDrive/CV_Project/datasets/casia2/images/CASIA2.0_revised/Au/Au_arc_30473.jpg,0,0.73956298828125,3,1,0.02,0.5
/content/drive/MyDrive/CV_Project/datasets/casia2/images/CASIA2.0_revised/Au/Au_arc_30474.jpg,0,0.4529317220052083,3,1,0.02,0.5
/content/drive/MyDrive/CV_Project/datasets/casia2/images/CASIA2.0_revised/Au/Au_arc_30475.jpg,0,0.03985595703125,3,1,0.02,0.5
/content/drive/MyDrive/CV_Project/datasets/casia2/images/CASIA2.0_revised/Au/Au_arc_30476.jpg,0,0.1208902994791666,3,1,0.02,0.5
/content/drive/MyDrive/CV_Project/datasets/casia2/images/CASIA2.0_revised/Au/Au_arc_30477.jpg,0,0.16339111328125,3,1,0.02,0.5
/content/drive/MyDrive/CV_Project/datasets/casia2/images/CASIA2.0_revised/Au/Au_arc_30478.jpg,0,0.4266866048177083,3,1,0.02,0.5
/content/drive/MyDrive/CV_Project/datasets/casia2/images/CASIA2.0_revised/Au/Au_arc_30479.jpg,0,0.4983927408854167,3,1,0.02,0.5
/content/drive/MyDrive/CV_Project/datasets/casia2/images/CASIA2.0_revised/Au/Au_arc_30480.jpg,0,0.376617431640625,3,1,0.02,0.5
/content/drive/MyDrive/CV_Project/datasets/casia2/images/CASIA2.0_revised/Au/Au_arc_30481.jpg,0,0.3684590657552083,3,1,0.02,0.5
/content/drive/MyDrive/CV_Project/datasets/casia2/images/CASIA2.0_revised/Au/Au_arc_30482.jpg,0,0.8175557454427084,3,1,0.02,0.5
/content/drive/MyDrive/CV_Project/datasets/casia2/images/CASIA2.0_revised/Au/Au_arc_30483.jpg,0,0.23028564453125,3,1,0.02,0.5
/content/drive/MyDrive/CV_Project/datasets/casia2/images/CASIA2.0_revised/Au/Au_arc_30484.jpg,0,0.031036376953125,3,1,0.02,0.5
/content/drive/MyDrive/CV_Project/datasets/casia2/images/CASIA2.0_revised/Au/Au_arc_30485.jpg,0,0.3118489583333333,3,1,0.02,0.5
/content/drive/MyDrive/CV_Project/datasets/casia2/images/CASIA2.0_revised/Au/Au_arc_30486.jpg,0,0.6183980305989584,3,1,0.02,0.5
/content/drive/MyDrive/CV_Project/datasets/casia2/images/CASIA2.0_revised/Au/Au_arc_30487.jpg,0,0.0967610677083333,3,1,0.02,0.5
/content/drive/MyDrive/CV_Project/datasets/casia2/images/CASIA2.0_revised/Au/Au_arc_30488.jpg,0,0.0,3,1,0.02,0.5
/content/drive/MyDrive/CV_Project/datasets/casia2/images/CASIA2.0_revised/Au/Au_arc_30489.jpg,0,0.0,3,1,0.02,0.5
/content/drive/MyDrive/CV_Project/datasets/casia2/images/CASIA2.0_revised/Au/Au_arc_30490.jpg,0,0.0790608723958333,3,1,0.02,0.5
/content/drive/MyDrive/CV_Project/datasets/casia2/images/CASIA2.0_revised/Au/Au_arc_30491.jpg,0,0.0,3,1,0.02,0.5
/content/drive/MyDrive/CV_Project/datasets/casia2/images/CASIA2.0_revised/Au/Au_arc_30492.jpg,0,0.1169942220052083,3,1,0.02,0.5
/content/drive/MyDrive/CV_Project/datasets/casia2/images/CASIA2.0_revised/Au/Au_arc_30493.jpg,0,0.50347900390625,3,1,0.02,0.5
/content/drive/MyDrive/CV_Project/datasets/casia2/images/CASIA2.0_revised/Au/Au_arc_30494.jpg,0,0.0224711100260416,3,1,0.02,0.5
/content/drive/MyDrive/CV_Project/datasets/casia2/images/CASIA2.0_revised/Au/Au_arc_30495.jpg,0,0.4411214192708333,3,1,0.02,0.5
/content/drive/MyDrive/CV_Project/datasets/casia2/images/CASIA2.0_revised/Au/Au_arc_30496.jpg,0,0.0997212727864583,3,1,0.02,0.5
/content/drive/MyDrive/CV_Project/datasets/casia2/images/CASIA2.0_revised/Au/Au_arc_30497.jpg,0,0.161865234375,3,1,0.02,0.5
/content/drive/MyDrive/CV_Project/datasets/casia2/images/CASIA2.0_revised/Au/Au_arc_30498.jpg,0,0.101715087890625,3,1,0.02,0.5
/content/drive/MyDrive/CV_Project/datasets/casia2/images/CASIA2.0_revised/Au/Au_arc_30499.jpg,0,0.3512166341145833,3,1,0.02,0.5
/content/drive/MyDrive/CV_Project/datasets/casia2/images/CASIA2.0_revised/Au/Au_arc_30500.jpg,0,0.4462076822916667,3,1,0.02,0.5
/content/drive/MyDrive/CV_Project/datasets/casia2/images/CASIA2.0_revised/Au/Au_arc_30501.jpg,0,0.4492594401041667,3,1,0.02,0.5
/content/drive/MyDrive/CV_Project/datasets/casia2/images/CASIA2.0_revised/Au/Au_arc_30502.jpg,0,0.5109049479166666,3,1,0.02,0.5
/content/drive/MyDrive/CV_Project/datasets/casia2/images/CASIA2.0_revised/Au/Au_arc_30503.jpg,0,0.0,3,1,0.02,0.5
/content/drive/MyDrive/CV_Project/datasets/casia2/images/CASIA2.0_revised/Au/Au_arc_30504.jpg,0,0.5206400553385416,3,1,0.02,0.5
/content/drive/MyDrive/CV_Project/datasets/casia2/images/CASIA2.0_revised/Au/Au_arc_30505.jpg,0,0.2067667643229166,3,1,0.02,0.5
/content/drive/MyDrive/CV_Project/datasets/casia2/images/CASIA2.0_revised/Au/Au_arc_30506.jpg,0,0.2904866536458333,3,1,0.02,0.5
/content/drive/MyDrive/CV_Project/datasets/casia2/images/CASIA2.0_revised/Au/Au_arc_30507.jpg,0,0.1553548177083333,3,1,0.02,0.5
/content/drive/MyDrive/CV_Project/datasets/casia2/images/CASIA2.0_revised/Au/Au_arc_30508.jpg,0,0.556640625,3,1,0.02,0.5
/content/drive/MyDrive/CV_Project/datasets/casia2/images/CASIA2.0_revised/Au/Au_arc_30509.jpg,0,0.2461954752604166,3,1,0.02,0.5
/content/drive/MyDrive/CV_Project/datasets/casia2/images/CASIA2.0_revised/Au/Au_arc_30510.jpg,0,0.401031494140625,3,1,0.02,0.5
/content/drive/MyDrive/CV_Project/datasets/casia2/images/CASIA2.0_revised/Au/Au_arc_30511.jpg,0,0.285675048828125,3,1,0.02,0.5
/content/drive/MyDrive/CV_Project/datasets/casia2/images/CASIA2.0_revised/Au/Au_arc_30512.jpg,0,0.6257832845052084,3,1,0.02,0.5
/content/drive/MyDrive/CV_Project/datasets/casia2/images/CASIA2.0_revised/Au/Au_arc_30513.jpg,0,0.4845987955729167,3,1,0.02,0.5
/content/drive/MyDrive/CV_Project/datasets/casia2/images/CASIA2.0_revised/Au/Au_arc_30514.jpg,0,0.404571533203125,3,1,0.02,0.5
/content/drive/MyDrive/CV_Project/datasets/casia2/images/CASIA2.0_revised/Au/Au_arc_30515.jpg,0,0.1541035970052083,3,1,0.02,0.5
/content/drive/MyDrive/CV_Project/datasets/casia2/images/CASIA2.0_revised/Au/Au_arc_30516.jpg,0,0.649322509765625,3,1,0.02,0.5
/content/drive/MyDrive/CV_Project/datasets/casia2/images/CASIA2.0_revised/Au/Au_arc_30517.jpg,0,0.33837890625,3,1,0.02,0.5
/content/drive/MyDrive/CV_Project/datasets/casia2/images/CASIA2.0_revised/Au/Au_arc_30518.jpg,0,0.2876790364583333,3,1,0.02,0.5
/content/drive/MyDrive/CV_Project/datasets/casia2/images/CASIA2.0_revised/Au/Au_arc_30519.jpg,0,0.2742106119791667,3,1,0.02,0.5
/content/drive/MyDrive/CV_Project/datasets/casia2/images/CASIA2.0_revised/Au/Au_arc_30520.jpg,0,0.776275634765625,3,1,0.02,0.5
/content/drive/MyDrive/CV_Project/datasets/casia2/images/CASIA2.0_revised/Au/Au_arc_30521.jpg,0,0.0,3,1,0.02,0.5
/content/drive/MyDrive/CV_Project/datasets/casia2/images/CASIA2.0_revised/Au/Au_arc_30522.jpg,0,0.0,3,1,0.02,0.5
/content/drive/MyDrive/CV_Project/datasets/casia2/images/CASIA2.0_revised/Au/Au_arc_30523.jpg,0,0.1243489583333333,3,1,0.02,0.5
/content/drive/MyDrive/CV_Project/datasets/casia2/images/CASIA2.0_revised/Au/Au_arc_30524.jpg,0,0.0736490885416666,3,1,0.02,0.5
/content/drive/MyDrive/CV_Project/datasets/casia2/images/CASIA2.0_revised/Au/Au_arc_30525.jpg,0,0.3609517415364583,3,1,0.02,0.5
/content/drive/MyDrive/CV_Project/datasets/casia2/images/CASIA2.0_revised/Au/Au_arc_30526.jpg,0,0.3183695475260417,3,1,0.02,0.5
/content/drive/MyDrive/CV_Project/datasets/casia2/images/CASIA2.0_revised/Au/Au_arc_30527.jpg,0,0.517333984375,3,1,0.02,0.5
/content/drive/MyDrive/CV_Project/datasets/casia2/images/CASIA2.0_revised/Au/Au_arc_30528.jpg,0,0.7684326171875,3,1,0.02,0.5
/content/drive/MyDrive/CV_Project/datasets/casia2/images/CASIA2.0_revised/Au/Au_arc_30529.jpg,0,0.15594482421875,3,1,0.02,0.5
/content/drive/MyDrive/CV_Project/datasets/casia2/images/CASIA2.0_revised/Au/Au_arc_30530.jpg,0,0.0836385091145833,3,1,0.02,0.5
/content/drive/MyDrive/CV_Project/datasets/casia2/images/CASIA2.0_revised/Au/Au_arc_30531.jpg,0,0.55157470703125,3,1,0.02,0.5
/content/drive/MyDrive/CV_Project/datasets/casia2/images/CASIA2.0_revised/Au/Au_arc_30532.jpg,0,0.3421223958333333,3,1,0.02,0.5
/content/drive/MyDrive/CV_Project/datasets/casia2/images/CASIA2.0_revised/Au/Au_arc_30533.jpg,0,0.47869873046875,3,1,0.02,0.5
/content/drive/MyDrive/CV_Project/datasets/casia2/images/CASIA2.0_revised/Au/Au_arc_30534.jpg,0,0.565338134765625,3,1,0.02,0.5
/content/drive/MyDrive/CV_Project/datasets/casia2/images/CASIA2.0_revised/Au/Au_arc_30535.jpg,0,0.3612162272135417,3,1,0.02,0.5
/content/drive/MyDrive/CV_Project/datasets/casia2/images/CASIA2.0_revised/Au/Au_arc_30536.jpg,0,0.0,3,1,0.02,0.5
/content/drive/MyDrive/CV_Project/datasets/casia2/images/CASIA2.0_revised/Au/Au_arc_30537.jpg,0,0.6159159342447916,3,1,0.02,0.5
/content/drive/MyDrive/CV_Project/datasets/casia2/images/CASIA2.0_revised/Au/Au_arc_30538.jpg,0,0.371002197265625,3,1,0.02,0.5
/content/drive/MyDrive/CV_Project/datasets/casia2/images/CASIA2.0_revised/Au/Au_arc_30539.jpg,0,0.9268290201822916,3,1,0.02,0.5
/content/drive/MyDrive/CV_Project/datasets/casia2/images/CASIA2.0_revised/Au/Au_arc_30540.jpg,0,0.3805745442708333,3,1,0.02,0.5
/content/drive/MyDrive/CV_Project/datasets/casia2/images/CASIA2.0_revised/Au/Au_arc_30541.jpg,0,0.6361287434895834,3,1,0.02,0.5
/content/drive/MyDrive/CV_Project/datasets/casia2/images/CASIA2.0_revised/Au/Au_arc_30542.jpg,0,0.5435994466145834,3,1,0.02,0.5
/content/drive/MyDrive/CV_Project/datasets/casia2/images/CASIA2.0_revised/Au/Au_arc_30543.jpg,0,0.483367919921875,3,1,0.02,0.5
/content/drive/MyDrive/CV_Project/datasets/casia2/images/CASIA2.0_revised/Au/Au_arc_30544.jpg,0,0.5112406412760416,3,1,0.02,0.5
/content/drive/MyDrive/CV_Project/datasets/casia2/images/CASIA2.0_revised/Au/Au_arc_30545.jpg,0,0.3117879231770833,3,1,0.02,0.5
/content/drive/MyDrive/CV_Project/datasets/casia2/images/CASIA2.0_revised/Au/Au_arc_30546.jpg,0,0.5189208984375,3,1,0.02,0.5
/content/drive/MyDrive/CV_Project/datasets/casia2/images/CASIA2.0_revised/Au/Au_arc_30547.jpg,0,0.64599609375,3,1,0.02,0.5
/content/drive/MyDrive/CV_Project/datasets/casia2/images/CASIA2.0_revised/Au/Au_arc_30548.jpg,0,0.5573628743489584,3,1,0.02,0.5
/content/drive/MyDrive/CV_Project/datasets/casia2/images/CASIA2.0_revised/Au/Au_arc_30549.jpg,0,0.4577840169270833,3,1,0.02,0.5
/content/drive/MyDrive/CV_Project/datasets/casia2/images/CASIA2.0_revised/Au/Au_arc_30550.jpg,0,0.3608500162760417,3,1,0.02,0.5
/content/drive/MyDrive/CV_Project/datasets/casia2/images/CASIA2.0_revised/Au/Au_arc_30551.jpg,0,0.0925191243489583,3,1,0.02,0.5
/content/drive/MyDrive/CV_Project/datasets/casia2/images/CASIA2.0_revised/Au/Au_arc_30552.jpg,0,0.6580403645833334,3,1,0.02,0.5
/content/drive/MyDrive/CV_Project/datasets/casia2/images/CASIA2.0_revised/Au/Au_arc_30553.jpg,0,0.28826904296875,3,1,0.02,0.5
/content/drive/MyDrive/CV_Project/datasets/casia2/images/CASIA2.0_revised/Au/Au_arc_30554.jpg,0,0.4580586751302083,3,1,0.02,0.5
/content/drive/MyDrive/CV_Project/datasets/casia2/images/CASIA2.0_revised/Au/Au_arc_30555.jpg,0,0.2032267252604166,3,1,0.02,0.5
/content/drive/MyDrive/CV_Project/datasets/casia2/images/CASIA2.0_revised/Au/Au_arc_30556.jpg,0,0.3568013509114583,3,1,0.02,0.5
/content/drive/MyDrive/CV_Project/datasets/casia2/images/CASIA2.0_revised/Au/Au_arc_30557.jpg,0,0.27923583984375,3,1,0.02,0.5
/content/drive/MyDrive/CV_Project/datasets/casia2/images/CASIA2.0_revised/Au/Au_arc_30558.jpg,0,0.02886962890625,3,1,0.02,0.5
/content/drive/MyDrive/CV_Project/datasets/casia2/images/CASIA2.0_revised/Au/Au_arc_30559.jpg,0,0.1822001139322916,3,1,0.02,0.5
/content/drive/MyDrive/CV_Project/datasets/casia2/images/CASIA2.0_revised/Au/Au_arc_30560.jpg,0,0.0683695475260416,3,1,0.02,0.5
/content/drive/MyDrive/CV_Project/datasets/casia2/images/CASIA2.0_revised/Au/Au_arc_30561.jpg,0,0.3787027994791667,3,1,0.02,0.5
/content/drive/MyDrive/CV_Project/datasets/casia2/images/CASIA2.0_revised/Au/Au_arc_30562.jpg,0,0.75927734375,3,1,0.02,0.5
/content/drive/MyDrive/CV_Project/datasets/casia2/images/CASIA2.0_revised/Au/Au_arc_30563.jpg,0,0.49359130859375,3,1,0.02,0.5
/content/drive/MyDrive/CV_Project/datasets/casia2/images/CASIA2.0_revised/Au/Au_arc_30564.jpg,0,0.3969217936197917,3,1,0.02,0.5
/content/drive/MyDrive/CV_Project/datasets/casia2/images/CASIA2.0_revised/Au/Au_arc_30565.jpg,0,0.630340576171875,3,1,0.02,0.5
/content/drive/MyDrive/CV_Project/datasets/casia2/images/CASIA2.0_revised/Au/Au_arc_30566.jpg,0,0.3533528645833333,3,1,0.02,0.5
/content/drive/MyDrive/CV_Project/datasets/casia2/images/CASIA2.0_revised/Au/Au_arc_30567.jpg,0,0.475982666015625,3,1,0.02,0.5
/content/drive/MyDrive/CV_Project/datasets/casia2/images/CASIA2.0_revised/Au/Au_arc_30568.jpg,0,0.0,3,1,0.02,0.5
/content/drive/MyDrive/CV_Project/datasets/casia2/images/CASIA2.0_revised/Au/Au_arc_30569.jpg,0,0.638397216796875,3,1,0.02,0.5
/content/drive/MyDrive/CV_Project/datasets/casia2/images/CASIA2.0_revised/Au/Au_arc_30570.jpg,0,0.38323974609375,3,1,0.02,0.5
/content/drive/MyDrive/CV_Project/datasets/casia2/images/CASIA2.0_revised/Au/Au_arc_30571.jpg,0,0.691986083984375,3,1,0.02,0.5
/content/drive/MyDrive/CV_Project/datasets/casia2/images/CASIA2.0_revised/Au/Au_arc_30572.jpg,0,0.4129638671875,3,1,0.02,0.5
/content/drive/MyDrive/CV_Project/datasets/casia2/images/CASIA2.0_revised/Au/Au_arc_30573.jpg,0,0.3939310709635417,3,1,0.02,0.5
/content/drive/MyDrive/CV_Project/datasets/casia2/images/CASIA2.0_revised/Au/Au_arc_30574.jpg,0,0.5272928873697916,3,1,0.02,0.5
/content/drive/MyDrive/CV_Project/datasets/casia2/images/CASIA2.0_revised/Au/Au_arc_30575.jpg,0,0.090667724609375,3,1,0.02,0.5
/content/drive/MyDrive/CV_Project/datasets/casia2/images/CASIA2.0_revised/Au/Au_arc_30576.jpg,0,0.4217122395833333,3,1,0.02,0.5
/content/drive/MyDrive/CV_Project/datasets/casia2/images/CASIA2.0_revised/Au/Au_arc_30577.jpg,0,0.44140625,3,1,0.02,0.5
/content/drive/MyDrive/CV_Project/datasets/casia2/images/CASIA2.0_revised/Au/Au_arc_30578.jpg,0,0.0,3,1,0.02,0.5
/content/drive/MyDrive/CV_Project/datasets/casia2/images/CASIA2.0_revised/Au/Au_arc_30579.jpg,0,0.4078877766927083,3,1,0.02,0.5
/content/drive/MyDrive/CV_Project/datasets/casia2/images/CASIA2.0_revised/Au/Au_arc_30580.jpg,0,0.4760843912760417,3,1,0.02,0.5
/content/drive/MyDrive/CV_Project/datasets/casia2/images/CASIA2.0_revised/Au/Au_arc_30581.jpg,0,0.3758646647135417,3,1,0.02,0.5
/content/drive/MyDrive/CV_Project/datasets/casia2/images/CASIA2.0_revised/Au/Au_arc_30582.jpg,0,0.4139811197916667,3,1,0.02,0.5
/content/drive/MyDrive/CV_Project/datasets/casia2/images/CASIA2.0_revised/Au/Au_arc_30583.jpg,0,0.4195048014322917,3,1,0.02,0.5
/content/drive/MyDrive/CV_Project/datasets/casia2/images/CASIA2.0_revised/Au/Au_arc_30584.jpg,0,0.4925944010416667,3,1,0.02,0.5
/content/drive/MyDrive/CV_Project/datasets/casia2/images/CASIA2.0_revised/Au/Au_arc_30585.jpg,0,0.6989339192708334,3,1,0.02,0.5
/content/drive/MyDrive/CV_Project/datasets/casia2/images/CASIA2.0_revised/Au/Au_arc_30586.jpg,0,0.8477376302083334,3,1,0.02,0.5
/content/drive/MyDrive/CV_Project/datasets/casia2/images/CASIA2.0_revised/Au/Au_arc_30587.jpg,0,0.4412129720052083,3,1,0.02,0.5
/content/drive/MyDrive/CV_Project/datasets/casia2/images/CASIA2.0_revised/Au/Au_arc_30588.jpg,0,0.507171630859375,3,1,0.02,0.5
/content/drive/MyDrive/CV_Project/datasets/casia2/images/CASIA2.0_revised/Au/Au_arc_30589.jpg,0,0.3916524251302083,3,1,0.02,0.5
/content/drive/MyDrive/CV_Project/datasets/casia2/images/CASIA2.0_revised/Au/Au_arc_30590.jpg,0,0.427581787109375,3,1,0.02,0.5
/content/drive/MyDrive/CV_Project/datasets/casia2/images/CASIA2.0_revised/Au/Au_arc_30591.jpg,0,0.5502217610677084,3,1,0.02,0.5
/content/drive/MyDrive/CV_Project/datasets/casia2/images/CASIA2.0_revised/Au/Au_arc_30592.jpg,0,0.3153483072916667,3,1,0.02,0.5
/content/drive/MyDrive/CV_Project/datasets/casia2/images/CASIA2.0_revised/Au/Au_arc_30593.jpg,0,0.178436279296875,3,1,0.02,0.5
/content/drive/MyDrive/CV_Project/datasets/casia2/images/CASIA2.0_revised/Au/Au_arc_30594.jpg,0,0.282684326171875,3,1,0.02,0.5
/content/drive/MyDrive/CV_Project/datasets/casia2/images/CASIA2.0_revised/Au/Au_arc_30595.jpg,0,0.3906656901041667,3,1,0.02,0.5
/content/drive/MyDrive/CV_Project/datasets/casia2/images/CASIA2.0_revised/Au/Au_arc_30596.jpg,0,0.0,3,1,0.02,0.5
/content/drive/MyDrive/CV_Project/datasets/casia2/images/CASIA2.0_revised/Au/Au_arc_30597.jpg,0,0.085479736328125,3,1,0.02,0.5
/content/drive/MyDrive/CV_Project/datasets/casia2/images/CASIA2.0_revised/Au/Au_arc_30598.jpg,0,0.040008544921875,3,1,0.02,0.5
/content/drive/MyDrive/CV_Project/datasets/casia2/images/CASIA2.0_revised/Au/Au_arc_30599.jpg,0,0.0,3,1,0.02,0.5
/content/drive/MyDrive/CV_Project/datasets/casia2/images/CASIA2.0_revised/Au/Au_arc_30600.jpg,0,0.0,3,1,0.02,0.5
/content/drive/MyDrive/CV_Project/datasets/casia2/images/CASIA2.0_revised/Au/Au_arc_30601.jpg,0,0.506988525390625,3,1,0.02,0.5
/content/drive/MyDrive/CV_Project/datasets/casia2/images/CASIA2.0_revised/Au/Au_arc_30602.jpg,0,0.2422688802083333,3,1,0.02,0.5
/content/drive/MyDrive/CV_Project/datasets/casia2/images/CASIA2.0_revised/Au/Au_arc_30603.jpg,0,0.9147847493489584,3,1,0.02,0.5
/content/drive/MyDrive/CV_Project/datasets/casia2/images/CASIA2.0_revised/Au/Au_arc_30604.jpg,0,0.1226603190104166,3,1,0.02,0.5
/content/drive/MyDrive/CV_Project/datasets/casia2/images/CASIA2.0_revised/Au/Au_arc_30605.jpg,0,0.227813720703125,3,1,0.02,0.5
/content/drive/MyDrive/CV_Project/datasets/casia2/images/CASIA2.0_revised/Au/Au_arc_30606.jpg,0,0.0987141927083333,3,1,0.02,0.5
/content/drive/MyDrive/CV_Project/datasets/casia2/images/CASIA2.0_revised/Au/Au_arc_30607.jpg,0,0.0,3,1,0.02,0.5
/content/drive/MyDrive/CV_Project/datasets/casia2/images/CASIA2.0_revised/Au/Au_arc_30608.jpg,0,0.2117106119791666,3,1,0.02,0.5
/content/drive/MyDrive/CV_Project/datasets/casia2/images/CASIA2.0_revised/Au/Au_arc_30609.jpg,0,0.3035481770833333,3,1,0.02,0.5
/content/drive/MyDrive/CV_Project/datasets/casia2/images/CASIA2.0_revised/Au/Au_arc_30610.jpg,0,0.3710225423177083,3,1,0.02,0.5
/content/drive/MyDrive/CV_Project/datasets/casia2/images/CASIA2.0_revised/Au/Au_arc_30611.jpg,0,0.3290812174479167,3,1,0.02,0.5
/content/drive/MyDrive/CV_Project/datasets/casia2/images/CASIA2.0_revised/Au/Au_arc_30612.jpg,0,0.4199727376302083,3,1,0.02,0.5
/content/drive/MyDrive/CV_Project/datasets/casia2/images/CASIA2.0_revised/Au/Au_arc_30613.jpg,0,0.0,3,1,0.02,0.5
/content/drive/MyDrive/CV_Project/datasets/casia2/images/CASIA2.0_revised/Au/Au_arc_30614.jpg,0,0.23162841796875,3,1,0.02,0.5
/content/drive/MyDrive/CV_Project/datasets/casia2/images/CASIA2.0_revised/Au/Au_arc_30615.jpg,0,0.6454569498697916,3,1,0.02,0.5
/content/drive/MyDrive/CV_Project/datasets/casia2/images/CASIA2.0_revised/Au/Au_arc_30616.jpg,0,0.2931620279947917,3,1,0.02,0.5
/content/drive/MyDrive/CV_Project/datasets/casia2/images/CASIA2.0_revised/Au/Au_arc_30617.jpg,0,0.4272867838541667,3,1,0.02,0.5
/content/drive/MyDrive/CV_Project/datasets/casia2/images/CASIA2.0_revised/Au/Au_arc_30618.jpg,0,0.283447265625,3,1,0.02,0.5
/content/drive/MyDrive/CV_Project/datasets/casia2/images/CASIA2.0_revised/Au/Au_arc_30619.jpg,0,0.3042500813802083,3,1,0.02,0.5
/content/drive/MyDrive/CV_Project/datasets/casia2/images/CASIA2.0_revised/Au/Au_arc_30620.jpg,0,0.303314208984375,3,1,0.02,0.5
/content/drive/MyDrive/CV_Project/datasets/casia2/images/CASIA2.0_revised/Au/Au_arc_30621.jpg,0,0.357818603515625,3,1,0.02,0.5
/content/drive/MyDrive/CV_Project/datasets/casia2/images/CASIA2.0_revised/Au/Au_arc_30622.jpg,0,0.5538838704427084,3,1,0.02,0.5
/content/drive/MyDrive/CV_Project/datasets/casia2/images/CASIA2.0_revised/Au/Au_arc_30623.jpg,0,0.1738484700520833,3,1,0.02,0.5
/content/drive/MyDrive/CV_Project/datasets/casia2/images/CASIA2.0_revised/Au/Au_arc_30624.jpg,0,0.3816121419270833,3,1,0.02,0.5
/content/drive/MyDrive/CV_Project/datasets/casia2/images/CASIA2.0_revised/Au/Au_arc_30625.jpg,0,0.23095703125,3,1,0.02,0.5
/content/drive/MyDrive/CV_Project/datasets/casia2/images/CASIA2.0_revised/Au/Au_arc_30626.jpg,0,0.100982666015625,3,1,0.02,0.5
/content/drive/MyDrive/CV_Project/datasets/casia2/images/CASIA2.0_revised/Au/Au_arc_30627.jpg,0,0.1919148763020833,3,1,0.02,0.5
/content/drive/MyDrive/CV_Project/datasets/casia2/images/CASIA2.0_revised/Au/Au_arc_30628.jpg,0,0.6449076334635416,3,1,0.02,0.5
/content/drive/MyDrive/CV_Project/datasets/casia2/images/CASIA2.0_revised/Au/Au_arc_30629.jpg,0,0.7971903483072916,3,1,0.02,0.5
/content/drive/MyDrive/CV_Project/datasets/casia2/images/CASIA2.0_revised/Au/Au_arc_30630.jpg,0,0.4959615071614583,3,1,0.02,0.5
/content/drive/MyDrive/CV_Project/datasets/casia2/images/CASIA2.0_revised/Au/Au_arc_30631.jpg,0,0.2635294596354167,3,1,0.02,0.5
/content/drive/MyDrive/CV_Project/datasets/casia2/images/CASIA2.0_revised/Au/Au_arc_30632.jpg,0,0.3174031575520833,3,1,0.02,0.5
/content/drive/MyDrive/CV_Project/datasets/casia2/images/CASIA2.0_revised/Au/Au_arc_30633.jpg,0,0.378448486328125,3,1,0.02,0.5
/content/drive/MyDrive/CV_Project/datasets/casia2/images/CASIA2.0_revised/Au/Au_arc_30634.jpg,0,0.2763875325520833,3,1,0.02,0.5
/content/drive/MyDrive/CV_Project/datasets/casia2/images/CASIA2.0_revised/Au/Au_arc_30635.jpg,0,0.131439208984375,3,1,0.02,0.5
/content/drive/MyDrive/CV_Project/datasets/casia2/images/CASIA2.0_revised/Au/Au_arc_30636.jpg,0,0.028411865234375,3,1,0.02,0.5
/content/drive/MyDrive/CV_Project/datasets/casia2/images/CASIA2.0_revised/Au/Au_arc_30637.jpg,0,0.7449747721354166,3,1,0.02,0.5
/content/drive/MyDrive/CV_Project/datasets/casia2/images/CASIA2.0_revised/Au/Au_arc_30638.jpg,0,0.7144673665364584,3,1,0.02,0.5
/content/drive/MyDrive/CV_Project/datasets/casia2/images/CASIA2.0_revised/Au/Au_arc_30639.jpg,0,0.3520609537760417,3,1,0.02,0.5
/content/drive/MyDrive/CV_Project/datasets/casia2/images/CASIA2.0_revised/Au/Au_arc_30640.jpg,0,0.0565287272135416,3,1,0.02,0.5
/content/drive/MyDrive/CV_Project/datasets/casia2/images/CASIA2.0_revised/Au/Au_arc_30641.jpg,0,0.0957438151041666,3,1,0.02,0.5
/content/drive/MyDrive/CV_Project/datasets/casia2/images/CASIA2.0_revised/Au/Au_arc_30642.jpg,0,0.17327880859375,3,1,0.02,0.5
/content/drive/MyDrive/CV_Project/datasets/casia2/images/CASIA2.0_revised/Au/Au_arc_30643.jpg,0,0.0,3,1,0.02,0.5
/content/drive/MyDrive/CV_Project/datasets/casia2/images/CASIA2.0_revised/Au/Au_arc_30644.jpg,0,0.5218709309895834,3,1,0.02,0.5
/content/drive/MyDrive/CV_Project/datasets/casia2/images/CASIA2.0_revised/Au/Au_arc_30645.jpg,0,0.094451904296875,3,1,0.02,0.5
/content/drive/MyDrive/CV_Project/datasets/casia2/images/CASIA2.0_revised/Au/Au_arc_30646.jpg,0,0.1311442057291666,3,1,0.02,0.5
/content/drive/MyDrive/CV_Project/datasets/casia2/images/CASIA2.0_revised/Au/Au_arc_30647.jpg,0,0.0875040690104166,3,1,0.02,0.5
/content/drive/MyDrive/CV_Project/datasets/casia2/images/CASIA2.0_revised/Au/Au_arc_30648.jpg,0,0.4755452473958333,3,1,0.02,0.5
/content/drive/MyDrive/CV_Project/datasets/casia2/images/CASIA2.0_revised/Au/Au_arc_30649.jpg,0,0.471710205078125,3,1,0.02,0.5
/content/drive/MyDrive/CV_Project/datasets/casia2/images/CASIA2.0_revised/Au/Au_arc_30650.jpg,0,0.0408732096354166,3,1,0.02,0.5
/content/drive/MyDrive/CV_Project/datasets/casia2/images/CASIA2.0_revised/Au/Au_arc_30651.jpg,0,0.4610188802083333,3,1,0.02,0.5
/content/drive/MyDrive/CV_Project/datasets/casia2/images/CASIA2.0_revised/Au/Au_arc_30652.jpg,0,0.29840087890625,3,1,0.02,0.5
/content/drive/MyDrive/CV_Project/datasets/casia2/images/CASIA2.0_revised/Au/Au_arc_30653.jpg,0,0.28173828125,3,1,0.02,0.5
/content/drive/MyDrive/CV_Project/datasets/casia2/images/CASIA2.0_revised/Au/Au_arc_30654.jpg,0,0.8097737630208334,3,1,0.02,0.5
/content/drive/MyDrive/CV_Project/datasets/casia2/images/CASIA2.0_revised/Au/Au_arc_30655.jpg,0,0.375,3,1,0.02,0.5
/content/drive/MyDrive/CV_Project/datasets/casia2/images/CASIA2.0_revised/Au/Au_arc_30656.jpg,0,0.0,3,1,0.02,0.5
/content/drive/MyDrive/CV_Project/datasets/casia2/images/CASIA2.0_revised/Au/Au_arc_30657.jpg,0,0.0,3,1,0.02,0.5
/content/drive/MyDrive/CV_Project/datasets/casia2/images/CASIA2.0_revised/Au/Au_arc_30658.jpg,0,0.4752909342447917,3,1,0.02,0.5
/content/drive/MyDrive/CV_Project/datasets/casia2/images/CASIA2.0_revised/Au/Au_arc_30659.jpg,0,0.3761393229166667,3,1,0.02,0.5
/content/drive/MyDrive/CV_Project/datasets/casia2/images/CASIA2.0_revised/Au/Au_arc_30660.jpg,0,0.6221110026041666,3,1,0.02,0.5
/content/drive/MyDrive/CV_Project/datasets/casia2/images/CASIA2.0_revised/Au/Au_arc_30661.jpg,0,0.289764404296875,3,1,0.02,0.5
/content/drive/MyDrive/CV_Project/datasets/casia2/images/CASIA2.0_revised/Au/Au_arc_30662.jpg,0,0.6921183268229166,3,1,0.02,0.5
/content/drive/MyDrive/CV_Project/datasets/casia2/images/CASIA2.0_revised/Au/Au_arc_30663.jpg,0,0.1599019368489583,3,1,0.02,0.5
/content/drive/MyDrive/CV_Project/datasets/casia2/images/CASIA2.0_revised/Au/Au_arc_30664.jpg,0,0.6401468912760416,3,1,0.02,0.5
/content/drive/MyDrive/CV_Project/datasets/casia2/images/CASIA2.0_revised/Au/Au_arc_30665.jpg,0,0.1188252766927083,3,1,0.02,0.5
/content/drive/MyDrive/CV_Project/datasets/casia2/images/CASIA2.0_revised/Au/Au_arc_30666.jpg,0,0.0302632649739583,3,1,0.02,0.5
/content/drive/MyDrive/CV_Project/datasets/casia2/images/CASIA2.0_revised/Au/Au_arc_30667.jpg,0,0.6464640299479166,3,1,0.02,0.5
/content/drive/MyDrive/CV_Project/datasets/casia2/images/CASIA2.0_revised/Au/Au_arc_30668.jpg,0,0.4214274088541667,3,1,0.02,0.5
/content/drive/MyDrive/CV_Project/datasets/casia2/images/CASIA2.0_revised/Au/Au_arc_30669.jpg,0,0.0242513020833333,3,1,0.02,0.5
/content/drive/MyDrive/CV_Project/datasets/casia2/images/CASIA2.0_revised/Au/Au_arc_30670.jpg,0,0.2268880208333333,3,1,0.02,0.5
/content/drive/MyDrive/CV_Project/datasets/casia2/images/CASIA2.0_revised/Au/Au_arc_30671.jpg,0,0.4059651692708333,3,1,0.02,0.5
/content/drive/MyDrive/CV_Project/datasets/casia2/images/CASIA2.0_revised/Au/Au_arc_30672.jpg,0,0.0591023763020833,3,1,0.02,0.5
/content/drive/MyDrive/CV_Project/datasets/casia2/images/CASIA2.0_revised/Au/Au_arc_30673.jpg,0,0.1169026692708333,3,1,0.02,0.5
/content/drive/MyDrive/CV_Project/datasets/casia2/images/CASIA2.0_revised/Au/Au_arc_30674.jpg,0,0.2570597330729167,3,1,0.02,0.5
/content/drive/MyDrive/CV_Project/datasets/casia2/images/CASIA2.0_revised/Au/Au_arc_30675.jpg,0,0.2604166666666667,3,1,0.02,0.5
/content/drive/MyDrive/CV_Project/datasets/casia2/images/CASIA2.0_revised/Au/Au_arc_30676.jpg,0,0.6820576985677084,3,1,0.02,0.5
/content/drive/MyDrive/CV_Project/datasets/casia2/images/CASIA2.0_revised/Au/Au_arc_30677.jpg,0,0.6188252766927084,3,1,0.02,0.5
/content/drive/MyDrive/CV_Project/datasets/casia2/images/CASIA2.0_revised/Au/Au_arc_30678.jpg,0,0.3551534016927083,3,1,0.02,0.5
/content/drive/MyDrive/CV_Project/datasets/casia2/images/CASIA2.0_revised/Au/Au_arc_30679.jpg,0,0.2823384602864583,3,1,0.02,0.5
/content/drive/MyDrive/CV_Project/datasets/casia2/images/CASIA2.0_revised/Au/Au_arc_30680.jpg,0,0.6636250813802084,3,1,0.02,0.5
/content/drive/MyDrive/CV_Project/datasets/casia2/images/CASIA2.0_revised/Au/Au_arc_30681.jpg,0,0.2679341634114583,3,1,0.02,0.5
/content/drive/MyDrive/CV_Project/datasets/casia2/images/CASIA2.0_revised/Au/Au_arc_30682.jpg,0,0.0504252115885416,3,1,0.02,0.5
/content/drive/MyDrive/CV_Project/datasets/casia2/images/CASIA2.0_revised/Au/Au_arc_30683.jpg,0,0.0,3,1,0.02,0.5
/content/drive/MyDrive/CV_Project/datasets/casia2/images/CASIA2.0_revised/Au/Au_arc_30684.jpg,0,0.4201456705729167,3,1,0.02,0.5
/content/drive/MyDrive/CV_Project/datasets/casia2/images/CASIA2.0_revised/Au/Au_arc_30685.jpg,0,0.2630411783854167,3,1,0.02,0.5
/content/drive/MyDrive/CV_Project/datasets/casia2/images/CASIA2.0_revised/Au/Au_arc_30686.jpg,0,0.6932576497395834,3,1,0.02,0.5
/content/drive/MyDrive/CV_Project/datasets/casia2/images/CASIA2.0_revised/Au/Au_arc_30687.jpg,0,0.1822306315104166,3,1,0.02,0.5
/content/drive/MyDrive/CV_Project/datasets/casia2/images/CASIA2.0_revised/Au/Au_arc_30688.jpg,0,0.2489013671875,3,1,0.02,0.5
/content/drive/MyDrive/CV_Project/datasets/casia2/images/CASIA2.0_revised/Au/Au_arc_30689.jpg,0,0.3522542317708333,3,1,0.02,0.5
/content/drive/MyDrive/CV_Project/datasets/casia2/images/CASIA2.0_revised/Au/Au_arc_30690.jpg,0,0.0680338541666666,3,1,0.02,0.5
/content/drive/MyDrive/CV_Project/datasets/casia2/images/CASIA2.0_revised/Au/Au_arc_30691.jpg,0,0.0882568359375,3,1,0.02,0.5
/content/drive/MyDrive/CV_Project/datasets/casia2/images/CASIA2.0_revised/Au/Au_arc_30692.jpg,0,0.1514383951822916,3,1,0.02,0.5
/content/drive/MyDrive/CV_Project/datasets/casia2/images/CASIA2.0_revised/Au/Au_arc_30693.jpg,0,0.4975077311197917,3,1,0.02,0.5
/content/drive/MyDrive/CV_Project/datasets/casia2/images/CASIA2.0_revised/Au/Au_arc_30694.jpg,0,0.7159525553385416,3,1,0.02,0.5
/content/drive/MyDrive/CV_Project/datasets/casia2/images/CASIA2.0_revised/Au/Au_arc_30695.jpg,0,0.0,3,1,0.02,0.5
/content/drive/MyDrive/CV_Project/datasets/casia2/images/CASIA2.0_revised/Au/Au_arc_30696.jpg,0,0.0,3,1,0.02,0.5
/content/drive/MyDrive/CV_Project/datasets/casia2/images/CASIA2.0_revised/Au/Au_arc_30697.jpg,0,0.0,3,1,0.02,0.5
/content/drive/MyDrive/CV_Project/datasets/casia2/images/CASIA2.0_revised/Au/Au_arc_30698.jpg,0,0.3742574055989583,3,1,0.02,0.5
/content/drive/MyDrive/CV_Project/datasets/casia2/images/CASIA2.0_revised/Au/Au_arc_30699.jpg,0,0.7165425618489584,3,1,0.02,0.5
/content/drive/MyDrive/CV_Project/datasets/casia2/images/CASIA2.0_revised/Au/Au_arc_30700.jpg,0,0.759033203125,3,1,0.02,0.5
/content/drive/MyDrive/CV_Project/datasets/casia2/images/CASIA2.0_revised/Au/Au_arc_30701.jpg,0,0.8805033365885416,3,1,0.02,0.5
/content/drive/MyDrive/CV_Project/datasets/casia2/images/CASIA2.0_revised/Au/Au_arc_30702.jpg,0,0.3189798990885417,3,1,0.02,0.5
/content/drive/MyDrive/CV_Project/datasets/casia2/images/CASIA2.0_revised/Au/Au_arc_30703.jpg,0,0.0,3,1,0.02,0.5
/content/drive/MyDrive/CV_Project/datasets/casia2/images/CASIA2.0_revised/Au/Au_arc_30704.jpg,0,0.3418680826822917,3,1,0.02,0.5
/content/drive/MyDrive/CV_Project/datasets/casia2/images/CASIA2.0_revised/Au/Au_arc_30705.jpg,0,0.6671956380208334,3,1,0.02,0.5
/content/drive/MyDrive/CV_Project/datasets/casia2/images/CASIA2.0_revised/Au/Au_arc_30706.jpg,0,0.09698486328125,3,1,0.02,0.5
/content/drive/MyDrive/CV_Project/datasets/casia2/images/CASIA2.0_revised/Au/Au_arc_30707.jpg,0,0.7454833984375,3,1,0.02,0.5
/content/drive/MyDrive/CV_Project/datasets/casia2/images/CASIA2.0_revised/Au/Au_arc_30708.jpg,0,0.3636983235677083,3,1,0.02,0.5
/content/drive/MyDrive/CV_Project/datasets/casia2/images/CASIA2.0_revised/Au/Au_arc_30709.jpg,0,0.6570231119791666,3,1,0.02,0.5
/content/drive/MyDrive/CV_Project/datasets/casia2/images/CASIA2.0_revised/Au/Au_arc_30710.jpg,0,0.6268717447916666,3,1,0.02,0.5
/content/drive/MyDrive/CV_Project/datasets/casia2/images/CASIA2.0_revised/Au/Au_arc_30711.jpg,0,0.2496337890625,3,1,0.02,0.5
/content/drive/MyDrive/CV_Project/datasets/casia2/images/CASIA2.0_revised/Au/Au_arc_30712.jpg,0,0.17657470703125,3,1,0.02,0.5
/content/drive/MyDrive/CV_Project/datasets/casia2/images/CASIA2.0_revised/Au/Au_arc_30713.jpg,0,0.388031005859375,3,1,0.02,0.5
/content/drive/MyDrive/CV_Project/datasets/casia2/images/CASIA2.0_revised/Au/Au_arc_30714.jpg,0,0.045562744140625,3,1,0.02,0.5
/content/drive/MyDrive/CV_Project/datasets/casia2/images/CASIA2.0_revised/Au/Au_arc_30715.jpg,0,0.8778279622395834,3,1,0.02,0.5
/content/drive/MyDrive/CV_Project/datasets/casia2/images/CASIA2.0_revised/Au/Au_arc_30716.jpg,0,0.1688334147135416,3,1,0.02,0.5
/content/drive/MyDrive/CV_Project/datasets/casia2/images/CASIA2.0_revised/Au/Au_arc_30717.jpg,0,0.223358154296875,3,1,0.02,0.5
/content/drive/MyDrive/CV_Project/datasets/casia2/images/CASIA2.0_revised/Au/Au_arc_30718.jpg,0,0.5128987630208334,3,1,0.02,0.5
/content/drive/MyDrive/CV_Project/datasets/casia2/images/CASIA2.0_revised/Au/Au_arc_30719.jpg,0,0.9570210774739584,3,1,0.02,0.5
/content/drive/MyDrive/CV_Project/datasets/casia2/images/CASIA2.0_revised/Au/Au_arc_30720.jpg,0,0.6974080403645834,3,1,0.02,0.5
/content/drive/MyDrive/CV_Project/datasets/casia2/images/CASIA2.0_revised/Au/Au_arc_30721.jpg,0,0.4493611653645833,3,1,0.02,0.5
/content/drive/MyDrive/CV_Project/datasets/casia2/images/CASIA2.0_revised/Au/Au_arc_30722.jpg,0,0.024871826171875,3,1,0.02,0.5
/content/drive/MyDrive/CV_Project/datasets/casia2/images/CASIA2.0_revised/Au/Au_arc_30723.jpg,0,0.62738037109375,3,1,0.02,0.5
/content/drive/MyDrive/CV_Project/datasets/casia2/images/CASIA2.0_revised/Au/Au_arc_30724.jpg,0,0.1405537923177083,3,1,0.02,0.5
/content/drive/MyDrive/CV_Project/datasets/casia2/images/CASIA2.0_revised/Au/Au_arc_30725.jpg,0,0.0428670247395833,3,1,0.02,0.5
/content/drive/MyDrive/CV_Project/datasets/casia2/images/CASIA2.0_revised/Au/Au_arc_30726.jpg,0,0.4632364908854167,3,1,0.02,0.5
/content/drive/MyDrive/CV_Project/datasets/casia2/images/CASIA2.0_revised/Au/Au_arc_30727.jpg,0,0.2604777018229167,3,1,0.02,0.5
/content/drive/MyDrive/CV_Project/datasets/casia2/images/CASIA2.0_revised/Au/Au_arc_30728.jpg,0,0.1355183919270833,3,1,0.02,0.5
/content/drive/MyDrive/CV_Project/datasets/casia2/images/CASIA2.0_revised/Au/Au_arc_30729.jpg,0,0.0,3,1,0.02,0.5
/content/drive/MyDrive/CV_Project/datasets/casia2/images/CASIA2.0_revised/Au/Au_arc_30730.jpg,0,0.0732828776041666,3,1,0.02,0.5
/content/drive/MyDrive/CV_Project/datasets/casia2/images/CASIA2.0_revised/Au/Au_arc_30731.jpg,0,0.0,3,1,0.02,0.5
/content/drive/MyDrive/CV_Project/datasets/casia2/images/CASIA2.0_revised/Au/Au_arc_30732.jpg,0,0.0537312825520833,3,1,0.02,0.5
/content/drive/MyDrive/CV_Project/datasets/casia2/images/CASIA2.0_revised/Au/Au_arc_30733.jpg,0,0.5747578938802084,3,1,0.02,0.5
/content/drive/MyDrive/CV_Project/datasets/casia2/images/CASIA2.0_revised/Au/Au_arc_30734.jpg,0,0.0,3,1,0.02,0.5
/content/drive/MyDrive/CV_Project/datasets/casia2/images/CASIA2.0_revised/Au/Au_arc_30735.jpg,0,0.1112874348958333,3,1,0.02,0.5
/content/drive/MyDrive/CV_Project/datasets/casia2/images/CASIA2.0_revised/Au/Au_arc_30736.jpg,0,0.6625874837239584,3,1,0.02,0.5
/content/drive/MyDrive/CV_Project/datasets/casia2/images/CASIA2.0_revised/Au/Au_arc_30737.jpg,0,0.0,3,1,0.02,0.5
/content/drive/MyDrive/CV_Project/datasets/casia2/images/CASIA2.0_revised/Au/Au_arc_30738.jpg,0,0.2806396484375,3,1,0.02,0.5
/content/drive/MyDrive/CV_Project/datasets/casia2/images/CASIA2.0_revised/Au/Au_arc_30739.jpg,0,0.3086954752604167,3,1,0.02,0.5
/content/drive/MyDrive/CV_Project/datasets/casia2/images/CASIA2.0_revised/Au/Au_arc_30740.jpg,0,0.6340433756510416,3,1,0.02,0.5
/content/drive/MyDrive/CV_Project/datasets/casia2/images/CASIA2.0_revised/Au/Au_arc_30741.jpg,0,0.70068359375,3,1,0.02,0.5
/content/drive/MyDrive/CV_Project/datasets/casia2/images/CASIA2.0_revised/Au/Au_arc_30742.jpg,0,0.5433349609375,3,1,0.02,0.5
/content/drive/MyDrive/CV_Project/datasets/casia2/images/CASIA2.0_revised/Au/Au_arc_30743.jpg,0,0.4452921549479167,3,1,0.02,0.5
/content/drive/MyDrive/CV_Project/datasets/casia2/images/CASIA2.0_revised/Au/Au_arc_30744.jpg,0,0.4766845703125,3,1,0.02,0.5
/content/drive/MyDrive/CV_Project/datasets/casia2/images/CASIA2.0_revised/Au/Au_arc_30745.jpg,0,0.05902099609375,3,1,0.02,0.5
/content/drive/MyDrive/CV_Project/datasets/casia2/images/CASIA2.0_revised/Au/Au_arc_30746.jpg,0,0.0,3,1,0.02,0.5
/content/drive/MyDrive/CV_Project/datasets/casia2/images/CASIA2.0_revised/Au/Au_arc_30747.jpg,0,0.4652608235677083,3,1,0.02,0.5
/content/drive/MyDrive/CV_Project/datasets/casia2/images/CASIA2.0_revised/Au/Au_arc_30748.jpg,0,0.0,3,1,0.02,0.5
/content/drive/MyDrive/CV_Project/datasets/casia2/images/CASIA2.0_revised/Au/Au_arc_30749.jpg,0,0.7424214680989584,3,1,0.02,0.5
/content/drive/MyDrive/CV_Project/datasets/casia2/images/CASIA2.0_revised/Au/Au_arc_30750.jpg,0,0.0,3,1,0.02,0.5
/content/drive/MyDrive/CV_Project/datasets/casia2/images/CASIA2.0_revised/Au/Au_arc_30751.jpg,0,0.0819498697916666,3,1,0.02,0.5
/content/drive/MyDrive/CV_Project/datasets/casia2/images/CASIA2.0_revised/Au/Au_arc_30752.jpg,0,0.5416259765625,3,1,0.02,0.5
/content/drive/MyDrive/CV_Project/datasets/casia2/images/CASIA2.0_revised/Au/Au_arc_30753.jpg,0,0.502716064453125,3,1,0.02,0.5
/content/drive/MyDrive/CV_Project/datasets/casia2/images/CASIA2.0_revised/Au/Au_arc_30754.jpg,0,0.6526997884114584,3,1,0.02,0.5
/content/drive/MyDrive/CV_Project/datasets/casia2/images/CASIA2.0_revised/Au/Au_arc_30755.jpg,0,0.1399434407552083,3,1,0.02,0.5
/content/drive/MyDrive/CV_Project/datasets/casia2/images/CASIA2.0_revised/Au/Au_arc_30756.jpg,0,0.031768798828125,3,1,0.02,0.5
/content/drive/MyDrive/CV_Project/datasets/casia2/images/CASIA2.0_revised/Au/Au_arc_30757.jpg,0,0.4956258138020833,3,1,0.02,0.5
/content/drive/MyDrive/CV_Project/datasets/casia2/images/CASIA2.0_revised/Au/Au_arc_30758.jpg,0,0.1076761881510416,3,1,0.02,0.5
/content/drive/MyDrive/CV_Project/datasets/casia2/images/CASIA2.0_revised/Au/Au_arc_30759.jpg,0,0.2397562662760416,3,1,0.02,0.5
/content/drive/MyDrive/CV_Project/datasets/casia2/images/CASIA2.0_revised/Au/Au_arc_30760.jpg,0,0.0213724772135416,3,1,0.02,0.5
/content/drive/MyDrive/CV_Project/datasets/casia2/images/CASIA2.0_revised/Au/Au_arc_30761.jpg,0,0.674652099609375,3,1,0.02,0.5
/content/drive/MyDrive/CV_Project/datasets/casia2/images/CASIA2.0_revised/Au/Au_arc_30762.jpg,0,0.2008260091145833,3,1,0.02,0.5
/content/drive/MyDrive/CV_Project/datasets/casia2/images/CASIA2.0_revised/Au/Au_arc_30763.jpg,0,0.2326863606770833,3,1,0.02,0.5
/content/drive/MyDrive/CV_Project/datasets/casia2/images/CASIA2.0_revised/Au/Au_arc_30764.jpg,0,0.4231974283854167,3,1,0.02,0.5
/content/drive/MyDrive/CV_Project/datasets/casia2/images/CASIA2.0_revised/Au/Au_arc_30765.jpg,0,0.0,3,1,0.02,0.5
/content/drive/MyDrive/CV_Project/datasets/casia2/images/CASIA2.0_revised/Au/Au_arc_30766.jpg,0,0.4176737467447917,3,1,0.02,0.5
/content/drive/MyDrive/CV_Project/datasets/casia2/images/CASIA2.0_revised/Au/Au_arc_30767.jpg,0,0.2589314778645833,3,1,0.02,0.5
/content/drive/MyDrive/CV_Project/datasets/casia2/images/CASIA2.0_revised/Au/Au_arc_30768.jpg,0,0.2159423828125,3,1,0.02,0.5
/content/drive/MyDrive/CV_Project/datasets/casia2/images/CASIA2.0_revised/Au/Au_arc_30769.jpg,0,0.7207132975260416,3,1,0.02,0.5
/content/drive/MyDrive/CV_Project/datasets/casia2/images/CASIA2.0_revised/Au/Au_arc_30770.jpg,0,0.58270263671875,3,1,0.02,0.5
/content/drive/MyDrive/CV_Project/datasets/casia2/images/CASIA2.0_revised/Au/Au_arc_30771.jpg,0,0.2381591796875,3,1,0.02,0.5
/content/drive/MyDrive/CV_Project/datasets/casia2/images/CASIA2.0_revised/Au/Au_arc_30772.jpg,0,0.555572509765625,3,1,0.02,0.5
/content/drive/MyDrive/CV_Project/datasets/casia2/images/CASIA2.0_revised/Au/Au_arc_30773.jpg,0,0.212646484375,3,1,0.02,0.5
/content/drive/MyDrive/CV_Project/datasets/casia2/images/CASIA2.0_revised/Au/Au_arc_30774.jpg,0,0.1068522135416666,3,1,0.02,0.5
/content/drive/MyDrive/CV_Project/datasets/casia2/images/CASIA2.0_revised/Au/Au_arc_30775.jpg,0,0.0,3,1,0.02,0.5
/content/drive/MyDrive/CV_Project/datasets/casia2/images/CASIA2.0_revised/Au/Au_arc_30776.jpg,0,0.442718505859375,3,1,0.02,0.5
/content/drive/MyDrive/CV_Project/datasets/casia2/images/CASIA2.0_revised/Au/Au_arc_30777.jpg,0,0.6308797200520834,3,1,0.02,0.5
/content/drive/MyDrive/CV_Project/datasets/casia2/images/CASIA2.0_revised/Au/Au_arc_30778.jpg,0,0.383575439453125,3,1,0.02,0.5
/content/drive/MyDrive/CV_Project/datasets/casia2/images/CASIA2.0_revised/Au/Au_arc_30779.jpg,0,0.267578125,3,1,0.02,0.5
/content/drive/MyDrive/CV_Project/datasets/casia2/images/CASIA2.0_revised/Au/Au_arc_30780.jpg,0,0.79119873046875,3,1,0.02,0.5
/content/drive/MyDrive/CV_Project/datasets/casia2/images/CASIA2.0_revised/Au/Au_arc_30781.jpg,0,0.1950174967447916,3,1,0.02,0.5
/content/drive/MyDrive/CV_Project/datasets/casia2/images/CASIA2.0_revised/Au/Au_arc_30782.jpg,0,0.0,3,1,0.02,0.5
/content/drive/MyDrive/CV_Project/datasets/casia2/images/CASIA2.0_revised/Au/Au_arc_30783.jpg,0,0.1191914876302083,3,1,0.02,0.5
/content/drive/MyDrive/CV_Project/datasets/casia2/images/CASIA2.0_revised/Au/Au_arc_30784.jpg,0,0.1487325032552083,3,1,0.02,0.5
/content/drive/MyDrive/CV_Project/datasets/casia2/images/CASIA2.0_revised/Au/Au_arc_30785.jpg,0,0.3321329752604167,3,1,0.02,0.5
/content/drive/MyDrive/CV_Project/datasets/casia2/images/CASIA2.0_revised/Au/Au_arc_30786.jpg,0,0.114410400390625,3,1,0.02,0.5
/content/drive/MyDrive/CV_Project/datasets/casia2/images/CASIA2.0_revised/Au/Au_arc_30787.jpg,0,0.385833740234375,3,1,0.02,0.5
/content/drive/MyDrive/CV_Project/datasets/casia2/images/CASIA2.0_revised/Au/Au_arc_30788.jpg,0,0.6000162760416666,3,1,0.02,0.5
/content/drive/MyDrive/CV_Project/datasets/casia2/images/CASIA2.0_revised/Au/Au_arc_30789.jpg,0,0.625152587890625,3,1,0.02,0.5
/content/drive/MyDrive/CV_Project/datasets/casia2/images/CASIA2.0_revised/Au/Au_arc_30790.jpg,0,0.66937255859375,3,1,0.02,0.5
/content/drive/MyDrive/CV_Project/datasets/casia2/images/CASIA2.0_revised/Au/Au_arc_30791.jpg,0,0.0,3,1,0.02,0.5
/content/drive/MyDrive/CV_Project/datasets/casia2/images/CASIA2.0_revised/Au/Au_arc_30792.jpg,0,0.4144490559895833,3,1,0.02,0.5
/content/drive/MyDrive/CV_Project/datasets/casia2/images/CASIA2.0_revised/Au/Au_arc_30793.jpg,0,0.6972757975260416,3,1,0.02,0.5
/content/drive/MyDrive/CV_Project/datasets/casia2/images/CASIA2.0_revised/Au/Au_arc_30794.jpg,0,0.3236490885416667,3,1,0.02,0.5
/content/drive/MyDrive/CV_Project/datasets/casia2/images/CASIA2.0_revised/Au/Au_arc_30795.jpg,0,0.4114786783854167,3,1,0.02,0.5
/content/drive/MyDrive/CV_Project/datasets/casia2/images/CASIA2.0_revised/Au/Au_arc_30796.jpg,0,0.3590901692708333,3,1,0.02,0.5
/content/drive/MyDrive/CV_Project/datasets/casia2/images/CASIA2.0_revised/Au/Au_arc_30797.jpg,0,0.0,3,1,0.02,0.5
/content/drive/MyDrive/CV_Project/datasets/casia2/images/CASIA2.0_revised/Au/Au_arc_30798.jpg,0,0.2093709309895833,3,1,0.02,0.5
/content/drive/MyDrive/CV_Project/datasets/casia2/images/CASIA2.0_revised/Au/Au_arc_30799.jpg,0,0.0263264973958333,3,1,0.02,0.5
/content/drive/MyDrive/CV_Project/datasets/casia2/images/CASIA2.0_revised/Au/Au_arc_30800.jpg,0,0.0,3,1,0.02,0.5
/content/drive/MyDrive/CV_Project/datasets/casia2/images/CASIA2.0_revised/Au/Au_arc_30801.jpg,0,0.212615966796875,3,1,0.02,0.5
/content/drive/MyDrive/CV_Project/datasets/casia2/images/CASIA2.0_revised/Au/Au_arc_30802.jpg,0,0.0,3,1,0.02,0.5
/content/drive/MyDrive/CV_Project/datasets/casia2/images/CASIA2.0_revised/Au/Au_arc_30803.jpg,0,0.4846903483072917,3,1,0.02,0.5
/content/drive/MyDrive/CV_Project/datasets/casia2/images/CASIA2.0_revised/Au/Au_arc_30804.jpg,0,0.4457600911458333,3,1,0.02,0.5
/content/drive/MyDrive/CV_Project/datasets/casia2/images/CASIA2.0_revised/Au/Au_arc_30805.jpg,0,0.5265706380208334,3,1,0.02,0.5
/content/drive/MyDrive/CV_Project/datasets/casia2/images/CASIA2.0_revised/Au/Au_arc_30806.jpg,0,0.0273539225260416,3,1,0.02,0.5
/content/drive/MyDrive/CV_Project/datasets/casia2/images/CASIA2.0_revised/Au/Au_arc_30807.jpg,0,0.1004842122395833,3,1,0.02,0.5
/content/drive/MyDrive/CV_Project/datasets/casia2/images/CASIA2.0_revised/Au/Au_arc_30808.jpg,0,0.3187052408854167,3,1,0.02,0.5
/content/drive/MyDrive/CV_Project/datasets/casia2/images/CASIA2.0_revised/Au/Au_arc_30809.jpg,0,0.72027587890625,3,1,0.02,0.5
/content/drive/MyDrive/CV_Project/datasets/casia2/images/CASIA2.0_revised/Au/Au_arc_30810.jpg,0,0.4496866861979167,3,1,0.02,0.5
/content/drive/MyDrive/CV_Project/datasets/casia2/images/CASIA2.0_revised/Au/Au_arc_30811.jpg,0,0.0270894368489583,3,1,0.02,0.5
/content/drive/MyDrive/CV_Project/datasets/casia2/images/CASIA2.0_revised/Au/Au_arc_30812.jpg,0,0.5942789713541666,3,1,0.02,0.5
/content/drive/MyDrive/CV_Project/datasets/casia2/images/CASIA2.0_revised/Au/Au_arc_30813.jpg,0,0.4247945149739583,3,1,0.02,0.5
/content/drive/MyDrive/CV_Project/datasets/casia2/images/CASIA2.0_revised/Au/Au_arc_30814.jpg,0,0.4065755208333333,3,1,0.02,0.5
/content/drive/MyDrive/CV_Project/datasets/casia2/images/CASIA2.0_revised/Au/Au_arc_30815.jpg,0,0.4884847005208333,3,1,0.02,0.5
/content/drive/MyDrive/CV_Project/datasets/casia2/images/CASIA2.0_revised/Au/Au_arc_30816.jpg,0,0.0487263997395833,3,1,0.02,0.5
/content/drive/MyDrive/CV_Project/datasets/casia2/images/CASIA2.0_revised/Au/Au_arc_30817.jpg,0,0.38177490234375,3,1,0.02,0.5
/content/drive/MyDrive/CV_Project/datasets/casia2/images/CASIA2.0_revised/Au/Au_arc_30818.jpg,0,0.5458577473958334,3,1,0.02,0.5
/content/drive/MyDrive/CV_Project/datasets/casia2/images/CASIA2.0_revised/Au/Au_arc_30819.jpg,0,0.5598246256510416,3,1,0.02,0.5
/content/drive/MyDrive/CV_Project/datasets/casia2/images/CASIA2.0_revised/Au/Au_arc_30820.jpg,0,0.3224894205729167,3,1,0.02,0.5
/content/drive/MyDrive/CV_Project/datasets/casia2/images/CASIA2.0_revised/Au/Au_arc_30821.jpg,0,0.423919677734375,3,1,0.02,0.5
/content/drive/MyDrive/CV_Project/datasets/casia2/images/CASIA2.0_revised/Au/Au_arc_30822.jpg,0,0.2488606770833333,3,1,0.02,0.5
/content/drive/MyDrive/CV_Project/datasets/casia2/images/CASIA2.0_revised/Au/Au_arc_30823.jpg,0,0.6761983235677084,3,1,0.02,0.5
/content/drive/MyDrive/CV_Project/datasets/casia2/images/CASIA2.0_revised/Au/Au_arc_30824.jpg,0,0.3281148274739583,3,1,0.02,0.5
/content/drive/MyDrive/CV_Project/datasets/casia2/images/CASIA2.0_revised/Au/Au_arc_30825.jpg,0,0.19842529296875,3,1,0.02,0.5
/content/drive/MyDrive/CV_Project/datasets/casia2/images/CASIA2.0_revised/Au/Au_arc_30826.jpg,0,0.1589864095052083,3,1,0.02,0.5
/content/drive/MyDrive/CV_Project/datasets/casia2/images/CASIA2.0_revised/Au/Au_arc_30827.jpg,0,0.415802001953125,3,1,0.02,0.5
/content/drive/MyDrive/CV_Project/datasets/casia2/images/CASIA2.0_revised/Au/Au_arc_30828.jpg,0,0.343597412109375,3,1,0.02,0.5
/content/drive/MyDrive/CV_Project/datasets/casia2/images/CASIA2.0_revised/Au/Au_arc_30829.jpg,0,0.1044921875,3,1,0.02,0.5
/content/drive/MyDrive/CV_Project/datasets/casia2/images/CASIA2.0_revised/Au/Au_arc_30830.jpg,0,0.4185078938802083,3,1,0.02,0.5
/content/drive/MyDrive/CV_Project/datasets/casia2/images/CASIA2.0_revised/Au/Au_arc_30831.jpg,0,0.3254292805989583,3,1,0.02,0.5
/content/drive/MyDrive/CV_Project/datasets/casia2/images/CASIA2.0_revised/Au/Au_arc_30832.jpg,0,0.2581787109375,3,1,0.02,0.5
/content/drive/MyDrive/CV_Project/datasets/casia2/images/CASIA2.0_revised/Au/Au_arc_30833.jpg,0,0.136260986328125,3,1,0.02,0.5
/content/drive/MyDrive/CV_Project/datasets/casia2/images/CASIA2.0_revised/Au/Au_arc_30834.jpg,0,0.1093953450520833,3,1,0.02,0.5
/content/drive/MyDrive/CV_Project/datasets/casia2/images/CASIA2.0_revised/Au/Au_arc_30835.jpg,0,0.3108113606770833,3,1,0.02,0.5
/content/drive/MyDrive/CV_Project/datasets/casia2/images/CASIA2.0_revised/Au/Au_arc_30836.jpg,0,0.048095703125,3,1,0.02,0.5
/content/drive/MyDrive/CV_Project/datasets/casia2/images/CASIA2.0_revised/Au/Au_arc_30837.jpg,0,0.3999532063802083,3,1,0.02,0.5
/content/drive/MyDrive/CV_Project/datasets/casia2/images/CASIA2.0_revised/Au/Au_arc_30838.jpg,0,0.23016357421875,3,1,0.02,0.5
/content/drive/MyDrive/CV_Project/datasets/casia2/images/CASIA2.0_revised/Au/Au_arc_30839.jpg,0,0.0,3,1,0.02,0.5
/content/drive/MyDrive/CV_Project/datasets/casia2/images/CASIA2.0_revised/Au/Au_arc_30840.jpg,0,0.0580240885416666,3,1,0.02,0.5
/content/drive/MyDrive/CV_Project/datasets/casia2/images/CASIA2.0_revised/Au/Au_arc_30841.jpg,0,0.1599833170572916,3,1,0.02,0.5
/content/drive/MyDrive/CV_Project/datasets/casia2/images/CASIA2.0_revised/Au/Au_arc_30842.jpg,0,0.48162841796875,3,1,0.02,0.5
/content/drive/MyDrive/CV_Project/datasets/casia2/images/CASIA2.0_revised/Au/Au_arc_30843.jpg,0,0.0869852701822916,3,1,0.02,0.5
/content/drive/MyDrive/CV_Project/datasets/casia2/images/CASIA2.0_revised/Au/Au_art_00001.jpg,0,0.4165445963541667,3,1,0.02,0.5
/content/drive/MyDrive/CV_Project/datasets/casia2/images/CASIA2.0_revised/Au/Au_art_00002.jpg,0,0.40594482421875,3,1,0.02,0.5
/content/drive/MyDrive/CV_Project/datasets/casia2/images/CASIA2.0_revised/Au/Au_art_00003.jpg,0,0.44384765625,3,1,0.02,0.5
/content/drive/MyDrive/CV_Project/datasets/casia2/images/CASIA2.0_revised/Au/Au_art_00004.jpg,0,0.0,3,1,0.02,0.5
/content/drive/MyDrive/CV_Project/datasets/casia2/images/CASIA2.0_revised/Au/Au_art_00005.jpg,0,0.1825459798177083,3,1,0.02,0.5
/content/drive/MyDrive/CV_Project/datasets/casia2/images/CASIA2.0_revised/Au/Au_art_00006.jpg,0,0.35400390625,3,1,0.02,0.5
/content/drive/MyDrive/CV_Project/datasets/casia2/images/CASIA2.0_revised/Au/Au_art_00007.jpg,0,0.3429056803385417,3,1,0.02,0.5
/content/drive/MyDrive/CV_Project/datasets/casia2/images/CASIA2.0_revised/Au/Au_art_00008.jpg,0,0.0,3,1,0.02,0.5
/content/drive/MyDrive/CV_Project/datasets/casia2/images/CASIA2.0_revised/Au/Au_art_00009.jpg,0,0.615631103515625,3,1,0.02,0.5
/content/drive/MyDrive/CV_Project/datasets/casia2/images/CASIA2.0_revised/Au/Au_art_00010.jpg,0,0.3258158365885417,3,1,0.02,0.5
/content/drive/MyDrive/CV_Project/datasets/casia2/images/CASIA2.0_revised/Au/Au_art_00011.jpg,0,0.3189290364583333,3,1,0.02,0.5
/content/drive/MyDrive/CV_Project/datasets/casia2/images/CASIA2.0_revised/Au/Au_art_00012.jpg,0,0.4660542805989583,3,1,0.02,0.5
/content/drive/MyDrive/CV_Project/datasets/casia2/images/CASIA2.0_revised/Au/Au_art_00013.jpg,0,0.4117228190104167,3,1,0.02,0.5
/content/drive/MyDrive/CV_Project/datasets/casia2/images/CASIA2.0_revised/Au/Au_art_00014.jpg,0,0.6411641438802084,3,1,0.02,0.5
/content/drive/MyDrive/CV_Project/datasets/casia2/images/CASIA2.0_revised/Au/Au_art_00015.jpg,0,0.1800333658854166,3,1,0.02,0.5
/content/drive/MyDrive/CV_Project/datasets/casia2/images/CASIA2.0_revised/Au/Au_art_00016.jpg,0,0.4977823893229167,3,1,0.02,0.5
/content/drive/MyDrive/CV_Project/datasets/casia2/images/CASIA2.0_revised/Au/Au_art_00017.jpg,0,0.7434285481770834,3,1,0.02,0.5
/content/drive/MyDrive/CV_Project/datasets/casia2/images/CASIA2.0_revised/Au/Au_art_00018.jpg,0,0.2881062825520833,3,1,0.02,0.5
/content/drive/MyDrive/CV_Project/datasets/casia2/images/CASIA2.0_revised/Au/Au_art_00019.jpg,0,0.1607259114583333,3,1,0.02,0.5
/content/drive/MyDrive/CV_Project/datasets/casia2/images/CASIA2.0_revised/Au/Au_art_00020.jpg,0,0.0,3,1,0.02,0.5
/content/drive/MyDrive/CV_Project/datasets/casia2/images/CASIA2.0_revised/Au/Au_art_00021.jpg,0,0.0,3,1,0.02,0.5
/content/drive/MyDrive/CV_Project/datasets/casia2/images/CASIA2.0_revised/Au/Au_art_00022.jpg,0,0.027099609375,3,1,0.02,0.5
/content/drive/MyDrive/CV_Project/datasets/casia2/images/CASIA2.0_revised/Au/Au_art_00023.jpg,0,0.2671305338541667,3,1,0.02,0.5
/content/drive/MyDrive/CV_Project/datasets/casia2/images/CASIA2.0_revised/Au/Au_art_00024.jpg,0,0.2238057454427083,3,1,0.02,0.5
/content/drive/MyDrive/CV_Project/datasets/casia2/images/CASIA2.0_revised/Au/Au_art_00025.jpg,0,0.026123046875,3,1,0.02,0.5
/content/drive/MyDrive/CV_Project/datasets/casia2/images/CASIA2.0_revised/Au/Au_art_00026.jpg,0,0.1779683430989583,3,1,0.02,0.5
/content/drive/MyDrive/CV_Project/datasets/casia2/images/CASIA2.0_revised/Au/Au_art_00027.jpg,0,0.61663818359375,3,1,0.02,0.5
/content/drive/MyDrive/CV_Project/datasets/casia2/images/CASIA2.0_revised/Au/Au_art_00028.jpg,0,0.0,3,1,0.02,0.5
/content/drive/MyDrive/CV_Project/datasets/casia2/images/CASIA2.0_revised/Au/Au_art_00029.jpg,0,0.264495849609375,3,1,0.02,0.5
/content/drive/MyDrive/CV_Project/datasets/casia2/images/CASIA2.0_revised/Au/Au_art_00030.jpg,0,0.0,3,1,0.02,0.5
/content/drive/MyDrive/CV_Project/datasets/casia2/images/CASIA2.0_revised/Au/Au_art_00031.jpg,0,0.074066162109375,3,1,0.02,0.5
/content/drive/MyDrive/CV_Project/datasets/casia2/images/CASIA2.0_revised/Au/Au_art_00032.jpg,0,0.112213134765625,3,1,0.02,0.5
/content/drive/MyDrive/CV_Project/datasets/casia2/images/CASIA2.0_revised/Au/Au_art_00033.jpg,0,0.6824849446614584,3,1,0.02,0.5
/content/drive/MyDrive/CV_Project/datasets/casia2/images/CASIA2.0_revised/Au/Au_art_00034.jpg,0,0.5460205078125,3,1,0.02,0.5
/content/drive/MyDrive/CV_Project/datasets/casia2/images/CASIA2.0_revised/Au/Au_art_00035.jpg,0,0.0,3,1,0.02,0.5
/content/drive/MyDrive/CV_Project/datasets/casia2/images/CASIA2.0_revised/Au/Au_art_00036.jpg,0,0.0,3,1,0.02,0.5
/content/drive/MyDrive/CV_Project/datasets/casia2/images/CASIA2.0_revised/Au/Au_art_00037.jpg,0,0.0209248860677083,3,1,0.02,0.5
/content/drive/MyDrive/CV_Project/datasets/casia2/images/CASIA2.0_revised/Au/Au_art_00038.jpg,0,0.3703104654947917,3,1,0.02,0.5
/content/drive/MyDrive/CV_Project/datasets/casia2/images/CASIA2.0_revised/Au/Au_art_00039.jpg,0,0.3766581217447917,3,1,0.02,0.5
/content/drive/MyDrive/CV_Project/datasets/casia2/images/CASIA2.0_revised/Au/Au_art_00040.jpg,0,0.6635945638020834,3,1,0.02,0.5
/content/drive/MyDrive/CV_Project/datasets/casia2/images/CASIA2.0_revised/Au/Au_art_00041.jpg,0,0.4760843912760417,3,1,0.02,0.5
/content/drive/MyDrive/CV_Project/datasets/casia2/images/CASIA2.0_revised/Au/Au_art_00042.jpg,0,0.4199117024739583,3,1,0.02,0.5
/content/drive/MyDrive/CV_Project/datasets/casia2/images/CASIA2.0_revised/Au/Au_art_00043.jpg,0,0.0,3,1,0.02,0.5
/content/drive/MyDrive/CV_Project/datasets/casia2/images/CASIA2.0_revised/Au/Au_art_00044.jpg,0,0.2232259114583333,3,1,0.02,0.5
/content/drive/MyDrive/CV_Project/datasets/casia2/images/CASIA2.0_revised/Au/Au_art_00045.jpg,0,0.7887064615885416,3,1,0.02,0.5
/content/drive/MyDrive/CV_Project/datasets/casia2/images/CASIA2.0_revised/Au/Au_art_00046.jpg,0,0.2083231608072916,3,1,0.02,0.5
/content/drive/MyDrive/CV_Project/datasets/casia2/images/CASIA2.0_revised/Au/Au_art_00047.jpg,0,0.023193359375,3,1,0.02,0.5
/content/drive/MyDrive/CV_Project/datasets/casia2/images/CASIA2.0_revised/Au/Au_art_00048.jpg,0,0.0,3,1,0.02,0.5
/content/drive/MyDrive/CV_Project/datasets/casia2/images/CASIA2.0_revised/Au/Au_art_00049.jpg,0,0.42791748046875,3,1,0.02,0.5
/content/drive/MyDrive/CV_Project/datasets/casia2/images/CASIA2.0_revised/Au/Au_art_00050.jpg,0,0.02740478515625,3,1,0.02,0.5
/content/drive/MyDrive/CV_Project/datasets/casia2/images/CASIA2.0_revised/Au/Au_art_00051.jpg,0,0.737548828125,3,1,0.02,0.5
/content/drive/MyDrive/CV_Project/datasets/casia2/images/CASIA2.0_revised/Au/Au_art_00052.jpg,0,0.130889892578125,3,1,0.02,0.5
/content/drive/MyDrive/CV_Project/datasets/casia2/images/CASIA2.0_revised/Au/Au_art_00053.jpg,0,0.0,3,1,0.02,0.5
/content/drive/MyDrive/CV_Project/datasets/casia2/images/CASIA2.0_revised/Au/Au_art_00054.jpg,0,0.049224853515625,3,1,0.02,0.5
/content/drive/MyDrive/CV_Project/datasets/casia2/images/CASIA2.0_revised/Au/Au_art_00055.jpg,0,0.4721476236979167,3,1,0.02,0.5
/content/drive/MyDrive/CV_Project/datasets/casia2/images/CASIA2.0_revised/Au/Au_art_00056.jpg,0,0.8730875651041666,3,1,0.02,0.5
/content/drive/MyDrive/CV_Project/datasets/casia2/images/CASIA2.0_revised/Au/Au_art_00057.jpg,0,0.3498331705729167,3,1,0.02,0.5
/content/drive/MyDrive/CV_Project/datasets/casia2/images/CASIA2.0_revised/Au/Au_art_00058.jpg,0,0.172027587890625,3,1,0.02,0.5
/content/drive/MyDrive/CV_Project/datasets/casia2/images/CASIA2.0_revised/Au/Au_art_00059.jpg,0,0.30865478515625,3,1,0.02,0.5
/content/drive/MyDrive/CV_Project/datasets/casia2/images/CASIA2.0_revised/Au/Au_art_00060.jpg,0,0.33807373046875,3,1,0.02,0.5
/content/drive/MyDrive/CV_Project/datasets/casia2/images/CASIA2.0_revised/Au/Au_art_00061.jpg,0,0.0914204915364583,3,1,0.02,0.5
/content/drive/MyDrive/CV_Project/datasets/casia2/images/CASIA2.0_revised/Au/Au_art_00062.jpg,0,0.0,3,1,0.02,0.5
/content/drive/MyDrive/CV_Project/datasets/casia2/images/CASIA2.0_revised/Au/Au_art_00063.jpg,0,0.315826416015625,3,1,0.02,0.5
/content/drive/MyDrive/CV_Project/datasets/casia2/images/CASIA2.0_revised/Au/Au_art_00064.jpg,0,0.0495198567708333,3,1,0.02,0.5
/content/drive/MyDrive/CV_Project/datasets/casia2/images/CASIA2.0_revised/Au/Au_art_00065.jpg,0,0.5439249674479166,3,1,0.02,0.5
/content/drive/MyDrive/CV_Project/datasets/casia2/images/CASIA2.0_revised/Au/Au_art_00066.jpg,0,0.0,3,1,0.02,0.5
/content/drive/MyDrive/CV_Project/datasets/casia2/images/CASIA2.0_revised/Au/Au_art_00067.jpg,0,0.2937825520833333,3,1,0.02,0.5
/content/drive/MyDrive/CV_Project/datasets/casia2/images/CASIA2.0_revised/Au/Au_art_00068.jpg,0,0.137786865234375,3,1,0.02,0.5
/content/drive/MyDrive/CV_Project/datasets/casia2/images/CASIA2.0_revised/Au/Au_art_00069.jpg,0,0.1103413899739583,3,1,0.02,0.5
/content/drive/MyDrive/CV_Project/datasets/casia2/images/CASIA2.0_revised/Au/Au_art_00070.jpg,0,0.6441446940104166,3,1,0.02,0.5
/content/drive/MyDrive/CV_Project/datasets/casia2/images/CASIA2.0_revised/Au/Au_art_00071.jpg,0,0.0,3,1,0.02,0.5
/content/drive/MyDrive/CV_Project/datasets/casia2/images/CASIA2.0_revised/Au/Au_art_00072.jpg,0,0.205322265625,3,1,0.02,0.5
/content/drive/MyDrive/CV_Project/datasets/casia2/images/CASIA2.0_revised/Au/Au_art_00073.jpg,0,0.345367431640625,3,1,0.02,0.5
/content/drive/MyDrive/CV_Project/datasets/casia2/images/CASIA2.0_revised/Au/Au_art_00074.jpg,0,0.404632568359375,3,1,0.02,0.5
/content/drive/MyDrive/CV_Project/datasets/casia2/images/CASIA2.0_revised/Au/Au_art_00075.jpg,0,0.1695149739583333,3,1,0.02,0.5
/content/drive/MyDrive/CV_Project/datasets/casia2/images/CASIA2.0_revised/Au/Au_art_00076.jpg,0,0.6248779296875,3,1,0.02,0.5
/content/drive/MyDrive/CV_Project/datasets/casia2/images/CASIA2.0_revised/Au/Au_art_00077.jpg,0,0.762298583984375,3,1,0.02,0.5
/content/drive/MyDrive/CV_Project/datasets/casia2/images/CASIA2.0_revised/Au/Au_art_00078.jpg,0,0.48016357421875,3,1,0.02,0.5
/content/drive/MyDrive/CV_Project/datasets/casia2/images/CASIA2.0_revised/Au/Au_art_00079.jpg,0,0.519317626953125,3,1,0.02,0.5
/content/drive/MyDrive/CV_Project/datasets/casia2/images/CASIA2.0_revised/Au/Au_art_00080.jpg,0,0.0,3,1,0.02,0.5
/content/drive/MyDrive/CV_Project/datasets/casia2/images/CASIA2.0_revised/Au/Au_art_00081.jpg,0,0.0933736165364583,3,1,0.02,0.5
/content/drive/MyDrive/CV_Project/datasets/casia2/images/CASIA2.0_revised/Au/Au_art_00082.jpg,0,0.1281840006510416,3,1,0.02,0.5
/content/drive/MyDrive/CV_Project/datasets/casia2/images/CASIA2.0_revised/Au/Au_art_00083.jpg,0,0.17340087890625,3,1,0.02,0.5
/content/drive/MyDrive/CV_Project/datasets/casia2/images/CASIA2.0_revised/Au/Au_art_00084.jpg,0,0.51165771484375,3,1,0.02,0.5
/content/drive/MyDrive/CV_Project/datasets/casia2/images/CASIA2.0_revised/Au/Au_art_00085.jpg,0,0.2856038411458333,3,1,0.02,0.5
/content/drive/MyDrive/CV_Project/datasets/casia2/images/CASIA2.0_revised/Au/Au_art_00086.jpg,0,0.4432881673177083,3,1,0.02,0.5
/content/drive/MyDrive/CV_Project/datasets/casia2/images/CASIA2.0_revised/Au/Au_art_00087.jpg,0,0.3785196940104167,3,1,0.02,0.5
/content/drive/MyDrive/CV_Project/datasets/casia2/images/CASIA2.0_revised/Au/Au_art_00088.jpg,0,0.24774169921875,3,1,0.02,0.5
/content/drive/MyDrive/CV_Project/datasets/casia2/images/CASIA2.0_revised/Au/Au_art_00089.jpg,0,0.5185038248697916,3,1,0.02,0.5
/content/drive/MyDrive/CV_Project/datasets/casia2/images/CASIA2.0_revised/Au/Au_art_00090.jpg,0,0.0202229817708333,3,1,0.02,0.5
/content/drive/MyDrive/CV_Project/datasets/casia2/images/CASIA2.0_revised/Au/Au_art_00091.jpg,0,0.03271484375,3,1,0.02,0.5
/content/drive/MyDrive/CV_Project/datasets/casia2/images/CASIA2.0_revised/Au/Au_art_00092.jpg,0,0.0892435709635416,3,1,0.02,0.5
/content/drive/MyDrive/CV_Project/datasets/casia2/images/CASIA2.0_revised/Au/Au_art_00093.jpg,0,0.251556396484375,3,1,0.02,0.5
/content/drive/MyDrive/CV_Project/datasets/casia2/images/CASIA2.0_revised/Au/Au_art_00094.jpg,0,0.3514811197916667,3,1,0.02,0.5
/content/drive/MyDrive/CV_Project/datasets/casia2/images/CASIA2.0_revised/Au/Au_art_00095.jpg,0,0.3992818196614583,3,1,0.02,0.5
/content/drive/MyDrive/CV_Project/datasets/casia2/images/CASIA2.0_revised/Au/Au_art_00096.jpg,0,0.4944966634114583,3,1,0.02,0.5
/content/drive/MyDrive/CV_Project/datasets/casia2/images/CASIA2.0_revised/Au/Au_art_00097.jpg,0,0.0,3,1,0.02,0.5
/content/drive/MyDrive/CV_Project/datasets/casia2/images/CASIA2.0_revised/Au/Au_art_00098.jpg,0,0.583251953125,3,1,0.02,0.5
/content/drive/MyDrive/CV_Project/datasets/casia2/images/CASIA2.0_revised/Au/Au_art_00099.jpg,0,0.3049418131510417,3,1,0.02,0.5
/content/drive/MyDrive/CV_Project/datasets/casia2/images/CASIA2.0_revised/Au/Au_art_00100.jpg,0,0.1450602213541666,3,1,0.02,0.5
/content/drive/MyDrive/CV_Project/datasets/casia2/images/CASIA2.0_revised/Au/Au_art_10001.jpg,0,0.6622,3,1,0.02,0.5
/content/drive/MyDrive/CV_Project/datasets/casia2/images/CASIA2.0_revised/Au/Au_art_10002.jpg,0,0.4291807228915663,3,1,0.02,0.5
/content/drive/MyDrive/CV_Project/datasets/casia2/images/CASIA2.0_revised/Au/Au_art_10003.jpg,0,0.6675775866166057,3,1,0.02,0.5
/content/drive/MyDrive/CV_Project/datasets/casia2/images/CASIA2.0_revised/Au/Au_art_10004.jpg,0,0.8113461538461538,3,1,0.02,0.5
/content/drive/MyDrive/CV_Project/datasets/casia2/images/CASIA2.0_revised/Au/Au_art_10005.jpg,0,0.430138067061144,3,1,0.02,0.5
/content/drive/MyDrive/CV_Project/datasets/casia2/images/CASIA2.0_revised/Au/Au_art_10006.jpg,0,0.513425,3,1,0.02,0.5
/content/drive/MyDrive/CV_Project/datasets/casia2/images/CASIA2.0_revised/Au/Au_art_10007.jpg,0,0.0,3,1,0.02,0.5
/content/drive/MyDrive/CV_Project/datasets/casia2/images/CASIA2.0_revised/Au/Au_art_10008.jpg,0,0.503684136376444,3,1,0.02,0.5
/content/drive/MyDrive/CV_Project/datasets/casia2/images/CASIA2.0_revised/Au/Au_art_10009.jpg,0,0.5663666666666667,3,1,0.02,0.5
/content/drive/MyDrive/CV_Project/datasets/casia2/images/CASIA2.0_revised/Au/Au_art_10010.jpg,0,0.0907682291666666,3,1,0.02,0.5
/content/drive/MyDrive/CV_Project/datasets/casia2/images/CASIA2.0_revised/Au/Au_art_10011.jpg,0,0.2206022135416666,3,1,0.02,0.5
/content/drive/MyDrive/CV_Project/datasets/casia2/images/CASIA2.0_revised/Au/Au_art_10012.jpg,0,0.09892578125,3,1,0.02,0.5
/content/drive/MyDrive/CV_Project/datasets/casia2/images/CASIA2.0_revised/Au/Au_art_10013.jpg,0,0.2579850260416667,3,1,0.02,0.5
/content/drive/MyDrive/CV_Project/datasets/casia2/images/CASIA2.0_revised/Au/Au_art_10014.jpg,0,0.8737630208333333,3,1,0.02,0.5
/content/drive/MyDrive/CV_Project/datasets/casia2/images/CASIA2.0_revised/Au/Au_art_10015.jpg,0,0.0,3,1,0.02,0.5
/content/drive/MyDrive/CV_Project/datasets/casia2/images/CASIA2.0_revised/Au/Au_art_10016.jpg,0,0.0798763020833333,3,1,0.02,0.5
/content/drive/MyDrive/CV_Project/datasets/casia2/images/CASIA2.0_revised/Au/Au_art_10017.jpg,0,0.3628515625,3,1,0.02,0.5
/content/drive/MyDrive/CV_Project/datasets/casia2/images/CASIA2.0_revised/Au/Au_art_10018.jpg,0,0.10548828125,3,1,0.02,0.5
/content/drive/MyDrive/CV_Project/datasets/casia2/images/CASIA2.0_revised/Au/Au_art_10101.jpg,0,0.4182407407407407,3,1,0.02,0.5
/content/drive/MyDrive/CV_Project/datasets/casia2/images/CASIA2.0_revised/Au/Au_art_10102.jpg,0,0.3084895833333333,3,1,0.02,0.5
/content/drive/MyDrive/CV_Project/datasets/casia2/images/CASIA2.0_revised/Au/Au_art_10103.jpg,0,0.5390986666666666,3,1,0.02,0.5
/content/drive/MyDrive/CV_Project/datasets/casia2/images/CASIA2.0_revised/Au/Au_art_10104.jpg,0,0.381008,3,1,0.02,0.5
/content/drive/MyDrive/CV_Project/datasets/casia2/images/CASIA2.0_revised/Au/Au_art_10105.jpg,0,0.3072408040364583,3,1,0.02,0.5
/content/drive/MyDrive/CV_Project/datasets/casia2/images/CASIA2.0_revised/Au/Au_art_10106.jpg,0,0.29443359375,3,1,0.02,0.5
/content/drive/MyDrive/CV_Project/datasets/casia2/images/CASIA2.0_revised/Au/Au_art_10107.jpg,0,0.1650899251302083,3,1,0.02,0.5
/content/drive/MyDrive/CV_Project/datasets/casia2/images/CASIA2.0_revised/Au/Au_art_10108.jpg,0,0.054718017578125,3,1,0.02,0.5
/content/drive/MyDrive/CV_Project/datasets/casia2/images/CASIA2.0_revised/Au/Au_art_10109.jpg,0,0.62445068359375,3,1,0.02,0.5
/content/drive/MyDrive/CV_Project/datasets/casia2/images/CASIA2.0_revised/Au/Au_art_10110.jpg,0,0.8004964192708334,3,1,0.02,0.5
/content/drive/MyDrive/CV_Project/datasets/casia2/images/CASIA2.0_revised/Au/Au_art_10111.jpg,0,0.1698811848958333,3,1,0.02,0.5
/content/drive/MyDrive/CV_Project/datasets/casia2/images/CASIA2.0_revised/Au/Au_art_10112.jpg,0,0.1411946614583333,3,1,0.02,0.5
/content/drive/MyDrive/CV_Project/datasets/casia2/images/CASIA2.0_revised/Au/Au_art_10113.jpg,0,0.1074625651041666,3,1,0.02,0.5
/content/drive/MyDrive/CV_Project/datasets/casia2/images/CASIA2.0_revised/Au/Au_art_10114.jpg,0,0.6544189453125,3,1,0.02,0.5
/content/drive/MyDrive/CV_Project/datasets/casia2/images/CASIA2.0_revised/Au/Au_art_10115.jpg,0,0.0,3,1,0.02,0.5
/content/drive/MyDrive/CV_Project/datasets/casia2/images/CASIA2.0_revised/Au/Au_art_10116.jpg,0,0.3515625,3,1,0.02,0.5
/content/drive/MyDrive/CV_Project/datasets/casia2/images/CASIA2.0_revised/Au/Au_art_20001.jpg,0,0.4423,3,1,0.02,0.5
/content/drive/MyDrive/CV_Project/datasets/casia2/images/CASIA2.0_revised/Au/Au_art_20002.jpg,0,0.2407770833333333,3,1,0.02,0.5
/content/drive/MyDrive/CV_Project/datasets/casia2/images/CASIA2.0_revised/Au/Au_art_20003.jpg,0,0.0320246138996139,3,1,0.02,0.5
/content/drive/MyDrive/CV_Project/datasets/casia2/images/CASIA2.0_revised/Au/Au_art_20004.jpg,0,0.6515798611111111,3,1,0.02,0.5
/content/drive/MyDrive/CV_Project/datasets/casia2/images/CASIA2.0_revised/Au/Au_art_20005.jpg,0,0.1170089285714285,3,1,0.02,0.5
/content/drive/MyDrive/CV_Project/datasets/casia2/images/CASIA2.0_revised/Au/Au_art_20006.jpg,0,0.6871676587301587,3,1,0.02,0.5
/content/drive/MyDrive/CV_Project/datasets/casia2/images/CASIA2.0_revised/Au/Au_art_20007.jpg,0,0.9661270236612702,3,1,0.02,0.5
/content/drive/MyDrive/CV_Project/datasets/casia2/images/CASIA2.0_revised/Au/Au_art_20008.jpg,0,0.3295584415584415,3,1,0.02,0.5
/content/drive/MyDrive/CV_Project/datasets/casia2/images/CASIA2.0_revised/Au/Au_art_20009.jpg,0,0.4791824833580899,3,1,0.02,0.5
/content/drive/MyDrive/CV_Project/datasets/casia2/images/CASIA2.0_revised/Au/Au_art_20010.jpg,0,0.0643312101910828,3,1,0.02,0.5
/content/drive/MyDrive/CV_Project/datasets/casia2/images/CASIA2.0_revised/Au/Au_art_20011.jpg,0,0.2948060220034742,3,1,0.02,0.5
/content/drive/MyDrive/CV_Project/datasets/casia2/images/CASIA2.0_revised/Au/Au_art_20012.jpg,0,0.0504720279720279,3,1,0.02,0.5
/content/drive/MyDrive/CV_Project/datasets/casia2/images/CASIA2.0_revised/Au/Au_art_20013.jpg,0,0.0668688524590163,3,1,0.02,0.5
/content/drive/MyDrive/CV_Project/datasets/casia2/images/CASIA2.0_revised/Au/Au_art_20014.jpg,0,0.1143728423475258,3,1,0.02,0.5
/content/drive/MyDrive/CV_Project/datasets/casia2/images/CASIA2.0_revised/Au/Au_art_20015.jpg,0,0.3529463298181061,3,1,0.02,0.5
/content/drive/MyDrive/CV_Project/datasets/casia2/images/CASIA2.0_revised/Au/Au_art_20016.jpg,0,0.029090909090909,3,1,0.02,0.5
/content/drive/MyDrive/CV_Project/datasets/casia2/images/CASIA2.0_revised/Au/Au_art_20017.jpg,0,0.2624978216671507,3,1,0.02,0.5
/content/drive/MyDrive/CV_Project/datasets/casia2/images/CASIA2.0_revised/Au/Au_art_20018.jpg,0,0.3830851457557747,3,1,0.02,0.5
/content/drive/MyDrive/CV_Project/datasets/casia2/images/CASIA2.0_revised/Au/Au_art_20019.jpg,0,0.7231384226083353,3,1,0.02,0.5
/content/drive/MyDrive/CV_Project/datasets/casia2/images/CASIA2.0_revised/Au/Au_art_20020.jpg,0,0.3995569620253164,3,1,0.02,0.5
/content/drive/MyDrive/CV_Project/datasets/casia2/images/CASIA2.0_revised/Au/Au_art_20021.jpg,0,0.4597625450487532,3,1,0.02,0.5
/content/drive/MyDrive/CV_Project/datasets/casia2/images/CASIA2.0_revised/Au/Au_art_20022.jpg,0,0.528591594927335,3,1,0.02,0.5
/content/drive/MyDrive/CV_Project/datasets/casia2/images/CASIA2.0_revised/Au/Au_art_20023.jpg,0,0.234042662753125,3,1,0.02,0.5
/content/drive/MyDrive/CV_Project/datasets/casia2/images/CASIA2.0_revised/Au/Au_art_20024.jpg,0,0.1242517605633802,3,1,0.02,0.5
/content/drive/MyDrive/CV_Project/datasets/casia2/images/CASIA2.0_revised/Au/Au_art_20025.jpg,0,0.3577733037119319,3,1,0.02,0.5
/content/drive/MyDrive/CV_Project/datasets/casia2/images/CASIA2.0_revised/Au/Au_art_20026.jpg,0,0.1707592429577464,3,1,0.02,0.5
/content/drive/MyDrive/CV_Project/datasets/casia2/images/CASIA2.0_revised/Au/Au_art_20027.jpg,0,0.3882578913264833,3,1,0.02,0.5
/content/drive/MyDrive/CV_Project/datasets/casia2/images/CASIA2.0_revised/Au/Au_art_20028.jpg,0,0.252761316872428,3,1,0.02,0.5
/content/drive/MyDrive/CV_Project/datasets/casia2/images/CASIA2.0_revised/Au/Au_art_20029.jpg,0,0.5276688453159042,3,1,0.02,0.5
/content/drive/MyDrive/CV_Project/datasets/casia2/images/CASIA2.0_revised/Au/Au_art_20030.jpg,0,0.9801026904908604,3,1,0.02,0.5
/content/drive/MyDrive/CV_Project/datasets/casia2/images/CASIA2.0_revised/Au/Au_art_20031.jpg,0,0.9667055677121322,3,1,0.02,0.5
/content/drive/MyDrive/CV_Project/datasets/casia2/images/CASIA2.0_revised/Au/Au_art_20032.jpg,0,0.5013573573573573,3,1,0.02,0.5
/content/drive/MyDrive/CV_Project/datasets/casia2/images/CASIA2.0_revised/Au/Au_art_20033.jpg,0,0.3112190336031395,3,1,0.02,0.5
/content/drive/MyDrive/CV_Project/datasets/casia2/images/CASIA2.0_revised/Au/Au_art_20034.jpg,0,0.4423691945914168,3,1,0.02,0.5
/content/drive/MyDrive/CV_Project/datasets/casia2/images/CASIA2.0_revised/Au/Au_art_20035.jpg,0,0.8695437129919888,3,1,0.02,0.5
/content/drive/MyDrive/CV_Project/datasets/casia2/images/CASIA2.0_revised/Au/Au_art_20036.jpg,0,0.3681072796934866,3,1,0.02,0.5
/content/drive/MyDrive/CV_Project/datasets/casia2/images/CASIA2.0_revised/Au/Au_art_20037.jpg,0,0.0,3,1,0.02,0.5
/content/drive/MyDrive/CV_Project/datasets/casia2/images/CASIA2.0_revised/Au/Au_art_20038.jpg,0,0.4188640132669983,3,1,0.02,0.5
/content/drive/MyDrive/CV_Project/datasets/casia2/images/CASIA2.0_revised/Au/Au_art_20039.jpg,0,0.0,3,1,0.02,0.5
/content/drive/MyDrive/CV_Project/datasets/casia2/images/CASIA2.0_revised/Au/Au_art_20040.jpg,0,0.3885603996366939,3,1,0.02,0.5
/content/drive/MyDrive/CV_Project/datasets/casia2/images/CASIA2.0_revised/Au/Au_art_20041.jpg,0,0.1168392370572207,3,1,0.02,0.5
/content/drive/MyDrive/CV_Project/datasets/casia2/images/CASIA2.0_revised/Au/Au_art_20042.jpg,0,0.1571604938271605,3,1,0.02,0.5
/content/drive/MyDrive/CV_Project/datasets/casia2/images/CASIA2.0_revised/Au/Au_art_20043.jpg,0,0.1664122807017543,3,1,0.02,0.5
/content/drive/MyDrive/CV_Project/datasets/casia2/images/CASIA2.0_revised/Au/Au_art_20044.jpg,0,0.2474909909909909,3,1,0.02,0.5
/content/drive/MyDrive/CV_Project/datasets/casia2/images/CASIA2.0_revised/Au/Au_art_20045.jpg,0,0.3713962765957447,3,1,0.02,0.5
/content/drive/MyDrive/CV_Project/datasets/casia2/images/CASIA2.0_revised/Au/Au_art_20046.jpg,0,0.4315941385435168,3,1,0.02,0.5
/content/drive/MyDrive/CV_Project/datasets/casia2/images/CASIA2.0_revised/Au/Au_art_20047.jpg,0,0.4116681494661922,3,1,0.02,0.5
/content/drive/MyDrive/CV_Project/datasets/casia2/images/CASIA2.0_revised/Au/Au_art_20048.jpg,0,0.2173677248677248,3,1,0.02,0.5
/content/drive/MyDrive/CV_Project/datasets/casia2/images/CASIA2.0_revised/Au/Au_art_20049.jpg,0,0.5779416666666667,3,1,0.02,0.5
/content/drive/MyDrive/CV_Project/datasets/casia2/images/CASIA2.0_revised/Au/Au_art_20050.jpg,0,0.2614901256732495,3,1,0.02,0.5
/content/drive/MyDrive/CV_Project/datasets/casia2/images/CASIA2.0_revised/Au/Au_art_20051.jpg,0,0.4436995305164319,3,1,0.02,0.5
/content/drive/MyDrive/CV_Project/datasets/casia2/images/CASIA2.0_revised/Au/Au_art_20052.jpg,0,0.2161837204940653,3,1,0.02,0.5
/content/drive/MyDrive/CV_Project/datasets/casia2/images/CASIA2.0_revised/Au/Au_art_20053.jpg,0,0.1740709617180205,3,1,0.02,0.5
/content/drive/MyDrive/CV_Project/datasets/casia2/images/CASIA2.0_revised/Au/Au_art_20054.jpg,0,0.2001197789426247,3,1,0.02,0.5
/content/drive/MyDrive/CV_Project/datasets/casia2/images/CASIA2.0_revised/Au/Au_art_20055.jpg,0,0.0,3,1,0.02,0.5
/content/drive/MyDrive/CV_Project/datasets/casia2/images/CASIA2.0_revised/Au/Au_art_20056.jpg,0,0.5022168550993501,3,1,0.02,0.5
/content/drive/MyDrive/CV_Project/datasets/casia2/images/CASIA2.0_revised/Au/Au_art_20057.jpg,0,0.2461626625959025,3,1,0.02,0.5
/content/drive/MyDrive/CV_Project/datasets/casia2/images/CASIA2.0_revised/Au/Au_art_20058.jpg,0,0.0648096850312916,3,1,0.02,0.5
/content/drive/MyDrive/CV_Project/datasets/casia2/images/CASIA2.0_revised/Au/Au_art_20059.jpg,0,0.2457962962962963,3,1,0.02,0.5
/content/drive/MyDrive/CV_Project/datasets/casia2/images/CASIA2.0_revised/Au/Au_art_20060.jpg,0,0.0873233790026711,3,1,0.02,0.5
/content/drive/MyDrive/CV_Project/datasets/casia2/images/CASIA2.0_revised/Au/Au_art_20061.jpg,0,0.4788977159880834,3,1,0.02,0.5
/content/drive/MyDrive/CV_Project/datasets/casia2/images/CASIA2.0_revised/Au/Au_art_20062.jpg,0,0.1569308469308469,3,1,0.02,0.5
/content/drive/MyDrive/CV_Project/datasets/casia2/images/CASIA2.0_revised/Au/Au_art_20063.jpg,0,0.1472585669781931,3,1,0.02,0.5
/content/drive/MyDrive/CV_Project/datasets/casia2/images/CASIA2.0_revised/Au/Au_art_20064.jpg,0,0.6019640062597809,3,1,0.02,0.5
/content/drive/MyDrive/CV_Project/datasets/casia2/images/CASIA2.0_revised/Au/Au_art_20065.jpg,0,0.4066751700680272,3,1,0.02,0.5
/content/drive/MyDrive/CV_Project/datasets/casia2/images/CASIA2.0_revised/Au/Au_art_20066.jpg,0,0.0533429118773946,3,1,0.02,0.5
/content/drive/MyDrive/CV_Project/datasets/casia2/images/CASIA2.0_revised/Au/Au_art_20067.jpg,0,0.1838687270443602,3,1,0.02,0.5
/content/drive/MyDrive/CV_Project/datasets/casia2/images/CASIA2.0_revised/Au/Au_art_20068.jpg,0,0.0452255309433746,3,1,0.02,0.5
/content/drive/MyDrive/CV_Project/datasets/casia2/images/CASIA2.0_revised/Au/Au_art_20069.jpg,0,0.0929094650205761,3,1,0.02,0.5
/content/drive/MyDrive/CV_Project/datasets/casia2/images/CASIA2.0_revised/Au/Au_art_20070.jpg,0,0.2549433325295394,3,1,0.02,0.5
/content/drive/MyDrive/CV_Project/datasets/casia2/images/CASIA2.0_revised/Au/Au_art_20071.jpg,0,0.1855879967558799,3,1,0.02,0.5
/content/drive/MyDrive/CV_Project/datasets/casia2/images/CASIA2.0_revised/Au/Au_art_20072.jpg,0,0.093201923076923,3,1,0.02,0.5
/content/drive/MyDrive/CV_Project/datasets/casia2/images/CASIA2.0_revised/Au/Au_art_20073.jpg,0,0.3871976047904191,3,1,0.02,0.5
/content/drive/MyDrive/CV_Project/datasets/casia2/images/CASIA2.0_revised/Au/Au_art_20074.jpg,0,0.1144853333333333,3,1,0.02,0.5
/content/drive/MyDrive/CV_Project/datasets/casia2/images/CASIA2.0_revised/Au/Au_art_20075.jpg,0,0.6761148904006047,3,1,0.02,0.5
/content/drive/MyDrive/CV_Project/datasets/casia2/images/CASIA2.0_revised/Au/Au_art_20076.jpg,0,0.0327270833333333,3,1,0.02,0.5
/content/drive/MyDrive/CV_Project/datasets/casia2/images/CASIA2.0_revised/Au/Au_art_20077.jpg,0,0.5518268049899813,3,1,0.02,0.5
/content/drive/MyDrive/CV_Project/datasets/casia2/images/CASIA2.0_revised/Au/Au_art_20078.jpg,0,0.3685645833333333,3,1,0.02,0.5
/content/drive/MyDrive/CV_Project/datasets/casia2/images/CASIA2.0_revised/Au/Au_art_20079.jpg,0,0.3617583333333333,3,1,0.02,0.5
/content/drive/MyDrive/CV_Project/datasets/casia2/images/CASIA2.0_revised/Au/Au_art_20080.jpg,0,0.2682895833333333,3,1,0.02,0.5
/content/drive/MyDrive/CV_Project/datasets/casia2/images/CASIA2.0_revised/Au/Au_art_20081.jpg,0,0.6895125,3,1,0.02,0.5
/content/drive/MyDrive/CV_Project/datasets/casia2/images/CASIA2.0_revised/Au/Au_art_20082.jpg,0,0.4707487931680019,3,1,0.02,0.5
/content/drive/MyDrive/CV_Project/datasets/casia2/images/CASIA2.0_revised/Au/Au_art_20083.jpg,0,0.1169554614298549,3,1,0.02,0.5
/content/drive/MyDrive/CV_Project/datasets/casia2/images/CASIA2.0_revised/Au/Au_art_20084.jpg,0,0.1812791666666666,3,1,0.02,0.5
/content/drive/MyDrive/CV_Project/datasets/casia2/images/CASIA2.0_revised/Au/Au_art_20085.jpg,0,0.4870354166666666,3,1,0.02,0.5
/content/drive/MyDrive/CV_Project/datasets/casia2/images/CASIA2.0_revised/Au/Au_art_20086.jpg,0,0.3597416666666667,3,1,0.02,0.5
/content/drive/MyDrive/CV_Project/datasets/casia2/images/CASIA2.0_revised/Au/Au_art_20087.jpg,0,0.2704803240740741,3,1,0.02,0.5
/content/drive/MyDrive/CV_Project/datasets/casia2/images/CASIA2.0_revised/Au/Au_art_20088.jpg,0,0.4690596064814815,3,1,0.02,0.5
/content/drive/MyDrive/CV_Project/datasets/casia2/images/CASIA2.0_revised/Au/Au_art_20089.jpg,0,0.0762729380923573,3,1,0.02,0.5
/content/drive/MyDrive/CV_Project/datasets/casia2/images/CASIA2.0_revised/Au/Au_art_20090.jpg,0,0.2211834944658059,3,1,0.02,0.5
/content/drive/MyDrive/CV_Project/datasets/casia2/images/CASIA2.0_revised/Au/Au_art_20091.jpg,0,0.088235294117647,3,1,0.02,0.5
/content/drive/MyDrive/CV_Project/datasets/casia2/images/CASIA2.0_revised/Au/Au_art_20092.jpg,0,0.585325,3,1,0.02,0.5
/content/drive/MyDrive/CV_Project/datasets/casia2/images/CASIA2.0_revised/Au/Au_art_20093.jpg,0,0.2590833333333333,3,1,0.02,0.5
/content/drive/MyDrive/CV_Project/datasets/casia2/images/CASIA2.0_revised/Au/Au_art_20094.jpg,0,0.3113125,3,1,0.02,0.5
/content/drive/MyDrive/CV_Project/datasets/casia2/images/CASIA2.0_revised/Au/Au_art_30001.jpg,0,0.0,3,1,0.02,0.5
/content/drive/MyDrive/CV_Project/datasets/casia2/images/CASIA2.0_revised/Au/Au_art_30002.jpg,0,0.0,3,1,0.02,0.5
/content/drive/MyDrive/CV_Project/datasets/casia2/images/CASIA2.0_revised/Au/Au_art_30003.jpg,0,0.0,3,1,0.02,0.5
/content/drive/MyDrive/CV_Project/datasets/casia2/images/CASIA2.0_revised/Au/Au_art_30004.jpg,0,0.3066507975260417,3,1,0.02,0.5
/content/drive/MyDrive/CV_Project/datasets/casia2/images/CASIA2.0_revised/Au/Au_art_30005.jpg,0,0.114898681640625,3,1,0.02,0.5
/content/drive/MyDrive/CV_Project/datasets/casia2/images/CASIA2.0_revised/Au/Au_art_30006.jpg,0,0.24578857421875,3,1,0.02,0.5
/content/drive/MyDrive/CV_Project/datasets/casia2/images/CASIA2.0_revised/Au/Au_art_30007.jpg,0,0.2177225748697916,3,1,0.02,0.5
/content/drive/MyDrive/CV_Project/datasets/casia2/images/CASIA2.0_revised/Au/Au_art_30008.jpg,0,0.3414408365885417,3,1,0.02,0.5
/content/drive/MyDrive/CV_Project/datasets/casia2/images/CASIA2.0_revised/Au/Au_art_30009.jpg,0,0.085479736328125,3,1,0.02,0.5
/content/drive/MyDrive/CV_Project/datasets/casia2/images/CASIA2.0_revised/Au/Au_art_30010.jpg,0,0.0,3,1,0.02,0.5
/content/drive/MyDrive/CV_Project/datasets/casia2/images/CASIA2.0_revised/Au/Au_art_30011.jpg,0,0.2179056803385416,3,1,0.02,0.5
/content/drive/MyDrive/CV_Project/datasets/casia2/images/CASIA2.0_revised/Au/Au_art_30012.jpg,0,0.1900634765625,3,1,0.02,0.5
/content/drive/MyDrive/CV_Project/datasets/casia2/images/CASIA2.0_revised/Au/Au_art_30013.jpg,0,0.2617696126302083,3,1,0.02,0.5
/content/drive/MyDrive/CV_Project/datasets/casia2/images/CASIA2.0_revised/Au/Au_art_30014.jpg,0,0.0783793131510416,3,1,0.02,0.5
/content/drive/MyDrive/CV_Project/datasets/casia2/images/CASIA2.0_revised/Au/Au_art_30015.jpg,0,0.04254150390625,3,1,0.02,0.5
/content/drive/MyDrive/CV_Project/datasets/casia2/images/CASIA2.0_revised/Au/Au_art_30016.jpg,0,0.0228780110677083,3,1,0.02,0.5
/content/drive/MyDrive/CV_Project/datasets/casia2/images/CASIA2.0_revised/Au/Au_art_30017.jpg,0,0.2184855143229166,3,1,0.02,0.5
/content/drive/MyDrive/CV_Project/datasets/casia2/images/CASIA2.0_revised/Au/Au_art_30018.jpg,0,0.137481689453125,3,1,0.02,0.5
/content/drive/MyDrive/CV_Project/datasets/casia2/images/CASIA2.0_revised/Au/Au_art_30019.jpg,0,0.3213704427083333,3,1,0.02,0.5
/content/drive/MyDrive/CV_Project/datasets/casia2/images/CASIA2.0_revised/Au/Au_art_30020.jpg,0,0.4612833658854167,3,1,0.02,0.5
/content/drive/MyDrive/CV_Project/datasets/casia2/images/CASIA2.0_revised/Au/Au_art_30021.jpg,0,0.159332275390625,3,1,0.02,0.5
/content/drive/MyDrive/CV_Project/datasets/casia2/images/CASIA2.0_revised/Au/Au_art_30022.jpg,0,0.1055399576822916,3,1,0.02,0.5
/content/drive/MyDrive/CV_Project/datasets/casia2/images/CASIA2.0_revised/Au/Au_art_30023.jpg,0,0.7907307942708334,3,1,0.02,0.5
/content/drive/MyDrive/CV_Project/datasets/casia2/images/CASIA2.0_revised/Au/Au_art_30024.jpg,0,0.3113810221354167,3,1,0.02,0.5
/content/drive/MyDrive/CV_Project/datasets/casia2/images/CASIA2.0_revised/Au/Au_art_30025.jpg,0,0.097869873046875,3,1,0.02,0.5
/content/drive/MyDrive/CV_Project/datasets/casia2/images/CASIA2.0_revised/Au/Au_art_30026.jpg,0,0.71197509765625,3,1,0.02,0.5
/content/drive/MyDrive/CV_Project/datasets/casia2/images/CASIA2.0_revised/Au/Au_art_30027.jpg,0,0.0,3,1,0.02,0.5
/content/drive/MyDrive/CV_Project/datasets/casia2/images/CASIA2.0_revised/Au/Au_art_30028.jpg,0,0.5303751627604166,3,1,0.02,0.5
/content/drive/MyDrive/CV_Project/datasets/casia2/images/CASIA2.0_revised/Au/Au_art_30029.jpg,0,0.31854248046875,3,1,0.02,0.5
/content/drive/MyDrive/CV_Project/datasets/casia2/images/CASIA2.0_revised/Au/Au_art_30030.jpg,0,0.2497049967447916,3,1,0.02,0.5
/content/drive/MyDrive/CV_Project/datasets/casia2/images/CASIA2.0_revised/Au/Au_art_30031.jpg,0,0.4760030110677083,3,1,0.02,0.5
/content/drive/MyDrive/CV_Project/datasets/casia2/images/CASIA2.0_revised/Au/Au_art_30032.jpg,0,0.118499755859375,3,1,0.02,0.5
/content/drive/MyDrive/CV_Project/datasets/casia2/images/CASIA2.0_revised/Au/Au_art_30033.jpg,0,0.0,3,1,0.02,0.5
/content/drive/MyDrive/CV_Project/datasets/casia2/images/CASIA2.0_revised/Au/Au_art_30034.jpg,0,0.0299580891927083,3,1,0.02,0.5
/content/drive/MyDrive/CV_Project/datasets/casia2/images/CASIA2.0_revised/Au/Au_art_30035.jpg,0,0.0843709309895833,3,1,0.02,0.5
/content/drive/MyDrive/CV_Project/datasets/casia2/images/CASIA2.0_revised/Au/Au_art_30036.jpg,0,0.0,3,1,0.02,0.5
/content/drive/MyDrive/CV_Project/datasets/casia2/images/CASIA2.0_revised/Au/Au_art_30037.jpg,0,0.1753438313802083,3,1,0.02,0.5
/content/drive/MyDrive/CV_Project/datasets/casia2/images/CASIA2.0_revised/Au/Au_art_30038.jpg,0,0.1573079427083333,3,1,0.02,0.5
/content/drive/MyDrive/CV_Project/datasets/casia2/images/CASIA2.0_revised/Au/Au_art_30039.jpg,0,0.664581298828125,3,1,0.02,0.5
/content/drive/MyDrive/CV_Project/datasets/casia2/images/CASIA2.0_revised/Au/Au_art_30040.jpg,0,0.0302225748697916,3,1,0.02,0.5
/content/drive/MyDrive/CV_Project/datasets/casia2/images/CASIA2.0_revised/Au/Au_art_30041.jpg,0,0.544677734375,3,1,0.02,0.5
/content/drive/MyDrive/CV_Project/datasets/casia2/images/CASIA2.0_revised/Au/Au_art_30042.jpg,0,0.0,3,1,0.02,0.5
/content/drive/MyDrive/CV_Project/datasets/casia2/images/CASIA2.0_revised/Au/Au_art_30043.jpg,0,0.0,3,1,0.02,0.5
/content/drive/MyDrive/CV_Project/datasets/casia2/images/CASIA2.0_revised/Au/Au_art_30044.jpg,0,0.0,3,1,0.02,0.5
/content/drive/MyDrive/CV_Project/datasets/casia2/images/CASIA2.0_revised/Au/Au_art_30045.jpg,0,0.35357666015625,3,1,0.02,0.5
/content/drive/MyDrive/CV_Project/datasets/casia2/images/CASIA2.0_revised/Au/Au_art_30046.jpg,0,0.64422607421875,3,1,0.02,0.5
/content/drive/MyDrive/CV_Project/datasets/casia2/images/CASIA2.0_revised/Au/Au_art_30047.jpg,0,0.1410420735677083,3,1,0.02,0.5
/content/drive/MyDrive/CV_Project/datasets/casia2/images/CASIA2.0_revised/Au/Au_art_30048.jpg,0,0.0,3,1,0.02,0.5
/content/drive/MyDrive/CV_Project/datasets/casia2/images/CASIA2.0_revised/Au/Au_art_30049.jpg,0,0.1886494954427083,3,1,0.02,0.5
/content/drive/MyDrive/CV_Project/datasets/casia2/images/CASIA2.0_revised/Au/Au_art_30050.jpg,0,0.196258544921875,3,1,0.02,0.5
/content/drive/MyDrive/CV_Project/datasets/casia2/images/CASIA2.0_revised/Au/Au_art_30051.jpg,0,0.3067118326822917,3,1,0.02,0.5
/content/drive/MyDrive/CV_Project/datasets/casia2/images/CASIA2.0_revised/Au/Au_art_30052.jpg,0,0.0545450846354166,3,1,0.02,0.5
/content/drive/MyDrive/CV_Project/datasets/casia2/images/CASIA2.0_revised/Au/Au_art_30053.jpg,0,0.164794921875,3,1,0.02,0.5
/content/drive/MyDrive/CV_Project/datasets/casia2/images/CASIA2.0_revised/Au/Au_art_30054.jpg,0,0.8136800130208334,3,1,0.02,0.5
/content/drive/MyDrive/CV_Project/datasets/casia2/images/CASIA2.0_revised/Au/Au_art_30055.jpg,0,0.7309163411458334,3,1,0.02,0.5
/content/drive/MyDrive/CV_Project/datasets/casia2/images/CASIA2.0_revised/Au/Au_art_30056.jpg,0,0.4668477376302083,3,1,0.02,0.5
/content/drive/MyDrive/CV_Project/datasets/casia2/images/CASIA2.0_revised/Au/Au_art_30057.jpg,0,0.4326883951822917,3,1,0.02,0.5
/content/drive/MyDrive/CV_Project/datasets/casia2/images/CASIA2.0_revised/Au/Au_art_30058.jpg,0,0.3646952311197917,3,1,0.02,0.5
/content/drive/MyDrive/CV_Project/datasets/casia2/images/CASIA2.0_revised/Au/Au_art_30059.jpg,0,0.0873209635416666,3,1,0.02,0.5
/content/drive/MyDrive/CV_Project/datasets/casia2/images/CASIA2.0_revised/Au/Au_art_30060.jpg,0,0.45684814453125,3,1,0.02,0.5
/content/drive/MyDrive/CV_Project/datasets/casia2/images/CASIA2.0_revised/Au/Au_art_30061.jpg,0,0.1525777180989583,3,1,0.02,0.5
/content/drive/MyDrive/CV_Project/datasets/casia2/images/CASIA2.0_revised/Au/Au_art_30062.jpg,0,0.7454020182291666,3,1,0.02,0.5
/content/drive/MyDrive/CV_Project/datasets/casia2/images/CASIA2.0_revised/Au/Au_art_30063.jpg,0,0.1370442708333333,3,1,0.02,0.5
/content/drive/MyDrive/CV_Project/datasets/casia2/images/CASIA2.0_revised/Au/Au_art_30064.jpg,0,0.333831787109375,3,1,0.02,0.5
/content/drive/MyDrive/CV_Project/datasets/casia2/images/CASIA2.0_revised/Au/Au_art_30065.jpg,0,0.4967244466145833,3,1,0.02,0.5
/content/drive/MyDrive/CV_Project/datasets/casia2/images/CASIA2.0_revised/Au/Au_art_30066.jpg,0,0.2527974446614583,3,1,0.02,0.5
/content/drive/MyDrive/CV_Project/datasets/casia2/images/CASIA2.0_revised/Au/Au_art_30067.jpg,0,0.0552775065104166,3,1,0.02,0.5
/content/drive/MyDrive/CV_Project/datasets/casia2/images/CASIA2.0_revised/Au/Au_art_30068.jpg,0,0.0211181640625,3,1,0.02,0.5
/content/drive/MyDrive/CV_Project/datasets/casia2/images/CASIA2.0_revised/Au/Au_art_30069.jpg,0,0.0,3,1,0.02,0.5
/content/drive/MyDrive/CV_Project/datasets/casia2/images/CASIA2.0_revised/Au/Au_art_30070.jpg,0,0.0,3,1,0.02,0.5
/content/drive/MyDrive/CV_Project/datasets/casia2/images/CASIA2.0_revised/Au/Au_art_30071.jpg,0,0.072967529296875,3,1,0.02,0.5
/content/drive/MyDrive/CV_Project/datasets/casia2/images/CASIA2.0_revised/Au/Au_art_30072.jpg,0,0.023101806640625,3,1,0.02,0.5
/content/drive/MyDrive/CV_Project/datasets/casia2/images/CASIA2.0_revised/Au/Au_art_30073.jpg,0,0.3121134440104167,3,1,0.02,0.5
/content/drive/MyDrive/CV_Project/datasets/casia2/images/CASIA2.0_revised/Au/Au_art_30074.jpg,0,0.0943501790364583,3,1,0.02,0.5
/content/drive/MyDrive/CV_Project/datasets/casia2/images/CASIA2.0_revised/Au/Au_art_30075.jpg,0,0.7926839192708334,3,1,0.02,0.5
/content/drive/MyDrive/CV_Project/datasets/casia2/images/CASIA2.0_revised/Au/Au_art_30076.jpg,0,0.3991190592447917,3,1,0.02,0.5
/content/drive/MyDrive/CV_Project/datasets/casia2/images/CASIA2.0_revised/Au/Au_art_30077.jpg,0,0.0,3,1,0.02,0.5
/content/drive/MyDrive/CV_Project/datasets/casia2/images/CASIA2.0_revised/Au/Au_art_30078.jpg,0,0.0,3,1,0.02,0.5
/content/drive/MyDrive/CV_Project/datasets/casia2/images/CASIA2.0_revised/Au/Au_art_30079.jpg,0,0.1347249348958333,3,1,0.02,0.5
/content/drive/MyDrive/CV_Project/datasets/casia2/images/CASIA2.0_revised/Au/Au_art_30080.jpg,0,0.369415283203125,3,1,0.02,0.5
/content/drive/MyDrive/CV_Project/datasets/casia2/images/CASIA2.0_revised/Au/Au_art_30081.jpg,0,0.03692626953125,3,1,0.02,0.5
/content/drive/MyDrive/CV_Project/datasets/casia2/images/CASIA2.0_revised/Au/Au_art_30082.jpg,0,0.5168558756510416,3,1,0.02,0.5
/content/drive/MyDrive/CV_Project/datasets/casia2/images/CASIA2.0_revised/Au/Au_art_30083.jpg,0,0.0991617838541666,3,1,0.02,0.5
/content/drive/MyDrive/CV_Project/datasets/casia2/images/CASIA2.0_revised/Au/Au_art_30084.jpg,0,0.1551615397135416,3,1,0.02,0.5
/content/drive/MyDrive/CV_Project/datasets/casia2/images/CASIA2.0_revised/Au/Au_art_30085.jpg,0,0.1299641927083333,3,1,0.02,0.5
/content/drive/MyDrive/CV_Project/datasets/casia2/images/CASIA2.0_revised/Au/Au_art_30086.jpg,0,0.1746419270833333,3,1,0.02,0.5
/content/drive/MyDrive/CV_Project/datasets/casia2/images/CASIA2.0_revised/Au/Au_art_30087.jpg,0,0.13189697265625,3,1,0.02,0.5
/content/drive/MyDrive/CV_Project/datasets/casia2/images/CASIA2.0_revised/Au/Au_art_30088.jpg,0,0.8003438313802084,3,1,0.02,0.5
/content/drive/MyDrive/CV_Project/datasets/casia2/images/CASIA2.0_revised/Au/Au_art_30089.jpg,0,0.0679219563802083,3,1,0.02,0.5
/content/drive/MyDrive/CV_Project/datasets/casia2/images/CASIA2.0_revised/Au/Au_art_30090.jpg,0,0.0909016927083333,3,1,0.02,0.5
/content/drive/MyDrive/CV_Project/datasets/casia2/images/CASIA2.0_revised/Au/Au_art_30091.jpg,0,0.0,3,1,0.02,0.5
/content/drive/MyDrive/CV_Project/datasets/casia2/images/CASIA2.0_revised/Au/Au_art_30092.jpg,0,0.3336181640625,3,1,0.02,0.5
/content/drive/MyDrive/CV_Project/datasets/casia2/images/CASIA2.0_revised/Au/Au_art_30093.jpg,0,0.5216267903645834,3,1,0.02,0.5
/content/drive/MyDrive/CV_Project/datasets/casia2/images/CASIA2.0_revised/Au/Au_art_30094.jpg,0,0.0,3,1,0.02,0.5
/content/drive/MyDrive/CV_Project/datasets/casia2/images/CASIA2.0_revised/Au/Au_art_30095.jpg,0,0.493804931640625,3,1,0.02,0.5
/content/drive/MyDrive/CV_Project/datasets/casia2/images/CASIA2.0_revised/Au/Au_art_30096.jpg,0,0.0,3,1,0.02,0.5
/content/drive/MyDrive/CV_Project/datasets/casia2/images/CASIA2.0_revised/Au/Au_art_30097.jpg,0,0.24725341796875,3,1,0.02,0.5
/content/drive/MyDrive/CV_Project/datasets/casia2/images/CASIA2.0_revised/Au/Au_art_30098.jpg,0,0.4503377278645833,3,1,0.02,0.5
/content/drive/MyDrive/CV_Project/datasets/casia2/images/CASIA2.0_revised/Au/Au_art_30099.jpg,0,0.4051310221354167,3,1,0.02,0.5
/content/drive/MyDrive/CV_Project/datasets/casia2/images/CASIA2.0_revised/Au/Au_art_30100.jpg,0,0.5320841471354166,3,1,0.02,0.5
/content/drive/MyDrive/CV_Project/datasets/casia2/images/CASIA2.0_revised/Au/Au_art_30101.jpg,0,0.2357889811197916,3,1,0.02,0.5
/content/drive/MyDrive/CV_Project/datasets/casia2/images/CASIA2.0_revised/Au/Au_art_30102.jpg,0,0.0668741861979166,3,1,0.02,0.5
/content/drive/MyDrive/CV_Project/datasets/casia2/images/CASIA2.0_revised/Au/Au_art_30103.jpg,0,0.1700541178385416,3,1,0.02,0.5
/content/drive/MyDrive/CV_Project/datasets/casia2/images/CASIA2.0_revised/Au/Au_art_30104.jpg,0,0.026824951171875,3,1,0.02,0.5
/content/drive/MyDrive/CV_Project/datasets/casia2/images/CASIA2.0_revised/Au/Au_art_30105.jpg,0,0.2586568196614583,3,1,0.02,0.5
/content/drive/MyDrive/CV_Project/datasets/casia2/images/CASIA2.0_revised/Au/Au_art_30106.jpg,0,0.40765380859375,3,1,0.02,0.5
/content/drive/MyDrive/CV_Project/datasets/casia2/images/CASIA2.0_revised/Au/Au_art_30107.jpg,0,0.21295166015625,3,1,0.02,0.5
/content/drive/MyDrive/CV_Project/datasets/casia2/images/CASIA2.0_revised/Au/Au_art_30108.jpg,0,0.5195821126302084,3,1,0.02,0.5
/content/drive/MyDrive/CV_Project/datasets/casia2/images/CASIA2.0_revised/Au/Au_art_30109.jpg,0,0.221282958984375,3,1,0.02,0.5
/content/drive/MyDrive/CV_Project/datasets/casia2/images/CASIA2.0_revised/Au/Au_art_30110.jpg,0,0.3039652506510417,3,1,0.02,0.5
/content/drive/MyDrive/CV_Project/datasets/casia2/images/CASIA2.0_revised/Au/Au_art_30111.jpg,0,0.148590087890625,3,1,0.02,0.5
/content/drive/MyDrive/CV_Project/datasets/casia2/images/CASIA2.0_revised/Au/Au_art_30112.jpg,0,0.2202351888020833,3,1,0.02,0.5
/content/drive/MyDrive/CV_Project/datasets/casia2/images/CASIA2.0_revised/Au/Au_art_30113.jpg,0,0.4725240071614583,3,1,0.02,0.5
/content/drive/MyDrive/CV_Project/datasets/casia2/images/CASIA2.0_revised/Au/Au_art_30114.jpg,0,0.1499532063802083,3,1,0.02,0.5
/content/drive/MyDrive/CV_Project/datasets/casia2/images/CASIA2.0_revised/Au/Au_art_30115.jpg,0,0.218780517578125,3,1,0.02,0.5
/content/drive/MyDrive/CV_Project/datasets/casia2/images/CASIA2.0_revised/Au/Au_art_30116.jpg,0,0.53216552734375,3,1,0.02,0.5
/content/drive/MyDrive/CV_Project/datasets/casia2/images/CASIA2.0_revised/Au/Au_art_30117.jpg,0,0.0,3,1,0.02,0.5
/content/drive/MyDrive/CV_Project/datasets/casia2/images/CASIA2.0_revised/Au/Au_art_30118.jpg,0,0.1229451497395833,3,1,0.02,0.5
/content/drive/MyDrive/CV_Project/datasets/casia2/images/CASIA2.0_revised/Au/Au_art_30119.jpg,0,0.1852315266927083,3,1,0.02,0.5
/content/drive/MyDrive/CV_Project/datasets/casia2/images/CASIA2.0_revised/Au/Au_art_30120.jpg,0,0.0,3,1,0.02,0.5
/content/drive/MyDrive/CV_Project/datasets/casia2/images/CASIA2.0_revised/Au/Au_art_30121.jpg,0,0.3410542805989583,3,1,0.02,0.5
/content/drive/MyDrive/CV_Project/datasets/casia2/images/CASIA2.0_revised/Au/Au_art_30122.jpg,0,0.105804443359375,3,1,0.02,0.5
/content/drive/MyDrive/CV_Project/datasets/casia2/images/CASIA2.0_revised/Au/Au_art_30123.jpg,0,0.0375569661458333,3,1,0.02,0.5
/content/drive/MyDrive/CV_Project/datasets/casia2/images/CASIA2.0_revised/Au/Au_art_30124.jpg,0,0.1954142252604166,3,1,0.02,0.5
/content/drive/MyDrive/CV_Project/datasets/casia2/images/CASIA2.0_revised/Au/Au_art_30125.jpg,0,0.0427042643229166,3,1,0.02,0.5
/content/drive/MyDrive/CV_Project/datasets/casia2/images/CASIA2.0_revised/Au/Au_art_30126.jpg,0,0.0,3,1,0.02,0.5
/content/drive/MyDrive/CV_Project/datasets/casia2/images/CASIA2.0_revised/Au/Au_art_30127.jpg,0,0.0261128743489583,3,1,0.02,0.5
/content/drive/MyDrive/CV_Project/datasets/casia2/images/CASIA2.0_revised/Au/Au_art_30128.jpg,0,0.485626220703125,3,1,0.02,0.5
/content/drive/MyDrive/CV_Project/datasets/casia2/images/CASIA2.0_revised/Au/Au_art_30129.jpg,0,0.0604756673177083,3,1,0.02,0.5
/content/drive/MyDrive/CV_Project/datasets/casia2/images/CASIA2.0_revised/Au/Au_art_30130.jpg,0,0.114532470703125,3,1,0.02,0.5
/content/drive/MyDrive/CV_Project/datasets/casia2/images/CASIA2.0_revised/Au/Au_art_30131.jpg,0,0.1825459798177083,3,1,0.02,0.5
/content/drive/MyDrive/CV_Project/datasets/casia2/images/CASIA2.0_revised/Au/Au_art_30132.jpg,0,0.35400390625,3,1,0.02,0.5
/content/drive/MyDrive/CV_Project/datasets/casia2/images/CASIA2.0_revised/Au/Au_art_30133.jpg,0,0.310760498046875,3,1,0.02,0.5
/content/drive/MyDrive/CV_Project/datasets/casia2/images/CASIA2.0_revised/Au/Au_art_30134.jpg,0,0.0535176595052083,3,1,0.02,0.5
/content/drive/MyDrive/CV_Project/datasets/casia2/images/CASIA2.0_revised/Au/Au_art_30135.jpg,0,0.0918680826822916,3,1,0.02,0.5
/content/drive/MyDrive/CV_Project/datasets/casia2/images/CASIA2.0_revised/Au/Au_art_30136.jpg,0,0.2053426106770833,3,1,0.02,0.5
/content/drive/MyDrive/CV_Project/datasets/casia2/images/CASIA2.0_revised/Au/Au_art_30137.jpg,0,0.0819193522135416,3,1,0.02,0.5
/content/drive/MyDrive/CV_Project/datasets/casia2/images/CASIA2.0_revised/Au/Au_art_30138.jpg,0,0.0,3,1,0.02,0.5
/content/drive/MyDrive/CV_Project/datasets/casia2/images/CASIA2.0_revised/Au/Au_art_30139.jpg,0,0.3429056803385417,3,1,0.02,0.5
/content/drive/MyDrive/CV_Project/datasets/casia2/images/CASIA2.0_revised/Au/Au_art_30140.jpg,0,0.527801513671875,3,1,0.02,0.5
/content/drive/MyDrive/CV_Project/datasets/casia2/images/CASIA2.0_revised/Au/Au_art_30141.jpg,0,0.298980712890625,3,1,0.02,0.5
/content/drive/MyDrive/CV_Project/datasets/casia2/images/CASIA2.0_revised/Au/Au_art_30142.jpg,0,0.0,3,1,0.02,0.5
/content/drive/MyDrive/CV_Project/datasets/casia2/images/CASIA2.0_revised/Au/Au_art_30143.jpg,0,0.1167500813802083,3,1,0.02,0.5
/content/drive/MyDrive/CV_Project/datasets/casia2/images/CASIA2.0_revised/Au/Au_art_30144.jpg,0,0.0,3,1,0.02,0.5
/content/drive/MyDrive/CV_Project/datasets/casia2/images/CASIA2.0_revised/Au/Au_art_30145.jpg,0,0.22393798828125,3,1,0.02,0.5
/content/drive/MyDrive/CV_Project/datasets/casia2/images/CASIA2.0_revised/Au/Au_art_30146.jpg,0,0.270782470703125,3,1,0.02,0.5
/content/drive/MyDrive/CV_Project/datasets/casia2/images/CASIA2.0_revised/Au/Au_art_30147.jpg,0,0.225860595703125,3,1,0.02,0.5
/content/drive/MyDrive/CV_Project/datasets/casia2/images/CASIA2.0_revised/Au/Au_art_30148.jpg,0,0.7301127115885416,3,1,0.02,0.5
/content/drive/MyDrive/CV_Project/datasets/casia2/images/CASIA2.0_revised/Au/Au_art_30149.jpg,0,0.7714640299479166,3,1,0.02,0.5
/content/drive/MyDrive/CV_Project/datasets/casia2/images/CASIA2.0_revised/Au/Au_art_30150.jpg,0,0.6452534993489584,3,1,0.02,0.5
/content/drive/MyDrive/CV_Project/datasets/casia2/images/CASIA2.0_revised/Au/Au_art_30151.jpg,0,0.0797932942708333,3,1,0.02,0.5
/content/drive/MyDrive/CV_Project/datasets/casia2/images/CASIA2.0_revised/Au/Au_art_30152.jpg,0,0.0,3,1,0.02,0.5
/content/drive/MyDrive/CV_Project/datasets/casia2/images/CASIA2.0_revised/Au/Au_art_30153.jpg,0,0.0,3,1,0.02,0.5
/content/drive/MyDrive/CV_Project/datasets/casia2/images/CASIA2.0_revised/Au/Au_art_30154.jpg,0,0.0651346842447916,3,1,0.02,0.5
/content/drive/MyDrive/CV_Project/datasets/casia2/images/CASIA2.0_revised/Au/Au_art_30155.jpg,0,0.0868631998697916,3,1,0.02,0.5
/content/drive/MyDrive/CV_Project/datasets/casia2/images/CASIA2.0_revised/Au/Au_art_30156.jpg,0,0.1308797200520833,3,1,0.02,0.5
/content/drive/MyDrive/CV_Project/datasets/casia2/images/CASIA2.0_revised/Au/Au_art_30157.jpg,0,0.1046142578125,3,1,0.02,0.5
/content/drive/MyDrive/CV_Project/datasets/casia2/images/CASIA2.0_revised/Au/Au_art_30158.jpg,0,0.155426025390625,3,1,0.02,0.5
/content/drive/MyDrive/CV_Project/datasets/casia2/images/CASIA2.0_revised/Au/Au_art_30159.jpg,0,0.034820556640625,3,1,0.02,0.5
/content/drive/MyDrive/CV_Project/datasets/casia2/images/CASIA2.0_revised/Au/Au_art_30160.jpg,0,0.0,3,1,0.02,0.5
/content/drive/MyDrive/CV_Project/datasets/casia2/images/CASIA2.0_revised/Au/Au_art_30161.jpg,0,0.2928873697916667,3,1,0.02,0.5
/content/drive/MyDrive/CV_Project/datasets/casia2/images/CASIA2.0_revised/Au/Au_art_30162.jpg,0,0.0,3,1,0.02,0.5
/content/drive/MyDrive/CV_Project/datasets/casia2/images/CASIA2.0_revised/Au/Au_art_30163.jpg,0,0.198333740234375,3,1,0.02,0.5
/content/drive/MyDrive/CV_Project/datasets/casia2/images/CASIA2.0_revised/Au/Au_art_30164.jpg,0,0.72222900390625,3,1,0.02,0.5
/content/drive/MyDrive/CV_Project/datasets/casia2/images/CASIA2.0_revised/Au/Au_art_30165.jpg,0,0.0308430989583333,3,1,0.02,0.5
/content/drive/MyDrive/CV_Project/datasets/casia2/images/CASIA2.0_revised/Au/Au_art_30166.jpg,0,0.050323486328125,3,1,0.02,0.5
/content/drive/MyDrive/CV_Project/datasets/casia2/images/CASIA2.0_revised/Au/Au_art_30167.jpg,0,0.774810791015625,3,1,0.02,0.5
/content/drive/MyDrive/CV_Project/datasets/casia2/images/CASIA2.0_revised/Au/Au_art_30168.jpg,0,0.16845703125,3,1,0.02,0.5
/content/drive/MyDrive/CV_Project/datasets/casia2/images/CASIA2.0_revised/Au/Au_art_30169.jpg,0,0.2813924153645833,3,1,0.02,0.5
/content/drive/MyDrive/CV_Project/datasets/casia2/images/CASIA2.0_revised/Au/Au_art_30170.jpg,0,0.236602783203125,3,1,0.02,0.5
/content/drive/MyDrive/CV_Project/datasets/casia2/images/CASIA2.0_revised/Au/Au_art_30171.jpg,0,0.601165771484375,3,1,0.02,0.5
/content/drive/MyDrive/CV_Project/datasets/casia2/images/CASIA2.0_revised/Au/Au_art_30172.jpg,0,0.2027791341145833,3,1,0.02,0.5
/content/drive/MyDrive/CV_Project/datasets/casia2/images/CASIA2.0_revised/Au/Au_art_30173.jpg,0,0.0,3,1,0.02,0.5
/content/drive/MyDrive/CV_Project/datasets/casia2/images/CASIA2.0_revised/Au/Au_art_30174.jpg,0,0.0,3,1,0.02,0.5
/content/drive/MyDrive/CV_Project/datasets/casia2/images/CASIA2.0_revised/Au/Au_art_30175.jpg,0,0.3127339680989583,3,1,0.02,0.5
/content/drive/MyDrive/CV_Project/datasets/casia2/images/CASIA2.0_revised/Au/Au_art_30176.jpg,0,0.445220947265625,3,1,0.02,0.5
/content/drive/MyDrive/CV_Project/datasets/casia2/images/CASIA2.0_revised/Au/Au_art_30177.jpg,0,0.0948689778645833,3,1,0.02,0.5
/content/drive/MyDrive/CV_Project/datasets/casia2/images/CASIA2.0_revised/Au/Au_art_30178.jpg,0,0.0,3,1,0.02,0.5
/content/drive/MyDrive/CV_Project/datasets/casia2/images/CASIA2.0_revised/Au/Au_art_30179.jpg,0,0.2225545247395833,3,1,0.02,0.5
/content/drive/MyDrive/CV_Project/datasets/casia2/images/CASIA2.0_revised/Au/Au_art_30180.jpg,0,0.094268798828125,3,1,0.02,0.5
/content/drive/MyDrive/CV_Project/datasets/casia2/images/CASIA2.0_revised/Au/Au_art_30181.jpg,0,0.9725850423177084,3,1,0.02,0.5
/content/drive/MyDrive/CV_Project/datasets/casia2/images/CASIA2.0_revised/Au/Au_art_30182.jpg,0,0.3287353515625,3,1,0.02,0.5
/content/drive/MyDrive/CV_Project/datasets/casia2/images/CASIA2.0_revised/Au/Au_art_30183.jpg,0,0.8202311197916666,3,1,0.02,0.5
/content/drive/MyDrive/CV_Project/datasets/casia2/images/CASIA2.0_revised/Au/Au_art_30184.jpg,0,0.1988423665364583,3,1,0.02,0.5
/content/drive/MyDrive/CV_Project/datasets/casia2/images/CASIA2.0_revised/Au/Au_art_30185.jpg,0,0.3954569498697917,3,1,0.02,0.5
/content/drive/MyDrive/CV_Project/datasets/casia2/images/CASIA2.0_revised/Au/Au_art_30186.jpg,0,0.5960896809895834,3,1,0.02,0.5
/content/drive/MyDrive/CV_Project/datasets/casia2/images/CASIA2.0_revised/Au/Au_art_30187.jpg,0,0.3454691569010417,3,1,0.02,0.5
/content/drive/MyDrive/CV_Project/datasets/casia2/images/CASIA2.0_revised/Au/Au_art_30188.jpg,0,0.27642822265625,3,1,0.02,0.5
/content/drive/MyDrive/CV_Project/datasets/casia2/images/CASIA2.0_revised/Au/Au_art_30189.jpg,0,0.12408447265625,3,1,0.02,0.5
/content/drive/MyDrive/CV_Project/datasets/casia2/images/CASIA2.0_revised/Au/Au_art_30190.jpg,0,0.049468994140625,3,1,0.02,0.5
/content/drive/MyDrive/CV_Project/datasets/casia2/images/CASIA2.0_revised/Au/Au_art_30191.jpg,0,0.10443115234375,3,1,0.02,0.5
/content/drive/MyDrive/CV_Project/datasets/casia2/images/CASIA2.0_revised/Au/Au_art_30192.jpg,0,0.0870869954427083,3,1,0.02,0.5
/content/drive/MyDrive/CV_Project/datasets/casia2/images/CASIA2.0_revised/Au/Au_art_30193.jpg,0,0.0,3,1,0.02,0.5
/content/drive/MyDrive/CV_Project/datasets/casia2/images/CASIA2.0_revised/Au/Au_art_30194.jpg,0,0.8868611653645834,3,1,0.02,0.5
/content/drive/MyDrive/CV_Project/datasets/casia2/images/CASIA2.0_revised/Au/Au_art_30195.jpg,0,0.0460001627604166,3,1,0.02,0.5
/content/drive/MyDrive/CV_Project/datasets/casia2/images/CASIA2.0_revised/Au/Au_art_30196.jpg,0,0.0489095052083333,3,1,0.02,0.5
/content/drive/MyDrive/CV_Project/datasets/casia2/images/CASIA2.0_revised/Au/Au_art_30197.jpg,0,0.0,3,1,0.02,0.5
/content/drive/MyDrive/CV_Project/datasets/casia2/images/CASIA2.0_revised/Au/Au_art_30198.jpg,0,0.2998453776041667,3,1,0.02,0.5
/content/drive/MyDrive/CV_Project/datasets/casia2/images/CASIA2.0_revised/Au/Au_art_30199.jpg,0,0.226898193359375,3,1,0.02,0.5
/content/drive/MyDrive/CV_Project/datasets/casia2/images/CASIA2.0_revised/Au/Au_art_30200.jpg,0,0.3097737630208333,3,1,0.02,0.5
/content/drive/MyDrive/CV_Project/datasets/casia2/images/CASIA2.0_revised/Au/Au_art_30201.jpg,0,0.2305908203125,3,1,0.02,0.5
/content/drive/MyDrive/CV_Project/datasets/casia2/images/CASIA2.0_revised/Au/Au_art_30202.jpg,0,0.7790425618489584,3,1,0.02,0.5
/content/drive/MyDrive/CV_Project/datasets/casia2/images/CASIA2.0_revised/Au/Au_art_30203.jpg,0,0.1878763834635416,3,1,0.02,0.5
/content/drive/MyDrive/CV_Project/datasets/casia2/images/CASIA2.0_revised/Au/Au_art_30204.jpg,0,0.1522928873697916,3,1,0.02,0.5
/content/drive/MyDrive/CV_Project/datasets/casia2/images/CASIA2.0_revised/Au/Au_art_30205.jpg,0,0.221893310546875,3,1,0.02,0.5
/content/drive/MyDrive/CV_Project/datasets/casia2/images/CASIA2.0_revised/Au/Au_art_30206.jpg,0,0.0,3,1,0.02,0.5
/content/drive/MyDrive/CV_Project/datasets/casia2/images/CASIA2.0_revised/Au/Au_art_30207.jpg,0,0.2805989583333333,3,1,0.02,0.5
/content/drive/MyDrive/CV_Project/datasets/casia2/images/CASIA2.0_revised/Au/Au_art_30208.jpg,0,0.1450907389322916,3,1,0.02,0.5
/content/drive/MyDrive/CV_Project/datasets/casia2/images/CASIA2.0_revised/Au/Au_art_30209.jpg,0,0.3211466471354167,3,1,0.02,0.5
/content/drive/MyDrive/CV_Project/datasets/casia2/images/CASIA2.0_revised/Au/Au_art_30210.jpg,0,0.0421040852864583,3,1,0.02,0.5
/content/drive/MyDrive/CV_Project/datasets/casia2/images/CASIA2.0_revised/Au/Au_art_30211.jpg,0,0.2372538248697916,3,1,0.02,0.5
/content/drive/MyDrive/CV_Project/datasets/casia2/images/CASIA2.0_revised/Au/Au_art_30212.jpg,0,0.296142578125,3,1,0.02,0.5
/content/drive/MyDrive/CV_Project/datasets/casia2/images/CASIA2.0_revised/Au/Au_art_30213.jpg,0,0.2072855631510416,3,1,0.02,0.5
/content/drive/MyDrive/CV_Project/datasets/casia2/images/CASIA2.0_revised/Au/Au_art_30214.jpg,0,0.0268046061197916,3,1,0.02,0.5
/content/drive/MyDrive/CV_Project/datasets/casia2/images/CASIA2.0_revised/Au/Au_art_30215.jpg,0,0.0935567220052083,3,1,0.02,0.5
/content/drive/MyDrive/CV_Project/datasets/casia2/images/CASIA2.0_revised/Au/Au_art_30216.jpg,0,0.1457010904947916,3,1,0.02,0.5
/content/drive/MyDrive/CV_Project/datasets/casia2/images/CASIA2.0_revised/Au/Au_art_30217.jpg,0,0.0288594563802083,3,1,0.02,0.5
/content/drive/MyDrive/CV_Project/datasets/casia2/images/CASIA2.0_revised/Au/Au_art_30218.jpg,0,0.0,3,1,0.02,0.5
/content/drive/MyDrive/CV_Project/datasets/casia2/images/CASIA2.0_revised/Au/Au_art_30219.jpg,0,0.3432108561197917,3,1,0.02,0.5
/content/drive/MyDrive/CV_Project/datasets/casia2/images/CASIA2.0_revised/Au/Au_art_30220.jpg,0,0.0862325032552083,3,1,0.02,0.5
/content/drive/MyDrive/CV_Project/datasets/casia2/images/CASIA2.0_revised/Au/Au_art_30221.jpg,0,0.291351318359375,3,1,0.02,0.5
/content/drive/MyDrive/CV_Project/datasets/casia2/images/CASIA2.0_revised/Au/Au_art_30222.jpg,0,0.294891357421875,3,1,0.02,0.5
/content/drive/MyDrive/CV_Project/datasets/casia2/images/CASIA2.0_revised/Au/Au_art_30223.jpg,0,0.0461527506510416,3,1,0.02,0.5
/content/drive/MyDrive/CV_Project/datasets/casia2/images/CASIA2.0_revised/Au/Au_art_30224.jpg,0,0.0,3,1,0.02,0.5
/content/drive/MyDrive/CV_Project/datasets/casia2/images/CASIA2.0_revised/Au/Au_art_30225.jpg,0,0.1199442545572916,3,1,0.02,0.5
/content/drive/MyDrive/CV_Project/datasets/casia2/images/CASIA2.0_revised/Au/Au_art_30226.jpg,0,0.0,3,1,0.02,0.5
/content/drive/MyDrive/CV_Project/datasets/casia2/images/CASIA2.0_revised/Au/Au_art_30227.jpg,0,0.0947469075520833,3,1,0.02,0.5
/content/drive/MyDrive/CV_Project/datasets/casia2/images/CASIA2.0_revised/Au/Au_art_30228.jpg,0,0.0,3,1,0.02,0.5
/content/drive/MyDrive/CV_Project/datasets/casia2/images/CASIA2.0_revised/Au/Au_art_30229.jpg,0,0.24664306640625,3,1,0.02,0.5
/content/drive/MyDrive/CV_Project/datasets/casia2/images/CASIA2.0_revised/Au/Au_art_30230.jpg,0,0.0,3,1,0.02,0.5
/content/drive/MyDrive/CV_Project/datasets/casia2/images/CASIA2.0_revised/Au/Au_art_30231.jpg,0,0.0914204915364583,3,1,0.02,0.5
/content/drive/MyDrive/CV_Project/datasets/casia2/images/CASIA2.0_revised/Au/Au_art_30232.jpg,0,0.0,3,1,0.02,0.5
/content/drive/MyDrive/CV_Project/datasets/casia2/images/CASIA2.0_revised/Au/Au_art_30233.jpg,0,0.3553975423177083,3,1,0.02,0.5
/content/drive/MyDrive/CV_Project/datasets/casia2/images/CASIA2.0_revised/Au/Au_art_30234.jpg,0,0.6123555501302084,3,1,0.02,0.5
/content/drive/MyDrive/CV_Project/datasets/casia2/images/CASIA2.0_revised/Au/Au_art_30235.jpg,0,0.468109130859375,3,1,0.02,0.5
/content/drive/MyDrive/CV_Project/datasets/casia2/images/CASIA2.0_revised/Au/Au_art_30236.jpg,0,0.64825439453125,3,1,0.02,0.5
/content/drive/MyDrive/CV_Project/datasets/casia2/images/CASIA2.0_revised/Au/Au_art_30237.jpg,0,0.1906229654947916,3,1,0.02,0.5
/content/drive/MyDrive/CV_Project/datasets/casia2/images/CASIA2.0_revised/Au/Au_art_30238.jpg,0,0.0534464518229166,3,1,0.02,0.5
/content/drive/MyDrive/CV_Project/datasets/casia2/images/CASIA2.0_revised/Au/Au_art_30239.jpg,0,0.083892822265625,3,1,0.02,0.5
/content/drive/MyDrive/CV_Project/datasets/casia2/images/CASIA2.0_revised/Au/Au_art_30240.jpg,0,0.204833984375,3,1,0.02,0.5
/content/drive/MyDrive/CV_Project/datasets/casia2/images/CASIA2.0_revised/Au/Au_art_30241.jpg,0,0.34130859375,3,1,0.02,0.5
/content/drive/MyDrive/CV_Project/datasets/casia2/images/CASIA2.0_revised/Au/Au_art_30242.jpg,0,0.0,3,1,0.02,0.5
/content/drive/MyDrive/CV_Project/datasets/casia2/images/CASIA2.0_revised/Au/Au_art_30243.jpg,0,0.908111572265625,3,1,0.02,0.5
/content/drive/MyDrive/CV_Project/datasets/casia2/images/CASIA2.0_revised/Au/Au_art_30244.jpg,0,0.36444091796875,3,1,0.02,0.5
/content/drive/MyDrive/CV_Project/datasets/casia2/images/CASIA2.0_revised/Au/Au_art_30245.jpg,0,0.0562337239583333,3,1,0.02,0.5
/content/drive/MyDrive/CV_Project/datasets/casia2/images/CASIA2.0_revised/Au/Au_art_30246.jpg,0,0.561798095703125,3,1,0.02,0.5
/content/drive/MyDrive/CV_Project/datasets/casia2/images/CASIA2.0_revised/Au/Au_art_30247.jpg,0,0.0,3,1,0.02,0.5
/content/drive/MyDrive/CV_Project/datasets/casia2/images/CASIA2.0_revised/Au/Au_art_30248.jpg,0,0.0658467610677083,3,1,0.02,0.5
/content/drive/MyDrive/CV_Project/datasets/casia2/images/CASIA2.0_revised/Au/Au_art_30249.jpg,0,0.0,3,1,0.02,0.5
/content/drive/MyDrive/CV_Project/datasets/casia2/images/CASIA2.0_revised/Au/Au_art_30250.jpg,0,0.1159769694010416,3,1,0.02,0.5
/content/drive/MyDrive/CV_Project/datasets/casia2/images/CASIA2.0_revised/Au/Au_art_30251.jpg,0,0.0,3,1,0.02,0.5
/content/drive/MyDrive/CV_Project/datasets/casia2/images/CASIA2.0_revised/Au/Au_art_30252.jpg,0,0.54986572265625,3,1,0.02,0.5
/content/drive/MyDrive/CV_Project/datasets/casia2/images/CASIA2.0_revised/Au/Au_art_30253.jpg,0,0.15887451171875,3,1,0.02,0.5
/content/drive/MyDrive/CV_Project/datasets/casia2/images/CASIA2.0_revised/Au/Au_art_30254.jpg,0,0.0738423665364583,3,1,0.02,0.5
/content/drive/MyDrive/CV_Project/datasets/casia2/images/CASIA2.0_revised/Au/Au_art_30255.jpg,0,0.3958638509114583,3,1,0.02,0.5
/content/drive/MyDrive/CV_Project/datasets/casia2/images/CASIA2.0_revised/Au/Au_art_30256.jpg,0,0.2291056315104166,3,1,0.02,0.5
/content/drive/MyDrive/CV_Project/datasets/casia2/images/CASIA2.0_revised/Au/Au_art_30257.jpg,0,0.0,3,1,0.02,0.5
/content/drive/MyDrive/CV_Project/datasets/casia2/images/CASIA2.0_revised/Au/Au_art_30258.jpg,0,0.0809529622395833,3,1,0.02,0.5
/content/drive/MyDrive/CV_Project/datasets/casia2/images/CASIA2.0_revised/Au/Au_art_30259.jpg,0,0.598968505859375,3,1,0.02,0.5
/content/drive/MyDrive/CV_Project/datasets/casia2/images/CASIA2.0_revised/Au/Au_art_30260.jpg,0,0.655029296875,3,1,0.02,0.5
/content/drive/MyDrive/CV_Project/datasets/casia2/images/CASIA2.0_revised/Au/Au_art_30261.jpg,0,0.3522542317708333,3,1,0.02,0.5
/content/drive/MyDrive/CV_Project/datasets/casia2/images/CASIA2.0_revised/Au/Au_art_30262.jpg,0,0.4831644694010417,3,1,0.02,0.5
/content/drive/MyDrive/CV_Project/datasets/casia2/images/CASIA2.0_revised/Au/Au_art_30263.jpg,0,0.5656941731770834,3,1,0.02,0.5
/content/drive/MyDrive/CV_Project/datasets/casia2/images/CASIA2.0_revised/Au/Au_art_30264.jpg,0,0.1959228515625,3,1,0.02,0.5
/content/drive/MyDrive/CV_Project/datasets/casia2/images/CASIA2.0_revised/Au/Au_art_30265.jpg,0,0.19537353515625,3,1,0.02,0.5
/content/drive/MyDrive/CV_Project/datasets/casia2/images/CASIA2.0_revised/Au/Au_art_30266.jpg,0,0.065582275390625,3,1,0.02,0.5
/content/drive/MyDrive/CV_Project/datasets/casia2/images/CASIA2.0_revised/Au/Au_art_30267.jpg,0,0.3330485026041667,3,1,0.02,0.5
/content/drive/MyDrive/CV_Project/datasets/casia2/images/CASIA2.0_revised/Au/Au_art_30268.jpg,0,0.1624755859375,3,1,0.02,0.5
/content/drive/MyDrive/CV_Project/datasets/casia2/images/CASIA2.0_revised/Au/Au_art_30269.jpg,0,0.1097310384114583,3,1,0.02,0.5
/content/drive/MyDrive/CV_Project/datasets/casia2/images/CASIA2.0_revised/Au/Au_art_30270.jpg,0,0.47308349609375,3,1,0.02,0.5
/content/drive/MyDrive/CV_Project/datasets/casia2/images/CASIA2.0_revised/Au/Au_art_30271.jpg,0,0.0976155598958333,3,1,0.02,0.5
/content/drive/MyDrive/CV_Project/datasets/casia2/images/CASIA2.0_revised/Au/Au_art_30272.jpg,0,0.06390380859375,3,1,0.02,0.5
/content/drive/MyDrive/CV_Project/datasets/casia2/images/CASIA2.0_revised/Au/Au_art_30273.jpg,0,0.345550537109375,3,1,0.02,0.5
/content/drive/MyDrive/CV_Project/datasets/casia2/images/CASIA2.0_revised/Au/Au_art_30274.jpg,0,0.6511637369791666,3,1,0.02,0.5
/content/drive/MyDrive/CV_Project/datasets/casia2/images/CASIA2.0_revised/Au/Au_art_30275.jpg,0,0.16839599609375,3,1,0.02,0.5
/content/drive/MyDrive/CV_Project/datasets/casia2/images/CASIA2.0_revised/Au/Au_art_30276.jpg,0,0.3797810872395833,3,1,0.02,0.5
/content/drive/MyDrive/CV_Project/datasets/casia2/images/CASIA2.0_revised/Au/Au_art_30277.jpg,0,0.0470682779947916,3,1,0.02,0.5
/content/drive/MyDrive/CV_Project/datasets/casia2/images/CASIA2.0_revised/Au/Au_art_30278.jpg,0,0.1543375651041666,3,1,0.02,0.5
/content/drive/MyDrive/CV_Project/datasets/casia2/images/CASIA2.0_revised/Au/Au_art_30279.jpg,0,0.3198038736979167,3,1,0.02,0.5
/content/drive/MyDrive/CV_Project/datasets/casia2/images/CASIA2.0_revised/Au/Au_art_30280.jpg,0,0.1470743815104166,3,1,0.02,0.5
/content/drive/MyDrive/CV_Project/datasets/casia2/images/CASIA2.0_revised/Au/Au_art_30281.jpg,0,0.0,3,1,0.02,0.5
/content/drive/MyDrive/CV_Project/datasets/casia2/images/CASIA2.0_revised/Au/Au_art_30282.jpg,0,0.0,3,1,0.02,0.5
/content/drive/MyDrive/CV_Project/datasets/casia2/images/CASIA2.0_revised/Au/Au_art_30283.jpg,0,0.0880025227864583,3,1,0.02,0.5
/content/drive/MyDrive/CV_Project/datasets/casia2/images/CASIA2.0_revised/Au/Au_art_30284.jpg,0,0.0,3,1,0.02,0.5
/content/drive/MyDrive/CV_Project/datasets/casia2/images/CASIA2.0_revised/Au/Au_art_30285.jpg,0,0.0,3,1,0.02,0.5
/content/drive/MyDrive/CV_Project/datasets/casia2/images/CASIA2.0_revised/Au/Au_art_30286.jpg,0,0.1278584798177083,3,1,0.02,0.5
/content/drive/MyDrive/CV_Project/datasets/casia2/images/CASIA2.0_revised/Au/Au_art_30287.jpg,0,0.0,3,1,0.02,0.5
/content/drive/MyDrive/CV_Project/datasets/casia2/images/CASIA2.0_revised/Au/Au_art_30288.jpg,0,0.0453694661458333,3,1,0.02,0.5
/content/drive/MyDrive/CV_Project/datasets/casia2/images/CASIA2.0_revised/Au/Au_art_30289.jpg,0,0.1650594075520833,3,1,0.02,0.5
/content/drive/MyDrive/CV_Project/datasets/casia2/images/CASIA2.0_revised/Au/Au_art_30290.jpg,0,0.0,3,1,0.02,0.5
/content/drive/MyDrive/CV_Project/datasets/casia2/images/CASIA2.0_revised/Au/Au_art_30291.jpg,0,0.2909444173177083,3,1,0.02,0.5
/content/drive/MyDrive/CV_Project/datasets/casia2/images/CASIA2.0_revised/Au/Au_art_30292.jpg,0,0.4031982421875,3,1,0.02,0.5
/content/drive/MyDrive/CV_Project/datasets/casia2/images/CASIA2.0_revised/Au/Au_art_30293.jpg,0,0.0,3,1,0.02,0.5
/content/drive/MyDrive/CV_Project/datasets/casia2/images/CASIA2.0_revised/Au/Au_art_30294.jpg,0,0.0,3,1,0.02,0.5
/content/drive/MyDrive/CV_Project/datasets/casia2/images/CASIA2.0_revised/Au/Au_art_30295.jpg,0,0.0,3,1,0.02,0.5
/content/drive/MyDrive/CV_Project/datasets/casia2/images/CASIA2.0_revised/Au/Au_art_30296.jpg,0,0.1617228190104166,3,1,0.02,0.5
/content/drive/MyDrive/CV_Project/datasets/casia2/images/CASIA2.0_revised/Au/Au_art_30297.jpg,0,0.1486612955729166,3,1,0.02,0.5
/content/drive/MyDrive/CV_Project/datasets/casia2/images/CASIA2.0_revised/Au/Au_art_30298.jpg,0,0.0,3,1,0.02,0.5
/content/drive/MyDrive/CV_Project/datasets/casia2/images/CASIA2.0_revised/Au/Au_art_30299.jpg,0,0.80523681640625,3,1,0.02,0.5
/content/drive/MyDrive/CV_Project/datasets/casia2/images/CASIA2.0_revised/Au/Au_art_30300.jpg,0,0.1870625813802083,3,1,0.02,0.5
/content/drive/MyDrive/CV_Project/datasets/casia2/images/CASIA2.0_revised/Au/Au_art_30301.jpg,0,0.3458455403645833,3,1,0.02,0.5
/content/drive/MyDrive/CV_Project/datasets/casia2/images/CASIA2.0_revised/Au/Au_art_30302.jpg,0,0.3625386555989583,3,1,0.02,0.5
/content/drive/MyDrive/CV_Project/datasets/casia2/images/CASIA2.0_revised/Au/Au_art_30303.jpg,0,0.1717529296875,3,1,0.02,0.5
/content/drive/MyDrive/CV_Project/datasets/casia2/images/CASIA2.0_revised/Au/Au_art_30304.jpg,0,0.0,3,1,0.02,0.5
/content/drive/MyDrive/CV_Project/datasets/casia2/images/CASIA2.0_revised/Au/Au_art_30305.jpg,0,0.4113566080729167,3,1,0.02,0.5
/content/drive/MyDrive/CV_Project/datasets/casia2/images/CASIA2.0_revised/Au/Au_art_30306.jpg,0,0.3674723307291667,3,1,0.02,0.5
/content/drive/MyDrive/CV_Project/datasets/casia2/images/CASIA2.0_revised/Au/Au_art_30307.jpg,0,0.1870829264322916,3,1,0.02,0.5
/content/drive/MyDrive/CV_Project/datasets/casia2/images/CASIA2.0_revised/Au/Au_art_30308.jpg,0,0.0731913248697916,3,1,0.02,0.5
/content/drive/MyDrive/CV_Project/datasets/casia2/images/CASIA2.0_revised/Au/Au_art_30309.jpg,0,0.33660888671875,3,1,0.02,0.5
/content/drive/MyDrive/CV_Project/datasets/casia2/images/CASIA2.0_revised/Au/Au_art_30310.jpg,0,0.0868428548177083,3,1,0.02,0.5
/content/drive/MyDrive/CV_Project/datasets/casia2/images/CASIA2.0_revised/Au/Au_art_30311.jpg,0,0.10009765625,3,1,0.02,0.5
/content/drive/MyDrive/CV_Project/datasets/casia2/images/CASIA2.0_revised/Au/Au_art_30312.jpg,0,0.5797831217447916,3,1,0.02,0.5
/content/drive/MyDrive/CV_Project/datasets/casia2/images/CASIA2.0_revised/Au/Au_art_30313.jpg,0,0.469085693359375,3,1,0.02,0.5
/content/drive/MyDrive/CV_Project/datasets/casia2/images/CASIA2.0_revised/Au/Au_art_30314.jpg,0,0.430938720703125,3,1,0.02,0.5
/content/drive/MyDrive/CV_Project/datasets/casia2/images/CASIA2.0_revised/Au/Au_art_30315.jpg,0,0.1438802083333333,3,1,0.02,0.5
/content/drive/MyDrive/CV_Project/datasets/casia2/images/CASIA2.0_revised/Au/Au_art_30316.jpg,0,0.3719075520833333,3,1,0.02,0.5
/content/drive/MyDrive/CV_Project/datasets/casia2/images/CASIA2.0_revised/Au/Au_art_30317.jpg,0,0.1643168131510416,3,1,0.02,0.5
/content/drive/MyDrive/CV_Project/datasets/casia2/images/CASIA2.0_revised/Au/Au_art_30318.jpg,0,0.0518697102864583,3,1,0.02,0.5
/content/drive/MyDrive/CV_Project/datasets/casia2/images/CASIA2.0_revised/Au/Au_art_30319.jpg,0,0.032073974609375,3,1,0.02,0.5
/content/drive/MyDrive/CV_Project/datasets/casia2/images/CASIA2.0_revised/Au/Au_art_30320.jpg,0,0.0,3,1,0.02,0.5
/content/drive/MyDrive/CV_Project/datasets/casia2/images/CASIA2.0_revised/Au/Au_art_30321.jpg,0,0.0647176106770833,3,1,0.02,0.5
/content/drive/MyDrive/CV_Project/datasets/casia2/images/CASIA2.0_revised/Au/Au_art_30322.jpg,0,0.0580342610677083,3,1,0.02,0.5
/content/drive/MyDrive/CV_Project/datasets/casia2/images/CASIA2.0_revised/Au/Au_art_30323.jpg,0,0.3340250651041667,3,1,0.02,0.5
/content/drive/MyDrive/CV_Project/datasets/casia2/images/CASIA2.0_revised/Au/Au_art_30324.jpg,0,0.0228780110677083,3,1,0.02,0.5
/content/drive/MyDrive/CV_Project/datasets/casia2/images/CASIA2.0_revised/Au/Au_art_30325.jpg,0,0.0,3,1,0.02,0.5
/content/drive/MyDrive/CV_Project/datasets/casia2/images/CASIA2.0_revised/Au/Au_art_30326.jpg,0,0.0,3,1,0.02,0.5
/content/drive/MyDrive/CV_Project/datasets/casia2/images/CASIA2.0_revised/Au/Au_art_30327.jpg,0,0.379730224609375,3,1,0.02,0.5
/content/drive/MyDrive/CV_Project/datasets/casia2/images/CASIA2.0_revised/Au/Au_art_30328.jpg,0,0.10223388671875,3,1,0.02,0.5
/content/drive/MyDrive/CV_Project/datasets/casia2/images/CASIA2.0_revised/Au/Au_art_30329.jpg,0,0.074371337890625,3,1,0.02,0.5
/content/drive/MyDrive/CV_Project/datasets/casia2/images/CASIA2.0_revised/Au/Au_art_30330.jpg,0,0.0671895345052083,3,1,0.02,0.5
/content/drive/MyDrive/CV_Project/datasets/casia2/images/CASIA2.0_revised/Au/Au_art_30331.jpg,0,0.1131490071614583,3,1,0.02,0.5
/content/drive/MyDrive/CV_Project/datasets/casia2/images/CASIA2.0_revised/Au/Au_art_30332.jpg,0,0.5580952962239584,3,1,0.02,0.5
/content/drive/MyDrive/CV_Project/datasets/casia2/images/CASIA2.0_revised/Au/Au_art_30333.jpg,0,0.0245157877604166,3,1,0.02,0.5
/content/drive/MyDrive/CV_Project/datasets/casia2/images/CASIA2.0_revised/Au/Au_art_30334.jpg,0,0.194488525390625,3,1,0.02,0.5
/content/drive/MyDrive/CV_Project/datasets/casia2/images/CASIA2.0_revised/Au/Au_art_30335.jpg,0,0.1575113932291666,3,1,0.02,0.5
/content/drive/MyDrive/CV_Project/datasets/casia2/images/CASIA2.0_revised/Au/Au_art_30336.jpg,0,0.1763509114583333,3,1,0.02,0.5
/content/drive/MyDrive/CV_Project/datasets/casia2/images/CASIA2.0_revised/Au/Au_art_30337.jpg,0,0.147308349609375,3,1,0.02,0.5
/content/drive/MyDrive/CV_Project/datasets/casia2/images/CASIA2.0_revised/Au/Au_art_30338.jpg,0,0.0926310221354166,3,1,0.02,0.5
/content/drive/MyDrive/CV_Project/datasets/casia2/images/CASIA2.0_revised/Au/Au_art_30339.jpg,0,0.0,3,1,0.02,0.5
/content/drive/MyDrive/CV_Project/datasets/casia2/images/CASIA2.0_revised/Au/Au_art_30340.jpg,0,0.4631144205729167,3,1,0.02,0.5
/content/drive/MyDrive/CV_Project/datasets/casia2/images/CASIA2.0_revised/Au/Au_art_30341.jpg,0,0.0235697428385416,3,1,0.02,0.5
/content/drive/MyDrive/CV_Project/datasets/casia2/images/CASIA2.0_revised/Au/Au_art_30342.jpg,0,0.0,3,1,0.02,0.5
/content/drive/MyDrive/CV_Project/datasets/casia2/images/CASIA2.0_revised/Au/Au_art_30343.jpg,0,0.6098734537760416,3,1,0.02,0.5
/content/drive/MyDrive/CV_Project/datasets/casia2/images/CASIA2.0_revised/Au/Au_art_30344.jpg,0,0.0,3,1,0.02,0.5
/content/drive/MyDrive/CV_Project/datasets/casia2/images/CASIA2.0_revised/Au/Au_art_30345.jpg,0,0.0292460123697916,3,1,0.02,0.5
/content/drive/MyDrive/CV_Project/datasets/casia2/images/CASIA2.0_revised/Au/Au_art_30346.jpg,0,0.36614990234375,3,1,0.02,0.5
/content/drive/MyDrive/CV_Project/datasets/casia2/images/CASIA2.0_revised/Au/Au_art_30347.jpg,0,0.2593485514322917,3,1,0.02,0.5
/content/drive/MyDrive/CV_Project/datasets/casia2/images/CASIA2.0_revised/Au/Au_art_30348.jpg,0,0.4644978841145833,3,1,0.02,0.5
/content/drive/MyDrive/CV_Project/datasets/casia2/images/CASIA2.0_revised/Au/Au_art_30349.jpg,0,0.1719767252604166,3,1,0.02,0.5
/content/drive/MyDrive/CV_Project/datasets/casia2/images/CASIA2.0_revised/Au/Au_art_30350.jpg,0,0.0206400553385416,3,1,0.02,0.5
/content/drive/MyDrive/CV_Project/datasets/casia2/images/CASIA2.0_revised/Au/Au_art_30351.jpg,0,0.3058369954427083,3,1,0.02,0.5
/content/drive/MyDrive/CV_Project/datasets/casia2/images/CASIA2.0_revised/Au/Au_art_30352.jpg,0,0.2337137858072916,3,1,0.02,0.5
/content/drive/MyDrive/CV_Project/datasets/casia2/images/CASIA2.0_revised/Au/Au_art_30353.jpg,0,0.0,3,1,0.02,0.5
/content/drive/MyDrive/CV_Project/datasets/casia2/images/CASIA2.0_revised/Au/Au_art_30354.jpg,0,0.41021728515625,3,1,0.02,0.5
/content/drive/MyDrive/CV_Project/datasets/casia2/images/CASIA2.0_revised/Au/Au_art_30355.jpg,0,0.0281778971354166,3,1,0.02,0.5
/content/drive/MyDrive/CV_Project/datasets/casia2/images/CASIA2.0_revised/Au/Au_art_30356.jpg,0,0.4016520182291667,3,1,0.02,0.5
/content/drive/MyDrive/CV_Project/datasets/casia2/images/CASIA2.0_revised/Au/Au_art_30357.jpg,0,0.3354390462239583,3,1,0.02,0.5
/content/drive/MyDrive/CV_Project/datasets/casia2/images/CASIA2.0_revised/Au/Au_art_30358.jpg,0,0.0762837727864583,3,1,0.02,0.5
/content/drive/MyDrive/CV_Project/datasets/casia2/images/CASIA2.0_revised/Au/Au_art_30359.jpg,0,0.3339436848958333,3,1,0.02,0.5
/content/drive/MyDrive/CV_Project/datasets/casia2/images/CASIA2.0_revised/Au/Au_art_30360.jpg,0,0.0456339518229166,3,1,0.02,0.5
/content/drive/MyDrive/CV_Project/datasets/casia2/images/CASIA2.0_revised/Au/Au_art_30361.jpg,0,0.1535542805989583,3,1,0.02,0.5
/content/drive/MyDrive/CV_Project/datasets/casia2/images/CASIA2.0_revised/Au/Au_art_30362.jpg,0,0.027313232421875,3,1,0.02,0.5
/content/drive/MyDrive/CV_Project/datasets/casia2/images/CASIA2.0_revised/Au/Au_art_30363.jpg,0,0.1275634765625,3,1,0.02,0.5
/content/drive/MyDrive/CV_Project/datasets/casia2/images/CASIA2.0_revised/Au/Au_art_30364.jpg,0,0.0,3,1,0.02,0.5
/content/drive/MyDrive/CV_Project/datasets/casia2/images/CASIA2.0_revised/Au/Au_art_30365.jpg,0,0.2227071126302083,3,1,0.02,0.5
/content/drive/MyDrive/CV_Project/datasets/casia2/images/CASIA2.0_revised/Au/Au_art_30366.jpg,0,0.06353759765625,3,1,0.02,0.5
/content/drive/MyDrive/CV_Project/datasets/casia2/images/CASIA2.0_revised/Au/Au_art_30367.jpg,0,0.2591654459635417,3,1,0.02,0.5
/content/drive/MyDrive/CV_Project/datasets/casia2/images/CASIA2.0_revised/Au/Au_art_30368.jpg,0,0.8491617838541666,3,1,0.02,0.5
/content/drive/MyDrive/CV_Project/datasets/casia2/images/CASIA2.0_revised/Au/Au_art_30369.jpg,0,0.7518412272135416,3,1,0.02,0.5
/content/drive/MyDrive/CV_Project/datasets/casia2/images/CASIA2.0_revised/Au/Au_art_30370.jpg,0,0.3677876790364583,3,1,0.02,0.5
/content/drive/MyDrive/CV_Project/datasets/casia2/images/CASIA2.0_revised/Au/Au_art_30371.jpg,0,0.3139750162760417,3,1,0.02,0.5
/content/drive/MyDrive/CV_Project/datasets/casia2/images/CASIA2.0_revised/Au/Au_art_30372.jpg,0,0.1290690104166666,3,1,0.02,0.5
/content/drive/MyDrive/CV_Project/datasets/casia2/images/CASIA2.0_revised/Au/Au_art_30373.jpg,0,0.3824564615885417,3,1,0.02,0.5
/content/drive/MyDrive/CV_Project/datasets/casia2/images/CASIA2.0_revised/Au/Au_art_30374.jpg,0,0.4808146158854167,3,1,0.02,0.5
/content/drive/MyDrive/CV_Project/datasets/casia2/images/CASIA2.0_revised/Au/Au_art_30375.jpg,0,0.0,3,1,0.02,0.5
/content/drive/MyDrive/CV_Project/datasets/casia2/images/CASIA2.0_revised/Au/Au_art_30376.jpg,0,0.0,3,1,0.02,0.5
/content/drive/MyDrive/CV_Project/datasets/casia2/images/CASIA2.0_revised/Au/Au_art_30377.jpg,0,0.3976033528645833,3,1,0.02,0.5
/content/drive/MyDrive/CV_Project/datasets/casia2/images/CASIA2.0_revised/Au/Au_art_30378.jpg,0,0.1136474609375,3,1,0.02,0.5
/content/drive/MyDrive/CV_Project/datasets/casia2/images/CASIA2.0_revised/Au/Au_art_30379.jpg,0,0.57293701171875,3,1,0.02,0.5
/content/drive/MyDrive/CV_Project/datasets/casia2/images/CASIA2.0_revised/Au/Au_art_30380.jpg,0,0.1106465657552083,3,1,0.02,0.5
/content/drive/MyDrive/CV_Project/datasets/casia2/images/CASIA2.0_revised/Au/Au_art_30381.jpg,0,0.5039265950520834,3,1,0.02,0.5
/content/drive/MyDrive/CV_Project/datasets/casia2/images/CASIA2.0_revised/Au/Au_art_30382.jpg,0,0.1980183919270833,3,1,0.02,0.5
/content/drive/MyDrive/CV_Project/datasets/casia2/images/CASIA2.0_revised/Au/Au_art_30383.jpg,0,0.0,3,1,0.02,0.5
/content/drive/MyDrive/CV_Project/datasets/casia2/images/CASIA2.0_revised/Au/Au_art_30384.jpg,0,0.339630126953125,3,1,0.02,0.5
/content/drive/MyDrive/CV_Project/datasets/casia2/images/CASIA2.0_revised/Au/Au_art_30385.jpg,0,0.3802693684895833,3,1,0.02,0.5
/content/drive/MyDrive/CV_Project/datasets/casia2/images/CASIA2.0_revised/Au/Au_art_30386.jpg,0,0.1737060546875,3,1,0.02,0.5
/content/drive/MyDrive/CV_Project/datasets/casia2/images/CASIA2.0_revised/Au/Au_art_30387.jpg,0,0.8347981770833334,3,1,0.02,0.5
/content/drive/MyDrive/CV_Project/datasets/casia2/images/CASIA2.0_revised/Au/Au_art_30388.jpg,0,0.0,3,1,0.02,0.5
/content/drive/MyDrive/CV_Project/datasets/casia2/images/CASIA2.0_revised/Au/Au_art_30389.jpg,0,0.0,3,1,0.02,0.5
/content/drive/MyDrive/CV_Project/datasets/casia2/images/CASIA2.0_revised/Au/Au_art_30390.jpg,0,0.0936279296875,3,1,0.02,0.5
/content/drive/MyDrive/CV_Project/datasets/casia2/images/CASIA2.0_revised/Au/Au_art_30391.jpg,0,0.5333150227864584,3,1,0.02,0.5
/content/drive/MyDrive/CV_Project/datasets/casia2/images/CASIA2.0_revised/Au/Au_art_30392.jpg,0,0.0,3,1,0.02,0.5
/content/drive/MyDrive/CV_Project/datasets/casia2/images/CASIA2.0_revised/Au/Au_art_30393.jpg,0,0.516845703125,3,1,0.02,0.5
/content/drive/MyDrive/CV_Project/datasets/casia2/images/CASIA2.0_revised/Au/Au_art_30394.jpg,0,0.1671040852864583,3,1,0.02,0.5
/content/drive/MyDrive/CV_Project/datasets/casia2/images/CASIA2.0_revised/Au/Au_art_30395.jpg,0,0.3158365885416667,3,1,0.02,0.5
/content/drive/MyDrive/CV_Project/datasets/casia2/images/CASIA2.0_revised/Au/Au_art_30396.jpg,0,0.2774251302083333,3,1,0.02,0.5
/content/drive/MyDrive/CV_Project/datasets/casia2/images/CASIA2.0_revised/Au/Au_art_30397.jpg,0,0.1264139811197916,3,1,0.02,0.5
/content/drive/MyDrive/CV_Project/datasets/casia2/images/CASIA2.0_revised/Au/Au_art_30398.jpg,0,0.3078409830729167,3,1,0.02,0.5
/content/drive/MyDrive/CV_Project/datasets/casia2/images/CASIA2.0_revised/Au/Au_art_30399.jpg,0,0.3718770345052083,3,1,0.02,0.5
/content/drive/MyDrive/CV_Project/datasets/casia2/images/CASIA2.0_revised/Au/Au_art_30400.jpg,0,0.426055908203125,3,1,0.02,0.5
/content/drive/MyDrive/CV_Project/datasets/casia2/images/CASIA2.0_revised/Au/Au_art_30401.jpg,0,0.3435770670572917,3,1,0.02,0.5
/content/drive/MyDrive/CV_Project/datasets/casia2/images/CASIA2.0_revised/Au/Au_art_30402.jpg,0,0.4685872395833333,3,1,0.02,0.5
/content/drive/MyDrive/CV_Project/datasets/casia2/images/CASIA2.0_revised/Au/Au_art_30403.jpg,0,0.0662841796875,3,1,0.02,0.5
/content/drive/MyDrive/CV_Project/datasets/casia2/images/CASIA2.0_revised/Au/Au_art_30404.jpg,0,0.129150390625,3,1,0.02,0.5
/content/drive/MyDrive/CV_Project/datasets/casia2/images/CASIA2.0_revised/Au/Au_art_30405.jpg,0,0.9774881998697916,3,1,0.02,0.5
/content/drive/MyDrive/CV_Project/datasets/casia2/images/CASIA2.0_revised/Au/Au_art_30406.jpg,0,0.2953898111979167,3,1,0.02,0.5
/content/drive/MyDrive/CV_Project/datasets/casia2/images/CASIA2.0_revised/Au/Au_art_30407.jpg,0,0.0323588053385416,3,1,0.02,0.5
/content/drive/MyDrive/CV_Project/datasets/casia2/images/CASIA2.0_revised/Au/Au_art_30408.jpg,0,0.0,3,1,0.02,0.5
/content/drive/MyDrive/CV_Project/datasets/casia2/images/CASIA2.0_revised/Au/Au_art_30409.jpg,0,0.229278564453125,3,1,0.02,0.5
/content/drive/MyDrive/CV_Project/datasets/casia2/images/CASIA2.0_revised/Au/Au_art_30410.jpg,0,0.6773173014322916,3,1,0.02,0.5
/content/drive/MyDrive/CV_Project/datasets/casia2/images/CASIA2.0_revised/Au/Au_art_30411.jpg,0,0.0,3,1,0.02,0.5
/content/drive/MyDrive/CV_Project/datasets/casia2/images/CASIA2.0_revised/Au/Au_art_30412.jpg,0,0.0,3,1,0.02,0.5
/content/drive/MyDrive/CV_Project/datasets/casia2/images/CASIA2.0_revised/Au/Au_art_30413.jpg,0,0.0416259765625,3,1,0.02,0.5
/content/drive/MyDrive/CV_Project/datasets/casia2/images/CASIA2.0_revised/Au/Au_art_30414.jpg,0,0.2756144205729167,3,1,0.02,0.5
/content/drive/MyDrive/CV_Project/datasets/casia2/images/CASIA2.0_revised/Au/Au_art_30415.jpg,0,0.1743367513020833,3,1,0.02,0.5
/content/drive/MyDrive/CV_Project/datasets/casia2/images/CASIA2.0_revised/Au/Au_art_30416.jpg,0,0.2737833658854167,3,1,0.02,0.5
/content/drive/MyDrive/CV_Project/datasets/casia2/images/CASIA2.0_revised/Au/Au_art_30417.jpg,0,0.0,3,1,0.02,0.5
/content/drive/MyDrive/CV_Project/datasets/casia2/images/CASIA2.0_revised/Au/Au_art_30418.jpg,0,0.0293986002604166,3,1,0.02,0.5
/content/drive/MyDrive/CV_Project/datasets/casia2/images/CASIA2.0_revised/Au/Au_art_30419.jpg,0,0.3604532877604167,3,1,0.02,0.5
/content/drive/MyDrive/CV_Project/datasets/casia2/images/CASIA2.0_revised/Au/Au_art_30420.jpg,0,0.0924072265625,3,1,0.02,0.5
/content/drive/MyDrive/CV_Project/datasets/casia2/images/CASIA2.0_revised/Au/Au_art_30421.jpg,0,0.0810343424479166,3,1,0.02,0.5
/content/drive/MyDrive/CV_Project/datasets/casia2/images/CASIA2.0_revised/Au/Au_art_30422.jpg,0,0.2203369140625,3,1,0.02,0.5
/content/drive/MyDrive/CV_Project/datasets/casia2/images/CASIA2.0_revised/Au/Au_art_30423.jpg,0,0.0721944173177083,3,1,0.02,0.5
/content/drive/MyDrive/CV_Project/datasets/casia2/images/CASIA2.0_revised/Au/Au_art_30424.jpg,0,0.0253397623697916,3,1,0.02,0.5
/content/drive/MyDrive/CV_Project/datasets/casia2/images/CASIA2.0_revised/Au/Au_art_30425.jpg,0,0.3153889973958333,3,1,0.02,0.5
/content/drive/MyDrive/CV_Project/datasets/casia2/images/CASIA2.0_revised/Au/Au_art_30426.jpg,0,0.3387247721354167,3,1,0.02,0.5
/content/drive/MyDrive/CV_Project/datasets/casia2/images/CASIA2.0_revised/Au/Au_art_30427.jpg,0,0.086944580078125,3,1,0.02,0.5
/content/drive/MyDrive/CV_Project/datasets/casia2/images/CASIA2.0_revised/Au/Au_art_30428.jpg,0,0.1890462239583333,3,1,0.02,0.5
/content/drive/MyDrive/CV_Project/datasets/casia2/images/CASIA2.0_revised/Au/Au_art_30429.jpg,0,0.1940816243489583,3,1,0.02,0.5
/content/drive/MyDrive/CV_Project/datasets/casia2/images/CASIA2.0_revised/Au/Au_art_30430.jpg,0,0.2040812174479166,3,1,0.02,0.5
/content/drive/MyDrive/CV_Project/datasets/casia2/images/CASIA2.0_revised/Au/Au_art_30431.jpg,0,0.3642476399739583,3,1,0.02,0.5
/content/drive/MyDrive/CV_Project/datasets/casia2/images/CASIA2.0_revised/Au/Au_art_30432.jpg,0,0.0,3,1,0.02,0.5
/content/drive/MyDrive/CV_Project/datasets/casia2/images/CASIA2.0_revised/Au/Au_art_30433.jpg,0,0.6339213053385416,3,1,0.02,0.5
/content/drive/MyDrive/CV_Project/datasets/casia2/images/CASIA2.0_revised/Au/Au_art_30434.jpg,0,0.670196533203125,3,1,0.02,0.5
/content/drive/MyDrive/CV_Project/datasets/casia2/images/CASIA2.0_revised/Au/Au_art_30435.jpg,0,0.413787841796875,3,1,0.02,0.5
/content/drive/MyDrive/CV_Project/datasets/casia2/images/CASIA2.0_revised/Au/Au_art_30436.jpg,0,0.3516947428385417,3,1,0.02,0.5
/content/drive/MyDrive/CV_Project/datasets/casia2/images/CASIA2.0_revised/Au/Au_art_30437.jpg,0,0.3795674641927083,3,1,0.02,0.5
/content/drive/MyDrive/CV_Project/datasets/casia2/images/CASIA2.0_revised/Au/Au_art_30438.jpg,0,0.0,3,1,0.02,0.5
/content/drive/MyDrive/CV_Project/datasets/casia2/images/CASIA2.0_revised/Au/Au_art_30439.jpg,0,0.238372802734375,3,1,0.02,0.5
/content/drive/MyDrive/CV_Project/datasets/casia2/images/CASIA2.0_revised/Au/Au_art_30440.jpg,0,0.6293131510416666,3,1,0.02,0.5
/content/drive/MyDrive/CV_Project/datasets/casia2/images/CASIA2.0_revised/Au/Au_art_30441.jpg,0,0.4154866536458333,3,1,0.02,0.5
/content/drive/MyDrive/CV_Project/datasets/casia2/images/CASIA2.0_revised/Au/Au_art_30442.jpg,0,0.0291951497395833,3,1,0.02,0.5
/content/drive/MyDrive/CV_Project/datasets/casia2/images/CASIA2.0_revised/Au/Au_art_30443.jpg,0,0.031524658203125,3,1,0.02,0.5
/content/drive/MyDrive/CV_Project/datasets/casia2/images/CASIA2.0_revised/Au/Au_art_30444.jpg,0,0.0483194986979166,3,1,0.02,0.5
/content/drive/MyDrive/CV_Project/datasets/casia2/images/CASIA2.0_revised/Au/Au_art_30445.jpg,0,0.0870259602864583,3,1,0.02,0.5
/content/drive/MyDrive/CV_Project/datasets/casia2/images/CASIA2.0_revised/Au/Au_art_30446.jpg,0,0.5249735514322916,3,1,0.02,0.5
/content/drive/MyDrive/CV_Project/datasets/casia2/images/CASIA2.0_revised/Au/Au_art_30447.jpg,0,0.4008585611979167,3,1,0.02,0.5
/content/drive/MyDrive/CV_Project/datasets/casia2/images/CASIA2.0_revised/Au/Au_art_30448.jpg,0,0.3655497233072917,3,1,0.02,0.5
/content/drive/MyDrive/CV_Project/datasets/casia2/images/CASIA2.0_revised/Au/Au_art_30449.jpg,0,0.078826904296875,3,1,0.02,0.5
/content/drive/MyDrive/CV_Project/datasets/casia2/images/CASIA2.0_revised/Au/Au_art_30450.jpg,0,0.021453857421875,3,1,0.02,0.5
/content/drive/MyDrive/CV_Project/datasets/casia2/images/CASIA2.0_revised/Au/Au_art_30451.jpg,0,0.0503031412760416,3,1,0.02,0.5
/content/drive/MyDrive/CV_Project/datasets/casia2/images/CASIA2.0_revised/Au/Au_art_30452.jpg,0,0.06182861328125,3,1,0.02,0.5
/content/drive/MyDrive/CV_Project/datasets/casia2/images/CASIA2.0_revised/Au/Au_art_30453.jpg,0,0.44232177734375,3,1,0.02,0.5
/content/drive/MyDrive/CV_Project/datasets/casia2/images/CASIA2.0_revised/Au/Au_art_30454.jpg,0,0.6039937337239584,3,1,0.02,0.5
/content/drive/MyDrive/CV_Project/datasets/casia2/images/CASIA2.0_revised/Au/Au_art_30455.jpg,0,0.02606201171875,3,1,0.02,0.5
/content/drive/MyDrive/CV_Project/datasets/casia2/images/CASIA2.0_revised/Au/Au_art_30456.jpg,0,0.2209981282552083,3,1,0.02,0.5
/content/drive/MyDrive/CV_Project/datasets/casia2/images/CASIA2.0_revised/Au/Au_art_30457.jpg,0,0.3435160319010417,3,1,0.02,0.5
/content/drive/MyDrive/CV_Project/datasets/casia2/images/CASIA2.0_revised/Au/Au_art_30458.jpg,0,0.0,3,1,0.02,0.5
/content/drive/MyDrive/CV_Project/datasets/casia2/images/CASIA2.0_revised/Au/Au_art_30459.jpg,0,0.3196004231770833,3,1,0.02,0.5
/content/drive/MyDrive/CV_Project/datasets/casia2/images/CASIA2.0_revised/Au/Au_art_30460.jpg,0,0.0,3,1,0.02,0.5
/content/drive/MyDrive/CV_Project/datasets/casia2/images/CASIA2.0_revised/Au/Au_art_30461.jpg,0,0.1328531901041666,3,1,0.02,0.5
/content/drive/MyDrive/CV_Project/datasets/casia2/images/CASIA2.0_revised/Au/Au_art_30462.jpg,0,0.0661214192708333,3,1,0.02,0.5
/content/drive/MyDrive/CV_Project/datasets/casia2/images/CASIA2.0_revised/Au/Au_art_30463.jpg,0,0.2129313151041666,3,1,0.02,0.5
/content/drive/MyDrive/CV_Project/datasets/casia2/images/CASIA2.0_revised/Au/Au_art_30464.jpg,0,0.239898681640625,3,1,0.02,0.5
/content/drive/MyDrive/CV_Project/datasets/casia2/images/CASIA2.0_revised/Au/Au_art_30465.jpg,0,0.0320027669270833,3,1,0.02,0.5
/content/drive/MyDrive/CV_Project/datasets/casia2/images/CASIA2.0_revised/Au/Au_art_30466.jpg,0,0.0,3,1,0.02,0.5
/content/drive/MyDrive/CV_Project/datasets/casia2/images/CASIA2.0_revised/Au/Au_art_30467.jpg,0,0.0415547688802083,3,1,0.02,0.5
/content/drive/MyDrive/CV_Project/datasets/casia2/images/CASIA2.0_revised/Au/Au_art_30468.jpg,0,0.0927632649739583,3,1,0.02,0.5
/content/drive/MyDrive/CV_Project/datasets/casia2/images/CASIA2.0_revised/Au/Au_art_30469.jpg,0,0.3333536783854167,3,1,0.02,0.5
/content/drive/MyDrive/CV_Project/datasets/casia2/images/CASIA2.0_revised/Au/Au_art_30470.jpg,0,0.4362894694010417,3,1,0.02,0.5
/content/drive/MyDrive/CV_Project/datasets/casia2/images/CASIA2.0_revised/Au/Au_art_30471.jpg,0,0.1970418294270833,3,1,0.02,0.5
/content/drive/MyDrive/CV_Project/datasets/casia2/images/CASIA2.0_revised/Au/Au_art_30472.jpg,0,0.0,3,1,0.02,0.5
/content/drive/MyDrive/CV_Project/datasets/casia2/images/CASIA2.0_revised/Au/Au_art_30473.jpg,0,0.27557373046875,3,1,0.02,0.5
/content/drive/MyDrive/CV_Project/datasets/casia2/images/CASIA2.0_revised/Au/Au_art_30474.jpg,0,0.45391845703125,3,1,0.02,0.5
/content/drive/MyDrive/CV_Project/datasets/casia2/images/CASIA2.0_revised/Au/Au_art_30475.jpg,0,0.3508809407552083,3,1,0.02,0.5
/content/drive/MyDrive/CV_Project/datasets/casia2/images/CASIA2.0_revised/Au/Au_art_30476.jpg,0,0.3603922526041667,3,1,0.02,0.5
/content/drive/MyDrive/CV_Project/datasets/casia2/images/CASIA2.0_revised/Au/Au_art_30477.jpg,0,0.47259521484375,3,1,0.02,0.5
/content/drive/MyDrive/CV_Project/datasets/casia2/images/CASIA2.0_revised/Au/Au_art_30478.jpg,0,0.2860005696614583,3,1,0.02,0.5
/content/drive/MyDrive/CV_Project/datasets/casia2/images/CASIA2.0_revised/Au/Au_art_30479.jpg,0,0.266326904296875,3,1,0.02,0.5
/content/drive/MyDrive/CV_Project/datasets/casia2/images/CASIA2.0_revised/Au/Au_art_30480.jpg,0,0.0202229817708333,3,1,0.02,0.5
/content/drive/MyDrive/CV_Project/datasets/casia2/images/CASIA2.0_revised/Au/Au_art_30481.jpg,0,0.0,3,1,0.02,0.5
/content/drive/MyDrive/CV_Project/datasets/casia2/images/CASIA2.0_revised/Au/Au_art_30482.jpg,0,0.181854248046875,3,1,0.02,0.5
/content/drive/MyDrive/CV_Project/datasets/casia2/images/CASIA2.0_revised/Au/Au_art_30483.jpg,0,0.245452880859375,3,1,0.02,0.5
/content/drive/MyDrive/CV_Project/datasets/casia2/images/CASIA2.0_revised/Au/Au_art_30484.jpg,0,0.58795166015625,3,1,0.02,0.5
/content/drive/MyDrive/CV_Project/datasets/casia2/images/CASIA2.0_revised/Au/Au_art_30485.jpg,0,0.376922607421875,3,1,0.02,0.5
/content/drive/MyDrive/CV_Project/datasets/casia2/images/CASIA2.0_revised/Au/Au_art_30486.jpg,0,0.342437744140625,3,1,0.02,0.5
/content/drive/MyDrive/CV_Project/datasets/casia2/images/CASIA2.0_revised/Au/Au_art_30487.jpg,0,0.17718505859375,3,1,0.02,0.5
/content/drive/MyDrive/CV_Project/datasets/casia2/images/CASIA2.0_revised/Au/Au_art_30488.jpg,0,0.182952880859375,3,1,0.02,0.5
/content/drive/MyDrive/CV_Project/datasets/casia2/images/CASIA2.0_revised/Au/Au_art_30489.jpg,0,0.0,3,1,0.02,0.5
/content/drive/MyDrive/CV_Project/datasets/casia2/images/CASIA2.0_revised/Au/Au_art_30490.jpg,0,0.4330240885416667,3,1,0.02,0.5
/content/drive/MyDrive/CV_Project/datasets/casia2/images/CASIA2.0_revised/Au/Au_art_30491.jpg,0,0.0217793782552083,3,1,0.02,0.5
/content/drive/MyDrive/CV_Project/datasets/casia2/images/CASIA2.0_revised/Au/Au_art_30492.jpg,0,0.0611673990885416,3,1,0.02,0.5
/content/drive/MyDrive/CV_Project/datasets/casia2/images/CASIA2.0_revised/Au/Au_art_30493.jpg,0,0.0560404459635416,3,1,0.02,0.5
/content/drive/MyDrive/CV_Project/datasets/casia2/images/CASIA2.0_revised/Au/Au_art_30494.jpg,0,0.0444437662760416,3,1,0.02,0.5
/content/drive/MyDrive/CV_Project/datasets/casia2/images/CASIA2.0_revised/Au/Au_art_30495.jpg,0,0.2253519694010416,3,1,0.02,0.5
/content/drive/MyDrive/CV_Project/datasets/casia2/images/CASIA2.0_revised/Au/Au_art_30496.jpg,0,0.0221964518229166,3,1,0.02,0.5
/content/drive/MyDrive/CV_Project/datasets/casia2/images/CASIA2.0_revised/Au/Au_art_30497.jpg,0,0.0851847330729166,3,1,0.02,0.5
/content/drive/MyDrive/CV_Project/datasets/casia2/images/CASIA2.0_revised/Au/Au_art_30498.jpg,0,0.021148681640625,3,1,0.02,0.5
/content/drive/MyDrive/CV_Project/datasets/casia2/images/CASIA2.0_revised/Au/Au_art_30499.jpg,0,0.2778727213541667,3,1,0.02,0.5
/content/drive/MyDrive/CV_Project/datasets/casia2/images/CASIA2.0_revised/Au/Au_art_30500.jpg,0,0.104766845703125,3,1,0.02,0.5
/content/drive/MyDrive/CV_Project/datasets/casia2/images/CASIA2.0_revised/Au/Au_art_30501.jpg,0,0.335205078125,3,1,0.02,0.5
/content/drive/MyDrive/CV_Project/datasets/casia2/images/CASIA2.0_revised/Au/Au_art_30502.jpg,0,0.4572245279947917,3,1,0.02,0.5
/content/drive/MyDrive/CV_Project/datasets/casia2/images/CASIA2.0_revised/Au/Au_art_30503.jpg,0,0.021331787109375,3,1,0.02,0.5
/content/drive/MyDrive/CV_Project/datasets/casia2/images/CASIA2.0_revised/Au/Au_art_30504.jpg,0,0.0,3,1,0.02,0.5
/content/drive/MyDrive/CV_Project/datasets/casia2/images/CASIA2.0_revised/Au/Au_art_30505.jpg,0,0.243927001953125,3,1,0.02,0.5
/content/drive/MyDrive/CV_Project/datasets/casia2/images/CASIA2.0_revised/Au/Au_art_30506.jpg,0,0.3121337890625,3,1,0.02,0.5
/content/drive/MyDrive/CV_Project/datasets/casia2/images/CASIA2.0_revised/Au/Au_art_30507.jpg,0,0.2809855143229167,3,1,0.02,0.5
/content/drive/MyDrive/CV_Project/datasets/casia2/images/CASIA2.0_revised/Au/Au_art_30508.jpg,0,0.0257161458333333,3,1,0.02,0.5
/content/drive/MyDrive/CV_Project/datasets/casia2/images/CASIA2.0_revised/Au/Au_art_30509.jpg,0,0.0685628255208333,3,1,0.02,0.5
/content/drive/MyDrive/CV_Project/datasets/casia2/images/CASIA2.0_revised/Au/Au_art_30510.jpg,0,0.284454345703125,3,1,0.02,0.5
/content/drive/MyDrive/CV_Project/datasets/casia2/images/CASIA2.0_revised/Au/Au_art_30511.jpg,0,0.0,3,1,0.02,0.5
/content/drive/MyDrive/CV_Project/datasets/casia2/images/CASIA2.0_revised/Au/Au_art_30512.jpg,0,0.048614501953125,3,1,0.02,0.5
/content/drive/MyDrive/CV_Project/datasets/casia2/images/CASIA2.0_revised/Au/Au_art_30513.jpg,0,0.0899556477864583,3,1,0.02,0.5
/content/drive/MyDrive/CV_Project/datasets/casia2/images/CASIA2.0_revised/Au/Au_art_30514.jpg,0,0.0,3,1,0.02,0.5
/content/drive/MyDrive/CV_Project/datasets/casia2/images/CASIA2.0_revised/Au/Au_art_30515.jpg,0,0.1209615071614583,3,1,0.02,0.5
/content/drive/MyDrive/CV_Project/datasets/casia2/images/CASIA2.0_revised/Au/Au_art_30516.jpg,0,0.1961669921875,3,1,0.02,0.5
/content/drive/MyDrive/CV_Project/datasets/casia2/images/CASIA2.0_revised/Au/Au_art_30517.jpg,0,0.071807861328125,3,1,0.02,0.5
/content/drive/MyDrive/CV_Project/datasets/casia2/images/CASIA2.0_revised/Au/Au_art_30518.jpg,0,0.4202982584635417,3,1,0.02,0.5
/content/drive/MyDrive/CV_Project/datasets/casia2/images/CASIA2.0_revised/Au/Au_art_30519.jpg,0,0.5754292805989584,3,1,0.02,0.5
/content/drive/MyDrive/CV_Project/datasets/casia2/images/CASIA2.0_revised/Au/Au_art_30520.jpg,0,0.0634256998697916,3,1,0.02,0.5
/content/drive/MyDrive/CV_Project/datasets/casia2/images/CASIA2.0_revised/Au/Au_art_30521.jpg,0,0.6805419921875,3,1,0.02,0.5
/content/drive/MyDrive/CV_Project/datasets/casia2/images/CASIA2.0_revised/Au/Au_art_30522.jpg,0,0.2731526692708333,3,1,0.02,0.5
/content/drive/MyDrive/CV_Project/datasets/casia2/images/CASIA2.0_revised/Au/Au_art_30523.jpg,0,0.0335184733072916,3,1,0.02,0.5
/content/drive/MyDrive/CV_Project/datasets/casia2/images/CASIA2.0_revised/Au/Au_art_30524.jpg,0,0.5347493489583334,3,1,0.02,0.5
/content/drive/MyDrive/CV_Project/datasets/casia2/images/CASIA2.0_revised/Au/Au_art_30525.jpg,0,0.5275166829427084,3,1,0.02,0.5
/content/drive/MyDrive/CV_Project/datasets/casia2/images/CASIA2.0_revised/Au/Au_art_30526.jpg,0,0.358795166015625,3,1,0.02,0.5
/content/drive/MyDrive/CV_Project/datasets/casia2/images/CASIA2.0_revised/Au/Au_art_30527.jpg,0,0.0325724283854166,3,1,0.02,0.5
/content/drive/MyDrive/CV_Project/datasets/casia2/images/CASIA2.0_revised/Au/Au_art_30528.jpg,0,0.362823486328125,3,1,0.02,0.5
/content/drive/MyDrive/CV_Project/datasets/casia2/images/CASIA2.0_revised/Au/Au_art_30529.jpg,0,0.6066385904947916,3,1,0.02,0.5
/content/drive/MyDrive/CV_Project/datasets/casia2/images/CASIA2.0_revised/Au/Au_art_30530.jpg,0,0.0,3,1,0.02,0.5
/content/drive/MyDrive/CV_Project/datasets/casia2/images/CASIA2.0_revised/Au/Au_art_30531.jpg,0,0.3317769368489583,3,1,0.02,0.5
/content/drive/MyDrive/CV_Project/datasets/casia2/images/CASIA2.0_revised/Au/Au_art_30532.jpg,0,0.1008504231770833,3,1,0.02,0.5
/content/drive/MyDrive/CV_Project/datasets/casia2/images/CASIA2.0_revised/Au/Au_art_30533.jpg,0,0.544189453125,3,1,0.02,0.5
/content/drive/MyDrive/CV_Project/datasets/casia2/images/CASIA2.0_revised/Au/Au_art_30534.jpg,0,0.0219217936197916,3,1,0.02,0.5
/content/drive/MyDrive/CV_Project/datasets/casia2/images/CASIA2.0_revised/Au/Au_art_30535.jpg,0,0.031341552734375,3,1,0.02,0.5
/content/drive/MyDrive/CV_Project/datasets/casia2/images/CASIA2.0_revised/Au/Au_art_30536.jpg,0,0.1834513346354166,3,1,0.02,0.5
/content/drive/MyDrive/CV_Project/datasets/casia2/images/CASIA2.0_revised/Au/Au_art_30537.jpg,0,0.474090576171875,3,1,0.02,0.5
/content/drive/MyDrive/CV_Project/datasets/casia2/images/CASIA2.0_revised/Au/Au_art_30538.jpg,0,0.48699951171875,3,1,0.02,0.5
/content/drive/MyDrive/CV_Project/datasets/casia2/images/CASIA2.0_revised/Au/Au_art_30539.jpg,0,0.117950439453125,3,1,0.02,0.5
/content/drive/MyDrive/CV_Project/datasets/casia2/images/CASIA2.0_revised/Au/Au_art_30540.jpg,0,0.949005126953125,3,1,0.02,0.5
/content/drive/MyDrive/CV_Project/datasets/casia2/images/CASIA2.0_revised/Au/Au_art_30541.jpg,0,0.163421630859375,3,1,0.02,0.5
/content/drive/MyDrive/CV_Project/datasets/casia2/images/CASIA2.0_revised/Au/Au_art_30542.jpg,0,0.10015869140625,3,1,0.02,0.5
/content/drive/MyDrive/CV_Project/datasets/casia2/images/CASIA2.0_revised/Au/Au_art_30543.jpg,0,0.7478230794270834,3,1,0.02,0.5
/content/drive/MyDrive/CV_Project/datasets/casia2/images/CASIA2.0_revised/Au/Au_art_30544.jpg,0,0.024200439453125,3,1,0.02,0.5
/content/drive/MyDrive/CV_Project/datasets/casia2/images/CASIA2.0_revised/Au/Au_art_30545.jpg,0,0.0646769205729166,3,1,0.02,0.5
/content/drive/MyDrive/CV_Project/datasets/casia2/images/CASIA2.0_revised/Au/Au_art_30546.jpg,0,0.2757568359375,3,1,0.02,0.5
/content/drive/MyDrive/CV_Project/datasets/casia2/images/CASIA2.0_revised/Au/Au_art_30547.jpg,0,0.0,3,1,0.02,0.5
/content/drive/MyDrive/CV_Project/datasets/casia2/images/CASIA2.0_revised/Au/Au_art_30548.jpg,0,0.0,3,1,0.02,0.5
/content/drive/MyDrive/CV_Project/datasets/casia2/images/CASIA2.0_revised/Au/Au_art_30549.jpg,0,0.6150614420572916,3,1,0.02,0.5
/content/drive/MyDrive/CV_Project/datasets/casia2/images/CASIA2.0_revised/Au/Au_art_30550.jpg,0,0.0,3,1,0.02,0.5
/content/drive/MyDrive/CV_Project/datasets/casia2/images/CASIA2.0_revised/Au/Au_art_30551.jpg,0,0.0,3,1,0.02,0.5
/content/drive/MyDrive/CV_Project/datasets/casia2/images/CASIA2.0_revised/Au/Au_art_30552.jpg,0,0.230377197265625,3,1,0.02,0.5
/content/drive/MyDrive/CV_Project/datasets/casia2/images/CASIA2.0_revised/Au/Au_art_30553.jpg,0,0.0,3,1,0.02,0.5
/content/drive/MyDrive/CV_Project/datasets/casia2/images/CASIA2.0_revised/Au/Au_art_30554.jpg,0,0.2093607584635416,3,1,0.02,0.5
/content/drive/MyDrive/CV_Project/datasets/casia2/images/CASIA2.0_revised/Au/Au_art_30555.jpg,0,0.2267862955729166,3,1,0.02,0.5
/content/drive/MyDrive/CV_Project/datasets/casia2/images/CASIA2.0_revised/Au/Au_art_30556.jpg,0,0.0,3,1,0.02,0.5
/content/drive/MyDrive/CV_Project/datasets/casia2/images/CASIA2.0_revised/Au/Au_art_30557.jpg,0,0.37762451171875,3,1,0.02,0.5
/content/drive/MyDrive/CV_Project/datasets/casia2/images/CASIA2.0_revised/Au/Au_art_30558.jpg,0,0.2022806803385416,3,1,0.02,0.5
/content/drive/MyDrive/CV_Project/datasets/casia2/images/CASIA2.0_revised/Au/Au_art_30559.jpg,0,0.0235188802083333,3,1,0.02,0.5
/content/drive/MyDrive/CV_Project/datasets/casia2/images/CASIA2.0_revised/Au/Au_art_30560.jpg,0,0.0,3,1,0.02,0.5
/content/drive/MyDrive/CV_Project/datasets/casia2/images/CASIA2.0_revised/Au/Au_art_30561.jpg,0,0.0,3,1,0.02,0.5
/content/drive/MyDrive/CV_Project/datasets/casia2/images/CASIA2.0_revised/Au/Au_art_30562.jpg,0,0.0,3,1,0.02,0.5
/content/drive/MyDrive/CV_Project/datasets/casia2/images/CASIA2.0_revised/Au/Au_art_30563.jpg,0,0.188140869140625,3,1,0.02,0.5
/content/drive/MyDrive/CV_Project/datasets/casia2/images/CASIA2.0_revised/Au/Au_art_30564.jpg,0,0.3672281901041667,3,1,0.02,0.5
/content/drive/MyDrive/CV_Project/datasets/casia2/images/CASIA2.0_revised/Au/Au_art_30565.jpg,0,0.591827392578125,3,1,0.02,0.5
/content/drive/MyDrive/CV_Project/datasets/casia2/images/CASIA2.0_revised/Au/Au_art_30566.jpg,0,0.0,3,1,0.02,0.5
/content/drive/MyDrive/CV_Project/datasets/casia2/images/CASIA2.0_revised/Au/Au_art_30567.jpg,0,0.0421854654947916,3,1,0.02,0.5
/content/drive/MyDrive/CV_Project/datasets/casia2/images/CASIA2.0_revised/Au/Au_art_30568.jpg,0,0.0,3,1,0.02,0.5
/content/drive/MyDrive/CV_Project/datasets/casia2/images/CASIA2.0_revised/Au/Au_art_30569.jpg,0,0.2647603352864583,3,1,0.02,0.5
/content/drive/MyDrive/CV_Project/datasets/casia2/images/CASIA2.0_revised/Au/Au_art_30570.jpg,0,0.146881103515625,3,1,0.02,0.5
/content/drive/MyDrive/CV_Project/datasets/casia2/images/CASIA2.0_revised/Au/Au_art_30571.jpg,0,0.693084716796875,3,1,0.02,0.5
/content/drive/MyDrive/CV_Project/datasets/casia2/images/CASIA2.0_revised/Au/Au_art_30572.jpg,0,0.336517333984375,3,1,0.02,0.5
/content/drive/MyDrive/CV_Project/datasets/casia2/images/CASIA2.0_revised/Au/Au_art_30573.jpg,0,0.5172017415364584,3,1,0.02,0.5
/content/drive/MyDrive/CV_Project/datasets/casia2/images/CASIA2.0_revised/Au/Au_art_30574.jpg,0,0.1419270833333333,3,1,0.02,0.5
/content/drive/MyDrive/CV_Project/datasets/casia2/images/CASIA2.0_revised/Au/Au_art_30575.jpg,0,0.0,3,1,0.02,0.5
/content/drive/MyDrive/CV_Project/datasets/casia2/images/CASIA2.0_revised/Au/Au_art_30576.jpg,0,0.083953857421875,3,1,0.02,0.5
/content/drive/MyDrive/CV_Project/datasets/casia2/images/CASIA2.0_revised/Au/Au_art_30577.jpg,0,0.0,3,1,0.02,0.5
/content/drive/MyDrive/CV_Project/datasets/casia2/images/CASIA2.0_revised/Au/Au_art_30578.jpg,0,0.0,3,1,0.02,0.5
/content/drive/MyDrive/CV_Project/datasets/casia2/images/CASIA2.0_revised/Au/Au_art_30579.jpg,0,0.1225687662760416,3,1,0.02,0.5
/content/drive/MyDrive/CV_Project/datasets/casia2/images/CASIA2.0_revised/Au/Au_art_30580.jpg,0,0.354583740234375,3,1,0.02,0.5
/content/drive/MyDrive/CV_Project/datasets/casia2/images/CASIA2.0_revised/Au/Au_art_30581.jpg,0,0.3058675130208333,3,1,0.02,0.5
/content/drive/MyDrive/CV_Project/datasets/casia2/images/CASIA2.0_revised/Au/Au_art_30582.jpg,0,0.0,3,1,0.02,0.5
/content/drive/MyDrive/CV_Project/datasets/casia2/images/CASIA2.0_revised/Au/Au_art_30583.jpg,0,0.6050008138020834,3,1,0.02,0.5
/content/drive/MyDrive/CV_Project/datasets/casia2/images/CASIA2.0_revised/Au/Au_art_30584.jpg,0,0.0,3,1,0.02,0.5
/content/drive/MyDrive/CV_Project/datasets/casia2/images/CASIA2.0_revised/Au/Au_art_30585.jpg,0,0.4116109212239583,3,1,0.02,0.5
/content/drive/MyDrive/CV_Project/datasets/casia2/images/CASIA2.0_revised/Au/Au_art_30586.jpg,0,0.0772196451822916,3,1,0.02,0.5
/content/drive/MyDrive/CV_Project/datasets/casia2/images/CASIA2.0_revised/Au/Au_art_30587.jpg,0,0.14422607421875,3,1,0.02,0.5
/content/drive/MyDrive/CV_Project/datasets/casia2/images/CASIA2.0_revised/Au/Au_art_30588.jpg,0,0.0895894368489583,3,1,0.02,0.5
/content/drive/MyDrive/CV_Project/datasets/casia2/images/CASIA2.0_revised/Au/Au_art_30589.jpg,0,0.1430460611979166,3,1,0.02,0.5
/content/drive/MyDrive/CV_Project/datasets/casia2/images/CASIA2.0_revised/Au/Au_art_30590.jpg,0,0.0,3,1,0.02,0.5
/content/drive/MyDrive/CV_Project/datasets/casia2/images/CASIA2.0_revised/Au/Au_art_30591.jpg,0,0.123443603515625,3,1,0.02,0.5
/content/drive/MyDrive/CV_Project/datasets/casia2/images/CASIA2.0_revised/Au/Au_art_30592.jpg,0,0.1869099934895833,3,1,0.02,0.5
/content/drive/MyDrive/CV_Project/datasets/casia2/images/CASIA2.0_revised/Au/Au_art_30593.jpg,0,0.0,3,1,0.02,0.5
/content/drive/MyDrive/CV_Project/datasets/casia2/images/CASIA2.0_revised/Au/Au_art_30594.jpg,0,0.3420918782552083,3,1,0.02,0.5
/content/drive/MyDrive/CV_Project/datasets/casia2/images/CASIA2.0_revised/Au/Au_art_30595.jpg,0,0.1178080240885416,3,1,0.02,0.5
/content/drive/MyDrive/CV_Project/datasets/casia2/images/CASIA2.0_revised/Au/Au_art_30596.jpg,0,0.6570841471354166,3,1,0.02,0.5
/content/drive/MyDrive/CV_Project/datasets/casia2/images/CASIA2.0_revised/Au/Au_art_30597.jpg,0,0.0,3,1,0.02,0.5
/content/drive/MyDrive/CV_Project/datasets/casia2/images/CASIA2.0_revised/Au/Au_art_30598.jpg,0,0.137969970703125,3,1,0.02,0.5
/content/drive/MyDrive/CV_Project/datasets/casia2/images/CASIA2.0_revised/Au/Au_art_30599.jpg,0,0.101837158203125,3,1,0.02,0.5
/content/drive/MyDrive/CV_Project/datasets/casia2/images/CASIA2.0_revised/Au/Au_art_30600.jpg,0,0.2309061686197916,3,1,0.02,0.5
/content/drive/MyDrive/CV_Project/datasets/casia2/images/CASIA2.0_revised/Au/Au_art_30601.jpg,0,0.04815673828125,3,1,0.02,0.5
/content/drive/MyDrive/CV_Project/datasets/casia2/images/CASIA2.0_revised/Au/Au_art_30602.jpg,0,0.0,3,1,0.02,0.5
/content/drive/MyDrive/CV_Project/datasets/casia2/images/CASIA2.0_revised/Au/Au_art_30603.jpg,0,0.0,3,1,0.02,0.5
/content/drive/MyDrive/CV_Project/datasets/casia2/images/CASIA2.0_revised/Au/Au_art_30604.jpg,0,0.186126708984375,3,1,0.02,0.5
/content/drive/MyDrive/CV_Project/datasets/casia2/images/CASIA2.0_revised/Au/Au_art_30605.jpg,0,0.0,3,1,0.02,0.5
/content/drive/MyDrive/CV_Project/datasets/casia2/images/CASIA2.0_revised/Au/Au_art_30606.jpg,0,0.0676066080729166,3,1,0.02,0.5
/content/drive/MyDrive/CV_Project/datasets/casia2/images/CASIA2.0_revised/Au/Au_art_30607.jpg,0,0.0866190592447916,3,1,0.02,0.5
/content/drive/MyDrive/CV_Project/datasets/casia2/images/CASIA2.0_revised/Au/Au_art_30608.jpg,0,0.0,3,1,0.02,0.5
/content/drive/MyDrive/CV_Project/datasets/casia2/images/CASIA2.0_revised/Au/Au_art_30609.jpg,0,0.0,3,1,0.02,0.5
/content/drive/MyDrive/CV_Project/datasets/casia2/images/CASIA2.0_revised/Au/Au_art_30610.jpg,0,0.2222188313802083,3,1,0.02,0.5
/content/drive/MyDrive/CV_Project/datasets/casia2/images/CASIA2.0_revised/Au/Au_art_30611.jpg,0,0.2027689615885416,3,1,0.02,0.5
/content/drive/MyDrive/CV_Project/datasets/casia2/images/CASIA2.0_revised/Au/Au_art_30612.jpg,0,0.0,3,1,0.02,0.5
/content/drive/MyDrive/CV_Project/datasets/casia2/images/CASIA2.0_revised/Au/Au_art_30613.jpg,0,0.0928446451822916,3,1,0.02,0.5
/content/drive/MyDrive/CV_Project/datasets/casia2/images/CASIA2.0_revised/Au/Au_art_30614.jpg,0,0.0510457356770833,3,1,0.02,0.5
/content/drive/MyDrive/CV_Project/datasets/casia2/images/CASIA2.0_revised/Au/Au_art_30615.jpg,0,0.060577392578125,3,1,0.02,0.5
/content/drive/MyDrive/CV_Project/datasets/casia2/images/CASIA2.0_revised/Au/Au_art_30616.jpg,0,0.0,3,1,0.02,0.5
/content/drive/MyDrive/CV_Project/datasets/casia2/images/CASIA2.0_revised/Au/Au_art_30617.jpg,0,0.4346211751302083,3,1,0.02,0.5
/content/drive/MyDrive/CV_Project/datasets/casia2/images/CASIA2.0_revised/Au/Au_art_30618.jpg,0,0.1203206380208333,3,1,0.02,0.5
/content/drive/MyDrive/CV_Project/datasets/casia2/images/CASIA2.0_revised/Au/Au_art_30619.jpg,0,0.0,3,1,0.02,0.5
/content/drive/MyDrive/CV_Project/datasets/casia2/images/CASIA2.0_revised/Au/Au_art_30620.jpg,0,0.1084696451822916,3,1,0.02,0.5
/content/drive/MyDrive/CV_Project/datasets/casia2/images/CASIA2.0_revised/Au/Au_art_30621.jpg,0,0.0,3,1,0.02,0.5
/content/drive/MyDrive/CV_Project/datasets/casia2/images/CASIA2.0_revised/Au/Au_art_30622.jpg,0,0.5257161458333334,3,1,0.02,0.5
/content/drive/MyDrive/CV_Project/datasets/casia2/images/CASIA2.0_revised/Au/Au_art_30623.jpg,0,0.1207377115885416,3,1,0.02,0.5
/content/drive/MyDrive/CV_Project/datasets/casia2/images/CASIA2.0_revised/Au/Au_art_30624.jpg,0,0.1744181315104166,3,1,0.02,0.5
/content/drive/MyDrive/CV_Project/datasets/casia2/images/CASIA2.0_revised/Au/Au_art_30625.jpg,0,0.1463419596354166,3,1,0.02,0.5
/content/drive/MyDrive/CV_Project/datasets/casia2/images/CASIA2.0_revised/Au/Au_art_30626.jpg,0,0.0,3,1,0.02,0.5
/content/drive/MyDrive/CV_Project/datasets/casia2/images/CASIA2.0_revised/Au/Au_art_30627.jpg,0,0.0,3,1,0.02,0.5
/content/drive/MyDrive/CV_Project/datasets/casia2/images/CASIA2.0_revised/Au/Au_art_30628.jpg,0,0.0,3,1,0.02,0.5
/content/drive/MyDrive/CV_Project/datasets/casia2/images/CASIA2.0_revised/Au/Au_art_30629.jpg,0,0.0445760091145833,3,1,0.02,0.5
/content/drive/MyDrive/CV_Project/datasets/casia2/images/CASIA2.0_revised/Au/Au_art_30630.jpg,0,0.0,3,1,0.02,0.5
/content/drive/MyDrive/CV_Project/datasets/casia2/images/CASIA2.0_revised/Au/Au_art_30631.jpg,0,0.20465087890625,3,1,0.02,0.5
/content/drive/MyDrive/CV_Project/datasets/casia2/images/CASIA2.0_revised/Au/Au_art_30632.jpg,0,0.60601806640625,3,1,0.02,0.5
/content/drive/MyDrive/CV_Project/datasets/casia2/images/CASIA2.0_revised/Au/Au_art_30633.jpg,0,0.1117451985677083,3,1,0.02,0.5
/content/drive/MyDrive/CV_Project/datasets/casia2/images/CASIA2.0_revised/Au/Au_art_30634.jpg,0,0.1486002604166666,3,1,0.02,0.5
/content/drive/MyDrive/CV_Project/datasets/casia2/images/CASIA2.0_revised/Au/Au_art_30635.jpg,0,0.05889892578125,3,1,0.02,0.5
/content/drive/MyDrive/CV_Project/datasets/casia2/images/CASIA2.0_revised/Au/Au_art_30636.jpg,0,0.0,3,1,0.02,0.5
/content/drive/MyDrive/CV_Project/datasets/casia2/images/CASIA2.0_revised/Au/Au_art_30637.jpg,0,0.0,3,1,0.02,0.5
/content/drive/MyDrive/CV_Project/datasets/casia2/images/CASIA2.0_revised/Au/Au_art_30638.jpg,0,0.0,3,1,0.02,0.5
/content/drive/MyDrive/CV_Project/datasets/casia2/images/CASIA2.0_revised/Au/Au_art_30639.jpg,0,0.0,3,1,0.02,0.5
/content/drive/MyDrive/CV_Project/datasets/casia2/images/CASIA2.0_revised/Au/Au_art_30640.jpg,0,0.1108601888020833,3,1,0.02,0.5
/content/drive/MyDrive/CV_Project/datasets/casia2/images/CASIA2.0_revised/Au/Au_art_30641.jpg,0,0.0539347330729166,3,1,0.02,0.5
/content/drive/MyDrive/CV_Project/datasets/casia2/images/CASIA2.0_revised/Au/Au_art_30642.jpg,0,0.0918070475260416,3,1,0.02,0.5
/content/drive/MyDrive/CV_Project/datasets/casia2/images/CASIA2.0_revised/Au/Au_art_30643.jpg,0,0.2966206868489583,3,1,0.02,0.5
/content/drive/MyDrive/CV_Project/datasets/casia2/images/CASIA2.0_revised/Au/Au_art_30644.jpg,0,0.0,3,1,0.02,0.5
/content/drive/MyDrive/CV_Project/datasets/casia2/images/CASIA2.0_revised/Au/Au_art_30645.jpg,0,0.0,3,1,0.02,0.5
/content/drive/MyDrive/CV_Project/datasets/casia2/images/CASIA2.0_revised/Au/Au_art_30646.jpg,0,0.1482645670572916,3,1,0.02,0.5
/content/drive/MyDrive/CV_Project/datasets/casia2/images/CASIA2.0_revised/Au/Au_art_30647.jpg,0,0.0,3,1,0.02,0.5
/content/drive/MyDrive/CV_Project/datasets/casia2/images/CASIA2.0_revised/Au/Au_art_30648.jpg,0,0.8070882161458334,3,1,0.02,0.5
/content/drive/MyDrive/CV_Project/datasets/casia2/images/CASIA2.0_revised/Au/Au_art_30649.jpg,0,0.0402628580729166,3,1,0.02,0.5
/content/drive/MyDrive/CV_Project/datasets/casia2/images/CASIA2.0_revised/Au/Au_art_30650.jpg,0,0.0707804361979166,3,1,0.02,0.5
/content/drive/MyDrive/CV_Project/datasets/casia2/images/CASIA2.0_revised/Au/Au_art_30651.jpg,0,0.2042338053385416,3,1,0.02,0.5
/content/drive/MyDrive/CV_Project/datasets/casia2/images/CASIA2.0_revised/Au/Au_art_30652.jpg,0,0.0,3,1,0.02,0.5
/content/drive/MyDrive/CV_Project/datasets/casia2/images/CASIA2.0_revised/Au/Au_art_30653.jpg,0,0.2401835123697916,3,1,0.02,0.5
/content/drive/MyDrive/CV_Project/datasets/casia2/images/CASIA2.0_revised/Au/Au_art_30654.jpg,0,0.0,3,1,0.02,0.5
/content/drive/MyDrive/CV_Project/datasets/casia2/images/CASIA2.0_revised/Au/Au_art_30655.jpg,0,0.1947021484375,3,1,0.02,0.5
/content/drive/MyDrive/CV_Project/datasets/casia2/images/CASIA2.0_revised/Au/Au_art_30656.jpg,0,0.1390380859375,3,1,0.02,0.5
/content/drive/MyDrive/CV_Project/datasets/casia2/images/CASIA2.0_revised/Au/Au_art_30657.jpg,0,0.1457722981770833,3,1,0.02,0.5
/content/drive/MyDrive/CV_Project/datasets/casia2/images/CASIA2.0_revised/Au/Au_art_30658.jpg,0,0.2479451497395833,3,1,0.02,0.5
/content/drive/MyDrive/CV_Project/datasets/casia2/images/CASIA2.0_revised/Au/Au_art_30659.jpg,0,0.0,3,1,0.02,0.5
/content/drive/MyDrive/CV_Project/datasets/casia2/images/CASIA2.0_revised/Au/Au_art_30660.jpg,0,0.0,3,1,0.02,0.5
/content/drive/MyDrive/CV_Project/datasets/casia2/images/CASIA2.0_revised/Au/Au_art_30661.jpg,0,0.2831319173177083,3,1,0.02,0.5
/content/drive/MyDrive/CV_Project/datasets/casia2/images/CASIA2.0_revised/Au/Au_art_30662.jpg,0,0.1536458333333333,3,1,0.02,0.5
/content/drive/MyDrive/CV_Project/datasets/casia2/images/CASIA2.0_revised/Au/Au_art_30663.jpg,0,0.1229756673177083,3,1,0.02,0.5
/content/drive/MyDrive/CV_Project/datasets/casia2/images/CASIA2.0_revised/Au/Au_art_30664.jpg,0,0.20220947265625,3,1,0.02,0.5
/content/drive/MyDrive/CV_Project/datasets/casia2/images/CASIA2.0_revised/Au/Au_art_30665.jpg,0,0.0,3,1,0.02,0.5
/content/drive/MyDrive/CV_Project/datasets/casia2/images/CASIA2.0_revised/Au/Au_art_30666.jpg,0,0.9536234537760416,3,1,0.02,0.5
/content/drive/MyDrive/CV_Project/datasets/casia2/images/CASIA2.0_revised/Au/Au_art_30667.jpg,0,0.4380086263020833,3,1,0.02,0.5
/content/drive/MyDrive/CV_Project/datasets/casia2/images/CASIA2.0_revised/Au/Au_art_30668.jpg,0,0.0711161295572916,3,1,0.02,0.5
/content/drive/MyDrive/CV_Project/datasets/casia2/images/CASIA2.0_revised/Au/Au_art_30669.jpg,0,0.1624247233072916,3,1,0.02,0.5
/content/drive/MyDrive/CV_Project/datasets/casia2/images/CASIA2.0_revised/Au/Au_art_30670.jpg,0,0.1433512369791666,3,1,0.02,0.5
/content/drive/MyDrive/CV_Project/datasets/casia2/images/CASIA2.0_revised/Au/Au_art_30671.jpg,0,0.3502909342447917,3,1,0.02,0.5
/content/drive/MyDrive/CV_Project/datasets/casia2/images/CASIA2.0_revised/Au/Au_art_30672.jpg,0,0.1426798502604166,3,1,0.02,0.5
/content/drive/MyDrive/CV_Project/datasets/casia2/images/CASIA2.0_revised/Au/Au_art_30673.jpg,0,0.2329305013020833,3,1,0.02,0.5
/content/drive/MyDrive/CV_Project/datasets/casia2/images/CASIA2.0_revised/Au/Au_art_30674.jpg,0,0.0,3,1,0.02,0.5
/content/drive/MyDrive/CV_Project/datasets/casia2/images/CASIA2.0_revised/Au/Au_art_30675.jpg,0,0.1447652180989583,3,1,0.02,0.5
/content/drive/MyDrive/CV_Project/datasets/casia2/images/CASIA2.0_revised/Au/Au_art_30676.jpg,0,0.0,3,1,0.02,0.5
/content/drive/MyDrive/CV_Project/datasets/casia2/images/CASIA2.0_revised/Au/Au_art_30677.jpg,0,0.4593404134114583,3,1,0.02,0.5
/content/drive/MyDrive/CV_Project/datasets/casia2/images/CASIA2.0_revised/Au/Au_art_30678.jpg,0,0.17724609375,3,1,0.02,0.5
/content/drive/MyDrive/CV_Project/datasets/casia2/images/CASIA2.0_revised/Au/Au_art_30679.jpg,0,0.3615519205729167,3,1,0.02,0.5
/content/drive/MyDrive/CV_Project/datasets/casia2/images/CASIA2.0_revised/Au/Au_art_30680.jpg,0,0.4666035970052083,3,1,0.02,0.5
/content/drive/MyDrive/CV_Project/datasets/casia2/images/CASIA2.0_revised/Au/Au_art_30681.jpg,0,0.2595316569010417,3,1,0.02,0.5
/content/drive/MyDrive/CV_Project/datasets/casia2/images/CASIA2.0_revised/Au/Au_art_30682.jpg,0,0.977630615234375,3,1,0.02,0.5
/content/drive/MyDrive/CV_Project/datasets/casia2/images/CASIA2.0_revised/Au/Au_art_30683.jpg,0,0.034271240234375,3,1,0.02,0.5
/content/drive/MyDrive/CV_Project/datasets/casia2/images/CASIA2.0_revised/Au/Au_art_30684.jpg,0,0.1271260579427083,3,1,0.02,0.5
/content/drive/MyDrive/CV_Project/datasets/casia2/images/CASIA2.0_revised/Au/Au_art_30685.jpg,0,0.3358968098958333,3,1,0.02,0.5
/content/drive/MyDrive/CV_Project/datasets/casia2/images/CASIA2.0_revised/Au/Au_cha_00001.jpg,0,0.0308329264322916,3,1,0.02,0.5
/content/drive/MyDrive/CV_Project/datasets/casia2/images/CASIA2.0_revised/Au/Au_cha_00002.jpg,0,0.0847981770833333,3,1,0.02,0.5
/content/drive/MyDrive/CV_Project/datasets/casia2/images/CASIA2.0_revised/Au/Au_cha_00003.jpg,0,0.0928548177083333,3,1,0.02,0.5
/content/drive/MyDrive/CV_Project/datasets/casia2/images/CASIA2.0_revised/Au/Au_cha_00004.jpg,0,0.5635884602864584,3,1,0.02,0.5
/content/drive/MyDrive/CV_Project/datasets/casia2/images/CASIA2.0_revised/Au/Au_cha_00005.jpg,0,0.3910929361979167,3,1,0.02,0.5
/content/drive/MyDrive/CV_Project/datasets/casia2/images/CASIA2.0_revised/Au/Au_cha_00006.jpg,0,0.398681640625,3,1,0.02,0.5
/content/drive/MyDrive/CV_Project/datasets/casia2/images/CASIA2.0_revised/Au/Au_cha_00007.jpg,0,0.4638875325520833,3,1,0.02,0.5
/content/drive/MyDrive/CV_Project/datasets/casia2/images/CASIA2.0_revised/Au/Au_cha_00008.jpg,0,0.0,3,1,0.02,0.5
/content/drive/MyDrive/CV_Project/datasets/casia2/images/CASIA2.0_revised/Au/Au_cha_00009.jpg,0,0.0,3,1,0.02,0.5
/content/drive/MyDrive/CV_Project/datasets/casia2/images/CASIA2.0_revised/Au/Au_cha_00010.jpg,0,0.5187479654947916,3,1,0.02,0.5
/content/drive/MyDrive/CV_Project/datasets/casia2/images/CASIA2.0_revised/Au/Au_cha_00011.jpg,0,0.225067138671875,3,1,0.02,0.5
/content/drive/MyDrive/CV_Project/datasets/casia2/images/CASIA2.0_revised/Au/Au_cha_00012.jpg,0,0.560577392578125,3,1,0.02,0.5
/content/drive/MyDrive/CV_Project/datasets/casia2/images/CASIA2.0_revised/Au/Au_cha_00013.jpg,0,0.3835042317708333,3,1,0.02,0.5
/content/drive/MyDrive/CV_Project/datasets/casia2/images/CASIA2.0_revised/Au/Au_cha_00014.jpg,0,0.3529764811197917,3,1,0.02,0.5
/content/drive/MyDrive/CV_Project/datasets/casia2/images/CASIA2.0_revised/Au/Au_cha_00015.jpg,0,0.5719502766927084,3,1,0.02,0.5
/content/drive/MyDrive/CV_Project/datasets/casia2/images/CASIA2.0_revised/Au/Au_cha_00016.jpg,0,0.0,3,1,0.02,0.5
/content/drive/MyDrive/CV_Project/datasets/casia2/images/CASIA2.0_revised/Au/Au_cha_00017.jpg,0,0.0303446451822916,3,1,0.02,0.5
/content/drive/MyDrive/CV_Project/datasets/casia2/images/CASIA2.0_revised/Au/Au_cha_00018.jpg,0,0.0,3,1,0.02,0.5
/content/drive/MyDrive/CV_Project/datasets/casia2/images/CASIA2.0_revised/Au/Au_cha_00019.jpg,0,0.0,3,1,0.02,0.5
/content/drive/MyDrive/CV_Project/datasets/casia2/images/CASIA2.0_revised/Au/Au_cha_00020.jpg,0,0.0842692057291666,3,1,0.02,0.5
/content/drive/MyDrive/CV_Project/datasets/casia2/images/CASIA2.0_revised/Au/Au_cha_00021.jpg,0,0.1563924153645833,3,1,0.02,0.5
/content/drive/MyDrive/CV_Project/datasets/casia2/images/CASIA2.0_revised/Au/Au_cha_00022.jpg,0,0.1872049967447916,3,1,0.02,0.5
/content/drive/MyDrive/CV_Project/datasets/casia2/images/CASIA2.0_revised/Au/Au_cha_00023.jpg,0,0.3722330729166667,3,1,0.02,0.5
/content/drive/MyDrive/CV_Project/datasets/casia2/images/CASIA2.0_revised/Au/Au_cha_00024.jpg,0,0.0430501302083333,3,1,0.02,0.5
/content/drive/MyDrive/CV_Project/datasets/casia2/images/CASIA2.0_revised/Au/Au_cha_00025.jpg,0,0.0,3,1,0.02,0.5
/content/drive/MyDrive/CV_Project/datasets/casia2/images/CASIA2.0_revised/Au/Au_cha_00026.jpg,0,0.5330301920572916,3,1,0.02,0.5
/content/drive/MyDrive/CV_Project/datasets/casia2/images/CASIA2.0_revised/Au/Au_cha_00027.jpg,0,0.2730509440104167,3,1,0.02,0.5
/content/drive/MyDrive/CV_Project/datasets/casia2/images/CASIA2.0_revised/Au/Au_cha_00028.jpg,0,0.4794514973958333,3,1,0.02,0.5
/content/drive/MyDrive/CV_Project/datasets/casia2/images/CASIA2.0_revised/Au/Au_cha_00029.jpg,0,0.0393473307291666,3,1,0.02,0.5
/content/drive/MyDrive/CV_Project/datasets/casia2/images/CASIA2.0_revised/Au/Au_cha_00030.jpg,0,0.20574951171875,3,1,0.02,0.5
/content/drive/MyDrive/CV_Project/datasets/casia2/images/CASIA2.0_revised/Au/Au_cha_00031.jpg,0,0.1961568196614583,3,1,0.02,0.5
/content/drive/MyDrive/CV_Project/datasets/casia2/images/CASIA2.0_revised/Au/Au_cha_00032.jpg,0,0.129302978515625,3,1,0.02,0.5
/content/drive/MyDrive/CV_Project/datasets/casia2/images/CASIA2.0_revised/Au/Au_cha_00033.jpg,0,0.2406819661458333,3,1,0.02,0.5
/content/drive/MyDrive/CV_Project/datasets/casia2/images/CASIA2.0_revised/Au/Au_cha_00034.jpg,0,0.229034423828125,3,1,0.02,0.5
/content/drive/MyDrive/CV_Project/datasets/casia2/images/CASIA2.0_revised/Au/Au_cha_00035.jpg,0,0.0556233723958333,3,1,0.02,0.5
/content/drive/MyDrive/CV_Project/datasets/casia2/images/CASIA2.0_revised/Au/Au_cha_00036.jpg,0,0.1322733561197916,3,1,0.02,0.5
/content/drive/MyDrive/CV_Project/datasets/casia2/images/CASIA2.0_revised/Au/Au_cha_00037.jpg,0,0.05291748046875,3,1,0.02,0.5
/content/drive/MyDrive/CV_Project/datasets/casia2/images/CASIA2.0_revised/Au/Au_cha_00038.jpg,0,0.2254842122395833,3,1,0.02,0.5
/content/drive/MyDrive/CV_Project/datasets/casia2/images/CASIA2.0_revised/Au/Au_cha_00039.jpg,0,0.0208943684895833,3,1,0.02,0.5
/content/drive/MyDrive/CV_Project/datasets/casia2/images/CASIA2.0_revised/Au/Au_cha_00040.jpg,0,0.1121622721354166,3,1,0.02,0.5
/content/drive/MyDrive/CV_Project/datasets/casia2/images/CASIA2.0_revised/Au/Au_cha_00041.jpg,0,0.2114969889322916,3,1,0.02,0.5
/content/drive/MyDrive/CV_Project/datasets/casia2/images/CASIA2.0_revised/Au/Au_cha_00042.jpg,0,0.1394246419270833,3,1,0.02,0.5
/content/drive/MyDrive/CV_Project/datasets/casia2/images/CASIA2.0_revised/Au/Au_cha_00043.jpg,0,0.0,3,1,0.02,0.5
/content/drive/MyDrive/CV_Project/datasets/casia2/images/CASIA2.0_revised/Au/Au_cha_00044.jpg,0,0.1303609212239583,3,1,0.02,0.5
/content/drive/MyDrive/CV_Project/datasets/casia2/images/CASIA2.0_revised/Au/Au_cha_00045.jpg,0,0.1047159830729166,3,1,0.02,0.5
/content/drive/MyDrive/CV_Project/datasets/casia2/images/CASIA2.0_revised/Au/Au_cha_00046.jpg,0,0.1999613444010416,3,1,0.02,0.5
/content/drive/MyDrive/CV_Project/datasets/casia2/images/CASIA2.0_revised/Au/Au_cha_00047.jpg,0,0.1082255045572916,3,1,0.02,0.5
/content/drive/MyDrive/CV_Project/datasets/casia2/images/CASIA2.0_revised/Au/Au_cha_00048.jpg,0,0.2665303548177083,3,1,0.02,0.5
/content/drive/MyDrive/CV_Project/datasets/casia2/images/CASIA2.0_revised/Au/Au_cha_00049.jpg,0,0.064208984375,3,1,0.02,0.5
/content/drive/MyDrive/CV_Project/datasets/casia2/images/CASIA2.0_revised/Au/Au_cha_00050.jpg,0,0.4196675618489583,3,1,0.02,0.5
/content/drive/MyDrive/CV_Project/datasets/casia2/images/CASIA2.0_revised/Au/Au_cha_00051.jpg,0,0.3807271321614583,3,1,0.02,0.5
/content/drive/MyDrive/CV_Project/datasets/casia2/images/CASIA2.0_revised/Au/Au_cha_00052.jpg,0,0.0397847493489583,3,1,0.02,0.5
/content/drive/MyDrive/CV_Project/datasets/casia2/images/CASIA2.0_revised/Au/Au_cha_00053.jpg,0,0.296173095703125,3,1,0.02,0.5
/content/drive/MyDrive/CV_Project/datasets/casia2/images/CASIA2.0_revised/Au/Au_cha_00054.jpg,0,0.763519287109375,3,1,0.02,0.5
/content/drive/MyDrive/CV_Project/datasets/casia2/images/CASIA2.0_revised/Au/Au_cha_00055.jpg,0,0.058135986328125,3,1,0.02,0.5
/content/drive/MyDrive/CV_Project/datasets/casia2/images/CASIA2.0_revised/Au/Au_cha_00056.jpg,0,0.1278177897135416,3,1,0.02,0.5
/content/drive/MyDrive/CV_Project/datasets/casia2/images/CASIA2.0_revised/Au/Au_cha_00057.jpg,0,0.486846923828125,3,1,0.02,0.5
/content/drive/MyDrive/CV_Project/datasets/casia2/images/CASIA2.0_revised/Au/Au_cha_00058.jpg,0,0.1997782389322916,3,1,0.02,0.5
/content/drive/MyDrive/CV_Project/datasets/casia2/images/CASIA2.0_revised/Au/Au_cha_00059.jpg,0,0.4689839680989583,3,1,0.02,0.5
/content/drive/MyDrive/CV_Project/datasets/casia2/images/CASIA2.0_revised/Au/Au_cha_00060.jpg,0,0.1993204752604166,3,1,0.02,0.5
/content/drive/MyDrive/CV_Project/datasets/casia2/images/CASIA2.0_revised/Au/Au_cha_00061.jpg,0,0.1185709635416666,3,1,0.02,0.5
/content/drive/MyDrive/CV_Project/datasets/casia2/images/CASIA2.0_revised/Au/Au_cha_00062.jpg,0,0.393585205078125,3,1,0.02,0.5
/content/drive/MyDrive/CV_Project/datasets/casia2/images/CASIA2.0_revised/Au/Au_cha_00063.jpg,0,0.3567301432291667,3,1,0.02,0.5
/content/drive/MyDrive/CV_Project/datasets/casia2/images/CASIA2.0_revised/Au/Au_cha_00064.jpg,0,0.2766927083333333,3,1,0.02,0.5
/content/drive/MyDrive/CV_Project/datasets/casia2/images/CASIA2.0_revised/Au/Au_cha_00065.jpg,0,0.1609598795572916,3,1,0.02,0.5
/content/drive/MyDrive/CV_Project/datasets/casia2/images/CASIA2.0_revised/Au/Au_cha_00066.jpg,0,0.21929931640625,3,1,0.02,0.5
/content/drive/MyDrive/CV_Project/datasets/casia2/images/CASIA2.0_revised/Au/Au_cha_00067.jpg,0,0.278717041015625,3,1,0.02,0.5
/content/drive/MyDrive/CV_Project/datasets/casia2/images/CASIA2.0_revised/Au/Au_cha_00068.jpg,0,0.831024169921875,3,1,0.02,0.5
/content/drive/MyDrive/CV_Project/datasets/casia2/images/CASIA2.0_revised/Au/Au_cha_00069.jpg,0,0.4624735514322917,3,1,0.02,0.5
/content/drive/MyDrive/CV_Project/datasets/casia2/images/CASIA2.0_revised/Au/Au_cha_00070.jpg,0,0.5321044921875,3,1,0.02,0.5
/content/drive/MyDrive/CV_Project/datasets/casia2/images/CASIA2.0_revised/Au/Au_cha_00071.jpg,0,0.141845703125,3,1,0.02,0.5
/content/drive/MyDrive/CV_Project/datasets/casia2/images/CASIA2.0_revised/Au/Au_cha_00072.jpg,0,0.5763956705729166,3,1,0.02,0.5
/content/drive/MyDrive/CV_Project/datasets/casia2/images/CASIA2.0_revised/Au/Au_cha_00073.jpg,0,0.1038818359375,3,1,0.02,0.5
/content/drive/MyDrive/CV_Project/datasets/casia2/images/CASIA2.0_revised/Au/Au_cha_00074.jpg,0,0.3864644368489583,3,1,0.02,0.5
/content/drive/MyDrive/CV_Project/datasets/casia2/images/CASIA2.0_revised/Au/Au_cha_00075.jpg,0,0.0,3,1,0.02,0.5
/content/drive/MyDrive/CV_Project/datasets/casia2/images/CASIA2.0_revised/Au/Au_cha_00076.jpg,0,0.2915751139322917,3,1,0.02,0.5
/content/drive/MyDrive/CV_Project/datasets/casia2/images/CASIA2.0_revised/Au/Au_cha_00077.jpg,0,0.22882080078125,3,1,0.02,0.5
/content/drive/MyDrive/CV_Project/datasets/casia2/images/CASIA2.0_revised/Au/Au_cha_00078.jpg,0,0.1465962727864583,3,1,0.02,0.5
/content/drive/MyDrive/CV_Project/datasets/casia2/images/CASIA2.0_revised/Au/Au_cha_00079.jpg,0,0.0653279622395833,3,1,0.02,0.5
/content/drive/MyDrive/CV_Project/datasets/casia2/images/CASIA2.0_revised/Au/Au_cha_00080.jpg,0,0.1704305013020833,3,1,0.02,0.5
/content/drive/MyDrive/CV_Project/datasets/casia2/images/CASIA2.0_revised/Au/Au_cha_00081.jpg,0,0.878753662109375,3,1,0.02,0.5
/content/drive/MyDrive/CV_Project/datasets/casia2/images/CASIA2.0_revised/Au/Au_cha_00082.jpg,0,0.1653849283854166,3,1,0.02,0.5
/content/drive/MyDrive/CV_Project/datasets/casia2/images/CASIA2.0_revised/Au/Au_cha_00083.jpg,0,0.1096903483072916,3,1,0.02,0.5
/content/drive/MyDrive/CV_Project/datasets/casia2/images/CASIA2.0_revised/Au/Au_cha_00084.jpg,0,0.4704182942708333,3,1,0.02,0.5
/content/drive/MyDrive/CV_Project/datasets/casia2/images/CASIA2.0_revised/Au/Au_cha_00085.jpg,0,0.0,3,1,0.02,0.5
/content/drive/MyDrive/CV_Project/datasets/casia2/images/CASIA2.0_revised/Au/Au_cha_00086.jpg,0,0.1710713704427083,3,1,0.02,0.5
/content/drive/MyDrive/CV_Project/datasets/casia2/images/CASIA2.0_revised/Au/Au_cha_00087.jpg,0,0.41632080078125,3,1,0.02,0.5
/content/drive/MyDrive/CV_Project/datasets/casia2/images/CASIA2.0_revised/Au/Au_cha_00088.jpg,0,0.4914347330729167,3,1,0.02,0.5
/content/drive/MyDrive/CV_Project/datasets/casia2/images/CASIA2.0_revised/Au/Au_cha_00089.jpg,0,0.0223286946614583,3,1,0.02,0.5
/content/drive/MyDrive/CV_Project/datasets/casia2/images/CASIA2.0_revised/Au/Au_cha_00090.jpg,0,0.453765869140625,3,1,0.02,0.5
/content/drive/MyDrive/CV_Project/datasets/casia2/images/CASIA2.0_revised/Au/Au_cha_00091.jpg,0,0.234832763671875,3,1,0.02,0.5
/content/drive/MyDrive/CV_Project/datasets/casia2/images/CASIA2.0_revised/Au/Au_cha_00092.jpg,0,0.0878194173177083,3,1,0.02,0.5
/content/drive/MyDrive/CV_Project/datasets/casia2/images/CASIA2.0_revised/Au/Au_cha_00093.jpg,0,0.4156901041666667,3,1,0.02,0.5
/content/drive/MyDrive/CV_Project/datasets/casia2/images/CASIA2.0_revised/Au/Au_cha_00094.jpg,0,0.0698038736979166,3,1,0.02,0.5
/content/drive/MyDrive/CV_Project/datasets/casia2/images/CASIA2.0_revised/Au/Au_cha_00095.jpg,0,0.0,3,1,0.02,0.5
/content/drive/MyDrive/CV_Project/datasets/casia2/images/CASIA2.0_revised/Au/Au_cha_00096.jpg,0,0.301605224609375,3,1,0.02,0.5
/content/drive/MyDrive/CV_Project/datasets/casia2/images/CASIA2.0_revised/Au/Au_cha_00097.jpg,0,0.057037353515625,3,1,0.02,0.5
/content/drive/MyDrive/CV_Project/datasets/casia2/images/CASIA2.0_revised/Au/Au_cha_00098.jpg,0,0.0,3,1,0.02,0.5
/content/drive/MyDrive/CV_Project/datasets/casia2/images/CASIA2.0_revised/Au/Au_cha_00099.jpg,0,0.1219889322916666,3,1,0.02,0.5
/content/drive/MyDrive/CV_Project/datasets/casia2/images/CASIA2.0_revised/Au/Au_cha_00100.jpg,0,0.2660962962962963,3,1,0.02,0.5
/content/drive/MyDrive/CV_Project/datasets/casia2/images/CASIA2.0_revised/Au/Au_cha_10001.jpg,0,0.2762764976958525,3,1,0.02,0.5
/content/drive/MyDrive/CV_Project/datasets/casia2/images/CASIA2.0_revised/Au/Au_cha_10002.jpg,0,0.4984946236559139,3,1,0.02,0.5
/content/drive/MyDrive/CV_Project/datasets/casia2/images/CASIA2.0_revised/Au/Au_cha_10101.jpg,0,0.0276822916666666,3,1,0.02,0.5
/content/drive/MyDrive/CV_Project/datasets/casia2/images/CASIA2.0_revised/Au/Au_cha_10102.jpg,0,0.7289322916666666,3,1,0.02,0.5
/content/drive/MyDrive/CV_Project/datasets/casia2/images/CASIA2.0_revised/Au/Au_cha_10103.jpg,0,0.357734375,3,1,0.02,0.5
/content/drive/MyDrive/CV_Project/datasets/casia2/images/CASIA2.0_revised/Au/Au_cha_10104.jpg,0,0.0920833333333333,3,1,0.02,0.5
/content/drive/MyDrive/CV_Project/datasets/casia2/images/CASIA2.0_revised/Au/Au_cha_10105.jpg,0,0.7183854166666667,3,1,0.02,0.5
/content/drive/MyDrive/CV_Project/datasets/casia2/images/CASIA2.0_revised/Au/Au_cha_10106.jpg,0,0.0452083333333333,3,1,0.02,0.5
/content/drive/MyDrive/CV_Project/datasets/casia2/images/CASIA2.0_revised/Au/Au_cha_10107.jpg,0,0.5529361979166667,3,1,0.02,0.5
/content/drive/MyDrive/CV_Project/datasets/casia2/images/CASIA2.0_revised/Au/Au_cha_10108.jpg,0,0.0748087565104166,3,1,0.02,0.5
/content/drive/MyDrive/CV_Project/datasets/casia2/images/CASIA2.0_revised/Au/Au_cha_10109.jpg,0,0.0,3,1,0.02,0.5
/content/drive/MyDrive/CV_Project/datasets/casia2/images/CASIA2.0_revised/Au/Au_cha_10110.jpg,0,0.2833048502604167,3,1,0.02,0.5
/content/drive/MyDrive/CV_Project/datasets/casia2/images/CASIA2.0_revised/Au/Au_cha_10111.jpg,0,0.0634358723958333,3,1,0.02,0.5
/content/drive/MyDrive/CV_Project/datasets/casia2/images/CASIA2.0_revised/Au/Au_cha_10112.jpg,0,0.1169840494791666,3,1,0.02,0.5
/content/drive/MyDrive/CV_Project/datasets/casia2/images/CASIA2.0_revised/Au/Au_cha_10113.jpg,0,0.0457763671875,3,1,0.02,0.5
/content/drive/MyDrive/CV_Project/datasets/casia2/images/CASIA2.0_revised/Au/Au_cha_10114.jpg,0,0.4128541666666667,3,1,0.02,0.5
/content/drive/MyDrive/CV_Project/datasets/casia2/images/CASIA2.0_revised/Au/Au_cha_10115.jpg,0,0.0495399807321772,3,1,0.02,0.5
/content/drive/MyDrive/CV_Project/datasets/casia2/images/CASIA2.0_revised/Au/Au_cha_10116.jpg,0,0.0262176938369781,3,1,0.02,0.5
/content/drive/MyDrive/CV_Project/datasets/casia2/images/CASIA2.0_revised/Au/Au_cha_10117.jpg,0,0.5746332046332047,3,1,0.02,0.5
/content/drive/MyDrive/CV_Project/datasets/casia2/images/CASIA2.0_revised/Au/Au_cha_10118.jpg,0,0.2773289980732177,3,1,0.02,0.5
/content/drive/MyDrive/CV_Project/datasets/casia2/images/CASIA2.0_revised/Au/Au_cha_10119.jpg,0,0.4043026061776061,3,1,0.02,0.5
/content/drive/MyDrive/CV_Project/datasets/casia2/images/CASIA2.0_revised/Au/Au_cha_10120.jpg,0,0.0,3,1,0.02,0.5
/content/drive/MyDrive/CV_Project/datasets/casia2/images/CASIA2.0_revised/Au/Au_cha_10121.jpg,0,0.1041674664107485,3,1,0.02,0.5
/content/drive/MyDrive/CV_Project/datasets/casia2/images/CASIA2.0_revised/Au/Au_cha_10122.jpg,0,0.4743474088291746,3,1,0.02,0.5
/content/drive/MyDrive/CV_Project/datasets/casia2/images/CASIA2.0_revised/Au/Au_cha_10123.jpg,0,0.5295945297504798,3,1,0.02,0.5
/content/drive/MyDrive/CV_Project/datasets/casia2/images/CASIA2.0_revised/Au/Au_cha_10124.jpg,0,0.1715879913095003,3,1,0.02,0.5
/content/drive/MyDrive/CV_Project/datasets/casia2/images/CASIA2.0_revised/Au/Au_cha_10125.jpg,0,0.5731760644418872,3,1,0.02,0.5
/content/drive/MyDrive/CV_Project/datasets/casia2/images/CASIA2.0_revised/Au/Au_cha_10126.jpg,0,0.3592240880138969,3,1,0.02,0.5
/content/drive/MyDrive/CV_Project/datasets/casia2/images/CASIA2.0_revised/Au/Au_cha_10127.jpg,0,0.3057208333333333,3,1,0.02,0.5
/content/drive/MyDrive/CV_Project/datasets/casia2/images/CASIA2.0_revised/Au/Au_cha_10128.jpg,0,0.3082296849087894,3,1,0.02,0.5
/content/drive/MyDrive/CV_Project/datasets/casia2/images/CASIA2.0_revised/Au/Au_cha_10129.jpg,0,0.287363184079602,3,1,0.02,0.5
/content/drive/MyDrive/CV_Project/datasets/casia2/images/CASIA2.0_revised/Au/Au_cha_10130.jpg,0,0.4495605306799337,3,1,0.02,0.5
/content/drive/MyDrive/CV_Project/datasets/casia2/images/CASIA2.0_revised/Au/Au_cha_10131.jpg,0,0.4967786069651741,3,1,0.02,0.5
/content/drive/MyDrive/CV_Project/datasets/casia2/images/CASIA2.0_revised/Au/Au_cha_10132.jpg,0,0.1589333333333333,3,1,0.02,0.5
/content/drive/MyDrive/CV_Project/datasets/casia2/images/CASIA2.0_revised/Au/Au_cha_10133.jpg,0,0.3225791666666666,3,1,0.02,0.5
/content/drive/MyDrive/CV_Project/datasets/casia2/images/CASIA2.0_revised/Au/Au_cha_10134.jpg,0,0.1353237143914169,3,1,0.02,0.5
/content/drive/MyDrive/CV_Project/datasets/casia2/images/CASIA2.0_revised/Au/Au_cha_10135.jpg,0,0.0667,3,1,0.02,0.5
/content/drive/MyDrive/CV_Project/datasets/casia2/images/CASIA2.0_revised/Au/Au_cha_10136.jpg,0,0.2127888888888889,3,1,0.02,0.5
/content/drive/MyDrive/CV_Project/datasets/casia2/images/CASIA2.0_revised/Au/Au_cha_10137.jpg,0,0.0,3,1,0.02,0.5
/content/drive/MyDrive/CV_Project/datasets/casia2/images/CASIA2.0_revised/Au/Au_cha_10138.jpg,0,0.3590444444444444,3,1,0.02,0.5
/content/drive/MyDrive/CV_Project/datasets/casia2/images/CASIA2.0_revised/Au/Au_cha_10139.jpg,0,0.1002407407407407,3,1,0.02,0.5
/content/drive/MyDrive/CV_Project/datasets/casia2/images/CASIA2.0_revised/Au/Au_cha_10140.jpg,0,0.125337037037037,3,1,0.02,0.5
/content/drive/MyDrive/CV_Project/datasets/casia2/images/CASIA2.0_revised/Au/Au_cha_10141.jpg,0,0.4364380530973451,3,1,0.02,0.5
/content/drive/MyDrive/CV_Project/datasets/casia2/images/CASIA2.0_revised/Au/Au_cha_10142.jpg,0,0.4757198443579766,3,1,0.02,0.5
/content/drive/MyDrive/CV_Project/datasets/casia2/images/CASIA2.0_revised/Au/Au_cha_10143.jpg,0,0.1630045045045045,3,1,0.02,0.5
/content/drive/MyDrive/CV_Project/datasets/casia2/images/CASIA2.0_revised/Au/Au_cha_10144.jpg,0,0.2131443298969072,3,1,0.02,0.5
/content/drive/MyDrive/CV_Project/datasets/casia2/images/CASIA2.0_revised/Au/Au_cha_10145.jpg,0,0.1191111111111111,3,1,0.02,0.5
/content/drive/MyDrive/CV_Project/datasets/casia2/images/CASIA2.0_revised/Au/Au_cha_10146.jpg,0,0.158344,3,1,0.02,0.5
/content/drive/MyDrive/CV_Project/datasets/casia2/images/CASIA2.0_revised/Au/Au_cha_10147.jpg,0,0.4225067572442653,3,1,0.02,0.5
/content/drive/MyDrive/CV_Project/datasets/casia2/images/CASIA2.0_revised/Au/Au_cha_10148.jpg,0,0.5187174885855121,3,1,0.02,0.5
/content/drive/MyDrive/CV_Project/datasets/casia2/images/CASIA2.0_revised/Au/Au_cha_10149.jpg,0,0.6108235981308411,3,1,0.02,0.5
/content/drive/MyDrive/CV_Project/datasets/casia2/images/CASIA2.0_revised/Au/Au_cha_10150.jpg,0,0.5427321724709785,3,1,0.02,0.5
/content/drive/MyDrive/CV_Project/datasets/casia2/images/CASIA2.0_revised/Au/Au_cha_10151.jpg,0,0.0888543453401944,3,1,0.02,0.5
/content/drive/MyDrive/CV_Project/datasets/casia2/images/CASIA2.0_revised/Au/Au_cha_10152.jpg,0,0.0,3,1,0.02,0.5
/content/drive/MyDrive/CV_Project/datasets/casia2/images/CASIA2.0_revised/Au/Au_cha_10153.jpg,0,0.0886064416199717,3,1,0.02,0.5
/content/drive/MyDrive/CV_Project/datasets/casia2/images/CASIA2.0_revised/Au/Au_cha_10154.jpg,0,0.1355703703703703,3,1,0.02,0.5
/content/drive/MyDrive/CV_Project/datasets/casia2/images/CASIA2.0_revised/Au/Au_cha_10155.jpg,0,0.0955333333333333,3,1,0.02,0.5
/content/drive/MyDrive/CV_Project/datasets/casia2/images/CASIA2.0_revised/Au/Au_cha_10156.jpg,0,0.1701121423047177,3,1,0.02,0.5
/content/drive/MyDrive/CV_Project/datasets/casia2/images/CASIA2.0_revised/Au/Au_cha_10157.jpg,0,0.2148925925925925,3,1,0.02,0.5
/content/drive/MyDrive/CV_Project/datasets/casia2/images/CASIA2.0_revised/Au/Au_cha_10158.jpg,0,0.5414678510998308,3,1,0.02,0.5
/content/drive/MyDrive/CV_Project/datasets/casia2/images/CASIA2.0_revised/Au/Au_cha_10159.jpg,0,0.3595574387947269,3,1,0.02,0.5
/content/drive/MyDrive/CV_Project/datasets/casia2/images/CASIA2.0_revised/Au/Au_cha_10160.jpg,0,0.8482060755336618,3,1,0.02,0.5
/content/drive/MyDrive/CV_Project/datasets/casia2/images/CASIA2.0_revised/Au/Au_cha_10161.jpg,0,0.886421867072552,3,1,0.02,0.5
/content/drive/MyDrive/CV_Project/datasets/casia2/images/CASIA2.0_revised/Au/Au_cha_10162.jpg,0,0.3942487373737374,3,1,0.02,0.5
/content/drive/MyDrive/CV_Project/datasets/casia2/images/CASIA2.0_revised/Au/Au_cha_10163.jpg,0,0.5967592592592592,3,1,0.02,0.5
/content/drive/MyDrive/CV_Project/datasets/casia2/images/CASIA2.0_revised/Au/Au_cha_10164.jpg,0,0.237080472921434,3,1,0.02,0.5
/content/drive/MyDrive/CV_Project/datasets/casia2/images/CASIA2.0_revised/Au/Au_cha_10165.jpg,0,0.0,3,1,0.02,0.5
/content/drive/MyDrive/CV_Project/datasets/casia2/images/CASIA2.0_revised/Au/Au_cha_10166.jpg,0,0.5081130310638508,3,1,0.02,0.5
/content/drive/MyDrive/CV_Project/datasets/casia2/images/CASIA2.0_revised/Au/Au_cha_10167.jpg,0,0.0805129863668026,3,1,0.02,0.5
/content/drive/MyDrive/CV_Project/datasets/casia2/images/CASIA2.0_revised/Au/Au_cha_10168.jpg,0,0.5212249423339153,3,1,0.02,0.5
/content/drive/MyDrive/CV_Project/datasets/casia2/images/CASIA2.0_revised/Au/Au_cha_10169.jpg,0,0.5082621234778893,3,1,0.02,0.5
/content/drive/MyDrive/CV_Project/datasets/casia2/images/CASIA2.0_revised/Au/Au_cha_10170.jpg,0,0.76890619236567,3,1,0.02,0.5
/content/drive/MyDrive/CV_Project/datasets/casia2/images/CASIA2.0_revised/Au/Au_cha_10171.jpg,0,0.5549229753521127,3,1,0.02,0.5
/content/drive/MyDrive/CV_Project/datasets/casia2/images/CASIA2.0_revised/Au/Au_cha_10172.jpg,0,0.6002384129284829,3,1,0.02,0.5
/content/drive/MyDrive/CV_Project/datasets/casia2/images/CASIA2.0_revised/Au/Au_cha_10173.jpg,0,0.2162733208955224,3,1,0.02,0.5
/content/drive/MyDrive/CV_Project/datasets/casia2/images/CASIA2.0_revised/Au/Au_cha_10174.jpg,0,0.7774393656716417,3,1,0.02,0.5
/content/drive/MyDrive/CV_Project/datasets/casia2/images/CASIA2.0_revised/Au/Au_cha_10175.jpg,0,0.547591407678245,3,1,0.02,0.5
/content/drive/MyDrive/CV_Project/datasets/casia2/images/CASIA2.0_revised/Au/Au_cha_10176.jpg,0,0.7888199626865672,3,1,0.02,0.5
/content/drive/MyDrive/CV_Project/datasets/casia2/images/CASIA2.0_revised/Au/Au_cha_10177.jpg,0,0.8067636022514071,3,1,0.02,0.5
/content/drive/MyDrive/CV_Project/datasets/casia2/images/CASIA2.0_revised/Au/Au_cha_10178.jpg,0,0.1586118825629835,3,1,0.02,0.5
/content/drive/MyDrive/CV_Project/datasets/casia2/images/CASIA2.0_revised/Au/Au_cha_10179.jpg,0,0.3811603613777526,3,1,0.02,0.5
/content/drive/MyDrive/CV_Project/datasets/casia2/images/CASIA2.0_revised/Au/Au_cha_10180.jpg,0,0.3468737574552684,3,1,0.02,0.5
/content/drive/MyDrive/CV_Project/datasets/casia2/images/CASIA2.0_revised/Au/Au_cha_10181.jpg,0,0.5257136015325671,3,1,0.02,0.5
/content/drive/MyDrive/CV_Project/datasets/casia2/images/CASIA2.0_revised/Au/Au_cha_10182.jpg,0,0.5030229166666667,3,1,0.02,0.5
/content/drive/MyDrive/CV_Project/datasets/casia2/images/CASIA2.0_revised/Au/Au_cha_10183.jpg,0,0.0489248251748251,3,1,0.02,0.5
/content/drive/MyDrive/CV_Project/datasets/casia2/images/CASIA2.0_revised/Au/Au_cha_10184.jpg,0,0.2982211538461538,3,1,0.02,0.5
/content/drive/MyDrive/CV_Project/datasets/casia2/images/CASIA2.0_revised/Au/Au_cha_10185.jpg,0,0.45495625,3,1,0.02,0.5
/content/drive/MyDrive/CV_Project/datasets/casia2/images/CASIA2.0_revised/Au/Au_cha_10186.jpg,0,0.3643458333333333,3,1,0.02,0.5
/content/drive/MyDrive/CV_Project/datasets/casia2/images/CASIA2.0_revised/Au/Au_cha_10187.jpg,0,0.1049650349650349,3,1,0.02,0.5
/content/drive/MyDrive/CV_Project/datasets/casia2/images/CASIA2.0_revised/Au/Au_cha_10188.jpg,0,0.33514375,3,1,0.02,0.5
/content/drive/MyDrive/CV_Project/datasets/casia2/images/CASIA2.0_revised/Au/Au_cha_10189.jpg,0,0.4125590034965035,3,1,0.02,0.5
/content/drive/MyDrive/CV_Project/datasets/casia2/images/CASIA2.0_revised/Au/Au_cha_10190.jpg,0,0.0479436188811188,3,1,0.02,0.5
/content/drive/MyDrive/CV_Project/datasets/casia2/images/CASIA2.0_revised/Au/Au_cha_10191.jpg,0,0.2943706293706293,3,1,0.02,0.5
/content/drive/MyDrive/CV_Project/datasets/casia2/images/CASIA2.0_revised/Au/Au_cha_10192.jpg,0,0.0525633741258741,3,1,0.02,0.5
/content/drive/MyDrive/CV_Project/datasets/casia2/images/CASIA2.0_revised/Au/Au_cha_10193.jpg,0,0.1860707482993197,3,1,0.02,0.5
/content/drive/MyDrive/CV_Project/datasets/casia2/images/CASIA2.0_revised/Au/Au_cha_10194.jpg,0,0.0,3,1,0.02,0.5
/content/drive/MyDrive/CV_Project/datasets/casia2/images/CASIA2.0_revised/Au/Au_cha_10195.jpg,0,0.7625979166666667,3,1,0.02,0.5
/content/drive/MyDrive/CV_Project/datasets/casia2/images/CASIA2.0_revised/Au/Au_cha_10196.jpg,0,0.0,3,1,0.02,0.5
/content/drive/MyDrive/CV_Project/datasets/casia2/images/CASIA2.0_revised/Au/Au_cha_10197.jpg,0,0.7014114797053443,3,1,0.02,0.5
/content/drive/MyDrive/CV_Project/datasets/casia2/images/CASIA2.0_revised/Au/Au_cha_10198.jpg,0,0.5598847942902524,3,1,0.02,0.5
/content/drive/MyDrive/CV_Project/datasets/casia2/images/CASIA2.0_revised/Au/Au_cha_10199.jpg,0,0.1709712898699131,3,1,0.02,0.5
/content/drive/MyDrive/CV_Project/datasets/casia2/images/CASIA2.0_revised/Au/Au_cha_10200.jpg,0,0.2472631332082551,3,1,0.02,0.5
/content/drive/MyDrive/CV_Project/datasets/casia2/images/CASIA2.0_revised/Au/Au_cha_10201.jpg,0,0.1074096566846529,3,1,0.02,0.5
/content/drive/MyDrive/CV_Project/datasets/casia2/images/CASIA2.0_revised/Au/Au_cha_10202.jpg,0,0.3027454068887439,3,1,0.02,0.5
/content/drive/MyDrive/CV_Project/datasets/casia2/images/CASIA2.0_revised/Au/Au_cha_10203.jpg,0,0.0980129437997814,3,1,0.02,0.5
/content/drive/MyDrive/CV_Project/datasets/casia2/images/CASIA2.0_revised/Au/Au_cha_10204.jpg,0,0.3955145833333333,3,1,0.02,0.5
/content/drive/MyDrive/CV_Project/datasets/casia2/images/CASIA2.0_revised/Au/Au_cha_10205.jpg,0,0.4565708333333333,3,1,0.02,0.5
/content/drive/MyDrive/CV_Project/datasets/casia2/images/CASIA2.0_revised/Au/Au_cha_10206.jpg,0,0.3932125,3,1,0.02,0.5
/content/drive/MyDrive/CV_Project/datasets/casia2/images/CASIA2.0_revised/Au/Au_cha_10207.jpg,0,0.20621875,3,1,0.02,0.5
/content/drive/MyDrive/CV_Project/datasets/casia2/images/CASIA2.0_revised/Au/Au_cha_10208.jpg,0,0.1028956422018348,3,1,0.02,0.5
/content/drive/MyDrive/CV_Project/datasets/casia2/images/CASIA2.0_revised/Au/Au_cha_10209.jpg,0,0.1981145833333333,3,1,0.02,0.5
/content/drive/MyDrive/CV_Project/datasets/casia2/images/CASIA2.0_revised/Au/Au_cha_10210.jpg,0,0.3830743769470405,3,1,0.02,0.5
/content/drive/MyDrive/CV_Project/datasets/casia2/images/CASIA2.0_revised/Au/Au_cha_10211.jpg,0,0.5717749529190207,3,1,0.02,0.5
/content/drive/MyDrive/CV_Project/datasets/casia2/images/CASIA2.0_revised/Au/Au_cha_20001.jpg,0,0.4128541666666667,3,1,0.02,0.5
/content/drive/MyDrive/CV_Project/datasets/casia2/images/CASIA2.0_revised/Au/Au_cha_20002.jpg,0,0.0495399807321772,3,1,0.02,0.5
/content/drive/MyDrive/CV_Project/datasets/casia2/images/CASIA2.0_revised/Au/Au_cha_20003.jpg,0,0.0262176938369781,3,1,0.02,0.5
/content/drive/MyDrive/CV_Project/datasets/casia2/images/CASIA2.0_revised/Au/Au_cha_20004.jpg,0,0.5746332046332047,3,1,0.02,0.5
/content/drive/MyDrive/CV_Project/datasets/casia2/images/CASIA2.0_revised/Au/Au_cha_20005.jpg,0,0.2773289980732177,3,1,0.02,0.5
/content/drive/MyDrive/CV_Project/datasets/casia2/images/CASIA2.0_revised/Au/Au_cha_20006.jpg,0,0.4043026061776061,3,1,0.02,0.5
/content/drive/MyDrive/CV_Project/datasets/casia2/images/CASIA2.0_revised/Au/Au_cha_20007.jpg,0,0.0,3,1,0.02,0.5
/content/drive/MyDrive/CV_Project/datasets/casia2/images/CASIA2.0_revised/Au/Au_cha_20008.jpg,0,0.1041674664107485,3,1,0.02,0.5
/content/drive/MyDrive/CV_Project/datasets/casia2/images/CASIA2.0_revised/Au/Au_cha_20009.jpg,0,0.4743474088291746,3,1,0.02,0.5
/content/drive/MyDrive/CV_Project/datasets/casia2/images/CASIA2.0_revised/Au/Au_cha_20010.jpg,0,0.5295945297504798,3,1,0.02,0.5
/content/drive/MyDrive/CV_Project/datasets/casia2/images/CASIA2.0_revised/Au/Au_cha_20011.jpg,0,0.1715879913095003,3,1,0.02,0.5
/content/drive/MyDrive/CV_Project/datasets/casia2/images/CASIA2.0_revised/Au/Au_cha_20012.jpg,0,0.5731760644418872,3,1,0.02,0.5
/content/drive/MyDrive/CV_Project/datasets/casia2/images/CASIA2.0_revised/Au/Au_cha_20013.jpg,0,0.3592240880138969,3,1,0.02,0.5
/content/drive/MyDrive/CV_Project/datasets/casia2/images/CASIA2.0_revised/Au/Au_cha_20014.jpg,0,0.3057208333333333,3,1,0.02,0.5
/content/drive/MyDrive/CV_Project/datasets/casia2/images/CASIA2.0_revised/Au/Au_cha_20015.jpg,0,0.3082296849087894,3,1,0.02,0.5
/content/drive/MyDrive/CV_Project/datasets/casia2/images/CASIA2.0_revised/Au/Au_cha_20016.jpg,0,0.287363184079602,3,1,0.02,0.5
/content/drive/MyDrive/CV_Project/datasets/casia2/images/CASIA2.0_revised/Au/Au_cha_20017.jpg,0,0.4495605306799337,3,1,0.02,0.5
/content/drive/MyDrive/CV_Project/datasets/casia2/images/CASIA2.0_revised/Au/Au_cha_20018.jpg,0,0.4967786069651741,3,1,0.02,0.5
/content/drive/MyDrive/CV_Project/datasets/casia2/images/CASIA2.0_revised/Au/Au_cha_20019.jpg,0,0.1589333333333333,3,1,0.02,0.5
/content/drive/MyDrive/CV_Project/datasets/casia2/images/CASIA2.0_revised/Au/Au_cha_20020.jpg,0,0.3595574387947269,3,1,0.02,0.5
/content/drive/MyDrive/CV_Project/datasets/casia2/images/CASIA2.0_revised/Au/Au_cha_20021.jpg,0,0.5717749529190207,3,1,0.02,0.5
/content/drive/MyDrive/CV_Project/datasets/casia2/images/CASIA2.0_revised/Au/Au_cha_20022.jpg,0,0.0667,3,1,0.02,0.5
/content/drive/MyDrive/CV_Project/datasets/casia2/images/CASIA2.0_revised/Au/Au_cha_20023.jpg,0,0.4565708333333333,3,1,0.02,0.5
/content/drive/MyDrive/CV_Project/datasets/casia2/images/CASIA2.0_revised/Au/Au_cha_20024.jpg,0,0.0,3,1,0.02,0.5
/content/drive/MyDrive/CV_Project/datasets/casia2/images/CASIA2.0_revised/Au/Au_cha_20025.jpg,0,0.2472631332082551,3,1,0.02,0.5
/content/drive/MyDrive/CV_Project/datasets/casia2/images/CASIA2.0_revised/Au/Au_cha_20026.jpg,0,0.5212249423339153,3,1,0.02,0.5
/content/drive/MyDrive/CV_Project/datasets/casia2/images/CASIA2.0_revised/Au/Au_cha_20027.jpg,0,0.0,3,1,0.02,0.5
/content/drive/MyDrive/CV_Project/datasets/casia2/images/CASIA2.0_revised/Au/Au_cha_20028.jpg,0,0.3468737574552684,3,1,0.02,0.5
/content/drive/MyDrive/CV_Project/datasets/casia2/images/CASIA2.0_revised/Au/Au_cha_20029.jpg,0,0.7888199626865672,3,1,0.02,0.5
/content/drive/MyDrive/CV_Project/datasets/casia2/images/CASIA2.0_revised/Au/Au_cha_20030.jpg,0,0.547591407678245,3,1,0.02,0.5
/content/drive/MyDrive/CV_Project/datasets/casia2/images/CASIA2.0_revised/Au/Au_cha_20031.jpg,0,0.2131443298969072,3,1,0.02,0.5
/content/drive/MyDrive/CV_Project/datasets/casia2/images/CASIA2.0_revised/Au/Au_cha_20032.jpg,0,0.7774393656716417,3,1,0.02,0.5
/content/drive/MyDrive/CV_Project/datasets/casia2/images/CASIA2.0_revised/Au/Au_cha_20033.jpg,0,0.158344,3,1,0.02,0.5
/content/drive/MyDrive/CV_Project/datasets/casia2/images/CASIA2.0_revised/Au/Au_cha_20034.jpg,0,0.5082621234778893,3,1,0.02,0.5
/content/drive/MyDrive/CV_Project/datasets/casia2/images/CASIA2.0_revised/Au/Au_cha_20035.jpg,0,0.5081130310638508,3,1,0.02,0.5
/content/drive/MyDrive/CV_Project/datasets/casia2/images/CASIA2.0_revised/Au/Au_cha_20036.jpg,0,0.0,3,1,0.02,0.5
/content/drive/MyDrive/CV_Project/datasets/casia2/images/CASIA2.0_revised/Au/Au_cha_20037.jpg,0,0.76890619236567,3,1,0.02,0.5
/content/drive/MyDrive/CV_Project/datasets/casia2/images/CASIA2.0_revised/Au/Au_cha_20038.jpg,0,0.0888543453401944,3,1,0.02,0.5
/content/drive/MyDrive/CV_Project/datasets/casia2/images/CASIA2.0_revised/Au/Au_cha_20039.jpg,0,0.0,3,1,0.02,0.5
/content/drive/MyDrive/CV_Project/datasets/casia2/images/CASIA2.0_revised/Au/Au_cha_20040.jpg,0,0.0886064416199717,3,1,0.02,0.5
/content/drive/MyDrive/CV_Project/datasets/casia2/images/CASIA2.0_revised/Au/Au_cha_20041.jpg,0,0.1355703703703703,3,1,0.02,0.5
/content/drive/MyDrive/CV_Project/datasets/casia2/images/CASIA2.0_revised/Au/Au_cha_20042.jpg,0,0.0955333333333333,3,1,0.02,0.5
/content/drive/MyDrive/CV_Project/datasets/casia2/images/CASIA2.0_revised/Au/Au_cha_20043.jpg,0,0.1701121423047177,3,1,0.02,0.5
/content/drive/MyDrive/CV_Project/datasets/casia2/images/CASIA2.0_revised/Au/Au_cha_20044.jpg,0,0.5549229753521127,3,1,0.02,0.5
/content/drive/MyDrive/CV_Project/datasets/casia2/images/CASIA2.0_revised/Au/Au_cha_20045.jpg,0,0.5414678510998308,3,1,0.02,0.5
/content/drive/MyDrive/CV_Project/datasets/casia2/images/CASIA2.0_revised/Au/Au_cha_20046.jpg,0,0.4788278842862034,3,1,0.02,0.5
/content/drive/MyDrive/CV_Project/datasets/casia2/images/CASIA2.0_revised/Au/Au_cha_20047.jpg,0,0.8482060755336618,3,1,0.02,0.5
/content/drive/MyDrive/CV_Project/datasets/casia2/images/CASIA2.0_revised/Au/Au_cha_20048.jpg,0,0.886421867072552,3,1,0.02,0.5
/content/drive/MyDrive/CV_Project/datasets/casia2/images/CASIA2.0_revised/Au/Au_cha_30001.jpg,0,0.4649149576822917,3,1,0.02,0.5
/content/drive/MyDrive/CV_Project/datasets/casia2/images/CASIA2.0_revised/Au/Au_cha_30002.jpg,0,0.0353190104166666,3,1,0.02,0.5
/content/drive/MyDrive/CV_Project/datasets/casia2/images/CASIA2.0_revised/Au/Au_cha_30003.jpg,0,0.0,3,1,0.02,0.5
/content/drive/MyDrive/CV_Project/datasets/casia2/images/CASIA2.0_revised/Au/Au_cha_30004.jpg,0,0.0,3,1,0.02,0.5
/content/drive/MyDrive/CV_Project/datasets/casia2/images/CASIA2.0_revised/Au/Au_cha_30005.jpg,0,0.1032511393229166,3,1,0.02,0.5
/content/drive/MyDrive/CV_Project/datasets/casia2/images/CASIA2.0_revised/Au/Au_cha_30006.jpg,0,0.0960489908854166,3,1,0.02,0.5
/content/drive/MyDrive/CV_Project/datasets/casia2/images/CASIA2.0_revised/Au/Au_cha_30007.jpg,0,0.0682373046875,3,1,0.02,0.5
/content/drive/MyDrive/CV_Project/datasets/casia2/images/CASIA2.0_revised/Au/Au_cha_30008.jpg,0,0.0275370279947916,3,1,0.02,0.5
/content/drive/MyDrive/CV_Project/datasets/casia2/images/CASIA2.0_revised/Au/Au_cha_30009.jpg,0,0.621337890625,3,1,0.02,0.5
/content/drive/MyDrive/CV_Project/datasets/casia2/images/CASIA2.0_revised/Au/Au_cha_30010.jpg,0,0.5702006022135416,3,1,0.02,0.5
/content/drive/MyDrive/CV_Project/datasets/casia2/images/CASIA2.0_revised/Au/Au_cha_30011.jpg,0,0.1338094075520833,3,1,0.02,0.5
/content/drive/MyDrive/CV_Project/datasets/casia2/images/CASIA2.0_revised/Au/Au_cha_30012.jpg,0,0.3169759114583333,3,1,0.02,0.5
/content/drive/MyDrive/CV_Project/datasets/casia2/images/CASIA2.0_revised/Au/Au_cha_30013.jpg,0,0.2689615885416667,3,1,0.02,0.5
/content/drive/MyDrive/CV_Project/datasets/casia2/images/CASIA2.0_revised/Au/Au_cha_30014.jpg,0,0.4456888834635417,3,1,0.02,0.5
/content/drive/MyDrive/CV_Project/datasets/casia2/images/CASIA2.0_revised/Au/Au_cha_30015.jpg,0,0.0,3,1,0.02,0.5
/content/drive/MyDrive/CV_Project/datasets/casia2/images/CASIA2.0_revised/Au/Au_cha_30016.jpg,0,0.0,3,1,0.02,0.5
/content/drive/MyDrive/CV_Project/datasets/casia2/images/CASIA2.0_revised/Au/Au_cha_30017.jpg,0,0.24163818359375,3,1,0.02,0.5
/content/drive/MyDrive/CV_Project/datasets/casia2/images/CASIA2.0_revised/Au/Au_cha_30018.jpg,0,0.0538228352864583,3,1,0.02,0.5
/content/drive/MyDrive/CV_Project/datasets/casia2/images/CASIA2.0_revised/Au/Au_cha_30019.jpg,0,0.5959879557291666,3,1,0.02,0.5
/content/drive/MyDrive/CV_Project/datasets/casia2/images/CASIA2.0_revised/Au/Au_cha_30020.jpg,0,0.058258056640625,3,1,0.02,0.5
/content/drive/MyDrive/CV_Project/datasets/casia2/images/CASIA2.0_revised/Au/Au_cha_30021.jpg,0,0.2577718098958333,3,1,0.02,0.5
/content/drive/MyDrive/CV_Project/datasets/casia2/images/CASIA2.0_revised/Au/Au_cha_30022.jpg,0,0.26348876953125,3,1,0.02,0.5
/content/drive/MyDrive/CV_Project/datasets/casia2/images/CASIA2.0_revised/Au/Au_cha_30023.jpg,0,0.632965087890625,3,1,0.02,0.5
/content/drive/MyDrive/CV_Project/datasets/casia2/images/CASIA2.0_revised/Au/Au_cha_30024.jpg,0,0.59857177734375,3,1,0.02,0.5
/content/drive/MyDrive/CV_Project/datasets/casia2/images/CASIA2.0_revised/Au/Au_cha_30025.jpg,0,0.1125081380208333,3,1,0.02,0.5
/content/drive/MyDrive/CV_Project/datasets/casia2/images/CASIA2.0_revised/Au/Au_cha_30026.jpg,0,0.241912841796875,3,1,0.02,0.5
/content/drive/MyDrive/CV_Project/datasets/casia2/images/CASIA2.0_revised/Au/Au_cha_30027.jpg,0,0.629974365234375,3,1,0.02,0.5
/content/drive/MyDrive/CV_Project/datasets/casia2/images/CASIA2.0_revised/Au/Au_cha_30028.jpg,0,0.4502665201822917,3,1,0.02,0.5
/content/drive/MyDrive/CV_Project/datasets/casia2/images/CASIA2.0_revised/Au/Au_cha_30029.jpg,0,0.0580342610677083,3,1,0.02,0.5
/content/drive/MyDrive/CV_Project/datasets/casia2/images/CASIA2.0_revised/Au/Au_cha_30030.jpg,0,0.1816304524739583,3,1,0.02,0.5
/content/drive/MyDrive/CV_Project/datasets/casia2/images/CASIA2.0_revised/Au/Au_cha_30031.jpg,0,0.0,3,1,0.02,0.5
/content/drive/MyDrive/CV_Project/datasets/casia2/images/CASIA2.0_revised/Au/Au_cha_30032.jpg,0,0.0850931803385416,3,1,0.02,0.5
/content/drive/MyDrive/CV_Project/datasets/casia2/images/CASIA2.0_revised/Au/Au_cha_30033.jpg,0,0.1399434407552083,3,1,0.02,0.5
/content/drive/MyDrive/CV_Project/datasets/casia2/images/CASIA2.0_revised/Au/Au_cha_30034.jpg,0,0.1918131510416666,3,1,0.02,0.5
/content/drive/MyDrive/CV_Project/datasets/casia2/images/CASIA2.0_revised/Au/Au_cha_30035.jpg,0,0.287139892578125,3,1,0.02,0.5
/content/drive/MyDrive/CV_Project/datasets/casia2/images/CASIA2.0_revised/Au/Au_cha_30036.jpg,0,0.3785909016927083,3,1,0.02,0.5
/content/drive/MyDrive/CV_Project/datasets/casia2/images/CASIA2.0_revised/Au/Au_cha_30037.jpg,0,0.366058349609375,3,1,0.02,0.5
/content/drive/MyDrive/CV_Project/datasets/casia2/images/CASIA2.0_revised/Au/Au_cha_30038.jpg,0,0.1598612467447916,3,1,0.02,0.5
/content/drive/MyDrive/CV_Project/datasets/casia2/images/CASIA2.0_revised/Au/Au_cha_30039.jpg,0,0.154296875,3,1,0.02,0.5
/content/drive/MyDrive/CV_Project/datasets/casia2/images/CASIA2.0_revised/Au/Au_cha_30040.jpg,0,0.2296346028645833,3,1,0.02,0.5
/content/drive/MyDrive/CV_Project/datasets/casia2/images/CASIA2.0_revised/Au/Au_cha_30041.jpg,0,0.1460164388020833,3,1,0.02,0.5
/content/drive/MyDrive/CV_Project/datasets/casia2/images/CASIA2.0_revised/Au/Au_cha_30042.jpg,0,0.202972412109375,3,1,0.02,0.5
/content/drive/MyDrive/CV_Project/datasets/casia2/images/CASIA2.0_revised/Au/Au_cha_30043.jpg,0,0.45660400390625,3,1,0.02,0.5
/content/drive/MyDrive/CV_Project/datasets/casia2/images/CASIA2.0_revised/Au/Au_cha_30044.jpg,0,0.1501668294270833,3,1,0.02,0.5
/content/drive/MyDrive/CV_Project/datasets/casia2/images/CASIA2.0_revised/Au/Au_cha_30045.jpg,0,0.0854593912760416,3,1,0.02,0.5
/content/drive/MyDrive/CV_Project/datasets/casia2/images/CASIA2.0_revised/Au/Au_cha_30046.jpg,0,0.25396728515625,3,1,0.02,0.5
/content/drive/MyDrive/CV_Project/datasets/casia2/images/CASIA2.0_revised/Au/Au_cha_30047.jpg,0,0.1436665852864583,3,1,0.02,0.5
/content/drive/MyDrive/CV_Project/datasets/casia2/images/CASIA2.0_revised/Au/Au_cha_30048.jpg,0,0.9782613118489584,3,1,0.02,0.5
/content/drive/MyDrive/CV_Project/datasets/casia2/images/CASIA2.0_revised/Au/Au_cha_30049.jpg,0,0.0,3,1,0.02,0.5
/content/drive/MyDrive/CV_Project/datasets/casia2/images/CASIA2.0_revised/Au/Au_cha_30050.jpg,0,0.5871683756510416,3,1,0.02,0.5
/content/drive/MyDrive/CV_Project/datasets/casia2/images/CASIA2.0_revised/Au/Au_cha_30051.jpg,0,0.3331400553385417,3,1,0.02,0.5
/content/drive/MyDrive/CV_Project/datasets/casia2/images/CASIA2.0_revised/Au/Au_cha_30052.jpg,0,0.367340087890625,3,1,0.02,0.5
/content/drive/MyDrive/CV_Project/datasets/casia2/images/CASIA2.0_revised/Au/Au_cha_30053.jpg,0,0.5454305013020834,3,1,0.02,0.5
/content/drive/MyDrive/CV_Project/datasets/casia2/images/CASIA2.0_revised/Au/Au_cha_30054.jpg,0,0.0975138346354166,3,1,0.02,0.5
/content/drive/MyDrive/CV_Project/datasets/casia2/images/CASIA2.0_revised/Au/Au_cha_30055.jpg,0,0.212432861328125,3,1,0.02,0.5
/content/drive/MyDrive/CV_Project/datasets/casia2/images/CASIA2.0_revised/Au/Au_cha_30056.jpg,0,0.0,3,1,0.02,0.5
/content/drive/MyDrive/CV_Project/datasets/casia2/images/CASIA2.0_revised/Au/Au_cha_30057.jpg,0,0.4870096842447917,3,1,0.02,0.5
/content/drive/MyDrive/CV_Project/datasets/casia2/images/CASIA2.0_revised/Au/Au_cha_30058.jpg,0,0.4841105143229167,3,1,0.02,0.5
/content/drive/MyDrive/CV_Project/datasets/casia2/images/CASIA2.0_revised/Au/Au_cha_30059.jpg,0,0.4350077311197917,3,1,0.02,0.5
/content/drive/MyDrive/CV_Project/datasets/casia2/images/CASIA2.0_revised/Au/Au_cha_30060.jpg,0,0.3142598470052083,3,1,0.02,0.5
/content/drive/MyDrive/CV_Project/datasets/casia2/images/CASIA2.0_revised/Au/Au_cha_30061.jpg,0,0.1481730143229166,3,1,0.02,0.5
/content/drive/MyDrive/CV_Project/datasets/casia2/images/CASIA2.0_revised/Au/Au_cha_30062.jpg,0,0.4173075358072917,3,1,0.02,0.5
/content/drive/MyDrive/CV_Project/datasets/casia2/images/CASIA2.0_revised/Au/Au_cha_30063.jpg,0,0.1398111979166666,3,1,0.02,0.5
/content/drive/MyDrive/CV_Project/datasets/casia2/images/CASIA2.0_revised/Au/Au_cha_30064.jpg,0,0.0,3,1,0.02,0.5
/content/drive/MyDrive/CV_Project/datasets/casia2/images/CASIA2.0_revised/Au/Au_cha_30065.jpg,0,0.0,3,1,0.02,0.5
/content/drive/MyDrive/CV_Project/datasets/casia2/images/CASIA2.0_revised/Au/Au_cha_30066.jpg,0,0.54193115234375,3,1,0.02,0.5
/content/drive/MyDrive/CV_Project/datasets/casia2/images/CASIA2.0_revised/Au/Au_cha_30067.jpg,0,0.0749308268229166,3,1,0.02,0.5
/content/drive/MyDrive/CV_Project/datasets/casia2/images/CASIA2.0_revised/Au/Au_cha_30068.jpg,0,0.5323282877604166,3,1,0.02,0.5
/content/drive/MyDrive/CV_Project/datasets/casia2/images/CASIA2.0_revised/Au/Au_cha_30069.jpg,0,0.35406494140625,3,1,0.02,0.5
/content/drive/MyDrive/CV_Project/datasets/casia2/images/CASIA2.0_revised/Au/Au_cha_30070.jpg,0,0.857269287109375,3,1,0.02,0.5
/content/drive/MyDrive/CV_Project/datasets/casia2/images/CASIA2.0_revised/Au/Au_cha_30071.jpg,0,0.1167399088541666,3,1,0.02,0.5
/content/drive/MyDrive/CV_Project/datasets/casia2/images/CASIA2.0_revised/Au/Au_cha_30072.jpg,0,0.4458109537760417,3,1,0.02,0.5
/content/drive/MyDrive/CV_Project/datasets/casia2/images/CASIA2.0_revised/Au/Au_cha_30073.jpg,0,0.524993896484375,3,1,0.02,0.5
/content/drive/MyDrive/CV_Project/datasets/casia2/images/CASIA2.0_revised/Au/Au_cha_30074.jpg,0,0.2369588216145833,3,1,0.02,0.5
/content/drive/MyDrive/CV_Project/datasets/casia2/images/CASIA2.0_revised/Au/Au_cha_30075.jpg,0,0.6975911458333334,3,1,0.02,0.5
/content/drive/MyDrive/CV_Project/datasets/casia2/images/CASIA2.0_revised/Au/Au_cha_30076.jpg,0,0.3234965006510417,3,1,0.02,0.5
/content/drive/MyDrive/CV_Project/datasets/casia2/images/CASIA2.0_revised/Au/Au_cha_30077.jpg,0,0.1877543131510416,3,1,0.02,0.5
/content/drive/MyDrive/CV_Project/datasets/casia2/images/CASIA2.0_revised/Au/Au_cha_30078.jpg,0,0.078094482421875,3,1,0.02,0.5
/content/drive/MyDrive/CV_Project/datasets/casia2/images/CASIA2.0_revised/Au/Au_cha_30079.jpg,0,0.1092631022135416,3,1,0.02,0.5
/content/drive/MyDrive/CV_Project/datasets/casia2/images/CASIA2.0_revised/Au/Au_cha_30080.jpg,0,0.02520751953125,3,1,0.02,0.5
/content/drive/MyDrive/CV_Project/datasets/casia2/images/CASIA2.0_revised/Au/Au_cha_30081.jpg,0,0.0295817057291666,3,1,0.02,0.5
/content/drive/MyDrive/CV_Project/datasets/casia2/images/CASIA2.0_revised/Au/Au_cha_30082.jpg,0,0.207733154296875,3,1,0.02,0.5
/content/drive/MyDrive/CV_Project/datasets/casia2/images/CASIA2.0_revised/Au/Au_cha_30083.jpg,0,0.550262451171875,3,1,0.02,0.5
/content/drive/MyDrive/CV_Project/datasets/casia2/images/CASIA2.0_revised/Au/Au_cha_30084.jpg,0,0.2730305989583333,3,1,0.02,0.5
/content/drive/MyDrive/CV_Project/datasets/casia2/images/CASIA2.0_revised/Au/Au_cha_30085.jpg,0,0.37548828125,3,1,0.02,0.5
/content/drive/MyDrive/CV_Project/datasets/casia2/images/CASIA2.0_revised/Au/Au_cha_30086.jpg,0,0.110870361328125,3,1,0.02,0.5
/content/drive/MyDrive/CV_Project/datasets/casia2/images/CASIA2.0_revised/Au/Au_cha_30087.jpg,0,0.0,3,1,0.02,0.5
/content/drive/MyDrive/CV_Project/datasets/casia2/images/CASIA2.0_revised/Au/Au_cha_30088.jpg,0,0.0,3,1,0.02,0.5
/content/drive/MyDrive/CV_Project/datasets/casia2/images/CASIA2.0_revised/Au/Au_cha_30089.jpg,0,0.0,3,1,0.02,0.5
/content/drive/MyDrive/CV_Project/datasets/casia2/images/CASIA2.0_revised/Au/Au_cha_30090.jpg,0,0.0345255533854166,3,1,0.02,0.5
/content/drive/MyDrive/CV_Project/datasets/casia2/images/CASIA2.0_revised/Au/Au_cha_30091.jpg,0,0.0331319173177083,3,1,0.02,0.5
/content/drive/MyDrive/CV_Project/datasets/casia2/images/CASIA2.0_revised/Au/Au_cha_30092.jpg,0,0.0,3,1,0.02,0.5
/content/drive/MyDrive/CV_Project/datasets/casia2/images/CASIA2.0_revised/Au/Au_cha_30093.jpg,0,0.0580851236979166,3,1,0.02,0.5
/content/drive/MyDrive/CV_Project/datasets/casia2/images/CASIA2.0_revised/Au/Au_cha_30094.jpg,0,0.145538330078125,3,1,0.02,0.5
/content/drive/MyDrive/CV_Project/datasets/casia2/images/CASIA2.0_revised/Au/Au_cha_30095.jpg,0,0.0445149739583333,3,1,0.02,0.5
/content/drive/MyDrive/CV_Project/datasets/casia2/images/CASIA2.0_revised/Au/Au_cha_30096.jpg,0,0.3302510579427083,3,1,0.02,0.5
/content/drive/MyDrive/CV_Project/datasets/casia2/images/CASIA2.0_revised/Au/Au_cha_30097.jpg,0,0.3209737141927083,3,1,0.02,0.5
/content/drive/MyDrive/CV_Project/datasets/casia2/images/CASIA2.0_revised/Au/Au_cha_30098.jpg,0,0.2750244140625,3,1,0.02,0.5
/content/drive/MyDrive/CV_Project/datasets/casia2/images/CASIA2.0_revised/Au/Au_cha_30099.jpg,0,0.6151224772135416,3,1,0.02,0.5
/content/drive/MyDrive/CV_Project/datasets/casia2/images/CASIA2.0_revised/Au/Au_cha_30100.jpg,0,0.2101033528645833,3,1,0.02,0.5
/content/drive/MyDrive/CV_Project/datasets/casia2/images/CASIA2.0_revised/Au/Au_cha_30101.jpg,0,0.3804728190104167,3,1,0.02,0.5
/content/drive/MyDrive/CV_Project/datasets/casia2/images/CASIA2.0_revised/Au/Au_cha_30102.jpg,0,0.2345682779947916,3,1,0.02,0.5
/content/drive/MyDrive/CV_Project/datasets/casia2/images/CASIA2.0_revised/Au/Au_cha_30103.jpg,0,0.0304361979166666,3,1,0.02,0.5
/content/drive/MyDrive/CV_Project/datasets/casia2/images/CASIA2.0_revised/Au/Au_cha_30104.jpg,0,0.0327046712239583,3,1,0.02,0.5
/content/drive/MyDrive/CV_Project/datasets/casia2/images/CASIA2.0_revised/Au/Au_cha_30105.jpg,0,0.0,3,1,0.02,0.5
/content/drive/MyDrive/CV_Project/datasets/casia2/images/CASIA2.0_revised/Au/Au_cha_30106.jpg,0,0.3311258951822917,3,1,0.02,0.5
/content/drive/MyDrive/CV_Project/datasets/casia2/images/CASIA2.0_revised/Au/Au_cha_30107.jpg,0,0.0811258951822916,3,1,0.02,0.5
/content/drive/MyDrive/CV_Project/datasets/casia2/images/CASIA2.0_revised/Au/Au_cha_30108.jpg,0,0.2237141927083333,3,1,0.02,0.5
/content/drive/MyDrive/CV_Project/datasets/casia2/images/CASIA2.0_revised/Au/Au_cha_30109.jpg,0,0.1223958333333333,3,1,0.02,0.5
/content/drive/MyDrive/CV_Project/datasets/casia2/images/CASIA2.0_revised/Au/Au_cha_30110.jpg,0,0.524322509765625,3,1,0.02,0.5
/content/drive/MyDrive/CV_Project/datasets/casia2/images/CASIA2.0_revised/Au/Au_cha_30111.jpg,0,0.111328125,3,1,0.02,0.5
/content/drive/MyDrive/CV_Project/datasets/casia2/images/CASIA2.0_revised/Au/Au_cha_30112.jpg,0,0.7497965494791666,3,1,0.02,0.5
/content/drive/MyDrive/CV_Project/datasets/casia2/images/CASIA2.0_revised/Au/Au_cha_30113.jpg,0,0.2001139322916666,3,1,0.02,0.5
/content/drive/MyDrive/CV_Project/datasets/casia2/images/CASIA2.0_revised/Au/Au_cha_30114.jpg,0,0.5137939453125,3,1,0.02,0.5
/content/drive/MyDrive/CV_Project/datasets/casia2/images/CASIA2.0_revised/Au/Au_cha_30115.jpg,0,0.0754903157552083,3,1,0.02,0.5
/content/drive/MyDrive/CV_Project/datasets/casia2/images/CASIA2.0_revised/Au/Au_cha_30116.jpg,0,0.7751261393229166,3,1,0.02,0.5
/content/drive/MyDrive/CV_Project/datasets/casia2/images/CASIA2.0_revised/Au/Au_cha_30117.jpg,0,0.8078409830729166,3,1,0.02,0.5
/content/drive/MyDrive/CV_Project/datasets/casia2/images/CASIA2.0_revised/Au/Au_cha_30118.jpg,0,0.2899678548177083,3,1,0.02,0.5
/content/drive/MyDrive/CV_Project/datasets/casia2/images/CASIA2.0_revised/Au/Au_cha_30119.jpg,0,0.0,3,1,0.02,0.5
/content/drive/MyDrive/CV_Project/datasets/casia2/images/CASIA2.0_revised/Au/Au_cha_30120.jpg,0,0.8357747395833334,3,1,0.02,0.5
/content/drive/MyDrive/CV_Project/datasets/casia2/images/CASIA2.0_revised/Au/Au_cha_30121.jpg,0,0.0,3,1,0.02,0.5
/content/drive/MyDrive/CV_Project/datasets/casia2/images/CASIA2.0_revised/Au/Au_cha_30122.jpg,0,0.2023824055989583,3,1,0.02,0.5
/content/drive/MyDrive/CV_Project/datasets/casia2/images/CASIA2.0_revised/Au/Au_cha_30123.jpg,0,0.3410847981770833,3,1,0.02,0.5
/content/drive/MyDrive/CV_Project/datasets/casia2/images/CASIA2.0_revised/Au/Au_cha_30124.jpg,0,0.02490234375,3,1,0.02,0.5
/content/drive/MyDrive/CV_Project/datasets/casia2/images/CASIA2.0_revised/Au/Au_cha_30125.jpg,0,0.1374918619791666,3,1,0.02,0.5
/content/drive/MyDrive/CV_Project/datasets/casia2/images/CASIA2.0_revised/Au/Au_cha_30126.jpg,0,0.3705546061197917,3,1,0.02,0.5
/content/drive/MyDrive/CV_Project/datasets/casia2/images/CASIA2.0_revised/Au/Au_cha_30127.jpg,0,0.856353759765625,3,1,0.02,0.5
/content/drive/MyDrive/CV_Project/datasets/casia2/images/CASIA2.0_revised/Au/Au_cha_30128.jpg,0,0.8108723958333334,3,1,0.02,0.5
/content/drive/MyDrive/CV_Project/datasets/casia2/images/CASIA2.0_revised/Au/Au_cha_30129.jpg,0,0.347747802734375,3,1,0.02,0.5
/content/drive/MyDrive/CV_Project/datasets/casia2/images/CASIA2.0_revised/Au/Au_cha_30130.jpg,0,0.0,3,1,0.02,0.5
/content/drive/MyDrive/CV_Project/datasets/casia2/images/CASIA2.0_revised/Au/Au_cha_30131.jpg,0,0.3501993815104167,3,1,0.02,0.5
/content/drive/MyDrive/CV_Project/datasets/casia2/images/CASIA2.0_revised/Au/Au_cha_30132.jpg,0,0.573760986328125,3,1,0.02,0.5
/content/drive/MyDrive/CV_Project/datasets/casia2/images/CASIA2.0_revised/Au/Au_cha_30133.jpg,0,0.2436625162760416,3,1,0.02,0.5
/content/drive/MyDrive/CV_Project/datasets/casia2/images/CASIA2.0_revised/Au/Au_cha_30134.jpg,0,0.0,3,1,0.02,0.5
/content/drive/MyDrive/CV_Project/datasets/casia2/images/CASIA2.0_revised/Au/Au_cha_30135.jpg,0,0.04046630859375,3,1,0.02,0.5
/content/drive/MyDrive/CV_Project/datasets/casia2/images/CASIA2.0_revised/Au/Au_cha_30136.jpg,0,0.116302490234375,3,1,0.02,0.5
/content/drive/MyDrive/CV_Project/datasets/casia2/images/CASIA2.0_revised/Au/Au_cha_30137.jpg,0,0.0,3,1,0.02,0.5
/content/drive/MyDrive/CV_Project/datasets/casia2/images/CASIA2.0_revised/Au/Au_cha_30138.jpg,0,0.1201680501302083,3,1,0.02,0.5
/content/drive/MyDrive/CV_Project/datasets/casia2/images/CASIA2.0_revised/Au/Au_cha_30139.jpg,0,0.1320292154947916,3,1,0.02,0.5
/content/drive/MyDrive/CV_Project/datasets/casia2/images/CASIA2.0_revised/Au/Au_cha_30140.jpg,0,0.3835042317708333,3,1,0.02,0.5
/content/drive/MyDrive/CV_Project/datasets/casia2/images/CASIA2.0_revised/Au/Au_cha_30141.jpg,0,0.395477294921875,3,1,0.02,0.5
/content/drive/MyDrive/CV_Project/datasets/casia2/images/CASIA2.0_revised/Au/Au_cha_30142.jpg,0,0.1556193033854166,3,1,0.02,0.5
/content/drive/MyDrive/CV_Project/datasets/casia2/images/CASIA2.0_revised/Au/Au_cha_30143.jpg,0,0.3712870279947917,3,1,0.02,0.5
/content/drive/MyDrive/CV_Project/datasets/casia2/images/CASIA2.0_revised/Au/Au_cha_30144.jpg,0,0.025115966796875,3,1,0.02,0.5
/content/drive/MyDrive/CV_Project/datasets/casia2/images/CASIA2.0_revised/Au/Au_cha_30145.jpg,0,0.1421610514322916,3,1,0.02,0.5
/content/drive/MyDrive/CV_Project/datasets/casia2/images/CASIA2.0_revised/Au/Au_cha_30146.jpg,0,0.046356201171875,3,1,0.02,0.5
/content/drive/MyDrive/CV_Project/datasets/casia2/images/CASIA2.0_revised/Au/Au_cha_30147.jpg,0,0.0,3,1,0.02,0.5
/content/drive/MyDrive/CV_Project/datasets/casia2/images/CASIA2.0_revised/Au/Au_cha_30148.jpg,0,0.1485188802083333,3,1,0.02,0.5
/content/drive/MyDrive/CV_Project/datasets/casia2/images/CASIA2.0_revised/Au/Au_cha_30149.jpg,0,0.1688232421875,3,1,0.02,0.5
/content/drive/MyDrive/CV_Project/datasets/casia2/images/CASIA2.0_revised/Au/Au_cha_30150.jpg,0,0.1857808430989583,3,1,0.02,0.5
/content/drive/MyDrive/CV_Project/datasets/casia2/images/CASIA2.0_revised/Au/Au_cha_30151.jpg,0,0.09271240234375,3,1,0.02,0.5
/content/drive/MyDrive/CV_Project/datasets/casia2/images/CASIA2.0_revised/Au/Au_cha_30152.jpg,0,0.0,3,1,0.02,0.5
/content/drive/MyDrive/CV_Project/datasets/casia2/images/CASIA2.0_revised/Au/Au_cha_30153.jpg,0,0.036895751953125,3,1,0.02,0.5
/content/drive/MyDrive/CV_Project/datasets/casia2/images/CASIA2.0_revised/Au/Au_cha_30154.jpg,0,0.0,3,1,0.02,0.5
/content/drive/MyDrive/CV_Project/datasets/casia2/images/CASIA2.0_revised/Au/Au_cha_30155.jpg,0,0.0,3,1,0.02,0.5
/content/drive/MyDrive/CV_Project/datasets/casia2/images/CASIA2.0_revised/Au/Au_cha_30156.jpg,0,0.0,3,1,0.02,0.5
/content/drive/MyDrive/CV_Project/datasets/casia2/images/CASIA2.0_revised/Au/Au_cha_30157.jpg,0,0.1933695475260416,3,1,0.02,0.5
/content/drive/MyDrive/CV_Project/datasets/casia2/images/CASIA2.0_revised/Au/Au_cha_30158.jpg,0,0.0,3,1,0.02,0.5
/content/drive/MyDrive/CV_Project/datasets/casia2/images/CASIA2.0_revised/Au/Au_cha_30159.jpg,0,0.44146728515625,3,1,0.02,0.5
/content/drive/MyDrive/CV_Project/datasets/casia2/images/CASIA2.0_revised/Au/Au_cha_30160.jpg,0,0.2434794108072916,3,1,0.02,0.5
/content/drive/MyDrive/CV_Project/datasets/casia2/images/CASIA2.0_revised/Au/Au_cha_30161.jpg,0,0.457244873046875,3,1,0.02,0.5
/content/drive/MyDrive/CV_Project/datasets/casia2/images/CASIA2.0_revised/Au/Au_cha_30162.jpg,0,0.0,3,1,0.02,0.5
/content/drive/MyDrive/CV_Project/datasets/casia2/images/CASIA2.0_revised/Au/Au_cha_30163.jpg,0,0.0606282552083333,3,1,0.02,0.5
/content/drive/MyDrive/CV_Project/datasets/casia2/images/CASIA2.0_revised/Au/Au_cha_30164.jpg,0,0.0,3,1,0.02,0.5
/content/drive/MyDrive/CV_Project/datasets/casia2/images/CASIA2.0_revised/Au/Au_cha_30165.jpg,0,0.3825276692708333,3,1,0.02,0.5
/content/drive/MyDrive/CV_Project/datasets/casia2/images/CASIA2.0_revised/Au/Au_cha_30166.jpg,0,0.0,3,1,0.02,0.5
/content/drive/MyDrive/CV_Project/datasets/casia2/images/CASIA2.0_revised/Au/Au_cha_30167.jpg,0,0.146942138671875,3,1,0.02,0.5
/content/drive/MyDrive/CV_Project/datasets/casia2/images/CASIA2.0_revised/Au/Au_cha_30168.jpg,0,0.0,3,1,0.02,0.5
/content/drive/MyDrive/CV_Project/datasets/casia2/images/CASIA2.0_revised/Au/Au_cha_30169.jpg,0,0.0,3,1,0.02,0.5
/content/drive/MyDrive/CV_Project/datasets/casia2/images/CASIA2.0_revised/Au/Au_cha_30170.jpg,0,0.3101603190104167,3,1,0.02,0.5
/content/drive/MyDrive/CV_Project/datasets/casia2/images/CASIA2.0_revised/Au/Au_cha_30171.jpg,0,0.2510884602864583,3,1,0.02,0.5
/content/drive/MyDrive/CV_Project/datasets/casia2/images/CASIA2.0_revised/Au/Au_cha_30172.jpg,0,0.2168375651041666,3,1,0.02,0.5
/content/drive/MyDrive/CV_Project/datasets/casia2/images/CASIA2.0_revised/Au/Au_cha_30173.jpg,0,0.0,3,1,0.02,0.5
/content/drive/MyDrive/CV_Project/datasets/casia2/images/CASIA2.0_revised/Au/Au_cha_30174.jpg,0,0.022491455078125,3,1,0.02,0.5
/content/drive/MyDrive/CV_Project/datasets/casia2/images/CASIA2.0_revised/Au/Au_cha_30175.jpg,0,0.2898457845052083,3,1,0.02,0.5
/content/drive/MyDrive/CV_Project/datasets/casia2/images/CASIA2.0_revised/Au/Au_cha_30176.jpg,0,0.379302978515625,3,1,0.02,0.5
/content/drive/MyDrive/CV_Project/datasets/casia2/images/CASIA2.0_revised/Au/Au_cha_30177.jpg,0,0.2722574869791667,3,1,0.02,0.5
/content/drive/MyDrive/CV_Project/datasets/casia2/images/CASIA2.0_revised/Au/Au_cha_30178.jpg,0,0.3097635904947917,3,1,0.02,0.5
/content/drive/MyDrive/CV_Project/datasets/casia2/images/CASIA2.0_revised/Au/Au_cha_30179.jpg,0,0.030364990234375,3,1,0.02,0.5
/content/drive/MyDrive/CV_Project/datasets/casia2/images/CASIA2.0_revised/Au/Au_cha_30180.jpg,0,0.1236673990885416,3,1,0.02,0.5
/content/drive/MyDrive/CV_Project/datasets/casia2/images/CASIA2.0_revised/Au/Au_cha_30181.jpg,0,0.0322062174479166,3,1,0.02,0.5
/content/drive/MyDrive/CV_Project/datasets/casia2/images/CASIA2.0_revised/Au/Au_cha_30182.jpg,0,0.051605224609375,3,1,0.02,0.5
/content/drive/MyDrive/CV_Project/datasets/casia2/images/CASIA2.0_revised/Au/Au_cha_30183.jpg,0,0.161956787109375,3,1,0.02,0.5
/content/drive/MyDrive/CV_Project/datasets/casia2/images/CASIA2.0_revised/Au/Au_cha_30184.jpg,0,0.3976847330729167,3,1,0.02,0.5
/content/drive/MyDrive/CV_Project/datasets/casia2/images/CASIA2.0_revised/Au/Au_cha_30185.jpg,0,0.0,3,1,0.02,0.5
/content/drive/MyDrive/CV_Project/datasets/casia2/images/CASIA2.0_revised/Au/Au_cha_30186.jpg,0,0.499053955078125,3,1,0.02,0.5
/content/drive/MyDrive/CV_Project/datasets/casia2/images/CASIA2.0_revised/Au/Au_cha_30187.jpg,0,0.0804850260416666,3,1,0.02,0.5
/content/drive/MyDrive/CV_Project/datasets/casia2/images/CASIA2.0_revised/Au/Au_cha_30188.jpg,0,0.2481689453125,3,1,0.02,0.5
/content/drive/MyDrive/CV_Project/datasets/casia2/images/CASIA2.0_revised/Au/Au_cha_30189.jpg,0,0.4080708821614583,3,1,0.02,0.5
/content/drive/MyDrive/CV_Project/datasets/casia2/images/CASIA2.0_revised/Au/Au_cha_30190.jpg,0,0.0228271484375,3,1,0.02,0.5
/content/drive/MyDrive/CV_Project/datasets/casia2/images/CASIA2.0_revised/Au/Au_cha_30191.jpg,0,0.2406209309895833,3,1,0.02,0.5
/content/drive/MyDrive/CV_Project/datasets/casia2/images/CASIA2.0_revised/Au/Au_cha_30192.jpg,0,0.8369038899739584,3,1,0.02,0.5
/content/drive/MyDrive/CV_Project/datasets/casia2/images/CASIA2.0_revised/Au/Au_cha_30193.jpg,0,0.5837198893229166,3,1,0.02,0.5
/content/drive/MyDrive/CV_Project/datasets/casia2/images/CASIA2.0_revised/Au/Au_cha_30194.jpg,0,0.3770650227864583,3,1,0.02,0.5
/content/drive/MyDrive/CV_Project/datasets/casia2/images/CASIA2.0_revised/Au/Au_cha_30195.jpg,0,0.2432352701822916,3,1,0.02,0.5
/content/drive/MyDrive/CV_Project/datasets/casia2/images/CASIA2.0_revised/Au/Au_cha_30196.jpg,0,0.0,3,1,0.02,0.5
/content/drive/MyDrive/CV_Project/datasets/casia2/images/CASIA2.0_revised/Au/Au_cha_30197.jpg,0,0.0,3,1,0.02,0.5
/content/drive/MyDrive/CV_Project/datasets/casia2/images/CASIA2.0_revised/Au/Au_cha_30198.jpg,0,0.3369038899739583,3,1,0.02,0.5
/content/drive/MyDrive/CV_Project/datasets/casia2/images/CASIA2.0_revised/Au/Au_cha_30199.jpg,0,0.0,3,1,0.02,0.5
/content/drive/MyDrive/CV_Project/datasets/casia2/images/CASIA2.0_revised/Au/Au_cha_30200.jpg,0,0.1121826171875,3,1,0.02,0.5
/content/drive/MyDrive/CV_Project/datasets/casia2/images/CASIA2.0_revised/Au/Au_cha_30201.jpg,0,0.0,3,1,0.02,0.5
/content/drive/MyDrive/CV_Project/datasets/casia2/images/CASIA2.0_revised/Au/Au_cha_30202.jpg,0,0.4041035970052083,3,1,0.02,0.5
/content/drive/MyDrive/CV_Project/datasets/casia2/images/CASIA2.0_revised/Au/Au_cha_30203.jpg,0,0.0,3,1,0.02,0.5
/content/drive/MyDrive/CV_Project/datasets/casia2/images/CASIA2.0_revised/Au/Au_cha_30204.jpg,0,0.1530659993489583,3,1,0.02,0.5
/content/drive/MyDrive/CV_Project/datasets/casia2/images/CASIA2.0_revised/Au/Au_cha_30205.jpg,0,0.2526448567708333,3,1,0.02,0.5
/content/drive/MyDrive/CV_Project/datasets/casia2/images/CASIA2.0_revised/Au/Au_cha_30206.jpg,0,0.0,3,1,0.02,0.5
/content/drive/MyDrive/CV_Project/datasets/casia2/images/CASIA2.0_revised/Au/Au_cha_30207.jpg,0,0.129638671875,3,1,0.02,0.5
/content/drive/MyDrive/CV_Project/datasets/casia2/images/CASIA2.0_revised/Au/Au_cha_30208.jpg,0,0.238494873046875,3,1,0.02,0.5
/content/drive/MyDrive/CV_Project/datasets/casia2/images/CASIA2.0_revised/Au/Au_cha_30209.jpg,0,0.3663330078125,3,1,0.02,0.5
/content/drive/MyDrive/CV_Project/datasets/casia2/images/CASIA2.0_revised/Au/Au_cha_30210.jpg,0,0.480621337890625,3,1,0.02,0.5
/content/drive/MyDrive/CV_Project/datasets/casia2/images/CASIA2.0_revised/Au/Au_cha_30211.jpg,0,0.0,3,1,0.02,0.5
/content/drive/MyDrive/CV_Project/datasets/casia2/images/CASIA2.0_revised/Au/Au_cha_30212.jpg,0,0.0,3,1,0.02,0.5
/content/drive/MyDrive/CV_Project/datasets/casia2/images/CASIA2.0_revised/Au/Au_cha_30213.jpg,0,0.3187052408854167,3,1,0.02,0.5
/content/drive/MyDrive/CV_Project/datasets/casia2/images/CASIA2.0_revised/Au/Au_cha_30214.jpg,0,0.609954833984375,3,1,0.02,0.5
/content/drive/MyDrive/CV_Project/datasets/casia2/images/CASIA2.0_revised/Au/Au_cha_30215.jpg,0,0.0580240885416666,3,1,0.02,0.5
/content/drive/MyDrive/CV_Project/datasets/casia2/images/CASIA2.0_revised/Au/Au_cha_30216.jpg,0,0.426116943359375,3,1,0.02,0.5
/content/drive/MyDrive/CV_Project/datasets/casia2/images/CASIA2.0_revised/Au/Au_cha_30217.jpg,0,0.3101704915364583,3,1,0.02,0.5
/content/drive/MyDrive/CV_Project/datasets/casia2/images/CASIA2.0_revised/Au/Au_cha_30218.jpg,0,0.0549112955729166,3,1,0.02,0.5
/content/drive/MyDrive/CV_Project/datasets/casia2/images/CASIA2.0_revised/Au/Au_cha_30219.jpg,0,0.436553955078125,3,1,0.02,0.5
/content/drive/MyDrive/CV_Project/datasets/casia2/images/CASIA2.0_revised/Au/Au_cha_30220.jpg,0,0.124114990234375,3,1,0.02,0.5
/content/drive/MyDrive/CV_Project/datasets/casia2/images/CASIA2.0_revised/Au/Au_cha_30221.jpg,0,0.3061319986979167,3,1,0.02,0.5
/content/drive/MyDrive/CV_Project/datasets/casia2/images/CASIA2.0_revised/Au/Au_cha_30222.jpg,0,0.08587646484375,3,1,0.02,0.5
/content/drive/MyDrive/CV_Project/datasets/casia2/images/CASIA2.0_revised/Au/Au_cha_30223.jpg,0,0.610626220703125,3,1,0.02,0.5
/content/drive/MyDrive/CV_Project/datasets/casia2/images/CASIA2.0_revised/Au/Au_cha_30224.jpg,0,0.296051025390625,3,1,0.02,0.5
/content/drive/MyDrive/CV_Project/datasets/casia2/images/CASIA2.0_revised/Au/Au_cha_30225.jpg,0,0.232635498046875,3,1,0.02,0.5
/content/drive/MyDrive/CV_Project/datasets/casia2/images/CASIA2.0_revised/Au/Au_cha_30226.jpg,0,0.6551615397135416,3,1,0.02,0.5
/content/drive/MyDrive/CV_Project/datasets/casia2/images/CASIA2.0_revised/Au/Au_cha_30227.jpg,0,0.1397298177083333,3,1,0.02,0.5
/content/drive/MyDrive/CV_Project/datasets/casia2/images/CASIA2.0_revised/Au/Au_cha_30228.jpg,0,0.8009847005208334,3,1,0.02,0.5
/content/drive/MyDrive/CV_Project/datasets/casia2/images/CASIA2.0_revised/Au/Au_cha_30229.jpg,0,0.9661153157552084,3,1,0.02,0.5
/content/drive/MyDrive/CV_Project/datasets/casia2/images/CASIA2.0_revised/Au/Au_cha_30230.jpg,0,0.4561869303385417,3,1,0.02,0.5
/content/drive/MyDrive/CV_Project/datasets/casia2/images/CASIA2.0_revised/Au/Au_cha_30231.jpg,0,0.0,3,1,0.02,0.5
/content/drive/MyDrive/CV_Project/datasets/casia2/images/CASIA2.0_revised/Au/Au_cha_30232.jpg,0,0.4105122884114583,3,1,0.02,0.5
/content/drive/MyDrive/CV_Project/datasets/casia2/images/CASIA2.0_revised/Au/Au_cha_30233.jpg,0,0.479278564453125,3,1,0.02,0.5
/content/drive/MyDrive/CV_Project/datasets/casia2/images/CASIA2.0_revised/Au/Au_cha_30234.jpg,0,0.3994242350260417,3,1,0.02,0.5
/content/drive/MyDrive/CV_Project/datasets/casia2/images/CASIA2.0_revised/Au/Au_cha_30235.jpg,0,0.19305419921875,3,1,0.02,0.5
/content/drive/MyDrive/CV_Project/datasets/casia2/images/CASIA2.0_revised/Au/Au_cha_30236.jpg,0,0.4387308756510417,3,1,0.02,0.5
/content/drive/MyDrive/CV_Project/datasets/casia2/images/CASIA2.0_revised/Au/Au_cha_30237.jpg,0,0.1636555989583333,3,1,0.02,0.5
/content/drive/MyDrive/CV_Project/datasets/casia2/images/CASIA2.0_revised/Au/Au_cha_30238.jpg,0,0.0558675130208333,3,1,0.02,0.5
/content/drive/MyDrive/CV_Project/datasets/casia2/images/CASIA2.0_revised/Au/Au_cha_30239.jpg,0,0.0555623372395833,3,1,0.02,0.5
/content/drive/MyDrive/CV_Project/datasets/casia2/images/CASIA2.0_revised/Au/Au_cha_30240.jpg,0,0.23248291015625,3,1,0.02,0.5
/content/drive/MyDrive/CV_Project/datasets/casia2/images/CASIA2.0_revised/Au/Au_cha_30241.jpg,0,0.4897969563802083,3,1,0.02,0.5
/content/drive/MyDrive/CV_Project/datasets/casia2/images/CASIA2.0_revised/Au/Au_cha_30242.jpg,0,0.0503031412760416,3,1,0.02,0.5
/content/drive/MyDrive/CV_Project/datasets/casia2/images/CASIA2.0_revised/Au/Au_cha_30243.jpg,0,0.6842753092447916,3,1,0.02,0.5
/content/drive/MyDrive/CV_Project/datasets/casia2/images/CASIA2.0_revised/Au/Au_cha_30244.jpg,0,0.2645772298177083,3,1,0.02,0.5
/content/drive/MyDrive/CV_Project/datasets/casia2/images/CASIA2.0_revised/Au/Au_cha_30245.jpg,0,0.0,3,1,0.02,0.5
/content/drive/MyDrive/CV_Project/datasets/casia2/images/CASIA2.0_revised/Au/Au_cha_30246.jpg,0,0.0,3,1,0.02,0.5
/content/drive/MyDrive/CV_Project/datasets/casia2/images/CASIA2.0_revised/Au/Au_cha_30247.jpg,0,0.2775065104166667,3,1,0.02,0.5
/content/drive/MyDrive/CV_Project/datasets/casia2/images/CASIA2.0_revised/Au/Au_cha_30248.jpg,0,0.3353474934895833,3,1,0.02,0.5
/content/drive/MyDrive/CV_Project/datasets/casia2/images/CASIA2.0_revised/Au/Au_cha_30249.jpg,0,0.33673095703125,3,1,0.02,0.5
/content/drive/MyDrive/CV_Project/datasets/casia2/images/CASIA2.0_revised/Au/Au_cha_30250.jpg,0,0.0,3,1,0.02,0.5
/content/drive/MyDrive/CV_Project/datasets/casia2/images/CASIA2.0_revised/Au/Au_cha_30251.jpg,0,0.1983642578125,3,1,0.02,0.5
/content/drive/MyDrive/CV_Project/datasets/casia2/images/CASIA2.0_revised/Au/Au_cha_30252.jpg,0,0.1423238118489583,3,1,0.02,0.5
/content/drive/MyDrive/CV_Project/datasets/casia2/images/CASIA2.0_revised/Au/Au_cha_30253.jpg,0,0.3391825358072917,3,1,0.02,0.5
/content/drive/MyDrive/CV_Project/datasets/casia2/images/CASIA2.0_revised/Au/Au_cha_30254.jpg,0,0.240936279296875,3,1,0.02,0.5
/content/drive/MyDrive/CV_Project/datasets/casia2/images/CASIA2.0_revised/Au/Au_cha_30255.jpg,0,0.459136962890625,3,1,0.02,0.5
/content/drive/MyDrive/CV_Project/datasets/casia2/images/CASIA2.0_revised/Au/Au_cha_30256.jpg,0,0.0,3,1,0.02,0.5
/content/drive/MyDrive/CV_Project/datasets/casia2/images/CASIA2.0_revised/Au/Au_cha_30257.jpg,0,0.287933349609375,3,1,0.02,0.5
/content/drive/MyDrive/CV_Project/datasets/casia2/images/CASIA2.0_revised/Au/Au_cha_30258.jpg,0,0.20574951171875,3,1,0.02,0.5
/content/drive/MyDrive/CV_Project/datasets/casia2/images/CASIA2.0_revised/Au/Au_cha_30259.jpg,0,0.1166483561197916,3,1,0.02,0.5
/content/drive/MyDrive/CV_Project/datasets/casia2/images/CASIA2.0_revised/Au/Au_cha_30260.jpg,0,0.1111551920572916,3,1,0.02,0.5
/content/drive/MyDrive/CV_Project/datasets/casia2/images/CASIA2.0_revised/Au/Au_cha_30261.jpg,0,0.0553690592447916,3,1,0.02,0.5
/content/drive/MyDrive/CV_Project/datasets/casia2/images/CASIA2.0_revised/Au/Au_cha_30262.jpg,0,0.1085306803385416,3,1,0.02,0.5
/content/drive/MyDrive/CV_Project/datasets/casia2/images/CASIA2.0_revised/Au/Au_cha_30263.jpg,0,0.361541748046875,3,1,0.02,0.5
/content/drive/MyDrive/CV_Project/datasets/casia2/images/CASIA2.0_revised/Au/Au_cha_30264.jpg,0,0.0855204264322916,3,1,0.02,0.5
/content/drive/MyDrive/CV_Project/datasets/casia2/images/CASIA2.0_revised/Au/Au_cha_30265.jpg,0,0.7633260091145834,3,1,0.02,0.5
/content/drive/MyDrive/CV_Project/datasets/casia2/images/CASIA2.0_revised/Au/Au_cha_30266.jpg,0,0.2860616048177083,3,1,0.02,0.5
/content/drive/MyDrive/CV_Project/datasets/casia2/images/CASIA2.0_revised/Au/Au_cha_30267.jpg,0,0.2404276529947916,3,1,0.02,0.5
/content/drive/MyDrive/CV_Project/datasets/casia2/images/CASIA2.0_revised/Au/Au_cha_30268.jpg,0,0.3049214680989583,3,1,0.02,0.5
/content/drive/MyDrive/CV_Project/datasets/casia2/images/CASIA2.0_revised/Au/Au_cha_30269.jpg,0,0.9562276204427084,3,1,0.02,0.5
/content/drive/MyDrive/CV_Project/datasets/casia2/images/CASIA2.0_revised/Au/Au_cha_30270.jpg,0,0.5647379557291666,3,1,0.02,0.5
/content/drive/MyDrive/CV_Project/datasets/casia2/images/CASIA2.0_revised/Au/Au_cha_30271.jpg,0,0.6642964680989584,3,1,0.02,0.5
/content/drive/MyDrive/CV_Project/datasets/casia2/images/CASIA2.0_revised/Au/Au_cha_30272.jpg,0,0.278106689453125,3,1,0.02,0.5
/content/drive/MyDrive/CV_Project/datasets/casia2/images/CASIA2.0_revised/Au/Au_cha_30273.jpg,0,0.3334554036458333,3,1,0.02,0.5
/content/drive/MyDrive/CV_Project/datasets/casia2/images/CASIA2.0_revised/Au/Au_cha_30274.jpg,0,0.3069254557291667,3,1,0.02,0.5
/content/drive/MyDrive/CV_Project/datasets/casia2/images/CASIA2.0_revised/Au/Au_cha_30275.jpg,0,0.429473876953125,3,1,0.02,0.5
/content/drive/MyDrive/CV_Project/datasets/casia2/images/CASIA2.0_revised/Au/Au_cha_30276.jpg,0,0.5522257486979166,3,1,0.02,0.5
/content/drive/MyDrive/CV_Project/datasets/casia2/images/CASIA2.0_revised/Au/Au_cha_30277.jpg,0,0.2898050944010417,3,1,0.02,0.5
/content/drive/MyDrive/CV_Project/datasets/casia2/images/CASIA2.0_revised/Au/Au_cha_30278.jpg,0,0.4878946940104167,3,1,0.02,0.5
/content/drive/MyDrive/CV_Project/datasets/casia2/images/CASIA2.0_revised/Au/Au_cha_30279.jpg,0,0.368560791015625,3,1,0.02,0.5
/content/drive/MyDrive/CV_Project/datasets/casia2/images/CASIA2.0_revised/Au/Au_cha_30280.jpg,0,0.536651611328125,3,1,0.02,0.5
/content/drive/MyDrive/CV_Project/datasets/casia2/images/CASIA2.0_revised/Au/Au_cha_30281.jpg,0,0.5810546875,3,1,0.02,0.5
/content/drive/MyDrive/CV_Project/datasets/casia2/images/CASIA2.0_revised/Au/Au_cha_30282.jpg,0,0.1697489420572916,3,1,0.02,0.5
/content/drive/MyDrive/CV_Project/datasets/casia2/images/CASIA2.0_revised/Au/Au_cha_30283.jpg,0,0.5734456380208334,3,1,0.02,0.5
/content/drive/MyDrive/CV_Project/datasets/casia2/images/CASIA2.0_revised/Au/Au_cha_30284.jpg,0,0.3259480794270833,3,1,0.02,0.5
/content/drive/MyDrive/CV_Project/datasets/casia2/images/CASIA2.0_revised/Au/Au_cha_30285.jpg,0,0.3286946614583333,3,1,0.02,0.5
/content/drive/MyDrive/CV_Project/datasets/casia2/images/CASIA2.0_revised/Au/Au_cha_30286.jpg,0,0.3946024576822917,3,1,0.02,0.5
/content/drive/MyDrive/CV_Project/datasets/casia2/images/CASIA2.0_revised/Au/Au_cha_30287.jpg,0,0.322967529296875,3,1,0.02,0.5
/content/drive/MyDrive/CV_Project/datasets/casia2/images/CASIA2.0_revised/Au/Au_cha_30288.jpg,0,0.3158060709635417,3,1,0.02,0.5
/content/drive/MyDrive/CV_Project/datasets/casia2/images/CASIA2.0_revised/Au/Au_cha_30289.jpg,0,0.5034281412760416,3,1,0.02,0.5
/content/drive/MyDrive/CV_Project/datasets/casia2/images/CASIA2.0_revised/Au/Au_cha_30290.jpg,0,0.3186442057291667,3,1,0.02,0.5
/content/drive/MyDrive/CV_Project/datasets/casia2/images/CASIA2.0_revised/Au/Au_cha_30291.jpg,0,0.5418192545572916,3,1,0.02,0.5
/content/drive/MyDrive/CV_Project/datasets/casia2/images/CASIA2.0_revised/Au/Au_cha_30292.jpg,0,0.4239298502604167,3,1,0.02,0.5
/content/drive/MyDrive/CV_Project/datasets/casia2/images/CASIA2.0_revised/Au/Au_cha_30293.jpg,0,0.497894287109375,3,1,0.02,0.5
/content/drive/MyDrive/CV_Project/datasets/casia2/images/CASIA2.0_revised/Au/Au_cha_30294.jpg,0,0.1740519205729166,3,1,0.02,0.5
/content/drive/MyDrive/CV_Project/datasets/casia2/images/CASIA2.0_revised/Au/Au_cha_30295.jpg,0,0.5523885091145834,3,1,0.02,0.5
/content/drive/MyDrive/CV_Project/datasets/casia2/images/CASIA2.0_revised/Au/Au_cha_30296.jpg,0,0.1636962890625,3,1,0.02,0.5
/content/drive/MyDrive/CV_Project/datasets/casia2/images/CASIA2.0_revised/Au/Au_cha_30297.jpg,0,0.2637227376302083,3,1,0.02,0.5
/content/drive/MyDrive/CV_Project/datasets/casia2/images/CASIA2.0_revised/Au/Au_cha_30298.jpg,0,0.212371826171875,3,1,0.02,0.5
/content/drive/MyDrive/CV_Project/datasets/casia2/images/CASIA2.0_revised/Au/Au_cha_30299.jpg,0,0.2513936360677083,3,1,0.02,0.5
/content/drive/MyDrive/CV_Project/datasets/casia2/images/CASIA2.0_revised/Au/Au_cha_30300.jpg,0,0.684600830078125,3,1,0.02,0.5
/content/drive/MyDrive/CV_Project/datasets/casia2/images/CASIA2.0_revised/Au/Au_cha_30301.jpg,0,0.0,3,1,0.02,0.5
/content/drive/MyDrive/CV_Project/datasets/casia2/images/CASIA2.0_revised/Au/Au_cha_30302.jpg,0,0.6925150553385416,3,1,0.02,0.5
/content/drive/MyDrive/CV_Project/datasets/casia2/images/CASIA2.0_revised/Au/Au_cha_30303.jpg,0,0.5294392903645834,3,1,0.02,0.5
/content/drive/MyDrive/CV_Project/datasets/casia2/images/CASIA2.0_revised/Au/Au_cha_30304.jpg,0,0.1860249837239583,3,1,0.02,0.5
/content/drive/MyDrive/CV_Project/datasets/casia2/images/CASIA2.0_revised/Au/Au_cha_30305.jpg,0,0.2303975423177083,3,1,0.02,0.5
/content/drive/MyDrive/CV_Project/datasets/casia2/images/CASIA2.0_revised/Au/Au_cha_30306.jpg,0,0.3008321126302083,3,1,0.02,0.5
/content/drive/MyDrive/CV_Project/datasets/casia2/images/CASIA2.0_revised/Au/Au_cha_30307.jpg,0,0.300567626953125,3,1,0.02,0.5
/content/drive/MyDrive/CV_Project/datasets/casia2/images/CASIA2.0_revised/Au/Au_cha_30308.jpg,0,0.024810791015625,3,1,0.02,0.5
/content/drive/MyDrive/CV_Project/datasets/casia2/images/CASIA2.0_revised/Au/Au_cha_30309.jpg,0,0.34405517578125,3,1,0.02,0.5
/content/drive/MyDrive/CV_Project/datasets/casia2/images/CASIA2.0_revised/Au/Au_cha_30310.jpg,0,0.216064453125,3,1,0.02,0.5
/content/drive/MyDrive/CV_Project/datasets/casia2/images/CASIA2.0_revised/Au/Au_cha_30311.jpg,0,0.265472412109375,3,1,0.02,0.5
/content/drive/MyDrive/CV_Project/datasets/casia2/images/CASIA2.0_revised/Au/Au_cha_30312.jpg,0,0.44647216796875,3,1,0.02,0.5
/content/drive/MyDrive/CV_Project/datasets/casia2/images/CASIA2.0_revised/Au/Au_cha_30313.jpg,0,0.370635986328125,3,1,0.02,0.5
/content/drive/MyDrive/CV_Project/datasets/casia2/images/CASIA2.0_revised/Au/Au_cha_30314.jpg,0,0.1947224934895833,3,1,0.02,0.5
/content/drive/MyDrive/CV_Project/datasets/casia2/images/CASIA2.0_revised/Au/Au_cha_30315.jpg,0,0.6290079752604166,3,1,0.02,0.5
/content/drive/MyDrive/CV_Project/datasets/casia2/images/CASIA2.0_revised/Au/Au_cha_30316.jpg,0,0.45416259765625,3,1,0.02,0.5
/content/drive/MyDrive/CV_Project/datasets/casia2/images/CASIA2.0_revised/Au/Au_cha_30317.jpg,0,0.2487080891927083,3,1,0.02,0.5
/content/drive/MyDrive/CV_Project/datasets/casia2/images/CASIA2.0_revised/Au/Au_cha_30318.jpg,0,0.4888407389322917,3,1,0.02,0.5
/content/drive/MyDrive/CV_Project/datasets/casia2/images/CASIA2.0_revised/Au/Au_cha_30319.jpg,0,0.0,3,1,0.02,0.5
/content/drive/MyDrive/CV_Project/datasets/casia2/images/CASIA2.0_revised/Au/Au_cha_30320.jpg,0,0.1188252766927083,3,1,0.02,0.5
/content/drive/MyDrive/CV_Project/datasets/casia2/images/CASIA2.0_revised/Au/Au_cha_30321.jpg,0,0.032501220703125,3,1,0.02,0.5
/content/drive/MyDrive/CV_Project/datasets/casia2/images/CASIA2.0_revised/Au/Au_cha_30322.jpg,0,0.4378458658854167,3,1,0.02,0.5
/content/drive/MyDrive/CV_Project/datasets/casia2/images/CASIA2.0_revised/Au/Au_cha_30323.jpg,0,0.27923583984375,3,1,0.02,0.5
/content/drive/MyDrive/CV_Project/datasets/casia2/images/CASIA2.0_revised/Au/Au_cha_30324.jpg,0,0.0,3,1,0.02,0.5
/content/drive/MyDrive/CV_Project/datasets/casia2/images/CASIA2.0_revised/Au/Au_cha_30325.jpg,0,0.13214111328125,3,1,0.02,0.5
/content/drive/MyDrive/CV_Project/datasets/casia2/images/CASIA2.0_revised/Au/Au_cha_30326.jpg,0,0.0709228515625,3,1,0.02,0.5
/content/drive/MyDrive/CV_Project/datasets/casia2/images/CASIA2.0_revised/Au/Au_cha_30327.jpg,0,0.1699727376302083,3,1,0.02,0.5
/content/drive/MyDrive/CV_Project/datasets/casia2/images/CASIA2.0_revised/Au/Au_cha_30328.jpg,0,0.5102945963541666,3,1,0.02,0.5
/content/drive/MyDrive/CV_Project/datasets/casia2/images/CASIA2.0_revised/Au/Au_cha_30329.jpg,0,0.1203715006510416,3,1,0.02,0.5
/content/drive/MyDrive/CV_Project/datasets/casia2/images/CASIA2.0_revised/Au/Au_cha_30330.jpg,0,0.6084493001302084,3,1,0.02,0.5
/content/drive/MyDrive/CV_Project/datasets/casia2/images/CASIA2.0_revised/Au/Au_cha_30331.jpg,0,0.0,3,1,0.02,0.5
/content/drive/MyDrive/CV_Project/datasets/casia2/images/CASIA2.0_revised/Au/Au_cha_30332.jpg,0,0.5680338541666666,3,1,0.02,0.5
/content/drive/MyDrive/CV_Project/datasets/casia2/images/CASIA2.0_revised/Au/Au_cha_30333.jpg,0,0.4040730794270833,3,1,0.02,0.5
/content/drive/MyDrive/CV_Project/datasets/casia2/images/CASIA2.0_revised/Au/Au_cha_30334.jpg,0,0.2744547526041667,3,1,0.02,0.5
/content/drive/MyDrive/CV_Project/datasets/casia2/images/CASIA2.0_revised/Au/Au_cha_30335.jpg,0,0.6216634114583334,3,1,0.02,0.5
/content/drive/MyDrive/CV_Project/datasets/casia2/images/CASIA2.0_revised/Au/Au_cha_30336.jpg,0,0.281036376953125,3,1,0.02,0.5
/content/drive/MyDrive/CV_Project/datasets/casia2/images/CASIA2.0_revised/Au/Au_cha_30337.jpg,0,0.0610555013020833,3,1,0.02,0.5
/content/drive/MyDrive/CV_Project/datasets/casia2/images/CASIA2.0_revised/Au/Au_cha_30338.jpg,0,0.2193603515625,3,1,0.02,0.5
/content/drive/MyDrive/CV_Project/datasets/casia2/images/CASIA2.0_revised/Au/Au_cha_30339.jpg,0,0.0,3,1,0.02,0.5
/content/drive/MyDrive/CV_Project/datasets/casia2/images/CASIA2.0_revised/Au/Au_cha_30340.jpg,0,0.4727884928385417,3,1,0.02,0.5
/content/drive/MyDrive/CV_Project/datasets/casia2/images/CASIA2.0_revised/Au/Au_cha_30341.jpg,0,0.1495361328125,3,1,0.02,0.5
/content/drive/MyDrive/CV_Project/datasets/casia2/images/CASIA2.0_revised/Au/Au_cha_30342.jpg,0,0.2660929361979167,3,1,0.02,0.5
/content/drive/MyDrive/CV_Project/datasets/casia2/images/CASIA2.0_revised/Au/Au_cha_30343.jpg,0,0.4551493326822917,3,1,0.02,0.5
/content/drive/MyDrive/CV_Project/datasets/casia2/images/CASIA2.0_revised/Au/Au_cha_30344.jpg,0,0.1414286295572916,3,1,0.02,0.5
/content/drive/MyDrive/CV_Project/datasets/casia2/images/CASIA2.0_revised/Au/Au_cha_30345.jpg,0,0.4759012858072917,3,1,0.02,0.5
/content/drive/MyDrive/CV_Project/datasets/casia2/images/CASIA2.0_revised/Au/Au_cha_30346.jpg,0,0.204498291015625,3,1,0.02,0.5
/content/drive/MyDrive/CV_Project/datasets/casia2/images/CASIA2.0_revised/Au/Au_cha_30347.jpg,0,0.1756083170572916,3,1,0.02,0.5
/content/drive/MyDrive/CV_Project/datasets/casia2/images/CASIA2.0_revised/Au/Au_cha_30348.jpg,0,0.5462748209635416,3,1,0.02,0.5
/content/drive/MyDrive/CV_Project/datasets/casia2/images/CASIA2.0_revised/Au/Au_cha_30349.jpg,0,0.3485310872395833,3,1,0.02,0.5
/content/drive/MyDrive/CV_Project/datasets/casia2/images/CASIA2.0_revised/Au/Au_cha_30350.jpg,0,0.1748250325520833,3,1,0.02,0.5
/content/drive/MyDrive/CV_Project/datasets/casia2/images/CASIA2.0_revised/Au/Au_cha_30351.jpg,0,0.6702473958333334,3,1,0.02,0.5
/content/drive/MyDrive/CV_Project/datasets/casia2/images/CASIA2.0_revised/Au/Au_cha_30352.jpg,0,0.10125732421875,3,1,0.02,0.5
/content/drive/MyDrive/CV_Project/datasets/casia2/images/CASIA2.0_revised/Au/Au_cha_30353.jpg,0,0.386383056640625,3,1,0.02,0.5
/content/drive/MyDrive/CV_Project/datasets/casia2/images/CASIA2.0_revised/Au/Au_cha_30354.jpg,0,0.0,3,1,0.02,0.5
/content/drive/MyDrive/CV_Project/datasets/casia2/images/CASIA2.0_revised/Au/Au_cha_30355.jpg,0,0.0,3,1,0.02,0.5
/content/drive/MyDrive/CV_Project/datasets/casia2/images/CASIA2.0_revised/Au/Au_cha_30356.jpg,0,0.3389892578125,3,1,0.02,0.5
/content/drive/MyDrive/CV_Project/datasets/casia2/images/CASIA2.0_revised/Au/Au_cha_30357.jpg,0,0.285430908203125,3,1,0.02,0.5
/content/drive/MyDrive/CV_Project/datasets/casia2/images/CASIA2.0_revised/Au/Au_cha_30358.jpg,0,0.0844523111979166,3,1,0.02,0.5
/content/drive/MyDrive/CV_Project/datasets/casia2/images/CASIA2.0_revised/Au/Au_cha_30359.jpg,0,0.3120524088541667,3,1,0.02,0.5
/content/drive/MyDrive/CV_Project/datasets/casia2/images/CASIA2.0_revised/Au/Au_cha_30360.jpg,0,0.0889383951822916,3,1,0.02,0.5
/content/drive/MyDrive/CV_Project/datasets/casia2/images/CASIA2.0_revised/Au/Au_cha_30361.jpg,0,0.099700927734375,3,1,0.02,0.5
/content/drive/MyDrive/CV_Project/datasets/casia2/images/CASIA2.0_revised/Au/Au_cha_30362.jpg,0,0.1736958821614583,3,1,0.02,0.5
/content/drive/MyDrive/CV_Project/datasets/casia2/images/CASIA2.0_revised/Au/Au_cha_30363.jpg,0,0.117828369140625,3,1,0.02,0.5
/content/drive/MyDrive/CV_Project/datasets/casia2/images/CASIA2.0_revised/Au/Au_cha_30364.jpg,0,0.331939697265625,3,1,0.02,0.5
/content/drive/MyDrive/CV_Project/datasets/casia2/images/CASIA2.0_revised/Au/Au_cha_30365.jpg,0,0.0,3,1,0.02,0.5
/content/drive/MyDrive/CV_Project/datasets/casia2/images/CASIA2.0_revised/Au/Au_cha_30366.jpg,0,0.0507303873697916,3,1,0.02,0.5
/content/drive/MyDrive/CV_Project/datasets/casia2/images/CASIA2.0_revised/Au/Au_cha_30367.jpg,0,0.5047403971354166,3,1,0.02,0.5
/content/drive/MyDrive/CV_Project/datasets/casia2/images/CASIA2.0_revised/Au/Au_cha_30368.jpg,0,0.0953470865885416,3,1,0.02,0.5
/content/drive/MyDrive/CV_Project/datasets/casia2/images/CASIA2.0_revised/Au/Au_cha_30369.jpg,0,0.2454020182291666,3,1,0.02,0.5
/content/drive/MyDrive/CV_Project/datasets/casia2/images/CASIA2.0_revised/Au/Au_cha_30370.jpg,0,0.1543172200520833,3,1,0.02,0.5
/content/drive/MyDrive/CV_Project/datasets/casia2/images/CASIA2.0_revised/Au/Au_cha_30371.jpg,0,0.0366109212239583,3,1,0.02,0.5
/content/drive/MyDrive/CV_Project/datasets/casia2/images/CASIA2.0_revised/Au/Au_cha_30372.jpg,0,0.1332194010416666,3,1,0.02,0.5
/content/drive/MyDrive/CV_Project/datasets/casia2/images/CASIA2.0_revised/Au/Au_cha_30373.jpg,0,0.0,3,1,0.02,0.5
/content/drive/MyDrive/CV_Project/datasets/casia2/images/CASIA2.0_revised/Au/Au_cha_30374.jpg,0,0.0401814778645833,3,1,0.02,0.5
/content/drive/MyDrive/CV_Project/datasets/casia2/images/CASIA2.0_revised/Au/Au_cha_30375.jpg,0,0.7335205078125,3,1,0.02,0.5
/content/drive/MyDrive/CV_Project/datasets/casia2/images/CASIA2.0_revised/Au/Au_cha_30376.jpg,0,0.2676493326822917,3,1,0.02,0.5
/content/drive/MyDrive/CV_Project/datasets/casia2/images/CASIA2.0_revised/Au/Au_cha_30377.jpg,0,0.4314676920572917,3,1,0.02,0.5
/content/drive/MyDrive/CV_Project/datasets/casia2/images/CASIA2.0_revised/Au/Au_cha_30378.jpg,0,0.0,3,1,0.02,0.5
/content/drive/MyDrive/CV_Project/datasets/casia2/images/CASIA2.0_revised/Au/Au_cha_30379.jpg,0,0.2054443359375,3,1,0.02,0.5
/content/drive/MyDrive/CV_Project/datasets/casia2/images/CASIA2.0_revised/Au/Au_cha_30380.jpg,0,0.0535990397135416,3,1,0.02,0.5
/content/drive/MyDrive/CV_Project/datasets/casia2/images/CASIA2.0_revised/Au/Au_cha_30381.jpg,0,0.1025187174479166,3,1,0.02,0.5
/content/drive/MyDrive/CV_Project/datasets/casia2/images/CASIA2.0_revised/Au/Au_cha_30382.jpg,0,0.0242818196614583,3,1,0.02,0.5
/content/drive/MyDrive/CV_Project/datasets/casia2/images/CASIA2.0_revised/Au/Au_cha_30383.jpg,0,0.4025472005208333,3,1,0.02,0.5
/content/drive/MyDrive/CV_Project/datasets/casia2/images/CASIA2.0_revised/Au/Au_cha_30384.jpg,0,0.08758544921875,3,1,0.02,0.5
/content/drive/MyDrive/CV_Project/datasets/casia2/images/CASIA2.0_revised/Au/Au_cha_30385.jpg,0,0.3707173665364583,3,1,0.02,0.5
/content/drive/MyDrive/CV_Project/datasets/casia2/images/CASIA2.0_revised/Au/Au_cha_30386.jpg,0,0.18682861328125,3,1,0.02,0.5
/content/drive/MyDrive/CV_Project/datasets/casia2/images/CASIA2.0_revised/Au/Au_cha_30387.jpg,0,0.2219034830729166,3,1,0.02,0.5
/content/drive/MyDrive/CV_Project/datasets/casia2/images/CASIA2.0_revised/Au/Au_cha_30388.jpg,0,0.0538126627604166,3,1,0.02,0.5
/content/drive/MyDrive/CV_Project/datasets/casia2/images/CASIA2.0_revised/Au/Au_cha_30389.jpg,0,0.110198974609375,3,1,0.02,0.5
/content/drive/MyDrive/CV_Project/datasets/casia2/images/CASIA2.0_revised/Au/Au_cha_30390.jpg,0,0.4657185872395833,3,1,0.02,0.5
/content/drive/MyDrive/CV_Project/datasets/casia2/images/CASIA2.0_revised/Au/Au_cha_30391.jpg,0,0.0,3,1,0.02,0.5
/content/drive/MyDrive/CV_Project/datasets/casia2/images/CASIA2.0_revised/Au/Au_cha_30392.jpg,0,0.2188008626302083,3,1,0.02,0.5
/content/drive/MyDrive/CV_Project/datasets/casia2/images/CASIA2.0_revised/Au/Au_cha_30393.jpg,0,0.38421630859375,3,1,0.02,0.5
/content/drive/MyDrive/CV_Project/datasets/casia2/images/CASIA2.0_revised/Au/Au_cha_30394.jpg,0,0.4931437174479167,3,1,0.02,0.5
/content/drive/MyDrive/CV_Project/datasets/casia2/images/CASIA2.0_revised/Au/Au_cha_30395.jpg,0,0.2897542317708333,3,1,0.02,0.5
/content/drive/MyDrive/CV_Project/datasets/casia2/images/CASIA2.0_revised/Au/Au_cha_30396.jpg,0,0.0667317708333333,3,1,0.02,0.5
/content/drive/MyDrive/CV_Project/datasets/casia2/images/CASIA2.0_revised/Au/Au_cha_30397.jpg,0,0.0,3,1,0.02,0.5
/content/drive/MyDrive/CV_Project/datasets/casia2/images/CASIA2.0_revised/Au/Au_cha_30398.jpg,0,0.186370849609375,3,1,0.02,0.5
/content/drive/MyDrive/CV_Project/datasets/casia2/images/CASIA2.0_revised/Au/Au_cha_30399.jpg,0,0.391754150390625,3,1,0.02,0.5
/content/drive/MyDrive/CV_Project/datasets/casia2/images/CASIA2.0_revised/Au/Au_cha_30400.jpg,0,0.3875732421875,3,1,0.02,0.5
/content/drive/MyDrive/CV_Project/datasets/casia2/images/CASIA2.0_revised/Au/Au_cha_30401.jpg,0,0.5662434895833334,3,1,0.02,0.5
/content/drive/MyDrive/CV_Project/datasets/casia2/images/CASIA2.0_revised/Au/Au_cha_30402.jpg,0,0.433135986328125,3,1,0.02,0.5
/content/drive/MyDrive/CV_Project/datasets/casia2/images/CASIA2.0_revised/Au/Au_cha_30403.jpg,0,0.2614949544270833,3,1,0.02,0.5
/content/drive/MyDrive/CV_Project/datasets/casia2/images/CASIA2.0_revised/Au/Au_cha_30404.jpg,0,0.0,3,1,0.02,0.5
/content/drive/MyDrive/CV_Project/datasets/casia2/images/CASIA2.0_revised/Au/Au_cha_30405.jpg,0,0.1436055501302083,3,1,0.02,0.5
/content/drive/MyDrive/CV_Project/datasets/casia2/images/CASIA2.0_revised/Au/Au_cha_30406.jpg,0,0.2888387044270833,3,1,0.02,0.5
/content/drive/MyDrive/CV_Project/datasets/casia2/images/CASIA2.0_revised/Au/Au_cha_30407.jpg,0,0.1328938802083333,3,1,0.02,0.5
/content/drive/MyDrive/CV_Project/datasets/casia2/images/CASIA2.0_revised/Au/Au_cha_30408.jpg,0,0.0248006184895833,3,1,0.02,0.5
/content/drive/MyDrive/CV_Project/datasets/casia2/images/CASIA2.0_revised/Au/Au_cha_30409.jpg,0,0.0,3,1,0.02,0.5
/content/drive/MyDrive/CV_Project/datasets/casia2/images/CASIA2.0_revised/Au/Au_cha_30410.jpg,0,0.1957804361979166,3,1,0.02,0.5
/content/drive/MyDrive/CV_Project/datasets/casia2/images/CASIA2.0_revised/Au/Au_cha_30411.jpg,0,0.1623738606770833,3,1,0.02,0.5
/content/drive/MyDrive/CV_Project/datasets/casia2/images/CASIA2.0_revised/Au/Au_cha_30412.jpg,0,0.389556884765625,3,1,0.02,0.5
/content/drive/MyDrive/CV_Project/datasets/casia2/images/CASIA2.0_revised/Au/Au_cha_30413.jpg,0,0.0,3,1,0.02,0.5
/content/drive/MyDrive/CV_Project/datasets/casia2/images/CASIA2.0_revised/Au/Au_cha_30414.jpg,0,0.2734476725260417,3,1,0.02,0.5
/content/drive/MyDrive/CV_Project/datasets/casia2/images/CASIA2.0_revised/Au/Au_cha_30415.jpg,0,0.398956298828125,3,1,0.02,0.5
/content/drive/MyDrive/CV_Project/datasets/casia2/images/CASIA2.0_revised/Au/Au_cha_30416.jpg,0,0.531219482421875,3,1,0.02,0.5
/content/drive/MyDrive/CV_Project/datasets/casia2/images/CASIA2.0_revised/Au/Au_cha_30417.jpg,0,0.2955220540364583,3,1,0.02,0.5
/content/drive/MyDrive/CV_Project/datasets/casia2/images/CASIA2.0_revised/Au/Au_cha_30418.jpg,0,0.1840616861979166,3,1,0.02,0.5
/content/drive/MyDrive/CV_Project/datasets/casia2/images/CASIA2.0_revised/Au/Au_cha_30419.jpg,0,0.486328125,3,1,0.02,0.5
/content/drive/MyDrive/CV_Project/datasets/casia2/images/CASIA2.0_revised/Au/Au_cha_30420.jpg,0,0.149993896484375,3,1,0.02,0.5
/content/drive/MyDrive/CV_Project/datasets/casia2/images/CASIA2.0_revised/Au/Au_cha_30421.jpg,0,0.3192952473958333,3,1,0.02,0.5
/content/drive/MyDrive/CV_Project/datasets/casia2/images/CASIA2.0_revised/Au/Au_cha_30422.jpg,0,0.7478535970052084,3,1,0.02,0.5
/content/drive/MyDrive/CV_Project/datasets/casia2/images/CASIA2.0_revised/Au/Au_cha_30423.jpg,0,0.7950439453125,3,1,0.02,0.5
/content/drive/MyDrive/CV_Project/datasets/casia2/images/CASIA2.0_revised/Au/Au_cha_30424.jpg,0,0.3975626627604167,3,1,0.02,0.5
/content/drive/MyDrive/CV_Project/datasets/casia2/images/CASIA2.0_revised/Au/Au_cha_30425.jpg,0,0.1820576985677083,3,1,0.02,0.5
/content/drive/MyDrive/CV_Project/datasets/casia2/images/CASIA2.0_revised/Au/Au_cha_30426.jpg,0,0.6797993977864584,3,1,0.02,0.5
/content/drive/MyDrive/CV_Project/datasets/casia2/images/CASIA2.0_revised/Au/Au_cha_30427.jpg,0,0.29998779296875,3,1,0.02,0.5
/content/drive/MyDrive/CV_Project/datasets/casia2/images/CASIA2.0_revised/Au/Au_cha_30428.jpg,0,0.4029032389322917,3,1,0.02,0.5
/content/drive/MyDrive/CV_Project/datasets/casia2/images/CASIA2.0_revised/Au/Au_cha_30429.jpg,0,0.724212646484375,3,1,0.02,0.5
/content/drive/MyDrive/CV_Project/datasets/casia2/images/CASIA2.0_revised/Au/Au_cha_30430.jpg,0,0.3695882161458333,3,1,0.02,0.5
/content/drive/MyDrive/CV_Project/datasets/casia2/images/CASIA2.0_revised/Au/Au_cha_30431.jpg,0,0.5812276204427084,3,1,0.02,0.5
/content/drive/MyDrive/CV_Project/datasets/casia2/images/CASIA2.0_revised/Au/Au_cha_30432.jpg,0,0.61981201171875,3,1,0.02,0.5
/content/drive/MyDrive/CV_Project/datasets/casia2/images/CASIA2.0_revised/Au/Au_cha_30433.jpg,0,0.3394571940104167,3,1,0.02,0.5
/content/drive/MyDrive/CV_Project/datasets/casia2/images/CASIA2.0_revised/Au/Au_cha_30434.jpg,0,0.2203267415364583,3,1,0.02,0.5
/content/drive/MyDrive/CV_Project/datasets/casia2/images/CASIA2.0_revised/Au/Au_cha_30435.jpg,0,0.7833964029947916,3,1,0.02,0.5
/content/drive/MyDrive/CV_Project/datasets/casia2/images/CASIA2.0_revised/Au/Au_cha_30436.jpg,0,0.6958516438802084,3,1,0.02,0.5
/content/drive/MyDrive/CV_Project/datasets/casia2/images/CASIA2.0_revised/Au/Au_cha_30437.jpg,0,0.5121053059895834,3,1,0.02,0.5
/content/drive/MyDrive/CV_Project/datasets/casia2/images/CASIA2.0_revised/Au/Au_cha_30438.jpg,0,0.2744954427083333,3,1,0.02,0.5
/content/drive/MyDrive/CV_Project/datasets/casia2/images/CASIA2.0_revised/Au/Au_cha_30439.jpg,0,0.1613362630208333,3,1,0.02,0.5
/content/drive/MyDrive/CV_Project/datasets/casia2/images/CASIA2.0_revised/Au/Au_cha_30440.jpg,0,0.0,3,1,0.02,0.5
/content/drive/MyDrive/CV_Project/datasets/casia2/images/CASIA2.0_revised/Au/Au_cha_30441.jpg,0,0.0371907552083333,3,1,0.02,0.5
/content/drive/MyDrive/CV_Project/datasets/casia2/images/CASIA2.0_revised/Au/Au_cha_30442.jpg,0,0.1350504557291666,3,1,0.02,0.5
/content/drive/MyDrive/CV_Project/datasets/casia2/images/CASIA2.0_revised/Au/Au_cha_30443.jpg,0,0.0,3,1,0.02,0.5
/content/drive/MyDrive/CV_Project/datasets/casia2/images/CASIA2.0_revised/Au/Au_cha_30444.jpg,0,0.5509440104166666,3,1,0.02,0.5
/content/drive/MyDrive/CV_Project/datasets/casia2/images/CASIA2.0_revised/Au/Au_cha_30445.jpg,0,0.0,3,1,0.02,0.5
/content/drive/MyDrive/CV_Project/datasets/casia2/images/CASIA2.0_revised/Au/Au_cha_30446.jpg,0,0.529144287109375,3,1,0.02,0.5
/content/drive/MyDrive/CV_Project/datasets/casia2/images/CASIA2.0_revised/Au/Au_cha_30447.jpg,0,0.3443196614583333,3,1,0.02,0.5
/content/drive/MyDrive/CV_Project/datasets/casia2/images/CASIA2.0_revised/Au/Au_cha_30448.jpg,0,0.542724609375,3,1,0.02,0.5
/content/drive/MyDrive/CV_Project/datasets/casia2/images/CASIA2.0_revised/Au/Au_cha_30449.jpg,0,0.2962849934895833,3,1,0.02,0.5
/content/drive/MyDrive/CV_Project/datasets/casia2/images/CASIA2.0_revised/Au/Au_cha_30450.jpg,0,0.0,3,1,0.02,0.5
/content/drive/MyDrive/CV_Project/datasets/casia2/images/CASIA2.0_revised/Au/Au_cha_30451.jpg,0,0.18218994140625,3,1,0.02,0.5
/content/drive/MyDrive/CV_Project/datasets/casia2/images/CASIA2.0_revised/Au/Au_cha_30452.jpg,0,0.7162882486979166,3,1,0.02,0.5
/content/drive/MyDrive/CV_Project/datasets/casia2/images/CASIA2.0_revised/Au/Au_cha_30453.jpg,0,0.144256591796875,3,1,0.02,0.5
/content/drive/MyDrive/CV_Project/datasets/casia2/images/CASIA2.0_revised/Au/Au_cha_30454.jpg,0,0.4338277180989583,3,1,0.02,0.5
/content/drive/MyDrive/CV_Project/datasets/casia2/images/CASIA2.0_revised/Au/Au_cha_30455.jpg,0,0.25274658203125,3,1,0.02,0.5
/content/drive/MyDrive/CV_Project/datasets/casia2/images/CASIA2.0_revised/Au/Au_cha_30456.jpg,0,0.52850341796875,3,1,0.02,0.5
/content/drive/MyDrive/CV_Project/datasets/casia2/images/CASIA2.0_revised/Au/Au_cha_30457.jpg,0,0.6067301432291666,3,1,0.02,0.5
/content/drive/MyDrive/CV_Project/datasets/casia2/images/CASIA2.0_revised/Au/Au_cha_30458.jpg,0,0.7881673177083334,3,1,0.02,0.5
/content/drive/MyDrive/CV_Project/datasets/casia2/images/CASIA2.0_revised/Au/Au_cha_30459.jpg,0,0.5356343587239584,3,1,0.02,0.5
/content/drive/MyDrive/CV_Project/datasets/casia2/images/CASIA2.0_revised/Au/Au_cha_30460.jpg,0,0.230438232421875,3,1,0.02,0.5
/content/drive/MyDrive/CV_Project/datasets/casia2/images/CASIA2.0_revised/Au/Au_cha_30461.jpg,0,0.2560831705729167,3,1,0.02,0.5
/content/drive/MyDrive/CV_Project/datasets/casia2/images/CASIA2.0_revised/Au/Au_cha_30462.jpg,0,0.7233378092447916,3,1,0.02,0.5
/content/drive/MyDrive/CV_Project/datasets/casia2/images/CASIA2.0_revised/Au/Au_cha_30463.jpg,0,0.1343892415364583,3,1,0.02,0.5
/content/drive/MyDrive/CV_Project/datasets/casia2/images/CASIA2.0_revised/Au/Au_cha_30464.jpg,0,0.5576273600260416,3,1,0.02,0.5
/content/drive/MyDrive/CV_Project/datasets/casia2/images/CASIA2.0_revised/Au/Au_cha_30465.jpg,0,0.0971171061197916,3,1,0.02,0.5
/content/drive/MyDrive/CV_Project/datasets/casia2/images/CASIA2.0_revised/Au/Au_cha_30466.jpg,0,0.1616312662760416,3,1,0.02,0.5
/content/drive/MyDrive/CV_Project/datasets/casia2/images/CASIA2.0_revised/Au/Au_cha_30467.jpg,0,0.0,3,1,0.02,0.5
/content/drive/MyDrive/CV_Project/datasets/casia2/images/CASIA2.0_revised/Au/Au_cha_30468.jpg,0,0.673858642578125,3,1,0.02,0.5
/content/drive/MyDrive/CV_Project/datasets/casia2/images/CASIA2.0_revised/Au/Au_cha_30469.jpg,0,0.3621114095052083,3,1,0.02,0.5
/content/drive/MyDrive/CV_Project/datasets/casia2/images/CASIA2.0_revised/Au/Au_cha_30470.jpg,0,0.0,3,1,0.02,0.5
/content/drive/MyDrive/CV_Project/datasets/casia2/images/CASIA2.0_revised/Au/Au_cha_30471.jpg,0,0.5595906575520834,3,1,0.02,0.5
/content/drive/MyDrive/CV_Project/datasets/casia2/images/CASIA2.0_revised/Au/Au_cha_30472.jpg,0,0.0659383138020833,3,1,0.02,0.5
/content/drive/MyDrive/CV_Project/datasets/casia2/images/CASIA2.0_revised/Au/Au_cha_30473.jpg,0,0.7535603841145834,3,1,0.02,0.5
/content/drive/MyDrive/CV_Project/datasets/casia2/images/CASIA2.0_revised/Au/Au_cha_30474.jpg,0,0.0,3,1,0.02,0.5
/content/drive/MyDrive/CV_Project/datasets/casia2/images/CASIA2.0_revised/Au/Au_cha_30475.jpg,0,0.0,3,1,0.02,0.5
/content/drive/MyDrive/CV_Project/datasets/casia2/images/CASIA2.0_revised/Au/Au_cha_30476.jpg,0,0.7553609212239584,3,1,0.02,0.5
/content/drive/MyDrive/CV_Project/datasets/casia2/images/CASIA2.0_revised/Au/Au_cha_30477.jpg,0,0.285400390625,3,1,0.02,0.5
/content/drive/MyDrive/CV_Project/datasets/casia2/images/CASIA2.0_revised/Au/Au_cha_30478.jpg,0,0.5896402994791666,3,1,0.02,0.5
/content/drive/MyDrive/CV_Project/datasets/casia2/images/CASIA2.0_revised/Au/Au_cha_30479.jpg,0,0.4992472330729167,3,1,0.02,0.5
/content/drive/MyDrive/CV_Project/datasets/casia2/images/CASIA2.0_revised/Au/Au_cha_30480.jpg,0,0.1072285970052083,3,1,0.02,0.5
/content/drive/MyDrive/CV_Project/datasets/casia2/images/CASIA2.0_revised/Au/Au_cha_30481.jpg,0,0.6572265625,3,1,0.02,0.5
/content/drive/MyDrive/CV_Project/datasets/casia2/images/CASIA2.0_revised/Au/Au_cha_30482.jpg,0,0.5518086751302084,3,1,0.02,0.5
/content/drive/MyDrive/CV_Project/datasets/casia2/images/CASIA2.0_revised/Au/Au_cha_30483.jpg,0,0.1386922200520833,3,1,0.02,0.5
/content/drive/MyDrive/CV_Project/datasets/casia2/images/CASIA2.0_revised/Au/Au_cha_30484.jpg,0,0.6921488444010416,3,1,0.02,0.5
/content/drive/MyDrive/CV_Project/datasets/casia2/images/CASIA2.0_revised/Au/Au_cha_30485.jpg,0,0.5336812337239584,3,1,0.02,0.5
/content/drive/MyDrive/CV_Project/datasets/casia2/images/CASIA2.0_revised/Au/Au_cha_30486.jpg,0,0.30517578125,3,1,0.02,0.5
/content/drive/MyDrive/CV_Project/datasets/casia2/images/CASIA2.0_revised/Au/Au_cha_30487.jpg,0,0.2208760579427083,3,1,0.02,0.5
/content/drive/MyDrive/CV_Project/datasets/casia2/images/CASIA2.0_revised/Au/Au_cha_30488.jpg,0,0.5284932454427084,3,1,0.02,0.5
/content/drive/MyDrive/CV_Project/datasets/casia2/images/CASIA2.0_revised/Au/Au_cha_30489.jpg,0,0.6195170084635416,3,1,0.02,0.5
/content/drive/MyDrive/CV_Project/datasets/casia2/images/CASIA2.0_revised/Au/Au_cha_30490.jpg,0,0.1790669759114583,3,1,0.02,0.5
/content/drive/MyDrive/CV_Project/datasets/casia2/images/CASIA2.0_revised/Au/Au_cha_30491.jpg,0,0.4073384602864583,3,1,0.02,0.5
/content/drive/MyDrive/CV_Project/datasets/casia2/images/CASIA2.0_revised/Au/Au_cha_30492.jpg,0,0.1025187174479166,3,1,0.02,0.5
/content/drive/MyDrive/CV_Project/datasets/casia2/images/CASIA2.0_revised/Au/Au_cha_30493.jpg,0,0.3129781087239583,3,1,0.02,0.5
/content/drive/MyDrive/CV_Project/datasets/casia2/images/CASIA2.0_revised/Au/Au_cha_30494.jpg,0,0.1628519694010416,3,1,0.02,0.5
/content/drive/MyDrive/CV_Project/datasets/casia2/images/CASIA2.0_revised/Au/Au_cha_30495.jpg,0,0.5813802083333334,3,1,0.02,0.5
/content/drive/MyDrive/CV_Project/datasets/casia2/images/CASIA2.0_revised/Au/Au_cha_30496.jpg,0,0.6670735677083334,3,1,0.02,0.5
/content/drive/MyDrive/CV_Project/datasets/casia2/images/CASIA2.0_revised/Au/Au_cha_30497.jpg,0,0.469940185546875,3,1,0.02,0.5
/content/drive/MyDrive/CV_Project/datasets/casia2/images/CASIA2.0_revised/Au/Au_cha_30498.jpg,0,0.04779052734375,3,1,0.02,0.5
/content/drive/MyDrive/CV_Project/datasets/casia2/images/CASIA2.0_revised/Au/Au_cha_30499.jpg,0,0.475128173828125,3,1,0.02,0.5
/content/drive/MyDrive/CV_Project/datasets/casia2/images/CASIA2.0_revised/Au/Au_cha_30500.jpg,0,0.4645487467447917,3,1,0.02,0.5
/content/drive/MyDrive/CV_Project/datasets/casia2/images/CASIA2.0_revised/Au/Au_cha_30501.jpg,0,0.444671630859375,3,1,0.02,0.5
/content/drive/MyDrive/CV_Project/datasets/casia2/images/CASIA2.0_revised/Au/Au_cha_30502.jpg,0,0.235015869140625,3,1,0.02,0.5
/content/drive/MyDrive/CV_Project/datasets/casia2/images/CASIA2.0_revised/Au/Au_cha_30503.jpg,0,0.277618408203125,3,1,0.02,0.5
/content/drive/MyDrive/CV_Project/datasets/casia2/images/CASIA2.0_revised/Au/Au_cha_30504.jpg,0,0.4844563802083333,3,1,0.02,0.5
/content/drive/MyDrive/CV_Project/datasets/casia2/images/CASIA2.0_revised/Au/Au_cha_30505.jpg,0,0.1266276041666666,3,1,0.02,0.5
/content/drive/MyDrive/CV_Project/datasets/casia2/images/CASIA2.0_revised/Au/Au_cha_30506.jpg,0,0.281097412109375,3,1,0.02,0.5
/content/drive/MyDrive/CV_Project/datasets/casia2/images/CASIA2.0_revised/Au/Au_cha_30507.jpg,0,0.1203409830729166,3,1,0.02,0.5
/content/drive/MyDrive/CV_Project/datasets/casia2/images/CASIA2.0_revised/Au/Au_cha_30508.jpg,0,0.03515625,3,1,0.02,0.5
/content/drive/MyDrive/CV_Project/datasets/casia2/images/CASIA2.0_revised/Au/Au_cha_30509.jpg,0,0.3726704915364583,3,1,0.02,0.5
/content/drive/MyDrive/CV_Project/datasets/casia2/images/CASIA2.0_revised/Au/Au_cha_30510.jpg,0,0.0831400553385416,3,1,0.02,0.5
/content/drive/MyDrive/CV_Project/datasets/casia2/images/CASIA2.0_revised/Au/Au_cha_30511.jpg,0,0.024871826171875,3,1,0.02,0.5
/content/drive/MyDrive/CV_Project/datasets/casia2/images/CASIA2.0_revised/Au/Au_cha_30512.jpg,0,0.1746826171875,3,1,0.02,0.5
/content/drive/MyDrive/CV_Project/datasets/casia2/images/CASIA2.0_revised/Au/Au_cha_30513.jpg,0,0.6234130859375,3,1,0.02,0.5
/content/drive/MyDrive/CV_Project/datasets/casia2/images/CASIA2.0_revised/Au/Au_cha_30514.jpg,0,0.205169677734375,3,1,0.02,0.5
/content/drive/MyDrive/CV_Project/datasets/casia2/images/CASIA2.0_revised/Au/Au_cha_30515.jpg,0,0.0,3,1,0.02,0.5
/content/drive/MyDrive/CV_Project/datasets/casia2/images/CASIA2.0_revised/Au/Au_cha_30516.jpg,0,0.764068603515625,3,1,0.02,0.5
/content/drive/MyDrive/CV_Project/datasets/casia2/images/CASIA2.0_revised/Au/Au_cha_30517.jpg,0,0.7226460774739584,3,1,0.02,0.5
/content/drive/MyDrive/CV_Project/datasets/casia2/images/CASIA2.0_revised/Au/Au_cha_30518.jpg,0,0.138519287109375,3,1,0.02,0.5
/content/drive/MyDrive/CV_Project/datasets/casia2/images/CASIA2.0_revised/Au/Au_cha_30519.jpg,0,0.0419514973958333,3,1,0.02,0.5
/content/drive/MyDrive/CV_Project/datasets/casia2/images/CASIA2.0_revised/Au/Au_cha_30520.jpg,0,0.0635172526041666,3,1,0.02,0.5
/content/drive/MyDrive/CV_Project/datasets/casia2/images/CASIA2.0_revised/Au/Au_cha_30521.jpg,0,0.6206766764322916,3,1,0.02,0.5
/content/drive/MyDrive/CV_Project/datasets/casia2/images/CASIA2.0_revised/Au/Au_cha_30522.jpg,0,0.09783935546875,3,1,0.02,0.5
/content/drive/MyDrive/CV_Project/datasets/casia2/images/CASIA2.0_revised/Au/Au_cha_30523.jpg,0,0.2611490885416667,3,1,0.02,0.5
/content/drive/MyDrive/CV_Project/datasets/casia2/images/CASIA2.0_revised/Au/Au_cha_30524.jpg,0,0.1067301432291666,3,1,0.02,0.5
/content/drive/MyDrive/CV_Project/datasets/casia2/images/CASIA2.0_revised/Au/Au_cha_30525.jpg,0,0.0550638834635416,3,1,0.02,0.5
/content/drive/MyDrive/CV_Project/datasets/casia2/images/CASIA2.0_revised/Au/Au_cha_30526.jpg,0,0.5157063802083334,3,1,0.02,0.5
/content/drive/MyDrive/CV_Project/datasets/casia2/images/CASIA2.0_revised/Au/Au_cha_30527.jpg,0,0.131256103515625,3,1,0.02,0.5
/content/drive/MyDrive/CV_Project/datasets/casia2/images/CASIA2.0_revised/Au/Au_cha_30528.jpg,0,0.0783487955729166,3,1,0.02,0.5
/content/drive/MyDrive/CV_Project/datasets/casia2/images/CASIA2.0_revised/Au/Au_cha_30529.jpg,0,0.2791748046875,3,1,0.02,0.5
/content/drive/MyDrive/CV_Project/datasets/casia2/images/CASIA2.0_revised/Au/Au_cha_30530.jpg,0,0.1654459635416666,3,1,0.02,0.5
/content/drive/MyDrive/CV_Project/datasets/casia2/images/CASIA2.0_revised/Au/Au_cha_30531.jpg,0,0.365631103515625,3,1,0.02,0.5
/content/drive/MyDrive/CV_Project/datasets/casia2/images/CASIA2.0_revised/Au/Au_cha_30532.jpg,0,0.5847066243489584,3,1,0.02,0.5
/content/drive/MyDrive/CV_Project/datasets/casia2/images/CASIA2.0_revised/Au/Au_cha_30533.jpg,0,0.0,3,1,0.02,0.5
/content/drive/MyDrive/CV_Project/datasets/casia2/images/CASIA2.0_revised/Au/Au_cha_30534.jpg,0,0.0,3,1,0.02,0.5
/content/drive/MyDrive/CV_Project/datasets/casia2/images/CASIA2.0_revised/Au/Au_cha_30535.jpg,0,0.1253763834635416,3,1,0.02,0.5
/content/drive/MyDrive/CV_Project/datasets/casia2/images/CASIA2.0_revised/Au/Au_cha_30536.jpg,0,0.3970947265625,3,1,0.02,0.5
/content/drive/MyDrive/CV_Project/datasets/casia2/images/CASIA2.0_revised/Au/Au_cha_30537.jpg,0,0.6411946614583334,3,1,0.02,0.5
/content/drive/MyDrive/CV_Project/datasets/casia2/images/CASIA2.0_revised/Au/Au_cha_30538.jpg,0,0.0,3,1,0.02,0.5
/content/drive/MyDrive/CV_Project/datasets/casia2/images/CASIA2.0_revised/Au/Au_cha_30539.jpg,0,0.0958658854166666,3,1,0.02,0.5
/content/drive/MyDrive/CV_Project/datasets/casia2/images/CASIA2.0_revised/Au/Au_cha_30540.jpg,0,0.086761474609375,3,1,0.02,0.5
/content/drive/MyDrive/CV_Project/datasets/casia2/images/CASIA2.0_revised/Au/Au_cha_30541.jpg,0,0.1107686360677083,3,1,0.02,0.5
/content/drive/MyDrive/CV_Project/datasets/casia2/images/CASIA2.0_revised/Au/Au_cha_30542.jpg,0,0.2933858235677083,3,1,0.02,0.5
/content/drive/MyDrive/CV_Project/datasets/casia2/images/CASIA2.0_revised/Au/Au_cha_30543.jpg,0,0.0,3,1,0.02,0.5
/content/drive/MyDrive/CV_Project/datasets/casia2/images/CASIA2.0_revised/Au/Au_cha_30544.jpg,0,0.2656656901041667,3,1,0.02,0.5
/content/drive/MyDrive/CV_Project/datasets/casia2/images/CASIA2.0_revised/Au/Au_cha_30545.jpg,0,0.0658365885416666,3,1,0.02,0.5
/content/drive/MyDrive/CV_Project/datasets/casia2/images/CASIA2.0_revised/Au/Au_cha_30546.jpg,0,0.747161865234375,3,1,0.02,0.5
/content/drive/MyDrive/CV_Project/datasets/casia2/images/CASIA2.0_revised/Au/Au_cha_30547.jpg,0,0.4026387532552083,3,1,0.02,0.5
/content/drive/MyDrive/CV_Project/datasets/casia2/images/CASIA2.0_revised/Au/Au_cha_30548.jpg,0,0.1824747721354166,3,1,0.02,0.5
/content/drive/MyDrive/CV_Project/datasets/casia2/images/CASIA2.0_revised/Au/Au_cha_30549.jpg,0,0.3638916015625,3,1,0.02,0.5
/content/drive/MyDrive/CV_Project/datasets/casia2/images/CASIA2.0_revised/Au/Au_cha_30550.jpg,0,0.0,3,1,0.02,0.5
/content/drive/MyDrive/CV_Project/datasets/casia2/images/CASIA2.0_revised/Au/Au_cha_30551.jpg,0,0.3289896647135417,3,1,0.02,0.5
/content/drive/MyDrive/CV_Project/datasets/casia2/images/CASIA2.0_revised/Au/Au_cha_30552.jpg,0,0.2018941243489583,3,1,0.02,0.5
/content/drive/MyDrive/CV_Project/datasets/casia2/images/CASIA2.0_revised/Au/Au_cha_30553.jpg,0,0.502532958984375,3,1,0.02,0.5
/content/drive/MyDrive/CV_Project/datasets/casia2/images/CASIA2.0_revised/Au/Au_cha_30554.jpg,0,0.2707722981770833,3,1,0.02,0.5
/content/drive/MyDrive/CV_Project/datasets/casia2/images/CASIA2.0_revised/Au/Au_cha_30555.jpg,0,0.47210693359375,3,1,0.02,0.5
/content/drive/MyDrive/CV_Project/datasets/casia2/images/CASIA2.0_revised/Au/Au_cha_30556.jpg,0,0.0292867024739583,3,1,0.02,0.5
/content/drive/MyDrive/CV_Project/datasets/casia2/images/CASIA2.0_revised/Au/Au_cha_30557.jpg,0,0.2882283528645833,3,1,0.02,0.5
/content/drive/MyDrive/CV_Project/datasets/casia2/images/CASIA2.0_revised/Au/Au_cha_30558.jpg,0,0.281463623046875,3,1,0.02,0.5
/content/drive/MyDrive/CV_Project/datasets/casia2/images/CASIA2.0_revised/Au/Au_cha_30559.jpg,0,0.0743204752604166,3,1,0.02,0.5
/content/drive/MyDrive/CV_Project/datasets/casia2/images/CASIA2.0_revised/Au/Au_cha_30560.jpg,0,0.4739278157552083,3,1,0.02,0.5
/content/drive/MyDrive/CV_Project/datasets/casia2/images/CASIA2.0_revised/Au/Au_cha_30561.jpg,0,0.0788167317708333,3,1,0.02,0.5
/content/drive/MyDrive/CV_Project/datasets/casia2/images/CASIA2.0_revised/Au/Au_cha_30562.jpg,0,0.2943216959635417,3,1,0.02,0.5
/content/drive/MyDrive/CV_Project/datasets/casia2/images/CASIA2.0_revised/Au/Au_cha_30563.jpg,0,0.3411763509114583,3,1,0.02,0.5
/content/drive/MyDrive/CV_Project/datasets/casia2/images/CASIA2.0_revised/Au/Au_cha_30564.jpg,0,0.306396484375,3,1,0.02,0.5
/content/drive/MyDrive/CV_Project/datasets/casia2/images/CASIA2.0_revised/Au/Au_cha_30565.jpg,0,0.0306599934895833,3,1,0.02,0.5
/content/drive/MyDrive/CV_Project/datasets/casia2/images/CASIA2.0_revised/Au/Au_cha_30566.jpg,0,0.0880228678385416,3,1,0.02,0.5
/content/drive/MyDrive/CV_Project/datasets/casia2/images/CASIA2.0_revised/Au/Au_cha_30567.jpg,0,0.0305887858072916,3,1,0.02,0.5
/content/drive/MyDrive/CV_Project/datasets/casia2/images/CASIA2.0_revised/Au/Au_cha_30568.jpg,0,0.0,3,1,0.02,0.5
/content/drive/MyDrive/CV_Project/datasets/casia2/images/CASIA2.0_revised/Au/Au_cha_30569.jpg,0,0.220550537109375,3,1,0.02,0.5
/content/drive/MyDrive/CV_Project/datasets/casia2/images/CASIA2.0_revised/Au/Au_cha_30570.jpg,0,0.2142232259114583,3,1,0.02,0.5
/content/drive/MyDrive/CV_Project/datasets/casia2/images/CASIA2.0_revised/Au/Au_cha_30571.jpg,0,0.0,3,1,0.02,0.5
/content/drive/MyDrive/CV_Project/datasets/casia2/images/CASIA2.0_revised/Au/Au_cha_30572.jpg,0,0.1624348958333333,3,1,0.02,0.5
/content/drive/MyDrive/CV_Project/datasets/casia2/images/CASIA2.0_revised/Au/Au_cha_30573.jpg,0,0.332305908203125,3,1,0.02,0.5
/content/drive/MyDrive/CV_Project/datasets/casia2/images/CASIA2.0_revised/Au/Au_cha_30574.jpg,0,0.179840087890625,3,1,0.02,0.5
/content/drive/MyDrive/CV_Project/datasets/casia2/images/CASIA2.0_revised/Au/Au_cha_30575.jpg,0,0.2834065755208333,3,1,0.02,0.5
/content/drive/MyDrive/CV_Project/datasets/casia2/images/CASIA2.0_revised/Au/Au_cha_30576.jpg,0,0.085235595703125,3,1,0.02,0.5
/content/drive/MyDrive/CV_Project/datasets/casia2/images/CASIA2.0_revised/Au/Au_cha_30577.jpg,0,0.145843505859375,3,1,0.02,0.5
/content/drive/MyDrive/CV_Project/datasets/casia2/images/CASIA2.0_revised/Au/Au_cha_30578.jpg,0,0.4493306477864583,3,1,0.02,0.5
/content/drive/MyDrive/CV_Project/datasets/casia2/images/CASIA2.0_revised/Au/Au_cha_30579.jpg,0,0.649169921875,3,1,0.02,0.5
/content/drive/MyDrive/CV_Project/datasets/casia2/images/CASIA2.0_revised/Au/Au_cha_30580.jpg,0,0.1430765787760416,3,1,0.02,0.5
/content/drive/MyDrive/CV_Project/datasets/casia2/images/CASIA2.0_revised/Au/Au_cha_30581.jpg,0,0.334503173828125,3,1,0.02,0.5
/content/drive/MyDrive/CV_Project/datasets/casia2/images/CASIA2.0_revised/Au/Au_cha_30582.jpg,0,0.4042154947916667,3,1,0.02,0.5
/content/drive/MyDrive/CV_Project/datasets/casia2/images/CASIA2.0_revised/Au/Au_cha_30583.jpg,0,0.38543701171875,3,1,0.02,0.5
/content/drive/MyDrive/CV_Project/datasets/casia2/images/CASIA2.0_revised/Au/Au_cha_30584.jpg,0,0.089324951171875,3,1,0.02,0.5
/content/drive/MyDrive/CV_Project/datasets/casia2/images/CASIA2.0_revised/Au/Au_cha_30585.jpg,0,0.1548868815104166,3,1,0.02,0.5
/content/drive/MyDrive/CV_Project/datasets/casia2/images/CASIA2.0_revised/Au/Au_cha_30586.jpg,0,0.3619588216145833,3,1,0.02,0.5
/content/drive/MyDrive/CV_Project/datasets/casia2/images/CASIA2.0_revised/Au/Au_cha_30587.jpg,0,0.48699951171875,3,1,0.02,0.5
/content/drive/MyDrive/CV_Project/datasets/casia2/images/CASIA2.0_revised/Au/Au_cha_30588.jpg,0,0.461761474609375,3,1,0.02,0.5
/content/drive/MyDrive/CV_Project/datasets/casia2/images/CASIA2.0_revised/Au/Au_cha_30589.jpg,0,0.0,3,1,0.02,0.5
/content/drive/MyDrive/CV_Project/datasets/casia2/images/CASIA2.0_revised/Au/Au_cha_30590.jpg,0,0.1645609537760416,3,1,0.02,0.5
/content/drive/MyDrive/CV_Project/datasets/casia2/images/CASIA2.0_revised/Au/Au_cha_30591.jpg,0,0.3502298990885417,3,1,0.02,0.5
/content/drive/MyDrive/CV_Project/datasets/casia2/images/CASIA2.0_revised/Au/Au_cha_30592.jpg,0,0.2642008463541667,3,1,0.02,0.5
/content/drive/MyDrive/CV_Project/datasets/casia2/images/CASIA2.0_revised/Au/Au_cha_30593.jpg,0,0.0276997884114583,3,1,0.02,0.5
/content/drive/MyDrive/CV_Project/datasets/casia2/images/CASIA2.0_revised/Au/Au_cha_30594.jpg,0,0.02899169921875,3,1,0.02,0.5
/content/drive/MyDrive/CV_Project/datasets/casia2/images/CASIA2.0_revised/Au/Au_cha_30595.jpg,0,0.5981038411458334,3,1,0.02,0.5
/content/drive/MyDrive/CV_Project/datasets/casia2/images/CASIA2.0_revised/Au/Au_cha_30596.jpg,0,0.364013671875,3,1,0.02,0.5
/content/drive/MyDrive/CV_Project/datasets/casia2/images/CASIA2.0_revised/Au/Au_cha_30597.jpg,0,0.6341145833333334,3,1,0.02,0.5
/content/drive/MyDrive/CV_Project/datasets/casia2/images/CASIA2.0_revised/Au/Au_cha_30598.jpg,0,0.0,3,1,0.02,0.5
/content/drive/MyDrive/CV_Project/datasets/casia2/images/CASIA2.0_revised/Au/Au_cha_30599.jpg,0,0.3972066243489583,3,1,0.02,0.5
/content/drive/MyDrive/CV_Project/datasets/casia2/images/CASIA2.0_revised/Au/Au_cha_30600.jpg,0,0.1405232747395833,3,1,0.02,0.5
/content/drive/MyDrive/CV_Project/datasets/casia2/images/CASIA2.0_revised/Au/Au_cha_30601.jpg,0,0.6164754231770834,3,1,0.02,0.5
/content/drive/MyDrive/CV_Project/datasets/casia2/images/CASIA2.0_revised/Au/Au_cha_30602.jpg,0,0.039215087890625,3,1,0.02,0.5
/content/drive/MyDrive/CV_Project/datasets/casia2/images/CASIA2.0_revised/Au/Au_cha_30603.jpg,0,0.0,3,1,0.02,0.5
/content/drive/MyDrive/CV_Project/datasets/casia2/images/CASIA2.0_revised/Au/Au_cha_30604.jpg,0,0.0262654622395833,3,1,0.02,0.5
/content/drive/MyDrive/CV_Project/datasets/casia2/images/CASIA2.0_revised/Au/Au_cha_30605.jpg,0,0.1304117838541666,3,1,0.02,0.5
/content/drive/MyDrive/CV_Project/datasets/casia2/images/CASIA2.0_revised/Au/Au_cha_30606.jpg,0,0.0611165364583333,3,1,0.02,0.5
/content/drive/MyDrive/CV_Project/datasets/casia2/images/CASIA2.0_revised/Au/Au_cha_30607.jpg,0,0.0402425130208333,3,1,0.02,0.5
/content/drive/MyDrive/CV_Project/datasets/casia2/images/CASIA2.0_revised/Au/Au_cha_30608.jpg,0,0.6566874186197916,3,1,0.02,0.5
/content/drive/MyDrive/CV_Project/datasets/casia2/images/CASIA2.0_revised/Au/Au_cha_30609.jpg,0,0.1862284342447916,3,1,0.02,0.5
/content/drive/MyDrive/CV_Project/datasets/casia2/images/CASIA2.0_revised/Au/Au_cha_30610.jpg,0,0.464813232421875,3,1,0.02,0.5
/content/drive/MyDrive/CV_Project/datasets/casia2/images/CASIA2.0_revised/Au/Au_cha_30611.jpg,0,0.3126424153645833,3,1,0.02,0.5
/content/drive/MyDrive/CV_Project/datasets/casia2/images/CASIA2.0_revised/Au/Au_cha_30612.jpg,0,0.137359619140625,3,1,0.02,0.5
/content/drive/MyDrive/CV_Project/datasets/casia2/images/CASIA2.0_revised/Au/Au_cha_30613.jpg,0,0.030853271484375,3,1,0.02,0.5
/content/drive/MyDrive/CV_Project/datasets/casia2/images/CASIA2.0_revised/Au/Au_cha_30614.jpg,0,0.6027933756510416,3,1,0.02,0.5
/content/drive/MyDrive/CV_Project/datasets/casia2/images/CASIA2.0_revised/Au/Au_cha_30615.jpg,0,0.1200764973958333,3,1,0.02,0.5
/content/drive/MyDrive/CV_Project/datasets/casia2/images/CASIA2.0_revised/Au/Au_cha_30616.jpg,0,0.0461018880208333,3,1,0.02,0.5
/content/drive/MyDrive/CV_Project/datasets/casia2/images/CASIA2.0_revised/Au/Au_cha_30617.jpg,0,0.0,3,1,0.02,0.5
/content/drive/MyDrive/CV_Project/datasets/casia2/images/CASIA2.0_revised/Au/Au_cha_30618.jpg,0,0.4796142578125,3,1,0.02,0.5
/content/drive/MyDrive/CV_Project/datasets/casia2/images/CASIA2.0_revised/Au/Au_cha_30619.jpg,0,0.0432027180989583,3,1,0.02,0.5
/content/drive/MyDrive/CV_Project/datasets/casia2/images/CASIA2.0_revised/Au/Au_cha_30620.jpg,0,0.2087910970052083,3,1,0.02,0.5
/content/drive/MyDrive/CV_Project/datasets/casia2/images/CASIA2.0_revised/Au/Au_cha_30621.jpg,0,0.02691650390625,3,1,0.02,0.5
/content/drive/MyDrive/CV_Project/datasets/casia2/images/CASIA2.0_revised/Au/Au_cha_30622.jpg,0,0.457733154296875,3,1,0.02,0.5
/content/drive/MyDrive/CV_Project/datasets/casia2/images/CASIA2.0_revised/Au/Au_cha_30623.jpg,0,0.7735087076822916,3,1,0.02,0.5
/content/drive/MyDrive/CV_Project/datasets/casia2/images/CASIA2.0_revised/Au/Au_cha_30624.jpg,0,0.1828511555989583,3,1,0.02,0.5
/content/drive/MyDrive/CV_Project/datasets/casia2/images/CASIA2.0_revised/Au/Au_cha_30625.jpg,0,0.5826009114583334,3,1,0.02,0.5
/content/drive/MyDrive/CV_Project/datasets/casia2/images/CASIA2.0_revised/Au/Au_cha_30626.jpg,0,0.3726603190104167,3,1,0.02,0.5
/content/drive/MyDrive/CV_Project/datasets/casia2/images/CASIA2.0_revised/Au/Au_cha_30627.jpg,0,0.054840087890625,3,1,0.02,0.5
/content/drive/MyDrive/CV_Project/datasets/casia2/images/CASIA2.0_revised/Au/Au_cha_30628.jpg,0,0.7809041341145834,3,1,0.02,0.5
/content/drive/MyDrive/CV_Project/datasets/casia2/images/CASIA2.0_revised/Au/Au_cha_30629.jpg,0,0.0899759928385416,3,1,0.02,0.5
/content/drive/MyDrive/CV_Project/datasets/casia2/images/CASIA2.0_revised/Au/Au_cha_30630.jpg,0,0.313873291015625,3,1,0.02,0.5
/content/drive/MyDrive/CV_Project/datasets/casia2/images/CASIA2.0_revised/Au/Au_cha_30631.jpg,0,0.485107421875,3,1,0.02,0.5
/content/drive/MyDrive/CV_Project/datasets/casia2/images/CASIA2.0_revised/Au/Au_cha_30632.jpg,0,0.4191487630208333,3,1,0.02,0.5
/content/drive/MyDrive/CV_Project/datasets/casia2/images/CASIA2.0_revised/Au/Au_cha_30633.jpg,0,0.7491963704427084,3,1,0.02,0.5
/content/drive/MyDrive/CV_Project/datasets/casia2/images/CASIA2.0_revised/Au/Au_cha_30634.jpg,0,0.7303365071614584,3,1,0.02,0.5
/content/drive/MyDrive/CV_Project/datasets/casia2/images/CASIA2.0_revised/Au/Au_cha_30635.jpg,0,0.8238321940104166,3,1,0.02,0.5
/content/drive/MyDrive/CV_Project/datasets/casia2/images/CASIA2.0_revised/Au/Au_cha_30636.jpg,0,0.5119832356770834,3,1,0.02,0.5
/content/drive/MyDrive/CV_Project/datasets/casia2/images/CASIA2.0_revised/Au/Au_cha_30637.jpg,0,0.6641031901041666,3,1,0.02,0.5
/content/drive/MyDrive/CV_Project/datasets/casia2/images/CASIA2.0_revised/Au/Au_cha_30638.jpg,0,0.2346293131510416,3,1,0.02,0.5
/content/drive/MyDrive/CV_Project/datasets/casia2/images/CASIA2.0_revised/Au/Au_cha_30639.jpg,0,0.2555745442708333,3,1,0.02,0.5
/content/drive/MyDrive/CV_Project/datasets/casia2/images/CASIA2.0_revised/Au/Au_cha_30640.jpg,0,0.3300272623697917,3,1,0.02,0.5
/content/drive/MyDrive/CV_Project/datasets/casia2/images/CASIA2.0_revised/Au/Au_cha_30641.jpg,0,0.1015523274739583,3,1,0.02,0.5
/content/drive/MyDrive/CV_Project/datasets/casia2/images/CASIA2.0_revised/Au/Au_cha_30642.jpg,0,0.3733011881510417,3,1,0.02,0.5
/content/drive/MyDrive/CV_Project/datasets/casia2/images/CASIA2.0_revised/Au/Au_cha_30643.jpg,0,0.2468973795572916,3,1,0.02,0.5
/content/drive/MyDrive/CV_Project/datasets/casia2/images/CASIA2.0_revised/Au/Au_cha_30644.jpg,0,0.15106201171875,3,1,0.02,0.5
/content/drive/MyDrive/CV_Project/datasets/casia2/images/CASIA2.0_revised/Au/Au_cha_30645.jpg,0,0.1477762858072916,3,1,0.02,0.5
/content/drive/MyDrive/CV_Project/datasets/casia2/images/CASIA2.0_revised/Au/Au_cha_30646.jpg,0,0.110137939453125,3,1,0.02,0.5
/content/drive/MyDrive/CV_Project/datasets/casia2/images/CASIA2.0_revised/Au/Au_cha_30647.jpg,0,0.36468505859375,3,1,0.02,0.5
/content/drive/MyDrive/CV_Project/datasets/casia2/images/CASIA2.0_revised/Au/Au_cha_30648.jpg,0,0.7312825520833334,3,1,0.02,0.5
/content/drive/MyDrive/CV_Project/datasets/casia2/images/CASIA2.0_revised/Au/Au_cha_30649.jpg,0,0.1386210123697916,3,1,0.02,0.5
/content/drive/MyDrive/CV_Project/datasets/casia2/images/CASIA2.0_revised/Au/Au_cha_30650.jpg,0,0.1116943359375,3,1,0.02,0.5
/content/drive/MyDrive/CV_Project/datasets/casia2/images/CASIA2.0_revised/Au/Au_cha_30651.jpg,0,0.0,3,1,0.02,0.5
/content/drive/MyDrive/CV_Project/datasets/casia2/images/CASIA2.0_revised/Au/Au_cha_30652.jpg,0,0.4928181966145833,3,1,0.02,0.5
/content/drive/MyDrive/CV_Project/datasets/casia2/images/CASIA2.0_revised/Au/Au_cha_30653.jpg,0,0.2244771321614583,3,1,0.02,0.5
/content/drive/MyDrive/CV_Project/datasets/casia2/images/CASIA2.0_revised/Au/Au_cha_30654.jpg,0,0.0345865885416666,3,1,0.02,0.5
/content/drive/MyDrive/CV_Project/datasets/casia2/images/CASIA2.0_revised/Au/Au_cha_30655.jpg,0,0.2384541829427083,3,1,0.02,0.5
/content/drive/MyDrive/CV_Project/datasets/casia2/images/CASIA2.0_revised/Au/Au_cha_30656.jpg,0,0.7821146647135416,3,1,0.02,0.5
/content/drive/MyDrive/CV_Project/datasets/casia2/images/CASIA2.0_revised/Au/Au_cha_30657.jpg,0,0.3191426595052083,3,1,0.02,0.5
/content/drive/MyDrive/CV_Project/datasets/casia2/images/CASIA2.0_revised/Au/Au_cha_30658.jpg,0,0.4225870768229167,3,1,0.02,0.5
/content/drive/MyDrive/CV_Project/datasets/casia2/images/CASIA2.0_revised/Au/Au_cha_30659.jpg,0,0.136260986328125,3,1,0.02,0.5
/content/drive/MyDrive/CV_Project/datasets/casia2/images/CASIA2.0_revised/Au/Au_cha_30660.jpg,0,0.329345703125,3,1,0.02,0.5
/content/drive/MyDrive/CV_Project/datasets/casia2/images/CASIA2.0_revised/Au/Au_cha_30661.jpg,0,0.353515625,3,1,0.02,0.5
/content/drive/MyDrive/CV_Project/datasets/casia2/images/CASIA2.0_revised/Au/Au_cha_30662.jpg,0,0.146240234375,3,1,0.02,0.5
/content/drive/MyDrive/CV_Project/datasets/casia2/images/CASIA2.0_revised/Au/Au_cha_30663.jpg,0,0.0686543782552083,3,1,0.02,0.5
/content/drive/MyDrive/CV_Project/datasets/casia2/images/CASIA2.0_revised/Au/Au_cha_30664.jpg,0,0.3139546712239583,3,1,0.02,0.5
/content/drive/MyDrive/CV_Project/datasets/casia2/images/CASIA2.0_revised/Au/Au_cha_30665.jpg,0,0.0799967447916666,3,1,0.02,0.5
/content/drive/MyDrive/CV_Project/datasets/casia2/images/CASIA2.0_revised/Au/Au_cha_30666.jpg,0,0.0,3,1,0.02,0.5
/content/drive/MyDrive/CV_Project/datasets/casia2/images/CASIA2.0_revised/Au/Au_cha_30667.jpg,0,0.229766845703125,3,1,0.02,0.5
/content/drive/MyDrive/CV_Project/datasets/casia2/images/CASIA2.0_revised/Au/Au_cha_30668.jpg,0,0.129638671875,3,1,0.02,0.5
/content/drive/MyDrive/CV_Project/datasets/casia2/images/CASIA2.0_revised/Au/Au_cha_30669.jpg,0,0.1629842122395833,3,1,0.02,0.5
/content/drive/MyDrive/CV_Project/datasets/casia2/images/CASIA2.0_revised/Au/Au_cha_30670.jpg,0,0.1044921875,3,1,0.02,0.5
/content/drive/MyDrive/CV_Project/datasets/casia2/images/CASIA2.0_revised/Au/Au_cha_30671.jpg,0,0.5015767415364584,3,1,0.02,0.5
/content/drive/MyDrive/CV_Project/datasets/casia2/images/CASIA2.0_revised/Au/Au_cha_30672.jpg,0,0.1523234049479166,3,1,0.02,0.5
/content/drive/MyDrive/CV_Project/datasets/casia2/images/CASIA2.0_revised/Au/Au_cha_30673.jpg,0,0.0430704752604166,3,1,0.02,0.5
/content/drive/MyDrive/CV_Project/datasets/casia2/images/CASIA2.0_revised/Au/Au_cha_30674.jpg,0,0.4425862630208333,3,1,0.02,0.5
/content/drive/MyDrive/CV_Project/datasets/casia2/images/CASIA2.0_revised/Au/Au_cha_30675.jpg,0,0.0,3,1,0.02,0.5
/content/drive/MyDrive/CV_Project/datasets/casia2/images/CASIA2.0_revised/Au/Au_cha_30676.jpg,0,0.0912577311197916,3,1,0.02,0.5
/content/drive/MyDrive/CV_Project/datasets/casia2/images/CASIA2.0_revised/Au/Au_cha_30677.jpg,0,0.0571187337239583,3,1,0.02,0.5
/content/drive/MyDrive/CV_Project/datasets/casia2/images/CASIA2.0_revised/Au/Au_cha_30678.jpg,0,0.162506103515625,3,1,0.02,0.5
/content/drive/MyDrive/CV_Project/datasets/casia2/images/CASIA2.0_revised/Au/Au_cha_30679.jpg,0,0.1408182779947916,3,1,0.02,0.5
/content/drive/MyDrive/CV_Project/datasets/casia2/images/CASIA2.0_revised/Au/Au_cha_30680.jpg,0,0.0358683268229166,3,1,0.02,0.5
/content/drive/MyDrive/CV_Project/datasets/casia2/images/CASIA2.0_revised/Au/Au_cha_30681.jpg,0,0.4701741536458333,3,1,0.02,0.5
/content/drive/MyDrive/CV_Project/datasets/casia2/images/CASIA2.0_revised/Au/Au_cha_30682.jpg,0,0.112457275390625,3,1,0.02,0.5
/content/drive/MyDrive/CV_Project/datasets/casia2/images/CASIA2.0_revised/Au/Au_cha_30683.jpg,0,0.3415120442708333,3,1,0.02,0.5
/content/drive/MyDrive/CV_Project/datasets/casia2/images/CASIA2.0_revised/Au/Au_cha_30684.jpg,0,0.1041056315104166,3,1,0.02,0.5
/content/drive/MyDrive/CV_Project/datasets/casia2/images/CASIA2.0_revised/Au/Au_cha_30685.jpg,0,0.16131591796875,3,1,0.02,0.5
/content/drive/MyDrive/CV_Project/datasets/casia2/images/CASIA2.0_revised/Au/Au_cha_30686.jpg,0,0.7473246256510416,3,1,0.02,0.5
/content/drive/MyDrive/CV_Project/datasets/casia2/images/CASIA2.0_revised/Au/Au_cha_30687.jpg,0,0.1440633138020833,3,1,0.02,0.5
/content/drive/MyDrive/CV_Project/datasets/casia2/images/CASIA2.0_revised/Au/Au_cha_30688.jpg,0,0.3736673990885417,3,1,0.02,0.5
/content/drive/MyDrive/CV_Project/datasets/casia2/images/CASIA2.0_revised/Au/Au_cha_30689.jpg,0,0.071319580078125,3,1,0.02,0.5
/content/drive/MyDrive/CV_Project/datasets/casia2/images/CASIA2.0_revised/Au/Au_cha_30690.jpg,0,0.3472696940104167,3,1,0.02,0.5
/content/drive/MyDrive/CV_Project/datasets/casia2/images/CASIA2.0_revised/Au/Au_cha_30691.jpg,0,0.330413818359375,3,1,0.02,0.5
/content/drive/MyDrive/CV_Project/datasets/casia2/images/CASIA2.0_revised/Au/Au_cha_30692.jpg,0,0.0904134114583333,3,1,0.02,0.5
/content/drive/MyDrive/CV_Project/datasets/casia2/images/CASIA2.0_revised/Au/Au_cha_30693.jpg,0,0.9187520345052084,3,1,0.02,0.5
/content/drive/MyDrive/CV_Project/datasets/casia2/images/CASIA2.0_revised/Au/Au_cha_30694.jpg,0,0.1857401529947916,3,1,0.02,0.5
/content/drive/MyDrive/CV_Project/datasets/casia2/images/CASIA2.0_revised/Au/Au_cha_30695.jpg,0,0.6728719075520834,3,1,0.02,0.5
/content/drive/MyDrive/CV_Project/datasets/casia2/images/CASIA2.0_revised/Au/Au_cha_30696.jpg,0,0.5858968098958334,3,1,0.02,0.5
/content/drive/MyDrive/CV_Project/datasets/casia2/images/CASIA2.0_revised/Au/Au_cha_30697.jpg,0,0.2655436197916667,3,1,0.02,0.5
/content/drive/MyDrive/CV_Project/datasets/casia2/images/CASIA2.0_revised/Au/Au_cha_30698.jpg,0,0.0600992838541666,3,1,0.02,0.5
/content/drive/MyDrive/CV_Project/datasets/casia2/images/CASIA2.0_revised/Au/Au_cha_30699.jpg,0,0.3501485188802083,3,1,0.02,0.5
/content/drive/MyDrive/CV_Project/datasets/casia2/images/CASIA2.0_revised/Au/Au_cha_30700.jpg,0,0.5730692545572916,3,1,0.02,0.5
/content/drive/MyDrive/CV_Project/datasets/casia2/images/CASIA2.0_revised/Au/Au_cha_30701.jpg,0,0.3935953776041667,3,1,0.02,0.5
/content/drive/MyDrive/CV_Project/datasets/casia2/images/CASIA2.0_revised/Au/Au_cha_30702.jpg,0,0.12158203125,3,1,0.02,0.5
/content/drive/MyDrive/CV_Project/datasets/casia2/images/CASIA2.0_revised/Au/Au_cha_30703.jpg,0,0.2844034830729167,3,1,0.02,0.5
/content/drive/MyDrive/CV_Project/datasets/casia2/images/CASIA2.0_revised/Au/Au_cha_30704.jpg,0,0.17138671875,3,1,0.02,0.5
/content/drive/MyDrive/CV_Project/datasets/casia2/images/CASIA2.0_revised/Au/Au_cha_30705.jpg,0,0.1378885904947916,3,1,0.02,0.5
/content/drive/MyDrive/CV_Project/datasets/casia2/images/CASIA2.0_revised/Au/Au_cha_30706.jpg,0,0.1607666015625,3,1,0.02,0.5
/content/drive/MyDrive/CV_Project/datasets/casia2/images/CASIA2.0_revised/Au/Au_cha_30707.jpg,0,0.552276611328125,3,1,0.02,0.5
/content/drive/MyDrive/CV_Project/datasets/casia2/images/CASIA2.0_revised/Au/Au_cha_30708.jpg,0,0.63592529296875,3,1,0.02,0.5
/content/drive/MyDrive/CV_Project/datasets/casia2/images/CASIA2.0_revised/Au/Au_cha_30709.jpg,0,0.1190388997395833,3,1,0.02,0.5
/content/drive/MyDrive/CV_Project/datasets/casia2/images/CASIA2.0_revised/Au/Au_cha_30710.jpg,0,0.4705301920572917,3,1,0.02,0.5
/content/drive/MyDrive/CV_Project/datasets/casia2/images/CASIA2.0_revised/Au/Au_cha_30711.jpg,0,0.0645650227864583,3,1,0.02,0.5
/content/drive/MyDrive/CV_Project/datasets/casia2/images/CASIA2.0_revised/Au/Au_cha_30712.jpg,0,0.595367431640625,3,1,0.02,0.5
/content/drive/MyDrive/CV_Project/datasets/casia2/images/CASIA2.0_revised/Au/Au_cha_30713.jpg,0,0.1109517415364583,3,1,0.02,0.5
/content/drive/MyDrive/CV_Project/datasets/casia2/images/CASIA2.0_revised/Au/Au_cha_30714.jpg,0,0.3606974283854167,3,1,0.02,0.5
/content/drive/MyDrive/CV_Project/datasets/casia2/images/CASIA2.0_revised/Au/Au_cha_30715.jpg,0,0.0807393391927083,3,1,0.02,0.5
/content/drive/MyDrive/CV_Project/datasets/casia2/images/CASIA2.0_revised/Au/Au_cha_30716.jpg,0,0.470306396484375,3,1,0.02,0.5
/content/drive/MyDrive/CV_Project/datasets/casia2/images/CASIA2.0_revised/Au/Au_cha_30717.jpg,0,0.592010498046875,3,1,0.02,0.5
/content/drive/MyDrive/CV_Project/datasets/casia2/images/CASIA2.0_revised/Au/Au_cha_30718.jpg,0,0.0991719563802083,3,1,0.02,0.5
/content/drive/MyDrive/CV_Project/datasets/casia2/images/CASIA2.0_revised/Au/Au_cha_30719.jpg,0,0.1883544921875,3,1,0.02,0.5
/content/drive/MyDrive/CV_Project/datasets/casia2/images/CASIA2.0_revised/Au/Au_ind_00001.jpg,0,0.0,3,1,0.02,0.5
/content/drive/MyDrive/CV_Project/datasets/casia2/images/CASIA2.0_revised/Au/Au_ind_00002.jpg,0,0.0,3,1,0.02,0.5
/content/drive/MyDrive/CV_Project/datasets/casia2/images/CASIA2.0_revised/Au/Au_ind_00003.jpg,0,0.26495361328125,3,1,0.02,0.5
/content/drive/MyDrive/CV_Project/datasets/casia2/images/CASIA2.0_revised/Au/Au_ind_00004.jpg,0,0.0856730143229166,3,1,0.02,0.5
/content/drive/MyDrive/CV_Project/datasets/casia2/images/CASIA2.0_revised/Au/Au_ind_00005.jpg,0,0.053131103515625,3,1,0.02,0.5
/content/drive/MyDrive/CV_Project/datasets/casia2/images/CASIA2.0_revised/Au/Au_ind_00006.jpg,0,0.0478719075520833,3,1,0.02,0.5
/content/drive/MyDrive/CV_Project/datasets/casia2/images/CASIA2.0_revised/Au/Au_ind_00007.jpg,0,0.0933024088541666,3,1,0.02,0.5
/content/drive/MyDrive/CV_Project/datasets/casia2/images/CASIA2.0_revised/Au/Au_ind_00008.jpg,0,0.131927490234375,3,1,0.02,0.5
/content/drive/MyDrive/CV_Project/datasets/casia2/images/CASIA2.0_revised/Au/Au_ind_00009.jpg,0,0.08416748046875,3,1,0.02,0.5
/content/drive/MyDrive/CV_Project/datasets/casia2/images/CASIA2.0_revised/Au/Au_ind_00010.jpg,0,0.1594340006510416,3,1,0.02,0.5
/content/drive/MyDrive/CV_Project/datasets/casia2/images/CASIA2.0_revised/Au/Au_ind_00011.jpg,0,0.3325398763020833,3,1,0.02,0.5
/content/drive/MyDrive/CV_Project/datasets/casia2/images/CASIA2.0_revised/Au/Au_ind_00012.jpg,0,0.1852315266927083,3,1,0.02,0.5
/content/drive/MyDrive/CV_Project/datasets/casia2/images/CASIA2.0_revised/Au/Au_ind_00013.jpg,0,0.4350179036458333,3,1,0.02,0.5
/content/drive/MyDrive/CV_Project/datasets/casia2/images/CASIA2.0_revised/Au/Au_ind_00014.jpg,0,0.1761067708333333,3,1,0.02,0.5
/content/drive/MyDrive/CV_Project/datasets/casia2/images/CASIA2.0_revised/Au/Au_ind_00015.jpg,0,0.3104044596354167,3,1,0.02,0.5
/content/drive/MyDrive/CV_Project/datasets/casia2/images/CASIA2.0_revised/Au/Au_ind_00016.jpg,0,0.1872355143229166,3,1,0.02,0.5
/content/drive/MyDrive/CV_Project/datasets/casia2/images/CASIA2.0_revised/Au/Au_ind_00017.jpg,0,0.2396240234375,3,1,0.02,0.5
/content/drive/MyDrive/CV_Project/datasets/casia2/images/CASIA2.0_revised/Au/Au_ind_00018.jpg,0,0.1072794596354166,3,1,0.02,0.5
/content/drive/MyDrive/CV_Project/datasets/casia2/images/CASIA2.0_revised/Au/Au_ind_00019.jpg,0,0.082000732421875,3,1,0.02,0.5
/content/drive/MyDrive/CV_Project/datasets/casia2/images/CASIA2.0_revised/Au/Au_ind_00020.jpg,0,0.29168701171875,3,1,0.02,0.5
/content/drive/MyDrive/CV_Project/datasets/casia2/images/CASIA2.0_revised/Au/Au_ind_00021.jpg,0,0.414703369140625,3,1,0.02,0.5
/content/drive/MyDrive/CV_Project/datasets/casia2/images/CASIA2.0_revised/Au/Au_ind_00022.jpg,0,0.458465576171875,3,1,0.02,0.5
/content/drive/MyDrive/CV_Project/datasets/casia2/images/CASIA2.0_revised/Au/Au_ind_00023.jpg,0,0.0213216145833333,3,1,0.02,0.5
/content/drive/MyDrive/CV_Project/datasets/casia2/images/CASIA2.0_revised/Au/Au_ind_00024.jpg,0,0.329345703125,3,1,0.02,0.5
/content/drive/MyDrive/CV_Project/datasets/casia2/images/CASIA2.0_revised/Au/Au_ind_00025.jpg,0,0.0913289388020833,3,1,0.02,0.5
/content/drive/MyDrive/CV_Project/datasets/casia2/images/CASIA2.0_revised/Au/Au_ind_00026.jpg,0,0.0,3,1,0.02,0.5
/content/drive/MyDrive/CV_Project/datasets/casia2/images/CASIA2.0_revised/Au/Au_ind_00027.jpg,0,0.0,3,1,0.02,0.5
/content/drive/MyDrive/CV_Project/datasets/casia2/images/CASIA2.0_revised/Au/Au_ind_00028.jpg,0,0.1519877115885416,3,1,0.02,0.5
/content/drive/MyDrive/CV_Project/datasets/casia2/images/CASIA2.0_revised/Au/Au_ind_00029.jpg,0,0.0322062174479166,3,1,0.02,0.5
/content/drive/MyDrive/CV_Project/datasets/casia2/images/CASIA2.0_revised/Au/Au_ind_00030.jpg,0,0.523406982421875,3,1,0.02,0.5
/content/drive/MyDrive/CV_Project/datasets/casia2/images/CASIA2.0_revised/Au/Au_ind_00031.jpg,0,0.6244405110677084,3,1,0.02,0.5
/content/drive/MyDrive/CV_Project/datasets/casia2/images/CASIA2.0_revised/Au/Au_ind_00032.jpg,0,0.239501953125,3,1,0.02,0.5
/content/drive/MyDrive/CV_Project/datasets/casia2/images/CASIA2.0_revised/Au/Au_ind_00033.jpg,0,0.4378458658854167,3,1,0.02,0.5
/content/drive/MyDrive/CV_Project/datasets/casia2/images/CASIA2.0_revised/Au/Au_ind_00034.jpg,0,0.6216634114583334,3,1,0.02,0.5
/content/drive/MyDrive/CV_Project/datasets/casia2/images/CASIA2.0_revised/Au/Au_ind_00035.jpg,0,0.0210062662760416,3,1,0.02,0.5
/content/drive/MyDrive/CV_Project/datasets/casia2/images/CASIA2.0_revised/Au/Au_ind_00036.jpg,0,0.4286397298177083,3,1,0.02,0.5
/content/drive/MyDrive/CV_Project/datasets/casia2/images/CASIA2.0_revised/Au/Au_ind_00037.jpg,0,0.0288899739583333,3,1,0.02,0.5
/content/drive/MyDrive/CV_Project/datasets/casia2/images/CASIA2.0_revised/Au/Au_ind_00038.jpg,0,0.2791748046875,3,1,0.02,0.5
/content/drive/MyDrive/CV_Project/datasets/casia2/images/CASIA2.0_revised/Au/Au_ind_00039.jpg,0,0.1870829264322916,3,1,0.02,0.5
/content/drive/MyDrive/CV_Project/datasets/casia2/images/CASIA2.0_revised/Au/Au_ind_00040.jpg,0,0.0200602213541666,3,1,0.02,0.5
/content/drive/MyDrive/CV_Project/datasets/casia2/images/CASIA2.0_revised/Au/Au_ind_00041.jpg,0,0.0611165364583333,3,1,0.02,0.5
/content/drive/MyDrive/CV_Project/datasets/casia2/images/CASIA2.0_revised/Au/Au_ind_00042.jpg,0,0.107025146484375,3,1,0.02,0.5
/content/drive/MyDrive/CV_Project/datasets/casia2/images/CASIA2.0_revised/Au/Au_ind_00043.jpg,0,0.7324117024739584,3,1,0.02,0.5
/content/drive/MyDrive/CV_Project/datasets/casia2/images/CASIA2.0_revised/Au/Au_ind_00044.jpg,0,0.0,3,1,0.02,0.5
/content/drive/MyDrive/CV_Project/datasets/casia2/images/CASIA2.0_revised/Au/Au_ind_00045.jpg,0,0.224365234375,3,1,0.02,0.5
/content/drive/MyDrive/CV_Project/datasets/casia2/images/CASIA2.0_revised/Au/Au_ind_00046.jpg,0,0.218963623046875,3,1,0.02,0.5
/content/drive/MyDrive/CV_Project/datasets/casia2/images/CASIA2.0_revised/Au/Au_ind_00047.jpg,0,0.35272216796875,3,1,0.02,0.5
/content/drive/MyDrive/CV_Project/datasets/casia2/images/CASIA2.0_revised/Au/Au_ind_00048.jpg,0,0.3412272135416667,3,1,0.02,0.5
/content/drive/MyDrive/CV_Project/datasets/casia2/images/CASIA2.0_revised/Au/Au_ind_00049.jpg,0,0.1742960611979166,3,1,0.02,0.5
/content/drive/MyDrive/CV_Project/datasets/casia2/images/CASIA2.0_revised/Au/Au_ind_00050.jpg,0,0.1213480631510416,3,1,0.02,0.5
/content/drive/MyDrive/CV_Project/datasets/casia2/images/CASIA2.0_revised/Au/Au_ind_00051.jpg,0,0.0774434407552083,3,1,0.02,0.5
/content/drive/MyDrive/CV_Project/datasets/casia2/images/CASIA2.0_revised/Au/Au_ind_00052.jpg,0,0.2061360677083333,3,1,0.02,0.5
/content/drive/MyDrive/CV_Project/datasets/casia2/images/CASIA2.0_revised/Au/Au_ind_00053.jpg,0,0.0507303873697916,3,1,0.02,0.5
/content/drive/MyDrive/CV_Project/datasets/casia2/images/CASIA2.0_revised/Au/Au_ind_00054.jpg,0,0.2027994791666666,3,1,0.02,0.5
/content/drive/MyDrive/CV_Project/datasets/casia2/images/CASIA2.0_revised/Au/Au_ind_00055.jpg,0,0.1153361002604166,3,1,0.02,0.5
/content/drive/MyDrive/CV_Project/datasets/casia2/images/CASIA2.0_revised/Au/Au_ind_00056.jpg,0,0.03643798828125,3,1,0.02,0.5
/content/drive/MyDrive/CV_Project/datasets/casia2/images/CASIA2.0_revised/Au/Au_ind_00057.jpg,0,0.0,3,1,0.02,0.5
/content/drive/MyDrive/CV_Project/datasets/casia2/images/CASIA2.0_revised/Au/Au_ind_00058.jpg,0,0.0478922526041666,3,1,0.02,0.5
/content/drive/MyDrive/CV_Project/datasets/casia2/images/CASIA2.0_revised/Au/Au_ind_00059.jpg,0,0.0879313151041666,3,1,0.02,0.5
/content/drive/MyDrive/CV_Project/datasets/casia2/images/CASIA2.0_revised/Au/Au_ind_00060.jpg,0,0.0,3,1,0.02,0.5
/content/drive/MyDrive/CV_Project/datasets/casia2/images/CASIA2.0_revised/Au/Au_ind_00061.jpg,0,0.0992838541666666,3,1,0.02,0.5
/content/drive/MyDrive/CV_Project/datasets/casia2/images/CASIA2.0_revised/Au/Au_ind_00062.jpg,0,0.0,3,1,0.02,0.5
/content/drive/MyDrive/CV_Project/datasets/casia2/images/CASIA2.0_revised/Au/Au_ind_00063.jpg,0,0.0455423990885416,3,1,0.02,0.5
/content/drive/MyDrive/CV_Project/datasets/casia2/images/CASIA2.0_revised/Au/Au_ind_00064.jpg,0,0.0,3,1,0.02,0.5
/content/drive/MyDrive/CV_Project/datasets/casia2/images/CASIA2.0_revised/Au/Au_ind_00065.jpg,0,0.3058064778645833,3,1,0.02,0.5
/content/drive/MyDrive/CV_Project/datasets/casia2/images/CASIA2.0_revised/Au/Au_ind_00066.jpg,0,0.5337015787760416,3,1,0.02,0.5
/content/drive/MyDrive/CV_Project/datasets/casia2/images/CASIA2.0_revised/Au/Au_ind_00067.jpg,0,0.1829325358072916,3,1,0.02,0.5
/content/drive/MyDrive/CV_Project/datasets/casia2/images/CASIA2.0_revised/Au/Au_ind_00068.jpg,0,0.0952351888020833,3,1,0.02,0.5
/content/drive/MyDrive/CV_Project/datasets/casia2/images/CASIA2.0_revised/Au/Au_ind_00069.jpg,0,0.1955464680989583,3,1,0.02,0.5
/content/drive/MyDrive/CV_Project/datasets/casia2/images/CASIA2.0_revised/Au/Au_ind_00070.jpg,0,0.0447591145833333,3,1,0.02,0.5
/content/drive/MyDrive/CV_Project/datasets/casia2/images/CASIA2.0_revised/Au/Au_ind_00071.jpg,0,0.0591634114583333,3,1,0.02,0.5
/content/drive/MyDrive/CV_Project/datasets/casia2/images/CASIA2.0_revised/Au/Au_ind_00072.jpg,0,0.0471293131510416,3,1,0.02,0.5
/content/drive/MyDrive/CV_Project/datasets/casia2/images/CASIA2.0_revised/Au/Au_ind_00073.jpg,0,0.0706380208333333,3,1,0.02,0.5
/content/drive/MyDrive/CV_Project/datasets/casia2/images/CASIA2.0_revised/Au/Au_ind_00074.jpg,0,0.0212504069010416,3,1,0.02,0.5
/content/drive/MyDrive/CV_Project/datasets/casia2/images/CASIA2.0_revised/Au/Au_ind_00075.jpg,0,0.0,3,1,0.02,0.5
/content/drive/MyDrive/CV_Project/datasets/casia2/images/CASIA2.0_revised/Au/Au_ind_00076.jpg,0,0.07427978515625,3,1,0.02,0.5
/content/drive/MyDrive/CV_Project/datasets/casia2/images/CASIA2.0_revised/Au/Au_ind_00077.jpg,0,0.343353271484375,3,1,0.02,0.5
/content/drive/MyDrive/CV_Project/datasets/casia2/images/CASIA2.0_revised/Au/Au_ind_00078.jpg,0,0.0777791341145833,3,1,0.02,0.5
/content/drive/MyDrive/CV_Project/datasets/casia2/images/CASIA2.0_revised/Au/Au_ind_00079.jpg,0,0.3957926432291667,3,1,0.02,0.5
/content/drive/MyDrive/CV_Project/datasets/casia2/images/CASIA2.0_revised/Au/Au_ind_00080.jpg,0,0.0,3,1,0.02,0.5
/content/drive/MyDrive/CV_Project/datasets/casia2/images/CASIA2.0_revised/Au/Au_ind_00081.jpg,0,0.0,3,1,0.02,0.5
/content/drive/MyDrive/CV_Project/datasets/casia2/images/CASIA2.0_revised/Au/Au_ind_00082.jpg,0,0.229034423828125,3,1,0.02,0.5
/content/drive/MyDrive/CV_Project/datasets/casia2/images/CASIA2.0_revised/Au/Au_ind_00083.jpg,0,0.1536051432291666,3,1,0.02,0.5
/content/drive/MyDrive/CV_Project/datasets/casia2/images/CASIA2.0_revised/Au/Au_ind_00084.jpg,0,0.2940673828125,3,1,0.02,0.5
/content/drive/MyDrive/CV_Project/datasets/casia2/images/CASIA2.0_revised/Au/Au_ind_00085.jpg,0,0.5316670735677084,3,1,0.02,0.5
/content/drive/MyDrive/CV_Project/datasets/casia2/images/CASIA2.0_revised/Au/Au_ind_00086.jpg,0,0.1725362141927083,3,1,0.02,0.5
/content/drive/MyDrive/CV_Project/datasets/casia2/images/CASIA2.0_revised/Au/Au_ind_00087.jpg,0,0.3346150716145833,3,1,0.02,0.5
/content/drive/MyDrive/CV_Project/datasets/casia2/images/CASIA2.0_revised/Au/Au_ind_00088.jpg,0,0.1120198567708333,3,1,0.02,0.5
/content/drive/MyDrive/CV_Project/datasets/casia2/images/CASIA2.0_revised/Au/Au_ind_00089.jpg,0,0.1026814778645833,3,1,0.02,0.5
/content/drive/MyDrive/CV_Project/datasets/casia2/images/CASIA2.0_revised/Au/Au_ind_00090.jpg,0,0.0507303873697916,3,1,0.02,0.5
/content/drive/MyDrive/CV_Project/datasets/casia2/images/CASIA2.0_revised/Au/Au_ind_00091.jpg,0,0.28912353515625,3,1,0.02,0.5
/content/drive/MyDrive/CV_Project/datasets/casia2/images/CASIA2.0_revised/Au/Au_ind_00092.jpg,0,0.0,3,1,0.02,0.5
/content/drive/MyDrive/CV_Project/datasets/casia2/images/CASIA2.0_revised/Au/Au_ind_00093.jpg,0,0.0,3,1,0.02,0.5
/content/drive/MyDrive/CV_Project/datasets/casia2/images/CASIA2.0_revised/Au/Au_ind_00094.jpg,0,0.300262451171875,3,1,0.02,0.5
/content/drive/MyDrive/CV_Project/datasets/casia2/images/CASIA2.0_revised/Au/Au_ind_00095.jpg,0,0.0,3,1,0.02,0.5
/content/drive/MyDrive/CV_Project/datasets/casia2/images/CASIA2.0_revised/Au/Au_ind_00096.jpg,0,0.0864156087239583,3,1,0.02,0.5
/content/drive/MyDrive/CV_Project/datasets/casia2/images/CASIA2.0_revised/Au/Au_ind_00097.jpg,0,0.3213399251302083,3,1,0.02,0.5
/content/drive/MyDrive/CV_Project/datasets/casia2/images/CASIA2.0_revised/Au/Au_ind_00098.jpg,0,0.3463338216145833,3,1,0.02,0.5
/content/drive/MyDrive/CV_Project/datasets/casia2/images/CASIA2.0_revised/Au/Au_ind_00099.jpg,0,0.1624247233072916,3,1,0.02,0.5
/content/drive/MyDrive/CV_Project/datasets/casia2/images/CASIA2.0_revised/Au/Au_ind_00100.jpg,0,0.148773193359375,3,1,0.02,0.5
/content/drive/MyDrive/CV_Project/datasets/casia2/images/CASIA2.0_revised/Au/Au_ind_10001.jpg,0,0.6494041666666667,3,1,0.02,0.5
/content/drive/MyDrive/CV_Project/datasets/casia2/images/CASIA2.0_revised/Au/Au_ind_10002.jpg,0,0.924925,3,1,0.02,0.5
/content/drive/MyDrive/CV_Project/datasets/casia2/images/CASIA2.0_revised/Au/Au_ind_10101.jpg,0,0.4649088541666666,3,1,0.02,0.5
/content/drive/MyDrive/CV_Project/datasets/casia2/images/CASIA2.0_revised/Au/Au_ind_10102.jpg,0,0.0,3,1,0.02,0.5
/content/drive/MyDrive/CV_Project/datasets/casia2/images/CASIA2.0_revised/Au/Au_ind_10103.jpg,0,0.108551025390625,3,1,0.02,0.5
/content/drive/MyDrive/CV_Project/datasets/casia2/images/CASIA2.0_revised/Au/Au_ind_10104.jpg,0,0.0583902994791666,3,1,0.02,0.5
/content/drive/MyDrive/CV_Project/datasets/casia2/images/CASIA2.0_revised/Au/Au_ind_20001.jpg,0,0.0928505803161269,3,1,0.02,0.5
/content/drive/MyDrive/CV_Project/datasets/casia2/images/CASIA2.0_revised/Au/Au_ind_20002.jpg,0,0.0,3,1,0.02,0.5
/content/drive/MyDrive/CV_Project/datasets/casia2/images/CASIA2.0_revised/Au/Au_ind_20003.jpg,0,0.1457917808219178,3,1,0.02,0.5
/content/drive/MyDrive/CV_Project/datasets/casia2/images/CASIA2.0_revised/Au/Au_ind_20004.jpg,0,0.1170374673250072,3,1,0.02,0.5
/content/drive/MyDrive/CV_Project/datasets/casia2/images/CASIA2.0_revised/Au/Au_ind_20005.jpg,0,0.5980958904109589,3,1,0.02,0.5
/content/drive/MyDrive/CV_Project/datasets/casia2/images/CASIA2.0_revised/Au/Au_ind_20006.jpg,0,0.424739010989011,3,1,0.02,0.5
/content/drive/MyDrive/CV_Project/datasets/casia2/images/CASIA2.0_revised/Au/Au_ind_20007.jpg,0,0.0794780701754385,3,1,0.02,0.5
/content/drive/MyDrive/CV_Project/datasets/casia2/images/CASIA2.0_revised/Au/Au_ind_20008.jpg,0,0.1944626998223801,3,1,0.02,0.5
/content/drive/MyDrive/CV_Project/datasets/casia2/images/CASIA2.0_revised/Au/Au_ind_20009.jpg,0,0.3417637540453074,3,1,0.02,0.5
/content/drive/MyDrive/CV_Project/datasets/casia2/images/CASIA2.0_revised/Au/Au_ind_20010.jpg,0,0.4775251004016064,3,1,0.02,0.5
/content/drive/MyDrive/CV_Project/datasets/casia2/images/CASIA2.0_revised/Au/Au_ind_20011.jpg,0,0.1503521825396825,3,1,0.02,0.5
/content/drive/MyDrive/CV_Project/datasets/casia2/images/CASIA2.0_revised/Au/Au_ind_20012.jpg,0,0.5207960893854748,3,1,0.02,0.5
/content/drive/MyDrive/CV_Project/datasets/casia2/images/CASIA2.0_revised/Au/Au_ind_20013.jpg,0,0.0494137596899224,3,1,0.02,0.5
/content/drive/MyDrive/CV_Project/datasets/casia2/images/CASIA2.0_revised/Au/Au_ind_20014.jpg,0,0.3531307550644567,3,1,0.02,0.5
/content/drive/MyDrive/CV_Project/datasets/casia2/images/CASIA2.0_revised/Au/Au_ind_20015.jpg,0,0.2965818685158308,3,1,0.02,0.5
/content/drive/MyDrive/CV_Project/datasets/casia2/images/CASIA2.0_revised/Au/Au_ind_20016.jpg,0,0.4222331460674157,3,1,0.02,0.5
/content/drive/MyDrive/CV_Project/datasets/casia2/images/CASIA2.0_revised/Au/Au_ind_20017.jpg,0,0.5405051438865974,3,1,0.02,0.5
/content/drive/MyDrive/CV_Project/datasets/casia2/images/CASIA2.0_revised/Au/Au_ind_20018.jpg,0,0.5505659640905542,3,1,0.02,0.5
/content/drive/MyDrive/CV_Project/datasets/casia2/images/CASIA2.0_revised/Au/Au_ind_20019.jpg,0,0.0844407407407407,3,1,0.02,0.5
/content/drive/MyDrive/CV_Project/datasets/casia2/images/CASIA2.0_revised/Au/Au_ind_20020.jpg,0,0.2716962962962962,3,1,0.02,0.5
/content/drive/MyDrive/CV_Project/datasets/casia2/images/CASIA2.0_revised/Au/Au_ind_20021.jpg,0,0.2887222222222222,3,1,0.02,0.5
/content/drive/MyDrive/CV_Project/datasets/casia2/images/CASIA2.0_revised/Au/Au_ind_20022.jpg,0,0.3833521068001669,3,1,0.02,0.5
/content/drive/MyDrive/CV_Project/datasets/casia2/images/CASIA2.0_revised/Au/Au_ind_20023.jpg,0,0.5002124183006535,3,1,0.02,0.5
/content/drive/MyDrive/CV_Project/datasets/casia2/images/CASIA2.0_revised/Au/Au_ind_20024.jpg,0,0.6688724279835391,3,1,0.02,0.5
/content/drive/MyDrive/CV_Project/datasets/casia2/images/CASIA2.0_revised/Au/Au_ind_20025.jpg,0,0.9791215106732348,3,1,0.02,0.5
/content/drive/MyDrive/CV_Project/datasets/casia2/images/CASIA2.0_revised/Au/Au_ind_20026.jpg,0,0.60595703125,3,1,0.02,0.5
/content/drive/MyDrive/CV_Project/datasets/casia2/images/CASIA2.0_revised/Au/Au_ind_20027.jpg,0,0.3471893333333333,3,1,0.02,0.5
/content/drive/MyDrive/CV_Project/datasets/casia2/images/CASIA2.0_revised/Au/Au_ind_20028.jpg,0,0.5987916666666667,3,1,0.02,0.5
/content/drive/MyDrive/CV_Project/datasets/casia2/images/CASIA2.0_revised/Au/Au_ind_20029.jpg,0,0.5225166666666666,3,1,0.02,0.5
/content/drive/MyDrive/CV_Project/datasets/casia2/images/CASIA2.0_revised/Au/Au_ind_20030.jpg,0,0.3589769183537048,3,1,0.02,0.5
/content/drive/MyDrive/CV_Project/datasets/casia2/images/CASIA2.0_revised/Au/Au_ind_20031.jpg,0,0.329931640625,3,1,0.02,0.5
/content/drive/MyDrive/CV_Project/datasets/casia2/images/CASIA2.0_revised/Au/Au_ind_20032.jpg,0,0.4642416552113073,3,1,0.02,0.5
/content/drive/MyDrive/CV_Project/datasets/casia2/images/CASIA2.0_revised/Au/Au_ind_20033.jpg,0,0.1304655712050078,3,1,0.02,0.5
/content/drive/MyDrive/CV_Project/datasets/casia2/images/CASIA2.0_revised/Au/Au_ind_20034.jpg,0,0.43298125,3,1,0.02,0.5
/content/drive/MyDrive/CV_Project/datasets/casia2/images/CASIA2.0_revised/Au/Au_ind_20035.jpg,0,0.1345118162131626,3,1,0.02,0.5
/content/drive/MyDrive/CV_Project/datasets/casia2/images/CASIA2.0_revised/Au/Au_ind_20036.jpg,0,0.2947465034965035,3,1,0.02,0.5
/content/drive/MyDrive/CV_Project/datasets/casia2/images/CASIA2.0_revised/Au/Au_ind_20037.jpg,0,0.5546714340545017,3,1,0.02,0.5
/content/drive/MyDrive/CV_Project/datasets/casia2/images/CASIA2.0_revised/Au/Au_ind_20038.jpg,0,0.20081875,3,1,0.02,0.5
/content/drive/MyDrive/CV_Project/datasets/casia2/images/CASIA2.0_revised/Au/Au_ind_20039.jpg,0,0.0,3,1,0.02,0.5
/content/drive/MyDrive/CV_Project/datasets/casia2/images/CASIA2.0_revised/Au/Au_ind_20040.jpg,0,0.2923663227016885,3,1,0.02,0.5
/content/drive/MyDrive/CV_Project/datasets/casia2/images/CASIA2.0_revised/Au/Au_ind_20041.jpg,0,0.1050461681080223,3,1,0.02,0.5
/content/drive/MyDrive/CV_Project/datasets/casia2/images/CASIA2.0_revised/Au/Au_ind_20042.jpg,0,0.5507333333333333,3,1,0.02,0.5
/content/drive/MyDrive/CV_Project/datasets/casia2/images/CASIA2.0_revised/Au/Au_ind_20043.jpg,0,0.39779375,3,1,0.02,0.5
/content/drive/MyDrive/CV_Project/datasets/casia2/images/CASIA2.0_revised/Au/Au_ind_20044.jpg,0,0.2467104166666666,3,1,0.02,0.5
/content/drive/MyDrive/CV_Project/datasets/casia2/images/CASIA2.0_revised/Au/Au_ind_20045.jpg,0,0.15945625,3,1,0.02,0.5
/content/drive/MyDrive/CV_Project/datasets/casia2/images/CASIA2.0_revised/Au/Au_ind_20046.jpg,0,0.2222729166666666,3,1,0.02,0.5
/content/drive/MyDrive/CV_Project/datasets/casia2/images/CASIA2.0_revised/Au/Au_ind_20047.jpg,0,0.2704491017964072,3,1,0.02,0.5
/content/drive/MyDrive/CV_Project/datasets/casia2/images/CASIA2.0_revised/Au/Au_ind_20048.jpg,0,0.1010523798134417,3,1,0.02,0.5
/content/drive/MyDrive/CV_Project/datasets/casia2/images/CASIA2.0_revised/Au/Au_ind_20049.jpg,0,0.2833925049309664,3,1,0.02,0.5
/content/drive/MyDrive/CV_Project/datasets/casia2/images/CASIA2.0_revised/Au/Au_ind_20050.jpg,0,0.4386178861788617,3,1,0.02,0.5
/content/drive/MyDrive/CV_Project/datasets/casia2/images/CASIA2.0_revised/Au/Au_ind_20051.jpg,0,0.3084817813765182,3,1,0.02,0.5
/content/drive/MyDrive/CV_Project/datasets/casia2/images/CASIA2.0_revised/Au/Au_ind_20052.jpg,0,0.2382062665687182,3,1,0.02,0.5
/content/drive/MyDrive/CV_Project/datasets/casia2/images/CASIA2.0_revised/Au/Au_ind_20053.jpg,0,0.4977292355341136,3,1,0.02,0.5
/content/drive/MyDrive/CV_Project/datasets/casia2/images/CASIA2.0_revised/Au/Au_ind_20054.jpg,0,0.646963711529628,3,1,0.02,0.5
/content/drive/MyDrive/CV_Project/datasets/casia2/images/CASIA2.0_revised/Au/Au_ind_20055.jpg,0,0.6053006189213086,3,1,0.02,0.5
/content/drive/MyDrive/CV_Project/datasets/casia2/images/CASIA2.0_revised/Au/Au_ind_20056.jpg,0,0.5231604166666667,3,1,0.02,0.5
/content/drive/MyDrive/CV_Project/datasets/casia2/images/CASIA2.0_revised/Au/Au_ind_20057.jpg,0,0.1565100499295864,3,1,0.02,0.5
/content/drive/MyDrive/CV_Project/datasets/casia2/images/CASIA2.0_revised/Au/Au_ind_20058.jpg,0,0.4364355300859598,3,1,0.02,0.5
/content/drive/MyDrive/CV_Project/datasets/casia2/images/CASIA2.0_revised/Au/Au_ind_20059.jpg,0,0.3435930365296804,3,1,0.02,0.5
/content/drive/MyDrive/CV_Project/datasets/casia2/images/CASIA2.0_revised/Au/Au_ind_20060.jpg,0,0.3381757293376396,3,1,0.02,0.5
/content/drive/MyDrive/CV_Project/datasets/casia2/images/CASIA2.0_revised/Au/Au_ind_20061.jpg,0,0.0210294117647058,3,1,0.02,0.5
/content/drive/MyDrive/CV_Project/datasets/casia2/images/CASIA2.0_revised/Au/Au_ind_20062.jpg,0,0.1099849598930481,3,1,0.02,0.5
/content/drive/MyDrive/CV_Project/datasets/casia2/images/CASIA2.0_revised/Au/Au_ind_20063.jpg,0,0.0419235294117647,3,1,0.02,0.5
/content/drive/MyDrive/CV_Project/datasets/casia2/images/CASIA2.0_revised/Au/Au_ind_20064.jpg,0,0.1100466472303207,3,1,0.02,0.5
/content/drive/MyDrive/CV_Project/datasets/casia2/images/CASIA2.0_revised/Au/Au_ind_20065.jpg,0,0.3021434745030251,3,1,0.02,0.5
/content/drive/MyDrive/CV_Project/datasets/casia2/images/CASIA2.0_revised/Au/Au_ind_30001.jpg,0,0.13372802734375,3,1,0.02,0.5
/content/drive/MyDrive/CV_Project/datasets/casia2/images/CASIA2.0_revised/Au/Au_ind_30002.jpg,0,0.0281168619791666,3,1,0.02,0.5
/content/drive/MyDrive/CV_Project/datasets/casia2/images/CASIA2.0_revised/Au/Au_ind_30003.jpg,0,0.071990966796875,3,1,0.02,0.5
/content/drive/MyDrive/CV_Project/datasets/casia2/images/CASIA2.0_revised/Au/Au_ind_30004.jpg,0,0.0670064290364583,3,1,0.02,0.5
/content/drive/MyDrive/CV_Project/datasets/casia2/images/CASIA2.0_revised/Au/Au_ind_30005.jpg,0,0.49542236328125,3,1,0.02,0.5
/content/drive/MyDrive/CV_Project/datasets/casia2/images/CASIA2.0_revised/Au/Au_ind_30006.jpg,0,0.3113606770833333,3,1,0.02,0.5
/content/drive/MyDrive/CV_Project/datasets/casia2/images/CASIA2.0_revised/Au/Au_ind_30007.jpg,0,0.0,3,1,0.02,0.5
/content/drive/MyDrive/CV_Project/datasets/casia2/images/CASIA2.0_revised/Au/Au_ind_30008.jpg,0,0.0,3,1,0.02,0.5
/content/drive/MyDrive/CV_Project/datasets/casia2/images/CASIA2.0_revised/Au/Au_ind_30009.jpg,0,0.087677001953125,3,1,0.02,0.5
/content/drive/MyDrive/CV_Project/datasets/casia2/images/CASIA2.0_revised/Au/Au_ind_30010.jpg,0,0.1810302734375,3,1,0.02,0.5
/content/drive/MyDrive/CV_Project/datasets/casia2/images/CASIA2.0_revised/Au/Au_ind_30011.jpg,0,0.2818501790364583,3,1,0.02,0.5
/content/drive/MyDrive/CV_Project/datasets/casia2/images/CASIA2.0_revised/Au/Au_ind_30012.jpg,0,0.1786092122395833,3,1,0.02,0.5
/content/drive/MyDrive/CV_Project/datasets/casia2/images/CASIA2.0_revised/Au/Au_ind_30013.jpg,0,0.0,3,1,0.02,0.5
/content/drive/MyDrive/CV_Project/datasets/casia2/images/CASIA2.0_revised/Au/Au_ind_30014.jpg,0,0.0,3,1,0.02,0.5
/content/drive/MyDrive/CV_Project/datasets/casia2/images/CASIA2.0_revised/Au/Au_ind_30015.jpg,0,0.0,3,1,0.02,0.5
/content/drive/MyDrive/CV_Project/datasets/casia2/images/CASIA2.0_revised/Au/Au_ind_30016.jpg,0,0.0,3,1,0.02,0.5
/content/drive/MyDrive/CV_Project/datasets/casia2/images/CASIA2.0_revised/Au/Au_ind_30017.jpg,0,0.0,3,1,0.02,0.5
/content/drive/MyDrive/CV_Project/datasets/casia2/images/CASIA2.0_revised/Au/Au_ind_30018.jpg,0,0.200408935546875,3,1,0.02,0.5
/content/drive/MyDrive/CV_Project/datasets/casia2/images/CASIA2.0_revised/Au/Au_ind_30019.jpg,0,0.0291951497395833,3,1,0.02,0.5
/content/drive/MyDrive/CV_Project/datasets/casia2/images/CASIA2.0_revised/Au/Au_ind_30020.jpg,0,0.0579732259114583,3,1,0.02,0.5
/content/drive/MyDrive/CV_Project/datasets/casia2/images/CASIA2.0_revised/Au/Au_ind_30021.jpg,0,0.3278605143229167,3,1,0.02,0.5
/content/drive/MyDrive/CV_Project/datasets/casia2/images/CASIA2.0_revised/Au/Au_ind_30022.jpg,0,0.135711669921875,3,1,0.02,0.5
/content/drive/MyDrive/CV_Project/datasets/casia2/images/CASIA2.0_revised/Au/Au_ind_30023.jpg,0,0.1949869791666666,3,1,0.02,0.5
/content/drive/MyDrive/CV_Project/datasets/casia2/images/CASIA2.0_revised/Au/Au_ind_30024.jpg,0,0.0258585611979166,3,1,0.02,0.5
/content/drive/MyDrive/CV_Project/datasets/casia2/images/CASIA2.0_revised/Au/Au_ind_30025.jpg,0,0.0231526692708333,3,1,0.02,0.5
/content/drive/MyDrive/CV_Project/datasets/casia2/images/CASIA2.0_revised/Au/Au_ind_30026.jpg,0,0.48199462890625,3,1,0.02,0.5
/content/drive/MyDrive/CV_Project/datasets/casia2/images/CASIA2.0_revised/Au/Au_ind_30027.jpg,0,0.5323893229166666,3,1,0.02,0.5
/content/drive/MyDrive/CV_Project/datasets/casia2/images/CASIA2.0_revised/Au/Au_ind_30028.jpg,0,0.0,3,1,0.02,0.5
/content/drive/MyDrive/CV_Project/datasets/casia2/images/CASIA2.0_revised/Au/Au_ind_30029.jpg,0,0.7213134765625,3,1,0.02,0.5
/content/drive/MyDrive/CV_Project/datasets/casia2/images/CASIA2.0_revised/Au/Au_ind_30030.jpg,0,0.29364013671875,3,1,0.02,0.5
/content/drive/MyDrive/CV_Project/datasets/casia2/images/CASIA2.0_revised/Au/Au_ind_30031.jpg,0,0.1482950846354166,3,1,0.02,0.5
/content/drive/MyDrive/CV_Project/datasets/casia2/images/CASIA2.0_revised/Au/Au_ind_30032.jpg,0,0.1919047037760416,3,1,0.02,0.5
/content/drive/MyDrive/CV_Project/datasets/casia2/images/CASIA2.0_revised/Au/Au_ind_30033.jpg,0,0.0585530598958333,3,1,0.02,0.5
/content/drive/MyDrive/CV_Project/datasets/casia2/images/CASIA2.0_revised/Au/Au_ind_30034.jpg,0,0.1097920735677083,3,1,0.02,0.5
/content/drive/MyDrive/CV_Project/datasets/casia2/images/CASIA2.0_revised/Au/Au_ind_30035.jpg,0,0.1474609375,3,1,0.02,0.5
/content/drive/MyDrive/CV_Project/datasets/casia2/images/CASIA2.0_revised/Au/Au_ind_30036.jpg,0,0.0689595540364583,3,1,0.02,0.5
/content/drive/MyDrive/CV_Project/datasets/casia2/images/CASIA2.0_revised/Au/Au_ind_30037.jpg,0,0.0,3,1,0.02,0.5
/content/drive/MyDrive/CV_Project/datasets/casia2/images/CASIA2.0_revised/Au/Au_ind_30038.jpg,0,0.0,3,1,0.02,0.5
/content/drive/MyDrive/CV_Project/datasets/casia2/images/CASIA2.0_revised/Au/Au_ind_30039.jpg,0,0.2324422200520833,3,1,0.02,0.5
/content/drive/MyDrive/CV_Project/datasets/casia2/images/CASIA2.0_revised/Au/Au_ind_30040.jpg,0,0.0,3,1,0.02,0.5
/content/drive/MyDrive/CV_Project/datasets/casia2/images/CASIA2.0_revised/Au/Au_ind_30041.jpg,0,0.0,3,1,0.02,0.5
/content/drive/MyDrive/CV_Project/datasets/casia2/images/CASIA2.0_revised/Au/Au_ind_30042.jpg,0,0.2082621256510416,3,1,0.02,0.5
/content/drive/MyDrive/CV_Project/datasets/casia2/images/CASIA2.0_revised/Au/Au_ind_30043.jpg,0,0.12860107421875,3,1,0.02,0.5
/content/drive/MyDrive/CV_Project/datasets/casia2/images/CASIA2.0_revised/Au/Au_ind_30044.jpg,0,0.1021931966145833,3,1,0.02,0.5
/content/drive/MyDrive/CV_Project/datasets/casia2/images/CASIA2.0_revised/Au/Au_ind_30045.jpg,0,0.03857421875,3,1,0.02,0.5
/content/drive/MyDrive/CV_Project/datasets/casia2/images/CASIA2.0_revised/Au/Au_ind_30046.jpg,0,0.098876953125,3,1,0.02,0.5
/content/drive/MyDrive/CV_Project/datasets/casia2/images/CASIA2.0_revised/Au/Au_ind_30047.jpg,0,0.1352437337239583,3,1,0.02,0.5
/content/drive/MyDrive/CV_Project/datasets/casia2/images/CASIA2.0_revised/Au/Au_ind_30048.jpg,0,0.0637613932291666,3,1,0.02,0.5
/content/drive/MyDrive/CV_Project/datasets/casia2/images/CASIA2.0_revised/Au/Au_ind_30049.jpg,0,0.0673624674479166,3,1,0.02,0.5
/content/drive/MyDrive/CV_Project/datasets/casia2/images/CASIA2.0_revised/Au/Au_ind_30050.jpg,0,0.3005269368489583,3,1,0.02,0.5
/content/drive/MyDrive/CV_Project/datasets/casia2/images/CASIA2.0_revised/Au/Au_ind_30051.jpg,0,0.0988260904947916,3,1,0.02,0.5
/content/drive/MyDrive/CV_Project/datasets/casia2/images/CASIA2.0_revised/Au/Au_ind_30052.jpg,0,0.1332600911458333,3,1,0.02,0.5
/content/drive/MyDrive/CV_Project/datasets/casia2/images/CASIA2.0_revised/Au/Au_ind_30053.jpg,0,0.2853800455729167,3,1,0.02,0.5
/content/drive/MyDrive/CV_Project/datasets/casia2/images/CASIA2.0_revised/Au/Au_ind_30054.jpg,0,0.0,3,1,0.02,0.5
/content/drive/MyDrive/CV_Project/datasets/casia2/images/CASIA2.0_revised/Au/Au_ind_30055.jpg,0,0.1353251139322916,3,1,0.02,0.5
/content/drive/MyDrive/CV_Project/datasets/casia2/images/CASIA2.0_revised/Au/Au_ind_30056.jpg,0,0.0,3,1,0.02,0.5
/content/drive/MyDrive/CV_Project/datasets/casia2/images/CASIA2.0_revised/Au/Au_ind_30057.jpg,0,0.1014404296875,3,1,0.02,0.5
/content/drive/MyDrive/CV_Project/datasets/casia2/images/CASIA2.0_revised/Au/Au_ind_30058.jpg,0,0.2319742838541666,3,1,0.02,0.5
/content/drive/MyDrive/CV_Project/datasets/casia2/images/CASIA2.0_revised/Au/Au_ind_30059.jpg,0,0.2061360677083333,3,1,0.02,0.5
/content/drive/MyDrive/CV_Project/datasets/casia2/images/CASIA2.0_revised/Au/Au_ind_30060.jpg,0,0.4012858072916667,3,1,0.02,0.5
/content/drive/MyDrive/CV_Project/datasets/casia2/images/CASIA2.0_revised/Au/Au_ind_30061.jpg,0,0.4286397298177083,3,1,0.02,0.5
/content/drive/MyDrive/CV_Project/datasets/casia2/images/CASIA2.0_revised/Au/Au_ind_30062.jpg,0,0.1282755533854166,3,1,0.02,0.5
/content/drive/MyDrive/CV_Project/datasets/casia2/images/CASIA2.0_revised/Au/Au_ind_30063.jpg,0,0.0,3,1,0.02,0.5
/content/drive/MyDrive/CV_Project/datasets/casia2/images/CASIA2.0_revised/Au/Au_ind_30064.jpg,0,0.0,3,1,0.02,0.5
/content/drive/MyDrive/CV_Project/datasets/casia2/images/CASIA2.0_revised/Au/Au_ind_30065.jpg,0,0.0699259440104166,3,1,0.02,0.5
/content/drive/MyDrive/CV_Project/datasets/casia2/images/CASIA2.0_revised/Au/Au_ind_30066.jpg,0,0.0,3,1,0.02,0.5
/content/drive/MyDrive/CV_Project/datasets/casia2/images/CASIA2.0_revised/Au/Au_ind_30067.jpg,0,0.0,3,1,0.02,0.5
/content/drive/MyDrive/CV_Project/datasets/casia2/images/CASIA2.0_revised/Au/Au_ind_30068.jpg,0,0.0879313151041666,3,1,0.02,0.5
/content/drive/MyDrive/CV_Project/datasets/casia2/images/CASIA2.0_revised/Au/Au_ind_30069.jpg,0,0.0607096354166666,3,1,0.02,0.5
/content/drive/MyDrive/CV_Project/datasets/casia2/images/CASIA2.0_revised/Au/Au_ind_30070.jpg,0,0.0437215169270833,3,1,0.02,0.5
/content/drive/MyDrive/CV_Project/datasets/casia2/images/CASIA2.0_revised/Au/Au_ind_30071.jpg,0,0.0,3,1,0.02,0.5
/content/drive/MyDrive/CV_Project/datasets/casia2/images/CASIA2.0_revised/Au/Au_ind_30072.jpg,0,0.0,3,1,0.02,0.5
/content/drive/MyDrive/CV_Project/datasets/casia2/images/CASIA2.0_revised/Au/Au_ind_30073.jpg,0,0.0,3,1,0.02,0.5
/content/drive/MyDrive/CV_Project/datasets/casia2/images/CASIA2.0_revised/Au/Au_ind_30074.jpg,0,0.0,3,1,0.02,0.5
/content/drive/MyDrive/CV_Project/datasets/casia2/images/CASIA2.0_revised/Au/Au_ind_30075.jpg,0,0.0,3,1,0.02,0.5
/content/drive/MyDrive/CV_Project/datasets/casia2/images/CASIA2.0_revised/Au/Au_ind_30076.jpg,0,0.0,3,1,0.02,0.5
/content/drive/MyDrive/CV_Project/datasets/casia2/images/CASIA2.0_revised/Au/Au_ind_30077.jpg,0,0.0,3,1,0.02,0.5
/content/drive/MyDrive/CV_Project/datasets/casia2/images/CASIA2.0_revised/Au/Au_ind_30078.jpg,0,0.0,3,1,0.02,0.5
/content/drive/MyDrive/CV_Project/datasets/casia2/images/CASIA2.0_revised/Au/Au_ind_30079.jpg,0,0.1248575846354166,3,1,0.02,0.5
/content/drive/MyDrive/CV_Project/datasets/casia2/images/CASIA2.0_revised/Au/Au_ind_30080.jpg,0,0.117034912109375,3,1,0.02,0.5
/content/drive/MyDrive/CV_Project/datasets/casia2/images/CASIA2.0_revised/Au/Au_ind_30081.jpg,0,0.100128173828125,3,1,0.02,0.5
/content/drive/MyDrive/CV_Project/datasets/casia2/images/CASIA2.0_revised/Au/Au_ind_30082.jpg,0,0.0,3,1,0.02,0.5
/content/drive/MyDrive/CV_Project/datasets/casia2/images/CASIA2.0_revised/Au/Au_ind_30083.jpg,0,0.104766845703125,3,1,0.02,0.5
/content/drive/MyDrive/CV_Project/datasets/casia2/images/CASIA2.0_revised/Au/Au_ind_30084.jpg,0,0.0,3,1,0.02,0.5
/content/drive/MyDrive/CV_Project/datasets/casia2/images/CASIA2.0_revised/Au/Au_ind_30085.jpg,0,0.0,3,1,0.02,0.5
/content/drive/MyDrive/CV_Project/datasets/casia2/images/CASIA2.0_revised/Au/Au_ind_30086.jpg,0,0.077972412109375,3,1,0.02,0.5
/content/drive/MyDrive/CV_Project/datasets/casia2/images/CASIA2.0_revised/Au/Au_ind_30087.jpg,0,0.0,3,1,0.02,0.5
/content/drive/MyDrive/CV_Project/datasets/casia2/images/CASIA2.0_revised/Au/Au_ind_30088.jpg,0,0.0,3,1,0.02,0.5
/content/drive/MyDrive/CV_Project/datasets/casia2/images/CASIA2.0_revised/Au/Au_ind_30089.jpg,0,0.0,3,1,0.02,0.5
/content/drive/MyDrive/CV_Project/datasets/casia2/images/CASIA2.0_revised/Au/Au_ind_30090.jpg,0,0.0,3,1,0.02,0.5
/content/drive/MyDrive/CV_Project/datasets/casia2/images/CASIA2.0_revised/Au/Au_ind_30091.jpg,0,0.0,3,1,0.02,0.5
/content/drive/MyDrive/CV_Project/datasets/casia2/images/CASIA2.0_revised/Au/Au_ind_30092.jpg,0,0.0,3,1,0.02,0.5
/content/drive/MyDrive/CV_Project/datasets/casia2/images/CASIA2.0_revised/Au/Au_ind_30093.jpg,0,0.0,3,1,0.02,0.5
/content/drive/MyDrive/CV_Project/datasets/casia2/images/CASIA2.0_revised/Au/Au_ind_30094.jpg,0,0.0340677897135416,3,1,0.02,0.5
/content/drive/MyDrive/CV_Project/datasets/casia2/images/CASIA2.0_revised/Au/Au_ind_30095.jpg,0,0.0,3,1,0.02,0.5
/content/drive/MyDrive/CV_Project/datasets/casia2/images/CASIA2.0_revised/Au/Au_ind_30096.jpg,0,0.0,3,1,0.02,0.5
/content/drive/MyDrive/CV_Project/datasets/casia2/images/CASIA2.0_revised/Au/Au_ind_30097.jpg,0,0.208099365234375,3,1,0.02,0.5
/content/drive/MyDrive/CV_Project/datasets/casia2/images/CASIA2.0_revised/Au/Au_ind_30098.jpg,0,0.0,3,1,0.02,0.5
/content/drive/MyDrive/CV_Project/datasets/casia2/images/CASIA2.0_revised/Au/Au_ind_30099.jpg,0,0.0,3,1,0.02,0.5
/content/drive/MyDrive/CV_Project/datasets/casia2/images/CASIA2.0_revised/Au/Au_ind_30100.jpg,0,0.0,3,1,0.02,0.5
/content/drive/MyDrive/CV_Project/datasets/casia2/images/CASIA2.0_revised/Au/Au_ind_30101.jpg,0,0.148345947265625,3,1,0.02,0.5
/content/drive/MyDrive/CV_Project/datasets/casia2/images/CASIA2.0_revised/Au/Au_ind_30102.jpg,0,0.0,3,1,0.02,0.5
/content/drive/MyDrive/CV_Project/datasets/casia2/images/CASIA2.0_revised/Au/Au_ind_30103.jpg,0,0.0,3,1,0.02,0.5
/content/drive/MyDrive/CV_Project/datasets/casia2/images/CASIA2.0_revised/Au/Au_ind_30104.jpg,0,0.0209452311197916,3,1,0.02,0.5
/content/drive/MyDrive/CV_Project/datasets/casia2/images/CASIA2.0_revised/Au/Au_ind_30105.jpg,0,0.0,3,1,0.02,0.5
/content/drive/MyDrive/CV_Project/datasets/casia2/images/CASIA2.0_revised/Au/Au_ind_30106.jpg,0,0.0,3,1,0.02,0.5
/content/drive/MyDrive/CV_Project/datasets/casia2/images/CASIA2.0_revised/Au/Au_ind_30107.jpg,0,0.0,3,1,0.02,0.5
/content/drive/MyDrive/CV_Project/datasets/casia2/images/CASIA2.0_revised/Au/Au_ind_30108.jpg,0,0.1276652018229166,3,1,0.02,0.5
/content/drive/MyDrive/CV_Project/datasets/casia2/images/CASIA2.0_revised/Au/Au_ind_30109.jpg,0,0.0,3,1,0.02,0.5
/content/drive/MyDrive/CV_Project/datasets/casia2/images/CASIA2.0_revised/Au/Au_ind_30110.jpg,0,0.0,3,1,0.02,0.5
/content/drive/MyDrive/CV_Project/datasets/casia2/images/CASIA2.0_revised/Au/Au_ind_30111.jpg,0,0.4441121419270833,3,1,0.02,0.5
/content/drive/MyDrive/CV_Project/datasets/casia2/images/CASIA2.0_revised/Au/Au_ind_30112.jpg,0,0.0,3,1,0.02,0.5
/content/drive/MyDrive/CV_Project/datasets/casia2/images/CASIA2.0_revised/Au/Au_ind_30113.jpg,0,0.0,3,1,0.02,0.5
/content/drive/MyDrive/CV_Project/datasets/casia2/images/CASIA2.0_revised/Au/Au_ind_30114.jpg,0,0.0,3,1,0.02,0.5
/content/drive/MyDrive/CV_Project/datasets/casia2/images/CASIA2.0_revised/Au/Au_ind_30115.jpg,0,0.0726826985677083,3,1,0.02,0.5
/content/drive/MyDrive/CV_Project/datasets/casia2/images/CASIA2.0_revised/Au/Au_ind_30116.jpg,0,0.0,3,1,0.02,0.5
/content/drive/MyDrive/CV_Project/datasets/casia2/images/CASIA2.0_revised/Au/Au_ind_30117.jpg,0,0.2869364420572917,3,1,0.02,0.5
/content/drive/MyDrive/CV_Project/datasets/casia2/images/CASIA2.0_revised/Au/Au_ind_30118.jpg,0,0.0,3,1,0.02,0.5
/content/drive/MyDrive/CV_Project/datasets/casia2/images/CASIA2.0_revised/Au/Au_ind_30119.jpg,0,0.0,3,1,0.02,0.5
/content/drive/MyDrive/CV_Project/datasets/casia2/images/CASIA2.0_revised/Au/Au_ind_30120.jpg,0,0.0,3,1,0.02,0.5
/content/drive/MyDrive/CV_Project/datasets/casia2/images/CASIA2.0_revised/Au/Au_ind_30121.jpg,0,0.0,3,1,0.02,0.5
/content/drive/MyDrive/CV_Project/datasets/casia2/images/CASIA2.0_revised/Au/Au_ind_30122.jpg,0,0.0,3,1,0.02,0.5
/content/drive/MyDrive/CV_Project/datasets/casia2/images/CASIA2.0_revised/Au/Au_ind_30123.jpg,0,0.041259765625,3,1,0.02,0.5
/content/drive/MyDrive/CV_Project/datasets/casia2/images/CASIA2.0_revised/Au/Au_ind_30124.jpg,0,0.0,3,1,0.02,0.5
/content/drive/MyDrive/CV_Project/datasets/casia2/images/CASIA2.0_revised/Au/Au_ind_30125.jpg,0,0.0,3,1,0.02,0.5
/content/drive/MyDrive/CV_Project/datasets/casia2/images/CASIA2.0_revised/Au/Au_ind_30126.jpg,0,0.0,3,1,0.02,0.5
/content/drive/MyDrive/CV_Project/datasets/casia2/images/CASIA2.0_revised/Au/Au_ind_30127.jpg,0,0.0,3,1,0.02,0.5
/content/drive/MyDrive/CV_Project/datasets/casia2/images/CASIA2.0_revised/Au/Au_ind_30128.jpg,0,0.0,3,1,0.02,0.5
/content/drive/MyDrive/CV_Project/datasets/casia2/images/CASIA2.0_revised/Au/Au_ind_30129.jpg,0,0.0,3,1,0.02,0.5
/content/drive/MyDrive/CV_Project/datasets/casia2/images/CASIA2.0_revised/Au/Au_ind_30130.jpg,0,0.0,3,1,0.02,0.5
/content/drive/MyDrive/CV_Project/datasets/casia2/images/CASIA2.0_revised/Au/Au_ind_30131.jpg,0,0.0,3,1,0.02,0.5
/content/drive/MyDrive/CV_Project/datasets/casia2/images/CASIA2.0_revised/Au/Au_ind_30132.jpg,0,0.0519307454427083,3,1,0.02,0.5
/content/drive/MyDrive/CV_Project/datasets/casia2/images/CASIA2.0_revised/Au/Au_ind_30133.jpg,0,0.1405232747395833,3,1,0.02,0.5
/content/drive/MyDrive/CV_Project/datasets/casia2/images/CASIA2.0_revised/Au/Au_ind_30134.jpg,0,0.0,3,1,0.02,0.5
/content/drive/MyDrive/CV_Project/datasets/casia2/images/CASIA2.0_revised/Au/Au_ind_30135.jpg,0,0.0878804524739583,3,1,0.02,0.5
/content/drive/MyDrive/CV_Project/datasets/casia2/images/CASIA2.0_revised/Au/Au_ind_30136.jpg,0,0.0,3,1,0.02,0.5
/content/drive/MyDrive/CV_Project/datasets/casia2/images/CASIA2.0_revised/Au/Au_ind_30137.jpg,0,0.67767333984375,3,1,0.02,0.5
/content/drive/MyDrive/CV_Project/datasets/casia2/images/CASIA2.0_revised/Au/Au_ind_30138.jpg,0,0.0460917154947916,3,1,0.02,0.5
/content/drive/MyDrive/CV_Project/datasets/casia2/images/CASIA2.0_revised/Au/Au_ind_30139.jpg,0,0.3695882161458333,3,1,0.02,0.5
/content/drive/MyDrive/CV_Project/datasets/casia2/images/CASIA2.0_revised/Au/Au_ind_30140.jpg,0,0.129669189453125,3,1,0.02,0.5
/content/drive/MyDrive/CV_Project/datasets/casia2/images/CASIA2.0_revised/Au/Au_ind_30141.jpg,0,0.154510498046875,3,1,0.02,0.5
/content/drive/MyDrive/CV_Project/datasets/casia2/images/CASIA2.0_revised/Au/Au_ind_30142.jpg,0,0.2055765787760416,3,1,0.02,0.5
/content/drive/MyDrive/CV_Project/datasets/casia2/images/CASIA2.0_revised/Au/Au_ind_30143.jpg,0,0.257598876953125,3,1,0.02,0.5
/content/drive/MyDrive/CV_Project/datasets/casia2/images/CASIA2.0_revised/Au/Au_ind_30144.jpg,0,0.242431640625,3,1,0.02,0.5
/content/drive/MyDrive/CV_Project/datasets/casia2/images/CASIA2.0_revised/Au/Au_ind_30145.jpg,0,0.0,3,1,0.02,0.5
/content/drive/MyDrive/CV_Project/datasets/casia2/images/CASIA2.0_revised/Au/Au_ind_30146.jpg,0,0.2010701497395833,3,1,0.02,0.5
/content/drive/MyDrive/CV_Project/datasets/casia2/images/CASIA2.0_revised/Au/Au_ind_30147.jpg,0,0.0965474446614583,3,1,0.02,0.5
/content/drive/MyDrive/CV_Project/datasets/casia2/images/CASIA2.0_revised/Au/Au_ind_30148.jpg,0,0.224761962890625,3,1,0.02,0.5
/content/drive/MyDrive/CV_Project/datasets/casia2/images/CASIA2.0_revised/Au/Au_ind_30149.jpg,0,0.048736572265625,3,1,0.02,0.5
/content/drive/MyDrive/CV_Project/datasets/casia2/images/CASIA2.0_revised/Au/Au_ind_30150.jpg,0,0.0200602213541666,3,1,0.02,0.5
/content/drive/MyDrive/CV_Project/datasets/casia2/images/CASIA2.0_revised/Au/Au_ind_30151.jpg,0,0.2166951497395833,3,1,0.02,0.5
/content/drive/MyDrive/CV_Project/datasets/casia2/images/CASIA2.0_revised/Au/Au_ind_30152.jpg,0,0.0,3,1,0.02,0.5
/content/drive/MyDrive/CV_Project/datasets/casia2/images/CASIA2.0_revised/Au/Au_ind_30153.jpg,0,0.2592264811197917,3,1,0.02,0.5
/content/drive/MyDrive/CV_Project/datasets/casia2/images/CASIA2.0_revised/Au/Au_ind_30154.jpg,0,0.0,3,1,0.02,0.5
/content/drive/MyDrive/CV_Project/datasets/casia2/images/CASIA2.0_revised/Au/Au_ind_30155.jpg,0,0.0,3,1,0.02,0.5
/content/drive/MyDrive/CV_Project/datasets/casia2/images/CASIA2.0_revised/Au/Au_ind_30156.jpg,0,0.0,3,1,0.02,0.5
/content/drive/MyDrive/CV_Project/datasets/casia2/images/CASIA2.0_revised/Au/Au_ind_30157.jpg,0,0.0308024088541666,3,1,0.02,0.5
/content/drive/MyDrive/CV_Project/datasets/casia2/images/CASIA2.0_revised/Au/Au_ind_30158.jpg,0,0.186126708984375,3,1,0.02,0.5
/content/drive/MyDrive/CV_Project/datasets/casia2/images/CASIA2.0_revised/Au/Au_ind_30159.jpg,0,0.0374654134114583,3,1,0.02,0.5
/content/drive/MyDrive/CV_Project/datasets/casia2/images/CASIA2.0_revised/Au/Au_ind_30160.jpg,0,0.6014302571614584,3,1,0.02,0.5
/content/drive/MyDrive/CV_Project/datasets/casia2/images/CASIA2.0_revised/Au/Au_ind_30161.jpg,0,0.0,3,1,0.02,0.5
/content/drive/MyDrive/CV_Project/datasets/casia2/images/CASIA2.0_revised/Au/Au_ind_30162.jpg,0,0.2399698893229166,3,1,0.02,0.5
/content/drive/MyDrive/CV_Project/datasets/casia2/images/CASIA2.0_revised/Au/Au_ind_30163.jpg,0,0.2542012532552083,3,1,0.02,0.5
/content/drive/MyDrive/CV_Project/datasets/casia2/images/CASIA2.0_revised/Au/Au_ind_30164.jpg,0,0.2057291666666666,3,1,0.02,0.5
/content/drive/MyDrive/CV_Project/datasets/casia2/images/CASIA2.0_revised/Au/Au_ind_30165.jpg,0,0.0347086588541666,3,1,0.02,0.5
/content/drive/MyDrive/CV_Project/datasets/casia2/images/CASIA2.0_revised/Au/Au_ind_30166.jpg,0,0.1553548177083333,3,1,0.02,0.5
/content/drive/MyDrive/CV_Project/datasets/casia2/images/CASIA2.0_revised/Au/Au_ind_30167.jpg,0,0.0236307779947916,3,1,0.02,0.5
/content/drive/MyDrive/CV_Project/datasets/casia2/images/CASIA2.0_revised/Au/Au_ind_30168.jpg,0,0.2186075846354166,3,1,0.02,0.5
/content/drive/MyDrive/CV_Project/datasets/casia2/images/CASIA2.0_revised/Au/Au_ind_30169.jpg,0,0.4567362467447917,3,1,0.02,0.5
/content/drive/MyDrive/CV_Project/datasets/casia2/images/CASIA2.0_revised/Au/Au_ind_30170.jpg,0,0.0907999674479166,3,1,0.02,0.5
/content/drive/MyDrive/CV_Project/datasets/casia2/images/CASIA2.0_revised/Au/Au_ind_30171.jpg,0,0.1160888671875,3,1,0.02,0.5
/content/drive/MyDrive/CV_Project/datasets/casia2/images/CASIA2.0_revised/Au/Au_ind_30172.jpg,0,0.5216573079427084,3,1,0.02,0.5
/content/drive/MyDrive/CV_Project/datasets/casia2/images/CASIA2.0_revised/Au/Au_ind_30173.jpg,0,0.148773193359375,3,1,0.02,0.5
/content/drive/MyDrive/CV_Project/datasets/casia2/images/CASIA2.0_revised/Au/Au_ind_30174.jpg,0,0.02294921875,3,1,0.02,0.5
/content/drive/MyDrive/CV_Project/datasets/casia2/images/CASIA2.0_revised/Au/Au_ind_30175.jpg,0,0.0,3,1,0.02,0.5
/content/drive/MyDrive/CV_Project/datasets/casia2/images/CASIA2.0_revised/Au/Au_nat_00001.jpg,0,0.4166768391927083,3,1,0.02,0.5
/content/drive/MyDrive/CV_Project/datasets/casia2/images/CASIA2.0_revised/Au/Au_nat_00002.jpg,0,0.0466715494791666,3,1,0.02,0.5
/content/drive/MyDrive/CV_Project/datasets/casia2/images/CASIA2.0_revised/Au/Au_nat_00003.jpg,0,0.2268575032552083,3,1,0.02,0.5
/content/drive/MyDrive/CV_Project/datasets/casia2/images/CASIA2.0_revised/Au/Au_nat_00004.jpg,0,0.5812886555989584,3,1,0.02,0.5
/content/drive/MyDrive/CV_Project/datasets/casia2/images/CASIA2.0_revised/Au/Au_nat_00005.jpg,0,0.9197896321614584,3,1,0.02,0.5
/content/drive/MyDrive/CV_Project/datasets/casia2/images/CASIA2.0_revised/Au/Au_nat_00006.jpg,0,0.1458943684895833,3,1,0.02,0.5
/content/drive/MyDrive/CV_Project/datasets/casia2/images/CASIA2.0_revised/Au/Au_nat_00007.jpg,0,0.4062601725260417,3,1,0.02,0.5
/content/drive/MyDrive/CV_Project/datasets/casia2/images/CASIA2.0_revised/Au/Au_nat_00008.jpg,0,0.3941752115885417,3,1,0.02,0.5
/content/drive/MyDrive/CV_Project/datasets/casia2/images/CASIA2.0_revised/Au/Au_nat_00009.jpg,0,0.4300130208333333,3,1,0.02,0.5
/content/drive/MyDrive/CV_Project/datasets/casia2/images/CASIA2.0_revised/Au/Au_nat_00010.jpg,0,0.53192138671875,3,1,0.02,0.5
/content/drive/MyDrive/CV_Project/datasets/casia2/images/CASIA2.0_revised/Au/Au_nat_00011.jpg,0,0.3763427734375,3,1,0.02,0.5
/content/drive/MyDrive/CV_Project/datasets/casia2/images/CASIA2.0_revised/Au/Au_nat_00012.jpg,0,0.362884521484375,3,1,0.02,0.5
/content/drive/MyDrive/CV_Project/datasets/casia2/images/CASIA2.0_revised/Au/Au_nat_00013.jpg,0,0.0,3,1,0.02,0.5
/content/drive/MyDrive/CV_Project/datasets/casia2/images/CASIA2.0_revised/Au/Au_nat_00014.jpg,0,0.1218058268229166,3,1,0.02,0.5
/content/drive/MyDrive/CV_Project/datasets/casia2/images/CASIA2.0_revised/Au/Au_nat_00015.jpg,0,0.0,3,1,0.02,0.5
/content/drive/MyDrive/CV_Project/datasets/casia2/images/CASIA2.0_revised/Au/Au_nat_00016.jpg,0,0.5748189290364584,3,1,0.02,0.5
/content/drive/MyDrive/CV_Project/datasets/casia2/images/CASIA2.0_revised/Au/Au_nat_00017.jpg,0,0.6707051595052084,3,1,0.02,0.5
/content/drive/MyDrive/CV_Project/datasets/casia2/images/CASIA2.0_revised/Au/Au_nat_00018.jpg,0,0.4221089680989583,3,1,0.02,0.5
/content/drive/MyDrive/CV_Project/datasets/casia2/images/CASIA2.0_revised/Au/Au_nat_00019.jpg,0,0.2555440266927083,3,1,0.02,0.5
/content/drive/MyDrive/CV_Project/datasets/casia2/images/CASIA2.0_revised/Au/Au_nat_00020.jpg,0,0.5011494954427084,3,1,0.02,0.5
/content/drive/MyDrive/CV_Project/datasets/casia2/images/CASIA2.0_revised/Au/Au_nat_00021.jpg,0,0.1187032063802083,3,1,0.02,0.5
/content/drive/MyDrive/CV_Project/datasets/casia2/images/CASIA2.0_revised/Au/Au_nat_00022.jpg,0,0.44097900390625,3,1,0.02,0.5
/content/drive/MyDrive/CV_Project/datasets/casia2/images/CASIA2.0_revised/Au/Au_nat_00023.jpg,0,0.6737467447916666,3,1,0.02,0.5
/content/drive/MyDrive/CV_Project/datasets/casia2/images/CASIA2.0_revised/Au/Au_nat_00024.jpg,0,0.0,3,1,0.02,0.5
/content/drive/MyDrive/CV_Project/datasets/casia2/images/CASIA2.0_revised/Au/Au_nat_00025.jpg,0,0.6028238932291666,3,1,0.02,0.5
/content/drive/MyDrive/CV_Project/datasets/casia2/images/CASIA2.0_revised/Au/Au_nat_00026.jpg,0,0.1259562174479166,3,1,0.02,0.5
/content/drive/MyDrive/CV_Project/datasets/casia2/images/CASIA2.0_revised/Au/Au_nat_00027.jpg,0,0.2992350260416667,3,1,0.02,0.5
/content/drive/MyDrive/CV_Project/datasets/casia2/images/CASIA2.0_revised/Au/Au_nat_00028.jpg,0,0.329071044921875,3,1,0.02,0.5
/content/drive/MyDrive/CV_Project/datasets/casia2/images/CASIA2.0_revised/Au/Au_nat_00029.jpg,0,0.2102559407552083,3,1,0.02,0.5
/content/drive/MyDrive/CV_Project/datasets/casia2/images/CASIA2.0_revised/Au/Au_nat_00030.jpg,0,0.2476806640625,3,1,0.02,0.5
/content/drive/MyDrive/CV_Project/datasets/casia2/images/CASIA2.0_revised/Au/Au_nat_00031.jpg,0,0.5646565755208334,3,1,0.02,0.5
/content/drive/MyDrive/CV_Project/datasets/casia2/images/CASIA2.0_revised/Au/Au_nat_00032.jpg,0,0.439056396484375,3,1,0.02,0.5
/content/drive/MyDrive/CV_Project/datasets/casia2/images/CASIA2.0_revised/Au/Au_nat_00033.jpg,0,0.5161336263020834,3,1,0.02,0.5
/content/drive/MyDrive/CV_Project/datasets/casia2/images/CASIA2.0_revised/Au/Au_nat_00034.jpg,0,0.26910400390625,3,1,0.02,0.5
/content/drive/MyDrive/CV_Project/datasets/casia2/images/CASIA2.0_revised/Au/Au_nat_00035.jpg,0,0.020477294921875,3,1,0.02,0.5
/content/drive/MyDrive/CV_Project/datasets/casia2/images/CASIA2.0_revised/Au/Au_nat_00036.jpg,0,0.1089579264322916,3,1,0.02,0.5
/content/drive/MyDrive/CV_Project/datasets/casia2/images/CASIA2.0_revised/Au/Au_nat_00037.jpg,0,0.4318339029947917,3,1,0.02,0.5
/content/drive/MyDrive/CV_Project/datasets/casia2/images/CASIA2.0_revised/Au/Au_nat_00038.jpg,0,0.5614522298177084,3,1,0.02,0.5
/content/drive/MyDrive/CV_Project/datasets/casia2/images/CASIA2.0_revised/Au/Au_nat_00039.jpg,0,0.246856689453125,3,1,0.02,0.5
/content/drive/MyDrive/CV_Project/datasets/casia2/images/CASIA2.0_revised/Au/Au_nat_00040.jpg,0,0.6627298990885416,3,1,0.02,0.5
/content/drive/MyDrive/CV_Project/datasets/casia2/images/CASIA2.0_revised/Au/Au_nat_00041.jpg,0,0.53973388671875,3,1,0.02,0.5
/content/drive/MyDrive/CV_Project/datasets/casia2/images/CASIA2.0_revised/Au/Au_nat_00042.jpg,0,0.1957194010416666,3,1,0.02,0.5
/content/drive/MyDrive/CV_Project/datasets/casia2/images/CASIA2.0_revised/Au/Au_nat_00043.jpg,0,0.0,3,1,0.02,0.5
/content/drive/MyDrive/CV_Project/datasets/casia2/images/CASIA2.0_revised/Au/Au_nat_00044.jpg,0,0.1940816243489583,3,1,0.02,0.5
/content/drive/MyDrive/CV_Project/datasets/casia2/images/CASIA2.0_revised/Au/Au_nat_00045.jpg,0,0.4949442545572917,3,1,0.02,0.5
/content/drive/MyDrive/CV_Project/datasets/casia2/images/CASIA2.0_revised/Au/Au_nat_00046.jpg,0,0.3039652506510417,3,1,0.02,0.5
/content/drive/MyDrive/CV_Project/datasets/casia2/images/CASIA2.0_revised/Au/Au_nat_00047.jpg,0,0.8612772623697916,3,1,0.02,0.5
/content/drive/MyDrive/CV_Project/datasets/casia2/images/CASIA2.0_revised/Au/Au_nat_00048.jpg,0,0.511749267578125,3,1,0.02,0.5
/content/drive/MyDrive/CV_Project/datasets/casia2/images/CASIA2.0_revised/Au/Au_nat_00049.jpg,0,0.030548095703125,3,1,0.02,0.5
/content/drive/MyDrive/CV_Project/datasets/casia2/images/CASIA2.0_revised/Au/Au_nat_00050.jpg,0,0.218292236328125,3,1,0.02,0.5
/content/drive/MyDrive/CV_Project/datasets/casia2/images/CASIA2.0_revised/Au/Au_nat_00051.jpg,0,0.789581298828125,3,1,0.02,0.5
/content/drive/MyDrive/CV_Project/datasets/casia2/images/CASIA2.0_revised/Au/Au_nat_00052.jpg,0,0.9801534016927084,3,1,0.02,0.5
/content/drive/MyDrive/CV_Project/datasets/casia2/images/CASIA2.0_revised/Au/Au_nat_00053.jpg,0,0.6178487141927084,3,1,0.02,0.5
/content/drive/MyDrive/CV_Project/datasets/casia2/images/CASIA2.0_revised/Au/Au_nat_00054.jpg,0,0.4813232421875,3,1,0.02,0.5
/content/drive/MyDrive/CV_Project/datasets/casia2/images/CASIA2.0_revised/Au/Au_nat_00055.jpg,0,0.0706888834635416,3,1,0.02,0.5
/content/drive/MyDrive/CV_Project/datasets/casia2/images/CASIA2.0_revised/Au/Au_nat_00056.jpg,0,0.2471923828125,3,1,0.02,0.5
/content/drive/MyDrive/CV_Project/datasets/casia2/images/CASIA2.0_revised/Au/Au_nat_00057.jpg,0,0.34442138671875,3,1,0.02,0.5
/content/drive/MyDrive/CV_Project/datasets/casia2/images/CASIA2.0_revised/Au/Au_nat_00058.jpg,0,0.8475341796875,3,1,0.02,0.5
/content/drive/MyDrive/CV_Project/datasets/casia2/images/CASIA2.0_revised/Au/Au_nat_00059.jpg,0,0.03466796875,3,1,0.02,0.5
/content/drive/MyDrive/CV_Project/datasets/casia2/images/CASIA2.0_revised/Au/Au_nat_00060.jpg,0,0.370574951171875,3,1,0.02,0.5
/content/drive/MyDrive/CV_Project/datasets/casia2/images/CASIA2.0_revised/Au/Au_nat_00061.jpg,0,0.5234883626302084,3,1,0.02,0.5
/content/drive/MyDrive/CV_Project/datasets/casia2/images/CASIA2.0_revised/Au/Au_nat_00062.jpg,0,0.0,3,1,0.02,0.5
/content/drive/MyDrive/CV_Project/datasets/casia2/images/CASIA2.0_revised/Au/Au_nat_00063.jpg,0,0.0317891438802083,3,1,0.02,0.5
/content/drive/MyDrive/CV_Project/datasets/casia2/images/CASIA2.0_revised/Au/Au_nat_00064.jpg,0,0.445404052734375,3,1,0.02,0.5
/content/drive/MyDrive/CV_Project/datasets/casia2/images/CASIA2.0_revised/Au/Au_nat_00065.jpg,0,0.0984598795572916,3,1,0.02,0.5
/content/drive/MyDrive/CV_Project/datasets/casia2/images/CASIA2.0_revised/Au/Au_nat_00066.jpg,0,0.2233174641927083,3,1,0.02,0.5
/content/drive/MyDrive/CV_Project/datasets/casia2/images/CASIA2.0_revised/Au/Au_nat_00067.jpg,0,0.384552001953125,3,1,0.02,0.5
/content/drive/MyDrive/CV_Project/datasets/casia2/images/CASIA2.0_revised/Au/Au_nat_00068.jpg,0,0.19842529296875,3,1,0.02,0.5
/content/drive/MyDrive/CV_Project/datasets/casia2/images/CASIA2.0_revised/Au/Au_nat_00069.jpg,0,0.0,3,1,0.02,0.5
/content/drive/MyDrive/CV_Project/datasets/casia2/images/CASIA2.0_revised/Au/Au_nat_00070.jpg,0,0.3281351725260417,3,1,0.02,0.5
/content/drive/MyDrive/CV_Project/datasets/casia2/images/CASIA2.0_revised/Au/Au_nat_00071.jpg,0,0.0,3,1,0.02,0.5
/content/drive/MyDrive/CV_Project/datasets/casia2/images/CASIA2.0_revised/Au/Au_nat_00072.jpg,0,0.1150410970052083,3,1,0.02,0.5
/content/drive/MyDrive/CV_Project/datasets/casia2/images/CASIA2.0_revised/Au/Au_nat_00073.jpg,0,0.0,3,1,0.02,0.5
/content/drive/MyDrive/CV_Project/datasets/casia2/images/CASIA2.0_revised/Au/Au_nat_00074.jpg,0,0.0,3,1,0.02,0.5
/content/drive/MyDrive/CV_Project/datasets/casia2/images/CASIA2.0_revised/Au/Au_nat_00075.jpg,0,0.39794921875,3,1,0.02,0.5
/content/drive/MyDrive/CV_Project/datasets/casia2/images/CASIA2.0_revised/Au/Au_nat_00076.jpg,0,0.0,3,1,0.02,0.5
/content/drive/MyDrive/CV_Project/datasets/casia2/images/CASIA2.0_revised/Au/Au_nat_00077.jpg,0,0.1365458170572916,3,1,0.02,0.5
/content/drive/MyDrive/CV_Project/datasets/casia2/images/CASIA2.0_revised/Au/Au_nat_00078.jpg,0,0.21392822265625,3,1,0.02,0.5
/content/drive/MyDrive/CV_Project/datasets/casia2/images/CASIA2.0_revised/Au/Au_nat_00079.jpg,0,0.1451619466145833,3,1,0.02,0.5
/content/drive/MyDrive/CV_Project/datasets/casia2/images/CASIA2.0_revised/Au/Au_nat_00080.jpg,0,0.40203857421875,3,1,0.02,0.5
/content/drive/MyDrive/CV_Project/datasets/casia2/images/CASIA2.0_revised/Au/Au_nat_00081.jpg,0,0.239044189453125,3,1,0.02,0.5
/content/drive/MyDrive/CV_Project/datasets/casia2/images/CASIA2.0_revised/Au/Au_nat_00082.jpg,0,0.031341552734375,3,1,0.02,0.5
/content/drive/MyDrive/CV_Project/datasets/casia2/images/CASIA2.0_revised/Au/Au_nat_00083.jpg,0,0.5503641764322916,3,1,0.02,0.5
/content/drive/MyDrive/CV_Project/datasets/casia2/images/CASIA2.0_revised/Au/Au_nat_00084.jpg,0,0.5838114420572916,3,1,0.02,0.5
/content/drive/MyDrive/CV_Project/datasets/casia2/images/CASIA2.0_revised/Au/Au_nat_00085.jpg,0,0.15838623046875,3,1,0.02,0.5
/content/drive/MyDrive/CV_Project/datasets/casia2/images/CASIA2.0_revised/Au/Au_nat_00086.jpg,0,0.310791015625,3,1,0.02,0.5
/content/drive/MyDrive/CV_Project/datasets/casia2/images/CASIA2.0_revised/Au/Au_nat_00087.jpg,0,0.0,3,1,0.02,0.5
/content/drive/MyDrive/CV_Project/datasets/casia2/images/CASIA2.0_revised/Au/Au_nat_00088.jpg,0,0.0,3,1,0.02,0.5
/content/drive/MyDrive/CV_Project/datasets/casia2/images/CASIA2.0_revised/Au/Au_nat_00089.jpg,0,0.64111328125,3,1,0.02,0.5
/content/drive/MyDrive/CV_Project/datasets/casia2/images/CASIA2.0_revised/Au/Au_nat_00090.jpg,0,0.0267232259114583,3,1,0.02,0.5
/content/drive/MyDrive/CV_Project/datasets/casia2/images/CASIA2.0_revised/Au/Au_nat_00091.jpg,0,0.5593770345052084,3,1,0.02,0.5
/content/drive/MyDrive/CV_Project/datasets/casia2/images/CASIA2.0_revised/Au/Au_nat_00092.jpg,0,0.0608113606770833,3,1,0.02,0.5
/content/drive/MyDrive/CV_Project/datasets/casia2/images/CASIA2.0_revised/Au/Au_nat_00093.jpg,0,0.46063232421875,3,1,0.02,0.5
/content/drive/MyDrive/CV_Project/datasets/casia2/images/CASIA2.0_revised/Au/Au_nat_00094.jpg,0,0.4028727213541667,3,1,0.02,0.5
/content/drive/MyDrive/CV_Project/datasets/casia2/images/CASIA2.0_revised/Au/Au_nat_00095.jpg,0,0.0278727213541666,3,1,0.02,0.5
/content/drive/MyDrive/CV_Project/datasets/casia2/images/CASIA2.0_revised/Au/Au_nat_00096.jpg,0,0.5980326334635416,3,1,0.02,0.5
/content/drive/MyDrive/CV_Project/datasets/casia2/images/CASIA2.0_revised/Au/Au_nat_00097.jpg,0,0.6182149251302084,3,1,0.02,0.5
/content/drive/MyDrive/CV_Project/datasets/casia2/images/CASIA2.0_revised/Au/Au_nat_00098.jpg,0,0.192626953125,3,1,0.02,0.5
/content/drive/MyDrive/CV_Project/datasets/casia2/images/CASIA2.0_revised/Au/Au_nat_00099.jpg,0,0.0,3,1,0.02,0.5
/content/drive/MyDrive/CV_Project/datasets/casia2/images/CASIA2.0_revised/Au/Au_nat_00100.jpg,0,0.0,3,1,0.02,0.5
/content/drive/MyDrive/CV_Project/datasets/casia2/images/CASIA2.0_revised/Au/Au_nat_10001.jpg,0,0.1655760261194029,3,1,0.02,0.5
/content/drive/MyDrive/CV_Project/datasets/casia2/images/CASIA2.0_revised/Au/Au_nat_10002.jpg,0,0.0674020833333333,3,1,0.02,0.5
/content/drive/MyDrive/CV_Project/datasets/casia2/images/CASIA2.0_revised/Au/Au_nat_10003.jpg,0,0.6073722222222222,3,1,0.02,0.5
/content/drive/MyDrive/CV_Project/datasets/casia2/images/CASIA2.0_revised/Au/Au_nat_10101.jpg,0,0.1698697916666666,3,1,0.02,0.5
/content/drive/MyDrive/CV_Project/datasets/casia2/images/CASIA2.0_revised/Au/Au_nat_10102.jpg,0,0.209232,3,1,0.02,0.5
/content/drive/MyDrive/CV_Project/datasets/casia2/images/CASIA2.0_revised/Au/Au_nat_10103.jpg,0,0.1326666666666666,3,1,0.02,0.5
/content/drive/MyDrive/CV_Project/datasets/casia2/images/CASIA2.0_revised/Au/Au_nat_10104.jpg,0,0.4806722005208333,3,1,0.02,0.5
/content/drive/MyDrive/CV_Project/datasets/casia2/images/CASIA2.0_revised/Au/Au_nat_10105.jpg,0,0.2231648763020833,3,1,0.02,0.5
/content/drive/MyDrive/CV_Project/datasets/casia2/images/CASIA2.0_revised/Au/Au_nat_10106.jpg,0,0.2320353190104166,3,1,0.02,0.5
/content/drive/MyDrive/CV_Project/datasets/casia2/images/CASIA2.0_revised/Au/Au_nat_10107.jpg,0,0.33197021484375,3,1,0.02,0.5
/content/drive/MyDrive/CV_Project/datasets/casia2/images/CASIA2.0_revised/Au/Au_nat_10108.jpg,0,0.0,3,1,0.02,0.5
/content/drive/MyDrive/CV_Project/datasets/casia2/images/CASIA2.0_revised/Au/Au_nat_10109.jpg,0,0.0,3,1,0.02,0.5
/content/drive/MyDrive/CV_Project/datasets/casia2/images/CASIA2.0_revised/Au/Au_nat_10110.jpg,0,0.1319478352864583,3,1,0.02,0.5
/content/drive/MyDrive/CV_Project/datasets/casia2/images/CASIA2.0_revised/Au/Au_nat_10111.jpg,0,0.7041524251302084,3,1,0.02,0.5
/content/drive/MyDrive/CV_Project/datasets/casia2/images/CASIA2.0_revised/Au/Au_nat_10112.jpg,0,0.3972269694010417,3,1,0.02,0.5
/content/drive/MyDrive/CV_Project/datasets/casia2/images/CASIA2.0_revised/Au/Au_nat_10113.jpg,0,0.236541748046875,3,1,0.02,0.5
/content/drive/MyDrive/CV_Project/datasets/casia2/images/CASIA2.0_revised/Au/Au_nat_10114.jpg,0,0.3336893717447917,3,1,0.02,0.5
/content/drive/MyDrive/CV_Project/datasets/casia2/images/CASIA2.0_revised/Au/Au_nat_10115.jpg,0,0.3044535319010417,3,1,0.02,0.5
/content/drive/MyDrive/CV_Project/datasets/casia2/images/CASIA2.0_revised/Au/Au_nat_10116.jpg,0,0.2545267740885417,3,1,0.02,0.5
/content/drive/MyDrive/CV_Project/datasets/casia2/images/CASIA2.0_revised/Au/Au_nat_10117.jpg,0,0.1951802571614583,3,1,0.02,0.5
/content/drive/MyDrive/CV_Project/datasets/casia2/images/CASIA2.0_revised/Au/Au_nat_10118.jpg,0,0.4022725423177083,3,1,0.02,0.5
/content/drive/MyDrive/CV_Project/datasets/casia2/images/CASIA2.0_revised/Au/Au_nat_10119.jpg,0,0.17864990234375,3,1,0.02,0.5
/content/drive/MyDrive/CV_Project/datasets/casia2/images/CASIA2.0_revised/Au/Au_nat_10120.jpg,0,0.24053955078125,3,1,0.02,0.5
/content/drive/MyDrive/CV_Project/datasets/casia2/images/CASIA2.0_revised/Au/Au_nat_10121.jpg,0,0.1793314615885416,3,1,0.02,0.5
/content/drive/MyDrive/CV_Project/datasets/casia2/images/CASIA2.0_revised/Au/Au_nat_10122.jpg,0,0.4645487467447917,3,1,0.02,0.5
/content/drive/MyDrive/CV_Project/datasets/casia2/images/CASIA2.0_revised/Au/Au_nat_10123.jpg,0,0.4376017252604167,3,1,0.02,0.5
/content/drive/MyDrive/CV_Project/datasets/casia2/images/CASIA2.0_revised/Au/Au_nat_10124.jpg,0,0.0,3,1,0.02,0.5
/content/drive/MyDrive/CV_Project/datasets/casia2/images/CASIA2.0_revised/Au/Au_nat_10125.jpg,0,0.0,3,1,0.02,0.5
/content/drive/MyDrive/CV_Project/datasets/casia2/images/CASIA2.0_revised/Au/Au_nat_10126.jpg,0,0.0286661783854166,3,1,0.02,0.5
/content/drive/MyDrive/CV_Project/datasets/casia2/images/CASIA2.0_revised/Au/Au_nat_10127.jpg,0,0.3344828287760417,3,1,0.02,0.5
/content/drive/MyDrive/CV_Project/datasets/casia2/images/CASIA2.0_revised/Au/Au_nat_10128.jpg,0,0.35650634765625,3,1,0.02,0.5
/content/drive/MyDrive/CV_Project/datasets/casia2/images/CASIA2.0_revised/Au/Au_nat_10129.jpg,0,0.2928365071614583,3,1,0.02,0.5
/content/drive/MyDrive/CV_Project/datasets/casia2/images/CASIA2.0_revised/Au/Au_nat_10130.jpg,0,0.4344075520833333,3,1,0.02,0.5
/content/drive/MyDrive/CV_Project/datasets/casia2/images/CASIA2.0_revised/Au/Au_nat_10131.bmp,0,0.763291015625,3,1,0.02,0.5
/content/drive/MyDrive/CV_Project/datasets/casia2/images/CASIA2.0_revised/Au/Au_nat_10132.bmp,0,0.7242,3,1,0.02,0.5
/content/drive/MyDrive/CV_Project/datasets/casia2/images/CASIA2.0_revised/Au/Au_nat_10133.bmp,0,0.4698771929824561,3,1,0.02,0.5
/content/drive/MyDrive/CV_Project/datasets/casia2/images/CASIA2.0_revised/Au/Au_nat_10134.bmp,0,0.1537055555555555,3,1,0.02,0.5
/content/drive/MyDrive/CV_Project/datasets/casia2/images/CASIA2.0_revised/Au/Au_nat_10135.bmp,0,0.4636561403508772,3,1,0.02,0.5
/content/drive/MyDrive/CV_Project/datasets/casia2/images/CASIA2.0_revised/Au/Au_nat_10136.bmp,0,0.0,3,1,0.02,0.5
/content/drive/MyDrive/CV_Project/datasets/casia2/images/CASIA2.0_revised/Au/Au_nat_10137.bmp,0,0.275732421875,3,1,0.02,0.5
/content/drive/MyDrive/CV_Project/datasets/casia2/images/CASIA2.0_revised/Au/Au_nat_10138.bmp,0,0.57060546875,3,1,0.02,0.5
/content/drive/MyDrive/CV_Project/datasets/casia2/images/CASIA2.0_revised/Au/Au_nat_10139.bmp,0,0.746787109375,3,1,0.02,0.5
/content/drive/MyDrive/CV_Project/datasets/casia2/images/CASIA2.0_revised/Au/Au_nat_10140.bmp,0,0.4642415364583333,3,1,0.02,0.5
/content/drive/MyDrive/CV_Project/datasets/casia2/images/CASIA2.0_revised/Au/Au_nat_10141.bmp,0,0.6100781571369807,3,1,0.02,0.5
/content/drive/MyDrive/CV_Project/datasets/casia2/images/CASIA2.0_revised/Au/Au_nat_10142.bmp,0,0.3202115885416666,3,1,0.02,0.5
/content/drive/MyDrive/CV_Project/datasets/casia2/images/CASIA2.0_revised/Au/Au_nat_10143.bmp,0,0.3801985677083333,3,1,0.02,0.5
/content/drive/MyDrive/CV_Project/datasets/casia2/images/CASIA2.0_revised/Au/Au_nat_10144.bmp,0,0.8150520833333333,3,1,0.02,0.5
/content/drive/MyDrive/CV_Project/datasets/casia2/images/CASIA2.0_revised/Au/Au_nat_10145.bmp,0,0.5986588541666666,3,1,0.02,0.5
/content/drive/MyDrive/CV_Project/datasets/casia2/images/CASIA2.0_revised/Au/Au_nat_10146.bmp,0,0.0,3,1,0.02,0.5
/content/drive/MyDrive/CV_Project/datasets/casia2/images/CASIA2.0_revised/Au/Au_nat_10147.bmp,0,0.8001139322916667,3,1,0.02,0.5
/content/drive/MyDrive/CV_Project/datasets/casia2/images/CASIA2.0_revised/Au/Au_nat_10148.bmp,0,0.457557475204534,3,1,0.02,0.5
/content/drive/MyDrive/CV_Project/datasets/casia2/images/CASIA2.0_revised/Au/Au_nat_10149.bmp,0,0.324978289684172,3,1,0.02,0.5
/content/drive/MyDrive/CV_Project/datasets/casia2/images/CASIA2.0_revised/Au/Au_nat_10150.bmp,0,0.2877909342447917,3,1,0.02,0.5
/content/drive/MyDrive/CV_Project/datasets/casia2/images/CASIA2.0_revised/Au/Au_nat_10151.bmp,0,0.402041015625,3,1,0.02,0.5
/content/drive/MyDrive/CV_Project/datasets/casia2/images/CASIA2.0_revised/Au/Au_nat_10152.bmp,0,0.3475387357740299,3,1,0.02,0.5
/content/drive/MyDrive/CV_Project/datasets/casia2/images/CASIA2.0_revised/Au/Au_nat_10153.bmp,0,0.4236946614583333,3,1,0.02,0.5
/content/drive/MyDrive/CV_Project/datasets/casia2/images/CASIA2.0_revised/Au/Au_nat_10154.bmp,0,0.2406336466471354,3,1,0.02,0.5
/content/drive/MyDrive/CV_Project/datasets/casia2/images/CASIA2.0_revised/Au/Au_nat_10155.bmp,0,0.4651302083333333,3,1,0.02,0.5
/content/drive/MyDrive/CV_Project/datasets/casia2/images/CASIA2.0_revised/Au/Au_nat_10156.bmp,0,0.3343880208333333,3,1,0.02,0.5
/content/drive/MyDrive/CV_Project/datasets/casia2/images/CASIA2.0_revised/Au/Au_nat_10157.bmp,0,0.4802961744138215,3,1,0.02,0.5
/content/drive/MyDrive/CV_Project/datasets/casia2/images/CASIA2.0_revised/Au/Au_nat_10158.bmp,0,0.3620345052083333,3,1,0.02,0.5
/content/drive/MyDrive/CV_Project/datasets/casia2/images/CASIA2.0_revised/Au/Au_nat_10159.bmp,0,0.3164192708333333,3,1,0.02,0.5
/content/drive/MyDrive/CV_Project/datasets/casia2/images/CASIA2.0_revised/Au/Au_nat_10160.bmp,0,0.0333040364583333,3,1,0.02,0.5
/content/drive/MyDrive/CV_Project/datasets/casia2/images/CASIA2.0_revised/Au/Au_nat_10161.bmp,0,0.9649024178435944,3,1,0.02,0.5
/content/drive/MyDrive/CV_Project/datasets/casia2/images/CASIA2.0_revised/Au/Au_nat_10162.bmp,0,0.3510398098633392,3,1,0.02,0.5
/content/drive/MyDrive/CV_Project/datasets/casia2/images/CASIA2.0_revised/Au/Au_nat_10163.bmp,0,0.5181770833333333,3,1,0.02,0.5
/content/drive/MyDrive/CV_Project/datasets/casia2/images/CASIA2.0_revised/Au/Au_nat_10164.bmp,0,0.80242241418712,3,1,0.02,0.5
/content/drive/MyDrive/CV_Project/datasets/casia2/images/CASIA2.0_revised/Au/Au_nat_10165.bmp,0,0.19328125,3,1,0.02,0.5
/content/drive/MyDrive/CV_Project/datasets/casia2/images/CASIA2.0_revised/Au/Au_nat_10166.bmp,0,0.1548470052083333,3,1,0.02,0.5
/content/drive/MyDrive/CV_Project/datasets/casia2/images/CASIA2.0_revised/Au/Au_nat_10167.bmp,0,0.4904524739583333,3,1,0.02,0.5
/content/drive/MyDrive/CV_Project/datasets/casia2/images/CASIA2.0_revised/Au/Au_nat_10168.bmp,0,0.0,3,1,0.02,0.5
/content/drive/MyDrive/CV_Project/datasets/casia2/images/CASIA2.0_revised/Au/Au_nat_10169.bmp,0,0.4229720052083333,3,1,0.02,0.5
/content/drive/MyDrive/CV_Project/datasets/casia2/images/CASIA2.0_revised/Au/Au_nat_20001.jpg,0,0.3535686188811189,3,1,0.02,0.5
/content/drive/MyDrive/CV_Project/datasets/casia2/images/CASIA2.0_revised/Au/Au_nat_20002.jpg,0,0.7963942307692308,3,1,0.02,0.5
/content/drive/MyDrive/CV_Project/datasets/casia2/images/CASIA2.0_revised/Au/Au_nat_20003.jpg,0,0.8415666666666667,3,1,0.02,0.5
/content/drive/MyDrive/CV_Project/datasets/casia2/images/CASIA2.0_revised/Au/Au_nat_20004.jpg,0,0.1465625,3,1,0.02,0.5
/content/drive/MyDrive/CV_Project/datasets/casia2/images/CASIA2.0_revised/Au/Au_nat_20005.jpg,0,0.0,3,1,0.02,0.5
/content/drive/MyDrive/CV_Project/datasets/casia2/images/CASIA2.0_revised/Au/Au_nat_20006.jpg,0,0.5017604166666667,3,1,0.02,0.5
/content/drive/MyDrive/CV_Project/datasets/casia2/images/CASIA2.0_revised/Au/Au_nat_20007.jpg,0,0.5898645833333334,3,1,0.02,0.5
/content/drive/MyDrive/CV_Project/datasets/casia2/images/CASIA2.0_revised/Au/Au_nat_20008.jpg,0,0.7161247913188648,3,1,0.02,0.5
/content/drive/MyDrive/CV_Project/datasets/casia2/images/CASIA2.0_revised/Au/Au_nat_20009.jpg,0,0.309987911025145,3,1,0.02,0.5
/content/drive/MyDrive/CV_Project/datasets/casia2/images/CASIA2.0_revised/Au/Au_nat_20010.jpg,0,0.5676990291262136,3,1,0.02,0.5
/content/drive/MyDrive/CV_Project/datasets/casia2/images/CASIA2.0_revised/Au/Au_nat_20011.jpg,0,0.6072635135135135,3,1,0.02,0.5
/content/drive/MyDrive/CV_Project/datasets/casia2/images/CASIA2.0_revised/Au/Au_nat_20012.jpg,0,0.5905322736030828,3,1,0.02,0.5
/content/drive/MyDrive/CV_Project/datasets/casia2/images/CASIA2.0_revised/Au/Au_nat_20013.jpg,0,0.3162572393822394,3,1,0.02,0.5
/content/drive/MyDrive/CV_Project/datasets/casia2/images/CASIA2.0_revised/Au/Au_nat_20014.jpg,0,0.0268918269230769,3,1,0.02,0.5
/content/drive/MyDrive/CV_Project/datasets/casia2/images/CASIA2.0_revised/Au/Au_nat_20015.jpg,0,0.31613125,3,1,0.02,0.5
/content/drive/MyDrive/CV_Project/datasets/casia2/images/CASIA2.0_revised/Au/Au_nat_20016.jpg,0,0.159728886756238,3,1,0.02,0.5
/content/drive/MyDrive/CV_Project/datasets/casia2/images/CASIA2.0_revised/Au/Au_nat_20017.jpg,0,0.4041842610364683,3,1,0.02,0.5
/content/drive/MyDrive/CV_Project/datasets/casia2/images/CASIA2.0_revised/Au/Au_nat_20018.jpg,0,0.3166578694817658,3,1,0.02,0.5
/content/drive/MyDrive/CV_Project/datasets/casia2/images/CASIA2.0_revised/Au/Au_nat_20019.jpg,0,0.0867946257197696,3,1,0.02,0.5
/content/drive/MyDrive/CV_Project/datasets/casia2/images/CASIA2.0_revised/Au/Au_nat_20020.jpg,0,0.5515499040307101,3,1,0.02,0.5
/content/drive/MyDrive/CV_Project/datasets/casia2/images/CASIA2.0_revised/Au/Au_nat_20021.jpg,0,0.295338291746641,3,1,0.02,0.5
/content/drive/MyDrive/CV_Project/datasets/casia2/images/CASIA2.0_revised/Au/Au_nat_20022.jpg,0,0.6462188099808062,3,1,0.02,0.5
/content/drive/MyDrive/CV_Project/datasets/casia2/images/CASIA2.0_revised/Au/Au_nat_20023.jpg,0,0.3184548944337811,3,1,0.02,0.5
/content/drive/MyDrive/CV_Project/datasets/casia2/images/CASIA2.0_revised/Au/Au_nat_20024.jpg,0,0.3793378119001919,3,1,0.02,0.5
/content/drive/MyDrive/CV_Project/datasets/casia2/images/CASIA2.0_revised/Au/Au_nat_20025.jpg,0,0.6444889635316698,3,1,0.02,0.5
/content/drive/MyDrive/CV_Project/datasets/casia2/images/CASIA2.0_revised/Au/Au_nat_20026.jpg,0,0.790338291746641,3,1,0.02,0.5
/content/drive/MyDrive/CV_Project/datasets/casia2/images/CASIA2.0_revised/Au/Au_nat_20027.jpg,0,0.4095005175983436,3,1,0.02,0.5
/content/drive/MyDrive/CV_Project/datasets/casia2/images/CASIA2.0_revised/Au/Au_nat_20028.jpg,0,0.0493019801980198,3,1,0.02,0.5
/content/drive/MyDrive/CV_Project/datasets/casia2/images/CASIA2.0_revised/Au/Au_nat_20029.jpg,0,0.3352859960552268,3,1,0.02,0.5
/content/drive/MyDrive/CV_Project/datasets/casia2/images/CASIA2.0_revised/Au/Au_nat_20030.jpg,0,0.7341951345755694,3,1,0.02,0.5
/content/drive/MyDrive/CV_Project/datasets/casia2/images/CASIA2.0_revised/Au/Au_nat_20031.jpg,0,0.7576423745173745,3,1,0.02,0.5
/content/drive/MyDrive/CV_Project/datasets/casia2/images/CASIA2.0_revised/Au/Au_nat_20032.jpg,0,0.2104681467181467,3,1,0.02,0.5
/content/drive/MyDrive/CV_Project/datasets/casia2/images/CASIA2.0_revised/Au/Au_nat_20033.jpg,0,0.0716023166023166,3,1,0.02,0.5
/content/drive/MyDrive/CV_Project/datasets/casia2/images/CASIA2.0_revised/Au/Au_nat_20034.jpg,0,0.6181322393822394,3,1,0.02,0.5
/content/drive/MyDrive/CV_Project/datasets/casia2/images/CASIA2.0_revised/Au/Au_nat_20035.jpg,0,0.4726303088803089,3,1,0.02,0.5
/content/drive/MyDrive/CV_Project/datasets/casia2/images/CASIA2.0_revised/Au/Au_nat_20036.jpg,0,0.1836074116965836,3,1,0.02,0.5
/content/drive/MyDrive/CV_Project/datasets/casia2/images/CASIA2.0_revised/Au/Au_nat_20037.jpg,0,0.8516363636363636,3,1,0.02,0.5
/content/drive/MyDrive/CV_Project/datasets/casia2/images/CASIA2.0_revised/Au/Au_nat_20038.jpg,0,0.2686882245271507,3,1,0.02,0.5
/content/drive/MyDrive/CV_Project/datasets/casia2/images/CASIA2.0_revised/Au/Au_nat_20039.jpg,0,0.3499168339546888,3,1,0.02,0.5
/content/drive/MyDrive/CV_Project/datasets/casia2/images/CASIA2.0_revised/Au/Au_nat_20040.jpg,0,0.4412234494477485,3,1,0.02,0.5
/content/drive/MyDrive/CV_Project/datasets/casia2/images/CASIA2.0_revised/Au/Au_nat_20041.jpg,0,0.2993024585477415,3,1,0.02,0.5
/content/drive/MyDrive/CV_Project/datasets/casia2/images/CASIA2.0_revised/Au/Au_nat_20042.jpg,0,0.4862112747587608,3,1,0.02,0.5
/content/drive/MyDrive/CV_Project/datasets/casia2/images/CASIA2.0_revised/Au/Au_nat_20043.jpg,0,0.215047619047619,3,1,0.02,0.5
/content/drive/MyDrive/CV_Project/datasets/casia2/images/CASIA2.0_revised/Au/Au_nat_20044.jpg,0,0.0688756153082864,3,1,0.02,0.5
/content/drive/MyDrive/CV_Project/datasets/casia2/images/CASIA2.0_revised/Au/Au_nat_20045.jpg,0,0.3857478005865102,3,1,0.02,0.5
/content/drive/MyDrive/CV_Project/datasets/casia2/images/CASIA2.0_revised/Au/Au_nat_20046.jpg,0,0.0,3,1,0.02,0.5
/content/drive/MyDrive/CV_Project/datasets/casia2/images/CASIA2.0_revised/Au/Au_nat_20047.jpg,0,0.461587778612572,3,1,0.02,0.5
/content/drive/MyDrive/CV_Project/datasets/casia2/images/CASIA2.0_revised/Au/Au_nat_20048.jpg,0,0.2555761436016213,3,1,0.02,0.5
/content/drive/MyDrive/CV_Project/datasets/casia2/images/CASIA2.0_revised/Au/Au_nat_20049.jpg,0,0.4183592938733125,3,1,0.02,0.5
/content/drive/MyDrive/CV_Project/datasets/casia2/images/CASIA2.0_revised/Au/Au_nat_20050.jpg,0,0.414370709382151,3,1,0.02,0.5
/content/drive/MyDrive/CV_Project/datasets/casia2/images/CASIA2.0_revised/Au/Au_nat_20051.jpg,0,0.2755154900964957,3,1,0.02,0.5
/content/drive/MyDrive/CV_Project/datasets/casia2/images/CASIA2.0_revised/Au/Au_nat_20052.jpg,0,0.1815999357132812,3,1,0.02,0.5
/content/drive/MyDrive/CV_Project/datasets/casia2/images/CASIA2.0_revised/Au/Au_nat_20053.jpg,0,0.0291489297467016,3,1,0.02,0.5
/content/drive/MyDrive/CV_Project/datasets/casia2/images/CASIA2.0_revised/Au/Au_nat_20054.jpg,0,0.7172357622994763,3,1,0.02,0.5
/content/drive/MyDrive/CV_Project/datasets/casia2/images/CASIA2.0_revised/Au/Au_nat_20055.jpg,0,0.4742189946165422,3,1,0.02,0.5
/content/drive/MyDrive/CV_Project/datasets/casia2/images/CASIA2.0_revised/Au/Au_nat_20056.jpg,0,0.2875796274492044,3,1,0.02,0.5
/content/drive/MyDrive/CV_Project/datasets/casia2/images/CASIA2.0_revised/Au/Au_nat_20057.jpg,0,0.4482761774119799,3,1,0.02,0.5
/content/drive/MyDrive/CV_Project/datasets/casia2/images/CASIA2.0_revised/Au/Au_nat_20058.jpg,0,0.9190580704160952,3,1,0.02,0.5
/content/drive/MyDrive/CV_Project/datasets/casia2/images/CASIA2.0_revised/Au/Au_nat_20059.jpg,0,0.5581161408321902,3,1,0.02,0.5
/content/drive/MyDrive/CV_Project/datasets/casia2/images/CASIA2.0_revised/Au/Au_nat_20060.jpg,0,0.4902743484224965,3,1,0.02,0.5
/content/drive/MyDrive/CV_Project/datasets/casia2/images/CASIA2.0_revised/Au/Au_nat_20061.jpg,0,0.5114723365340649,3,1,0.02,0.5
/content/drive/MyDrive/CV_Project/datasets/casia2/images/CASIA2.0_revised/Au/Au_nat_20062.jpg,0,0.2852714285714285,3,1,0.02,0.5
/content/drive/MyDrive/CV_Project/datasets/casia2/images/CASIA2.0_revised/Au/Au_nat_20063.jpg,0,0.3693939393939394,3,1,0.02,0.5
/content/drive/MyDrive/CV_Project/datasets/casia2/images/CASIA2.0_revised/Au/Au_nat_20064.jpg,0,0.6092364990689013,3,1,0.02,0.5
/content/drive/MyDrive/CV_Project/datasets/casia2/images/CASIA2.0_revised/Au/Au_nat_20065.jpg,0,0.0,3,1,0.02,0.5
/content/drive/MyDrive/CV_Project/datasets/casia2/images/CASIA2.0_revised/Au/Au_nat_20066.jpg,0,0.0,3,1,0.02,0.5
/content/drive/MyDrive/CV_Project/datasets/casia2/images/CASIA2.0_revised/Au/Au_nat_20067.jpg,0,0.1200272727272727,3,1,0.02,0.5
/content/drive/MyDrive/CV_Project/datasets/casia2/images/CASIA2.0_revised/Au/Au_nat_20068.jpg,0,0.2848592188919164,3,1,0.02,0.5
/content/drive/MyDrive/CV_Project/datasets/casia2/images/CASIA2.0_revised/Au/Au_nat_20069.jpg,0,0.7193059360730594,3,1,0.02,0.5
/content/drive/MyDrive/CV_Project/datasets/casia2/images/CASIA2.0_revised/Au/Au_nat_20070.jpg,0,0.6077762172284644,3,1,0.02,0.5
/content/drive/MyDrive/CV_Project/datasets/casia2/images/CASIA2.0_revised/Au/Au_nat_20071.jpg,0,0.0,3,1,0.02,0.5
/content/drive/MyDrive/CV_Project/datasets/casia2/images/CASIA2.0_revised/Au/Au_nat_20072.jpg,0,0.2862146892655367,3,1,0.02,0.5
/content/drive/MyDrive/CV_Project/datasets/casia2/images/CASIA2.0_revised/Au/Au_nat_20073.jpg,0,0.9537306201550388,3,1,0.02,0.5
/content/drive/MyDrive/CV_Project/datasets/casia2/images/CASIA2.0_revised/Au/Au_nat_20074.jpg,0,0.7875114784205693,3,1,0.02,0.5
/content/drive/MyDrive/CV_Project/datasets/casia2/images/CASIA2.0_revised/Au/Au_nat_20075.jpg,0,0.97106884057971,3,1,0.02,0.5
/content/drive/MyDrive/CV_Project/datasets/casia2/images/CASIA2.0_revised/Au/Au_nat_20076.jpg,0,0.3824842767295597,3,1,0.02,0.5
/content/drive/MyDrive/CV_Project/datasets/casia2/images/CASIA2.0_revised/Au/Au_nat_20077.jpg,0,0.0970361297203613,3,1,0.02,0.5
/content/drive/MyDrive/CV_Project/datasets/casia2/images/CASIA2.0_revised/Au/Au_nat_20078.jpg,0,0.144793222099591,3,1,0.02,0.5
/content/drive/MyDrive/CV_Project/datasets/casia2/images/CASIA2.0_revised/Au/Au_nat_20079.jpg,0,0.0,3,1,0.02,0.5
/content/drive/MyDrive/CV_Project/datasets/casia2/images/CASIA2.0_revised/Au/Au_nat_20080.jpg,0,0.2013314967860422,3,1,0.02,0.5
/content/drive/MyDrive/CV_Project/datasets/casia2/images/CASIA2.0_revised/Au/Au_nat_20081.jpg,0,0.2697000933006849,3,1,0.02,0.5
/content/drive/MyDrive/CV_Project/datasets/casia2/images/CASIA2.0_revised/Au/Au_nat_20082.jpg,0,0.2089261090370968,3,1,0.02,0.5
/content/drive/MyDrive/CV_Project/datasets/casia2/images/CASIA2.0_revised/Au/Au_nat_20083.jpg,0,0.0372755375953329,3,1,0.02,0.5
/content/drive/MyDrive/CV_Project/datasets/casia2/images/CASIA2.0_revised/Au/Au_nat_20084.jpg,0,0.606655290102389,3,1,0.02,0.5
/content/drive/MyDrive/CV_Project/datasets/casia2/images/CASIA2.0_revised/Au/Au_nat_20085.jpg,0,0.2545421326353717,3,1,0.02,0.5
/content/drive/MyDrive/CV_Project/datasets/casia2/images/CASIA2.0_revised/Au/Au_nat_20086.jpg,0,0.1478901504678148,3,1,0.02,0.5
/content/drive/MyDrive/CV_Project/datasets/casia2/images/CASIA2.0_revised/Au/Au_nat_20087.jpg,0,0.0,3,1,0.02,0.5
/content/drive/MyDrive/CV_Project/datasets/casia2/images/CASIA2.0_revised/Au/Au_nat_20088.jpg,0,0.0615128739017825,3,1,0.02,0.5
/content/drive/MyDrive/CV_Project/datasets/casia2/images/CASIA2.0_revised/Au/Au_nat_20089.jpg,0,0.0323137549258772,3,1,0.02,0.5
/content/drive/MyDrive/CV_Project/datasets/casia2/images/CASIA2.0_revised/Au/Au_nat_20090.jpg,0,0.0466651557883427,3,1,0.02,0.5
/content/drive/MyDrive/CV_Project/datasets/casia2/images/CASIA2.0_revised/Au/Au_nat_20091.jpg,0,0.1137414383561643,3,1,0.02,0.5
/content/drive/MyDrive/CV_Project/datasets/casia2/images/CASIA2.0_revised/Au/Au_nat_20092.jpg,0,0.2114468864468864,3,1,0.02,0.5
/content/drive/MyDrive/CV_Project/datasets/casia2/images/CASIA2.0_revised/Au/Au_nat_20093.jpg,0,0.1642219387755102,3,1,0.02,0.5
/content/drive/MyDrive/CV_Project/datasets/casia2/images/CASIA2.0_revised/Au/Au_nat_20094.jpg,0,0.0,3,1,0.02,0.5
/content/drive/MyDrive/CV_Project/datasets/casia2/images/CASIA2.0_revised/Au/Au_nat_20095.jpg,0,0.0436126017860472,3,1,0.02,0.5
/content/drive/MyDrive/CV_Project/datasets/casia2/images/CASIA2.0_revised/Au/Au_nat_20096.jpg,0,0.0,3,1,0.02,0.5
/content/drive/MyDrive/CV_Project/datasets/casia2/images/CASIA2.0_revised/Au/Au_nat_20097.jpg,0,0.3495947063688999,3,1,0.02,0.5
/content/drive/MyDrive/CV_Project/datasets/casia2/images/CASIA2.0_revised/Au/Au_nat_20098.jpg,0,0.2293301853637437,3,1,0.02,0.5
/content/drive/MyDrive/CV_Project/datasets/casia2/images/CASIA2.0_revised/Au/Au_nat_20099.jpg,0,0.0,3,1,0.02,0.5
/content/drive/MyDrive/CV_Project/datasets/casia2/images/CASIA2.0_revised/Au/Au_nat_20100.jpg,0,0.0,3,1,0.02,0.5
/content/drive/MyDrive/CV_Project/datasets/casia2/images/CASIA2.0_revised/Au/Au_nat_30001.jpg,0,0.6535746256510416,3,1,0.02,0.5
/content/drive/MyDrive/CV_Project/datasets/casia2/images/CASIA2.0_revised/Au/Au_nat_30002.jpg,0,0.0,3,1,0.02,0.5
/content/drive/MyDrive/CV_Project/datasets/casia2/images/CASIA2.0_revised/Au/Au_nat_30003.jpg,0,0.16314697265625,3,1,0.02,0.5
/content/drive/MyDrive/CV_Project/datasets/casia2/images/CASIA2.0_revised/Au/Au_nat_30004.jpg,0,0.0,3,1,0.02,0.5
/content/drive/MyDrive/CV_Project/datasets/casia2/images/CASIA2.0_revised/Au/Au_nat_30005.jpg,0,0.0,3,1,0.02,0.5
/content/drive/MyDrive/CV_Project/datasets/casia2/images/CASIA2.0_revised/Au/Au_nat_30006.jpg,0,0.509185791015625,3,1,0.02,0.5
/content/drive/MyDrive/CV_Project/datasets/casia2/images/CASIA2.0_revised/Au/Au_nat_30007.jpg,0,0.236358642578125,3,1,0.02,0.5
/content/drive/MyDrive/CV_Project/datasets/casia2/images/CASIA2.0_revised/Au/Au_nat_30008.jpg,0,0.3754781087239583,3,1,0.02,0.5
/content/drive/MyDrive/CV_Project/datasets/casia2/images/CASIA2.0_revised/Au/Au_nat_30009.jpg,0,0.2678934733072917,3,1,0.02,0.5
/content/drive/MyDrive/CV_Project/datasets/casia2/images/CASIA2.0_revised/Au/Au_nat_30010.jpg,0,0.3549906412760417,3,1,0.02,0.5
/content/drive/MyDrive/CV_Project/datasets/casia2/images/CASIA2.0_revised/Au/Au_nat_30011.jpg,0,0.271331787109375,3,1,0.02,0.5
/content/drive/MyDrive/CV_Project/datasets/casia2/images/CASIA2.0_revised/Au/Au_nat_30012.jpg,0,0.1537984212239583,3,1,0.02,0.5
/content/drive/MyDrive/CV_Project/datasets/casia2/images/CASIA2.0_revised/Au/Au_nat_30013.jpg,0,0.2290242513020833,3,1,0.02,0.5
/content/drive/MyDrive/CV_Project/datasets/casia2/images/CASIA2.0_revised/Au/Au_nat_30014.jpg,0,0.1807352701822916,3,1,0.02,0.5
/content/drive/MyDrive/CV_Project/datasets/casia2/images/CASIA2.0_revised/Au/Au_nat_30015.jpg,0,0.1998189290364583,3,1,0.02,0.5
/content/drive/MyDrive/CV_Project/datasets/casia2/images/CASIA2.0_revised/Au/Au_nat_30016.jpg,0,0.5419718424479166,3,1,0.02,0.5
/content/drive/MyDrive/CV_Project/datasets/casia2/images/CASIA2.0_revised/Au/Au_nat_30017.jpg,0,0.1465861002604166,3,1,0.02,0.5
/content/drive/MyDrive/CV_Project/datasets/casia2/images/CASIA2.0_revised/Au/Au_nat_30018.jpg,0,0.0,3,1,0.02,0.5
/content/drive/MyDrive/CV_Project/datasets/casia2/images/CASIA2.0_revised/Au/Au_nat_30019.jpg,0,0.6227925618489584,3,1,0.02,0.5
/content/drive/MyDrive/CV_Project/datasets/casia2/images/CASIA2.0_revised/Au/Au_nat_30020.jpg,0,0.1240641276041666,3,1,0.02,0.5
/content/drive/MyDrive/CV_Project/datasets/casia2/images/CASIA2.0_revised/Au/Au_nat_30021.jpg,0,0.0,3,1,0.02,0.5
/content/drive/MyDrive/CV_Project/datasets/casia2/images/CASIA2.0_revised/Au/Au_nat_30022.jpg,0,0.28729248046875,3,1,0.02,0.5
/content/drive/MyDrive/CV_Project/datasets/casia2/images/CASIA2.0_revised/Au/Au_nat_30023.jpg,0,0.1982625325520833,3,1,0.02,0.5
/content/drive/MyDrive/CV_Project/datasets/casia2/images/CASIA2.0_revised/Au/Au_nat_30024.jpg,0,0.278350830078125,3,1,0.02,0.5
/content/drive/MyDrive/CV_Project/datasets/casia2/images/CASIA2.0_revised/Au/Au_nat_30025.jpg,0,0.1897074381510416,3,1,0.02,0.5
/content/drive/MyDrive/CV_Project/datasets/casia2/images/CASIA2.0_revised/Au/Au_nat_30026.jpg,0,0.4166768391927083,3,1,0.02,0.5
/content/drive/MyDrive/CV_Project/datasets/casia2/images/CASIA2.0_revised/Au/Au_nat_30027.jpg,0,0.0466715494791666,3,1,0.02,0.5
/content/drive/MyDrive/CV_Project/datasets/casia2/images/CASIA2.0_revised/Au/Au_nat_30028.jpg,0,0.1691080729166666,3,1,0.02,0.5
/content/drive/MyDrive/CV_Project/datasets/casia2/images/CASIA2.0_revised/Au/Au_nat_30029.jpg,0,0.4670511881510417,3,1,0.02,0.5
/content/drive/MyDrive/CV_Project/datasets/casia2/images/CASIA2.0_revised/Au/Au_nat_30030.jpg,0,0.2268575032552083,3,1,0.02,0.5
/content/drive/MyDrive/CV_Project/datasets/casia2/images/CASIA2.0_revised/Au/Au_nat_30031.jpg,0,0.5680948893229166,3,1,0.02,0.5
/content/drive/MyDrive/CV_Project/datasets/casia2/images/CASIA2.0_revised/Au/Au_nat_30032.jpg,0,0.4761250813802083,3,1,0.02,0.5
/content/drive/MyDrive/CV_Project/datasets/casia2/images/CASIA2.0_revised/Au/Au_nat_30033.jpg,0,0.5812886555989584,3,1,0.02,0.5
/content/drive/MyDrive/CV_Project/datasets/casia2/images/CASIA2.0_revised/Au/Au_nat_30034.jpg,0,0.9197896321614584,3,1,0.02,0.5
/content/drive/MyDrive/CV_Project/datasets/casia2/images/CASIA2.0_revised/Au/Au_nat_30035.jpg,0,0.1458943684895833,3,1,0.02,0.5
/content/drive/MyDrive/CV_Project/datasets/casia2/images/CASIA2.0_revised/Au/Au_nat_30036.jpg,0,0.4062601725260417,3,1,0.02,0.5
/content/drive/MyDrive/CV_Project/datasets/casia2/images/CASIA2.0_revised/Au/Au_nat_30037.jpg,0,0.3941752115885417,3,1,0.02,0.5
/content/drive/MyDrive/CV_Project/datasets/casia2/images/CASIA2.0_revised/Au/Au_nat_30038.jpg,0,0.0226949055989583,3,1,0.02,0.5
/content/drive/MyDrive/CV_Project/datasets/casia2/images/CASIA2.0_revised/Au/Au_nat_30039.jpg,0,0.1949259440104166,3,1,0.02,0.5
/content/drive/MyDrive/CV_Project/datasets/casia2/images/CASIA2.0_revised/Au/Au_nat_30040.jpg,0,0.4300130208333333,3,1,0.02,0.5
/content/drive/MyDrive/CV_Project/datasets/casia2/images/CASIA2.0_revised/Au/Au_nat_30041.jpg,0,0.2350565592447916,3,1,0.02,0.5
/content/drive/MyDrive/CV_Project/datasets/casia2/images/CASIA2.0_revised/Au/Au_nat_30042.jpg,0,0.922698974609375,3,1,0.02,0.5
/content/drive/MyDrive/CV_Project/datasets/casia2/images/CASIA2.0_revised/Au/Au_nat_30043.jpg,0,0.53192138671875,3,1,0.02,0.5
/content/drive/MyDrive/CV_Project/datasets/casia2/images/CASIA2.0_revised/Au/Au_nat_30044.jpg,0,0.2208251953125,3,1,0.02,0.5
/content/drive/MyDrive/CV_Project/datasets/casia2/images/CASIA2.0_revised/Au/Au_nat_30045.jpg,0,0.0,3,1,0.02,0.5
/content/drive/MyDrive/CV_Project/datasets/casia2/images/CASIA2.0_revised/Au/Au_nat_30046.jpg,0,0.3763427734375,3,1,0.02,0.5
/content/drive/MyDrive/CV_Project/datasets/casia2/images/CASIA2.0_revised/Au/Au_nat_30047.jpg,0,0.362884521484375,3,1,0.02,0.5
/content/drive/MyDrive/CV_Project/datasets/casia2/images/CASIA2.0_revised/Au/Au_nat_30048.jpg,0,0.146514892578125,3,1,0.02,0.5
/content/drive/MyDrive/CV_Project/datasets/casia2/images/CASIA2.0_revised/Au/Au_nat_30049.jpg,0,0.3102010091145833,3,1,0.02,0.5
/content/drive/MyDrive/CV_Project/datasets/casia2/images/CASIA2.0_revised/Au/Au_nat_30050.jpg,0,0.3273213704427083,3,1,0.02,0.5
/content/drive/MyDrive/CV_Project/datasets/casia2/images/CASIA2.0_revised/Au/Au_nat_30051.jpg,0,0.4272664388020833,3,1,0.02,0.5
/content/drive/MyDrive/CV_Project/datasets/casia2/images/CASIA2.0_revised/Au/Au_nat_30052.jpg,0,0.3990071614583333,3,1,0.02,0.5
/content/drive/MyDrive/CV_Project/datasets/casia2/images/CASIA2.0_revised/Au/Au_nat_30053.jpg,0,0.1807149251302083,3,1,0.02,0.5
/content/drive/MyDrive/CV_Project/datasets/casia2/images/CASIA2.0_revised/Au/Au_nat_30054.jpg,0,0.1346944173177083,3,1,0.02,0.5
/content/drive/MyDrive/CV_Project/datasets/casia2/images/CASIA2.0_revised/Au/Au_nat_30055.jpg,0,0.0,3,1,0.02,0.5
/content/drive/MyDrive/CV_Project/datasets/casia2/images/CASIA2.0_revised/Au/Au_nat_30056.jpg,0,0.1644287109375,3,1,0.02,0.5
/content/drive/MyDrive/CV_Project/datasets/casia2/images/CASIA2.0_revised/Au/Au_nat_30057.jpg,0,0.5047403971354166,3,1,0.02,0.5
/content/drive/MyDrive/CV_Project/datasets/casia2/images/CASIA2.0_revised/Au/Au_nat_30058.jpg,0,0.2952880859375,3,1,0.02,0.5
/content/drive/MyDrive/CV_Project/datasets/casia2/images/CASIA2.0_revised/Au/Au_nat_30059.jpg,0,0.1529947916666666,3,1,0.02,0.5
/content/drive/MyDrive/CV_Project/datasets/casia2/images/CASIA2.0_revised/Au/Au_nat_30060.jpg,0,0.263458251953125,3,1,0.02,0.5
/content/drive/MyDrive/CV_Project/datasets/casia2/images/CASIA2.0_revised/Au/Au_nat_30061.jpg,0,0.4257710774739583,3,1,0.02,0.5
/content/drive/MyDrive/CV_Project/datasets/casia2/images/CASIA2.0_revised/Au/Au_nat_30062.jpg,0,0.2244059244791666,3,1,0.02,0.5
/content/drive/MyDrive/CV_Project/datasets/casia2/images/CASIA2.0_revised/Au/Au_nat_30063.jpg,0,0.0,3,1,0.02,0.5
/content/drive/MyDrive/CV_Project/datasets/casia2/images/CASIA2.0_revised/Au/Au_nat_30064.jpg,0,0.0,3,1,0.02,0.5
/content/drive/MyDrive/CV_Project/datasets/casia2/images/CASIA2.0_revised/Au/Au_nat_30065.jpg,0,0.0807393391927083,3,1,0.02,0.5
/content/drive/MyDrive/CV_Project/datasets/casia2/images/CASIA2.0_revised/Au/Au_nat_30066.jpg,0,0.0,3,1,0.02,0.5
/content/drive/MyDrive/CV_Project/datasets/casia2/images/CASIA2.0_revised/Au/Au_nat_30067.jpg,0,0.0,3,1,0.02,0.5
/content/drive/MyDrive/CV_Project/datasets/casia2/images/CASIA2.0_revised/Au/Au_nat_30068.jpg,0,0.2148539225260416,3,1,0.02,0.5
/content/drive/MyDrive/CV_Project/datasets/casia2/images/CASIA2.0_revised/Au/Au_nat_30069.jpg,0,0.255279541015625,3,1,0.02,0.5
/content/drive/MyDrive/CV_Project/datasets/casia2/images/CASIA2.0_revised/Au/Au_nat_30070.jpg,0,0.2475484212239583,3,1,0.02,0.5
/content/drive/MyDrive/CV_Project/datasets/casia2/images/CASIA2.0_revised/Au/Au_nat_30071.jpg,0,0.1047770182291666,3,1,0.02,0.5
/content/drive/MyDrive/CV_Project/datasets/casia2/images/CASIA2.0_revised/Au/Au_nat_30072.jpg,0,0.047210693359375,3,1,0.02,0.5
/content/drive/MyDrive/CV_Project/datasets/casia2/images/CASIA2.0_revised/Au/Au_nat_30073.jpg,0,0.2636311848958333,3,1,0.02,0.5
/content/drive/MyDrive/CV_Project/datasets/casia2/images/CASIA2.0_revised/Au/Au_nat_30074.jpg,0,0.0876363118489583,3,1,0.02,0.5
/content/drive/MyDrive/CV_Project/datasets/casia2/images/CASIA2.0_revised/Au/Au_nat_30075.jpg,0,0.12493896484375,3,1,0.02,0.5
/content/drive/MyDrive/CV_Project/datasets/casia2/images/CASIA2.0_revised/Au/Au_nat_30076.jpg,0,0.4325459798177083,3,1,0.02,0.5
/content/drive/MyDrive/CV_Project/datasets/casia2/images/CASIA2.0_revised/Au/Au_nat_30077.jpg,0,0.1050008138020833,3,1,0.02,0.5
/content/drive/MyDrive/CV_Project/datasets/casia2/images/CASIA2.0_revised/Au/Au_nat_30078.jpg,0,0.2589009602864583,3,1,0.02,0.5
/content/drive/MyDrive/CV_Project/datasets/casia2/images/CASIA2.0_revised/Au/Au_nat_30079.jpg,0,0.089019775390625,3,1,0.02,0.5
/content/drive/MyDrive/CV_Project/datasets/casia2/images/CASIA2.0_revised/Au/Au_nat_30080.jpg,0,0.3980509440104167,3,1,0.02,0.5
/content/drive/MyDrive/CV_Project/datasets/casia2/images/CASIA2.0_revised/Au/Au_nat_30081.jpg,0,0.0,3,1,0.02,0.5
/content/drive/MyDrive/CV_Project/datasets/casia2/images/CASIA2.0_revised/Au/Au_nat_30082.jpg,0,0.0,3,1,0.02,0.5
/content/drive/MyDrive/CV_Project/datasets/casia2/images/CASIA2.0_revised/Au/Au_nat_30083.jpg,0,0.4296773274739583,3,1,0.02,0.5
/content/drive/MyDrive/CV_Project/datasets/casia2/images/CASIA2.0_revised/Au/Au_nat_30084.jpg,0,0.0,3,1,0.02,0.5
/content/drive/MyDrive/CV_Project/datasets/casia2/images/CASIA2.0_revised/Au/Au_nat_30085.jpg,0,0.3149922688802083,3,1,0.02,0.5
/content/drive/MyDrive/CV_Project/datasets/casia2/images/CASIA2.0_revised/Au/Au_nat_30086.jpg,0,0.2646687825520833,3,1,0.02,0.5
/content/drive/MyDrive/CV_Project/datasets/casia2/images/CASIA2.0_revised/Au/Au_nat_30087.jpg,0,0.4053243001302083,3,1,0.02,0.5
/content/drive/MyDrive/CV_Project/datasets/casia2/images/CASIA2.0_revised/Au/Au_nat_30088.jpg,0,0.4130045572916667,3,1,0.02,0.5
/content/drive/MyDrive/CV_Project/datasets/casia2/images/CASIA2.0_revised/Au/Au_nat_30089.jpg,0,0.0,3,1,0.02,0.5
/content/drive/MyDrive/CV_Project/datasets/casia2/images/CASIA2.0_revised/Au/Au_nat_30090.jpg,0,0.3618570963541667,3,1,0.02,0.5
/content/drive/MyDrive/CV_Project/datasets/casia2/images/CASIA2.0_revised/Au/Au_nat_30091.jpg,0,0.1156717936197916,3,1,0.02,0.5
/content/drive/MyDrive/CV_Project/datasets/casia2/images/CASIA2.0_revised/Au/Au_nat_30092.jpg,0,0.0805765787760416,3,1,0.02,0.5
/content/drive/MyDrive/CV_Project/datasets/casia2/images/CASIA2.0_revised/Au/Au_nat_30093.jpg,0,0.2357381184895833,3,1,0.02,0.5
/content/drive/MyDrive/CV_Project/datasets/casia2/images/CASIA2.0_revised/Au/Au_nat_30094.jpg,0,0.159271240234375,3,1,0.02,0.5
/content/drive/MyDrive/CV_Project/datasets/casia2/images/CASIA2.0_revised/Au/Au_nat_30095.jpg,0,0.0,3,1,0.02,0.5
/content/drive/MyDrive/CV_Project/datasets/casia2/images/CASIA2.0_revised/Au/Au_nat_30096.jpg,0,0.456634521484375,3,1,0.02,0.5
/content/drive/MyDrive/CV_Project/datasets/casia2/images/CASIA2.0_revised/Au/Au_nat_30097.jpg,0,0.2756856282552083,3,1,0.02,0.5
/content/drive/MyDrive/CV_Project/datasets/casia2/images/CASIA2.0_revised/Au/Au_nat_30098.jpg,0,0.0,3,1,0.02,0.5
/content/drive/MyDrive/CV_Project/datasets/casia2/images/CASIA2.0_revised/Au/Au_nat_30099.jpg,0,0.0389302571614583,3,1,0.02,0.5
/content/drive/MyDrive/CV_Project/datasets/casia2/images/CASIA2.0_revised/Au/Au_nat_30100.jpg,0,0.1063944498697916,3,1,0.02,0.5
/content/drive/MyDrive/CV_Project/datasets/casia2/images/CASIA2.0_revised/Au/Au_nat_30101.jpg,0,0.0,3,1,0.02,0.5
/content/drive/MyDrive/CV_Project/datasets/casia2/images/CASIA2.0_revised/Au/Au_nat_30102.jpg,0,0.3134358723958333,3,1,0.02,0.5
/content/drive/MyDrive/CV_Project/datasets/casia2/images/CASIA2.0_revised/Au/Au_nat_30103.jpg,0,0.0,3,1,0.02,0.5
/content/drive/MyDrive/CV_Project/datasets/casia2/images/CASIA2.0_revised/Au/Au_nat_30104.jpg,0,0.1837565104166666,3,1,0.02,0.5
/content/drive/MyDrive/CV_Project/datasets/casia2/images/CASIA2.0_revised/Au/Au_nat_30105.jpg,0,0.2852986653645833,3,1,0.02,0.5
/content/drive/MyDrive/CV_Project/datasets/casia2/images/CASIA2.0_revised/Au/Au_nat_30106.jpg,0,0.44036865234375,3,1,0.02,0.5
/content/drive/MyDrive/CV_Project/datasets/casia2/images/CASIA2.0_revised/Au/Au_nat_30107.jpg,0,0.3270161946614583,3,1,0.02,0.5
/content/drive/MyDrive/CV_Project/datasets/casia2/images/CASIA2.0_revised/Au/Au_nat_30108.jpg,0,0.186492919921875,3,1,0.02,0.5
/content/drive/MyDrive/CV_Project/datasets/casia2/images/CASIA2.0_revised/Au/Au_nat_30109.jpg,0,0.2571919759114583,3,1,0.02,0.5
/content/drive/MyDrive/CV_Project/datasets/casia2/images/CASIA2.0_revised/Au/Au_nat_30110.jpg,0,0.41705322265625,3,1,0.02,0.5
/content/drive/MyDrive/CV_Project/datasets/casia2/images/CASIA2.0_revised/Au/Au_nat_30111.jpg,0,0.345611572265625,3,1,0.02,0.5
/content/drive/MyDrive/CV_Project/datasets/casia2/images/CASIA2.0_revised/Au/Au_nat_30112.jpg,0,0.287689208984375,3,1,0.02,0.5
/content/drive/MyDrive/CV_Project/datasets/casia2/images/CASIA2.0_revised/Au/Au_nat_30113.jpg,0,0.0,3,1,0.02,0.5
/content/drive/MyDrive/CV_Project/datasets/casia2/images/CASIA2.0_revised/Au/Au_nat_30114.jpg,0,0.0,3,1,0.02,0.5
/content/drive/MyDrive/CV_Project/datasets/casia2/images/CASIA2.0_revised/Au/Au_nat_30115.jpg,0,0.3518473307291667,3,1,0.02,0.5
/content/drive/MyDrive/CV_Project/datasets/casia2/images/CASIA2.0_revised/Au/Au_nat_30116.jpg,0,0.30682373046875,3,1,0.02,0.5
/content/drive/MyDrive/CV_Project/datasets/casia2/images/CASIA2.0_revised/Au/Au_nat_30117.jpg,0,0.3005879720052083,3,1,0.02,0.5
/content/drive/MyDrive/CV_Project/datasets/casia2/images/CASIA2.0_revised/Au/Au_nat_30118.jpg,0,0.0,3,1,0.02,0.5
/content/drive/MyDrive/CV_Project/datasets/casia2/images/CASIA2.0_revised/Au/Au_nat_30119.jpg,0,0.0,3,1,0.02,0.5
/content/drive/MyDrive/CV_Project/datasets/casia2/images/CASIA2.0_revised/Au/Au_nat_30120.jpg,0,0.9786478678385416,3,1,0.02,0.5
/content/drive/MyDrive/CV_Project/datasets/casia2/images/CASIA2.0_revised/Au/Au_nat_30121.jpg,0,0.0,3,1,0.02,0.5
/content/drive/MyDrive/CV_Project/datasets/casia2/images/CASIA2.0_revised/Au/Au_nat_30122.jpg,0,0.306732177734375,3,1,0.02,0.5
/content/drive/MyDrive/CV_Project/datasets/casia2/images/CASIA2.0_revised/Au/Au_nat_30123.jpg,0,0.5448811848958334,3,1,0.02,0.5
/content/drive/MyDrive/CV_Project/datasets/casia2/images/CASIA2.0_revised/Au/Au_nat_30124.jpg,0,0.03509521484375,3,1,0.02,0.5
/content/drive/MyDrive/CV_Project/datasets/casia2/images/CASIA2.0_revised/Au/Au_nat_30125.jpg,0,0.2608744303385417,3,1,0.02,0.5
/content/drive/MyDrive/CV_Project/datasets/casia2/images/CASIA2.0_revised/Au/Au_nat_30126.jpg,0,0.3417867024739583,3,1,0.02,0.5
/content/drive/MyDrive/CV_Project/datasets/casia2/images/CASIA2.0_revised/Au/Au_nat_30127.jpg,0,0.7821451822916666,3,1,0.02,0.5
/content/drive/MyDrive/CV_Project/datasets/casia2/images/CASIA2.0_revised/Au/Au_nat_30128.jpg,0,0.090911865234375,3,1,0.02,0.5
/content/drive/MyDrive/CV_Project/datasets/casia2/images/CASIA2.0_revised/Au/Au_nat_30129.jpg,0,0.540557861328125,3,1,0.02,0.5
/content/drive/MyDrive/CV_Project/datasets/casia2/images/CASIA2.0_revised/Au/Au_nat_30130.jpg,0,0.3689473470052083,3,1,0.02,0.5
/content/drive/MyDrive/CV_Project/datasets/casia2/images/CASIA2.0_revised/Au/Au_nat_30131.jpg,0,0.08221435546875,3,1,0.02,0.5
/content/drive/MyDrive/CV_Project/datasets/casia2/images/CASIA2.0_revised/Au/Au_nat_30132.jpg,0,0.23138427734375,3,1,0.02,0.5
/content/drive/MyDrive/CV_Project/datasets/casia2/images/CASIA2.0_revised/Au/Au_nat_30133.jpg,0,0.0235087076822916,3,1,0.02,0.5
/content/drive/MyDrive/CV_Project/datasets/casia2/images/CASIA2.0_revised/Au/Au_nat_30134.jpg,0,0.1463826497395833,3,1,0.02,0.5
/content/drive/MyDrive/CV_Project/datasets/casia2/images/CASIA2.0_revised/Au/Au_nat_30135.jpg,0,0.3819580078125,3,1,0.02,0.5
/content/drive/MyDrive/CV_Project/datasets/casia2/images/CASIA2.0_revised/Au/Au_nat_30136.jpg,0,0.1942036946614583,3,1,0.02,0.5
/content/drive/MyDrive/CV_Project/datasets/casia2/images/CASIA2.0_revised/Au/Au_nat_30137.jpg,0,0.6145528157552084,3,1,0.02,0.5
/content/drive/MyDrive/CV_Project/datasets/casia2/images/CASIA2.0_revised/Au/Au_nat_30138.jpg,0,0.242919921875,3,1,0.02,0.5
/content/drive/MyDrive/CV_Project/datasets/casia2/images/CASIA2.0_revised/Au/Au_nat_30139.jpg,0,0.0,3,1,0.02,0.5
/content/drive/MyDrive/CV_Project/datasets/casia2/images/CASIA2.0_revised/Au/Au_nat_30140.jpg,0,0.0822652180989583,3,1,0.02,0.5
/content/drive/MyDrive/CV_Project/datasets/casia2/images/CASIA2.0_revised/Au/Au_nat_30141.jpg,0,0.0,3,1,0.02,0.5
/content/drive/MyDrive/CV_Project/datasets/casia2/images/CASIA2.0_revised/Au/Au_nat_30142.jpg,0,0.0381571451822916,3,1,0.02,0.5
/content/drive/MyDrive/CV_Project/datasets/casia2/images/CASIA2.0_revised/Au/Au_nat_30143.jpg,0,0.2627970377604167,3,1,0.02,0.5
/content/drive/MyDrive/CV_Project/datasets/casia2/images/CASIA2.0_revised/Au/Au_nat_30144.jpg,0,0.2213541666666666,3,1,0.02,0.5
/content/drive/MyDrive/CV_Project/datasets/casia2/images/CASIA2.0_revised/Au/Au_nat_30145.jpg,0,0.0239054361979166,3,1,0.02,0.5
/content/drive/MyDrive/CV_Project/datasets/casia2/images/CASIA2.0_revised/Au/Au_nat_30146.jpg,0,0.3804728190104167,3,1,0.02,0.5
/content/drive/MyDrive/CV_Project/datasets/casia2/images/CASIA2.0_revised/Au/Au_nat_30147.jpg,0,0.3930562337239583,3,1,0.02,0.5
/content/drive/MyDrive/CV_Project/datasets/casia2/images/CASIA2.0_revised/Au/Au_nat_30148.jpg,0,0.0,3,1,0.02,0.5
/content/drive/MyDrive/CV_Project/datasets/casia2/images/CASIA2.0_revised/Au/Au_nat_30149.jpg,0,0.0811665852864583,3,1,0.02,0.5
/content/drive/MyDrive/CV_Project/datasets/casia2/images/CASIA2.0_revised/Au/Au_nat_30150.jpg,0,0.2736714680989583,3,1,0.02,0.5
/content/drive/MyDrive/CV_Project/datasets/casia2/images/CASIA2.0_revised/Au/Au_nat_30151.jpg,0,0.2013753255208333,3,1,0.02,0.5
/content/drive/MyDrive/CV_Project/datasets/casia2/images/CASIA2.0_revised/Au/Au_nat_30152.jpg,0,0.2773946126302083,3,1,0.02,0.5
/content/drive/MyDrive/CV_Project/datasets/casia2/images/CASIA2.0_revised/Au/Au_nat_30153.jpg,0,0.252685546875,3,1,0.02,0.5
/content/drive/MyDrive/CV_Project/datasets/casia2/images/CASIA2.0_revised/Au/Au_nat_30154.jpg,0,0.338623046875,3,1,0.02,0.5
/content/drive/MyDrive/CV_Project/datasets/casia2/images/CASIA2.0_revised/Au/Au_nat_30155.jpg,0,0.4099222819010417,3,1,0.02,0.5
/content/drive/MyDrive/CV_Project/datasets/casia2/images/CASIA2.0_revised/Au/Au_nat_30156.jpg,0,0.4352925618489583,3,1,0.02,0.5
/content/drive/MyDrive/CV_Project/datasets/casia2/images/CASIA2.0_revised/Au/Au_nat_30157.jpg,0,0.2061055501302083,3,1,0.02,0.5
/content/drive/MyDrive/CV_Project/datasets/casia2/images/CASIA2.0_revised/Au/Au_nat_30158.jpg,0,0.298065185546875,3,1,0.02,0.5
/content/drive/MyDrive/CV_Project/datasets/casia2/images/CASIA2.0_revised/Au/Au_nat_30159.jpg,0,0.322113037109375,3,1,0.02,0.5
/content/drive/MyDrive/CV_Project/datasets/casia2/images/CASIA2.0_revised/Au/Au_nat_30160.jpg,0,0.6709798177083334,3,1,0.02,0.5
/content/drive/MyDrive/CV_Project/datasets/casia2/images/CASIA2.0_revised/Au/Au_nat_30161.jpg,0,0.370758056640625,3,1,0.02,0.5
/content/drive/MyDrive/CV_Project/datasets/casia2/images/CASIA2.0_revised/Au/Au_nat_30162.jpg,0,0.5221150716145834,3,1,0.02,0.5
/content/drive/MyDrive/CV_Project/datasets/casia2/images/CASIA2.0_revised/Au/Au_nat_30163.jpg,0,0.0,3,1,0.02,0.5
/content/drive/MyDrive/CV_Project/datasets/casia2/images/CASIA2.0_revised/Au/Au_nat_30164.jpg,0,0.2185160319010416,3,1,0.02,0.5
/content/drive/MyDrive/CV_Project/datasets/casia2/images/CASIA2.0_revised/Au/Au_nat_30165.jpg,0,0.4504292805989583,3,1,0.02,0.5
/content/drive/MyDrive/CV_Project/datasets/casia2/images/CASIA2.0_revised/Au/Au_nat_30166.jpg,0,0.331756591796875,3,1,0.02,0.5
/content/drive/MyDrive/CV_Project/datasets/casia2/images/CASIA2.0_revised/Au/Au_nat_30167.jpg,0,0.8651224772135416,3,1,0.02,0.5
/content/drive/MyDrive/CV_Project/datasets/casia2/images/CASIA2.0_revised/Au/Au_nat_30168.jpg,0,0.1233011881510416,3,1,0.02,0.5
/content/drive/MyDrive/CV_Project/datasets/casia2/images/CASIA2.0_revised/Au/Au_nat_30169.jpg,0,0.222381591796875,3,1,0.02,0.5
/content/drive/MyDrive/CV_Project/datasets/casia2/images/CASIA2.0_revised/Au/Au_nat_30170.jpg,0,0.6557718912760416,3,1,0.02,0.5
/content/drive/MyDrive/CV_Project/datasets/casia2/images/CASIA2.0_revised/Au/Au_nat_30171.jpg,0,0.17840576171875,3,1,0.02,0.5
/content/drive/MyDrive/CV_Project/datasets/casia2/images/CASIA2.0_revised/Au/Au_nat_30172.jpg,0,0.2318318684895833,3,1,0.02,0.5
/content/drive/MyDrive/CV_Project/datasets/casia2/images/CASIA2.0_revised/Au/Au_nat_30173.jpg,0,0.236785888671875,3,1,0.02,0.5
/content/drive/MyDrive/CV_Project/datasets/casia2/images/CASIA2.0_revised/Au/Au_nat_30174.jpg,0,0.0,3,1,0.02,0.5
/content/drive/MyDrive/CV_Project/datasets/casia2/images/CASIA2.0_revised/Au/Au_nat_30175.jpg,0,0.3754679361979167,3,1,0.02,0.5
/content/drive/MyDrive/CV_Project/datasets/casia2/images/CASIA2.0_revised/Au/Au_nat_30176.jpg,0,0.4681396484375,3,1,0.02,0.5
/content/drive/MyDrive/CV_Project/datasets/casia2/images/CASIA2.0_revised/Au/Au_nat_30177.jpg,0,0.3829447428385417,3,1,0.02,0.5
/content/drive/MyDrive/CV_Project/datasets/casia2/images/CASIA2.0_revised/Au/Au_nat_30178.jpg,0,0.0337931315104166,3,1,0.02,0.5
/content/drive/MyDrive/CV_Project/datasets/casia2/images/CASIA2.0_revised/Au/Au_nat_30179.jpg,0,0.0,3,1,0.02,0.5
/content/drive/MyDrive/CV_Project/datasets/casia2/images/CASIA2.0_revised/Au/Au_nat_30180.jpg,0,0.479248046875,3,1,0.02,0.5
/content/drive/MyDrive/CV_Project/datasets/casia2/images/CASIA2.0_revised/Au/Au_nat_30181.jpg,0,0.137969970703125,3,1,0.02,0.5
/content/drive/MyDrive/CV_Project/datasets/casia2/images/CASIA2.0_revised/Au/Au_nat_30182.jpg,0,0.459869384765625,3,1,0.02,0.5
/content/drive/MyDrive/CV_Project/datasets/casia2/images/CASIA2.0_revised/Au/Au_nat_30183.jpg,0,0.0,3,1,0.02,0.5
/content/drive/MyDrive/CV_Project/datasets/casia2/images/CASIA2.0_revised/Au/Au_nat_30184.jpg,0,0.0,3,1,0.02,0.5
/content/drive/MyDrive/CV_Project/datasets/casia2/images/CASIA2.0_revised/Au/Au_nat_30185.jpg,0,0.7773640950520834,3,1,0.02,0.5
/content/drive/MyDrive/CV_Project/datasets/casia2/images/CASIA2.0_revised/Au/Au_nat_30186.jpg,0,0.0,3,1,0.02,0.5
/content/drive/MyDrive/CV_Project/datasets/casia2/images/CASIA2.0_revised/Au/Au_nat_30187.jpg,0,0.2584025065104167,3,1,0.02,0.5
/content/drive/MyDrive/CV_Project/datasets/casia2/images/CASIA2.0_revised/Au/Au_nat_30188.jpg,0,0.4257100423177083,3,1,0.02,0.5
/content/drive/MyDrive/CV_Project/datasets/casia2/images/CASIA2.0_revised/Au/Au_nat_30189.jpg,0,0.375762939453125,3,1,0.02,0.5
/content/drive/MyDrive/CV_Project/datasets/casia2/images/CASIA2.0_revised/Au/Au_nat_30190.jpg,0,0.0990091959635416,3,1,0.02,0.5
/content/drive/MyDrive/CV_Project/datasets/casia2/images/CASIA2.0_revised/Au/Au_nat_30191.jpg,0,0.0,3,1,0.02,0.5
/content/drive/MyDrive/CV_Project/datasets/casia2/images/CASIA2.0_revised/Au/Au_nat_30192.jpg,0,0.4451497395833333,3,1,0.02,0.5
/content/drive/MyDrive/CV_Project/datasets/casia2/images/CASIA2.0_revised/Au/Au_nat_30193.jpg,0,0.0,3,1,0.02,0.5
/content/drive/MyDrive/CV_Project/datasets/casia2/images/CASIA2.0_revised/Au/Au_nat_30194.jpg,0,0.198699951171875,3,1,0.02,0.5
/content/drive/MyDrive/CV_Project/datasets/casia2/images/CASIA2.0_revised/Au/Au_nat_30195.jpg,0,0.1926472981770833,3,1,0.02,0.5
/content/drive/MyDrive/CV_Project/datasets/casia2/images/CASIA2.0_revised/Au/Au_nat_30196.jpg,0,0.2145894368489583,3,1,0.02,0.5
/content/drive/MyDrive/CV_Project/datasets/casia2/images/CASIA2.0_revised/Au/Au_nat_30197.jpg,0,0.2411397298177083,3,1,0.02,0.5
/content/drive/MyDrive/CV_Project/datasets/casia2/images/CASIA2.0_revised/Au/Au_nat_30198.jpg,0,0.3697306315104167,3,1,0.02,0.5
/content/drive/MyDrive/CV_Project/datasets/casia2/images/CASIA2.0_revised/Au/Au_nat_30199.jpg,0,0.2625325520833333,3,1,0.02,0.5
/content/drive/MyDrive/CV_Project/datasets/casia2/images/CASIA2.0_revised/Au/Au_nat_30200.jpg,0,0.2723185221354167,3,1,0.02,0.5
/content/drive/MyDrive/CV_Project/datasets/casia2/images/CASIA2.0_revised/Au/Au_nat_30201.jpg,0,0.2016703287760416,3,1,0.02,0.5
/content/drive/MyDrive/CV_Project/datasets/casia2/images/CASIA2.0_revised/Au/Au_nat_30202.jpg,0,0.2582804361979167,3,1,0.02,0.5
/content/drive/MyDrive/CV_Project/datasets/casia2/images/CASIA2.0_revised/Au/Au_nat_30203.jpg,0,0.1241861979166666,3,1,0.02,0.5
/content/drive/MyDrive/CV_Project/datasets/casia2/images/CASIA2.0_revised/Au/Au_nat_30204.jpg,0,0.4115702311197917,3,1,0.02,0.5
/content/drive/MyDrive/CV_Project/datasets/casia2/images/CASIA2.0_revised/Au/Au_nat_30205.jpg,0,0.3414815266927083,3,1,0.02,0.5
/content/drive/MyDrive/CV_Project/datasets/casia2/images/CASIA2.0_revised/Au/Au_nat_30206.jpg,0,0.46307373046875,3,1,0.02,0.5
/content/drive/MyDrive/CV_Project/datasets/casia2/images/CASIA2.0_revised/Au/Au_nat_30207.jpg,0,0.7941792805989584,3,1,0.02,0.5
/content/drive/MyDrive/CV_Project/datasets/casia2/images/CASIA2.0_revised/Au/Au_nat_30208.jpg,0,0.446563720703125,3,1,0.02,0.5
/content/drive/MyDrive/CV_Project/datasets/casia2/images/CASIA2.0_revised/Au/Au_nat_30209.jpg,0,0.3058980305989583,3,1,0.02,0.5
/content/drive/MyDrive/CV_Project/datasets/casia2/images/CASIA2.0_revised/Au/Au_nat_30210.jpg,0,0.1002298990885416,3,1,0.02,0.5
/content/drive/MyDrive/CV_Project/datasets/casia2/images/CASIA2.0_revised/Au/Au_nat_30211.jpg,0,0.077880859375,3,1,0.02,0.5
/content/drive/MyDrive/CV_Project/datasets/casia2/images/CASIA2.0_revised/Au/Au_nat_30212.jpg,0,0.24395751953125,3,1,0.02,0.5
/content/drive/MyDrive/CV_Project/datasets/casia2/images/CASIA2.0_revised/Au/Au_nat_30213.jpg,0,0.205352783203125,3,1,0.02,0.5
/content/drive/MyDrive/CV_Project/datasets/casia2/images/CASIA2.0_revised/Au/Au_nat_30214.jpg,0,0.4207865397135417,3,1,0.02,0.5
/content/drive/MyDrive/CV_Project/datasets/casia2/images/CASIA2.0_revised/Au/Au_nat_30215.jpg,0,0.3510640462239583,3,1,0.02,0.5
/content/drive/MyDrive/CV_Project/datasets/casia2/images/CASIA2.0_revised/Au/Au_nat_30216.jpg,0,0.0,3,1,0.02,0.5
/content/drive/MyDrive/CV_Project/datasets/casia2/images/CASIA2.0_revised/Au/Au_nat_30217.jpg,0,0.607269287109375,3,1,0.02,0.5
/content/drive/MyDrive/CV_Project/datasets/casia2/images/CASIA2.0_revised/Au/Au_nat_30218.jpg,0,0.3072306315104167,3,1,0.02,0.5
/content/drive/MyDrive/CV_Project/datasets/casia2/images/CASIA2.0_revised/Au/Au_nat_30219.jpg,0,0.0,3,1,0.02,0.5
/content/drive/MyDrive/CV_Project/datasets/casia2/images/CASIA2.0_revised/Au/Au_nat_30220.jpg,0,0.3570556640625,3,1,0.02,0.5
/content/drive/MyDrive/CV_Project/datasets/casia2/images/CASIA2.0_revised/Au/Au_nat_30221.jpg,0,0.90313720703125,3,1,0.02,0.5
/content/drive/MyDrive/CV_Project/datasets/casia2/images/CASIA2.0_revised/Au/Au_nat_30222.jpg,0,0.1954854329427083,3,1,0.02,0.5
/content/drive/MyDrive/CV_Project/datasets/casia2/images/CASIA2.0_revised/Au/Au_nat_30223.jpg,0,0.1681315104166666,3,1,0.02,0.5
/content/drive/MyDrive/CV_Project/datasets/casia2/images/CASIA2.0_revised/Au/Au_nat_30224.jpg,0,0.1437784830729166,3,1,0.02,0.5
/content/drive/MyDrive/CV_Project/datasets/casia2/images/CASIA2.0_revised/Au/Au_nat_30225.jpg,0,0.7124430338541666,3,1,0.02,0.5
/content/drive/MyDrive/CV_Project/datasets/casia2/images/CASIA2.0_revised/Au/Au_nat_30226.jpg,0,0.27142333984375,3,1,0.02,0.5
/content/drive/MyDrive/CV_Project/datasets/casia2/images/CASIA2.0_revised/Au/Au_nat_30227.jpg,0,0.1846415201822916,3,1,0.02,0.5
/content/drive/MyDrive/CV_Project/datasets/casia2/images/CASIA2.0_revised/Au/Au_nat_30228.jpg,0,0.2505391438802083,3,1,0.02,0.5
/content/drive/MyDrive/CV_Project/datasets/casia2/images/CASIA2.0_revised/Au/Au_nat_30229.jpg,0,0.287261962890625,3,1,0.02,0.5
/content/drive/MyDrive/CV_Project/datasets/casia2/images/CASIA2.0_revised/Au/Au_nat_30230.jpg,0,0.18035888671875,3,1,0.02,0.5
/content/drive/MyDrive/CV_Project/datasets/casia2/images/CASIA2.0_revised/Au/Au_nat_30231.jpg,0,0.34197998046875,3,1,0.02,0.5
/content/drive/MyDrive/CV_Project/datasets/casia2/images/CASIA2.0_revised/Au/Au_nat_30232.jpg,0,0.46966552734375,3,1,0.02,0.5
/content/drive/MyDrive/CV_Project/datasets/casia2/images/CASIA2.0_revised/Au/Au_nat_30233.jpg,0,0.1024678548177083,3,1,0.02,0.5
/content/drive/MyDrive/CV_Project/datasets/casia2/images/CASIA2.0_revised/Au/Au_nat_30234.jpg,0,0.0,3,1,0.02,0.5
/content/drive/MyDrive/CV_Project/datasets/casia2/images/CASIA2.0_revised/Au/Au_nat_30235.jpg,0,0.2812703450520833,3,1,0.02,0.5
/content/drive/MyDrive/CV_Project/datasets/casia2/images/CASIA2.0_revised/Au/Au_nat_30236.jpg,0,0.201141357421875,3,1,0.02,0.5
/content/drive/MyDrive/CV_Project/datasets/casia2/images/CASIA2.0_revised/Au/Au_nat_30237.jpg,0,0.2580668131510417,3,1,0.02,0.5
/content/drive/MyDrive/CV_Project/datasets/casia2/images/CASIA2.0_revised/Au/Au_nat_30238.jpg,0,0.2317606608072916,3,1,0.02,0.5
/content/drive/MyDrive/CV_Project/datasets/casia2/images/CASIA2.0_revised/Au/Au_nat_30239.jpg,0,0.2365519205729166,3,1,0.02,0.5
/content/drive/MyDrive/CV_Project/datasets/casia2/images/CASIA2.0_revised/Au/Au_nat_30240.jpg,0,0.2077128092447916,3,1,0.02,0.5
/content/drive/MyDrive/CV_Project/datasets/casia2/images/CASIA2.0_revised/Au/Au_nat_30241.jpg,0,0.2375284830729166,3,1,0.02,0.5
/content/drive/MyDrive/CV_Project/datasets/casia2/images/CASIA2.0_revised/Au/Au_nat_30242.jpg,0,0.3975931803385417,3,1,0.02,0.5
/content/drive/MyDrive/CV_Project/datasets/casia2/images/CASIA2.0_revised/Au/Au_nat_30243.jpg,0,0.2564697265625,3,1,0.02,0.5
/content/drive/MyDrive/CV_Project/datasets/casia2/images/CASIA2.0_revised/Au/Au_nat_30244.jpg,0,0.2125956217447916,3,1,0.02,0.5
/content/drive/MyDrive/CV_Project/datasets/casia2/images/CASIA2.0_revised/Au/Au_nat_30245.jpg,0,0.0,3,1,0.02,0.5
/content/drive/MyDrive/CV_Project/datasets/casia2/images/CASIA2.0_revised/Au/Au_nat_30246.jpg,0,0.280303955078125,3,1,0.02,0.5
/content/drive/MyDrive/CV_Project/datasets/casia2/images/CASIA2.0_revised/Au/Au_nat_30247.jpg,0,0.0734151204427083,3,1,0.02,0.5
/content/drive/MyDrive/CV_Project/datasets/casia2/images/CASIA2.0_revised/Au/Au_nat_30248.jpg,0,0.3376566569010417,3,1,0.02,0.5
/content/drive/MyDrive/CV_Project/datasets/casia2/images/CASIA2.0_revised/Au/Au_nat_30249.jpg,0,0.1389872233072916,3,1,0.02,0.5
/content/drive/MyDrive/CV_Project/datasets/casia2/images/CASIA2.0_revised/Au/Au_nat_30250.jpg,0,0.287322998046875,3,1,0.02,0.5
/content/drive/MyDrive/CV_Project/datasets/casia2/images/CASIA2.0_revised/Au/Au_nat_30251.jpg,0,0.3039042154947917,3,1,0.02,0.5
/content/drive/MyDrive/CV_Project/datasets/casia2/images/CASIA2.0_revised/Au/Au_nat_30252.jpg,0,0.2402445475260416,3,1,0.02,0.5
/content/drive/MyDrive/CV_Project/datasets/casia2/images/CASIA2.0_revised/Au/Au_nat_30253.jpg,0,0.20758056640625,3,1,0.02,0.5
/content/drive/MyDrive/CV_Project/datasets/casia2/images/CASIA2.0_revised/Au/Au_nat_30254.jpg,0,0.2939860026041667,3,1,0.02,0.5
/content/drive/MyDrive/CV_Project/datasets/casia2/images/CASIA2.0_revised/Au/Au_nat_30255.jpg,0,0.4832763671875,3,1,0.02,0.5
/content/drive/MyDrive/CV_Project/datasets/casia2/images/CASIA2.0_revised/Au/Au_nat_30256.jpg,0,0.0,3,1,0.02,0.5
/content/drive/MyDrive/CV_Project/datasets/casia2/images/CASIA2.0_revised/Au/Au_nat_30257.jpg,0,0.3158060709635417,3,1,0.02,0.5
/content/drive/MyDrive/CV_Project/datasets/casia2/images/CASIA2.0_revised/Au/Au_nat_30258.jpg,0,0.334869384765625,3,1,0.02,0.5
/content/drive/MyDrive/CV_Project/datasets/casia2/images/CASIA2.0_revised/Au/Au_nat_30259.jpg,0,0.252685546875,3,1,0.02,0.5
/content/drive/MyDrive/CV_Project/datasets/casia2/images/CASIA2.0_revised/Au/Au_nat_30260.jpg,0,0.2929280598958333,3,1,0.02,0.5
/content/drive/MyDrive/CV_Project/datasets/casia2/images/CASIA2.0_revised/Au/Au_nat_30261.jpg,0,0.210174560546875,3,1,0.02,0.5
/content/drive/MyDrive/CV_Project/datasets/casia2/images/CASIA2.0_revised/Au/Au_nat_30262.jpg,0,0.4781494140625,3,1,0.02,0.5
/content/drive/MyDrive/CV_Project/datasets/casia2/images/CASIA2.0_revised/Au/Au_nat_30263.jpg,0,0.1850687662760416,3,1,0.02,0.5
/content/drive/MyDrive/CV_Project/datasets/casia2/images/CASIA2.0_revised/Au/Au_nat_30264.jpg,0,0.3146870930989583,3,1,0.02,0.5
/content/drive/MyDrive/CV_Project/datasets/casia2/images/CASIA2.0_revised/Au/Au_nat_30265.jpg,0,0.1904805501302083,3,1,0.02,0.5
/content/drive/MyDrive/CV_Project/datasets/casia2/images/CASIA2.0_revised/Au/Au_nat_30266.jpg,0,0.8419901529947916,3,1,0.02,0.5
/content/drive/MyDrive/CV_Project/datasets/casia2/images/CASIA2.0_revised/Au/Au_nat_30267.jpg,0,0.3248697916666667,3,1,0.02,0.5
/content/drive/MyDrive/CV_Project/datasets/casia2/images/CASIA2.0_revised/Au/Au_nat_30268.jpg,0,0.0,3,1,0.02,0.5
/content/drive/MyDrive/CV_Project/datasets/casia2/images/CASIA2.0_revised/Au/Au_nat_30269.jpg,0,0.020843505859375,3,1,0.02,0.5
/content/drive/MyDrive/CV_Project/datasets/casia2/images/CASIA2.0_revised/Au/Au_nat_30270.jpg,0,0.4996236165364583,3,1,0.02,0.5
/content/drive/MyDrive/CV_Project/datasets/casia2/images/CASIA2.0_revised/Au/Au_nat_30271.jpg,0,0.4651896158854167,3,1,0.02,0.5
/content/drive/MyDrive/CV_Project/datasets/casia2/images/CASIA2.0_revised/Au/Au_nat_30272.jpg,0,0.2974446614583333,3,1,0.02,0.5
/content/drive/MyDrive/CV_Project/datasets/casia2/images/CASIA2.0_revised/Au/Au_nat_30273.jpg,0,0.801788330078125,3,1,0.02,0.5
/content/drive/MyDrive/CV_Project/datasets/casia2/images/CASIA2.0_revised/Au/Au_nat_30274.jpg,0,0.4779866536458333,3,1,0.02,0.5
/content/drive/MyDrive/CV_Project/datasets/casia2/images/CASIA2.0_revised/Au/Au_nat_30275.jpg,0,0.2004191080729166,3,1,0.02,0.5
/content/drive/MyDrive/CV_Project/datasets/casia2/images/CASIA2.0_revised/Au/Au_nat_30276.jpg,0,0.3572591145833333,3,1,0.02,0.5
/content/drive/MyDrive/CV_Project/datasets/casia2/images/CASIA2.0_revised/Au/Au_nat_30277.jpg,0,0.2020772298177083,3,1,0.02,0.5
/content/drive/MyDrive/CV_Project/datasets/casia2/images/CASIA2.0_revised/Au/Au_nat_30278.jpg,0,0.3139444986979167,3,1,0.02,0.5
/content/drive/MyDrive/CV_Project/datasets/casia2/images/CASIA2.0_revised/Au/Au_nat_30279.jpg,0,0.0,3,1,0.02,0.5
/content/drive/MyDrive/CV_Project/datasets/casia2/images/CASIA2.0_revised/Au/Au_nat_30280.jpg,0,0.381591796875,3,1,0.02,0.5
/content/drive/MyDrive/CV_Project/datasets/casia2/images/CASIA2.0_revised/Au/Au_nat_30281.jpg,0,0.04901123046875,3,1,0.02,0.5
/content/drive/MyDrive/CV_Project/datasets/casia2/images/CASIA2.0_revised/Au/Au_nat_30282.jpg,0,0.5347391764322916,3,1,0.02,0.5
/content/drive/MyDrive/CV_Project/datasets/casia2/images/CASIA2.0_revised/Au/Au_nat_30283.jpg,0,0.4816691080729167,3,1,0.02,0.5
/content/drive/MyDrive/CV_Project/datasets/casia2/images/CASIA2.0_revised/Au/Au_nat_30284.jpg,0,0.0,3,1,0.02,0.5
/content/drive/MyDrive/CV_Project/datasets/casia2/images/CASIA2.0_revised/Au/Au_nat_30285.jpg,0,0.5573323567708334,3,1,0.02,0.5
/content/drive/MyDrive/CV_Project/datasets/casia2/images/CASIA2.0_revised/Au/Au_nat_30286.jpg,0,0.0,3,1,0.02,0.5
/content/drive/MyDrive/CV_Project/datasets/casia2/images/CASIA2.0_revised/Au/Au_nat_30287.jpg,0,0.0,3,1,0.02,0.5
/content/drive/MyDrive/CV_Project/datasets/casia2/images/CASIA2.0_revised/Au/Au_nat_30288.jpg,0,0.6707051595052084,3,1,0.02,0.5
/content/drive/MyDrive/CV_Project/datasets/casia2/images/CASIA2.0_revised/Au/Au_nat_30289.jpg,0,0.2645365397135417,3,1,0.02,0.5
/content/drive/MyDrive/CV_Project/datasets/casia2/images/CASIA2.0_revised/Au/Au_nat_30290.jpg,0,0.4221089680989583,3,1,0.02,0.5
/content/drive/MyDrive/CV_Project/datasets/casia2/images/CASIA2.0_revised/Au/Au_nat_30291.jpg,0,0.2555440266927083,3,1,0.02,0.5
/content/drive/MyDrive/CV_Project/datasets/casia2/images/CASIA2.0_revised/Au/Au_nat_30292.jpg,0,0.0217386881510416,3,1,0.02,0.5
/content/drive/MyDrive/CV_Project/datasets/casia2/images/CASIA2.0_revised/Au/Au_nat_30293.jpg,0,0.0967610677083333,3,1,0.02,0.5
/content/drive/MyDrive/CV_Project/datasets/casia2/images/CASIA2.0_revised/Au/Au_nat_30294.jpg,0,0.0,3,1,0.02,0.5
/content/drive/MyDrive/CV_Project/datasets/casia2/images/CASIA2.0_revised/Au/Au_nat_30295.jpg,0,0.5011494954427084,3,1,0.02,0.5
/content/drive/MyDrive/CV_Project/datasets/casia2/images/CASIA2.0_revised/Au/Au_nat_30296.jpg,0,0.0,3,1,0.02,0.5
/content/drive/MyDrive/CV_Project/datasets/casia2/images/CASIA2.0_revised/Au/Au_nat_30297.jpg,0,0.0,3,1,0.02,0.5
/content/drive/MyDrive/CV_Project/datasets/casia2/images/CASIA2.0_revised/Au/Au_nat_30298.jpg,0,0.3649393717447917,3,1,0.02,0.5
/content/drive/MyDrive/CV_Project/datasets/casia2/images/CASIA2.0_revised/Au/Au_nat_30299.jpg,0,0.5415445963541666,3,1,0.02,0.5
/content/drive/MyDrive/CV_Project/datasets/casia2/images/CASIA2.0_revised/Au/Au_nat_30300.jpg,0,0.0,3,1,0.02,0.5
/content/drive/MyDrive/CV_Project/datasets/casia2/images/CASIA2.0_revised/Au/Au_nat_30301.jpg,0,0.0,3,1,0.02,0.5
/content/drive/MyDrive/CV_Project/datasets/casia2/images/CASIA2.0_revised/Au/Au_nat_30302.jpg,0,0.3915303548177083,3,1,0.02,0.5
/content/drive/MyDrive/CV_Project/datasets/casia2/images/CASIA2.0_revised/Au/Au_nat_30303.jpg,0,0.329071044921875,3,1,0.02,0.5
/content/drive/MyDrive/CV_Project/datasets/casia2/images/CASIA2.0_revised/Au/Au_nat_30304.jpg,0,0.0,3,1,0.02,0.5
/content/drive/MyDrive/CV_Project/datasets/casia2/images/CASIA2.0_revised/Au/Au_nat_30305.jpg,0,0.38983154296875,3,1,0.02,0.5
/content/drive/MyDrive/CV_Project/datasets/casia2/images/CASIA2.0_revised/Au/Au_nat_30306.jpg,0,0.2102559407552083,3,1,0.02,0.5
/content/drive/MyDrive/CV_Project/datasets/casia2/images/CASIA2.0_revised/Au/Au_nat_30307.jpg,0,0.2476806640625,3,1,0.02,0.5
/content/drive/MyDrive/CV_Project/datasets/casia2/images/CASIA2.0_revised/Au/Au_nat_30308.jpg,0,0.3357950846354167,3,1,0.02,0.5
/content/drive/MyDrive/CV_Project/datasets/casia2/images/CASIA2.0_revised/Au/Au_nat_30309.jpg,0,0.6953023274739584,3,1,0.02,0.5
/content/drive/MyDrive/CV_Project/datasets/casia2/images/CASIA2.0_revised/Au/Au_nat_30310.jpg,0,0.0532328287760416,3,1,0.02,0.5
/content/drive/MyDrive/CV_Project/datasets/casia2/images/CASIA2.0_revised/Au/Au_nat_30311.jpg,0,0.5646565755208334,3,1,0.02,0.5
/content/drive/MyDrive/CV_Project/datasets/casia2/images/CASIA2.0_revised/Au/Au_nat_30312.jpg,0,0.0,3,1,0.02,0.5
/content/drive/MyDrive/CV_Project/datasets/casia2/images/CASIA2.0_revised/Au/Au_nat_30313.jpg,0,0.0333760579427083,3,1,0.02,0.5
/content/drive/MyDrive/CV_Project/datasets/casia2/images/CASIA2.0_revised/Au/Au_nat_30314.jpg,0,0.0342814127604166,3,1,0.02,0.5
/content/drive/MyDrive/CV_Project/datasets/casia2/images/CASIA2.0_revised/Au/Au_nat_30315.jpg,0,0.0,3,1,0.02,0.5
/content/drive/MyDrive/CV_Project/datasets/casia2/images/CASIA2.0_revised/Au/Au_nat_30316.jpg,0,0.0,3,1,0.02,0.5
/content/drive/MyDrive/CV_Project/datasets/casia2/images/CASIA2.0_revised/Au/Au_nat_30317.jpg,0,0.0,3,1,0.02,0.5
/content/drive/MyDrive/CV_Project/datasets/casia2/images/CASIA2.0_revised/Au/Au_nat_30318.jpg,0,0.1290690104166666,3,1,0.02,0.5
/content/drive/MyDrive/CV_Project/datasets/casia2/images/CASIA2.0_revised/Au/Au_nat_30319.jpg,0,0.3381449381510417,3,1,0.02,0.5
/content/drive/MyDrive/CV_Project/datasets/casia2/images/CASIA2.0_revised/Au/Au_nat_30320.jpg,0,0.2676798502604167,3,1,0.02,0.5
/content/drive/MyDrive/CV_Project/datasets/casia2/images/CASIA2.0_revised/Au/Au_nat_30321.jpg,0,0.0,3,1,0.02,0.5
/content/drive/MyDrive/CV_Project/datasets/casia2/images/CASIA2.0_revised/Au/Au_nat_30322.jpg,0,0.6531982421875,3,1,0.02,0.5
/content/drive/MyDrive/CV_Project/datasets/casia2/images/CASIA2.0_revised/Au/Au_nat_30323.jpg,0,0.040740966796875,3,1,0.02,0.5
/content/drive/MyDrive/CV_Project/datasets/casia2/images/CASIA2.0_revised/Au/Au_nat_30324.jpg,0,0.293304443359375,3,1,0.02,0.5
/content/drive/MyDrive/CV_Project/datasets/casia2/images/CASIA2.0_revised/Au/Au_nat_30325.jpg,0,0.3539326985677083,3,1,0.02,0.5
/content/drive/MyDrive/CV_Project/datasets/casia2/images/CASIA2.0_revised/Au/Au_nat_30326.jpg,0,0.4297281901041667,3,1,0.02,0.5
/content/drive/MyDrive/CV_Project/datasets/casia2/images/CASIA2.0_revised/Au/Au_nat_30327.jpg,0,0.0,3,1,0.02,0.5
/content/drive/MyDrive/CV_Project/datasets/casia2/images/CASIA2.0_revised/Au/Au_nat_30328.jpg,0,0.280548095703125,3,1,0.02,0.5
/content/drive/MyDrive/CV_Project/datasets/casia2/images/CASIA2.0_revised/Au/Au_nat_30329.jpg,0,0.2468770345052083,3,1,0.02,0.5
/content/drive/MyDrive/CV_Project/datasets/casia2/images/CASIA2.0_revised/Au/Au_nat_30330.jpg,0,0.3671976725260417,3,1,0.02,0.5
/content/drive/MyDrive/CV_Project/datasets/casia2/images/CASIA2.0_revised/Au/Au_nat_30331.jpg,0,0.0,3,1,0.02,0.5
/content/drive/MyDrive/CV_Project/datasets/casia2/images/CASIA2.0_revised/Au/Au_nat_30332.jpg,0,0.4648844401041667,3,1,0.02,0.5
/content/drive/MyDrive/CV_Project/datasets/casia2/images/CASIA2.0_revised/Au/Au_nat_30333.jpg,0,0.0963236490885416,3,1,0.02,0.5
/content/drive/MyDrive/CV_Project/datasets/casia2/images/CASIA2.0_revised/Au/Au_nat_30334.jpg,0,0.4049580891927083,3,1,0.02,0.5
/content/drive/MyDrive/CV_Project/datasets/casia2/images/CASIA2.0_revised/Au/Au_nat_30335.jpg,0,0.2919209798177083,3,1,0.02,0.5
/content/drive/MyDrive/CV_Project/datasets/casia2/images/CASIA2.0_revised/Au/Au_nat_30336.jpg,0,0.392608642578125,3,1,0.02,0.5
/content/drive/MyDrive/CV_Project/datasets/casia2/images/CASIA2.0_revised/Au/Au_nat_30337.jpg,0,0.393096923828125,3,1,0.02,0.5
/content/drive/MyDrive/CV_Project/datasets/casia2/images/CASIA2.0_revised/Au/Au_nat_30338.jpg,0,0.312744140625,3,1,0.02,0.5
/content/drive/MyDrive/CV_Project/datasets/casia2/images/CASIA2.0_revised/Au/Au_nat_30339.jpg,0,0.3307596842447917,3,1,0.02,0.5
/content/drive/MyDrive/CV_Project/datasets/casia2/images/CASIA2.0_revised/Au/Au_nat_30340.jpg,0,0.7403971354166666,3,1,0.02,0.5
/content/drive/MyDrive/CV_Project/datasets/casia2/images/CASIA2.0_revised/Au/Au_nat_30341.jpg,0,0.0838724772135416,3,1,0.02,0.5
/content/drive/MyDrive/CV_Project/datasets/casia2/images/CASIA2.0_revised/Au/Au_nat_30342.jpg,0,0.0,3,1,0.02,0.5
/content/drive/MyDrive/CV_Project/datasets/casia2/images/CASIA2.0_revised/Au/Au_nat_30343.jpg,0,0.2069193522135416,3,1,0.02,0.5
/content/drive/MyDrive/CV_Project/datasets/casia2/images/CASIA2.0_revised/Au/Au_nat_30344.jpg,0,0.454833984375,3,1,0.02,0.5
/content/drive/MyDrive/CV_Project/datasets/casia2/images/CASIA2.0_revised/Au/Au_nat_30345.jpg,0,0.1468607584635416,3,1,0.02,0.5
/content/drive/MyDrive/CV_Project/datasets/casia2/images/CASIA2.0_revised/Au/Au_nat_30346.jpg,0,0.3149007161458333,3,1,0.02,0.5
/content/drive/MyDrive/CV_Project/datasets/casia2/images/CASIA2.0_revised/Au/Au_nat_30347.jpg,0,0.0,3,1,0.02,0.5
/content/drive/MyDrive/CV_Project/datasets/casia2/images/CASIA2.0_revised/Au/Au_nat_30348.jpg,0,0.3420003255208333,3,1,0.02,0.5
/content/drive/MyDrive/CV_Project/datasets/casia2/images/CASIA2.0_revised/Au/Au_nat_30349.jpg,0,0.0263163248697916,3,1,0.02,0.5
/content/drive/MyDrive/CV_Project/datasets/casia2/images/CASIA2.0_revised/Au/Au_nat_30350.jpg,0,0.05499267578125,3,1,0.02,0.5
/content/drive/MyDrive/CV_Project/datasets/casia2/images/CASIA2.0_revised/Au/Au_nat_30351.jpg,0,0.0,3,1,0.02,0.5
/content/drive/MyDrive/CV_Project/datasets/casia2/images/CASIA2.0_revised/Au/Au_nat_30352.jpg,0,0.021942138671875,3,1,0.02,0.5
/content/drive/MyDrive/CV_Project/datasets/casia2/images/CASIA2.0_revised/Au/Au_nat_30353.jpg,0,0.0,3,1,0.02,0.5
/content/drive/MyDrive/CV_Project/datasets/casia2/images/CASIA2.0_revised/Au/Au_nat_30354.jpg,0,0.152679443359375,3,1,0.02,0.5
/content/drive/MyDrive/CV_Project/datasets/casia2/images/CASIA2.0_revised/Au/Au_nat_30355.jpg,0,0.0,3,1,0.02,0.5
/content/drive/MyDrive/CV_Project/datasets/casia2/images/CASIA2.0_revised/Au/Au_nat_30356.jpg,0,0.0,3,1,0.02,0.5
/content/drive/MyDrive/CV_Project/datasets/casia2/images/CASIA2.0_revised/Au/Au_nat_30357.jpg,0,0.1154581705729166,3,1,0.02,0.5
/content/drive/MyDrive/CV_Project/datasets/casia2/images/CASIA2.0_revised/Au/Au_nat_30358.jpg,0,0.2769571940104167,3,1,0.02,0.5
/content/drive/MyDrive/CV_Project/datasets/casia2/images/CASIA2.0_revised/Au/Au_nat_30359.jpg,0,0.0,3,1,0.02,0.5
/content/drive/MyDrive/CV_Project/datasets/casia2/images/CASIA2.0_revised/Au/Au_nat_30360.jpg,0,0.3724161783854167,3,1,0.02,0.5
/content/drive/MyDrive/CV_Project/datasets/casia2/images/CASIA2.0_revised/Au/Au_nat_30361.jpg,0,0.17486572265625,3,1,0.02,0.5
/content/drive/MyDrive/CV_Project/datasets/casia2/images/CASIA2.0_revised/Au/Au_nat_30362.jpg,0,0.0308939615885416,3,1,0.02,0.5
/content/drive/MyDrive/CV_Project/datasets/casia2/images/CASIA2.0_revised/Au/Au_nat_30363.jpg,0,0.3103535970052083,3,1,0.02,0.5
/content/drive/MyDrive/CV_Project/datasets/casia2/images/CASIA2.0_revised/Au/Au_nat_30364.jpg,0,0.0852457682291666,3,1,0.02,0.5
/content/drive/MyDrive/CV_Project/datasets/casia2/images/CASIA2.0_revised/Au/Au_nat_30365.jpg,0,0.0,3,1,0.02,0.5
/content/drive/MyDrive/CV_Project/datasets/casia2/images/CASIA2.0_revised/Au/Au_nat_30366.jpg,0,0.2296854654947916,3,1,0.02,0.5
/content/drive/MyDrive/CV_Project/datasets/casia2/images/CASIA2.0_revised/Au/Au_nat_30367.jpg,0,0.0223897298177083,3,1,0.02,0.5
/content/drive/MyDrive/CV_Project/datasets/casia2/images/CASIA2.0_revised/Au/Au_nat_30368.jpg,0,0.439056396484375,3,1,0.02,0.5
/content/drive/MyDrive/CV_Project/datasets/casia2/images/CASIA2.0_revised/Au/Au_nat_30369.jpg,0,0.25323486328125,3,1,0.02,0.5
/content/drive/MyDrive/CV_Project/datasets/casia2/images/CASIA2.0_revised/Au/Au_nat_30370.jpg,0,0.0,3,1,0.02,0.5
/content/drive/MyDrive/CV_Project/datasets/casia2/images/CASIA2.0_revised/Au/Au_nat_30371.jpg,0,0.5161336263020834,3,1,0.02,0.5
/content/drive/MyDrive/CV_Project/datasets/casia2/images/CASIA2.0_revised/Au/Au_nat_30372.jpg,0,0.4112548828125,3,1,0.02,0.5
/content/drive/MyDrive/CV_Project/datasets/casia2/images/CASIA2.0_revised/Au/Au_nat_30373.jpg,0,0.26910400390625,3,1,0.02,0.5
/content/drive/MyDrive/CV_Project/datasets/casia2/images/CASIA2.0_revised/Au/Au_nat_30374.jpg,0,0.0,3,1,0.02,0.5
/content/drive/MyDrive/CV_Project/datasets/casia2/images/CASIA2.0_revised/Au/Au_nat_30375.jpg,0,0.4946085611979167,3,1,0.02,0.5
/content/drive/MyDrive/CV_Project/datasets/casia2/images/CASIA2.0_revised/Au/Au_nat_30376.jpg,0,0.1010640462239583,3,1,0.02,0.5
/content/drive/MyDrive/CV_Project/datasets/casia2/images/CASIA2.0_revised/Au/Au_nat_30377.jpg,0,0.1669820149739583,3,1,0.02,0.5
/content/drive/MyDrive/CV_Project/datasets/casia2/images/CASIA2.0_revised/Au/Au_nat_30378.jpg,0,0.0,3,1,0.02,0.5
/content/drive/MyDrive/CV_Project/datasets/casia2/images/CASIA2.0_revised/Au/Au_nat_30379.jpg,0,0.0,3,1,0.02,0.5
/content/drive/MyDrive/CV_Project/datasets/casia2/images/CASIA2.0_revised/Au/Au_nat_30380.jpg,0,0.0,3,1,0.02,0.5
/content/drive/MyDrive/CV_Project/datasets/casia2/images/CASIA2.0_revised/Au/Au_nat_30381.jpg,0,0.298126220703125,3,1,0.02,0.5
/content/drive/MyDrive/CV_Project/datasets/casia2/images/CASIA2.0_revised/Au/Au_nat_30382.jpg,0,0.0355936686197916,3,1,0.02,0.5
/content/drive/MyDrive/CV_Project/datasets/casia2/images/CASIA2.0_revised/Au/Au_nat_30383.jpg,0,0.7705586751302084,3,1,0.02,0.5
/content/drive/MyDrive/CV_Project/datasets/casia2/images/CASIA2.0_revised/Au/Au_nat_30384.jpg,0,0.0,3,1,0.02,0.5
/content/drive/MyDrive/CV_Project/datasets/casia2/images/CASIA2.0_revised/Au/Au_nat_30385.jpg,0,0.0,3,1,0.02,0.5
/content/drive/MyDrive/CV_Project/datasets/casia2/images/CASIA2.0_revised/Au/Au_nat_30386.jpg,0,0.020477294921875,3,1,0.02,0.5
/content/drive/MyDrive/CV_Project/datasets/casia2/images/CASIA2.0_revised/Au/Au_nat_30387.jpg,0,0.1089579264322916,3,1,0.02,0.5
/content/drive/MyDrive/CV_Project/datasets/casia2/images/CASIA2.0_revised/Au/Au_nat_30388.jpg,0,0.09783935546875,3,1,0.02,0.5
/content/drive/MyDrive/CV_Project/datasets/casia2/images/CASIA2.0_revised/Au/Au_nat_30389.jpg,0,0.9337972005208334,3,1,0.02,0.5
/content/drive/MyDrive/CV_Project/datasets/casia2/images/CASIA2.0_revised/Au/Au_nat_30390.jpg,0,0.1306660970052083,3,1,0.02,0.5
/content/drive/MyDrive/CV_Project/datasets/casia2/images/CASIA2.0_revised/Au/Au_nat_30391.jpg,0,0.0,3,1,0.02,0.5
/content/drive/MyDrive/CV_Project/datasets/casia2/images/CASIA2.0_revised/Au/Au_nat_30392.jpg,0,0.0877176920572916,3,1,0.02,0.5
/content/drive/MyDrive/CV_Project/datasets/casia2/images/CASIA2.0_revised/Au/Au_nat_30393.jpg,0,0.0,3,1,0.02,0.5
/content/drive/MyDrive/CV_Project/datasets/casia2/images/CASIA2.0_revised/Au/Au_nat_30394.jpg,0,0.2905375162760417,3,1,0.02,0.5
/content/drive/MyDrive/CV_Project/datasets/casia2/images/CASIA2.0_revised/Au/Au_nat_30395.jpg,0,0.220703125,3,1,0.02,0.5
/content/drive/MyDrive/CV_Project/datasets/casia2/images/CASIA2.0_revised/Au/Au_nat_30396.jpg,0,0.1386922200520833,3,1,0.02,0.5
/content/drive/MyDrive/CV_Project/datasets/casia2/images/CASIA2.0_revised/Au/Au_nat_30397.jpg,0,0.4318339029947917,3,1,0.02,0.5
/content/drive/MyDrive/CV_Project/datasets/casia2/images/CASIA2.0_revised/Au/Au_nat_30398.jpg,0,0.2847086588541667,3,1,0.02,0.5
/content/drive/MyDrive/CV_Project/datasets/casia2/images/CASIA2.0_revised/Au/Au_nat_30399.jpg,0,0.0,3,1,0.02,0.5
/content/drive/MyDrive/CV_Project/datasets/casia2/images/CASIA2.0_revised/Au/Au_nat_30400.jpg,0,0.0,3,1,0.02,0.5
/content/drive/MyDrive/CV_Project/datasets/casia2/images/CASIA2.0_revised/Au/Au_nat_30401.jpg,0,0.0,3,1,0.02,0.5
/content/drive/MyDrive/CV_Project/datasets/casia2/images/CASIA2.0_revised/Au/Au_nat_30402.jpg,0,0.0,3,1,0.02,0.5
/content/drive/MyDrive/CV_Project/datasets/casia2/images/CASIA2.0_revised/Au/Au_nat_30403.jpg,0,0.0378621419270833,3,1,0.02,0.5
/content/drive/MyDrive/CV_Project/datasets/casia2/images/CASIA2.0_revised/Au/Au_nat_30404.jpg,0,0.0,3,1,0.02,0.5
/content/drive/MyDrive/CV_Project/datasets/casia2/images/CASIA2.0_revised/Au/Au_nat_30405.jpg,0,0.0,3,1,0.02,0.5
/content/drive/MyDrive/CV_Project/datasets/casia2/images/CASIA2.0_revised/Au/Au_nat_30406.jpg,0,0.3319498697916667,3,1,0.02,0.5
/content/drive/MyDrive/CV_Project/datasets/casia2/images/CASIA2.0_revised/Au/Au_nat_30407.jpg,0,0.0,3,1,0.02,0.5
/content/drive/MyDrive/CV_Project/datasets/casia2/images/CASIA2.0_revised/Au/Au_nat_30408.jpg,0,0.1478780110677083,3,1,0.02,0.5
/content/drive/MyDrive/CV_Project/datasets/casia2/images/CASIA2.0_revised/Au/Au_nat_30409.jpg,0,0.0,3,1,0.02,0.5
/content/drive/MyDrive/CV_Project/datasets/casia2/images/CASIA2.0_revised/Au/Au_nat_30410.jpg,0,0.0405375162760416,3,1,0.02,0.5
/content/drive/MyDrive/CV_Project/datasets/casia2/images/CASIA2.0_revised/Au/Au_nat_30411.jpg,0,0.0,3,1,0.02,0.5
/content/drive/MyDrive/CV_Project/datasets/casia2/images/CASIA2.0_revised/Au/Au_nat_30412.jpg,0,0.1771748860677083,3,1,0.02,0.5
/content/drive/MyDrive/CV_Project/datasets/casia2/images/CASIA2.0_revised/Au/Au_nat_30413.jpg,0,0.1695454915364583,3,1,0.02,0.5
/content/drive/MyDrive/CV_Project/datasets/casia2/images/CASIA2.0_revised/Au/Au_nat_30414.jpg,0,0.0,3,1,0.02,0.5
/content/drive/MyDrive/CV_Project/datasets/casia2/images/CASIA2.0_revised/Au/Au_nat_30415.jpg,0,0.0443013509114583,3,1,0.02,0.5
/content/drive/MyDrive/CV_Project/datasets/casia2/images/CASIA2.0_revised/Au/Au_nat_30416.jpg,0,0.082366943359375,3,1,0.02,0.5
/content/drive/MyDrive/CV_Project/datasets/casia2/images/CASIA2.0_revised/Au/Au_nat_30417.jpg,0,0.0,3,1,0.02,0.5
/content/drive/MyDrive/CV_Project/datasets/casia2/images/CASIA2.0_revised/Au/Au_nat_30418.jpg,0,0.5614522298177084,3,1,0.02,0.5
/content/drive/MyDrive/CV_Project/datasets/casia2/images/CASIA2.0_revised/Au/Au_nat_30419.jpg,0,0.272247314453125,3,1,0.02,0.5
/content/drive/MyDrive/CV_Project/datasets/casia2/images/CASIA2.0_revised/Au/Au_nat_30420.jpg,0,0.246856689453125,3,1,0.02,0.5
/content/drive/MyDrive/CV_Project/datasets/casia2/images/CASIA2.0_revised/Au/Au_nat_30421.jpg,0,0.2681172688802083,3,1,0.02,0.5
/content/drive/MyDrive/CV_Project/datasets/casia2/images/CASIA2.0_revised/Au/Au_nat_30422.jpg,0,0.136505126953125,3,1,0.02,0.5
/content/drive/MyDrive/CV_Project/datasets/casia2/images/CASIA2.0_revised/Au/Au_nat_30423.jpg,0,0.0,3,1,0.02,0.5
/content/drive/MyDrive/CV_Project/datasets/casia2/images/CASIA2.0_revised/Au/Au_nat_30424.jpg,0,0.6627298990885416,3,1,0.02,0.5
/content/drive/MyDrive/CV_Project/datasets/casia2/images/CASIA2.0_revised/Au/Au_nat_30425.jpg,0,0.0,3,1,0.02,0.5
/content/drive/MyDrive/CV_Project/datasets/casia2/images/CASIA2.0_revised/Au/Au_nat_30426.jpg,0,0.1773579915364583,3,1,0.02,0.5
/content/drive/MyDrive/CV_Project/datasets/casia2/images/CASIA2.0_revised/Au/Au_nat_30427.jpg,0,0.0,3,1,0.02,0.5
/content/drive/MyDrive/CV_Project/datasets/casia2/images/CASIA2.0_revised/Au/Au_nat_30428.jpg,0,0.0,3,1,0.02,0.5
/content/drive/MyDrive/CV_Project/datasets/casia2/images/CASIA2.0_revised/Au/Au_nat_30429.jpg,0,0.53973388671875,3,1,0.02,0.5
/content/drive/MyDrive/CV_Project/datasets/casia2/images/CASIA2.0_revised/Au/Au_nat_30430.jpg,0,0.0371500651041666,3,1,0.02,0.5
/content/drive/MyDrive/CV_Project/datasets/casia2/images/CASIA2.0_revised/Au/Au_nat_30431.jpg,0,0.3007609049479167,3,1,0.02,0.5
/content/drive/MyDrive/CV_Project/datasets/casia2/images/CASIA2.0_revised/Au/Au_nat_30432.jpg,0,0.0536905924479166,3,1,0.02,0.5
/content/drive/MyDrive/CV_Project/datasets/casia2/images/CASIA2.0_revised/Au/Au_nat_30433.jpg,0,0.2194620768229166,3,1,0.02,0.5
/content/drive/MyDrive/CV_Project/datasets/casia2/images/CASIA2.0_revised/Au/Au_nat_30434.jpg,0,0.0,3,1,0.02,0.5
/content/drive/MyDrive/CV_Project/datasets/casia2/images/CASIA2.0_revised/Au/Au_nat_30435.jpg,0,0.4643656412760417,3,1,0.02,0.5
/content/drive/MyDrive/CV_Project/datasets/casia2/images/CASIA2.0_revised/Au/Au_nat_30436.jpg,0,0.0693155924479166,3,1,0.02,0.5
/content/drive/MyDrive/CV_Project/datasets/casia2/images/CASIA2.0_revised/Au/Au_nat_30437.jpg,0,0.4862874348958333,3,1,0.02,0.5
/content/drive/MyDrive/CV_Project/datasets/casia2/images/CASIA2.0_revised/Au/Au_nat_30438.jpg,0,0.1957194010416666,3,1,0.02,0.5
/content/drive/MyDrive/CV_Project/datasets/casia2/images/CASIA2.0_revised/Au/Au_nat_30439.jpg,0,0.3212381998697917,3,1,0.02,0.5
/content/drive/MyDrive/CV_Project/datasets/casia2/images/CASIA2.0_revised/Au/Au_nat_30440.jpg,0,0.4099019368489583,3,1,0.02,0.5
/content/drive/MyDrive/CV_Project/datasets/casia2/images/CASIA2.0_revised/Au/Au_nat_30441.jpg,0,0.0,3,1,0.02,0.5
/content/drive/MyDrive/CV_Project/datasets/casia2/images/CASIA2.0_revised/Au/Au_nat_30442.jpg,0,0.0,3,1,0.02,0.5
/content/drive/MyDrive/CV_Project/datasets/casia2/images/CASIA2.0_revised/Au/Au_nat_30443.jpg,0,0.0,3,1,0.02,0.5
/content/drive/MyDrive/CV_Project/datasets/casia2/images/CASIA2.0_revised/Au/Au_nat_30444.jpg,0,0.26416015625,3,1,0.02,0.5
/content/drive/MyDrive/CV_Project/datasets/casia2/images/CASIA2.0_revised/Au/Au_nat_30445.jpg,0,0.168609619140625,3,1,0.02,0.5
/content/drive/MyDrive/CV_Project/datasets/casia2/images/CASIA2.0_revised/Au/Au_nat_30446.jpg,0,0.0,3,1,0.02,0.5
/content/drive/MyDrive/CV_Project/datasets/casia2/images/CASIA2.0_revised/Au/Au_nat_30447.jpg,0,0.1940816243489583,3,1,0.02,0.5
/content/drive/MyDrive/CV_Project/datasets/casia2/images/CASIA2.0_revised/Au/Au_nat_30448.jpg,0,0.4949442545572917,3,1,0.02,0.5
/content/drive/MyDrive/CV_Project/datasets/casia2/images/CASIA2.0_revised/Au/Au_nat_30449.jpg,0,0.1427510579427083,3,1,0.02,0.5
/content/drive/MyDrive/CV_Project/datasets/casia2/images/CASIA2.0_revised/Au/Au_nat_30450.jpg,0,0.0514628092447916,3,1,0.02,0.5
/content/drive/MyDrive/CV_Project/datasets/casia2/images/CASIA2.0_revised/Au/Au_nat_30451.jpg,0,0.0219319661458333,3,1,0.02,0.5
/content/drive/MyDrive/CV_Project/datasets/casia2/images/CASIA2.0_revised/Au/Au_nat_30452.jpg,0,0.0,3,1,0.02,0.5
/content/drive/MyDrive/CV_Project/datasets/casia2/images/CASIA2.0_revised/Au/Au_nat_30453.jpg,0,0.19158935546875,3,1,0.02,0.5
/content/drive/MyDrive/CV_Project/datasets/casia2/images/CASIA2.0_revised/Au/Au_nat_30454.jpg,0,0.2799479166666667,3,1,0.02,0.5
/content/drive/MyDrive/CV_Project/datasets/casia2/images/CASIA2.0_revised/Au/Au_nat_30455.jpg,0,0.3357137044270833,3,1,0.02,0.5
/content/drive/MyDrive/CV_Project/datasets/casia2/images/CASIA2.0_revised/Au/Au_nat_30456.jpg,0,0.395050048828125,3,1,0.02,0.5
/content/drive/MyDrive/CV_Project/datasets/casia2/images/CASIA2.0_revised/Au/Au_nat_30457.jpg,0,0.7629292805989584,3,1,0.02,0.5
/content/drive/MyDrive/CV_Project/datasets/casia2/images/CASIA2.0_revised/Au/Au_nat_30458.jpg,0,0.2977193196614583,3,1,0.02,0.5
/content/drive/MyDrive/CV_Project/datasets/casia2/images/CASIA2.0_revised/Au/Au_nat_30459.jpg,0,0.0,3,1,0.02,0.5
/content/drive/MyDrive/CV_Project/datasets/casia2/images/CASIA2.0_revised/Au/Au_nat_30460.jpg,0,0.2270100911458333,3,1,0.02,0.5
/content/drive/MyDrive/CV_Project/datasets/casia2/images/CASIA2.0_revised/Au/Au_nat_30461.jpg,0,0.6857198079427084,3,1,0.02,0.5
/content/drive/MyDrive/CV_Project/datasets/casia2/images/CASIA2.0_revised/Au/Au_nat_30462.jpg,0,0.2840779622395833,3,1,0.02,0.5
/content/drive/MyDrive/CV_Project/datasets/casia2/images/CASIA2.0_revised/Au/Au_nat_30463.jpg,0,0.3770345052083333,3,1,0.02,0.5
/content/drive/MyDrive/CV_Project/datasets/casia2/images/CASIA2.0_revised/Au/Au_nat_30464.jpg,0,0.17193603515625,3,1,0.02,0.5
/content/drive/MyDrive/CV_Project/datasets/casia2/images/CASIA2.0_revised/Au/Au_nat_30465.jpg,0,0.3811747233072917,3,1,0.02,0.5
/content/drive/MyDrive/CV_Project/datasets/casia2/images/CASIA2.0_revised/Au/Au_nat_30466.jpg,0,0.0,3,1,0.02,0.5
/content/drive/MyDrive/CV_Project/datasets/casia2/images/CASIA2.0_revised/Au/Au_nat_30467.jpg,0,0.3594767252604167,3,1,0.02,0.5
/content/drive/MyDrive/CV_Project/datasets/casia2/images/CASIA2.0_revised/Au/Au_nat_30468.jpg,0,0.1901346842447916,3,1,0.02,0.5
/content/drive/MyDrive/CV_Project/datasets/casia2/images/CASIA2.0_revised/Au/Au_nat_30469.jpg,0,0.0252787272135416,3,1,0.02,0.5
/content/drive/MyDrive/CV_Project/datasets/casia2/images/CASIA2.0_revised/Au/Au_nat_30470.jpg,0,0.1759745279947916,3,1,0.02,0.5
/content/drive/MyDrive/CV_Project/datasets/casia2/images/CASIA2.0_revised/Au/Au_nat_30471.jpg,0,0.2541910807291667,3,1,0.02,0.5
/content/drive/MyDrive/CV_Project/datasets/casia2/images/CASIA2.0_revised/Au/Au_nat_30472.jpg,0,0.1398111979166666,3,1,0.02,0.5
/content/drive/MyDrive/CV_Project/datasets/casia2/images/CASIA2.0_revised/Au/Au_nat_30473.jpg,0,0.1187845865885416,3,1,0.02,0.5
/content/drive/MyDrive/CV_Project/datasets/casia2/images/CASIA2.0_revised/Au/Au_nat_30474.jpg,0,0.0981038411458333,3,1,0.02,0.5
/content/drive/MyDrive/CV_Project/datasets/casia2/images/CASIA2.0_revised/Au/Au_nat_30475.jpg,0,0.0272623697916666,3,1,0.02,0.5
/content/drive/MyDrive/CV_Project/datasets/casia2/images/CASIA2.0_revised/Au/Au_nat_30476.jpg,0,0.2001139322916666,3,1,0.02,0.5
/content/drive/MyDrive/CV_Project/datasets/casia2/images/CASIA2.0_revised/Au/Au_nat_30477.jpg,0,0.0,3,1,0.02,0.5
/content/drive/MyDrive/CV_Project/datasets/casia2/images/CASIA2.0_revised/Au/Au_nat_30478.jpg,0,0.0552775065104166,3,1,0.02,0.5
/content/drive/MyDrive/CV_Project/datasets/casia2/images/CASIA2.0_revised/Au/Au_nat_30479.jpg,0,0.0,3,1,0.02,0.5
/content/drive/MyDrive/CV_Project/datasets/casia2/images/CASIA2.0_revised/Au/Au_nat_30480.jpg,0,0.10235595703125,3,1,0.02,0.5
/content/drive/MyDrive/CV_Project/datasets/casia2/images/CASIA2.0_revised/Au/Au_nat_30481.jpg,0,0.3840840657552083,3,1,0.02,0.5
/content/drive/MyDrive/CV_Project/datasets/casia2/images/CASIA2.0_revised/Au/Au_nat_30482.jpg,0,0.4230448404947917,3,1,0.02,0.5
/content/drive/MyDrive/CV_Project/datasets/casia2/images/CASIA2.0_revised/Au/Au_nat_30483.jpg,0,0.3074544270833333,3,1,0.02,0.5
/content/drive/MyDrive/CV_Project/datasets/casia2/images/CASIA2.0_revised/Au/Au_nat_30484.jpg,0,0.2397867838541666,3,1,0.02,0.5
/content/drive/MyDrive/CV_Project/datasets/casia2/images/CASIA2.0_revised/Au/Au_nat_30485.jpg,0,0.2486673990885416,3,1,0.02,0.5
/content/drive/MyDrive/CV_Project/datasets/casia2/images/CASIA2.0_revised/Au/Au_nat_30486.jpg,0,0.5895894368489584,3,1,0.02,0.5
/content/drive/MyDrive/CV_Project/datasets/casia2/images/CASIA2.0_revised/Au/Au_nat_30487.jpg,0,0.1099751790364583,3,1,0.02,0.5
/content/drive/MyDrive/CV_Project/datasets/casia2/images/CASIA2.0_revised/Au/Au_nat_30488.jpg,0,0.0,3,1,0.02,0.5
/content/drive/MyDrive/CV_Project/datasets/casia2/images/CASIA2.0_revised/Au/Au_nat_30489.jpg,0,0.061767578125,3,1,0.02,0.5
/content/drive/MyDrive/CV_Project/datasets/casia2/images/CASIA2.0_revised/Au/Au_nat_30490.jpg,0,0.269989013671875,3,1,0.02,0.5
/content/drive/MyDrive/CV_Project/datasets/casia2/images/CASIA2.0_revised/Au/Au_nat_30491.jpg,0,0.1764322916666666,3,1,0.02,0.5
/content/drive/MyDrive/CV_Project/datasets/casia2/images/CASIA2.0_revised/Au/Au_nat_30492.jpg,0,0.0793355305989583,3,1,0.02,0.5
/content/drive/MyDrive/CV_Project/datasets/casia2/images/CASIA2.0_revised/Au/Au_nat_30493.jpg,0,0.1558024088541666,3,1,0.02,0.5
/content/drive/MyDrive/CV_Project/datasets/casia2/images/CASIA2.0_revised/Au/Au_nat_30494.jpg,0,0.0813700358072916,3,1,0.02,0.5
/content/drive/MyDrive/CV_Project/datasets/casia2/images/CASIA2.0_revised/Au/Au_nat_30495.jpg,0,0.8404642740885416,3,1,0.02,0.5
/content/drive/MyDrive/CV_Project/datasets/casia2/images/CASIA2.0_revised/Au/Au_nat_30496.jpg,0,0.1201070149739583,3,1,0.02,0.5
/content/drive/MyDrive/CV_Project/datasets/casia2/images/CASIA2.0_revised/Au/Au_nat_30497.jpg,0,0.4136250813802083,3,1,0.02,0.5
/content/drive/MyDrive/CV_Project/datasets/casia2/images/CASIA2.0_revised/Au/Au_nat_30498.jpg,0,0.0909932454427083,3,1,0.02,0.5
/content/drive/MyDrive/CV_Project/datasets/casia2/images/CASIA2.0_revised/Au/Au_nat_30499.jpg,0,0.051361083984375,3,1,0.02,0.5
/content/drive/MyDrive/CV_Project/datasets/casia2/images/CASIA2.0_revised/Au/Au_nat_30500.jpg,0,0.06903076171875,3,1,0.02,0.5
/content/drive/MyDrive/CV_Project/datasets/casia2/images/CASIA2.0_revised/Au/Au_nat_30501.jpg,0,0.0966695149739583,3,1,0.02,0.5
/content/drive/MyDrive/CV_Project/datasets/casia2/images/CASIA2.0_revised/Au/Au_nat_30502.jpg,0,0.5820109049479166,3,1,0.02,0.5
/content/drive/MyDrive/CV_Project/datasets/casia2/images/CASIA2.0_revised/Au/Au_nat_30503.jpg,0,0.4127705891927083,3,1,0.02,0.5
/content/drive/MyDrive/CV_Project/datasets/casia2/images/CASIA2.0_revised/Au/Au_nat_30504.jpg,0,0.4356892903645833,3,1,0.02,0.5
/content/drive/MyDrive/CV_Project/datasets/casia2/images/CASIA2.0_revised/Au/Au_nat_30505.jpg,0,0.7362772623697916,3,1,0.02,0.5
/content/drive/MyDrive/CV_Project/datasets/casia2/images/CASIA2.0_revised/Au/Au_nat_30506.jpg,0,0.2064921061197916,3,1,0.02,0.5
/content/drive/MyDrive/CV_Project/datasets/casia2/images/CASIA2.0_revised/Au/Au_nat_30507.jpg,0,0.4440714518229167,3,1,0.02,0.5
/content/drive/MyDrive/CV_Project/datasets/casia2/images/CASIA2.0_revised/Au/Au_nat_30508.jpg,0,0.09613037109375,3,1,0.02,0.5
/content/drive/MyDrive/CV_Project/datasets/casia2/images/CASIA2.0_revised/Au/Au_nat_30509.jpg,0,0.5155537923177084,3,1,0.02,0.5
/content/drive/MyDrive/CV_Project/datasets/casia2/images/CASIA2.0_revised/Au/Au_nat_30510.jpg,0,0.1815897623697916,3,1,0.02,0.5
/content/drive/MyDrive/CV_Project/datasets/casia2/images/CASIA2.0_revised/Au/Au_nat_30511.jpg,0,0.2118733723958333,3,1,0.02,0.5
/content/drive/MyDrive/CV_Project/datasets/casia2/images/CASIA2.0_revised/Au/Au_nat_30512.jpg,0,0.0,3,1,0.02,0.5
/content/drive/MyDrive/CV_Project/datasets/casia2/images/CASIA2.0_revised/Au/Au_nat_30513.jpg,0,0.08673095703125,3,1,0.02,0.5
/content/drive/MyDrive/CV_Project/datasets/casia2/images/CASIA2.0_revised/Au/Au_nat_30514.jpg,0,0.183624267578125,3,1,0.02,0.5
/content/drive/MyDrive/CV_Project/datasets/casia2/images/CASIA2.0_revised/Au/Au_nat_30515.jpg,0,0.0557352701822916,3,1,0.02,0.5
/content/drive/MyDrive/CV_Project/datasets/casia2/images/CASIA2.0_revised/Au/Au_nat_30516.jpg,0,0.1774088541666666,3,1,0.02,0.5
/content/drive/MyDrive/CV_Project/datasets/casia2/images/CASIA2.0_revised/Au/Au_nat_30517.jpg,0,0.241668701171875,3,1,0.02,0.5
/content/drive/MyDrive/CV_Project/datasets/casia2/images/CASIA2.0_revised/Au/Au_nat_30518.jpg,0,0.2872823079427083,3,1,0.02,0.5
/content/drive/MyDrive/CV_Project/datasets/casia2/images/CASIA2.0_revised/Au/Au_nat_30519.jpg,0,0.1146952311197916,3,1,0.02,0.5
/content/drive/MyDrive/CV_Project/datasets/casia2/images/CASIA2.0_revised/Au/Au_nat_30520.jpg,0,0.0,3,1,0.02,0.5
/content/drive/MyDrive/CV_Project/datasets/casia2/images/CASIA2.0_revised/Au/Au_nat_30521.jpg,0,0.0251871744791666,3,1,0.02,0.5
/content/drive/MyDrive/CV_Project/datasets/casia2/images/CASIA2.0_revised/Au/Au_nat_30522.jpg,0,0.0,3,1,0.02,0.5
/content/drive/MyDrive/CV_Project/datasets/casia2/images/CASIA2.0_revised/Au/Au_nat_30523.jpg,0,0.3515828450520833,3,1,0.02,0.5
/content/drive/MyDrive/CV_Project/datasets/casia2/images/CASIA2.0_revised/Au/Au_nat_30524.jpg,0,0.2012736002604166,3,1,0.02,0.5
/content/drive/MyDrive/CV_Project/datasets/casia2/images/CASIA2.0_revised/Au/Au_nat_30525.jpg,0,0.1007893880208333,3,1,0.02,0.5
/content/drive/MyDrive/CV_Project/datasets/casia2/images/CASIA2.0_revised/Au/Au_nat_30526.jpg,0,0.0260111490885416,3,1,0.02,0.5
/content/drive/MyDrive/CV_Project/datasets/casia2/images/CASIA2.0_revised/Au/Au_nat_30527.jpg,0,0.1721394856770833,3,1,0.02,0.5
/content/drive/MyDrive/CV_Project/datasets/casia2/images/CASIA2.0_revised/Au/Au_nat_30528.jpg,0,0.0,3,1,0.02,0.5
/content/drive/MyDrive/CV_Project/datasets/casia2/images/CASIA2.0_revised/Au/Au_nat_30529.jpg,0,0.3095601399739583,3,1,0.02,0.5
/content/drive/MyDrive/CV_Project/datasets/casia2/images/CASIA2.0_revised/Au/Au_nat_30530.jpg,0,0.0,3,1,0.02,0.5
/content/drive/MyDrive/CV_Project/datasets/casia2/images/CASIA2.0_revised/Au/Au_nat_30531.jpg,0,0.2423909505208333,3,1,0.02,0.5
/content/drive/MyDrive/CV_Project/datasets/casia2/images/CASIA2.0_revised/Au/Au_nat_30532.jpg,0,0.0235188802083333,3,1,0.02,0.5
/content/drive/MyDrive/CV_Project/datasets/casia2/images/CASIA2.0_revised/Au/Au_nat_30533.jpg,0,0.6405029296875,3,1,0.02,0.5
/content/drive/MyDrive/CV_Project/datasets/casia2/images/CASIA2.0_revised/Au/Au_nat_30534.jpg,0,0.3636474609375,3,1,0.02,0.5
/content/drive/MyDrive/CV_Project/datasets/casia2/images/CASIA2.0_revised/Au/Au_nat_30535.jpg,0,0.1992899576822916,3,1,0.02,0.5
/content/drive/MyDrive/CV_Project/datasets/casia2/images/CASIA2.0_revised/Au/Au_nat_30536.jpg,0,0.4033203125,3,1,0.02,0.5
/content/drive/MyDrive/CV_Project/datasets/casia2/images/CASIA2.0_revised/Au/Au_nat_30537.jpg,0,0.2020975748697916,3,1,0.02,0.5
/content/drive/MyDrive/CV_Project/datasets/casia2/images/CASIA2.0_revised/Au/Au_nat_30538.jpg,0,0.1540629069010416,3,1,0.02,0.5
/content/drive/MyDrive/CV_Project/datasets/casia2/images/CASIA2.0_revised/Au/Au_nat_30539.jpg,0,0.0943705240885416,3,1,0.02,0.5
/content/drive/MyDrive/CV_Project/datasets/casia2/images/CASIA2.0_revised/Au/Au_nat_30540.jpg,0,0.233917236328125,3,1,0.02,0.5
/content/drive/MyDrive/CV_Project/datasets/casia2/images/CASIA2.0_revised/Au/Au_nat_30541.jpg,0,0.3322041829427083,3,1,0.02,0.5
/content/drive/MyDrive/CV_Project/datasets/casia2/images/CASIA2.0_revised/Au/Au_nat_30542.jpg,0,0.191619873046875,3,1,0.02,0.5
/content/drive/MyDrive/CV_Project/datasets/casia2/images/CASIA2.0_revised/Au/Au_nat_30543.jpg,0,0.1873982747395833,3,1,0.02,0.5
/content/drive/MyDrive/CV_Project/datasets/casia2/images/CASIA2.0_revised/Au/Au_nat_30544.jpg,0,0.08038330078125,3,1,0.02,0.5
/content/drive/MyDrive/CV_Project/datasets/casia2/images/CASIA2.0_revised/Au/Au_nat_30545.jpg,0,0.073211669921875,3,1,0.02,0.5
/content/drive/MyDrive/CV_Project/datasets/casia2/images/CASIA2.0_revised/Au/Au_nat_30546.jpg,0,0.253692626953125,3,1,0.02,0.5
/content/drive/MyDrive/CV_Project/datasets/casia2/images/CASIA2.0_revised/Au/Au_nat_30547.jpg,0,0.3798319498697917,3,1,0.02,0.5
/content/drive/MyDrive/CV_Project/datasets/casia2/images/CASIA2.0_revised/Au/Au_nat_30548.jpg,0,0.27032470703125,3,1,0.02,0.5
/content/drive/MyDrive/CV_Project/datasets/casia2/images/CASIA2.0_revised/Au/Au_nat_30549.jpg,0,0.201934814453125,3,1,0.02,0.5
/content/drive/MyDrive/CV_Project/datasets/casia2/images/CASIA2.0_revised/Au/Au_nat_30550.jpg,0,0.0637105305989583,3,1,0.02,0.5
/content/drive/MyDrive/CV_Project/datasets/casia2/images/CASIA2.0_revised/Au/Au_nat_30551.jpg,0,0.281280517578125,3,1,0.02,0.5
/content/drive/MyDrive/CV_Project/datasets/casia2/images/CASIA2.0_revised/Au/Au_nat_30552.jpg,0,0.0297342936197916,3,1,0.02,0.5
/content/drive/MyDrive/CV_Project/datasets/casia2/images/CASIA2.0_revised/Au/Au_nat_30553.jpg,0,0.57904052734375,3,1,0.02,0.5
/content/drive/MyDrive/CV_Project/datasets/casia2/images/CASIA2.0_revised/Au/Au_nat_30554.jpg,0,0.1329142252604166,3,1,0.02,0.5
/content/drive/MyDrive/CV_Project/datasets/casia2/images/CASIA2.0_revised/Au/Au_nat_30555.jpg,0,0.0537618001302083,3,1,0.02,0.5
/content/drive/MyDrive/CV_Project/datasets/casia2/images/CASIA2.0_revised/Au/Au_nat_30556.jpg,0,0.593994140625,3,1,0.02,0.5
/content/drive/MyDrive/CV_Project/datasets/casia2/images/CASIA2.0_revised/Au/Au_nat_30557.jpg,0,0.2263590494791666,3,1,0.02,0.5
/content/drive/MyDrive/CV_Project/datasets/casia2/images/CASIA2.0_revised/Au/Au_nat_30558.jpg,0,0.2316691080729166,3,1,0.02,0.5
/content/drive/MyDrive/CV_Project/datasets/casia2/images/CASIA2.0_revised/Au/Au_nat_30559.jpg,0,0.0,3,1,0.02,0.5
/content/drive/MyDrive/CV_Project/datasets/casia2/images/CASIA2.0_revised/Au/Au_nat_30560.jpg,0,0.02301025390625,3,1,0.02,0.5
/content/drive/MyDrive/CV_Project/datasets/casia2/images/CASIA2.0_revised/Au/Au_nat_30561.jpg,0,0.2012736002604166,3,1,0.02,0.5
/content/drive/MyDrive/CV_Project/datasets/casia2/images/CASIA2.0_revised/Au/Au_nat_30562.jpg,0,0.321685791015625,3,1,0.02,0.5
/content/drive/MyDrive/CV_Project/datasets/casia2/images/CASIA2.0_revised/Au/Au_nat_30563.jpg,0,0.2970072428385417,3,1,0.02,0.5
/content/drive/MyDrive/CV_Project/datasets/casia2/images/CASIA2.0_revised/Au/Au_nat_30564.jpg,0,0.0617167154947916,3,1,0.02,0.5
/content/drive/MyDrive/CV_Project/datasets/casia2/images/CASIA2.0_revised/Au/Au_nat_30565.jpg,0,0.2726033528645833,3,1,0.02,0.5
/content/drive/MyDrive/CV_Project/datasets/casia2/images/CASIA2.0_revised/Au/Au_nat_30566.jpg,0,0.09912109375,3,1,0.02,0.5
/content/drive/MyDrive/CV_Project/datasets/casia2/images/CASIA2.0_revised/Au/Au_nat_30567.jpg,0,0.0681050618489583,3,1,0.02,0.5
/content/drive/MyDrive/CV_Project/datasets/casia2/images/CASIA2.0_revised/Au/Au_nat_30568.jpg,0,0.0733133951822916,3,1,0.02,0.5
/content/drive/MyDrive/CV_Project/datasets/casia2/images/CASIA2.0_revised/Au/Au_nat_30569.jpg,0,0.064117431640625,3,1,0.02,0.5
/content/drive/MyDrive/CV_Project/datasets/casia2/images/CASIA2.0_revised/Au/Au_nat_30570.jpg,0,0.1998291015625,3,1,0.02,0.5
/content/drive/MyDrive/CV_Project/datasets/casia2/images/CASIA2.0_revised/Au/Au_nat_30571.jpg,0,0.0,3,1,0.02,0.5
/content/drive/MyDrive/CV_Project/datasets/casia2/images/CASIA2.0_revised/Au/Au_nat_30572.jpg,0,0.07244873046875,3,1,0.02,0.5
/content/drive/MyDrive/CV_Project/datasets/casia2/images/CASIA2.0_revised/Au/Au_nat_30573.jpg,0,0.0,3,1,0.02,0.5
/content/drive/MyDrive/CV_Project/datasets/casia2/images/CASIA2.0_revised/Au/Au_nat_30574.jpg,0,0.0,3,1,0.02,0.5
/content/drive/MyDrive/CV_Project/datasets/casia2/images/CASIA2.0_revised/Au/Au_nat_30575.jpg,0,0.1188151041666666,3,1,0.02,0.5
/content/drive/MyDrive/CV_Project/datasets/casia2/images/CASIA2.0_revised/Au/Au_nat_30576.jpg,0,0.0,3,1,0.02,0.5
/content/drive/MyDrive/CV_Project/datasets/casia2/images/CASIA2.0_revised/Au/Au_nat_30577.jpg,0,0.2286478678385416,3,1,0.02,0.5
/content/drive/MyDrive/CV_Project/datasets/casia2/images/CASIA2.0_revised/Au/Au_nat_30578.jpg,0,0.0,3,1,0.02,0.5
/content/drive/MyDrive/CV_Project/datasets/casia2/images/CASIA2.0_revised/Au/Au_nat_30579.jpg,0,0.6287841796875,3,1,0.02,0.5
/content/drive/MyDrive/CV_Project/datasets/casia2/images/CASIA2.0_revised/Au/Au_nat_30580.jpg,0,0.0,3,1,0.02,0.5
/content/drive/MyDrive/CV_Project/datasets/casia2/images/CASIA2.0_revised/Au/Au_nat_30581.jpg,0,0.2715962727864583,3,1,0.02,0.5
/content/drive/MyDrive/CV_Project/datasets/casia2/images/CASIA2.0_revised/Au/Au_nat_30582.jpg,0,0.0,3,1,0.02,0.5
/content/drive/MyDrive/CV_Project/datasets/casia2/images/CASIA2.0_revised/Au/Au_nat_30583.jpg,0,0.0,3,1,0.02,0.5
/content/drive/MyDrive/CV_Project/datasets/casia2/images/CASIA2.0_revised/Au/Au_nat_30584.jpg,0,0.0,3,1,0.02,0.5
/content/drive/MyDrive/CV_Project/datasets/casia2/images/CASIA2.0_revised/Au/Au_nat_30585.jpg,0,0.0719401041666666,3,1,0.02,0.5
/content/drive/MyDrive/CV_Project/datasets/casia2/images/CASIA2.0_revised/Au/Au_nat_30586.jpg,0,0.085052490234375,3,1,0.02,0.5
/content/drive/MyDrive/CV_Project/datasets/casia2/images/CASIA2.0_revised/Au/Au_nat_30587.jpg,0,0.0,3,1,0.02,0.5
/content/drive/MyDrive/CV_Project/datasets/casia2/images/CASIA2.0_revised/Au/Au_nat_30588.jpg,0,0.0,3,1,0.02,0.5
/content/drive/MyDrive/CV_Project/datasets/casia2/images/CASIA2.0_revised/Au/Au_nat_30589.jpg,0,0.0,3,1,0.02,0.5
/content/drive/MyDrive/CV_Project/datasets/casia2/images/CASIA2.0_revised/Au/Au_nat_30590.jpg,0,0.1693623860677083,3,1,0.02,0.5
/content/drive/MyDrive/CV_Project/datasets/casia2/images/CASIA2.0_revised/Au/Au_nat_30591.jpg,0,0.0,3,1,0.02,0.5
/content/drive/MyDrive/CV_Project/datasets/casia2/images/CASIA2.0_revised/Au/Au_nat_30592.jpg,0,0.0396931966145833,3,1,0.02,0.5
/content/drive/MyDrive/CV_Project/datasets/casia2/images/CASIA2.0_revised/Au/Au_nat_30593.jpg,0,0.022705078125,3,1,0.02,0.5
/content/drive/MyDrive/CV_Project/datasets/casia2/images/CASIA2.0_revised/Au/Au_nat_30594.jpg,0,0.0,3,1,0.02,0.5
/content/drive/MyDrive/CV_Project/datasets/casia2/images/CASIA2.0_revised/Au/Au_nat_30595.jpg,0,0.0,3,1,0.02,0.5
/content/drive/MyDrive/CV_Project/datasets/casia2/images/CASIA2.0_revised/Au/Au_nat_30596.jpg,0,0.0,3,1,0.02,0.5
/content/drive/MyDrive/CV_Project/datasets/casia2/images/CASIA2.0_revised/Au/Au_nat_30597.jpg,0,0.0,3,1,0.02,0.5
/content/drive/MyDrive/CV_Project/datasets/casia2/images/CASIA2.0_revised/Au/Au_nat_30598.jpg,0,0.1205952962239583,3,1,0.02,0.5
/content/drive/MyDrive/CV_Project/datasets/casia2/images/CASIA2.0_revised/Au/Au_nat_30599.jpg,0,0.14617919921875,3,1,0.02,0.5
/content/drive/MyDrive/CV_Project/datasets/casia2/images/CASIA2.0_revised/Au/Au_nat_30600.jpg,0,0.2024637858072916,3,1,0.02,0.5
/content/drive/MyDrive/CV_Project/datasets/casia2/images/CASIA2.0_revised/Au/Au_nat_30601.jpg,0,0.3587849934895833,3,1,0.02,0.5
/content/drive/MyDrive/CV_Project/datasets/casia2/images/CASIA2.0_revised/Au/Au_nat_30602.jpg,0,0.6348470052083334,3,1,0.02,0.5
/content/drive/MyDrive/CV_Project/datasets/casia2/images/CASIA2.0_revised/Au/Au_nat_30603.jpg,0,0.464813232421875,3,1,0.02,0.5
/content/drive/MyDrive/CV_Project/datasets/casia2/images/CASIA2.0_revised/Au/Au_nat_30604.jpg,0,0.4054361979166667,3,1,0.02,0.5
/content/drive/MyDrive/CV_Project/datasets/casia2/images/CASIA2.0_revised/Au/Au_nat_30605.jpg,0,0.116485595703125,3,1,0.02,0.5
/content/drive/MyDrive/CV_Project/datasets/casia2/images/CASIA2.0_revised/Au/Au_nat_30606.jpg,0,0.020233154296875,3,1,0.02,0.5
/content/drive/MyDrive/CV_Project/datasets/casia2/images/CASIA2.0_revised/Au/Au_nat_30607.jpg,0,0.9738972981770834,3,1,0.02,0.5
/content/drive/MyDrive/CV_Project/datasets/casia2/images/CASIA2.0_revised/Au/Au_nat_30608.jpg,0,0.1100667317708333,3,1,0.02,0.5
/content/drive/MyDrive/CV_Project/datasets/casia2/images/CASIA2.0_revised/Au/Au_nat_30609.jpg,0,0.0,3,1,0.02,0.5
/content/drive/MyDrive/CV_Project/datasets/casia2/images/CASIA2.0_revised/Au/Au_nat_30610.jpg,0,0.1864115397135416,3,1,0.02,0.5
/content/drive/MyDrive/CV_Project/datasets/casia2/images/CASIA2.0_revised/Au/Au_nat_30611.jpg,0,0.0,3,1,0.02,0.5
/content/drive/MyDrive/CV_Project/datasets/casia2/images/CASIA2.0_revised/Au/Au_nat_30612.jpg,0,0.2352498372395833,3,1,0.02,0.5
/content/drive/MyDrive/CV_Project/datasets/casia2/images/CASIA2.0_revised/Au/Au_nat_30613.jpg,0,0.19158935546875,3,1,0.02,0.5
/content/drive/MyDrive/CV_Project/datasets/casia2/images/CASIA2.0_revised/Au/Au_nat_30614.jpg,0,0.1466064453125,3,1,0.02,0.5
/content/drive/MyDrive/CV_Project/datasets/casia2/images/CASIA2.0_revised/Au/Au_nat_30615.jpg,0,0.188446044921875,3,1,0.02,0.5
/content/drive/MyDrive/CV_Project/datasets/casia2/images/CASIA2.0_revised/Au/Au_nat_30616.jpg,0,0.0251261393229166,3,1,0.02,0.5
/content/drive/MyDrive/CV_Project/datasets/casia2/images/CASIA2.0_revised/Au/Au_nat_30617.jpg,0,0.1165262858072916,3,1,0.02,0.5
/content/drive/MyDrive/CV_Project/datasets/casia2/images/CASIA2.0_revised/Au/Au_nat_30618.jpg,0,0.0,3,1,0.02,0.5
/content/drive/MyDrive/CV_Project/datasets/casia2/images/CASIA2.0_revised/Au/Au_nat_30619.jpg,0,0.075408935546875,3,1,0.02,0.5
/content/drive/MyDrive/CV_Project/datasets/casia2/images/CASIA2.0_revised/Au/Au_nat_30620.jpg,0,0.2121175130208333,3,1,0.02,0.5
/content/drive/MyDrive/CV_Project/datasets/casia2/images/CASIA2.0_revised/Au/Au_nat_30621.jpg,0,0.0,3,1,0.02,0.5
/content/drive/MyDrive/CV_Project/datasets/casia2/images/CASIA2.0_revised/Au/Au_nat_30622.jpg,0,0.8108622233072916,3,1,0.02,0.5
/content/drive/MyDrive/CV_Project/datasets/casia2/images/CASIA2.0_revised/Au/Au_nat_30623.jpg,0,0.0,3,1,0.02,0.5
/content/drive/MyDrive/CV_Project/datasets/casia2/images/CASIA2.0_revised/Au/Au_nat_30624.jpg,0,0.086669921875,3,1,0.02,0.5
/content/drive/MyDrive/CV_Project/datasets/casia2/images/CASIA2.0_revised/Au/Au_nat_30625.jpg,0,0.4056905110677083,3,1,0.02,0.5
/content/drive/MyDrive/CV_Project/datasets/casia2/images/CASIA2.0_revised/Au/Au_nat_30626.jpg,0,0.0,3,1,0.02,0.5
/content/drive/MyDrive/CV_Project/datasets/casia2/images/CASIA2.0_revised/Au/Au_nat_30627.jpg,0,0.225555419921875,3,1,0.02,0.5
/content/drive/MyDrive/CV_Project/datasets/casia2/images/CASIA2.0_revised/Au/Au_nat_30628.jpg,0,0.0,3,1,0.02,0.5
/content/drive/MyDrive/CV_Project/datasets/casia2/images/CASIA2.0_revised/Au/Au_nat_30629.jpg,0,0.2804667154947917,3,1,0.02,0.5
/content/drive/MyDrive/CV_Project/datasets/casia2/images/CASIA2.0_revised/Au/Au_nat_30630.jpg,0,0.0,3,1,0.02,0.5
/content/drive/MyDrive/CV_Project/datasets/casia2/images/CASIA2.0_revised/Au/Au_nat_30631.jpg,0,0.4164530436197917,3,1,0.02,0.5
/content/drive/MyDrive/CV_Project/datasets/casia2/images/CASIA2.0_revised/Au/Au_nat_30632.jpg,0,0.0,3,1,0.02,0.5
/content/drive/MyDrive/CV_Project/datasets/casia2/images/CASIA2.0_revised/Au/Au_nat_30633.jpg,0,0.2458597819010416,3,1,0.02,0.5
/content/drive/MyDrive/CV_Project/datasets/casia2/images/CASIA2.0_revised/Au/Au_nat_30634.jpg,0,0.0,3,1,0.02,0.5
/content/drive/MyDrive/CV_Project/datasets/casia2/images/CASIA2.0_revised/Au/Au_nat_30635.jpg,0,0.19805908203125,3,1,0.02,0.5
/content/drive/MyDrive/CV_Project/datasets/casia2/images/CASIA2.0_revised/Au/Au_nat_30636.jpg,0,0.1891276041666666,3,1,0.02,0.5
/content/drive/MyDrive/CV_Project/datasets/casia2/images/CASIA2.0_revised/Au/Au_nat_30637.jpg,0,0.0,3,1,0.02,0.5
/content/drive/MyDrive/CV_Project/datasets/casia2/images/CASIA2.0_revised/Au/Au_nat_30638.jpg,0,0.0,3,1,0.02,0.5
/content/drive/MyDrive/CV_Project/datasets/casia2/images/CASIA2.0_revised/Au/Au_nat_30639.jpg,0,0.0,3,1,0.02,0.5
/content/drive/MyDrive/CV_Project/datasets/casia2/images/CASIA2.0_revised/Au/Au_nat_30640.jpg,0,0.0,3,1,0.02,0.5
/content/drive/MyDrive/CV_Project/datasets/casia2/images/CASIA2.0_revised/Au/Au_nat_30641.jpg,0,0.0,3,1,0.02,0.5
/content/drive/MyDrive/CV_Project/datasets/casia2/images/CASIA2.0_revised/Au/Au_nat_30642.jpg,0,0.0,3,1,0.02,0.5
/content/drive/MyDrive/CV_Project/datasets/casia2/images/CASIA2.0_revised/Au/Au_nat_30643.jpg,0,0.1156412760416666,3,1,0.02,0.5
/content/drive/MyDrive/CV_Project/datasets/casia2/images/CASIA2.0_revised/Au/Au_nat_30644.jpg,0,0.0,3,1,0.02,0.5
/content/drive/MyDrive/CV_Project/datasets/casia2/images/CASIA2.0_revised/Au/Au_nat_30645.jpg,0,0.0370585123697916,3,1,0.02,0.5
/content/drive/MyDrive/CV_Project/datasets/casia2/images/CASIA2.0_revised/Au/Au_nat_30646.jpg,0,0.2568461100260417,3,1,0.02,0.5
/content/drive/MyDrive/CV_Project/datasets/casia2/images/CASIA2.0_revised/Au/Au_nat_30647.jpg,0,0.096649169921875,3,1,0.02,0.5
/content/drive/MyDrive/CV_Project/datasets/casia2/images/CASIA2.0_revised/Au/Au_nat_30648.jpg,0,0.7241923014322916,3,1,0.02,0.5
/content/drive/MyDrive/CV_Project/datasets/casia2/images/CASIA2.0_revised/Au/Au_nat_30649.jpg,0,0.0,3,1,0.02,0.5
/content/drive/MyDrive/CV_Project/datasets/casia2/images/CASIA2.0_revised/Au/Au_nat_30650.jpg,0,0.0,3,1,0.02,0.5
/content/drive/MyDrive/CV_Project/datasets/casia2/images/CASIA2.0_revised/Au/Au_nat_30651.jpg,0,0.4442545572916667,3,1,0.02,0.5
/content/drive/MyDrive/CV_Project/datasets/casia2/images/CASIA2.0_revised/Au/Au_nat_30652.jpg,0,0.0412495930989583,3,1,0.02,0.5
/content/drive/MyDrive/CV_Project/datasets/casia2/images/CASIA2.0_revised/Au/Au_nat_30653.jpg,0,0.1588846842447916,3,1,0.02,0.5
/content/drive/MyDrive/CV_Project/datasets/casia2/images/CASIA2.0_revised/Au/Au_nat_30654.jpg,0,0.2360941569010416,3,1,0.02,0.5
/content/drive/MyDrive/CV_Project/datasets/casia2/images/CASIA2.0_revised/Au/Au_nat_30655.jpg,0,0.206878662109375,3,1,0.02,0.5
/content/drive/MyDrive/CV_Project/datasets/casia2/images/CASIA2.0_revised/Au/Au_nat_30656.jpg,0,0.0,3,1,0.02,0.5
/content/drive/MyDrive/CV_Project/datasets/casia2/images/CASIA2.0_revised/Au/Au_nat_30657.jpg,0,0.6119791666666666,3,1,0.02,0.5
/content/drive/MyDrive/CV_Project/datasets/casia2/images/CASIA2.0_revised/Au/Au_nat_30658.jpg,0,0.0438130696614583,3,1,0.02,0.5
/content/drive/MyDrive/CV_Project/datasets/casia2/images/CASIA2.0_revised/Au/Au_nat_30659.jpg,0,0.0,3,1,0.02,0.5
/content/drive/MyDrive/CV_Project/datasets/casia2/images/CASIA2.0_revised/Au/Au_nat_30660.jpg,0,0.86505126953125,3,1,0.02,0.5
/content/drive/MyDrive/CV_Project/datasets/casia2/images/CASIA2.0_revised/Au/Au_nat_30661.jpg,0,0.59820556640625,3,1,0.02,0.5
/content/drive/MyDrive/CV_Project/datasets/casia2/images/CASIA2.0_revised/Au/Au_nat_30662.jpg,0,0.5787353515625,3,1,0.02,0.5
/content/drive/MyDrive/CV_Project/datasets/casia2/images/CASIA2.0_revised/Au/Au_nat_30663.jpg,0,0.0,3,1,0.02,0.5
/content/drive/MyDrive/CV_Project/datasets/casia2/images/CASIA2.0_revised/Au/Au_nat_30664.jpg,0,0.3259785970052083,3,1,0.02,0.5
/content/drive/MyDrive/CV_Project/datasets/casia2/images/CASIA2.0_revised/Au/Au_nat_30665.jpg,0,0.3948160807291667,3,1,0.02,0.5
/content/drive/MyDrive/CV_Project/datasets/casia2/images/CASIA2.0_revised/Au/Au_nat_30666.jpg,0,0.2002766927083333,3,1,0.02,0.5
/content/drive/MyDrive/CV_Project/datasets/casia2/images/CASIA2.0_revised/Au/Au_nat_30667.jpg,0,0.329315185546875,3,1,0.02,0.5
/content/drive/MyDrive/CV_Project/datasets/casia2/images/CASIA2.0_revised/Au/Au_nat_30668.jpg,0,0.5932413736979166,3,1,0.02,0.5
/content/drive/MyDrive/CV_Project/datasets/casia2/images/CASIA2.0_revised/Au/Au_nat_30669.jpg,0,0.0,3,1,0.02,0.5
/content/drive/MyDrive/CV_Project/datasets/casia2/images/CASIA2.0_revised/Au/Au_nat_30670.jpg,0,0.312255859375,3,1,0.02,0.5
/content/drive/MyDrive/CV_Project/datasets/casia2/images/CASIA2.0_revised/Au/Au_nat_30671.jpg,0,0.0216878255208333,3,1,0.02,0.5
/content/drive/MyDrive/CV_Project/datasets/casia2/images/CASIA2.0_revised/Au/Au_nat_30672.jpg,0,0.050872802734375,3,1,0.02,0.5
/content/drive/MyDrive/CV_Project/datasets/casia2/images/CASIA2.0_revised/Au/Au_nat_30673.jpg,0,0.1125996907552083,3,1,0.02,0.5
/content/drive/MyDrive/CV_Project/datasets/casia2/images/CASIA2.0_revised/Au/Au_nat_30674.jpg,0,0.1412455240885416,3,1,0.02,0.5
/content/drive/MyDrive/CV_Project/datasets/casia2/images/CASIA2.0_revised/Au/Au_nat_30675.jpg,0,0.0212910970052083,3,1,0.02,0.5
/content/drive/MyDrive/CV_Project/datasets/casia2/images/CASIA2.0_revised/Au/Au_nat_30676.jpg,0,0.5360209147135416,3,1,0.02,0.5
/content/drive/MyDrive/CV_Project/datasets/casia2/images/CASIA2.0_revised/Au/Au_nat_30677.jpg,0,0.23089599609375,3,1,0.02,0.5
/content/drive/MyDrive/CV_Project/datasets/casia2/images/CASIA2.0_revised/Au/Au_nat_30678.jpg,0,0.2608642578125,3,1,0.02,0.5
/content/drive/MyDrive/CV_Project/datasets/casia2/images/CASIA2.0_revised/Au/Au_nat_30679.jpg,0,0.316192626953125,3,1,0.02,0.5
/content/drive/MyDrive/CV_Project/datasets/casia2/images/CASIA2.0_revised/Au/Au_nat_30680.jpg,0,0.0,3,1,0.02,0.5
/content/drive/MyDrive/CV_Project/datasets/casia2/images/CASIA2.0_revised/Au/Au_nat_30681.jpg,0,0.0,3,1,0.02,0.5
/content/drive/MyDrive/CV_Project/datasets/casia2/images/CASIA2.0_revised/Au/Au_nat_30682.jpg,0,0.4255777994791667,3,1,0.02,0.5
/content/drive/MyDrive/CV_Project/datasets/casia2/images/CASIA2.0_revised/Au/Au_nat_30683.jpg,0,0.178131103515625,3,1,0.02,0.5
/content/drive/MyDrive/CV_Project/datasets/casia2/images/CASIA2.0_revised/Au/Au_nat_30684.jpg,0,0.2454833984375,3,1,0.02,0.5
/content/drive/MyDrive/CV_Project/datasets/casia2/images/CASIA2.0_revised/Au/Au_nat_30685.jpg,0,0.2968241373697917,3,1,0.02,0.5
/content/drive/MyDrive/CV_Project/datasets/casia2/images/CASIA2.0_revised/Au/Au_nat_30686.jpg,0,0.360137939453125,3,1,0.02,0.5
/content/drive/MyDrive/CV_Project/datasets/casia2/images/CASIA2.0_revised/Au/Au_nat_30687.jpg,0,0.449615478515625,3,1,0.02,0.5
/content/drive/MyDrive/CV_Project/datasets/casia2/images/CASIA2.0_revised/Au/Au_nat_30688.jpg,0,0.2722880045572917,3,1,0.02,0.5
/content/drive/MyDrive/CV_Project/datasets/casia2/images/CASIA2.0_revised/Au/Au_nat_30689.jpg,0,0.0,3,1,0.02,0.5
/content/drive/MyDrive/CV_Project/datasets/casia2/images/CASIA2.0_revised/Au/Au_nat_30690.jpg,0,0.2576904296875,3,1,0.02,0.5
/content/drive/MyDrive/CV_Project/datasets/casia2/images/CASIA2.0_revised/Au/Au_nat_30691.jpg,0,0.1720174153645833,3,1,0.02,0.5
/content/drive/MyDrive/CV_Project/datasets/casia2/images/CASIA2.0_revised/Au/Au_nat_30692.jpg,0,0.8998616536458334,3,1,0.02,0.5
/content/drive/MyDrive/CV_Project/datasets/casia2/images/CASIA2.0_revised/Au/Au_nat_30693.jpg,0,0.2757670084635417,3,1,0.02,0.5
/content/drive/MyDrive/CV_Project/datasets/casia2/images/CASIA2.0_revised/Au/Au_nat_30694.jpg,0,0.3423258463541667,3,1,0.02,0.5
/content/drive/MyDrive/CV_Project/datasets/casia2/images/CASIA2.0_revised/Au/Au_nat_30695.jpg,0,0.6077372233072916,3,1,0.02,0.5
/content/drive/MyDrive/CV_Project/datasets/casia2/images/CASIA2.0_revised/Au/Au_nat_30696.jpg,0,0.28656005859375,3,1,0.02,0.5
/content/drive/MyDrive/CV_Project/datasets/casia2/images/CASIA2.0_revised/Au/Au_nat_30697.jpg,0,0.1452738444010416,3,1,0.02,0.5
/content/drive/MyDrive/CV_Project/datasets/casia2/images/CASIA2.0_revised/Au/Au_nat_30698.jpg,0,0.36724853515625,3,1,0.02,0.5
/content/drive/MyDrive/CV_Project/datasets/casia2/images/CASIA2.0_revised/Au/Au_nat_30699.jpg,0,0.3658345540364583,3,1,0.02,0.5
/content/drive/MyDrive/CV_Project/datasets/casia2/images/CASIA2.0_revised/Au/Au_nat_30700.jpg,0,0.8172200520833334,3,1,0.02,0.5
/content/drive/MyDrive/CV_Project/datasets/casia2/images/CASIA2.0_revised/Au/Au_nat_30701.jpg,0,0.37884521484375,3,1,0.02,0.5
/content/drive/MyDrive/CV_Project/datasets/casia2/images/CASIA2.0_revised/Au/Au_nat_30702.jpg,0,0.0,3,1,0.02,0.5
/content/drive/MyDrive/CV_Project/datasets/casia2/images/CASIA2.0_revised/Au/Au_nat_30703.jpg,0,0.7686258951822916,3,1,0.02,0.5
/content/drive/MyDrive/CV_Project/datasets/casia2/images/CASIA2.0_revised/Au/Au_nat_30704.jpg,0,0.2862650553385417,3,1,0.02,0.5
/content/drive/MyDrive/CV_Project/datasets/casia2/images/CASIA2.0_revised/Au/Au_nat_30705.jpg,0,0.0,3,1,0.02,0.5
/content/drive/MyDrive/CV_Project/datasets/casia2/images/CASIA2.0_revised/Au/Au_nat_30706.jpg,0,0.4628702799479167,3,1,0.02,0.5
/content/drive/MyDrive/CV_Project/datasets/casia2/images/CASIA2.0_revised/Au/Au_nat_30707.jpg,0,0.410736083984375,3,1,0.02,0.5
/content/drive/MyDrive/CV_Project/datasets/casia2/images/CASIA2.0_revised/Au/Au_nat_30708.jpg,0,0.0,3,1,0.02,0.5
/content/drive/MyDrive/CV_Project/datasets/casia2/images/CASIA2.0_revised/Au/Au_nat_30709.jpg,0,0.32708740234375,3,1,0.02,0.5
/content/drive/MyDrive/CV_Project/datasets/casia2/images/CASIA2.0_revised/Au/Au_nat_30710.jpg,0,0.4149576822916667,3,1,0.02,0.5
/content/drive/MyDrive/CV_Project/datasets/casia2/images/CASIA2.0_revised/Au/Au_nat_30711.jpg,0,0.4108784993489583,3,1,0.02,0.5
/content/drive/MyDrive/CV_Project/datasets/casia2/images/CASIA2.0_revised/Au/Au_nat_30712.jpg,0,0.0,3,1,0.02,0.5
/content/drive/MyDrive/CV_Project/datasets/casia2/images/CASIA2.0_revised/Au/Au_nat_30713.jpg,0,0.0,3,1,0.02,0.5
/content/drive/MyDrive/CV_Project/datasets/casia2/images/CASIA2.0_revised/Au/Au_nat_30714.jpg,0,0.0,3,1,0.02,0.5
/content/drive/MyDrive/CV_Project/datasets/casia2/images/CASIA2.0_revised/Au/Au_nat_30715.jpg,0,0.328704833984375,3,1,0.02,0.5
/content/drive/MyDrive/CV_Project/datasets/casia2/images/CASIA2.0_revised/Au/Au_nat_30716.jpg,0,0.3006083170572917,3,1,0.02,0.5
/content/drive/MyDrive/CV_Project/datasets/casia2/images/CASIA2.0_revised/Au/Au_nat_30717.jpg,0,0.1432393391927083,3,1,0.02,0.5
/content/drive/MyDrive/CV_Project/datasets/casia2/images/CASIA2.0_revised/Au/Au_nat_30718.jpg,0,0.0,3,1,0.02,0.5
/content/drive/MyDrive/CV_Project/datasets/casia2/images/CASIA2.0_revised/Au/Au_nat_30719.jpg,0,0.4766031901041667,3,1,0.02,0.5
/content/drive/MyDrive/CV_Project/datasets/casia2/images/CASIA2.0_revised/Au/Au_nat_30720.jpg,0,0.4821268717447917,3,1,0.02,0.5
/content/drive/MyDrive/CV_Project/datasets/casia2/images/CASIA2.0_revised/Au/Au_nat_30721.jpg,0,0.0,3,1,0.02,0.5
/content/drive/MyDrive/CV_Project/datasets/casia2/images/CASIA2.0_revised/Au/Au_nat_30722.jpg,0,0.394500732421875,3,1,0.02,0.5
/content/drive/MyDrive/CV_Project/datasets/casia2/images/CASIA2.0_revised/Au/Au_nat_30723.jpg,0,0.0264485677083333,3,1,0.02,0.5
/content/drive/MyDrive/CV_Project/datasets/casia2/images/CASIA2.0_revised/Au/Au_nat_30724.jpg,0,0.3225199381510417,3,1,0.02,0.5
/content/drive/MyDrive/CV_Project/datasets/casia2/images/CASIA2.0_revised/Au/Au_nat_30725.jpg,0,0.4070943196614583,3,1,0.02,0.5
/content/drive/MyDrive/CV_Project/datasets/casia2/images/CASIA2.0_revised/Au/Au_nat_30726.jpg,0,0.0,3,1,0.02,0.5
/content/drive/MyDrive/CV_Project/datasets/casia2/images/CASIA2.0_revised/Au/Au_nat_30727.jpg,0,0.21502685546875,3,1,0.02,0.5
/content/drive/MyDrive/CV_Project/datasets/casia2/images/CASIA2.0_revised/Au/Au_nat_30728.jpg,0,0.0,3,1,0.02,0.5
/content/drive/MyDrive/CV_Project/datasets/casia2/images/CASIA2.0_revised/Au/Au_nat_30729.jpg,0,0.5108439127604166,3,1,0.02,0.5
/content/drive/MyDrive/CV_Project/datasets/casia2/images/CASIA2.0_revised/Au/Au_nat_30730.jpg,0,0.0278422037760416,3,1,0.02,0.5
/content/drive/MyDrive/CV_Project/datasets/casia2/images/CASIA2.0_revised/Au/Au_nat_30731.jpg,0,0.3143717447916667,3,1,0.02,0.5
/content/drive/MyDrive/CV_Project/datasets/casia2/images/CASIA2.0_revised/Au/Au_nat_30732.jpg,0,0.0470072428385416,3,1,0.02,0.5
/content/drive/MyDrive/CV_Project/datasets/casia2/images/CASIA2.0_revised/Au/Au_nat_30733.jpg,0,0.0,3,1,0.02,0.5
/content/drive/MyDrive/CV_Project/datasets/casia2/images/CASIA2.0_revised/Au/Au_nat_30734.jpg,0,0.377197265625,3,1,0.02,0.5
/content/drive/MyDrive/CV_Project/datasets/casia2/images/CASIA2.0_revised/Au/Au_nat_30735.jpg,0,0.1394449869791666,3,1,0.02,0.5
/content/drive/MyDrive/CV_Project/datasets/casia2/images/CASIA2.0_revised/Au/Au_nat_30736.jpg,0,0.4147237141927083,3,1,0.02,0.5
/content/drive/MyDrive/CV_Project/datasets/casia2/images/CASIA2.0_revised/Au/Au_pla_00001.jpg,0,0.0508829752604166,3,1,0.02,0.5
/content/drive/MyDrive/CV_Project/datasets/casia2/images/CASIA2.0_revised/Au/Au_pla_00002.jpg,0,0.3433125813802083,3,1,0.02,0.5
/content/drive/MyDrive/CV_Project/datasets/casia2/images/CASIA2.0_revised/Au/Au_pla_00003.jpg,0,0.0,3,1,0.02,0.5
/content/drive/MyDrive/CV_Project/datasets/casia2/images/CASIA2.0_revised/Au/Au_pla_00004.jpg,0,0.0,3,1,0.02,0.5
/content/drive/MyDrive/CV_Project/datasets/casia2/images/CASIA2.0_revised/Au/Au_pla_00005.jpg,0,0.1368408203125,3,1,0.02,0.5
/content/drive/MyDrive/CV_Project/datasets/casia2/images/CASIA2.0_revised/Au/Au_pla_00006.jpg,0,0.1085001627604166,3,1,0.02,0.5
/content/drive/MyDrive/CV_Project/datasets/casia2/images/CASIA2.0_revised/Au/Au_pla_00007.jpg,0,0.0890096028645833,3,1,0.02,0.5
/content/drive/MyDrive/CV_Project/datasets/casia2/images/CASIA2.0_revised/Au/Au_pla_00008.jpg,0,0.0513814290364583,3,1,0.02,0.5
/content/drive/MyDrive/CV_Project/datasets/casia2/images/CASIA2.0_revised/Au/Au_pla_00009.jpg,0,0.1510213216145833,3,1,0.02,0.5
/content/drive/MyDrive/CV_Project/datasets/casia2/images/CASIA2.0_revised/Au/Au_pla_00010.jpg,0,0.0516459147135416,3,1,0.02,0.5
/content/drive/MyDrive/CV_Project/datasets/casia2/images/CASIA2.0_revised/Au/Au_pla_00011.jpg,0,0.0,3,1,0.02,0.5
/content/drive/MyDrive/CV_Project/datasets/casia2/images/CASIA2.0_revised/Au/Au_pla_00012.jpg,0,0.0,3,1,0.02,0.5
/content/drive/MyDrive/CV_Project/datasets/casia2/images/CASIA2.0_revised/Au/Au_pla_00013.jpg,0,0.0,3,1,0.02,0.5
/content/drive/MyDrive/CV_Project/datasets/casia2/images/CASIA2.0_revised/Au/Au_pla_00014.jpg,0,0.0208231608072916,3,1,0.02,0.5
/content/drive/MyDrive/CV_Project/datasets/casia2/images/CASIA2.0_revised/Au/Au_pla_00015.jpg,0,0.0,3,1,0.02,0.5
/content/drive/MyDrive/CV_Project/datasets/casia2/images/CASIA2.0_revised/Au/Au_pla_00016.jpg,0,0.1967671712239583,3,1,0.02,0.5
/content/drive/MyDrive/CV_Project/datasets/casia2/images/CASIA2.0_revised/Au/Au_pla_00017.jpg,0,0.0,3,1,0.02,0.5
/content/drive/MyDrive/CV_Project/datasets/casia2/images/CASIA2.0_revised/Au/Au_pla_00018.jpg,0,0.1215413411458333,3,1,0.02,0.5
/content/drive/MyDrive/CV_Project/datasets/casia2/images/CASIA2.0_revised/Au/Au_pla_00019.jpg,0,0.151397705078125,3,1,0.02,0.5
/content/drive/MyDrive/CV_Project/datasets/casia2/images/CASIA2.0_revised/Au/Au_pla_00020.jpg,0,0.2257486979166666,3,1,0.02,0.5
/content/drive/MyDrive/CV_Project/datasets/casia2/images/CASIA2.0_revised/Au/Au_pla_00021.jpg,0,0.0,3,1,0.02,0.5
/content/drive/MyDrive/CV_Project/datasets/casia2/images/CASIA2.0_revised/Au/Au_pla_00022.jpg,0,0.021087646484375,3,1,0.02,0.5
/content/drive/MyDrive/CV_Project/datasets/casia2/images/CASIA2.0_revised/Au/Au_pla_00023.jpg,0,0.1317342122395833,3,1,0.02,0.5
/content/drive/MyDrive/CV_Project/datasets/casia2/images/CASIA2.0_revised/Au/Au_pla_00024.jpg,0,0.0957539876302083,3,1,0.02,0.5
/content/drive/MyDrive/CV_Project/datasets/casia2/images/CASIA2.0_revised/Au/Au_pla_00025.jpg,0,0.0,3,1,0.02,0.5
/content/drive/MyDrive/CV_Project/datasets/casia2/images/CASIA2.0_revised/Au/Au_pla_00026.jpg,0,0.0,3,1,0.02,0.5
/content/drive/MyDrive/CV_Project/datasets/casia2/images/CASIA2.0_revised/Au/Au_pla_00027.jpg,0,0.0,3,1,0.02,0.5
/content/drive/MyDrive/CV_Project/datasets/casia2/images/CASIA2.0_revised/Au/Au_pla_00028.jpg,0,0.0847981770833333,3,1,0.02,0.5
/content/drive/MyDrive/CV_Project/datasets/casia2/images/CASIA2.0_revised/Au/Au_pla_00029.jpg,0,0.0,3,1,0.02,0.5
/content/drive/MyDrive/CV_Project/datasets/casia2/images/CASIA2.0_revised/Au/Au_pla_00030.jpg,0,0.0,3,1,0.02,0.5
/content/drive/MyDrive/CV_Project/datasets/casia2/images/CASIA2.0_revised/Au/Au_pla_00031.jpg,0,0.020233154296875,3,1,0.02,0.5
/content/drive/MyDrive/CV_Project/datasets/casia2/images/CASIA2.0_revised/Au/Au_pla_00032.jpg,0,0.0,3,1,0.02,0.5
/content/drive/MyDrive/CV_Project/datasets/casia2/images/CASIA2.0_revised/Au/Au_pla_00033.jpg,0,0.0248209635416666,3,1,0.02,0.5
/content/drive/MyDrive/CV_Project/datasets/casia2/images/CASIA2.0_revised/Au/Au_pla_00034.jpg,0,0.1286417643229166,3,1,0.02,0.5
/content/drive/MyDrive/CV_Project/datasets/casia2/images/CASIA2.0_revised/Au/Au_pla_00035.jpg,0,0.1481730143229166,3,1,0.02,0.5
/content/drive/MyDrive/CV_Project/datasets/casia2/images/CASIA2.0_revised/Au/Au_pla_00036.jpg,0,0.1641947428385416,3,1,0.02,0.5
/content/drive/MyDrive/CV_Project/datasets/casia2/images/CASIA2.0_revised/Au/Au_pla_00037.jpg,0,0.1033426920572916,3,1,0.02,0.5
/content/drive/MyDrive/CV_Project/datasets/casia2/images/CASIA2.0_revised/Au/Au_pla_00038.jpg,0,0.07000732421875,3,1,0.02,0.5
/content/drive/MyDrive/CV_Project/datasets/casia2/images/CASIA2.0_revised/Au/Au_pla_00039.jpg,0,0.3456217447916667,3,1,0.02,0.5
/content/drive/MyDrive/CV_Project/datasets/casia2/images/CASIA2.0_revised/Au/Au_pla_00040.jpg,0,0.0271809895833333,3,1,0.02,0.5
/content/drive/MyDrive/CV_Project/datasets/casia2/images/CASIA2.0_revised/Au/Au_pla_00041.jpg,0,0.1214396158854166,3,1,0.02,0.5
/content/drive/MyDrive/CV_Project/datasets/casia2/images/CASIA2.0_revised/Au/Au_pla_00042.jpg,0,0.0,3,1,0.02,0.5
/content/drive/MyDrive/CV_Project/datasets/casia2/images/CASIA2.0_revised/Au/Au_pla_00043.jpg,0,0.0,3,1,0.02,0.5
/content/drive/MyDrive/CV_Project/datasets/casia2/images/CASIA2.0_revised/Au/Au_pla_00044.jpg,0,0.0,3,1,0.02,0.5
/content/drive/MyDrive/CV_Project/datasets/casia2/images/CASIA2.0_revised/Au/Au_pla_00045.jpg,0,0.182281494140625,3,1,0.02,0.5
/content/drive/MyDrive/CV_Project/datasets/casia2/images/CASIA2.0_revised/Au/Au_pla_00046.jpg,0,0.060150146484375,3,1,0.02,0.5
/content/drive/MyDrive/CV_Project/datasets/casia2/images/CASIA2.0_revised/Au/Au_pla_00047.jpg,0,0.026885986328125,3,1,0.02,0.5
/content/drive/MyDrive/CV_Project/datasets/casia2/images/CASIA2.0_revised/Au/Au_pla_00048.jpg,0,0.0,3,1,0.02,0.5
/content/drive/MyDrive/CV_Project/datasets/casia2/images/CASIA2.0_revised/Au/Au_pla_00049.jpg,0,0.044891357421875,3,1,0.02,0.5
/content/drive/MyDrive/CV_Project/datasets/casia2/images/CASIA2.0_revised/Au/Au_pla_00050.jpg,0,0.1021016438802083,3,1,0.02,0.5
/content/drive/MyDrive/CV_Project/datasets/casia2/images/CASIA2.0_revised/Au/Au_pla_00051.jpg,0,0.0352579752604166,3,1,0.02,0.5
/content/drive/MyDrive/CV_Project/datasets/casia2/images/CASIA2.0_revised/Au/Au_pla_00052.jpg,0,0.3491007486979167,3,1,0.02,0.5
/content/drive/MyDrive/CV_Project/datasets/casia2/images/CASIA2.0_revised/Au/Au_pla_00053.jpg,0,0.0211283365885416,3,1,0.02,0.5
/content/drive/MyDrive/CV_Project/datasets/casia2/images/CASIA2.0_revised/Au/Au_pla_00054.jpg,0,0.0,3,1,0.02,0.5
/content/drive/MyDrive/CV_Project/datasets/casia2/images/CASIA2.0_revised/Au/Au_pla_00055.jpg,0,0.2194315592447916,3,1,0.02,0.5
/content/drive/MyDrive/CV_Project/datasets/casia2/images/CASIA2.0_revised/Au/Au_pla_00056.jpg,0,0.0,3,1,0.02,0.5
/content/drive/MyDrive/CV_Project/datasets/casia2/images/CASIA2.0_revised/Au/Au_pla_00057.jpg,0,0.0,3,1,0.02,0.5
/content/drive/MyDrive/CV_Project/datasets/casia2/images/CASIA2.0_revised/Au/Au_pla_00058.jpg,0,0.0,3,1,0.02,0.5
/content/drive/MyDrive/CV_Project/datasets/casia2/images/CASIA2.0_revised/Au/Au_pla_00059.jpg,0,0.1400655110677083,3,1,0.02,0.5
/content/drive/MyDrive/CV_Project/datasets/casia2/images/CASIA2.0_revised/Au/Au_pla_00060.jpg,0,0.1746012369791666,3,1,0.02,0.5
/content/drive/MyDrive/CV_Project/datasets/casia2/images/CASIA2.0_revised/Au/Au_pla_00061.jpg,0,0.0302327473958333,3,1,0.02,0.5
/content/drive/MyDrive/CV_Project/datasets/casia2/images/CASIA2.0_revised/Au/Au_pla_00062.jpg,0,0.0,3,1,0.02,0.5
/content/drive/MyDrive/CV_Project/datasets/casia2/images/CASIA2.0_revised/Au/Au_pla_00063.jpg,0,0.0,3,1,0.02,0.5
/content/drive/MyDrive/CV_Project/datasets/casia2/images/CASIA2.0_revised/Au/Au_pla_00064.jpg,0,0.0,3,1,0.02,0.5
/content/drive/MyDrive/CV_Project/datasets/casia2/images/CASIA2.0_revised/Au/Au_pla_00065.jpg,0,0.0,3,1,0.02,0.5
/content/drive/MyDrive/CV_Project/datasets/casia2/images/CASIA2.0_revised/Au/Au_pla_00066.jpg,0,0.079620361328125,3,1,0.02,0.5
/content/drive/MyDrive/CV_Project/datasets/casia2/images/CASIA2.0_revised/Au/Au_pla_00067.jpg,0,0.0295817057291666,3,1,0.02,0.5
/content/drive/MyDrive/CV_Project/datasets/casia2/images/CASIA2.0_revised/Au/Au_pla_00068.jpg,0,0.0,3,1,0.02,0.5
/content/drive/MyDrive/CV_Project/datasets/casia2/images/CASIA2.0_revised/Au/Au_pla_00069.jpg,0,0.0478413899739583,3,1,0.02,0.5
/content/drive/MyDrive/CV_Project/datasets/casia2/images/CASIA2.0_revised/Au/Au_pla_00070.jpg,0,0.072052001953125,3,1,0.02,0.5
/content/drive/MyDrive/CV_Project/datasets/casia2/images/CASIA2.0_revised/Au/Au_pla_00071.jpg,0,0.0432332356770833,3,1,0.02,0.5
/content/drive/MyDrive/CV_Project/datasets/casia2/images/CASIA2.0_revised/Au/Au_pla_00072.jpg,0,0.1289265950520833,3,1,0.02,0.5
/content/drive/MyDrive/CV_Project/datasets/casia2/images/CASIA2.0_revised/Au/Au_pla_00073.jpg,0,0.431396484375,3,1,0.02,0.5
/content/drive/MyDrive/CV_Project/datasets/casia2/images/CASIA2.0_revised/Au/Au_pla_00074.jpg,0,0.0,3,1,0.02,0.5
/content/drive/MyDrive/CV_Project/datasets/casia2/images/CASIA2.0_revised/Au/Au_pla_00075.jpg,0,0.0,3,1,0.02,0.5
/content/drive/MyDrive/CV_Project/datasets/casia2/images/CASIA2.0_revised/Au/Au_pla_00076.jpg,0,0.03765869140625,3,1,0.02,0.5
/content/drive/MyDrive/CV_Project/datasets/casia2/images/CASIA2.0_revised/Au/Au_pla_00077.jpg,0,0.0,3,1,0.02,0.5
/content/drive/MyDrive/CV_Project/datasets/casia2/images/CASIA2.0_revised/Au/Au_pla_00078.jpg,0,0.0960693359375,3,1,0.02,0.5
/content/drive/MyDrive/CV_Project/datasets/casia2/images/CASIA2.0_revised/Au/Au_pla_00079.jpg,0,0.1818135579427083,3,1,0.02,0.5
/content/drive/MyDrive/CV_Project/datasets/casia2/images/CASIA2.0_revised/Au/Au_pla_00080.jpg,0,0.0,3,1,0.02,0.5
/content/drive/MyDrive/CV_Project/datasets/casia2/images/CASIA2.0_revised/Au/Au_pla_00081.jpg,0,0.0,3,1,0.02,0.5
/content/drive/MyDrive/CV_Project/datasets/casia2/images/CASIA2.0_revised/Au/Au_pla_00082.jpg,0,0.1218770345052083,3,1,0.02,0.5
/content/drive/MyDrive/CV_Project/datasets/casia2/images/CASIA2.0_revised/Au/Au_pla_00083.jpg,0,0.0,3,1,0.02,0.5
/content/drive/MyDrive/CV_Project/datasets/casia2/images/CASIA2.0_revised/Au/Au_pla_00084.jpg,0,0.0,3,1,0.02,0.5
/content/drive/MyDrive/CV_Project/datasets/casia2/images/CASIA2.0_revised/Au/Au_pla_00085.jpg,0,0.0,3,1,0.02,0.5
/content/drive/MyDrive/CV_Project/datasets/casia2/images/CASIA2.0_revised/Au/Au_pla_00086.jpg,0,0.6803995768229166,3,1,0.02,0.5
/content/drive/MyDrive/CV_Project/datasets/casia2/images/CASIA2.0_revised/Au/Au_pla_00087.jpg,0,0.0,3,1,0.02,0.5
/content/drive/MyDrive/CV_Project/datasets/casia2/images/CASIA2.0_revised/Au/Au_pla_00088.jpg,0,0.0,3,1,0.02,0.5
/content/drive/MyDrive/CV_Project/datasets/casia2/images/CASIA2.0_revised/Au/Au_pla_00089.jpg,0,0.0,3,1,0.02,0.5
/content/drive/MyDrive/CV_Project/datasets/casia2/images/CASIA2.0_revised/Au/Au_pla_00090.jpg,0,0.0,3,1,0.02,0.5
/content/drive/MyDrive/CV_Project/datasets/casia2/images/CASIA2.0_revised/Au/Au_pla_00091.jpg,0,0.0,3,1,0.02,0.5
/content/drive/MyDrive/CV_Project/datasets/casia2/images/CASIA2.0_revised/Au/Au_pla_00092.jpg,0,0.0,3,1,0.02,0.5
/content/drive/MyDrive/CV_Project/datasets/casia2/images/CASIA2.0_revised/Au/Au_pla_00093.jpg,0,0.153564453125,3,1,0.02,0.5
/content/drive/MyDrive/CV_Project/datasets/casia2/images/CASIA2.0_revised/Au/Au_pla_00094.jpg,0,0.0,3,1,0.02,0.5
/content/drive/MyDrive/CV_Project/datasets/casia2/images/CASIA2.0_revised/Au/Au_pla_00095.jpg,0,0.0678609212239583,3,1,0.02,0.5
/content/drive/MyDrive/CV_Project/datasets/casia2/images/CASIA2.0_revised/Au/Au_pla_00096.jpg,0,0.0,3,1,0.02,0.5
/content/drive/MyDrive/CV_Project/datasets/casia2/images/CASIA2.0_revised/Au/Au_pla_00097.jpg,0,0.0,3,1,0.02,0.5
/content/drive/MyDrive/CV_Project/datasets/casia2/images/CASIA2.0_revised/Au/Au_pla_00098.jpg,0,0.0,3,1,0.02,0.5
/content/drive/MyDrive/CV_Project/datasets/casia2/images/CASIA2.0_revised/Au/Au_pla_00099.jpg,0,0.0293375651041666,3,1,0.02,0.5
/content/drive/MyDrive/CV_Project/datasets/casia2/images/CASIA2.0_revised/Au/Au_pla_00100.jpg,0,0.1002909342447916,3,1,0.02,0.5
/content/drive/MyDrive/CV_Project/datasets/casia2/images/CASIA2.0_revised/Au/Au_pla_10001.jpg,0,0.0479710820895522,3,1,0.02,0.5
/content/drive/MyDrive/CV_Project/datasets/casia2/images/CASIA2.0_revised/Au/Au_pla_10002.jpg,0,0.15185,3,1,0.02,0.5
/content/drive/MyDrive/CV_Project/datasets/casia2/images/CASIA2.0_revised/Au/Au_pla_10003.jpg,0,0.237470703125,3,1,0.02,0.5
/content/drive/MyDrive/CV_Project/datasets/casia2/images/CASIA2.0_revised/Au/Au_pla_10101.jpg,0,0.0484953703703703,3,1,0.02,0.5
/content/drive/MyDrive/CV_Project/datasets/casia2/images/CASIA2.0_revised/Au/Au_pla_10102.jpg,0,0.0361574074074074,3,1,0.02,0.5
/content/drive/MyDrive/CV_Project/datasets/casia2/images/CASIA2.0_revised/Au/Au_pla_10103.jpg,0,0.0439786666666666,3,1,0.02,0.5
/content/drive/MyDrive/CV_Project/datasets/casia2/images/CASIA2.0_revised/Au/Au_pla_10104.jpg,0,0.256384,3,1,0.02,0.5
/content/drive/MyDrive/CV_Project/datasets/casia2/images/CASIA2.0_revised/Au/Au_pla_10105.jpg,0,0.0264426666666666,3,1,0.02,0.5
/content/drive/MyDrive/CV_Project/datasets/casia2/images/CASIA2.0_revised/Au/Au_pla_10106.jpg,0,0.3609386666666667,3,1,0.02,0.5
/content/drive/MyDrive/CV_Project/datasets/casia2/images/CASIA2.0_revised/Au/Au_pla_10107.jpg,0,0.0,3,1,0.02,0.5
/content/drive/MyDrive/CV_Project/datasets/casia2/images/CASIA2.0_revised/Au/Au_pla_10108.jpg,0,0.0,3,1,0.02,0.5
/content/drive/MyDrive/CV_Project/datasets/casia2/images/CASIA2.0_revised/Au/Au_pla_10109.jpg,0,0.0,3,1,0.02,0.5
/content/drive/MyDrive/CV_Project/datasets/casia2/images/CASIA2.0_revised/Au/Au_pla_10110.jpg,0,0.0,3,1,0.02,0.5
/content/drive/MyDrive/CV_Project/datasets/casia2/images/CASIA2.0_revised/Au/Au_pla_10111.jpg,0,0.0,3,1,0.02,0.5
/content/drive/MyDrive/CV_Project/datasets/casia2/images/CASIA2.0_revised/Au/Au_pla_10112.jpg,0,0.0,3,1,0.02,0.5
/content/drive/MyDrive/CV_Project/datasets/casia2/images/CASIA2.0_revised/Au/Au_pla_10113.jpg,0,0.0,3,1,0.02,0.5
/content/drive/MyDrive/CV_Project/datasets/casia2/images/CASIA2.0_revised/Au/Au_pla_10114.jpg,0,0.0502026666666666,3,1,0.02,0.5
/content/drive/MyDrive/CV_Project/datasets/casia2/images/CASIA2.0_revised/Au/Au_pla_10115.jpg,0,0.029168,3,1,0.02,0.5
/content/drive/MyDrive/CV_Project/datasets/casia2/images/CASIA2.0_revised/Au/Au_pla_10116.jpg,0,0.2227374749498998,3,1,0.02,0.5
/content/drive/MyDrive/CV_Project/datasets/casia2/images/CASIA2.0_revised/Au/Au_pla_10117.jpg,0,0.072792,3,1,0.02,0.5
/content/drive/MyDrive/CV_Project/datasets/casia2/images/CASIA2.0_revised/Au/Au_pla_10118.jpg,0,0.268036,3,1,0.02,0.5
/content/drive/MyDrive/CV_Project/datasets/casia2/images/CASIA2.0_revised/Au/Au_pla_10119.jpg,0,0.0,3,1,0.02,0.5
/content/drive/MyDrive/CV_Project/datasets/casia2/images/CASIA2.0_revised/Au/Au_pla_10120.jpg,0,0.0929361979166666,3,1,0.02,0.5
/content/drive/MyDrive/CV_Project/datasets/casia2/images/CASIA2.0_revised/Au/Au_pla_10121.jpg,0,0.087554931640625,3,1,0.02,0.5
/content/drive/MyDrive/CV_Project/datasets/casia2/images/CASIA2.0_revised/Au/Au_pla_10122.jpg,0,0.0,3,1,0.02,0.5
/content/drive/MyDrive/CV_Project/datasets/casia2/images/CASIA2.0_revised/Au/Au_pla_10123.jpg,0,0.3145955403645833,3,1,0.02,0.5
/content/drive/MyDrive/CV_Project/datasets/casia2/images/CASIA2.0_revised/Au/Au_pla_10124.jpg,0,0.1826985677083333,3,1,0.02,0.5
/content/drive/MyDrive/CV_Project/datasets/casia2/images/CASIA2.0_revised/Au/Au_pla_10125.jpg,0,0.0587056477864583,3,1,0.02,0.5
/content/drive/MyDrive/CV_Project/datasets/casia2/images/CASIA2.0_revised/Au/Au_pla_10126.bmp,0,0.3526171875,3,1,0.02,0.5
/content/drive/MyDrive/CV_Project/datasets/casia2/images/CASIA2.0_revised/Au/Au_pla_10127.bmp,0,0.0213606770833333,3,1,0.02,0.5
/content/drive/MyDrive/CV_Project/datasets/casia2/images/CASIA2.0_revised/Au/Au_pla_10128.bmp,0,0.2551529947916666,3,1,0.02,0.5
/content/drive/MyDrive/CV_Project/datasets/casia2/images/CASIA2.0_revised/Au/Au_pla_20001.jpg,0,0.3831994799088527,3,1,0.02,0.5
/content/drive/MyDrive/CV_Project/datasets/casia2/images/CASIA2.0_revised/Au/Au_pla_20002.jpg,0,0.0,3,1,0.02,0.5
/content/drive/MyDrive/CV_Project/datasets/casia2/images/CASIA2.0_revised/Au/Au_pla_20003.jpg,0,0.1706979166666666,3,1,0.02,0.5
/content/drive/MyDrive/CV_Project/datasets/casia2/images/CASIA2.0_revised/Au/Au_pla_20004.jpg,0,0.04779324055666,3,1,0.02,0.5
/content/drive/MyDrive/CV_Project/datasets/casia2/images/CASIA2.0_revised/Au/Au_pla_20005.jpg,0,0.0,3,1,0.02,0.5
/content/drive/MyDrive/CV_Project/datasets/casia2/images/CASIA2.0_revised/Au/Au_pla_20006.jpg,0,0.0623833333333333,3,1,0.02,0.5
/content/drive/MyDrive/CV_Project/datasets/casia2/images/CASIA2.0_revised/Au/Au_pla_20007.jpg,0,0.0,3,1,0.02,0.5
/content/drive/MyDrive/CV_Project/datasets/casia2/images/CASIA2.0_revised/Au/Au_pla_20008.jpg,0,0.5438291666666667,3,1,0.02,0.5
/content/drive/MyDrive/CV_Project/datasets/casia2/images/CASIA2.0_revised/Au/Au_pla_20009.jpg,0,0.404876963827163,3,1,0.02,0.5
/content/drive/MyDrive/CV_Project/datasets/casia2/images/CASIA2.0_revised/Au/Au_pla_20010.jpg,0,0.3891590214067278,3,1,0.02,0.5
/content/drive/MyDrive/CV_Project/datasets/casia2/images/CASIA2.0_revised/Au/Au_pla_20011.jpg,0,0.2955182138112662,3,1,0.02,0.5
/content/drive/MyDrive/CV_Project/datasets/casia2/images/CASIA2.0_revised/Au/Au_pla_20012.jpg,0,0.0340054869684499,3,1,0.02,0.5
/content/drive/MyDrive/CV_Project/datasets/casia2/images/CASIA2.0_revised/Au/Au_pla_20013.jpg,0,0.2259154929577465,3,1,0.02,0.5
/content/drive/MyDrive/CV_Project/datasets/casia2/images/CASIA2.0_revised/Au/Au_pla_20014.jpg,0,0.0,3,1,0.02,0.5
/content/drive/MyDrive/CV_Project/datasets/casia2/images/CASIA2.0_revised/Au/Au_pla_20015.jpg,0,0.0,3,1,0.02,0.5
/content/drive/MyDrive/CV_Project/datasets/casia2/images/CASIA2.0_revised/Au/Au_pla_20016.jpg,0,0.0,3,1,0.02,0.5
/content/drive/MyDrive/CV_Project/datasets/casia2/images/CASIA2.0_revised/Au/Au_pla_20017.jpg,0,0.0,3,1,0.02,0.5
/content/drive/MyDrive/CV_Project/datasets/casia2/images/CASIA2.0_revised/Au/Au_pla_20018.jpg,0,0.4362661141804788,3,1,0.02,0.5
/content/drive/MyDrive/CV_Project/datasets/casia2/images/CASIA2.0_revised/Au/Au_pla_20019.jpg,0,0.0920353982300885,3,1,0.02,0.5
/content/drive/MyDrive/CV_Project/datasets/casia2/images/CASIA2.0_revised/Au/Au_pla_20020.jpg,0,0.0253076062639821,3,1,0.02,0.5
/content/drive/MyDrive/CV_Project/datasets/casia2/images/CASIA2.0_revised/Au/Au_pla_20021.jpg,0,0.0,3,1,0.02,0.5
/content/drive/MyDrive/CV_Project/datasets/casia2/images/CASIA2.0_revised/Au/Au_pla_20022.jpg,0,0.1308243727598566,3,1,0.02,0.5
/content/drive/MyDrive/CV_Project/datasets/casia2/images/CASIA2.0_revised/Au/Au_pla_20023.jpg,0,0.0,3,1,0.02,0.5
/content/drive/MyDrive/CV_Project/datasets/casia2/images/CASIA2.0_revised/Au/Au_pla_20024.jpg,0,0.0,3,1,0.02,0.5
/content/drive/MyDrive/CV_Project/datasets/casia2/images/CASIA2.0_revised/Au/Au_pla_20025.jpg,0,0.0,3,1,0.02,0.5
/content/drive/MyDrive/CV_Project/datasets/casia2/images/CASIA2.0_revised/Au/Au_pla_20026.jpg,0,0.1113033707865168,3,1,0.02,0.5
/content/drive/MyDrive/CV_Project/datasets/casia2/images/CASIA2.0_revised/Au/Au_pla_20027.jpg,0,0.0230821529745042,3,1,0.02,0.5
/content/drive/MyDrive/CV_Project/datasets/casia2/images/CASIA2.0_revised/Au/Au_pla_20028.jpg,0,0.0448857142857142,3,1,0.02,0.5
/content/drive/MyDrive/CV_Project/datasets/casia2/images/CASIA2.0_revised/Au/Au_pla_20029.jpg,0,0.4158830845771144,3,1,0.02,0.5
/content/drive/MyDrive/CV_Project/datasets/casia2/images/CASIA2.0_revised/Au/Au_pla_20030.jpg,0,0.2605946828358209,3,1,0.02,0.5
/content/drive/MyDrive/CV_Project/datasets/casia2/images/CASIA2.0_revised/Au/Au_pla_20031.jpg,0,0.1626782752902155,3,1,0.02,0.5
/content/drive/MyDrive/CV_Project/datasets/casia2/images/CASIA2.0_revised/Au/Au_pla_20032.jpg,0,0.0494186765615337,3,1,0.02,0.5
/content/drive/MyDrive/CV_Project/datasets/casia2/images/CASIA2.0_revised/Au/Au_pla_20033.jpg,0,0.1620255930087391,3,1,0.02,0.5
/content/drive/MyDrive/CV_Project/datasets/casia2/images/CASIA2.0_revised/Au/Au_pla_20034.jpg,0,0.0,3,1,0.02,0.5
/content/drive/MyDrive/CV_Project/datasets/casia2/images/CASIA2.0_revised/Au/Au_pla_20035.jpg,0,0.3383061594202898,3,1,0.02,0.5
/content/drive/MyDrive/CV_Project/datasets/casia2/images/CASIA2.0_revised/Au/Au_pla_20036.jpg,0,0.0,3,1,0.02,0.5
/content/drive/MyDrive/CV_Project/datasets/casia2/images/CASIA2.0_revised/Au/Au_pla_20037.jpg,0,0.3587061994609164,3,1,0.02,0.5
/content/drive/MyDrive/CV_Project/datasets/casia2/images/CASIA2.0_revised/Au/Au_pla_20038.jpg,0,0.3955481481481481,3,1,0.02,0.5
/content/drive/MyDrive/CV_Project/datasets/casia2/images/CASIA2.0_revised/Au/Au_pla_20039.jpg,0,0.3615208333333333,3,1,0.02,0.5
/content/drive/MyDrive/CV_Project/datasets/casia2/images/CASIA2.0_revised/Au/Au_pla_20040.jpg,0,0.0220289855072463,3,1,0.02,0.5
/content/drive/MyDrive/CV_Project/datasets/casia2/images/CASIA2.0_revised/Au/Au_pla_20041.jpg,0,0.1546357878068091,3,1,0.02,0.5
/content/drive/MyDrive/CV_Project/datasets/casia2/images/CASIA2.0_revised/Au/Au_pla_20042.jpg,0,0.5249254621347644,3,1,0.02,0.5
/content/drive/MyDrive/CV_Project/datasets/casia2/images/CASIA2.0_revised/Au/Au_pla_20043.jpg,0,0.0312807881773399,3,1,0.02,0.5
/content/drive/MyDrive/CV_Project/datasets/casia2/images/CASIA2.0_revised/Au/Au_pla_20044.jpg,0,0.0,3,1,0.02,0.5
/content/drive/MyDrive/CV_Project/datasets/casia2/images/CASIA2.0_revised/Au/Au_pla_20045.jpg,0,0.2342405582922824,3,1,0.02,0.5
/content/drive/MyDrive/CV_Project/datasets/casia2/images/CASIA2.0_revised/Au/Au_pla_20046.jpg,0,0.0,3,1,0.02,0.5
/content/drive/MyDrive/CV_Project/datasets/casia2/images/CASIA2.0_revised/Au/Au_pla_20047.jpg,0,0.7029156327543424,3,1,0.02,0.5
/content/drive/MyDrive/CV_Project/datasets/casia2/images/CASIA2.0_revised/Au/Au_pla_20048.jpg,0,0.0,3,1,0.02,0.5
/content/drive/MyDrive/CV_Project/datasets/casia2/images/CASIA2.0_revised/Au/Au_pla_20049.jpg,0,0.0528513071895424,3,1,0.02,0.5
/content/drive/MyDrive/CV_Project/datasets/casia2/images/CASIA2.0_revised/Au/Au_pla_20050.jpg,0,0.0,3,1,0.02,0.5
/content/drive/MyDrive/CV_Project/datasets/casia2/images/CASIA2.0_revised/Au/Au_pla_20051.jpg,0,0.0,3,1,0.02,0.5
/content/drive/MyDrive/CV_Project/datasets/casia2/images/CASIA2.0_revised/Au/Au_pla_20052.jpg,0,0.1221223316912972,3,1,0.02,0.5
/content/drive/MyDrive/CV_Project/datasets/casia2/images/CASIA2.0_revised/Au/Au_pla_20053.jpg,0,0.0292542787286063,3,1,0.02,0.5
/content/drive/MyDrive/CV_Project/datasets/casia2/images/CASIA2.0_revised/Au/Au_pla_20054.jpg,0,0.0,3,1,0.02,0.5
/content/drive/MyDrive/CV_Project/datasets/casia2/images/CASIA2.0_revised/Au/Au_pla_20055.jpg,0,0.0,3,1,0.02,0.5
/content/drive/MyDrive/CV_Project/datasets/casia2/images/CASIA2.0_revised/Au/Au_pla_20056.jpg,0,0.3784046230800105,3,1,0.02,0.5
/content/drive/MyDrive/CV_Project/datasets/casia2/images/CASIA2.0_revised/Au/Au_pla_20057.jpg,0,0.0670601079388621,3,1,0.02,0.5
/content/drive/MyDrive/CV_Project/datasets/casia2/images/CASIA2.0_revised/Au/Au_pla_20058.jpg,0,0.3098567033678756,3,1,0.02,0.5
/content/drive/MyDrive/CV_Project/datasets/casia2/images/CASIA2.0_revised/Au/Au_pla_20059.jpg,0,0.0,3,1,0.02,0.5
/content/drive/MyDrive/CV_Project/datasets/casia2/images/CASIA2.0_revised/Au/Au_pla_20060.jpg,0,0.3202186136617788,3,1,0.02,0.5
/content/drive/MyDrive/CV_Project/datasets/casia2/images/CASIA2.0_revised/Au/Au_pla_20061.jpg,0,0.4160614257137374,3,1,0.02,0.5
/content/drive/MyDrive/CV_Project/datasets/casia2/images/CASIA2.0_revised/Au/Au_pla_20062.jpg,0,0.0,3,1,0.02,0.5
/content/drive/MyDrive/CV_Project/datasets/casia2/images/CASIA2.0_revised/Au/Au_pla_20063.jpg,0,0.5950660242683797,3,1,0.02,0.5
/content/drive/MyDrive/CV_Project/datasets/casia2/images/CASIA2.0_revised/Au/Au_pla_20064.jpg,0,0.629384197206861,3,1,0.02,0.5
/content/drive/MyDrive/CV_Project/datasets/casia2/images/CASIA2.0_revised/Au/Au_pla_20065.jpg,0,0.0216988531861949,3,1,0.02,0.5
/content/drive/MyDrive/CV_Project/datasets/casia2/images/CASIA2.0_revised/Au/Au_pla_20066.jpg,0,0.1652710843373494,3,1,0.02,0.5
/content/drive/MyDrive/CV_Project/datasets/casia2/images/CASIA2.0_revised/Au/Au_pla_20067.jpg,0,0.3873803939962476,3,1,0.02,0.5
/content/drive/MyDrive/CV_Project/datasets/casia2/images/CASIA2.0_revised/Au/Au_pla_20068.jpg,0,0.0,3,1,0.02,0.5
/content/drive/MyDrive/CV_Project/datasets/casia2/images/CASIA2.0_revised/Au/Au_pla_20069.jpg,0,0.1556693333333333,3,1,0.02,0.5
/content/drive/MyDrive/CV_Project/datasets/casia2/images/CASIA2.0_revised/Au/Au_pla_20070.jpg,0,0.1536160714285714,3,1,0.02,0.5
/content/drive/MyDrive/CV_Project/datasets/casia2/images/CASIA2.0_revised/Au/Au_pla_20071.jpg,0,0.3258102049446205,3,1,0.02,0.5
/content/drive/MyDrive/CV_Project/datasets/casia2/images/CASIA2.0_revised/Au/Au_pla_20072.jpg,0,0.3595429917550058,3,1,0.02,0.5
/content/drive/MyDrive/CV_Project/datasets/casia2/images/CASIA2.0_revised/Au/Au_pla_20073.jpg,0,0.4110963160230803,3,1,0.02,0.5
/content/drive/MyDrive/CV_Project/datasets/casia2/images/CASIA2.0_revised/Au/Au_pla_20074.jpg,0,0.27625,3,1,0.02,0.5
/content/drive/MyDrive/CV_Project/datasets/casia2/images/CASIA2.0_revised/Au/Au_pla_20075.jpg,0,0.3039416666666666,3,1,0.02,0.5
/content/drive/MyDrive/CV_Project/datasets/casia2/images/CASIA2.0_revised/Au/Au_pla_20076.jpg,0,0.2709166666666666,3,1,0.02,0.5
/content/drive/MyDrive/CV_Project/datasets/casia2/images/CASIA2.0_revised/Au/Au_pla_20077.jpg,0,0.0528625894066862,3,1,0.02,0.5
/content/drive/MyDrive/CV_Project/datasets/casia2/images/CASIA2.0_revised/Au/Au_pla_20078.jpg,0,0.0,3,1,0.02,0.5
/content/drive/MyDrive/CV_Project/datasets/casia2/images/CASIA2.0_revised/Au/Au_pla_20079.jpg,0,0.0,3,1,0.02,0.5
/content/drive/MyDrive/CV_Project/datasets/casia2/images/CASIA2.0_revised/Au/Au_pla_20080.jpg,0,0.3139524725884993,3,1,0.02,0.5
/content/drive/MyDrive/CV_Project/datasets/casia2/images/CASIA2.0_revised/Au/Au_pla_20081.jpg,0,0.0226608203871824,3,1,0.02,0.5
/content/drive/MyDrive/CV_Project/datasets/casia2/images/CASIA2.0_revised/Au/Au_pla_20082.jpg,0,0.2066375,3,1,0.02,0.5
/content/drive/MyDrive/CV_Project/datasets/casia2/images/CASIA2.0_revised/Au/Au_pla_20083.jpg,0,0.4652729166666666,3,1,0.02,0.5
/content/drive/MyDrive/CV_Project/datasets/casia2/images/CASIA2.0_revised/Au/Au_pla_20084.jpg,0,0.1370541666666666,3,1,0.02,0.5
/content/drive/MyDrive/CV_Project/datasets/casia2/images/CASIA2.0_revised/Au/Au_pla_20085.jpg,0,0.0,3,1,0.02,0.5
/content/drive/MyDrive/CV_Project/datasets/casia2/images/CASIA2.0_revised/Au/Au_pla_20086.jpg,0,0.4374678308823529,3,1,0.02,0.5
/content/drive/MyDrive/CV_Project/datasets/casia2/images/CASIA2.0_revised/Au/Au_pla_20087.jpg,0,0.3317939814814815,3,1,0.02,0.5
/content/drive/MyDrive/CV_Project/datasets/casia2/images/CASIA2.0_revised/Au/Au_pla_20088.jpg,0,0.1866903409090909,3,1,0.02,0.5
/content/drive/MyDrive/CV_Project/datasets/casia2/images/CASIA2.0_revised/Au/Au_pla_20089.jpg,0,0.100407281703178,3,1,0.02,0.5
/content/drive/MyDrive/CV_Project/datasets/casia2/images/CASIA2.0_revised/Au/Au_pla_20090.jpg,0,0.3300088339222615,3,1,0.02,0.5
/content/drive/MyDrive/CV_Project/datasets/casia2/images/CASIA2.0_revised/Au/Au_pla_20091.jpg,0,0.3484176672384219,3,1,0.02,0.5
/content/drive/MyDrive/CV_Project/datasets/casia2/images/CASIA2.0_revised/Au/Au_pla_20092.jpg,0,0.1095146666666666,3,1,0.02,0.5
/content/drive/MyDrive/CV_Project/datasets/casia2/images/CASIA2.0_revised/Au/Au_pla_20093.jpg,0,0.2852627020785219,3,1,0.02,0.5
/content/drive/MyDrive/CV_Project/datasets/casia2/images/CASIA2.0_revised/Au/Au_pla_20094.jpg,0,0.2638796119592875,3,1,0.02,0.5
/content/drive/MyDrive/CV_Project/datasets/casia2/images/CASIA2.0_revised/Au/Au_pla_20095.jpg,0,0.2385347816924344,3,1,0.02,0.5
/content/drive/MyDrive/CV_Project/datasets/casia2/images/CASIA2.0_revised/Au/Au_pla_20096.jpg,0,0.072334852880232,3,1,0.02,0.5
/content/drive/MyDrive/CV_Project/datasets/casia2/images/CASIA2.0_revised/Au/Au_pla_20097.jpg,0,0.022028585289398,3,1,0.02,0.5
/content/drive/MyDrive/CV_Project/datasets/casia2/images/CASIA2.0_revised/Au/Au_pla_20098.jpg,0,0.0,3,1,0.02,0.5
/content/drive/MyDrive/CV_Project/datasets/casia2/images/CASIA2.0_revised/Au/Au_pla_20099.jpg,0,0.3576945929887106,3,1,0.02,0.5
/content/drive/MyDrive/CV_Project/datasets/casia2/images/CASIA2.0_revised/Au/Au_pla_20100.jpg,0,0.1589334649622985,3,1,0.02,0.5
/content/drive/MyDrive/CV_Project/datasets/casia2/images/CASIA2.0_revised/Au/Au_pla_30001.jpg,0,0.0952555338541666,3,1,0.02,0.5
/content/drive/MyDrive/CV_Project/datasets/casia2/images/CASIA2.0_revised/Au/Au_pla_30002.jpg,0,0.09832763671875,3,1,0.02,0.5
/content/drive/MyDrive/CV_Project/datasets/casia2/images/CASIA2.0_revised/Au/Au_pla_30003.jpg,0,0.0,3,1,0.02,0.5
/content/drive/MyDrive/CV_Project/datasets/casia2/images/CASIA2.0_revised/Au/Au_pla_30004.jpg,0,0.0698750813802083,3,1,0.02,0.5
/content/drive/MyDrive/CV_Project/datasets/casia2/images/CASIA2.0_revised/Au/Au_pla_30005.jpg,0,0.3394978841145833,3,1,0.02,0.5
/content/drive/MyDrive/CV_Project/datasets/casia2/images/CASIA2.0_revised/Au/Au_pla_30006.jpg,0,0.16455078125,3,1,0.02,0.5
/content/drive/MyDrive/CV_Project/datasets/casia2/images/CASIA2.0_revised/Au/Au_pla_30007.jpg,0,0.4569193522135417,3,1,0.02,0.5
/content/drive/MyDrive/CV_Project/datasets/casia2/images/CASIA2.0_revised/Au/Au_pla_30008.jpg,0,0.0,3,1,0.02,0.5
/content/drive/MyDrive/CV_Project/datasets/casia2/images/CASIA2.0_revised/Au/Au_pla_30009.jpg,0,0.022857666015625,3,1,0.02,0.5
/content/drive/MyDrive/CV_Project/datasets/casia2/images/CASIA2.0_revised/Au/Au_pla_30010.jpg,0,0.039947509765625,3,1,0.02,0.5
/content/drive/MyDrive/CV_Project/datasets/casia2/images/CASIA2.0_revised/Au/Au_pla_30011.jpg,0,0.1269429524739583,3,1,0.02,0.5
/content/drive/MyDrive/CV_Project/datasets/casia2/images/CASIA2.0_revised/Au/Au_pla_30012.jpg,0,0.4026285807291667,3,1,0.02,0.5
/content/drive/MyDrive/CV_Project/datasets/casia2/images/CASIA2.0_revised/Au/Au_pla_30013.jpg,0,0.2259012858072916,3,1,0.02,0.5
/content/drive/MyDrive/CV_Project/datasets/casia2/images/CASIA2.0_revised/Au/Au_pla_30014.jpg,0,0.2511393229166667,3,1,0.02,0.5
/content/drive/MyDrive/CV_Project/datasets/casia2/images/CASIA2.0_revised/Au/Au_pla_30015.jpg,0,0.267059326171875,3,1,0.02,0.5
/content/drive/MyDrive/CV_Project/datasets/casia2/images/CASIA2.0_revised/Au/Au_pla_30016.jpg,0,0.1969706217447916,3,1,0.02,0.5
/content/drive/MyDrive/CV_Project/datasets/casia2/images/CASIA2.0_revised/Au/Au_pla_30017.jpg,0,0.0259501139322916,3,1,0.02,0.5
/content/drive/MyDrive/CV_Project/datasets/casia2/images/CASIA2.0_revised/Au/Au_pla_30018.jpg,0,0.167236328125,3,1,0.02,0.5
/content/drive/MyDrive/CV_Project/datasets/casia2/images/CASIA2.0_revised/Au/Au_pla_30019.jpg,0,0.0,3,1,0.02,0.5
/content/drive/MyDrive/CV_Project/datasets/casia2/images/CASIA2.0_revised/Au/Au_pla_30020.jpg,0,0.450408935546875,3,1,0.02,0.5
/content/drive/MyDrive/CV_Project/datasets/casia2/images/CASIA2.0_revised/Au/Au_pla_30021.jpg,0,0.3891398111979167,3,1,0.02,0.5
/content/drive/MyDrive/CV_Project/datasets/casia2/images/CASIA2.0_revised/Au/Au_pla_30022.jpg,0,0.0,3,1,0.02,0.5
/content/drive/MyDrive/CV_Project/datasets/casia2/images/CASIA2.0_revised/Au/Au_pla_30023.jpg,0,0.049957275390625,3,1,0.02,0.5
/content/drive/MyDrive/CV_Project/datasets/casia2/images/CASIA2.0_revised/Au/Au_pla_30024.jpg,0,0.2330830891927083,3,1,0.02,0.5
/content/drive/MyDrive/CV_Project/datasets/casia2/images/CASIA2.0_revised/Au/Au_pla_30025.jpg,0,0.1040242513020833,3,1,0.02,0.5
/content/drive/MyDrive/CV_Project/datasets/casia2/images/CASIA2.0_revised/Au/Au_pla_30026.jpg,0,0.0,3,1,0.02,0.5
/content/drive/MyDrive/CV_Project/datasets/casia2/images/CASIA2.0_revised/Au/Au_pla_30027.jpg,0,0.0208231608072916,3,1,0.02,0.5
/content/drive/MyDrive/CV_Project/datasets/casia2/images/CASIA2.0_revised/Au/Au_pla_30028.jpg,0,0.0,3,1,0.02,0.5
/content/drive/MyDrive/CV_Project/datasets/casia2/images/CASIA2.0_revised/Au/Au_pla_30029.jpg,0,0.1946004231770833,3,1,0.02,0.5
/content/drive/MyDrive/CV_Project/datasets/casia2/images/CASIA2.0_revised/Au/Au_pla_30030.jpg,0,0.1949055989583333,3,1,0.02,0.5
/content/drive/MyDrive/CV_Project/datasets/casia2/images/CASIA2.0_revised/Au/Au_pla_30031.jpg,0,0.047271728515625,3,1,0.02,0.5
/content/drive/MyDrive/CV_Project/datasets/casia2/images/CASIA2.0_revised/Au/Au_pla_30032.jpg,0,0.0,3,1,0.02,0.5
/content/drive/MyDrive/CV_Project/datasets/casia2/images/CASIA2.0_revised/Au/Au_pla_30033.jpg,0,0.11651611328125,3,1,0.02,0.5
/content/drive/MyDrive/CV_Project/datasets/casia2/images/CASIA2.0_revised/Au/Au_pla_30034.jpg,0,0.2083231608072916,3,1,0.02,0.5
/content/drive/MyDrive/CV_Project/datasets/casia2/images/CASIA2.0_revised/Au/Au_pla_30035.jpg,0,0.0509033203125,3,1,0.02,0.5
/content/drive/MyDrive/CV_Project/datasets/casia2/images/CASIA2.0_revised/Au/Au_pla_30036.jpg,0,0.0590311686197916,3,1,0.02,0.5
/content/drive/MyDrive/CV_Project/datasets/casia2/images/CASIA2.0_revised/Au/Au_pla_30037.jpg,0,0.136566162109375,3,1,0.02,0.5
/content/drive/MyDrive/CV_Project/datasets/casia2/images/CASIA2.0_revised/Au/Au_pla_30038.jpg,0,0.0803426106770833,3,1,0.02,0.5
/content/drive/MyDrive/CV_Project/datasets/casia2/images/CASIA2.0_revised/Au/Au_pla_30039.jpg,0,0.0,3,1,0.02,0.5
/content/drive/MyDrive/CV_Project/datasets/casia2/images/CASIA2.0_revised/Au/Au_pla_30040.jpg,0,0.0,3,1,0.02,0.5
/content/drive/MyDrive/CV_Project/datasets/casia2/images/CASIA2.0_revised/Au/Au_pla_30041.jpg,0,0.1532491048177083,3,1,0.02,0.5
/content/drive/MyDrive/CV_Project/datasets/casia2/images/CASIA2.0_revised/Au/Au_pla_30042.jpg,0,0.0,3,1,0.02,0.5
/content/drive/MyDrive/CV_Project/datasets/casia2/images/CASIA2.0_revised/Au/Au_pla_30043.jpg,0,0.0,3,1,0.02,0.5
/content/drive/MyDrive/CV_Project/datasets/casia2/images/CASIA2.0_revised/Au/Au_pla_30044.jpg,0,0.03082275390625,3,1,0.02,0.5
/content/drive/MyDrive/CV_Project/datasets/casia2/images/CASIA2.0_revised/Au/Au_pla_30045.jpg,0,0.0,3,1,0.02,0.5
/content/drive/MyDrive/CV_Project/datasets/casia2/images/CASIA2.0_revised/Au/Au_pla_30046.jpg,0,0.0,3,1,0.02,0.5
/content/drive/MyDrive/CV_Project/datasets/casia2/images/CASIA2.0_revised/Au/Au_pla_30047.jpg,0,0.3500569661458333,3,1,0.02,0.5
/content/drive/MyDrive/CV_Project/datasets/casia2/images/CASIA2.0_revised/Au/Au_pla_30048.jpg,0,0.1365254720052083,3,1,0.02,0.5
/content/drive/MyDrive/CV_Project/datasets/casia2/images/CASIA2.0_revised/Au/Au_pla_30049.jpg,0,0.0212504069010416,3,1,0.02,0.5
/content/drive/MyDrive/CV_Project/datasets/casia2/images/CASIA2.0_revised/Au/Au_pla_30050.jpg,0,0.051788330078125,3,1,0.02,0.5
/content/drive/MyDrive/CV_Project/datasets/casia2/images/CASIA2.0_revised/Au/Au_pla_30051.jpg,0,0.3917744954427083,3,1,0.02,0.5
/content/drive/MyDrive/CV_Project/datasets/casia2/images/CASIA2.0_revised/Au/Au_pla_30052.jpg,0,0.025177001953125,3,1,0.02,0.5
/content/drive/MyDrive/CV_Project/datasets/casia2/images/CASIA2.0_revised/Au/Au_pla_30053.jpg,0,0.1384785970052083,3,1,0.02,0.5
/content/drive/MyDrive/CV_Project/datasets/casia2/images/CASIA2.0_revised/Au/Au_pla_30054.jpg,0,0.2160237630208333,3,1,0.02,0.5
/content/drive/MyDrive/CV_Project/datasets/casia2/images/CASIA2.0_revised/Au/Au_pla_30055.jpg,0,0.0,3,1,0.02,0.5
/content/drive/MyDrive/CV_Project/datasets/casia2/images/CASIA2.0_revised/Au/Au_pla_30056.jpg,0,0.0315348307291666,3,1,0.02,0.5
/content/drive/MyDrive/CV_Project/datasets/casia2/images/CASIA2.0_revised/Au/Au_pla_30057.jpg,0,0.0,3,1,0.02,0.5
/content/drive/MyDrive/CV_Project/datasets/casia2/images/CASIA2.0_revised/Au/Au_pla_30058.jpg,0,0.0,3,1,0.02,0.5
/content/drive/MyDrive/CV_Project/datasets/casia2/images/CASIA2.0_revised/Au/Au_pla_30059.jpg,0,0.0,3,1,0.02,0.5
/content/drive/MyDrive/CV_Project/datasets/casia2/images/CASIA2.0_revised/Au/Au_pla_30060.jpg,0,0.3889567057291667,3,1,0.02,0.5
/content/drive/MyDrive/CV_Project/datasets/casia2/images/CASIA2.0_revised/Au/Au_pla_30061.jpg,0,0.0,3,1,0.02,0.5
/content/drive/MyDrive/CV_Project/datasets/casia2/images/CASIA2.0_revised/Au/Au_pla_30062.jpg,0,0.0,3,1,0.02,0.5
/content/drive/MyDrive/CV_Project/datasets/casia2/images/CASIA2.0_revised/Au/Au_pla_30063.jpg,0,0.2691141764322917,3,1,0.02,0.5
/content/drive/MyDrive/CV_Project/datasets/casia2/images/CASIA2.0_revised/Au/Au_pla_30064.jpg,0,0.15606689453125,3,1,0.02,0.5
/content/drive/MyDrive/CV_Project/datasets/casia2/images/CASIA2.0_revised/Au/Au_pla_30065.jpg,0,0.0,3,1,0.02,0.5
/content/drive/MyDrive/CV_Project/datasets/casia2/images/CASIA2.0_revised/Au/Au_pla_30066.jpg,0,0.1860249837239583,3,1,0.02,0.5
/content/drive/MyDrive/CV_Project/datasets/casia2/images/CASIA2.0_revised/Au/Au_pla_30067.jpg,0,0.2298583984375,3,1,0.02,0.5
/content/drive/MyDrive/CV_Project/datasets/casia2/images/CASIA2.0_revised/Au/Au_pla_30068.jpg,0,0.06170654296875,3,1,0.02,0.5
/content/drive/MyDrive/CV_Project/datasets/casia2/images/CASIA2.0_revised/Au/Au_pla_30069.jpg,0,0.0344034830729166,3,1,0.02,0.5
/content/drive/MyDrive/CV_Project/datasets/casia2/images/CASIA2.0_revised/Au/Au_pla_30070.jpg,0,0.2217814127604166,3,1,0.02,0.5
/content/drive/MyDrive/CV_Project/datasets/casia2/images/CASIA2.0_revised/Au/Au_pla_30071.jpg,0,0.6338704427083334,3,1,0.02,0.5
/content/drive/MyDrive/CV_Project/datasets/casia2/images/CASIA2.0_revised/Au/Au_pla_30072.jpg,0,0.1246236165364583,3,1,0.02,0.5
/content/drive/MyDrive/CV_Project/datasets/casia2/images/CASIA2.0_revised/Au/Au_pla_30073.jpg,0,0.4685465494791667,3,1,0.02,0.5
/content/drive/MyDrive/CV_Project/datasets/casia2/images/CASIA2.0_revised/Au/Au_pla_30074.jpg,0,0.1960856119791666,3,1,0.02,0.5
/content/drive/MyDrive/CV_Project/datasets/casia2/images/CASIA2.0_revised/Au/Au_pla_30075.jpg,0,0.1386311848958333,3,1,0.02,0.5
/content/drive/MyDrive/CV_Project/datasets/casia2/images/CASIA2.0_revised/Au/Au_pla_30076.jpg,0,0.2342936197916666,3,1,0.02,0.5
/content/drive/MyDrive/CV_Project/datasets/casia2/images/CASIA2.0_revised/Au/Au_pla_30077.jpg,0,0.0692138671875,3,1,0.02,0.5
/content/drive/MyDrive/CV_Project/datasets/casia2/images/CASIA2.0_revised/Au/Au_pla_30078.jpg,0,0.0774332682291666,3,1,0.02,0.5
/content/drive/MyDrive/CV_Project/datasets/casia2/images/CASIA2.0_revised/Au/Au_pla_30079.jpg,0,0.0678812662760416,3,1,0.02,0.5
/content/drive/MyDrive/CV_Project/datasets/casia2/images/CASIA2.0_revised/Au/Au_pla_30080.jpg,0,0.0482889811197916,3,1,0.02,0.5
/content/drive/MyDrive/CV_Project/datasets/casia2/images/CASIA2.0_revised/Au/Au_pla_30081.jpg,0,0.3752644856770833,3,1,0.02,0.5
/content/drive/MyDrive/CV_Project/datasets/casia2/images/CASIA2.0_revised/Au/Au_pla_30082.jpg,0,0.0,3,1,0.02,0.5
/content/drive/MyDrive/CV_Project/datasets/casia2/images/CASIA2.0_revised/Au/Au_pla_30083.jpg,0,0.1285603841145833,3,1,0.02,0.5
/content/drive/MyDrive/CV_Project/datasets/casia2/images/CASIA2.0_revised/Au/Au_pla_30084.jpg,0,0.1997884114583333,3,1,0.02,0.5
/content/drive/MyDrive/CV_Project/datasets/casia2/images/CASIA2.0_revised/Au/Au_pla_30085.jpg,0,0.1489054361979166,3,1,0.02,0.5
/content/drive/MyDrive/CV_Project/datasets/casia2/images/CASIA2.0_revised/Au/Au_pla_30086.jpg,0,0.073333740234375,3,1,0.02,0.5
/content/drive/MyDrive/CV_Project/datasets/casia2/images/CASIA2.0_revised/Au/Au_pla_30087.jpg,0,0.0635172526041666,3,1,0.02,0.5
/content/drive/MyDrive/CV_Project/datasets/casia2/images/CASIA2.0_revised/Au/Au_pla_30088.jpg,0,0.02349853515625,3,1,0.02,0.5
/content/drive/MyDrive/CV_Project/datasets/casia2/images/CASIA2.0_revised/Au/Au_pla_30089.jpg,0,0.2536824544270833,3,1,0.02,0.5
/content/drive/MyDrive/CV_Project/datasets/casia2/images/CASIA2.0_revised/Au/Au_pla_30090.jpg,0,0.5627950032552084,3,1,0.02,0.5
/content/drive/MyDrive/CV_Project/datasets/casia2/images/CASIA2.0_revised/Au/Au_pla_30091.jpg,0,0.0,3,1,0.02,0.5
/content/drive/MyDrive/CV_Project/datasets/casia2/images/CASIA2.0_revised/Au/Au_pla_30092.jpg,0,0.0429585774739583,3,1,0.02,0.5
/content/drive/MyDrive/CV_Project/datasets/casia2/images/CASIA2.0_revised/Au/Au_pla_30093.jpg,0,0.024871826171875,3,1,0.02,0.5
/content/drive/MyDrive/CV_Project/datasets/casia2/images/CASIA2.0_revised/Au/Au_pla_30094.jpg,0,0.148895263671875,3,1,0.02,0.5
/content/drive/MyDrive/CV_Project/datasets/casia2/images/CASIA2.0_revised/Au/Au_pla_30095.jpg,0,0.0,3,1,0.02,0.5
/content/drive/MyDrive/CV_Project/datasets/casia2/images/CASIA2.0_revised/Au/Au_pla_30096.jpg,0,0.0,3,1,0.02,0.5
/content/drive/MyDrive/CV_Project/datasets/casia2/images/CASIA2.0_revised/Au/Au_pla_30097.jpg,0,0.4506327311197917,3,1,0.02,0.5
/content/drive/MyDrive/CV_Project/datasets/casia2/images/CASIA2.0_revised/Au/Au_pla_30098.jpg,0,0.0,3,1,0.02,0.5
/content/drive/MyDrive/CV_Project/datasets/casia2/images/CASIA2.0_revised/Au/Au_pla_30099.jpg,0,0.0,3,1,0.02,0.5
/content/drive/MyDrive/CV_Project/datasets/casia2/images/CASIA2.0_revised/Au/Au_pla_30100.jpg,0,0.1327718098958333,3,1,0.02,0.5
/content/drive/MyDrive/CV_Project/datasets/casia2/images/CASIA2.0_revised/Au/Au_pla_30101.jpg,0,0.0685526529947916,3,1,0.02,0.5
/content/drive/MyDrive/CV_Project/datasets/casia2/images/CASIA2.0_revised/Au/Au_pla_30102.jpg,0,0.1194051106770833,3,1,0.02,0.5
/content/drive/MyDrive/CV_Project/datasets/casia2/images/CASIA2.0_revised/Au/Au_pla_30103.jpg,0,0.0288594563802083,3,1,0.02,0.5
/content/drive/MyDrive/CV_Project/datasets/casia2/images/CASIA2.0_revised/Au/Au_pla_30104.jpg,0,0.0252278645833333,3,1,0.02,0.5
/content/drive/MyDrive/CV_Project/datasets/casia2/images/CASIA2.0_revised/Au/Au_pla_30105.jpg,0,0.0829976399739583,3,1,0.02,0.5
/content/drive/MyDrive/CV_Project/datasets/casia2/images/CASIA2.0_revised/Au/Au_pla_30106.jpg,0,0.0,3,1,0.02,0.5
/content/drive/MyDrive/CV_Project/datasets/casia2/images/CASIA2.0_revised/Au/Au_pla_30107.jpg,0,0.3500162760416667,3,1,0.02,0.5
/content/drive/MyDrive/CV_Project/datasets/casia2/images/CASIA2.0_revised/Au/Au_pla_30108.jpg,0,0.0,3,1,0.02,0.5
/content/drive/MyDrive/CV_Project/datasets/casia2/images/CASIA2.0_revised/Au/Au_pla_30109.jpg,0,0.0227152506510416,3,1,0.02,0.5
/content/drive/MyDrive/CV_Project/datasets/casia2/images/CASIA2.0_revised/Au/Au_pla_30110.jpg,0,0.1214497884114583,3,1,0.02,0.5
/content/drive/MyDrive/CV_Project/datasets/casia2/images/CASIA2.0_revised/Au/Au_pla_30111.jpg,0,0.0,3,1,0.02,0.5
/content/drive/MyDrive/CV_Project/datasets/casia2/images/CASIA2.0_revised/Au/Au_pla_30112.jpg,0,0.0348002115885416,3,1,0.02,0.5
/content/drive/MyDrive/CV_Project/datasets/casia2/images/CASIA2.0_revised/Au/Au_pla_30113.jpg,0,0.0,3,1,0.02,0.5
/content/drive/MyDrive/CV_Project/datasets/casia2/images/CASIA2.0_revised/Au/Au_pla_30114.jpg,0,0.0,3,1,0.02,0.5
/content/drive/MyDrive/CV_Project/datasets/casia2/images/CASIA2.0_revised/Au/Au_pla_30115.jpg,0,0.1316324869791666,3,1,0.02,0.5
/content/drive/MyDrive/CV_Project/datasets/casia2/images/CASIA2.0_revised/Au/Au_pla_30116.jpg,0,0.0,3,1,0.02,0.5
/content/drive/MyDrive/CV_Project/datasets/casia2/images/CASIA2.0_revised/Au/Au_pla_30117.jpg,0,0.0216878255208333,3,1,0.02,0.5
/content/drive/MyDrive/CV_Project/datasets/casia2/images/CASIA2.0_revised/Au/Au_pla_30118.jpg,0,0.0,3,1,0.02,0.5
/content/drive/MyDrive/CV_Project/datasets/casia2/images/CASIA2.0_revised/Au/Au_pla_30119.jpg,0,0.2497456868489583,3,1,0.02,0.5
/content/drive/MyDrive/CV_Project/datasets/casia2/images/CASIA2.0_revised/Au/Au_pla_30120.jpg,0,0.0836181640625,3,1,0.02,0.5
/content/drive/MyDrive/CV_Project/datasets/casia2/images/CASIA2.0_revised/Au/Au_pla_30121.jpg,0,0.0876973470052083,3,1,0.02,0.5
/content/drive/MyDrive/CV_Project/datasets/casia2/images/CASIA2.0_revised/Au/Au_pla_30122.jpg,0,0.0511983235677083,3,1,0.02,0.5
/content/drive/MyDrive/CV_Project/datasets/casia2/images/CASIA2.0_revised/Au/Au_pla_30123.jpg,0,0.1576639811197916,3,1,0.02,0.5
/content/drive/MyDrive/CV_Project/datasets/casia2/images/CASIA2.0_revised/Au/Au_pla_30124.jpg,0,0.0,3,1,0.02,0.5
/content/drive/MyDrive/CV_Project/datasets/casia2/images/CASIA2.0_revised/Au/Au_pla_30125.jpg,0,0.0,3,1,0.02,0.5
/content/drive/MyDrive/CV_Project/datasets/casia2/images/CASIA2.0_revised/Au/Au_pla_30126.jpg,0,0.0,3,1,0.02,0.5
/content/drive/MyDrive/CV_Project/datasets/casia2/images/CASIA2.0_revised/Au/Au_pla_30127.jpg,0,0.0,3,1,0.02,0.5
/content/drive/MyDrive/CV_Project/datasets/casia2/images/CASIA2.0_revised/Au/Au_pla_30128.jpg,0,0.0,3,1,0.02,0.5
/content/drive/MyDrive/CV_Project/datasets/casia2/images/CASIA2.0_revised/Au/Au_pla_30129.jpg,0,0.0,3,1,0.02,0.5
/content/drive/MyDrive/CV_Project/datasets/casia2/images/CASIA2.0_revised/Au/Au_pla_30130.jpg,0,0.0229288736979166,3,1,0.02,0.5
/content/drive/MyDrive/CV_Project/datasets/casia2/images/CASIA2.0_revised/Au/Au_pla_30131.jpg,0,0.0,3,1,0.02,0.5
/content/drive/MyDrive/CV_Project/datasets/casia2/images/CASIA2.0_revised/Au/Au_pla_30132.jpg,0,0.0,3,1,0.02,0.5
/content/drive/MyDrive/CV_Project/datasets/casia2/images/CASIA2.0_revised/Au/Au_pla_30133.jpg,0,0.0,3,1,0.02,0.5
/content/drive/MyDrive/CV_Project/datasets/casia2/images/CASIA2.0_revised/Au/Au_pla_30134.jpg,0,0.0748189290364583,3,1,0.02,0.5
/content/drive/MyDrive/CV_Project/datasets/casia2/images/CASIA2.0_revised/Au/Au_pla_30135.jpg,0,0.2160237630208333,3,1,0.02,0.5
/content/drive/MyDrive/CV_Project/datasets/casia2/images/CASIA2.0_revised/Au/Au_pla_30136.jpg,0,0.0,3,1,0.02,0.5
/content/drive/MyDrive/CV_Project/datasets/casia2/images/CASIA2.0_revised/Au/Au_pla_30137.jpg,0,0.0251566569010416,3,1,0.02,0.5
/content/drive/MyDrive/CV_Project/datasets/casia2/images/CASIA2.0_revised/Au/Au_pla_30138.jpg,0,0.0,3,1,0.02,0.5
/content/drive/MyDrive/CV_Project/datasets/casia2/images/CASIA2.0_revised/Au/Au_pla_30139.jpg,0,0.0,3,1,0.02,0.5
/content/drive/MyDrive/CV_Project/datasets/casia2/images/CASIA2.0_revised/Au/Au_pla_30140.jpg,0,0.075775146484375,3,1,0.02,0.5
/content/drive/MyDrive/CV_Project/datasets/casia2/images/CASIA2.0_revised/Au/Au_pla_30141.jpg,0,0.0,3,1,0.02,0.5
/content/drive/MyDrive/CV_Project/datasets/casia2/images/CASIA2.0_revised/Au/Au_pla_30142.jpg,0,0.0,3,1,0.02,0.5
/content/drive/MyDrive/CV_Project/datasets/casia2/images/CASIA2.0_revised/Au/Au_pla_30143.jpg,0,0.0,3,1,0.02,0.5
/content/drive/MyDrive/CV_Project/datasets/casia2/images/CASIA2.0_revised/Au/Au_pla_30144.jpg,0,0.0,3,1,0.02,0.5
/content/drive/MyDrive/CV_Project/datasets/casia2/images/CASIA2.0_revised/Au/Au_pla_30145.jpg,0,0.0,3,1,0.02,0.5
/content/drive/MyDrive/CV_Project/datasets/casia2/images/CASIA2.0_revised/Au/Au_pla_30146.jpg,0,0.0388387044270833,3,1,0.02,0.5
/content/drive/MyDrive/CV_Project/datasets/casia2/images/CASIA2.0_revised/Au/Au_pla_30147.jpg,0,0.0,3,1,0.02,0.5
/content/drive/MyDrive/CV_Project/datasets/casia2/images/CASIA2.0_revised/Au/Au_pla_30148.jpg,0,0.0,3,1,0.02,0.5
/content/drive/MyDrive/CV_Project/datasets/casia2/images/CASIA2.0_revised/Au/Au_pla_30149.jpg,0,0.0,3,1,0.02,0.5
/content/drive/MyDrive/CV_Project/datasets/casia2/images/CASIA2.0_revised/Au/Au_pla_30150.jpg,0,0.2722981770833333,3,1,0.02,0.5
/content/drive/MyDrive/CV_Project/datasets/casia2/images/CASIA2.0_revised/Au/Au_pla_30151.jpg,0,0.181793212890625,3,1,0.02,0.5
/content/drive/MyDrive/CV_Project/datasets/casia2/images/CASIA2.0_revised/Au/Au_pla_30152.jpg,0,0.0,3,1,0.02,0.5
/content/drive/MyDrive/CV_Project/datasets/casia2/images/CASIA2.0_revised/Au/Au_pla_30153.jpg,0,0.0264078776041666,3,1,0.02,0.5
/content/drive/MyDrive/CV_Project/datasets/casia2/images/CASIA2.0_revised/Au/Au_pla_30154.jpg,0,0.0,3,1,0.02,0.5
/content/drive/MyDrive/CV_Project/datasets/casia2/images/CASIA2.0_revised/Au/Au_pla_30155.jpg,0,0.0,3,1,0.02,0.5
/content/drive/MyDrive/CV_Project/datasets/casia2/images/CASIA2.0_revised/Au/Au_pla_30156.jpg,0,0.0,3,1,0.02,0.5
/content/drive/MyDrive/CV_Project/datasets/casia2/images/CASIA2.0_revised/Au/Au_pla_30157.jpg,0,0.0,3,1,0.02,0.5
/content/drive/MyDrive/CV_Project/datasets/casia2/images/CASIA2.0_revised/Au/Au_pla_30158.jpg,0,0.0,3,1,0.02,0.5
/content/drive/MyDrive/CV_Project/datasets/casia2/images/CASIA2.0_revised/Au/Au_pla_30159.jpg,0,0.0,3,1,0.02,0.5
/content/drive/MyDrive/CV_Project/datasets/casia2/images/CASIA2.0_revised/Au/Au_pla_30160.jpg,0,0.1702372233072916,3,1,0.02,0.5
/content/drive/MyDrive/CV_Project/datasets/casia2/images/CASIA2.0_revised/Au/Au_pla_30161.jpg,0,0.0,3,1,0.02,0.5
/content/drive/MyDrive/CV_Project/datasets/casia2/images/CASIA2.0_revised/Au/Au_pla_30162.jpg,0,0.0924580891927083,3,1,0.02,0.5
/content/drive/MyDrive/CV_Project/datasets/casia2/images/CASIA2.0_revised/Au/Au_pla_30163.jpg,0,0.023406982421875,3,1,0.02,0.5
/content/drive/MyDrive/CV_Project/datasets/casia2/images/CASIA2.0_revised/Au/Au_pla_30164.jpg,0,0.0,3,1,0.02,0.5
/content/drive/MyDrive/CV_Project/datasets/casia2/images/CASIA2.0_revised/Au/Au_pla_30165.jpg,0,0.0,3,1,0.02,0.5
/content/drive/MyDrive/CV_Project/datasets/casia2/images/CASIA2.0_revised/Au/Au_pla_30166.jpg,0,0.0,3,1,0.02,0.5
/content/drive/MyDrive/CV_Project/datasets/casia2/images/CASIA2.0_revised/Au/Au_pla_30167.jpg,0,0.28802490234375,3,1,0.02,0.5
/content/drive/MyDrive/CV_Project/datasets/casia2/images/CASIA2.0_revised/Au/Au_pla_30168.jpg,0,0.0387674967447916,3,1,0.02,0.5
/content/drive/MyDrive/CV_Project/datasets/casia2/images/CASIA2.0_revised/Au/Au_pla_30169.jpg,0,0.0,3,1,0.02,0.5
/content/drive/MyDrive/CV_Project/datasets/casia2/images/CASIA2.0_revised/Au/Au_pla_30170.jpg,0,0.0,3,1,0.02,0.5
/content/drive/MyDrive/CV_Project/datasets/casia2/images/CASIA2.0_revised/Au/Au_pla_30171.jpg,0,0.0,3,1,0.02,0.5
/content/drive/MyDrive/CV_Project/datasets/casia2/images/CASIA2.0_revised/Au/Au_pla_30172.jpg,0,0.031005859375,3,1,0.02,0.5
/content/drive/MyDrive/CV_Project/datasets/casia2/images/CASIA2.0_revised/Au/Au_pla_30173.jpg,0,0.051025390625,3,1,0.02,0.5
/content/drive/MyDrive/CV_Project/datasets/casia2/images/CASIA2.0_revised/Au/Au_pla_30174.jpg,0,0.0,3,1,0.02,0.5
/content/drive/MyDrive/CV_Project/datasets/casia2/images/CASIA2.0_revised/Au/Au_pla_30175.jpg,0,0.0623067220052083,3,1,0.02,0.5
/content/drive/MyDrive/CV_Project/datasets/casia2/images/CASIA2.0_revised/Au/Au_pla_30176.jpg,0,0.0,3,1,0.02,0.5
/content/drive/MyDrive/CV_Project/datasets/casia2/images/CASIA2.0_revised/Au/Au_pla_30177.jpg,0,0.1068115234375,3,1,0.02,0.5
/content/drive/MyDrive/CV_Project/datasets/casia2/images/CASIA2.0_revised/Au/Au_pla_30178.jpg,0,0.0,3,1,0.02,0.5
/content/drive/MyDrive/CV_Project/datasets/casia2/images/CASIA2.0_revised/Au/Au_pla_30179.jpg,0,0.0,3,1,0.02,0.5
/content/drive/MyDrive/CV_Project/datasets/casia2/images/CASIA2.0_revised/Au/Au_pla_30180.jpg,0,0.0203857421875,3,1,0.02,0.5
/content/drive/MyDrive/CV_Project/datasets/casia2/images/CASIA2.0_revised/Au/Au_pla_30181.jpg,0,0.044647216796875,3,1,0.02,0.5
/content/drive/MyDrive/CV_Project/datasets/casia2/images/CASIA2.0_revised/Au/Au_pla_30182.jpg,0,0.0,3,1,0.02,0.5
/content/drive/MyDrive/CV_Project/datasets/casia2/images/CASIA2.0_revised/Au/Au_pla_30183.jpg,0,0.0,3,1,0.02,0.5
/content/drive/MyDrive/CV_Project/datasets/casia2/images/CASIA2.0_revised/Au/Au_pla_30184.jpg,0,0.0205790201822916,3,1,0.02,0.5
/content/drive/MyDrive/CV_Project/datasets/casia2/images/CASIA2.0_revised/Au/Au_pla_30185.jpg,0,0.0,3,1,0.02,0.5
/content/drive/MyDrive/CV_Project/datasets/casia2/images/CASIA2.0_revised/Au/Au_pla_30186.jpg,0,0.3186442057291667,3,1,0.02,0.5
/content/drive/MyDrive/CV_Project/datasets/casia2/images/CASIA2.0_revised/Au/Au_pla_30187.jpg,0,0.0,3,1,0.02,0.5
/content/drive/MyDrive/CV_Project/datasets/casia2/images/CASIA2.0_revised/Au/Au_pla_30188.jpg,0,0.0,3,1,0.02,0.5
/content/drive/MyDrive/CV_Project/datasets/casia2/images/CASIA2.0_revised/Au/Au_pla_30189.jpg,0,0.1964111328125,3,1,0.02,0.5
/content/drive/MyDrive/CV_Project/datasets/casia2/images/CASIA2.0_revised/Au/Au_pla_30190.jpg,0,0.2802225748697917,3,1,0.02,0.5
/content/drive/MyDrive/CV_Project/datasets/casia2/images/CASIA2.0_revised/Au/Au_pla_30191.jpg,0,0.0,3,1,0.02,0.5
/content/drive/MyDrive/CV_Project/datasets/casia2/images/CASIA2.0_revised/Au/Au_pla_30192.jpg,0,0.0666605631510416,3,1,0.02,0.5
/content/drive/MyDrive/CV_Project/datasets/casia2/images/CASIA2.0_revised/Au/Au_pla_30193.jpg,0,0.1939493815104166,3,1,0.02,0.5
/content/drive/MyDrive/CV_Project/datasets/casia2/images/CASIA2.0_revised/Au/Au_pla_30194.jpg,0,0.0686238606770833,3,1,0.02,0.5
/content/drive/MyDrive/CV_Project/datasets/casia2/images/CASIA2.0_revised/Au/Au_pla_30195.jpg,0,0.0,3,1,0.02,0.5
/content/drive/MyDrive/CV_Project/datasets/casia2/images/CASIA2.0_revised/Au/Au_pla_30196.jpg,0,0.0242207845052083,3,1,0.02,0.5
/content/drive/MyDrive/CV_Project/datasets/casia2/images/CASIA2.0_revised/Au/Au_pla_30197.jpg,0,0.0840352376302083,3,1,0.02,0.5
/content/drive/MyDrive/CV_Project/datasets/casia2/images/CASIA2.0_revised/Au/Au_pla_30198.jpg,0,0.0954996744791666,3,1,0.02,0.5
/content/drive/MyDrive/CV_Project/datasets/casia2/images/CASIA2.0_revised/Au/Au_pla_30199.jpg,0,0.0,3,1,0.02,0.5
/content/drive/MyDrive/CV_Project/datasets/casia2/images/CASIA2.0_revised/Au/Au_pla_30200.jpg,0,0.0,3,1,0.02,0.5
/content/drive/MyDrive/CV_Project/datasets/casia2/images/CASIA2.0_revised/Au/Au_pla_30201.jpg,0,0.0,3,1,0.02,0.5
/content/drive/MyDrive/CV_Project/datasets/casia2/images/CASIA2.0_revised/Au/Au_pla_30202.jpg,0,0.0,3,1,0.02,0.5
/content/drive/MyDrive/CV_Project/datasets/casia2/images/CASIA2.0_revised/Au/Au_pla_30203.jpg,0,0.1601460774739583,3,1,0.02,0.5
/content/drive/MyDrive/CV_Project/datasets/casia2/images/CASIA2.0_revised/Au/Au_pla_30204.jpg,0,0.0,3,1,0.02,0.5
/content/drive/MyDrive/CV_Project/datasets/casia2/images/CASIA2.0_revised/Au/Au_pla_30205.jpg,0,0.0,3,1,0.02,0.5
/content/drive/MyDrive/CV_Project/datasets/casia2/images/CASIA2.0_revised/Au/Au_pla_30206.jpg,0,0.0478413899739583,3,1,0.02,0.5
/content/drive/MyDrive/CV_Project/datasets/casia2/images/CASIA2.0_revised/Au/Au_pla_30207.jpg,0,0.0,3,1,0.02,0.5
/content/drive/MyDrive/CV_Project/datasets/casia2/images/CASIA2.0_revised/Au/Au_pla_30208.jpg,0,0.0,3,1,0.02,0.5
/content/drive/MyDrive/CV_Project/datasets/casia2/images/CASIA2.0_revised/Au/Au_pla_30209.jpg,0,0.0,3,1,0.02,0.5
/content/drive/MyDrive/CV_Project/datasets/casia2/images/CASIA2.0_revised/Au/Au_pla_30210.jpg,0,0.0924173990885416,3,1,0.02,0.5
/content/drive/MyDrive/CV_Project/datasets/casia2/images/CASIA2.0_revised/Au/Au_pla_30211.jpg,0,0.21435546875,3,1,0.02,0.5
/content/drive/MyDrive/CV_Project/datasets/casia2/images/CASIA2.0_revised/Au/Au_pla_30212.jpg,0,0.0,3,1,0.02,0.5
/content/drive/MyDrive/CV_Project/datasets/casia2/images/CASIA2.0_revised/Au/Au_pla_30213.jpg,0,0.0,3,1,0.02,0.5
/content/drive/MyDrive/CV_Project/datasets/casia2/images/CASIA2.0_revised/Au/Au_pla_30214.jpg,0,0.087860107421875,3,1,0.02,0.5
/content/drive/MyDrive/CV_Project/datasets/casia2/images/CASIA2.0_revised/Au/Au_pla_30215.jpg,0,0.0263773600260416,3,1,0.02,0.5
/content/drive/MyDrive/CV_Project/datasets/casia2/images/CASIA2.0_revised/Au/Au_pla_30216.jpg,0,0.1748860677083333,3,1,0.02,0.5
/content/drive/MyDrive/CV_Project/datasets/casia2/images/CASIA2.0_revised/Au/Au_pla_30217.jpg,0,0.0,3,1,0.02,0.5
/content/drive/MyDrive/CV_Project/datasets/casia2/images/CASIA2.0_revised/Au/Au_pla_30218.jpg,0,0.0,3,1,0.02,0.5
/content/drive/MyDrive/CV_Project/datasets/casia2/images/CASIA2.0_revised/Au/Au_pla_30219.jpg,0,0.0,3,1,0.02,0.5
/content/drive/MyDrive/CV_Project/datasets/casia2/images/CASIA2.0_revised/Au/Au_pla_30220.jpg,0,0.0609130859375,3,1,0.02,0.5
/content/drive/MyDrive/CV_Project/datasets/casia2/images/CASIA2.0_revised/Au/Au_pla_30221.jpg,0,0.069610595703125,3,1,0.02,0.5
/content/drive/MyDrive/CV_Project/datasets/casia2/images/CASIA2.0_revised/Au/Au_pla_30222.jpg,0,0.0,3,1,0.02,0.5
/content/drive/MyDrive/CV_Project/datasets/casia2/images/CASIA2.0_revised/Au/Au_pla_30223.jpg,0,0.0,3,1,0.02,0.5
/content/drive/MyDrive/CV_Project/datasets/casia2/images/CASIA2.0_revised/Au/Au_pla_30224.jpg,0,0.4008890787760417,3,1,0.02,0.5
/content/drive/MyDrive/CV_Project/datasets/casia2/images/CASIA2.0_revised/Au/Au_pla_30225.jpg,0,0.0289408365885416,3,1,0.02,0.5
/content/drive/MyDrive/CV_Project/datasets/casia2/images/CASIA2.0_revised/Au/Au_pla_30226.jpg,0,0.126220703125,3,1,0.02,0.5
/content/drive/MyDrive/CV_Project/datasets/casia2/images/CASIA2.0_revised/Au/Au_pla_30227.jpg,0,0.2352396647135416,3,1,0.02,0.5
/content/drive/MyDrive/CV_Project/datasets/casia2/images/CASIA2.0_revised/Au/Au_pla_30228.jpg,0,0.1962890625,3,1,0.02,0.5
/content/drive/MyDrive/CV_Project/datasets/casia2/images/CASIA2.0_revised/Au/Au_pla_30229.jpg,0,0.0,3,1,0.02,0.5
/content/drive/MyDrive/CV_Project/datasets/casia2/images/CASIA2.0_revised/Au/Au_pla_30230.jpg,0,0.3167622884114583,3,1,0.02,0.5
/content/drive/MyDrive/CV_Project/datasets/casia2/images/CASIA2.0_revised/Au/Au_pla_30231.jpg,0,0.02008056640625,3,1,0.02,0.5
/content/drive/MyDrive/CV_Project/datasets/casia2/images/CASIA2.0_revised/Au/Au_pla_30232.jpg,0,0.0,3,1,0.02,0.5
/content/drive/MyDrive/CV_Project/datasets/casia2/images/CASIA2.0_revised/Au/Au_pla_30233.jpg,0,0.239654541015625,3,1,0.02,0.5
/content/drive/MyDrive/CV_Project/datasets/casia2/images/CASIA2.0_revised/Au/Au_pla_30234.jpg,0,0.1485087076822916,3,1,0.02,0.5
/content/drive/MyDrive/CV_Project/datasets/casia2/images/CASIA2.0_revised/Au/Au_pla_30235.jpg,0,0.052032470703125,3,1,0.02,0.5
/content/drive/MyDrive/CV_Project/datasets/casia2/images/CASIA2.0_revised/Au/Au_pla_30236.jpg,0,0.261566162109375,3,1,0.02,0.5
/content/drive/MyDrive/CV_Project/datasets/casia2/images/CASIA2.0_revised/Au/Au_pla_30237.jpg,0,0.2433064778645833,3,1,0.02,0.5
/content/drive/MyDrive/CV_Project/datasets/casia2/images/CASIA2.0_revised/Au/Au_pla_30238.jpg,0,0.0,3,1,0.02,0.5
/content/drive/MyDrive/CV_Project/datasets/casia2/images/CASIA2.0_revised/Au/Au_pla_30239.jpg,0,0.0939737955729166,3,1,0.02,0.5
/content/drive/MyDrive/CV_Project/datasets/casia2/images/CASIA2.0_revised/Au/Au_pla_30240.jpg,0,0.0,3,1,0.02,0.5
/content/drive/MyDrive/CV_Project/datasets/casia2/images/CASIA2.0_revised/Au/Au_pla_30241.jpg,0,0.0,3,1,0.02,0.5
/content/drive/MyDrive/CV_Project/datasets/casia2/images/CASIA2.0_revised/Au/Au_pla_30242.jpg,0,0.1477762858072916,3,1,0.02,0.5
/content/drive/MyDrive/CV_Project/datasets/casia2/images/CASIA2.0_revised/Au/Au_pla_30243.jpg,0,0.0435587565104166,3,1,0.02,0.5
/content/drive/MyDrive/CV_Project/datasets/casia2/images/CASIA2.0_revised/Au/Au_pla_30244.jpg,0,0.0,3,1,0.02,0.5
/content/drive/MyDrive/CV_Project/datasets/casia2/images/CASIA2.0_revised/Au/Au_pla_30245.jpg,0,0.0,3,1,0.02,0.5
/content/drive/MyDrive/CV_Project/datasets/casia2/images/CASIA2.0_revised/Au/Au_pla_30246.jpg,0,0.0786336263020833,3,1,0.02,0.5
/content/drive/MyDrive/CV_Project/datasets/casia2/images/CASIA2.0_revised/Au/Au_pla_30247.jpg,0,0.0,3,1,0.02,0.5
/content/drive/MyDrive/CV_Project/datasets/casia2/images/CASIA2.0_revised/Au/Au_pla_30248.jpg,0,0.0,3,1,0.02,0.5
/content/drive/MyDrive/CV_Project/datasets/casia2/images/CASIA2.0_revised/Au/Au_pla_30249.jpg,0,0.1503092447916666,3,1,0.02,0.5
/content/drive/MyDrive/CV_Project/datasets/casia2/images/CASIA2.0_revised/Au/Au_pla_30250.jpg,0,0.0,3,1,0.02,0.5
/content/drive/MyDrive/CV_Project/datasets/casia2/images/CASIA2.0_revised/Au/Au_pla_30251.jpg,0,0.1231180826822916,3,1,0.02,0.5
/content/drive/MyDrive/CV_Project/datasets/casia2/images/CASIA2.0_revised/Au/Au_pla_30252.jpg,0,0.0,3,1,0.02,0.5
/content/drive/MyDrive/CV_Project/datasets/casia2/images/CASIA2.0_revised/Au/Au_pla_30253.jpg,0,0.2447306315104166,3,1,0.02,0.5
/content/drive/MyDrive/CV_Project/datasets/casia2/images/CASIA2.0_revised/Au/Au_pla_30254.jpg,0,0.2333882649739583,3,1,0.02,0.5
/content/drive/MyDrive/CV_Project/datasets/casia2/images/CASIA2.0_revised/Au/Au_pla_30255.jpg,0,0.0,3,1,0.02,0.5
/content/drive/MyDrive/CV_Project/datasets/casia2/images/CASIA2.0_revised/Au/Au_pla_30256.jpg,0,0.0,3,1,0.02,0.5
/content/drive/MyDrive/CV_Project/datasets/casia2/images/CASIA2.0_revised/Au/Au_pla_30257.jpg,0,0.2716573079427083,3,1,0.02,0.5
/content/drive/MyDrive/CV_Project/datasets/casia2/images/CASIA2.0_revised/Au/Au_pla_30258.jpg,0,0.1241556803385416,3,1,0.02,0.5
/content/drive/MyDrive/CV_Project/datasets/casia2/images/CASIA2.0_revised/Au/Au_pla_30259.jpg,0,0.370758056640625,3,1,0.02,0.5
/content/drive/MyDrive/CV_Project/datasets/casia2/images/CASIA2.0_revised/Au/Au_pla_30260.jpg,0,0.246917724609375,3,1,0.02,0.5
/content/drive/MyDrive/CV_Project/datasets/casia2/images/CASIA2.0_revised/Au/Au_pla_30261.jpg,0,0.1797383626302083,3,1,0.02,0.5
/content/drive/MyDrive/CV_Project/datasets/casia2/images/CASIA2.0_revised/Au/Au_pla_30262.jpg,0,0.0,3,1,0.02,0.5
/content/drive/MyDrive/CV_Project/datasets/casia2/images/CASIA2.0_revised/Au/Au_pla_30263.jpg,0,0.0468648274739583,3,1,0.02,0.5
/content/drive/MyDrive/CV_Project/datasets/casia2/images/CASIA2.0_revised/Au/Au_pla_30264.jpg,0,0.151397705078125,3,1,0.02,0.5
/content/drive/MyDrive/CV_Project/datasets/casia2/images/CASIA2.0_revised/Au/Au_pla_30265.jpg,0,0.2257486979166666,3,1,0.02,0.5
/content/drive/MyDrive/CV_Project/datasets/casia2/images/CASIA2.0_revised/Au/Au_pla_30266.jpg,0,0.250518798828125,3,1,0.02,0.5
/content/drive/MyDrive/CV_Project/datasets/casia2/images/CASIA2.0_revised/Au/Au_pla_30267.jpg,0,0.2441813151041666,3,1,0.02,0.5
/content/drive/MyDrive/CV_Project/datasets/casia2/images/CASIA2.0_revised/Au/Au_pla_30268.jpg,0,0.0,3,1,0.02,0.5
/content/drive/MyDrive/CV_Project/datasets/casia2/images/CASIA2.0_revised/Au/Au_pla_30269.jpg,0,0.2877400716145833,3,1,0.02,0.5
/content/drive/MyDrive/CV_Project/datasets/casia2/images/CASIA2.0_revised/Au/Au_pla_30270.jpg,0,0.2313741048177083,3,1,0.02,0.5
/content/drive/MyDrive/CV_Project/datasets/casia2/images/CASIA2.0_revised/Au/Au_pla_30271.jpg,0,0.0,3,1,0.02,0.5
/content/drive/MyDrive/CV_Project/datasets/casia2/images/CASIA2.0_revised/Au/Au_pla_30272.jpg,0,0.0293375651041666,3,1,0.02,0.5
/content/drive/MyDrive/CV_Project/datasets/casia2/images/CASIA2.0_revised/Au/Au_pla_30273.jpg,0,0.0,3,1,0.02,0.5
/content/drive/MyDrive/CV_Project/datasets/casia2/images/CASIA2.0_revised/Au/Au_pla_30274.jpg,0,0.0,3,1,0.02,0.5
/content/drive/MyDrive/CV_Project/datasets/casia2/images/CASIA2.0_revised/Au/Au_pla_30275.jpg,0,0.3050333658854167,3,1,0.02,0.5
/content/drive/MyDrive/CV_Project/datasets/casia2/images/CASIA2.0_revised/Au/Au_pla_30276.jpg,0,0.1302388509114583,3,1,0.02,0.5
/content/drive/MyDrive/CV_Project/datasets/casia2/images/CASIA2.0_revised/Au/Au_pla_30277.jpg,0,0.24224853515625,3,1,0.02,0.5
/content/drive/MyDrive/CV_Project/datasets/casia2/images/CASIA2.0_revised/Au/Au_pla_30278.jpg,0,0.321685791015625,3,1,0.02,0.5
/content/drive/MyDrive/CV_Project/datasets/casia2/images/CASIA2.0_revised/Au/Au_pla_30279.jpg,0,0.1725870768229166,3,1,0.02,0.5
/content/drive/MyDrive/CV_Project/datasets/casia2/images/CASIA2.0_revised/Au/Au_pla_30280.jpg,0,0.4166768391927083,3,1,0.02,0.5
/content/drive/MyDrive/CV_Project/datasets/casia2/images/CASIA2.0_revised/Au/Au_pla_30281.jpg,0,0.0,3,1,0.02,0.5
/content/drive/MyDrive/CV_Project/datasets/casia2/images/CASIA2.0_revised/Au/Au_pla_30282.jpg,0,0.021087646484375,3,1,0.02,0.5
/content/drive/MyDrive/CV_Project/datasets/casia2/images/CASIA2.0_revised/Au/Au_pla_30283.jpg,0,0.184967041015625,3,1,0.02,0.5
/content/drive/MyDrive/CV_Project/datasets/casia2/images/CASIA2.0_revised/Au/Au_pla_30284.jpg,0,0.20428466796875,3,1,0.02,0.5
/content/drive/MyDrive/CV_Project/datasets/casia2/images/CASIA2.0_revised/Au/Au_pla_30285.jpg,0,0.239990234375,3,1,0.02,0.5
/content/drive/MyDrive/CV_Project/datasets/casia2/images/CASIA2.0_revised/Au/Au_pla_30286.jpg,0,0.3308207194010417,3,1,0.02,0.5
/content/drive/MyDrive/CV_Project/datasets/casia2/images/CASIA2.0_revised/Au/Au_pla_30287.jpg,0,0.428436279296875,3,1,0.02,0.5
/content/drive/MyDrive/CV_Project/datasets/casia2/images/CASIA2.0_revised/Au/Au_pla_30288.jpg,0,0.0361226399739583,3,1,0.02,0.5
/content/drive/MyDrive/CV_Project/datasets/casia2/images/CASIA2.0_revised/Au/Au_pla_30289.jpg,0,0.0,3,1,0.02,0.5
/content/drive/MyDrive/CV_Project/datasets/casia2/images/CASIA2.0_revised/Au/Au_pla_30290.jpg,0,0.0,3,1,0.02,0.5
/content/drive/MyDrive/CV_Project/datasets/casia2/images/CASIA2.0_revised/Au/Au_pla_30291.jpg,0,0.0,3,1,0.02,0.5
/content/drive/MyDrive/CV_Project/datasets/casia2/images/CASIA2.0_revised/Au/Au_pla_30292.jpg,0,0.2785135904947917,3,1,0.02,0.5
/content/drive/MyDrive/CV_Project/datasets/casia2/images/CASIA2.0_revised/Au/Au_pla_30293.jpg,0,0.2261555989583333,3,1,0.02,0.5
/content/drive/MyDrive/CV_Project/datasets/casia2/images/CASIA2.0_revised/Au/Au_pla_30294.jpg,0,0.0,3,1,0.02,0.5
/content/drive/MyDrive/CV_Project/datasets/casia2/images/CASIA2.0_revised/Au/Au_pla_30295.jpg,0,0.1287027994791666,3,1,0.02,0.5
/content/drive/MyDrive/CV_Project/datasets/casia2/images/CASIA2.0_revised/Au/Au_pla_30296.jpg,0,0.16741943359375,3,1,0.02,0.5
/content/drive/MyDrive/CV_Project/datasets/casia2/images/CASIA2.0_revised/Au/Au_pla_30297.jpg,0,0.30169677734375,3,1,0.02,0.5
/content/drive/MyDrive/CV_Project/datasets/casia2/images/CASIA2.0_revised/Au/Au_pla_30298.jpg,0,0.1447041829427083,3,1,0.02,0.5
/content/drive/MyDrive/CV_Project/datasets/casia2/images/CASIA2.0_revised/Au/Au_pla_30299.jpg,0,0.0,3,1,0.02,0.5
/content/drive/MyDrive/CV_Project/datasets/casia2/images/CASIA2.0_revised/Au/Au_pla_30300.jpg,0,0.0745035807291666,3,1,0.02,0.5
/content/drive/MyDrive/CV_Project/datasets/casia2/images/CASIA2.0_revised/Au/Au_pla_30301.jpg,0,0.1028340657552083,3,1,0.02,0.5
/content/drive/MyDrive/CV_Project/datasets/casia2/images/CASIA2.0_revised/Au/Au_pla_30302.jpg,0,0.08636474609375,3,1,0.02,0.5
/content/drive/MyDrive/CV_Project/datasets/casia2/images/CASIA2.0_revised/Au/Au_pla_30303.jpg,0,0.0,3,1,0.02,0.5
/content/drive/MyDrive/CV_Project/datasets/casia2/images/CASIA2.0_revised/Au/Au_pla_30304.jpg,0,0.1554667154947916,3,1,0.02,0.5
/content/drive/MyDrive/CV_Project/datasets/casia2/images/CASIA2.0_revised/Au/Au_pla_30305.jpg,0,0.0,3,1,0.02,0.5
/content/drive/MyDrive/CV_Project/datasets/casia2/images/CASIA2.0_revised/Au/Au_pla_30306.jpg,0,0.0,3,1,0.02,0.5
/content/drive/MyDrive/CV_Project/datasets/casia2/images/CASIA2.0_revised/Au/Au_pla_30307.jpg,0,0.0,3,1,0.02,0.5
/content/drive/MyDrive/CV_Project/datasets/casia2/images/CASIA2.0_revised/Au/Au_pla_30308.jpg,0,0.0,3,1,0.02,0.5
/content/drive/MyDrive/CV_Project/datasets/casia2/images/CASIA2.0_revised/Au/Au_pla_30309.jpg,0,0.2137654622395833,3,1,0.02,0.5
/content/drive/MyDrive/CV_Project/datasets/casia2/images/CASIA2.0_revised/Au/Au_pla_30310.jpg,0,0.1300150553385416,3,1,0.02,0.5
/content/drive/MyDrive/CV_Project/datasets/casia2/images/CASIA2.0_revised/Au/Au_pla_30311.jpg,0,0.1008097330729166,3,1,0.02,0.5
/content/drive/MyDrive/CV_Project/datasets/casia2/images/CASIA2.0_revised/Au/Au_pla_30312.jpg,0,0.1207784016927083,3,1,0.02,0.5
/content/drive/MyDrive/CV_Project/datasets/casia2/images/CASIA2.0_revised/Au/Au_pla_30313.jpg,0,0.0,3,1,0.02,0.5
/content/drive/MyDrive/CV_Project/datasets/casia2/images/CASIA2.0_revised/Au/Au_pla_30314.jpg,0,0.1944580078125,3,1,0.02,0.5
/content/drive/MyDrive/CV_Project/datasets/casia2/images/CASIA2.0_revised/Au/Au_pla_30315.jpg,0,0.0,3,1,0.02,0.5
/content/drive/MyDrive/CV_Project/datasets/casia2/images/CASIA2.0_revised/Au/Au_pla_30316.jpg,0,0.0,3,1,0.02,0.5
/content/drive/MyDrive/CV_Project/datasets/casia2/images/CASIA2.0_revised/Au/Au_pla_30317.jpg,0,0.1837972005208333,3,1,0.02,0.5
/content/drive/MyDrive/CV_Project/datasets/casia2/images/CASIA2.0_revised/Au/Au_pla_30318.jpg,0,0.035430908203125,3,1,0.02,0.5
/content/drive/MyDrive/CV_Project/datasets/casia2/images/CASIA2.0_revised/Au/Au_pla_30319.jpg,0,0.341033935546875,3,1,0.02,0.5
/content/drive/MyDrive/CV_Project/datasets/casia2/images/CASIA2.0_revised/Au/Au_pla_30320.jpg,0,0.053009033203125,3,1,0.02,0.5
/content/drive/MyDrive/CV_Project/datasets/casia2/images/CASIA2.0_revised/Au/Au_pla_30321.jpg,0,0.0263570149739583,3,1,0.02,0.5
/content/drive/MyDrive/CV_Project/datasets/casia2/images/CASIA2.0_revised/Au/Au_pla_30322.jpg,0,0.419891357421875,3,1,0.02,0.5
/content/drive/MyDrive/CV_Project/datasets/casia2/images/CASIA2.0_revised/Au/Au_pla_30323.jpg,0,0.2589823404947917,3,1,0.02,0.5
/content/drive/MyDrive/CV_Project/datasets/casia2/images/CASIA2.0_revised/Au/Au_pla_30324.jpg,0,0.0,3,1,0.02,0.5
/content/drive/MyDrive/CV_Project/datasets/casia2/images/CASIA2.0_revised/Au/Au_pla_30325.jpg,0,0.0,3,1,0.02,0.5
/content/drive/MyDrive/CV_Project/datasets/casia2/images/CASIA2.0_revised/Au/Au_pla_30326.jpg,0,0.0241292317708333,3,1,0.02,0.5
/content/drive/MyDrive/CV_Project/datasets/casia2/images/CASIA2.0_revised/Au/Au_pla_30327.jpg,0,0.0,3,1,0.02,0.5
/content/drive/MyDrive/CV_Project/datasets/casia2/images/CASIA2.0_revised/Au/Au_pla_30328.jpg,0,0.09228515625,3,1,0.02,0.5
/content/drive/MyDrive/CV_Project/datasets/casia2/images/CASIA2.0_revised/Au/Au_pla_30329.jpg,0,0.0,3,1,0.02,0.5
/content/drive/MyDrive/CV_Project/datasets/casia2/images/CASIA2.0_revised/Au/Au_pla_30330.jpg,0,0.0453287760416666,3,1,0.02,0.5
/content/drive/MyDrive/CV_Project/datasets/casia2/images/CASIA2.0_revised/Au/Au_pla_30331.jpg,0,0.0,3,1,0.02,0.5
/content/drive/MyDrive/CV_Project/datasets/casia2/images/CASIA2.0_revised/Au/Au_pla_30332.jpg,0,0.1094462076822916,3,1,0.02,0.5
/content/drive/MyDrive/CV_Project/datasets/casia2/images/CASIA2.0_revised/Au/Au_pla_30333.jpg,0,0.0904337565104166,3,1,0.02,0.5
/content/drive/MyDrive/CV_Project/datasets/casia2/images/CASIA2.0_revised/Au/Au_pla_30334.jpg,0,0.0,3,1,0.02,0.5
/content/drive/MyDrive/CV_Project/datasets/casia2/images/CASIA2.0_revised/Au/Au_pla_30335.jpg,0,0.0,3,1,0.02,0.5
/content/drive/MyDrive/CV_Project/datasets/casia2/images/CASIA2.0_revised/Au/Au_pla_30336.jpg,0,0.0,3,1,0.02,0.5
/content/drive/MyDrive/CV_Project/datasets/casia2/images/CASIA2.0_revised/Au/Au_pla_30337.jpg,0,0.0760904947916666,3,1,0.02,0.5
/content/drive/MyDrive/CV_Project/datasets/casia2/images/CASIA2.0_revised/Au/Au_pla_30338.jpg,0,0.0252888997395833,3,1,0.02,0.5
/content/drive/MyDrive/CV_Project/datasets/casia2/images/CASIA2.0_revised/Au/Au_pla_30339.jpg,0,0.0,3,1,0.02,0.5
/content/drive/MyDrive/CV_Project/datasets/casia2/images/CASIA2.0_revised/Au/Au_pla_30340.jpg,0,0.178680419921875,3,1,0.02,0.5
/content/drive/MyDrive/CV_Project/datasets/casia2/images/CASIA2.0_revised/Au/Au_pla_30341.jpg,0,0.1629536946614583,3,1,0.02,0.5
/content/drive/MyDrive/CV_Project/datasets/casia2/images/CASIA2.0_revised/Au/Au_pla_30342.jpg,0,0.0,3,1,0.02,0.5
/content/drive/MyDrive/CV_Project/datasets/casia2/images/CASIA2.0_revised/Au/Au_pla_30343.jpg,0,0.24468994140625,3,1,0.02,0.5
/content/drive/MyDrive/CV_Project/datasets/casia2/images/CASIA2.0_revised/Au/Au_pla_30344.jpg,0,0.0,3,1,0.02,0.5
/content/drive/MyDrive/CV_Project/datasets/casia2/images/CASIA2.0_revised/Au/Au_pla_30345.jpg,0,0.2057902018229166,3,1,0.02,0.5
/content/drive/MyDrive/CV_Project/datasets/casia2/images/CASIA2.0_revised/Au/Au_pla_30346.jpg,0,0.0,3,1,0.02,0.5
/content/drive/MyDrive/CV_Project/datasets/casia2/images/CASIA2.0_revised/Au/Au_pla_30347.jpg,0,0.0,3,1,0.02,0.5
/content/drive/MyDrive/CV_Project/datasets/casia2/images/CASIA2.0_revised/Au/Au_pla_30348.jpg,0,0.27520751953125,3,1,0.02,0.5
/content/drive/MyDrive/CV_Project/datasets/casia2/images/CASIA2.0_revised/Au/Au_pla_30349.jpg,0,0.022796630859375,3,1,0.02,0.5
/content/drive/MyDrive/CV_Project/datasets/casia2/images/CASIA2.0_revised/Au/Au_pla_30350.jpg,0,0.0,3,1,0.02,0.5
/content/drive/MyDrive/CV_Project/datasets/casia2/images/CASIA2.0_revised/Au/Au_pla_30351.jpg,0,0.0,3,1,0.02,0.5
/content/drive/MyDrive/CV_Project/datasets/casia2/images/CASIA2.0_revised/Au/Au_pla_30352.jpg,0,0.0271809895833333,3,1,0.02,0.5
/content/drive/MyDrive/CV_Project/datasets/casia2/images/CASIA2.0_revised/Au/Au_pla_30353.jpg,0,0.2432963053385416,3,1,0.02,0.5
/content/drive/MyDrive/CV_Project/datasets/casia2/images/CASIA2.0_revised/Au/Au_pla_30354.jpg,0,0.023773193359375,3,1,0.02,0.5
/content/drive/MyDrive/CV_Project/datasets/casia2/images/CASIA2.0_revised/Au/Au_pla_30355.jpg,0,0.0,3,1,0.02,0.5
/content/drive/MyDrive/CV_Project/datasets/casia2/images/CASIA2.0_revised/Au/Au_pla_30356.jpg,0,0.3009440104166667,3,1,0.02,0.5
/content/drive/MyDrive/CV_Project/datasets/casia2/images/CASIA2.0_revised/Au/Au_pla_30357.jpg,0,0.0543314615885416,3,1,0.02,0.5
/content/drive/MyDrive/CV_Project/datasets/casia2/images/CASIA2.0_revised/Au/Au_pla_30358.jpg,0,0.0237325032552083,3,1,0.02,0.5
/content/drive/MyDrive/CV_Project/datasets/casia2/images/CASIA2.0_revised/Au/Au_pla_30359.jpg,0,0.0,3,1,0.02,0.5
/content/drive/MyDrive/CV_Project/datasets/casia2/images/CASIA2.0_revised/Au/Au_pla_30360.jpg,0,0.1209004720052083,3,1,0.02,0.5
/content/drive/MyDrive/CV_Project/datasets/casia2/images/CASIA2.0_revised/Au/Au_pla_30361.jpg,0,0.0,3,1,0.02,0.5
/content/drive/MyDrive/CV_Project/datasets/casia2/images/CASIA2.0_revised/Au/Au_pla_30362.jpg,0,0.1840311686197916,3,1,0.02,0.5
/content/drive/MyDrive/CV_Project/datasets/casia2/images/CASIA2.0_revised/Au/Au_pla_30363.jpg,0,0.0,3,1,0.02,0.5
/content/drive/MyDrive/CV_Project/datasets/casia2/images/CASIA2.0_revised/Au/Au_pla_30364.jpg,0,0.0352884928385416,3,1,0.02,0.5
/content/drive/MyDrive/CV_Project/datasets/casia2/images/CASIA2.0_revised/Au/Au_pla_30365.jpg,0,0.0566914876302083,3,1,0.02,0.5
/content/drive/MyDrive/CV_Project/datasets/casia2/images/CASIA2.0_revised/Au/Au_pla_30366.jpg,0,0.0,3,1,0.02,0.5
/content/drive/MyDrive/CV_Project/datasets/casia2/images/CASIA2.0_revised/Au/Au_pla_30367.jpg,0,0.0,3,1,0.02,0.5
/content/drive/MyDrive/CV_Project/datasets/casia2/images/CASIA2.0_revised/Au/Au_pla_30368.jpg,0,0.1965128580729166,3,1,0.02,0.5
/content/drive/MyDrive/CV_Project/datasets/casia2/images/CASIA2.0_revised/Au/Au_pla_30369.jpg,0,0.1777140299479166,3,1,0.02,0.5
/content/drive/MyDrive/CV_Project/datasets/casia2/images/CASIA2.0_revised/Au/Au_pla_30370.jpg,0,0.1104024251302083,3,1,0.02,0.5
/content/drive/MyDrive/CV_Project/datasets/casia2/images/CASIA2.0_revised/Au/Au_pla_30371.jpg,0,0.0,3,1,0.02,0.5
/content/drive/MyDrive/CV_Project/datasets/casia2/images/CASIA2.0_revised/Au/Au_pla_30372.jpg,0,0.0,3,1,0.02,0.5
/content/drive/MyDrive/CV_Project/datasets/casia2/images/CASIA2.0_revised/Au/Au_pla_30373.jpg,0,0.08245849609375,3,1,0.02,0.5
/content/drive/MyDrive/CV_Project/datasets/casia2/images/CASIA2.0_revised/Au/Au_pla_30374.jpg,0,0.283355712890625,3,1,0.02,0.5
/content/drive/MyDrive/CV_Project/datasets/casia2/images/CASIA2.0_revised/Au/Au_pla_30375.jpg,0,0.0,3,1,0.02,0.5
/content/drive/MyDrive/CV_Project/datasets/casia2/images/CASIA2.0_revised/Au/Au_pla_30376.jpg,0,0.0,3,1,0.02,0.5
/content/drive/MyDrive/CV_Project/datasets/casia2/images/CASIA2.0_revised/Au/Au_pla_30377.jpg,0,0.0,3,1,0.02,0.5
/content/drive/MyDrive/CV_Project/datasets/casia2/images/CASIA2.0_revised/Au/Au_pla_30378.jpg,0,0.0,3,1,0.02,0.5
/content/drive/MyDrive/CV_Project/datasets/casia2/images/CASIA2.0_revised/Au/Au_pla_30379.jpg,0,0.142913818359375,3,1,0.02,0.5
/content/drive/MyDrive/CV_Project/datasets/casia2/images/CASIA2.0_revised/Au/Au_pla_30380.jpg,0,0.0351053873697916,3,1,0.02,0.5
/content/drive/MyDrive/CV_Project/datasets/casia2/images/CASIA2.0_revised/Au/Au_pla_30381.jpg,0,0.0,3,1,0.02,0.5
/content/drive/MyDrive/CV_Project/datasets/casia2/images/CASIA2.0_revised/Au/Au_pla_30382.jpg,0,0.3541666666666667,3,1,0.02,0.5
/content/drive/MyDrive/CV_Project/datasets/casia2/images/CASIA2.0_revised/Au/Au_pla_30383.jpg,0,0.0759073893229166,3,1,0.02,0.5
/content/drive/MyDrive/CV_Project/datasets/casia2/images/CASIA2.0_revised/Au/Au_pla_30384.jpg,0,0.2635294596354167,3,1,0.02,0.5
/content/drive/MyDrive/CV_Project/datasets/casia2/images/CASIA2.0_revised/Au/Au_pla_30385.jpg,0,0.0,3,1,0.02,0.5
/content/drive/MyDrive/CV_Project/datasets/casia2/images/CASIA2.0_revised/Au/Au_pla_30386.jpg,0,0.2012430826822916,3,1,0.02,0.5
/content/drive/MyDrive/CV_Project/datasets/casia2/images/CASIA2.0_revised/Au/Au_pla_30387.jpg,0,0.1038920084635416,3,1,0.02,0.5
/content/drive/MyDrive/CV_Project/datasets/casia2/images/CASIA2.0_revised/Au/Au_pla_30388.jpg,0,0.0,3,1,0.02,0.5
/content/drive/MyDrive/CV_Project/datasets/casia2/images/CASIA2.0_revised/Au/Au_pla_30389.jpg,0,0.0214945475260416,3,1,0.02,0.5
/content/drive/MyDrive/CV_Project/datasets/casia2/images/CASIA2.0_revised/Au/Au_pla_30390.jpg,0,0.0399068196614583,3,1,0.02,0.5
/content/drive/MyDrive/CV_Project/datasets/casia2/images/CASIA2.0_revised/Au/Au_pla_30391.jpg,0,0.0,3,1,0.02,0.5
/content/drive/MyDrive/CV_Project/datasets/casia2/images/CASIA2.0_revised/Au/Au_pla_30392.jpg,0,0.1333414713541666,3,1,0.02,0.5
/content/drive/MyDrive/CV_Project/datasets/casia2/images/CASIA2.0_revised/Au/Au_pla_30393.jpg,0,0.0,3,1,0.02,0.5
/content/drive/MyDrive/CV_Project/datasets/casia2/images/CASIA2.0_revised/Au/Au_pla_30394.jpg,0,0.0,3,1,0.02,0.5
/content/drive/MyDrive/CV_Project/datasets/casia2/images/CASIA2.0_revised/Au/Au_pla_30395.jpg,0,0.1205952962239583,3,1,0.02,0.5
/content/drive/MyDrive/CV_Project/datasets/casia2/images/CASIA2.0_revised/Au/Au_pla_30396.jpg,0,0.3288370768229167,3,1,0.02,0.5
/content/drive/MyDrive/CV_Project/datasets/casia2/images/CASIA2.0_revised/Au/Au_pla_30397.jpg,0,0.50616455078125,3,1,0.02,0.5
/content/drive/MyDrive/CV_Project/datasets/casia2/images/CASIA2.0_revised/Au/Au_pla_30398.jpg,0,0.482086181640625,3,1,0.02,0.5
/content/drive/MyDrive/CV_Project/datasets/casia2/images/CASIA2.0_revised/Au/Au_pla_30399.jpg,0,0.0,3,1,0.02,0.5
/content/drive/MyDrive/CV_Project/datasets/casia2/images/CASIA2.0_revised/Au/Au_pla_30400.jpg,0,0.118499755859375,3,1,0.02,0.5
/content/drive/MyDrive/CV_Project/datasets/casia2/images/CASIA2.0_revised/Au/Au_pla_30401.jpg,0,0.0,3,1,0.02,0.5
/content/drive/MyDrive/CV_Project/datasets/casia2/images/CASIA2.0_revised/Au/Au_pla_30402.jpg,0,0.0593770345052083,3,1,0.02,0.5
/content/drive/MyDrive/CV_Project/datasets/casia2/images/CASIA2.0_revised/Au/Au_pla_30403.jpg,0,0.1552734375,3,1,0.02,0.5
/content/drive/MyDrive/CV_Project/datasets/casia2/images/CASIA2.0_revised/Au/Au_pla_30404.jpg,0,0.0,3,1,0.02,0.5
/content/drive/MyDrive/CV_Project/datasets/casia2/images/CASIA2.0_revised/Au/Au_pla_30405.jpg,0,0.1361897786458333,3,1,0.02,0.5
/content/drive/MyDrive/CV_Project/datasets/casia2/images/CASIA2.0_revised/Au/Au_pla_30406.jpg,0,0.3633219401041667,3,1,0.02,0.5
/content/drive/MyDrive/CV_Project/datasets/casia2/images/CASIA2.0_revised/Au/Au_pla_30407.jpg,0,0.038330078125,3,1,0.02,0.5
/content/drive/MyDrive/CV_Project/datasets/casia2/images/CASIA2.0_revised/Au/Au_pla_30408.jpg,0,0.05572509765625,3,1,0.02,0.5
/content/drive/MyDrive/CV_Project/datasets/casia2/images/CASIA2.0_revised/Au/Au_pla_30409.jpg,0,0.0223286946614583,3,1,0.02,0.5
/content/drive/MyDrive/CV_Project/datasets/casia2/images/CASIA2.0_revised/Au/Au_pla_30410.jpg,0,0.0,3,1,0.02,0.5
/content/drive/MyDrive/CV_Project/datasets/casia2/images/CASIA2.0_revised/Au/Au_pla_30411.jpg,0,0.3580525716145833,3,1,0.02,0.5
/content/drive/MyDrive/CV_Project/datasets/casia2/images/CASIA2.0_revised/Au/Au_pla_30412.jpg,0,0.0705668131510416,3,1,0.02,0.5
/content/drive/MyDrive/CV_Project/datasets/casia2/images/CASIA2.0_revised/Au/Au_pla_30413.jpg,0,0.1918131510416666,3,1,0.02,0.5
/content/drive/MyDrive/CV_Project/datasets/casia2/images/CASIA2.0_revised/Au/Au_pla_30414.jpg,0,0.0,3,1,0.02,0.5
/content/drive/MyDrive/CV_Project/datasets/casia2/images/CASIA2.0_revised/Au/Au_pla_30415.jpg,0,0.0,3,1,0.02,0.5
/content/drive/MyDrive/CV_Project/datasets/casia2/images/CASIA2.0_revised/Au/Au_pla_30416.jpg,0,0.0,3,1,0.02,0.5
/content/drive/MyDrive/CV_Project/datasets/casia2/images/CASIA2.0_revised/Au/Au_pla_30417.jpg,0,0.0285441080729166,3,1,0.02,0.5
/content/drive/MyDrive/CV_Project/datasets/casia2/images/CASIA2.0_revised/Au/Au_pla_30418.jpg,0,0.0706888834635416,3,1,0.02,0.5
/content/drive/MyDrive/CV_Project/datasets/casia2/images/CASIA2.0_revised/Au/Au_pla_30419.jpg,0,0.1445109049479166,3,1,0.02,0.5
/content/drive/MyDrive/CV_Project/datasets/casia2/images/CASIA2.0_revised/Au/Au_pla_30420.jpg,0,0.0,3,1,0.02,0.5
/content/drive/MyDrive/CV_Project/datasets/casia2/images/CASIA2.0_revised/Au/Au_pla_30421.jpg,0,0.0200703938802083,3,1,0.02,0.5
/content/drive/MyDrive/CV_Project/datasets/casia2/images/CASIA2.0_revised/Au/Au_pla_30422.jpg,0,0.54302978515625,3,1,0.02,0.5
/content/drive/MyDrive/CV_Project/datasets/casia2/images/CASIA2.0_revised/Au/Au_pla_30423.jpg,0,0.1813252766927083,3,1,0.02,0.5
/content/drive/MyDrive/CV_Project/datasets/casia2/images/CASIA2.0_revised/Au/Au_pla_30424.jpg,0,0.0,3,1,0.02,0.5
/content/drive/MyDrive/CV_Project/datasets/casia2/images/CASIA2.0_revised/Au/Au_pla_30425.jpg,0,0.0,3,1,0.02,0.5
/content/drive/MyDrive/CV_Project/datasets/casia2/images/CASIA2.0_revised/Au/Au_pla_30426.jpg,0,0.0784810384114583,3,1,0.02,0.5
/content/drive/MyDrive/CV_Project/datasets/casia2/images/CASIA2.0_revised/Au/Au_pla_30427.jpg,0,0.3601277669270833,3,1,0.02,0.5
/content/drive/MyDrive/CV_Project/datasets/casia2/images/CASIA2.0_revised/Au/Au_pla_30428.jpg,0,0.0,3,1,0.02,0.5
/content/drive/MyDrive/CV_Project/datasets/casia2/images/CASIA2.0_revised/Au/Au_pla_30429.jpg,0,0.0287373860677083,3,1,0.02,0.5
/content/drive/MyDrive/CV_Project/datasets/casia2/images/CASIA2.0_revised/Au/Au_pla_30430.jpg,0,0.2055460611979166,3,1,0.02,0.5
/content/drive/MyDrive/CV_Project/datasets/casia2/images/CASIA2.0_revised/Au/Au_pla_30431.jpg,0,0.0308430989583333,3,1,0.02,0.5
/content/drive/MyDrive/CV_Project/datasets/casia2/images/CASIA2.0_revised/Au/Au_pla_30432.jpg,0,0.0,3,1,0.02,0.5
/content/drive/MyDrive/CV_Project/datasets/casia2/images/CASIA2.0_revised/Au/Au_pla_30433.jpg,0,0.18603515625,3,1,0.02,0.5
/content/drive/MyDrive/CV_Project/datasets/casia2/images/CASIA2.0_revised/Au/Au_pla_30434.jpg,0,0.086212158203125,3,1,0.02,0.5
/content/drive/MyDrive/CV_Project/datasets/casia2/images/CASIA2.0_revised/Au/Au_pla_30435.jpg,0,0.224365234375,3,1,0.02,0.5
/content/drive/MyDrive/CV_Project/datasets/casia2/images/CASIA2.0_revised/Au/Au_pla_30436.jpg,0,0.1507568359375,3,1,0.02,0.5
/content/drive/MyDrive/CV_Project/datasets/casia2/images/CASIA2.0_revised/Au/Au_pla_30437.jpg,0,0.0258076985677083,3,1,0.02,0.5
/content/drive/MyDrive/CV_Project/datasets/casia2/images/CASIA2.0_revised/Au/Au_pla_30438.jpg,0,0.0,3,1,0.02,0.5
/content/drive/MyDrive/CV_Project/datasets/casia2/images/CASIA2.0_revised/Au/Au_pla_30439.jpg,0,0.0676981608072916,3,1,0.02,0.5
/content/drive/MyDrive/CV_Project/datasets/casia2/images/CASIA2.0_revised/Au/Au_pla_30440.jpg,0,0.2121480305989583,3,1,0.02,0.5
/content/drive/MyDrive/CV_Project/datasets/casia2/images/CASIA2.0_revised/Au/Au_pla_30441.jpg,0,0.069122314453125,3,1,0.02,0.5
/content/drive/MyDrive/CV_Project/datasets/casia2/images/CASIA2.0_revised/Au/Au_pla_30442.jpg,0,0.1436258951822916,3,1,0.02,0.5
/content/drive/MyDrive/CV_Project/datasets/casia2/images/CASIA2.0_revised/Au/Au_pla_30443.jpg,0,0.0630900065104166,3,1,0.02,0.5
/content/drive/MyDrive/CV_Project/datasets/casia2/images/CASIA2.0_revised/Au/Au_pla_30444.jpg,0,0.1998392740885416,3,1,0.02,0.5
/content/drive/MyDrive/CV_Project/datasets/casia2/images/CASIA2.0_revised/Au/Au_pla_30445.jpg,0,0.0,3,1,0.02,0.5
/content/drive/MyDrive/CV_Project/datasets/casia2/images/CASIA2.0_revised/Au/Au_pla_30446.jpg,0,0.0,3,1,0.02,0.5
/content/drive/MyDrive/CV_Project/datasets/casia2/images/CASIA2.0_revised/Au/Au_pla_30447.jpg,0,0.2956034342447917,3,1,0.02,0.5
/content/drive/MyDrive/CV_Project/datasets/casia2/images/CASIA2.0_revised/Au/Au_pla_30448.jpg,0,0.1346537272135416,3,1,0.02,0.5
/content/drive/MyDrive/CV_Project/datasets/casia2/images/CASIA2.0_revised/Au/Au_pla_30449.jpg,0,0.0708109537760416,3,1,0.02,0.5
/content/drive/MyDrive/CV_Project/datasets/casia2/images/CASIA2.0_revised/Au/Au_pla_30450.jpg,0,0.0,3,1,0.02,0.5
/content/drive/MyDrive/CV_Project/datasets/casia2/images/CASIA2.0_revised/Au/Au_pla_30451.jpg,0,0.0964558919270833,3,1,0.02,0.5
/content/drive/MyDrive/CV_Project/datasets/casia2/images/CASIA2.0_revised/Au/Au_pla_30452.jpg,0,0.022735595703125,3,1,0.02,0.5
/content/drive/MyDrive/CV_Project/datasets/casia2/images/CASIA2.0_revised/Au/Au_pla_30453.jpg,0,0.0,3,1,0.02,0.5
/content/drive/MyDrive/CV_Project/datasets/casia2/images/CASIA2.0_revised/Au/Au_pla_30454.jpg,0,0.4947713216145833,3,1,0.02,0.5
/content/drive/MyDrive/CV_Project/datasets/casia2/images/CASIA2.0_revised/Au/Au_pla_30455.jpg,0,0.0,3,1,0.02,0.5
/content/drive/MyDrive/CV_Project/datasets/casia2/images/CASIA2.0_revised/Au/Au_pla_30456.jpg,0,0.3372395833333333,3,1,0.02,0.5
/content/drive/MyDrive/CV_Project/datasets/casia2/images/CASIA2.0_revised/Au/Au_pla_30457.jpg,0,0.0,3,1,0.02,0.5
/content/drive/MyDrive/CV_Project/datasets/casia2/images/CASIA2.0_revised/Au/Au_pla_30458.jpg,0,0.0,3,1,0.02,0.5
/content/drive/MyDrive/CV_Project/datasets/casia2/images/CASIA2.0_revised/Au/Au_pla_30459.jpg,0,0.045562744140625,3,1,0.02,0.5
/content/drive/MyDrive/CV_Project/datasets/casia2/images/CASIA2.0_revised/Au/Au_pla_30460.jpg,0,0.0,3,1,0.02,0.5
/content/drive/MyDrive/CV_Project/datasets/casia2/images/CASIA2.0_revised/Au/Au_pla_30461.jpg,0,0.0684305826822916,3,1,0.02,0.5
/content/drive/MyDrive/CV_Project/datasets/casia2/images/CASIA2.0_revised/Au/Au_pla_30462.jpg,0,0.0427652994791666,3,1,0.02,0.5
/content/drive/MyDrive/CV_Project/datasets/casia2/images/CASIA2.0_revised/Au/Au_pla_30463.jpg,0,0.0,3,1,0.02,0.5
/content/drive/MyDrive/CV_Project/datasets/casia2/images/CASIA2.0_revised/Au/Au_pla_30464.jpg,0,0.1643575032552083,3,1,0.02,0.5
/content/drive/MyDrive/CV_Project/datasets/casia2/images/CASIA2.0_revised/Au/Au_pla_30465.jpg,0,0.072357177734375,3,1,0.02,0.5
/content/drive/MyDrive/CV_Project/datasets/casia2/images/CASIA2.0_revised/Au/Au_pla_30466.jpg,0,0.4294331868489583,3,1,0.02,0.5
/content/drive/MyDrive/CV_Project/datasets/casia2/images/CASIA2.0_revised/Au/Au_pla_30467.jpg,0,0.0,3,1,0.02,0.5
/content/drive/MyDrive/CV_Project/datasets/casia2/images/CASIA2.0_revised/Au/Au_pla_30468.jpg,0,0.0595703125,3,1,0.02,0.5
/content/drive/MyDrive/CV_Project/datasets/casia2/images/CASIA2.0_revised/Au/Au_pla_30469.jpg,0,0.0,3,1,0.02,0.5
/content/drive/MyDrive/CV_Project/datasets/casia2/images/CASIA2.0_revised/Au/Au_pla_30470.jpg,0,0.0486958821614583,3,1,0.02,0.5
/content/drive/MyDrive/CV_Project/datasets/casia2/images/CASIA2.0_revised/Au/Au_pla_30471.jpg,0,0.0,3,1,0.02,0.5
/content/drive/MyDrive/CV_Project/datasets/casia2/images/CASIA2.0_revised/Au/Au_pla_30472.jpg,0,0.0768839518229166,3,1,0.02,0.5
/content/drive/MyDrive/CV_Project/datasets/casia2/images/CASIA2.0_revised/Au/Au_pla_30473.jpg,0,0.2005716959635416,3,1,0.02,0.5
/content/drive/MyDrive/CV_Project/datasets/casia2/images/CASIA2.0_revised/Au/Au_pla_30474.jpg,0,0.0400492350260416,3,1,0.02,0.5
/content/drive/MyDrive/CV_Project/datasets/casia2/images/CASIA2.0_revised/Au/Au_pla_30475.jpg,0,0.2511494954427083,3,1,0.02,0.5
/content/drive/MyDrive/CV_Project/datasets/casia2/images/CASIA2.0_revised/Au/Au_pla_30476.jpg,0,0.0,3,1,0.02,0.5
/content/drive/MyDrive/CV_Project/datasets/casia2/images/CASIA2.0_revised/Au/Au_pla_30477.jpg,0,0.0692850748697916,3,1,0.02,0.5
/content/drive/MyDrive/CV_Project/datasets/casia2/images/CASIA2.0_revised/Au/Au_pla_30478.jpg,0,0.0,3,1,0.02,0.5
/content/drive/MyDrive/CV_Project/datasets/casia2/images/CASIA2.0_revised/Au/Au_pla_30479.jpg,0,0.0207926432291666,3,1,0.02,0.5
/content/drive/MyDrive/CV_Project/datasets/casia2/images/CASIA2.0_revised/Au/Au_pla_30480.jpg,0,0.0337320963541666,3,1,0.02,0.5
/content/drive/MyDrive/CV_Project/datasets/casia2/images/CASIA2.0_revised/Au/Au_pla_30481.jpg,0,0.0,3,1,0.02,0.5
/content/drive/MyDrive/CV_Project/datasets/casia2/images/CASIA2.0_revised/Au/Au_pla_30482.jpg,0,0.0226033528645833,3,1,0.02,0.5
/content/drive/MyDrive/CV_Project/datasets/casia2/images/CASIA2.0_revised/Au/Au_pla_30483.jpg,0,0.1308085123697916,3,1,0.02,0.5
/content/drive/MyDrive/CV_Project/datasets/casia2/images/CASIA2.0_revised/Au/Au_pla_30484.jpg,0,0.0594685872395833,3,1,0.02,0.5
/content/drive/MyDrive/CV_Project/datasets/casia2/images/CASIA2.0_revised/Au/Au_pla_30485.jpg,0,0.0655517578125,3,1,0.02,0.5
/content/drive/MyDrive/CV_Project/datasets/casia2/images/CASIA2.0_revised/Au/Au_pla_30486.jpg,0,0.0752360026041666,3,1,0.02,0.5
/content/drive/MyDrive/CV_Project/datasets/casia2/images/CASIA2.0_revised/Au/Au_pla_30487.jpg,0,0.1508076985677083,3,1,0.02,0.5
/content/drive/MyDrive/CV_Project/datasets/casia2/images/CASIA2.0_revised/Au/Au_pla_30488.jpg,0,0.0438028971354166,3,1,0.02,0.5
/content/drive/MyDrive/CV_Project/datasets/casia2/images/CASIA2.0_revised/Au/Au_pla_30489.jpg,0,0.0574239095052083,3,1,0.02,0.5
/content/drive/MyDrive/CV_Project/datasets/casia2/images/CASIA2.0_revised/Au/Au_pla_30490.jpg,0,0.126312255859375,3,1,0.02,0.5
/content/drive/MyDrive/CV_Project/datasets/casia2/images/CASIA2.0_revised/Au/Au_pla_30491.jpg,0,0.1888326009114583,3,1,0.02,0.5
/content/drive/MyDrive/CV_Project/datasets/casia2/images/CASIA2.0_revised/Au/Au_pla_30492.jpg,0,0.46728515625,3,1,0.02,0.5
/content/drive/MyDrive/CV_Project/datasets/casia2/images/CASIA2.0_revised/Au/Au_pla_30493.jpg,0,0.063201904296875,3,1,0.02,0.5
/content/drive/MyDrive/CV_Project/datasets/casia2/images/CASIA2.0_revised/Au/Au_pla_30494.jpg,0,0.0,3,1,0.02,0.5
/content/drive/MyDrive/CV_Project/datasets/casia2/images/CASIA2.0_revised/Au/Au_pla_30495.jpg,0,0.0,3,1,0.02,0.5
/content/drive/MyDrive/CV_Project/datasets/casia2/images/CASIA2.0_revised/Au/Au_pla_30496.jpg,0,0.0,3,1,0.02,0.5
/content/drive/MyDrive/CV_Project/datasets/casia2/images/CASIA2.0_revised/Au/Au_pla_30497.jpg,0,0.278228759765625,3,1,0.02,0.5
/content/drive/MyDrive/CV_Project/datasets/casia2/images/CASIA2.0_revised/Au/Au_pla_30498.jpg,0,0.0,3,1,0.02,0.5
/content/drive/MyDrive/CV_Project/datasets/casia2/images/CASIA2.0_revised/Au/Au_pla_30499.jpg,0,0.022674560546875,3,1,0.02,0.5
/content/drive/MyDrive/CV_Project/datasets/casia2/images/CASIA2.0_revised/Au/Au_pla_30500.jpg,0,0.0,3,1,0.02,0.5
/content/drive/MyDrive/CV_Project/datasets/casia2/images/CASIA2.0_revised/Au/Au_pla_30501.jpg,0,0.0,3,1,0.02,0.5
/content/drive/MyDrive/CV_Project/datasets/casia2/images/CASIA2.0_revised/Au/Au_pla_30502.jpg,0,0.4286600748697917,3,1,0.02,0.5
/content/drive/MyDrive/CV_Project/datasets/casia2/images/CASIA2.0_revised/Au/Au_pla_30503.jpg,0,0.0979817708333333,3,1,0.02,0.5
/content/drive/MyDrive/CV_Project/datasets/casia2/images/CASIA2.0_revised/Au/Au_pla_30504.jpg,0,0.0,3,1,0.02,0.5
/content/drive/MyDrive/CV_Project/datasets/casia2/images/CASIA2.0_revised/Au/Au_pla_30505.jpg,0,0.1379191080729166,3,1,0.02,0.5
/content/drive/MyDrive/CV_Project/datasets/casia2/images/CASIA2.0_revised/Au/Au_pla_30506.jpg,0,0.250823974609375,3,1,0.02,0.5
/content/drive/MyDrive/CV_Project/datasets/casia2/images/CASIA2.0_revised/Au/Au_pla_30507.jpg,0,0.18798828125,3,1,0.02,0.5
/content/drive/MyDrive/CV_Project/datasets/casia2/images/CASIA2.0_revised/Au/Au_pla_30508.jpg,0,0.1376749674479166,3,1,0.02,0.5
/content/drive/MyDrive/CV_Project/datasets/casia2/images/CASIA2.0_revised/Au/Au_pla_30509.jpg,0,0.16290283203125,3,1,0.02,0.5
/content/drive/MyDrive/CV_Project/datasets/casia2/images/CASIA2.0_revised/Au/Au_pla_30510.jpg,0,0.0,3,1,0.02,0.5
/content/drive/MyDrive/CV_Project/datasets/casia2/images/CASIA2.0_revised/Au/Au_pla_30511.jpg,0,0.1583455403645833,3,1,0.02,0.5
/content/drive/MyDrive/CV_Project/datasets/casia2/images/CASIA2.0_revised/Au/Au_pla_30512.jpg,0,0.0,3,1,0.02,0.5
/content/drive/MyDrive/CV_Project/datasets/casia2/images/CASIA2.0_revised/Au/Au_pla_30513.jpg,0,0.0570882161458333,3,1,0.02,0.5
/content/drive/MyDrive/CV_Project/datasets/casia2/images/CASIA2.0_revised/Au/Au_pla_30514.jpg,0,0.0442301432291666,3,1,0.02,0.5
/content/drive/MyDrive/CV_Project/datasets/casia2/images/CASIA2.0_revised/Au/Au_pla_30515.jpg,0,0.1633097330729166,3,1,0.02,0.5
/content/drive/MyDrive/CV_Project/datasets/casia2/images/CASIA2.0_revised/Au/Au_pla_30516.jpg,0,0.0,3,1,0.02,0.5
/content/drive/MyDrive/CV_Project/datasets/casia2/images/CASIA2.0_revised/Au/Au_pla_30517.jpg,0,0.2409261067708333,3,1,0.02,0.5
/content/drive/MyDrive/CV_Project/datasets/casia2/images/CASIA2.0_revised/Au/Au_pla_30518.jpg,0,0.0,3,1,0.02,0.5
/content/drive/MyDrive/CV_Project/datasets/casia2/images/CASIA2.0_revised/Au/Au_pla_30519.jpg,0,0.34735107421875,3,1,0.02,0.5
/content/drive/MyDrive/CV_Project/datasets/casia2/images/CASIA2.0_revised/Au/Au_pla_30520.jpg,0,0.024688720703125,3,1,0.02,0.5
/content/drive/MyDrive/CV_Project/datasets/casia2/images/CASIA2.0_revised/Au/Au_pla_30521.jpg,0,0.2239583333333333,3,1,0.02,0.5
/content/drive/MyDrive/CV_Project/datasets/casia2/images/CASIA2.0_revised/Au/Au_pla_30522.jpg,0,0.0,3,1,0.02,0.5
/content/drive/MyDrive/CV_Project/datasets/casia2/images/CASIA2.0_revised/Au/Au_pla_30523.jpg,0,0.0816141764322916,3,1,0.02,0.5
/content/drive/MyDrive/CV_Project/datasets/casia2/images/CASIA2.0_revised/Au/Au_pla_30524.jpg,0,0.267486572265625,3,1,0.02,0.5
/content/drive/MyDrive/CV_Project/datasets/casia2/images/CASIA2.0_revised/Au/Au_pla_30525.jpg,0,0.1956787109375,3,1,0.02,0.5
/content/drive/MyDrive/CV_Project/datasets/casia2/images/CASIA2.0_revised/Au/Au_pla_30526.jpg,0,0.1211954752604166,3,1,0.02,0.5
/content/drive/MyDrive/CV_Project/datasets/casia2/images/CASIA2.0_revised/Au/Au_pla_30527.jpg,0,0.4203694661458333,3,1,0.02,0.5
/content/drive/MyDrive/CV_Project/datasets/casia2/images/CASIA2.0_revised/Au/Au_pla_30528.jpg,0,0.2257893880208333,3,1,0.02,0.5
/content/drive/MyDrive/CV_Project/datasets/casia2/images/CASIA2.0_revised/Au/Au_pla_30529.jpg,0,0.1898701985677083,3,1,0.02,0.5
/content/drive/MyDrive/CV_Project/datasets/casia2/images/CASIA2.0_revised/Au/Au_pla_30530.jpg,0,0.0,3,1,0.02,0.5
/content/drive/MyDrive/CV_Project/datasets/casia2/images/CASIA2.0_revised/Au/Au_pla_30531.jpg,0,0.3285725911458333,3,1,0.02,0.5
/content/drive/MyDrive/CV_Project/datasets/casia2/images/CASIA2.0_revised/Au/Au_pla_30532.jpg,0,0.38525390625,3,1,0.02,0.5
/content/drive/MyDrive/CV_Project/datasets/casia2/images/CASIA2.0_revised/Au/Au_pla_30533.jpg,0,0.0,3,1,0.02,0.5
/content/drive/MyDrive/CV_Project/datasets/casia2/images/CASIA2.0_revised/Au/Au_pla_30534.jpg,0,0.2690022786458333,3,1,0.02,0.5
/content/drive/MyDrive/CV_Project/datasets/casia2/images/CASIA2.0_revised/Au/Au_pla_30535.jpg,0,0.075103759765625,3,1,0.02,0.5
/content/drive/MyDrive/CV_Project/datasets/casia2/images/CASIA2.0_revised/Au/Au_pla_30536.jpg,0,0.0567830403645833,3,1,0.02,0.5
/content/drive/MyDrive/CV_Project/datasets/casia2/images/CASIA2.0_revised/Au/Au_pla_30537.jpg,0,0.269256591796875,3,1,0.02,0.5
/content/drive/MyDrive/CV_Project/datasets/casia2/images/CASIA2.0_revised/Au/Au_pla_30538.jpg,0,0.1339009602864583,3,1,0.02,0.5
/content/drive/MyDrive/CV_Project/datasets/casia2/images/CASIA2.0_revised/Au/Au_pla_30539.jpg,0,0.0631001790364583,3,1,0.02,0.5
/content/drive/MyDrive/CV_Project/datasets/casia2/images/CASIA2.0_revised/Au/Au_pla_30540.jpg,0,0.035980224609375,3,1,0.02,0.5
/content/drive/MyDrive/CV_Project/datasets/casia2/images/CASIA2.0_revised/Au/Au_pla_30541.jpg,0,0.2970784505208333,3,1,0.02,0.5
/content/drive/MyDrive/CV_Project/datasets/casia2/images/CASIA2.0_revised/Au/Au_pla_30542.jpg,0,0.075897216796875,3,1,0.02,0.5
/content/drive/MyDrive/CV_Project/datasets/casia2/images/CASIA2.0_revised/Au/Au_pla_30543.jpg,0,0.10595703125,3,1,0.02,0.5
/content/drive/MyDrive/CV_Project/datasets/casia2/images/CASIA2.0_revised/Au/Au_pla_30544.jpg,0,0.0,3,1,0.02,0.5
/content/drive/MyDrive/CV_Project/datasets/casia2/images/CASIA2.0_revised/Au/Au_pla_30545.jpg,0,0.1167093912760416,3,1,0.02,0.5
/content/drive/MyDrive/CV_Project/datasets/casia2/images/CASIA2.0_revised/Au/Au_pla_30546.jpg,0,0.5182088216145834,3,1,0.02,0.5
/content/drive/MyDrive/CV_Project/datasets/casia2/images/CASIA2.0_revised/Au/Au_pla_30547.jpg,0,0.0548604329427083,3,1,0.02,0.5
/content/drive/MyDrive/CV_Project/datasets/casia2/images/CASIA2.0_revised/Au/Au_pla_30548.jpg,0,0.0,3,1,0.02,0.5
/content/drive/MyDrive/CV_Project/datasets/casia2/images/CASIA2.0_revised/Au/Au_pla_30549.jpg,0,0.025238037109375,3,1,0.02,0.5
/content/drive/MyDrive/CV_Project/datasets/casia2/images/CASIA2.0_revised/Au/Au_pla_30550.jpg,0,0.1455790201822916,3,1,0.02,0.5
/content/drive/MyDrive/CV_Project/datasets/casia2/images/CASIA2.0_revised/Au/Au_pla_30551.jpg,0,0.1364339192708333,3,1,0.02,0.5
/content/drive/MyDrive/CV_Project/datasets/casia2/images/CASIA2.0_revised/Au/Au_pla_30552.jpg,0,0.1582845052083333,3,1,0.02,0.5
/content/drive/MyDrive/CV_Project/datasets/casia2/images/CASIA2.0_revised/Au/Au_pla_30553.jpg,0,0.1888631184895833,3,1,0.02,0.5
/content/drive/MyDrive/CV_Project/datasets/casia2/images/CASIA2.0_revised/Au/Au_pla_30554.jpg,0,0.2088724772135416,3,1,0.02,0.5
/content/drive/MyDrive/CV_Project/datasets/casia2/images/CASIA2.0_revised/Au/Au_pla_30555.jpg,0,0.0,3,1,0.02,0.5
/content/drive/MyDrive/CV_Project/datasets/casia2/images/CASIA2.0_revised/Au/Au_pla_30556.jpg,0,0.0,3,1,0.02,0.5
/content/drive/MyDrive/CV_Project/datasets/casia2/images/CASIA2.0_revised/Au/Au_pla_30557.jpg,0,0.2637736002604167,3,1,0.02,0.5
/content/drive/MyDrive/CV_Project/datasets/casia2/images/CASIA2.0_revised/Au/Au_pla_30558.jpg,0,0.6934000651041666,3,1,0.02,0.5
/content/drive/MyDrive/CV_Project/datasets/casia2/images/CASIA2.0_revised/Au/Au_pla_30559.jpg,0,0.1952616373697916,3,1,0.02,0.5
/content/drive/MyDrive/CV_Project/datasets/casia2/images/CASIA2.0_revised/Au/Au_pla_30560.jpg,0,0.483367919921875,3,1,0.02,0.5
/content/drive/MyDrive/CV_Project/datasets/casia2/images/CASIA2.0_revised/Au/Au_pla_30561.jpg,0,0.0334879557291666,3,1,0.02,0.5
/content/drive/MyDrive/CV_Project/datasets/casia2/images/CASIA2.0_revised/Au/Au_pla_30562.jpg,0,0.1844380696614583,3,1,0.02,0.5
/content/drive/MyDrive/CV_Project/datasets/casia2/images/CASIA2.0_revised/Au/Au_pla_30563.jpg,0,0.08966064453125,3,1,0.02,0.5
/content/drive/MyDrive/CV_Project/datasets/casia2/images/CASIA2.0_revised/Au/Au_pla_30564.jpg,0,0.051025390625,3,1,0.02,0.5
/content/drive/MyDrive/CV_Project/datasets/casia2/images/CASIA2.0_revised/Au/Au_pla_30565.jpg,0,0.0,3,1,0.02,0.5
/content/drive/MyDrive/CV_Project/datasets/casia2/images/CASIA2.0_revised/Au/Au_pla_30566.jpg,0,0.0,3,1,0.02,0.5
/content/drive/MyDrive/CV_Project/datasets/casia2/images/CASIA2.0_revised/Au/Au_pla_30567.jpg,0,0.3395589192708333,3,1,0.02,0.5
/content/drive/MyDrive/CV_Project/datasets/casia2/images/CASIA2.0_revised/Au/Au_pla_30568.jpg,0,0.02899169921875,3,1,0.02,0.5
/content/drive/MyDrive/CV_Project/datasets/casia2/images/CASIA2.0_revised/Au/Au_pla_30569.jpg,0,0.102783203125,3,1,0.02,0.5
/content/drive/MyDrive/CV_Project/datasets/casia2/images/CASIA2.0_revised/Au/Au_pla_30570.jpg,0,0.0923970540364583,3,1,0.02,0.5
/content/drive/MyDrive/CV_Project/datasets/casia2/images/CASIA2.0_revised/Au/Au_pla_30571.jpg,0,0.1231486002604166,3,1,0.02,0.5
/content/drive/MyDrive/CV_Project/datasets/casia2/images/CASIA2.0_revised/Au/Au_pla_30572.jpg,0,0.0,3,1,0.02,0.5
/content/drive/MyDrive/CV_Project/datasets/casia2/images/CASIA2.0_revised/Au/Au_pla_30573.jpg,0,0.0,3,1,0.02,0.5
/content/drive/MyDrive/CV_Project/datasets/casia2/images/CASIA2.0_revised/Au/Au_pla_30574.jpg,0,0.0,3,1,0.02,0.5
/content/drive/MyDrive/CV_Project/datasets/casia2/images/CASIA2.0_revised/Au/Au_pla_30575.jpg,0,0.2567138671875,3,1,0.02,0.5
/content/drive/MyDrive/CV_Project/datasets/casia2/images/CASIA2.0_revised/Au/Au_pla_30576.jpg,0,0.0312703450520833,3,1,0.02,0.5
/content/drive/MyDrive/CV_Project/datasets/casia2/images/CASIA2.0_revised/Au/Au_pla_30577.jpg,0,0.0,3,1,0.02,0.5
/content/drive/MyDrive/CV_Project/datasets/casia2/images/CASIA2.0_revised/Au/Au_pla_30578.jpg,0,0.1525675455729166,3,1,0.02,0.5
/content/drive/MyDrive/CV_Project/datasets/casia2/images/CASIA2.0_revised/Au/Au_pla_30579.jpg,0,0.0,3,1,0.02,0.5
/content/drive/MyDrive/CV_Project/datasets/casia2/images/CASIA2.0_revised/Au/Au_pla_30580.jpg,0,0.0489603678385416,3,1,0.02,0.5
/content/drive/MyDrive/CV_Project/datasets/casia2/images/CASIA2.0_revised/Au/Au_pla_30581.jpg,0,0.0918782552083333,3,1,0.02,0.5
/content/drive/MyDrive/CV_Project/datasets/casia2/images/CASIA2.0_revised/Au/Au_pla_30582.jpg,0,0.0,3,1,0.02,0.5
/content/drive/MyDrive/CV_Project/datasets/casia2/images/CASIA2.0_revised/Au/Au_pla_30583.jpg,0,0.0,3,1,0.02,0.5
/content/drive/MyDrive/CV_Project/datasets/casia2/images/CASIA2.0_revised/Au/Au_pla_30584.jpg,0,0.29315185546875,3,1,0.02,0.5
/content/drive/MyDrive/CV_Project/datasets/casia2/images/CASIA2.0_revised/Au/Au_pla_30585.jpg,0,0.1083780924479166,3,1,0.02,0.5
/content/drive/MyDrive/CV_Project/datasets/casia2/images/CASIA2.0_revised/Au/Au_pla_30586.jpg,0,0.0944010416666666,3,1,0.02,0.5
/content/drive/MyDrive/CV_Project/datasets/casia2/images/CASIA2.0_revised/Au/Au_pla_30587.jpg,0,0.0,3,1,0.02,0.5
/content/drive/MyDrive/CV_Project/datasets/casia2/images/CASIA2.0_revised/Au/Au_pla_30588.jpg,0,0.165863037109375,3,1,0.02,0.5
/content/drive/MyDrive/CV_Project/datasets/casia2/images/CASIA2.0_revised/Au/Au_pla_30589.jpg,0,0.0245768229166666,3,1,0.02,0.5
/content/drive/MyDrive/CV_Project/datasets/casia2/images/CASIA2.0_revised/Au/Au_pla_30590.jpg,0,0.0,3,1,0.02,0.5
/content/drive/MyDrive/CV_Project/datasets/casia2/images/CASIA2.0_revised/Au/Au_pla_30591.jpg,0,0.0,3,1,0.02,0.5
/content/drive/MyDrive/CV_Project/datasets/casia2/images/CASIA2.0_revised/Au/Au_pla_30592.jpg,0,0.0386962890625,3,1,0.02,0.5
/content/drive/MyDrive/CV_Project/datasets/casia2/images/CASIA2.0_revised/Au/Au_pla_30593.jpg,0,0.1249491373697916,3,1,0.02,0.5
/content/drive/MyDrive/CV_Project/datasets/casia2/images/CASIA2.0_revised/Au/Au_pla_30594.jpg,0,0.2267354329427083,3,1,0.02,0.5
/content/drive/MyDrive/CV_Project/datasets/casia2/images/CASIA2.0_revised/Au/Au_pla_30595.jpg,0,0.1610310872395833,3,1,0.02,0.5
/content/drive/MyDrive/CV_Project/datasets/casia2/images/CASIA2.0_revised/Au/Au_pla_30596.jpg,0,0.3599955240885417,3,1,0.02,0.5
/content/drive/MyDrive/CV_Project/datasets/casia2/images/CASIA2.0_revised/Au/Au_pla_30597.jpg,0,0.0,3,1,0.02,0.5
/content/drive/MyDrive/CV_Project/datasets/casia2/images/CASIA2.0_revised/Au/Au_pla_30598.jpg,0,0.123321533203125,3,1,0.02,0.5
/content/drive/MyDrive/CV_Project/datasets/casia2/images/CASIA2.0_revised/Au/Au_pla_30599.jpg,0,0.1060282389322916,3,1,0.02,0.5
/content/drive/MyDrive/CV_Project/datasets/casia2/images/CASIA2.0_revised/Au/Au_pla_30600.jpg,0,0.05712890625,3,1,0.02,0.5
/content/drive/MyDrive/CV_Project/datasets/casia2/images/CASIA2.0_revised/Au/Au_pla_30601.jpg,0,0.0892435709635416,3,1,0.02,0.5
/content/drive/MyDrive/CV_Project/datasets/casia2/images/CASIA2.0_revised/Au/Au_pla_30602.jpg,0,0.3614298502604167,3,1,0.02,0.5
/content/drive/MyDrive/CV_Project/datasets/casia2/images/CASIA2.0_revised/Au/Au_pla_30603.jpg,0,0.032073974609375,3,1,0.02,0.5
/content/drive/MyDrive/CV_Project/datasets/casia2/images/CASIA2.0_revised/Au/Au_pla_30604.jpg,0,0.1191202799479166,3,1,0.02,0.5
/content/drive/MyDrive/CV_Project/datasets/casia2/images/CASIA2.0_revised/Au/Au_pla_30605.jpg,0,0.0,3,1,0.02,0.5
/content/drive/MyDrive/CV_Project/datasets/casia2/images/CASIA2.0_revised/Au/Au_pla_30606.jpg,0,0.0236307779947916,3,1,0.02,0.5
/content/drive/MyDrive/CV_Project/datasets/casia2/images/CASIA2.0_revised/Au/Au_pla_30607.jpg,0,0.0,3,1,0.02,0.5
/content/drive/MyDrive/CV_Project/datasets/casia2/images/CASIA2.0_revised/Au/Au_pla_30608.jpg,0,0.2858479817708333,3,1,0.02,0.5
/content/drive/MyDrive/CV_Project/datasets/casia2/images/CASIA2.0_revised/Au/Au_pla_30609.jpg,0,0.4932657877604167,3,1,0.02,0.5
/content/drive/MyDrive/CV_Project/datasets/casia2/images/CASIA2.0_revised/Au/Au_pla_30610.jpg,0,0.4945271809895833,3,1,0.02,0.5
/content/drive/MyDrive/CV_Project/datasets/casia2/images/CASIA2.0_revised/Au/Au_pla_30611.jpg,0,0.0,3,1,0.02,0.5
/content/drive/MyDrive/CV_Project/datasets/casia2/images/CASIA2.0_revised/Au/Au_pla_30612.jpg,0,0.42474365234375,3,1,0.02,0.5
/content/drive/MyDrive/CV_Project/datasets/casia2/images/CASIA2.0_revised/Au/Au_pla_30613.jpg,0,0.47265625,3,1,0.02,0.5
/content/drive/MyDrive/CV_Project/datasets/casia2/images/CASIA2.0_revised/Au/Au_pla_30614.jpg,0,0.6266682942708334,3,1,0.02,0.5
/content/drive/MyDrive/CV_Project/datasets/casia2/images/CASIA2.0_revised/Au/Au_pla_30615.jpg,0,0.5435892740885416,3,1,0.02,0.5
/content/drive/MyDrive/CV_Project/datasets/casia2/images/CASIA2.0_revised/Au/Au_pla_30616.jpg,0,0.3150431315104167,3,1,0.02,0.5
/content/drive/MyDrive/CV_Project/datasets/casia2/images/CASIA2.0_revised/Au/Au_pla_30617.jpg,0,0.9749043782552084,3,1,0.02,0.5
/content/drive/MyDrive/CV_Project/datasets/casia2/images/CASIA2.0_revised/Au/Au_pla_30618.jpg,0,0.0,3,1,0.02,0.5
/content/drive/MyDrive/CV_Project/datasets/casia2/images/CASIA2.0_revised/Au/Au_pla_30619.jpg,0,0.493499755859375,3,1,0.02,0.5
/content/drive/MyDrive/CV_Project/datasets/casia2/images/CASIA2.0_revised/Au/Au_pla_30620.jpg,0,0.0,3,1,0.02,0.5
/content/drive/MyDrive/CV_Project/datasets/casia2/images/CASIA2.0_revised/Au/Au_pla_30621.jpg,0,0.1189066569010416,3,1,0.02,0.5
/content/drive/MyDrive/CV_Project/datasets/casia2/images/CASIA2.0_revised/Au/Au_pla_30622.jpg,0,0.4422709147135417,3,1,0.02,0.5
/content/drive/MyDrive/CV_Project/datasets/casia2/images/CASIA2.0_revised/Au/Au_pla_30623.jpg,0,0.4533793131510417,3,1,0.02,0.5
/content/drive/MyDrive/CV_Project/datasets/casia2/images/CASIA2.0_revised/Au/Au_pla_30624.jpg,0,0.9765726725260416,3,1,0.02,0.5
/content/drive/MyDrive/CV_Project/datasets/casia2/images/CASIA2.0_revised/Au/Au_pla_30625.jpg,0,0.9855753580729166,3,1,0.02,0.5
/content/drive/MyDrive/CV_Project/datasets/casia2/images/CASIA2.0_revised/Au/Au_pla_30626.jpg,0,0.0,3,1,0.02,0.5
/content/drive/MyDrive/CV_Project/datasets/casia2/images/CASIA2.0_revised/Au/Au_pla_30627.jpg,0,0.1398111979166666,3,1,0.02,0.5
/content/drive/MyDrive/CV_Project/datasets/casia2/images/CASIA2.0_revised/Au/Au_pla_30628.jpg,0,0.9771931966145834,3,1,0.02,0.5
/content/drive/MyDrive/CV_Project/datasets/casia2/images/CASIA2.0_revised/Au/Au_pla_30629.jpg,0,0.4647928873697917,3,1,0.02,0.5
/content/drive/MyDrive/CV_Project/datasets/casia2/images/CASIA2.0_revised/Au/Au_pla_30630.jpg,0,0.2079060872395833,3,1,0.02,0.5
/content/drive/MyDrive/CV_Project/datasets/casia2/images/CASIA2.0_revised/Au/Au_pla_30631.jpg,0,0.43365478515625,3,1,0.02,0.5
/content/drive/MyDrive/CV_Project/datasets/casia2/images/CASIA2.0_revised/Au/Au_pla_30632.jpg,0,0.6361490885416666,3,1,0.02,0.5
/content/drive/MyDrive/CV_Project/datasets/casia2/images/CASIA2.0_revised/Au/Au_pla_30633.jpg,0,0.2318827311197916,3,1,0.02,0.5
/content/drive/MyDrive/CV_Project/datasets/casia2/images/CASIA2.0_revised/Au/Au_pla_30634.jpg,0,0.7136128743489584,3,1,0.02,0.5
/content/drive/MyDrive/CV_Project/datasets/casia2/images/CASIA2.0_revised/Au/Au_pla_30635.jpg,0,0.977020263671875,3,1,0.02,0.5
/content/drive/MyDrive/CV_Project/datasets/casia2/images/CASIA2.0_revised/Au/Au_pla_30636.jpg,0,0.1031494140625,3,1,0.02,0.5
/content/drive/MyDrive/CV_Project/datasets/casia2/images/CASIA2.0_revised/Au/Au_pla_30637.jpg,0,0.0432332356770833,3,1,0.02,0.5
/content/drive/MyDrive/CV_Project/datasets/casia2/images/CASIA2.0_revised/Au/Au_pla_30638.jpg,0,0.457305908203125,3,1,0.02,0.5
/content/drive/MyDrive/CV_Project/datasets/casia2/images/CASIA2.0_revised/Au/Au_pla_30639.jpg,0,0.1128133138020833,3,1,0.02,0.5
/content/drive/MyDrive/CV_Project/datasets/casia2/images/CASIA2.0_revised/Au/Au_pla_30640.jpg,0,0.851593017578125,3,1,0.02,0.5
/content/drive/MyDrive/CV_Project/datasets/casia2/images/CASIA2.0_revised/Au/Au_pla_30641.jpg,0,0.0,3,1,0.02,0.5
/content/drive/MyDrive/CV_Project/datasets/casia2/images/CASIA2.0_revised/Au/Au_pla_30642.jpg,0,0.7892964680989584,3,1,0.02,0.5
/content/drive/MyDrive/CV_Project/datasets/casia2/images/CASIA2.0_revised/Au/Au_pla_30643.jpg,0,0.392822265625,3,1,0.02,0.5
/content/drive/MyDrive/CV_Project/datasets/casia2/images/CASIA2.0_revised/Au/Au_pla_30644.jpg,0,0.173675537109375,3,1,0.02,0.5
/content/drive/MyDrive/CV_Project/datasets/casia2/images/CASIA2.0_revised/Au/Au_pla_30645.jpg,0,0.4210001627604167,3,1,0.02,0.5
/content/drive/MyDrive/CV_Project/datasets/casia2/images/CASIA2.0_revised/Au/Au_pla_30646.jpg,0,0.44818115234375,3,1,0.02,0.5
/content/drive/MyDrive/CV_Project/datasets/casia2/images/CASIA2.0_revised/Au/Au_pla_30647.jpg,0,0.3102518717447917,3,1,0.02,0.5
/content/drive/MyDrive/CV_Project/datasets/casia2/images/CASIA2.0_revised/Au/Au_pla_30648.jpg,0,0.4004720052083333,3,1,0.02,0.5
/content/drive/MyDrive/CV_Project/datasets/casia2/images/CASIA2.0_revised/Au/Au_pla_30649.jpg,0,0.1257832845052083,3,1,0.02,0.5
/content/drive/MyDrive/CV_Project/datasets/casia2/images/CASIA2.0_revised/Au/Au_pla_30650.jpg,0,0.9645589192708334,3,1,0.02,0.5
/content/drive/MyDrive/CV_Project/datasets/casia2/images/CASIA2.0_revised/Au/Au_pla_30651.jpg,0,0.4665730794270833,3,1,0.02,0.5
/content/drive/MyDrive/CV_Project/datasets/casia2/images/CASIA2.0_revised/Au/Au_pla_30652.jpg,0,0.38189697265625,3,1,0.02,0.5
/content/drive/MyDrive/CV_Project/datasets/casia2/images/CASIA2.0_revised/Au/Au_pla_30653.jpg,0,0.0,3,1,0.02,0.5
/content/drive/MyDrive/CV_Project/datasets/casia2/images/CASIA2.0_revised/Au/Au_pla_30654.jpg,0,0.6258544921875,3,1,0.02,0.5
/content/drive/MyDrive/CV_Project/datasets/casia2/images/CASIA2.0_revised/Au/Au_pla_30655.jpg,0,0.1953837076822916,3,1,0.02,0.5
/content/drive/MyDrive/CV_Project/datasets/casia2/images/CASIA2.0_revised/Au/Au_pla_30656.jpg,0,0.3044026692708333,3,1,0.02,0.5
/content/drive/MyDrive/CV_Project/datasets/casia2/images/CASIA2.0_revised/Au/Au_pla_30657.jpg,0,0.9145914713541666,3,1,0.02,0.5
/content/drive/MyDrive/CV_Project/datasets/casia2/images/CASIA2.0_revised/Au/Au_pla_30658.jpg,0,0.0745849609375,3,1,0.02,0.5
/content/drive/MyDrive/CV_Project/datasets/casia2/images/CASIA2.0_revised/Au/Au_pla_30659.jpg,0,0.6576436360677084,3,1,0.02,0.5
/content/drive/MyDrive/CV_Project/datasets/casia2/images/CASIA2.0_revised/Au/Au_pla_30660.jpg,0,0.5860595703125,3,1,0.02,0.5
/content/drive/MyDrive/CV_Project/datasets/casia2/images/CASIA2.0_revised/Au/Au_pla_30661.jpg,0,0.5121866861979166,3,1,0.02,0.5
/content/drive/MyDrive/CV_Project/datasets/casia2/images/CASIA2.0_revised/Au/Au_pla_30662.jpg,0,0.6740214029947916,3,1,0.02,0.5
/content/drive/MyDrive/CV_Project/datasets/casia2/images/CASIA2.0_revised/Au/Au_pla_30663.jpg,0,0.3563639322916667,3,1,0.02,0.5
/content/drive/MyDrive/CV_Project/datasets/casia2/images/CASIA2.0_revised/Au/Au_pla_30664.jpg,0,0.1998291015625,3,1,0.02,0.5
/content/drive/MyDrive/CV_Project/datasets/casia2/images/CASIA2.0_revised/Au/Au_pla_30665.jpg,0,0.1770222981770833,3,1,0.02,0.5
/content/drive/MyDrive/CV_Project/datasets/casia2/images/CASIA2.0_revised/Au/Au_pla_30666.jpg,0,0.8596598307291666,3,1,0.02,0.5
/content/drive/MyDrive/CV_Project/datasets/casia2/images/CASIA2.0_revised/Au/Au_pla_30667.jpg,0,0.0,3,1,0.02,0.5
/content/drive/MyDrive/CV_Project/datasets/casia2/images/CASIA2.0_revised/Au/Au_pla_30668.jpg,0,0.0,3,1,0.02,0.5
/content/drive/MyDrive/CV_Project/datasets/casia2/images/CASIA2.0_revised/Au/Au_pla_30669.jpg,0,0.0,3,1,0.02,0.5
/content/drive/MyDrive/CV_Project/datasets/casia2/images/CASIA2.0_revised/Au/Au_pla_30670.jpg,0,0.0,3,1,0.02,0.5
/content/drive/MyDrive/CV_Project/datasets/casia2/images/CASIA2.0_revised/Au/Au_pla_30671.jpg,0,0.874176025390625,3,1,0.02,0.5
/content/drive/MyDrive/CV_Project/datasets/casia2/images/CASIA2.0_revised/Au/Au_pla_30672.jpg,0,0.06787109375,3,1,0.02,0.5
/content/drive/MyDrive/CV_Project/datasets/casia2/images/CASIA2.0_revised/Au/Au_pla_30673.jpg,0,0.43109130859375,3,1,0.02,0.5
/content/drive/MyDrive/CV_Project/datasets/casia2/images/CASIA2.0_revised/Au/Au_pla_30674.jpg,0,0.054290771484375,3,1,0.02,0.5
/content/drive/MyDrive/CV_Project/datasets/casia2/images/CASIA2.0_revised/Au/Au_pla_30675.jpg,0,0.0,3,1,0.02,0.5
/content/drive/MyDrive/CV_Project/datasets/casia2/images/CASIA2.0_revised/Au/Au_pla_30676.jpg,0,0.0,3,1,0.02,0.5
/content/drive/MyDrive/CV_Project/datasets/casia2/images/CASIA2.0_revised/Au/Au_pla_30677.jpg,0,0.138153076171875,3,1,0.02,0.5
/content/drive/MyDrive/CV_Project/datasets/casia2/images/CASIA2.0_revised/Au/Au_pla_30678.jpg,0,0.32183837890625,3,1,0.02,0.5
/content/drive/MyDrive/CV_Project/datasets/casia2/images/CASIA2.0_revised/Au/Au_pla_30679.jpg,0,0.475067138671875,3,1,0.02,0.5
/content/drive/MyDrive/CV_Project/datasets/casia2/images/CASIA2.0_revised/Au/Au_pla_30680.jpg,0,0.3361918131510417,3,1,0.02,0.5
/content/drive/MyDrive/CV_Project/datasets/casia2/images/CASIA2.0_revised/Au/Au_pla_30681.jpg,0,0.4189046223958333,3,1,0.02,0.5
/content/drive/MyDrive/CV_Project/datasets/casia2/images/CASIA2.0_revised/Au/Au_pla_30682.jpg,0,0.0,3,1,0.02,0.5
/content/drive/MyDrive/CV_Project/datasets/casia2/images/CASIA2.0_revised/Au/Au_pla_30683.jpg,0,0.036865234375,3,1,0.02,0.5
/content/drive/MyDrive/CV_Project/datasets/casia2/images/CASIA2.0_revised/Au/Au_pla_30684.jpg,0,0.69329833984375,3,1,0.02,0.5
/content/drive/MyDrive/CV_Project/datasets/casia2/images/CASIA2.0_revised/Au/Au_pla_30685.jpg,0,0.5358072916666666,3,1,0.02,0.5
/content/drive/MyDrive/CV_Project/datasets/casia2/images/CASIA2.0_revised/Au/Au_pla_30686.jpg,0,0.398406982421875,3,1,0.02,0.5
/content/drive/MyDrive/CV_Project/datasets/casia2/images/CASIA2.0_revised/Au/Au_pla_30687.jpg,0,0.6864420572916666,3,1,0.02,0.5
/content/drive/MyDrive/CV_Project/datasets/casia2/images/CASIA2.0_revised/Au/Au_pla_30688.jpg,0,0.0,3,1,0.02,0.5
/content/drive/MyDrive/CV_Project/datasets/casia2/images/CASIA2.0_revised/Au/Au_pla_30689.jpg,0,0.0,3,1,0.02,0.5
/content/drive/MyDrive/CV_Project/datasets/casia2/images/CASIA2.0_revised/Au/Au_pla_30690.jpg,0,0.4815673828125,3,1,0.02,0.5
/content/drive/MyDrive/CV_Project/datasets/casia2/images/CASIA2.0_revised/Au/Au_pla_30691.jpg,0,0.4980367024739583,3,1,0.02,0.5
/content/drive/MyDrive/CV_Project/datasets/casia2/images/CASIA2.0_revised/Au/Au_pla_30692.jpg,0,0.1485799153645833,3,1,0.02,0.5
/content/drive/MyDrive/CV_Project/datasets/casia2/images/CASIA2.0_revised/Au/Au_pla_30693.jpg,0,0.7092081705729166,3,1,0.02,0.5
/content/drive/MyDrive/CV_Project/datasets/casia2/images/CASIA2.0_revised/Au/Au_pla_30694.jpg,0,0.0,3,1,0.02,0.5
/content/drive/MyDrive/CV_Project/datasets/casia2/images/CASIA2.0_revised/Au/Au_pla_30695.jpg,0,0.0,3,1,0.02,0.5
/content/drive/MyDrive/CV_Project/datasets/casia2/images/CASIA2.0_revised/Au/Au_pla_30696.jpg,0,0.0,3,1,0.02,0.5
/content/drive/MyDrive/CV_Project/datasets/casia2/images/CASIA2.0_revised/Au/Au_pla_30697.jpg,0,0.0,3,1,0.02,0.5
/content/drive/MyDrive/CV_Project/datasets/casia2/images/CASIA2.0_revised/Au/Au_pla_30698.jpg,0,0.2333272298177083,3,1,0.02,0.5
/content/drive/MyDrive/CV_Project/datasets/casia2/images/CASIA2.0_revised/Au/Au_pla_30699.jpg,0,0.5809224446614584,3,1,0.02,0.5
/content/drive/MyDrive/CV_Project/datasets/casia2/images/CASIA2.0_revised/Au/Au_pla_30700.jpg,0,0.4612019856770833,3,1,0.02,0.5
/content/drive/MyDrive/CV_Project/datasets/casia2/images/CASIA2.0_revised/Au/Au_pla_30701.jpg,0,0.3615519205729167,3,1,0.02,0.5
/content/drive/MyDrive/CV_Project/datasets/casia2/images/CASIA2.0_revised/Au/Au_pla_30702.jpg,0,0.0242106119791666,3,1,0.02,0.5
/content/drive/MyDrive/CV_Project/datasets/casia2/images/CASIA2.0_revised/Au/Au_pla_30703.jpg,0,0.0,3,1,0.02,0.5
/content/drive/MyDrive/CV_Project/datasets/casia2/images/CASIA2.0_revised/Au/Au_pla_30704.jpg,0,0.0,3,1,0.02,0.5
/content/drive/MyDrive/CV_Project/datasets/casia2/images/CASIA2.0_revised/Au/Au_pla_30705.jpg,0,0.3358662923177083,3,1,0.02,0.5
/content/drive/MyDrive/CV_Project/datasets/casia2/images/CASIA2.0_revised/Au/Au_pla_30706.jpg,0,0.0268046061197916,3,1,0.02,0.5
/content/drive/MyDrive/CV_Project/datasets/casia2/images/CASIA2.0_revised/Au/Au_pla_30707.jpg,0,0.0,3,1,0.02,0.5
/content/drive/MyDrive/CV_Project/datasets/casia2/images/CASIA2.0_revised/Au/Au_pla_30708.jpg,0,0.0,3,1,0.02,0.5
/content/drive/MyDrive/CV_Project/datasets/casia2/images/CASIA2.0_revised/Au/Au_pla_30709.jpg,0,0.22235107421875,3,1,0.02,0.5
/content/drive/MyDrive/CV_Project/datasets/casia2/images/CASIA2.0_revised/Au/Au_pla_30710.jpg,0,0.0,3,1,0.02,0.5
/content/drive/MyDrive/CV_Project/datasets/casia2/images/CASIA2.0_revised/Au/Au_pla_30711.jpg,0,0.0,3,1,0.02,0.5
/content/drive/MyDrive/CV_Project/datasets/casia2/images/CASIA2.0_revised/Au/Au_pla_30712.jpg,0,0.0,3,1,0.02,0.5
/content/drive/MyDrive/CV_Project/datasets/casia2/images/CASIA2.0_revised/Au/Au_pla_30713.jpg,0,0.0,3,1,0.02,0.5
/content/drive/MyDrive/CV_Project/datasets/casia2/images/CASIA2.0_revised/Au/Au_pla_30714.jpg,0,0.0,3,1,0.02,0.5
/content/drive/MyDrive/CV_Project/datasets/casia2/images/CASIA2.0_revised/Au/Au_pla_30715.jpg,0,0.3831787109375,3,1,0.02,0.5
/content/drive/MyDrive/CV_Project/datasets/casia2/images/CASIA2.0_revised/Au/Au_pla_30716.jpg,0,0.0,3,1,0.02,0.5
/content/drive/MyDrive/CV_Project/datasets/casia2/images/CASIA2.0_revised/Au/Au_pla_30717.jpg,0,0.062225341796875,3,1,0.02,0.5
/content/drive/MyDrive/CV_Project/datasets/casia2/images/CASIA2.0_revised/Au/Au_pla_30718.jpg,0,0.0,3,1,0.02,0.5
/content/drive/MyDrive/CV_Project/datasets/casia2/images/CASIA2.0_revised/Au/Au_pla_30719.jpg,0,0.0,3,1,0.02,0.5
/content/drive/MyDrive/CV_Project/datasets/casia2/images/CASIA2.0_revised/Au/Au_pla_30720.jpg,0,0.2962137858072917,3,1,0.02,0.5
/content/drive/MyDrive/CV_Project/datasets/casia2/images/CASIA2.0_revised/Au/Au_pla_30721.jpg,0,0.4205830891927083,3,1,0.02,0.5
/content/drive/MyDrive/CV_Project/datasets/casia2/images/CASIA2.0_revised/Au/Au_pla_30722.jpg,0,0.2289835611979166,3,1,0.02,0.5
/content/drive/MyDrive/CV_Project/datasets/casia2/images/CASIA2.0_revised/Au/Au_pla_30723.jpg,0,0.2821553548177083,3,1,0.02,0.5
/content/drive/MyDrive/CV_Project/datasets/casia2/images/CASIA2.0_revised/Au/Au_pla_30724.jpg,0,0.0,3,1,0.02,0.5
/content/drive/MyDrive/CV_Project/datasets/casia2/images/CASIA2.0_revised/Au/Au_pla_30725.jpg,0,0.0,3,1,0.02,0.5
/content/drive/MyDrive/CV_Project/datasets/casia2/images/CASIA2.0_revised/Au/Au_pla_30726.jpg,0,0.0,3,1,0.02,0.5
/content/drive/MyDrive/CV_Project/datasets/casia2/images/CASIA2.0_revised/Au/Au_pla_30727.jpg,0,0.071014404296875,3,1,0.02,0.5
/content/drive/MyDrive/CV_Project/datasets/casia2/images/CASIA2.0_revised/Au/Au_pla_30728.jpg,0,0.0,3,1,0.02,0.5
/content/drive/MyDrive/CV_Project/datasets/casia2/images/CASIA2.0_revised/Au/Au_pla_30729.jpg,0,0.291015625,3,1,0.02,0.5
/content/drive/MyDrive/CV_Project/datasets/casia2/images/CASIA2.0_revised/Au/Au_pla_30730.jpg,0,0.0,3,1,0.02,0.5
/content/drive/MyDrive/CV_Project/datasets/casia2/images/CASIA2.0_revised/Au/Au_pla_30731.jpg,0,0.0,3,1,0.02,0.5
/content/drive/MyDrive/CV_Project/datasets/casia2/images/CASIA2.0_revised/Au/Au_pla_30732.jpg,0,0.0,3,1,0.02,0.5
/content/drive/MyDrive/CV_Project/datasets/casia2/images/CASIA2.0_revised/Au/Au_pla_30733.jpg,0,0.0,3,1,0.02,0.5
/content/drive/MyDrive/CV_Project/datasets/casia2/images/CASIA2.0_revised/Au/Au_pla_30734.jpg,0,0.189056396484375,3,1,0.02,0.5
/content/drive/MyDrive/CV_Project/datasets/casia2/images/CASIA2.0_revised/Au/Au_pla_30735.jpg,0,0.0,3,1,0.02,0.5
/content/drive/MyDrive/CV_Project/datasets/casia2/images/CASIA2.0_revised/Au/Au_pla_30736.jpg,0,0.2048136393229166,3,1,0.02,0.5
/content/drive/MyDrive/CV_Project/datasets/casia2/images/CASIA2.0_revised/Au/Au_pla_30737.jpg,0,0.029022216796875,3,1,0.02,0.5
/content/drive/MyDrive/CV_Project/datasets/casia2/images/CASIA2.0_revised/Au/Au_pla_30738.jpg,0,0.0280049641927083,3,1,0.02,0.5
/content/drive/MyDrive/CV_Project/datasets/casia2/images/CASIA2.0_revised/Au/Au_pla_30739.jpg,0,0.0,3,1,0.02,0.5
/content/drive/MyDrive/CV_Project/datasets/casia2/images/CASIA2.0_revised/Au/Au_pla_30740.jpg,0,0.0418497721354166,3,1,0.02,0.5
/content/drive/MyDrive/CV_Project/datasets/casia2/images/CASIA2.0_revised/Au/Au_pla_30741.jpg,0,0.0,3,1,0.02,0.5
/content/drive/MyDrive/CV_Project/datasets/casia2/images/CASIA2.0_revised/Au/Au_pla_30742.jpg,0,0.0,3,1,0.02,0.5
/content/drive/MyDrive/CV_Project/datasets/casia2/images/CASIA2.0_revised/Au/Au_pla_30743.jpg,0,0.21148681640625,3,1,0.02,0.5
/content/drive/MyDrive/CV_Project/datasets/casia2/images/CASIA2.0_revised/Au/Au_pla_30744.jpg,0,0.0,3,1,0.02,0.5
/content/drive/MyDrive/CV_Project/datasets/casia2/images/CASIA2.0_revised/Au/Au_pla_30745.jpg,0,0.1330769856770833,3,1,0.02,0.5
/content/drive/MyDrive/CV_Project/datasets/casia2/images/CASIA2.0_revised/Au/Au_sec_00001.jpg,0,0.3522542317708333,3,1,0.02,0.5
/content/drive/MyDrive/CV_Project/datasets/casia2/images/CASIA2.0_revised/Au/Au_sec_00002.jpg,0,0.3675333658854167,3,1,0.02,0.5
/content/drive/MyDrive/CV_Project/datasets/casia2/images/CASIA2.0_revised/Au/Au_sec_00003.jpg,0,0.4189453125,3,1,0.02,0.5
/content/drive/MyDrive/CV_Project/datasets/casia2/images/CASIA2.0_revised/Au/Au_sec_00004.jpg,0,0.5168660481770834,3,1,0.02,0.5
/content/drive/MyDrive/CV_Project/datasets/casia2/images/CASIA2.0_revised/Au/Au_sec_00005.jpg,0,0.1679890950520833,3,1,0.02,0.5
/content/drive/MyDrive/CV_Project/datasets/casia2/images/CASIA2.0_revised/Au/Au_sec_00006.jpg,0,0.039398193359375,3,1,0.02,0.5
/content/drive/MyDrive/CV_Project/datasets/casia2/images/CASIA2.0_revised/Au/Au_sec_00007.jpg,0,0.2599385579427083,3,1,0.02,0.5
/content/drive/MyDrive/CV_Project/datasets/casia2/images/CASIA2.0_revised/Au/Au_sec_00008.jpg,0,0.084869384765625,3,1,0.02,0.5
/content/drive/MyDrive/CV_Project/datasets/casia2/images/CASIA2.0_revised/Au/Au_sec_00009.jpg,0,0.1860758463541666,3,1,0.02,0.5
/content/drive/MyDrive/CV_Project/datasets/casia2/images/CASIA2.0_revised/Au/Au_sec_00010.jpg,0,0.3703715006510417,3,1,0.02,0.5
/content/drive/MyDrive/CV_Project/datasets/casia2/images/CASIA2.0_revised/Au/Au_sec_00011.jpg,0,0.053802490234375,3,1,0.02,0.5
/content/drive/MyDrive/CV_Project/datasets/casia2/images/CASIA2.0_revised/Au/Au_sec_00012.jpg,0,0.2389322916666666,3,1,0.02,0.5
/content/drive/MyDrive/CV_Project/datasets/casia2/images/CASIA2.0_revised/Au/Au_sec_00013.jpg,0,0.1002197265625,3,1,0.02,0.5
/content/drive/MyDrive/CV_Project/datasets/casia2/images/CASIA2.0_revised/Au/Au_sec_00014.jpg,0,0.1586507161458333,3,1,0.02,0.5
/content/drive/MyDrive/CV_Project/datasets/casia2/images/CASIA2.0_revised/Au/Au_sec_00015.jpg,0,0.12200927734375,3,1,0.02,0.5
/content/drive/MyDrive/CV_Project/datasets/casia2/images/CASIA2.0_revised/Au/Au_sec_00016.jpg,0,0.1096394856770833,3,1,0.02,0.5
/content/drive/MyDrive/CV_Project/datasets/casia2/images/CASIA2.0_revised/Au/Au_sec_00017.jpg,0,0.1258443196614583,3,1,0.02,0.5
/content/drive/MyDrive/CV_Project/datasets/casia2/images/CASIA2.0_revised/Au/Au_sec_00018.jpg,0,0.0,3,1,0.02,0.5
/content/drive/MyDrive/CV_Project/datasets/casia2/images/CASIA2.0_revised/Au/Au_sec_00019.jpg,0,0.0,3,1,0.02,0.5
/content/drive/MyDrive/CV_Project/datasets/casia2/images/CASIA2.0_revised/Au/Au_sec_00020.jpg,0,0.0515340169270833,3,1,0.02,0.5
/content/drive/MyDrive/CV_Project/datasets/casia2/images/CASIA2.0_revised/Au/Au_sec_00021.jpg,0,0.1363728841145833,3,1,0.02,0.5
/content/drive/MyDrive/CV_Project/datasets/casia2/images/CASIA2.0_revised/Au/Au_sec_00022.jpg,0,0.1761067708333333,3,1,0.02,0.5
/content/drive/MyDrive/CV_Project/datasets/casia2/images/CASIA2.0_revised/Au/Au_sec_00023.jpg,0,0.3104044596354167,3,1,0.02,0.5
/content/drive/MyDrive/CV_Project/datasets/casia2/images/CASIA2.0_revised/Au/Au_sec_00024.jpg,0,0.228912353515625,3,1,0.02,0.5
/content/drive/MyDrive/CV_Project/datasets/casia2/images/CASIA2.0_revised/Au/Au_sec_00025.jpg,0,0.0675252278645833,3,1,0.02,0.5
/content/drive/MyDrive/CV_Project/datasets/casia2/images/CASIA2.0_revised/Au/Au_sec_00026.jpg,0,0.0362548828125,3,1,0.02,0.5
/content/drive/MyDrive/CV_Project/datasets/casia2/images/CASIA2.0_revised/Au/Au_sec_00027.jpg,0,0.3228963216145833,3,1,0.02,0.5
/content/drive/MyDrive/CV_Project/datasets/casia2/images/CASIA2.0_revised/Au/Au_sec_00028.jpg,0,0.0,3,1,0.02,0.5
/content/drive/MyDrive/CV_Project/datasets/casia2/images/CASIA2.0_revised/Au/Au_sec_00029.jpg,0,0.0213724772135416,3,1,0.02,0.5
/content/drive/MyDrive/CV_Project/datasets/casia2/images/CASIA2.0_revised/Au/Au_sec_00030.jpg,0,0.0,3,1,0.02,0.5
/content/drive/MyDrive/CV_Project/datasets/casia2/images/CASIA2.0_revised/Au/Au_sec_00031.jpg,0,0.65069580078125,3,1,0.02,0.5
/content/drive/MyDrive/CV_Project/datasets/casia2/images/CASIA2.0_revised/Au/Au_sec_00032.jpg,0,0.3890482584635417,3,1,0.02,0.5
/content/drive/MyDrive/CV_Project/datasets/casia2/images/CASIA2.0_revised/Au/Au_sec_00033.jpg,0,0.0,3,1,0.02,0.5
/content/drive/MyDrive/CV_Project/datasets/casia2/images/CASIA2.0_revised/Au/Au_sec_00034.jpg,0,0.347137451171875,3,1,0.02,0.5
/content/drive/MyDrive/CV_Project/datasets/casia2/images/CASIA2.0_revised/Au/Au_sec_00035.jpg,0,0.0475667317708333,3,1,0.02,0.5
/content/drive/MyDrive/CV_Project/datasets/casia2/images/CASIA2.0_revised/Au/Au_sec_00036.jpg,0,0.411773681640625,3,1,0.02,0.5
/content/drive/MyDrive/CV_Project/datasets/casia2/images/CASIA2.0_revised/Au/Au_sec_00037.jpg,0,0.8052164713541666,3,1,0.02,0.5
/content/drive/MyDrive/CV_Project/datasets/casia2/images/CASIA2.0_revised/Au/Au_sec_00038.jpg,0,0.6384379069010416,3,1,0.02,0.5
/content/drive/MyDrive/CV_Project/datasets/casia2/images/CASIA2.0_revised/Au/Au_sec_00039.jpg,0,0.43896484375,3,1,0.02,0.5
/content/drive/MyDrive/CV_Project/datasets/casia2/images/CASIA2.0_revised/Au/Au_sec_00040.jpg,0,0.226531982421875,3,1,0.02,0.5
/content/drive/MyDrive/CV_Project/datasets/casia2/images/CASIA2.0_revised/Au/Au_sec_00041.jpg,0,0.1629536946614583,3,1,0.02,0.5
/content/drive/MyDrive/CV_Project/datasets/casia2/images/CASIA2.0_revised/Au/Au_sec_00042.jpg,0,0.7279866536458334,3,1,0.02,0.5
/content/drive/MyDrive/CV_Project/datasets/casia2/images/CASIA2.0_revised/Au/Au_sec_00043.jpg,0,0.7473246256510416,3,1,0.02,0.5
/content/drive/MyDrive/CV_Project/datasets/casia2/images/CASIA2.0_revised/Au/Au_sec_00044.jpg,0,0.0,3,1,0.02,0.5
/content/drive/MyDrive/CV_Project/datasets/casia2/images/CASIA2.0_revised/Au/Au_sec_00045.jpg,0,0.2259623209635416,3,1,0.02,0.5
/content/drive/MyDrive/CV_Project/datasets/casia2/images/CASIA2.0_revised/Au/Au_sec_00046.jpg,0,0.6585896809895834,3,1,0.02,0.5
/content/drive/MyDrive/CV_Project/datasets/casia2/images/CASIA2.0_revised/Au/Au_sec_00047.jpg,0,0.4255574544270833,3,1,0.02,0.5
/content/drive/MyDrive/CV_Project/datasets/casia2/images/CASIA2.0_revised/Au/Au_sec_00048.jpg,0,0.0964253743489583,3,1,0.02,0.5
/content/drive/MyDrive/CV_Project/datasets/casia2/images/CASIA2.0_revised/Au/Au_sec_00049.jpg,0,0.2037150065104166,3,1,0.02,0.5
/content/drive/MyDrive/CV_Project/datasets/casia2/images/CASIA2.0_revised/Au/Au_sec_00050.jpg,0,0.0344034830729166,3,1,0.02,0.5
/content/drive/MyDrive/CV_Project/datasets/casia2/images/CASIA2.0_revised/Au/Au_sec_00051.jpg,0,0.0,3,1,0.02,0.5
/content/drive/MyDrive/CV_Project/datasets/casia2/images/CASIA2.0_revised/Au/Au_sec_00052.jpg,0,0.20892333984375,3,1,0.02,0.5
/content/drive/MyDrive/CV_Project/datasets/casia2/images/CASIA2.0_revised/Au/Au_sec_00053.jpg,0,0.6162312825520834,3,1,0.02,0.5
/content/drive/MyDrive/CV_Project/datasets/casia2/images/CASIA2.0_revised/Au/Au_sec_00054.jpg,0,0.165283203125,3,1,0.02,0.5
/content/drive/MyDrive/CV_Project/datasets/casia2/images/CASIA2.0_revised/Au/Au_sec_00055.jpg,0,0.0291748046875,3,1,0.02,0.5
/content/drive/MyDrive/CV_Project/datasets/casia2/images/CASIA2.0_revised/Au/Au_sec_00056.jpg,0,0.601226806640625,3,1,0.02,0.5
/content/drive/MyDrive/CV_Project/datasets/casia2/images/CASIA2.0_revised/Au/Au_sec_00057.jpg,0,0.3117472330729167,3,1,0.02,0.5
/content/drive/MyDrive/CV_Project/datasets/casia2/images/CASIA2.0_revised/Au/Au_sec_00058.jpg,0,0.3295084635416667,3,1,0.02,0.5
/content/drive/MyDrive/CV_Project/datasets/casia2/images/CASIA2.0_revised/Au/Au_sec_00059.jpg,0,0.313934326171875,3,1,0.02,0.5
/content/drive/MyDrive/CV_Project/datasets/casia2/images/CASIA2.0_revised/Au/Au_sec_00060.jpg,0,0.0,3,1,0.02,0.5
/content/drive/MyDrive/CV_Project/datasets/casia2/images/CASIA2.0_revised/Au/Au_sec_00061.jpg,0,0.3734639485677083,3,1,0.02,0.5
/content/drive/MyDrive/CV_Project/datasets/casia2/images/CASIA2.0_revised/Au/Au_sec_00062.jpg,0,0.66143798828125,3,1,0.02,0.5
/content/drive/MyDrive/CV_Project/datasets/casia2/images/CASIA2.0_revised/Au/Au_sec_00063.jpg,0,0.175933837890625,3,1,0.02,0.5
/content/drive/MyDrive/CV_Project/datasets/casia2/images/CASIA2.0_revised/Au/Au_sec_00064.jpg,0,0.2404378255208333,3,1,0.02,0.5
/content/drive/MyDrive/CV_Project/datasets/casia2/images/CASIA2.0_revised/Au/Au_sec_00065.jpg,0,0.116058349609375,3,1,0.02,0.5
/content/drive/MyDrive/CV_Project/datasets/casia2/images/CASIA2.0_revised/Au/Au_sec_00066.jpg,0,0.0268656412760416,3,1,0.02,0.5
/content/drive/MyDrive/CV_Project/datasets/casia2/images/CASIA2.0_revised/Au/Au_sec_00067.jpg,0,0.37542724609375,3,1,0.02,0.5
/content/drive/MyDrive/CV_Project/datasets/casia2/images/CASIA2.0_revised/Au/Au_sec_00068.jpg,0,0.18194580078125,3,1,0.02,0.5
/content/drive/MyDrive/CV_Project/datasets/casia2/images/CASIA2.0_revised/Au/Au_sec_00069.jpg,0,0.1975779132791328,3,1,0.02,0.5
/content/drive/MyDrive/CV_Project/datasets/casia2/images/CASIA2.0_revised/Au/Au_sec_00070.jpg,0,0.0402018229166666,3,1,0.02,0.5
/content/drive/MyDrive/CV_Project/datasets/casia2/images/CASIA2.0_revised/Au/Au_sec_00071.jpg,0,0.1533101399739583,3,1,0.02,0.5
/content/drive/MyDrive/CV_Project/datasets/casia2/images/CASIA2.0_revised/Au/Au_sec_00072.jpg,0,0.169097900390625,3,1,0.02,0.5
/content/drive/MyDrive/CV_Project/datasets/casia2/images/CASIA2.0_revised/Au/Au_sec_00073.jpg,0,0.1431477864583333,3,1,0.02,0.5
/content/drive/MyDrive/CV_Project/datasets/casia2/images/CASIA2.0_revised/Au/Au_sec_00074.jpg,0,0.1728719075520833,3,1,0.02,0.5
/content/drive/MyDrive/CV_Project/datasets/casia2/images/CASIA2.0_revised/Au/Au_sec_00075.jpg,0,0.380401611328125,3,1,0.02,0.5
/content/drive/MyDrive/CV_Project/datasets/casia2/images/CASIA2.0_revised/Au/Au_sec_00076.jpg,0,0.0,3,1,0.02,0.5
/content/drive/MyDrive/CV_Project/datasets/casia2/images/CASIA2.0_revised/Au/Au_sec_00077.jpg,0,0.2022603352864583,3,1,0.02,0.5
/content/drive/MyDrive/CV_Project/datasets/casia2/images/CASIA2.0_revised/Au/Au_sec_00078.jpg,0,0.0902608235677083,3,1,0.02,0.5
/content/drive/MyDrive/CV_Project/datasets/casia2/images/CASIA2.0_revised/Au/Au_sec_00079.jpg,0,0.160980224609375,3,1,0.02,0.5
/content/drive/MyDrive/CV_Project/datasets/casia2/images/CASIA2.0_revised/Au/Au_sec_00080.jpg,0,0.6160481770833334,3,1,0.02,0.5
/content/drive/MyDrive/CV_Project/datasets/casia2/images/CASIA2.0_revised/Au/Au_sec_00081.jpg,0,0.0,3,1,0.02,0.5
/content/drive/MyDrive/CV_Project/datasets/casia2/images/CASIA2.0_revised/Au/Au_sec_00082.jpg,0,0.0,3,1,0.02,0.5
/content/drive/MyDrive/CV_Project/datasets/casia2/images/CASIA2.0_revised/Au/Au_sec_00083.jpg,0,0.0,3,1,0.02,0.5
/content/drive/MyDrive/CV_Project/datasets/casia2/images/CASIA2.0_revised/Au/Au_sec_00084.jpg,0,0.7377421061197916,3,1,0.02,0.5
/content/drive/MyDrive/CV_Project/datasets/casia2/images/CASIA2.0_revised/Au/Au_sec_00085.jpg,0,0.3565775553385417,3,1,0.02,0.5
/content/drive/MyDrive/CV_Project/datasets/casia2/images/CASIA2.0_revised/Au/Au_sec_00086.jpg,0,0.1783040364583333,3,1,0.02,0.5
/content/drive/MyDrive/CV_Project/datasets/casia2/images/CASIA2.0_revised/Au/Au_sec_00087.jpg,0,0.2692464192708333,3,1,0.02,0.5
/content/drive/MyDrive/CV_Project/datasets/casia2/images/CASIA2.0_revised/Au/Au_sec_00088.jpg,0,0.0,3,1,0.02,0.5
/content/drive/MyDrive/CV_Project/datasets/casia2/images/CASIA2.0_revised/Au/Au_sec_00089.jpg,0,0.4674784342447917,3,1,0.02,0.5
/content/drive/MyDrive/CV_Project/datasets/casia2/images/CASIA2.0_revised/Au/Au_sec_00090.jpg,0,0.4108683268229167,3,1,0.02,0.5
/content/drive/MyDrive/CV_Project/datasets/casia2/images/CASIA2.0_revised/Au/Au_sec_00091.jpg,0,0.0219523111979166,3,1,0.02,0.5
/content/drive/MyDrive/CV_Project/datasets/casia2/images/CASIA2.0_revised/Au/Au_sec_00092.jpg,0,0.0,3,1,0.02,0.5
/content/drive/MyDrive/CV_Project/datasets/casia2/images/CASIA2.0_revised/Au/Au_sec_00093.jpg,0,0.0,3,1,0.02,0.5
/content/drive/MyDrive/CV_Project/datasets/casia2/images/CASIA2.0_revised/Au/Au_sec_00094.jpg,0,0.0,3,1,0.02,0.5
/content/drive/MyDrive/CV_Project/datasets/casia2/images/CASIA2.0_revised/Au/Au_sec_00095.jpg,0,0.4042561848958333,3,1,0.02,0.5
/content/drive/MyDrive/CV_Project/datasets/casia2/images/CASIA2.0_revised/Au/Au_sec_00096.jpg,0,0.5172322591145834,3,1,0.02,0.5
/content/drive/MyDrive/CV_Project/datasets/casia2/images/CASIA2.0_revised/Au/Au_sec_00097.jpg,0,0.0,3,1,0.02,0.5
/content/drive/MyDrive/CV_Project/datasets/casia2/images/CASIA2.0_revised/Au/Au_sec_00098.jpg,0,0.3870646158854167,3,1,0.02,0.5
/content/drive/MyDrive/CV_Project/datasets/casia2/images/CASIA2.0_revised/Au/Au_sec_00099.jpg,0,0.178070068359375,3,1,0.02,0.5
/content/drive/MyDrive/CV_Project/datasets/casia2/images/CASIA2.0_revised/Au/Au_sec_00100.jpg,0,0.18902587890625,3,1,0.02,0.5
/content/drive/MyDrive/CV_Project/datasets/casia2/images/CASIA2.0_revised/Au/Au_sec_10001.jpg,0,0.3281604166666667,3,1,0.02,0.5
/content/drive/MyDrive/CV_Project/datasets/casia2/images/CASIA2.0_revised/Au/Au_sec_10002.jpg,0,0.2458501605876554,3,1,0.02,0.5
/content/drive/MyDrive/CV_Project/datasets/casia2/images/CASIA2.0_revised/Au/Au_sec_10003.jpg,0,0.3285,3,1,0.02,0.5
/content/drive/MyDrive/CV_Project/datasets/casia2/images/CASIA2.0_revised/Au/Au_sec_10101.jpg,0,0.3536458333333333,3,1,0.02,0.5
/content/drive/MyDrive/CV_Project/datasets/casia2/images/CASIA2.0_revised/Au/Au_sec_10102.jpg,0,0.4523177083333333,3,1,0.02,0.5
/content/drive/MyDrive/CV_Project/datasets/casia2/images/CASIA2.0_revised/Au/Au_sec_10103.jpg,0,0.36953125,3,1,0.02,0.5
/content/drive/MyDrive/CV_Project/datasets/casia2/images/CASIA2.0_revised/Au/Au_sec_10104.jpg,0,0.5937297297297297,3,1,0.02,0.5
/content/drive/MyDrive/CV_Project/datasets/casia2/images/CASIA2.0_revised/Au/Au_sec_10105.jpg,0,0.6891591591591592,3,1,0.02,0.5
/content/drive/MyDrive/CV_Project/datasets/casia2/images/CASIA2.0_revised/Au/Au_sec_10106.jpg,0,0.1474174174174174,3,1,0.02,0.5
/content/drive/MyDrive/CV_Project/datasets/casia2/images/CASIA2.0_revised/Au/Au_sec_10107.jpg,0,0.2365104166666666,3,1,0.02,0.5
/content/drive/MyDrive/CV_Project/datasets/casia2/images/CASIA2.0_revised/Au/Au_sec_10108.jpg,0,0.39796875,3,1,0.02,0.5
/content/drive/MyDrive/CV_Project/datasets/casia2/images/CASIA2.0_revised/Au/Au_sec_10109.jpg,0,0.5992708333333333,3,1,0.02,0.5
/content/drive/MyDrive/CV_Project/datasets/casia2/images/CASIA2.0_revised/Au/Au_sec_10110.jpg,0,0.2510416666666666,3,1,0.02,0.5
/content/drive/MyDrive/CV_Project/datasets/casia2/images/CASIA2.0_revised/Au/Au_sec_10111.jpg,0,0.277578125,3,1,0.02,0.5
/content/drive/MyDrive/CV_Project/datasets/casia2/images/CASIA2.0_revised/Au/Au_sec_10112.jpg,0,0.3929166666666667,3,1,0.02,0.5
/content/drive/MyDrive/CV_Project/datasets/casia2/images/CASIA2.0_revised/Au/Au_sec_10113.jpg,0,0.3108588588588588,3,1,0.02,0.5
/content/drive/MyDrive/CV_Project/datasets/casia2/images/CASIA2.0_revised/Au/Au_sec_10114.jpg,0,0.1466506666666666,3,1,0.02,0.5
/content/drive/MyDrive/CV_Project/datasets/casia2/images/CASIA2.0_revised/Au/Au_sec_10115.jpg,0,0.0763956705729166,3,1,0.02,0.5
/content/drive/MyDrive/CV_Project/datasets/casia2/images/CASIA2.0_revised/Au/Au_sec_10116.bmp,0,0.1040266922619863,3,1,0.02,0.5
/content/drive/MyDrive/CV_Project/datasets/casia2/images/CASIA2.0_revised/Au/Au_sec_20001.jpg,0,0.3277083333333333,3,1,0.02,0.5
/content/drive/MyDrive/CV_Project/datasets/casia2/images/CASIA2.0_revised/Au/Au_sec_20002.jpg,0,0.2502388996138996,3,1,0.02,0.5
/content/drive/MyDrive/CV_Project/datasets/casia2/images/CASIA2.0_revised/Au/Au_sec_20003.jpg,0,0.4834782608695652,3,1,0.02,0.5
/content/drive/MyDrive/CV_Project/datasets/casia2/images/CASIA2.0_revised/Au/Au_sec_20004.jpg,0,0.6451799802761341,3,1,0.02,0.5
/content/drive/MyDrive/CV_Project/datasets/casia2/images/CASIA2.0_revised/Au/Au_sec_20005.jpg,0,0.4748939842209073,3,1,0.02,0.5
/content/drive/MyDrive/CV_Project/datasets/casia2/images/CASIA2.0_revised/Au/Au_sec_20006.jpg,0,0.7136341222879684,3,1,0.02,0.5
/content/drive/MyDrive/CV_Project/datasets/casia2/images/CASIA2.0_revised/Au/Au_sec_20007.jpg,0,0.0817800788954635,3,1,0.02,0.5
/content/drive/MyDrive/CV_Project/datasets/casia2/images/CASIA2.0_revised/Au/Au_sec_20008.jpg,0,0.1112302761341222,3,1,0.02,0.5
/content/drive/MyDrive/CV_Project/datasets/casia2/images/CASIA2.0_revised/Au/Au_sec_20009.jpg,0,0.1676136363636363,3,1,0.02,0.5
/content/drive/MyDrive/CV_Project/datasets/casia2/images/CASIA2.0_revised/Au/Au_sec_20010.jpg,0,0.643795761078998,3,1,0.02,0.5
/content/drive/MyDrive/CV_Project/datasets/casia2/images/CASIA2.0_revised/Au/Au_sec_20011.jpg,0,0.5226950867052023,3,1,0.02,0.5
/content/drive/MyDrive/CV_Project/datasets/casia2/images/CASIA2.0_revised/Au/Au_sec_20012.jpg,0,0.0,3,1,0.02,0.5
/content/drive/MyDrive/CV_Project/datasets/casia2/images/CASIA2.0_revised/Au/Au_sec_20013.jpg,0,0.2528356031128405,3,1,0.02,0.5
/content/drive/MyDrive/CV_Project/datasets/casia2/images/CASIA2.0_revised/Au/Au_sec_20014.jpg,0,0.1983205244122965,3,1,0.02,0.5
/content/drive/MyDrive/CV_Project/datasets/casia2/images/CASIA2.0_revised/Au/Au_sec_20015.jpg,0,0.0,3,1,0.02,0.5
/content/drive/MyDrive/CV_Project/datasets/casia2/images/CASIA2.0_revised/Au/Au_sec_20016.jpg,0,0.1327041847041847,3,1,0.02,0.5
/content/drive/MyDrive/CV_Project/datasets/casia2/images/CASIA2.0_revised/Au/Au_sec_20017.jpg,0,0.5837354312354313,3,1,0.02,0.5
/content/drive/MyDrive/CV_Project/datasets/casia2/images/CASIA2.0_revised/Au/Au_sec_20018.jpg,0,0.1969347319347319,3,1,0.02,0.5
/content/drive/MyDrive/CV_Project/datasets/casia2/images/CASIA2.0_revised/Au/Au_sec_20019.jpg,0,0.0,3,1,0.02,0.5
/content/drive/MyDrive/CV_Project/datasets/casia2/images/CASIA2.0_revised/Au/Au_sec_20020.jpg,0,0.413683284457478,3,1,0.02,0.5
/content/drive/MyDrive/CV_Project/datasets/casia2/images/CASIA2.0_revised/Au/Au_sec_20021.jpg,0,0.3352165184972756,3,1,0.02,0.5
/content/drive/MyDrive/CV_Project/datasets/casia2/images/CASIA2.0_revised/Au/Au_sec_20022.jpg,0,0.5118527042577675,3,1,0.02,0.5
/content/drive/MyDrive/CV_Project/datasets/casia2/images/CASIA2.0_revised/Au/Au_sec_20023.jpg,0,0.0,3,1,0.02,0.5
/content/drive/MyDrive/CV_Project/datasets/casia2/images/CASIA2.0_revised/Au/Au_sec_20024.jpg,0,0.1429251505592199,3,1,0.02,0.5
/content/drive/MyDrive/CV_Project/datasets/casia2/images/CASIA2.0_revised/Au/Au_sec_20025.jpg,0,0.2819561157796452,3,1,0.02,0.5
/content/drive/MyDrive/CV_Project/datasets/casia2/images/CASIA2.0_revised/Au/Au_sec_20026.jpg,0,0.1245166858457997,3,1,0.02,0.5
/content/drive/MyDrive/CV_Project/datasets/casia2/images/CASIA2.0_revised/Au/Au_sec_20027.jpg,0,0.1969447640966628,3,1,0.02,0.5
/content/drive/MyDrive/CV_Project/datasets/casia2/images/CASIA2.0_revised/Au/Au_sec_20028.jpg,0,0.3349725008087997,3,1,0.02,0.5
/content/drive/MyDrive/CV_Project/datasets/casia2/images/CASIA2.0_revised/Au/Au_sec_20029.jpg,0,0.0,3,1,0.02,0.5
/content/drive/MyDrive/CV_Project/datasets/casia2/images/CASIA2.0_revised/Au/Au_sec_20030.jpg,0,0.3694055944055944,3,1,0.02,0.5
/content/drive/MyDrive/CV_Project/datasets/casia2/images/CASIA2.0_revised/Au/Au_sec_20031.jpg,0,0.0236545818910548,3,1,0.02,0.5
/content/drive/MyDrive/CV_Project/datasets/casia2/images/CASIA2.0_revised/Au/Au_sec_20032.jpg,0,0.5590364209922569,3,1,0.02,0.5
/content/drive/MyDrive/CV_Project/datasets/casia2/images/CASIA2.0_revised/Au/Au_sec_20033.jpg,0,0.544102416570771,3,1,0.02,0.5
/content/drive/MyDrive/CV_Project/datasets/casia2/images/CASIA2.0_revised/Au/Au_sec_20034.jpg,0,0.0579574223245109,3,1,0.02,0.5
/content/drive/MyDrive/CV_Project/datasets/casia2/images/CASIA2.0_revised/Au/Au_sec_20035.jpg,0,0.0387529137529137,3,1,0.02,0.5
/content/drive/MyDrive/CV_Project/datasets/casia2/images/CASIA2.0_revised/Au/Au_sec_20036.jpg,0,0.5791983735114725,3,1,0.02,0.5
/content/drive/MyDrive/CV_Project/datasets/casia2/images/CASIA2.0_revised/Au/Au_sec_20037.jpg,0,0.0,3,1,0.02,0.5
/content/drive/MyDrive/CV_Project/datasets/casia2/images/CASIA2.0_revised/Au/Au_sec_20038.jpg,0,0.3031373673644967,3,1,0.02,0.5
/content/drive/MyDrive/CV_Project/datasets/casia2/images/CASIA2.0_revised/Au/Au_sec_20039.jpg,0,0.0,3,1,0.02,0.5
/content/drive/MyDrive/CV_Project/datasets/casia2/images/CASIA2.0_revised/Au/Au_sec_20040.jpg,0,0.0,3,1,0.02,0.5
/content/drive/MyDrive/CV_Project/datasets/casia2/images/CASIA2.0_revised/Au/Au_sec_20041.jpg,0,0.4897442390478602,3,1,0.02,0.5
/content/drive/MyDrive/CV_Project/datasets/casia2/images/CASIA2.0_revised/Au/Au_sec_20042.jpg,0,0.597166849215042,3,1,0.02,0.5
/content/drive/MyDrive/CV_Project/datasets/casia2/images/CASIA2.0_revised/Au/Au_sec_20043.jpg,0,0.3895353535353535,3,1,0.02,0.5
/content/drive/MyDrive/CV_Project/datasets/casia2/images/CASIA2.0_revised/Au/Au_sec_20044.jpg,0,0.0663526834611172,3,1,0.02,0.5
/content/drive/MyDrive/CV_Project/datasets/casia2/images/CASIA2.0_revised/Au/Au_sec_20045.jpg,0,0.4117261219792865,3,1,0.02,0.5
/content/drive/MyDrive/CV_Project/datasets/casia2/images/CASIA2.0_revised/Au/Au_sec_20046.jpg,0,0.085431675242996,3,1,0.02,0.5
/content/drive/MyDrive/CV_Project/datasets/casia2/images/CASIA2.0_revised/Au/Au_sec_20047.jpg,0,0.3955912061794415,3,1,0.02,0.5
/content/drive/MyDrive/CV_Project/datasets/casia2/images/CASIA2.0_revised/Au/Au_sec_20048.jpg,0,0.0,3,1,0.02,0.5
/content/drive/MyDrive/CV_Project/datasets/casia2/images/CASIA2.0_revised/Au/Au_sec_20049.jpg,0,0.4571288837744534,3,1,0.02,0.5
/content/drive/MyDrive/CV_Project/datasets/casia2/images/CASIA2.0_revised/Au/Au_sec_20050.jpg,0,0.3293496083075241,3,1,0.02,0.5
/content/drive/MyDrive/CV_Project/datasets/casia2/images/CASIA2.0_revised/Au/Au_sec_20051.jpg,0,0.0569099066801377,3,1,0.02,0.5
/content/drive/MyDrive/CV_Project/datasets/casia2/images/CASIA2.0_revised/Au/Au_sec_20052.jpg,0,0.4220550191291674,3,1,0.02,0.5
/content/drive/MyDrive/CV_Project/datasets/casia2/images/CASIA2.0_revised/Au/Au_sec_20053.jpg,0,0.6747276370923666,3,1,0.02,0.5
/content/drive/MyDrive/CV_Project/datasets/casia2/images/CASIA2.0_revised/Au/Au_sec_20054.jpg,0,0.8031418027311453,3,1,0.02,0.5
/content/drive/MyDrive/CV_Project/datasets/casia2/images/CASIA2.0_revised/Au/Au_sec_20055.jpg,0,0.153875,3,1,0.02,0.5
/content/drive/MyDrive/CV_Project/datasets/casia2/images/CASIA2.0_revised/Au/Au_sec_20056.jpg,0,0.4289398780133604,3,1,0.02,0.5
/content/drive/MyDrive/CV_Project/datasets/casia2/images/CASIA2.0_revised/Au/Au_sec_20057.jpg,0,0.0,3,1,0.02,0.5
/content/drive/MyDrive/CV_Project/datasets/casia2/images/CASIA2.0_revised/Au/Au_sec_20058.jpg,0,0.2960349462365591,3,1,0.02,0.5
/content/drive/MyDrive/CV_Project/datasets/casia2/images/CASIA2.0_revised/Au/Au_sec_20059.jpg,0,0.3544991314418066,3,1,0.02,0.5
/content/drive/MyDrive/CV_Project/datasets/casia2/images/CASIA2.0_revised/Au/Au_sec_20060.jpg,0,0.1928196248196248,3,1,0.02,0.5
/content/drive/MyDrive/CV_Project/datasets/casia2/images/CASIA2.0_revised/Au/Au_sec_20061.jpg,0,0.1169905956112852,3,1,0.02,0.5
/content/drive/MyDrive/CV_Project/datasets/casia2/images/CASIA2.0_revised/Au/Au_sec_20062.jpg,0,0.5797441878292103,3,1,0.02,0.5
/content/drive/MyDrive/CV_Project/datasets/casia2/images/CASIA2.0_revised/Au/Au_sec_20063.jpg,0,0.0546416666666666,3,1,0.02,0.5
/content/drive/MyDrive/CV_Project/datasets/casia2/images/CASIA2.0_revised/Au/Au_sec_20064.jpg,0,0.305804883358125,3,1,0.02,0.5
/content/drive/MyDrive/CV_Project/datasets/casia2/images/CASIA2.0_revised/Au/Au_sec_20065.jpg,0,0.4202590429198563,3,1,0.02,0.5
/content/drive/MyDrive/CV_Project/datasets/casia2/images/CASIA2.0_revised/Au/Au_sec_20066.jpg,0,0.5971868214858869,3,1,0.02,0.5
/content/drive/MyDrive/CV_Project/datasets/casia2/images/CASIA2.0_revised/Au/Au_sec_20067.jpg,0,0.2459928164568443,3,1,0.02,0.5
/content/drive/MyDrive/CV_Project/datasets/casia2/images/CASIA2.0_revised/Au/Au_sec_20068.jpg,0,0.3147951964590211,3,1,0.02,0.5
/content/drive/MyDrive/CV_Project/datasets/casia2/images/CASIA2.0_revised/Au/Au_sec_20069.jpg,0,0.7676842105263157,3,1,0.02,0.5
/content/drive/MyDrive/CV_Project/datasets/casia2/images/CASIA2.0_revised/Au/Au_sec_20070.jpg,0,0.311557734204793,3,1,0.02,0.5
/content/drive/MyDrive/CV_Project/datasets/casia2/images/CASIA2.0_revised/Au/Au_sec_20071.jpg,0,0.4499378109452736,3,1,0.02,0.5
/content/drive/MyDrive/CV_Project/datasets/casia2/images/CASIA2.0_revised/Au/Au_sec_20072.jpg,0,0.0968242122719734,3,1,0.02,0.5
/content/drive/MyDrive/CV_Project/datasets/casia2/images/CASIA2.0_revised/Au/Au_sec_20073.jpg,0,0.5607752902155887,3,1,0.02,0.5
/content/drive/MyDrive/CV_Project/datasets/casia2/images/CASIA2.0_revised/Au/Au_sec_20074.jpg,0,0.2311567164179104,3,1,0.02,0.5
/content/drive/MyDrive/CV_Project/datasets/casia2/images/CASIA2.0_revised/Au/Au_sec_20075.jpg,0,0.1160116086235489,3,1,0.02,0.5
/content/drive/MyDrive/CV_Project/datasets/casia2/images/CASIA2.0_revised/Au/Au_sec_20076.jpg,0,0.4930804311774461,3,1,0.02,0.5
/content/drive/MyDrive/CV_Project/datasets/casia2/images/CASIA2.0_revised/Au/Au_sec_20077.jpg,0,0.0589386401326699,3,1,0.02,0.5
/content/drive/MyDrive/CV_Project/datasets/casia2/images/CASIA2.0_revised/Au/Au_sec_20078.jpg,0,0.2459162520729685,3,1,0.02,0.5
/content/drive/MyDrive/CV_Project/datasets/casia2/images/CASIA2.0_revised/Au/Au_sec_20079.jpg,0,0.0,3,1,0.02,0.5
/content/drive/MyDrive/CV_Project/datasets/casia2/images/CASIA2.0_revised/Au/Au_sec_20080.jpg,0,0.3885157545605306,3,1,0.02,0.5
/content/drive/MyDrive/CV_Project/datasets/casia2/images/CASIA2.0_revised/Au/Au_sec_20081.jpg,0,0.2707172470978441,3,1,0.02,0.5
/content/drive/MyDrive/CV_Project/datasets/casia2/images/CASIA2.0_revised/Au/Au_sec_20082.jpg,0,0.0360489220563847,3,1,0.02,0.5
/content/drive/MyDrive/CV_Project/datasets/casia2/images/CASIA2.0_revised/Au/Au_sec_20083.jpg,0,0.0,3,1,0.02,0.5
/content/drive/MyDrive/CV_Project/datasets/casia2/images/CASIA2.0_revised/Au/Au_sec_20084.jpg,0,0.0257255389718076,3,1,0.02,0.5
/content/drive/MyDrive/CV_Project/datasets/casia2/images/CASIA2.0_revised/Au/Au_sec_20085.jpg,0,0.5224668325041459,3,1,0.02,0.5
/content/drive/MyDrive/CV_Project/datasets/casia2/images/CASIA2.0_revised/Au/Au_sec_20086.jpg,0,0.6802197346600332,3,1,0.02,0.5
/content/drive/MyDrive/CV_Project/datasets/casia2/images/CASIA2.0_revised/Au/Au_sec_20087.jpg,0,0.3050621890547264,3,1,0.02,0.5
/content/drive/MyDrive/CV_Project/datasets/casia2/images/CASIA2.0_revised/Au/Au_sec_20088.jpg,0,0.4625290215588723,3,1,0.02,0.5
/content/drive/MyDrive/CV_Project/datasets/casia2/images/CASIA2.0_revised/Au/Au_sec_20089.jpg,0,0.1364510779436152,3,1,0.02,0.5
/content/drive/MyDrive/CV_Project/datasets/casia2/images/CASIA2.0_revised/Au/Au_sec_20090.jpg,0,0.2232438192668371,3,1,0.02,0.5
/content/drive/MyDrive/CV_Project/datasets/casia2/images/CASIA2.0_revised/Au/Au_sec_20091.jpg,0,0.5856814814814815,3,1,0.02,0.5
/content/drive/MyDrive/CV_Project/datasets/casia2/images/CASIA2.0_revised/Au/Au_sec_20092.jpg,0,0.4604444444444444,3,1,0.02,0.5
/content/drive/MyDrive/CV_Project/datasets/casia2/images/CASIA2.0_revised/Au/Au_sec_20093.jpg,0,0.291,3,1,0.02,0.5
/content/drive/MyDrive/CV_Project/datasets/casia2/images/CASIA2.0_revised/Au/Au_sec_20094.jpg,0,0.3746195796482771,3,1,0.02,0.5
/content/drive/MyDrive/CV_Project/datasets/casia2/images/CASIA2.0_revised/Au/Au_sec_20095.jpg,0,0.3427259259259259,3,1,0.02,0.5
/content/drive/MyDrive/CV_Project/datasets/casia2/images/CASIA2.0_revised/Au/Au_sec_20096.jpg,0,0.6622346600331674,3,1,0.02,0.5
/content/drive/MyDrive/CV_Project/datasets/casia2/images/CASIA2.0_revised/Au/Au_sec_20097.jpg,0,0.3967333333333333,3,1,0.02,0.5
/content/drive/MyDrive/CV_Project/datasets/casia2/images/CASIA2.0_revised/Au/Au_sec_20098.jpg,0,0.4576300085251492,3,1,0.02,0.5
/content/drive/MyDrive/CV_Project/datasets/casia2/images/CASIA2.0_revised/Au/Au_sec_20099.jpg,0,0.5017222222222222,3,1,0.02,0.5
/content/drive/MyDrive/CV_Project/datasets/casia2/images/CASIA2.0_revised/Au/Au_sec_20100.jpg,0,0.4988962962962963,3,1,0.02,0.5
/content/drive/MyDrive/CV_Project/datasets/casia2/images/CASIA2.0_revised/Au/Au_sec_30001.jpg,0,0.0,3,1,0.02,0.5
/content/drive/MyDrive/CV_Project/datasets/casia2/images/CASIA2.0_revised/Au/Au_sec_30002.jpg,0,0.3854777018229167,3,1,0.02,0.5
/content/drive/MyDrive/CV_Project/datasets/casia2/images/CASIA2.0_revised/Au/Au_sec_30003.jpg,0,0.3316141764322917,3,1,0.02,0.5
/content/drive/MyDrive/CV_Project/datasets/casia2/images/CASIA2.0_revised/Au/Au_sec_30004.jpg,0,0.0509134928385416,3,1,0.02,0.5
/content/drive/MyDrive/CV_Project/datasets/casia2/images/CASIA2.0_revised/Au/Au_sec_30005.jpg,0,0.4522603352864583,3,1,0.02,0.5
/content/drive/MyDrive/CV_Project/datasets/casia2/images/CASIA2.0_revised/Au/Au_sec_30006.jpg,0,0.23602294921875,3,1,0.02,0.5
/content/drive/MyDrive/CV_Project/datasets/casia2/images/CASIA2.0_revised/Au/Au_sec_30007.jpg,0,0.0846354166666666,3,1,0.02,0.5
/content/drive/MyDrive/CV_Project/datasets/casia2/images/CASIA2.0_revised/Au/Au_sec_30008.jpg,0,0.091094970703125,3,1,0.02,0.5
/content/drive/MyDrive/CV_Project/datasets/casia2/images/CASIA2.0_revised/Au/Au_sec_30009.jpg,0,0.022369384765625,3,1,0.02,0.5
/content/drive/MyDrive/CV_Project/datasets/casia2/images/CASIA2.0_revised/Au/Au_sec_30010.jpg,0,0.250213623046875,3,1,0.02,0.5
/content/drive/MyDrive/CV_Project/datasets/casia2/images/CASIA2.0_revised/Au/Au_sec_30011.jpg,0,0.06805419921875,3,1,0.02,0.5
/content/drive/MyDrive/CV_Project/datasets/casia2/images/CASIA2.0_revised/Au/Au_sec_30012.jpg,0,0.3822123209635417,3,1,0.02,0.5
/content/drive/MyDrive/CV_Project/datasets/casia2/images/CASIA2.0_revised/Au/Au_sec_30013.jpg,0,0.0,3,1,0.02,0.5
/content/drive/MyDrive/CV_Project/datasets/casia2/images/CASIA2.0_revised/Au/Au_sec_30014.jpg,0,0.5443318684895834,3,1,0.02,0.5
/content/drive/MyDrive/CV_Project/datasets/casia2/images/CASIA2.0_revised/Au/Au_sec_30015.jpg,0,0.2733052571614583,3,1,0.02,0.5
/content/drive/MyDrive/CV_Project/datasets/casia2/images/CASIA2.0_revised/Au/Au_sec_30016.jpg,0,0.1521708170572916,3,1,0.02,0.5
/content/drive/MyDrive/CV_Project/datasets/casia2/images/CASIA2.0_revised/Au/Au_sec_30017.jpg,0,0.0,3,1,0.02,0.5
/content/drive/MyDrive/CV_Project/datasets/casia2/images/CASIA2.0_revised/Au/Au_sec_30018.jpg,0,0.0,3,1,0.02,0.5
/content/drive/MyDrive/CV_Project/datasets/casia2/images/CASIA2.0_revised/Au/Au_sec_30019.jpg,0,0.0,3,1,0.02,0.5
/content/drive/MyDrive/CV_Project/datasets/casia2/images/CASIA2.0_revised/Au/Au_sec_30020.jpg,0,0.3270161946614583,3,1,0.02,0.5
/content/drive/MyDrive/CV_Project/datasets/casia2/images/CASIA2.0_revised/Au/Au_sec_30021.jpg,0,0.1293233235677083,3,1,0.02,0.5
/content/drive/MyDrive/CV_Project/datasets/casia2/images/CASIA2.0_revised/Au/Au_sec_30022.jpg,0,0.0,3,1,0.02,0.5
/content/drive/MyDrive/CV_Project/datasets/casia2/images/CASIA2.0_revised/Au/Au_sec_30023.jpg,0,0.0,3,1,0.02,0.5
/content/drive/MyDrive/CV_Project/datasets/casia2/images/CASIA2.0_revised/Au/Au_sec_30024.jpg,0,0.0759785970052083,3,1,0.02,0.5
/content/drive/MyDrive/CV_Project/datasets/casia2/images/CASIA2.0_revised/Au/Au_sec_30025.jpg,0,0.154327392578125,3,1,0.02,0.5
/content/drive/MyDrive/CV_Project/datasets/casia2/images/CASIA2.0_revised/Au/Au_sec_30026.jpg,0,0.114349365234375,3,1,0.02,0.5
/content/drive/MyDrive/CV_Project/datasets/casia2/images/CASIA2.0_revised/Au/Au_sec_30027.jpg,0,0.1116231282552083,3,1,0.02,0.5
/content/drive/MyDrive/CV_Project/datasets/casia2/images/CASIA2.0_revised/Au/Au_sec_30028.jpg,0,0.572967529296875,3,1,0.02,0.5
/content/drive/MyDrive/CV_Project/datasets/casia2/images/CASIA2.0_revised/Au/Au_sec_30029.jpg,0,0.0201009114583333,3,1,0.02,0.5
/content/drive/MyDrive/CV_Project/datasets/casia2/images/CASIA2.0_revised/Au/Au_sec_30030.jpg,0,0.0260416666666666,3,1,0.02,0.5
/content/drive/MyDrive/CV_Project/datasets/casia2/images/CASIA2.0_revised/Au/Au_sec_30031.jpg,0,0.1014607747395833,3,1,0.02,0.5
/content/drive/MyDrive/CV_Project/datasets/casia2/images/CASIA2.0_revised/Au/Au_sec_30032.jpg,0,0.0,3,1,0.02,0.5
/content/drive/MyDrive/CV_Project/datasets/casia2/images/CASIA2.0_revised/Au/Au_sec_30033.jpg,0,0.0244954427083333,3,1,0.02,0.5
/content/drive/MyDrive/CV_Project/datasets/casia2/images/CASIA2.0_revised/Au/Au_sec_30034.jpg,0,0.0832722981770833,3,1,0.02,0.5
/content/drive/MyDrive/CV_Project/datasets/casia2/images/CASIA2.0_revised/Au/Au_sec_30035.jpg,0,0.1499735514322916,3,1,0.02,0.5
/content/drive/MyDrive/CV_Project/datasets/casia2/images/CASIA2.0_revised/Au/Au_sec_30036.jpg,0,0.0,3,1,0.02,0.5
/content/drive/MyDrive/CV_Project/datasets/casia2/images/CASIA2.0_revised/Au/Au_sec_30037.jpg,0,0.2960713704427083,3,1,0.02,0.5
/content/drive/MyDrive/CV_Project/datasets/casia2/images/CASIA2.0_revised/Au/Au_sec_30038.jpg,0,0.0496419270833333,3,1,0.02,0.5
/content/drive/MyDrive/CV_Project/datasets/casia2/images/CASIA2.0_revised/Au/Au_sec_30039.jpg,0,0.5886433919270834,3,1,0.02,0.5
/content/drive/MyDrive/CV_Project/datasets/casia2/images/CASIA2.0_revised/Au/Au_sec_30040.jpg,0,0.8839619954427084,3,1,0.02,0.5
/content/drive/MyDrive/CV_Project/datasets/casia2/images/CASIA2.0_revised/Au/Au_sec_30041.jpg,0,0.6453653971354166,3,1,0.02,0.5
/content/drive/MyDrive/CV_Project/datasets/casia2/images/CASIA2.0_revised/Au/Au_sec_30042.jpg,0,0.0750834147135416,3,1,0.02,0.5
/content/drive/MyDrive/CV_Project/datasets/casia2/images/CASIA2.0_revised/Au/Au_sec_30043.jpg,0,0.2888692220052083,3,1,0.02,0.5
/content/drive/MyDrive/CV_Project/datasets/casia2/images/CASIA2.0_revised/Au/Au_sec_30044.jpg,0,0.33892822265625,3,1,0.02,0.5
/content/drive/MyDrive/CV_Project/datasets/casia2/images/CASIA2.0_revised/Au/Au_sec_30045.jpg,0,0.4460652669270833,3,1,0.02,0.5
/content/drive/MyDrive/CV_Project/datasets/casia2/images/CASIA2.0_revised/Au/Au_sec_30046.jpg,0,0.19378662109375,3,1,0.02,0.5
/content/drive/MyDrive/CV_Project/datasets/casia2/images/CASIA2.0_revised/Au/Au_sec_30047.jpg,0,0.3720703125,3,1,0.02,0.5
/content/drive/MyDrive/CV_Project/datasets/casia2/images/CASIA2.0_revised/Au/Au_sec_30048.jpg,0,0.1326395670572916,3,1,0.02,0.5
/content/drive/MyDrive/CV_Project/datasets/casia2/images/CASIA2.0_revised/Au/Au_sec_30049.jpg,0,0.2269388834635416,3,1,0.02,0.5
/content/drive/MyDrive/CV_Project/datasets/casia2/images/CASIA2.0_revised/Au/Au_sec_30050.jpg,0,0.4502665201822917,3,1,0.02,0.5
/content/drive/MyDrive/CV_Project/datasets/casia2/images/CASIA2.0_revised/Au/Au_sec_30051.jpg,0,0.35009765625,3,1,0.02,0.5
/content/drive/MyDrive/CV_Project/datasets/casia2/images/CASIA2.0_revised/Au/Au_sec_30052.jpg,0,0.1081136067708333,3,1,0.02,0.5
/content/drive/MyDrive/CV_Project/datasets/casia2/images/CASIA2.0_revised/Au/Au_sec_30053.jpg,0,0.16357421875,3,1,0.02,0.5
/content/drive/MyDrive/CV_Project/datasets/casia2/images/CASIA2.0_revised/Au/Au_sec_30054.jpg,0,0.0,3,1,0.02,0.5
/content/drive/MyDrive/CV_Project/datasets/casia2/images/CASIA2.0_revised/Au/Au_sec_30055.jpg,0,0.92291259765625,3,1,0.02,0.5
/content/drive/MyDrive/CV_Project/datasets/casia2/images/CASIA2.0_revised/Au/Au_sec_30056.jpg,0,0.036590576171875,3,1,0.02,0.5
/content/drive/MyDrive/CV_Project/datasets/casia2/images/CASIA2.0_revised/Au/Au_sec_30057.jpg,0,0.0,3,1,0.02,0.5
/content/drive/MyDrive/CV_Project/datasets/casia2/images/CASIA2.0_revised/Au/Au_sec_30058.jpg,0,0.0,3,1,0.02,0.5
/content/drive/MyDrive/CV_Project/datasets/casia2/images/CASIA2.0_revised/Au/Au_sec_30059.jpg,0,0.0,3,1,0.02,0.5
/content/drive/MyDrive/CV_Project/datasets/casia2/images/CASIA2.0_revised/Au/Au_sec_30060.jpg,0,0.10595703125,3,1,0.02,0.5
/content/drive/MyDrive/CV_Project/datasets/casia2/images/CASIA2.0_revised/Au/Au_sec_30061.jpg,0,0.0256754557291666,3,1,0.02,0.5
/content/drive/MyDrive/CV_Project/datasets/casia2/images/CASIA2.0_revised/Au/Au_sec_30062.jpg,0,0.2920328776041667,3,1,0.02,0.5
/content/drive/MyDrive/CV_Project/datasets/casia2/images/CASIA2.0_revised/Au/Au_sec_30063.jpg,0,0.17010498046875,3,1,0.02,0.5
/content/drive/MyDrive/CV_Project/datasets/casia2/images/CASIA2.0_revised/Au/Au_sec_30064.jpg,0,0.10772705078125,3,1,0.02,0.5
/content/drive/MyDrive/CV_Project/datasets/casia2/images/CASIA2.0_revised/Au/Au_sec_30065.jpg,0,0.3919474283854167,3,1,0.02,0.5
/content/drive/MyDrive/CV_Project/datasets/casia2/images/CASIA2.0_revised/Au/Au_sec_30066.jpg,0,0.4835408528645833,3,1,0.02,0.5
/content/drive/MyDrive/CV_Project/datasets/casia2/images/CASIA2.0_revised/Au/Au_sec_30067.jpg,0,0.0330098470052083,3,1,0.02,0.5
/content/drive/MyDrive/CV_Project/datasets/casia2/images/CASIA2.0_revised/Au/Au_sec_30068.jpg,0,0.312835693359375,3,1,0.02,0.5
/content/drive/MyDrive/CV_Project/datasets/casia2/images/CASIA2.0_revised/Au/Au_sec_30069.jpg,0,0.0,3,1,0.02,0.5
/content/drive/MyDrive/CV_Project/datasets/casia2/images/CASIA2.0_revised/Au/Au_sec_30070.jpg,0,0.0,3,1,0.02,0.5
/content/drive/MyDrive/CV_Project/datasets/casia2/images/CASIA2.0_revised/Au/Au_sec_30071.jpg,0,0.0,3,1,0.02,0.5
/content/drive/MyDrive/CV_Project/datasets/casia2/images/CASIA2.0_revised/Au/Au_sec_30072.jpg,0,0.7733866373697916,3,1,0.02,0.5
/content/drive/MyDrive/CV_Project/datasets/casia2/images/CASIA2.0_revised/Au/Au_sec_30073.jpg,0,0.02435302734375,3,1,0.02,0.5
/content/drive/MyDrive/CV_Project/datasets/casia2/images/CASIA2.0_revised/Au/Au_sec_30074.jpg,0,0.417388916015625,3,1,0.02,0.5
/content/drive/MyDrive/CV_Project/datasets/casia2/images/CASIA2.0_revised/Au/Au_sec_30075.jpg,0,0.2373046875,3,1,0.02,0.5
/content/drive/MyDrive/CV_Project/datasets/casia2/images/CASIA2.0_revised/Au/Au_sec_30076.jpg,0,0.7060038248697916,3,1,0.02,0.5
/content/drive/MyDrive/CV_Project/datasets/casia2/images/CASIA2.0_revised/Au/Au_sec_30077.jpg,0,0.0,3,1,0.02,0.5
/content/drive/MyDrive/CV_Project/datasets/casia2/images/CASIA2.0_revised/Au/Au_sec_30078.jpg,0,0.0239359537760416,3,1,0.02,0.5
/content/drive/MyDrive/CV_Project/datasets/casia2/images/CASIA2.0_revised/Au/Au_sec_30079.jpg,0,0.2947184244791667,3,1,0.02,0.5
/content/drive/MyDrive/CV_Project/datasets/casia2/images/CASIA2.0_revised/Au/Au_sec_30080.jpg,0,0.100921630859375,3,1,0.02,0.5
/content/drive/MyDrive/CV_Project/datasets/casia2/images/CASIA2.0_revised/Au/Au_sec_30081.jpg,0,0.163848876953125,3,1,0.02,0.5
/content/drive/MyDrive/CV_Project/datasets/casia2/images/CASIA2.0_revised/Au/Au_sec_30082.jpg,0,0.081298828125,3,1,0.02,0.5
/content/drive/MyDrive/CV_Project/datasets/casia2/images/CASIA2.0_revised/Au/Au_sec_30083.jpg,0,0.1239420572916666,3,1,0.02,0.5
/content/drive/MyDrive/CV_Project/datasets/casia2/images/CASIA2.0_revised/Au/Au_sec_30084.jpg,0,0.0,3,1,0.02,0.5
/content/drive/MyDrive/CV_Project/datasets/casia2/images/CASIA2.0_revised/Au/Au_sec_30085.jpg,0,0.3600972493489583,3,1,0.02,0.5
/content/drive/MyDrive/CV_Project/datasets/casia2/images/CASIA2.0_revised/Au/Au_sec_30086.jpg,0,0.0684916178385416,3,1,0.02,0.5
/content/drive/MyDrive/CV_Project/datasets/casia2/images/CASIA2.0_revised/Au/Au_sec_30087.jpg,0,0.0,3,1,0.02,0.5
/content/drive/MyDrive/CV_Project/datasets/casia2/images/CASIA2.0_revised/Au/Au_sec_30088.jpg,0,0.2901204427083333,3,1,0.02,0.5
/content/drive/MyDrive/CV_Project/datasets/casia2/images/CASIA2.0_revised/Au/Au_sec_30089.jpg,0,0.2232767740885416,3,1,0.02,0.5
/content/drive/MyDrive/CV_Project/datasets/casia2/images/CASIA2.0_revised/Au/Au_sec_30090.jpg,0,0.0700887044270833,3,1,0.02,0.5
/content/drive/MyDrive/CV_Project/datasets/casia2/images/CASIA2.0_revised/Au/Au_sec_30091.jpg,0,0.201751708984375,3,1,0.02,0.5
/content/drive/MyDrive/CV_Project/datasets/casia2/images/CASIA2.0_revised/Au/Au_sec_30092.jpg,0,0.0,3,1,0.02,0.5
/content/drive/MyDrive/CV_Project/datasets/casia2/images/CASIA2.0_revised/Au/Au_sec_30093.jpg,0,0.0,3,1,0.02,0.5
/content/drive/MyDrive/CV_Project/datasets/casia2/images/CASIA2.0_revised/Au/Au_sec_30094.jpg,0,0.6593119303385416,3,1,0.02,0.5
/content/drive/MyDrive/CV_Project/datasets/casia2/images/CASIA2.0_revised/Au/Au_sec_30095.jpg,0,0.7935384114583334,3,1,0.02,0.5
/content/drive/MyDrive/CV_Project/datasets/casia2/images/CASIA2.0_revised/Au/Au_sec_30096.jpg,0,0.0443827311197916,3,1,0.02,0.5
/content/drive/MyDrive/CV_Project/datasets/casia2/images/CASIA2.0_revised/Au/Au_sec_30097.jpg,0,0.6513264973958334,3,1,0.02,0.5
/content/drive/MyDrive/CV_Project/datasets/casia2/images/CASIA2.0_revised/Au/Au_sec_30098.jpg,0,0.2284138997395833,3,1,0.02,0.5
/content/drive/MyDrive/CV_Project/datasets/casia2/images/CASIA2.0_revised/Au/Au_sec_30099.jpg,0,0.0476786295572916,3,1,0.02,0.5
/content/drive/MyDrive/CV_Project/datasets/casia2/images/CASIA2.0_revised/Au/Au_sec_30100.jpg,0,0.0,3,1,0.02,0.5
/content/drive/MyDrive/CV_Project/datasets/casia2/images/CASIA2.0_revised/Au/Au_sec_30101.jpg,0,0.1251322428385416,3,1,0.02,0.5
/content/drive/MyDrive/CV_Project/datasets/casia2/images/CASIA2.0_revised/Au/Au_sec_30102.jpg,0,0.4826456705729167,3,1,0.02,0.5
/content/drive/MyDrive/CV_Project/datasets/casia2/images/CASIA2.0_revised/Au/Au_sec_30103.jpg,0,0.2764689127604167,3,1,0.02,0.5
/content/drive/MyDrive/CV_Project/datasets/casia2/images/CASIA2.0_revised/Au/Au_sec_30104.jpg,0,0.0,3,1,0.02,0.5
/content/drive/MyDrive/CV_Project/datasets/casia2/images/CASIA2.0_revised/Au/Au_sec_30105.jpg,0,0.0214131673177083,3,1,0.02,0.5
/content/drive/MyDrive/CV_Project/datasets/casia2/images/CASIA2.0_revised/Au/Au_sec_30106.jpg,0,0.1278584798177083,3,1,0.02,0.5
/content/drive/MyDrive/CV_Project/datasets/casia2/images/CASIA2.0_revised/Au/Au_sec_30107.jpg,0,0.1478678385416666,3,1,0.02,0.5
/content/drive/MyDrive/CV_Project/datasets/casia2/images/CASIA2.0_revised/Au/Au_sec_30108.jpg,0,0.1443583170572916,3,1,0.02,0.5
/content/drive/MyDrive/CV_Project/datasets/casia2/images/CASIA2.0_revised/Au/Au_sec_30109.jpg,0,0.0973307291666666,3,1,0.02,0.5
/content/drive/MyDrive/CV_Project/datasets/casia2/images/CASIA2.0_revised/Au/Au_sec_30110.jpg,0,0.2270711263020833,3,1,0.02,0.5
/content/drive/MyDrive/CV_Project/datasets/casia2/images/CASIA2.0_revised/Au/Au_sec_30111.jpg,0,0.0293782552083333,3,1,0.02,0.5
/content/drive/MyDrive/CV_Project/datasets/casia2/images/CASIA2.0_revised/Au/Au_sec_30112.jpg,0,0.0823771158854166,3,1,0.02,0.5
/content/drive/MyDrive/CV_Project/datasets/casia2/images/CASIA2.0_revised/Au/Au_sec_30113.jpg,0,0.1533101399739583,3,1,0.02,0.5
/content/drive/MyDrive/CV_Project/datasets/casia2/images/CASIA2.0_revised/Au/Au_sec_30114.jpg,0,0.0,3,1,0.02,0.5
/content/drive/MyDrive/CV_Project/datasets/casia2/images/CASIA2.0_revised/Au/Au_sec_30115.jpg,0,0.0591532389322916,3,1,0.02,0.5
/content/drive/MyDrive/CV_Project/datasets/casia2/images/CASIA2.0_revised/Au/Au_sec_30116.jpg,0,0.0972188313802083,3,1,0.02,0.5
/content/drive/MyDrive/CV_Project/datasets/casia2/images/CASIA2.0_revised/Au/Au_sec_30117.jpg,0,0.4291890462239583,3,1,0.02,0.5
/content/drive/MyDrive/CV_Project/datasets/casia2/images/CASIA2.0_revised/Au/Au_sec_30118.jpg,0,0.5793050130208334,3,1,0.02,0.5
/content/drive/MyDrive/CV_Project/datasets/casia2/images/CASIA2.0_revised/Au/Au_sec_30119.jpg,0,0.3409830729166667,3,1,0.02,0.5
/content/drive/MyDrive/CV_Project/datasets/casia2/images/CASIA2.0_revised/Au/Au_sec_30120.jpg,0,0.0797119140625,3,1,0.02,0.5
/content/drive/MyDrive/CV_Project/datasets/casia2/images/CASIA2.0_revised/Au/Au_sec_30121.jpg,0,0.0522359212239583,3,1,0.02,0.5
/content/drive/MyDrive/CV_Project/datasets/casia2/images/CASIA2.0_revised/Au/Au_sec_30122.jpg,0,0.6862894694010416,3,1,0.02,0.5
/content/drive/MyDrive/CV_Project/datasets/casia2/images/CASIA2.0_revised/Au/Au_sec_30123.jpg,0,0.3305155436197917,3,1,0.02,0.5
/content/drive/MyDrive/CV_Project/datasets/casia2/images/CASIA2.0_revised/Au/Au_sec_30124.jpg,0,0.286773681640625,3,1,0.02,0.5
/content/drive/MyDrive/CV_Project/datasets/casia2/images/CASIA2.0_revised/Au/Au_sec_30125.jpg,0,0.0,3,1,0.02,0.5
/content/drive/MyDrive/CV_Project/datasets/casia2/images/CASIA2.0_revised/Au/Au_sec_30126.jpg,0,0.6179402669270834,3,1,0.02,0.5
/content/drive/MyDrive/CV_Project/datasets/casia2/images/CASIA2.0_revised/Au/Au_sec_30127.jpg,0,0.2872212727864583,3,1,0.02,0.5
/content/drive/MyDrive/CV_Project/datasets/casia2/images/CASIA2.0_revised/Au/Au_sec_30128.jpg,0,0.1516927083333333,3,1,0.02,0.5
/content/drive/MyDrive/CV_Project/datasets/casia2/images/CASIA2.0_revised/Au/Au_sec_30129.jpg,0,0.3253580729166667,3,1,0.02,0.5
/content/drive/MyDrive/CV_Project/datasets/casia2/images/CASIA2.0_revised/Au/Au_sec_30130.jpg,0,0.0,3,1,0.02,0.5
/content/drive/MyDrive/CV_Project/datasets/casia2/images/CASIA2.0_revised/Au/Au_sec_30131.jpg,0,0.3173624674479167,3,1,0.02,0.5
/content/drive/MyDrive/CV_Project/datasets/casia2/images/CASIA2.0_revised/Au/Au_sec_30132.jpg,0,0.3183186848958333,3,1,0.02,0.5
/content/drive/MyDrive/CV_Project/datasets/casia2/images/CASIA2.0_revised/Au/Au_sec_30133.jpg,0,0.1355997721354166,3,1,0.02,0.5
/content/drive/MyDrive/CV_Project/datasets/casia2/images/CASIA2.0_revised/Au/Au_sec_30134.jpg,0,0.2596333821614583,3,1,0.02,0.5
/content/drive/MyDrive/CV_Project/datasets/casia2/images/CASIA2.0_revised/Au/Au_sec_30135.jpg,0,0.4026896158854167,3,1,0.02,0.5
/content/drive/MyDrive/CV_Project/datasets/casia2/images/CASIA2.0_revised/Au/Au_sec_30136.jpg,0,0.471588134765625,3,1,0.02,0.5
/content/drive/MyDrive/CV_Project/datasets/casia2/images/CASIA2.0_revised/Au/Au_sec_30137.jpg,0,0.2931009928385417,3,1,0.02,0.5
/content/drive/MyDrive/CV_Project/datasets/casia2/images/CASIA2.0_revised/Au/Au_sec_30138.jpg,0,0.0565999348958333,3,1,0.02,0.5
/content/drive/MyDrive/CV_Project/datasets/casia2/images/CASIA2.0_revised/Au/Au_sec_30139.jpg,0,0.1908467610677083,3,1,0.02,0.5
/content/drive/MyDrive/CV_Project/datasets/casia2/images/CASIA2.0_revised/Au/Au_sec_30140.jpg,0,0.31134033203125,3,1,0.02,0.5
/content/drive/MyDrive/CV_Project/datasets/casia2/images/CASIA2.0_revised/Au/Au_sec_30141.jpg,0,0.721710205078125,3,1,0.02,0.5
/content/drive/MyDrive/CV_Project/datasets/casia2/images/CASIA2.0_revised/Au/Au_sec_30142.jpg,0,0.1795756022135416,3,1,0.02,0.5
/content/drive/MyDrive/CV_Project/datasets/casia2/images/CASIA2.0_revised/Au/Au_sec_30143.jpg,0,0.1319478352864583,3,1,0.02,0.5
/content/drive/MyDrive/CV_Project/datasets/casia2/images/CASIA2.0_revised/Au/Au_sec_30144.jpg,0,0.6099446614583334,3,1,0.02,0.5
/content/drive/MyDrive/CV_Project/datasets/casia2/images/CASIA2.0_revised/Au/Au_sec_30145.jpg,0,0.060028076171875,3,1,0.02,0.5
/content/drive/MyDrive/CV_Project/datasets/casia2/images/CASIA2.0_revised/Au/Au_sec_30146.jpg,0,0.4200236002604167,3,1,0.02,0.5
/content/drive/MyDrive/CV_Project/datasets/casia2/images/CASIA2.0_revised/Au/Au_sec_30147.jpg,0,0.1905008951822916,3,1,0.02,0.5
/content/drive/MyDrive/CV_Project/datasets/casia2/images/CASIA2.0_revised/Au/Au_sec_30148.jpg,0,0.1160685221354166,3,1,0.02,0.5
/content/drive/MyDrive/CV_Project/datasets/casia2/images/CASIA2.0_revised/Au/Au_sec_30149.jpg,0,0.35919189453125,3,1,0.02,0.5
/content/drive/MyDrive/CV_Project/datasets/casia2/images/CASIA2.0_revised/Au/Au_sec_30150.jpg,0,0.7415568033854166,3,1,0.02,0.5
/content/drive/MyDrive/CV_Project/datasets/casia2/images/CASIA2.0_revised/Au/Au_sec_30151.jpg,0,0.3664957682291667,3,1,0.02,0.5
/content/drive/MyDrive/CV_Project/datasets/casia2/images/CASIA2.0_revised/Au/Au_sec_30152.jpg,0,0.308013916015625,3,1,0.02,0.5
/content/drive/MyDrive/CV_Project/datasets/casia2/images/CASIA2.0_revised/Au/Au_sec_30153.jpg,0,0.2790730794270833,3,1,0.02,0.5
/content/drive/MyDrive/CV_Project/datasets/casia2/images/CASIA2.0_revised/Au/Au_sec_30154.jpg,0,0.3406575520833333,3,1,0.02,0.5
/content/drive/MyDrive/CV_Project/datasets/casia2/images/CASIA2.0_revised/Au/Au_sec_30155.jpg,0,0.1035054524739583,3,1,0.02,0.5
/content/drive/MyDrive/CV_Project/datasets/casia2/images/CASIA2.0_revised/Au/Au_sec_30156.jpg,0,0.1788838704427083,3,1,0.02,0.5
/content/drive/MyDrive/CV_Project/datasets/casia2/images/CASIA2.0_revised/Au/Au_sec_30157.jpg,0,0.3246561686197917,3,1,0.02,0.5
/content/drive/MyDrive/CV_Project/datasets/casia2/images/CASIA2.0_revised/Au/Au_sec_30158.jpg,0,0.0,3,1,0.02,0.5
/content/drive/MyDrive/CV_Project/datasets/casia2/images/CASIA2.0_revised/Au/Au_sec_30159.jpg,0,0.5780131022135416,3,1,0.02,0.5
/content/drive/MyDrive/CV_Project/datasets/casia2/images/CASIA2.0_revised/Au/Au_sec_30160.jpg,0,0.157867431640625,3,1,0.02,0.5
/content/drive/MyDrive/CV_Project/datasets/casia2/images/CASIA2.0_revised/Au/Au_sec_30161.jpg,0,0.2101236979166666,3,1,0.02,0.5
/content/drive/MyDrive/CV_Project/datasets/casia2/images/CASIA2.0_revised/Au/Au_sec_30162.jpg,0,0.2099405924479166,3,1,0.02,0.5
/content/drive/MyDrive/CV_Project/datasets/casia2/images/CASIA2.0_revised/Au/Au_sec_30163.jpg,0,0.2824910481770833,3,1,0.02,0.5
/content/drive/MyDrive/CV_Project/datasets/casia2/images/CASIA2.0_revised/Au/Au_sec_30164.jpg,0,0.612701416015625,3,1,0.02,0.5
/content/drive/MyDrive/CV_Project/datasets/casia2/images/CASIA2.0_revised/Au/Au_sec_30165.jpg,0,0.3778076171875,3,1,0.02,0.5
/content/drive/MyDrive/CV_Project/datasets/casia2/images/CASIA2.0_revised/Au/Au_sec_30166.jpg,0,0.2645161946614583,3,1,0.02,0.5
/content/drive/MyDrive/CV_Project/datasets/casia2/images/CASIA2.0_revised/Au/Au_sec_30167.jpg,0,0.252044677734375,3,1,0.02,0.5
/content/drive/MyDrive/CV_Project/datasets/casia2/images/CASIA2.0_revised/Au/Au_sec_30168.jpg,0,0.0275472005208333,3,1,0.02,0.5
/content/drive/MyDrive/CV_Project/datasets/casia2/images/CASIA2.0_revised/Au/Au_sec_30169.jpg,0,0.1091105143229166,3,1,0.02,0.5
/content/drive/MyDrive/CV_Project/datasets/casia2/images/CASIA2.0_revised/Au/Au_sec_30170.jpg,0,0.2379862467447916,3,1,0.02,0.5
/content/drive/MyDrive/CV_Project/datasets/casia2/images/CASIA2.0_revised/Au/Au_sec_30171.jpg,0,0.4522196451822917,3,1,0.02,0.5
/content/drive/MyDrive/CV_Project/datasets/casia2/images/CASIA2.0_revised/Au/Au_sec_30172.jpg,0,0.2781575520833333,3,1,0.02,0.5
/content/drive/MyDrive/CV_Project/datasets/casia2/images/CASIA2.0_revised/Au/Au_sec_30173.jpg,0,0.1037394205729166,3,1,0.02,0.5
/content/drive/MyDrive/CV_Project/datasets/casia2/images/CASIA2.0_revised/Au/Au_sec_30174.jpg,0,0.7753092447916666,3,1,0.02,0.5
/content/drive/MyDrive/CV_Project/datasets/casia2/images/CASIA2.0_revised/Au/Au_sec_30175.jpg,0,0.1688028971354166,3,1,0.02,0.5
/content/drive/MyDrive/CV_Project/datasets/casia2/images/CASIA2.0_revised/Au/Au_sec_30176.jpg,0,0.170074462890625,3,1,0.02,0.5
/content/drive/MyDrive/CV_Project/datasets/casia2/images/CASIA2.0_revised/Au/Au_sec_30177.jpg,0,0.0858866373697916,3,1,0.02,0.5
/content/drive/MyDrive/CV_Project/datasets/casia2/images/CASIA2.0_revised/Au/Au_sec_30178.jpg,0,0.0,3,1,0.02,0.5
/content/drive/MyDrive/CV_Project/datasets/casia2/images/CASIA2.0_revised/Au/Au_sec_30179.jpg,0,0.0,3,1,0.02,0.5
/content/drive/MyDrive/CV_Project/datasets/casia2/images/CASIA2.0_revised/Au/Au_sec_30180.jpg,0,0.5227559407552084,3,1,0.02,0.5
/content/drive/MyDrive/CV_Project/datasets/casia2/images/CASIA2.0_revised/Au/Au_sec_30181.jpg,0,0.3652445475260417,3,1,0.02,0.5
/content/drive/MyDrive/CV_Project/datasets/casia2/images/CASIA2.0_revised/Au/Au_sec_30182.jpg,0,0.085723876953125,3,1,0.02,0.5
/content/drive/MyDrive/CV_Project/datasets/casia2/images/CASIA2.0_revised/Au/Au_sec_30183.jpg,0,0.0579325358072916,3,1,0.02,0.5
/content/drive/MyDrive/CV_Project/datasets/casia2/images/CASIA2.0_revised/Au/Au_sec_30184.jpg,0,0.0,3,1,0.02,0.5
/content/drive/MyDrive/CV_Project/datasets/casia2/images/CASIA2.0_revised/Au/Au_sec_30185.jpg,0,0.4976298014322917,3,1,0.02,0.5
/content/drive/MyDrive/CV_Project/datasets/casia2/images/CASIA2.0_revised/Au/Au_sec_30186.jpg,0,0.0708719889322916,3,1,0.02,0.5
/content/drive/MyDrive/CV_Project/datasets/casia2/images/CASIA2.0_revised/Au/Au_sec_30187.jpg,0,0.1690266927083333,3,1,0.02,0.5
/content/drive/MyDrive/CV_Project/datasets/casia2/images/CASIA2.0_revised/Au/Au_sec_30188.jpg,0,0.2205403645833333,3,1,0.02,0.5
/content/drive/MyDrive/CV_Project/datasets/casia2/images/CASIA2.0_revised/Au/Au_sec_30189.jpg,0,0.3316752115885417,3,1,0.02,0.5
/content/drive/MyDrive/CV_Project/datasets/casia2/images/CASIA2.0_revised/Au/Au_sec_30190.jpg,0,0.3287455240885417,3,1,0.02,0.5
/content/drive/MyDrive/CV_Project/datasets/casia2/images/CASIA2.0_revised/Au/Au_sec_30191.jpg,0,0.0428873697916666,3,1,0.02,0.5
/content/drive/MyDrive/CV_Project/datasets/casia2/images/CASIA2.0_revised/Au/Au_sec_30192.jpg,0,0.08111572265625,3,1,0.02,0.5
/content/drive/MyDrive/CV_Project/datasets/casia2/images/CASIA2.0_revised/Au/Au_sec_30193.jpg,0,0.4132792154947917,3,1,0.02,0.5
/content/drive/MyDrive/CV_Project/datasets/casia2/images/CASIA2.0_revised/Au/Au_sec_30194.jpg,0,0.7593587239583334,3,1,0.02,0.5
/content/drive/MyDrive/CV_Project/datasets/casia2/images/CASIA2.0_revised/Au/Au_sec_30195.jpg,0,0.04937744140625,3,1,0.02,0.5
/content/drive/MyDrive/CV_Project/datasets/casia2/images/CASIA2.0_revised/Au/Au_sec_30196.jpg,0,0.4213663736979167,3,1,0.02,0.5
/content/drive/MyDrive/CV_Project/datasets/casia2/images/CASIA2.0_revised/Au/Au_sec_30197.jpg,0,0.3809000651041667,3,1,0.02,0.5
/content/drive/MyDrive/CV_Project/datasets/casia2/images/CASIA2.0_revised/Au/Au_sec_30198.jpg,0,0.0,3,1,0.02,0.5
/content/drive/MyDrive/CV_Project/datasets/casia2/images/CASIA2.0_revised/Au/Au_sec_30199.jpg,0,0.050323486328125,3,1,0.02,0.5
/content/drive/MyDrive/CV_Project/datasets/casia2/images/CASIA2.0_revised/Au/Au_sec_30200.jpg,0,0.3414204915364583,3,1,0.02,0.5
/content/drive/MyDrive/CV_Project/datasets/casia2/images/CASIA2.0_revised/Au/Au_sec_30201.jpg,0,0.057525634765625,3,1,0.02,0.5
/content/drive/MyDrive/CV_Project/datasets/casia2/images/CASIA2.0_revised/Au/Au_sec_30202.jpg,0,0.2635498046875,3,1,0.02,0.5
/content/drive/MyDrive/CV_Project/datasets/casia2/images/CASIA2.0_revised/Au/Au_sec_30203.jpg,0,0.1341959635416666,3,1,0.02,0.5
/content/drive/MyDrive/CV_Project/datasets/casia2/images/CASIA2.0_revised/Au/Au_sec_30204.jpg,0,0.027252197265625,3,1,0.02,0.5
/content/drive/MyDrive/CV_Project/datasets/casia2/images/CASIA2.0_revised/Au/Au_sec_30205.jpg,0,0.2949320475260417,3,1,0.02,0.5
/content/drive/MyDrive/CV_Project/datasets/casia2/images/CASIA2.0_revised/Au/Au_sec_30206.jpg,0,0.1103108723958333,3,1,0.02,0.5
/content/drive/MyDrive/CV_Project/datasets/casia2/images/CASIA2.0_revised/Au/Au_sec_30207.jpg,0,0.0236612955729166,3,1,0.02,0.5
/content/drive/MyDrive/CV_Project/datasets/casia2/images/CASIA2.0_revised/Au/Au_sec_30208.jpg,0,0.592010498046875,3,1,0.02,0.5
/content/drive/MyDrive/CV_Project/datasets/casia2/images/CASIA2.0_revised/Au/Au_sec_30209.jpg,0,0.1432596842447916,3,1,0.02,0.5
/content/drive/MyDrive/CV_Project/datasets/casia2/images/CASIA2.0_revised/Au/Au_sec_30210.jpg,0,0.31365966796875,3,1,0.02,0.5
/content/drive/MyDrive/CV_Project/datasets/casia2/images/CASIA2.0_revised/Au/Au_sec_30211.jpg,0,0.3514404296875,3,1,0.02,0.5
/content/drive/MyDrive/CV_Project/datasets/casia2/images/CASIA2.0_revised/Au/Au_sec_30212.jpg,0,0.194580078125,3,1,0.02,0.5
/content/drive/MyDrive/CV_Project/datasets/casia2/images/CASIA2.0_revised/Au/Au_sec_30213.jpg,0,0.0703837076822916,3,1,0.02,0.5
/content/drive/MyDrive/CV_Project/datasets/casia2/images/CASIA2.0_revised/Au/Au_sec_30214.jpg,0,0.1950581868489583,3,1,0.02,0.5
/content/drive/MyDrive/CV_Project/datasets/casia2/images/CASIA2.0_revised/Au/Au_sec_30215.jpg,0,0.1821390787760416,3,1,0.02,0.5
/content/drive/MyDrive/CV_Project/datasets/casia2/images/CASIA2.0_revised/Au/Au_sec_30216.jpg,0,0.4548441569010417,3,1,0.02,0.5
/content/drive/MyDrive/CV_Project/datasets/casia2/images/CASIA2.0_revised/Au/Au_sec_30217.jpg,0,0.0350443522135416,3,1,0.02,0.5
/content/drive/MyDrive/CV_Project/datasets/casia2/images/CASIA2.0_revised/Au/Au_sec_30218.jpg,0,0.0582377115885416,3,1,0.02,0.5
/content/drive/MyDrive/CV_Project/datasets/casia2/images/CASIA2.0_revised/Au/Au_sec_30219.jpg,0,0.0,3,1,0.02,0.5
/content/drive/MyDrive/CV_Project/datasets/casia2/images/CASIA2.0_revised/Au/Au_sec_30220.jpg,0,0.2590230305989583,3,1,0.02,0.5
/content/drive/MyDrive/CV_Project/datasets/casia2/images/CASIA2.0_revised/Au/Au_sec_30221.jpg,0,0.0,3,1,0.02,0.5
/content/drive/MyDrive/CV_Project/datasets/casia2/images/CASIA2.0_revised/Au/Au_sec_30222.jpg,0,0.0688374837239583,3,1,0.02,0.5
/content/drive/MyDrive/CV_Project/datasets/casia2/images/CASIA2.0_revised/Au/Au_sec_30223.jpg,0,0.0,3,1,0.02,0.5
/content/drive/MyDrive/CV_Project/datasets/casia2/images/CASIA2.0_revised/Au/Au_sec_30224.jpg,0,0.2730509440104167,3,1,0.02,0.5
/content/drive/MyDrive/CV_Project/datasets/casia2/images/CASIA2.0_revised/Au/Au_sec_30225.jpg,0,0.314178466796875,3,1,0.02,0.5
/content/drive/MyDrive/CV_Project/datasets/casia2/images/CASIA2.0_revised/Au/Au_sec_30226.jpg,0,0.047027587890625,3,1,0.02,0.5
/content/drive/MyDrive/CV_Project/datasets/casia2/images/CASIA2.0_revised/Au/Au_sec_30227.jpg,0,0.2380269368489583,3,1,0.02,0.5
/content/drive/MyDrive/CV_Project/datasets/casia2/images/CASIA2.0_revised/Au/Au_sec_30228.jpg,0,0.1025594075520833,3,1,0.02,0.5
/content/drive/MyDrive/CV_Project/datasets/casia2/images/CASIA2.0_revised/Au/Au_sec_30229.jpg,0,0.0,3,1,0.02,0.5
/content/drive/MyDrive/CV_Project/datasets/casia2/images/CASIA2.0_revised/Au/Au_sec_30230.jpg,0,0.0,3,1,0.02,0.5
/content/drive/MyDrive/CV_Project/datasets/casia2/images/CASIA2.0_revised/Au/Au_sec_30231.jpg,0,0.3449198404947917,3,1,0.02,0.5
/content/drive/MyDrive/CV_Project/datasets/casia2/images/CASIA2.0_revised/Au/Au_sec_30232.jpg,0,0.2010091145833333,3,1,0.02,0.5
/content/drive/MyDrive/CV_Project/datasets/casia2/images/CASIA2.0_revised/Au/Au_sec_30233.jpg,0,0.0,3,1,0.02,0.5
/content/drive/MyDrive/CV_Project/datasets/casia2/images/CASIA2.0_revised/Au/Au_sec_30234.jpg,0,0.615509033203125,3,1,0.02,0.5
/content/drive/MyDrive/CV_Project/datasets/casia2/images/CASIA2.0_revised/Au/Au_sec_30235.jpg,0,0.2920939127604167,3,1,0.02,0.5
/content/drive/MyDrive/CV_Project/datasets/casia2/images/CASIA2.0_revised/Au/Au_sec_30236.jpg,0,0.3065287272135417,3,1,0.02,0.5
/content/drive/MyDrive/CV_Project/datasets/casia2/images/CASIA2.0_revised/Au/Au_sec_30237.jpg,0,0.021240234375,3,1,0.02,0.5
/content/drive/MyDrive/CV_Project/datasets/casia2/images/CASIA2.0_revised/Au/Au_sec_30238.jpg,0,0.3041178385416667,3,1,0.02,0.5
/content/drive/MyDrive/CV_Project/datasets/casia2/images/CASIA2.0_revised/Au/Au_sec_30239.jpg,0,0.0643717447916666,3,1,0.02,0.5
/content/drive/MyDrive/CV_Project/datasets/casia2/images/CASIA2.0_revised/Au/Au_sec_30240.jpg,0,0.0,3,1,0.02,0.5
/content/drive/MyDrive/CV_Project/datasets/casia2/images/CASIA2.0_revised/Au/Au_sec_30241.jpg,0,0.066009521484375,3,1,0.02,0.5
/content/drive/MyDrive/CV_Project/datasets/casia2/images/CASIA2.0_revised/Au/Au_sec_30242.jpg,0,0.357177734375,3,1,0.02,0.5
/content/drive/MyDrive/CV_Project/datasets/casia2/images/CASIA2.0_revised/Au/Au_sec_30243.jpg,0,0.298065185546875,3,1,0.02,0.5
/content/drive/MyDrive/CV_Project/datasets/casia2/images/CASIA2.0_revised/Au/Au_sec_30244.jpg,0,0.1333109537760416,3,1,0.02,0.5
/content/drive/MyDrive/CV_Project/datasets/casia2/images/CASIA2.0_revised/Au/Au_sec_30245.jpg,0,0.31207275390625,3,1,0.02,0.5
/content/drive/MyDrive/CV_Project/datasets/casia2/images/CASIA2.0_revised/Au/Au_sec_30246.jpg,0,0.6685791015625,3,1,0.02,0.5
/content/drive/MyDrive/CV_Project/datasets/casia2/images/CASIA2.0_revised/Au/Au_sec_30247.jpg,0,0.0,3,1,0.02,0.5
/content/drive/MyDrive/CV_Project/datasets/casia2/images/CASIA2.0_revised/Au/Au_sec_30248.jpg,0,0.08367919921875,3,1,0.02,0.5
/content/drive/MyDrive/CV_Project/datasets/casia2/images/CASIA2.0_revised/Au/Au_sec_30249.jpg,0,0.349639892578125,3,1,0.02,0.5
/content/drive/MyDrive/CV_Project/datasets/casia2/images/CASIA2.0_revised/Au/Au_sec_30250.jpg,0,0.0633748372395833,3,1,0.02,0.5
/content/drive/MyDrive/CV_Project/datasets/casia2/images/CASIA2.0_revised/Au/Au_sec_30251.jpg,0,0.590972900390625,3,1,0.02,0.5
/content/drive/MyDrive/CV_Project/datasets/casia2/images/CASIA2.0_revised/Au/Au_sec_30252.jpg,0,0.2497762044270833,3,1,0.02,0.5
/content/drive/MyDrive/CV_Project/datasets/casia2/images/CASIA2.0_revised/Au/Au_sec_30253.jpg,0,0.0,3,1,0.02,0.5
/content/drive/MyDrive/CV_Project/datasets/casia2/images/CASIA2.0_revised/Au/Au_sec_30254.jpg,0,0.2000630696614583,3,1,0.02,0.5
/content/drive/MyDrive/CV_Project/datasets/casia2/images/CASIA2.0_revised/Au/Au_sec_30255.jpg,0,0.0250956217447916,3,1,0.02,0.5
/content/drive/MyDrive/CV_Project/datasets/casia2/images/CASIA2.0_revised/Au/Au_sec_30256.jpg,0,0.03033447265625,3,1,0.02,0.5
/content/drive/MyDrive/CV_Project/datasets/casia2/images/CASIA2.0_revised/Au/Au_sec_30257.jpg,0,0.02008056640625,3,1,0.02,0.5
/content/drive/MyDrive/CV_Project/datasets/casia2/images/CASIA2.0_revised/Au/Au_sec_30258.jpg,0,0.205841064453125,3,1,0.02,0.5
/content/drive/MyDrive/CV_Project/datasets/casia2/images/CASIA2.0_revised/Au/Au_sec_30259.jpg,0,0.0601806640625,3,1,0.02,0.5
/content/drive/MyDrive/CV_Project/datasets/casia2/images/CASIA2.0_revised/Au/Au_sec_30260.jpg,0,0.7161153157552084,3,1,0.02,0.5
/content/drive/MyDrive/CV_Project/datasets/casia2/images/CASIA2.0_revised/Au/Au_sec_30261.jpg,0,0.0657145182291666,3,1,0.02,0.5
/content/drive/MyDrive/CV_Project/datasets/casia2/images/CASIA2.0_revised/Au/Au_sec_30262.jpg,0,0.2460123697916666,3,1,0.02,0.5
/content/drive/MyDrive/CV_Project/datasets/casia2/images/CASIA2.0_revised/Au/Au_sec_30263.jpg,0,0.209930419921875,3,1,0.02,0.5
/content/drive/MyDrive/CV_Project/datasets/casia2/images/CASIA2.0_revised/Au/Au_sec_30264.jpg,0,0.4635416666666667,3,1,0.02,0.5
/content/drive/MyDrive/CV_Project/datasets/casia2/images/CASIA2.0_revised/Au/Au_sec_30265.jpg,0,0.057861328125,3,1,0.02,0.5
/content/drive/MyDrive/CV_Project/datasets/casia2/images/CASIA2.0_revised/Au/Au_sec_30266.jpg,0,0.37548828125,3,1,0.02,0.5
/content/drive/MyDrive/CV_Project/datasets/casia2/images/CASIA2.0_revised/Au/Au_sec_30267.jpg,0,0.0530802408854166,3,1,0.02,0.5
/content/drive/MyDrive/CV_Project/datasets/casia2/images/CASIA2.0_revised/Au/Au_sec_30268.jpg,0,0.4350179036458333,3,1,0.02,0.5
/content/drive/MyDrive/CV_Project/datasets/casia2/images/CASIA2.0_revised/Au/Au_sec_30269.jpg,0,0.0,3,1,0.02,0.5
/content/drive/MyDrive/CV_Project/datasets/casia2/images/CASIA2.0_revised/Au/Au_sec_30270.jpg,0,0.0,3,1,0.02,0.5
/content/drive/MyDrive/CV_Project/datasets/casia2/images/CASIA2.0_revised/Au/Au_sec_30271.jpg,0,0.2072245279947916,3,1,0.02,0.5
/content/drive/MyDrive/CV_Project/datasets/casia2/images/CASIA2.0_revised/Au/Au_sec_30272.jpg,0,0.1083577473958333,3,1,0.02,0.5
/content/drive/MyDrive/CV_Project/datasets/casia2/images/CASIA2.0_revised/Au/Au_sec_30273.jpg,0,0.31744384765625,3,1,0.02,0.5
/content/drive/MyDrive/CV_Project/datasets/casia2/images/CASIA2.0_revised/Au/Au_sec_30274.jpg,0,0.0,3,1,0.02,0.5
/content/drive/MyDrive/CV_Project/datasets/casia2/images/CASIA2.0_revised/Au/Au_sec_30275.jpg,0,0.3338724772135417,3,1,0.02,0.5
/content/drive/MyDrive/CV_Project/datasets/casia2/images/CASIA2.0_revised/Au/Au_sec_30276.jpg,0,0.204925537109375,3,1,0.02,0.5
/content/drive/MyDrive/CV_Project/datasets/casia2/images/CASIA2.0_revised/Au/Au_sec_30277.jpg,0,0.0991617838541666,3,1,0.02,0.5
/content/drive/MyDrive/CV_Project/datasets/casia2/images/CASIA2.0_revised/Au/Au_sec_30278.jpg,0,0.47332763671875,3,1,0.02,0.5
/content/drive/MyDrive/CV_Project/datasets/casia2/images/CASIA2.0_revised/Au/Au_sec_30279.jpg,0,0.3605244954427083,3,1,0.02,0.5
/content/drive/MyDrive/CV_Project/datasets/casia2/images/CASIA2.0_revised/Au/Au_sec_30280.jpg,0,0.450714111328125,3,1,0.02,0.5
/content/drive/MyDrive/CV_Project/datasets/casia2/images/CASIA2.0_revised/Au/Au_sec_30281.jpg,0,0.5561421712239584,3,1,0.02,0.5
/content/drive/MyDrive/CV_Project/datasets/casia2/images/CASIA2.0_revised/Au/Au_sec_30282.jpg,0,0.14263916015625,3,1,0.02,0.5
/content/drive/MyDrive/CV_Project/datasets/casia2/images/CASIA2.0_revised/Au/Au_sec_30283.jpg,0,0.0,3,1,0.02,0.5
/content/drive/MyDrive/CV_Project/datasets/casia2/images/CASIA2.0_revised/Au/Au_sec_30284.jpg,0,0.0573933919270833,3,1,0.02,0.5
/content/drive/MyDrive/CV_Project/datasets/casia2/images/CASIA2.0_revised/Au/Au_sec_30285.jpg,0,0.1776021321614583,3,1,0.02,0.5
/content/drive/MyDrive/CV_Project/datasets/casia2/images/CASIA2.0_revised/Au/Au_sec_30286.jpg,0,0.182342529296875,3,1,0.02,0.5
/content/drive/MyDrive/CV_Project/datasets/casia2/images/CASIA2.0_revised/Au/Au_sec_30287.jpg,0,0.2757364908854167,3,1,0.02,0.5
/content/drive/MyDrive/CV_Project/datasets/casia2/images/CASIA2.0_revised/Au/Au_sec_30288.jpg,0,0.0,3,1,0.02,0.5
/content/drive/MyDrive/CV_Project/datasets/casia2/images/CASIA2.0_revised/Au/Au_sec_30289.jpg,0,0.3927205403645833,3,1,0.02,0.5
/content/drive/MyDrive/CV_Project/datasets/casia2/images/CASIA2.0_revised/Au/Au_sec_30290.jpg,0,0.0,3,1,0.02,0.5
/content/drive/MyDrive/CV_Project/datasets/casia2/images/CASIA2.0_revised/Au/Au_sec_30291.jpg,0,0.0206502278645833,3,1,0.02,0.5
/content/drive/MyDrive/CV_Project/datasets/casia2/images/CASIA2.0_revised/Au/Au_sec_30292.jpg,0,0.037628173828125,3,1,0.02,0.5
/content/drive/MyDrive/CV_Project/datasets/casia2/images/CASIA2.0_revised/Au/Au_sec_30293.jpg,0,0.0722757975260416,3,1,0.02,0.5
/content/drive/MyDrive/CV_Project/datasets/casia2/images/CASIA2.0_revised/Au/Au_sec_30294.jpg,0,0.1394246419270833,3,1,0.02,0.5
/content/drive/MyDrive/CV_Project/datasets/casia2/images/CASIA2.0_revised/Au/Au_sec_30295.jpg,0,0.436004638671875,3,1,0.02,0.5
/content/drive/MyDrive/CV_Project/datasets/casia2/images/CASIA2.0_revised/Au/Au_sec_30296.jpg,0,0.0,3,1,0.02,0.5
/content/drive/MyDrive/CV_Project/datasets/casia2/images/CASIA2.0_revised/Au/Au_sec_30297.jpg,0,0.0,3,1,0.02,0.5
/content/drive/MyDrive/CV_Project/datasets/casia2/images/CASIA2.0_revised/Au/Au_sec_30298.jpg,0,0.4215291341145833,3,1,0.02,0.5
/content/drive/MyDrive/CV_Project/datasets/casia2/images/CASIA2.0_revised/Au/Au_sec_30299.jpg,0,0.20989990234375,3,1,0.02,0.5
/content/drive/MyDrive/CV_Project/datasets/casia2/images/CASIA2.0_revised/Au/Au_sec_30300.jpg,0,0.662261962890625,3,1,0.02,0.5
/content/drive/MyDrive/CV_Project/datasets/casia2/images/CASIA2.0_revised/Au/Au_sec_30301.jpg,0,0.1122538248697916,3,1,0.02,0.5
/content/drive/MyDrive/CV_Project/datasets/casia2/images/CASIA2.0_revised/Au/Au_sec_30302.jpg,0,0.1072794596354166,3,1,0.02,0.5
/content/drive/MyDrive/CV_Project/datasets/casia2/images/CASIA2.0_revised/Au/Au_sec_30303.jpg,0,0.617889404296875,3,1,0.02,0.5
/content/drive/MyDrive/CV_Project/datasets/casia2/images/CASIA2.0_revised/Au/Au_sec_30304.jpg,0,0.0254007975260416,3,1,0.02,0.5
/content/drive/MyDrive/CV_Project/datasets/casia2/images/CASIA2.0_revised/Au/Au_sec_30305.jpg,0,0.3008626302083333,3,1,0.02,0.5
/content/drive/MyDrive/CV_Project/datasets/casia2/images/CASIA2.0_revised/Au/Au_sec_30306.jpg,0,0.2960917154947917,3,1,0.02,0.5
/content/drive/MyDrive/CV_Project/datasets/casia2/images/CASIA2.0_revised/Au/Au_sec_30307.jpg,0,0.3627726236979167,3,1,0.02,0.5
/content/drive/MyDrive/CV_Project/datasets/casia2/images/CASIA2.0_revised/Au/Au_sec_30308.jpg,0,0.292510986328125,3,1,0.02,0.5
/content/drive/MyDrive/CV_Project/datasets/casia2/images/CASIA2.0_revised/Au/Au_sec_30309.jpg,0,0.6267191569010416,3,1,0.02,0.5
/content/drive/MyDrive/CV_Project/datasets/casia2/images/CASIA2.0_revised/Au/Au_sec_30310.jpg,0,0.8849589029947916,3,1,0.02,0.5
/content/drive/MyDrive/CV_Project/datasets/casia2/images/CASIA2.0_revised/Au/Au_sec_30311.jpg,0,0.0,3,1,0.02,0.5
/content/drive/MyDrive/CV_Project/datasets/casia2/images/CASIA2.0_revised/Au/Au_sec_30312.jpg,0,0.0,3,1,0.02,0.5
/content/drive/MyDrive/CV_Project/datasets/casia2/images/CASIA2.0_revised/Au/Au_sec_30313.jpg,0,0.0,3,1,0.02,0.5
/content/drive/MyDrive/CV_Project/datasets/casia2/images/CASIA2.0_revised/Au/Au_sec_30314.jpg,0,0.48529052734375,3,1,0.02,0.5
/content/drive/MyDrive/CV_Project/datasets/casia2/images/CASIA2.0_revised/Au/Au_sec_30315.jpg,0,0.0216878255208333,3,1,0.02,0.5
/content/drive/MyDrive/CV_Project/datasets/casia2/images/CASIA2.0_revised/Au/Au_sec_30316.jpg,0,0.05157470703125,3,1,0.02,0.5
/content/drive/MyDrive/CV_Project/datasets/casia2/images/CASIA2.0_revised/Au/Au_sec_30317.jpg,0,0.0,3,1,0.02,0.5
/content/drive/MyDrive/CV_Project/datasets/casia2/images/CASIA2.0_revised/Au/Au_sec_30318.jpg,0,0.0213724772135416,3,1,0.02,0.5
/content/drive/MyDrive/CV_Project/datasets/casia2/images/CASIA2.0_revised/Au/Au_sec_30319.jpg,0,0.0,3,1,0.02,0.5
/content/drive/MyDrive/CV_Project/datasets/casia2/images/CASIA2.0_revised/Au/Au_sec_30320.jpg,0,0.21417236328125,3,1,0.02,0.5
/content/drive/MyDrive/CV_Project/datasets/casia2/images/CASIA2.0_revised/Au/Au_sec_30321.jpg,0,0.6090087890625,3,1,0.02,0.5
/content/drive/MyDrive/CV_Project/datasets/casia2/images/CASIA2.0_revised/Au/Au_sec_30322.jpg,0,0.0879109700520833,3,1,0.02,0.5
/content/drive/MyDrive/CV_Project/datasets/casia2/images/CASIA2.0_revised/Au/Au_sec_30323.jpg,0,0.1304728190104166,3,1,0.02,0.5
/content/drive/MyDrive/CV_Project/datasets/casia2/images/CASIA2.0_revised/Au/Au_sec_30324.jpg,0,0.0998433430989583,3,1,0.02,0.5
/content/drive/MyDrive/CV_Project/datasets/casia2/images/CASIA2.0_revised/Au/Au_sec_30325.jpg,0,0.0521443684895833,3,1,0.02,0.5
/content/drive/MyDrive/CV_Project/datasets/casia2/images/CASIA2.0_revised/Au/Au_sec_30326.jpg,0,0.0,3,1,0.02,0.5
/content/drive/MyDrive/CV_Project/datasets/casia2/images/CASIA2.0_revised/Au/Au_sec_30327.jpg,0,0.0246073404947916,3,1,0.02,0.5
/content/drive/MyDrive/CV_Project/datasets/casia2/images/CASIA2.0_revised/Au/Au_sec_30328.jpg,0,0.223480224609375,3,1,0.02,0.5
/content/drive/MyDrive/CV_Project/datasets/casia2/images/CASIA2.0_revised/Au/Au_sec_30329.jpg,0,0.2746683756510417,3,1,0.02,0.5
/content/drive/MyDrive/CV_Project/datasets/casia2/images/CASIA2.0_revised/Au/Au_sec_30330.jpg,0,0.0,3,1,0.02,0.5
/content/drive/MyDrive/CV_Project/datasets/casia2/images/CASIA2.0_revised/Au/Au_sec_30331.jpg,0,0.0,3,1,0.02,0.5
/content/drive/MyDrive/CV_Project/datasets/casia2/images/CASIA2.0_revised/Au/Au_sec_30332.jpg,0,0.0,3,1,0.02,0.5
/content/drive/MyDrive/CV_Project/datasets/casia2/images/CASIA2.0_revised/Au/Au_sec_30333.jpg,0,0.0649820963541666,3,1,0.02,0.5
/content/drive/MyDrive/CV_Project/datasets/casia2/images/CASIA2.0_revised/Au/Au_sec_30334.jpg,0,0.0,3,1,0.02,0.5
/content/drive/MyDrive/CV_Project/datasets/casia2/images/CASIA2.0_revised/Au/Au_sec_30335.jpg,0,0.096710205078125,3,1,0.02,0.5
/content/drive/MyDrive/CV_Project/datasets/casia2/images/CASIA2.0_revised/Au/Au_sec_30336.jpg,0,0.2540791829427083,3,1,0.02,0.5
/content/drive/MyDrive/CV_Project/datasets/casia2/images/CASIA2.0_revised/Au/Au_sec_30337.jpg,0,0.482818603515625,3,1,0.02,0.5
/content/drive/MyDrive/CV_Project/datasets/casia2/images/CASIA2.0_revised/Au/Au_sec_30338.jpg,0,0.2917378743489583,3,1,0.02,0.5
/content/drive/MyDrive/CV_Project/datasets/casia2/images/CASIA2.0_revised/Au/Au_sec_30339.jpg,0,0.1207682291666666,3,1,0.02,0.5
/content/drive/MyDrive/CV_Project/datasets/casia2/images/CASIA2.0_revised/Au/Au_sec_30340.jpg,0,0.28497314453125,3,1,0.02,0.5
/content/drive/MyDrive/CV_Project/datasets/casia2/images/CASIA2.0_revised/Au/Au_sec_30341.jpg,0,0.032379150390625,3,1,0.02,0.5
/content/drive/MyDrive/CV_Project/datasets/casia2/images/CASIA2.0_revised/Au/Au_sec_30342.jpg,0,0.0329793294270833,3,1,0.02,0.5
/content/drive/MyDrive/CV_Project/datasets/casia2/images/CASIA2.0_revised/Au/Au_sec_30343.jpg,0,0.0377400716145833,3,1,0.02,0.5
/content/drive/MyDrive/CV_Project/datasets/casia2/images/CASIA2.0_revised/Au/Au_sec_30344.jpg,0,0.0,3,1,0.02,0.5
/content/drive/MyDrive/CV_Project/datasets/casia2/images/CASIA2.0_revised/Au/Au_sec_30345.jpg,0,0.0746561686197916,3,1,0.02,0.5
/content/drive/MyDrive/CV_Project/datasets/casia2/images/CASIA2.0_revised/Au/Au_sec_30346.jpg,0,0.530670166015625,3,1,0.02,0.5
/content/drive/MyDrive/CV_Project/datasets/casia2/images/CASIA2.0_revised/Au/Au_sec_30347.jpg,0,0.0569051106770833,3,1,0.02,0.5
/content/drive/MyDrive/CV_Project/datasets/casia2/images/CASIA2.0_revised/Au/Au_sec_30348.jpg,0,0.0,3,1,0.02,0.5
/content/drive/MyDrive/CV_Project/datasets/casia2/images/CASIA2.0_revised/Au/Au_sec_30349.jpg,0,0.27423095703125,3,1,0.02,0.5
/content/drive/MyDrive/CV_Project/datasets/casia2/images/CASIA2.0_revised/Au/Au_sec_30350.jpg,0,0.0,3,1,0.02,0.5
/content/drive/MyDrive/CV_Project/datasets/casia2/images/CASIA2.0_revised/Au/Au_sec_30351.jpg,0,0.0,3,1,0.02,0.5
/content/drive/MyDrive/CV_Project/datasets/casia2/images/CASIA2.0_revised/Au/Au_sec_30352.jpg,0,0.0,3,1,0.02,0.5
/content/drive/MyDrive/CV_Project/datasets/casia2/images/CASIA2.0_revised/Au/Au_sec_30353.jpg,0,0.7800089518229166,3,1,0.02,0.5
/content/drive/MyDrive/CV_Project/datasets/casia2/images/CASIA2.0_revised/Au/Au_sec_30354.jpg,0,0.0,3,1,0.02,0.5
/content/drive/MyDrive/CV_Project/datasets/casia2/images/CASIA2.0_revised/Au/Au_sec_30355.jpg,0,0.3919576009114583,3,1,0.02,0.5
/content/drive/MyDrive/CV_Project/datasets/casia2/images/CASIA2.0_revised/Au/Au_sec_30356.jpg,0,0.0,3,1,0.02,0.5
/content/drive/MyDrive/CV_Project/datasets/casia2/images/CASIA2.0_revised/Au/Au_sec_30357.jpg,0,0.1801554361979166,3,1,0.02,0.5
/content/drive/MyDrive/CV_Project/datasets/casia2/images/CASIA2.0_revised/Au/Au_sec_30358.jpg,0,0.3555094401041667,3,1,0.02,0.5
/content/drive/MyDrive/CV_Project/datasets/casia2/images/CASIA2.0_revised/Au/Au_sec_30359.jpg,0,0.3618876139322917,3,1,0.02,0.5
/content/drive/MyDrive/CV_Project/datasets/casia2/images/CASIA2.0_revised/Au/Au_sec_30360.jpg,0,0.24432373046875,3,1,0.02,0.5
/content/drive/MyDrive/CV_Project/datasets/casia2/images/CASIA2.0_revised/Au/Au_sec_30361.jpg,0,0.023468017578125,3,1,0.02,0.5
/content/drive/MyDrive/CV_Project/datasets/casia2/images/CASIA2.0_revised/Au/Au_sec_30362.jpg,0,0.16082763671875,3,1,0.02,0.5
/content/drive/MyDrive/CV_Project/datasets/casia2/images/CASIA2.0_revised/Au/Au_sec_30363.jpg,0,0.2099507649739583,3,1,0.02,0.5
/content/drive/MyDrive/CV_Project/datasets/casia2/images/CASIA2.0_revised/Au/Au_sec_30364.jpg,0,0.2999979654947917,3,1,0.02,0.5
/content/drive/MyDrive/CV_Project/datasets/casia2/images/CASIA2.0_revised/Au/Au_sec_30365.jpg,0,0.2417093912760416,3,1,0.02,0.5
/content/drive/MyDrive/CV_Project/datasets/casia2/images/CASIA2.0_revised/Au/Au_sec_30366.jpg,0,0.8074137369791666,3,1,0.02,0.5
/content/drive/MyDrive/CV_Project/datasets/casia2/images/CASIA2.0_revised/Au/Au_sec_30367.jpg,0,0.6937764485677084,3,1,0.02,0.5
/content/drive/MyDrive/CV_Project/datasets/casia2/images/CASIA2.0_revised/Au/Au_sec_30368.jpg,0,0.133697509765625,3,1,0.02,0.5
/content/drive/MyDrive/CV_Project/datasets/casia2/images/CASIA2.0_revised/Au/Au_sec_30369.jpg,0,0.227935791015625,3,1,0.02,0.5
/content/drive/MyDrive/CV_Project/datasets/casia2/images/CASIA2.0_revised/Au/Au_sec_30370.jpg,0,0.4652811686197917,3,1,0.02,0.5
/content/drive/MyDrive/CV_Project/datasets/casia2/images/CASIA2.0_revised/Au/Au_sec_30371.jpg,0,0.4252421061197917,3,1,0.02,0.5
/content/drive/MyDrive/CV_Project/datasets/casia2/images/CASIA2.0_revised/Au/Au_sec_30372.jpg,0,0.1747945149739583,3,1,0.02,0.5
/content/drive/MyDrive/CV_Project/datasets/casia2/images/CASIA2.0_revised/Au/Au_sec_30373.jpg,0,0.0,3,1,0.02,0.5
/content/drive/MyDrive/CV_Project/datasets/casia2/images/CASIA2.0_revised/Au/Au_sec_30374.jpg,0,0.0779317220052083,3,1,0.02,0.5
/content/drive/MyDrive/CV_Project/datasets/casia2/images/CASIA2.0_revised/Au/Au_sec_30375.jpg,0,0.2389628092447916,3,1,0.02,0.5
/content/drive/MyDrive/CV_Project/datasets/casia2/images/CASIA2.0_revised/Au/Au_sec_30376.jpg,0,0.0255635579427083,3,1,0.02,0.5
/content/drive/MyDrive/CV_Project/datasets/casia2/images/CASIA2.0_revised/Au/Au_sec_30377.jpg,0,0.0,3,1,0.02,0.5
/content/drive/MyDrive/CV_Project/datasets/casia2/images/CASIA2.0_revised/Au/Au_sec_30378.jpg,0,0.0888875325520833,3,1,0.02,0.5
/content/drive/MyDrive/CV_Project/datasets/casia2/images/CASIA2.0_revised/Au/Au_sec_30379.jpg,0,0.3478597005208333,3,1,0.02,0.5
/content/drive/MyDrive/CV_Project/datasets/casia2/images/CASIA2.0_revised/Au/Au_sec_30380.jpg,0,0.0693766276041666,3,1,0.02,0.5
/content/drive/MyDrive/CV_Project/datasets/casia2/images/CASIA2.0_revised/Au/Au_sec_30381.jpg,0,0.5139872233072916,3,1,0.02,0.5
/content/drive/MyDrive/CV_Project/datasets/casia2/images/CASIA2.0_revised/Au/Au_sec_30382.jpg,0,0.298858642578125,3,1,0.02,0.5
/content/drive/MyDrive/CV_Project/datasets/casia2/images/CASIA2.0_revised/Au/Au_sec_30383.jpg,0,0.1880086263020833,3,1,0.02,0.5
/content/drive/MyDrive/CV_Project/datasets/casia2/images/CASIA2.0_revised/Au/Au_sec_30384.jpg,0,0.0,3,1,0.02,0.5
/content/drive/MyDrive/CV_Project/datasets/casia2/images/CASIA2.0_revised/Au/Au_sec_30385.jpg,0,0.0,3,1,0.02,0.5
/content/drive/MyDrive/CV_Project/datasets/casia2/images/CASIA2.0_revised/Au/Au_sec_30386.jpg,0,0.1143900553385416,3,1,0.02,0.5
/content/drive/MyDrive/CV_Project/datasets/casia2/images/CASIA2.0_revised/Au/Au_sec_30387.jpg,0,0.5990702311197916,3,1,0.02,0.5
/content/drive/MyDrive/CV_Project/datasets/casia2/images/CASIA2.0_revised/Au/Au_sec_30388.jpg,0,0.0,3,1,0.02,0.5
/content/drive/MyDrive/CV_Project/datasets/casia2/images/CASIA2.0_revised/Au/Au_sec_30389.jpg,0,0.0,3,1,0.02,0.5
/content/drive/MyDrive/CV_Project/datasets/casia2/images/CASIA2.0_revised/Au/Au_sec_30390.jpg,0,0.5151570638020834,3,1,0.02,0.5
/content/drive/MyDrive/CV_Project/datasets/casia2/images/CASIA2.0_revised/Au/Au_sec_30391.jpg,0,0.0469462076822916,3,1,0.02,0.5
/content/drive/MyDrive/CV_Project/datasets/casia2/images/CASIA2.0_revised/Au/Au_sec_30392.jpg,0,0.0,3,1,0.02,0.5
/content/drive/MyDrive/CV_Project/datasets/casia2/images/CASIA2.0_revised/Au/Au_sec_30393.jpg,0,0.0808207194010416,3,1,0.02,0.5
/content/drive/MyDrive/CV_Project/datasets/casia2/images/CASIA2.0_revised/Au/Au_sec_30394.jpg,0,0.3955281575520833,3,1,0.02,0.5
/content/drive/MyDrive/CV_Project/datasets/casia2/images/CASIA2.0_revised/Au/Au_sec_30395.jpg,0,0.0,3,1,0.02,0.5
/content/drive/MyDrive/CV_Project/datasets/casia2/images/CASIA2.0_revised/Au/Au_sec_30396.jpg,0,0.5001118977864584,3,1,0.02,0.5
/content/drive/MyDrive/CV_Project/datasets/casia2/images/CASIA2.0_revised/Au/Au_sec_30397.jpg,0,0.1019694010416666,3,1,0.02,0.5
/content/drive/MyDrive/CV_Project/datasets/casia2/images/CASIA2.0_revised/Au/Au_sec_30398.jpg,0,0.3131815592447917,3,1,0.02,0.5
/content/drive/MyDrive/CV_Project/datasets/casia2/images/CASIA2.0_revised/Au/Au_sec_30399.jpg,0,0.06927490234375,3,1,0.02,0.5
/content/drive/MyDrive/CV_Project/datasets/casia2/images/CASIA2.0_revised/Au/Au_sec_30400.jpg,0,0.2213846842447916,3,1,0.02,0.5
/content/drive/MyDrive/CV_Project/datasets/casia2/images/CASIA2.0_revised/Au/Au_sec_30401.jpg,0,0.0487060546875,3,1,0.02,0.5
/content/drive/MyDrive/CV_Project/datasets/casia2/images/CASIA2.0_revised/Au/Au_sec_30402.jpg,0,0.1003824869791666,3,1,0.02,0.5
/content/drive/MyDrive/CV_Project/datasets/casia2/images/CASIA2.0_revised/Au/Au_sec_30403.jpg,0,0.1285400390625,3,1,0.02,0.5
/content/drive/MyDrive/CV_Project/datasets/casia2/images/CASIA2.0_revised/Au/Au_sec_30404.jpg,0,0.0,3,1,0.02,0.5
/content/drive/MyDrive/CV_Project/datasets/casia2/images/CASIA2.0_revised/Au/Au_sec_30405.jpg,0,0.1991475423177083,3,1,0.02,0.5
/content/drive/MyDrive/CV_Project/datasets/casia2/images/CASIA2.0_revised/Au/Au_sec_30406.jpg,0,0.0629781087239583,3,1,0.02,0.5
/content/drive/MyDrive/CV_Project/datasets/casia2/images/CASIA2.0_revised/Au/Au_sec_30407.jpg,0,0.31640625,3,1,0.02,0.5
/content/drive/MyDrive/CV_Project/datasets/casia2/images/CASIA2.0_revised/Au/Au_sec_30408.jpg,0,0.0259908040364583,3,1,0.02,0.5
/content/drive/MyDrive/CV_Project/datasets/casia2/images/CASIA2.0_revised/Au/Au_sec_30409.jpg,0,0.0,3,1,0.02,0.5
/content/drive/MyDrive/CV_Project/datasets/casia2/images/CASIA2.0_revised/Au/Au_sec_30410.jpg,0,0.0,3,1,0.02,0.5
/content/drive/MyDrive/CV_Project/datasets/casia2/images/CASIA2.0_revised/Au/Au_sec_30411.jpg,0,0.1311238606770833,3,1,0.02,0.5
/content/drive/MyDrive/CV_Project/datasets/casia2/images/CASIA2.0_revised/Au/Au_sec_30412.jpg,0,0.1843770345052083,3,1,0.02,0.5
/content/drive/MyDrive/CV_Project/datasets/casia2/images/CASIA2.0_revised/Au/Au_sec_30413.jpg,0,0.0,3,1,0.02,0.5
/content/drive/MyDrive/CV_Project/datasets/casia2/images/CASIA2.0_revised/Au/Au_sec_30414.jpg,0,0.1277058919270833,3,1,0.02,0.5
/content/drive/MyDrive/CV_Project/datasets/casia2/images/CASIA2.0_revised/Au/Au_sec_30415.jpg,0,0.0229390462239583,3,1,0.02,0.5
/content/drive/MyDrive/CV_Project/datasets/casia2/images/CASIA2.0_revised/Au/Au_sec_30416.jpg,0,0.0,3,1,0.02,0.5
/content/drive/MyDrive/CV_Project/datasets/casia2/images/CASIA2.0_revised/Au/Au_sec_30417.jpg,0,0.2783304850260417,3,1,0.02,0.5
/content/drive/MyDrive/CV_Project/datasets/casia2/images/CASIA2.0_revised/Au/Au_sec_30418.jpg,0,0.2852071126302083,3,1,0.02,0.5
/content/drive/MyDrive/CV_Project/datasets/casia2/images/CASIA2.0_revised/Au/Au_sec_30419.jpg,0,0.0,3,1,0.02,0.5
/content/drive/MyDrive/CV_Project/datasets/casia2/images/CASIA2.0_revised/Au/Au_sec_30420.jpg,0,0.0,3,1,0.02,0.5
/content/drive/MyDrive/CV_Project/datasets/casia2/images/CASIA2.0_revised/Au/Au_sec_30421.jpg,0,0.0,3,1,0.02,0.5
/content/drive/MyDrive/CV_Project/datasets/casia2/images/CASIA2.0_revised/Au/Au_sec_30422.jpg,0,0.3975423177083333,3,1,0.02,0.5
/content/drive/MyDrive/CV_Project/datasets/casia2/images/CASIA2.0_revised/Au/Au_sec_30423.jpg,0,0.2293294270833333,3,1,0.02,0.5
/content/drive/MyDrive/CV_Project/datasets/casia2/images/CASIA2.0_revised/Au/Au_sec_30424.jpg,0,0.0,3,1,0.02,0.5
/content/drive/MyDrive/CV_Project/datasets/casia2/images/CASIA2.0_revised/Au/Au_sec_30425.jpg,0,0.092315673828125,3,1,0.02,0.5
/content/drive/MyDrive/CV_Project/datasets/casia2/images/CASIA2.0_revised/Au/Au_sec_30426.jpg,0,0.0213724772135416,3,1,0.02,0.5
/content/drive/MyDrive/CV_Project/datasets/casia2/images/CASIA2.0_revised/Au/Au_sec_30427.jpg,0,0.0318603515625,3,1,0.02,0.5
/content/drive/MyDrive/CV_Project/datasets/casia2/images/CASIA2.0_revised/Au/Au_sec_30428.jpg,0,0.26434326171875,3,1,0.02,0.5
/content/drive/MyDrive/CV_Project/datasets/casia2/images/CASIA2.0_revised/Au/Au_sec_30429.jpg,0,0.2405904134114583,3,1,0.02,0.5
/content/drive/MyDrive/CV_Project/datasets/casia2/images/CASIA2.0_revised/Au/Au_sec_30430.jpg,0,0.1220194498697916,3,1,0.02,0.5
/content/drive/MyDrive/CV_Project/datasets/casia2/images/CASIA2.0_revised/Au/Au_sec_30431.jpg,0,0.3511149088541667,3,1,0.02,0.5
/content/drive/MyDrive/CV_Project/datasets/casia2/images/CASIA2.0_revised/Au/Au_sec_30432.jpg,0,0.0939737955729166,3,1,0.02,0.5
/content/drive/MyDrive/CV_Project/datasets/casia2/images/CASIA2.0_revised/Au/Au_sec_30433.jpg,0,0.3238728841145833,3,1,0.02,0.5
/content/drive/MyDrive/CV_Project/datasets/casia2/images/CASIA2.0_revised/Au/Au_sec_30434.jpg,0,0.0342000325520833,3,1,0.02,0.5
/content/drive/MyDrive/CV_Project/datasets/casia2/images/CASIA2.0_revised/Au/Au_sec_30435.jpg,0,0.049224853515625,3,1,0.02,0.5
/content/drive/MyDrive/CV_Project/datasets/casia2/images/CASIA2.0_revised/Au/Au_sec_30436.jpg,0,0.1199951171875,3,1,0.02,0.5
/content/drive/MyDrive/CV_Project/datasets/casia2/images/CASIA2.0_revised/Au/Au_sec_30437.jpg,0,0.2187906901041666,3,1,0.02,0.5
/content/drive/MyDrive/CV_Project/datasets/casia2/images/CASIA2.0_revised/Au/Au_sec_30438.jpg,0,0.3162333170572917,3,1,0.02,0.5
/content/drive/MyDrive/CV_Project/datasets/casia2/images/CASIA2.0_revised/Au/Au_sec_30439.jpg,0,0.0,3,1,0.02,0.5
/content/drive/MyDrive/CV_Project/datasets/casia2/images/CASIA2.0_revised/Au/Au_sec_30440.jpg,0,0.0,3,1,0.02,0.5
/content/drive/MyDrive/CV_Project/datasets/casia2/images/CASIA2.0_revised/Au/Au_sec_30441.jpg,0,0.0,3,1,0.02,0.5
/content/drive/MyDrive/CV_Project/datasets/casia2/images/CASIA2.0_revised/Au/Au_sec_30442.jpg,0,0.1235758463541666,3,1,0.02,0.5
/content/drive/MyDrive/CV_Project/datasets/casia2/images/CASIA2.0_revised/Au/Au_sec_30443.jpg,0,0.2490132649739583,3,1,0.02,0.5
/content/drive/MyDrive/CV_Project/datasets/casia2/images/CASIA2.0_revised/Au/Au_sec_30444.jpg,0,0.0,3,1,0.02,0.5
/content/drive/MyDrive/CV_Project/datasets/casia2/images/CASIA2.0_revised/Au/Au_sec_30445.jpg,0,0.0,3,1,0.02,0.5
/content/drive/MyDrive/CV_Project/datasets/casia2/images/CASIA2.0_revised/Au/Au_sec_30446.jpg,0,0.0,3,1,0.02,0.5
/content/drive/MyDrive/CV_Project/datasets/casia2/images/CASIA2.0_revised/Au/Au_sec_30447.jpg,0,0.1666666666666666,3,1,0.02,0.5
/content/drive/MyDrive/CV_Project/datasets/casia2/images/CASIA2.0_revised/Au/Au_sec_30448.jpg,0,0.3270670572916667,3,1,0.02,0.5
/content/drive/MyDrive/CV_Project/datasets/casia2/images/CASIA2.0_revised/Au/Au_sec_30449.jpg,0,0.0,3,1,0.02,0.5
/content/drive/MyDrive/CV_Project/datasets/casia2/images/CASIA2.0_revised/Au/Au_sec_30450.jpg,0,0.0,3,1,0.02,0.5
/content/drive/MyDrive/CV_Project/datasets/casia2/images/CASIA2.0_revised/Au/Au_sec_30451.jpg,0,0.25244140625,3,1,0.02,0.5
/content/drive/MyDrive/CV_Project/datasets/casia2/images/CASIA2.0_revised/Au/Au_sec_30452.jpg,0,0.0,3,1,0.02,0.5
/content/drive/MyDrive/CV_Project/datasets/casia2/images/CASIA2.0_revised/Au/Au_sec_30453.jpg,0,0.081268310546875,3,1,0.02,0.5
/content/drive/MyDrive/CV_Project/datasets/casia2/images/CASIA2.0_revised/Au/Au_sec_30454.jpg,0,0.3744405110677083,3,1,0.02,0.5
/content/drive/MyDrive/CV_Project/datasets/casia2/images/CASIA2.0_revised/Au/Au_sec_30455.jpg,0,0.0,3,1,0.02,0.5
/content/drive/MyDrive/CV_Project/datasets/casia2/images/CASIA2.0_revised/Au/Au_sec_30456.jpg,0,0.2042236328125,3,1,0.02,0.5
/content/drive/MyDrive/CV_Project/datasets/casia2/images/CASIA2.0_revised/Au/Au_sec_30457.jpg,0,0.029022216796875,3,1,0.02,0.5
/content/drive/MyDrive/CV_Project/datasets/casia2/images/CASIA2.0_revised/Au/Au_sec_30458.jpg,0,0.04168701171875,3,1,0.02,0.5
/content/drive/MyDrive/CV_Project/datasets/casia2/images/CASIA2.0_revised/Au/Au_sec_30459.jpg,0,0.0729166666666666,3,1,0.02,0.5
/content/drive/MyDrive/CV_Project/datasets/casia2/images/CASIA2.0_revised/Au/Au_sec_30460.jpg,0,0.1497395833333333,3,1,0.02,0.5
/content/drive/MyDrive/CV_Project/datasets/casia2/images/CASIA2.0_revised/Au/Au_sec_30461.jpg,0,0.6135660807291666,3,1,0.02,0.5
/content/drive/MyDrive/CV_Project/datasets/casia2/images/CASIA2.0_revised/Au/Au_sec_30462.jpg,0,0.7148539225260416,3,1,0.02,0.5
/content/drive/MyDrive/CV_Project/datasets/casia2/images/CASIA2.0_revised/Au/Au_sec_30463.jpg,0,0.071502685546875,3,1,0.02,0.5
/content/drive/MyDrive/CV_Project/datasets/casia2/images/CASIA2.0_revised/Au/Au_sec_30464.jpg,0,0.0,3,1,0.02,0.5
/content/drive/MyDrive/CV_Project/datasets/casia2/images/CASIA2.0_revised/Au/Au_sec_30465.jpg,0,0.1528116861979166,3,1,0.02,0.5
/content/drive/MyDrive/CV_Project/datasets/casia2/images/CASIA2.0_revised/Au/Au_sec_30466.jpg,0,0.3604736328125,3,1,0.02,0.5
/content/drive/MyDrive/CV_Project/datasets/casia2/images/CASIA2.0_revised/Au/Au_sec_30467.jpg,0,0.453521728515625,3,1,0.02,0.5
/content/drive/MyDrive/CV_Project/datasets/casia2/images/CASIA2.0_revised/Au/Au_sec_30468.jpg,0,0.2586568196614583,3,1,0.02,0.5
/content/drive/MyDrive/CV_Project/datasets/casia2/images/CASIA2.0_revised/Au/Au_sec_30469.jpg,0,0.8895467122395834,3,1,0.02,0.5
/content/drive/MyDrive/CV_Project/datasets/casia2/images/CASIA2.0_revised/Au/Au_sec_30470.jpg,0,0.5947062174479166,3,1,0.02,0.5
/content/drive/MyDrive/CV_Project/datasets/casia2/images/CASIA2.0_revised/Au/Au_sec_30471.jpg,0,0.5399983723958334,3,1,0.02,0.5
/content/drive/MyDrive/CV_Project/datasets/casia2/images/CASIA2.0_revised/Au/Au_sec_30472.jpg,0,0.3582763671875,3,1,0.02,0.5
/content/drive/MyDrive/CV_Project/datasets/casia2/images/CASIA2.0_revised/Au/Au_sec_30473.jpg,0,0.135711669921875,3,1,0.02,0.5
/content/drive/MyDrive/CV_Project/datasets/casia2/images/CASIA2.0_revised/Au/Au_sec_30474.jpg,0,0.6887308756510416,3,1,0.02,0.5
/content/drive/MyDrive/CV_Project/datasets/casia2/images/CASIA2.0_revised/Au/Au_sec_30475.jpg,0,0.4228515625,3,1,0.02,0.5
/content/drive/MyDrive/CV_Project/datasets/casia2/images/CASIA2.0_revised/Au/Au_sec_30476.jpg,0,0.3323262532552083,3,1,0.02,0.5
/content/drive/MyDrive/CV_Project/datasets/casia2/images/CASIA2.0_revised/Au/Au_sec_30477.jpg,0,0.5164082845052084,3,1,0.02,0.5
/content/drive/MyDrive/CV_Project/datasets/casia2/images/CASIA2.0_revised/Au/Au_sec_30478.jpg,0,0.0,3,1,0.02,0.5
/content/drive/MyDrive/CV_Project/datasets/casia2/images/CASIA2.0_revised/Au/Au_sec_30479.jpg,0,0.3330790201822917,3,1,0.02,0.5
/content/drive/MyDrive/CV_Project/datasets/casia2/images/CASIA2.0_revised/Au/Au_sec_30480.jpg,0,0.3287251790364583,3,1,0.02,0.5
/content/drive/MyDrive/CV_Project/datasets/casia2/images/CASIA2.0_revised/Au/Au_sec_30481.jpg,0,0.1354573567708333,3,1,0.02,0.5
/content/drive/MyDrive/CV_Project/datasets/casia2/images/CASIA2.0_revised/Au/Au_sec_30482.jpg,0,0.4458211263020833,3,1,0.02,0.5
/content/drive/MyDrive/CV_Project/datasets/casia2/images/CASIA2.0_revised/Au/Au_sec_30483.jpg,0,0.3087056477864583,3,1,0.02,0.5
/content/drive/MyDrive/CV_Project/datasets/casia2/images/CASIA2.0_revised/Au/Au_sec_30484.jpg,0,0.7011210123697916,3,1,0.02,0.5
/content/drive/MyDrive/CV_Project/datasets/casia2/images/CASIA2.0_revised/Au/Au_sec_30485.jpg,0,0.1097310384114583,3,1,0.02,0.5
/content/drive/MyDrive/CV_Project/datasets/casia2/images/CASIA2.0_revised/Au/Au_sec_30486.jpg,0,0.058349609375,3,1,0.02,0.5
/content/drive/MyDrive/CV_Project/datasets/casia2/images/CASIA2.0_revised/Au/Au_sec_30487.jpg,0,0.0518086751302083,3,1,0.02,0.5
/content/drive/MyDrive/CV_Project/datasets/casia2/images/CASIA2.0_revised/Au/Au_sec_30488.jpg,0,0.0544637044270833,3,1,0.02,0.5
/content/drive/MyDrive/CV_Project/datasets/casia2/images/CASIA2.0_revised/Au/Au_sec_30489.jpg,0,0.0901082356770833,3,1,0.02,0.5
/content/drive/MyDrive/CV_Project/datasets/casia2/images/CASIA2.0_revised/Au/Au_sec_30490.jpg,0,0.3139444986979167,3,1,0.02,0.5
/content/drive/MyDrive/CV_Project/datasets/casia2/images/CASIA2.0_revised/Au/Au_sec_30491.jpg,0,0.6439412434895834,3,1,0.02,0.5
/content/drive/MyDrive/CV_Project/datasets/casia2/images/CASIA2.0_revised/Au/Au_sec_30492.jpg,0,0.148651123046875,3,1,0.02,0.5
/content/drive/MyDrive/CV_Project/datasets/casia2/images/CASIA2.0_revised/Au/Au_sec_30493.jpg,0,0.0714619954427083,3,1,0.02,0.5
/content/drive/MyDrive/CV_Project/datasets/casia2/images/CASIA2.0_revised/Au/Au_sec_30494.jpg,0,0.2421875,3,1,0.02,0.5
/content/drive/MyDrive/CV_Project/datasets/casia2/images/CASIA2.0_revised/Au/Au_sec_30495.jpg,0,0.3654988606770833,3,1,0.02,0.5
/content/drive/MyDrive/CV_Project/datasets/casia2/images/CASIA2.0_revised/Au/Au_sec_30496.jpg,0,0.8022054036458334,3,1,0.02,0.5
/content/drive/MyDrive/CV_Project/datasets/casia2/images/CASIA2.0_revised/Au/Au_sec_30497.jpg,0,0.82403564453125,3,1,0.02,0.5
/content/drive/MyDrive/CV_Project/datasets/casia2/images/CASIA2.0_revised/Au/Au_sec_30498.jpg,0,0.0,3,1,0.02,0.5
/content/drive/MyDrive/CV_Project/datasets/casia2/images/CASIA2.0_revised/Au/Au_sec_30499.jpg,0,0.09832763671875,3,1,0.02,0.5
/content/drive/MyDrive/CV_Project/datasets/casia2/images/CASIA2.0_revised/Au/Au_sec_30500.jpg,0,0.05120849609375,3,1,0.02,0.5
/content/drive/MyDrive/CV_Project/datasets/casia2/images/CASIA2.0_revised/Au/Au_sec_30501.jpg,0,0.433837890625,3,1,0.02,0.5
/content/drive/MyDrive/CV_Project/datasets/casia2/images/CASIA2.0_revised/Au/Au_sec_30502.jpg,0,0.30615234375,3,1,0.02,0.5
/content/drive/MyDrive/CV_Project/datasets/casia2/images/CASIA2.0_revised/Au/Au_sec_30503.jpg,0,0.3199361165364583,3,1,0.02,0.5
/content/drive/MyDrive/CV_Project/datasets/casia2/images/CASIA2.0_revised/Au/Au_sec_30504.jpg,0,0.0512491861979166,3,1,0.02,0.5
/content/drive/MyDrive/CV_Project/datasets/casia2/images/CASIA2.0_revised/Au/Au_sec_30505.jpg,0,0.0731608072916666,3,1,0.02,0.5
/content/drive/MyDrive/CV_Project/datasets/casia2/images/CASIA2.0_revised/Au/Au_sec_30506.jpg,0,0.0375773111979166,3,1,0.02,0.5
/content/drive/MyDrive/CV_Project/datasets/casia2/images/CASIA2.0_revised/Au/Au_sec_30507.jpg,0,0.1587931315104166,3,1,0.02,0.5
/content/drive/MyDrive/CV_Project/datasets/casia2/images/CASIA2.0_revised/Au/Au_sec_30508.jpg,0,0.1473185221354166,3,1,0.02,0.5
/content/drive/MyDrive/CV_Project/datasets/casia2/images/CASIA2.0_revised/Au/Au_sec_30509.jpg,0,0.305694580078125,3,1,0.02,0.5
/content/drive/MyDrive/CV_Project/datasets/casia2/images/CASIA2.0_revised/Au/Au_sec_30510.jpg,0,0.6007283528645834,3,1,0.02,0.5
/content/drive/MyDrive/CV_Project/datasets/casia2/images/CASIA2.0_revised/Au/Au_sec_30511.jpg,0,0.7132670084635416,3,1,0.02,0.5
/content/drive/MyDrive/CV_Project/datasets/casia2/images/CASIA2.0_revised/Au/Au_sec_30512.jpg,0,0.0,3,1,0.02,0.5
/content/drive/MyDrive/CV_Project/datasets/casia2/images/CASIA2.0_revised/Au/Au_sec_30513.jpg,0,0.2624308268229167,3,1,0.02,0.5
/content/drive/MyDrive/CV_Project/datasets/casia2/images/CASIA2.0_revised/Au/Au_sec_30514.jpg,0,0.22943115234375,3,1,0.02,0.5
/content/drive/MyDrive/CV_Project/datasets/casia2/images/CASIA2.0_revised/Au/Au_sec_30515.jpg,0,0.550140380859375,3,1,0.02,0.5
/content/drive/MyDrive/CV_Project/datasets/casia2/images/CASIA2.0_revised/Au/Au_sec_30516.jpg,0,0.316802978515625,3,1,0.02,0.5
/content/drive/MyDrive/CV_Project/datasets/casia2/images/CASIA2.0_revised/Au/Au_sec_30517.jpg,0,0.0,3,1,0.02,0.5
/content/drive/MyDrive/CV_Project/datasets/casia2/images/CASIA2.0_revised/Au/Au_sec_30518.jpg,0,0.5070393880208334,3,1,0.02,0.5
/content/drive/MyDrive/CV_Project/datasets/casia2/images/CASIA2.0_revised/Au/Au_sec_30519.jpg,0,0.414794921875,3,1,0.02,0.5
/content/drive/MyDrive/CV_Project/datasets/casia2/images/CASIA2.0_revised/Au/Au_sec_30520.jpg,0,0.1395263671875,3,1,0.02,0.5
/content/drive/MyDrive/CV_Project/datasets/casia2/images/CASIA2.0_revised/Au/Au_sec_30521.jpg,0,0.1374409993489583,3,1,0.02,0.5
/content/drive/MyDrive/CV_Project/datasets/casia2/images/CASIA2.0_revised/Au/Au_sec_30522.jpg,0,0.8459269205729166,3,1,0.02,0.5
/content/drive/MyDrive/CV_Project/datasets/casia2/images/CASIA2.0_revised/Au/Au_sec_30523.jpg,0,0.3511759440104167,3,1,0.02,0.5
/content/drive/MyDrive/CV_Project/datasets/casia2/images/CASIA2.0_revised/Au/Au_sec_30524.jpg,0,0.9734395345052084,3,1,0.02,0.5
/content/drive/MyDrive/CV_Project/datasets/casia2/images/CASIA2.0_revised/Au/Au_sec_30525.jpg,0,0.372283935546875,3,1,0.02,0.5
/content/drive/MyDrive/CV_Project/datasets/casia2/images/CASIA2.0_revised/Au/Au_sec_30526.jpg,0,0.0485331217447916,3,1,0.02,0.5
/content/drive/MyDrive/CV_Project/datasets/casia2/images/CASIA2.0_revised/Au/Au_sec_30527.jpg,0,0.0563456217447916,3,1,0.02,0.5
/content/drive/MyDrive/CV_Project/datasets/casia2/images/CASIA2.0_revised/Au/Au_sec_30528.jpg,0,0.3136189778645833,3,1,0.02,0.5
/content/drive/MyDrive/CV_Project/datasets/casia2/images/CASIA2.0_revised/Au/Au_sec_30529.jpg,0,0.1847127278645833,3,1,0.02,0.5
/content/drive/MyDrive/CV_Project/datasets/casia2/images/CASIA2.0_revised/Au/Au_sec_30530.jpg,0,0.0,3,1,0.02,0.5
/content/drive/MyDrive/CV_Project/datasets/casia2/images/CASIA2.0_revised/Au/Au_sec_30531.jpg,0,0.3750813802083333,3,1,0.02,0.5
/content/drive/MyDrive/CV_Project/datasets/casia2/images/CASIA2.0_revised/Au/Au_sec_30532.jpg,0,0.0224507649739583,3,1,0.02,0.5
/content/drive/MyDrive/CV_Project/datasets/casia2/images/CASIA2.0_revised/Au/Au_sec_30533.jpg,0,0.6787923177083334,3,1,0.02,0.5
/content/drive/MyDrive/CV_Project/datasets/casia2/images/CASIA2.0_revised/Au/Au_sec_30534.jpg,0,0.4307047526041667,3,1,0.02,0.5
/content/drive/MyDrive/CV_Project/datasets/casia2/images/CASIA2.0_revised/Au/Au_sec_30535.jpg,0,0.190399169921875,3,1,0.02,0.5
/content/drive/MyDrive/CV_Project/datasets/casia2/images/CASIA2.0_revised/Au/Au_sec_30536.jpg,0,0.2764790852864583,3,1,0.02,0.5
/content/drive/MyDrive/CV_Project/datasets/casia2/images/CASIA2.0_revised/Au/Au_sec_30537.jpg,0,0.289947509765625,3,1,0.02,0.5
/content/drive/MyDrive/CV_Project/datasets/casia2/images/CASIA2.0_revised/Au/Au_sec_30538.jpg,0,0.34130859375,3,1,0.02,0.5
/content/drive/MyDrive/CV_Project/datasets/casia2/images/CASIA2.0_revised/Au/Au_sec_30539.jpg,0,0.0,3,1,0.02,0.5
/content/drive/MyDrive/CV_Project/datasets/casia2/images/CASIA2.0_revised/Au/Au_sec_30540.jpg,0,0.09820556640625,3,1,0.02,0.5
/content/drive/MyDrive/CV_Project/datasets/casia2/images/CASIA2.0_revised/Au/Au_sec_30541.jpg,0,0.744964599609375,3,1,0.02,0.5
/content/drive/MyDrive/CV_Project/datasets/casia2/images/CASIA2.0_revised/Au/Au_sec_30542.jpg,0,0.1094258626302083,3,1,0.02,0.5
/content/drive/MyDrive/CV_Project/datasets/casia2/images/CASIA2.0_revised/Au/Au_sec_30543.jpg,0,0.1204935709635416,3,1,0.02,0.5
/content/drive/MyDrive/CV_Project/datasets/casia2/images/CASIA2.0_revised/Au/Au_sec_30544.jpg,0,0.0,3,1,0.02,0.5
/content/drive/MyDrive/CV_Project/datasets/casia2/images/CASIA2.0_revised/Au/Au_sec_30545.jpg,0,0.0,3,1,0.02,0.5
/content/drive/MyDrive/CV_Project/datasets/casia2/images/CASIA2.0_revised/Au/Au_sec_30546.jpg,0,0.0695292154947916,3,1,0.02,0.5
/content/drive/MyDrive/CV_Project/datasets/casia2/images/CASIA2.0_revised/Au/Au_sec_30547.jpg,0,0.0,3,1,0.02,0.5
/content/drive/MyDrive/CV_Project/datasets/casia2/images/CASIA2.0_revised/Au/Au_sec_30548.jpg,0,0.176300048828125,3,1,0.02,0.5
/content/drive/MyDrive/CV_Project/datasets/casia2/images/CASIA2.0_revised/Au/Au_sec_30549.jpg,0,0.1572265625,3,1,0.02,0.5
/content/drive/MyDrive/CV_Project/datasets/casia2/images/CASIA2.0_revised/Au/Au_sec_30550.jpg,0,0.0,3,1,0.02,0.5
/content/drive/MyDrive/CV_Project/datasets/casia2/images/CASIA2.0_revised/Au/Au_sec_30551.jpg,0,0.2056681315104166,3,1,0.02,0.5
/content/drive/MyDrive/CV_Project/datasets/casia2/images/CASIA2.0_revised/Au/Au_sec_30552.jpg,0,0.4017537434895833,3,1,0.02,0.5
/content/drive/MyDrive/CV_Project/datasets/casia2/images/CASIA2.0_revised/Au/Au_sec_30553.jpg,0,0.2027180989583333,3,1,0.02,0.5
/content/drive/MyDrive/CV_Project/datasets/casia2/images/CASIA2.0_revised/Au/Au_sec_30554.jpg,0,0.0259195963541666,3,1,0.02,0.5
/content/drive/MyDrive/CV_Project/datasets/casia2/images/CASIA2.0_revised/Au/Au_sec_30555.jpg,0,0.5924072265625,3,1,0.02,0.5
/content/drive/MyDrive/CV_Project/datasets/casia2/images/CASIA2.0_revised/Au/Au_sec_30556.jpg,0,0.1977640787760416,3,1,0.02,0.5
/content/drive/MyDrive/CV_Project/datasets/casia2/images/CASIA2.0_revised/Au/Au_sec_30557.jpg,0,0.1425374348958333,3,1,0.02,0.5
/content/drive/MyDrive/CV_Project/datasets/casia2/images/CASIA2.0_revised/Au/Au_sec_30558.jpg,0,0.25628662109375,3,1,0.02,0.5
/content/drive/MyDrive/CV_Project/datasets/casia2/images/CASIA2.0_revised/Au/Au_sec_30559.jpg,0,0.0,3,1,0.02,0.5
/content/drive/MyDrive/CV_Project/datasets/casia2/images/CASIA2.0_revised/Au/Au_sec_30560.jpg,0,0.0969034830729166,3,1,0.02,0.5
/content/drive/MyDrive/CV_Project/datasets/casia2/images/CASIA2.0_revised/Au/Au_sec_30561.jpg,0,0.1029764811197916,3,1,0.02,0.5
/content/drive/MyDrive/CV_Project/datasets/casia2/images/CASIA2.0_revised/Au/Au_sec_30562.jpg,0,0.1466166178385416,3,1,0.02,0.5
/content/drive/MyDrive/CV_Project/datasets/casia2/images/CASIA2.0_revised/Au/Au_sec_30563.jpg,0,0.0216471354166666,3,1,0.02,0.5
/content/drive/MyDrive/CV_Project/datasets/casia2/images/CASIA2.0_revised/Au/Au_sec_30564.jpg,0,0.078216552734375,3,1,0.02,0.5
/content/drive/MyDrive/CV_Project/datasets/casia2/images/CASIA2.0_revised/Au/Au_sec_30565.jpg,0,0.20391845703125,3,1,0.02,0.5
/content/drive/MyDrive/CV_Project/datasets/casia2/images/CASIA2.0_revised/Au/Au_sec_30566.jpg,0,0.0,3,1,0.02,0.5
/content/drive/MyDrive/CV_Project/datasets/casia2/images/CASIA2.0_revised/Au/Au_sec_30567.jpg,0,0.1794026692708333,3,1,0.02,0.5
/content/drive/MyDrive/CV_Project/datasets/casia2/images/CASIA2.0_revised/Au/Au_sec_30568.jpg,0,0.333465576171875,3,1,0.02,0.5
/content/drive/MyDrive/CV_Project/datasets/casia2/images/CASIA2.0_revised/Au/Au_sec_30569.jpg,0,0.0,3,1,0.02,0.5
/content/drive/MyDrive/CV_Project/datasets/casia2/images/CASIA2.0_revised/Au/Au_sec_30570.jpg,0,0.5675252278645834,3,1,0.02,0.5
/content/drive/MyDrive/CV_Project/datasets/casia2/images/CASIA2.0_revised/Au/Au_sec_30571.jpg,0,0.1566162109375,3,1,0.02,0.5
/content/drive/MyDrive/CV_Project/datasets/casia2/images/CASIA2.0_revised/Au/Au_sec_30572.jpg,0,0.239501953125,3,1,0.02,0.5
/content/drive/MyDrive/CV_Project/datasets/casia2/images/CASIA2.0_revised/Au/Au_sec_30573.jpg,0,0.5352071126302084,3,1,0.02,0.5
/content/drive/MyDrive/CV_Project/datasets/casia2/images/CASIA2.0_revised/Au/Au_sec_30574.jpg,0,0.4278055826822917,3,1,0.02,0.5
/content/drive/MyDrive/CV_Project/datasets/casia2/images/CASIA2.0_revised/Au/Au_sec_30575.jpg,0,0.3945109049479167,3,1,0.02,0.5
/content/drive/MyDrive/CV_Project/datasets/casia2/images/CASIA2.0_revised/Au/Au_sec_30576.jpg,0,0.0246073404947916,3,1,0.02,0.5
/content/drive/MyDrive/CV_Project/datasets/casia2/images/CASIA2.0_revised/Au/Au_sec_30577.jpg,0,0.3004557291666667,3,1,0.02,0.5
/content/drive/MyDrive/CV_Project/datasets/casia2/images/CASIA2.0_revised/Au/Au_sec_30578.jpg,0,0.1368306477864583,3,1,0.02,0.5
/content/drive/MyDrive/CV_Project/datasets/casia2/images/CASIA2.0_revised/Au/Au_sec_30579.jpg,0,0.2825927734375,3,1,0.02,0.5
/content/drive/MyDrive/CV_Project/datasets/casia2/images/CASIA2.0_revised/Au/Au_sec_30580.jpg,0,0.1685282389322916,3,1,0.02,0.5
/content/drive/MyDrive/CV_Project/datasets/casia2/images/CASIA2.0_revised/Au/Au_sec_30581.jpg,0,0.347320556640625,3,1,0.02,0.5
/content/drive/MyDrive/CV_Project/datasets/casia2/images/CASIA2.0_revised/Au/Au_sec_30582.jpg,0,0.2117411295572916,3,1,0.02,0.5
/content/drive/MyDrive/CV_Project/datasets/casia2/images/CASIA2.0_revised/Au/Au_sec_30583.jpg,0,0.248687744140625,3,1,0.02,0.5
/content/drive/MyDrive/CV_Project/datasets/casia2/images/CASIA2.0_revised/Au/Au_sec_30584.jpg,0,0.346954345703125,3,1,0.02,0.5
/content/drive/MyDrive/CV_Project/datasets/casia2/images/CASIA2.0_revised/Au/Au_sec_30585.jpg,0,0.02825927734375,3,1,0.02,0.5
/content/drive/MyDrive/CV_Project/datasets/casia2/images/CASIA2.0_revised/Au/Au_sec_30586.jpg,0,0.39141845703125,3,1,0.02,0.5
/content/drive/MyDrive/CV_Project/datasets/casia2/images/CASIA2.0_revised/Au/Au_sec_30587.jpg,0,0.2354736328125,3,1,0.02,0.5
/content/drive/MyDrive/CV_Project/datasets/casia2/images/CASIA2.0_revised/Au/Au_sec_30588.jpg,0,0.1158040364583333,3,1,0.02,0.5
/content/drive/MyDrive/CV_Project/datasets/casia2/images/CASIA2.0_revised/Au/Au_sec_30589.jpg,0,0.046966552734375,3,1,0.02,0.5
/content/drive/MyDrive/CV_Project/datasets/casia2/images/CASIA2.0_revised/Au/Au_sec_30590.jpg,0,0.0656229654947916,3,1,0.02,0.5
/content/drive/MyDrive/CV_Project/datasets/casia2/images/CASIA2.0_revised/Au/Au_sec_30591.jpg,0,0.1087443033854166,3,1,0.02,0.5
/content/drive/MyDrive/CV_Project/datasets/casia2/images/CASIA2.0_revised/Au/Au_sec_30592.jpg,0,0.0,3,1,0.02,0.5
/content/drive/MyDrive/CV_Project/datasets/casia2/images/CASIA2.0_revised/Au/Au_sec_30593.jpg,0,0.318817138671875,3,1,0.02,0.5
/content/drive/MyDrive/CV_Project/datasets/casia2/images/CASIA2.0_revised/Au/Au_sec_30594.jpg,0,0.0965677897135416,3,1,0.02,0.5
/content/drive/MyDrive/CV_Project/datasets/casia2/images/CASIA2.0_revised/Au/Au_sec_30595.jpg,0,0.0,3,1,0.02,0.5
/content/drive/MyDrive/CV_Project/datasets/casia2/images/CASIA2.0_revised/Au/Au_sec_30596.jpg,0,0.0207926432291666,3,1,0.02,0.5
/content/drive/MyDrive/CV_Project/datasets/casia2/images/CASIA2.0_revised/Au/Au_sec_30597.jpg,0,0.0309041341145833,3,1,0.02,0.5
/content/drive/MyDrive/CV_Project/datasets/casia2/images/CASIA2.0_revised/Au/Au_sec_30598.jpg,0,0.1252543131510416,3,1,0.02,0.5
/content/drive/MyDrive/CV_Project/datasets/casia2/images/CASIA2.0_revised/Au/Au_sec_30599.jpg,0,0.31866455078125,3,1,0.02,0.5
/content/drive/MyDrive/CV_Project/datasets/casia2/images/CASIA2.0_revised/Au/Au_sec_30600.jpg,0,0.0,3,1,0.02,0.5
/content/drive/MyDrive/CV_Project/datasets/casia2/images/CASIA2.0_revised/Au/Au_sec_30601.jpg,0,0.0,3,1,0.02,0.5
/content/drive/MyDrive/CV_Project/datasets/casia2/images/CASIA2.0_revised/Au/Au_sec_30602.jpg,0,0.1202189127604166,3,1,0.02,0.5
/content/drive/MyDrive/CV_Project/datasets/casia2/images/CASIA2.0_revised/Au/Au_sec_30603.jpg,0,0.079833984375,3,1,0.02,0.5
/content/drive/MyDrive/CV_Project/datasets/casia2/images/CASIA2.0_revised/Au/Au_sec_30604.jpg,0,0.09088134765625,3,1,0.02,0.5
/content/drive/MyDrive/CV_Project/datasets/casia2/images/CASIA2.0_revised/Au/Au_sec_30605.jpg,0,0.4088033040364583,3,1,0.02,0.5
/content/drive/MyDrive/CV_Project/datasets/casia2/images/CASIA2.0_revised/Au/Au_sec_30606.jpg,0,0.201995849609375,3,1,0.02,0.5
/content/drive/MyDrive/CV_Project/datasets/casia2/images/CASIA2.0_revised/Au/Au_sec_30607.jpg,0,0.4704691569010417,3,1,0.02,0.5
/content/drive/MyDrive/CV_Project/datasets/casia2/images/CASIA2.0_revised/Au/Au_sec_30608.jpg,0,0.0302632649739583,3,1,0.02,0.5
/content/drive/MyDrive/CV_Project/datasets/casia2/images/CASIA2.0_revised/Au/Au_sec_30609.jpg,0,0.0717569986979166,3,1,0.02,0.5
/content/drive/MyDrive/CV_Project/datasets/casia2/images/CASIA2.0_revised/Au/Au_sec_30610.jpg,0,0.0281473795572916,3,1,0.02,0.5
/content/drive/MyDrive/CV_Project/datasets/casia2/images/CASIA2.0_revised/Au/Au_sec_30611.jpg,0,0.40673828125,3,1,0.02,0.5
/content/drive/MyDrive/CV_Project/datasets/casia2/images/CASIA2.0_revised/Au/Au_sec_30612.jpg,0,0.0417073567708333,3,1,0.02,0.5
/content/drive/MyDrive/CV_Project/datasets/casia2/images/CASIA2.0_revised/Au/Au_sec_30613.jpg,0,0.0476175944010416,3,1,0.02,0.5
/content/drive/MyDrive/CV_Project/datasets/casia2/images/CASIA2.0_revised/Au/Au_sec_30614.jpg,0,0.1868082682291666,3,1,0.02,0.5
/content/drive/MyDrive/CV_Project/datasets/casia2/images/CASIA2.0_revised/Au/Au_sec_30615.jpg,0,0.0,3,1,0.02,0.5
/content/drive/MyDrive/CV_Project/datasets/casia2/images/CASIA2.0_revised/Au/Au_sec_30616.jpg,0,0.0393778483072916,3,1,0.02,0.5
/content/drive/MyDrive/CV_Project/datasets/casia2/images/CASIA2.0_revised/Au/Au_sec_30617.jpg,0,0.1075236002604166,3,1,0.02,0.5
/content/drive/MyDrive/CV_Project/datasets/casia2/images/CASIA2.0_revised/Au/Au_sec_30618.jpg,0,0.0510050455729166,3,1,0.02,0.5
/content/drive/MyDrive/CV_Project/datasets/casia2/images/CASIA2.0_revised/Au/Au_sec_30619.jpg,0,0.1960550944010416,3,1,0.02,0.5
/content/drive/MyDrive/CV_Project/datasets/casia2/images/CASIA2.0_revised/Au/Au_sec_30620.jpg,0,0.0,3,1,0.02,0.5
/content/drive/MyDrive/CV_Project/datasets/casia2/images/CASIA2.0_revised/Au/Au_sec_30621.jpg,0,0.1229349772135416,3,1,0.02,0.5
/content/drive/MyDrive/CV_Project/datasets/casia2/images/CASIA2.0_revised/Au/Au_sec_30622.jpg,0,0.1239013671875,3,1,0.02,0.5
/content/drive/MyDrive/CV_Project/datasets/casia2/images/CASIA2.0_revised/Au/Au_sec_30623.jpg,0,0.176361083984375,3,1,0.02,0.5
/content/drive/MyDrive/CV_Project/datasets/casia2/images/CASIA2.0_revised/Au/Au_sec_30624.jpg,0,0.0,3,1,0.02,0.5
/content/drive/MyDrive/CV_Project/datasets/casia2/images/CASIA2.0_revised/Au/Au_sec_30625.jpg,0,0.1762186686197916,3,1,0.02,0.5
/content/drive/MyDrive/CV_Project/datasets/casia2/images/CASIA2.0_revised/Au/Au_sec_30626.jpg,0,0.394927978515625,3,1,0.02,0.5
/content/drive/MyDrive/CV_Project/datasets/casia2/images/CASIA2.0_revised/Au/Au_sec_30627.jpg,0,0.315948486328125,3,1,0.02,0.5
/content/drive/MyDrive/CV_Project/datasets/casia2/images/CASIA2.0_revised/Au/Au_sec_30628.jpg,0,0.1456095377604166,3,1,0.02,0.5
/content/drive/MyDrive/CV_Project/datasets/casia2/images/CASIA2.0_revised/Au/Au_sec_30629.jpg,0,0.635040283203125,3,1,0.02,0.5
/content/drive/MyDrive/CV_Project/datasets/casia2/images/CASIA2.0_revised/Au/Au_sec_30630.jpg,0,0.4590962727864583,3,1,0.02,0.5
/content/drive/MyDrive/CV_Project/datasets/casia2/images/CASIA2.0_revised/Au/Au_sec_30631.jpg,0,0.1977030436197916,3,1,0.02,0.5
/content/drive/MyDrive/CV_Project/datasets/casia2/images/CASIA2.0_revised/Au/Au_sec_30632.jpg,0,0.02679443359375,3,1,0.02,0.5
/content/drive/MyDrive/CV_Project/datasets/casia2/images/CASIA2.0_revised/Au/Au_sec_30633.jpg,0,0.3801167805989583,3,1,0.02,0.5
/content/drive/MyDrive/CV_Project/datasets/casia2/images/CASIA2.0_revised/Au/Au_sec_30634.jpg,0,0.5566304524739584,3,1,0.02,0.5
/content/drive/MyDrive/CV_Project/datasets/casia2/images/CASIA2.0_revised/Au/Au_sec_30635.jpg,0,0.0755411783854166,3,1,0.02,0.5
/content/drive/MyDrive/CV_Project/datasets/casia2/images/CASIA2.0_revised/Au/Au_sec_30636.jpg,0,0.7256876627604166,3,1,0.02,0.5
/content/drive/MyDrive/CV_Project/datasets/casia2/images/CASIA2.0_revised/Au/Au_sec_30637.jpg,0,0.0264994303385416,3,1,0.02,0.5
/content/drive/MyDrive/CV_Project/datasets/casia2/images/CASIA2.0_revised/Au/Au_sec_30638.jpg,0,0.0,3,1,0.02,0.5
/content/drive/MyDrive/CV_Project/datasets/casia2/images/CASIA2.0_revised/Au/Au_sec_30639.jpg,0,0.0,3,1,0.02,0.5
/content/drive/MyDrive/CV_Project/datasets/casia2/images/CASIA2.0_revised/Au/Au_sec_30640.jpg,0,0.1852315266927083,3,1,0.02,0.5
/content/drive/MyDrive/CV_Project/datasets/casia2/images/CASIA2.0_revised/Au/Au_sec_30641.jpg,0,0.0521647135416666,3,1,0.02,0.5
/content/drive/MyDrive/CV_Project/datasets/casia2/images/CASIA2.0_revised/Au/Au_sec_30642.jpg,0,0.079986572265625,3,1,0.02,0.5
/content/drive/MyDrive/CV_Project/datasets/casia2/images/CASIA2.0_revised/Au/Au_sec_30643.jpg,0,0.12481689453125,3,1,0.02,0.5
/content/drive/MyDrive/CV_Project/datasets/casia2/images/CASIA2.0_revised/Au/Au_sec_30644.jpg,0,0.0474955240885416,3,1,0.02,0.5
/content/drive/MyDrive/CV_Project/datasets/casia2/images/CASIA2.0_revised/Au/Au_sec_30645.jpg,0,0.1382548014322916,3,1,0.02,0.5
/content/drive/MyDrive/CV_Project/datasets/casia2/images/CASIA2.0_revised/Au/Au_sec_30646.jpg,0,0.1652119954427083,3,1,0.02,0.5
/content/drive/MyDrive/CV_Project/datasets/casia2/images/CASIA2.0_revised/Au/Au_sec_30647.jpg,0,0.3777669270833333,3,1,0.02,0.5
/content/drive/MyDrive/CV_Project/datasets/casia2/images/CASIA2.0_revised/Au/Au_sec_30648.jpg,0,0.1338399251302083,3,1,0.02,0.5
/content/drive/MyDrive/CV_Project/datasets/casia2/images/CASIA2.0_revised/Au/Au_sec_30649.jpg,0,0.04754638671875,3,1,0.02,0.5
/content/drive/MyDrive/CV_Project/datasets/casia2/images/CASIA2.0_revised/Au/Au_sec_30650.jpg,0,0.5704345703125,3,1,0.02,0.5
/content/drive/MyDrive/CV_Project/datasets/casia2/images/CASIA2.0_revised/Au/Au_sec_30651.jpg,0,0.15716552734375,3,1,0.02,0.5
/content/drive/MyDrive/CV_Project/datasets/casia2/images/CASIA2.0_revised/Au/Au_sec_30652.jpg,0,0.03680419921875,3,1,0.02,0.5
/content/drive/MyDrive/CV_Project/datasets/casia2/images/CASIA2.0_revised/Au/Au_sec_30653.jpg,0,0.515899658203125,3,1,0.02,0.5
/content/drive/MyDrive/CV_Project/datasets/casia2/images/CASIA2.0_revised/Au/Au_sec_30654.jpg,0,0.233367919921875,3,1,0.02,0.5
/content/drive/MyDrive/CV_Project/datasets/casia2/images/CASIA2.0_revised/Au/Au_sec_30655.jpg,0,0.03271484375,3,1,0.02,0.5
/content/drive/MyDrive/CV_Project/datasets/casia2/images/CASIA2.0_revised/Au/Au_sec_30656.jpg,0,0.2628275553385417,3,1,0.02,0.5
/content/drive/MyDrive/CV_Project/datasets/casia2/images/CASIA2.0_revised/Au/Au_sec_30657.jpg,0,0.14739990234375,3,1,0.02,0.5
/content/drive/MyDrive/CV_Project/datasets/casia2/images/CASIA2.0_revised/Au/Au_sec_30658.jpg,0,0.0,3,1,0.02,0.5
/content/drive/MyDrive/CV_Project/datasets/casia2/images/CASIA2.0_revised/Au/Au_sec_30659.jpg,0,0.4779256184895833,3,1,0.02,0.5
/content/drive/MyDrive/CV_Project/datasets/casia2/images/CASIA2.0_revised/Au/Au_sec_30660.jpg,0,0.3514607747395833,3,1,0.02,0.5
/content/drive/MyDrive/CV_Project/datasets/casia2/images/CASIA2.0_revised/Au/Au_sec_30661.jpg,0,0.093475341796875,3,1,0.02,0.5
/content/drive/MyDrive/CV_Project/datasets/casia2/images/CASIA2.0_revised/Au/Au_sec_30662.jpg,0,0.052001953125,3,1,0.02,0.5
/content/drive/MyDrive/CV_Project/datasets/casia2/images/CASIA2.0_revised/Au/Au_sec_30663.jpg,0,0.1358744303385416,3,1,0.02,0.5
/content/drive/MyDrive/CV_Project/datasets/casia2/images/CASIA2.0_revised/Au/Au_sec_30664.jpg,0,0.2621663411458333,3,1,0.02,0.5
/content/drive/MyDrive/CV_Project/datasets/casia2/images/CASIA2.0_revised/Au/Au_sec_30665.jpg,0,0.2489522298177083,3,1,0.02,0.5
/content/drive/MyDrive/CV_Project/datasets/casia2/images/CASIA2.0_revised/Au/Au_sec_30666.jpg,0,0.170654296875,3,1,0.02,0.5
/content/drive/MyDrive/CV_Project/datasets/casia2/images/CASIA2.0_revised/Au/Au_sec_30667.jpg,0,0.0,3,1,0.02,0.5
/content/drive/MyDrive/CV_Project/datasets/casia2/images/CASIA2.0_revised/Au/Au_sec_30668.jpg,0,0.7862548828125,3,1,0.02,0.5
/content/drive/MyDrive/CV_Project/datasets/casia2/images/CASIA2.0_revised/Au/Au_sec_30669.jpg,0,0.5132039388020834,3,1,0.02,0.5
/content/drive/MyDrive/CV_Project/datasets/casia2/images/CASIA2.0_revised/Au/Au_sec_30670.jpg,0,0.3072916666666667,3,1,0.02,0.5
/content/drive/MyDrive/CV_Project/datasets/casia2/images/CASIA2.0_revised/Au/Au_sec_30671.jpg,0,0.7359212239583334,3,1,0.02,0.5
/content/drive/MyDrive/CV_Project/datasets/casia2/images/CASIA2.0_revised/Au/Au_sec_30672.jpg,0,0.0205281575520833,3,1,0.02,0.5
/content/drive/MyDrive/CV_Project/datasets/casia2/images/CASIA2.0_revised/Au/Au_sec_30673.jpg,0,0.0,3,1,0.02,0.5
/content/drive/MyDrive/CV_Project/datasets/casia2/images/CASIA2.0_revised/Au/Au_sec_30674.jpg,0,0.2055867513020833,3,1,0.02,0.5
/content/drive/MyDrive/CV_Project/datasets/casia2/images/CASIA2.0_revised/Au/Au_sec_30675.jpg,0,0.0,3,1,0.02,0.5
/content/drive/MyDrive/CV_Project/datasets/casia2/images/CASIA2.0_revised/Au/Au_sec_30676.jpg,0,0.1093546549479166,3,1,0.02,0.5
/content/drive/MyDrive/CV_Project/datasets/casia2/images/CASIA2.0_revised/Au/Au_sec_30677.jpg,0,0.0,3,1,0.02,0.5
/content/drive/MyDrive/CV_Project/datasets/casia2/images/CASIA2.0_revised/Au/Au_sec_30678.jpg,0,0.2605997721354167,3,1,0.02,0.5
/content/drive/MyDrive/CV_Project/datasets/casia2/images/CASIA2.0_revised/Au/Au_sec_30679.jpg,0,0.0,3,1,0.02,0.5
/content/drive/MyDrive/CV_Project/datasets/casia2/images/CASIA2.0_revised/Au/Au_sec_30680.jpg,0,0.2975667317708333,3,1,0.02,0.5
/content/drive/MyDrive/CV_Project/datasets/casia2/images/CASIA2.0_revised/Au/Au_sec_30681.jpg,0,0.0,3,1,0.02,0.5
/content/drive/MyDrive/CV_Project/datasets/casia2/images/CASIA2.0_revised/Au/Au_sec_30682.jpg,0,0.0202433268229166,3,1,0.02,0.5
/content/drive/MyDrive/CV_Project/datasets/casia2/images/CASIA2.0_revised/Au/Au_sec_30683.jpg,0,0.0,3,1,0.02,0.5
/content/drive/MyDrive/CV_Project/datasets/casia2/images/CASIA2.0_revised/Au/Au_sec_30684.jpg,0,0.658966064453125,3,1,0.02,0.5
/content/drive/MyDrive/CV_Project/datasets/casia2/images/CASIA2.0_revised/Au/Au_sec_30685.jpg,0,0.3854471842447917,3,1,0.02,0.5
/content/drive/MyDrive/CV_Project/datasets/casia2/images/CASIA2.0_revised/Au/Au_sec_30686.jpg,0,0.4720560709635417,3,1,0.02,0.5
/content/drive/MyDrive/CV_Project/datasets/casia2/images/CASIA2.0_revised/Au/Au_sec_30687.jpg,0,0.8237202962239584,3,1,0.02,0.5
/content/drive/MyDrive/CV_Project/datasets/casia2/images/CASIA2.0_revised/Au/Au_sec_30688.jpg,0,0.3011983235677083,3,1,0.02,0.5
/content/drive/MyDrive/CV_Project/datasets/casia2/images/CASIA2.0_revised/Au/Au_sec_30689.jpg,0,0.0,3,1,0.02,0.5
/content/drive/MyDrive/CV_Project/datasets/casia2/images/CASIA2.0_revised/Au/Au_sec_30690.jpg,0,0.0,3,1,0.02,0.5
/content/drive/MyDrive/CV_Project/datasets/casia2/images/CASIA2.0_revised/Au/Au_sec_30691.jpg,0,0.7544759114583334,3,1,0.02,0.5
/content/drive/MyDrive/CV_Project/datasets/casia2/images/CASIA2.0_revised/Au/Au_sec_30692.jpg,0,0.4550679524739583,3,1,0.02,0.5
/content/drive/MyDrive/CV_Project/datasets/casia2/images/CASIA2.0_revised/Au/Au_sec_30693.jpg,0,0.35003662109375,3,1,0.02,0.5
/content/drive/MyDrive/CV_Project/datasets/casia2/images/CASIA2.0_revised/Au/Au_sec_30694.jpg,0,0.0,3,1,0.02,0.5
/content/drive/MyDrive/CV_Project/datasets/casia2/images/CASIA2.0_revised/Au/Au_sec_30695.jpg,0,0.027984619140625,3,1,0.02,0.5
/content/drive/MyDrive/CV_Project/datasets/casia2/images/CASIA2.0_revised/Au/Au_sec_30696.jpg,0,0.069000244140625,3,1,0.02,0.5
/content/drive/MyDrive/CV_Project/datasets/casia2/images/CASIA2.0_revised/Au/Au_sec_30697.jpg,0,0.0,3,1,0.02,0.5
/content/drive/MyDrive/CV_Project/datasets/casia2/images/CASIA2.0_revised/Au/Au_sec_30698.jpg,0,0.12603759765625,3,1,0.02,0.5
/content/drive/MyDrive/CV_Project/datasets/casia2/images/CASIA2.0_revised/Au/Au_sec_30699.jpg,0,0.1171366373697916,3,1,0.02,0.5
/content/drive/MyDrive/CV_Project/datasets/casia2/images/CASIA2.0_revised/Au/Au_sec_30700.jpg,0,0.0562540690104166,3,1,0.02,0.5
/content/drive/MyDrive/CV_Project/datasets/casia2/images/CASIA2.0_revised/Au/Au_sec_30701.jpg,0,0.0826416015625,3,1,0.02,0.5
/content/drive/MyDrive/CV_Project/datasets/casia2/images/CASIA2.0_revised/Au/Au_sec_30702.jpg,0,0.3109842936197917,3,1,0.02,0.5
/content/drive/MyDrive/CV_Project/datasets/casia2/images/CASIA2.0_revised/Au/Au_sec_30703.jpg,0,0.09771728515625,3,1,0.02,0.5
/content/drive/MyDrive/CV_Project/datasets/casia2/images/CASIA2.0_revised/Au/Au_sec_30704.jpg,0,0.3484700520833333,3,1,0.02,0.5
/content/drive/MyDrive/CV_Project/datasets/casia2/images/CASIA2.0_revised/Au/Au_sec_30705.jpg,0,0.443023681640625,3,1,0.02,0.5
/content/drive/MyDrive/CV_Project/datasets/casia2/images/CASIA2.0_revised/Au/Au_sec_30706.jpg,0,0.2420552571614583,3,1,0.02,0.5
/content/drive/MyDrive/CV_Project/datasets/casia2/images/CASIA2.0_revised/Au/Au_sec_30707.jpg,0,0.0,3,1,0.02,0.5
/content/drive/MyDrive/CV_Project/datasets/casia2/images/CASIA2.0_revised/Au/Au_sec_30708.jpg,0,0.0,3,1,0.02,0.5
/content/drive/MyDrive/CV_Project/datasets/casia2/images/CASIA2.0_revised/Au/Au_sec_30709.jpg,0,0.0,3,1,0.02,0.5
/content/drive/MyDrive/CV_Project/datasets/casia2/images/CASIA2.0_revised/Au/Au_sec_30710.jpg,0,0.300811767578125,3,1,0.02,0.5
/content/drive/MyDrive/CV_Project/datasets/casia2/images/CASIA2.0_revised/Au/Au_sec_30711.jpg,0,0.068328857421875,3,1,0.02,0.5
/content/drive/MyDrive/CV_Project/datasets/casia2/images/CASIA2.0_revised/Au/Au_sec_30712.jpg,0,0.049468994140625,3,1,0.02,0.5
/content/drive/MyDrive/CV_Project/datasets/casia2/images/CASIA2.0_revised/Au/Au_sec_30713.jpg,0,0.304718017578125,3,1,0.02,0.5
/content/drive/MyDrive/CV_Project/datasets/casia2/images/CASIA2.0_revised/Au/Au_sec_30714.jpg,0,0.0,3,1,0.02,0.5
/content/drive/MyDrive/CV_Project/datasets/casia2/images/CASIA2.0_revised/Au/Au_sec_30715.jpg,0,0.2985738118489583,3,1,0.02,0.5
/content/drive/MyDrive/CV_Project/datasets/casia2/images/CASIA2.0_revised/Au/Au_sec_30716.jpg,0,0.0,3,1,0.02,0.5
/content/drive/MyDrive/CV_Project/datasets/casia2/images/CASIA2.0_revised/Au/Au_sec_30717.jpg,0,0.0,3,1,0.02,0.5
/content/drive/MyDrive/CV_Project/datasets/casia2/images/CASIA2.0_revised/Au/Au_sec_30718.jpg,0,0.4841105143229167,3,1,0.02,0.5
/content/drive/MyDrive/CV_Project/datasets/casia2/images/CASIA2.0_revised/Au/Au_sec_30719.jpg,0,0.6127217610677084,3,1,0.02,0.5
/content/drive/MyDrive/CV_Project/datasets/casia2/images/CASIA2.0_revised/Au/Au_sec_30720.jpg,0,0.295928955078125,3,1,0.02,0.5
/content/drive/MyDrive/CV_Project/datasets/casia2/images/CASIA2.0_revised/Au/Au_sec_30721.jpg,0,0.0,3,1,0.02,0.5
/content/drive/MyDrive/CV_Project/datasets/casia2/images/CASIA2.0_revised/Au/Au_sec_30722.jpg,0,0.0,3,1,0.02,0.5
/content/drive/MyDrive/CV_Project/datasets/casia2/images/CASIA2.0_revised/Au/Au_sec_30723.jpg,0,0.1013285319010416,3,1,0.02,0.5
/content/drive/MyDrive/CV_Project/datasets/casia2/images/CASIA2.0_revised/Au/Au_sec_30724.jpg,0,0.4515482584635417,3,1,0.02,0.5
/content/drive/MyDrive/CV_Project/datasets/casia2/images/CASIA2.0_revised/Au/Au_sec_30725.jpg,0,0.4258626302083333,3,1,0.02,0.5
/content/drive/MyDrive/CV_Project/datasets/casia2/images/CASIA2.0_revised/Au/Au_sec_30726.jpg,0,0.4734395345052083,3,1,0.02,0.5
/content/drive/MyDrive/CV_Project/datasets/casia2/images/CASIA2.0_revised/Au/Au_sec_30727.jpg,0,0.2477518717447916,3,1,0.02,0.5
/content/drive/MyDrive/CV_Project/datasets/casia2/images/CASIA2.0_revised/Au/Au_sec_30728.jpg,0,0.09405517578125,3,1,0.02,0.5
/content/drive/MyDrive/CV_Project/datasets/casia2/images/CASIA2.0_revised/Au/Au_sec_30729.jpg,0,0.056854248046875,3,1,0.02,0.5
/content/drive/MyDrive/CV_Project/datasets/casia2/images/CASIA2.0_revised/Au/Au_sec_30730.jpg,0,0.0253397623697916,3,1,0.02,0.5
/content/drive/MyDrive/CV_Project/datasets/casia2/images/CASIA2.0_revised/Au/Au_sec_30731.jpg,0,0.26556396484375,3,1,0.02,0.5
/content/drive/MyDrive/CV_Project/datasets/casia2/images/CASIA2.0_revised/Au/Au_sec_30732.jpg,0,0.0,3,1,0.02,0.5
/content/drive/MyDrive/CV_Project/datasets/casia2/images/CASIA2.0_revised/Au/Au_sec_30733.jpg,0,0.06201171875,3,1,0.02,0.5
/content/drive/MyDrive/CV_Project/datasets/casia2/images/CASIA2.0_revised/Au/Au_sec_30734.jpg,0,0.0,3,1,0.02,0.5
/content/drive/MyDrive/CV_Project/datasets/casia2/images/CASIA2.0_revised/Au/Au_txt_00001.jpg,0,0.0,3,1,0.02,0.5
/content/drive/MyDrive/CV_Project/datasets/casia2/images/CASIA2.0_revised/Au/Au_txt_00002.jpg,0,0.207611083984375,3,1,0.02,0.5
/content/drive/MyDrive/CV_Project/datasets/casia2/images/CASIA2.0_revised/Au/Au_txt_00003.jpg,0,0.0,3,1,0.02,0.5
/content/drive/MyDrive/CV_Project/datasets/casia2/images/CASIA2.0_revised/Au/Au_txt_00004.jpg,0,0.0,3,1,0.02,0.5
/content/drive/MyDrive/CV_Project/datasets/casia2/images/CASIA2.0_revised/Au/Au_txt_00005.jpg,0,0.0,3,1,0.02,0.5
/content/drive/MyDrive/CV_Project/datasets/casia2/images/CASIA2.0_revised/Au/Au_txt_00006.jpg,0,0.0,3,1,0.02,0.5
/content/drive/MyDrive/CV_Project/datasets/casia2/images/CASIA2.0_revised/Au/Au_txt_00007.jpg,0,0.02423095703125,3,1,0.02,0.5
/content/drive/MyDrive/CV_Project/datasets/casia2/images/CASIA2.0_revised/Au/Au_txt_00008.jpg,0,0.0,3,1,0.02,0.5
/content/drive/MyDrive/CV_Project/datasets/casia2/images/CASIA2.0_revised/Au/Au_txt_00009.jpg,0,0.0,3,1,0.02,0.5
/content/drive/MyDrive/CV_Project/datasets/casia2/images/CASIA2.0_revised/Au/Au_txt_00010.jpg,0,0.0,3,1,0.02,0.5
/content/drive/MyDrive/CV_Project/datasets/casia2/images/CASIA2.0_revised/Au/Au_txt_00011.jpg,0,0.0,3,1,0.02,0.5
/content/drive/MyDrive/CV_Project/datasets/casia2/images/CASIA2.0_revised/Au/Au_txt_00012.jpg,0,0.0,3,1,0.02,0.5
/content/drive/MyDrive/CV_Project/datasets/casia2/images/CASIA2.0_revised/Au/Au_txt_00013.jpg,0,0.0,3,1,0.02,0.5
/content/drive/MyDrive/CV_Project/datasets/casia2/images/CASIA2.0_revised/Au/Au_txt_00014.jpg,0,0.0,3,1,0.02,0.5
/content/drive/MyDrive/CV_Project/datasets/casia2/images/CASIA2.0_revised/Au/Au_txt_00015.jpg,0,0.560760498046875,3,1,0.02,0.5
/content/drive/MyDrive/CV_Project/datasets/casia2/images/CASIA2.0_revised/Au/Au_txt_00016.jpg,0,0.0,3,1,0.02,0.5
/content/drive/MyDrive/CV_Project/datasets/casia2/images/CASIA2.0_revised/Au/Au_txt_00017.jpg,0,0.0,3,1,0.02,0.5
/content/drive/MyDrive/CV_Project/datasets/casia2/images/CASIA2.0_revised/Au/Au_txt_00018.jpg,0,0.0,3,1,0.02,0.5
/content/drive/MyDrive/CV_Project/datasets/casia2/images/CASIA2.0_revised/Au/Au_txt_00019.jpg,0,0.0300496419270833,3,1,0.02,0.5
/content/drive/MyDrive/CV_Project/datasets/casia2/images/CASIA2.0_revised/Au/Au_txt_00020.jpg,0,0.0,3,1,0.02,0.5
/content/drive/MyDrive/CV_Project/datasets/casia2/images/CASIA2.0_revised/Au/Au_txt_00021.jpg,0,0.02484130859375,3,1,0.02,0.5
/content/drive/MyDrive/CV_Project/datasets/casia2/images/CASIA2.0_revised/Au/Au_txt_00022.jpg,0,0.0,3,1,0.02,0.5
/content/drive/MyDrive/CV_Project/datasets/casia2/images/CASIA2.0_revised/Au/Au_txt_00023.jpg,0,0.0,3,1,0.02,0.5
/content/drive/MyDrive/CV_Project/datasets/casia2/images/CASIA2.0_revised/Au/Au_txt_00024.jpg,0,0.0,3,1,0.02,0.5
/content/drive/MyDrive/CV_Project/datasets/casia2/images/CASIA2.0_revised/Au/Au_txt_00025.jpg,0,0.02813720703125,3,1,0.02,0.5
/content/drive/MyDrive/CV_Project/datasets/casia2/images/CASIA2.0_revised/Au/Au_txt_00026.jpg,0,0.1532796223958333,3,1,0.02,0.5
/content/drive/MyDrive/CV_Project/datasets/casia2/images/CASIA2.0_revised/Au/Au_txt_00027.jpg,0,0.0,3,1,0.02,0.5
/content/drive/MyDrive/CV_Project/datasets/casia2/images/CASIA2.0_revised/Au/Au_txt_00028.jpg,0,0.243804931640625,3,1,0.02,0.5
/content/drive/MyDrive/CV_Project/datasets/casia2/images/CASIA2.0_revised/Au/Au_txt_00029.jpg,0,0.0,3,1,0.02,0.5
/content/drive/MyDrive/CV_Project/datasets/casia2/images/CASIA2.0_revised/Au/Au_txt_00030.jpg,0,0.0,3,1,0.02,0.5
/content/drive/MyDrive/CV_Project/datasets/casia2/images/CASIA2.0_revised/Au/Au_txt_00031.jpg,0,0.0201924641927083,3,1,0.02,0.5
/content/drive/MyDrive/CV_Project/datasets/casia2/images/CASIA2.0_revised/Au/Au_txt_00032.jpg,0,0.032684326171875,3,1,0.02,0.5
/content/drive/MyDrive/CV_Project/datasets/casia2/images/CASIA2.0_revised/Au/Au_txt_00033.jpg,0,0.0,3,1,0.02,0.5
/content/drive/MyDrive/CV_Project/datasets/casia2/images/CASIA2.0_revised/Au/Au_txt_00034.jpg,0,0.0,3,1,0.02,0.5
/content/drive/MyDrive/CV_Project/datasets/casia2/images/CASIA2.0_revised/Au/Au_txt_00035.jpg,0,0.0,3,1,0.02,0.5
/content/drive/MyDrive/CV_Project/datasets/casia2/images/CASIA2.0_revised/Au/Au_txt_00036.jpg,0,0.0,3,1,0.02,0.5
/content/drive/MyDrive/CV_Project/datasets/casia2/images/CASIA2.0_revised/Au/Au_txt_00037.jpg,0,0.0,3,1,0.02,0.5
/content/drive/MyDrive/CV_Project/datasets/casia2/images/CASIA2.0_revised/Au/Au_txt_00038.jpg,0,0.0,3,1,0.02,0.5
/content/drive/MyDrive/CV_Project/datasets/casia2/images/CASIA2.0_revised/Au/Au_txt_00039.jpg,0,0.0,3,1,0.02,0.5
/content/drive/MyDrive/CV_Project/datasets/casia2/images/CASIA2.0_revised/Au/Au_txt_00040.jpg,0,0.0,3,1,0.02,0.5
/content/drive/MyDrive/CV_Project/datasets/casia2/images/CASIA2.0_revised/Au/Au_txt_00041.jpg,0,0.3034464518229167,3,1,0.02,0.5
/content/drive/MyDrive/CV_Project/datasets/casia2/images/CASIA2.0_revised/Au/Au_txt_00042.jpg,0,0.0,3,1,0.02,0.5
/content/drive/MyDrive/CV_Project/datasets/casia2/images/CASIA2.0_revised/Au/Au_txt_00043.jpg,0,0.3911946614583333,3,1,0.02,0.5
/content/drive/MyDrive/CV_Project/datasets/casia2/images/CASIA2.0_revised/Au/Au_txt_00044.jpg,0,0.0,3,1,0.02,0.5
/content/drive/MyDrive/CV_Project/datasets/casia2/images/CASIA2.0_revised/Au/Au_txt_00045.jpg,0,0.225372314453125,3,1,0.02,0.5
/content/drive/MyDrive/CV_Project/datasets/casia2/images/CASIA2.0_revised/Au/Au_txt_00046.jpg,0,0.0,3,1,0.02,0.5
/content/drive/MyDrive/CV_Project/datasets/casia2/images/CASIA2.0_revised/Au/Au_txt_00047.jpg,0,0.0,3,1,0.02,0.5
/content/drive/MyDrive/CV_Project/datasets/casia2/images/CASIA2.0_revised/Au/Au_txt_00048.jpg,0,0.2258707682291666,3,1,0.02,0.5
/content/drive/MyDrive/CV_Project/datasets/casia2/images/CASIA2.0_revised/Au/Au_txt_00049.jpg,0,0.0972900390625,3,1,0.02,0.5
/content/drive/MyDrive/CV_Project/datasets/casia2/images/CASIA2.0_revised/Au/Au_txt_00050.jpg,0,0.1785990397135416,3,1,0.02,0.5
/content/drive/MyDrive/CV_Project/datasets/casia2/images/CASIA2.0_revised/Au/Au_txt_00051.jpg,0,0.0,3,1,0.02,0.5
/content/drive/MyDrive/CV_Project/datasets/casia2/images/CASIA2.0_revised/Au/Au_txt_00052.jpg,0,0.0,3,1,0.02,0.5
/content/drive/MyDrive/CV_Project/datasets/casia2/images/CASIA2.0_revised/Au/Au_txt_00053.jpg,0,0.0,3,1,0.02,0.5
/content/drive/MyDrive/CV_Project/datasets/casia2/images/CASIA2.0_revised/Au/Au_txt_00054.jpg,0,0.2453206380208333,3,1,0.02,0.5
/content/drive/MyDrive/CV_Project/datasets/casia2/images/CASIA2.0_revised/Au/Au_txt_00055.jpg,0,0.0,3,1,0.02,0.5
/content/drive/MyDrive/CV_Project/datasets/casia2/images/CASIA2.0_revised/Au/Au_txt_00056.jpg,0,0.074859619140625,3,1,0.02,0.5
/content/drive/MyDrive/CV_Project/datasets/casia2/images/CASIA2.0_revised/Au/Au_txt_00057.jpg,0,0.0,3,1,0.02,0.5
/content/drive/MyDrive/CV_Project/datasets/casia2/images/CASIA2.0_revised/Au/Au_txt_00058.jpg,0,0.0,3,1,0.02,0.5
/content/drive/MyDrive/CV_Project/datasets/casia2/images/CASIA2.0_revised/Au/Au_txt_00059.jpg,0,0.3380126953125,3,1,0.02,0.5
/content/drive/MyDrive/CV_Project/datasets/casia2/images/CASIA2.0_revised/Au/Au_txt_00060.jpg,0,0.6895955403645834,3,1,0.02,0.5
/content/drive/MyDrive/CV_Project/datasets/casia2/images/CASIA2.0_revised/Au/Au_txt_00061.jpg,0,0.6426595052083334,3,1,0.02,0.5
/content/drive/MyDrive/CV_Project/datasets/casia2/images/CASIA2.0_revised/Au/Au_txt_00062.jpg,0,0.6407674153645834,3,1,0.02,0.5
/content/drive/MyDrive/CV_Project/datasets/casia2/images/CASIA2.0_revised/Au/Au_txt_00063.jpg,0,0.0,3,1,0.02,0.5
/content/drive/MyDrive/CV_Project/datasets/casia2/images/CASIA2.0_revised/Au/Au_txt_00064.jpg,0,0.0822245279947916,3,1,0.02,0.5
/content/drive/MyDrive/CV_Project/datasets/casia2/images/CASIA2.0_revised/Au/Au_txt_00065.jpg,0,0.0,3,1,0.02,0.5
/content/drive/MyDrive/CV_Project/datasets/casia2/images/CASIA2.0_revised/Au/Au_txt_00066.jpg,0,0.0,3,1,0.02,0.5
/content/drive/MyDrive/CV_Project/datasets/casia2/images/CASIA2.0_revised/Au/Au_txt_00067.jpg,0,0.104248046875,3,1,0.02,0.5
/content/drive/MyDrive/CV_Project/datasets/casia2/images/CASIA2.0_revised/Au/Au_txt_00068.jpg,0,0.0,3,1,0.02,0.5
/content/drive/MyDrive/CV_Project/datasets/casia2/images/CASIA2.0_revised/Au/Au_txt_00069.jpg,0,0.6626485188802084,3,1,0.02,0.5
/content/drive/MyDrive/CV_Project/datasets/casia2/images/CASIA2.0_revised/Au/Au_txt_00070.jpg,0,0.0,3,1,0.02,0.5
/content/drive/MyDrive/CV_Project/datasets/casia2/images/CASIA2.0_revised/Au/Au_txt_00071.jpg,0,0.057891845703125,3,1,0.02,0.5
/content/drive/MyDrive/CV_Project/datasets/casia2/images/CASIA2.0_revised/Au/Au_txt_00072.jpg,0,0.1962890625,3,1,0.02,0.5
/content/drive/MyDrive/CV_Project/datasets/casia2/images/CASIA2.0_revised/Au/Au_txt_00073.jpg,0,0.1805623372395833,3,1,0.02,0.5
/content/drive/MyDrive/CV_Project/datasets/casia2/images/CASIA2.0_revised/Au/Au_txt_00074.jpg,0,0.0,3,1,0.02,0.5
/content/drive/MyDrive/CV_Project/datasets/casia2/images/CASIA2.0_revised/Au/Au_txt_00075.jpg,0,0.0,3,1,0.02,0.5
/content/drive/MyDrive/CV_Project/datasets/casia2/images/CASIA2.0_revised/Au/Au_txt_00076.jpg,0,0.0,3,1,0.02,0.5
/content/drive/MyDrive/CV_Project/datasets/casia2/images/CASIA2.0_revised/Au/Au_txt_00077.jpg,0,0.0,3,1,0.02,0.5
/content/drive/MyDrive/CV_Project/datasets/casia2/images/CASIA2.0_revised/Au/Au_txt_00078.jpg,0,0.0285135904947916,3,1,0.02,0.5
/content/drive/MyDrive/CV_Project/datasets/casia2/images/CASIA2.0_revised/Au/Au_txt_00079.jpg,0,0.0,3,1,0.02,0.5
/content/drive/MyDrive/CV_Project/datasets/casia2/images/CASIA2.0_revised/Au/Au_txt_00080.jpg,0,0.0,3,1,0.02,0.5
/content/drive/MyDrive/CV_Project/datasets/casia2/images/CASIA2.0_revised/Au/Au_txt_00081.jpg,0,0.0,3,1,0.02,0.5
/content/drive/MyDrive/CV_Project/datasets/casia2/images/CASIA2.0_revised/Au/Au_txt_00082.jpg,0,0.0347188313802083,3,1,0.02,0.5
/content/drive/MyDrive/CV_Project/datasets/casia2/images/CASIA2.0_revised/Au/Au_txt_00083.jpg,0,0.313690185546875,3,1,0.02,0.5
/content/drive/MyDrive/CV_Project/datasets/casia2/images/CASIA2.0_revised/Au/Au_txt_00084.jpg,0,0.61767578125,3,1,0.02,0.5
/content/drive/MyDrive/CV_Project/datasets/casia2/images/CASIA2.0_revised/Au/Au_txt_00085.jpg,0,0.1995849609375,3,1,0.02,0.5
/content/drive/MyDrive/CV_Project/datasets/casia2/images/CASIA2.0_revised/Au/Au_txt_00086.jpg,0,0.1169331868489583,3,1,0.02,0.5
/content/drive/MyDrive/CV_Project/datasets/casia2/images/CASIA2.0_revised/Au/Au_txt_00087.jpg,0,0.0,3,1,0.02,0.5
/content/drive/MyDrive/CV_Project/datasets/casia2/images/CASIA2.0_revised/Au/Au_txt_00088.jpg,0,0.0,3,1,0.02,0.5
/content/drive/MyDrive/CV_Project/datasets/casia2/images/CASIA2.0_revised/Au/Au_txt_00089.jpg,0,0.5930887858072916,3,1,0.02,0.5
/content/drive/MyDrive/CV_Project/datasets/casia2/images/CASIA2.0_revised/Au/Au_txt_00090.jpg,0,0.0335896809895833,3,1,0.02,0.5
/content/drive/MyDrive/CV_Project/datasets/casia2/images/CASIA2.0_revised/Au/Au_txt_00091.jpg,0,0.0443115234375,3,1,0.02,0.5
/content/drive/MyDrive/CV_Project/datasets/casia2/images/CASIA2.0_revised/Au/Au_txt_00092.jpg,0,0.6803487141927084,3,1,0.02,0.5
/content/drive/MyDrive/CV_Project/datasets/casia2/images/CASIA2.0_revised/Au/Au_txt_00093.jpg,0,0.0,3,1,0.02,0.5
/content/drive/MyDrive/CV_Project/datasets/casia2/images/CASIA2.0_revised/Au/Au_txt_00094.jpg,0,0.0,3,1,0.02,0.5
/content/drive/MyDrive/CV_Project/datasets/casia2/images/CASIA2.0_revised/Au/Au_txt_00095.jpg,0,0.0,3,1,0.02,0.5
/content/drive/MyDrive/CV_Project/datasets/casia2/images/CASIA2.0_revised/Au/Au_txt_00096.jpg,0,0.0,3,1,0.02,0.5
/content/drive/MyDrive/CV_Project/datasets/casia2/images/CASIA2.0_revised/Au/Au_txt_00097.jpg,0,0.0,3,1,0.02,0.5
/content/drive/MyDrive/CV_Project/datasets/casia2/images/CASIA2.0_revised/Au/Au_txt_00098.jpg,0,0.6094970703125,3,1,0.02,0.5
/content/drive/MyDrive/CV_Project/datasets/casia2/images/CASIA2.0_revised/Au/Au_txt_00099.jpg,0,0.0,3,1,0.02,0.5
/content/drive/MyDrive/CV_Project/datasets/casia2/images/CASIA2.0_revised/Au/Au_txt_00100.jpg,0,0.0,3,1,0.02,0.5
/content/drive/MyDrive/CV_Project/datasets/casia2/images/CASIA2.0_revised/Au/Au_txt_10101.jpg,0,0.0,3,1,0.02,0.5
/content/drive/MyDrive/CV_Project/datasets/casia2/images/CASIA2.0_revised/Au/Au_txt_10102.jpg,0,0.0,3,1,0.02,0.5
/content/drive/MyDrive/CV_Project/datasets/casia2/images/CASIA2.0_revised/Au/Au_txt_10103.jpg,0,0.0,3,1,0.02,0.5
/content/drive/MyDrive/CV_Project/datasets/casia2/images/CASIA2.0_revised/Au/Au_txt_10104.jpg,0,0.1364693333333333,3,1,0.02,0.5
/content/drive/MyDrive/CV_Project/datasets/casia2/images/CASIA2.0_revised/Au/Au_txt_10105.jpg,0,0.0,3,1,0.02,0.5
/content/drive/MyDrive/CV_Project/datasets/casia2/images/CASIA2.0_revised/Au/Au_txt_10106.jpg,0,0.0,3,1,0.02,0.5
/content/drive/MyDrive/CV_Project/datasets/casia2/images/CASIA2.0_revised/Au/Au_txt_10107.jpg,0,0.0,3,1,0.02,0.5
/content/drive/MyDrive/CV_Project/datasets/casia2/images/CASIA2.0_revised/Au/Au_txt_10108.jpg,0,0.3732373333333333,3,1,0.02,0.5
/content/drive/MyDrive/CV_Project/datasets/casia2/images/CASIA2.0_revised/Au/Au_txt_10109.jpg,0,0.0,3,1,0.02,0.5
/content/drive/MyDrive/CV_Project/datasets/casia2/images/CASIA2.0_revised/Au/Au_txt_10110.jpg,0,0.0949148936170212,3,1,0.02,0.5
/content/drive/MyDrive/CV_Project/datasets/casia2/images/CASIA2.0_revised/Au/Au_txt_10111.jpg,0,0.0,3,1,0.02,0.5
/content/drive/MyDrive/CV_Project/datasets/casia2/images/CASIA2.0_revised/Au/Au_txt_10112.jpg,0,0.6966608695652174,3,1,0.02,0.5
/content/drive/MyDrive/CV_Project/datasets/casia2/images/CASIA2.0_revised/Au/Au_txt_10113.jpg,0,0.0,3,1,0.02,0.5
/content/drive/MyDrive/CV_Project/datasets/casia2/images/CASIA2.0_revised/Au/Au_txt_10114.jpg,0,0.1801363636363636,3,1,0.02,0.5
/content/drive/MyDrive/CV_Project/datasets/casia2/images/CASIA2.0_revised/Au/Au_txt_10115.jpg,0,0.0,3,1,0.02,0.5
/content/drive/MyDrive/CV_Project/datasets/casia2/images/CASIA2.0_revised/Au/Au_txt_10116.jpg,0,0.0,3,1,0.02,0.5
/content/drive/MyDrive/CV_Project/datasets/casia2/images/CASIA2.0_revised/Au/Au_txt_10117.jpg,0,0.0,3,1,0.02,0.5
/content/drive/MyDrive/CV_Project/datasets/casia2/images/CASIA2.0_revised/Au/Au_txt_30001.jpg,0,0.1053466796875,3,1,0.02,0.5
/content/drive/MyDrive/CV_Project/datasets/casia2/images/CASIA2.0_revised/Au/Au_txt_30002.jpg,0,0.2493489583333333,3,1,0.02,0.5
/content/drive/MyDrive/CV_Project/datasets/casia2/images/CASIA2.0_revised/Au/Au_txt_30003.jpg,0,0.8379007975260416,3,1,0.02,0.5
/content/drive/MyDrive/CV_Project/datasets/casia2/images/CASIA2.0_revised/Au/Au_txt_30004.jpg,0,0.7537333170572916,3,1,0.02,0.5
/content/drive/MyDrive/CV_Project/datasets/casia2/images/CASIA2.0_revised/Au/Au_txt_30005.jpg,0,0.083648681640625,3,1,0.02,0.5
/content/drive/MyDrive/CV_Project/datasets/casia2/images/CASIA2.0_revised/Au/Au_txt_30006.jpg,0,0.0,3,1,0.02,0.5
/content/drive/MyDrive/CV_Project/datasets/casia2/images/CASIA2.0_revised/Au/Au_txt_30007.jpg,0,0.0,3,1,0.02,0.5
/content/drive/MyDrive/CV_Project/datasets/casia2/images/CASIA2.0_revised/Au/Au_txt_30008.jpg,0,0.141448974609375,3,1,0.02,0.5
/content/drive/MyDrive/CV_Project/datasets/casia2/images/CASIA2.0_revised/Au/Au_txt_30009.jpg,0,0.0,3,1,0.02,0.5
/content/drive/MyDrive/CV_Project/datasets/casia2/images/CASIA2.0_revised/Au/Au_txt_30010.jpg,0,0.17877197265625,3,1,0.02,0.5
/content/drive/MyDrive/CV_Project/datasets/casia2/images/CASIA2.0_revised/Au/Au_txt_30011.jpg,0,0.0,3,1,0.02,0.5
/content/drive/MyDrive/CV_Project/datasets/casia2/images/CASIA2.0_revised/Au/Au_txt_30012.jpg,0,0.0839029947916666,3,1,0.02,0.5
/content/drive/MyDrive/CV_Project/datasets/casia2/images/CASIA2.0_revised/Au/Au_txt_30013.jpg,0,0.0,3,1,0.02,0.5
/content/drive/MyDrive/CV_Project/datasets/casia2/images/CASIA2.0_revised/Au/Au_txt_30014.jpg,0,0.0,3,1,0.02,0.5
/content/drive/MyDrive/CV_Project/datasets/casia2/images/CASIA2.0_revised/Au/Au_txt_30015.jpg,0,0.0635172526041666,3,1,0.02,0.5
/content/drive/MyDrive/CV_Project/datasets/casia2/images/CASIA2.0_revised/Au/Au_txt_30016.jpg,0,0.0,3,1,0.02,0.5
/content/drive/MyDrive/CV_Project/datasets/casia2/images/CASIA2.0_revised/Au/Au_txt_30017.jpg,0,0.0,3,1,0.02,0.5
/content/drive/MyDrive/CV_Project/datasets/casia2/images/CASIA2.0_revised/Au/Au_txt_30018.jpg,0,0.0,3,1,0.02,0.5
/content/drive/MyDrive/CV_Project/datasets/casia2/images/CASIA2.0_revised/Au/Au_txt_30019.jpg,0,0.0,3,1,0.02,0.5
/content/drive/MyDrive/CV_Project/datasets/casia2/images/CASIA2.0_revised/Au/Au_txt_30020.jpg,0,0.1360677083333333,3,1,0.02,0.5
/content/drive/MyDrive/CV_Project/datasets/casia2/images/CASIA2.0_revised/Au/Au_txt_30021.jpg,0,0.0,3,1,0.02,0.5
/content/drive/MyDrive/CV_Project/datasets/casia2/images/CASIA2.0_revised/Au/Au_txt_30022.jpg,0,0.02099609375,3,1,0.02,0.5
/content/drive/MyDrive/CV_Project/datasets/casia2/images/CASIA2.0_revised/Au/Au_txt_30023.jpg,0,0.0,3,1,0.02,0.5
/content/drive/MyDrive/CV_Project/datasets/casia2/images/CASIA2.0_revised/Au/Au_txt_30024.jpg,0,0.0,3,1,0.02,0.5
/content/drive/MyDrive/CV_Project/datasets/casia2/images/CASIA2.0_revised/Au/Au_txt_30025.jpg,0,0.0,3,1,0.02,0.5
/content/drive/MyDrive/CV_Project/datasets/casia2/images/CASIA2.0_revised/Au/Au_txt_30026.jpg,0,0.0553080240885416,3,1,0.02,0.5
/content/drive/MyDrive/CV_Project/datasets/casia2/images/CASIA2.0_revised/Au/Au_txt_30027.jpg,0,0.0,3,1,0.02,0.5
/content/drive/MyDrive/CV_Project/datasets/casia2/images/CASIA2.0_revised/Au/Au_txt_30028.jpg,0,0.0,3,1,0.02,0.5
/content/drive/MyDrive/CV_Project/datasets/casia2/images/CASIA2.0_revised/Au/Au_txt_30029.jpg,0,0.407989501953125,3,1,0.02,0.5
