label,prob_mean,prob_max,prob_p99,unet_area,mrf_area
1,0.07086176425218582,0.988711953163147,0.9436599016189575,0.084564208984375,0.0
1,0.012857615016400814,0.9999665021896362,0.3194727897644043,0.01007080078125,0.009226481119791666
1,0.0558442696928978,0.9999833106994629,0.9997448325157166,0.05841471354166667,0.038658854166666666
1,0.02979545295238495,0.999946117401123,0.9968881011009216,0.02813720703125,0.0
1,0.03866075351834297,0.9994578957557678,0.9958011507987976,0.03729248046875,0.033294677734375
1,0.14752981066703796,0.9968024492263794,0.986929178237915,0.174530029296875,0.19023640950520834
1,0.03120703063905239,0.9999145269393921,0.9961004257202148,0.03185221354166667,0.03403971354166667
1,0.01828240603208542,0.9923043847084045,0.8949732184410095,0.020609537760416668,0.0
1,0.17138247191905975,0.9961456060409546,0.9839708209037781,0.20869954427083334,0.1932373046875
1,0.04867641255259514,0.9999117851257324,0.9728214740753174,0.02775039652116064,0.010327804347737902
1,0.016300784423947334,0.9996898174285889,0.5220960378646851,0.016432291666666668,0.0
1,0.08251847326755524,0.9994946718215942,0.9789558053016663,0.07196875,0.0
1,0.007843919098377228,0.9998339414596558,0.02748069353401661,0.007049560546875,0.0
1,0.3824958801269531,0.9986276626586914,0.9959771037101746,0.4153238932291667,0.3934529622395833
1,0.28986111283302307,0.9973061084747314,0.9926542043685913,0.3386433919270833,0.3481343587239583
1,0.012449624948203564,0.9999926090240479,0.9289069175720215,0.0115966796875,0.0
1,0.08364254236221313,0.999823272228241,0.9314625263214111,0.10077708333333334,0.0
1,0.247120663523674,0.9996316432952881,0.9977916479110718,0.24712117513020834,0.214385986328125
1,0.14206789433956146,0.9978001713752747,0.9824230670928955,0.17217000325520834,0.0
1,0.16739964485168457,0.9999196529388428,0.9996079802513123,0.16817220052083334,0.16697184244791666
1,0.10090836137533188,0.9978172779083252,0.983020007610321,0.10776774088541667,0.0955810546875
1,0.15571072697639465,0.9997175335884094,0.9963637590408325,0.16367594401041666,0.03167724609375
1,0.15359605848789215,0.9996923208236694,0.9981178045272827,0.15538533528645834,0.12644449869791666
1,0.008864234201610088,0.9999933242797852,0.04967287555336952,0.008005777994791666,0.0
1,0.059362541884183884,0.9994230270385742,0.9973986744880676,0.061594645182291664,0.060282389322916664
1,0.02304070256650448,0.999823272228241,0.9986222982406616,0.020172119140625,0.017059326171875
1,0.04119867831468582,0.9997367262840271,0.9979169964790344,0.042287190755208336,0.023162841796875
1,0.02084990218281746,0.9961155652999878,0.6686888337135315,0.02297696877627974,0.0
1,0.06936168670654297,0.9997867941856384,0.9983189702033997,0.07017008463541667,0.048940022786458336
1,0.14901773631572723,0.9987207055091858,0.9946980476379395,0.16377766927083334,0.14739990234375
1,0.04026731848716736,0.9999421834945679,0.9989012479782104,0.038035074869791664,0.024892171223958332
1,0.4260753095149994,0.9990600943565369,0.997388482093811,0.50726318359375,0.6031290690104166
1,0.19616132974624634,0.9999257326126099,0.999514102935791,0.19759114583333334,0.1959228515625
1,0.019237764179706573,0.9998339414596558,0.5573357343673706,0.01939453125,0.0
1,0.08118648082017899,0.9995044469833374,0.9977656602859497,0.0787353515625,0.058837890625
1,0.15083716809749603,0.9999732971191406,0.9997584223747253,0.15553792317708334,0.15525309244791666
1,0.30396413803100586,0.9998534917831421,0.9985277652740479,0.394892578125,0.48411458333333335
1,0.13446758687496185,0.9999233484268188,0.9994825720787048,0.135986328125,0.13846842447916666
1,0.16483138501644135,0.9999814033508301,0.9934865236282349,0.19587083333333333,0.11783541666666666
1,0.33632364869117737,0.9991638660430908,0.9973269701004028,0.4196879069010417,0.55828857421875
1,0.07154273241758347,0.9999145269393921,0.9988752007484436,0.07110595703125,0.07491048177083333
1,0.2399309128522873,0.9942474365234375,0.9761745929718018,0.2947854166666667,0.22480833333333333
1,0.28642573952674866,0.9987648725509644,0.9945095181465149,0.33947265625,0.392900390625
1,0.05996889993548393,0.9996125102043152,0.9970417618751526,0.06993611653645833,0.022308349609375
1,0.12855742871761322,0.9860442876815796,0.9524857997894287,0.14928240740740742,0.0
1,0.12570570409297943,0.9996579885482788,0.9979572296142578,0.13743082682291666,0.06833902994791667
1,0.023413395509123802,0.9779256582260132,0.7477835416793823,0.026509602864583332,0.0
1,0.052130311727523804,0.9690324664115906,0.7523711323738098,0.06456502278645833,0.0
1,0.03891444951295853,0.9966102242469788,0.9660261273384094,0.0439453125,0.0
1,0.06649260967969894,0.9998952150344849,0.9985674619674683,0.07256062825520833,0.056070963541666664
1,0.056864555925130844,0.9976218342781067,0.9859364032745361,0.05364990234375,0.047434488932291664
1,0.0077776494435966015,0.9999778270721436,0.079487144947052,0.006917317708333333,0.0
1,0.20006322860717773,0.9925103187561035,0.974531888961792,0.230859375,0.0
1,0.10113930702209473,0.9998831748962402,0.9993976354598999,0.10218302408854167,0.10234578450520833
1,0.15862929821014404,0.9995761513710022,0.9978925585746765,0.16852823893229166,0.13655598958333334
1,0.05259467661380768,0.9994340538978577,0.9959298968315125,0.048746744791666664,0.0
1,0.25881314277648926,0.9993307590484619,0.9975560903549194,0.2790934244791667,0.273651123046875
1,0.1771029382944107,0.9994514584541321,0.9986489415168762,0.181182861328125,0.18196614583333334
1,0.041582830250263214,0.9970073103904724,0.9226218461990356,0.04449462890625,0.0
1,0.09532615542411804,0.9997016787528992,0.9987106323242188,0.10262044270833333,0.08864339192708333
1,0.03369443491101265,0.9965837001800537,0.9305844902992249,0.039560953776041664,0.0
1,0.03946264460682869,0.9999675750732422,0.9996607303619385,0.039947509765625,0.036458333333333336
1,0.10261908918619156,0.9998534917831421,0.999140739440918,0.10430908203125,0.09564208984375
1,0.05599712207913399,0.9998013377189636,0.9859331250190735,0.056172688802083336,0.0
1,0.26384979486465454,0.9990264177322388,0.9796680808067322,0.3532085561497326,0.20549197860962568
1,0.04972130060195923,0.9999501705169678,0.9993663430213928,0.050191243489583336,0.025960286458333332
1,0.02401716448366642,0.9987004995346069,0.8144973516464233,0.02538387715930902,0.0
1,0.23532885313034058,0.9983579516410828,0.9940197467803955,0.2581380208333333,0.16664632161458334
1,0.3362484872341156,0.9997487664222717,0.9990854263305664,0.3750455729166667,0.418798828125
1,0.013018970377743244,0.9990924596786499,0.8335984349250793,0.011751302083333333,0.008857421875
1,0.1444760113954544,0.9993255138397217,0.9964203834533691,0.159820556640625,0.16141764322916666
1,0.13417048752307892,0.99988853931427,0.9991507530212402,0.140045166015625,0.10054524739583333
1,0.3741661608219147,0.9999215602874756,0.9993281364440918,0.3794570960102022,0.3834833302969575
1,0.16956257820129395,0.9993435740470886,0.9929609894752502,0.18212890625,0.13535563151041666
1,0.27695170044898987,0.9987157583236694,0.9931760430335999,0.3642476399739583,0.378265380859375
1,0.2477833777666092,0.9990637898445129,0.9961750507354736,0.3236490885416667,0.069427490234375
1,0.24959014356136322,0.9987648725509644,0.9964480400085449,0.281158447265625,0.3113911946614583
1,0.06927890330553055,0.9998794794082642,0.9933071732521057,0.07118733723958333,0.08367919921875
1,0.16878296434879303,0.9994252920150757,0.9983834028244019,0.17254638671875,0.159637451171875
1,0.04898391291499138,0.9998326301574707,0.9821519255638123,0.04423611111111111,0.0
1,0.32806724309921265,0.9997262358665466,0.9970073103904724,0.36865214646464645,0.3542550505050505
1,0.03883332759141922,0.9999545812606812,0.9992021918296814,0.039388020833333336,0.033548990885416664
1,0.03966718539595604,0.9999773502349854,0.9996017217636108,0.037190755208333336,0.035247802734375
1,0.13885919749736786,0.9994725584983826,0.9949788451194763,0.142448,0.173808
1,0.2347453385591507,0.9999713897705078,0.9996724128723145,0.24030558268229166,0.215484619140625
1,0.08836463838815689,0.9987356066703796,0.9887106418609619,0.098968505859375,0.0
1,0.32564353942871094,0.9991306662559509,0.9962345957756042,0.40260066730654964,0.4852552676082088
1,0.11875461786985397,0.9999138116836548,0.998807430267334,0.12183634440104167,0.07840983072916667
1,0.1239459216594696,0.9999369382858276,0.9993201494216919,0.13470052083333334,0.14325520833333333
1,0.14200139045715332,0.9997153878211975,0.9940197467803955,0.16715208747514912,0.15009443339960238
1,0.024198399856686592,0.9995842576026917,0.8889517188072205,0.026839192708333334,0.0
1,0.9534923434257507,0.9978925585746765,0.9958499670028687,0.9970499674479166,1.0
1,0.10147174447774887,0.9997407793998718,0.9982247948646545,0.10718790690104167,0.06888834635416667
1,0.009749059565365314,0.999160647392273,0.09072583168745041,0.008351643880208334,0.0
1,0.01793159544467926,0.997739315032959,0.9653138518333435,0.01910400390625,0.0
1,0.042421236634254456,0.9997748732566833,0.4793221056461334,0.0500037037037037,0.0
1,0.33255839347839355,0.9829546809196472,0.9529258608818054,0.44323269665229,0.48003286095707537
1,0.295879989862442,0.9999233484268188,0.9996095299720764,0.3601490013254719,0.40295260295260293
1,0.4224421977996826,0.9988574981689453,0.9952632188796997,0.4515017543859649,0.4572491228070175
1,0.044867269694805145,0.9999716281890869,0.5111611485481262,0.030618666666666666,0.0
1,0.07231653481721878,0.9991704225540161,0.976669192314148,0.057052529182879376,0.0
1,0.2529059648513794,0.9997487664222717,0.9978594183921814,0.2962260076775432,0.3063915547024952
1,0.0759488120675087,0.9996345043182373,0.9943581223487854,0.08575855804509672,0.04969187475510277
1,0.016977863386273384,0.9998655319213867,0.864418089389801,0.01690673828125,0.0
1,0.11312013864517212,0.9994138479232788,0.984867513179779,0.13702392578125,0.0
1,0.07538729161024094,0.9998984336853027,0.9986801743507385,0.07576497395833333,0.07407633463541667
1,0.04364670813083649,0.9999840259552002,0.9997950196266174,0.04425048828125,0.033304850260416664
1,0.0546230785548687,0.9985162615776062,0.989591658115387,0.052734375,0.034261067708333336
1,0.016981324180960655,0.9902915358543396,0.8088188171386719,0.019144694010416668,0.0
1,0.13818420469760895,0.9983059167861938,0.9843964576721191,0.16349283854166666,0.0
1,0.4305036962032318,0.9998103976249695,0.9978594183921814,0.4766438802083333,0.5618896484375
1,0.22900915145874023,0.9999263286590576,0.9992819428443909,0.24216715494791666,0.2599589029947917
1,0.1348351687192917,0.9975080490112305,0.992362916469574,0.16234334309895834,0.07314046223958333
1,0.019333595409989357,0.9998952150344849,0.9849274158477783,0.02008056640625,0.0091552734375
1,0.11201853305101395,0.999595582485199,0.9966365098953247,0.122222900390625,0.128387451171875
1,0.3704214096069336,0.9999860525131226,0.9998118281364441,0.44492435668906255,0.4509895333424745
1,0.030422963201999664,0.9999068975448608,0.9974884986877441,0.029062906901041668,0.0
1,0.049751508980989456,0.9998352527618408,0.9963071346282959,0.04724609375,0.04788411458333333
1,0.012252488173544407,0.9998534917831421,0.9451821446418762,0.012034098307291666,0.0
1,0.09558474272489548,0.9995778203010559,0.9981684684753418,0.09527587890625,0.09583536783854167
1,0.08260662853717804,0.9973477125167847,0.9187722206115723,0.1116037037037037,0.0
1,0.02022724412381649,0.9907320141792297,0.840255081653595,0.022135416666666668,0.0
1,0.005291661247611046,0.7156228423118591,0.07864238321781158,0.0014546712239583333,0.0
1,0.007688403595238924,0.9960545301437378,0.08694165199995041,0.00689697265625,0.0
1,0.17290031909942627,0.9999039173126221,0.998498797416687,0.179351806640625,0.15850830078125
1,0.006855996325612068,0.9967648983001709,0.10209339112043381,0.007954915364583334,0.0
1,0.11823031306266785,0.9999221563339233,0.9993952512741089,0.12067667643229167,0.12004597981770833
1,0.0008223801851272583,0.02655657008290291,0.008029881864786148,0.0,0.0
1,0.17366021871566772,0.9994786381721497,0.9968641400337219,0.20139567057291666,0.13676961263020834
1,0.3307642340660095,0.9994000196456909,0.9965837001800537,0.3540435606060606,0.3557891414141414
1,0.06296270340681076,0.9994252920150757,0.9949199557304382,0.06263224283854167,0.06327311197916667
1,0.06561668962240219,0.9997603297233582,0.9961755275726318,0.070648193359375,0.031626383463541664
1,0.6682707667350769,0.9997305274009705,0.9985785484313965,0.7243855794270834,0.918853759765625
1,0.305600106716156,0.9991374015808105,0.9966756105422974,0.34199281248461577,0.31691035297592673
1,0.16032691299915314,0.9991540908813477,0.9968273043632507,0.18912760416666666,0.2257080078125
1,0.07496785372495651,0.9994296431541443,0.9616780281066895,0.09075925925925926,0.023677777777777777
1,0.20251818001270294,0.9923043847084045,0.9585376977920532,0.2471358024691358,0.03761316872427983
1,0.03494885191321373,0.9999030828475952,0.9963637590408325,0.031321207682291664,0.015726725260416668
1,0.3735544681549072,0.9974589943885803,0.9893462061882019,0.476898193359375,0.5302734375
1,0.48417362570762634,0.9999654293060303,0.9993833303451538,0.5489095052083334,0.6044514973958334
1,0.03888474032282829,0.9946980476379395,0.9694979190826416,0.035878499348958336,0.0
1,0.08795356005430222,0.9999641180038452,0.9937829375267029,0.09974161783854167,0.0
1,0.02505417913198471,0.999991774559021,0.9979569911956787,0.023854573567708332,0.0189208984375
1,0.012668306939303875,0.9999531507492065,0.17880813777446747,0.009175618489583334,0.0
1,0.027002988383173943,0.9999741315841675,0.9982791543006897,0.027516682942708332,0.0
1,0.06799374520778656,0.9997851252555847,0.9981613755226135,0.07135009765625,0.0
1,0.25334352254867554,0.9950370192527771,0.9591519832611084,0.3171488444010417,0.3297017415364583
1,0.06072448566555977,0.999982476234436,0.999762237071991,0.057790120442708336,0.038808186848958336
1,0.013770435936748981,0.9999083280563354,0.9321770668029785,0.012522379557291666,0.0
1,0.03148455545306206,0.9998247027397156,0.9988395571708679,0.032185872395833336,0.035105387369791664
1,0.038637176156044006,0.999906063079834,0.9983450174331665,0.04037728026533997,0.03758291873963516
1,0.24768835306167603,0.9996359348297119,0.9985392093658447,0.2926228841145833,0.32647705078125
1,0.024597950279712677,0.9999657869338989,0.9993410706520081,0.021636962890625,0.018778483072916668
1,0.03016163967549801,0.9993785619735718,0.9874235987663269,0.020133108307827264,0.015971089943457573
1,0.008723150007426739,0.2538610100746155,0.09367801249027252,0.0,0.0
1,0.020266331732273102,0.9999227523803711,0.969087541103363,0.017405192057291668,0.0
1,0.3383606970310211,0.9993201494216919,0.9963783621788025,0.3861185709635417,0.3951619466145833
1,0.35487690567970276,0.9999039173126221,0.9996155500411987,0.4282462635403812,0.4574889163124457
1,0.06195884943008423,0.999972939491272,0.9995810389518738,0.047821044921875,0.041982014973958336
1,0.06003786250948906,0.9998488426208496,0.9992145299911499,0.058003743489583336,0.052642822265625
1,0.6034655570983887,0.9998840093612671,0.9995793700218201,0.649871826171875,0.660125732421875
1,0.16148151457309723,0.99703049659729,0.9434518814086914,0.20051066080729166,0.0
1,0.16792097687721252,0.9994296431541443,0.9895513653755188,0.19028211805555556,0.0962109375
1,0.13762904703617096,0.9990781545639038,0.9939024448394775,0.16175333658854166,0.0
1,0.056719254702329636,0.9985162615776062,0.987129271030426,0.061574300130208336,0.0
1,0.265918105840683,0.9988840222358704,0.9693822264671326,0.34896581249944253,0.05136152412212243
1,0.042268794029951096,0.9994138479232788,0.9851003289222717,0.036326090494791664,0.0
1,0.22636546194553375,0.9998103976249695,0.9902915358543396,0.29271041666666664,0.28503958333333335
1,0.5721688270568848,0.9999477863311768,0.9996064305305481,0.6609950248756219,0.6771310116086235
1,0.025440638884902,0.995075523853302,0.7538238763809204,0.028706868489583332,0.0
1,0.03562828153371811,0.9972637891769409,0.9727775454521179,0.035227457682291664,0.0
1,0.03127306327223778,0.9990264177322388,0.6744762659072876,0.0316162109375,0.0
1,0.023626690730452538,0.9954439401626587,0.711224377155304,0.021616617838541668,0.0
1,0.18450678884983063,0.9979888200759888,0.990909993648529,0.195078125,0.17104166666666668
1,0.15469558537006378,0.9997387528419495,0.9971771240234375,0.171417236328125,0.19698079427083334
1,0.09399228543043137,0.9944451451301575,0.958379864692688,0.11405436197916667,0.0
1,0.11778169870376587,0.9999023675918579,0.9986222982406616,0.121795654296875,0.10210164388020833
1,0.08969956636428833,0.9995810389518738,0.9901782274246216,0.072052001953125,0.0
1,0.35426220297813416,0.9998499155044556,0.999376118183136,0.3853963216145833,0.5128885904947916
1,0.0731504037976265,0.9990637898445129,0.9932811260223389,0.0814208984375,0.041961669921875
1,0.31087803840637207,0.9996594190597534,0.9987157583236694,0.37158203125,0.43896484375
1,0.24004369974136353,0.9998726844787598,0.9981968998908997,0.2645467122395833,0.29254150390625
1,0.017236975952982903,0.9999690055847168,0.9996775388717651,0.016693115234375,0.015340169270833334
1,0.046013087034225464,0.9998103976249695,0.9991306662559509,0.047871907552083336,0.034922281901041664
1,0.08842236548662186,0.9899863600730896,0.9346306920051575,0.10169474283854167,0.0
1,0.12075372785329819,0.9990890026092529,0.9958816766738892,0.13660685221354166,0.15041097005208334
1,0.06185504421591759,0.9973165392875671,0.9908389449119568,0.06085205078125,0.056040445963541664
1,0.04758714511990547,0.9993928670883179,0.48753413558006287,0.03399658203125,0.0
1,0.13595886528491974,0.9998960494995117,0.9976949095726013,0.146331787109375,0.15913899739583334
1,0.051355164498090744,0.9997918009757996,0.9930693507194519,0.054768880208333336,0.0
1,0.21458019316196442,0.9999850988388062,0.9997695088386536,0.22336832682291666,0.23163859049479166
1,0.21291960775852203,0.9983450174331665,0.9821512699127197,0.2551671374764595,0.0715701506591337
1,0.06238473579287529,0.9941118359565735,0.9476723670959473,0.07795206705729167,0.0
1,0.16389042139053345,0.9990187883377075,0.9929060935974121,0.18247477213541666,0.08832804361979167
1,0.04328431561589241,0.9995158910751343,0.9563880562782288,0.047932942708333336,0.0
1,0.5722449421882629,0.9961155652999878,0.9833430051803589,0.69207763671875,0.764129638671875
1,0.42906346917152405,0.9994826316833496,0.9974090456962585,0.4365437825520833,0.436309814453125
1,0.014779428020119667,0.9999599456787109,0.996292769908905,0.0142578125,0.012350260416666667
1,0.01578403264284134,0.9994493126869202,0.966022253036499,0.013071695963541666,0.0
1,0.17863626778125763,0.9999239444732666,0.9969603419303894,0.19268798828125,0.185089111328125
1,0.10216391086578369,0.9963924288749695,0.9781771898269653,0.11960816326530613,0.0
1,0.08387607336044312,0.997739315032959,0.9845142364501953,0.08897908528645833,0.052754720052083336
1,0.13834863901138306,0.9999313354492188,0.9996110796928406,0.14603515625,0.167783203125
1,0.19435317814350128,0.9998804330825806,0.9989995360374451,0.20857747395833334,0.12813313802083334
1,0.02139221876859665,0.9997240900993347,0.9738895893096924,0.022867838541666668,0.0
1,0.09396912902593613,0.9995810389518738,0.9981030225753784,0.0936279296875,0.081024169921875
1,0.2813869118690491,0.9977568984031677,0.9904035329818726,0.353828125,0.39921875
1,0.2873589098453522,0.9996110796928406,0.9989350438117981,0.294891357421875,0.284332275390625
1,0.06615247577428818,0.9990149736404419,0.9677855968475342,0.0765164625488108,0.0
1,0.02818523906171322,0.9985277652740479,0.429671049118042,0.023146666666666666,0.0
1,0.2426522970199585,0.9998534917831421,0.9986487627029419,0.2720133463541667,0.11665852864583333
1,0.044610124081373215,0.9998352527618408,0.996364176273346,0.045501708984375,0.02740478515625
1,0.33118706941604614,0.999891996383667,0.9995643496513367,0.3497314453125,0.3621012369791667
1,0.03689177334308624,0.9980581402778625,0.8071476817131042,0.04412841796875,0.0
1,0.06752099096775055,0.9998176693916321,0.9990710020065308,0.06523640950520833,0.053853352864583336
1,0.012880462221801281,0.9999629259109497,0.7176811099052429,0.014088948567708334,0.0
1,0.05296153202652931,0.9899476170539856,0.9355823397636414,0.059102376302083336,0.0
1,0.06939226388931274,0.9975751042366028,0.9839090704917908,0.07509358723958333,0.0
1,0.02765662781894207,0.989591658115387,0.956635057926178,0.026574074074074073,0.0
1,0.02771926485002041,0.9999654293060303,0.9991238713264465,0.022267659505208332,0.012105305989583334
1,0.12769600749015808,0.9994069337844849,0.9933330416679382,0.13719594594594595,0.10753619691119691
1,0.3902522921562195,0.9990710020065308,0.9968149065971375,0.4990280777537797,0.5299907435976551
1,0.08379867672920227,0.9996048808097839,0.988447368144989,0.07607174295774648,0.0452024647887324
1,0.021488437429070473,0.9999617338180542,0.9979332685470581,0.018513997395833332,0.0
1,0.11472568660974503,0.9998103976249695,0.9979731440544128,0.13408406575520834,0.027516682942708332
1,0.31722888350486755,0.998492956161499,0.9950562715530396,0.4026997884114583,0.2670084635416667
1,0.29879286885261536,0.9997884631156921,0.9993857145309448,0.3730875651041667,0.4376424153645833
1,0.23006579279899597,0.9998044371604919,0.9991672039031982,0.27589926413455823,0.269281045751634
1,0.2432062178850174,0.9984869956970215,0.9963357448577881,0.256622314453125,0.248138427734375
1,0.16921257972717285,0.9999364614486694,0.9989995360374451,0.17775472005208334,0.14338175455729166
1,0.8819692730903625,0.9983707070350647,0.9965569972991943,0.9487406412760416,1.0
1,0.04582987725734711,0.998793363571167,0.8967894911766052,0.052388509114583336,0.0
1,0.15832073986530304,0.9995290040969849,0.9978342652320862,0.16131591796875,0.17194620768229166
1,0.013384838588535786,0.9999567270278931,0.987494945526123,0.012837727864583334,0.0
1,0.05064072832465172,0.999840259552002,0.997774064540863,0.052998860677083336,0.047841389973958336
1,0.11448973417282104,0.9996485710144043,0.9970421195030212,0.12302652994791667,0.13172403971354166
1,0.03558316454291344,0.9998028874397278,0.9989098310470581,0.034617106119791664,0.024881998697916668
1,0.16107718646526337,0.9998218417167664,0.9985275864601135,0.16884358723958334,0.13519287109375
1,0.024273144081234932,0.9996849298477173,0.9014201760292053,0.020736779560308973,0.0
1,0.40797364711761475,0.9990034699440002,0.9980657696723938,0.4195760091145833,0.4196573893229167
1,0.08524665236473083,0.9999542236328125,0.9991927742958069,0.09210205078125,0.08876546223958333
1,0.16900788247585297,0.9998074173927307,0.9976310729980469,0.202850341796875,0.11936442057291667
1,0.7627976536750793,0.9981827735900879,0.9939261078834534,0.8758748372395834,0.9682108561197916
1,0.017252815887331963,0.9999589920043945,0.621207058429718,0.013158736688148452,0.0
1,0.003352267434820533,0.9856076240539551,0.023464659228920937,0.0013529459635416667,0.0
1,0.1647147834300995,0.9998936653137207,0.9978760480880737,0.18016560872395834,0.19936116536458334
1,0.3980003893375397,0.9999215602874756,0.9995908141136169,0.40814208984375,0.41925048828125
1,0.07920432835817337,0.9991958737373352,0.9890130758285522,0.08885701497395833,0.0
1,0.08984893560409546,0.9997981190681458,0.9979089498519897,0.09092203776041667,0.048329671223958336
1,0.3962610960006714,0.9999030828475952,0.9990414977073669,0.4771451822916667,0.482607421875
1,0.3043162524700165,0.9998511075973511,0.9979169964790344,0.3393758138020833,0.2871602376302083
1,0.007806316018104553,0.9999955892562866,0.05051206052303314,0.006703694661458333,0.0
1,0.04435255751013756,0.9999196529388428,0.9991768002510071,0.04413551401869159,0.04331775700934579
1,0.09567766636610031,0.999840259552002,0.9200615286827087,0.11274210611979167,0.0
1,0.10171181708574295,0.9956516623497009,0.9642541408538818,0.122344970703125,0.0
1,0.058904413133859634,0.9996724128723145,0.9980505704879761,0.054697672526041664,0.021687825520833332
1,0.047088250517845154,0.9999324083328247,0.9054846167564392,0.05499267578125,0.0
1,0.509431779384613,0.9992021918296814,0.9965837001800537,0.5756937662760416,0.561737060546875
1,0.1598251461982727,0.9999473094940186,0.9787126779556274,0.19263478525738653,0.0
1,0.012216596864163876,0.9999068975448608,0.21107055246829987,0.009857177734375,0.0
1,0.152276873588562,0.999438464641571,0.9980505704879761,0.16107177734375,0.15754191080729166
1,0.07156015187501907,0.9998968839645386,0.9993067979812622,0.072662353515625,0.06261189778645833
1,0.017123105004429817,0.9998300075531006,0.6039323806762695,0.01962890625,0.0
1,0.05309667810797691,0.9994907379150391,0.9928508996963501,0.057464599609375,0.0
1,0.07572921365499496,0.9997640252113342,0.9983515739440918,0.07679239908854167,0.073486328125
1,0.02298896200954914,0.9999706745147705,0.9904775619506836,0.02283203125,0.00787109375
1,0.026890577748417854,0.9999452829360962,0.9986801743507385,0.028889973958333332,0.017059326171875
1,0.07971832156181335,0.9998822212219238,0.9992387294769287,0.07811482747395833,0.07951863606770833
1,0.05781818926334381,0.9997527003288269,0.9974884986877441,0.058980305989583336,0.053934733072916664
1,0.8308674693107605,0.9994557499885559,0.998279333114624,0.8598734537760416,0.8665262858072916
1,0.21651868522167206,0.9969956874847412,0.9918121099472046,0.22751871744791666,0.17640177408854166
1,0.052444200962781906,0.9998666048049927,0.9986593723297119,0.057718912760416664,0.015889485677083332
1,0.06013241782784462,0.9998666048049927,0.999127209186554,0.058878580729166664,0.049021402994791664
1,0.3819255530834198,0.999312162399292,0.9980273842811584,0.3936869303385417,0.3965047200520833
1,0.17264263331890106,0.9985277652740479,0.9427570700645447,0.2188406855140443,0.0
1,0.05025967210531235,0.9999958276748657,0.9993809461593628,0.043701333333333335,0.008773333333333333
1,0.08501517027616501,0.9979810118675232,0.9941574335098267,0.082366943359375,0.07798258463541667
1,0.1578177958726883,0.9984691739082336,0.9935368895530701,0.19557333333333332,0.08695466666666667
1,0.017591718584299088,0.9999979734420776,0.9882676005363464,0.015625,0.0
1,0.022604243829846382,0.9973061084747314,0.5349475145339966,0.023225911458333335,0.0
1,0.09840015321969986,0.9999464750289917,0.9980427026748657,0.100860595703125,0.09918212890625
1,0.10229676961898804,0.9996750354766846,0.9971327781677246,0.10524495442708333,0.050069173177083336
1,0.05212411656975746,0.999868631362915,0.9990509748458862,0.05187255221932115,0.05318823433420366
1,0.03596508875489235,0.9946980476379395,0.8568050861358643,0.038035074869791664,0.0
1,0.14044314622879028,0.9986904263496399,0.995226263999939,0.156341552734375,0.17383829752604166
1,0.19594597816467285,0.9993384480476379,0.9945935010910034,0.22259521484375,0.3083699544270833
1,0.025781527161598206,0.9995971322059631,0.9963637590408325,0.025492350260416668,0.025319417317708332
1,0.42889150977134705,0.9999563694000244,0.9996672868728638,0.4596048990885417,0.4724934895833333
1,0.245022714138031,0.9995859265327454,0.9976586103439331,0.299267578125,0.33639973958333336
1,0.019285332411527634,0.9870795607566833,0.5079091787338257,0.016194661458333332,0.0
1,0.05553765967488289,0.9999489784240723,0.9991832375526428,0.054524739583333336,0.020751953125
1,0.11631882935762405,0.9981827735900879,0.9793540239334106,0.121185,0.0
1,0.3611915409564972,0.9998936653137207,0.9995728135108948,0.3855489095052083,0.3942667643229167
1,0.07564014196395874,0.9999735355377197,0.9998012781143188,0.0750732421875,0.07291666666666667
1,0.43356767296791077,0.998504638671875,0.991521954536438,0.5761386666666667,0.772096
1,0.07072968780994415,0.9999909400939941,0.9997901320457458,0.059580485026041664,0.041595458984375
1,0.04887990280985832,0.9925103187561035,0.9498528838157654,0.054158528645833336,0.0
1,0.06724267452955246,0.999868631362915,0.9989676475524902,0.07057698567708333,0.07337443033854167
1,0.005558159202337265,0.9999682903289795,0.01164222415536642,0.005391438802083333,0.0
1,0.02184305526316166,0.9999862909317017,0.9992020726203918,0.021575927734375,0.019663492838541668
1,0.1474832445383072,0.9962638020515442,0.9799382090568542,0.16469319661458334,0.0
1,0.02835955284535885,0.9999724626541138,0.9983707070350647,0.028676350911458332,0.025034586588541668
1,0.05728046968579292,0.9939963817596436,0.961533784866333,0.07037353515625,0.0
1,0.26462507247924805,0.9997153878211975,0.9989515542984009,0.2863057454427083,0.2599589029947917
1,0.02953081764280796,0.9999773502349854,0.9925969839096069,0.029500325520833332,0.0
1,0.10001041740179062,0.9999464750289917,0.9992648959159851,0.100860595703125,0.09349568684895833
1,0.12977880239486694,0.9997305274009705,0.9987695813179016,0.13136800130208334,0.13481648763020834
1,0.24875956773757935,0.9990890026092529,0.9967648983001709,0.30322265625,0.4510599772135417
1,0.03147829696536064,0.9993487000465393,0.9775416254997253,0.030731201171875,0.0
1,0.09570897370576859,0.999322772026062,0.9906960725784302,0.10138956705729167,0.095855712890625
1,0.021677978336811066,0.9998717308044434,0.99826580286026,0.018636067708333332,0.0
1,0.08490171283483505,0.9998352527618408,0.9995859265327454,0.08273148148148148,0.09206018518518519
1,0.019526178017258644,0.999913215637207,0.9971990585327148,0.019571940104166668,0.01434326171875
1,0.015304673463106155,0.9993333220481873,0.9641192555427551,0.014130666666666666,0.011909333333333333
1,0.1240430474281311,0.9998313188552856,0.9989718198776245,0.13933308919270834,0.16167195638020834
1,0.08713063597679138,0.9986593723297119,0.9824904799461365,0.09831018518518518,0.0
1,0.011789247393608093,0.9588471055030823,0.637701153755188,0.01434326171875,0.0
1,0.060365621000528336,0.9969005584716797,0.9464196562767029,0.04534490285963763,0.0
1,0.019038857892155647,0.9999535083770752,0.9990111589431763,0.01922607421875,0.017791748046875
1,0.07768470793962479,0.9999439716339111,0.9991573095321655,0.08443196614583333,0.034261067708333336
1,0.042205560952425,0.9994887113571167,0.9948397278785706,0.043263753255208336,0.0
1,0.18905389308929443,0.9994745850563049,0.9934865236282349,0.19913736979166666,0.197052001953125
1,0.11273065954446793,0.9996553659439087,0.9970417618751526,0.11855061848958333,0.096923828125
1,0.011886891908943653,0.9999960660934448,0.24490438401699066,0.009918212890625,0.0
1,0.00796477496623993,0.998848557472229,0.08725224435329437,0.006901595136889254,0.0
1,0.5893908143043518,0.9984573125839233,0.996160626411438,0.6149800618489584,0.6176656087239584
1,0.07719382643699646,0.9998644590377808,0.9995272159576416,0.07794189453125,0.074859619140625
1,0.02107488177716732,0.9999822378158569,0.9997695088386536,0.0208740234375,0.017720540364583332
1,0.05334269627928734,0.999783456325531,0.9990818500518799,0.057586669921875,0.040171305338541664
1,0.09471341967582703,0.9993563294410706,0.9955489635467529,0.103790283203125,0.0386962890625
1,0.10835214704275131,0.9999790191650391,0.999651312828064,0.11097208658854167,0.09751383463541667
1,0.02303072065114975,0.9983124732971191,0.9879462122917175,0.020233154296875,0.0
1,0.16038447618484497,0.9999756813049316,0.9979089498519897,0.173126220703125,0.173004150390625
1,0.046092238277196884,0.9998812675476074,0.9983187913894653,0.047454833984375,0.045623779296875
1,0.02409832924604416,0.9991340041160583,0.9644535779953003,0.020650227864583332,0.0
1,0.017966939136385918,0.9996485710144043,0.9891397356987,0.018330891927083332,0.0
1,0.2615545094013214,0.9991169571876526,0.9856076240539551,0.3092753092447917,0.346099853515625
1,0.014201100915670395,0.999935507774353,0.995226263999939,0.013006154842889537,0.010936183997408488
1,0.0649392232298851,0.9997981190681458,0.9975656270980835,0.06270345052083333,0.062255859375
1,0.04552263393998146,0.9999722242355347,0.9994946718215942,0.045806884765625,0.042134602864583336
1,0.014739024452865124,0.9993147850036621,0.7075865268707275,0.014454524008664135,0.0
1,0.23596377670764923,0.9998952150344849,0.9741412401199341,0.30861008191984773,0.2502676841496992
1,0.055110227316617966,0.9980732202529907,0.8836262226104736,0.057718912760416664,0.0
1,0.27942991256713867,0.997188150882721,0.9717789888381958,0.3554789225260417,0.2873128255208333
1,0.2714177668094635,0.9993461966514587,0.975669801235199,0.3400675455729167,0.20055135091145834
1,0.1659967303276062,0.9999675750732422,0.9992327690124512,0.18489583333333334,0.196197509765625
1,0.01569071225821972,0.999840259552002,0.2966511845588684,0.01068115234375,0.0
1,0.1511468142271042,0.9998190999031067,0.9989055395126343,0.15394083658854166,0.14960734049479166
1,0.017619647085666656,0.9999847412109375,0.9989308714866638,0.015953776041666666,0.012333984375
1,0.05454464256763458,0.9993663430213928,0.9968884587287903,0.0548095703125,0.044647216796875
1,0.25226595997810364,0.9995778203010559,0.9983256459236145,0.2674458821614583,0.22465006510416666
1,0.024813957512378693,0.9978342652320862,0.9642541408538818,0.025146484375,0.0
1,0.24339236319065094,0.999779999256134,0.9982993006706238,0.26680755615234375,0.2795867919921875
1,0.03281258046627045,0.9999030828475952,0.9979731440544128,0.033060709635416664,0.0
1,0.4426671266555786,0.9999699592590332,0.9997677206993103,0.4743855794270833,0.4788614908854167
1,0.06913165003061295,0.9990302324295044,0.997154712677002,0.07172648111979167,0.0653076171875
1,0.01078868005424738,0.9909797310829163,0.5316103100776672,0.0111083984375,0.0
1,0.036248739808797836,0.9971216320991516,0.9556522965431213,0.03970249520153551,0.0
1,0.05717172473669052,0.9955834746360779,0.920647144317627,0.06916958041958042,0.0
1,0.05953716114163399,0.9996302127838135,0.9964756369590759,0.062530517578125,0.026702880859375
1,0.15784434974193573,0.9999955892562866,0.999220609664917,0.201690673828125,0.016215006510416668
1,0.039484646171331406,0.9998247027397156,0.9975370168685913,0.040087890625,0.03529622395833333
1,0.15120287239551544,0.9956176280975342,0.9855521321296692,0.18529256184895834,0.06972249348958333
1,0.02631610818207264,0.9716179370880127,0.7869504690170288,0.032999674479166664,0.0
1,0.2902071475982666,0.9997428059577942,0.998879611492157,0.31102728466018426,0.27126211200176714
0,0.02026916667819023,0.9186264276504517,0.2906726896762848,0.011403401692708334,0.0
0,0.31131479144096375,0.994401752948761,0.9834704995155334,0.407867431640625,0.18529256184895834
0,0.13148750364780426,0.95413738489151,0.883632242679596,0.17315673828125,0.0
0,0.08326832950115204,0.9887554049491882,0.9041438698768616,0.10121663411458333,0.0
0,0.03866325691342354,0.9310875535011292,0.47550758719444275,0.030670166015625,0.0
0,0.10149946063756943,0.9597620368003845,0.8560919761657715,0.1279296875,0.0
0,0.008024925366044044,0.5892437100410461,0.11837898939847946,0.0011494954427083333,0.0
0,0.13881729543209076,0.9966625571250916,0.9783847332000732,0.15607706705729166,0.0509033203125
0,0.13158483803272247,0.9856076240539551,0.9627432227134705,0.16048177083333334,0.0
0,0.022507095709443092,0.9458011984825134,0.2189982533454895,0.0081787109375,0.0
0,0.05307995155453682,0.9389128684997559,0.7472416758537292,0.07068888346354167,0.0
0,0.02557026408612728,0.8203255534172058,0.2805178165435791,0.010854085286458334,0.0
0,0.050324756652116776,0.9711290597915649,0.7109264135360718,0.060496012369791664,0.0
0,0.01506353635340929,0.9675945043563843,0.165041983127594,0.006388346354166667,0.0
0,0.001202134764753282,0.029760092496871948,0.009746103547513485,0.0,0.0
0,0.009169203229248524,0.9802431464195251,0.11006499826908112,0.005950927734375,0.0
0,0.005864232778549194,0.10989668220281601,0.033526163548231125,0.0,0.0
0,0.3098568022251129,0.9885361194610596,0.9622496962547302,0.4172566731770833,0.4177347819010417
0,0.1077311635017395,0.9843964576721191,0.9318356513977051,0.12730916341145834,0.0
0,0.010980105958878994,0.45371565222740173,0.12053918838500977,0.0009969075520833333,0.0
0,0.1086689904332161,0.9601374864578247,0.7219363451004028,0.14058430989583334,0.0
0,0.025938665494322777,0.9928786158561707,0.8779913187026978,0.029398600260416668,0.0
0,0.08936360478401184,0.9814178347587585,0.8918053507804871,0.114776611328125,0.0
0,0.010824945755302906,0.7659436464309692,0.10356171429157257,0.0016377766927083333,0.0
0,0.02455252967774868,0.892375111579895,0.4046768248081207,0.021148681640625,0.0
0,0.0062089953571558,0.3656831681728363,0.11456649005413055,0.000823974609375,0.0
0,0.0321195013821125,0.826151430606842,0.4694991707801819,0.030649820963541668,0.0
0,0.0157188568264246,0.9029524326324463,0.3914588689804077,0.014658610026041666,0.0
0,0.008927865885198116,0.9171544313430786,0.18981227278709412,0.0068359375,0.0
0,0.011135582812130451,0.988447368144989,0.27404528856277466,0.010091145833333334,0.0
0,0.06874498724937439,0.9672868847846985,0.8053292632102966,0.08856481481481482,0.0
0,0.10192105174064636,0.9988574981689453,0.958304226398468,0.11995733333333333,0.0
0,0.00339599815197289,0.979393482208252,0.035813190042972565,0.002777099609375,0.0
0,0.08223973214626312,0.9970991611480713,0.9774125814437866,0.09566243489583333,0.0
0,0.04331548884510994,0.9747251272201538,0.7738903164863586,0.043609619140625,0.0
0,0.21659612655639648,0.9984573125839233,0.9902161359786987,0.2543436686197917,0.3050333658854167
0,0.5515665411949158,0.9897116422653198,0.9643886089324951,0.695906432748538,0.8169444444444445
0,0.7610722780227661,0.9968024492263794,0.9785903096199036,0.8855229166666667,1.0
0,0.01078413613140583,0.969613254070282,0.16545957326889038,0.006892411143131604,0.0
0,0.0007595342467539012,0.09894659370183945,0.010209054686129093,0.0,0.0
0,0.02643725834786892,0.9365176558494568,0.43758314847946167,0.022204995693367785,0.0
0,0.003243220504373312,0.0652465671300888,0.016850078478455544,0.0,0.0
0,0.0663319006562233,0.9958980679512024,0.9145963191986084,0.07241518578352181,0.0
0,0.20019324123859406,0.9943799376487732,0.9604339003562927,0.25001021784444355,0.0
0,0.06263815611600876,0.9124361872673035,0.6959583163261414,0.07037866666666667,0.0
0,0.1849241703748703,0.9911182522773743,0.9492005109786987,0.23775515116502985,0.095209897939534
0,0.1561771184206009,0.9778834581375122,0.9240047931671143,0.1914013448373638,0.20531048730100862
0,0.06899696588516235,0.9983769655227661,0.8219106197357178,0.07078118037833678,0.0
0,0.01876247115433216,0.9657707214355469,0.40660396218299866,0.013191129673826572,0.0
0,0.011453978717327118,0.7041601538658142,0.13614831864833832,0.0015208291617799898,0.0
0,0.061403658241033554,0.9773275852203369,0.6186444759368896,0.060052166364458724,0.0
0,0.12619030475616455,0.9722570776939392,0.8991443514823914,0.16133075967341143,0.0
0,0.005504647269845009,0.9125921130180359,0.06176270171999931,0.00302843182001235,0.0
0,0.1184515729546547,0.9843363761901855,0.7230162620544434,0.14493329678362574,0.0
0,0.006132250186055899,0.682044506072998,0.097906693816185,0.001309255079006772,0.0
0,0.012165599502623081,0.9971103668212891,0.21584786474704742,0.00851635892452219,0.0
0,0.010672659613192081,0.9891397356987,0.27737805247306824,0.010172526041666666,0.0
0,0.1261233538389206,0.9989392161369324,0.9749168753623962,0.14829972405009553,0.06091275737635322
0,0.0032123681157827377,0.5854567289352417,0.0497734472155571,0.0006598062953995157,0.0
0,0.5515665411949158,0.9897116422653198,0.9643886089324951,0.695906432748538,0.8169444444444445
0,0.015081476420164108,0.9765353798866272,0.25367608666419983,0.009297103807354377,0.0
0,0.2664128243923187,0.9972637891769409,0.982624351978302,0.3592116344514512,0.2483669864223651
0,0.044048480689525604,0.9125921130180359,0.4985142648220062,0.05465925925925926,0.0
0,0.003243220504373312,0.0652465671300888,0.016850078478455544,0.0,0.0
0,0.04630190506577492,0.9921841025352478,0.8511491417884827,0.0481256280376515,0.0
0,0.08103590458631516,0.9858275651931763,0.9267027974128723,0.09042824074074074,0.0
0,0.01191509049385786,0.946793794631958,0.25571706891059875,0.009518229166666666,0.0
0,0.16019931435585022,0.9942697286605835,0.9828891754150391,0.1577146679014251,0.09986623450120903
0,0.20019324123859406,0.9943799376487732,0.9604339003562927,0.25001021784444355,0.0
0,0.11565736681222916,0.9822195768356323,0.8682692646980286,0.14048826282352175,0.0
0,0.05079853534698486,0.9874235987663269,0.8614217042922974,0.05108173076923077,0.0
0,0.020880207419395447,0.9822876453399658,0.7047700881958008,0.0220727197099169,0.0
0,0.013917764648795128,0.9557340741157532,0.443290114402771,0.015012116922944949,0.0
0,0.021501177921891212,0.9979089498519897,0.639510989189148,0.01750848896434635,0.0
0,0.002049655420705676,0.07343005388975143,0.019160708412528038,0.0,0.0
0,0.04247583821415901,0.7581526637077332,0.49653273820877075,0.03936767578125,0.0
0,0.002772088162600994,0.571647047996521,0.02517884038388729,0.0003255208333333333,0.0
0,0.010672520846128464,0.9209320545196533,0.13115988671779633,0.006266276041666667,0.0
0,0.048036232590675354,0.9521309733390808,0.7897157073020935,0.054351806640625,0.0
0,0.029600784182548523,0.967100977897644,0.6923300623893738,0.030446370442708332,0.0
0,0.009473969228565693,0.4069209098815918,0.07356305420398712,0.0002950032552083333,0.0
0,0.016762999817728996,0.7704647779464722,0.26835429668426514,0.00994873046875,0.0
0,0.05054658651351929,0.961243748664856,0.7806524634361267,0.061238606770833336,0.0
0,0.06799546629190445,0.9937587976455688,0.9153559803962708,0.075653076171875,0.0
0,0.02831164188683033,0.7813306450843811,0.4316985607147217,0.023325602213541668,0.0
0,0.10517510771751404,0.9493886232376099,0.8673697710037231,0.12403361002604167,0.0
0,0.0250568687915802,0.9388007521629333,0.3551003336906433,0.014241536458333334,0.0
0,0.0806937888264656,0.9665370583534241,0.9014011025428772,0.10091145833333333,0.0
0,0.0032779693137854338,0.1985298991203308,0.033842120319604874,0.0,0.0
0,0.08380375057458878,0.9796287417411804,0.8595423698425293,0.103118896484375,0.0
0,0.049230773001909256,0.9884918928146362,0.9076353311538696,0.054758707682291664,0.0
0,0.026592828333377838,0.875893235206604,0.5270299315452576,0.029713948567708332,0.0
0,0.030377687886357307,0.9304582476615906,0.5669705867767334,0.025410970052083332,0.0
0,0.05559403821825981,0.9846936464309692,0.8206045627593994,0.06462605794270833,0.0
0,0.018722688779234886,0.858244001865387,0.3275478482246399,0.012522379557291666,0.0
0,0.011439994908869267,0.505725622177124,0.09367801249027252,0.000396728515625,0.0
0,0.11379077285528183,0.9891397356987,0.9452984929084778,0.14643351236979166,0.12031046549479167
0,0.17404180765151978,0.9910838603973389,0.9312127232551575,0.24461873372395834,0.084136962890625
0,0.030370568856596947,0.9639838933944702,0.4768330454826355,0.029164632161458332,0.0
0,0.052817653864622116,0.9863104820251465,0.9493886232376099,0.056976318359375,0.0
0,0.01126648485660553,0.5910152792930603,0.12526004016399384,0.0028788248697916665,0.0
0,0.07018446922302246,0.9474782943725586,0.8113728165626526,0.080108642578125,0.0
0,0.03303839638829231,0.9481545686721802,0.5188306570053101,0.031585693359375,0.0
0,0.005757622886449099,0.5779718160629272,0.06266750395298004,0.0011698404947916667,0.0
0,0.02197863720357418,0.5698526501655579,0.25552940368652344,0.008392333984375,0.0
0,0.01848485879600048,0.8864204287528992,0.371703177690506,0.014739990234375,0.0
0,0.012113559059798717,0.2046596109867096,0.05899302288889885,0.0,0.0
0,0.013675629161298275,0.6542322635650635,0.19666722416877747,0.004689534505208333,0.0
0,0.01872991770505905,0.5757073163986206,0.14499424397945404,0.001708984375,0.0
0,0.008048493415117264,0.49520888924598694,0.06803671270608902,0.00023396809895833334,0.0
0,0.12698324024677277,0.8427337408065796,0.7084143161773682,0.14984130859375,0.0
0,0.061889857053756714,0.8467044830322266,0.4836604595184326,0.04876708984375,0.0
0,0.020594311878085136,0.6771538853645325,0.2065545618534088,0.005391438802083333,0.0
0,0.06398352235555649,0.9477691650390625,0.7472416758537292,0.061055501302083336,0.0
0,0.02388996072113514,0.8006919622421265,0.2679767608642578,0.009857177734375,0.0
0,0.022051705047488213,0.5871739387512207,0.19682158529758453,0.004770914713541667,0.0
0,0.20496954023838043,0.9364014267921448,0.8721297383308411,0.3082275390625,0.13804117838541666
0,0.07277306914329529,0.7977144718170166,0.5354858636856079,0.06803385416666667,0.0
0,0.17614923417568207,0.9637799859046936,0.929951012134552,0.228363037109375,0.0
0,0.30416807532310486,0.9988259673118591,0.9942025542259216,0.3593546549479167,0.3228251139322917
0,0.04572267830371857,0.9641867876052856,0.875361442565918,0.045745849609375,0.0
0,0.14714334905147552,0.9366336464881897,0.7529220581054688,0.219818115234375,0.0
0,0.04121525585651398,0.6576483845710754,0.336542546749115,0.020772298177083332,0.0
0,0.03752225637435913,0.8691603541374207,0.5442830920219421,0.036397298177083336,0.0
0,0.018385231494903564,0.834811270236969,0.2459786981344223,0.009073893229166666,0.0
0,0.07922283560037613,0.9669764637947083,0.8731822967529297,0.055898030598958336,0.0
0,0.023652032017707825,0.654342770576477,0.2643583416938782,0.009501139322916666,0.0
0,0.10051854699850082,0.7929456830024719,0.6347697377204895,0.140533447265625,0.0
0,0.13182684779167175,0.8671482801437378,0.6664934754371643,0.17397054036458334,0.0
0,0.011366640217602253,0.3263787627220154,0.10320504754781723,0.00042724609375,0.0
0,0.009492768906056881,0.7010995149612427,0.10668502002954483,0.0025126139322916665,0.0
0,0.1120908260345459,0.9714558720588684,0.8610680103302002,0.17108154296875,0.0
0,0.01196319330483675,0.9315870404243469,0.18877223134040833,0.00677490234375,0.0
0,0.0015097524737939239,0.07133200019598007,0.013480102643370628,0.0,0.0
0,0.15446607768535614,0.9370958209037781,0.8484669327735901,0.24713134765625,0.0
0,0.029592009261250496,0.9403530955314636,0.46976593136787415,0.030690511067708332,0.0
0,0.14398953318595886,0.9653158187866211,0.8423372507095337,0.20233154296875,0.0
0,0.003154271049425006,0.2183358371257782,0.030848758295178413,0.0,0.0
0,0.07367722690105438,0.9978087544441223,0.957912266254425,0.10272216796875,0.0
0,0.03180255368351936,0.7113306522369385,0.3584653437137604,0.021982828776041668,0.0
0,0.020574303343892097,0.9337939620018005,0.3977612257003784,0.023783365885416668,0.0
0,0.13553504645824432,0.9953363537788391,0.9812378883361816,0.16994222005208334,0.18343098958333334
0,0.01150069385766983,0.9302051067352295,0.25237855315208435,0.009531656901041666,0.0
0,0.11108806729316711,0.8891444206237793,0.6352224349975586,0.16587320963541666,0.0
0,0.057035159319639206,0.9432430863380432,0.7382861971855164,0.062388102213541664,0.0
0,0.01749597303569317,0.5273469686508179,0.25423112511634827,0.008056640625,0.0
0,0.0954258069396019,0.9666001796722412,0.8519490361213684,0.12299601236979167,0.0
0,0.19213171303272247,0.9666001796722412,0.9027760028839111,0.2639872233072917,0.08681233723958333
0,0.012444399297237396,0.859545886516571,0.17981410026550293,0.004933675130208333,0.0
0,0.0729324221611023,0.9830850958824158,0.9402433633804321,0.07700602213541667,0.045857747395833336
0,0.014026270247995853,0.9285385012626648,0.38017138838768005,0.014231363932291666,0.0
0,0.05229562893509865,0.9507778882980347,0.6710266470909119,0.038777669270833336,0.0
0,0.13044632971286774,0.9879462122917175,0.9289263486862183,0.17192586263020834,0.0711669921875
0,0.03542445972561836,0.9602867364883423,0.614029586315155,0.030029296875,0.0
0,0.03342181071639061,0.9694979190826416,0.7473984360694885,0.036163330078125,0.0
0,0.06477838009595871,0.9763104915618896,0.7382861971855164,0.07557169596354167,0.0
0,0.02601972222328186,0.8065480589866638,0.4045644998550415,0.024790445963541668,0.0
0,0.03293095901608467,0.4128260612487793,0.2656899094581604,0.009134928385416666,0.0
0,0.11668457835912704,0.9836598634719849,0.9500386714935303,0.14812215169270834,0.0
0,0.04409581050276756,0.936168372631073,0.6279512047767639,0.054779052734375,0.0
0,0.010805725120007992,0.37903353571891785,0.11047115921974182,0.0002950032552083333,0.0
0,0.031395405530929565,0.9694401025772095,0.5598607659339905,0.01922607421875,0.0
0,0.047527045011520386,0.9530133008956909,0.5215316414833069,0.042236328125,0.0
0,0.07581935077905655,0.9210741519927979,0.7300012707710266,0.120513916015625,0.0
0,0.01626623049378395,0.9318356513977051,0.30569419264793396,0.011342366536458334,0.0
0,0.04047020897269249,0.96518474817276,0.5739680528640747,0.034108479817708336,0.0
0,0.008666595444083214,0.8341368436813354,0.11797191202640533,0.004119873046875,0.0
0,0.04468637704849243,0.9940197467803955,0.938010573387146,0.052276611328125,0.0
0,0.1474400758743286,0.9383503198623657,0.8560847640037537,0.206390380859375,0.0
0,0.016648685559630394,0.9515940546989441,0.30807679891586304,0.011769612630208334,0.0
0,0.0004586358554661274,0.3911733329296112,0.003854363691061735,0.00011189778645833333,0.0
0,0.015238609164953232,0.9566342234611511,0.486708402633667,0.019185384114583332,0.0
0,0.01630830205976963,0.9091032147407532,0.28189659118652344,0.010854085286458334,0.0
0,0.0038287353236228228,0.14706452190876007,0.04240382835268974,0.0,0.0
0,0.02072831243276596,0.7470627427101135,0.32508864998817444,0.013844807942708334,0.0
0,0.017728807404637337,0.7784809470176697,0.2713453471660614,0.010203043619791666,0.0
0,0.007772648707032204,0.9333093762397766,0.15354155004024506,0.007283528645833333,0.0
0,0.12702679634094238,0.9767136573791504,0.9110167622566223,0.16143798828125,0.0
0,0.11091505736112595,0.9689150452613831,0.8996462821960449,0.13685099283854166,0.0
0,0.2927742600440979,0.9937100410461426,0.9608049392700195,0.3751220703125,0.3086649576822917
0,0.053970273584127426,0.9136765599250793,0.6292985677719116,0.050516764322916664,0.0
0,0.07438882440328598,0.991355836391449,0.930962085723877,0.08155314127604167,0.0
0,0.09488733857870102,0.9948403239250183,0.9817346930503845,0.114654541015625,0.041524251302083336
0,0.11268553882837296,0.9963357448577881,0.972362220287323,0.130828857421875,0.0
0,0.15805958211421967,0.9941574335098267,0.9750598073005676,0.19713338216145834,0.039540608723958336
0,0.15992023050785065,0.9915544390678406,0.9592307209968567,0.19115193684895834,0.0
0,0.11266303807497025,0.9761745929718018,0.9168526530265808,0.138458251953125,0.0
0,0.09117073565721512,0.9732407331466675,0.9213533401489258,0.11113484700520833,0.0
0,0.017512517049908638,0.8632764220237732,0.32540369033813477,0.012644449869791666,0.0
0,0.07854912430047989,0.9672250151634216,0.8740772008895874,0.10283406575520833,0.0
0,0.35111305117607117,0.9968273043632507,0.9912208914756775,0.4227294921875,0.251434326171875
0,0.16929112374782562,0.9954615235328674,0.9647889137268066,0.20833333333333334,0.0
0,0.030625468119978905,0.9883578419685364,0.7959611415863037,0.030954996744791668,0.0
0,0.050068628042936325,0.9959456324577332,0.9784246683120728,0.052408854166666664,0.0
0,0.19021111726760864,0.9828232526779175,0.9640516638755798,0.22899373372395834,0.217681884765625
0,0.060195911675691605,0.9681411385536194,0.8578872084617615,0.072998046875,0.0
0,0.04704439640045166,0.9594592452049255,0.6085237264633179,0.047505696614583336,0.0
0,0.005525308195501566,0.291989266872406,0.051749542355537415,2.0345052083333332e-05,0.0
0,0.18769915401935577,0.9853842854499817,0.958304226398468,0.22609456380208334,0.09733072916666667
0,0.04404523968696594,0.9804313778877258,0.7877582311630249,0.04412841796875,0.0
0,0.0454334020614624,0.9457011222839355,0.7114278674125671,0.049082438151041664,0.0
0,0.01975736767053604,0.8285229802131653,0.4654436707496643,0.023915608723958332,0.0
0,0.0030045073945075274,0.9633685946464539,0.013170428574085236,0.0030110677083333335,0.0
0,0.008567312732338905,0.45374587178230286,0.054098695516586304,8.138020833333333e-05,0.0
0,0.0035335158463567495,0.7732163667678833,0.03384403511881828,0.000518798828125,0.0
0,0.0033243403304368258,0.39992883801460266,0.03403615206480026,0.00014241536458333334,0.0
0,0.08150602877140045,0.9543930292129517,0.73829185962677,0.10088094075520833,0.0
0,0.004762673284858465,0.3991088271141052,0.04958902671933174,0.0004170735677083333,0.0
0,0.03238791227340698,0.8484706878662109,0.47264161705970764,0.032735188802083336,0.0
0,0.022295327857136726,0.9936856627464294,0.7867670059204102,0.01898193359375,0.0
0,0.01045262347906828,0.41406935453414917,0.0960254892706871,0.0014444986979166667,0.0
0,0.08471568673849106,0.9870296716690063,0.9265698790550232,0.10633341471354167,0.0
0,0.01489741075783968,0.8639664649963379,0.3212374746799469,0.013020833333333334,0.0
0,0.007474854122847319,0.4217899739742279,0.05942821875214577,0.0003458658854166667,0.0
0,0.01844247244298458,0.515665590763092,0.2186693549156189,0.00543212890625,0.0
0,0.03775152564048767,0.9589241147041321,0.768901526927948,0.040944417317708336,0.0
0,0.05031007155776024,0.9421883225440979,0.7237948775291443,0.0601806640625,0.0
0,0.03264857828617096,0.934155285358429,0.6399577260017395,0.035797119140625,0.0
0,0.03413059189915657,0.930962085723877,0.6483516693115234,0.028757731119791668,0.0
0,0.13431234657764435,0.9281486868858337,0.7174020409584045,0.20863850911458334,0.0
0,0.006862487643957138,0.4798692762851715,0.09451042115688324,0.0006001790364583334,0.0
0,0.1087583377957344,0.9795506000518799,0.912743091583252,0.13511149088541666,0.0
0,0.06934470683336258,0.929440438747406,0.7986582517623901,0.073883056640625,0.0
0,0.016345443204045296,0.8017807006835938,0.30331581830978394,0.011383056640625,0.0
0,0.04919807240366936,0.9431384205818176,0.6074215769767761,0.047322591145833336,0.0
0,0.034340545535087585,0.7866228222846985,0.40027865767478943,0.022298177083333332,0.0
0,0.09176117926836014,0.9667260646820068,0.9097468256950378,0.11134847005208333,0.0
0,0.09845121949911118,0.9771537780761719,0.83601975440979,0.12364705403645833,0.0
0,0.0024262797087430954,0.17967446148395538,0.023509452119469643,0.0,0.0
0,0.06064334884285927,0.9460012316703796,0.7669872045516968,0.075469970703125,0.0
0,0.005760025233030319,0.6925380229949951,0.07055576145648956,0.0025736490885416665,0.0
0,0.0014870282029733062,0.03649376332759857,0.011552670039236546,0.0,0.0
0,0.042557552456855774,0.9595351815223694,0.7927852869033813,0.049021402994791664,0.0
0,0.03561918064951897,0.9835969805717468,0.75743567943573,0.03741455078125,0.0
0,0.04934636875987053,0.8964328765869141,0.6749017238616943,0.059468587239583336,0.0
0,0.04627639055252075,0.929568350315094,0.6546673774719238,0.054066975911458336,0.0
0,0.007989867590367794,0.3444434106349945,0.06255973130464554,8.138020833333333e-05,0.0
0,0.09232155233621597,0.9655115008354187,0.8711463809013367,0.11272176106770833,0.0
0,0.08254420757293701,0.9518632292747498,0.8523219227790833,0.103973388671875,0.0
0,0.02443765103816986,0.9177460074424744,0.2729780375957489,0.010264078776041666,0.0
0,0.020947812125086784,0.9889278411865234,0.4941518008708954,0.017822265625,0.0
0,0.12785236537456512,0.9939261078834534,0.9731387495994568,0.15687052408854166,0.11338297526041667
0,0.1128571555018425,0.98046875,0.9319595694541931,0.1416015625,0.0
0,0.01631522737443447,0.885433554649353,0.2468908727169037,0.008819580078125,0.0
0,0.2419891357421875,0.9949001669883728,0.9590010046958923,0.3319091796875,0.1181640625
0,0.024430612102150917,0.8719117641448975,0.32992151379585266,0.013478597005208334,0.0
0,0.4050593674182892,0.9927672147750854,0.9755768775939941,0.5359903971354166,0.6709391276041666
0,0.0922291949391365,0.9911182522773743,0.9537942409515381,0.101226806640625,0.0
0,0.09492989629507065,0.9329437017440796,0.7908535599708557,0.11981201171875,0.0
0,0.15321244299411774,0.9957518577575684,0.9748690724372864,0.203704833984375,0.110870361328125
0,0.07107869535684586,0.9500414729118347,0.664758026599884,0.06432088216145833,0.0
0,0.020243696868419647,0.9610980749130249,0.49291396141052246,0.02099609375,0.0
0,0.0720992162823677,0.9014011025428772,0.6649755239486694,0.08045450846354167,0.0
0,0.02458198368549347,0.9261703491210938,0.39221692085266113,0.01873779296875,0.0
0,0.0029116126243025064,0.16559313237667084,0.02494025230407715,0.0,0.0
0,0.10581649094820023,0.9302051067352295,0.7908535599708557,0.14644368489583334,0.0
0,0.08648106455802917,0.960212230682373,0.8666976690292358,0.110565185546875,0.0
0,0.026078829541802406,0.9181873202323914,0.3534281849861145,0.014363606770833334,0.0
0,0.0646662637591362,0.9439706206321716,0.7689067125320435,0.06889851888020833,0.0
0,0.01727742701768875,0.7161193490028381,0.16858302056789398,0.0026143391927083335,0.0
0,0.03147992119193077,0.963230550289154,0.4933469295501709,0.033253987630208336,0.0
0,0.02057785354554653,0.8998278379440308,0.4276339113712311,0.016652425130208332,0.0
0,0.2647416889667511,0.9840936064720154,0.9640516638755798,0.3258260091145833,0.29010009765625
0,0.12069793790578842,0.9389128684997559,0.815966784954071,0.159698486328125,0.0
0,0.04803119972348213,0.9504110217094421,0.6731820106506348,0.045176188151041664,0.0
0,0.054441869258880615,0.9313377141952515,0.7121291160583496,0.066253662109375,0.0
0,0.05023087188601494,0.9375547766685486,0.7297037839889526,0.056813557942708336,0.0
0,0.035078685730695724,0.896251380443573,0.4672940671443939,0.025665283203125,0.0
0,0.01678004302084446,0.6382717490196228,0.18198898434638977,0.0019429524739583333,0.0
0,0.026441842317581177,0.9167081117630005,0.4195290803909302,0.021494547526041668,0.0
0,0.011744797229766846,0.5424997806549072,0.09073548763990402,0.0014750162760416667,0.0
0,0.09598621726036072,0.9858821630477905,0.8778898119926453,0.107513427734375,0.0
0,0.14126040041446686,0.9865716695785522,0.9265658855438232,0.18311564127604166,0.0
0,0.10435795783996582,0.9846346974372864,0.9635062217712402,0.13041178385416666,0.0
0,0.04344448447227478,0.9440738558769226,0.7585106492042542,0.045216878255208336,0.0
0,0.0737079307436943,0.9780517220497131,0.8966140151023865,0.08022054036458333,0.0
0,0.0020804733503609896,0.35947656631469727,0.02382536791265011,4.0690104166666664e-05,0.0
0,0.0952984094619751,0.9504110217094421,0.8666942715644836,0.12237548828125,0.0
0,0.015695970505475998,0.9539660811424255,0.34014973044395447,0.011362711588541666,0.0
0,0.007369483355432749,0.38641607761383057,0.07863814383745193,0.00022379557291666666,0.0
0,0.026386680081486702,0.9178933501243591,0.45586466789245605,0.015645345052083332,0.0
0,0.053572967648506165,0.9532750844955444,0.8392036557197571,0.06329345703125,0.0
0,0.1502411961555481,0.9718859195709229,0.9202179908752441,0.21405029296875,0.24482218424479166
0,0.008376291953027248,0.39665231108665466,0.06644792854785919,0.0003255208333333333,0.0
0,0.010880409739911556,0.6144518852233887,0.258882075548172,0.009480794270833334,0.0
0,0.11924824118614197,0.9884918928146362,0.9611709713935852,0.13519287109375,0.12409464518229167
0,0.0013712523505091667,0.2787473499774933,0.017045317217707634,5.0862630208333336e-05,0.0
0,0.025324968621134758,0.9039745330810547,0.5454573035240173,0.021260579427083332,0.0
0,0.012924183160066605,0.5950808525085449,0.2670257091522217,0.009714762369791666,0.0
0,0.019838722422719002,0.867260754108429,0.20529142022132874,0.00347900390625,0.0
0,0.009124821983277798,0.6450081467628479,0.17923443019390106,0.0029500325520833335,0.0
0,0.002394614275544882,0.10194652527570724,0.045777272433042526,0.0,0.0
0,0.003164551453664899,0.8942365646362305,0.049865901470184326,0.0013326009114583333,0.0
0,0.0018556573195382953,0.6875250935554504,0.03222229704260826,0.0012613932291666667,0.0
0,0.0019693030044436455,0.11436852067708969,0.024006374180316925,0.0,0.0
0,0.021780064329504967,0.9559813141822815,0.37158235907554626,0.014394124348958334,0.0
0,0.0038625281304121017,0.19253934919834137,0.04724971204996109,0.0,0.0
0,0.017140651121735573,0.482139527797699,0.17709815502166748,0.0010579427083333333,0.0
0,0.010888037271797657,0.9677167534828186,0.23528406023979187,0.007781982421875,0.0
0,0.008878644555807114,0.467453271150589,0.15726622939109802,0.0016377766927083333,0.0
0,0.0007483915542252362,0.09367801249027252,0.011552670039236546,0.0,0.0
0,0.018090980127453804,0.8868131041526794,0.5771921277046204,0.018239339192708332,0.0
0,0.12710212171077728,0.9843363761901855,0.9404625296592712,0.174468994140625,0.0
0,0.0065245553851127625,0.4336816072463989,0.15027806162834167,0.0022379557291666665,0.0
0,0.2561429738998413,0.9967523813247681,0.9625324606895447,0.32931754221388365,0.30168855534709194
0,0.01646977663040161,0.7226248979568481,0.2849748134613037,0.010925925925925926,0.0
0,0.031216271221637726,0.9135223627090454,0.42339959740638733,0.019270833333333334,0.0
0,0.2804870903491974,0.9979731440544128,0.9904035329818726,0.3428645833333333,0.1778125
0,0.09577659517526627,0.9980505704879761,0.9875683188438416,0.103515625,0.0
0,0.07579228281974792,0.9580694437026978,0.6909773349761963,0.080432,0.0
0,0.004348906222730875,0.8143482804298401,0.04560694471001625,0.00034666666666666667,0.0
0,0.0034282715059816837,0.9440738558769226,0.0326513797044754,0.00125,0.0
0,0.04792168363928795,0.9934101700782776,0.6537903547286987,0.035851548269581056,0.0
0,0.10597241669893265,0.995866060256958,0.9389128684997559,0.12474375,0.06922083333333333
0,0.06175750866532326,0.9973374009132385,0.9390259385108948,0.06698326771653543,0.017128444881889762
0,0.07266714423894882,0.9987305998802185,0.9354657530784607,0.08012645914396888,0.0
0,0.014947840943932533,0.9974391460418701,0.6383845806121826,0.015031614785992218,0.0
0,0.08703422546386719,0.9843363761901855,0.8407825827598572,0.09159375,0.0
0,0.026047436520457268,0.985496461391449,0.5604351758956909,0.02228125,0.0
0,0.06674325466156006,0.9894295334815979,0.8822250962257385,0.08328667953667954,0.0
0,0.056916192173957825,0.99903404712677,0.9700134992599487,0.06137065637065637,0.0
0,0.031001901254057884,0.999312162399292,0.7120320200920105,0.029623552123552124,0.0
0,0.061750754714012146,0.9086179733276367,0.4427563548088074,0.03910724866679834,0.0
0,0.10718309879302979,0.9877586960792542,0.9466953873634338,0.12705498094719653,0.05976410814734168
0,0.017229655757546425,0.5733798742294312,0.21060553193092346,0.0034494195688225537,0.0
0,0.18479777872562408,0.9969005584716797,0.981979250907898,0.2574485596707819,0.33814814814814814
0,0.05447833612561226,0.9955834746360779,0.9687971472740173,0.055400091449474165,0.0
0,0.06790340691804886,0.9928508996963501,0.8223318457603455,0.07981252857796067,0.0
0,0.19683241844177246,0.9979007244110107,0.9851003289222717,0.24135981811455956,0.06711805512259394
0,0.04493886977434158,0.987616240978241,0.766992449760437,0.03765940274414851,0.0
0,0.009445876814424992,0.8247444033622742,0.22253112494945526,0.0077395833333333336,0.0
0,0.18524794280529022,0.9965435862541199,0.9737446904182434,0.22571116272714853,0.1744691897800246
0,0.012777012772858143,0.9437636137008667,0.3416528105735779,0.01153564453125,0.0
0,0.03639114275574684,0.9490118622779846,0.8069864511489868,0.052663167317708336,0.0
0,0.10400128364562988,0.9902915358543396,0.9209320545196533,0.15131632486979166,0.08017985026041667
0,0.003124767914414406,0.2950267493724823,0.051842592656612396,6.103515625e-05,0.0
0,0.001787050743587315,0.8097277879714966,0.029535338282585144,0.0012715657552083333,0.0
0,0.0030902307480573654,0.14378780126571655,0.034358687698841095,0.0,0.0
0,0.0014613267267122865,0.3916967809200287,0.029256708920001984,0.000518798828125,0.0
0,0.011833812110126019,0.9027811288833618,0.25477588176727295,0.009368896484375,0.0
0,0.00931116845458746,0.6035230159759521,0.10105592012405396,0.0020650227864583335,0.0
0,0.0003794826043304056,0.03252822160720825,0.005001672077924013,0.0,0.0
0,0.0002762187796179205,0.008380454033613205,0.0026112475898116827,0.0,0.0
0,0.009814221411943436,0.9662197828292847,0.38507065176963806,0.011728922526041666,0.0
0,0.016765451058745384,0.9614614844322205,0.6307816505432129,0.01800537109375,0.0
0,0.004974930547177792,0.6427688598632812,0.11951085925102234,0.0027364095052083335,0.0
0,0.01212279498577118,0.9617499113082886,0.5409193634986877,0.013875325520833334,0.0
0,0.0056748962961137295,0.44158270955085754,0.05470151826739311,0.0003255208333333333,0.0
0,0.010874946601688862,0.45874273777008057,0.10194116830825806,0.0012308756510416667,0.0
0,0.003846444422379136,0.6325027346611023,0.036977555602788925,0.001007080078125,0.0
0,0.006266120355576277,0.9337939620018005,0.06176270171999931,0.004465738932291667,0.0
0,0.01250238437205553,0.939581573009491,0.18594276905059814,0.007232666015625,0.0
0,0.013462924398481846,0.9613164663314819,0.2713424563407898,0.0101318359375,0.0
0,0.05873902514576912,0.9834704995155334,0.7648915648460388,0.067962646484375,0.0
0,0.1700221300125122,0.9692078232765198,0.9076353311538696,0.238372802734375,0.12614949544270834
0,0.023300811648368835,0.9125921130180359,0.5178402066230774,0.024403889973958332,0.0
0,0.08888033032417297,0.9806178212165833,0.9183294773101807,0.11073811848958333,0.0
0,0.013529184274375439,0.8976953029632568,0.24346251785755157,0.008890787760416666,0.0
0,0.08607053756713867,0.987129271030426,0.9647889137268066,0.10429890950520833,0.053812662760416664
0,0.006105780601501465,0.7501869201660156,0.09334688633680344,0.00396728515625,0.0
0,0.03920510411262512,0.9981104135513306,0.961819589138031,0.040547688802083336,0.0
0,0.019416026771068573,0.922062337398529,0.45240500569343567,0.020111083984375,0.0
0,0.034971293061971664,0.986151397228241,0.9246877431869507,0.03997802734375,0.0
0,0.07516541332006454,0.9401335716247559,0.6522414088249207,0.10725911458333333,0.0
0,0.05872023478150368,0.9792749285697937,0.8925625681877136,0.066741943359375,0.0
0,0.06136050447821617,0.9715099930763245,0.8130158185958862,0.07185872395833333,0.0
0,0.004327891394495964,0.062216974794864655,0.02561391517519951,0.0,0.0
0,0.07588814198970795,0.9848109483718872,0.9443824291229248,0.08110555013020833,0.07166544596354167
0,0.06282100826501846,0.9785903096199036,0.8218991756439209,0.087615966796875,0.0
0,0.0067090559750795364,0.6776873469352722,0.11124119907617569,0.0021565755208333335,0.0
0,0.016477661207318306,0.9888418912887573,0.7407205104827881,0.017354329427083332,0.0
0,0.016028067097067833,0.9257686138153076,0.6041975021362305,0.01568603515625,0.0
0,0.006813084706664085,0.5142554640769958,0.12442563474178314,0.0016581217447916667,0.0
0,0.0090321134775877,0.9762200117111206,0.215996652841568,0.007649739583333333,0.0
0,0.021676264703273773,0.530403733253479,0.2894691228866577,0.013580322265625,0.0
0,0.0008432588656432927,0.056861549615859985,0.014615669846534729,0.0,0.0
0,0.0006915932171978056,0.05781161040067673,0.00937623716890812,0.0,0.0
0,0.1264151781797409,0.9885361194610596,0.9470881819725037,0.147491455078125,0.08026123046875
0,0.001934567466378212,0.24256430566310883,0.03853849694132805,0.0,0.0
0,0.0019451769767329097,0.3812771439552307,0.03911944851279259,0.00018310546875,0.0
0,0.008816350251436234,0.9759923219680786,0.12145844101905823,0.008310953776041666,0.0
0,0.015542365610599518,0.9943581223487854,0.7006900310516357,0.014658610026041666,0.0
0,0.0025350383948534727,0.21386933326721191,0.03167683258652687,0.0,0.0
0,0.00024223346554208547,0.011732463724911213,0.003593183821067214,0.0,0.0
0,0.007192233111709356,0.9020932912826538,0.24779443442821503,0.009124755859375,0.0
0,0.011664618737995625,0.8686040639877319,0.2941845655441284,0.010854085286458334,0.0
0,0.0005441125831566751,0.03271312266588211,0.0057518756948411465,0.0,0.0
0,0.07843445241451263,0.9976310729980469,0.9873262047767639,0.09111531575520833,0.092742919921875
0,0.00827405322343111,0.6864751577377319,0.08961382508277893,0.00286865234375,0.0
0,0.008999470621347427,0.8289388418197632,0.09009299427270889,0.0011800130208333333,0.0
0,0.03187084197998047,0.8214741349220276,0.47359877824783325,0.033376057942708336,0.0
0,0.037176888436079025,0.9377830028533936,0.7465032339096069,0.041239420572916664,0.0
0,0.002363436622545123,0.07696083933115005,0.01750955730676651,0.0,0.0
0,0.0017655600095167756,0.4005734920501709,0.02795122191309929,0.00013224283854166666,0.0
0,0.00245582009665668,0.3366580903530121,0.02914431504905224,0.000152587890625,0.0
0,0.02497524581849575,0.8311430811882019,0.48018693923950195,0.02996826171875,0.0
0,0.10320988297462463,0.9882676005363464,0.9612415432929993,0.1270751953125,0.0806884765625
0,0.002676817588508129,0.8778960704803467,0.029423579573631287,0.0015767415364583333,0.0
0,0.01120271161198616,0.9216402173042297,0.13375090062618256,0.0037841796875,0.0
0,0.006078105419874191,0.15431228280067444,0.04611717164516449,0.0,0.0
0,0.0033233489375561476,0.48674318194389343,0.047688622027635574,0.0014241536458333333,0.0
0,0.0029899829532951117,0.36851930618286133,0.03594832494854927,0.0005900065104166666,0.0
0,0.013206202536821365,0.9108630418777466,0.28576743602752686,0.010569254557291666,0.0
0,0.0020504596177488565,0.6716859340667725,0.028380509465932846,0.000335693359375,0.0
0,0.01881004311144352,0.9672868847846985,0.5338807702064514,0.020721435546875,0.0
0,0.0024015645030885935,0.12378870695829391,0.022759154438972473,0.0,0.0
0,0.0005160095752216876,0.02931223064661026,0.005620036739856005,0.0,0.0
0,0.0016497740289196372,0.18907149136066437,0.022457052022218704,0.0,0.0
0,0.023563755676150322,0.929568350315094,0.6009356379508972,0.032806396484375,0.0
0,0.0026346680242568254,0.19682621955871582,0.03760863468050957,0.0,0.0
0,0.0014772536233067513,0.43200352787971497,0.01778039149940014,0.00023396809895833334,0.0
0,0.007220730185508728,0.9376689791679382,0.1106574684381485,0.005839029947916667,0.0
0,0.0018053456442430615,0.20040114223957062,0.022542964667081833,0.0,0.0
0,0.0012479624710977077,0.047074176371097565,0.009020280092954636,0.0,0.0
0,0.06920575350522995,0.975296139717102,0.8946054577827454,0.079437255859375,0.0
0,0.000681797566358,0.04352813959121704,0.008881675079464912,0.0,0.0
0,0.0039499117992818356,0.8613050580024719,0.04958626627922058,0.004465738932291667,0.0
0,0.019589854404330254,0.8934953808784485,0.341469407081604,0.017618815104166668,0.0
0,0.002646448090672493,0.6607198715209961,0.04328484460711479,0.000701904296875,0.0
0,0.005897030234336853,0.7190877795219421,0.08725224435329437,0.0014750162760416667,0.0
0,0.0026306554209440947,0.3943175673484802,0.027531372383236885,1.0172526041666666e-05,0.0
0,0.0013693328946828842,0.06828853487968445,0.014615669846534729,0.0,0.0
0,0.007433106657117605,0.5994265079498291,0.07963874191045761,0.0009867350260416667,0.0
0,0.0015636398456990719,0.11201595515012741,0.016721144318580627,0.0,0.0
0,0.020363209769129753,0.8646537065505981,0.6274673342704773,0.028432210286458332,0.0
0,0.001402167952619493,0.42650076746940613,0.014503578655421734,0.0004475911458333333,0.0
0,0.008140048012137413,0.7060891389846802,0.10613343864679337,0.0025126139322916665,0.0
0,0.0020443545654416084,0.10429472476243973,0.022932251915335655,0.0,0.0
0,0.002490496262907982,0.7856376767158508,0.01764446310698986,0.00213623046875,0.0
0,0.09709569811820984,0.978260338306427,0.902265727519989,0.15760294596354166,0.0
0,0.015146352350711823,0.8628146648406982,0.2766875922679901,0.01031494140625,0.0
0,0.02383234351873398,0.9857729077339172,0.689289927482605,0.024770100911458332,0.0
0,0.0011133650550618768,0.06560484319925308,0.013171949423849583,0.0,0.0
0,0.12025400996208191,0.994551956653595,0.954647421836853,0.14577229817708334,0.0
0,0.0028578198980540037,0.12603029608726501,0.0389750711619854,0.0,0.0
0,0.24152272939682007,0.9939261078834534,0.9553191661834717,0.3060099283854167,0.273040771484375
0,0.015314546413719654,0.8490973711013794,0.18242116272449493,0.004903157552083333,0.0
0,0.0006792573258280754,0.03321117162704468,0.006984650157392025,0.0,0.0
0,0.0003808738838415593,0.02876158617436886,0.005598248913884163,0.0,0.0
0,0.05552719533443451,0.9627432227134705,0.8557306528091431,0.07257080078125,0.06962076822916667
0,0.07942976802587509,0.9843363761901855,0.9064877033233643,0.10575358072916667,0.0
0,0.0021400966215878725,0.297980397939682,0.024145422503352165,1.0172526041666666e-05,0.0
0,0.0034230041783303022,0.6361271142959595,0.03540872782468796,0.001007080078125,0.0
0,0.0014719724422320724,0.13799647986888885,0.027324529364705086,0.0,0.0
0,0.003058986971154809,0.7439128756523132,0.050608620047569275,0.0012105305989583333,0.0
0,0.006361193954944611,0.8338664174079895,0.16013070940971375,0.00653076171875,0.0
0,0.002849259413778782,0.3039383888244629,0.047691281884908676,3.0517578125e-05,0.0
0,0.0021375336218625307,0.3633079528808594,0.04208536818623543,0.000213623046875,0.0
0,0.00536007434129715,0.8594279289245605,0.056756895035505295,0.0012105305989583333,0.0
0,0.007116858381778002,0.43170395493507385,0.1408011019229889,0.00023396809895833334,0.0
0,0.003509553847834468,0.8524448275566101,0.04751153662800789,0.0018412272135416667,0.0
0,0.0005484115099534392,0.03663136437535286,0.007065580226480961,0.0,0.0
0,0.02952219545841217,0.6959583163261414,0.4112846553325653,0.034556070963541664,0.0
0,0.004312857054173946,0.08299414813518524,0.04084571823477745,0.0,0.0
0,0.0019444093341007829,0.2622745931148529,0.02779562398791313,0.0,0.0
0,0.0055309683084487915,0.5641584992408752,0.10799500346183777,0.0032552083333333335,0.0
0,0.021792178973555565,0.9796287417411804,0.796604335308075,0.022237141927083332,0.0
0,0.0004850011318922043,0.04535258188843727,0.008315778337419033,0.0,0.0
0,0.0008021388202905655,0.05320620536804199,0.01069375779479742,0.0,0.0
0,0.011520509608089924,0.95743727684021,0.258882075548172,0.009297688802083334,0.0
0,0.005533036310225725,0.31017178297042847,0.09964530169963837,5.0862630208333336e-05,0.0
0,0.0021801500115543604,0.15921740233898163,0.05271640047430992,0.0,0.0
0,0.013227165676653385,0.48008260130882263,0.19915218651294708,0.0024515787760416665,0.0
0,0.0015439990675076842,0.367951363325119,0.015543648041784763,8.138020833333333e-05,0.0
0,0.06569474190473557,0.9447912573814392,0.6643192768096924,0.07258097330729167,0.0
0,0.005591499153524637,0.21535076200962067,0.07132811844348907,0.0,0.0
0,0.026998871937394142,0.9253649115562439,0.3249815106391907,0.015350341796875,0.0
0,0.016050105914473534,0.9410068988800049,0.23351579904556274,0.00799560546875,0.0
0,0.0012303896946832538,0.17938674986362457,0.019985152408480644,0.0,0.0
0,0.00345563143491745,0.9202179908752441,0.0364251509308815,0.0035298665364583335,0.0
0,0.008236049674451351,0.3794933557510376,0.1539265215396881,0.00152587890625,0.0
0,0.020435309037566185,0.4047427177429199,0.22185605764389038,0.005330403645833333,0.0
0,0.0027613944839686155,0.3306872844696045,0.026155617088079453,4.0690104166666664e-05,0.0
0,0.006287597119808197,0.9954082369804382,0.05591999366879463,0.006154378255208333,0.0
0,0.0037837831769138575,0.8398653864860535,0.05222218111157417,0.0038350423177083335,0.0
0,0.004299073945730925,0.4050956964492798,0.056541893631219864,0.00054931640625,0.0
0,0.0023320233449339867,0.0511774942278862,0.019160708412528038,0.0,0.0
0,0.0005464698770083487,0.13916224241256714,0.006589771714061499,0.0,0.0
0,0.0006202092044986784,0.05717659741640091,0.010652512311935425,0.0,0.0
0,0.017623642459511757,0.8366879820823669,0.35453474521636963,0.019266764322916668,0.0
0,0.007692776620388031,0.9571177959442139,0.0750366598367691,0.005991617838541667,0.0
0,0.01234067976474762,0.5074266791343689,0.18742550909519196,0.0036214192708333335,0.0
0,0.0028684514109045267,0.40798187255859375,0.0350126251578331,0.0004475911458333333,0.0
0,0.023660456761717796,0.6641048192977905,0.4242927134037018,0.0286865234375,0.0
0,0.017436163499951363,0.8933094143867493,0.37444406747817993,0.016621907552083332,0.0
0,0.012466070242226124,0.9252299070358276,0.2607544958591461,0.00982666015625,0.0
0,0.005832605063915253,0.63409024477005,0.08374040573835373,0.0009765625,0.0
0,0.012285771779716015,0.9927109479904175,0.23300229012966156,0.00811767578125,0.0
0,0.01907741092145443,0.9800530076026917,0.4985279142856598,0.018788655598958332,0.0
0,0.008061564527451992,0.3705669939517975,0.13296425342559814,0.000457763671875,0.0
0,0.002578758168965578,0.3326354920864105,0.035076696425676346,8.138020833333333e-05,0.0
0,0.08472937345504761,0.9590777158737183,0.9069782495498657,0.10316975911458333,0.06986490885416667
0,0.030114183202385902,0.61503005027771,0.28746768832206726,0.013010660807291666,0.0
0,0.0043614027090370655,0.18997150659561157,0.03853849694132805,0.0,0.0
0,0.0042430260218679905,0.4002218246459961,0.06278576701879501,0.0004679361979166667,0.0
0,0.003274841234087944,0.20866228640079498,0.037961557507514954,0.0,0.0
0,0.04194322228431702,0.966092050075531,0.7895486950874329,0.045267740885416664,0.0
0,0.021949544548988342,0.7750945687294006,0.2899715006351471,0.012736002604166666,0.0
0,0.004856554325670004,0.17809657752513885,0.08359067142009735,0.0,0.0
0,0.016112107783555984,0.5259166955947876,0.2755194306373596,0.011027018229166666,0.0
0,0.00825071707367897,0.9298236966133118,0.1431841254234314,0.005126953125,0.0
0,0.004208632279187441,0.2529372572898865,0.060418423265218735,0.0,0.0
0,0.006028205156326294,0.7610060572624207,0.11318103224039078,0.004465738932291667,0.0
0,0.04431764408946037,0.7219392657279968,0.44019582867622375,0.043619791666666664,0.0
0,0.021801089867949486,0.9944234490394592,0.5737363696098328,0.014729817708333334,0.0
0,0.008625523187220097,0.9054896235466003,0.09636001288890839,0.003082275390625,0.0
0,0.004789040423929691,0.11920293420553207,0.057705316692590714,0.0,0.0
0,0.024754943326115608,0.7536479830741882,0.45865172147750854,0.031077067057291668,0.0
0,0.00768789229914546,0.5025405883789062,0.09138210862874985,0.00128173828125,0.0
0,0.02135434001684189,0.9725192785263062,0.8002193570137024,0.024495442708333332,0.0
0,0.05324376001954079,0.9437636137008667,0.6726543307304382,0.06252034505208333,0.0
0,0.004247646313160658,0.3443332016468048,0.033209290355443954,8.138020833333333e-05,0.0
0,0.017531966790556908,0.95413738489151,0.454712450504303,0.015401204427083334,0.0
0,0.19897539913654327,0.9835337996482849,0.9635748267173767,0.24082438151041666,0.240234375
0,0.0036288341507315636,0.7108290791511536,0.07477004826068878,0.0018310546875,0.0
0,0.0036291556898504496,0.31636926531791687,0.0446808747947216,4.0690104166666664e-05,0.0
0,0.0019630996976047754,0.1257079541683197,0.023153413087129593,0.0,0.0
0,0.003204361768439412,0.24780535697937012,0.04426093026995659,0.0,0.0
0,0.003906573634594679,0.12754391133785248,0.0626743733882904,0.0,0.0
0,0.0009316566283814609,0.08122775703668594,0.011331754736602306,0.0,0.0
0,0.003976428881287575,0.41406935453414917,0.07316472381353378,0.00022379557291666666,0.0
0,0.0013694559456780553,0.054098695516586304,0.01342825498431921,0.0,0.0
0,0.009541955776512623,0.986151397228241,0.23161423206329346,0.009490966796875,0.0
0,0.001510114991106093,0.10466021299362183,0.01640303246676922,0.0,0.0
0,0.0020799683406949043,0.1749734729528427,0.0237346850335598,0.0,0.0
0,0.0616515688598156,0.94629967212677,0.659072756767273,0.09969075520833333,0.0
0,0.027165932580828667,0.9389128684997559,0.6712551116943359,0.034556070963541664,0.0
0,0.01531930547207594,0.9049869179725647,0.22936256229877472,0.007486979166666667,0.0
0,0.022279515862464905,0.8091251850128174,0.4743674397468567,0.026336669921875,0.0
0,0.0037840616423636675,0.9952077269554138,0.035743795335292816,0.0013427734375,0.0
0,0.022539010271430016,0.6857390403747559,0.42655685544013977,0.027882893880208332,0.0
0,0.0066804438829422,0.9036349058151245,0.13217812776565552,0.006927490234375,0.0
0,0.0608273483812809,0.9830850958824158,0.8722385764122009,0.08897908528645833,0.0
0,0.002889353083446622,0.3326354920864105,0.031084951013326645,6.103515625e-05,0.0
0,0.054095715284347534,0.917302668094635,0.756177544593811,0.049611409505208336,0.0
0,0.003011709079146385,0.5190185308456421,0.0408434234559536,0.001312255859375,0.0
0,0.07562156766653061,0.8601343035697937,0.6584175229072571,0.11589558919270833,0.0
0,0.006941111758351326,0.8119744062423706,0.1901083141565323,0.007537841796875,0.0
0,0.03397705405950546,0.986929178237915,0.6798974871635437,0.039438883463541664,0.0
0,0.03625895455479622,0.9307105541229248,0.6621413826942444,0.042500813802083336,0.0
0,0.009047743864357471,0.8402590155601501,0.09964530169963837,0.0034077962239583335,0.0
0,0.09790333360433578,0.9775857925415039,0.9318318963050842,0.13470458984375,0.08378092447916667
0,0.03623554855585098,0.9913222789764404,0.9336731433868408,0.039133707682291664,0.0
0,0.009469392709434032,0.29441776871681213,0.12378870695829391,6.103515625e-05,0.0
0,0.011736921034753323,0.93475341796875,0.184028759598732,0.004679361979166667,0.0
0,0.016666829586029053,0.5735589861869812,0.29421496391296387,0.012318929036458334,0.0
0,0.07402809709310532,0.9954082369804382,0.9586926698684692,0.08664957682291667,0.0
0,0.0016352158272638917,0.16653980314731598,0.022933563217520714,0.0,0.0
0,0.01570703648030758,0.980205237865448,0.460452675819397,0.014180501302083334,0.0
0,0.061777275055646896,0.942294716835022,0.7764484286308289,0.061594645182291664,0.0
0,0.02012075111269951,0.41673728823661804,0.18374003469944,0.0014241536458333333,0.0
0,0.0005337526090443134,0.17981842160224915,0.005980330519378185,0.0,0.0
0,0.021237775683403015,0.9604353904724121,0.6733936071395874,0.019622802734375,0.0
0,0.008617816492915154,0.5851011276245117,0.11338309943675995,0.0009867350260416667,0.0
0,0.00955407228320837,0.8656789064407349,0.2375759482383728,0.008534749348958334,0.0
0,0.003501826198771596,0.4068619906902313,0.04569203034043312,0.0005086263020833334,0.0
0,0.02404346875846386,0.7685595154762268,0.26961106061935425,0.010060628255208334,0.0
0,0.006284727249294519,0.16885694861412048,0.0918697863817215,0.0,0.0
0,0.00505705876275897,0.6366919875144958,0.09105828404426575,0.0006917317708333334,0.0
0,0.001007053884677589,0.07793768495321274,0.020410308614373207,0.0,0.0
0,0.004600250627845526,0.5895982384681702,0.04569203034043312,0.0009765625,0.0
0,0.01001430582255125,0.8107787370681763,0.215505912899971,0.007253011067708333,0.0
0,0.02999836951494217,0.8931231498718262,0.6789626479148865,0.043843587239583336,0.0
0,0.012130379676818848,0.9884918928146362,0.6403704881668091,0.013437906901041666,0.0
0,0.02747167833149433,0.9353464841842651,0.6843695044517517,0.030934651692708332,0.0
0,0.031578075140714645,0.9237300753593445,0.5697838068008423,0.035847981770833336,0.0
0,0.045474063605070114,0.907967209815979,0.731634259223938,0.06605021158854167,0.0
0,0.00638715922832489,0.8696039319038391,0.12105778604745865,0.005106608072916667,0.0
0,0.006209480110555887,0.9794329404830933,0.09756221622228622,0.004720052083333333,0.0
0,0.04415390267968178,0.9595351815223694,0.8042429685592651,0.05419921875,0.0
0,0.009261962957680225,0.9493886232376099,0.08866234868764877,0.00390625,0.0
0,0.05221235752105713,0.9780936241149902,0.7924642562866211,0.055196126302083336,0.0
0,0.02374708093702793,0.9657061100006104,0.5366993546485901,0.021148681640625,0.0
0,0.001641716226004064,0.042562730610370636,0.017309095710515976,0.0,0.0
0,0.05795229598879814,0.9909096360206604,0.8294920325279236,0.061350504557291664,0.0
0,0.01999519392848015,0.9700134992599487,0.7818207740783691,0.020741780598958332,0.0
0,0.1614546924829483,0.997065007686615,0.9589241147041321,0.21916707356770834,0.15025838216145834
0,0.06235867738723755,0.9587699174880981,0.7975567579269409,0.067779541015625,0.0
0,0.004271373618394136,0.6838418841362,0.08195514231920242,0.00213623046875,0.0
0,0.40558815002441406,0.994401752948761,0.966281533241272,0.53875732421875,0.8279825846354166
0,0.0062439460307359695,0.7995988726615906,0.11027362942695618,0.0031534830729166665,0.0
0,0.2996346950531006,0.9916519522666931,0.9614614844322205,0.39495849609375,0.0
0,0.0024872201029211283,0.1245320737361908,0.022328782826662064,0.0,0.0
0,0.058608099818229675,0.9767136573791504,0.9219175577163696,0.058013916015625,0.0
0,0.02247466892004013,0.9532750844955444,0.5116094946861267,0.0281982421875,0.0
0,0.02195313759148121,0.9567152261734009,0.4058554768562317,0.014668782552083334,0.0
0,0.06940039247274399,0.9743860960006714,0.7934214472770691,0.07883707682291667,0.0
0,0.0464077852666378,0.9515040516853333,0.7207556366920471,0.053466796875,0.0
0,0.06256195157766342,0.9973269701004028,0.9289224743843079,0.07213338216145833,0.0
0,0.12215932458639145,0.9957352876663208,0.9677167534828186,0.151947021484375,0.0
0,0.006469726096838713,0.8006919622421265,0.07793347537517548,0.00091552734375,0.0
0,0.01570902019739151,0.7207615375518799,0.22439010441303253,0.007598876953125,0.0
0,0.022747822105884552,0.8852352499961853,0.329248309135437,0.01165771484375,0.0
0,0.18109671771526337,0.9948803186416626,0.9794721603393555,0.22298333333333334,0.12354166666666666
0,0.03844098374247551,0.9890975952148438,0.5774369835853577,0.023997395833333334,0.0
0,0.06000238284468651,0.8274101614952087,0.5721849799156189,0.07383138020833334,0.0
0,0.011019320227205753,0.9494823217391968,0.12678517401218414,0.005641276041666666,0.0
0,0.09091909974813461,0.9789553880691528,0.7288457751274109,0.06356770833333333,0.0
0,0.06019437685608864,0.9978925585746765,0.9840936064720154,0.06218133333333333,0.042
0,0.022601962089538574,0.9643214344978333,0.7154210209846497,0.021474202473958332,0.0
0,0.03400188684463501,0.9918753504753113,0.7643589973449707,0.038177490234375,0.0
0,0.035875264555215836,0.9595351815223694,0.6014713048934937,0.035685221354166664,0.0
0,0.09977174550294876,0.9981251358985901,0.9845142364501953,0.10954793294270833,0.043365478515625
0,0.042277347296476364,0.9843363761901855,0.8540235757827759,0.04412841796875,0.0
0,0.03457431122660637,0.9552357196807861,0.4339778423309326,0.024668375651041668,0.0
0,0.24272659420967102,0.9962638020515442,0.9760379791259766,0.29923262548262547,0.03308397683397683
0,0.477350115776062,0.9991030693054199,0.9959456324577332,0.5448983134920635,0.6541220238095238
0,0.12257157266139984,0.986415684223175,0.9484665989875793,0.13098104330981045,0.0
0,0.005776663310825825,0.9523086547851562,0.11716747283935547,0.0043298368298368296,0.0
0,0.036081429570913315,0.9932287931442261,0.8166989684104919,0.04457377049180328,0.0
0,0.005348189268261194,0.9175984263420105,0.08441878110170364,0.0062689991396616,0.0
0,0.004027848597615957,0.9382373094558716,0.062216974794864655,0.0019808306709265177,0.0
0,0.13850019872188568,0.9881765246391296,0.9222025275230408,0.1625139800632142,0.08379285193289569
0,0.045556940138339996,0.9882676005363464,0.8455602526664734,0.05309701492537314,0.0
0,0.21772238612174988,0.9986222982406616,0.9755303859710693,0.25830003699593046,0.2546392896781354
0,0.21215130388736725,0.9989392161369324,0.9873262047767639,0.261710758377425,0.06993827160493828
0,0.2597426772117615,0.9929609894752502,0.9551520943641663,0.34626754385964914,0.11072807017543859
0,0.3654797077178955,0.9994557499885559,0.9919379353523254,0.41802748226950354,0.3343971631205674
0,0.08009835332632065,0.9928508996963501,0.9323301911354065,0.09092081850533808,0.0
0,0.16012929379940033,0.9848692417144775,0.9383503198623657,0.19981646705784636,0.044664148112423974
0,0.07678159326314926,0.9858275651931763,0.9270997643470764,0.08908029878618114,0.0
0,0.1444738209247589,0.9798612594604492,0.9265127182006836,0.18105002253267238,0.0
0,0.20822054147720337,0.9933330416679382,0.9618217349052429,0.26237816764132554,0.07730583769364933
0,0.09688425809144974,0.9978925585746765,0.9722570776939392,0.1144515306122449,0.0
0,0.07630035281181335,0.9879926443099976,0.8482193946838379,0.0871264367816092,0.0
0,0.2178274691104889,0.9947595000267029,0.9610980749130249,0.27950995212899976,0.13241685563114133
0,0.20359408855438232,0.9940197467803955,0.9655115008354187,0.253575,0.03046875
0,0.15091097354888916,0.9960545301437378,0.9716717004776001,0.17916041666666666,0.0219375
0,0.3553491532802582,0.9927951693534851,0.9528381824493408,0.4824041666666667,0.60711875
0,0.13163207471370697,0.9979493021965027,0.9049869179725647,0.14253761574074075,0.0
0,0.4538419842720032,0.9980353713035583,0.9891397356987,0.5555978690384056,0.7568926616136178
0,0.017226366326212883,0.9970421195030212,0.9284049272537231,0.013773600260416666,0.0
0,0.0025000297464430332,0.09219619631767273,0.029421906918287277,0.0,0.0
0,0.165768563747406,0.981979250907898,0.9209277629852295,0.23309326171875,0.0
0,0.06022230163216591,0.9780097603797913,0.8754679560661316,0.076507568359375,0.0
0,0.01695300079882145,0.9381240010261536,0.28646257519721985,0.01123046875,0.0
0,0.11489728093147278,0.9821512699127197,0.9230350255966187,0.13970947265625,0.0
0,0.02210293710231781,0.958304226398468,0.6185396909713745,0.024322509765625,0.0
0,0.08156350255012512,0.9893885254859924,0.9476723670959473,0.09546915690104167,0.0
0,0.0037577159237116575,0.02433018945157528,0.012920473702251911,0.0,0.0
0,0.001502519124187529,0.08108212053775787,0.021779922768473625,0.0,0.0
0,0.005534795578569174,0.8964328765869141,0.10894505679607391,0.0038960774739583335,0.0
0,0.24431870877742767,0.9962782263755798,0.9857729077339172,0.2952168782552083,0.233642578125
0,0.05650092661380768,0.9750121831893921,0.840520977973938,0.050435384114583336,0.0
0,0.009024906903505325,0.9457011222839355,0.23299705982208252,0.009175618489583334,0.0
0,0.011036555282771587,0.7779752612113953,0.1424703449010849,0.003875732421875,0.0
0,0.04548647999763489,0.975296139717102,0.6798135042190552,0.056203206380208336,0.0
0,0.1351950615644455,0.9944234490394592,0.9731387495994568,0.166595458984375,0.0
0,0.0031695186626166105,0.43194353580474854,0.029760092496871948,0.0003865559895833333,0.0
0,0.03773754835128784,0.9841545820236206,0.8881722688674927,0.041371663411458336,0.0
0,0.05093839392066002,0.9974090456962585,0.9317114353179932,0.049224853515625,0.0
0,0.09894362837076187,0.9884918928146362,0.9287972450256348,0.12335205078125,0.0
0,0.01937011629343033,0.7261344194412231,0.25404050946235657,0.007619222005208333,0.0
0,0.03791840001940727,0.8568122982978821,0.3116331696510315,0.014862060546875,0.0
0,0.02202199213206768,0.9111796617507935,0.3313230872154236,0.013966878255208334,0.0
0,0.043355684727430344,0.995075523853302,0.9690324664115906,0.049723307291666664,0.0
0,0.09875637292861938,0.9915544390678406,0.9438672661781311,0.12150065104166667,0.0
0,0.06831157952547073,0.929951012134552,0.6565448641777039,0.06725056966145833,0.0
0,0.16767661273479462,0.9981613755226135,0.9834704995155334,0.19654337565104166,0.029673258463541668
0,0.05145031586289406,0.9669140577316284,0.8171371221542358,0.050954182942708336,0.0
0,0.014256875030696392,0.1214771568775177,0.05707139894366264,0.0,0.0
0,0.017167657613754272,0.9048188328742981,0.30424216389656067,0.011393229166666666,0.0
0,0.021501699462532997,0.961243748664856,0.6301160454750061,0.021921793619791668,0.0
0,0.07865861803293228,0.9731387495994568,0.8507168292999268,0.09637451171875,0.0
0,0.008689751848578453,0.7202699184417725,0.04931360110640526,0.0006815592447916666,0.0
0,0.03326098993420601,0.9464978575706482,0.4326446056365967,0.016103108723958332,0.0
0,0.013327140361070633,0.87364661693573,0.1949710249900818,0.006520589192708333,0.0
0,0.0017705527134239674,0.49828726053237915,0.026861203834414482,0.00023396809895833334,0.0
0,0.005078138317912817,0.6850020289421082,0.08993300795555115,0.0019429524739583333,0.0
0,0.031279556453228,0.9533619284629822,0.5201593041419983,0.024261474609375,0.0
0,0.01335075218230486,0.9942697286605835,0.3390481173992157,0.011739095052083334,0.0
0,0.014614436775445938,0.8794577121734619,0.24725964665412903,0.009246826171875,0.0
0,0.012620997615158558,0.9425067901611328,0.1922222524881363,0.00750732421875,0.0
0,0.0244594756513834,0.9808025360107422,0.6936711072921753,0.028483072916666668,0.0
0,0.0018587877275422215,0.627266526222229,0.028165871277451515,0.0008951822916666666,0.0
0,0.005789447110146284,0.8537908792495728,0.09170696139335632,0.002227783203125,0.0
0,0.029576828703284264,0.9536218643188477,0.6925380229949951,0.040852864583333336,0.0
0,0.0004669838526751846,0.08525123447179794,0.00482915947213769,0.0,0.0
0,0.0007839254103600979,0.022074386477470398,0.011869121342897415,0.0,0.0
0,0.0061475299298763275,0.8700461983680725,0.08064661920070648,0.004018147786458333,0.0
0,0.030377686023712158,0.9692660570144653,0.7880894541740417,0.031443277994791664,0.0
0,0.018516914919018745,0.9213575720787048,0.270862877368927,0.010294596354166666,0.0
0,0.05253644287586212,0.982355535030365,0.8879840970039368,0.057668050130208336,0.0
0,0.002016674028709531,0.869714617729187,0.03120281919836998,0.0008341471354166666,0.0
0,0.004468988161534071,0.7980294823646545,0.07477004826068878,0.0013936360677083333,0.0
0,0.10298982262611389,0.9903290271759033,0.958304226398468,0.11445109049479167,0.0
0,0.01972063258290291,0.9983515739440918,0.917302668094635,0.020111083984375,0.0
0,0.006959613412618637,0.9268352389335632,0.09981539845466614,0.005482991536458333,0.0
0,0.03363218158483505,0.9998812675476074,0.990215003490448,0.034393310546875,0.025187174479166668
0,0.006382239516824484,0.7671669721603394,0.08166171610355377,0.0031534830729166665,0.0
0,0.0072587220929563046,0.0650087296962738,0.031439851969480515,0.0,0.0
0,0.001987968571484089,0.15266279876232147,0.020332353189587593,0.0,0.0
0,0.15985678136348724,0.9966625571250916,0.9273633360862732,0.24797566731770834,0.0
0,0.013767894357442856,0.9362850189208984,0.4292810559272766,0.017252604166666668,0.0
0,0.012443523854017258,0.8325091600418091,0.13568955659866333,0.0034077962239583335,0.0
0,0.011020787991583347,0.45223352313041687,0.17837835848331451,0.003082275390625,0.0
0,0.007267581764608622,0.5491873025894165,0.10248421877622604,0.0007832845052083334,0.0
0,0.002813587663695216,0.9127477407455444,0.027687110006809235,0.0019429524739583333,0.0
0,0.006248291116207838,0.4312248229980469,0.09602040797472,0.001495361328125,0.0
0,0.03722307085990906,0.9901019334793091,0.930706799030304,0.040334065755208336,0.0
0,0.010327308438718319,0.966663122177124,0.08359067142009735,0.006703694661458333,0.0
0,0.013781477697193623,0.9094254970550537,0.2916683852672577,0.010935465494791666,0.0
0,0.0015634088777005672,0.3270232081413269,0.022586042061448097,9.1552734375e-05,0.0
0,0.006758315023034811,0.4890535771846771,0.061986055225133896,0.0006612141927083334,0.0
0,0.3822668492794037,0.9943140745162964,0.9747251272201538,0.4602457682291667,0.4922892252604167
0,0.031814392656087875,0.996936559677124,0.8023821711540222,0.02630615234375,0.0
0,0.04062897339463234,0.9637799859046936,0.7831504344940186,0.049825032552083336,0.0
0,0.05712138116359711,0.9941347241401672,0.9627432227134705,0.06675211588541667,0.0
0,0.030833592638373375,0.9419752359390259,0.6315909028053284,0.026316324869791668,0.0
0,0.1984521895647049,0.9802431464195251,0.95123291015625,0.23763020833333334,0.0
0,0.13107812404632568,0.9976859092712402,0.9865199327468872,0.143585205078125,0.09544881184895833
0,0.046383291482925415,0.9966365098953247,0.8210441470146179,0.058258056640625,0.0
0,0.026196012273430824,0.9568765759468079,0.6160613894462585,0.024800618489583332,0.0
0,0.2687038481235504,0.9990710020065308,0.9965435862541199,0.3332112630208333,0.19908650716145834
0,0.37619009613990784,0.9940658807754517,0.9785480499267578,0.4756978352864583,0.4357198079427083
0,0.06969885528087616,0.9588471055030823,0.8166989684104919,0.07832845052083333,0.0
0,0.22617311775684357,0.9938787817955017,0.9577545523643494,0.2823384602864583,0.0
0,0.08650072664022446,0.966092050075531,0.8708139061927795,0.1005859375,0.0
0,0.06881152838468552,0.9919691681861877,0.9036349058151245,0.08280436197916667,0.0
0,0.0422075092792511,0.9766246676445007,0.7388575673103333,0.052174886067708336,0.0
0,0.019488336518406868,0.7558172941207886,0.281701922416687,0.011159261067708334,0.0
0,0.007732294499874115,0.7388575673103333,0.12929275631904602,0.002777099609375,0.0
0,0.2258988469839096,0.9862046241760254,0.9525741338729858,0.2864278157552083,0.31488037109375
0,0.06386978179216385,0.991186797618866,0.9238675236701965,0.073883056640625,0.0
0,0.04524680972099304,0.8601343035697937,0.4264410138130188,0.044464111328125,0.0
0,0.035619284957647324,0.937210738658905,0.4820615351200104,0.032338460286458336,0.0
0,0.04566599801182747,0.946793794631958,0.7477945685386658,0.056966145833333336,0.0
0,0.14186181128025055,0.9780936241149902,0.9153559803962708,0.19573974609375,0.13584391276041666
0,0.08708477020263672,0.986415684223175,0.9246836304664612,0.11020914713541667,0.0
0,0.08716613054275513,0.986151397228241,0.9183294773101807,0.10667928059895833,0.0
0,0.00899160373955965,0.798501193523407,0.09894659370183945,0.0015157063802083333,0.0
0,0.03962300345301628,0.972151517868042,0.861880362033844,0.041392008463541664,0.0
0,0.05716321989893913,0.9554024338722229,0.8445372581481934,0.06752522786458333,0.0
0,0.11862774938344955,0.9658995866775513,0.8441522121429443,0.15822347005208334,0.0
0,0.02202468179166317,0.959307074546814,0.43475764989852905,0.013631184895833334,0.0
0,0.017963144928216934,0.9192084670066833,0.45141535997390747,0.015726725260416668,0.0
0,0.013033649884164333,0.9670388102531433,0.12335929274559021,0.008127848307291666,0.0
0,0.05811953544616699,0.9872773289680481,0.8287961483001709,0.0706787109375,0.0
0,0.04156147688627243,0.9795114994049072,0.7975520491600037,0.051625569661458336,0.0
0,0.02196735143661499,0.9741412401199341,0.6214334964752197,0.021453857421875,0.0
0,0.05065669119358063,0.9941347241401672,0.9381206035614014,0.055948893229166664,0.0
0,0.0628037303686142,0.9905874133110046,0.9473810195922852,0.07734171549479167,0.0
0,0.15754477679729462,0.9937829375267029,0.9731897711753845,0.18092854817708334,0.0
0,0.0856856182217598,0.9796287417411804,0.8868072032928467,0.116302490234375,0.0
0,0.003974941559135914,0.4171527326107025,0.043691061437129974,0.00010172526041666667,0.0
0,0.01115330308675766,0.9655115008354187,0.367717444896698,0.012044270833333334,0.0
0,0.4449823200702667,0.9929060935974121,0.9803174734115601,0.5768534342447916,0.7139180501302084
0,0.010443066246807575,0.9435559511184692,0.1187872663140297,0.003977457682291667,0.0
0,0.06397154182195663,0.9942697286605835,0.9575143456459045,0.07529703776041667,0.0
0,0.05420494079589844,0.9691494703292847,0.7669872045516968,0.055246988932291664,0.0
0,0.05038496479392052,0.8712559342384338,0.6888871788978577,0.06684366861979167,0.0
0,0.14642147719860077,0.9950946569442749,0.9751530885696411,0.18345133463541666,0.147674560546875
0,0.18077373504638672,0.9869794845581055,0.9442797303199768,0.21107991536458334,0.115814208984375
0,0.12425980716943741,0.9959613680839539,0.9820137619972229,0.13548787434895834,0.0
0,0.11233586817979813,0.9936116337776184,0.9603589773178101,0.13863118489583334,0.0
0,0.10924265533685684,0.9691494703292847,0.8870089650154114,0.13993326822916666,0.0
0,0.060889407992362976,0.99903404712677,0.992452085018158,0.07243855794270833,0.033599853515625
0,0.14755143225193024,0.9962638020515442,0.9794329404830933,0.17891438802083334,0.0
0,0.09518436342477798,0.9668514132499695,0.8482193946838379,0.11626180013020833,0.0
0,0.07947178930044174,0.9944451451301575,0.9619649052619934,0.09004720052083333,0.0
0,0.08387589454650879,0.9441768527030945,0.8311389684677124,0.09676106770833333,0.0
0,0.27167877554893494,0.993854820728302,0.9786706566810608,0.328369140625,0.38525390625
0,0.03618088737130165,0.9685006141662598,0.5983638167381287,0.030965169270833332,0.0
0,0.10261642932891846,0.9853278994560242,0.9543930292129517,0.1259765625,0.0
0,0.46850717067718506,0.9956516623497009,0.9855521321296692,0.5769551595052084,0.666168212890625
0,0.07410437613725662,0.9795506000518799,0.8507168292999268,0.08884684244791667,0.0
0,0.1350487917661667,0.9872281551361084,0.9272276759147644,0.17148844401041666,0.0
0,0.23699359595775604,0.9975080490112305,0.9868786931037903,0.2698771158854167,0.23341878255208334
0,0.20937375724315643,0.9923638105392456,0.9805060625076294,0.24907430013020834,0.11180623372395833
0,0.08241783827543259,0.9746769666671753,0.8610644936561584,0.09685262044270833,0.0
0,0.15777914226055145,0.9812029004096985,0.942294716835022,0.192138671875,0.09528605143229167
0,0.14760838449001312,0.9965569972991943,0.9886682629585266,0.17643229166666666,0.09849039713541667
0,0.054189253598451614,0.9556514620780945,0.7903685569763184,0.05816650390625,0.0
0,0.2502177655696869,0.996160626411438,0.977021336555481,0.3384501139322917,0.0
0,0.10981065779924393,0.9776712656021118,0.9245515465736389,0.12220255533854167,0.0
0,0.05574424937367439,0.9796676635742188,0.9010533690452576,0.055043538411458336,0.0
0,0.08563748747110367,0.9621075391769409,0.804861843585968,0.10606892903645833,0.0
0,0.0030565678607672453,0.14718706905841827,0.04312095791101456,0.0,0.0
0,0.02122790925204754,0.9598374962806702,0.5484217405319214,0.020243326822916668,0.0
0,0.05291953310370445,0.804405927658081,0.5609442591667175,0.071533203125,0.0
0,0.019197244197130203,0.9755768775939941,0.895339846611023,0.0218505859375,0.0
0,0.009649626910686493,0.9024378061294556,0.15240275859832764,0.0037434895833333335,0.0
0,0.002075087046250701,0.09585607796907425,0.023284973576664925,0.0,0.0
0,0.0007883828948251903,0.020844316110014915,0.008093290030956268,0.0,0.0
0,0.029607541859149933,0.9670388102531433,0.3167854845523834,0.016571044921875,0.0
0,0.18114005029201508,0.9973580241203308,0.9873262047767639,0.21061197916666666,0.11054484049479167
0,0.006815918255597353,0.9388007521629333,0.09687653928995132,0.004587809244791667,0.0
0,0.04700913652777672,0.9102267622947693,0.7302870154380798,0.06700642903645833,0.0
0,0.03660503402352333,0.8834372758865356,0.48995089530944824,0.044921875,0.0
0,0.021083684638142586,0.9962051510810852,0.3878607451915741,0.018758138020833332,0.0
0,0.04403601959347725,0.7994423508644104,0.5921931862831116,0.070587158203125,0.0
0,0.0797433853149414,0.9768466353416443,0.868934690952301,0.11916097005208333,0.0
0,0.0074650500901043415,0.6926419734954834,0.10576342046260834,0.0003763834635416667,0.0
0,0.05559568479657173,0.9942697286605835,0.95743727684021,0.066558837890625,0.0
0,0.036965470761060715,0.9859364032745361,0.9579908847808838,0.039683024088541664,0.0
0,0.020370665937662125,0.922062337398529,0.2568320035934448,0.009134928385416666,0.0
0,0.20775072276592255,0.9881309270858765,0.9494823217391968,0.26226806640625,0.23807779947916666
0,0.03719981759786606,0.958615243434906,0.7680380344390869,0.043182373046875,0.0
0,0.04755391553044319,0.967348575592041,0.6496863961219788,0.06432088216145833,0.0
0,0.021909624338150024,0.9235922694206238,0.357105553150177,0.014923095703125,0.0
0,0.004176286514848471,0.42853230237960815,0.05136751011013985,7.120768229166667e-05,0.0
0,0.022726567462086678,0.6062653660774231,0.3099534511566162,0.014617919921875,0.0
0,0.028306538239121437,0.9955142140388489,0.5192590951919556,0.017852783203125,0.0
0,0.012384489178657532,0.8942365646362305,0.24220025539398193,0.008941650390625,0.0
0,0.016321489587426186,0.647686779499054,0.30115339159965515,0.013407389322916666,0.0
0,0.0494963563978672,0.8737544417381287,0.6666020154953003,0.06626383463541667,0.0
0,0.0034225434064865112,0.20866228640079498,0.037679389119148254,0.0,0.0
0,0.003678876906633377,0.14092636108398438,0.044678375124931335,0.0,0.0
0,0.1718844175338745,0.9914886951446533,0.9622496962547302,0.20423380533854166,0.14972941080729166
0,0.01473208051174879,0.7892336845397949,0.17119555175304413,0.00390625,0.0
0,0.07070711255073547,0.9446893334388733,0.8769508004188538,0.092864990234375,0.0
0,0.06621137261390686,0.9692078232765198,0.9234544038772583,0.079315185546875,0.040974934895833336
0,0.04868246987462044,0.9242786765098572,0.7194762825965881,0.059295654296875,0.0
0,0.018683144822716713,0.7988152503967285,0.2651130259037018,0.009613037109375,0.0
0,0.23074354231357574,0.9925682544708252,0.9796676635742188,0.2716471354166667,0.131378173828125
0,0.009882774204015732,0.9355823397636414,0.20608918368816376,0.00750732421875,0.0
0,0.019259439781308174,0.9164093732833862,0.3718069791793823,0.014424641927083334,0.0
0,0.0038033127784729004,0.19087478518486023,0.027690259739756584,0.0,0.0
0,0.01649225316941738,0.592430830001831,0.15052762627601624,0.002288818359375,0.0
0,0.001667005941271782,0.4176870882511139,0.024798156693577766,0.00019327799479166666,0.0
0,0.0007750915829092264,0.030157409608364105,0.006984650157392025,0.0,0.0
0,0.012323166243731976,0.7759445905685425,0.2338760644197464,0.008371988932291666,0.0
0,0.0018531534587964416,0.1102793738245964,0.025323061272501945,0.0,0.0
0,0.004608290735632181,0.6627964973449707,0.05291181057691574,0.0013631184895833333,0.0
0,0.029680119827389717,0.9893062710762024,0.9449916481971741,0.031158447265625,0.0
0,0.06909120827913284,0.9834704995155334,0.8712559342384338,0.08672078450520833,0.0
0,0.08976186066865921,0.9931228756904602,0.9587699174880981,0.10047403971354167,0.09949747721354167
0,0.022784462198615074,0.934634268283844,0.44920870661735535,0.021077473958333332,0.0
0,0.06756452471017838,0.9731897711753845,0.8493474125862122,0.083160400390625,0.0
0,0.0854000449180603,0.9979493021965027,0.9832789301872253,0.096435546875,0.0
0,0.023183055222034454,0.9797453284263611,0.588466465473175,0.015889485677083332,0.0
0,0.0009191881399601698,0.7020196318626404,0.011113728396594524,0.000335693359375,0.0
0,0.031851474195718765,0.9943140745162964,0.8753518462181091,0.037913004557291664,0.0
0,0.06976696848869324,0.987616240978241,0.8824278712272644,0.08262125651041667,0.0
0,0.08287882059812546,0.9948803186416626,0.9407864212989807,0.09514363606770833,0.0
0,0.12872375547885895,0.9869794845581055,0.9510514140129089,0.1644287109375,0.0
0,0.08586768060922623,0.9930693507194519,0.8951511979103088,0.10960896809895833,0.0
0,0.010753427632153034,0.9822876453399658,0.1476706862449646,0.006083170572916667,0.0
0,0.021478988230228424,0.898944079875946,0.4345776438713074,0.0166015625,0.0
0,0.08217032998800278,0.9988027811050415,0.9927951693534851,0.09131876627604167,0.0
0,0.09750690311193466,0.9992533326148987,0.9830850958824158,0.112335205078125,0.0
0,0.25538069009780884,0.9980732202529907,0.9897897839546204,0.308502197265625,0.354644775390625
0,0.048365961760282516,0.9331876635551453,0.5953572988510132,0.045735677083333336,0.0
0,0.03669912368059158,0.9618934392929077,0.7325860857963562,0.042236328125,0.0
0,0.02229759655892849,0.9925969839096069,0.8194429874420166,0.023427327473958332,0.0
0,0.00856433343142271,0.3338288962841034,0.10429472476243973,0.0008138020833333334,0.0
0,0.02958696521818638,0.96518474817276,0.4976728558540344,0.027557373046875,0.0
0,0.005275395233184099,0.9007046222686768,0.04594820365309715,0.00262451171875,0.0
0,0.13587819039821625,0.9751071333885193,0.8689280152320862,0.17505900065104166,0.0
0,0.000975007947999984,0.22832854092121124,0.013480102643370628,0.0,0.0
0,0.04226044937968254,0.9991169571876526,0.9760352373123169,0.042989095052083336,0.0
0,0.13764235377311707,0.9919067621231079,0.9520419239997864,0.165390625,0.0
0,0.17453518509864807,0.993854820728302,0.9751545190811157,0.22697916666666668,0.0
0,0.05489296093583107,0.9744833707809448,0.7211515307426453,0.046142578125,0.0
0,0.017207564786076546,0.9877113699913025,0.4498889148235321,0.016021728515625,0.0
0,0.02859925851225853,0.9897116422653198,0.827037513256073,0.03241929466499879,0.0
0,0.01884583942592144,0.994401752948761,0.7739022970199585,0.02095512082853855,0.0
0,0.049200668931007385,0.982624351978302,0.836821436882019,0.056554726368159204,0.0
0,0.38961946964263916,0.9881309270858765,0.9402433633804321,0.55975,0.554525
0,0.0021680269856005907,0.2333567589521408,0.015014749020338058,0.0,0.0
0,0.009219388477504253,0.9701269268989563,0.14010079205036163,0.0032407407407407406,0.0
0,0.02479306049644947,0.8734309077262878,0.3559987545013428,0.01845407571443636,0.0
0,0.05733800306916237,0.9801673293113708,0.7627776861190796,0.0765054630534039,0.0
0,0.05973862111568451,0.9951702952384949,0.9424007534980774,0.06538259958071278,0.0
0,0.041548505425453186,0.9976125955581665,0.9824904799461365,0.040311375335975584,0.0
0,0.16485513746738434,0.9961305856704712,0.9652503728866577,0.22148148148148147,0.047877777777777776
0,0.06369668245315552,0.9845753908157349,0.890562891960144,0.07174657534246576,0.0
0,0.34010106325149536,0.9982385635375977,0.9880393147468567,0.3996238425925926,0.4184114583333333
0,0.2799723744392395,0.999944806098938,0.9885361194610596,0.3572463436928702,0.2302742230347349
0,0.19335104525089264,0.9995793700218201,0.9677167534828186,0.2532252798507463,0.044118470149253734
0,0.26291796565055847,0.9985619187355042,0.982355535030365,0.3358498023715415,0.17030773574251834
0,0.08867525309324265,0.9942025542259216,0.9458011984825134,0.10737980769230769,0.0
0,0.09299859404563904,0.9980429410934448,0.9751545190811157,0.10487325174825175,0.012353583916083917
0,0.16892413794994354,0.9992417097091675,0.9918753504753113,0.1998421768707483,0.029975510204081634
0,0.16775617003440857,0.9999439716339111,0.9798997044563293,0.2036765153822723,0.0
0,0.09748243540525436,0.9940197467803955,0.9318356513977051,0.10565833333333334,0.0
0,0.04714205861091614,0.9999747276306152,0.9613890647888184,0.05354990583804143,0.0
0,0.20541435480117798,0.9974391460418701,0.9740425944328308,0.25679424899697806,0.1985699846323628
0,0.4003208875656128,0.9975177049636841,0.9820826053619385,0.5082335490250875,0.5463405851624138
0,0.246850848197937,0.9966233968734741,0.9805434346199036,0.310082616842761,0.15734528500585881
0,0.037322692573070526,0.9939963817596436,0.8323743343353271,0.036372916666666665,0.0
0,0.24141037464141846,0.9981470108032227,0.978425920009613,0.3049301541425819,0.16391859344894028
0,0.10033053904771805,0.9992266893386841,0.9603611826896667,0.12269063706563707,0.011889478764478765
0,0.10593100637197495,0.9950946569442749,0.9298236966133118,0.11759393063583815,0.0
0,0.02859925851225853,0.9897116422653198,0.827037513256073,0.03241929466499879,0.0
0,0.01884583942592144,0.994401752948761,0.7739022970199585,0.02095512082853855,0.0
0,0.2133115828037262,0.9993809461593628,0.9698426127433777,0.2668583333333333,0.08795833333333333
0,0.0013928357511758804,0.8879840970039368,0.017242778092622757,0.00104,0.0
0,0.3640918433666229,0.9993613362312317,0.9856076240539551,0.45817325800376646,0.45075800376647834
0,0.2266208380460739,0.9997748732566833,0.9815244078636169,0.3066760828625235,0.02542843691148776
0,0.0021680269856005907,0.2333567589521408,0.015014749020338058,0.0,0.0
0,0.20615418255329132,0.9995505213737488,0.9837225079536438,0.2642284240150094,0.088468574108818
0,0.04714205861091614,0.9999747276306152,0.9613890647888184,0.05354990583804143,0.0
0,0.10188580304384232,0.992061972618103,0.9270997643470764,0.09690136520736099,0.035156808020246774
0,0.043864913284778595,0.9871788024902344,0.7060901522636414,0.04400232018561485,0.0
0,0.1185741126537323,0.9998499155044556,0.9882221817970276,0.13006602112676055,0.05231294014084507
0,0.2371581494808197,0.9957848191261292,0.9808759689331055,0.2865524534686971,0.2139213197969543
0,0.0031749506015330553,0.18213440477848053,0.02811245620250702,0.0,0.0
0,0.013382631354033947,0.7969253659248352,0.17467902600765228,0.00537109375,0.0
0,0.00948885828256607,0.9613164663314819,0.2238147258758545,0.009480794270833334,0.0
0,0.032673124223947525,0.9918753504753113,0.7327659130096436,0.030426025390625,0.0
0,0.013260308653116226,0.6785399913787842,0.20434190332889557,0.0047607421875,0.0
0,0.11524734646081924,0.997188150882721,0.9757624268531799,0.13777669270833334,0.0
0,0.052846718579530716,0.9550683498382568,0.8482193946838379,0.07782999674479167,0.0
0,0.013035614974796772,0.7964508533477783,0.21866434812545776,0.007181803385416667,0.0
0,0.15135009586811066,0.9975656270980835,0.986828088760376,0.176971435546875,0.104095458984375
0,0.02101624570786953,0.8312800526618958,0.32357776165008545,0.013692220052083334,0.0
0,0.019825659692287445,0.5598015189170837,0.16559313237667084,0.0024515787760416665,0.0
0,0.06748557835817337,0.9849852323532104,0.8751482367515564,0.065155029296875,0.0
0,0.045016005635261536,0.8540345430374146,0.6564282178878784,0.06470743815104167,0.0
0,0.07819674164056778,0.9658352136611938,0.8742920160293579,0.09657796223958333,0.0
0,0.0017512565245851874,0.5056493282318115,0.03185885399580002,7.120768229166667e-05,0.0
0,0.03220584616065025,0.9177460074424744,0.4863147735595703,0.034647623697916664,0.0
0,0.060207366943359375,0.8891444206237793,0.7122231721878052,0.07701619466145833,0.0
0,0.0004672540817409754,0.02561391517519951,0.004468384198844433,0.0,0.0
0,0.038025494664907455,0.903464674949646,0.6231406927108765,0.046152750651041664,0.0
0,0.01082069706171751,0.6694207787513733,0.16450439393520355,0.004160563151041667,0.0
0,0.0037763379514217377,0.7972412705421448,0.04426340013742447,0.0008443196614583334,0.0
0,0.0011509547475725412,0.0684129148721695,0.008779109455645084,0.0,0.0
0,0.0030858435202389956,0.5315133333206177,0.0797734260559082,0.0014750162760416667,0.0
0,0.01685740426182747,0.9917803406715393,0.68266361951828,0.017537434895833332,0.0
0,0.010996293276548386,0.7073035836219788,0.17064617574214935,0.004730224609375,0.0
0,0.03944534808397293,0.9988440275192261,0.9785082340240479,0.035847981770833336,0.0
0,0.006285667419433594,0.9303317666053772,0.05899302288889885,0.006083170572916667,0.0
0,0.03624064102768898,0.9580694437026978,0.6624559164047241,0.041605631510416664,0.0
0,0.01866668090224266,0.8967949151992798,0.6110762357711792,0.022511800130208332,0.0
0,0.0011651756940409541,0.13718533515930176,0.014447852037847042,0.0,0.0
0,0.0015856592217460275,0.27845296263694763,0.02561245486140251,1.0172526041666666e-05,0.0
0,0.06014212593436241,0.9863631129264832,0.8980481028556824,0.07414754231770833,0.0
0,0.11318770796060562,0.9888850450515747,0.9491063356399536,0.13427734375,0.0
0,0.026353320106863976,0.9342753291130066,0.5339959263801575,0.025919596354166668,0.0
0,0.09142408519983292,0.9918753504753113,0.9305844902992249,0.11253865559895833,0.0
0,0.07959115505218506,0.9925103187561035,0.9551495909690857,0.09703572591145833,0.0
0,0.03781520947813988,0.9839708209037781,0.7343043684959412,0.038909912109375,0.0
0,0.020344572141766548,0.9831499457359314,0.7352274060249329,0.02197265625,0.0
0,0.01787405274808407,0.957833468914032,0.47116532921791077,0.01788330078125,0.0
0,0.13921907544136047,0.9822876453399658,0.9408984184265137,0.17790730794270834,0.0
0,0.0771632269024849,0.9776285290718079,0.8551194667816162,0.09183756510416667,0.0
0,0.001456563826650381,0.3554392457008362,0.022542964667081833,3.0517578125e-05,0.0
0,0.0037725421134382486,0.846831202507019,0.05042126774787903,0.0011088053385416667,0.0
0,0.023981967940926552,0.9485372304916382,0.5876153707504272,0.024088541666666668,0.0
0,0.003774745622649789,0.08525123447179794,0.02876158617436886,0.0,0.0
0,0.04162459447979927,0.9908034801483154,0.9483462572097778,0.043741861979166664,0.0
0,0.0021109196823090315,0.6057990193367004,0.024702459573745728,0.000640869140625,0.0
0,0.024542035534977913,0.8778960704803467,0.4776681959629059,0.02435302734375,0.0
0,0.13985036313533783,0.9709643721580505,0.9014011025428772,0.18601481119791666,0.0
0,0.14618998765945435,0.9950177073478699,0.9693241715431213,0.179229736328125,0.0
0,0.02868647128343582,0.8964328765869141,0.49927541613578796,0.024861653645833332,0.0
0,0.01961330510675907,0.8340017199516296,0.45507389307022095,0.0240478515625,0.0
0,0.010859957896173,0.8113772869110107,0.24616527557373047,0.008738199869791666,0.0
0,0.06006227061152458,0.9932811260223389,0.9633685946464539,0.056070963541666664,0.0
0,0.1124703586101532,0.9826908707618713,0.9213575720787048,0.13916015625,0.0
0,0.008729361928999424,0.4182216227054596,0.10176784545183182,0.0013834635416666667,0.0
0,0.0747733861207962,0.9905508756637573,0.9320796132087708,0.08702596028645833,0.0
0,0.07281611114740372,0.9830850958824158,0.8925569653511047,0.08320109049479167,0.0
0,0.023924678564071655,0.9866748452186584,0.63409024477005,0.026377360026041668,0.0
0,0.14002357423305511,0.9903663396835327,0.9441768527030945,0.1676025390625,0.056162516276041664
0,0.012958419509232044,0.8586000204086304,0.24310296773910522,0.008646647135416666,0.0
0,0.06474437564611435,0.9736947417259216,0.703024685382843,0.067230224609375,0.0
0,0.042525846511125565,0.9505947232246399,0.6032308340072632,0.034169514973958336,0.0
0,0.017243707552552223,0.8674854636192322,0.32712748646736145,0.012491861979166666,0.0
0,0.05683745816349983,0.9830850958824158,0.9032942056655884,0.065093994140625,0.0
0,0.026087790727615356,0.9129031896591187,0.35441967844963074,0.017232259114583332,0.0
0,0.04452712461352348,0.9963071346282959,0.948052704334259,0.053497314453125,0.0
0,0.04083308205008507,0.8264318704605103,0.4192858636379242,0.033559163411458336,0.0
0,0.012776547111570835,0.9477691650390625,0.20116591453552246,0.00823974609375,0.0
0,0.02392301894724369,0.9375547766685486,0.612882137298584,0.028157552083333332,0.0
0,0.07310361415147781,0.9893885254859924,0.9189178347587585,0.09502156575520833,0.0
0,0.022619815543293953,0.9440738558769226,0.3377494215965271,0.014109293619791666,0.0
0,0.01633535325527191,0.8378854393959045,0.276883065700531,0.010477701822916666,0.0
0,0.2079402208328247,0.9916195869445801,0.9366336464881897,0.2832743326822917,0.0
0,0.010033088736236095,0.7701191902160645,0.1559724360704422,0.004608154296875,0.0
0,0.07214517146348953,0.9846346974372864,0.9184802770614624,0.07798258463541667,0.0
0,0.01949806697666645,0.9814178347587585,0.6632001399993896,0.015665690104166668,0.0
0,0.04414796456694603,0.9844563603401184,0.9110167622566223,0.046376546223958336,0.0
0,0.01060472335666418,0.9342753291130066,0.14840969443321228,0.00518798828125,0.0
0,0.02254689298570156,0.9715099930763245,0.3993430435657501,0.014719645182291666,0.0
0,0.11468756943941116,0.9785903096199036,0.868934690952301,0.12404378255208333,0.0
0,0.04172254726290703,0.95735764503479,0.6853116750717163,0.042409261067708336,0.0
0,0.07381249964237213,0.9777987599372864,0.8472070097923279,0.07428995768229167,0.0
0,0.07743697613477707,0.986929178237915,0.9438672661781311,0.07611083984375,0.0
0,0.18501298129558563,0.9894295334815979,0.960878312587738,0.22056070963541666,0.08437093098958333
0,0.22969134151935577,0.9872773289680481,0.9621787071228027,0.2971903483072917,0.0
0,0.07809848338365555,0.9934611320495605,0.9440707564353943,0.08806355794270833,0.0
0,0.05104824900627136,0.9870795607566833,0.9081253409385681,0.052408854166666664,0.0
0,0.10961707681417465,0.986151397228241,0.9156582355499268,0.13763427734375,0.0
0,0.17696623504161835,0.9971216320991516,0.9808759689331055,0.21053059895833334,0.0926513671875
0,0.10355132818222046,0.9890975952148438,0.8769476413726807,0.12300618489583333,0.0
0,0.03808874264359474,0.973993182182312,0.7388519048690796,0.031575520833333336,0.0
0,0.09158086776733398,0.9915544390678406,0.8975103497505188,0.11945597330729167,0.0
0,0.009896754287183285,0.7065955400466919,0.12463856488466263,0.0021464029947916665,0.0
0,0.037804633378982544,0.9406808614730835,0.6619163155555725,0.036600748697916664,0.0
0,0.19712108373641968,0.987616240978241,0.9609495401382446,0.236328125,0.0
0,0.03487468883395195,0.929568350315094,0.6673611998558044,0.030832926432291668,0.0
0,0.03447055444121361,0.922062337398529,0.5514218807220459,0.035675048828125,0.0
0,0.18513186275959015,0.9956685304641724,0.9840323328971863,0.21605428059895834,0.0946044921875
0,0.004556861240416765,0.19636346399784088,0.03302355110645294,0.0,0.0
0,0.16822336614131927,0.9821512699127197,0.9368651509284973,0.21146647135416666,0.0
0,0.07771947234869003,0.9852713346481323,0.9360480904579163,0.08270263671875,0.0
0,0.09808454662561417,0.9736446738243103,0.9095814824104309,0.11536661783854167,0.0
0,0.08342248201370239,0.9846346974372864,0.896975576877594,0.09003702799479167,0.0
0,0.03622836619615555,0.918333888053894,0.6790723204612732,0.034403483072916664,0.0
0,0.12073234468698502,0.9934865236282349,0.9714558720588684,0.13872273763020834,0.0
0,0.0025377972051501274,0.07094482332468033,0.02203226462006569,0.0,0.0
0,0.2766178846359253,0.9941574335098267,0.9716179370880127,0.3581441243489583,0.14784749348958334
0,0.043236274272203445,0.960878312587738,0.4860106408596039,0.02325439453125,0.0
0,0.1035376787185669,0.9965165853500366,0.9135177135467529,0.129058837890625,0.0
0,0.03917080536484718,0.9415467381477356,0.5120214223861694,0.037556966145833336,0.0
0,0.03778963163495064,0.9695556163787842,0.6543195843696594,0.037750244140625,0.0
0,0.23130667209625244,0.9875203371047974,0.961533784866333,0.2979227701822917,0.16587320963541666
0,0.03607597202062607,0.9222025275230408,0.5277882814407349,0.028422037760416668,0.0
0,0.015420287847518921,0.7507355809211731,0.16304126381874084,0.003916422526041667,0.0
0,0.20188729465007782,0.9923043847084045,0.9465966820716858,0.2750956217447917,0.0
0,0.27531567215919495,0.9822876453399658,0.9593809843063354,0.3556315104166667,0.13007609049479166
0,0.17777933180332184,0.9859904050827026,0.9438672661781311,0.228515625,0.0491943359375
0,0.031914081424474716,0.9105454087257385,0.464685320854187,0.027506510416666668,0.0
0,0.005158173851668835,0.4666632413864136,0.05098814517259598,0.0003560384114583333,0.0
0,0.09814918786287308,0.9748690724372864,0.9082881808280945,0.11742146809895833,0.0
0,0.36280885338783264,0.996434211730957,0.9840936064720154,0.4336140950520833,0.460235595703125
0,0.20893307030200958,0.9953904151916504,0.9752489924430847,0.269317626953125,0.14630126953125
0,0.08442357927560806,0.9701269268989563,0.7640123963356018,0.10616048177083333,0.0
0,0.02358408272266388,0.9556514620780945,0.5584164261817932,0.021474202473958332,0.0
0,0.09016051143407822,0.974190354347229,0.9401335716247559,0.09901936848958333,0.0
0,0.17495739459991455,0.997739315032959,0.963230550289154,0.21152750651041666,0.0
0,0.11485054343938828,0.9758545756340027,0.9276259541511536,0.14213053385416666,0.0
0,0.1023016944527626,0.9834068417549133,0.9353464841842651,0.116058349609375,0.0
0,0.009263072162866592,0.682044506072998,0.1536761373281479,0.0032755533854166665,0.0
0,0.04263022169470787,0.9657707214355469,0.8653379082679749,0.042226155598958336,0.0
0,0.10037484019994736,0.9800149202346802,0.9038048982620239,0.12467447916666667,0.0
0,0.11824852973222733,0.9954615235328674,0.9773694276809692,0.13927205403645834,0.034464518229166664
0,0.01694384776055813,0.929568350315094,0.2949221730232239,0.011474609375,0.0
0,0.38392189145088196,0.9971771240234375,0.9918743968009949,0.4282023111979167,0.3828531901041667
0,0.041403401643037796,0.9752018451690674,0.8365545868873596,0.047953287760416664,0.0
0,0.06505084037780762,0.9902161359786987,0.9230391979217529,0.068695068359375,0.0
0,0.03260163962841034,0.9914886951446533,0.709019124507904,0.032368977864583336,0.0
0,0.1014791950583458,0.9809855818748474,0.9224823713302612,0.133392333984375,0.0
0,0.09934141486883163,0.9915544390678406,0.9458011984825134,0.11803181966145833,0.0
0,0.06490769237279892,0.974531888961792,0.8083654642105103,0.08144124348958333,0.0
0,0.22199946641921997,0.9914224743843079,0.9650533199310303,0.2726338704427083,0.17472330729166666
0,0.014148875139653683,0.9470881819725037,0.39899173378944397,0.015187581380208334,0.0
0,0.12738798558712006,0.9885804057121277,0.9657061100006104,0.14063517252604166,0.1319580078125
0,0.058385077863931656,0.9685006141662598,0.8533025979995728,0.070587158203125,0.0
0,0.06236302852630615,0.9908744096755981,0.8985832929611206,0.06965128580729167,0.0
0,0.08097418397665024,0.9798997044563293,0.8528093099594116,0.08500162760416667,0.0
0,0.12025737017393112,0.9925682544708252,0.9518632292747498,0.15439860026041666,0.0
0,0.12431222200393677,0.9972955584526062,0.9690910577774048,0.14658610026041666,0.0
0,0.025121964514255524,0.9129031896591187,0.40608924627304077,0.020426432291666668,0.0
0,0.025339819490909576,0.9670388102531433,0.6339259147644043,0.022979736328125,0.0
0,0.022997314110398293,0.9599877595901489,0.8031691312789917,0.020843505859375,0.0
0,0.06439228355884552,0.9806919097900391,0.8540345430374146,0.07514444986979167,0.0
0,0.014991067349910736,0.7902066707611084,0.22796913981437683,0.007253011067708333,0.0
0,0.022253520786762238,0.9263036847114563,0.5092155933380127,0.022745768229166668,0.0
0,0.387540727853775,0.9968641400337219,0.9857729077339172,0.48876953125,0.609222412109375
0,0.17284803092479706,0.9991864562034607,0.9856629967689514,0.210296630859375,0.056976318359375
0,0.14583395421504974,0.9862046241760254,0.9470881819725037,0.18375651041666666,0.043660481770833336
0,0.10861104726791382,0.9949199557304382,0.898944079875946,0.13094075520833334,0.0
0,0.18488645553588867,0.9884918928146362,0.9541348218917847,0.22662353515625,0.1097412109375
0,0.02283097803592682,0.9001793265342712,0.37363696098327637,0.0167236328125,0.0
0,0.030811229720711708,0.9726754426956177,0.8719084858894348,0.031361897786458336,0.0
0,0.05085552856326103,0.9852713346481323,0.8735322952270508,0.055440266927083336,0.0
0,0.06409871578216553,0.9524857997894287,0.8333246111869812,0.07688395182291667,0.0
0,0.03085372783243656,0.8014700412750244,0.34279149770736694,0.018310546875,0.0
0,0.06805524230003357,0.9772841930389404,0.8639664649963379,0.089569091796875,0.0
0,0.024342356249690056,0.9832144975662231,0.6082945466041565,0.02337646484375,0.0
0,0.04379307106137276,0.9510514140129089,0.7892336845397949,0.050994873046875,0.0
0,0.09848646074533463,0.9828891754150391,0.907967209815979,0.12781778971354166,0.0
0,0.16189627349376678,0.9199306964874268,0.793901264667511,0.24467976888020834,0.0
0,0.007038410287350416,0.3547683358192444,0.0606372132897377,0.00020345052083333334,0.0
0,0.06839481741189957,0.9832144975662231,0.941439151763916,0.074981689453125,0.0
0,0.1386830061674118,0.9892232418060303,0.9621075391769409,0.187225341796875,0.0
0,0.0610044002532959,0.9822195768356323,0.8623481392860413,0.07269287109375,0.0
0,0.04311731830239296,0.9486324787139893,0.8140527606010437,0.049560546875,0.0
0,0.009407012723386288,0.5455278754234314,0.0844927504658699,0.000244140625,0.0
0,0.0005341087817214429,0.06878729909658432,0.007431773468852043,0.0,0.0
0,0.05158721283078194,0.9649873375892639,0.8220377564430237,0.0477294921875,0.0
0,0.010367854498326778,0.6336370706558228,0.14619813859462738,0.0036417643229166665,0.0
0,0.011242277920246124,0.822474479675293,0.13172735273838043,0.002655029296875,0.0
0,0.14745546877384186,0.9767580628395081,0.9147487282752991,0.196380615234375,0.0
0,0.0069504124112427235,0.77167147397995,0.10248421877622604,0.002471923828125,0.0
0,0.011621084064245224,0.7375364303588867,0.1881657987833023,0.005025227864583333,0.0
0,0.010489314794540405,0.9624620079994202,0.23809105157852173,0.009165445963541666,0.0
0,0.033365920186042786,0.9483462572097778,0.6074303388595581,0.036020914713541664,0.0
0,0.007187559735029936,0.7750945687294006,0.09859366714954376,0.0033162434895833335,0.0
0,0.023981967940926552,0.9485372304916382,0.5876153707504272,0.024088541666666668,0.0
0,0.03365635126829147,0.9724147915840149,0.7595822811126709,0.035868326822916664,0.0
0,0.1261448711156845,0.9859364032745361,0.9448931217193604,0.15669759114583334,0.0
0,0.055357661098241806,0.9780097603797913,0.8971559405326843,0.065460205078125,0.0
0,0.036733221262693405,0.9976310729980469,0.6881510019302368,0.039215087890625,0.0
0,0.0041015781462192535,0.4818043112754822,0.04655127227306366,0.0002848307291666667,0.0
0,0.07769406586885452,0.9991204142570496,0.9290551543235779,0.09090169270833333,0.0
0,0.04340745508670807,0.9837850332260132,0.8258665204048157,0.057851155598958336,0.0
0,0.009720582515001297,0.6925380229949951,0.12241511046886444,0.0028788248697916665,0.0
0,0.00763823464512825,0.7892336845397949,0.0938439592719078,0.0031331380208333335,0.0
0,0.03678764030337334,0.969956636428833,0.7116193175315857,0.034474690755208336,0.0
0,0.08823844790458679,0.9889278411865234,0.9686771035194397,0.10756429036458333,0.08693440755208333
0,0.027677377685904503,0.974821150302887,0.7010902762413025,0.030934651692708332,0.0
0,0.004321253392845392,0.8109285235404968,0.056966383010149,0.0017293294270833333,0.0
0,0.002256897045299411,0.14045411348342896,0.019419347867369652,0.0,0.0
0,0.03066127933561802,0.9674102663993835,0.6434413194656372,0.028828938802083332,0.0
0,0.18093250691890717,0.9828891754150391,0.9398029446601868,0.233184814453125,0.0
0,0.05750136449933052,0.9942697286605835,0.8846385478973389,0.068115234375,0.0
0,0.02127760648727417,0.9558166265487671,0.5759965181350708,0.0240478515625,0.0
0,0.04564398527145386,0.9754835963249207,0.8036319017410278,0.049458821614583336,0.0
0,0.08015540987253189,0.9942250847816467,0.967099130153656,0.090179443359375,0.0
0,0.019122233614325523,0.9816655516624451,0.44936060905456543,0.016713460286458332,0.0
0,0.0005588768399320543,0.029535338282585144,0.005865338258445263,0.0,0.0
0,0.0034361856523901224,0.447973370552063,0.04958902671933174,0.000274658203125,0.0
0,0.1217658594250679,0.9956176280975342,0.9525741338729858,0.12691666666666668,0.03616041666666667
0,0.21808038651943207,0.9945730566978455,0.9558166265487671,0.27417643229166666,0.28630208333333335
0,0.1519560068845749,0.9960082769393921,0.937322199344635,0.18776448567708334,0.0
0,0.00815602671355009,0.960212230682373,0.20339089632034302,0.008246575342465753,0.0
0,0.03078901208937168,0.9794329404830933,0.6504684090614319,0.03256164383561644,0.0
0,0.20754742622375488,0.9892648458480835,0.9490118622779846,0.26425824175824175,0.0
0,0.2438649982213974,0.9984632730484009,0.9939024448394775,0.2876509769094139,0.15955595026642985
0,0.16163784265518188,0.9964203834533691,0.9816303849220276,0.18881782945736433,0.05689922480620155
0,0.12403594702482224,0.995866060256958,0.9291837811470032,0.16571629213483147,0.0
0,0.5552772879600525,0.996292769908905,0.9837225079536438,0.697474074074074,0.8612407407407408
0,0.2330344319343567,0.9975177049636841,0.9795114994049072,0.2923738005840634,0.13835419274092617
0,0.0012546356301754713,0.17328819632530212,0.01572399213910103,0.0,0.0
0,0.0511307455599308,0.9919067621231079,0.8283731341362,0.05578493023480909,0.0
0,0.11956574022769928,0.9992175102233887,0.9648551344871521,0.1363848648267597,0.0
0,0.1641187220811844,0.9934101700782776,0.9635748267173767,0.19658000525220692,0.015797022402682666
0,0.06527955085039139,0.9969005584716797,0.9105454087257385,0.07836041666666667,0.0
0,0.17458759248256683,0.9859364032745361,0.911337673664093,0.23694418386491556,0.0
0,0.12828125059604645,0.9994428753852844,0.9857181310653687,0.142603550295858,0.0
0,0.20390944182872772,0.9959927201271057,0.969613254070282,0.24942083333333334,0.18126458333333334
0,0.08268055319786072,0.9989012479782104,0.9687971472740173,0.09310028653295128,0.0
0,0.002053426578640938,0.5360093116760254,0.022158870473504066,0.0005848930481283422,0.0
0,0.370397686958313,0.9936116337776184,0.9788343906402588,0.454315185546875,0.5170186360677084
0,0.13357028365135193,0.9852146506309509,0.948055624961853,0.164154052734375,0.0
0,0.04982423782348633,0.9800912737846375,0.7947037816047668,0.055440266927083336,0.0
0,0.003324587130919099,0.48656025528907776,0.027954399585723877,0.000213623046875,0.0
0,0.07713410258293152,0.9865199327468872,0.8967949151992798,0.089111328125,0.0
0,0.0724712684750557,0.9732915163040161,0.9056565761566162,0.084869384765625,0.0
0,0.008308378048241138,0.9323301911354065,0.12012261152267456,0.00262451171875,0.0
0,0.05563784018158913,0.9763556718826294,0.9293083548545837,0.06413777669270833,0.0
0,0.04205770418047905,0.9898695349693298,0.7997506260871887,0.047495524088541664,0.0
0,0.006765550468116999,0.869714617729187,0.11162799596786499,0.0021769205729166665,0.0
0,0.12787528336048126,0.9870795607566833,0.9515913724899292,0.15804036458333334,0.10979207356770833
0,0.03675534948706627,0.9921537041664124,0.9095814824104309,0.041646321614583336,0.0
0,0.036521781235933304,0.9230391979217529,0.48990103602409363,0.03558349609375,0.0
0,0.03825677931308746,0.9322068691253662,0.49379703402519226,0.0279541015625,0.0
0,0.05588572099804878,0.9958011507987976,0.8461930155754089,0.06556193033854167,0.0
0,0.0007519974024035037,0.09451042115688324,0.008283627219498158,0.0,0.0
0,0.017519881948828697,0.9827572107315063,0.41555094718933105,0.014902750651041666,0.0
0,0.10311738401651382,0.9887554049491882,0.9253649115562439,0.12053426106770833,0.0
0,0.009720582515001297,0.6925380229949951,0.12241511046886444,0.0028788248697916665,0.0
0,0.018948117271065712,0.8918110132217407,0.44651496410369873,0.018157958984375,0.0
0,0.006917349528521299,0.6598436236381531,0.06681232899427414,0.0015157063802083333,0.0
0,0.014158699661493301,0.9076402187347412,0.1899624913930893,0.007110595703125,0.0
0,0.050174206495285034,0.9900250434875488,0.9329400062561035,0.052886962890625,0.0
0,0.028900377452373505,0.9570375084877014,0.5423155426979065,0.028147379557291668,0.0
0,0.030322670936584473,0.9907320141792297,0.7620701193809509,0.021697998046875,0.0
0,0.010522283613681793,0.9534487724304199,0.2206781655550003,0.007588704427083333,0.0
0,0.1194886788725853,0.9790357351303101,0.9069782495498657,0.14970906575520834,0.0
0,0.07702385634183884,0.9913892149925232,0.9303317666053772,0.091827392578125,0.0
0,0.01051581185311079,0.19513355195522308,0.05490385368466377,0.0,0.0
0,0.006067110691219568,0.38647398352622986,0.04279974475502968,3.0517578125e-05,0.0
0,0.024036817252635956,0.9362850189208984,0.5697168111801147,0.02703857421875,0.0
0,0.017867565155029297,0.9046505093574524,0.367951363325119,0.015492757161458334,0.0
0,0.004578897729516029,0.2635993957519531,0.04569203034043312,0.0,0.0
0,0.02243984490633011,0.9744833707809448,0.6108545660972595,0.017598470052083332,0.0
0,0.008760146796703339,0.6988435387611389,0.12635010480880737,0.0022379557291666665,0.0
0,0.03358128294348717,0.9793145656585693,0.636339545249939,0.029520670572916668,0.0
0,0.04038267955183983,0.9611709713935852,0.7962924242019653,0.04486083984375,0.0
0,0.009001937694847584,0.8366879820823669,0.08772000670433044,0.0028889973958333335,0.0
0,0.011241626925766468,0.94629967212677,0.16761478781700134,0.005706787109375,0.0
0,0.010108117945492268,0.7749242186546326,0.12939944863319397,0.0023193359375,0.0
0,0.001766340690664947,0.03832197189331055,0.016029147431254387,0.0,0.0
0,0.0009902153396978974,0.044431429356336594,0.010735162533819675,0.0,0.0
0,0.05879703164100647,0.9789553880691528,0.8628112077713013,0.06419881184895833,0.0
0,0.011378302238881588,0.8177201151847839,0.1382254958152771,0.004201253255208333,0.0
0,0.09925683587789536,0.9618934392929077,0.8916224837303162,0.12812296549479166,0.0
0,0.02383328787982464,0.9378969073295593,0.6011803150177002,0.029215494791666668,0.0
0,0.08542847633361816,0.9942920207977295,0.952747642993927,0.09229532877604167,0.0
0,0.2240140438079834,0.9928231239318848,0.9806548357009888,0.283477783203125,0.08415730794270833
0,0.3277711868286133,0.9947391152381897,0.9846936464309692,0.4185587565104167,0.2796834309895833
0,0.008838769048452377,0.8017807006835938,0.19192370772361755,0.005910237630208333,0.0
0,0.006454035174101591,0.7188905477523804,0.079348623752594,0.0015869140625,0.0
0,0.026456007733941078,0.9523086547851562,0.6940798163414001,0.029317220052083332,0.0
0,0.03503921627998352,0.9897116422653198,0.6978899836540222,0.0284423828125,0.0
0,0.11365485936403275,0.9943581223487854,0.9725714921951294,0.1368408203125,0.0
0,0.03162438049912453,0.7472472190856934,0.5003172159194946,0.035776774088541664,0.0
0,0.23861069977283478,0.9940658807754517,0.978425920009613,0.3153788248697917,0.20183308919270834
0,0.03261134773492813,0.9722570776939392,0.7884154319763184,0.034016927083333336,0.0
0,0.017617706209421158,0.9293122291564941,0.27038097381591797,0.010050455729166666,0.0
0,0.06382628530263901,0.9669140577316284,0.8128628730773926,0.07126871744791667,0.0
0,0.06479059159755707,0.9636433720588684,0.7713271975517273,0.07044474283854167,0.0
0,0.08777714520692825,0.999189555644989,0.929560661315918,0.10761515299479167,0.0
0,0.06902134418487549,0.9672868847846985,0.8497182130813599,0.07355753580729167,0.0
0,0.033151548355817795,0.756717324256897,0.40450742840766907,0.038604736328125,0.0
0,0.08237554132938385,0.8925625681877136,0.7318258881568909,0.13191731770833334,0.0
0,0.002094802912324667,0.12074951827526093,0.022457052022218704,0.0,0.0
0,0.007653045002371073,0.5960217118263245,0.17092275619506836,0.0030517578125,0.0
0,0.010084313340485096,0.8583627939224243,0.27230313420295715,0.0101318359375,0.0
0,0.037881944328546524,0.9482505321502686,0.8551267385482788,0.041035970052083336,0.0
0,0.02728077955543995,0.6203916072845459,0.31215712428092957,0.016123453776041668,0.0
0,0.002681933343410492,0.25478699803352356,0.0289789829403162,0.0,0.0
0,0.009061740711331367,0.6921219825744629,0.1709144562482834,0.004160563151041667,0.0
0,0.013767358846962452,0.9693241715431213,0.5626373291015625,0.016001383463541668,0.0
0,0.029014742001891136,0.9570375084877014,0.7742421627044678,0.038553873697916664,0.0
0,0.00278506800532341,0.40927985310554504,0.046378206461668015,0.00018310546875,0.0
0,0.029870877042412758,0.9883127808570862,0.8723440766334534,0.02862548828125,0.0
0,0.017689835280179977,0.9217811226844788,0.40873983502388,0.021840413411458332,0.0
0,0.015080480836331844,0.7521946430206299,0.19898247718811035,0.006724039713541667,0.0
0,0.013656956143677235,0.9097468256950378,0.35846197605133057,0.012746175130208334,0.0
0,0.14915300905704498,0.9841545820236206,0.925499677658081,0.20154825846354166,0.0
0,0.1164349913597107,0.9592307209968567,0.9017477631568909,0.16026814778645834,0.0
0,0.008278743363916874,0.8539127111434937,0.12315455079078674,0.005706787109375,0.0
0,0.052210211753845215,0.9691494703292847,0.8940516710281372,0.06561279296875,0.05340576171875
0,0.05499424412846565,0.9493886232376099,0.8083654642105103,0.073028564453125,0.0
0,0.03798506781458855,0.9868786931037903,0.9446893334388733,0.045908610026041664,0.021097819010416668
0,0.0038152094930410385,0.5877065062522888,0.10612788051366806,0.001953125,0.0
0,0.0016896348679438233,0.5519661903381348,0.0362882986664772,0.0002644856770833333,0.0
0,0.002940850332379341,0.9223425984382629,0.05791489779949188,0.0020955403645833335,0.0
0,0.0049993544816970825,0.31732046604156494,0.0832919254899025,6.103515625e-05,0.0
0,0.3527951240539551,0.9965969920158386,0.9858275651931763,0.4372020833333333,0.4419854166666667
0,0.1231146901845932,0.8960696458816528,0.669204592704773,0.15189866666666665,0.0
0,0.11674701422452927,0.9986646175384521,0.9921832084655762,0.13323974609375,0.04278564453125
0,0.04725029692053795,0.998492956161499,0.8399966359138489,0.055104573567708336,0.0
0,0.03447142615914345,0.9765800833702087,0.7532797455787659,0.039794921875,0.0
0,0.04070952534675598,0.9840936064720154,0.8613050580024719,0.047536214192708336,0.0
0,0.0543440617620945,0.9895108342170715,0.8645393252372742,0.06273396809895833,0.0
0,0.03383972495794296,0.9875683188438416,0.822293221950531,0.03533935546875,0.0
0,0.3646956980228424,0.9970991611480713,0.9901782274246216,0.4125264485677083,0.4264628092447917
0,0.036711473017930984,0.8951566815376282,0.5021954774856567,0.04508611111111111,0.0
0,0.011507787741720676,0.9713473320007324,0.41265031695365906,0.01588611111111111,0.0
0,0.00020442742970772088,0.06108710914850235,0.0034970103297382593,0.0,0.0
0,0.0028021649923175573,0.22388572990894318,0.02442355640232563,0.0,0.0
0,0.049041423946619034,0.8384153246879578,0.5323643684387207,0.060166015625,0.0
0,0.0008288286626338959,0.12885363399982452,0.007260865531861782,0.0,0.0
0,0.003606949932873249,0.8381505608558655,0.04115288704633713,0.0009095479683714978,0.0
0,4.3161500798305497e-05,0.007785655092447996,0.0008231386309489608,0.0,0.0
0,0.021846922114491463,0.9862046241760254,0.46029219031333923,0.022551304904246082,0.0
0,0.023890485987067223,0.9682013392448425,0.5343722701072693,0.022737630208333335,0.0
0,0.020717764273285866,0.9908744096755981,0.4893229901790619,0.019105077928607342,0.0
0,0.029538627713918686,0.9929881691932678,0.632401704788208,0.02528451940216646,0.0
0,0.017834322527050972,0.9779677391052246,0.48589015007019043,0.018323567708333332,0.0
0,0.028738349676132202,0.9970190525054932,0.8419569730758667,0.02901875,0.0
0,0.07364701479673386,0.9923043847084045,0.8724561333656311,0.08209942084942085,0.009469111969111968
0,0.028405766934156418,0.9967648983001709,0.6892010569572449,0.033127083333333335,0.0
0,0.040891822427511215,0.9383503198623657,0.5472233295440674,0.03841650671785029,0.0
0,0.02824382483959198,0.9925103187561035,0.8071568012237549,0.02901151631477927,0.0
0,0.02165679633617401,0.9867261648178101,0.45871296525001526,0.01822936660268714,0.0
0,0.30968138575553894,0.9969485402107239,0.9712384939193726,0.38900879917184267,0.40422619047619046
0,0.01790892705321312,0.9752489924430847,0.18506188690662384,0.007282818532818533,0.0
0,0.01003306731581688,0.845432698726654,0.04672495648264885,0.0016916023166023166,0.0
0,0.7293536067008972,0.996570348739624,0.9873262047767639,0.8598769305019305,0.944051640926641
0,0.03533405810594559,0.9486324787139893,0.6069644689559937,0.05509090909090909,0.0
0,0.03329971432685852,0.9900636076927185,0.8907721042633057,0.042036134212790364,0.0
0,0.026602521538734436,0.8303191661834717,0.33747750520706177,0.018991787029170207,0.0
0,0.0064309281297028065,0.9049869179725647,0.13341522216796875,0.0035555555555555557,0.0
0,0.001523517188616097,0.07263670861721039,0.01572399213910103,0.0,0.0
0,0.2550335228443146,0.9972207546234131,0.9829546809196472,0.34391007255783995,0.3252221517777174
0,0.0704936608672142,0.998816728591919,0.9723102450370789,0.06440329218106997,0.013639689071787838
0,0.1220204159617424,0.9946568012237549,0.9385759830474854,0.16431184270690444,0.16361225422953818
0,0.23906897008419037,0.9959298968315125,0.9753900170326233,0.3109190476190476,0.23727619047619047
0,0.03549724072217941,0.998245358467102,0.9167096018791199,0.036968036529680365,0.0
0,0.139255553483963,0.9960699081420898,0.9694979190826416,0.13049500454132607,0.0
0,0.05335849151015282,0.9818056225776672,0.8733229041099548,0.056958904109589044,0.0
0,0.1739519238471985,0.9962638020515442,0.9562273025512695,0.2021467391304348,0.0526268115942029
0,0.18847765028476715,0.979393482208252,0.9241418242454529,0.24005516115055162,0.0
0,0.12974320352077484,0.9824230670928955,0.9389128684997559,0.1677537796136179,0.06590354838333275
0,0.3249494731426239,0.9921537041664124,0.9690910577774048,0.40800104301202317,0.38141238495292185
0,0.3002678155899048,0.9911182522773743,0.9653158187866211,0.39637538864342986,0.38130238731613303
0,0.14779415726661682,0.9976494908332825,0.9736446738243103,0.17393479254481742,0.038850236148494234
0,0.20283590257167816,0.9951702952384949,0.9816303849220276,0.24582243153671726,0.1279783708355137
0,0.0510796494781971,0.9883127808570862,0.7947579026222229,0.05394833817274479,0.0
0,0.15360218286514282,0.9954082369804382,0.9882676005363464,0.18050130208333334,0.138458251953125
0,0.08095630258321762,0.9701269268989563,0.9312127232551575,0.10292561848958333,0.0836181640625
0,0.14431056380271912,0.9773275852203369,0.9388007521629333,0.18785603841145834,0.030008951822916668
0,0.163605198264122,0.9635748267173767,0.7730399370193481,0.26513671875,0.0
0,0.006454180460423231,0.10913478583097458,0.03926875442266464,0.0,0.0
0,0.03779890760779381,0.9805060625076294,0.8103063702583313,0.046295166015625,0.0
0,0.02984795533120632,0.9233161807060242,0.5004869699478149,0.036122639973958336,0.0
0,0.033151548355817795,0.756717324256897,0.40450742840766907,0.038604736328125,0.0
0,0.08237554132938385,0.8925625681877136,0.7318258881568909,0.13191731770833334,0.0
0,0.006955252494663,0.7788175344467163,0.10410695523023605,0.00347900390625,0.0
0,0.001307787373661995,0.03574581444263458,0.01342825498431921,0.0,0.0
0,0.02961019240319729,0.9039745330810547,0.5961962938308716,0.03631591796875,0.0
0,0.048216331750154495,0.6671476364135742,0.45446768403053284,0.035237630208333336,0.0
0,0.07175669074058533,0.9858275651931763,0.867260754108429,0.09712727864583333,0.0
0,0.03964432701468468,0.966092050075531,0.6357743740081787,0.045562744140625,0.0
0,0.06297481805086136,0.966092050075531,0.8940516710281372,0.0843505859375,0.027140299479166668
0,0.009466957300901413,0.7884203195571899,0.20995035767555237,0.007700602213541667,0.0
0,0.0013143880059942603,0.1114344596862793,0.022158870473504066,0.0,0.0
0,0.004521565977483988,0.9392480850219727,0.10229933261871338,0.0031941731770833335,0.0
0,0.002761317417025566,0.3579040765762329,0.04008736088871956,0.00042724609375,0.0
0,0.001797682954929769,0.17866909503936768,0.021822823211550713,0.0,0.0
0,0.21586959064006805,0.9904775619506836,0.9649873375892639,0.2700297037760417,0.19624837239583334
0,0.07163360714912415,0.9868786931037903,0.9382373094558716,0.09364827473958333,0.0
0,0.05009208619594574,0.9069831967353821,0.6813028454780579,0.067962646484375,0.0
0,0.049928393214941025,0.807612419128418,0.4602237045764923,0.032928466796875,0.0
0,0.03604961931705475,0.9619649052619934,0.6824615597724915,0.040903727213541664,0.0
0,0.10092762857675552,0.9944666028022766,0.9759923219680786,0.123046875,0.07988484700520833
0,0.07528679817914963,0.9860442876815796,0.9524831175804138,0.09379069010416667,0.059244791666666664
0,0.10264226794242859,0.9761291742324829,0.8881781101226807,0.120574951171875,0.0
0,0.00710290065035224,0.6102211475372314,0.11337721347808838,0.0012308756510416667,0.0
0,0.018172509968280792,0.7947037816047668,0.3171026408672333,0.014068603515625,0.0
0,0.023246265947818756,0.8694931268692017,0.5003987550735474,0.022623697916666668,0.0
0,0.0440431647002697,0.9785903096199036,0.9320833086967468,0.053314208984375,0.0
0,0.17516595125198364,0.974531888961792,0.9304582476615906,0.24564615885416666,0.0
0,0.05140639469027519,0.8299059271812439,0.510575532913208,0.048675537109375,0.0
0,0.021010952070355415,0.939024806022644,0.501765251159668,0.022908528645833332,0.0
0,0.005646911915391684,0.6555565595626831,0.10194652527570724,0.0038045247395833335,0.0
0,0.0020529846660792828,0.060863446444272995,0.015543648041784763,0.0,0.0
0,0.02379070781171322,0.8068526387214661,0.2756052017211914,0.010325113932291666,0.0
0,0.029231928288936615,0.8451772928237915,0.5197106599807739,0.026611328125,0.0
0,0.09965088963508606,0.9530133008956909,0.8639664649963379,0.13515218098958334,0.0
0,0.10285075753927231,0.9516838788986206,0.9039745330810547,0.143646240234375,0.07696533203125
0,0.008207752369344234,0.6455669403076172,0.14223189651966095,0.00299072265625,0.0
0,0.007436709478497505,0.6846858263015747,0.11596072465181351,0.0010986328125,0.0
0,0.006330469623208046,0.3762792944908142,0.060860101133584976,0.000274658203125,0.0
0,0.003733597695827484,0.11576064676046371,0.02909075655043125,0.0,0.0
0,0.0008497479720972478,0.11008788645267487,0.01069375779479742,0.0,0.0
0,0.005585603415966034,0.5794599056243896,0.08344116806983948,0.0009358723958333334,0.0
0,0.12045130878686905,0.9222025275230408,0.8390718102455139,0.15704345703125,0.0
0,0.18908804655075073,0.9781354665756226,0.9376689791679382,0.24329630533854166,0.22478230794270834
0,0.10815083235502243,0.9735442399978638,0.9370923638343811,0.15459187825520834,0.051228841145833336
0,0.007690096739679575,0.5796384215354919,0.10650458931922913,0.0009969075520833333,0.0
0,0.001674300990998745,0.037326887249946594,0.0140095679089427,0.0,0.0
0,0.11022020131349564,0.9657707214355469,0.9252299070358276,0.14817301432291666,0.06492106119791667
0,0.02508707158267498,0.9150528311729431,0.6103355884552002,0.030792236328125,0.0
0,0.0019361762097105384,0.3048688769340515,0.020527787506580353,5.0862630208333336e-05,0.0
0,0.006780613213777542,0.9800149202346802,0.07004514336585999,0.00714111328125,0.0
0,0.0011426443234086037,0.02849004603922367,0.009268012829124928,0.0,0.0
0,0.02524239383637905,0.8112277984619141,0.38012248277664185,0.031483968098958336,0.0
0,0.029062718152999878,0.9092645049095154,0.643325924873352,0.02978515625,0.0
0,0.08447729796171188,0.996434211730957,0.9053223133087158,0.117034912109375,0.10355631510416667
0,0.054127901792526245,0.9875203371047974,0.8443974256515503,0.07562255859375,0.0
0,0.01771312579512596,0.8321002125740051,0.1999274492263794,0.006296793619791667,0.0
0,0.09021509438753128,0.9736947417259216,0.937325656414032,0.10738118489583333,0.08610026041666667
0,0.00891671422868967,0.6326162815093994,0.12645792961120605,0.0019938151041666665,0.0
0,0.005313509609550238,0.40863069891929626,0.14281433820724487,0.001251220703125,0.0
0,0.017073580995202065,0.9701834917068481,0.6899265050888062,0.021820068359375,0.0
0,0.01080036535859108,0.9522199034690857,0.24889366328716278,0.009521484375,0.0
0,0.06571131944656372,0.9743860960006714,0.8085121512413025,0.06800333658854167,0.0
0,0.0025841614697128534,0.40621405839920044,0.04377273842692375,0.00010172526041666667,0.0
0,0.03826093301177025,0.8931231498718262,0.5690691471099854,0.057952880859375,0.0
0,0.0027712432201951742,0.23388130962848663,0.030733928084373474,0.0,0.0
0,0.011343161575496197,0.34334173798561096,0.12421301752328873,0.0002848307291666667,0.0
0,0.011410876177251339,0.9497627019882202,0.2009996473789215,0.00811767578125,0.0
0,0.06210201978683472,0.8615382313728333,0.5532035827636719,0.06901041666666667,0.0
0,0.013507351279258728,0.8949732184410095,0.39396601915359497,0.013173421223958334,0.0
0,0.0020011786837130785,0.09089675545692444,0.022889839485287666,0.0,0.0
0,0.015561546199023724,0.9082930684089661,0.4630727767944336,0.019419352213541668,0.0
0,0.008837833069264889,0.7627776861190796,0.1141708493232727,0.0014241536458333333,0.0
0,0.007559032645076513,0.954647421836853,0.16518467664718628,0.007212320963541667,0.0
0,0.0015782638220116496,0.29675614833831787,0.01342825498431921,0.00010172526041666667,0.0
0,0.003454069374129176,0.07237401604652405,0.02876158617436886,0.0,0.0
0,0.06306573003530502,0.9071478247642517,0.6173955798149109,0.06364949544270833,0.0
0,0.008239873684942722,0.7981867790222168,0.1917768269777298,0.006551106770833333,0.0
0,0.0014979047700762749,0.5785672664642334,0.015247589908540249,0.00019327799479166666,0.0
0,0.00031220130040310323,0.017917344346642494,0.005511934403330088,0.0,0.0
0,0.015910616144537926,0.7444706559181213,0.23952718079090118,0.008331298828125,0.0
0,0.0802602469921112,0.9682613611221313,0.8159579634666443,0.11814371744791667,0.0
0,0.0011628398206084967,0.09518112242221832,0.01384861022233963,0.0,0.0
0,0.045057665556669235,0.9487276077270508,0.749454140663147,0.058237711588541664,0.0
0,0.0020688956137746572,0.21683956682682037,0.028167473152279854,0.0,0.0
0,0.003410937264561653,0.5711089372634888,0.03574581444263458,0.0009969075520833333,0.0
0,0.01574915088713169,0.9596109390258789,0.28367915749549866,0.010793050130208334,0.0
0,0.001104051829315722,0.060863446444272995,0.011732463724911213,0.0,0.0
0,0.0025277321692556143,0.9121235609054565,0.038536328822374344,0.0009358723958333334,0.0
0,0.0034220225643366575,0.2078571617603302,0.05582314357161522,0.0,0.0
0,0.009061740711331367,0.6921219825744629,0.1709144562482834,0.004160563151041667,0.0
0,0.0014264235505834222,0.05877655744552612,0.009485713206231594,0.0,0.0
0,0.0027482497971504927,0.11961366981267929,0.020844316110014915,0.0,0.0
0,0.0011591247748583555,0.052134253084659576,0.013171949423849583,0.0,0.0
0,0.008390422910451889,0.49081525206565857,0.19436782598495483,0.0033772786458333335,0.0
0,0.003505093976855278,0.22695492208003998,0.04560694471001625,0.0,0.0
0,0.0005581997102126479,0.013273886404931545,0.004943689331412315,0.0,0.0
0,0.0072722970508039,0.9249592423439026,0.1926775574684143,0.007476806640625,0.0
0,0.0011941775446757674,0.026255300268530846,0.010735162533819675,0.0,0.0
0,0.012365818955004215,0.8683809638023376,0.23810698091983795,0.008717854817708334,0.0
0,0.002147482940927148,0.06572466343641281,0.016657039523124695,0.0,0.0
0,0.0016175532946363091,0.06644792854785919,0.01646427996456623,0.0,0.0
0,0.06360393017530441,0.9822876453399658,0.9027811288833618,0.0830078125,0.0
0,0.015298404730856419,0.8068526387214661,0.2549724876880646,0.009175618489583334,0.0
0,0.03539370372891426,0.9806919097900391,0.8329132199287415,0.048207600911458336,0.0
0,0.03448100388050079,0.9273633360862732,0.603567361831665,0.035685221354166664,0.0
0,0.0011280025355517864,0.034293949604034424,0.013171949423849583,0.0,0.0
0,0.01564282923936844,0.9875683188438416,0.6792818307876587,0.020182291666666668,0.0
0,0.002476682886481285,0.22422528266906738,0.057384371757507324,0.0,0.0
0,0.17742794752120972,0.9931228756904602,0.9764904975891113,0.21331787109375,0.14213053385416666
0,0.007511913310736418,0.7540104389190674,0.10393037647008896,0.004618326822916667,0.0
0,0.0004851246776524931,0.677047073841095,0.0053426343947649,0.00011189778645833333,0.0
0,0.01614411175251007,0.9775000214576721,0.4041834771633148,0.012440999348958334,0.0
0,0.08320062607526779,0.9675945043563843,0.9141329526901245,0.10750325520833333,0.0
0,0.0005845580599270761,0.04138471931219101,0.008445627056062222,0.0,0.0
0,0.0011378905037418008,0.08509904891252518,0.013955711387097836,0.0,0.0
0,0.00043963591451756656,0.04586266353726387,0.007907291874289513,0.0,0.0
0,0.007507178466767073,0.3069423735141754,0.10894505679607391,0.00011189778645833333,0.0
0,0.060899633914232254,0.9743860960006714,0.9094254970550537,0.07917277018229167,0.0
0,0.011102836579084396,0.9639838933944702,0.2624579071998596,0.009623209635416666,0.0
0,0.0008711887639947236,0.6811968088150024,0.009820655919611454,0.00030517578125,0.0
0,0.010169695131480694,0.7267166376113892,0.14854057133197784,0.003173828125,0.0
0,0.0009921258315443993,0.16331195831298828,0.016783559694886208,0.0,0.0
0,0.007876535877585411,0.6004226207733154,0.17314834892749786,0.004435221354166667,0.0
0,0.010721404105424881,0.9354645609855652,0.3274499773979187,0.011423746744791666,0.0
0,0.017431462183594704,0.8293538093566895,0.38989144563674927,0.019378662109375,0.0
0,0.014788643456995487,0.9848692417144775,0.8748276829719543,0.016245524088541668,0.0
0,0.00841893907636404,0.8858291506767273,0.20370754599571228,0.007212320963541667,0.0
0,0.03679303824901581,0.9916519522666931,0.9264369606971741,0.038553873697916664,0.0
0,0.006688566878437996,0.6517983078956604,0.10284407436847687,0.002655029296875,0.0
0,0.0009907061466947198,0.16224727034568787,0.00959534291177988,0.0,0.0
0,0.007133180741220713,0.8787311315536499,0.08693236112594604,0.005930582682291667,0.0
0,0.06071580946445465,0.9647224545478821,0.9110215306282043,0.07106526692708333,0.043741861979166664
0,0.011110027320683002,0.8951566815376282,0.24435758590698242,0.008931477864583334,0.0
0,0.006300229579210281,0.21617697179317474,0.052811093628406525,0.0,0.0
0,0.0018291365122422576,0.05877655744552612,0.01861780323088169,0.0,0.0
0,0.004028791561722755,0.25183168053627014,0.06779313087463379,0.0,0.0
0,0.0012478717835620046,0.03327394276857376,0.012241275049746037,0.0,0.0
0,0.002106040483340621,0.24256430566310883,0.02203226462006569,0.0,0.0
0,0.00032140768598765135,0.01609087362885475,0.0036076169926673174,0.0,0.0
0,0.008923918940126896,0.9111796617507935,0.17009404301643372,0.005940755208333333,0.0
0,0.0011971044586971402,0.038756195455789566,0.011687257327139378,0.0,0.0
0,0.0325130820274353,0.9401335716247559,0.5977234840393066,0.040964762369791664,0.0
0,0.013022835366427898,0.7038548588752747,0.20102782547473907,0.006144205729166667,0.0
0,0.002783378819003701,0.08540366590023041,0.028167473152279854,0.0,0.0
0,0.01925201527774334,0.6414223909378052,0.3849630355834961,0.024098714192708332,0.0
0,0.00026998238172382116,0.010368157178163528,0.0026010938454419374,0.0,0.0
0,0.07432184368371964,0.9769787192344666,0.7981820702552795,0.08030192057291667,0.0
0,0.0006215798784978688,0.02280263788998127,0.0059571536257863045,0.0,0.0
0,0.0175095796585083,0.8184467554092407,0.3209117650985718,0.013102213541666666,0.0
0,0.000828057061880827,0.026105914264917374,0.008412977680563927,0.0,0.0
0,0.0015346690779551864,0.09089675545692444,0.018869254738092422,0.0,0.0
0,0.0031707182060927153,0.7228206396102905,0.03488088399171829,0.00019327799479166666,0.0
0,0.06384128332138062,0.9466953873634338,0.779316782951355,0.09771728515625,0.0
0,0.0007900223135948181,0.13432106375694275,0.014337030239403248,0.0,0.0
0,0.024146175011992455,0.9729852676391602,0.570086658000946,0.025136311848958332,0.0
0,0.0008094834047369659,0.04352813959121704,0.009019234217703342,0.0,0.0
0,0.032760925590991974,0.9660280346870422,0.6692867279052734,0.028432210286458332,0.0
0,0.07069081813097,0.925094723701477,0.7433487176895142,0.07048543294270833,0.0
0,0.07422681152820587,0.815966784954071,0.5492780208587646,0.0604248046875,0.0
0,0.0022056084126234055,0.3053865134716034,0.02748069353401661,2.0345052083333332e-05,0.0
0,0.010627110488712788,0.6573184728622437,0.10875558853149414,0.002166748046875,0.0
0,0.003806784749031067,0.18315489590168,0.036977555602788925,0.0,0.0
0,0.001439757994376123,0.20545557141304016,0.01778039149940014,0.0,0.0
0,0.03627835214138031,0.9618217349052429,0.8420699238777161,0.027974446614583332,0.0
0,0.0010305781615898013,0.040616780519485474,0.014615669846534729,0.0,0.0
0,0.018146907910704613,0.9082930684089661,0.49478253722190857,0.022389729817708332,0.0
0,0.0009844599990174174,0.03926875442266464,0.011072159744799137,0.0,0.0
0,0.01609313115477562,0.8699357509613037,0.29869282245635986,0.011678059895833334,0.0
0,0.025827184319496155,0.9233161807060242,0.7492707371711731,0.031656901041666664,0.0
0,0.04656204208731651,0.8427337408065796,0.6447811126708984,0.073822021484375,0.0
0,0.000951299152802676,0.13240234553813934,0.018582148477435112,0.0,0.0
0,0.006966514978557825,0.5868780016899109,0.19790446758270264,0.0038859049479166665,0.0
0,0.015396452508866787,0.8558511734008789,0.21222713589668274,0.0072021484375,0.0
0,0.0011034911731258035,0.07463503628969193,0.011331754736602306,0.0,0.0
0,0.007368959952145815,0.8784186244010925,0.10856642574071884,0.00457763671875,0.0
0,0.04954984784126282,0.8701565861701965,0.6694077849388123,0.051289876302083336,0.0
0,0.027791647240519524,0.9995575547218323,0.40362387895584106,0.018707275390625,0.0
0,0.0004701940342783928,0.01778039149940014,0.003389783203601837,0.0,0.0
0,0.09494636207818985,0.9750121831893921,0.8680456876754761,0.11798095703125,0.0
0,0.0157037153840065,0.7826625108718872,0.227469339966774,0.008076985677083334,0.0
0,0.03962826356291771,0.9620362520217896,0.689723789691925,0.045013427734375,0.0
0,0.013121496886014938,0.895339846611023,0.3850208520889282,0.014668782552083334,0.0
0,0.11957690119743347,0.9954791069030762,0.9652484059333801,0.14549763997395834,0.0
0,0.03797066584229469,0.9767580628395081,0.8321002125740051,0.04290771484375,0.0
0,0.006512457504868507,0.8703770637512207,0.08240149915218353,0.00469970703125,0.0
0,0.08899050951004028,0.9886682629585266,0.9189178347587585,0.11722819010416667,0.0
0,0.04426196590065956,0.9617499113082886,0.7723538875579834,0.054616292317708336,0.0
0,0.07498558610677719,0.981979250907898,0.9048188328742981,0.08197021484375,0.0
0,0.0076522515155375,0.5070986747741699,0.07949570566415787,0.0006306966145833334,0.0
0,0.004343653563410044,0.8374870419502258,0.051749542355537415,0.0012105305989583333,0.0
0,0.021875351667404175,0.7452130317687988,0.31289148330688477,0.013254801432291666,0.0
0,0.0028609922155737877,0.37805718183517456,0.03649376332759857,0.00018310546875,0.0
0,0.02197263576090336,0.9515040516853333,0.6492317914962769,0.025410970052083332,0.0
0,0.010559218935668468,0.4981107711791992,0.07821886986494064,0.0009256998697916666,0.0
0,0.0533110536634922,0.9881765246391296,0.8987665772438049,0.060770670572916664,0.0
0,0.007463326212018728,0.7803279161453247,0.15674534440040588,0.003997802734375,0.0
0,0.10614792257547379,0.9828891754150391,0.9077939391136169,0.13285319010416666,0.0
0,0.1833055019378662,0.9947595000267029,0.972933828830719,0.224029541015625,0.0
0,0.0479607917368412,0.9951702952384949,0.9071478247642517,0.050608317057291664,0.0
0,0.07331907004117966,0.9543930292129517,0.7541860938072205,0.08466593424479167,0.0
0,0.07810278981924057,0.9995344877243042,0.8910549879074097,0.09343465169270833,0.0
0,0.14278516173362732,0.9935368895530701,0.9724670648574829,0.1741943359375,0.03863525390625
0,0.0004354040138423443,0.017576880753040314,0.004736749455332756,0.0,0.0
0,0.003402066184207797,0.19513355195522308,0.030675798654556274,0.0,0.0
0,0.004234082065522671,0.9197867512702942,0.05780205875635147,0.0045166015625,0.0
0,0.25555968284606934,0.999713122844696,0.996160626411438,0.3060099283854167,0.3656514485677083
0,0.05838492512702942,0.9964893460273743,0.9230391979217529,0.059987386067708336,0.0
0,0.11148043721914291,0.9797453284263611,0.8495984673500061,0.134656,0.0
0,0.12987226247787476,0.9753431081771851,0.8227594494819641,0.13965866666666665,0.0
0,0.03569610416889191,0.9769347906112671,0.6088859438896179,0.032272,0.0
0,0.01802567020058632,0.9015746116638184,0.22901752591133118,0.008490666666666667,0.0
0,0.02222035825252533,0.9571177959442139,0.3777007460594177,0.015421549479166666,0.0
0,0.12133727222681046,0.9971990585327148,0.9711290597915649,0.13191731770833334,0.0
0,0.010074201971292496,0.9989098310470581,0.2959497272968292,0.010250651041666666,0.0
0,0.05160553380846977,0.9972423315048218,0.9082930684089661,0.05025416666666667,0.0
0,0.540682852268219,0.9987503290176392,0.9947186708450317,0.637331013916501,0.7374229622266402
0,0.06132225692272186,0.982624351978302,0.8781053423881531,0.06995,0.0
0,0.12296082079410553,0.9579908847808838,0.858244001865387,0.16826666666666668,0.09702083333333333
0,0.15206389129161835,0.9719393253326416,0.8344069123268127,0.19990597893119275,0.0
0,0.29945439100265503,0.9984869956970215,0.9885210990905762,0.3503297830190878,0.22965483487542826
0,0.11522039771080017,0.9970421195030212,0.9547319412231445,0.13563088512241053,0.0
0,0.053649548441171646,0.9889278411865234,0.9046521782875061,0.048808837656099904,0.0
0,0.07732551544904709,0.9949396848678589,0.929736852645874,0.06304119500525149,0.0
0,0.19750076532363892,0.99703049659729,0.9797840118408203,0.2353314606741573,0.05724719101123595
0,0.14574792981147766,0.9824904799461365,0.9368651509284973,0.17679320113314448,0.0
0,0.09759952872991562,0.9922143816947937,0.8872045874595642,0.11412571428571429,0.0
0,0.13310089707374573,0.9978001713752747,0.991355836391449,0.14808872305140963,0.06900082918739635
0,0.0035862077493220568,0.35365137457847595,0.0427221953868866,5.3908355795148246e-05,0.0
0,0.008163860067725182,0.813164234161377,0.10613343864679337,0.0021311475409836068,0.0
0,0.2783709466457367,0.9968024492263794,0.954308032989502,0.3831935817805383,0.23625776397515527
0,0.6566253304481506,0.9987207055091858,0.9933846592903137,0.7645320197044335,0.9545812807881774
0,0.01837104745209217,0.9194981455802917,0.2784539461135864,0.010320197044334975,0.0
0,0.028131995350122452,0.9589241147041321,0.4771590232849121,0.028970223325062036,0.0
0,0.16925710439682007,0.9922744631767273,0.9571978449821472,0.21301980198019801,0.031736798679867985
0,0.0067883082665503025,0.8790429830551147,0.06916356831789017,0.0014156378600823046,0.0
0,0.23064152896404266,0.9999285936355591,0.9848692417144775,0.25112203112203113,0.2206265356265356
0,0.40159767866134644,0.9947186708450317,0.975669801235199,0.5187399579780002,0.6690561529271206
0,0.5290488004684448,0.9953181147575378,0.9856629967689514,0.6635333454250093,0.6478562247159113
0,0.0421399362385273,0.9834704995155334,0.791036069393158,0.04652845396516283,0.0
0,0.16462498903274536,0.9956005811691284,0.95735764503479,0.20128125,0.05458333333333333
0,0.2582138478755951,0.9876639246940613,0.9490118622779846,0.3454621227397997,0.09990723936277475
0,0.1301363855600357,0.9972423315048218,0.9427180886268616,0.15212924158442612,0.0
0,0.08549148589372635,0.9906237721443176,0.9349913001060486,0.10600643382352941,0.0
0,0.08968444913625717,0.9627432227134705,0.7781439423561096,0.1014399293286219,0.0
0,0.015017363242805004,0.9846936464309692,0.45482808351516724,0.01399153194765204,0.0
0,0.5262594223022461,0.9958337545394897,0.9857181310653687,0.640285840182386,0.7511772707243711
0,0.002633618423715234,0.1696808636188507,0.01923426054418087,0.0,0.0
0,0.0559474341571331,0.9908389449119568,0.8591918349266052,0.05724441569788883,0.0
0,0.0012150887632742524,0.47918379306793213,0.011551334522664547,5.0862630208333336e-05,0.0
0,0.10248442739248276,0.9728823304176331,0.8640778064727783,0.12848917643229166,0.0
0,0.31462952494621277,0.9984869956970215,0.9842759370803833,0.3992716471354167,0.38507080078125
0,0.24614496529102325,0.9883578419685364,0.9460012316703796,0.331298828125,0.21919759114583334
0,0.11661982536315918,0.9792749285697937,0.9284088015556335,0.13904825846354166,0.060709635416666664
0,0.11524248123168945,0.9697281122207642,0.9118099808692932,0.14560953776041666,0.0
0,0.3566242754459381,0.9916841983795166,0.9726234674453735,0.461578369140625,0.5936381022135416
0,0.02491655945777893,0.929440438747406,0.5987228751182556,0.023193359375,0.0
0,0.2003839612007141,0.9906960725784302,0.9581479430198669,0.2605489095052083,0.196319580078125
0,0.06897764652967453,0.9664104580879211,0.8657925128936768,0.079803466796875,0.0
0,0.14890161156654358,0.9849274158477783,0.9439706206321716,0.17945353190104166,0.0
0,0.12676413357257843,0.9989677667617798,0.9528355598449707,0.1607666015625,0.0
0,0.12417527288198471,0.9921841025352478,0.9650533199310303,0.14000447591145834,0.11890665690104167
0,0.08493068814277649,0.9548162817955017,0.8349378108978271,0.10455322265625,0.0
0,0.19488848745822906,0.9897909760475159,0.9584600329399109,0.24013264973958334,0.0
0,0.030247388407588005,0.9231777787208557,0.461743026971817,0.025380452473958332,0.0
0,0.057058412581682205,0.986929178237915,0.8272664546966553,0.061960856119791664,0.0
0,0.053431957960128784,0.9212159514427185,0.7394223809242249,0.05865478515625,0.0
0,0.49864503741264343,0.9956516623497009,0.987177312374115,0.6077880859375,0.6413370768229166
0,0.1370987445116043,0.9953363537788391,0.9554024338722229,0.17325846354166666,0.0
0,0.006197288632392883,0.7767922878265381,0.12874406576156616,0.004994710286458333,0.0
0,0.1534329205751419,0.9973165392875671,0.9531880021095276,0.188446044921875,0.0
0,0.28468838334083557,0.9928786158561707,0.9714558720588684,0.3577779134114583,0.31378173828125
0,0.15858009457588196,0.9870296716690063,0.9427180886268616,0.19337972005208334,0.0
0,0.044899940490722656,0.9813465476036072,0.8493361473083496,0.043162027994791664,0.0
0,0.011593802832067013,0.7371581792831421,0.08419108390808105,0.0010274251302083333,0.0
0,0.19852782785892487,0.9907320141792297,0.9693241715431213,0.248779296875,0.11604817708333333
0,0.2715040445327759,0.9918121099472046,0.9718325734138489,0.351409912109375,0.2757670084635417
0,0.09408367425203323,0.9801293015480042,0.9214990139007568,0.10359700520833333,0.0
0,0.23984664678573608,0.986929178237915,0.95735764503479,0.3125406901041667,0.0
0,0.17921249568462372,0.9898303151130676,0.9149009585380554,0.23890177408854166,0.0
0,0.28199562430381775,0.9846936464309692,0.9490118622779846,0.3677876790364583,0.235931396484375
0,0.04962153732776642,0.9793145656585693,0.8822190165519714,0.044932047526041664,0.0
0,0.11572936922311783,0.973993182182312,0.8733229041099548,0.14432779947916666,0.0
0,0.2737117409706116,0.9928786158561707,0.9734434485435486,0.3475341796875,0.22752888997395834
0,0.010422821156680584,0.7257458567619324,0.12137299031019211,0.0022379557291666665,0.0
0,0.0689113438129425,0.9851003289222717,0.8987665772438049,0.068389892578125,0.0
0,0.10218188911676407,0.997368335723877,0.9519526958465576,0.11711629231770833,0.0
0,0.20101098716259003,0.9932025074958801,0.9720456600189209,0.24761962890625,0.21577962239583334
0,0.12539272010326385,0.9778834581375122,0.9015746116638184,0.16064453125,0.0
0,0.08313225954771042,0.9664738178253174,0.8653379082679749,0.100494384765625,0.0
0,0.04908309876918793,0.9845753908157349,0.6438523530960083,0.043060302734375,0.0
0,0.1174507737159729,0.967777669429779,0.8866168856620789,0.14534505208333334,0.0
0,0.09506712108850479,0.9732407331466675,0.859184741973877,0.12384033203125,0.0
0,0.09933789819478989,0.9821512699127197,0.9438672661781311,0.12202962239583333,0.10444132486979167
0,0.14596237242221832,0.990767776966095,0.9589986801147461,0.17685953776041666,0.0
0,0.04782969877123833,0.95123291015625,0.7088116407394409,0.0357666015625,0.0
0,0.35297515988349915,0.9899086952209473,0.9690910577774048,0.4807535807291667,0.4013773600260417
0,0.09419561177492142,0.9879462122917175,0.9433444142341614,0.11033121744791667,0.0
0,0.02666459046304226,0.6124835014343262,0.2078571617603302,0.006174723307291667,0.0
0,0.17538517713546753,0.9857729077339172,0.9601374864578247,0.22035725911458334,0.0
0,0.05907467380166054,0.9743860960006714,0.8521953225135803,0.06965128580729167,0.0
0,0.13800166547298431,0.9571177959442139,0.8680423498153687,0.18056233723958334,0.0
0,0.23585538566112518,0.9736947417259216,0.9359345436096191,0.3141682942708333,0.09678141276041667
0,0.02741941623389721,0.9190633296966553,0.4198840260505676,0.020762125651041668,0.0
0,0.07601319998502731,0.9758545756340027,0.8854275941848755,0.08392333984375,0.0
0,0.036375742405653,0.9460012316703796,0.6725435853004456,0.041188557942708336,0.0
0,0.08199413865804672,0.9681411385536194,0.7498207092285156,0.08928426106770833,0.0
0,0.004100106190890074,0.4332619309425354,0.05975658819079399,0.0004475911458333333,0.0
0,0.04982937499880791,0.9613164663314819,0.7476103901863098,0.059926350911458336,0.0
0,0.07875452935695648,0.997188150882721,0.9608027338981628,0.093841552734375,0.0
0,0.12562920153141022,0.9853842854499817,0.9359345436096191,0.15636189778645834,0.0
0,0.0026338461320847273,0.08093671500682831,0.018761081621050835,0.0,0.0
0,0.014931939542293549,0.3440025746822357,0.05749328061938286,6.103515625e-05,0.0
0,0.0571364164352417,0.9796287417411804,0.8269913792610168,0.062154134114583336,0.0
0,0.10600274801254272,0.9973785877227783,0.9318356513977051,0.13206990559895834,0.0
0,0.0897570252418518,0.9290551543235779,0.8213309049606323,0.12502034505208334,0.0
0,0.07583069801330566,0.9900250434875488,0.9569571614265442,0.0880126953125,0.0
0,0.18775887787342072,0.9989098310470581,0.9870795607566833,0.21846516927083334,0.0
0,0.10135073214769363,0.9866748452186584,0.9361648559570312,0.12242635091145833,0.0
0,0.11353256553411484,0.9763556718826294,0.9135177135467529,0.14902750651041666,0.0
0,0.21319039165973663,0.9966233968734741,0.9689150452613831,0.2656962076822917,0.0703125
0,0.4214303195476532,0.9916519522666931,0.9770651459693909,0.53167724609375,0.704345703125
0,0.007290305104106665,0.9398029446601868,0.17426970601081848,0.005055745442708333,0.0
0,0.1282913237810135,0.953880250453949,0.8373541235923767,0.16603597005208334,0.0
0,0.16670101881027222,0.9720456600189209,0.9196425676345825,0.22798665364583334,0.0
0,0.20796622335910797,0.9865199327468872,0.9440707564353943,0.2727457682291667,0.0
0,0.08626070618629456,0.9767136573791504,0.8871987462043762,0.11444091796875,0.0
0,0.040550798177719116,0.9499486684799194,0.7308664917945862,0.038309733072916664,0.0
0,0.06614472717046738,0.9735442399978638,0.8901033401489258,0.08305867513020833,0.0
0,0.08450094610452652,0.9768908023834229,0.8687154054641724,0.11469523111979167,0.0
0,0.15457503497600555,0.9987887740135193,0.9853278994560242,0.18171183268229166,0.0
0,0.027738159522414207,0.9240047931671143,0.5561850666999817,0.029490152994791668,0.0
0,0.0386781208217144,0.9806548357009888,0.7916552424430847,0.039998372395833336,0.0
0,0.28070273995399475,0.9940428137779236,0.9618934392929077,0.3642578125,0.0
0,0.015388485044240952,0.8755743503570557,0.31256723403930664,0.011973063151041666,0.0
0,0.034735485911369324,0.9400236010551453,0.5543151497840881,0.030832926432291668,0.0
0,0.016478678211569786,0.993854820728302,0.27912548184394836,0.01025390625,0.0
0,0.09670275449752808,0.9874721169471741,0.9019206762313843,0.12041219075520833,0.0
0,0.016979144886136055,0.9655115008354187,0.4870744049549103,0.015309651692708334,0.0
0,0.15421389043331146,0.9809125065803528,0.9434518814086914,0.20032755533854166,0.0
0,0.030993975698947906,0.9810945987701416,0.5455783605575562,0.028228759765625,0.0
0,0.04103224352002144,0.9809125065803528,0.6353356242179871,0.035268147786458336,0.0
0,0.015376410447061062,0.9722570776939392,0.501327395439148,0.015411376953125,0.0
0,0.006547134835273027,0.4758945107460022,0.07409726083278656,0.0008748372395833334,0.0
0,0.09157172590494156,0.9832144975662231,0.9374367594718933,0.10054524739583333,0.0
0,0.38089922070503235,0.9966885447502136,0.9900636076927185,0.461151123046875,0.3810323079427083
0,0.006019181106239557,0.9923341274261475,0.0468120314180851,0.004831949869791667,0.0
0,0.018596233800053596,0.8912444114685059,0.3810468018054962,0.0166015625,0.0
0,0.32350942492485046,0.998095691204071,0.9892648458480835,0.379241943359375,0.3844401041666667
0,0.008289060555398464,0.9159594178199768,0.1452329158782959,0.007598876953125,0.0
0,0.06098257005214691,0.9765353798866272,0.8140483498573303,0.07118733723958333,0.0
0,0.008814011700451374,0.6270381808280945,0.09636001288890839,0.0024210611979166665,0.0
0,0.0019415909191593528,0.03252822160720825,0.014728614129126072,0.0,0.0
0,0.2999374568462372,0.9923043847084045,0.9678366780281067,0.4049173990885417,0.0
0,0.15351466834545135,0.9846346974372864,0.9439675211906433,0.19469197591145834,0.0
0,0.05577161908149719,0.9330658316612244,0.6169358491897583,0.061330159505208336,0.0
0,0.08169316500425339,0.9608049392700195,0.8438912630081177,0.09650675455729167,0.0
0,0.010144006460905075,0.9690324664115906,0.07329727709293365,0.006245930989583333,0.0
0,0.05330929160118103,0.9916519522666931,0.6824584007263184,0.047281901041666664,0.0
0,0.0014700470492243767,0.04655127227306366,0.015424554236233234,0.0,0.0
0,0.051007699221372604,0.9314625263214111,0.7153186202049255,0.056711832682291664,0.0
0,0.08234693855047226,0.9950562715530396,0.9472806453704834,0.09840901692708333,0.0
0,0.024328187108039856,0.9647224545478821,0.48657533526420593,0.019704182942708332,0.0
0,0.08330389857292175,0.934634268283844,0.7530982494354248,0.09931437174479167,0.0
0,0.033780310302972794,0.969613254070282,0.6957237124443054,0.027984619140625,0.0
0,0.005317145958542824,0.7747538685798645,0.06512754410505295,0.0020751953125,0.0
0,0.007858258672058582,0.9092645049095154,0.12950947880744934,0.006459554036458333,0.0
0,0.031613390892744064,0.9941347241401672,0.7978577613830566,0.027781168619791668,0.0
0,0.0019718774128705263,0.31837916374206543,0.016721144318580627,2.0345052083333332e-05,0.0
0,0.004006292205303907,0.08678673207759857,0.022542964667081833,0.0,0.0
0,0.008806335739791393,0.9313377141952515,0.13060778379440308,0.005889892578125,0.0
0,0.20819564163684845,0.9918121099472046,0.9645892381668091,0.26702880859375,0.07930501302083333
0,0.010150354355573654,0.9616780281066895,0.21255384385585785,0.008015950520833334,0.0
0,0.2224208265542984,0.968020498752594,0.9175984263420105,0.3101704915364583,0.0
0,0.010845053941011429,0.7232117056846619,0.17837835848331451,0.005839029947916667,0.0
0,0.059563860297203064,0.9786311388015747,0.7446507811546326,0.08033243815104167,0.0
0,0.0037653709296137094,0.25552940368652344,0.04069295525550842,0.0,0.0
0,0.018119972199201584,0.3642120361328125,0.06941168755292892,0.00017293294270833334,0.0
0,0.2064274400472641,0.975296139717102,0.9410068988800049,0.262969970703125,0.0
0,0.07270211726427078,0.9686195850372314,0.8629302382469177,0.08470662434895833,0.0
0,0.005440171808004379,0.17823956906795502,0.04885777831077576,0.0,0.0
0,0.1970221996307373,0.9893062710762024,0.956063449382782,0.23613484700520834,0.20558675130208334
0,0.0024030322674661875,0.08819004148244858,0.02595735713839531,0.0,0.0
0,0.020724358037114143,0.9878058433532715,0.5907720923423767,0.021464029947916668,0.0
0,0.019958456978201866,0.8927496671676636,0.326034277677536,0.01385498046875,0.0
0,0.031028226017951965,0.9965435862541199,0.9187678694725037,0.035542805989583336,0.0
0,0.026333654299378395,0.9455001950263977,0.6297746300697327,0.026926676432291668,0.0
0,0.04138990864157677,0.9192084670066833,0.5282734632492065,0.038838704427083336,0.0
0,0.07411786168813705,0.9891815781593323,0.8717993497848511,0.08821614583333333,0.0
0,0.17082636058330536,0.9874721169471741,0.9544754028320312,0.2091064453125,0.17450968424479166
0,0.0784013494849205,0.9727790951728821,0.9209277629852295,0.09128824869791667,0.0
0,0.08942810446023941,0.9785082340240479,0.8887588381767273,0.103790283203125,0.0
0,0.01065074186772108,0.72652268409729,0.14644944667816162,0.0035196940104166665,0.0
0,0.0016573829343542457,0.07409726083278656,0.014842418022453785,0.0,0.0
0,0.015491965226829052,0.675550639629364,0.113973468542099,0.0018310546875,0.0
0,0.06296352297067642,0.9599877595901489,0.6766198873519897,0.06798299153645833,0.0
0,0.24127618968486786,0.982624351978302,0.9544779658317566,0.3076985677083333,0.273895263671875
0,0.02862233854830265,0.9517735838890076,0.7488981485366821,0.036244710286458336,0.0
0,0.009915805421769619,0.9939261078834534,0.1245320737361908,0.008585611979166666,0.0
0,0.062365803867578506,0.9909797310829163,0.9366336464881897,0.066162109375,0.0
0,0.02500763349235058,0.9609517455101013,0.6219325065612793,0.019521077473958332,0.0
0,0.034152399748563766,0.9925682544708252,0.8772666454315186,0.028279622395833332,0.0
0,0.005571262910962105,0.44863760471343994,0.05654813349246979,0.00014241536458333334,0.0
0,0.052134741097688675,0.9791954755783081,0.8810019493103027,0.061665852864583336,0.0
0,0.19512563943862915,0.9922143816947937,0.9759923219680786,0.23874918619791666,0.104278564453125
0,0.14044559001922607,0.9801293015480042,0.9192084670066833,0.19097900390625,0.0
0,0.061789464205503464,0.9830850958824158,0.8499637246131897,0.07204182942708333,0.0
0,0.0008504033903591335,0.13741667568683624,0.012147169560194016,0.0,0.0
0,0.11875458806753159,0.9932550191879272,0.9540517926216125,0.14857991536458334,0.0
0,0.014536089263856411,0.8824278712272644,0.3433384299278259,0.013956705729166666,0.0
0,0.018473932519555092,0.954562783241272,0.4009803831577301,0.015940348307291668,0.0
0,0.21041512489318848,0.9893062710762024,0.9567152261734009,0.283538818359375,0.041748046875
0,0.06319726258516312,0.9931495785713196,0.963711678981781,0.07062784830729167,0.0
0,0.15880315005779266,0.9820137619972229,0.9353464841842651,0.207672119140625,0.0
0,0.040847908705472946,0.9532750844955444,0.7501814365386963,0.04150390625,0.0
0,0.016046348959207535,0.8906751871109009,0.3595721423625946,0.014068603515625,0.0
0,0.07988474518060684,0.9812749028205872,0.9502266049385071,0.087738037109375,0.0
0,0.09461545199155807,0.9948603510856628,0.9322068691253662,0.11192830403645833,0.0
0,0.13329489529132843,0.9926826357841492,0.9492005109786987,0.164794921875,0.0
0,0.0014960136031731963,0.3801259398460388,0.01640303246676922,7.120768229166667e-05,0.0
0,0.04153841361403465,0.896251380443573,0.5011905431747437,0.036478678385416664,0.0
0,0.0050002275966107845,0.4547748267650604,0.08709216862916946,0.0004984537760416666,0.0
0,0.0051557584665715694,0.5033378005027771,0.05738753825426102,0.000701904296875,0.0
0,0.003615638008341193,0.24944725632667542,0.04208536818623543,0.0,0.0
0,0.030218347907066345,0.9342753291130066,0.5156232714653015,0.025227864583333332,0.0
0,0.036889053881168365,0.925499677658081,0.7518303990364075,0.04266357421875,0.0
0,0.01109388004988432,0.6826794743537903,0.10800064355134964,0.0013020833333333333,0.0
0,0.002545051509514451,0.0972188413143158,0.026353850960731506,0.0,0.0
0,0.04567689821124077,0.9569571614265442,0.7115221619606018,0.047719319661458336,0.0
0,0.0068108453415334225,0.6499119400978088,0.05942494794726372,0.0031636555989583335,0.0
0,0.1672033816576004,0.989591658115387,0.9395782351493835,0.21449788411458334,0.0
0,0.1486365795135498,0.995354413986206,0.9701251983642578,0.18705240885416666,0.0
0,0.0470605343580246,0.987129271030426,0.8585929274559021,0.05499267578125,0.0
0,0.032506342977285385,0.9339146018028259,0.6089411973953247,0.036509195963541664,0.0
0,0.031678706407547,0.873214840888977,0.36999091506004333,0.017262776692708332,0.0
0,0.10819432884454727,0.9818752408027649,0.9015746116638184,0.12920125325520834,0.0
0,0.2448393702507019,0.9956005811691284,0.9635748267173767,0.3100484212239583,0.20393880208333334
0,0.0018725671106949449,0.042642392218112946,0.014559519477188587,0.0,0.0
0,0.0021977415308356285,0.13341522216796875,0.020844316110014915,0.0,0.0
0,0.0038269732613116503,0.21452681720256805,0.04031117260456085,0.0,0.0
0,0.0183669812977314,0.9474782943725586,0.6139311790466309,0.020456949869791668,0.0
0,0.011843476444482803,0.5312702059745789,0.21733753383159637,0.004872639973958333,0.0
0,0.005850182380527258,0.8836382627487183,0.11536139249801636,0.004048665364583333,0.0
0,0.5059878826141357,0.9986698627471924,0.9942244291305542,0.6209513346354166,0.7197977701822916
0,0.06978455930948257,0.9330658316612244,0.7595769166946411,0.08492024739583333,0.0
0,0.026658544316887856,0.9826908707618713,0.7296103239059448,0.026255289713541668,0.0
0,0.037240248173475266,0.9905508756637573,0.8654516339302063,0.042205810546875,0.0
0,0.006092288997024298,0.09807931631803513,0.03796369582414627,0.0,0.0
0,0.0029088754672557116,0.85500568151474,0.037467505782842636,0.00103759765625,0.0
0,0.0024201441556215286,0.2927974760532379,0.04410091042518616,1.0172526041666666e-05,0.0
0,0.010997306555509567,0.9282788634300232,0.33851101994514465,0.011637369791666666,0.0
0,0.008275573141872883,0.8080672025680542,0.20024001598358154,0.007100423177083333,0.0
0,0.01673964038491249,0.879767894744873,0.33741527795791626,0.015380859375,0.0
0,0.057291094213724136,0.8879840970039368,0.599007248878479,0.073974609375,0.0
0,0.004944385960698128,0.30404168367385864,0.11576064676046371,0.0003763834635416667,0.0
0,0.012258462607860565,0.7781439423561096,0.19852058589458466,0.005910237630208333,0.0
0,0.05404826998710632,0.9702962636947632,0.8862236142158508,0.057362874348958336,0.0
0,0.004383631516247988,0.7673413753509521,0.0799255296587944,0.0010477701822916667,0.0
0,0.009774826467037201,0.9941800832748413,0.1695145219564438,0.008860270182291666,0.0
0,0.02944752760231495,0.9921537041664124,0.9468920826911926,0.032613118489583336,0.0
0,0.0016910713165998459,0.07696083933115005,0.018725160509347916,0.0,0.0
0,0.0033067993354052305,0.39940160512924194,0.04867657274007797,0.00010172526041666667,0.0
0,0.007621628697961569,0.9687971472740173,0.09351231157779694,0.004811604817708333,0.0
0,0.009722214192152023,0.7444706559181213,0.31604304909706116,0.012532552083333334,0.0
0,0.002531870501115918,0.07211221009492874,0.022371459752321243,0.0,0.0
0,0.0022510970011353493,0.05802474543452263,0.02178117074072361,0.0,0.0
0,0.002515756292268634,0.9591543078422546,0.027531372383236885,0.002105712890625,0.0
0,0.0007455768063664436,0.0401625856757164,0.007876706309616566,0.0,0.0
0,0.007518682163208723,0.9393594861030579,0.16652356088161469,0.006429036458333333,0.0
0,0.006871603894978762,0.8611882925033569,0.10176784545183182,0.0024820963541666665,0.0
0,0.09342579543590546,0.9979888200759888,0.9628131985664368,0.11298110047593306,0.02915222437752409
0,0.2182685136795044,0.9958337545394897,0.9720456600189209,0.25637592592592595,0.18936296296296296
0,0.014768258668482304,0.9777563810348511,0.7132329344749451,0.01729129129129129,0.0
0,0.08322297781705856,0.9909797310829163,0.9012274742126465,0.10036214192708333,0.0
0,0.1851850003004074,0.9977743029594421,0.9848109483718872,0.21522189349112425,0.16857248520710058
0,0.3682078719139099,0.9968641400337219,0.9791557192802429,0.4650641025641026,0.3948348126232742
0,0.02035454474389553,0.9839090704917908,0.32060855627059937,0.012497902097902098,0.0
0,0.013693469576537609,0.9902538657188416,0.37662312388420105,0.01525058275058275,0.0
0,0.015990115702152252,0.9928508996963501,0.5647059082984924,0.020804195804195805,0.0
0,0.004549545701593161,0.9991135001182556,0.009670992381870747,0.004697447662747347,0.0
0,0.008147165179252625,0.9755303859710693,0.17838265001773834,0.007823691460055097,0.0
0,0.012049258686602116,0.9892232418060303,0.35992753505706787,0.01190215407082877,0.0
0,0.024627096951007843,0.934035062789917,0.2758118808269501,0.010821643286573146,0.0
0,0.010750414803624153,0.9682613611221313,0.2045007199048996,0.007550665894614939,0.0
0,0.1525498330593109,0.996434211730957,0.9374402165412903,0.15602708333333334,0.0
0,0.041020385921001434,0.9723097085952759,0.6914973258972168,0.032641584733156766,0.0
0,0.003909986466169357,0.8870089650154114,0.04958902671933174,9.950248756218905e-05,0.0
0,0.0046811760403215885,0.7229183912277222,0.07055959850549698,0.0005016583747927032,0.0
0,0.001735191559419036,0.9599877595901489,0.010013570077717304,0.0017495854063018241,0.0
0,0.003546703839674592,0.9223425984382629,0.07107366621494293,0.003772802653399668,0.0
0,0.04306144267320633,0.891999363899231,0.46393176913261414,0.050207296849087896,0.0
0,0.014075303450226784,0.8536689877510071,0.37034040689468384,0.017835820895522388,0.0
0,0.001157677615992725,0.27659282088279724,0.018833130598068237,1.0172526041666666e-05,0.0
0,0.006313341204077005,0.8875949382781982,0.110465407371521,0.005839029947916667,0.0
0,0.0008130308124236763,0.03561141714453697,0.00877809152007103,0.0,0.0
0,0.012069213204085827,0.9591543078422546,0.2658747434616089,0.009857177734375,0.0
0,0.0005529872723855078,0.08344116806983948,0.006744989659637213,0.0,0.0
0,0.04537220299243927,0.8949732184410095,0.6176279783248901,0.051920572916666664,0.0
0,0.0017118762480095029,0.879871129989624,0.010986942797899246,0.00177001953125,0.0
0,0.1129717230796814,0.9783433079719543,0.9193490743637085,0.14448038736979166,0.0
0,0.0014223853358998895,0.6462370157241821,0.016721144318580627,0.0003560384114583333,0.0
0,0.02867051027715206,0.9832144975662231,0.9118099808692932,0.030181884765625,0.0
0,0.002338355639949441,0.7980294823646545,0.04352570325136185,0.00091552734375,0.0
0,0.000950497982557863,0.18742996454238892,0.01196109689772129,0.0,0.0
0,0.01413810532540083,0.9529258608818054,0.5319297313690186,0.019429524739583332,0.0
0,0.002110881032422185,0.5856344699859619,0.02178117074072361,0.00013224283854166666,0.0
0,0.0010822417680174112,0.07211221009492874,0.017045317217707634,0.0,0.0
0,0.07911667972803116,0.9732915163040161,0.8570517301559448,0.111785888671875,0.0
0,0.09861356019973755,0.9905874133110046,0.9587699174880981,0.11958821614583333,0.06932576497395833
0,0.06413545459508896,0.9816303849220276,0.8645393252372742,0.07468668619791667,0.0
0,0.08661368489265442,0.9860442876815796,0.9449946880340576,0.10245768229166667,0.0543212890625
0,0.025991609320044518,0.9672868847846985,0.3675529658794403,0.013692220052083334,0.0
0,0.013185075484216213,0.9482505321502686,0.21272224187850952,0.007090250651041667,0.0
0,0.016862696036696434,0.9610249400138855,0.4045039117336273,0.015553792317708334,0.0
0,0.09075745940208435,0.9864678382873535,0.9177460074424744,0.10411580403645833,0.0
0,0.05076425150036812,0.998835027217865,0.9846346974372864,0.05401611328125,0.0
0,0.03978893533349037,0.9664738178253174,0.7308664917945862,0.0416259765625,0.0
0,0.016307173296809196,0.9891815781593323,0.532529354095459,0.012736002604166666,0.0
0,0.012056800536811352,0.8031737804412842,0.167763352394104,0.0035400390625,0.0
0,0.009833917953073978,0.7450275421142578,0.13072536885738373,0.0013224283854166667,0.0
0,0.05255453288555145,0.9354645609855652,0.5853239893913269,0.04205322265625,0.0
0,0.013533716090023518,0.4455898106098175,0.16762703657150269,0.0029805501302083335,0.0
0,0.014412887394428253,0.8432507514953613,0.3834017217159271,0.014007568359375,0.0
0,0.028803301975131035,0.9908389449119568,0.8978583216667175,0.024485270182291668,0.0
0,0.014316911809146404,0.9277569651603699,0.2791343033313751,0.010752360026041666,0.0
0,0.0034753538202494383,0.4692769944667816,0.04742587357759476,0.00018310546875,0.0
0,0.04825744032859802,0.9686195850372314,0.8790429830551147,0.049123128255208336,0.0
0,0.005911449436098337,0.3392801284790039,0.06535863876342773,9.1552734375e-05,0.0
0,0.055559221655130386,0.9998103976249695,0.9307105541229248,0.06556193033854167,0.0
0,0.06052074208855629,0.9785903096199036,0.8341368436813354,0.08916219075520833,0.0
0,0.031149908900260925,0.991186797618866,0.7929312586784363,0.028961181640625,0.0
0,0.008997748605906963,0.7924642562866211,0.17426970601081848,0.006184895833333333,0.0
0,0.027659760788083076,0.9763104915618896,0.8257260322570801,0.03094482421875,0.0
0,0.016285261139273643,0.9759464263916016,0.5349751114845276,0.019053141276041668,0.0
0,0.005988268181681633,0.5511208176612854,0.0586685985326767,0.0011393229166666667,0.0
0,0.003267928259447217,0.5719459652900696,0.029816539958119392,0.0007222493489583334,0.0
0,0.36645689606666565,0.9968024492263794,0.9882221817970276,0.4487101236979167,0.5039876302083334
0,0.0014989065239205956,0.5517246723175049,0.01621503010392189,0.000335693359375,0.0
0,0.010614694096148014,0.9284088015556335,0.3290617763996124,0.012064615885416666,0.0
0,0.04608674719929695,0.9725714921951294,0.8244576454162598,0.06268310546875,0.0
0,0.0013984398683533072,0.06669065356254578,0.011777843348681927,0.0,0.0
0,0.02171124517917633,0.9613164663314819,0.43260085582733154,0.018168131510416668,0.0
0,0.0027484872844070196,0.41739019751548767,0.029256708920001984,0.00018310546875,0.0
0,0.006974977906793356,0.3305792510509491,0.03371654078364372,1.0172526041666666e-05,0.0
0,0.031953249126672745,0.9963071346282959,0.8468235731124878,0.030049641927083332,0.0
0,0.0020489173475652933,0.06336633861064911,0.022455766797065735,0.0,0.0
0,0.04469885304570198,0.9872281551361084,0.8539090752601624,0.058074951171875,0.0
0,0.029590003192424774,0.8902942538261414,0.6240644454956055,0.039642333984375,0.0
0,0.007200912106782198,0.6958550214767456,0.07276443392038345,0.002960205078125,0.0
0,0.003862626850605011,0.4031555652618408,0.03941638767719269,5.0862630208333336e-05,0.0
0,0.002088222885504365,0.27444860339164734,0.026005303487181664,2.0345052083333332e-05,0.0
0,0.02109040878713131,0.983020007610321,0.5237387418746948,0.022532145182291668,0.0
0,0.0007073450833559036,0.07224299758672714,0.00891509372740984,0.0,0.0
0,0.0020099582616239786,0.5406813621520996,0.042719800025224686,0.0004781087239583333,0.0
0,0.0012520605232566595,0.05942821875214577,0.012920473702251911,0.0,0.0
0,0.0006503412150777876,0.19072403013706207,0.00982179306447506,0.0,0.0
0,0.0017743315547704697,0.08945459872484207,0.02145073004066944,0.0,0.0
0,0.004063040483742952,0.7615385055541992,0.0699218362569809,0.0028788248697916665,0.0
0,0.002263698959723115,0.7633073329925537,0.02190636470913887,0.0006001790364583334,0.0
0,0.0029706943314522505,0.9525741338729858,0.014007952064275742,0.0033162434895833335,0.0
0,0.12423431128263474,0.9915544390678406,0.9398029446601868,0.16462198893229166,0.0
0,0.0008389679715037346,0.3735329806804657,0.010860332287847996,3.0517578125e-05,0.0
0,0.022096939384937286,0.9669140577316284,0.7363892197608948,0.02166748046875,0.0
0,0.11585432291030884,0.9934865236282349,0.9438641667366028,0.14829508463541666,0.0
0,0.001990959979593754,0.6225740909576416,0.021165620535612106,0.0003255208333333333,0.0
0,0.005125937983393669,0.6332968473434448,0.07119885832071304,0.0017598470052083333,0.0
0,0.005358334165066481,0.5060727000236511,0.06512754410505295,0.0002848307291666667,0.0
0,0.01054627075791359,0.984752357006073,0.17064617574214935,0.006988525390625,0.0
0,0.005152171012014151,0.8987665772438049,0.08418656885623932,0.0026448567708333335,0.0
0,0.004306432791054249,0.6750152111053467,0.0714614987373352,0.001739501953125,0.0
0,0.00153054588008672,0.05541279539465904,0.014785407111048698,0.0,0.0
0,0.0037347301840782166,0.7158214449882507,0.06325051933526993,0.0015970865885416667,0.0
0,0.018784090876579285,0.9376689791679382,0.47292232513427734,0.023905436197916668,0.0
0,0.14970676600933075,0.975296139717102,0.9375547766685486,0.188385009765625,0.11469523111979167
0,0.06820351630449295,0.9942920207977295,0.9464978575706482,0.069915771484375,0.0
0,0.0031512808054685593,0.6498008370399475,0.047159235924482346,0.0004984537760416666,0.0
0,0.029073670506477356,0.9502266049385071,0.6256600022315979,0.031870524088541664,0.0
0,0.040284160524606705,0.9717254042625427,0.8644214868545532,0.041361490885416664,0.0
0,0.010790235362946987,0.903464674949646,0.18830162286758423,0.006540934244791667,0.0
0,0.009193911217153072,0.9084556102752686,0.18742550909519196,0.006459554036458333,0.0
0,0.003897208720445633,0.12907303869724274,0.03222229704260826,0.0,0.0
0,0.02801463194191456,0.860720694065094,0.40479975938796997,0.03045654296875,0.0
0,0.07215628027915955,0.9899476170539856,0.9493886232376099,0.07917277018229167,0.0
0,0.003069441532716155,0.8899121284484863,0.029310565441846848,0.0017903645833333333,0.0
0,0.0008074414799921215,0.05813159793615341,0.007011795416474342,0.0,0.0
0,0.008218997158110142,0.9202179908752441,0.17036579549312592,0.006093343098958333,0.0
0,0.001875840243883431,0.1388116478919983,0.02474955841898918,0.0,0.0
0,0.00029641628498211503,0.021165620535612106,0.004264634568244219,0.0,0.0
0,0.001024292898364365,0.328529417514801,0.012821215204894543,1.0172526041666666e-05,0.0
0,0.003062049625441432,0.3493107259273529,0.04385210573673248,0.0004475911458333333,0.0
0,0.01271404605358839,0.6590760350227356,0.16817279160022736,0.004119873046875,0.0
0,0.004660516511648893,0.9059898257255554,0.06452489644289017,0.004770914713541667,0.0
0,0.13717521727085114,0.9809125065803528,0.9392480850219727,0.17928059895833334,0.0
0,0.00556323304772377,0.7511008381843567,0.08833780884742737,0.001983642578125,0.0
0,0.017784306779503822,0.9443824291229248,0.4760458767414093,0.014933268229166666,0.0
0,0.20952768623828888,0.9961456060409546,0.9830850958824158,0.23891194661458334,0.21321614583333334
0,0.00927711371332407,0.9957848191261292,0.08313845098018646,0.006510416666666667,0.0
0,0.017251355573534966,0.9267027974128723,0.33817654848098755,0.013743082682291666,0.0
0,0.01696694642305374,0.8341368436813354,0.25700727105140686,0.009236653645833334,0.0
0,0.0019471729174256325,0.15203222632408142,0.02522682584822178,0.0,0.0
0,0.29963210225105286,0.9967396855354309,0.9775857925415039,0.387176513671875,0.2556660970052083
0,0.03687923774123192,0.9647224545478821,0.754553496837616,0.037729899088541664,0.0
0,0.02677842415869236,0.9866234660148621,0.7356302738189697,0.0264892578125,0.0
0,0.1454780548810959,0.995685338973999,0.9772815704345703,0.17325846354166666,0.0
0,0.009204449132084846,0.9866748452186584,0.22518499195575714,0.0093994140625,0.0
0,0.0024351291358470917,0.15765489637851715,0.02849004603922367,0.0,0.0
0,0.004566905088722706,0.6467949151992798,0.07343005388975143,0.0011800130208333333,0.0
0,0.012340893037617207,0.8908652067184448,0.1474287211894989,0.004801432291666667,0.0
0,0.024774843826889992,0.9672250151634216,0.5657024383544922,0.02545166015625,0.0
0,0.018087858334183693,0.9620362520217896,0.5872313380241394,0.02032470703125,0.0
0,0.007164083421230316,0.9837850332260132,0.15303835272789001,0.00543212890625,0.0
0,0.03196699917316437,0.9713473320007324,0.857171356678009,0.028564453125,0.0
0,0.013425610959529877,0.854763388633728,0.3158383071422577,0.0118408203125,0.0
0,0.002350668190047145,0.6321622133255005,0.025369863957166672,0.0009358723958333334,0.0
0,0.015504449605941772,0.8673731684684753,0.29310086369514465,0.011871337890625,0.0
0,0.00950984749943018,0.9488224983215332,0.2225058227777481,0.008331298828125,0.0
0,0.09204157441854477,0.9855521321296692,0.9349877238273621,0.10802205403645833,0.0
0,0.08105048537254333,0.9938309192657471,0.9618934392929077,0.09661865234375,0.0
0,0.04907660558819771,0.9447912573814392,0.8512047529220581,0.06414794921875,0.0
0,0.006868463009595871,0.8931231498718262,0.09451042115688324,0.0021769205729166665,0.0
0,0.0186996478587389,0.9692660570144653,0.47403353452682495,0.014912923177083334,0.0
0,0.04049444943666458,0.9597620368003845,0.7714890241622925,0.042978922526041664,0.0
0,0.011838666163384914,0.8774768114089966,0.32756075263023376,0.013203938802083334,0.0
0,0.011886867694556713,0.9099069833755493,0.29703137278556824,0.010660807291666666,0.0
0,0.020116295665502548,0.9094254970550537,0.6098111867904663,0.025553385416666668,0.0
0,0.01788528449833393,0.9041438698768616,0.3095233738422394,0.012471516927083334,0.0
0,0.03173619881272316,0.9351099133491516,0.7012887597084045,0.034942626953125,0.0
0,0.11119464039802551,0.9843964576721191,0.9504082798957825,0.12328084309895833,0.097076416015625
0,0.03387335687875748,0.7833262085914612,0.5563941597938538,0.055633544921875,0.0
0,0.06767690181732178,0.8806945085525513,0.5790993571281433,0.08292643229166667,0.0
0,0.0493549108505249,0.9336731433868408,0.6708207130432129,0.051717122395833336,0.0
0,0.032629646360874176,0.9178933501243591,0.5084916949272156,0.027008056640625,0.0
0,0.04926546290516853,0.9554024338722229,0.7593985199928284,0.061594645182291664,0.0
0,0.0042487033642828465,0.41057905554771423,0.06052939593791962,0.0010172526041666667,0.0
0,0.006355616729706526,0.5374358892440796,0.08944983035326004,0.0016988118489583333,0.0
0,0.0033575950656086206,0.32156652212142944,0.026861203834414482,2.0345052083333332e-05,0.0
0,0.015035887248814106,0.8984104990959167,0.3770817816257477,0.014424641927083334,0.0
0,0.02040100283920765,0.9553191661834717,0.20720990002155304,0.005259195963541667,0.0
0,0.003750299336388707,0.32209938764572144,0.03649376332759857,3.0517578125e-05,0.0
0,0.00024284492246806622,0.010944577865302563,0.0029464049730449915,0.0,0.0
0,0.000969043408986181,0.07107366621494293,0.013325147330760956,0.0,0.0
0,0.039324235171079636,0.9948000907897949,0.9534487724304199,0.047658284505208336,0.0
0,0.0003719352826010436,0.043042849749326706,0.006387578323483467,0.0,0.0
0,0.0061413743533194065,0.6066732406616211,0.0853990912437439,0.0017191569010416667,0.0
0,0.002857006387785077,0.9244152307510376,0.04232459142804146,0.0008036295572916666,0.0
0,0.01244391966611147,0.9036349058151245,0.35484662652015686,0.011444091796875,0.0
0,0.0582282654941082,0.9952999353408813,0.9628111124038696,0.064727783203125,0.0
0,0.01424647867679596,0.9984269142150879,0.6085835099220276,0.014628092447916666,0.0
0,0.086197130382061,0.988447368144989,0.9490118622779846,0.100067138671875,0.06290690104166667
0,0.002384681487455964,0.23109321296215057,0.029423579573631287,0.0,0.0
0,0.024942398071289062,0.9977568984031677,0.5336359739303589,0.020924886067708332,0.0
0,0.01679241470992565,0.9736947417259216,0.44196322560310364,0.016357421875,0.0
0,0.07020264118909836,0.9471859931945801,0.8552440404891968,0.090087890625,0.0
0,0.07723718136548996,0.9898695349693298,0.9284049272537231,0.09004720052083333,0.0
0,0.03955293446779251,0.9834704995155334,0.8786176443099976,0.040242513020833336,0.0
0,0.027710357680916786,0.9728307723999023,0.3989882171154022,0.017069498697916668,0.0
0,0.022227996960282326,0.9778411984443665,0.5282860994338989,0.017822265625,0.0
0,0.038704629987478256,0.9910145401954651,0.9523086547851562,0.036610921223958336,0.031199137369791668
0,0.08429612964391708,0.986415684223175,0.9480584859848022,0.10057576497395833,0.0
0,0.018382880836725235,0.9162596464157104,0.25608155131340027,0.009165445963541666,0.0
0,0.15779845416545868,0.9686195850372314,0.9122800230979919,0.22356160481770834,0.18999226888020834
0,0.010023974813520908,0.8410438895225525,0.17230689525604248,0.005716959635416667,0.0
0,0.051715437322854996,0.9732407331466675,0.898226797580719,0.06510416666666667,0.0516357421875
0,0.11209374666213989,0.9938787817955017,0.9606574773788452,0.13853963216145834,0.0
0,0.1366562694311142,0.9983769655227661,0.9632954597473145,0.16718546549479166,0.0
0,0.008639945648610592,0.5034446120262146,0.08358170837163925,0.0014750162760416667,0.0
0,0.06051080301403999,0.956308901309967,0.8056321740150452,0.06742350260416667,0.0
0,0.06375941634178162,0.9771101474761963,0.8136088848114014,0.06910196940104167,0.0
0,0.03136914223432541,0.9731387495994568,0.7730450630187988,0.041493733723958336,0.0
0,0.004813747480511665,0.537071704864502,0.07211221009492874,0.0006103515625,0.0
0,0.035708021372556686,0.9811668992042542,0.7459539771080017,0.044576009114583336,0.0
0,0.12557439506053925,0.9931228756904602,0.9224823713302612,0.16660563151041666,0.0
0,0.04323833808302879,0.9308364987373352,0.6948143839836121,0.054951985677083336,0.0
0,0.03731655701994896,0.9655764698982239,0.7444650530815125,0.049550374348958336,0.0
0,0.0028497192542999983,0.24310296773910522,0.02149176597595215,0.0,0.0
0,0.004071785137057304,0.3474263846874237,0.06187598779797554,0.00020345052083333334,0.0
0,0.004586647730320692,0.13477592170238495,0.025371311232447624,0.0,0.0
0,0.0013201376423239708,0.2603894770145416,0.016466174274683,0.0,0.0
0,0.004015141632407904,0.4196479320526123,0.05490385368466377,0.00010172526041666667,0.0
0,0.08009528368711472,0.9827572107315063,0.9302051067352295,0.093109130859375,0.0
0,0.031750570982694626,0.9196425676345825,0.6038717031478882,0.032389322916666664,0.0
0,0.003422386245802045,0.37239107489585876,0.06476815044879913,0.0004170735677083333,0.0
0,0.013069714419543743,0.9837850332260132,0.38326558470726013,0.012115478515625,0.0
0,0.0010388892842456698,0.0235992930829525,0.012624949216842651,0.0,0.0
0,0.0020821234211325645,0.0799255296587944,0.023464659228920937,0.0,0.0
0,0.06071951612830162,0.7025300860404968,0.5462825298309326,0.09644571940104167,0.0
0,0.023012103512883186,0.7714993357658386,0.312360554933548,0.013448079427083334,0.0
0,0.01135984156280756,0.40333181619644165,0.188323974609375,0.002349853515625,0.0
0,0.03224129602313042,0.9645224213600159,0.6357879638671875,0.034637451171875,0.0
0,0.0016315194079652429,0.23109321296215057,0.02843603305518627,0.0,0.0
0,0.09932149201631546,0.9908744096755981,0.957833468914032,0.126617431640625,0.1181640625
0,0.0025715790688991547,0.4434196650981903,0.02241293340921402,0.00016276041666666666,0.0
0,0.15312008559703827,0.9906237721443176,0.9314587712287903,0.19626871744791666,0.0
0,0.09778473526239395,0.9593832492828369,0.8499674201011658,0.10142008463541667,0.0
0,0.0038092948962002993,0.5967856645584106,0.04813408851623535,0.0008646647135416666,0.0
0,0.1206992045044899,0.9668514132499695,0.8483374714851379,0.16045125325520834,0.0
0,0.06383348256349564,0.9598374962806702,0.7472416758537292,0.061147054036458336,0.0
0,0.03690208122134209,0.9738444089889526,0.5331203937530518,0.027140299479166668,0.0
0,0.9867036938667297,0.9986904263496399,0.9975751042366028,0.9999491373697916,1.0
0,0.010467170737683773,0.5066562294960022,0.11240508407354355,0.0012105305989583333,0.0
0,0.010432024486362934,0.15203222632408142,0.0501442514359951,0.0,0.0
0,0.9524386525154114,0.9980505704879761,0.9955315589904785,0.9981282552083334,1.0
0,0.9660900235176086,0.9981613755226135,0.9963500499725342,0.9983317057291666,1.0
0,0.00936321634799242,0.11456649005413055,0.03949040547013283,0.0,0.0
0,0.45538926124572754,0.9813465476036072,0.9551520943641663,0.62164306640625,0.9625956217447916
0,0.0019673174247145653,0.05252167582511902,0.015247589908540249,0.0,0.0
0,0.009094368666410446,0.6940953731536865,0.0768222063779831,0.0003560384114583333,0.0
0,0.6484609842300415,0.9989141225814819,0.9966233968734741,0.7197672526041666,0.8680013020833334
0,0.019954057410359383,0.38844403624534607,0.17342394590377808,0.002227783203125,0.0
0,0.004640522412955761,0.22575782239437103,0.03422932326793671,0.0,0.0
0,0.1978384405374527,0.9781771898269653,0.9291837811470032,0.24553426106770834,0.0
0,0.03616802766919136,0.9141375422477722,0.3973536789417267,0.024037679036458332,0.0
0,0.5042312741279602,0.9949199557304382,0.9776712656021118,0.6567891438802084,0.895782470703125
0,0.06125195696949959,0.9081302285194397,0.5341219902038574,0.036885579427083336,0.0
0,0.4030187427997589,0.9925969839096069,0.963711678981781,0.5281386666666666,0.578432
0,0.15421970188617706,0.9952816367149353,0.9656413197517395,0.18408,0.0
0,0.0931079164147377,0.9041438698768616,0.7149266600608826,0.10595187165775401,0.0
0,0.06773427873849869,0.9887987971305847,0.8131657242774963,0.077472,0.0
0,0.005158494226634502,0.06465348601341248,0.024750972166657448,0.0,0.0
0,0.00514212204143405,0.708010733127594,0.047337714582681656,0.0008404255319148936,0.0
0,0.03181099146604538,0.9375547766685486,0.5362218022346497,0.023356521739130436,0.0
0,0.028224825859069824,0.9882221817970276,0.786786675453186,0.032877604166666664,0.0
0,0.02173530124127865,0.9392480850219727,0.39454731345176697,0.01483154296875,0.0
0,0.009693591855466366,0.9912208914756775,0.31352484226226807,0.010721842447916666,0.0
0,0.0026704773772507906,0.13173070549964905,0.024469668045639992,0.0,0.0
0,0.03558750078082085,0.9732915163040161,0.7477945685386658,0.035349527994791664,0.0
