label,prob_mean,prob_max,prob_p99,unet_area,mrf_area
1,0.04721108078956604,0.9996485710144043,0.9959922432899475,0.046600341796875,0.042755126953125
1,0.00879387091845274,0.9999464750289917,0.011777843348681927,0.008616129557291666,0.008331298828125
1,0.04564174637198448,0.9999994039535522,0.9999654293060303,0.044420572916666665,0.04192708333333333
1,0.016013838350772858,0.9999994039535522,0.9992928504943848,0.01513671875,0.014058430989583334
1,0.037135589867830276,0.9998756647109985,0.9988619089126587,0.036905924479166664,0.035797119140625
1,0.19067347049713135,0.9997712969779968,0.9992791414260864,0.18833414713541666,0.19681803385416666
1,0.03332610800862312,0.9999090433120728,0.9983580112457275,0.033151041666666665,0.033994140625
1,0.015594902448356152,0.9999412298202515,0.9749646186828613,0.013997395833333334,0.006113688151041667
1,0.16021129488945007,0.9989556074142456,0.9947391152381897,0.14222208658854166,0.13496907552083334
1,0.01525640394538641,0.9999935626983643,0.986758828163147,0.01273735493004596,0.011070140638246951
1,0.00450341310352087,0.9999983310699463,0.010449030436575413,0.004098307291666666,0.0
1,0.05171414092183113,0.9999552965164185,0.9827572107315063,0.04211666666666666,0.010933333333333333
1,0.006495185196399689,0.9999892711639404,0.001911546103656292,0.00640869140625,0.006266276041666667
1,0.4180797040462494,0.9999394416809082,0.9997584223747253,0.4040120442708333,0.3885396321614583
1,0.35754549503326416,0.9999614953994751,0.9997546076774597,0.351165771484375,0.34222412109375
1,0.011567813344299793,0.9999969005584717,0.9945268630981445,0.011342366536458334,0.00958251953125
1,0.0972272977232933,0.9999938011169434,0.9927951693534851,0.08033333333333334,0.02039375
1,0.529654324054718,0.9997085928916931,0.9982725381851196,0.5012919108072916,0.5221354166666666
1,0.13612014055252075,0.9997407793998718,0.9986955523490906,0.126708984375,0.09727986653645833
1,0.16680209338665009,0.9999983310699463,0.9999769926071167,0.16208902994791666,0.15950520833333334
1,0.0861031636595726,0.9998960494995117,0.9981251358985901,0.08086140950520833,0.07146199544270833
1,0.0005311493878252804,0.31552502512931824,0.00854433048516512,0.0,0.0
1,0.12861193716526031,0.9999809265136719,0.9998612403869629,0.12706502278645834,0.12489827473958333
1,0.0076820142567157745,0.9999967813491821,0.01056926604360342,0.007405598958333333,0.005879720052083333
1,0.05753913149237633,0.9999654293060303,0.9995121359825134,0.057108561197916664,0.0631103515625
1,0.02625613659620285,0.9999251365661621,0.9969839453697205,0.023915608723958332,0.016988118489583332
1,0.05798620358109474,0.9999871253967285,0.9995678067207336,0.049906412760416664,0.027933756510416668
1,0.021350882947444916,0.9969956874847412,0.8870089650154114,0.017953865212634167,0.0
1,0.06283760815858841,0.9999903440475464,0.9998074173927307,0.061431884765625,0.053690592447916664
1,0.11716705560684204,0.999919056892395,0.9993663430213928,0.11623128255208333,0.11336263020833333
1,0.030577918514609337,0.9999675750732422,0.9995875954627991,0.028849283854166668,0.02764892578125
1,0.5656719207763672,0.9999837875366211,0.9987503290176392,0.5582682291666666,0.594696044921875
1,0.19487853348255157,0.9999935626983643,0.9999456405639648,0.193267822265625,0.192657470703125
1,0.009995732456445694,0.999976396560669,0.29493334889411926,0.006513671875,0.004192708333333333
1,0.07076176255941391,0.9999682903289795,0.9997867941856384,0.06947835286458333,0.06623331705729167
1,0.14758288860321045,0.9999951124191284,0.9999496936798096,0.14581298828125,0.14805094401041666
1,0.2883997857570648,0.9999865293502808,0.9993307590484619,0.26866536458333334,0.26138997395833335
1,0.13300064206123352,0.9999821186065674,0.999823272228241,0.13206990559895834,0.13126627604166666
1,0.21035470068454742,0.9999847412109375,0.9968519806861877,0.17668333333333333,0.09405208333333333
1,0.4263066351413727,0.9999924898147583,0.9999339580535889,0.4214274088541667,0.4311116536458333
1,0.06917160004377365,0.9999990463256836,0.9999576807022095,0.06858317057291667,0.06892903645833333
1,0.41219279170036316,0.9998273253440857,0.9993384480476379,0.37226875,0.31592291666666666
1,0.28737959265708923,0.9996125102043152,0.9970765113830566,0.28076822916666666,0.2766796875
1,0.055702224373817444,0.9999704360961914,0.9989308714866638,0.048848470052083336,0.027353922526041668
1,0.13206887245178223,0.9978760480880737,0.9832144975662231,0.09310185185185185,0.0356712962962963
1,0.12452586740255356,0.9999617338180542,0.9990226030349731,0.12070719401041667,0.10859171549479167
1,0.005695383995771408,0.9980121850967407,0.04724707826972008,0.004648844401041667,0.0
1,0.0092823700979352,0.8657925128936768,0.2592513859272003,0.0008138020833333334,0.0
1,0.05124886706471443,0.9999165534973145,0.996249258518219,0.047088623046875,0.023030598958333332
1,0.06825939565896988,0.9999861717224121,0.9995005130767822,0.0665283203125,0.047475179036458336
1,0.05415930971503258,0.9982859492301941,0.9878981709480286,0.049997965494791664,0.047027587890625
1,0.004639466758817434,0.9990490078926086,0.01986503414809704,0.0036519368489583335,0.0
1,0.08944212645292282,0.9997197985649109,0.996023952960968,0.078203125,0.0
1,0.10128876566886902,0.9999942779541016,0.9999328851699829,0.100921630859375,0.10035196940104167
1,0.15002726018428802,0.9999508857727051,0.9997346997261047,0.1468505859375,0.1373291015625
1,0.04220614209771156,0.9998313188552856,0.9986169338226318,0.041514078776041664,0.03887939453125
1,0.18051737546920776,0.9999727010726929,0.9995875954627991,0.17250569661458334,0.14299519856770834
1,0.1809641569852829,0.9999313354492188,0.9995044469833374,0.18119303385416666,0.18129475911458334
1,0.02150116302073002,0.9994363188743591,0.9785057902336121,0.018015543619791668,0.014119466145833334
1,0.08230532705783844,0.9999862909317017,0.9996699094772339,0.079498291015625,0.08252970377604167
1,0.023241497576236725,0.9996373653411865,0.9520392417907715,0.020670572916666668,0.0
1,0.03870855271816254,0.999975323677063,0.9996874332427979,0.038136800130208336,0.036478678385416664
1,0.10278282314538956,0.9999496936798096,0.9997448325157166,0.10191853841145833,0.09784952799479167
1,0.04977329447865486,0.9996672868728638,0.997368335723877,0.0445556640625,0.034596761067708336
1,0.26232367753982544,0.9989596605300903,0.9913222789764404,0.24003743315508022,0.19541176470588234
1,0.05059753730893135,0.9999960660934448,0.9998928308486938,0.049967447916666664,0.045389811197916664
1,0.02766331098973751,0.9999209642410278,0.9583050012588501,0.02148992322456814,0.009119481765834932
1,0.2237338274717331,0.9998736381530762,0.9995005130767822,0.201446533203125,0.1591796875
1,0.3793136775493622,0.9999524354934692,0.9995744824409485,0.3828938802083333,0.41760416666666667
1,0.013622108846902847,0.9999682903289795,0.9972099661827087,0.013479817708333333,0.0116796875
1,0.14488181471824646,0.999977707862854,0.9998488426208496,0.14314778645833334,0.14304606119791666
1,0.10921617597341537,0.9999678134918213,0.9997175335884094,0.10727945963541667,0.09123738606770833
1,0.37959548830986023,0.9999959468841553,0.9999496936798096,0.3795591182364729,0.38233193660047365
1,0.11411657184362411,0.9999567270278931,0.9993094205856323,0.10564168294270833,0.08693440755208333
1,0.40484750270843506,0.9999053478240967,0.9984869956970215,0.4018351236979167,0.4490763346354167
1,0.6517199277877808,0.9999911785125732,0.9998666048049927,0.63531494140625,0.6700846354166666
1,0.2481493353843689,0.9999750852584839,0.9996540546417236,0.241973876953125,0.24390665690104166
1,0.07561392337083817,0.9999831914901733,0.9995362162590027,0.070892333984375,0.06830851236979167
1,0.17267978191375732,0.9999865293502808,0.9999103546142578,0.17180379231770834,0.15733846028645834
1,0.22942428290843964,0.9998992681503296,0.9978172779083252,0.19152777777777777,0.10391203703703704
1,0.3114898204803467,0.9999090433120728,0.9993487000465393,0.3151136363636364,0.3456060606060606
1,0.03731393441557884,0.9999823570251465,0.9997965693473816,0.036020914713541664,0.034016927083333336
1,0.04404176399111748,0.9999991655349731,0.9999524354934692,0.04022216796875,0.03582763671875
1,0.15975594520568848,0.9999279975891113,0.9994683861732483,0.15831466666666666,0.15669333333333332
1,0.2312813252210617,0.9999967813491821,0.9999711513519287,0.22959391276041666,0.21600341796875
1,0.10358753055334091,0.9997965693473816,0.9970536231994629,0.09056599934895833,0.041676839192708336
1,0.3660009801387787,0.9997712969779968,0.9979007244110107,0.3679144385026738,0.43828328534210886
1,0.09078275412321091,0.999992847442627,0.999919056892395,0.0819091796875,0.08225504557291667
1,0.13314776122570038,0.9999885559082031,0.9998601675033569,0.134013671875,0.13161458333333334
1,0.13073116540908813,0.9999263286590576,0.9978342652320862,0.10515407554671968,0.05238568588469185
1,0.01135995239019394,0.9999991655349731,0.9043381214141846,0.010309244791666667,0.009117838541666666
1,0.9875788688659668,0.999975323677063,0.9999023675918579,0.9920654296875,1.0
1,0.06862709671258926,0.9999963045120239,0.9999117851257324,0.0670166015625,0.06745402018229167
1,0.0067130583338439465,0.9999369382858276,0.011552670039236546,0.006479899088541667,0.0
1,0.01578911952674389,0.9998377561569214,0.9851003289222717,0.015543619791666666,0.012166341145833334
1,0.008093178272247314,0.999972939491272,0.05592617020010948,0.0074444444444444445,0.004744444444444444
1,0.40505731105804443,0.9993563294410706,0.9957020878791809,0.3509755596631752,0.26679811049496815
1,0.3356272280216217,0.9999948740005493,0.999972939491272,0.3236208236208236,0.3121029297499886
1,0.3460991084575653,0.999971866607666,0.9992504715919495,0.3535824561403509,0.3674912280701754
1,0.008381299674510956,0.9999998807907104,0.1342109590768814,0.005114666666666667,0.0
1,0.020956389605998993,0.999762237071991,0.8800795674324036,0.014644941634241244,0.006896887159533074
1,0.2665056586265564,0.9999891519546509,0.9994000196456909,0.2602687140115163,0.2843666026871401
1,0.03903511166572571,0.9996387958526611,0.9932811260223389,0.03693940797207281,0.02116505776606229
1,0.011946569196879864,0.9999603033065796,0.875028669834137,0.011403401692708334,0.00665283203125
1,0.034525733441114426,0.9999535083770752,0.9930693507194519,0.031789143880208336,0.0
1,0.07685143500566483,0.9999932050704956,0.999930739402771,0.07621256510416667,0.074798583984375
1,0.04127180948853493,0.9999972581863403,0.999906063079834,0.040568033854166664,0.02935791015625
1,0.0317499078810215,0.9997063279151917,0.9800137877464294,0.032948811848958336,0.033365885416666664
1,0.09836095571517944,0.9997658133506775,0.9953175783157349,0.07203165690104167,0.028605143229166668
1,0.0610177107155323,0.9982038736343384,0.9862030148506165,0.053660074869791664,0.0
1,0.39398133754730225,0.9999854564666748,0.9990226030349731,0.3789571126302083,0.3596394856770833
1,0.19683027267456055,0.9999825954437256,0.9996874332427979,0.19170125325520834,0.201019287109375
1,0.05622231960296631,0.999841570854187,0.9858821630477905,0.050791422526041664,0.0
1,0.020394690334796906,0.999995231628418,0.9935867786407471,0.020050048828125,0.018208821614583332
1,0.10993105173110962,0.9999165534973145,0.9993785619735718,0.10703531901041667,0.10871378580729167
1,0.3633454740047455,0.9999978542327881,0.9999635219573975,0.35839846428081723,0.41591937474290414
1,0.055981721729040146,0.9999233484268188,0.9987104535102844,0.047281901041666664,0.017954508463541668
1,0.045075658708810806,0.9999860525131226,0.9990600943565369,0.044951171875,0.04697916666666667
1,0.02608131803572178,0.9998960494995117,0.997188150882721,0.021199544270833332,0.011810302734375
1,0.09883573651313782,0.9998910427093506,0.9993904829025269,0.09403483072916667,0.08741251627604167
1,0.08653103560209274,0.9995102882385254,0.9915870428085327,0.06652222222222222,0.03191851851851852
1,0.03827088698744774,0.9998452663421631,0.9747716784477234,0.03472900390625,0.0
1,0.002216206630691886,0.9896317720413208,0.023329436779022217,0.0008544921875,0.0
1,0.0038581991102546453,0.9213575720787048,0.058884698897600174,0.002166748046875,0.0
1,0.14581458270549774,0.9999505281448364,0.9995102286338806,0.14499918619791666,0.15024820963541666
1,0.006894026417285204,0.9996125102043152,0.010776727460324764,0.006693522135416667,0.0
1,0.1165953055024147,0.9999772310256958,0.9998568296432495,0.11594645182291667,0.11365763346354167
1,6.099339225329459e-05,0.007066400721669197,0.0008864988922141492,0.0,0.0
1,0.11394501477479935,0.9999651908874512,0.9996063709259033,0.11130777994791667,0.102264404296875
1,0.3274442255496979,0.9999697208404541,0.9997283816337585,0.3254135101010101,0.31625315656565656
1,0.05751229450106621,0.9996775388717651,0.9936610460281372,0.056020100911458336,0.060343424479166664
1,0.06214813515543938,0.9999943971633911,0.9998260140419006,0.059844970703125,0.048360188802083336
1,0.7182521820068359,0.9999877214431763,0.9999369382858276,0.704193115234375,0.7325846354166666
1,0.2652595043182373,0.9999560117721558,0.9996125102043152,0.2580416482055826,0.25532909959139466
1,0.20493920147418976,0.9999595880508423,0.9997730851173401,0.20783487955729166,0.21478271484375
1,0.03183066099882126,0.9998875856399536,0.9962199330329895,0.02535925925925926,0.01748148148148148
1,0.25763875246047974,0.9997658133506775,0.9953363537788391,0.18637037037037038,0.04291358024691358
1,0.035583216696977615,0.9999697208404541,0.9985895752906799,0.026804606119791668,0.019419352213541668
1,0.6719182133674622,0.9999563694000244,0.9979810118675232,0.6564737955729166,0.6748758951822916
1,0.606361448764801,0.9999895095825195,0.999919056892395,0.6105244954427084,0.6061299641927084
1,0.039230816066265106,0.9999864101409912,0.9952632188796997,0.034962972005208336,0.023895263671875
1,0.08284947276115417,0.9999994039535522,0.9986698627471924,0.079376220703125,0.07430013020833333
1,0.023413045331835747,0.9999682903289795,0.9991135001182556,0.023111979166666668,0.02117919921875
1,0.008917000144720078,0.9999560117721558,0.034153278917074203,0.00860595703125,0.0
1,0.026191404089331627,0.9999998807907104,0.9999369382858276,0.025980631510416668,0.023630777994791668
1,0.05374130979180336,0.9999827146530151,0.9997603297233582,0.050832112630208336,0.047261555989583336
1,0.49330297112464905,0.9996825456619263,0.9973165392875671,0.4578450520833333,0.4528706868489583
1,0.06519728153944016,0.9999979734420776,0.9999706745147705,0.06264241536458333,0.053375244140625
1,0.011986751109361649,0.9999593496322632,0.996570348739624,0.01177978515625,0.0113525390625
1,0.031825557351112366,0.9998785257339478,0.9979249238967896,0.031687418619791664,0.032572428385416664
1,0.041741181164979935,0.9999856948852539,0.9996672868728638,0.04160033167495854,0.03975538971807629
1,0.346665620803833,0.9999909400939941,0.9998675584793091,0.3437093098958333,0.3352152506510417
1,0.02324780263006687,0.9999793767929077,0.9994887113571167,0.022755940755208332,0.022135416666666668
1,0.020856421440839767,0.9999464750289917,0.9931495785713196,0.018092622786692984,0.015680273081800585
1,0.001994759775698185,0.8034823536872864,0.026300789788365364,0.00014241536458333334,0.0
1,0.0416218601167202,0.999906063079834,0.9419687986373901,0.031565348307291664,0.007741292317708333
1,0.3906877338886261,0.9999501705169678,0.9997884631156921,0.392242431640625,0.394744873046875
1,0.4653486907482147,0.9999884366989136,0.9999216198921204,0.47041455276749394,0.476315188079894
1,0.05147267505526543,0.9999990463256836,0.9999626874923706,0.047200520833333336,0.0458984375
1,0.07304395735263824,0.9999527931213379,0.9991958737373352,0.057403564453125,0.02716064453125
1,0.6427702903747559,0.9999974966049194,0.9999802112579346,0.6467997233072916,0.65167236328125
1,0.06832520663738251,0.9998840093612671,0.9752475619316101,0.049062093098958336,0.0
1,0.0883137583732605,0.999944806098938,0.9885361194610596,0.06853298611111111,0.008498263888888889
1,0.04265427589416504,0.9997527003288269,0.994718074798584,0.031778971354166664,0.023030598958333332
1,0.06418179720640182,0.9995827078819275,0.996570348739624,0.051971435546875,0.03363037109375
1,0.14121483266353607,0.9964619278907776,0.9750121831893921,0.09692553314840746,0.0
1,0.03459004685282707,0.9998044371604919,0.9972744584083557,0.030314127604166668,0.024515787760416668
1,0.2389720380306244,0.9999836683273315,0.9988120794296265,0.21330208333333334,0.1588625
1,0.6460041999816895,0.9999943971633911,0.9998902082443237,0.6608996683250414,0.672226368159204
1,0.02688613533973694,0.999127209186554,0.9684988260269165,0.02337646484375,0.0
1,0.02218165434896946,0.9998831748962402,0.9974485039710999,0.020538330078125,0.015096028645833334
1,0.0636671707034111,0.9999699592590332,0.9987930655479431,0.048451741536458336,0.03076171875
1,0.012488779611885548,0.9848109483718872,0.5428911447525024,0.008717854817708334,0.0
1,0.17292538285255432,0.9991374015808105,0.9949985146522522,0.16783854166666667,0.16479166666666667
1,0.13405261933803558,0.9999496936798096,0.9994705319404602,0.12904866536458334,0.12541707356770834
1,0.07037623971700668,0.9971216320991516,0.9844563603401184,0.056793212890625,0.0
1,0.11415163427591324,0.9999979734420776,0.9996471405029297,0.11170450846354167,0.11374918619791667
1,0.02955019474029541,0.9999960660934448,0.9997933506965637,0.0291748046875,0.024464925130208332
1,0.3741120398044586,0.9999910593032837,0.9998766183853149,0.3695271809895833,0.3685506184895833
1,0.07094306498765945,0.99997878074646,0.999525249004364,0.06707763671875,0.06561279296875
1,0.4206717908382416,0.9999792575836182,0.9998717308044434,0.4272664388020833,0.4362691243489583
1,0.24910162389278412,0.999969482421875,0.9997901320457458,0.25152587890625,0.2663777669270833
1,0.019484033808112144,0.9999821186065674,0.9994000196456909,0.018330891927083332,0.015614827473958334
1,0.055061738938093185,0.9999759197235107,0.9998074173927307,0.054148356119791664,0.05419921875
1,0.1235208809375763,0.9994428753852844,0.9963357448577881,0.10802205403645833,0.060953776041666664
1,0.1368497610092163,0.9999520778656006,0.9993663430213928,0.1275634765625,0.13367716471354166
1,0.06025243178009987,0.999868631362915,0.9992678165435791,0.060068766276041664,0.0592041015625
1,0.012588364072144032,0.9999816417694092,0.1516473889350891,0.007171630859375,0.0
1,0.16364865005016327,0.999976634979248,0.9994621276855469,0.146942138671875,0.07843017578125
1,0.06858993321657181,0.9999394416809082,0.9973477125167847,0.06852213541666667,0.0660400390625
1,0.21017885208129883,0.9999940395355225,0.9999274015426636,0.20741780598958334,0.22725423177083334
1,0.24277165532112122,0.9999603033065796,0.9969125986099243,0.21429613935969868,0.14113229755178908
1,0.0770764946937561,0.9980657696723938,0.9852146506309509,0.07216389973958333,0.061513264973958336
1,0.202636256814003,0.99964439868927,0.9981324076652527,0.1888427734375,0.17500813802083334
1,0.026651544496417046,0.9999097585678101,0.966092050075531,0.022186279296875,0.0
1,0.7813757061958313,0.9998977184295654,0.9995608925819397,0.77276611328125,0.803253173828125
1,0.4445129334926605,0.9999439716339111,0.9996750354766846,0.441925048828125,0.439117431640625
1,0.014239239506423473,0.9999990463256836,0.9990226030349731,0.014078776041666666,0.013375651041666667
1,0.012176469899713993,0.999995231628418,0.9934865236282349,0.01165771484375,0.011077880859375
1,0.15139107406139374,0.999971866607666,0.9994986057281494,0.14757283528645834,0.15406290690104166
1,0.0711277425289154,0.9997040629386902,0.9857181310653687,0.06190748299319728,0.004081632653061225
1,0.04103919118642807,0.9994907379150391,0.9931495785713196,0.037994384765625,0.034708658854166664
1,0.1558627039194107,0.9999949932098389,0.9999505281448364,0.153173828125,0.16479817708333333
1,0.13357095420360565,0.9999469518661499,0.9996345043182373,0.114593505859375,0.083404541015625
1,0.01827705092728138,0.9999603033065796,0.9984081983566284,0.017893473307291668,0.015167236328125
1,0.07943060249090195,0.9999889135360718,0.9998666048049927,0.07562255859375,0.07591756184895833
1,0.3113580346107483,0.9999221563339233,0.9987106323242188,0.30375325520833335,0.325986328125
1,0.3031383454799652,0.9999819993972778,0.9999097585678101,0.2883402506510417,0.2742106119791667
1,0.05751577019691467,0.9998365640640259,0.9824230670928955,0.0495096734114306,0.007005457933972311
1,0.015049019828438759,0.999984622001648,0.39484304189682007,0.005397333333333333,0.0020053333333333334
1,0.22650890052318573,0.9999978542327881,0.9996800422668457,0.21547444661458334,0.12367757161458333
1,0.0500827394425869,0.9998726844787598,0.9964619278907776,0.04840087890625,0.037007649739583336
1,0.3540595471858978,0.9999960660934448,0.9999439716339111,0.3545633951822917,0.3574727376302083
1,0.01003260537981987,0.9990302324295044,0.43994319438934326,0.009063720703125,0.0
1,0.06424814462661743,0.999937891960144,0.9982385635375977,0.057993570963541664,0.044728597005208336
1,0.030423710122704506,0.9999837875366211,0.996434211730957,0.0262451171875,0.015431722005208334
1,0.04550846293568611,0.9988883137702942,0.9721483588218689,0.036224365234375,0.0
1,0.0355691984295845,0.9997346997261047,0.9933846592903137,0.033986409505208336,0.0291748046875
1,0.04454519599676132,0.9997851252555847,0.9985786080360413,0.043541666666666666,0.03895833333333333
1,0.02256869710981846,0.9999943971633911,0.9997108578681946,0.021891276041666668,0.017669677734375
1,0.0960184782743454,0.9999068975448608,0.9975656270980835,0.09386341698841699,0.0966819498069498
1,0.35321569442749023,0.9999257326126099,0.9990710020065308,0.33181734032705956,0.3199814871953101
1,0.07480528950691223,0.9999023675918579,0.9964619278907776,0.058065580985915494,0.04419674295774648
1,0.016277765855193138,0.9999998807907104,0.9993384480476379,0.015594482421875,0.010162353515625
1,0.07976836711168289,0.9998273253440857,0.997640073299408,0.06782023111979167,0.028045654296875
1,0.4525318145751953,0.9999665021896362,0.9995452165603638,0.4375101725260417,0.416961669921875
1,0.36552417278289795,0.9999747276306152,0.9999030828475952,0.36688232421875,0.38031005859375
1,0.2115219235420227,0.9999914169311523,0.9998118281364441,0.19924128159422277,0.17086247086247086
1,0.24291855096817017,0.9998756647109985,0.9995505213737488,0.24155680338541666,0.23344930013020834
1,0.1426582932472229,0.9999831914901733,0.9998205304145813,0.14012654622395834,0.13834635416666666
1,0.9604352116584778,0.9999831914901733,0.9999364614486694,0.9615275065104166,0.9735209147135416
1,0.011562519706785679,0.9999496936798096,0.41808030009269714,0.0091552734375,0.006276448567708333
1,0.1424652487039566,0.9999117851257324,0.9994207620620728,0.13250732421875,0.134124755859375
1,0.011836659163236618,0.9999998807907104,0.9972611665725708,0.011627197265625,0.00433349609375
1,0.04187248647212982,0.9999887943267822,0.9988620281219482,0.04071044921875,0.020721435546875
1,0.12360343337059021,0.9999008178710938,0.9993663430213928,0.12041219075520833,0.13179524739583334
1,0.03443015739321709,0.9999743700027466,0.9996993541717529,0.03363037109375,0.02679443359375
1,0.13587777316570282,0.9999443292617798,0.9996825456619263,0.135284423828125,0.1353759765625
1,0.02403971552848816,0.9999829530715942,0.9861038327217102,0.022802687508569862,0.018693724576077517
1,0.4144154489040375,0.9999829530715942,0.9999421834945679,0.415863037109375,0.4170023600260417
1,0.07449061423540115,0.9999955892562866,0.9999117851257324,0.07112630208333333,0.06449381510416667
1,0.1344042867422104,0.9999817609786987,0.9998013377189636,0.123809814453125,0.11731974283854167
1,0.825239360332489,0.9998785257339478,0.9993147850036621,0.8311564127604166,0.8946431477864584
1,0.013360853306949139,0.9999866485595703,0.4840123653411865,0.009552538964303671,0.00759175465057818
1,0.0029624246526509523,0.9966625571250916,0.01979137770831585,0.0019022623697916667,0.0
1,0.147444948554039,0.9999858140945435,0.9986541271209717,0.14471435546875,0.15300496419270834
1,0.38960763812065125,0.9999945163726807,0.9999203681945801,0.3862406412760417,0.385101318359375
1,0.043735671788454056,0.9996923208236694,0.9974784851074219,0.037607828776041664,0.028310139973958332
1,0.07150983065366745,0.9999943971633911,0.9998775720596313,0.06377156575520833,0.056020100911458336
1,0.3969857096672058,0.9999974966049194,0.9998089671134949,0.392705078125,0.43180989583333335
1,0.4184257984161377,0.9999732971191406,0.9998260140419006,0.4109090169270833,0.4306233723958333
1,0.009335377253592014,0.9999946355819702,0.22028224170207977,0.007965087890625,0.005900065104166667
1,0.04414735734462738,0.9999959468841553,0.9998666048049927,0.043901869158878504,0.04344626168224299
1,0.05936048552393913,0.9999866485595703,0.9972744584083557,0.024139404296875,0.008921305338541666
1,0.07822728157043457,0.9999090433120728,0.9982522130012512,0.07441202799479167,0.035552978515625
1,0.03347424045205116,0.9999918937683105,0.9998968839645386,0.031758626302083336,0.025665283203125
1,0.016421960666775703,0.9999842643737793,0.7534448504447937,0.01104736328125,0.0
1,0.5394088625907898,0.9999855756759644,0.9999452829360962,0.5196431477864584,0.494659423828125
1,0.15086551010608673,0.9999620914459229,0.9973165392875671,0.13214133414559853,0.05028936947913494
1,0.008922823704779148,0.9998390674591064,0.17636218667030334,0.007843017578125,0.0
1,0.14630739390850067,0.999913215637207,0.9996970891952515,0.14365641276041666,0.1463623046875
1,0.07142608612775803,0.9999945163726807,0.9999614953994751,0.06861368815104167,0.06353759765625
1,0.0050527178682386875,0.9999995231628418,0.035813864320516586,0.003994140625,0.0
1,0.022723084315657616,0.9966233968734741,0.8212921023368835,0.016204833984375,0.0
1,0.07512245327234268,0.9999374151229858,0.9996566772460938,0.07513427734375,0.07383219401041667
1,0.020176928490400314,0.9999984502792358,0.9967142343521118,0.019615885416666666,0.018046875
1,0.02245022915303707,0.9999842643737793,0.9988967180252075,0.021067301432291668,0.017730712890625
1,0.0776156559586525,0.9999895095825195,0.9999426603317261,0.076171875,0.074462890625
1,0.011313539929687977,0.9947186708450317,0.5797037482261658,0.00958251953125,0.0
1,0.8517134785652161,0.9998992681503296,0.9996775388717651,0.8559061686197916,0.862335205078125
1,0.19436772167682648,0.9995608925819397,0.9977656602859497,0.166473388671875,0.12508138020833334
1,0.02854073978960514,0.9999896287918091,0.9994492530822754,0.027486165364583332,0.023824055989583332
1,0.06061612442135811,0.9999903440475464,0.9998666048049927,0.057566324869791664,0.052500406901041664
1,0.38812732696533203,0.9999792575836182,0.9997603297233582,0.3889363606770833,0.3894856770833333
1,0.17920973896980286,0.9996199607849121,0.9871970415115356,0.15147560730776952,0.06570422149623113
1,0.031560614705085754,0.9999991655349731,0.9999573230743408,0.031034666666666665,0.028688
1,0.07988755404949188,0.99991774559021,0.9996330738067627,0.07029215494791667,0.0643310546875
1,0.18816258013248444,0.9999165534973145,0.9989350438117981,0.17198933333333333,0.15256533333333333
1,0.015269160270690918,0.9999986886978149,0.9996606707572937,0.015065511067708334,0.012613932291666666
1,0.008318427950143814,0.9999862909317017,0.08434179425239563,0.007770182291666667,0.00310546875
1,0.10039609670639038,0.9999816417694092,0.9998390674591064,0.09929402669270833,0.09751383463541667
1,0.09617152065038681,0.9998984336853027,0.9981470108032227,0.08259073893229167,0.08748372395833333
1,0.05652133375406265,0.9999998807907104,0.9999635219573975,0.055901191253263705,0.05221932114882506
1,0.048373181372880936,0.9976403713226318,0.9729322791099548,0.043314615885416664,0.0
1,0.1290113776922226,0.9999755620956421,0.9998675584793091,0.12616984049479166,0.12392171223958333
1,0.08437677472829819,0.9997677206993103,0.9930144548416138,0.068695068359375,0.0272216796875
1,0.024320686236023903,0.9999891519546509,0.9997387528419495,0.023752848307291668,0.024922688802083332
1,0.4667383134365082,0.9999978542327881,0.9999605417251587,0.46832275390625,0.471466064453125
1,0.3800491988658905,0.9999943971633911,0.9998968839645386,0.36761067708333334,0.3658138020833333
1,0.0003777621313929558,0.41756829619407654,0.005468638613820076,0.0,0.0
1,0.02441033162176609,0.9999994039535522,0.99991774559021,0.023549397786458332,0.023488362630208332
1,0.09125446528196335,0.9999464750289917,0.9835969805717468,0.061,0.0
1,0.3896940052509308,0.9999915361404419,0.9999364614486694,0.391876220703125,0.3940531412760417
1,0.07262003421783447,0.999998927116394,0.9999394416809082,0.07187906901041667,0.06927490234375
1,0.6841833591461182,0.9999469518661499,0.9997677206993103,0.6760533333333333,0.6993546666666667
1,0.06383239477872849,0.9999916553497314,0.9999257326126099,0.051188151041666664,0.05035400390625
1,0.011739167384803295,0.9765353798866272,0.45840293169021606,0.007273356119791667,0.0
1,0.08232227712869644,0.9999755620956421,0.9997262358665466,0.08164469401041667,0.0782470703125
1,0.005757477600127459,0.9999983310699463,0.0017752605490386486,0.005615234375,0.004302978515625
1,0.025376545265316963,0.9999994039535522,0.999569296836853,0.023335774739583332,0.0205078125
1,0.1204523965716362,0.9987157583236694,0.9891397356987,0.081085205078125,0.0
1,0.027976572513580322,0.9999988079071045,0.9996579885482788,0.027516682942708332,0.027984619140625
1,0.12796343863010406,0.9999760389328003,0.9996992945671082,0.12629191080729166,0.13044230143229166
1,0.16169026494026184,0.9999960660934448,0.9999665021896362,0.15156046549479166,0.11745198567708333
1,0.027988271787762642,0.9999706745147705,0.985042929649353,0.027079264322916668,0.0
1,0.09201016277074814,0.9999971389770508,0.9996646642684937,0.09178670247395833,0.09180704752604167
1,0.12980227172374725,0.9999790191650391,0.9998859167098999,0.129302978515625,0.13023885091145834
1,0.18501155078411102,0.9997063279151917,0.9985730648040771,0.15599568684895834,0.14274088541666666
1,0.031239697709679604,0.9998579025268555,0.9824904799461365,0.028564453125,0.017995198567708332
1,0.09753960371017456,0.9999794960021973,0.999552309513092,0.09678141276041667,0.09220377604166667
1,0.018290549516677856,0.9998499155044556,0.9977479577064514,0.0177001953125,0.0145263671875
1,0.07865849137306213,0.9999563694000244,0.9998190999031067,0.0774537037037037,0.07280092592592592
1,0.019847756251692772,0.999993085861206,0.9995761513710022,0.018941243489583332,0.01629638671875
1,0.012633469887077808,0.9999692440032959,0.974483847618103,0.012181333333333334,0.011216
1,0.13299903273582458,0.9999847412109375,0.9997950196266174,0.13097127278645834,0.140716552734375
1,0.2825818359851837,0.9997965693473816,0.9986169934272766,0.24078703703703705,0.11245370370370371
1,0.015186223201453686,0.9622496962547302,0.5885846614837646,0.009165445963541666,0.0
1,0.0733201876282692,0.9979731440544128,0.9842886328697205,0.049931783453394454,0.017217856363239466
1,0.018346145749092102,0.9999972581863403,0.9994184374809265,0.018208821614583332,0.018076578776041668
1,0.07392048090696335,0.9999904632568359,0.9997997879981995,0.07245890299479167,0.07147216796875
1,0.045564934611320496,0.9999285936355591,0.9988794922828674,0.0430908203125,0.03240966796875
1,0.1952631026506424,0.9999097585678101,0.9993588328361511,0.19535319010416666,0.19759114583333334
1,0.09052740782499313,0.9999215602874756,0.9990853071212769,0.085479736328125,0.05865478515625
1,0.011623982340097427,0.9999990463256836,0.7824887037277222,0.01025390625,0.009195963541666666
1,0.018611038103699684,0.9999995231628418,0.9826908707618713,0.017432240961652728,0.012651400886695004
1,0.6098486185073853,0.9999808073043823,0.999891996383667,0.6109517415364584,0.6119791666666666
1,0.07574554532766342,0.9999855756759644,0.9999233484268188,0.07545979817708333,0.07472737630208333
1,0.01969047263264656,0.9999960660934448,0.9998984336853027,0.019368489583333332,0.018229166666666668
1,0.0390019528567791,0.9999649524688721,0.9997658133506775,0.038716634114583336,0.038533528645833336
1,0.04638710990548134,0.9999847412109375,0.9998438954353333,0.038828531901041664,0.029530843098958332
1,0.10450810939073563,0.9999953508377075,0.9999245405197144,0.10304768880208333,0.089599609375
1,0.014805731363594532,0.9967142343521118,0.8180774450302124,0.012247721354166666,0.0
1,0.056432053446769714,0.9998644590377808,0.9921537041664124,0.049825032552083336,0.0
1,0.03930279240012169,0.9999772310256958,0.9990414977073669,0.038930257161458336,0.042144775390625
1,0.04607957974076271,0.9999328851699829,0.9960078001022339,0.031626383463541664,0.0142822265625
1,0.014372388832271099,0.9999892711639404,0.9906960725784302,0.014211018880208334,0.012847900390625
1,0.23673592507839203,0.999996542930603,0.9988027811050415,0.22886149088541666,0.206268310546875
1,0.02810702472925186,0.999996542930603,0.998539388179779,0.024885001619695497,0.017146096533851636
1,0.04066574573516846,0.9998013377189636,0.999099612236023,0.040018717447916664,0.040069580078125
1,0.04278283193707466,0.9999988079071045,0.9999563694000244,0.042124430338541664,0.039937337239583336
1,0.01031563151627779,0.9996800422668457,0.4100533127784729,0.008165519312016128,0.0
1,0.17403657734394073,0.9994946718215942,0.9925682544708252,0.13746643325741867,0.07141218260307965
1,0.018914343789219856,0.9990034699440002,0.9056565761566162,0.014394124348958334,0.0
1,0.44335731863975525,0.9999068975448608,0.9992445707321167,0.4259541829427083,0.39599609375
1,0.4437830150127411,0.9999374151229858,0.9988752007484436,0.4231669108072917,0.3917439778645833
1,0.15154840052127838,0.9999947547912598,0.9999364614486694,0.14287312825520834,0.141937255859375
1,0.014322076924145222,0.9997219443321228,0.8509386777877808,0.012318929036458334,0.0
1,0.14917665719985962,0.9999954700469971,0.9998655319213867,0.14893595377604166,0.15202840169270834
1,0.016714362427592278,0.9999949932098389,0.9992504715919495,0.016614583333333332,0.015598958333333333
1,0.049904242157936096,0.9996607303619385,0.996971845626831,0.0498046875,0.0411376953125
1,0.25784990191459656,0.9999980926513672,0.9999605417251587,0.2515970865885417,0.21678670247395834
1,0.0815853476524353,0.999967098236084,0.9995399713516235,0.0740966796875,0.035085042317708336
1,0.2672872245311737,0.999983549118042,0.999841570854187,0.26790110270182294,0.27736663818359375
1,0.030559776350855827,0.9999836683273315,0.998848557472229,0.030039469401041668,0.0245361328125
1,0.46792522072792053,0.999996542930603,0.9999774694442749,0.4727884928385417,0.475311279296875
1,0.08285555988550186,0.999998927116394,0.9998427629470825,0.08127848307291667,0.08202107747395833
1,0.012264735996723175,0.9991135001182556,0.9657002687454224,0.012308756510416666,0.0
1,0.05281725153326988,0.9999614953994751,0.9974491000175476,0.04885796545105566,0.03426103646833013
1,0.010602625086903572,0.999484658241272,0.3802444636821747,0.007377622377622377,0.0
1,0.036878544837236404,0.9999535083770752,0.9984752535820007,0.034922281901041664,0.027567545572916668
1,0.09118956327438354,0.9999983310699463,0.9999654293060303,0.06390380859375,0.019785563151041668
1,0.041880130767822266,0.9999629259109497,0.9994557499885559,0.041731770833333334,0.04031901041666667
1,0.12954522669315338,0.9993952512741089,0.9969956874847412,0.11955769856770833,0.08760579427083333
1,0.017722835764288902,0.999208390712738,0.6321213245391846,0.010172526041666666,0.0
1,0.27111193537712097,0.9999918937683105,0.9999374151229858,0.2652087660944662,0.26243059892016807
0,0.027330396696925163,0.9872773289680481,0.5661929845809937,0.008036295572916666,0.0
0,0.45370325446128845,0.9996302127838135,0.9980732202529907,0.4116617838541667,0.380279541015625
0,0.12027612328529358,0.9937100410461426,0.9613142609596252,0.095794677734375,0.0479736328125
0,0.0750221237540245,0.9981684684753418,0.9777126312255859,0.05645751953125,0.0264892578125
0,0.015840936452150345,0.9872773289680481,0.6106223464012146,0.009806315104166666,0.0
0,0.04088658094406128,0.959307074546814,0.7518249154090881,0.018096923828125,0.0
0,0.0036971394438296556,0.9517735838890076,0.06176270171999931,0.0004069010416666667,0.0
0,0.10819772630929947,0.9989797472953796,0.9866234660148621,0.07801310221354167,0.012837727864583334
0,0.10029319673776627,0.997065007686615,0.9554855227470398,0.07079060872395833,0.0
0,0.015985528007149696,0.9991768002510071,0.6365417838096619,0.010101318359375,0.0
0,0.07047664374113083,0.9820137619972229,0.8973305225372314,0.06255086263020833,0.0
0,0.03092949278652668,0.9842154383659363,0.5997764468193054,0.008860270182291666,0.0
0,0.06110294163227081,0.9957848191261292,0.9049869179725647,0.043212890625,0.0
0,0.21945558488368988,0.9983958601951599,0.9945935010910034,0.20562744140625,0.20072428385416666
0,1.365456137136789e-05,0.0008199321455322206,0.00019110430730506778,0.0,0.0
0,0.005300978664308786,0.9378969073295593,0.14187128841876984,0.002166748046875,0.0
0,3.786034358199686e-05,0.005448068492114544,0.000609378854278475,0.0,0.0
0,0.10142255574464798,0.9956516623497009,0.9711290597915649,0.07581583658854167,0.0
0,0.1432258039712906,0.9995417594909668,0.991455614566803,0.113128662109375,0.0
0,0.05190957710146904,0.9890975952148438,0.9194937944412231,0.034932454427083336,0.0
0,0.40246713161468506,0.9981470108032227,0.9933071732521057,0.366119384765625,0.2829081217447917
0,0.004774551838636398,0.966092050075531,0.09670579433441162,0.001434326171875,0.0
0,0.065342016518116,0.9958980679512024,0.9761745929718018,0.046620686848958336,0.033172607421875
0,0.04820045456290245,0.9857181310653687,0.9390214681625366,0.031911214192708336,0.0
0,0.12173851579427719,0.9951325058937073,0.9761732220649719,0.091796875,0.014302571614583334
0,0.006067259237170219,0.9147487282752991,0.184028759598732,0.0028483072916666665,0.0
0,0.0010398468002676964,0.3734187185764313,0.020685462281107903,0.0,0.0
0,0.022299176082015038,0.9604353904724121,0.58669513463974,0.00836181640625,0.0
0,0.0041483924724161625,0.9027811288833618,0.08373591303825378,0.0006612141927083334,0.0
0,0.045821432024240494,0.996249258518219,0.916857123374939,0.0302734375,0.0
0,0.3123580813407898,0.9998644590377808,0.9992021918296814,0.27078703703703705,0.11497685185185186
0,0.04141445830464363,0.9999599456787109,0.9876167178153992,0.03337066666666667,0.012512
0,0.006513144820928574,0.9896718263626099,0.031298283487558365,0.006103515625,0.0
0,0.03549555689096451,0.9604353904724121,0.7412996292114258,0.016225179036458332,0.0
0,0.006490660365670919,0.9913222789764404,0.1155608743429184,0.0026448567708333335,0.0
0,0.15693123638629913,0.9991990923881531,0.985382616519928,0.12669881184895834,0.019134521484375
0,0.1849869340658188,0.9985392093658447,0.9820833206176758,0.12906920077972708,0.07379629629629629
0,0.5224682688713074,0.999276340007782,0.9949001669883728,0.45632083333333334,0.4440541666666667
0,0.004637739155441523,0.9659639000892639,0.07343138754367828,0.0028482228626320843,0.0
0,0.0002472705382388085,0.7819972634315491,0.0022694687359035015,1.722652885443583e-05,0.0
0,0.11536386609077454,0.9997918009757996,0.9967268705368042,0.1048062015503876,0.09176141257536606
0,0.00011693793931044638,0.06596492975950241,0.0020190139766782522,0.0,0.0
0,0.00648642098531127,0.9719924926757812,0.15520647168159485,0.003109854604200323,0.0
0,0.16645127534866333,0.9987695813179016,0.992061972618103,0.11938983574247398,0.049340835501786987
0,0.07970608025789261,0.9790357351303101,0.8346765637397766,0.04738666666666667,0.0
0,0.26537010073661804,0.9997197985649109,0.9952999353408813,0.2307625649913345,0.16500336992104755
0,0.03527205064892769,0.9986169338226318,0.9142983555793762,0.021504232997123993,0.0
0,0.07871632277965546,0.9993928670883179,0.9718859195709229,0.050082026977761575,0.019590270182687244
0,0.0019782271701842546,0.44281718134880066,0.04377273842692375,0.0,0.0
0,0.013307513669133186,0.9989392161369324,0.4720418155193329,0.006521925684373123,0.0
0,0.030543450266122818,0.9915215969085693,0.7228206396102905,0.01465607113447645,0.0
0,0.0822569876909256,0.9989141225814819,0.956308901309967,0.05074658324458644,0.011886537096201633
0,0.00024712583399377763,0.09947021305561066,0.004867417737841606,0.0,0.0
0,0.020470062270760536,0.8426043391227722,0.2798284888267517,0.0010005482456140352,0.0
0,0.0003460868902038783,0.27884554862976074,0.0053640566766262054,0.0,0.0
0,0.022962160408496857,0.9997950196266174,0.9281486868858337,0.01663751214771623,0.00885973436993845
0,0.009532521478831768,0.9988574981689453,0.2533101737499237,0.0074251302083333335,0.0
0,0.3024322986602783,0.9997901320457458,0.9981397390365601,0.26575461685417107,0.23812566334111654
0,0.011951170861721039,0.9840936064720154,0.4105808138847351,0.006095641646489104,0.0
0,0.1849869340658188,0.9985392093658447,0.9820833206176758,0.12906920077972708,0.07379629629629629
0,0.001106791547499597,0.9815244078636169,0.0015367271844297647,0.0009306866254474455,0.0
0,0.23873364925384521,0.9998794794082642,0.9961259365081787,0.19688597662428364,0.06579298728508925
0,0.01196686178445816,0.9969485402107239,0.4773869812488556,0.008377777777777777,0.0
0,0.00011693793931044638,0.06596492975950241,0.0020190139766782522,0.0,0.0
0,0.028804952278733253,0.9951702952384949,0.8929365277290344,0.02079445481205012,0.0
0,0.033333539962768555,0.9939496517181396,0.9274948239326477,0.026105324074074072,0.0
0,0.0034518276806920767,0.9618217349052429,0.04858620837330818,0.0016471354166666668,0.0
0,0.15177354216575623,0.9988120794296265,0.9936610460281372,0.08529608478674693,0.04516129032258064
0,0.16645127534866333,0.9987695813179016,0.992061972618103,0.11938983574247398,0.049340835501786987
0,0.03845784813165665,0.8864204287528992,0.6090185642242432,0.008830186223979998,0.0
0,0.02257274091243744,0.991186797618866,0.6677740812301636,0.011151175213675214,0.0
0,0.004278747830539942,0.989591658115387,0.049151793122291565,0.002708225953756703,0.0
0,0.0006426297477446496,0.8980534672737122,0.005771571770310402,0.00010186793626284073,0.0
0,0.009747819043695927,0.9998785257339478,0.3181281089782715,0.007475594227504244,0.0
0,0.02416534721851349,0.9991672039031982,0.9911527037620544,0.021779378255208332,0.017893473307291668
0,0.05981295183300972,0.9969005584716797,0.7475993633270264,0.020670572916666668,0.0
0,0.00010771952656796202,0.02178117074072361,0.0016103574307635427,0.0,0.0
0,0.00206083245575428,0.5933736562728882,0.03409849852323532,0.0,0.0
0,0.03499072417616844,0.9890975952148438,0.7507191300392151,0.015391031901041666,0.0
0,0.05399785935878754,0.9974787831306458,0.9678974747657776,0.04364013671875,0.0
0,0.001450593932531774,0.731634259223938,0.022284910082817078,6.103515625e-05,0.0
0,0.05694153532385826,0.9891397356987,0.9443824291229248,0.041514078776041664,0.0
0,0.04882815480232239,0.9854404330253601,0.898944079875946,0.030995686848958332,0.0
0,0.16546469926834106,0.9954615235328674,0.9780097603797913,0.13880411783854166,0.0858154296875
0,0.11711209267377853,0.9973061084747314,0.9743373394012451,0.08397420247395833,0.0
0,0.07553597539663315,0.9958337545394897,0.958844780921936,0.058603922526041664,0.0
0,0.018103279173374176,0.9937345385551453,0.466811865568161,0.007283528645833333,0.0
0,0.12488752603530884,0.9979888200759888,0.9888837337493896,0.10506184895833333,0.028035481770833332
0,0.0001477012992836535,0.04377273842692375,0.0031603530514985323,0.0,0.0
0,0.12724129855632782,0.9985505938529968,0.9931495785713196,0.113616943359375,0.0828857421875
0,0.08183043450117111,0.9988395571708679,0.9921537041664124,0.071136474609375,0.037445068359375
0,0.036849234253168106,0.9518632292747498,0.7879263162612915,0.02130126953125,0.0
0,0.1379297971725464,0.9994000196456909,0.9965435862541199,0.12250773111979167,0.100372314453125
0,0.12826229631900787,0.9983450174331665,0.9882676005363464,0.10857137044270833,0.052571614583333336
0,0.022214187309145927,0.8828325867652893,0.4873945713043213,0.005533854166666667,0.0
0,0.07898039370775223,0.9832789301872253,0.8982321619987488,0.052541097005208336,0.0
0,0.08260253071784973,0.9917163252830505,0.9675945043563843,0.07065836588541667,0.0252685546875
0,0.13514316082000732,0.9993513226509094,0.9942250847816467,0.11342366536458333,0.052317301432291664
0,0.10423087328672409,0.9994162321090698,0.9803550839424133,0.075164794921875,0.017903645833333332
0,0.14253109693527222,0.9990072846412659,0.9923341274261475,0.12383015950520833,0.1199951171875
0,0.00461577856913209,0.9153559803962708,0.05877332016825676,0.0021769205729166665,0.0
0,0.17245709896087646,0.9995875954627991,0.9979731440544128,0.152618408203125,0.10566202799479167
0,0.21670758724212646,0.9996566772460938,0.9981324076652527,0.18941243489583334,0.19089762369791666
0,0.04734303429722786,0.9973785877227783,0.9503133296966553,0.031494140625,0.005910237630208333
0,0.0166744627058506,0.815232515335083,0.392391562461853,0.0014750162760416667,0.0
0,0.06932593137025833,0.996364176273346,0.9082930684089661,0.040506998697916664,0.0
0,0.08554977178573608,0.9933071732521057,0.9432430863380432,0.06268310546875,0.0
0,0.04598962143063545,0.9832789301872253,0.9323264956474304,0.030782063802083332,0.0
0,0.03451161086559296,0.8603691458702087,0.5368877649307251,0.005747477213541667,0.0
0,0.001098852138966322,0.09739040583372116,0.016466174274683,0.0,0.0
0,0.1907951682806015,0.9979888200759888,0.9923638105392456,0.15880330403645834,0.12074788411458333
0,0.017019206658005714,0.985042929649353,0.3760432302951813,0.005238850911458333,0.0
0,0.003987092990428209,0.42548587918281555,0.0941716730594635,0.0,0.0
0,0.16169175505638123,0.9972744584083557,0.9776272177696228,0.12583414713541666,0.0469970703125
0,0.007856194861233234,0.5917822122573853,0.18653921782970428,0.0,0.0
0,0.0017299233004450798,0.2540460526943207,0.02124669961631298,0.0,0.0
0,0.1203935369849205,0.9949199557304382,0.9577521681785583,0.09527587890625,0.0
0,0.05274661257863045,0.9869794845581055,0.86269211769104,0.021820068359375,0.0
0,0.17708928883075714,0.9966625571250916,0.9870296716690063,0.1441650390625,0.048177083333333336
0,0.3026251494884491,0.9995539784431458,0.9975751042366028,0.2709757486979167,0.19792683919270834
0,0.007928173989057541,0.957833468914032,0.27972421050071716,0.0038045247395833335,0.0
0,0.042894672602415085,0.9878996014595032,0.733738124370575,0.01629638671875,0.0
0,0.007182902190834284,0.6017690896987915,0.20040114223957062,0.0,0.0
0,0.01861041598021984,0.8665847778320312,0.38989144563674927,0.0018107096354166667,0.0
0,0.004587538540363312,0.5729020237922668,0.06560484319925308,0.0,0.0
0,0.05122983455657959,0.9868786931037903,0.9076353311538696,0.027516682942708332,0.0
0,0.08261710405349731,0.9921537041664124,0.8944156169891357,0.044820149739583336,0.0
0,0.013324055820703506,0.9320833086967468,0.2839798927307129,0.0026753743489583335,0.0
0,0.038257449865341187,0.9193534255027771,0.603052020072937,0.0089111328125,0.0
0,0.014118914492428303,0.9657707214355469,0.42996421456336975,0.005259195963541667,0.0
0,0.001449352246709168,0.6623597741127014,0.0238694716244936,0.000152587890625,0.0
0,0.039535973221063614,0.9829546809196472,0.7572454214096069,0.017527262369791668,0.0
0,0.005295808892697096,0.8789390921592712,0.10836624354124069,0.0006103515625,0.0
0,0.0032744528725743294,0.8276889324188232,0.060086652636528015,0.0003662109375,0.0
0,0.049166154116392136,0.9812389612197876,0.8936755657196045,0.033335367838541664,0.0
0,0.020088262856006622,0.9820826053619385,0.711728572845459,0.012125651041666666,0.0
0,0.058705899864435196,0.9855521321296692,0.8420855402946472,0.027862548828125,0.0
0,0.0007908530533313751,0.5581162571907043,0.010447416454553604,0.0,0.0
0,0.06438178569078445,0.9982522130012512,0.9585376977920532,0.051422119140625,0.0
0,0.006565056275576353,0.777637779712677,0.12294064462184906,0.0002848307291666667,0.0
0,0.004448634572327137,0.9453993439674377,0.07237008213996887,0.0004069010416666667,0.0
0,0.1434890776872635,0.9989556074142456,0.9934611320495605,0.135711669921875,0.14023844401041666
0,0.0005568813649006188,0.7305783033370972,0.003209961112588644,7.120768229166667e-05,0.0
0,0.0683869794011116,0.9969245791435242,0.9818752408027649,0.052876790364583336,0.034077962239583336
0,0.07558117061853409,0.9993952512741089,0.9863104820251465,0.053721110026041664,0.020731608072916668
0,0.004505590535700321,0.8150853514671326,0.08866234868764877,0.00022379557291666666,0.0
0,0.1058596670627594,0.9939730763435364,0.9639838933944702,0.06541951497395833,0.0
0,0.2542324662208557,0.9937345385551453,0.9782188534736633,0.19956461588541666,0.11338297526041667
0,0.0031650338787585497,0.666496753692627,0.05042406916618347,2.0345052083333332e-05,0.0
0,0.0362129844725132,0.9946774244308472,0.9736947417259216,0.028411865234375,0.021759033203125
0,0.004936208948493004,0.8474634885787964,0.12743203341960907,0.0009765625,0.0
0,0.07864577323198318,0.9878528118133545,0.9389128684997559,0.043070475260416664,0.0
0,0.24687272310256958,0.9995344877243042,0.9983579516410828,0.23221842447916666,0.23185221354166666
0,0.13241642713546753,0.9987404942512512,0.9892232418060303,0.10686238606770833,0.052164713541666664
0,0.08205094188451767,0.9969722032546997,0.9856076240539551,0.06734212239583333,0.0389404296875
0,0.2648235559463501,0.9981251358985901,0.993854820728302,0.22960408528645834,0.150054931640625
0,0.09225422143936157,0.9955142140388489,0.980205237865448,0.075592041015625,0.052083333333333336
0,0.1266787201166153,0.9976769089698792,0.9900636076927185,0.10926310221354167,0.092559814453125
0,0.10378263145685196,0.9992792010307312,0.9921528100967407,0.087860107421875,0.018239339192708332
0,0.01744227297604084,0.9664738178253174,0.4940284788608551,0.007110595703125,0.0
0,0.007646846119314432,0.8554893136024475,0.14681604504585266,0.0006815592447916666,0.0
0,0.12341877818107605,0.9998633861541748,0.9992445111274719,0.10264078776041667,0.06864420572916667
0,0.17156459391117096,0.9988027811050415,0.994401752948761,0.15154012044270834,0.14844767252604166
0,0.08441215008497238,0.9880388379096985,0.9374402165412903,0.06476847330729167,0.0
0,0.0012703785905614495,0.6270381808280945,0.01941823400557041,1.0172526041666666e-05,0.0
0,0.02633742243051529,0.9993147850036621,0.9728792309761047,0.02044677734375,0.015604654947916666
0,0.017266955226659775,0.9696707129478455,0.6484397053718567,0.010589599609375,0.0
0,0.002066157991066575,0.9041438698768616,0.027479128912091255,0.00079345703125,0.0
0,0.08566047996282578,0.97334223985672,0.8638482093811035,0.043660481770833336,0.0
0,0.0004590387979988009,0.07290027290582657,0.007999754510819912,0.0,0.0
0,2.706182567635551e-05,0.0039454069919884205,0.00033535013790242374,0.0,0.0
0,0.009152968414127827,0.9820826053619385,0.3181609511375427,0.006123860677083333,0.0
0,0.04371434822678566,0.996321439743042,0.9782188534736633,0.035135904947916664,0.0301513671875
0,0.001791290007531643,0.9759005904197693,0.00740215415135026,0.0012715657552083333,0.0
0,0.0022293946240097284,0.7951813340187073,0.030675798654556274,0.0005391438802083334,0.0
0,0.09304488450288773,0.9971990585327148,0.9829527139663696,0.07982381184895833,0.055613199869791664
0,0.016337500885128975,0.9937829375267029,0.8576417565345764,0.015004475911458334,0.0
0,0.21940213441848755,0.998279333114624,0.9952999353408813,0.18638102213541666,0.14837646484375
0,0.1494412124156952,0.9971103668212891,0.9853278994560242,0.11753336588541667,0.085540771484375
0,0.3684745728969574,0.9994184970855713,0.9970765113830566,0.3256327311197917,0.2745768229166667
0,0.1350584179162979,0.9975751042366028,0.9761745929718018,0.09511311848958333,0.025065104166666668
0,0.030974050983786583,0.9944880604743958,0.9007046222686768,0.017628987630208332,0.0
0,0.10334045439958572,0.9977481961250305,0.9783420562744141,0.07947794596354167,0.0
0,0.023295210674405098,0.974773108959198,0.73331618309021,0.013651529947916666,0.0
0,0.35047125816345215,0.9997219443321228,0.9985674619674683,0.339599609375,0.355194091796875
0,0.24878573417663574,0.9995158910751343,0.9974191188812256,0.21339925130208334,0.08205159505208333
0,0.1751493662595749,0.9978001713752747,0.9883114099502563,0.12614949544270834,0.0704345703125
0,0.08890945464372635,0.9983515739440918,0.992061972618103,0.07598876953125,0.054890950520833336
0,0.02290547825396061,0.9872281551361084,0.8539053797721863,0.016204833984375,0.0
0,0.1363268941640854,0.9983189702033997,0.9937829375267029,0.10896809895833333,0.07494099934895833
0,0.44709548354148865,0.999930739402771,0.9990224838256836,0.4214070638020833,0.4153951009114583
0,0.3179800510406494,0.9998736381530762,0.9976494908332825,0.280914306640625,0.18598429361979166
0,0.07049523293972015,0.9998655319213867,0.9942474365234375,0.057830810546875,0.008799235026041666
0,0.024026110768318176,0.9837850332260132,0.8233283758163452,0.018290201822916668,0.0
0,0.25580844283103943,0.9990378618240356,0.996434211730957,0.239837646484375,0.2232666015625
0,0.08832115679979324,0.9995711445808411,0.9949001669883728,0.07692464192708333,0.052775065104166664
0,0.12671445310115814,0.9964480400085449,0.9658995866775513,0.085174560546875,0.0
0,0.004633672535419464,0.9229002594947815,0.08479086309671402,0.0008443196614583334,0.0
0,0.2477627545595169,0.9972531199455261,0.9876639246940613,0.20255533854166666,0.12724812825520834
0,0.12269369512796402,0.9967268705368042,0.9842759370803833,0.10791015625,0.080169677734375
0,0.15584343671798706,0.9990745782852173,0.9954615235328674,0.14317830403645834,0.13287353515625
0,0.052455708384513855,0.9989877343177795,0.958615243434906,0.040293375651041664,0.020467122395833332
0,0.00041508328285999596,0.7483522891998291,0.0026109430473297834,0.00010172526041666667,0.0
0,0.007968418300151825,0.6731916666030884,0.12635010480880737,5.0862630208333336e-05,0.0
0,0.0005117221735417843,0.16491954028606415,0.00815530214458704,0.0,0.0
0,0.0010133181931450963,0.5412876009941101,0.017309095710515976,0.0,0.0
0,0.06716927140951157,0.9775000214576721,0.7945348620414734,0.027577718098958332,0.0
0,0.003163669491186738,0.8433797955513,0.06301946938037872,0.0003560384114583333,0.0
0,0.16416946053504944,0.9984269142150879,0.9936856627464294,0.13703409830729166,0.123626708984375
0,0.022876551374793053,0.9993461966514587,0.967523992061615,0.018025716145833332,0.009134928385416666
0,0.0014333477010950446,0.547947883605957,0.028542527928948402,0.0,0.0
0,0.06897806376218796,0.9995505213737488,0.9878044128417969,0.055419921875,0.023427327473958332
0,0.026896359398961067,0.9899863600730896,0.8566924333572388,0.0181884765625,0.0
0,0.0373651422560215,0.9970421195030212,0.9721499085426331,0.029469807942708332,0.0
0,0.011884481646120548,0.854520857334137,0.232827827334404,0.0010172526041666667,0.0
0,0.04474892094731331,0.9976949095726013,0.9842759370803833,0.03680419921875,0.029591878255208332
0,0.15143164992332458,0.9996429681777954,0.9952448010444641,0.13535563151041666,0.13249715169270834
0,0.036824703216552734,0.9859364032745361,0.9145963191986084,0.028025309244791668,0.0
0,0.008968141861259937,0.8500956892967224,0.23791925609111786,0.0013834635416666667,0.0
0,0.09532002359628677,0.9648551344871521,0.9008738994598389,0.057840983072916664,0.0
0,0.01795189082622528,0.9803186058998108,0.5212122797966003,0.007954915364583334,0.0
0,0.16106711328029633,0.9981178045272827,0.9886244535446167,0.133941650390625,0.066680908203125
0,0.06895998865365982,0.9903290271759033,0.9381240010261536,0.048116048177083336,0.023325602213541668
0,0.03924180567264557,0.9956176280975342,0.9405717849731445,0.029276529947916668,0.0
0,0.08506276458501816,0.9966365098953247,0.9786706566810608,0.056355794270833336,0.0
0,0.0769420862197876,0.9934357404708862,0.9582237601280212,0.0595703125,0.0
0,0.1607092320919037,0.9959140419960022,0.9585376977920532,0.12709554036458334,0.0228271484375
0,0.12579451501369476,0.9958011507987976,0.9605836272239685,0.10026041666666667,0.0
0,1.1375836038496345e-05,0.02498779445886612,0.00011058577365474775,0.0,0.0
0,0.2158801108598709,0.9989758729934692,0.9958494901657104,0.17314656575520834,0.10423787434895833
0,0.001971124904230237,0.5595006346702576,0.03711481764912605,0.0,0.0
0,0.00030680428608320653,0.11260011047124863,0.005220125894993544,0.0,0.0
0,0.023468418046832085,0.9923638105392456,0.7613611221313477,0.01312255859375,0.0
0,0.10270437598228455,0.9955489635467529,0.9827572107315063,0.07666015625,0.029937744140625
0,0.18234987556934357,0.9989877343177795,0.9944666028022766,0.15678914388020834,0.11236572265625
0,0.03535918518900871,0.9774571061134338,0.7403565049171448,0.01739501953125,0.0
0,0.0057012648321688175,0.9754368662834167,0.11575465649366379,0.0018513997395833333,0.0
0,0.15792658925056458,0.9993928670883179,0.9949592351913452,0.13863118489583334,0.1231689453125
0,0.12270397692918777,0.9997677206993103,0.9982247948646545,0.10871378580729167,0.07756551106770833
0,0.04376930370926857,0.9957020878791809,0.971562385559082,0.036753336588541664,0.026407877604166668
0,0.044177815318107605,0.995566189289093,0.9558990597724915,0.033487955729166664,0.0
0,0.22596319019794464,0.9998218417167664,0.998971700668335,0.19859822591145834,0.15809122721354166
0,0.2687951624393463,0.9997305274009705,0.9988840222358704,0.24504597981770834,0.253326416015625
0,0.041756946593523026,0.9956176280975342,0.8873999118804932,0.026438395182291668,0.0
0,0.3548695743083954,0.9992678761482239,0.9959927201271057,0.3228861490885417,0.3019816080729167
0,0.017299603670835495,0.9740425944328308,0.42373281717300415,0.005788167317708333,0.0
0,0.41796958446502686,0.999160647392273,0.9975370168685913,0.3846537272135417,0.344757080078125
0,0.038140833377838135,0.9946358799934387,0.9167081117630005,0.024058024088541668,0.0
0,0.08340910822153091,0.9866234660148621,0.9116480946540833,0.053761800130208336,0.0
0,0.1420048326253891,0.9982522130012512,0.9902915358543396,0.11253865559895833,0.07108561197916667
0,0.3145197033882141,0.9989995360374451,0.9947595000267029,0.2897135416666667,0.2931111653645833
0,0.03691208362579346,0.9990378618240356,0.9827572107315063,0.031392415364583336,0.015167236328125
0,0.2241247147321701,0.9995417594909668,0.9967520236968994,0.19069417317708334,0.13307698567708334
0,0.050518348813056946,0.9851576089859009,0.915804386138916,0.0374755859375,0.0
0,0.0011838350910693407,0.20545557141304016,0.02186330407857895,0.0,0.0
0,0.16881881654262543,0.9976949095726013,0.9879462122917175,0.14246622721354166,0.11595662434895833
0,0.17067021131515503,0.9969485402107239,0.9837225079536438,0.13637288411458334,0.031412760416666664
0,0.03148037567734718,0.9600626826286316,0.5790380835533142,0.007558186848958333,0.0
0,0.3346124589443207,0.9994138479232788,0.9965431690216064,0.3038736979166667,0.3388671875
0,0.01626148633658886,0.9886244535446167,0.5097403526306152,0.008046468098958334,0.0
0,0.08674322813749313,0.9970421195030212,0.9517709016799927,0.058888753255208336,0.0
0,0.014036423526704311,0.9769347906112671,0.35476163029670715,0.004852294921875,0.0
0,0.6403968930244446,0.99991774559021,0.9993384480476379,0.6300150553385416,0.6547749837239584
0,0.4897878170013428,0.9996229410171509,0.9979966282844543,0.4569498697916667,0.4250284830729167
0,0.15736733376979828,0.9966365098953247,0.9834685921669006,0.12819417317708334,0.06553141276041667
0,0.1135236993432045,0.9970421195030212,0.9662834405899048,0.08869425455729167,0.0
0,0.050336699932813644,0.9897513389587402,0.9084556102752686,0.035939534505208336,0.0
0,0.07522254437208176,0.9944666028022766,0.9107043743133545,0.0406494140625,0.0
0,0.009918342344462872,0.854520857334137,0.22987043857574463,0.0020039876302083335,0.0
0,0.06376183778047562,0.9992903470993042,0.9944227933883667,0.048960367838541664,0.031565348307291664
0,0.04993182793259621,0.9989718198776245,0.9835318922996521,0.0390625,0.018798828125
0,0.32986006140708923,0.9998205304145813,0.9982247948646545,0.3047892252604167,0.3554484049479167
0,0.2473575323820114,0.9990034699440002,0.9962195158004761,0.22536214192708334,0.18775431315104166
0,0.19870413839817047,0.9989182949066162,0.9952448010444641,0.18150838216145834,0.16859944661458334
0,0.2728036344051361,0.9992237091064453,0.9973477125167847,0.2502848307291667,0.22967529296875
0,0.22940243780612946,0.9986435770988464,0.9942025542259216,0.19459025065104166,0.154998779296875
0,0.0007021434721536934,0.3721628487110138,0.01196109689772129,0.0,0.0
0,0.14205396175384521,0.9925969839096069,0.9562273025512695,0.10123697916666667,0.0
0,0.07685843855142593,0.996936559677124,0.9736431837081909,0.0556640625,0.0
0,0.034811679273843765,0.999508261680603,0.9932287931442261,0.029510498046875,0.023763020833333332
0,0.007558081299066544,0.7893961071968079,0.15354536473751068,0.0005696614583333334,0.0
0,0.01872445084154606,0.983020007610321,0.6347595453262329,0.010213216145833334,0.0
0,0.15462316572666168,0.9912208914756775,0.954562783241272,0.11850992838541667,0.0
0,0.027856362983584404,0.995075523853302,0.9180359840393066,0.021107991536458332,0.0
0,0.02194591425359249,0.9762200117111206,0.7075027227401733,0.0133056640625,0.0
0,0.12396135926246643,0.9980121850967407,0.9916195869445801,0.11918131510416667,0.11492919921875
0,0.0017086989246308804,0.9139840602874756,0.0029694451950490475,0.0008341471354166666,0.0
0,0.019457688555121422,0.9937829375267029,0.7424048781394958,0.013326009114583334,0.0
0,0.009423336014151573,0.9775857925415039,0.27395978569984436,0.003631591796875,0.0
0,0.01336431223899126,0.9808025360107422,0.21650314331054688,0.0015665690104166667,0.0
0,0.003199690720066428,0.7871142029762268,0.05470151826739311,0.000274658203125,0.0
0,5.184101246413775e-05,0.008348054252564907,0.0006878511630930007,0.0,0.0
0,0.00020676014537457377,0.17652960121631622,0.003209961112588644,0.0,0.0
0,1.016564328892855e-05,0.004905405919998884,0.00020662983297370374,0.0,0.0
0,0.021412475034594536,0.9992848038673401,0.9328176975250244,0.018758138020833332,0.0
0,0.049719393253326416,0.9890975952148438,0.9155072569847107,0.03955078125,0.0
0,0.0009755340870469809,0.1705079972743988,0.02404807135462761,0.0,0.0
0,0.034474290907382965,0.9985505938529968,0.9757596254348755,0.0301513671875,0.0
0,0.05933329835534096,0.9983769655227661,0.9837225079536438,0.049947102864583336,0.0
0,0.001607435173355043,0.45087310671806335,0.043365802615880966,0.0,0.0
0,0.0016710837371647358,0.8927496671676636,0.024983523413538933,0.000701904296875,0.0
0,0.0019320766441524029,0.8537908792495728,0.01908743381500244,0.00023396809895833334,0.0
0,0.15519358217716217,0.9990527033805847,0.9969835877418518,0.144805908203125,0.1676025390625
0,0.0005964272422716022,0.2467147707939148,0.011418294161558151,0.0,0.0
0,0.3871306777000427,0.999937891960144,0.9970878958702087,0.3555370544090056,0.37079737335834895
0,0.0022197451908141375,0.6926419734954834,0.029092971235513687,0.0001388888888888889,0.0
0,0.10333110392093658,0.9975370168685913,0.9909800887107849,0.09760416666666667,0.042916666666666665
0,0.22385749220848083,0.9998176693916321,0.9992296695709229,0.20630208333333333,0.19234375
0,0.04912101477384567,0.9901401400566101,0.857171356678009,0.026432291666666666,0.0
0,0.014917454682290554,0.9845753908157349,0.455928236246109,0.0061333333333333335,0.0
0,0.003571686102077365,0.907312273979187,0.06779436767101288,0.001696,0.0
0,0.004371775779873133,0.9909447431564331,0.03941712900996208,0.0033658854166666668,0.0
0,0.09445150941610336,0.9981756210327148,0.9594592452049255,0.05462204007285974,0.030091074681238617
0,0.08041690289974213,0.9975274205207825,0.9521309733390808,0.05418125,0.01663125
0,0.10627400130033493,0.9978843331336975,0.9812029004096985,0.08656003937007874,0.05504429133858268
0,0.015462893061339855,0.9993487000465393,0.49735012650489807,0.009117217898832684,0.006235408560311284
0,0.005975028499960899,0.9994786381721497,0.0874079167842865,0.004090466926070039,0.0
0,0.002972088288515806,0.8364209532737732,0.055310651659965515,0.0001125,0.0
0,0.061334189027547836,0.9994319081306458,0.971564531326294,0.05049375,0.018483333333333334
0,0.028313832357525826,0.9994274377822876,0.925499677658081,0.01727557915057915,0.005193050193050193
0,0.027438227087259293,0.9997305274009705,0.9393606185913086,0.021356177606177605,0.0
0,0.008813794702291489,0.999998927116394,0.13364119827747345,0.0005333011583011583,0.0
0,0.015456144697964191,0.9882676005363464,0.3532050549983978,0.00458665262141462,0.0
0,0.15522044897079468,0.9985104203224182,0.9935867786407471,0.12887316276537833,0.11288695336599529
0,0.000817502907011658,0.6570984721183777,0.011419614776968956,4.145936981757877e-06,0.0
0,0.1417049616575241,0.9995197057723999,0.9906960725784302,0.10540466392318244,0.012588020118884316
0,0.12752191722393036,0.998498797416687,0.95123291015625,0.09662551440329219,0.0
0,0.16318181157112122,0.999276340007782,0.9922143816947937,0.11374028349336991,0.0732053040695016
0,0.027304312214255333,0.9987157583236694,0.9162596464157104,0.02092347594049653,0.0
0,0.014681566506624222,0.9940658807754517,0.521838366985321,0.007836965294592413,0.0
0,0.006810038350522518,0.9950177073478699,0.1364932507276535,0.0047708333333333335,0.0
0,0.15087103843688965,0.9988664388656616,0.9891397356987,0.13265200163956825,0.12365623719087307
0,0.007901174016296864,0.9058233499526978,0.24831907451152802,0.0020345052083333335,0.0
0,0.06867089122533798,0.9985449314117432,0.9854404330253601,0.06304931640625,0.057393391927083336
0,0.044210415333509445,0.97334223985672,0.8116714954376221,0.027923583984375,0.0
0,0.0036098062992095947,0.7097237706184387,0.10465472936630249,0.000213623046875,0.0
0,0.000120415301353205,0.19728974997997284,0.0009584649815224111,0.0,0.0
0,0.00028769628261215985,0.037467505782842636,0.006589771714061499,0.0,0.0
0,0.008721028454601765,0.9938070178031921,0.2747403681278229,0.007537841796875,0.0
0,0.00190079549793154,0.5629575252532959,0.03817827254533768,0.0,0.0
0,0.00017623987514525652,0.03547750413417816,0.002482276875525713,0.0,0.0
0,3.47164291270019e-06,0.0005907104932703078,5.1845658163074404e-05,0.0,0.0
0,1.3619132914755028e-05,0.0015011822106316686,0.00016474656877107918,0.0,0.0
0,0.00258500874042511,0.982624351978302,0.005774929653853178,0.002105712890625,0.0
0,0.008056349121034145,0.9978760480880737,0.11495739966630936,0.007415771484375,0.0
0,0.014425131492316723,0.9930152893066406,0.7623974680900574,0.011555989583333334,0.0
0,0.004017417784780264,0.8022459149360657,0.11991634219884872,0.0002848307291666667,0.0
0,0.00010335579281672835,0.01358439214527607,0.0016101694200187922,0.0,0.0
0,5.183159009902738e-05,0.007345826830714941,0.0008796061738394201,0.0,0.0
0,2.4112145183607936e-05,0.004924510605633259,0.0003859660937450826,0.0,0.0
0,0.00011689695384120569,0.025083139538764954,0.0016875095898285508,0.0,0.0
0,0.010983475483953953,0.6648667454719543,0.23686911165714264,9.1552734375e-05,0.0
0,0.015380088239908218,0.9980657696723938,0.8110601902008057,0.012980143229166666,0.0
0,0.1464759260416031,0.9916519522666931,0.9682595729827881,0.108123779296875,0.020233154296875
0,0.2490043044090271,0.9973269701004028,0.9920610785484314,0.22040812174479166,0.17527262369791666
0,0.015083168633282185,0.9700703024864197,0.40969130396842957,0.004709879557291667,0.0
0,0.16866539418697357,0.9992533326148987,0.9957020878791809,0.15647379557291666,0.127105712890625
0,0.06594128161668777,0.988711953163147,0.9375547766685486,0.043599446614583336,0.0
0,0.09178820997476578,0.9963500499725342,0.9866234660148621,0.0833740234375,0.054402669270833336
0,0.02376279979944229,0.9954082369804382,0.8736433982849121,0.017303466796875,0.0
0,0.0038577141240239143,0.9384632706642151,0.04115288704633713,0.003021240234375,0.0
0,0.0035697321873158216,0.3883860111236572,0.06916356831789017,0.0,0.0
0,0.04800515994429588,0.9984330534934998,0.9927109479904175,0.044392903645833336,0.0384521484375
0,0.030319197103381157,0.9945730566978455,0.6208463311195374,0.009979248046875,0.0
0,0.047090280801057816,0.9983450174331665,0.9510514140129089,0.0380859375,0.0
0,0.015092160552740097,0.9943581223487854,0.5132889151573181,0.007344563802083333,0.0
0,0.00011171359801664948,0.01164222415536642,0.0017207354540005326,0.0,0.0
0,0.018315667286515236,0.9880388379096985,0.6958519220352173,0.01214599609375,0.0
0,0.04389211907982826,0.958304226398468,0.8507131338119507,0.033742268880208336,0.0
0,0.01059401873499155,0.9778834581375122,0.4506564438343048,0.00811767578125,0.0
0,0.0010869078105315566,0.49759867787361145,0.014840708114206791,0.0,0.0
0,0.0017436421476304531,0.602587878704071,0.03718677535653114,0.0,0.0
0,0.0003492983232717961,0.06804042309522629,0.0071214293129742146,0.0,0.0
0,0.028596146032214165,0.988447368144989,0.7932613492012024,0.019978841145833332,0.0
0,0.005657763686031103,0.9046505093574524,0.1482900083065033,0.0006510416666666666,0.0
0,0.01144445315003395,0.9960237741470337,0.5431035161018372,0.009348551432291666,0.0
0,0.0007934612222015858,0.7073035836219788,0.010366956703364849,0.00011189778645833333,0.0
0,0.07506205886602402,0.9980044960975647,0.9715067148208618,0.059224446614583336,0.0
0,0.0004119245277252048,0.19759924709796906,0.007460643537342548,0.0,0.0
0,0.006357685197144747,0.9678993225097656,0.16939763724803925,0.0038859049479166665,0.0
0,0.006553706247359514,0.9977656602859497,0.0191541388630867,0.006011962890625,0.0
0,0.0011201666202396154,0.9444848895072937,0.023688117042183876,0.00016276041666666666,0.0
0,0.0003966694639530033,0.35353976488113403,0.005469274707138538,0.0,0.0
0,7.317071776924422e-06,0.002521268092095852,0.00013032974675297737,0.0,0.0
0,0.015024027787148952,0.9909797310829163,0.8388078808784485,0.014241536458333334,0.008524576822916666
0,0.004405053332448006,0.8088233470916748,0.1321714073419571,0.0006306966145833334,0.0
0,0.00017657277930993587,0.2040245234966278,0.001372368773445487,0.0,0.0
0,0.13469292223453522,0.9998205304145813,0.9980196952819824,0.12876383463541666,0.11317952473958333
0,0.005236088763922453,0.937210738658905,0.10248421877622604,0.00177001953125,0.0
0,0.00022267129679676145,0.06383161246776581,0.0035936026833951473,0.0,0.0
0,0.05206291750073433,0.9908034801483154,0.9312127232551575,0.036326090494791664,0.0
0,0.02140076272189617,0.996570348739624,0.8484593629837036,0.016194661458333332,0.0
0,0.0015925635816529393,0.9003546833992004,0.016338249668478966,0.00054931640625,0.0
0,0.0006453972891904414,0.7977144718170166,0.0007946325931698084,0.00016276041666666666,0.0
0,0.015127725899219513,0.9537942409515381,0.5409532785415649,0.007293701171875,0.0
0,0.005638499278575182,0.9433475732803345,0.14475229382514954,0.0011189778645833333,0.0
0,0.18056243658065796,0.9999145269393921,0.9994887113571167,0.1739501953125,0.13885498046875
0,0.004859645385295153,0.9783847332000732,0.11104826629161835,0.0026041666666666665,0.0
0,0.0012420330895110965,0.5457699298858643,0.013170428574085236,0.0,0.0
0,0.017645014449954033,0.9898695349693298,0.7055670022964478,0.012451171875,0.0
0,7.769482908770442e-05,0.01640303246676922,0.0014437558129429817,0.0,0.0
0,0.003132720710709691,0.8578872084617615,0.050327833741903305,0.0006103515625,0.0
0,0.0028600171208381653,0.8904848694801331,0.03781915456056595,0.0009663899739583334,0.0
0,1.8573800844023935e-05,0.008847354911267757,0.00029595711384899914,0.0,0.0
0,0.024347269907593727,0.9590010046958923,0.654118537902832,0.011525472005208334,0.0
0,3.135892984573729e-05,0.008251599036157131,0.0004710117937065661,0.0,0.0
0,4.3649255530908704e-05,0.010248602367937565,0.0009697519708424807,0.0,0.0
0,2.1660051061189733e-05,0.004556113854050636,0.00030061634606681764,0.0,0.0
0,0.04080524295568466,0.9887987971305847,0.9596843123435974,0.0377197265625,0.032623291015625
0,8.934264042181894e-05,0.20705431699752808,0.0010900626657530665,0.0,0.0
0,2.4128554287017323e-05,0.012920473702251911,0.0004124558763578534,0.0,0.0
0,0.012853304855525494,0.9998247027397156,0.9493829607963562,0.012044270833333334,0.008392333984375
0,8.035324572119862e-05,0.0445975735783577,0.001309605548158288,0.0,0.0
0,0.02392754890024662,0.9885361194610596,0.8283842206001282,0.01654052734375,0.0
0,0.05897999927401543,0.9934101700782776,0.9334271550178528,0.0416259765625,0.0
0,0.0015532155521214008,0.942294716835022,0.005865338258445263,0.0005391438802083334,0.0
0,0.0013182788388803601,0.9593832492828369,0.006955996621400118,0.0008443196614583334,0.0
0,0.05289130285382271,0.9822876453399658,0.9444817900657654,0.044281005859375,0.031687418619791664
0,1.949810939549934e-05,0.010328153148293495,0.00032250722870230675,0.0,0.0
0,0.0015622811624780297,0.5336709022521973,0.0389750711619854,0.0,0.0
0,1.143554527516244e-05,0.0016941033536568284,0.00021654405281879008,0.0,0.0
0,0.0001514305913588032,0.20497775077819824,0.001867565792053938,0.0,0.0
0,0.06383584439754486,0.9968024492263794,0.9830850958824158,0.0589599609375,0.021952311197916668
0,2.3569831682834774e-05,0.002746900776401162,0.0004254933737684041,0.0,0.0
0,0.00591112719848752,0.9674102663993835,0.1962047815322876,0.0014851888020833333,0.0
0,3.1433006370207295e-05,0.014559519477188587,0.0005092656938359141,0.0,0.0
0,0.04655182361602783,0.9855521321296692,0.8919937014579773,0.027750651041666668,0.0
0,0.00019971963774878532,0.06198946014046669,0.00415008096024394,0.0,0.0
0,2.658267658262048e-05,0.006564249284565449,0.000499362125992775,0.0,0.0
0,0.07839827984571457,0.9935867786407471,0.94862961769104,0.0660400390625,0.0
0,0.04158400744199753,0.9993687272071838,0.9898695349693298,0.034617106119791664,0.017812093098958332
0,0.026674583554267883,0.9969245791435242,0.8904734253883362,0.01812744140625,0.0
0,0.0101559953764081,0.939581573009491,0.3063039183616638,0.004923502604166667,0.0
0,0.20491580665111542,0.9997219443321228,0.997739315032959,0.163848876953125,0.09311930338541667
0,0.00043690981692634523,0.2146914005279541,0.009522485546767712,0.0,0.0
0,0.1731591671705246,0.9986276626586914,0.9797453284263611,0.14271036783854166,0.036671956380208336
0,0.0837160125374794,0.9993384480476379,0.9731897711753845,0.062418619791666664,0.0
0,6.985419531702064e-06,0.001004416379146278,0.00012830943160224706,0.0,0.0
0,0.0001728578208712861,0.061536744236946106,0.003899620845913887,0.0,0.0
0,0.08433250337839127,0.9969005584716797,0.9910828471183777,0.08452351888020833,0.077911376953125
0,0.0655689463019371,0.996570348739624,0.9568741321563721,0.0484619140625,0.037129720052083336
0,3.823340011877008e-05,0.011331754736602306,0.0005295418086461723,0.0,0.0
0,0.00046847842168062925,0.5497614741325378,0.004149597603827715,0.0,0.0
0,2.4016824681893922e-05,0.005001672077924013,0.0004710117937065661,0.0,0.0
0,6.978426245041192e-05,0.05813159793615341,0.0010361457243561745,0.0,0.0
0,0.00954796839505434,0.9889705181121826,0.4502708315849304,0.008443196614583334,0.0
0,0.000564146030228585,0.35365137457847595,0.0026112475898116827,0.0,0.0
0,0.00012511272507254034,0.02433018945157528,0.0031603530514985323,0.0,0.0
0,0.0008200484444387257,0.8353492617607117,0.005934066604822874,0.00020345052083333334,0.0
0,0.001917394925840199,0.8321002125740051,0.0384661927819252,0.0003153483072916667,0.0
0,0.00019529335258994251,0.14426937699317932,0.0031974867451936007,0.0,0.0
0,1.9562603483791463e-05,0.005179712548851967,0.00028678716626018286,0.0,0.0
0,0.023573843762278557,0.87103670835495,0.6364626884460449,0.010691324869791666,0.0
0,8.53387828101404e-05,0.0219902191311121,0.001356401713564992,0.0,0.0
0,0.0014184870524331927,0.9132132530212402,0.005685907322913408,0.00067138671875,0.0
0,0.00021886482136324048,0.13939638435840607,0.00391482375562191,0.0,0.0
0,0.015304152853786945,0.9965029954910278,0.5133677124977112,0.007232666015625,0.0
0,1.1086870472354349e-05,0.001367025775834918,0.00019716942915692925,0.0,0.0
0,2.3907283321022987e-05,0.027637720108032227,0.0003327412996441126,0.0,0.0
0,0.00773278996348381,0.6710395812988281,0.22185100615024567,1.0172526041666666e-05,0.0
0,0.0008502589189447463,0.6734064817428589,0.012288597412407398,3.0517578125e-05,0.0
0,0.0004242305876687169,0.14977994561195374,0.012241275049746037,0.0,0.0
0,0.009622055105865002,0.9936116337776184,0.28457003831863403,0.003509521484375,0.0
0,7.081041258061305e-05,0.020645931363105774,0.0010775025002658367,0.0,0.0
0,0.08301094174385071,0.9904775619506836,0.9412234425544739,0.048563639322916664,0.0
0,0.0029326307121664286,0.6416469216346741,0.06359857320785522,2.0345052083333332e-05,0.0
0,0.014632620848715305,0.8725647330284119,0.2423849105834961,0.0003662109375,0.0
0,0.0053747352212667465,0.9084556102752686,0.1425861269235611,0.0011800130208333333,0.0
0,5.296175368130207e-05,0.024469668045639992,0.0005861161625944078,0.0,0.0
0,0.00010387258225819096,0.2592626214027405,0.002050504321232438,0.0,0.0
0,0.0014779595658183098,0.21850258111953735,0.03102617897093296,0.0,0.0
0,0.004200976807624102,0.4919593334197998,0.0991208553314209,0.0,0.0
0,0.00013278500409796834,0.19132769107818604,0.0018748616566881537,0.0,0.0
0,0.0003703021502587944,0.2458084672689438,0.0076066721230745316,0.0,0.0
0,0.0013874457217752934,0.7220373153686523,0.027636146172881126,3.0517578125e-05,0.0
0,0.00023870705626904964,0.2709622383117676,0.00402244133874774,0.0,0.0
0,0.00015638723562005907,0.07821886986494064,0.003311519045382738,0.0,0.0
0,6.499900337075815e-06,0.0034030056558549404,0.00012053648970322683,0.0,0.0
0,0.00027407630113884807,0.5916642546653748,0.0008829425787553191,0.0,0.0
0,0.011837116442620754,0.9150528311729431,0.3575674891471863,0.0034891764322916665,0.0
0,0.01850055158138275,0.9969245791435242,0.8498428463935852,0.014211018880208334,0.0
0,0.0006221211515367031,0.20339089632034302,0.009633651934564114,0.0,0.0
0,0.019718436524271965,0.998364269733429,0.8119744062423706,0.013722737630208334,0.0
0,0.022873343899846077,0.8840392827987671,0.45134952664375305,0.00299072265625,0.0
0,0.011486115865409374,0.9775429368019104,0.39663127064704895,0.005645751953125,0.0
0,0.0032915491610765457,0.6785399913787842,0.1114344596862793,5.0862630208333336e-05,0.0
0,0.008712253533303738,0.9473810195922852,0.23264817893505096,0.0019022623697916667,0.0
0,0.027029575780034065,0.9763556718826294,0.8137480616569519,0.021799723307291668,0.0
0,0.00047924238606356084,0.4088667035102844,0.005910381209105253,0.0,0.0
0,0.0028093999717384577,0.8082186579704285,0.06620602309703827,0.000152587890625,0.0
0,0.0001935004402184859,0.28388065099716187,0.0026112475898116827,0.0,0.0
0,0.1148490309715271,0.9922744631767273,0.964655876159668,0.09857177734375,0.07041422526041667
0,0.00564543716609478,0.5506979823112488,0.1411558836698532,0.0,0.0
0,0.000802810478489846,0.2514638304710388,0.014281933195888996,0.0,0.0
0,0.0018620480550453067,0.6777940392494202,0.030327534303069115,5.0862630208333336e-05,0.0
0,0.002134403446689248,0.3559987545013428,0.037047166377305984,0.0,0.0
0,0.0297037735581398,0.9962638020515442,0.9048188328742981,0.020894368489583332,0.0
0,0.025373270735144615,0.9886244535446167,0.7158035635948181,0.013559977213541666,0.0
0,0.003040269948542118,0.9261703491210938,0.07765325158834457,0.0007832845052083334,0.0
0,0.006991697940975428,0.9773707389831543,0.11596072465181351,0.0012003580729166667,0.0
0,0.006040589883923531,0.8879840970039368,0.1737041175365448,0.0003255208333333333,0.0
0,0.0002952206414192915,0.02822098508477211,0.004981690086424351,0.0,0.0
0,0.0021382381673902273,0.6163586974143982,0.0388268381357193,0.0,0.0
0,0.0022617673967033625,0.43182373046875,0.046809419989585876,0.0,0.0
0,0.04240718483924866,0.9997546076774597,0.9954609870910645,0.037129720052083336,0.02813720703125
0,0.003538200631737709,0.9954082369804382,0.0064631374552845955,0.0032450358072916665,0.0
0,0.0006261353846639395,0.10800064355134964,0.011508148163557053,0.0,0.0
0,0.03303079679608345,0.9845753908157349,0.854763388633728,0.02886962890625,0.0
0,0.018254563212394714,0.9851576089859009,0.6353152394294739,0.010284423828125,0.0
0,0.001164724351838231,0.8719117641448975,0.012722708284854889,0.00020345052083333334,0.0
0,0.04805368185043335,0.9856076240539551,0.8912387490272522,0.029866536458333332,0.0
0,3.120216933893971e-05,0.004503272473812103,0.0004255431122146547,0.0,0.0
0,0.05986584722995758,0.9972099661827087,0.9697853922843933,0.046254475911458336,0.0
0,0.29453057050704956,0.9990490078926086,0.9977656602859497,0.2966512044270833,0.30413818359375
0,0.011582042090594769,0.9732407331466675,0.33927685022354126,0.0037943522135416665,0.0
0,0.0008772562141530216,0.15140381455421448,0.02140854485332966,0.0,0.0
0,6.213657616171986e-05,0.09334688633680344,0.0010240867268294096,0.0,0.0
0,0.00041547531145624816,0.18877223134040833,0.005598248913884163,0.0,0.0
0,0.00020751806732732803,0.02013874053955078,0.0034429810475558043,0.0,0.0
0,0.0003423372108954936,0.21403354406356812,0.00815530214458704,0.0,0.0
0,0.0005178381106816232,0.048316068947315216,0.007815889082849026,0.0,0.0
0,8.947117021307349e-05,0.022457052022218704,0.001604089280590415,0.0,0.0
0,0.003107169410213828,0.9683213829994202,0.0139541020616889,0.0019327799479166667,0.0
0,0.00020969360775779933,0.20386600494384766,0.003311519045382738,0.0,0.0
0,0.00013338837015908211,0.03676946833729744,0.002305125119164586,0.0,0.0
0,0.04605138674378395,0.9724670648574829,0.6953349113464355,0.014475504557291666,0.0
0,0.001869283034466207,0.8122723698616028,0.02590654417872429,0.0003255208333333333,0.0
0,0.00012093049008399248,0.0333368256688118,0.001560889300890267,0.0,0.0
0,0.016917215660214424,0.9925103187561035,0.7034262418746948,0.011545817057291666,0.0
0,0.012237033806741238,0.9993880987167358,0.6165705323219299,0.009958902994791666,0.0
0,0.0002571457589510828,0.05042406916618347,0.003809630172327161,0.0,0.0
0,0.0033797873184084892,0.9647224545478821,0.04138239845633507,0.0018412272135416667,0.0
0,0.058954935520887375,0.9969005584716797,0.9672868847846985,0.054972330729166664,0.0374755859375
0,7.174470374593511e-05,0.04377273842692375,0.0012351678451523185,0.0,0.0
0,0.03769650682806969,0.9865199327468872,0.9324495792388916,0.033498128255208336,0.0
0,0.011975482106208801,0.9269675612449646,0.41512882709503174,0.0025838216145833335,0.0
0,0.06826379895210266,0.9905142784118652,0.9197824001312256,0.041737874348958336,0.0
0,0.0027740783989429474,0.6964746713638306,0.06406543403863907,2.0345052083333332e-05,0.0
0,0.02978201024234295,0.9933330416679382,0.8610680103302002,0.018880208333333332,0.0
0,0.04106190428137779,0.9980732202529907,0.9509549140930176,0.034474690755208336,0.0
0,0.0016012744745239615,0.3085026443004608,0.03252822160720825,0.0,0.0
0,0.1591155081987381,0.9930423498153687,0.9815244078636169,0.13640340169270834,0.114959716796875
0,0.01609122008085251,0.997231662273407,0.6745737791061401,0.010813395182291666,0.0
0,0.012304686941206455,0.8279673457145691,0.3435553014278412,0.00048828125,0.0
0,0.0052172839641571045,0.9438672661781311,0.09601026773452759,0.0012003580729166667,0.0
0,0.0024276685435324907,0.36851930618286133,0.05664929747581482,0.0,0.0
0,0.0022528746630996466,0.953880250453949,0.024144042283296585,0.0007120768229166666,0.0
0,8.067340786510613e-06,0.001367025775834918,0.00010637458035489544,0.0,0.0
0,0.0001373394188703969,0.08225394785404205,0.0014607495395466685,0.0,0.0
0,0.0357743464410305,0.9886244535446167,0.8414351940155029,0.0233154296875,0.0
0,0.004732667002826929,0.627266526222229,0.13239897787570953,1.0172526041666666e-05,0.0
0,2.126114304701332e-05,0.012920473702251911,0.000374095601728186,0.0,0.0
0,0.015093180350959301,0.985496461391449,0.7848043441772461,0.012725830078125,0.0
0,0.0024473979137837887,0.7427950501441956,0.038247909396886826,8.138020833333333e-05,0.0
0,0.0038823315408080816,0.8942365646362305,0.09790152311325073,0.00103759765625,0.0
0,0.0032802161294966936,0.6918097734451294,0.07004514336585999,8.138020833333333e-05,0.0
0,0.04390591382980347,0.9904035329818726,0.9041388034820557,0.025644938151041668,0.0
0,0.003952180501073599,0.8290771842002869,0.06669065356254578,0.000457763671875,0.0
0,0.0007696454413235188,0.23161423206329346,0.01384861022233963,0.0,0.0
0,0.0002718452305998653,0.11066322773694992,0.004962942097336054,0.0,0.0
0,0.001274576410651207,0.9036349058151245,0.01815951243042946,0.0004069010416666667,0.0
0,0.03984958305954933,0.9878996014595032,0.9290551543235779,0.034372965494791664,0.0
0,0.05735066160559654,0.9981827735900879,0.9896718263626099,0.050882975260416664,0.040995279947916664
0,0.014602969400584698,0.9932025074958801,0.6436519026756287,0.010406494140625,0.0
0,0.0652628019452095,0.9895108342170715,0.9139794707298279,0.050699869791666664,0.0
0,0.037053655833005905,0.994551956653595,0.8743929266929626,0.027323404947916668,0.0
0,0.09510808438062668,0.9981613755226135,0.9936116337776184,0.089691162109375,0.09386189778645833
0,0.06669960916042328,0.9977038502693176,0.985496461391449,0.054850260416666664,0.014475504557291666
0,0.00021899089915677905,0.03608394414186478,0.004451041109859943,0.0,0.0
0,0.09279251098632812,0.9767580628395081,0.9103862047195435,0.07660929361979167,0.0
0,0.040227752178907394,0.9963357448577881,0.9453963041305542,0.030059814453125,0.0
0,0.0383240170776844,0.9871788024902344,0.8360157608985901,0.022369384765625,0.0
0,0.005342154297977686,0.6724392175674438,0.10743748396635056,2.0345052083333332e-05,0.0
0,0.001789894886314869,0.5802331566810608,0.03416481614112854,0.0,0.0
0,0.23019422590732574,0.9988395571708679,0.9917163252830505,0.197479248046875,0.14054361979166666
0,0.04808220639824867,0.999841570854187,0.9907320141792297,0.043996175130208336,0.013234456380208334
0,0.23061847686767578,0.9992620348930359,0.9941340088844299,0.20683797200520834,0.18410237630208334
0,0.2645179033279419,0.9992052912712097,0.995566189289093,0.225799560546875,0.1788330078125
0,0.0005637783906422555,0.2609540820121765,0.00628990214318037,0.0,0.0
0,0.25265297293663025,0.9959140419960022,0.9814178347587585,0.21589152018229166,0.07410685221354167
0,0.03566785901784897,0.9920926690101624,0.9118099808692932,0.026234944661458332,0.0
0,0.23023797571659088,0.9985505938529968,0.9906237721443176,0.19684855143229166,0.069000244140625
0,2.928665344370529e-05,0.046899255365133286,0.0005316132446750998,0.0,0.0
0,0.0035466451663523912,0.9366336464881897,0.03442160785198212,0.00140380859375,0.0
0,0.008035686798393726,0.988711953163147,0.23298659920692444,0.004842122395833333,0.0
0,0.005390599370002747,0.5739172697067261,0.14450706541538239,0.0,0.0
0,0.16972362995147705,0.9966625571250916,0.9867772459983826,0.14670817057291666,0.07938639322916667
0,0.009878559038043022,0.9345147609710693,0.30859121680259705,0.005961100260416667,0.0
0,0.012601512484252453,0.999713122844696,0.9799301028251648,0.011932373046875,0.007843017578125
0,0.011561785824596882,0.9859904050827026,0.40074411034584045,0.0059814453125,0.0
0,0.026454448699951172,0.9915215969085693,0.8801774382591248,0.018625895182291668,0.0
0,0.049200404435396194,0.9633685946464539,0.7216392159461975,0.01678466796875,0.0
0,0.010088194161653519,0.7505527138710022,0.24707795679569244,0.0005696614583333334,0.0
0,0.22291962802410126,0.9993358254432678,0.9954084157943726,0.196775,0.1356
0,0.03774750605225563,0.9899476170539856,0.917302668094635,0.030436197916666668,0.0
0,0.03155181184411049,0.9883578419685364,0.7043635845184326,0.013841145833333334,0.0
0,0.01293235644698143,0.9900250434875488,0.7217432260513306,0.011129557291666667,0.0
0,0.036717064678668976,0.9917803406715393,0.9024378061294556,0.025511067708333335,0.0
0,0.018851717934012413,0.9969245791435242,0.7932661771774292,0.013008,0.0
0,0.008288298733532429,0.8648820519447327,0.2958337664604187,0.0011494954427083333,0.0
0,0.001815925701521337,0.8810019493103027,0.015072628855705261,0.0003662109375,0.0
0,0.007658752147108316,0.9938787817955017,0.16465072333812714,0.0037333170572916665,0.0
0,0.03967411816120148,0.9980581402778625,0.8728868961334229,0.024576822916666668,0.0
0,0.01999538764357567,0.9982725381851196,0.8370839357376099,0.01361083984375,0.0
0,0.012438170611858368,0.9575167298316956,0.340485155582428,0.0032246907552083335,0.0
0,0.02320355921983719,0.9976218342781067,0.8519539833068848,0.015164092664092663,0.002722007722007722
0,0.29325178265571594,0.999891996383667,0.9986329674720764,0.2462624007936508,0.15024801587301587
0,0.11156487464904785,0.9985785484313965,0.9822195768356323,0.08576172685761727,0.023578248235782483
0,0.0016698784893378615,0.9641867876052856,0.017242778092622757,0.0006468531468531469,0.0
0,0.02591790445148945,0.9997325539588928,0.9710193276405334,0.023153005464480875,0.0
0,3.0414952561841346e-05,0.1445106863975525,0.0002531563804950565,0.0,0.0
0,0.01012478582561016,0.9992175102233887,0.47196653485298157,0.00925355794365379,0.0
0,0.45336008071899414,0.9997603297233582,0.9986749291419983,0.41710673474349624,0.38940919037199123
0,0.004544595256447792,0.9811307191848755,0.07450161129236221,0.002296849087893864,0.0
0,0.29667460918426514,0.9999567270278931,0.9976677298545837,0.2518460969293378,0.2552256751757307
0,0.3892578184604645,0.9998190999031067,0.9990527033805847,0.3495811287477954,0.33068342151675484
0,0.43861904740333557,0.9998300075531006,0.9984512329101562,0.4084078947368421,0.4043201754385965
0,0.21964699029922485,0.9999412298202515,0.9959771037101746,0.19842198581560283,0.13751329787234043
0,0.023066356778144836,0.9995044469833374,0.7084183692932129,0.01201067615658363,0.0
0,0.1609460711479187,0.9990187883377075,0.985042929649353,0.1149257830292313,0.03716876992739062
0,0.04598657786846161,0.9971990585327148,0.9584600329399109,0.030485527544351073,0.010508870214752568
0,0.05708250030875206,0.9956516623497009,0.9568765759468079,0.03949740281302626,0.015369654419961576
0,0.17688558995723724,0.9985561966896057,0.9867772459983826,0.13768851954447522,0.05395506309633733
0,0.1714518517255783,0.9995810389518738,0.9961457848548889,0.14203231292517007,0.0686734693877551
0,0.014182931743562222,0.9835337996482849,0.46241357922554016,0.007509578544061302,0.0
0,0.12073418498039246,0.9998785257339478,0.9960851669311523,0.10447530864197531,0.05964663643235072
0,0.05986383557319641,0.9992175102233887,0.9575962424278259,0.040085416666666665,0.004341666666666666
0,0.11802981048822403,0.9997153878211975,0.9906237721443176,0.09027291666666666,0.03430625
0,0.27254432439804077,0.9996229410171509,0.9933071732521057,0.23475,0.17058333333333334
0,0.19244156777858734,0.9983124732971191,0.9915870428085327,0.16887152777777778,0.1361574074074074
0,0.24752388894557953,0.99991774559021,0.9960699081420898,0.21761687734686272,0.15177982793426942
0,0.0003764533903449774,0.728168785572052,0.0032726835925132036,1.0172526041666666e-05,0.0
0,1.2539975614345167e-05,0.0013198634842410684,0.0002182420575991273,0.0,0.0
0,0.29837343096733093,0.9996849298477173,0.9977216124534607,0.262481689453125,0.19764200846354166
0,0.23100756108760834,0.9997507929801941,0.9975466132164001,0.21803792317708334,0.20647176106770834
0,0.07536336034536362,0.9951889514923096,0.969956636428833,0.056915283203125,0.0
0,0.2888944149017334,0.9992819428443909,0.9977127313613892,0.268218994140625,0.2774454752604167
0,0.03760693594813347,0.9923043847084045,0.9013959169387817,0.025309244791666668,0.0
0,0.08096659928560257,0.9977743029594421,0.9679599404335022,0.059733072916666664,0.010823567708333334
0,0.000527861004229635,0.11971653997898102,0.01219413336366415,0.0,0.0
0,1.461767442378914e-05,0.003899620845913887,0.00028685410507023335,0.0,0.0
0,2.9534634450101294e-05,0.005426943302154541,0.0004205874283798039,0.0,0.0
0,0.1480797529220581,0.9983385801315308,0.9925103187561035,0.121490478515625,0.10011800130208333
0,0.06424251943826675,0.9875683188438416,0.9222025275230408,0.04345703125,0.0
0,0.0060210018418729305,0.9832789301872253,0.09619516879320145,0.00341796875,0.0
0,0.03484974429011345,0.9937345385551453,0.9111748933792114,0.0240478515625,0.0
0,0.15041501820087433,0.9995177984237671,0.9948803186416626,0.13328043619791666,0.074462890625
0,0.22927884757518768,0.9999421834945679,0.9995326399803162,0.21550496419270834,0.178131103515625
0,0.0001760825834935531,0.026105914264917374,0.0032986511941999197,0.0,0.0
0,0.07067346572875977,0.9979966282844543,0.9843363761901855,0.06763712565104167,0.024078369140625
0,0.10037258267402649,0.9989182949066162,0.9892635941505432,0.07445271809895833,0.032023111979166664
0,0.10883522778749466,0.9957020878791809,0.9462003111839294,0.078155517578125,0.0
0,0.0062632630579173565,0.5766015648841858,0.13741320371627808,0.0,0.0
0,0.03510917350649834,0.969613254070282,0.5705090165138245,0.0068359375,0.0
0,0.025782540440559387,0.9726234674453735,0.6771506667137146,0.011789957682291666,0.0
0,0.01755433902144432,0.9900250434875488,0.6421542167663574,0.010548909505208334,0.0
0,0.09196297079324722,0.9998247027397156,0.9978760480880737,0.079132080078125,0.056752522786458336
0,0.09922471642494202,0.9976677298545837,0.982557475566864,0.07600911458333333,0.0
0,0.24869954586029053,0.9997817873954773,0.9984083771705627,0.21531168619791666,0.12830607096354166
0,0.020657114684581757,0.9189178347587585,0.4736558794975281,0.003946940104166667,0.0
0,8.000085654202849e-05,0.043446898460388184,0.0011559007689356804,0.0,0.0
0,0.0047016870230436325,0.7682119607925415,0.09334193170070648,0.00022379557291666666,0.0
0,0.03244060277938843,0.9936856627464294,0.9019206762313843,0.022247314453125,0.0
0,0.16655807197093964,0.9970536231994629,0.9857729077339172,0.13995361328125,0.063995361328125
0,8.950667688623071e-05,0.034423552453517914,0.001103026675991714,0.0,0.0
0,0.028525294736027718,0.9846936464309692,0.8505890369415283,0.020284016927083332,0.0
0,0.03311680629849434,0.9959298968315125,0.859413743019104,0.017751057942708332,0.0
0,0.00012096075806766748,0.14235107600688934,0.0018031664658337831,0.0,0.0
0,0.015389570035040379,0.9901782274246216,0.7529056668281555,0.011820475260416666,0.0
0,0.06180761754512787,0.9994162321090698,0.9896718263626099,0.049112955729166664,0.032765706380208336
0,0.00972254853695631,0.985042929649353,0.3308905363082886,0.0028483072916666665,0.0
0,0.05628199502825737,0.9988707900047302,0.985324501991272,0.043385823567708336,0.024027506510416668
0,0.06386835873126984,0.9994340538978577,0.9902527332305908,0.054758707682291664,0.039499918619791664
0,0.04143087565898895,0.9790757894515991,0.8492186665534973,0.023600260416666668,0.0
0,0.004171444568783045,0.9692660570144653,0.04076698049902916,0.003173828125,0.0
0,0.0031464535277336836,0.9934101700782776,0.02701479196548462,0.0016581217447916667,0.0
0,0.024619249626994133,0.990767776966095,0.8458074331283569,0.014841715494791666,0.0
0,3.351753912284039e-05,0.0017073673661798239,0.0003785036678891629,0.0,0.0
0,3.890974403475411e-05,0.0042151594534516335,0.0007792749674990773,0.0,0.0
0,0.0011763436486944556,0.575289785861969,0.014390676282346249,0.0,0.0
0,0.030558710917830467,0.9710743427276611,0.8307315111160278,0.020222981770833332,0.0
0,0.05863884463906288,0.9934101700782776,0.9621787071228027,0.045878092447916664,0.0
0,0.036916207522153854,0.9970421195030212,0.8832359910011292,0.022359212239583332,0.0
0,0.0004863922076765448,0.9664738178253174,0.0012644219677895308,0.00020345052083333334,0.0
0,0.006399600300937891,0.9139840602874756,0.17050385475158691,0.0017801920572916667,0.0
0,0.060528915375471115,0.9943581223487854,0.942081868648529,0.041575113932291664,0.0
0,0.018832935020327568,0.9942474365234375,0.9277530312538147,0.016489664713541668,0.0
0,0.0073763360269367695,0.992061972618103,0.1696808636188507,0.004191080729166667,0.0
0,0.04624679684638977,0.9984452128410339,0.9584577083587646,0.037556966145833336,0.008056640625
0,0.010853013955056667,0.9241418242454529,0.24944177269935608,0.0023091634114583335,0.0
0,0.0012975245481356978,0.7523766160011292,0.025419652462005615,0.00016276041666666666,0.0
0,1.9923498257412575e-05,0.004416555631905794,0.00034330005291849375,0.0,0.0
0,0.0077673220075666904,0.9138304591178894,0.19299523532390594,0.002593994140625,0.0
0,3.371054845047183e-05,0.04760265722870827,0.0004974744515493512,0.0,0.0
0,0.0347566083073616,0.9899863600730896,0.8446615934371948,0.022074381510416668,0.0
0,0.02305755577981472,0.9698426127433777,0.6117246747016907,0.009592692057291666,0.0
0,0.0060427431017160416,0.8251674771308899,0.16145241260528564,0.0006103515625,0.0
0,0.00015262349916156381,0.09417666494846344,0.0031480707693845034,0.0,0.0
0,0.02450627274811268,0.9855521321296692,0.8519490361213684,0.017974853515625,0.0
0,0.021457107737660408,0.9917484521865845,0.7903637290000916,0.014495849609375,0.0
0,0.0020798540208488703,0.6257811784744263,0.03853849694132805,1.0172526041666666e-05,0.0
0,0.025681274011731148,0.9672250151634216,0.708716869354248,0.013407389322916666,0.0
0,8.793049346422777e-05,0.019382191821932793,0.0011116681853309274,0.0,0.0
0,0.00623699277639389,0.9458011984825134,0.12678517401218414,0.00189208984375,0.0
0,0.49172553420066833,0.9996699094772339,0.9986749291419983,0.4853617350260417,0.5075785319010416
0,0.03921441361308098,0.9925393462181091,0.8360157608985901,0.020100911458333332,0.0
0,0.10663499683141708,0.9988969564437866,0.9952077269554138,0.08409627278645833,0.063751220703125
0,0.03056417591869831,0.9991864562034607,0.9557340741157532,0.024709065755208332,0.0
0,0.02427167259156704,0.9656413197517395,0.7766178846359253,0.018941243489583332,0.0
0,0.22770635783672333,0.9996033310890198,0.9900250434875488,0.18378702799479166,0.13881429036458334
0,0.11632025241851807,0.9983256459236145,0.9839708209037781,0.09676106770833333,0.0750732421875
0,0.012559209950268269,0.9803937673568726,0.46940475702285767,0.007720947265625,0.0
0,0.02372865565121174,0.9889705181121826,0.8190220594406128,0.01556396484375,0.0
0,0.27625855803489685,0.9985951781272888,0.992362916469574,0.23752848307291666,0.11719767252604167
0,0.5353170037269592,0.9996273517608643,0.9973580241203308,0.5259602864583334,0.576904296875
0,0.05913005396723747,0.988711953163147,0.8743961453437805,0.02978515625,0.0
0,0.22429139912128448,0.9993067979812622,0.9913892149925232,0.18379720052083334,0.14963785807291666
0,0.07613792270421982,0.9924227595329285,0.9525715112686157,0.059366861979166664,0.0
0,0.04809659346938133,0.9965165853500366,0.96518474817276,0.040924072265625,0.0
0,0.12331917136907578,0.9992114305496216,0.995866060256958,0.113922119140625,0.083404541015625
0,0.003009352134540677,0.9567152261734009,0.021125193685293198,0.002105712890625,0.0
0,0.00040132922003977,0.13695430755615234,0.008315778337419033,0.0,0.0
0,0.13742764294147491,0.995075523853302,0.954308032989502,0.10175577799479167,0.039591471354166664
0,0.09604952484369278,0.9983958601951599,0.9899476170539856,0.08758544921875,0.08188883463541667
0,0.02514479123055935,0.9772408604621887,0.40998831391334534,0.0038553873697916665,0.0
0,0.06154957786202431,0.9777138829231262,0.9110215306282043,0.044240315755208336,0.0
0,0.02141808532178402,0.9974884986877441,0.8647024035453796,0.014017740885416666,0.0
0,0.1733149290084839,0.9964480400085449,0.9866234660148621,0.134918212890625,0.07767740885416667
0,0.09579294919967651,0.9975274205207825,0.9795885682106018,0.081634521484375,0.06800333658854167
0,0.022321730852127075,0.9607312679290771,0.5864618420600891,0.008076985677083334,0.0
0,0.04678463935852051,0.9946980476379395,0.8969701528549194,0.027353922526041668,0.0
0,0.08863058686256409,0.9989266991615295,0.9900250434875488,0.08397420247395833,0.07857259114583333
0,0.14474353194236755,0.9979089498519897,0.9922744631767273,0.135162353515625,0.122802734375
0,0.28450313210487366,0.9997603297233582,0.9973887801170349,0.2741292317708333,0.23359171549479166
0,0.09079509228467941,0.9990414977073669,0.9900636076927185,0.07588704427083333,0.06886800130208333
0,0.04902264475822449,0.9984812140464783,0.9789956212043762,0.034637451171875,0.0
0,0.0020738160237669945,0.8362873792648315,0.01956867426633835,0.00030517578125,0.0
0,0.10828831791877747,0.9968024492263794,0.9870296716690063,0.08935546875,0.017812093098958332
0,0.02310255728662014,0.9961456060409546,0.9027760028839111,0.019989013671875,0.0
0,0.0015549836680293083,0.4614717662334442,0.020685462281107903,0.0,0.0
0,0.05158008262515068,0.9964203834533691,0.9629507660865784,0.042185465494791664,0.0
0,0.014708551578223705,0.9975656270980835,0.4369499981403351,0.007151285807291667,0.0
0,0.23540808260440826,0.9994252920150757,0.997121274471283,0.19047037760416666,0.13652547200520834
0,0.06548807770013809,0.9950370192527771,0.9675926566123962,0.044423421223958336,0.008524576822916666
0,0.03607774153351784,0.9976949095726013,0.9469902515411377,0.028767903645833332,0.0
0,0.0025949112605303526,0.9366336464881897,0.036354612559080124,0.001220703125,0.0
0,0.6533415913581848,0.9998822212219238,0.9991735816001892,0.6279195149739584,0.5919392903645834
0,0.002517956541851163,0.5665581822395325,0.05541279539465904,0.0,0.0
0,0.10898566246032715,0.9997175335884094,0.9938780665397644,0.1029052734375,0.09307861328125
0,0.10297267884016037,0.9985392093658447,0.9747716784477234,0.08329264322916667,0.057912190755208336
0,0.018505029380321503,0.79739910364151,0.4300857186317444,0.0019124348958333333,0.0
0,0.24542862176895142,0.9996800422668457,0.9981467723846436,0.22440592447916666,0.21050008138020834
0,0.30331364274024963,0.9996750354766846,0.9974884986877441,0.2595316569010417,0.19429524739583334
0,0.19870758056640625,0.9996215105056763,0.9981825351715088,0.18635050455729166,0.16365559895833334
0,0.19223982095718384,0.9996416568756104,0.9954615235328674,0.15785725911458334,0.129241943359375
0,0.12437007576227188,0.9918753504753113,0.9582237601280212,0.08690388997395833,0.0
0,0.026993082836270332,0.9932287931442261,0.9187678694725037,0.020029703776041668,0.0
0,0.1963001936674118,0.9993613362312317,0.9951325058937073,0.17087809244791666,0.10931396484375
0,0.1705980896949768,0.9982385635375977,0.9947391152381897,0.15088907877604166,0.09705607096354167
0,0.08242194354534149,0.9963924288749695,0.9795494079589844,0.054209391276041664,0.0
0,0.1726093739271164,0.9966625571250916,0.9759464263916016,0.133392333984375,0.0
0,0.4144250154495239,0.9998952150344849,0.9993487000465393,0.400634765625,0.409271240234375
0,0.13771578669548035,0.9974884986877441,0.9639140367507935,0.086456298828125,0.0
0,0.16757673025131226,0.9990673661231995,0.9949001669883728,0.149200439453125,0.13585408528645834
0,0.5552340745925903,0.9997487664222717,0.9987695813179016,0.5112101236979166,0.5014139811197916
0,0.07008800655603409,0.9933330416679382,0.9144436717033386,0.040934244791666664,0.0
0,0.21160906553268433,0.9978510141372681,0.9824904799461365,0.16558837890625,0.051422119140625
0,0.27944251894950867,0.9996199607849121,0.9986646175384521,0.2519632975260417,0.21099853515625
0,0.3501230478286743,0.9996993541717529,0.9983707070350647,0.3303629557291667,0.2988382975260417
0,0.13197018206119537,0.9990745782852173,0.9915544390678406,0.10605875651041667,0.059926350911458336
0,0.1753847450017929,0.999523401260376,0.996900200843811,0.14105224609375,0.056447347005208336
0,0.3037881553173065,0.9998633861541748,0.99903404712677,0.28399658203125,0.27752685546875
0,0.0787585899233818,0.9985895752906799,0.9850412011146545,0.060465494791666664,0.0
0,0.4244783818721771,0.9994887113571167,0.997730553150177,0.40032958984375,0.366455078125
0,0.38726791739463806,0.9994471669197083,0.9954434037208557,0.3464457194010417,0.3135579427083333
0,0.0994226410984993,0.9979572296142578,0.9910838603973389,0.07270304361979167,0.054738362630208336
0,0.16348277032375336,0.9981104135513306,0.9742869734764099,0.119476318359375,0.0
0,0.0015750728780403733,0.41229352355003357,0.03861093148589134,0.0,0.0
0,0.012269258499145508,0.9402433633804321,0.2979773283004761,0.002166748046875,0.0
0,0.022377369925379753,0.9599877595901489,0.40838944911956787,0.002532958984375,0.0
0,0.026019826531410217,0.9996169805526733,0.9839090704917908,0.023274739583333332,0.012644449869791666
0,0.009353955276310444,0.9792352318763733,0.368251234292984,0.006917317708333333,0.0
0,0.005088915582746267,0.954308032989502,0.12646116316318512,0.0021464029947916665,0.0
0,1.606589103175793e-05,0.015663648024201393,0.0001753699325490743,0.0,0.0
0,0.01796860806643963,0.8134608268737793,0.3356741666793823,0.0003153483072916667,0.0
0,0.09334453195333481,0.9994296431541443,0.9964203834533691,0.08072916666666667,0.056365966796875
0,0.009030290879309177,0.9942250847816467,0.2658747434616089,0.006022135416666667,0.0
0,0.0638379454612732,0.9890130758285522,0.9380071759223938,0.052134195963541664,0.022776285807291668
0,0.060791853815317154,0.9689150452613831,0.8570481538772583,0.039530436197916664,0.0
0,0.03776423633098602,0.9314625263214111,0.6344267129898071,0.0107421875,0.0
0,0.07056734710931778,0.9889705181121826,0.9563905000686646,0.052886962890625,0.040252685546875
0,0.1086198091506958,0.9975656270980835,0.9824904799461365,0.100830078125,0.038350423177083336
0,0.0027056674007326365,0.4353013038635254,0.06680867820978165,0.0,0.0
0,0.02491043508052826,0.9986646175384521,0.8923695087432861,0.0191650390625,0.0
0,0.04252951219677925,0.9969722032546997,0.9387906193733215,0.033416748046875,0.0
0,0.00893173087388277,0.8893368244171143,0.14878776669502258,0.0003255208333333333,0.0
0,0.3409397602081299,0.9996874332427979,0.9966365098953247,0.3136088053385417,0.29559326171875
0,0.09621115773916245,0.9976859092712402,0.9917803406715393,0.092498779296875,0.098297119140625
0,0.09698134660720825,0.9989677667617798,0.9808392524719238,0.07480875651041667,0.0
0,0.059325236827135086,0.9976859092712402,0.9781342148780823,0.047922770182291664,0.032307942708333336
0,0.0006967124645598233,0.6102211475372314,0.007345826830714941,0.0,0.0
0,0.009664790704846382,0.9368651509284973,0.3204958140850067,0.005442301432291667,0.0
0,0.006842389702796936,0.9781771898269653,0.12688036262989044,0.0027262369791666665,0.0
0,0.009563525207340717,0.9834068417549133,0.23126161098480225,0.003387451171875,0.0
0,0.0034586552064865828,0.8925625681877136,0.06954174488782883,0.0003560384114583333,0.0
0,0.1563543677330017,0.9893062710762024,0.9608049392700195,0.15558878580729166,0.14629109700520834
0,0.0009718246292322874,0.2836821377277374,0.01843809150159359,0.0,0.0
0,0.0011864850530400872,0.3916967809200287,0.021655436605215073,0.0,0.0
0,0.32762083411216736,0.9997640252113342,0.9985785484313965,0.3091328938802083,0.276611328125
0,0.013617154210805893,0.889720618724823,0.3447742462158203,0.001068115234375,0.0
0,0.11534517258405685,0.9925682544708252,0.9708540439605713,0.11723836263020833,0.11540730794270833
0,0.08375051617622375,0.9984812140464783,0.9933330416679382,0.06855265299479167,0.058522542317708336
0,0.0874050185084343,0.9822876453399658,0.9242786765098572,0.07704671223958333,0.0
0,0.04369152709841728,0.9967268705368042,0.900174081325531,0.0333251953125,0.0
0,0.16037875413894653,0.9961755275726318,0.9794329404830933,0.12666829427083334,0.06418863932291667
0,0.0075542922131717205,0.9727790951728821,0.21666882932186127,0.0037333170572916665,0.0
0,0.04755708575248718,0.9925969839096069,0.8609476685523987,0.023966471354166668,0.0
0,0.0028202233370393515,0.6611575484275818,0.05165091156959534,0.00010172526041666667,0.0
0,0.03866523504257202,0.9864678382873535,0.8936811685562134,0.019622802734375,0.0
0,0.00012970887473784387,0.04922211542725563,0.0019267346942797303,0.0,0.0
0,3.2900086807785556e-05,0.003350423648953438,0.0005747861578129232,0.0,0.0
0,0.03984527289867401,0.998798131942749,0.9853278994560242,0.036295572916666664,0.0372314453125
0,0.00020658917492255569,0.1201288029551506,0.004198795650154352,0.0,0.0
0,0.011704306118190289,0.9933330416679382,0.5705616474151611,0.009572347005208334,0.0
0,0.023871339857578278,0.9990818500518799,0.9392480850219727,0.022450764973958332,0.0
0,0.1436544507741928,0.9997040629386902,0.9967648983001709,0.12763468424479166,0.10358683268229167
0,0.040095265954732895,0.9942025542259216,0.918182909488678,0.0294189453125,0.0
0,0.018392318859696388,0.9816303849220276,0.6933566927909851,0.012125651041666666,0.0
0,0.08916576951742172,0.9966756105422974,0.9763091206550598,0.072601318359375,0.043233235677083336
0,0.03306448087096214,0.9981178045272827,0.9693804979324341,0.027872721354166668,0.0
0,0.01386727299541235,0.9971327781677246,0.7866178750991821,0.012420654296875,0.0
0,0.0015180151676759124,0.5895982384681702,0.04385210573673248,0.0,0.0
0,0.002744636731222272,0.5973730087280273,0.05921025201678276,0.0,0.0
0,0.3540295660495758,0.998835027217865,0.9956516623497009,0.3212788899739583,0.2987772623697917
0,0.1586136668920517,0.9982317090034485,0.9881309270858765,0.13800048828125,0.0
0,0.11850064247846603,0.9971550703048706,0.9877113699913025,0.09990437825520833,0.06406656901041667
0,0.10695717483758926,0.999508261680603,0.9974689483642578,0.08477783203125,0.06842041015625
0,0.0022194350603967905,0.9623205661773682,0.020684275776147842,0.0009562174479166666,0.0
0,0.05419836938381195,0.9926826357841492,0.938010573387146,0.039337158203125,0.026814778645833332
0,0.10403236001729965,0.9999496936798096,0.9990780353546143,0.08967081705729167,0.051625569661458336
0,0.13496743142604828,0.999595582485199,0.9963779449462891,0.12114461263020833,0.11390177408854167
0,0.4806845188140869,0.9997950196266174,0.9987887740135193,0.4604390462239583,0.4826253255208333
0,0.2688908874988556,0.9997997879981995,0.9986853003501892,0.23042805989583334,0.15160115559895834
0,0.04009179025888443,0.9996416568756104,0.9856629967689514,0.027303059895833332,0.015177408854166666
0,0.06625238060951233,0.9997981190681458,0.9960391521453857,0.060343424479166664,0.0299072265625
0,0.0033901419956237078,0.9858275651931763,0.017712298780679703,0.0025838216145833335,0.0
0,0.07245507836341858,0.9991374015808105,0.9796676635742188,0.0537109375,0.031778971354166664
0,0.02377954311668873,0.997231662273407,0.8591704964637756,0.015146891276041666,0.0
0,0.15372474491596222,0.9992357492446899,0.9812389612197876,0.096710205078125,0.0
0,0.00010571967141004279,0.03832197189331055,0.0019267346942797303,0.0,0.0
0,0.04287955164909363,0.9994578957557678,0.9719361066818237,0.035786946614583336,0.0
0,0.11536805331707001,0.9999215602874756,0.9981324076652527,0.09880208333333333,0.04216145833333333
0,0.09585122764110565,0.9972207546234131,0.96217942237854,0.06861979166666667,0.0
0,0.007478402461856604,0.9995121955871582,0.09268777817487717,0.002044677734375,0.0
0,0.004970090463757515,0.9809125065803528,0.07171723246574402,0.0032755533854166665,0.0
0,0.013243604451417923,0.9996825456619263,0.7375323176383972,0.011329470889020563,0.0
0,0.009533427655696869,0.9998840093612671,0.3616437315940857,0.008032220943613349,0.0
0,0.09388329088687897,0.9994907379150391,0.9934101700782776,0.08058872305140961,0.03943200663349917
0,0.43767181038856506,0.998389720916748,0.9899863600730896,0.36269583333333333,0.24795
0,1.5100405107659753e-05,0.01659317873418331,0.00014539113908540457,0.0,0.0
0,0.00024578149896115065,0.18344728648662567,0.004433765076100826,0.0,0.0
0,0.03577311709523201,0.9937829375267029,0.8359822034835815,0.022377994971611248,0.0
0,0.02874673157930374,0.9933071732521057,0.6904547214508057,0.014446993616972947,0.0
0,0.014182627201080322,0.998498797416687,0.5456718802452087,0.008629931389365351,0.0
0,0.023154260590672493,0.9797065258026123,0.7481683492660522,0.01474306409730764,0.0
0,0.2032850980758667,0.9993147850036621,0.996392548084259,0.17887407407407407,0.15396296296296297
0,0.03385228291153908,0.9981178045272827,0.9594592452049255,0.027952181633688483,0.024422881785895485
0,0.3556814193725586,0.9999274015426636,0.999099612236023,0.3447222222222222,0.3488657407407407
0,0.24826043844223022,0.9998984336853027,0.9959298968315125,0.2189396709323583,0.12601005484460695
0,0.16703884303569794,0.9994069337844849,0.9856076240539551,0.13443796641791045,0.04524720149253731
0,0.13317549228668213,0.9991672039031982,0.9883127808570862,0.10704686617730096,0.0164257481648786
0,0.019629478454589844,0.9992296695709229,0.7764551639556885,0.01291083916083916,0.003201486013986014
0,0.09063538163900375,0.9990600943565369,0.9800530076026917,0.06935533216783217,0.004945367132867133
0,0.11612221598625183,0.9997584223747253,0.9940890073776245,0.09817414965986394,0.03936598639455782
0,0.15640485286712646,0.9999744892120361,0.9973061084747314,0.1339506548888212,0.04659457812975937
0,0.024568643420934677,0.9998831748962402,0.9370958209037781,0.020152083333333334,0.005052083333333333
0,0.03535892814397812,0.9999790191650391,0.9895108342170715,0.031113465160075328,0.003950094161958568
0,0.2172248810529709,0.9997695088386536,0.9959140419960022,0.18758831234464762,0.12728580711036852
0,0.43876880407333374,0.999651312828064,0.9964203834533691,0.3914912827568416,0.31876249543177765
0,0.23669473826885223,0.9992237091064453,0.9936610460281372,0.196648851225409,0.15047538057638968
0,0.04208333417773247,0.996292769908905,0.9029524326324463,0.023825,0.0053
0,0.06802695989608765,0.9997546076774597,0.9790757894515991,0.05022880539499037,0.014857899807321773
0,0.04040982201695442,0.9996579885482788,0.9613890647888184,0.025120656370656372,0.010067567567567567
0,0.01580681838095188,0.9991238713264465,0.7708100080490112,0.011799132947976878,0.0034633911368015416
0,0.013243604451417923,0.9996825456619263,0.7375323176383972,0.011329470889020563,0.0
0,0.009533427655696869,0.9998840093612671,0.3616437315940857,0.008032220943613349,0.0
0,0.14287571609020233,0.9997153878211975,0.9867772459983826,0.07176041666666666,0.016075
0,0.0013390094973146915,0.9806178212165833,0.00978387612849474,0.000544,0.0
0,0.509878933429718,0.9999452829360962,0.9984512329101562,0.4821916195856874,0.4731638418079096
0,0.24070331454277039,0.9998339414596558,0.9933846592903137,0.20983757062146893,0.12629472693032015
0,1.5100405107659753e-05,0.01659317873418331,0.00014539113908540457,0.0,0.0
0,0.15322750806808472,0.9999871253967285,0.995354413986206,0.13087007504690432,0.05677298311444653
0,0.03535892814397812,0.9999790191650391,0.9895108342170715,0.031113465160075328,0.003950094161958568
0,0.05628817528486252,0.995685338973999,0.9244152307510376,0.028903250016524062,0.006078722764614201
0,0.1690206527709961,0.9995810389518738,0.9978342652320862,0.1469141531322506,0.1235769528228925
0,0.07904179394245148,0.9998745918273926,0.9920312166213989,0.0584375,0.030224471830985915
0,0.31570830941200256,0.9997448325157166,0.9986541271209717,0.27373096446700507,0.20045685279187817
0,0.0016333641251549125,0.8852352499961853,0.02620392106473446,0.00016276041666666666,0.0
0,0.0023450355511158705,0.8572908639907837,0.03993506729602814,0.0005086263020833334,0.0
0,0.0050458540208637714,0.8095772862434387,0.15152181684970856,0.0003763834635416667,0.0
0,0.10112953931093216,0.9990264177322388,0.9949586391448975,0.08616129557291667,0.062327067057291664
0,0.032947931438684464,0.9689738154411316,0.7757747173309326,0.01873779296875,0.0
0,0.1475343555212021,0.9974290728569031,0.9885361194610596,0.11866251627604167,0.041259765625
0,0.03916604444384575,0.9844563603401184,0.9128938317298889,0.031524658203125,0.0
0,0.027457287535071373,0.9984512329101562,0.9756684303283691,0.021779378255208332,0.0069580078125
0,0.18123872578144073,0.9998176693916321,0.99903404712677,0.16176350911458334,0.12578328450520834
0,0.14872141182422638,0.9989308714866638,0.9927951693534851,0.13213094075520834,0.10850016276041667
0,0.20269925892353058,0.9980581402778625,0.9921537041664124,0.16759236653645834,0.10782877604166667
0,0.06522206217050552,0.9906600117683411,0.9136673212051392,0.03106689453125,0.0
0,0.02849249541759491,0.9943360686302185,0.7147246599197388,0.019643147786458332,0.0
0,0.0939728319644928,0.9988664388656616,0.9816272258758545,0.07093302408854167,0.0
0,2.5936913516488858e-05,0.0029464049730449915,0.000398213102016598,0.0,0.0
0,0.0509648323059082,0.9947186708450317,0.9560585021972656,0.041229248046875,0.0
0,0.1253262311220169,0.9979089498519897,0.9717254042625427,0.10071818033854167,0.0
0,6.909143849043176e-05,0.1945207715034485,0.0006214629975147545,0.0,0.0
0,0.09707533568143845,0.9927672147750854,0.9441768527030945,0.06645711263020833,0.0
0,0.04688592627644539,0.9954261183738708,0.8418256044387817,0.027394612630208332,0.0
0,0.043062031269073486,0.9978925585746765,0.9369770884513855,0.024322509765625,0.0
0,4.916884427075274e-05,0.0046455576084554195,0.0008525666198693216,0.0,0.0
0,0.019853269681334496,0.9764904975891113,0.7938964366912842,0.016265869140625,0.0
0,0.0007239102269522846,0.41235265135765076,0.014117894694209099,0.0,0.0
0,0.0025776256807148457,0.3901272416114807,0.051749542355537415,0.0,0.0
0,0.026529604569077492,0.9979007244110107,0.9785903096199036,0.020762125651041668,0.016611735026041668
0,0.005085745360702276,0.9959771037101746,0.03429007530212402,0.004241943359375,0.0
0,0.042800117284059525,0.9982385635375977,0.9672250151634216,0.034271240234375,0.0
0,0.03586633875966072,0.9987157583236694,0.9654443860054016,0.031962076822916664,0.016632080078125
0,0.005671562161296606,0.9362850189208984,0.14499424397945404,0.003875732421875,0.0
0,0.0022219677921384573,0.7854732275009155,0.04535004869103432,0.00011189778645833333,0.0
0,0.12626367807388306,0.9989758729934692,0.9945307374000549,0.10857137044270833,0.069091796875
0,0.12525178492069244,0.9984452128410339,0.9805423021316528,0.09294637044270833,0.0
0,0.16974954307079315,0.9973477125167847,0.9910838603973389,0.13712565104166666,0.06388346354166667
0,0.36840590834617615,0.9987404942512512,0.993854820728302,0.3382975260416667,0.3203023274739583
0,0.17127883434295654,0.9998133778572083,0.9989012479782104,0.15248616536458334,0.12506103515625
0,0.1159619465470314,0.9995005130767822,0.9981897473335266,0.098236083984375,0.08296712239583333
0,0.005922799464315176,0.9662197828292847,0.13442443311214447,0.003204345703125,0.0
0,0.06623784452676773,0.9962051510810852,0.9766246676445007,0.054901123046875,0.0
0,0.2032345086336136,0.9995923638343811,0.9975844621658325,0.18803914388020834,0.15245564778645834
0,0.1349780559539795,0.9963783621788025,0.9783847332000732,0.10779825846354167,0.044871012369791664
0,0.0006032873643562198,0.8503443598747253,0.006313630845397711,0.00016276041666666666,0.0
0,0.0004231973143760115,0.5039176344871521,0.007724637631326914,0.0,0.0
0,0.03867248445749283,0.9904035329818726,0.9081302285194397,0.0272216796875,0.0
0,0.002380420221015811,0.9774138927459717,0.006957609672099352,0.0016581217447916667,0.0
0,0.0756184384226799,0.9998427629470825,0.9987157583236694,0.073944091796875,0.07518513997395833
0,0.0015319559024646878,0.9102267622947693,0.016912968829274178,0.0003763834635416667,0.0
0,0.1442251354455948,0.9988304972648621,0.9946352243423462,0.12526448567708334,0.056711832682291664
0,0.32961305975914,0.999595582485199,0.9986006617546082,0.3112691243489583,0.2631734212239583
0,0.27494919300079346,0.9989556074142456,0.9949983358383179,0.23285929361979166,0.086212158203125
0,0.12231075763702393,0.9981470108032227,0.9790345430374146,0.08189900716145833,0.032002766927083336
0,0.025451237335801125,0.9896317720413208,0.8406124114990234,0.017995198567708332,0.0
0,0.004984146449714899,0.9906960725784302,0.07877129316329956,0.0032450358072916665,0.0
0,0.010111065581440926,0.9549003839492798,0.264508455991745,0.002838134765625,0.0
0,0.1856595277786255,0.9991735816001892,0.9969245791435242,0.152099609375,0.12381998697916667
0,0.003798897610977292,0.7964508533477783,0.08945459872484207,0.0003153483072916667,0.0
0,0.055262330919504166,0.9972744584083557,0.9714016318321228,0.041778564453125,0.0
0,0.31650659441947937,0.9999016523361206,0.999127209186554,0.296661376953125,0.30029296875
0,0.03202434256672859,0.994594156742096,0.9412234425544739,0.024831136067708332,0.0
0,0.22473055124282837,0.9991990923881531,0.9946774244308472,0.204071044921875,0.16119384765625
0,0.03730269894003868,0.9982522130012512,0.9629507660865784,0.027475992838541668,0.0
0,0.2643265426158905,0.9970073103904724,0.9892232418060303,0.23649088541666666,0.17701212565104166
0,0.054769258946180344,0.9937829375267029,0.9403530955314636,0.034230550130208336,0.0
0,0.033240195363759995,0.9919691681861877,0.8432507514953613,0.0181884765625,0.0
0,0.04653275012969971,0.9961755275726318,0.9832789301872253,0.03662109375,0.025390625
0,0.0050911991856992245,0.8172829747200012,0.08992821723222733,0.0003458658854166667,0.0
0,0.07115242630243301,0.9997175335884094,0.9973374009132385,0.06504313151041667,0.056803385416666664
0,0.15406249463558197,0.9945307374000549,0.9703524708747864,0.108001708984375,0.0
0,0.05813193321228027,0.9965837001800537,0.967348575592041,0.048095703125,0.039601643880208336
0,0.05823143199086189,0.9975370168685913,0.9771960377693176,0.051015218098958336,0.0
0,0.1211194172501564,0.9998840093612671,0.9988259673118591,0.11086018880208333,0.10105387369791667
0,0.032120008021593094,0.9981397390365601,0.9383503198623657,0.023295084635416668,0.0
0,0.027741575613617897,0.9762200117111206,0.6274878978729248,0.010243733723958334,0.0
0,0.34923091530799866,0.998793363571167,0.9866234660148621,0.27642822265625,0.16107177734375
0,0.010174431838095188,0.9909797310829163,0.3217732012271881,0.005381266276041667,0.0
0,0.09337256103754044,0.9991927742958069,0.972983717918396,0.07132975260416667,0.026499430338541668
0,0.03883045166730881,0.9906600117683411,0.843766450881958,0.021291097005208332,0.0
0,0.09014420956373215,0.9983189702033997,0.9882221817970276,0.07671101888020833,0.062235514322916664
0,0.09838905185461044,0.9997219443321228,0.9986904263496399,0.07520548502604167,0.050821940104166664
0,0.04908843711018562,0.9927672147750854,0.911337673664093,0.032735188802083336,0.0
0,0.15233774483203888,0.9972531199455261,0.9754354357719421,0.10040283203125,0.0
0,0.10968022793531418,0.9973887801170349,0.9883127808570862,0.09428914388020833,0.08989461263020833
0,0.17743803560733795,0.9975177049636841,0.9849852323532104,0.137359619140625,0.057078043619791664
0,0.15433476865291595,0.9980199337005615,0.9926256537437439,0.12788899739583334,0.09305826822916667
0,0.3653549253940582,0.9997603297233582,0.9964480400085449,0.3290608723958333,0.3159281412760417
0,0.30163681507110596,0.9986169338226318,0.9903278946876526,0.26171875,0.161895751953125
0,0.043433383107185364,0.9952999353408813,0.9324532747268677,0.032969156901041664,0.0
0,0.07376833260059357,0.9974191188812256,0.984752357006073,0.058644612630208336,0.032318115234375
0,0.15294450521469116,0.996160626411438,0.9785493016242981,0.11232503255208333,0.0
0,0.12210718542337418,0.9984452128410339,0.9884918928146362,0.09349568684895833,0.027455647786458332
0,0.22424226999282837,0.9987744688987732,0.9952448010444641,0.17643229166666666,0.10294596354166667
0,0.17004108428955078,0.9954082369804382,0.9789553880691528,0.121124267578125,0.058003743489583336
0,0.0830858126282692,0.9974391460418701,0.9819782376289368,0.07124837239583333,0.021230061848958332
0,0.03061743825674057,0.9716717004776001,0.6838355660438538,0.012685139973958334,0.0
0,0.05517563596367836,0.9941118359565735,0.9610980749130249,0.046630859375,0.0
0,0.12921394407749176,0.9911527037620544,0.944587230682373,0.07513427734375,0.0
0,0.11976206302642822,0.999464213848114,0.991355836391449,0.09455362955729167,0.024688720703125
0,0.029402872547507286,0.9899476170539856,0.7362110018730164,0.012440999348958334,0.0
0,0.2507176697254181,0.999523401260376,0.9982385635375977,0.230621337890625,0.22520955403645834
0,0.009688564576208591,0.9558166265487671,0.24544657766819,0.0026346842447916665,0.0
0,0.3857008218765259,0.9984021782875061,0.992061972618103,0.351837158203125,0.22560628255208334
0,0.09427503496408463,0.9952816367149353,0.967775821685791,0.06963094075520833,0.0
0,0.1972227841615677,0.9973477125167847,0.9890553951263428,0.15343221028645834,0.10603841145833333
0,0.043676067143678665,0.972727358341217,0.7839835286140442,0.019114176432291668,0.0
0,0.0727141872048378,0.994551956653595,0.9370958209037781,0.051605224609375,0.0
0,0.044935230165719986,0.9931228756904602,0.9431321024894714,0.03277587890625,0.0
0,0.002581862499937415,0.8318272233009338,0.04377273842692375,0.0005391438802083334,0.0
0,0.32777655124664307,0.9998074173927307,0.9985104203224182,0.2884623209635417,0.21125284830729166
0,0.007205902133136988,0.9119669198989868,0.14730969071388245,0.0005594889322916666,0.0
0,0.13526751101016998,0.9987887740135193,0.9922143816947937,0.10435994466145833,0.084564208984375
0,0.10040825605392456,0.9986329674720764,0.9892232418060303,0.07080078125,0.0438232421875
0,0.07128613442182541,0.9993333220481873,0.9918121099472046,0.059377034505208336,0.030812581380208332
0,0.3652472496032715,0.9996699094772339,0.9979572296142578,0.3329569498697917,0.2701212565104167
0,0.057235609740018845,0.9658995866775513,0.7617104649543762,0.026519775390625,0.0
0,0.01856415905058384,0.9199306964874268,0.5236820578575134,0.006235758463541667,0.0
0,0.3423992395401001,0.9990960359573364,0.9959927201271057,0.3025004069010417,0.23505655924479166
0,0.2487272173166275,0.9985730648040771,0.9933071732521057,0.2030029296875,0.11075846354166667
0,0.3063971996307373,0.9994207620620728,0.9978760480880737,0.2907206217447917,0.3134562174479167
0,0.005418593063950539,0.916857123374939,0.11142287403345108,0.0006815592447916666,0.0
0,0.0207428727298975,0.9482505321502686,0.5681055188179016,0.007415771484375,0.0
0,0.1495671421289444,0.9992848038673401,0.9942697286605835,0.131103515625,0.10724894205729167
0,0.3898686170578003,0.9997468590736389,0.9986489415168762,0.3692830403645833,0.3788350423177083
0,0.289887398481369,0.9998205304145813,0.9985895752906799,0.2612711588541667,0.229583740234375
0,0.22153083980083466,0.9996387958526611,0.9969485402107239,0.20110066731770834,0.19322713216145834
0,0.03873767703771591,0.9986853003501892,0.9800137877464294,0.025482177734375,0.017740885416666668
0,0.22526712715625763,0.9996155500411987,0.9970536231994629,0.20261637369791666,0.17625935872395834
0,0.2639065086841583,0.9985730648040771,0.9928231239318848,0.22026570638020834,0.10115559895833333
0,0.13203555345535278,0.9959298968315125,0.9846346974372864,0.09900919596354167,0.044677734375
0,0.1833430528640747,0.9979411959648132,0.9814167618751526,0.15636189778645834,0.049957275390625
0,0.00746703939512372,0.8682692646980286,0.137648344039917,0.00054931640625,0.0
0,0.07121783494949341,0.9987207055091858,0.9897897839546204,0.054951985677083336,0.030314127604166668
0,0.19136226177215576,0.9980505704879761,0.9930693507194519,0.15970865885416666,0.11442057291666667
0,0.19407105445861816,0.9977656602859497,0.990767776966095,0.16253662109375,0.12583414713541666
0,0.05396820232272148,0.9963783621788025,0.9618934392929077,0.04217529296875,0.0
0,0.5391830801963806,0.9995939135551453,0.9984632730484009,0.52734375,0.5822550455729166
0,0.023604290559887886,0.9949396848678589,0.8503369092941284,0.014678955078125,0.0
0,0.17036336660385132,0.9993040561676025,0.995685338973999,0.13685099283854166,0.095306396484375
0,0.0012444794410839677,0.2620856761932373,0.018475595861673355,0.0,0.0
0,0.0701633021235466,0.9989098310470581,0.9862577319145203,0.061513264973958336,0.026774088541666668
0,0.08644131571054459,0.9990710020065308,0.9905874133110046,0.067718505859375,0.0274658203125
0,0.06403333693742752,0.9985895752906799,0.9739916920661926,0.049916585286458336,0.015462239583333334
0,0.007402422372251749,0.8765287399291992,0.18772312998771667,0.0007425944010416666,0.0
0,0.001216529286466539,0.7259401679039001,0.01621503010392189,5.0862630208333336e-05,0.0
0,0.17341798543930054,0.9998849630355835,0.9983450174331665,0.12975056966145834,0.07486979166666667
0,0.08211200684309006,0.9978001713752747,0.9902915358543396,0.061818440755208336,0.0
0,0.1301552653312683,0.9976677298545837,0.9857729077339172,0.10831705729166667,0.05889892578125
0,0.055511754006147385,0.9870296716690063,0.6939886212348938,0.015055338541666666,0.0
0,0.12194761633872986,0.9985162615776062,0.9923043847084045,0.10361735026041667,0.071380615234375
0,0.2050139158964157,0.9995272159576416,0.9930423498153687,0.176300048828125,0.08976236979166667
0,0.08441691845655441,0.9980807304382324,0.9728792309761047,0.057474772135416664,0.0
0,0.045058492571115494,0.996364176273346,0.8944156169891357,0.026987711588541668,0.0
0,0.015575658529996872,0.987616240978241,0.5105677843093872,0.007710774739583333,0.0
0,0.12020992487668991,0.9990149736404419,0.9926256537437439,0.10442097981770833,0.06383260091145833
0,0.007452867925167084,0.9515940546989441,0.21105730533599854,0.0020853678385416665,0.0
0,0.02427425980567932,0.9754368662834167,0.6422080993652344,0.01080322265625,0.0
0,0.42993953824043274,0.9998623132705688,0.9983834028244019,0.3739522298177083,0.2552083333333333
0,0.19135713577270508,0.9978510141372681,0.9936856627464294,0.16766357421875,0.10285441080729167
0,0.32195165753364563,0.9994069337844849,0.997739315032959,0.2968037923177083,0.2989705403645833
0,0.12403353303670883,0.9974787831306458,0.9805434346199036,0.09119669596354167,0.04962158203125
0,0.17115135490894318,0.998793363571167,0.9950556755065918,0.14927164713541666,0.12245686848958333
0,0.037752196192741394,0.9986169338226318,0.9755768775939941,0.03070068359375,0.02398681640625
0,0.03866225853562355,0.9948403239250183,0.9526622891426086,0.032257080078125,0.0
0,0.06781124323606491,0.9990034699440002,0.9854404330253601,0.053558349609375,0.025533040364583332
0,0.12071410566568375,0.9985334873199463,0.9882221817970276,0.10337320963541667,0.030985514322916668
0,0.05651307478547096,0.9836598634719849,0.7599387168884277,0.020090738932291668,0.0
0,0.12309049814939499,0.9985674619674683,0.9808392524719238,0.098876953125,0.04974365234375
0,0.023602530360221863,0.9961155652999878,0.6271454691886902,0.010142008463541666,0.0
0,0.08446040749549866,0.9971550703048706,0.9798997044563293,0.0662841796875,0.050455729166666664
0,0.14748619496822357,0.9973269701004028,0.9812389612197876,0.12607828776041666,0.028889973958333332
0,0.21979427337646484,0.9928508996963501,0.9772408604621887,0.20135498046875,0.14439900716145834
0,0.059724073857069016,0.9926542043685913,0.9386884570121765,0.04248046875,0.0
0,0.1066322848200798,0.9990149736404419,0.989591658115387,0.08833821614583333,0.07489013671875
0,0.1422809511423111,0.9988883137702942,0.9938787817955017,0.115509033203125,0.08573404947916667
0,0.20296108722686768,0.9981104135513306,0.9902161359786987,0.16900634765625,0.10652669270833333
0,0.019097110256552696,0.982557475566864,0.5791481137275696,0.008799235026041666,0.0
0,0.005583212245255709,0.8101786971092224,0.1406865119934082,0.0003560384114583333,0.0
0,0.00016521326324436814,0.05389915779232979,0.0031850608065724373,0.0,0.0
0,0.37334299087524414,0.9996970891952515,0.9980199337005615,0.3352864583333333,0.231689453125
0,0.010950110852718353,0.9264369606971741,0.340588241815567,0.0024210611979166665,0.0
0,0.013921369798481464,0.9636433720588684,0.508609414100647,0.007354736328125,0.0
0,0.19998596608638763,0.9961903095245361,0.9810945987701416,0.15618896484375,0.0220947265625
0,0.00585929723456502,0.888372004032135,0.15571549534797668,0.000823974609375,0.0
0,0.056037694215774536,0.9989225268363953,0.9895513653755188,0.050984700520833336,0.038818359375
0,0.005014037247747183,0.8767399787902832,0.13262686133384705,0.0008443196614583334,0.0
0,0.06875235587358475,0.9973580241203308,0.9789944291114807,0.056264241536458336,0.0
0,0.03130133077502251,0.986415684223175,0.9012222290039062,0.023529052734375,0.0
0,0.03867248445749283,0.9904035329818726,0.9081302285194397,0.0272216796875,0.0
0,0.00844165775924921,0.9664738178253174,0.21484622359275818,0.003875732421875,0.0
0,0.0832362100481987,0.9965837001800537,0.9752004146575928,0.057291666666666664,0.0
0,0.06388711929321289,0.996160626411438,0.9687971472740173,0.054697672526041664,0.0
0,0.07426873594522476,0.99703049659729,0.9785493016242981,0.059865315755208336,0.042256673177083336
0,8.402254752581939e-05,0.013376603834331036,0.0012351678451523185,0.0,0.0
0,0.05774054303765297,0.9914224743843079,0.859663724899292,0.027689615885416668,0.0
0,0.06931373476982117,0.9983958601951599,0.961533784866333,0.053873697916666664,0.0
0,0.030191456899046898,0.9984452128410339,0.9666001796722412,0.025248209635416668,0.0
0,0.015040301717817783,0.9967523813247681,0.5999293923377991,0.00970458984375,0.0
0,0.07033620029687881,0.9961155652999878,0.9685600996017456,0.05255126953125,0.035105387369791664
0,0.10092991590499878,0.9996155500411987,0.9964063763618469,0.08954874674479167,0.07228597005208333
0,0.10822495073080063,0.9997918009757996,0.9976491928100586,0.081756591796875,0.055826822916666664
0,0.016781533136963844,0.9735442399978638,0.7095134854316711,0.012095133463541666,0.0
0,0.0001738117862259969,0.10034840553998947,0.003260345896705985,0.0,0.0
0,0.007981596514582634,0.9520419239997864,0.12442244589328766,0.0015055338541666667,0.0
0,0.33463314175605774,0.9997933506965637,0.998498797416687,0.3120625813802083,0.3077799479166667
0,0.11576519161462784,0.9956346154212952,0.9749154448509216,0.09290568033854167,0.0
0,0.013953719288110733,0.9622496962547302,0.5451934337615967,0.008921305338541666,0.0
0,0.028045201674103737,0.9926256537437439,0.9013959169387817,0.023203531901041668,0.0
0,0.05953662097454071,0.9957848191261292,0.9114906191825867,0.038065592447916664,0.0
0,0.05003628134727478,0.9946150183677673,0.9408984184265137,0.035380045572916664,0.0
0,0.00010979506623698398,0.05320620536804199,0.0027465804014354944,0.0,0.0
0,0.003655980573967099,0.9626730680465698,0.07107366621494293,0.001129150390625,0.0
0,0.19413571059703827,0.9998831748962402,0.9960851669311523,0.14825416666666666,0.076675
0,0.0765373483300209,0.9960391521453857,0.9330658316612244,0.048151041666666665,0.009635416666666667
0,0.05952418968081474,0.9998089671134949,0.9669121503829956,0.04144287109375,0.0
0,0.0001599776151124388,0.25608712434768677,0.0014048677403479815,0.0,0.0
0,0.03572910279035568,0.9985505938529968,0.9231805205345154,0.02421461187214612,0.0
0,0.3598134219646454,0.9999151229858398,0.9992021918296814,0.3143040293040293,0.2670558608058608
0,0.22166994214057922,0.9998736381530762,0.9978172779083252,0.1789031971580817,0.10933392539964476
0,0.20138733088970184,0.9996633529663086,0.9971103668212891,0.18271802325581396,0.17552325581395348
0,0.09265085309743881,0.9967774748802185,0.9749168753623962,0.074124531835206,0.05594101123595505
0,0.6475239396095276,0.9999008178710938,0.9994986057281494,0.6316888888888889,0.7042333333333334
0,0.38287773728370667,0.9994826316833496,0.9971990585327148,0.3525907384230288,0.3137776387150605
0,0.0041304463520646095,0.9986646175384521,0.04804825037717819,0.002763671875,0.0
0,0.06957604736089706,0.9986646175384521,0.9830850958824158,0.05696457144239873,0.02909479173283244
0,0.07397105544805527,0.9998717308044434,0.9765353798866272,0.0524082690070847,0.0
0,0.1767786294221878,0.9994296431541443,0.9957518577575684,0.14281558693412522,0.05806718784720118
0,0.07990693300962448,0.9990378618240356,0.9808392524719238,0.06353125,0.009783333333333333
0,0.30506208539009094,0.9996566772460938,0.9941118359565735,0.2462828330206379,0.20121951219512196
0,0.129790797829628,0.9998427629470825,0.9957684278488159,0.1086259040105194,0.04767915844838922
0,0.17781105637550354,0.9998522996902466,0.9957518577575684,0.161575,0.16318333333333335
0,0.08227413892745972,0.9997546076774597,0.9925103187561035,0.064378223495702,0.016647564469914042
0,8.391504525206983e-05,0.019756918773055077,0.0017546144081279635,0.0,0.0
0,0.34830498695373535,0.9994514584541321,0.9984573125839233,0.3218485514322917,0.3293355305989583
0,0.17895357310771942,0.9925969839096069,0.9649193286895752,0.13151041666666666,0.0
0,0.023865727707743645,0.9643214344978333,0.6716406345367432,0.011210123697916666,0.0
0,0.0012070819502696395,0.8028648495674133,0.01678548939526081,4.0690104166666664e-05,0.0
0,0.12540943920612335,0.9966233968734741,0.9717773795127869,0.09956868489583333,0.0
0,0.06000897288322449,0.9947799444198608,0.9562248587608337,0.039093017578125,0.0
0,0.0040652272291481495,0.982624351978302,0.058560825884342194,0.00238037109375,0.0
0,0.05865049734711647,0.9962199330329895,0.9483462572097778,0.04498291015625,0.0
0,0.0739356204867363,0.9986114501953125,0.9865199327468872,0.06048583984375,0.024546305338541668
0,0.0015934373950585723,0.8754679560661316,0.014957086183130741,0.0004781087239583333,0.0
0,0.22519761323928833,0.9983515739440918,0.9898303151130676,0.19508870442708334,0.15172322591145834
0,0.05669654533267021,0.9993880987167358,0.9941800832748413,0.046875,0.025533040364583332
0,0.141252800822258,0.9992175102233887,0.9957016110420227,0.1142578125,0.08097330729166667
0,0.01161558274179697,0.8925625681877136,0.29370826482772827,0.0011088053385416667,0.0
0,0.12300316244363785,0.9987056255340576,0.9893062710762024,0.10976155598958333,0.06195068359375
0,0.00012328746379353106,0.06075189635157585,0.0023593853693455458,0.0,0.0
0,0.012923844158649445,0.9917803406715393,0.5281878709793091,0.008056640625,0.0
0,0.10347320884466171,0.9988259673118591,0.9934603571891785,0.08732096354166667,0.044667561848958336
0,0.030191456899046898,0.9984452128410339,0.9666001796722412,0.025248209635416668,0.0
0,0.010119730606675148,0.9590777158737183,0.3459669351577759,0.005940755208333333,0.0
0,0.0001437829778296873,0.05079945921897888,0.0023688743822276592,0.0,0.0
0,0.043914955109357834,0.9919691681861877,0.9246836304664612,0.02880859375,0.016937255859375
0,0.10466808080673218,0.998848557472229,0.993854820728302,0.08582560221354167,0.054524739583333336
0,0.02962516061961651,0.9946150183677673,0.7043605446815491,0.012797037760416666,0.0
0,0.0298166424036026,0.9890130758285522,0.8820220232009888,0.019134521484375,0.0
0,0.00043572625145316124,0.14854057133197784,0.007289077155292034,0.0,0.0
0,0.18680794537067413,0.9981897473335266,0.9926542043685913,0.14592488606770834,0.07123819986979167
0,0.052325207740068436,0.9905142784118652,0.9102219939231873,0.032124837239583336,0.0
0,0.0006203196826390922,0.6087685227394104,0.009055264294147491,0.0,0.0
0,0.011755808256566525,0.9287972450256348,0.32166025042533875,0.0021158854166666665,0.0
0,0.02974107302725315,0.9846936464309692,0.9194981455802917,0.025339762369791668,0.0191650390625
0,0.07399988174438477,0.9979007244110107,0.9611709713935852,0.052622477213541664,0.0
0,0.0159642044454813,0.9727790951728821,0.5724676251411438,0.008992513020833334,0.0
0,0.007616163697093725,0.9193534255027771,0.2373831868171692,0.0018412272135416667,0.0
0,0.012148614972829819,0.9605096578598022,0.5030924677848816,0.007965087890625,0.0
0,0.03184588626027107,0.9866234660148621,0.7304793000221252,0.015421549479166666,0.0
0,0.006112342234700918,0.9635748267173767,0.09186489880084991,0.00311279296875,0.0
0,0.026379695162177086,0.9971439242362976,0.8697080016136169,0.016062418619791668,0.0
0,0.004247954115271568,0.61555016040802,0.10212010890245438,0.0,0.0
0,0.037991736084222794,0.9906237721443176,0.8526866436004639,0.025828043619791668,0.0
0,2.7187939849682152e-05,0.0075479233637452126,0.0005505603621713817,0.0,0.0
0,1.2909025826957077e-05,0.006265533156692982,0.00021654405281879008,0.0,0.0
0,0.03891921415925026,0.9944666028022766,0.9384632706642151,0.024861653645833332,0.010579427083333334
0,0.009772579185664654,0.9897116422653198,0.21534086763858795,0.004689534505208333,0.0
0,0.17297492921352386,0.9992357492446899,0.9925393462181091,0.13209025065104166,0.08673095703125
0,0.036109838634729385,0.9844563603401184,0.875355064868927,0.024820963541666668,0.0
0,0.050788041204214096,0.9957352876663208,0.9437636137008667,0.036397298177083336,0.0
0,0.2461910992860794,0.9987356066703796,0.9909447431564331,0.20875040690104166,0.124725341796875
0,0.3299996554851532,0.9997175335884094,0.9981756210327148,0.2777608235677083,0.20725504557291666
0,0.00013388482329901308,0.057918090373277664,0.0023688743822276592,0.0,0.0
0,0.003848511027172208,0.9296960830688477,0.050517670810222626,0.0009867350260416667,0.0
0,0.02101406641304493,0.9971990585327148,0.9203526973724365,0.017171223958333332,0.0
0,0.02099134959280491,0.9600626826286316,0.6545536518096924,0.010965983072916666,0.0
0,0.0794161781668663,0.9997712969779968,0.9955489635467529,0.0587158203125,0.038787841796875
0,0.04163403436541557,0.9849852323532104,0.8598991632461548,0.027781168619791668,0.0
0,0.1167084351181984,0.9928786158561707,0.9482476711273193,0.07758585611979167,0.0
0,0.03675321862101555,0.9964203834533691,0.9653158187866211,0.028076171875,0.0
0,0.019279761239886284,0.9987887740135193,0.5762999653816223,0.009318033854166666,0.0
0,0.05311669036746025,0.994594156742096,0.9471830725669861,0.043253580729166664,0.0
0,0.07344057410955429,0.9934611320495605,0.929692268371582,0.041646321614583336,0.0
0,0.17057061195373535,0.9990226030349731,0.9945307374000549,0.154266357421875,0.15318806966145834
0,0.06771194934844971,0.9961305856704712,0.934035062789917,0.041341145833333336,0.0
0,0.006374847609549761,0.7823300957679749,0.18126320838928223,0.0009562174479166666,0.0
0,0.03885921463370323,0.9727790951728821,0.7608124017715454,0.017862955729166668,0.0
0,0.00036937525146640837,0.13432106375694275,0.007149102166295052,0.0,0.0
0,0.00010733399540185928,0.07423137128353119,0.0015427323523908854,0.0,0.0
0,0.004921987187117338,0.7570766806602478,0.13522866368293762,0.00020345052083333334,0.0
0,0.017873866483569145,0.9958174824714661,0.6110832095146179,0.009867350260416666,0.0
0,0.0582113154232502,0.9865716695785522,0.9329400062561035,0.050130208333333336,0.0
0,0.0006922453176230192,0.20275871455669403,0.012770392931997776,0.0,0.0
0,0.003797863842919469,0.8895288109779358,0.06489012390375137,0.0009562174479166666,0.0
0,0.009087186306715012,0.9692078232765198,0.2465333193540573,0.004119873046875,0.0
0,0.06877738982439041,0.9993281364440918,0.994820237159729,0.06538899739583333,0.054514567057291664
0,0.0001241105201188475,0.07850097864866257,0.001867565792053938,0.0,0.0
0,0.008111663162708282,0.7823300957679749,0.17509756982326508,0.0006103515625,0.0
0,0.010953518562018871,0.9613164663314819,0.34542977809906006,0.004638671875,0.0
0,0.036084286868572235,0.997285008430481,0.8962459564208984,0.022389729817708332,0.0
0,0.022669686004519463,0.9893474578857422,0.6680047512054443,0.011708577473958334,0.0
0,0.4952494204044342,0.9998831748962402,0.999453604221344,0.4838358561197917,0.4534403483072917
0,0.2596227824687958,0.9975177049636841,0.9923341274261475,0.2533772786458333,0.2674357096354167
0,0.011469517834484577,0.9596109390258789,0.35230985283851624,0.005716959635416667,0.0
0,0.055807486176490784,0.996321439743042,0.9717237949371338,0.049784342447916664,0.034383138020833336
0,0.00835928600281477,0.9518632292747498,0.2160065621137619,0.004445393880208333,0.0
0,0.037459079176187515,0.999552309513092,0.9936108589172363,0.034169514973958336,0.019948323567708332
0,0.010085674934089184,0.9229002594947815,0.5010204911231995,0.0072021484375,0.0
0,0.016396310180425644,0.9870795607566833,0.5901835560798645,0.009145100911458334,0.0
0,0.007248403504490852,0.9965569972991943,0.13672016561031342,0.005859375,0.0
0,0.0009844995802268386,0.6803479194641113,0.015543648041784763,6.103515625e-05,0.0
0,0.19671212136745453,0.9996800422668457,0.9983385801315308,0.18180208333333334,0.16365416666666666
0,0.00013508299889508635,0.06928940862417221,0.003869391046464443,0.0,0.0
0,0.002266280585899949,0.9108630418777466,0.05136751011013985,9.1552734375e-05,0.0
0,0.032955631613731384,0.9930423498153687,0.7643643021583557,0.017313639322916668,0.0
0,0.011477183550596237,0.9882221817970276,0.4460696876049042,0.007253011067708333,0.0
0,0.0006122674676589668,0.5696731209754944,0.011463796719908714,0.0,0.0
0,0.010740560479462147,0.9835337996482849,0.26568418741226196,0.004984537760416667,0.0
0,0.003940871451050043,0.9865716695785522,0.04493164271116257,0.0021565755208333335,0.0
0,0.32577285170555115,0.9995728135108948,0.9981541037559509,0.3190816243489583,0.3179829915364583
0,0.01576921157538891,0.9879926443099976,0.622176468372345,0.01,0.0
0,0.002569919917732477,0.9906237721443176,0.0222861859947443,0.0017055555555555556,0.0
0,0.0004868149699177593,0.9558166265487671,0.0003446566697675735,0.000343859649122807,0.0
0,0.0026750280521810055,0.9777987599372864,0.016915563493967056,0.0012890625,0.0
0,0.12073986977338791,0.9966102242469788,0.9778834581375122,0.1012890625,0.049820963541666666
0,0.0029792047571390867,0.9966102242469788,0.004773722495883703,0.002376302083333333,0.0
0,0.03831503540277481,0.999555766582489,0.9824978709220886,0.02748754513460396,0.0174413821472645
0,9.625315442463034e-07,0.00028462239424698055,7.127359822334256e-06,0.0,0.0
0,0.017785392701625824,0.9988664388656616,0.6613271236419678,0.010763746057863705,0.0
0,0.003583395155146718,0.9923638105392456,0.018020739778876305,0.002685546875,0.0
0,0.015114628709852695,0.9987695813179016,0.6931843161582947,0.010599204716851775,0.008295625942684766
0,0.06252031773328781,0.9865716695785522,0.9159594178199768,0.0505781799899447,0.0
0,0.018726317211985588,0.997166097164154,0.733167290687561,0.012643229166666667,0.0
0,0.010118035599589348,0.9956005811691284,0.28388065099716187,0.003525,0.0
0,0.09563159942626953,0.9968149065971375,0.9492005109786987,0.06507480694980695,0.016469594594594593
0,0.02066989429295063,0.9998785257339478,0.9430335760116577,0.01600625,0.010929166666666667
0,0.006604649592190981,0.9978258013725281,0.11201595515012741,0.0030686180422264875,0.0
0,0.018305286765098572,0.9947595000267029,0.651023268699646,0.010683781190019195,0.0
0,0.07413985580205917,0.9995362758636475,0.9678385257720947,0.0433637236084453,0.0178478886756238
0,0.2868953049182892,0.998793363571167,0.9884918928146362,0.2216796066252588,0.14704451345755692
0,0.05272090062499046,0.997285008430481,0.7541969418525696,0.015752895752895752,0.0
0,0.05865917727351189,0.9786719083786011,0.7440989017486572,0.017217664092664092,0.0
0,0.30265122652053833,0.9996110796928406,0.9922143816947937,0.23740588803088802,0.17211631274131275
0,0.013846879824995995,0.9844563603401184,0.6809868812561035,0.010397727272727272,0.008102272727272727
0,0.0006271647289395332,0.7942253947257996,0.007816553115844727,2.8677946659019214e-05,0.0
0,0.025102682411670685,0.8958876132965088,0.464385986328125,0.003840271877655055,0.0
0,0.012138559482991695,0.9822876453399658,0.4459104835987091,0.00793073593073593,0.0
0,0.00017449064762331545,0.019908789545297623,0.003363492665812373,0.0,0.0
0,0.29741519689559937,0.9996699094772339,0.9960699081420898,0.23273858044259277,0.16641004739908824
0,0.08379034698009491,0.9996243715286255,0.9929609894752502,0.057695473251028806,0.018532235939643347
0,0.15940725803375244,0.9978342652320862,0.9901019334793091,0.15642432556012803,0.15747599451303154
0,0.08384837955236435,0.9992475509643555,0.9817010760307312,0.059514285714285714,0.01290952380952381
0,0.06451829522848129,0.9992114305496216,0.9878058433532715,0.05164383561643836,0.008228310502283105
0,0.0982607752084732,0.9999563694000244,0.9991573095321655,0.08698910081743869,0.0745685740236149
0,0.061662707477808,0.9984512329101562,0.9788348078727722,0.0435662100456621,0.01428310502283105
0,0.1460677832365036,0.9981397390365601,0.982491135597229,0.07473731884057971,0.029501811594202898
0,0.080616794526577,0.9980353713035583,0.9557340741157532,0.04669949671699497,0.023351831483518316
0,0.07332543283700943,0.9846346974372864,0.8862236142158508,0.04924874466653442,0.0
0,0.2211238592863083,0.9960851669311523,0.9797840118408203,0.1706220996320938,0.1313787722607693
0,0.3027571141719818,0.999373733997345,0.9949983358383179,0.27581410571101295,0.30399189076165023
0,0.13262562453746796,0.9998655319213867,0.9865716695785522,0.10204408105225737,0.04185668579554111
0,0.1561712920665741,0.9951325058937073,0.951323390007019,0.10757020757020758,0.0
0,0.011777803301811218,0.9932550191879272,0.4056665599346161,0.007236918049672785,0.0
0,0.3132932186126709,0.9994493126869202,0.9986329674720764,0.309783935546875,0.32281494140625
0,0.037569284439086914,0.9878058433532715,0.9353464841842651,0.031534830729166664,0.021728515625
0,0.19861358404159546,0.999841570854187,0.9964893460273743,0.18013509114583334,0.122161865234375
0,0.015180896036326885,0.8591918349266052,0.2568320035934448,0.0008138020833333334,0.0
0,0.012816949747502804,0.9709643721580505,0.531295895576477,0.008697509765625,0.0
0,0.013636796735227108,0.9267027974128723,0.47022753953933716,0.005411783854166667,0.0
0,0.01279191579669714,0.9032942056655884,0.3353508412837982,0.004170735677083333,0.0
0,0.006374847609549761,0.7823300957679749,0.18126320838928223,0.0009562174479166666,0.0
0,0.03885921463370323,0.9727790951728821,0.7608124017715454,0.017862955729166668,0.0
0,0.00349308829754591,0.6081287264823914,0.08509448915719986,0.0,0.0
0,0.00017573202785570174,0.6104534864425659,0.0005420292727649212,0.0,0.0
0,0.011674200184643269,0.9352282881736755,0.4928603172302246,0.005839029947916667,0.0
0,0.01967223733663559,0.7047700881958008,0.3536379933357239,0.0001220703125,0.0
0,0.1671394258737564,0.9974787831306458,0.9915870428085327,0.165374755859375,0.15449015299479166
0,0.06697019189596176,0.9845753908157349,0.8756807446479797,0.035542805989583336,0.0
0,0.04121380299329758,0.9981541037559509,0.9929336309432983,0.035400390625,0.032633463541666664
0,0.01079938281327486,0.9975844621658325,0.21599170565605164,0.005940755208333333,0.0
0,0.0001309619256062433,0.21900326013565063,0.002074867021292448,0.0,0.0
0,0.019770292565226555,0.9930693507194519,0.868934690952301,0.015645345052083332,0.0
0,0.0002314246812602505,0.062216974794864655,0.005663865711539984,0.0,0.0
0,0.00201148702763021,0.907967209815979,0.013793772086501122,0.000457763671875,0.0
0,0.49521127343177795,0.999552309513092,0.9984812140464783,0.4940999348958333,0.5303955078125
0,0.18226613104343414,0.9997407793998718,0.9988304972648621,0.17341105143229166,0.151641845703125
0,0.024023594334721565,0.8671482801437378,0.5544650554656982,0.005828857421875,0.0
0,0.1909104734659195,0.9988752007484436,0.9902915358543396,0.149078369140625,0.043436686197916664
0,0.011334811337292194,0.9738940596580505,0.4059196412563324,0.005452473958333333,0.0
0,0.0766141265630722,0.9983256459236145,0.9936116337776184,0.0682373046875,0.054524739583333336
0,0.07590561360120773,0.9983256459236145,0.9933330416679382,0.0655517578125,0.05206298828125
0,0.1847103089094162,0.9988440275192261,0.9933589100837708,0.15898640950520834,0.09068806966145833
0,0.009279322810471058,0.8478417992591858,0.261691153049469,0.001251220703125,0.0
0,0.04538053274154663,0.9942697286605835,0.940895140171051,0.03289794921875,0.0
0,0.06775112450122833,0.9901782274246216,0.9531853795051575,0.0634765625,0.033294677734375
0,0.06536491960287094,0.9978258013725281,0.9875203371047974,0.058583577473958336,0.045338948567708336
0,0.29472824931144714,0.9994786381721497,0.997285008430481,0.2816874186197917,0.2884724934895833
0,0.11657590419054031,0.9947186708450317,0.9681393504142761,0.10064697265625,0.0
0,0.08881209045648575,0.9988530874252319,0.9800149202346802,0.072021484375,0.031209309895833332
0,0.06216124817728996,0.9944666028022766,0.9656413197517395,0.051310221354166664,0.017649332682291668
0,0.00013720407150685787,0.05877655744552612,0.0019192374311387539,0.0,0.0
0,0.124587781727314,0.9986114501953125,0.991936981678009,0.10627237955729167,0.08900960286458333
0,0.07634878903627396,0.9736446738243103,0.8619895577430725,0.039591471354166664,0.0
0,0.04564012959599495,0.9896718263626099,0.8834372758865356,0.024525960286458332,0.0
0,0.05193378031253815,0.9769347906112671,0.8547597527503967,0.030680338541666668,0.0
0,0.005445666611194611,0.851212203502655,0.14104463160037994,0.00023396809895833334,0.0
0,0.01088442001491785,0.9556514620780945,0.32990533113479614,0.004425048828125,0.0
0,0.005560340825468302,0.9092645049095154,0.20638976991176605,0.0020751953125,0.0
0,0.00018806186562869698,0.043691061437129974,0.0036358083598315716,0.0,0.0
0,2.3541550035588443e-05,0.0064631374552845955,0.00043563017970882356,0.0,0.0
0,0.009199985302984715,0.8636217713356018,0.2267836332321167,0.001861572265625,0.0
0,0.3135847747325897,0.9959927201271057,0.986361563205719,0.2561747233072917,0.13512166341145834
0,0.2400956004858017,0.9997387528419495,0.9967013001441956,0.20279947916666666,0.13212076822916666
0,0.15622861683368683,0.9990600943565369,0.9963210225105286,0.134185791015625,0.10081990559895833
0,0.016314098611474037,0.9374402165412903,0.5564517378807068,0.007710774739583333,0.0
0,0.00021419627591967583,0.7871142029762268,0.0013668660540133715,5.0862630208333336e-05,0.0
0,0.16473646461963654,0.9965301156044006,0.9885361194610596,0.16512044270833334,0.17005411783854166
0,0.038311902433633804,0.9900250434875488,0.9005298018455505,0.027303059895833332,0.0
0,0.00018477362755220383,0.2828890383243561,0.0032350560650229454,0.0,0.0
0,0.0027424918953329325,0.9455001950263977,0.030039962381124496,0.0011189778645833333,0.0
0,0.00014940326218493283,0.02931223064661026,0.002957902615889907,0.0,0.0
0,0.024135326966643333,0.9871788024902344,0.8247231841087341,0.0157470703125,0.0
0,0.06246775761246681,0.9979966282844543,0.9836598634719849,0.054097493489583336,0.0341796875
0,0.06285151839256287,0.9759005904197693,0.8994751572608948,0.058339436848958336,0.0
0,0.06583446264266968,0.9937100410461426,0.9389095306396484,0.0579833984375,0.0
0,0.0023134045768529177,0.7718434929847717,0.038176123052835464,0.0002644856770833333,0.0
0,0.09468239545822144,0.9963924288749695,0.9792737364768982,0.08528645833333333,0.0225830078125
0,0.000920458696782589,0.32906824350357056,0.01609087362885475,0.0,0.0
0,0.0017902610125020146,0.63409024477005,0.037679389119148254,1.0172526041666666e-05,0.0
0,0.008278769440948963,0.969613254070282,0.259405255317688,0.006856282552083333,0.0
0,0.00035069521982222795,0.10176784545183182,0.005179109983146191,0.0,0.0
0,0.1263614147901535,0.9914886951446533,0.9424007534980774,0.0948486328125,0.0
0,0.0006860920693725348,0.5421361923217773,0.009596454910933971,0.0,0.0
0,0.03707089647650719,0.9778834581375122,0.8165483474731445,0.021952311197916668,0.0
0,0.0036046600434929132,0.8477157950401306,0.08740324527025223,0.0007222493489583334,0.0
0,0.002287498442456126,0.3849121630191803,0.04922211542725563,0.0,0.0
0,0.00032120078685693443,0.24006125330924988,0.004627530463039875,0.0,0.0
0,0.058385033160448074,0.9556514620780945,0.8557306528091431,0.032806396484375,0.0
0,0.001180664636194706,0.47458550333976746,0.022977370768785477,0.0,0.0
0,7.059094059513882e-05,0.01901443488895893,0.0012017509434372187,0.0,0.0
0,0.06296949088573456,0.9986541271209717,0.9883578419685364,0.057830810546875,0.050425211588541664
0,0.004156148061156273,0.7543725371360779,0.1208501085639,0.0002543131510416667,0.0
0,2.918511745519936e-05,0.02494025230407715,0.00037555923336185515,0.0,0.0
0,0.00015706958947703242,0.13307687640190125,0.002714985515922308,0.0,0.0
0,0.0002892866905312985,0.054499875754117966,0.004314185585826635,0.0,0.0
0,0.03259250894188881,0.9935867786407471,0.8297680616378784,0.020823160807291668,0.0
0,0.0014114835066720843,0.6856337785720825,0.02437659725546837,5.0862630208333336e-05,0.0
0,8.306311792694032e-05,0.07477004826068878,0.0015127616934478283,0.0,0.0
0,5.882313780602999e-05,0.011777843348681927,0.0011740822810679674,0.0,0.0
0,0.01508608553558588,0.9511421918869019,0.3975273072719574,0.004343668619791667,0.0
0,0.020682184025645256,0.9620362520217896,0.6781980395317078,0.011728922526041666,0.0
0,0.00018082970927935094,0.053502149879932404,0.003260345896705985,0.0,0.0
0,0.058772891759872437,0.9906237721443176,0.9566317796707153,0.047088623046875,0.035929361979166664
0,0.004909737966954708,0.8651101589202881,0.10931912809610367,0.0012003580729166667,0.0
0,9.185758972307667e-05,0.057705316692590714,0.0014721895568072796,0.0,0.0
0,0.017689505591988564,0.9994207620620728,0.949945867061615,0.015187581380208334,0.015055338541666666
0,0.0036184669006615877,0.4896102547645569,0.06548520922660828,0.0,0.0
0,0.004207266960293055,0.8987665772438049,0.07184736430644989,0.0015665690104166667,0.0
0,0.0010013863211497664,0.37570643424987793,0.017176708206534386,0.0,0.0
0,0.003797863842919469,0.8895288109779358,0.06489012390375137,0.0009562174479166666,0.0
0,0.00020918894733767956,0.13776428997516632,0.004133486654609442,0.0,0.0
0,0.008182205259799957,0.9909797310829163,0.3012561798095703,0.00726318359375,0.0
0,0.0008445563726127148,0.8832359910011292,0.008676710538566113,0.00016276041666666666,0.0
0,0.003864779369905591,0.8370879292488098,0.10123348236083984,0.0003763834635416667,0.0
0,0.0003168979019392282,0.44480594992637634,0.0031603530514985323,0.0,0.0
0,3.819125413428992e-05,0.007846239022910595,0.0007041515782475471,0.0,0.0
0,0.013639278709888458,0.9855521321296692,0.5185122489929199,0.008707682291666666,0.0
0,0.00043263708357699215,0.29178744554519653,0.00821969285607338,0.0,0.0
0,0.0072875977493822575,0.8431217074394226,0.1470571756362915,0.0011189778645833333,0.0
0,4.7239725972758606e-05,0.031084951013326645,0.0007264874875545502,0.0,0.0
0,0.004700113087892532,0.9312127232551575,0.09041372686624527,0.002105712890625,0.0
0,0.1765725016593933,0.9996387958526611,0.9970878958702087,0.16828409830729166,0.13736979166666666
0,0.012540176510810852,0.9641192555427551,0.5058356523513794,0.007354736328125,0.0
0,0.06751095503568649,0.9984573125839233,0.9911527037620544,0.06293741861979167,0.058430989583333336
0,0.12752865254878998,0.9990854263305664,0.9962199330329895,0.11259969075520833,0.07597859700520833
0,0.0004194115463178605,0.5594705939292908,0.00391482375562191,0.0,0.0
0,0.00025573500897735357,0.0586685985326767,0.003869391046464443,0.0,0.0
0,0.0022976656910032034,0.9032942056655884,0.07558070868253708,0.0004069010416666667,0.0
0,0.15319763123989105,0.9995793700218201,0.9970878958702087,0.12913004557291666,0.13801066080729166
0,0.032416392117738724,0.9963500499725342,0.9008791446685791,0.024241129557291668,0.0
0,6.935498731763801e-06,0.0004994205082766712,8.547617471776903e-05,0.0,0.0
0,0.018112637102603912,0.9750598073005676,0.5531553030014038,0.008616129557291666,0.0
0,0.04709118232131004,0.9890975952148438,0.9307029843330383,0.033477783203125,0.0
0,0.0005467095761559904,0.7199746966362,0.0006641048239544034,0.00010172526041666667,0.0
0,8.780710049904883e-05,0.02161533385515213,0.0012693643802776933,0.0,0.0
0,1.8254982933285646e-05,0.00407013762742281,0.000458312890259549,0.0,0.0
0,0.0026142888236790895,0.32756075263023376,0.07396337389945984,0.0,0.0
0,0.03204075247049332,0.9681411385536194,0.8046992421150208,0.024281819661458332,0.0
0,0.021750008687376976,0.9886244535446167,0.7771257758140564,0.015879313151041668,0.0
0,0.0006606086972169578,0.8740772008895874,0.0010566838318482041,0.0004069010416666667,0.0
0,0.006684236228466034,0.8101786971092224,0.1559685915708542,0.000396728515625,0.0
0,1.7693930203677155e-05,0.0030994154512882233,0.0003514382697176188,0.0,0.0
0,0.002876688726246357,0.8536689877510071,0.07654563337564468,0.000213623046875,0.0
0,0.0010095302714034915,0.41276684403419495,0.020961841568350792,0.0,0.0
0,0.0032513157930225134,0.845432698726654,0.07751347869634628,0.000213623046875,0.0
0,0.00024311302695423365,0.12797923386096954,0.004281254485249519,0.0,0.0
0,0.009341360069811344,0.9813465476036072,0.2584850788116455,0.004791259765625,0.0
0,0.0017129940679296851,0.8925625681877136,0.028651038184762,0.000335693359375,0.0
0,0.07071806490421295,0.9968149065971375,0.9759464263916016,0.052144368489583336,0.0
0,0.0022621415555477142,0.8714748620986938,0.030327534303069115,0.00054931640625,0.0
0,6.193744047777727e-05,0.04352813959121704,0.0008263576892204583,0.0,0.0
0,0.05645906925201416,0.995866060256958,0.9508692026138306,0.048878987630208336,0.0
0,0.024522880092263222,0.9989055395126343,0.9869779944419861,0.023915608723958332,0.020039876302083332
0,0.012225515209138393,0.9828891754150391,0.31475892663002014,0.004984537760416667,0.0
0,2.848851727321744e-05,0.04046483710408211,0.00046010586083866656,0.0,0.0
0,0.0012811369961127639,0.5515133142471313,0.022889839485287666,0.0,0.0
0,5.378134665079415e-05,0.006413164082914591,0.0005792916635982692,0.0,0.0
0,0.0049489703960716724,0.875361442565918,0.1366049349308014,0.0006612141927083334,0.0
0,0.00018938828725367785,0.15002882480621338,0.003442579647526145,0.0,0.0
0,0.02097477950155735,0.9653811454772949,0.6222734451293945,0.009999593098958334,0.0
0,0.0008428008295595646,0.26894140243530273,0.021206121891736984,0.0,0.0
0,0.00876910611987114,0.8431217074394226,0.24944725632667542,0.0015462239583333333,0.0
0,0.034066732972860336,0.9942920207977295,0.9571177959442139,0.027760823567708332,0.018717447916666668
0,5.845565829076804e-05,0.06779313087463379,0.000954731716774404,0.0,0.0
0,0.012824474833905697,0.8345417976379395,0.48462262749671936,0.0028889973958333335,0.0
0,2.8681695766863413e-05,0.014842418022453785,0.00046917633153498173,0.0,0.0
0,0.15588034689426422,0.9984452128410339,0.986929178237915,0.12748209635416666,0.06364949544270833
0,1.1053917660319712e-05,0.0006214629975147545,0.00012533750850707293,0.0,0.0
0,0.01576233096420765,0.9412234425544739,0.490398108959198,0.007395426432291667,0.0
0,1.1528471077326685e-05,0.0020507436711341143,0.00016734052042011172,0.0,0.0
0,5.1371840527281165e-05,0.01901443488895893,0.0008727669483050704,0.0,0.0
0,0.026114702224731445,0.9982993006706238,0.9794721603393555,0.025146484375,0.0150146484375
0,0.1290203332901001,0.9931228756904602,0.9658995866775513,0.11646525065104167,0.0
0,4.593697303789668e-05,0.05490385368466377,0.0007793660624884069,0.0,0.0
0,0.04312417283654213,0.9767136573791504,0.83195561170578,0.030548095703125,0.0
0,5.416630756371887e-06,0.0006487308419309556,8.750299457460642e-05,0.0,0.0
0,0.3306953012943268,0.9994600415229797,0.9983059167861938,0.31475830078125,0.333740234375
0,0.04903659597039223,0.9667888283729553,0.7647106647491455,0.022898356119791668,0.0
0,0.12104969471693039,0.9955315589904785,0.9586926698684692,0.08403523763020833,0.037892659505208336
0,7.46977748349309e-05,0.021004367619752884,0.0013457033783197403,0.0,0.0
0,0.007820327766239643,0.9433475732803345,0.2532953917980194,0.0031229654947916665,0.0
0,0.00015443902520928532,0.024516336619853973,0.0037212749011814594,0.0,0.0
0,0.002626994624733925,0.687734842300415,0.06163611263036728,9.1552734375e-05,0.0
0,0.009987459518015385,0.9210741519927979,0.2395218461751938,0.0027974446614583335,0.0
0,0.0008407708373852074,0.29553478956222534,0.014503578655421734,0.0,0.0
0,0.0035134416539222,0.6975059509277344,0.07068780064582825,0.00011189778645833333,0.0
0,9.388395847054198e-05,0.0427221953868866,0.0018099998123943806,0.0,0.0
0,0.009472569450736046,0.9653811454772949,0.24779443442821503,0.0036519368489583335,0.0
0,0.023895353078842163,0.9879926443099976,0.8530579209327698,0.016591389973958332,0.0
0,0.03063567541539669,0.9956685304641724,0.7099128365516663,0.01495361328125,0.0
0,0.00010637907689670101,0.01908743381500244,0.002491967985406518,0.0,0.0
0,0.0025687310844659805,0.8643104434013367,0.03108142875134945,0.0008138020833333334,0.0
0,0.06424840539693832,0.9765353798866272,0.9053173065185547,0.048451741536458336,0.0
0,0.00012712790339719504,0.09073548763990402,0.002243087626993656,0.0,0.0
0,0.002428269013762474,0.9711838364601135,0.0222861859947443,0.0014444986979166667,0.0
0,0.04874682426452637,0.9954615235328674,0.9555686116218567,0.029520670572916668,0.0
0,0.013937522657215595,0.9448931217193604,0.3713577389717102,0.004262288411458333,0.0
0,8.410508598899469e-06,0.0020348168909549713,0.00013658353418577462,0.0,0.0
0,0.06059445068240166,0.9949001669883728,0.936626672744751,0.040120442708333336,0.0
0,0.014715333469212055,0.9261703491210938,0.4834263324737549,0.005757649739583333,0.0
0,0.20189915597438812,0.9985277652740479,0.994594156742096,0.16408284505208334,0.056243896484375
0,0.012096558697521687,0.9289263486862183,0.340046763420105,0.004079182942708333,0.0
0,0.23028545081615448,0.9995063543319702,0.9959140419960022,0.20147705078125,0.063262939453125
0,0.18411016464233398,0.9998326301574707,0.9991507530212402,0.176361083984375,0.161773681640625
0,0.016776427626609802,0.9389128684997559,0.4301365911960602,0.005971272786458333,0.0
0,0.21936939656734467,0.9995417594909668,0.9984083771705627,0.213409423828125,0.2081298828125
0,0.1370643526315689,0.9896317720413208,0.9487247467041016,0.090240478515625,0.0
0,0.2597861588001251,0.9991135001182556,0.9948403239250183,0.22071329752604166,0.14411417643229166
0,8.608069038018584e-05,0.013171949423849583,0.001530744950287044,0.0,0.0
0,0.012217187322676182,0.9857181310653687,0.5624769330024719,0.008982340494791666,0.0
0,0.12196404486894608,0.9941574335098267,0.9613868594169617,0.08935546875,0.0
0,0.0042886133305728436,0.9092645049095154,0.07709969580173492,0.0003255208333333333,0.0
0,0.011813852936029434,0.9406808614730835,0.3415825068950653,0.00408935546875,0.0
0,0.004178605042397976,0.9078037738800049,0.08678673207759857,0.0004781087239583333,0.0
0,0.08019695430994034,0.9976859092712402,0.9818394780158997,0.056101481119791664,0.012593587239583334
0,0.006892381235957146,0.942081868648529,0.1946738213300705,0.0023600260416666665,0.0
0,0.1852121353149414,0.9994274377822876,0.9974191188812256,0.15440877278645834,0.1304931640625
0,0.5316974520683289,0.9997565150260925,0.9988840222358704,0.514068603515625,0.5233256022135416
0,0.13696984946727753,0.9966233968734741,0.9849256873130798,0.10822550455729167,0.040618896484375
0,0.046314787119627,0.9973887801170349,0.967100977897644,0.037139892578125,0.0
0,0.07081577926874161,0.9985730648040771,0.9885361194610596,0.060689290364583336,0.020273844401041668
0,0.28296756744384766,0.9999412298202515,0.9994907379150391,0.2619832356770833,0.226226806640625
0,1.0843873496924061e-05,0.005469274707138538,0.00013658353418577462,0.0,0.0
0,0.001776401069946587,0.9485372304916382,0.01704140566289425,0.0004069010416666667,0.0
0,3.2426366942672757e-06,0.0006000071880407631,4.794958294951357e-05,0.0,0.0
0,0.25018277764320374,0.9999759197235107,0.9992532730102539,0.24030558268229166,0.17606608072916666
0,0.006932889577001333,0.9716717004776001,0.17229437828063965,0.0026143391927083335,0.0
0,0.02699674479663372,0.9571177959442139,0.6058585047721863,0.009242666666666666,0.0
0,0.3832719027996063,0.995075523853302,0.9767580628395081,0.286896,0.11402666666666667
0,0.01603546552360058,0.9900250434875488,0.7398061156272888,0.012197333333333333,0.0
0,0.00840829499065876,0.9952999353408813,0.18624448776245117,0.007797333333333333,0.0
0,0.039247941225767136,0.9973477125167847,0.9404625296592712,0.025583902994791668,0.0
0,0.0330202654004097,0.9959613680839539,0.8987612128257751,0.024078369140625,0.0
0,0.003940323367714882,0.9999593496322632,0.004943689331412315,0.0032682291666666667,0.0023990885416666666
0,0.03510691970586777,0.9976949095726013,0.7181993126869202,0.01425,0.0
0,0.2285485863685608,0.9998058676719666,0.9987106323242188,0.19329771371769383,0.16031560636182904
0,0.041903506964445114,0.9971550703048706,0.929440438747406,0.0258375,0.0
0,0.2059343457221985,0.9971216320991516,0.9851576089859009,0.1794375,0.15654166666666666
0,0.21945270895957947,0.9997063279151917,0.9753431081771851,0.15867319085265988,0.010109792344865236
0,0.09176334738731384,0.9960851669311523,0.9275813698768616,0.06349080569604028,0.0
0,0.14047065377235413,0.9990745782852173,0.9943140745162964,0.12008945386064031,0.09462806026365349
0,0.11188555508852005,0.9975939393043518,0.9765353798866272,0.07853506243996157,0.026532180595581174
0,0.0692829117178917,0.9928508996963501,0.956063449382782,0.04331116038433112,0.0
0,0.16144372522830963,0.9999239444732666,0.9986801743507385,0.13469662921348313,0.06958426966292135
0,0.14096492528915405,0.9948803186416626,0.9489172697067261,0.09414164305949009,0.0
0,0.07967770099639893,0.9991958737373352,0.9675332307815552,0.039485714285714284,0.0
0,0.15391863882541656,0.9999103546142578,0.9989055395126343,0.1456094527363184,0.12893034825870647
0,0.00016454920114483684,0.2402394413948059,0.0024155774153769016,0.0,0.0
0,4.8927817260846496e-05,0.3812195658683777,0.0003711854515131563,0.0,0.0
0,0.33161669969558716,0.999555766582489,0.9963500499725342,0.295036231884058,0.2888302277432712
0,0.4836798906326294,0.9998476505279541,0.9980881810188293,0.44295977011494253,0.387179802955665
0,0.08789476752281189,0.9976218342781067,0.9630919694900513,0.04849753694581281,0.017101806239737276
0,0.030205516144633293,0.9994786381721497,0.9718859195709229,0.025248138957816378,0.011480562448304385
0,0.22200888395309448,0.9986904263496399,0.990767776966095,0.192256600660066,0.13077970297029703
0,0.009900333359837532,0.9567152261734009,0.2930017411708832,0.0032674897119341563,0.0
0,0.2371889352798462,0.9999643564224243,0.9992706179618835,0.22883292383292383,0.21533988533988535
0,0.016916798427700996,0.9986749291419983,0.7965583801269531,0.011859885469451653,0.0
0,0.5222552418708801,0.9998118281364441,0.9987695813179016,0.4926201347433279,0.4675036209312168
0,0.0450768768787384,0.9958499670028687,0.8978744745254517,0.033978416098669265,0.0
0,0.08383004367351532,0.9992792010307312,0.9732407331466675,0.05572083333333333,0.006225
0,0.20049859583377838,0.9982247948646545,0.9794721603393555,0.15792431269745244,0.0784002150971298
0,0.0405934639275074,0.9995744824409485,0.9624485969543457,0.03051236987968095,0.008451624532468118
0,0.047865353524684906,0.9981104135513306,0.9506864547729492,0.033761488970588234,0.010811121323529412
0,0.041806045919656754,0.9995744824409485,0.9928231239318848,0.03492049469964664,0.026566548881036513
0,0.06989088654518127,0.99988853931427,0.9986415505409241,0.06436682063125482,0.05688029253271747
0,0.63875812292099,0.9998867511749268,0.9993833303451538,0.6205414104258865,0.6036592141310804
0,0.002502047922462225,0.9878058433532715,0.02674555964767933,0.0012959206671174217,0.0
0,0.04391271248459816,0.9989718198776245,0.8394643664360046,0.024700288789410677,0.008011211156689532
0,0.007838956080377102,0.9944451451301575,0.16816459596157074,0.005391438802083333,0.0
0,0.1359073519706726,0.9978925585746765,0.9741412401199341,0.09839884440104167,0.0
0,0.361825555562973,0.9997765421867371,0.9974689483642578,0.3307698567708333,0.3447062174479167
0,0.5384030938148499,0.9996993541717529,0.9973061084747314,0.5057881673177084,0.5124409993489584
0,0.11987758427858353,0.9984632730484009,0.991186797618866,0.09600830078125,0.049326578776041664
0,0.35487377643585205,0.9996620416641235,0.9960391521453857,0.3149922688802083,0.24077351888020834
0,0.5508338809013367,0.9993307590484619,0.9979652166366577,0.54168701171875,0.576263427734375
0,0.04438956454396248,0.9992591738700867,0.9604353904724121,0.03546142578125,0.0
0,0.28252100944519043,0.9977568984031677,0.9905874133110046,0.237945556640625,0.22283935546875
0,0.03364003822207451,0.9895513653755188,0.8297432065010071,0.018473307291666668,0.0
0,0.2785210907459259,0.9963924288749695,0.9856059551239014,0.24977620442708334,0.22090657552083334
0,0.14833921194076538,0.99935382604599,0.9925393462181091,0.11640421549479167,0.014261881510416666
0,0.16952721774578094,0.9981756210327148,0.9890130758285522,0.14946492513020834,0.129638671875
0,0.18991953134536743,0.9983515739440918,0.9921233057975769,0.17177327473958334,0.16241455078125
0,0.20414511859416962,0.9993952512741089,0.9981178045272827,0.166534423828125,0.07427978515625
0,0.12806454300880432,0.9973269701004028,0.9849274158477783,0.11045328776041667,0.040751139322916664
0,0.1446692943572998,0.996249258518219,0.982624351978302,0.11249796549479167,0.038920084635416664
0,0.004332962911576033,0.929440438747406,0.11575465649366379,0.001312255859375,0.0
0,0.5537043213844299,0.9997108578681946,0.9987648725509644,0.5480550130208334,0.5822855631510416
0,0.07410311698913574,0.9924813508987427,0.8703770637512207,0.036529541015625,0.0
0,0.0019205487333238125,0.6405234336853027,0.04153298959136009,1.0172526041666666e-05,0.0
0,0.08569919317960739,0.9948803186416626,0.9069782495498657,0.042816162109375,0.0
0,0.3384697437286377,0.9990745782852173,0.9958174824714661,0.3186848958333333,0.3014424641927083
0,0.23636801540851593,0.9993358254432678,0.9965301156044006,0.17859903971354166,0.08885701497395833
0,0.02525448240339756,0.9859364032745361,0.793906033039093,0.017985026041666668,0.0
0,0.014665476977825165,0.9903663396835327,0.5843898057937622,0.00909423828125,0.0
0,0.47101888060569763,0.9996387958526611,0.9990563988685608,0.4369303385416667,0.4039510091145833
0,0.16935694217681885,0.9990111589431763,0.9950364232063293,0.135406494140625,0.08423868815104167
0,0.17464186251163483,0.9962199330329895,0.970797061920166,0.10627237955729167,0.0
0,0.34417423605918884,0.9985785484313965,0.9940882921218872,0.3097635904947917,0.24843343098958334
0,0.22168906033039093,0.9983189702033997,0.9858275651931763,0.15627034505208334,0.038655598958333336
0,0.3295842111110687,0.9987257122993469,0.9940420985221863,0.2804463704427083,0.14211018880208334
0,0.1566338986158371,0.9993013143539429,0.995075523853302,0.11626180013020833,0.07807413736979167
0,0.15066562592983246,0.9942025542259216,0.9791942834854126,0.11675008138020833,0.034739176432291664
0,0.4669315814971924,0.9993384480476379,0.9965569972991943,0.441009521484375,0.4614054361979167
0,0.07877331227064133,0.9890553951263428,0.9403530955314636,0.056528727213541664,0.0
0,0.07759518176317215,0.9979089498519897,0.9748647809028625,0.06376139322916667,0.025166829427083332
0,0.27695754170417786,0.9992563128471375,0.9956346154212952,0.24155680338541666,0.189483642578125
0,0.26738178730010986,0.9993307590484619,0.9958980679512024,0.24262491861979166,0.22121175130208334
0,0.19629602134227753,0.9957020878791809,0.9783420562744141,0.15111287434895834,0.036885579427083336
0,0.08082360029220581,0.9982590079307556,0.9392447471618652,0.053151448567708336,0.0
0,0.07039472460746765,0.9875203371047974,0.827122688293457,0.026896158854166668,0.0
0,0.1481473445892334,0.9934865236282349,0.9703508019447327,0.10343424479166667,0.0
0,0.1291809231042862,0.9983189702033997,0.9806178212165833,0.09771728515625,0.023518880208333332
0,0.01253082137554884,0.9444848895072937,0.3884776830673218,0.0040283203125,0.0
0,0.2595832645893097,0.9969722032546997,0.9865716695785522,0.20282999674479166,0.070037841796875
0,0.03206319734454155,0.9937587976455688,0.7697628140449524,0.014994303385416666,0.0
0,0.5317026376724243,0.9996215105056763,0.9973989725112915,0.5106608072916666,0.54803466796875
0,0.05676710978150368,0.9893474578857422,0.8862236142158508,0.027425130208333332,0.0
0,0.13456100225448608,0.9815244078636169,0.8610715270042419,0.052317301432291664,0.0
0,0.18953414261341095,0.9991374015808105,0.9903278946876526,0.13643391927083334,0.040690104166666664
0,0.10271561145782471,0.9963500499725342,0.9358173608779907,0.06725056966145833,0.0
0,0.2669065296649933,0.9944451451301575,0.9759464263916016,0.227386474609375,0.0
0,0.1317063719034195,0.9974191188812256,0.9908744096755981,0.11259969075520833,0.075836181640625
0,0.08470097929239273,0.9957684278488159,0.9609495401382446,0.049102783203125,0.0
0,0.09450572729110718,0.9946774244308472,0.9530133008956909,0.061696370442708336,0.0
0,0.023326987400650978,0.9790357351303101,0.5362806916236877,0.007578531901041667,0.0
0,0.46683594584465027,0.9997527003288269,0.9984986186027527,0.43658447265625,0.4566650390625
0,0.01533553097397089,0.9792352318763733,0.5038126707077026,0.008087158203125,0.0
0,0.15412761270999908,0.9986904263496399,0.9905142784118652,0.12137858072916667,0.062062581380208336
0,0.10445857793092728,0.9953904151916504,0.9712929129600525,0.08409627278645833,0.0
0,0.3749275505542755,0.9981613755226135,0.9930152893066406,0.3393961588541667,0.2504984537760417
0,0.0018204011721536517,0.4011598825454712,0.04501553252339363,0.0,0.0
0,0.010844164527952671,0.9788748621940613,0.35519540309906006,0.00567626953125,0.0
0,0.12602217495441437,0.9964480400085449,0.9809480309486389,0.09202067057291667,0.049631754557291664
0,0.39064064621925354,0.99935382604599,0.9955315589904785,0.3397013346354167,0.23546346028645834
0,0.24166202545166016,0.995718777179718,0.9843964576721191,0.22978719075520834,0.20050048828125
0,0.07684731483459473,0.9979332685470581,0.9843964576721191,0.06449381510416667,0.02093505859375
0,0.20181910693645477,0.9990710020065308,0.9947391152381897,0.176727294921875,0.132598876953125
0,0.20936906337738037,0.9992145299911499,0.9960699081420898,0.1715087890625,0.034261067708333336
0,0.09861791133880615,0.9983834028244019,0.9667850732803345,0.06464640299479167,0.0
0,0.4193848669528961,0.9993563294410706,0.9975466132164001,0.3870646158854167,0.389251708984375
0,0.6111345887184143,0.9998726844787598,0.9988664388656616,0.60888671875,0.650970458984375
0,0.03690120577812195,0.9844563603401184,0.8574066758155823,0.024658203125,0.0
0,0.35000744462013245,0.9993281364440918,0.9966360926628113,0.3006795247395833,0.20408121744791666
0,0.19097845256328583,0.9997546076774597,0.9979731440544128,0.16419474283854166,0.16637166341145834
0,0.2867831885814667,0.9992792010307312,0.9958174824714661,0.2605387369791667,0.233673095703125
0,0.11932724714279175,0.9960699081420898,0.9800912737846375,0.09192911783854167,0.031545003255208336
0,0.15254518389701843,0.9980276226997375,0.9852696061134338,0.11246744791666667,0.017445882161458332
0,0.10506117343902588,0.9967648983001709,0.9809125065803528,0.07796223958333333,0.0
0,0.23224151134490967,0.9923933744430542,0.9596109390258789,0.16997273763020834,0.0
0,0.174371138215065,0.9989266991615295,0.9917484521865845,0.14241536458333334,0.09619140625
0,0.1139366403222084,0.9946358799934387,0.9626007080078125,0.08298746744791667,0.0
0,0.019016088917851448,0.9884918928146362,0.5068045258522034,0.007893880208333334,0.0
0,0.6842622756958008,0.999453604221344,0.9978172779083252,0.67352294921875,0.7582600911458334
0,0.003128153970465064,0.7565374970436096,0.05592617020010948,0.00014241536458333334,0.0
0,0.0655335932970047,0.9890975952148438,0.9377830028533936,0.044230143229166664,0.0
0,0.041138824075460434,0.9972099661827087,0.9742394685745239,0.030690511067708332,0.0
0,0.35931912064552307,0.9991440773010254,0.9969005584716797,0.2957255045572917,0.23177083333333334
0,0.16556929051876068,0.9964756369590759,0.9820805191993713,0.11858113606770833,0.0
0,0.2757242023944855,0.9994683861732483,0.9940651655197144,0.218536376953125,0.06888834635416667
0,0.12699192762374878,0.997739315032959,0.9886682629585266,0.10010782877604167,0.053863525390625
0,0.2880856692790985,0.9965165853500366,0.9832789301872253,0.2269287109375,0.120574951171875
0,0.04217863455414772,0.9947186708450317,0.8792473673820496,0.024302164713541668,0.0
0,0.07353376597166061,0.9961456060409546,0.9842154383659363,0.061208089192708336,0.020467122395833332
0,0.13981814682483673,0.9906600117683411,0.9648551344871521,0.10179646809895833,0.0
0,0.6760454177856445,0.9998612403869629,0.9995875954627991,0.6714884440104166,0.7018229166666666
0,0.0012243109522387385,0.6799229979515076,0.019643761217594147,4.0690104166666664e-05,0.0
0,0.09004735946655273,0.9967648983001709,0.9866748452186584,0.08054606119791667,0.054575602213541664
0,0.4284555912017822,0.9999263286590576,0.9993809461593628,0.40252685546875,0.4099934895833333
0,0.01274645235389471,0.9775000214576721,0.4044433534145355,0.005788167317708333,0.0
0,0.0318426750600338,0.9838472008705139,0.6915984153747559,0.011952718098958334,0.0
0,0.04255203902721405,0.999160647392273,0.9678993225097656,0.031229654947916668,0.0
0,1.3656567716680001e-05,0.0013511208817362785,0.00021654405281879008,0.0,0.0
0,0.5272017121315002,0.9998028874397278,0.9985221028327942,0.5179850260416666,0.5802714029947916
0,0.3937729299068451,0.9994966983795166,0.9978925585746765,0.3697713216145833,0.3399759928385417
0,0.22573046386241913,0.9992533326148987,0.9960545301437378,0.188018798828125,0.13157145182291666
0,0.23229078948497772,0.9981397390365601,0.9902915358543396,0.20367431640625,0.11334228515625
0,0.04802803322672844,0.9987004995346069,0.9899464249610901,0.041544596354166664,0.015248616536458334
0,0.2051619440317154,0.9993785619735718,0.9974290728569031,0.18621826171875,0.16069539388020834
0,0.0011508952593430877,0.6655192375183105,0.023014698177576065,2.0345052083333332e-05,0.0
0,0.40122660994529724,0.9996199607849121,0.9978840947151184,0.3816324869791667,0.357879638671875
0,0.07777512818574905,0.9981684684753418,0.9807657599449158,0.061543782552083336,0.038899739583333336
0,0.03845475614070892,0.991455614566803,0.8809958100318909,0.020599365234375,0.0
0,0.2909681499004364,0.9992620348930359,0.9939024448394775,0.24442545572916666,0.14304606119791666
0,0.2965160012245178,0.9990854263305664,0.9947186708450317,0.24830118815104166,0.17173258463541666
0,2.8067190214642324e-05,0.01798621006309986,0.00042887922609224916,0.0,0.0
0,0.00034303730353713036,0.10466021299362183,0.005865338258445263,0.0,0.0
0,0.01245413813740015,0.9759005904197693,0.2618912160396576,0.004709879557291667,0.0
0,0.0013403495540842414,0.7131320238113403,0.028811290860176086,4.0690104166666664e-05,0.0
0,2.7209003746975213e-05,0.053403329104185104,0.0006878511630930007,0.0,0.0
0,0.027269599959254265,0.9943360686302185,0.9569547176361084,0.024759928385416668,0.023396809895833332
0,0.18115182220935822,0.9996287822723389,0.9978510141372681,0.16321818033854166,0.12066650390625
0,0.0002961275458801538,0.08064661920070648,0.004810983315110207,0.0,0.0
0,0.13439366221427917,0.9958174824714661,0.9820127487182617,0.08800252278645833,0.048634847005208336
0,0.2005590945482254,0.9991672039031982,0.9960699081420898,0.18526204427083334,0.16872151692708334
0,0.08821847289800644,0.9983256459236145,0.985496461391449,0.07213338216145833,0.0450439453125
0,0.03161834552884102,0.9986060261726379,0.9637717604637146,0.026346842447916668,0.022013346354166668
0,0.013999243266880512,0.9801673293113708,0.523466169834137,0.0086669921875,0.0
0,0.317680686712265,0.9982317090034485,0.9923638105392456,0.2768452962239583,0.23585001627604166
0,0.2769862115383148,0.9995505213737488,0.9981030225753784,0.2642008463541667,0.229827880859375
0,4.506593177211471e-05,0.009485713206231594,0.0007124459953047335,0.0,0.0
0,0.4430577754974365,0.9993663430213928,0.9975751042366028,0.4131673177083333,0.415802001953125
0,0.00030217651510611176,0.0650087296962738,0.004962942097336054,0.0,0.0
0,0.02027222514152527,0.9959140419960022,0.7352616786956787,0.014261881510416666,0.0
0,0.04214663431048393,0.9937100410461426,0.9272316098213196,0.029083251953125,0.0
0,0.035239167511463165,0.9989596605300903,0.9885348081588745,0.030324300130208332,0.021952311197916668
0,0.0034168020356446505,0.9504110217094421,0.038536328822374344,0.0009867350260416667,0.0
0,0.16399182379245758,0.9974391460418701,0.9771524667739868,0.11811319986979167,0.0
0,0.11805522441864014,0.9954261183738708,0.9779244065284729,0.09661865234375,0.08024088541666667
0,0.5013082027435303,0.9998717308044434,0.9990890026092529,0.47430419921875,0.48486328125
0,0.30676689743995667,0.9989995360374451,0.9965161681175232,0.2728983561197917,0.180450439453125
0,0.32283058762550354,0.9986541271209717,0.9933071732521057,0.3014933268229167,0.2895406087239583
0,0.013214059174060822,0.974773108959198,0.32199275493621826,0.0036112467447916665,0.0
0,0.0002538523403927684,0.06406543403863907,0.0040543340146541595,0.0,0.0
0,0.13644330203533173,0.9993976354598999,0.9953898787498474,0.121185302734375,0.07569376627604167
0,0.23316407203674316,0.9994184970855713,0.9973374009132385,0.20522054036458334,0.20488484700520834
0,0.3937319815158844,0.9995417594909668,0.996321439743042,0.3631693522135417,0.3857625325520833
0,0.024760819971561432,0.9907320141792297,0.8158025145530701,0.013631184895833334,0.0
0,0.0045626782812178135,0.8879840970039368,0.0606372132897377,0.0023091634114583335,0.0
0,0.06414775550365448,0.999127209186554,0.9946568012237549,0.049631754557291664,0.033426920572916664
0,0.021864747628569603,0.9930152893066406,0.7824813723564148,0.014170328776041666,0.0
0,0.051472511142492294,0.9992930889129639,0.9917484521865845,0.039388020833333336,0.024241129557291668
0,0.00777609646320343,0.9977830052375793,0.1155608743429184,0.006174723307291667,0.0
0,0.039828911423683167,0.9942025542259216,0.8765255808830261,0.0213623046875,0.0
0,0.4571281969547272,0.9998273253440857,0.9991990923881531,0.4328715006510417,0.4454447428385417
0,0.27159667015075684,0.9996155500411987,0.9984145164489746,0.2532246907552083,0.19743855794270834
0,0.17873871326446533,0.9986904263496399,0.9916519522666931,0.15693155924479166,0.091094970703125
0,3.0209734177333303e-05,0.008745182305574417,0.000643685576505959,0.0,0.0
0,0.10214849561452866,0.985042929649353,0.9353464841842651,0.07216389973958333,0.0
0,0.026083163917064667,0.9985730648040771,0.9469902515411377,0.02093505859375,0.0
0,0.008167759515345097,0.9689150452613831,0.21567599475383759,0.001800537109375,0.0
0,0.20302867889404297,0.9992734789848328,0.9925103187561035,0.1685791015625,0.057291666666666664
0,0.011133949272334576,0.9892648458480835,0.336324542760849,0.006083170572916667,0.0
0,0.27706003189086914,0.9991440773010254,0.9956176280975342,0.24570719401041666,0.15909830729166666
0,0.11638366430997849,0.9978172779083252,0.9875203371047974,0.097259521484375,0.020772298177083332
0,0.11656501144170761,0.9967142343521118,0.9702945947647095,0.08185831705729167,0.0
0,0.013744708150625229,0.9264369606971741,0.4332565367221832,0.005391438802083333,0.0
0,0.15659593045711517,0.9993410706520081,0.9937587976455688,0.13624064127604166,0.055674235026041664
0,0.4010404646396637,0.9997918009757996,0.9983320832252502,0.356689453125,0.2945556640625
0,0.001448003458790481,0.08479540795087814,0.020883020013570786,0.0,0.0
0,0.10263355821371078,0.9954967498779297,0.9608049392700195,0.07121785481770833,0.0
0,0.0033274602610617876,0.6928498148918152,0.08151976019144058,0.00011189778645833333,0.0
0,0.04320092499256134,0.9820826053619385,0.842863142490387,0.027008056640625,0.0
0,0.011233960278332233,0.8712559342384338,0.3433384299278259,0.0030110677083333335,0.0
0,0.10296821594238281,0.9980199337005615,0.9875683188438416,0.08186848958333333,0.035715738932291664
0,0.023958362638950348,0.9436599016189575,0.5544340014457703,0.007771809895833333,0.0
0,0.009482203982770443,0.9732407331466675,0.32431355118751526,0.004720052083333333,0.0
0,0.005156249273568392,0.936168372631073,0.09450040757656097,0.0016886393229166667,0.0
0,0.34922340512275696,0.9993307590484619,0.9970073103904724,0.3417460123697917,0.3429463704427083
0,0.0006485169287770987,0.14620910584926605,0.014615669846534729,0.0,0.0
0,0.4200981557369232,0.9991135001182556,0.9965435862541199,0.37017822265625,0.302001953125
0,0.09997692704200745,0.9983385801315308,0.9479592442512512,0.061228434244791664,0.0
0,0.08348599821329117,0.9994138479232788,0.9957684278488159,0.07433064778645833,0.043212890625
0,0.06951615959405899,0.995075523853302,0.9433475732803345,0.044057210286458336,0.0
0,0.00021706796542275697,0.048496000468730927,0.005139012821018696,0.0,0.0
0,0.2684974670410156,0.9989350438117981,0.9948403239250183,0.22979736328125,0.15159098307291666
0,0.1593870371580124,0.9982317090034485,0.9778411984443665,0.11933390299479167,0.0
0,0.00013063306687399745,0.19667185842990875,0.001667882315814495,0.0,0.0
0,0.012430571019649506,0.9970878958702087,0.48967286944389343,0.008585611979166666,0.0
0,9.123767813434824e-05,0.025035422295331955,0.0018099998123943806,0.0,0.0
0,0.028847193345427513,0.9986646175384521,0.9696115255355835,0.020640055338541668,0.0
0,0.023022430017590523,0.9791557192802429,0.7913329005241394,0.016550699869791668,0.0
0,0.0002990448265336454,0.08269734680652618,0.006240533664822578,0.0,0.0
0,0.593941867351532,0.9999110698699951,0.9995678067207336,0.5763753255208334,0.5914103190104166
0,0.06888475269079208,0.9989392161369324,0.9634333848953247,0.045511881510416664,0.0
0,0.029396792873740196,0.9910145401954651,0.8442767858505249,0.018636067708333332,0.0
0,0.04795985296368599,0.996434211730957,0.9593832492828369,0.031026204427083332,0.0
0,0.007378151174634695,0.9155072569847107,0.23265340924263,0.0017598470052083333,0.0
0,0.002120882971212268,0.8842393159866333,0.03554239124059677,0.0002644856770833333,0.0
0,0.007370785344392061,0.9343951344490051,0.22557693719863892,0.0031331380208333335,0.0
0,0.0010147999273613095,0.713731050491333,0.014785407111048698,6.103515625e-05,0.0
0,0.007680483162403107,0.9613164663314819,0.18298697471618652,0.0034077962239583335,0.0
0,0.007207814604043961,0.9626027941703796,0.11596072465181351,0.0011189778645833333,0.0
0,0.007637978997081518,0.9084556102752686,0.1724378764629364,0.0027567545572916665,0.0
0,0.007557057309895754,0.6938879489898682,0.27395978569984436,0.0001220703125,0.0
0,0.05455073341727257,0.9944451451301575,0.9559788703918457,0.045542399088541664,0.0
0,0.1050734594464302,0.9950370192527771,0.9667260646820068,0.076934814453125,0.0
0,0.016638681292533875,0.9930423498153687,0.7167086005210876,0.011850992838541666,0.0
0,8.69056602823548e-05,0.03371654078364372,0.0015425521414726973,0.0,0.0
0,0.027032462880015373,0.9952999353408813,0.9269675612449646,0.022176106770833332,0.0
0,5.282936035655439e-05,0.04008736088871956,0.0010525686666369438,0.0,0.0
0,3.8600581319769844e-05,0.017309095710515976,0.0006904606707394123,0.0,0.0
0,0.0002524597803130746,0.09025323390960693,0.005060331430286169,0.0,0.0
0,0.013867761008441448,0.9628131985664368,0.5380685925483704,0.007080078125,0.0
0,0.017060378566384315,0.977022647857666,0.5843216180801392,0.00885009765625,0.0
0,0.00010995734919561073,0.18169839680194855,0.0005274784052744508,0.0,0.0
0,0.0007196474471129477,0.44468531012535095,0.010944577865302563,0.0,0.0
0,0.0002471198095008731,0.7288448214530945,0.0017007224960252643,7.120768229166667e-05,0.0
0,0.010774283669888973,0.9923341274261475,0.45587044954299927,0.00750732421875,0.0
0,0.02636031061410904,0.995354413986206,0.9246836304664612,0.022389729817708332,0.0
0,0.09661255031824112,0.9998736381530762,0.9968149065971375,0.08875250421343849,0.055296742667557054
0,0.1608252376317978,0.9989392161369324,0.9803186058998108,0.12268518518518519,0.059281481481481484
0,0.016669154167175293,0.9997884631156921,0.9223439693450928,0.013813813813813814,0.0
0,0.11666504293680191,0.9997367262840271,0.9976677298545837,0.10337320963541667,0.06678263346354167
0,0.14737120270729065,0.9998452663421631,0.9942920207977295,0.12149408284023669,0.07828648915187376
0,0.2012501358985901,0.9997367262840271,0.9954082369804382,0.1686242603550296,0.08631163708086785
0,0.0032477627974003553,0.9386884570121765,0.07396616041660309,0.00045314685314685316,0.0
0,0.00836100708693266,0.9443824291229248,0.2757202386856079,0.003986013986013986,0.0
0,0.002051569288596511,0.9985334873199463,0.008881675079464912,0.0016724941724941724,0.0
0,1.0860675502044614e-05,0.0020587535109370947,0.00017952795315068215,0.0,0.0
0,0.007286329288035631,0.9934865236282349,0.24853786826133728,0.004842363024181206,0.0
0,0.0036284218076616526,0.9752489924430847,0.05603041872382164,0.0017816721431179264,0.0
0,0.005968885961920023,0.7223312258720398,0.1525365114212036,7.287301876480233e-05,0.0
0,0.0005883468547835946,0.7618929743766785,0.0025114635936915874,0.0001795020266357846,0.0
0,0.10418032854795456,0.9973887801170349,0.9628131985664368,0.06814791666666667,0.011895833333333333
0,0.052557751536369324,0.9961903095245361,0.9273633360862732,0.03159307767659544,0.0
0,0.00028126590768806636,0.037679389119148254,0.003350423648953438,0.0,0.0
0,0.0013732530642300844,0.8301814794540405,0.021369706839323044,0.0001285240464344942,0.0
0,0.0007903699879534543,0.9581479430198669,0.000317508791340515,0.0005555555555555556,0.0
0,0.0012749749002978206,0.8759993314743042,0.005199880339205265,0.0003855721393034826,0.0
0,0.011148054152727127,0.9940197467803955,0.4488205909729004,0.006413764510779436,0.0
0,0.00047815500875003636,0.3553273677825928,0.010328153148293495,0.0,0.0
0,0.00033069317578338087,0.31626367568969727,0.004700060468167067,0.0,0.0
0,0.01362807396799326,0.9900250434875488,0.4901546239852905,0.008656819661458334,0.0
0,0.00506062526255846,0.9860442876815796,0.05887821689248085,0.0036722819010416665,0.0
0,0.0036677566822618246,0.7003827095031738,0.08359067142009735,0.00014241536458333334,0.0
0,0.00014084983558859676,0.3744474947452545,0.0016613906482234597,0.0,0.0
0,0.03544480726122856,0.957912266254425,0.8057851195335388,0.022115071614583332,0.0
0,7.296860712813213e-05,0.025419652462005615,0.002234362531453371,0.0,0.0
0,0.17062099277973175,0.9966365098953247,0.9686195850372314,0.12984212239583334,0.0
0,0.0002460070245433599,0.18257121741771698,0.004348381422460079,0.0,0.0
0,0.027842378243803978,0.9908744096755981,0.9324458837509155,0.020090738932291668,0.0
0,0.005795072764158249,0.9886244535446167,0.06865854561328888,0.004404703776041667,0.0
0,6.640205538133159e-05,0.028544150292873383,0.0011740822810679674,0.0,0.0
0,0.008920340798795223,0.9687971472740173,0.33360525965690613,0.003936767578125,0.0
0,0.00025404710322618484,0.11201595515012741,0.005099818576127291,0.0,0.0
0,0.0002139190473826602,0.10087861120700836,0.0065388246439397335,0.0,0.0
0,0.15683035552501678,0.999913215637207,0.9987305998802185,0.1419677734375,0.13605753580729166
0,0.07822227478027344,0.998835027217865,0.9909447431564331,0.0693359375,0.045115152994791664
0,0.042402010411024094,0.9964619278907776,0.9646538496017456,0.031840006510416664,0.014628092447916666
0,0.09220656007528305,0.9934357404708862,0.9611709713935852,0.0682373046875,0.0
0,0.06803169846534729,0.9960237741470337,0.8830344080924988,0.03399658203125,0.0
0,0.03098260425031185,0.9982317090034485,0.892375111579895,0.018046061197916668,0.0
0,0.03409237787127495,0.9976769089698792,0.9723590612411499,0.02850341796875,0.016072591145833332
0,0.11771509051322937,0.9998260140419006,0.9975177049636841,0.098114013671875,0.059234619140625
0,0.07517055422067642,0.9991238713264465,0.9941567778587341,0.059193929036458336,0.01959228515625
0,0.11368677765130997,0.9984021782875061,0.9799382090568542,0.08839925130208333,0.0
0,0.0010718527482822537,0.6736212372779846,0.005641908384859562,4.0690104166666664e-05,0.0
0,0.11999892443418503,0.9997748732566833,0.9958655834197998,0.08545939127604167,0.046925862630208336
0,0.02150333859026432,0.9833430051803589,0.602116584777832,0.009389241536458334,0.0
0,0.15600143373012543,0.997188150882721,0.9808759689331055,0.12172444661458333,0.026753743489583332
0,0.0061605460941791534,0.7702920436859131,0.14878405630588531,0.000457763671875,0.0
0,0.006699253339320421,0.8931231498718262,0.24743054807186127,0.0025431315104166665,0.0
0,0.006122909020632505,0.8378854393959045,0.14378419518470764,0.0009969075520833333,0.0
0,0.006449105218052864,0.9701834917068481,0.1377573311328888,0.00225830078125,0.0
0,0.00035391293931752443,0.9089417457580566,0.00204276479780674,4.0690104166666664e-05,0.0
0,0.055528704077005386,0.9890130758285522,0.9587699174880981,0.043192545572916664,0.052693684895833336
0,0.007232693489640951,0.9468920826911926,0.17008991539478302,0.0020751953125,0.0
0,0.02296941913664341,0.9940890073776245,0.9306991696357727,0.017344156901041668,0.0
0,0.055394601076841354,0.9964063763618469,0.9203526973724365,0.03887939453125,0.019643147786458332
0,0.009613472037017345,0.922062337398529,0.33142155408859253,0.0033365885416666665,0.0
0,0.0023725719656795263,0.43068602681159973,0.05997643992304802,0.0,0.0
0,0.03991256281733513,0.9820137619972229,0.9007046222686768,0.032613118489583336,0.0
0,0.009655737318098545,0.9987550973892212,0.2363346368074417,0.006825764973958333,0.0
0,0.011263236403465271,0.9136765599250793,0.2532953917980194,0.0016988118489583333,0.0
0,0.00015383165737148374,0.2699987590312958,0.0012545944191515446,0.0,0.0
0,0.4230797290802002,0.9998313188552856,0.9989433884620667,0.4097696940104167,0.4112650553385417
0,0.00010592812759568915,0.012336100451648235,0.002560870721936226,0.0,0.0
0,0.009893950074911118,0.9770664572715759,0.32326364517211914,0.0031534830729166665,0.0
0,0.0006123876082710922,0.31017178297042847,0.007547046989202499,0.0,0.0
0,0.0042800637893378735,0.96518474817276,0.045686930418014526,0.0032246907552083335,0.0
0,0.00023445145052392036,0.05953749269247055,0.004264634568244219,0.0,0.0
0,0.006423566490411758,0.916857123374939,0.20370754599571228,0.0026143391927083335,0.0
0,0.0011714973952621222,0.7906919717788696,0.018940620124340057,0.0001220703125,0.0
0,0.07669937610626221,0.9952632188796997,0.9526569843292236,0.052500406901041664,0.0
0,0.0014168469933792949,0.46414244174957275,0.0358111672103405,0.0,0.0
0,0.032532885670661926,0.9979888200759888,0.9672231674194336,0.030782063802083332,0.025461832682291668
0,0.016804764047265053,0.9811668992042542,0.6369178295135498,0.010355631510416666,0.0
0,0.0007881859201006591,0.7929456830024719,0.006438102573156357,5.0862630208333336e-05,0.0
0,0.0003623042721301317,0.3440025746822357,0.00524044968187809,0.0,0.0
0,0.0013170797610655427,0.9100669622421265,0.012870748527348042,0.0002644856770833333,0.0
0,0.005975676234811544,0.9515940546989441,0.14315904676914215,0.002044677734375,0.0
0,0.00012865052849519998,0.05310790240764618,0.0031480707693845034,0.0,0.0
0,0.0006336385849863291,0.6884683966636658,0.005080037284642458,6.103515625e-05,0.0
0,5.821630111313425e-06,0.0004124558763578534,8.349628478754312e-05,0.0,0.0
0,1.5069672372192144e-05,0.00391482375562191,0.0003053489199373871,0.0,0.0
0,0.0035719089210033417,0.9116528034210205,0.05127241834998131,0.0008443196614583334,0.0
0,3.133889185846783e-05,0.012336100451648235,0.0006070756353437901,0.0,0.0
0,3.772518539335579e-05,0.03149937838315964,0.0004124558763578534,0.0,0.0
0,0.00015328048903029412,0.5513321757316589,0.0008426423300988972,0.0,0.0
0,0.21253949403762817,0.9997950196266174,0.9969722032546997,0.18909708658854166,0.1148681640625
0,0.024536198005080223,0.9998534917831421,0.997640073299408,0.023793538411458332,0.020243326822916668
0,0.015574862249195576,0.9810219407081604,0.5392822623252869,0.008199055989583334,0.0
0,0.20379702746868134,0.9997507929801941,0.9978001713752747,0.17780558268229166,0.144775390625
0,7.746654591755942e-05,0.030329255387187004,0.0010202174307778478,0.0,0.0
0,0.0015033764066174626,0.9193534255027771,0.01609087362885475,0.0004069010416666667,0.0
0,0.0012546511134132743,0.6470180153846741,0.019195247441530228,1.0172526041666666e-05,0.0
0,0.010897508822381496,0.9929060935974121,0.33035343885421753,0.00506591796875,0.0
0,0.006493640597909689,0.961605966091156,0.1711997091770172,0.0026753743489583335,0.0
0,0.008245506323873997,0.9626027941703796,0.2886633276939392,0.005401611328125,0.0
0,0.0008647583890706301,0.7481683492660522,0.01214576605707407,0.0001220703125,0.0
0,9.266041888622567e-05,0.039564553648233414,0.0016293087974190712,0.0,0.0
0,0.017838815227150917,0.9813822507858276,0.7276765704154968,0.013376871744791666,0.0
0,0.30304303765296936,0.9999614953994751,0.9996471405029297,0.2794596354166667,0.246002197265625
0,0.14494259655475616,0.9983450174331665,0.9926256537437439,0.11748250325520833,0.061726888020833336
0,0.0002738407056313008,0.10141132771968842,0.004905405919998884,0.0,0.0
0,0.03792116045951843,0.9912208914756775,0.8184467554092407,0.02130126953125,0.0
0,0.08231296390295029,0.9960391521453857,0.9714542627334595,0.07414754231770833,0.0
0,0.03454785421490669,0.9992819428443909,0.9740874767303467,0.026082356770833332,0.0
0,0.012395287863910198,0.974190354347229,0.527767539024353,0.008290608723958334,0.0
0,0.0007641825941391289,0.8976953029632568,0.005159622989594936,0.000244140625,0.0
0,0.03343906253576279,0.9943581223487854,0.9358173608779907,0.022064208984375,0.0
0,0.031596701592206955,0.9979169964790344,0.931955873966217,0.020914713541666668,0.0
0,6.621767533943057e-05,0.02203226462006569,0.0012693643802776933,0.0,0.0
0,5.8244593674317e-05,0.013902058824896812,0.001495338510721922,0.0,0.0
0,0.0022456601727753878,0.9308364987373352,0.011462471447885036,0.0009053548177083334,0.0
0,0.00010011717677116394,0.010169658809900284,0.0018456329125910997,0.0,0.0
0,2.7647658498608507e-05,0.0019800399895757437,0.00032503585680387914,0.0,0.0
0,0.00019487256940919906,0.2841785252094269,0.0014550630003213882,0.0,0.0
0,0.0010169981978833675,0.36817848682403564,0.018404891714453697,0.0,0.0
0,0.014444160275161266,0.9318356513977051,0.47467240691185,0.006296793619791667,0.0
0,0.0012804982252418995,0.7365901470184326,0.025321615859866142,3.0517578125e-05,0.0
0,0.28509917855262756,0.9995793700218201,0.9986006617546082,0.2628072102864583,0.24576822916666666
0,0.02771197259426117,0.998095691204071,0.9503161311149597,0.021169026692708332,0.0
0,0.07908903062343597,0.9982038736343384,0.9798997044563293,0.05828857421875,0.036295572916666664
0,0.38569268584251404,0.9997565150260925,0.9987840056419373,0.372314453125,0.3594970703125
0,0.010864232666790485,0.9903663396835327,0.3614892363548279,0.00653076171875,0.0
0,0.02913668192923069,0.9959456324577332,0.8994751572608948,0.019571940104166668,0.0
0,0.02078297547996044,0.9944666028022766,0.9003494381904602,0.016225179036458332,0.0
0,0.001425031921826303,0.6766198873519897,0.021084843203425407,6.103515625e-05,0.0
0,0.6938190460205078,0.9996898174285889,0.9989182949066162,0.67767333984375,0.78057861328125
0,0.1630241870880127,0.9986489415168762,0.9915534257888794,0.133697509765625,0.09739176432291667
0,0.10149209946393967,0.995718777179718,0.9795103073120117,0.075408935546875,0.017252604166666668
0,0.3855619430541992,0.9998831748962402,0.999457836151123,0.3587849934895833,0.331634521484375
0,0.00831838883459568,0.9834068417549133,0.29248514771461487,0.005513509114583333,0.0
0,0.017155073583126068,0.9945095181465149,0.8663519620895386,0.014272054036458334,0.0
0,0.008638380095362663,0.9725192785263062,0.284067302942276,0.003936767578125,0.0
0,0.02286895550787449,0.9893474578857422,0.6770342588424683,0.011444091796875,0.0
0,0.09398743510246277,0.9994600415229797,0.9635021090507507,0.061187744140625,0.0
0,0.055037397891283035,0.9958821535110474,0.9583728313446045,0.039082845052083336,0.0
0,0.049125511199235916,0.9995025396347046,0.9857181310653687,0.041097005208333336,0.01318359375
0,0.007571287918835878,0.9972955584526062,0.07612425833940506,0.005757649739583333,0.0
0,0.01349635049700737,0.9829546809196472,0.4174822270870209,0.006490071614583333,0.0
0,4.746293416246772e-05,0.011732463724911213,0.0008969393675215542,0.0,0.0
0,0.022151680663228035,0.9722043871879578,0.5881134271621704,0.008890787760416666,0.0
0,0.0006252443417906761,0.13466207683086395,0.013070784509181976,0.0,0.0
0,0.10115290433168411,0.9993928670883179,0.9845753908157349,0.07609049479166667,0.031870524088541664
0,0.11105164140462875,0.9994407296180725,0.9887106418609619,0.09171549479166667,0.046396891276041664
0,0.005674215033650398,0.9457011222839355,0.14499060809612274,0.002288818359375,0.0
0,0.026422323659062386,0.9744347929954529,0.724078893661499,0.014414469401041666,0.0
0,0.10855954885482788,0.9990818500518799,0.9800912737846375,0.08585611979166667,0.019205729166666668
0,0.09928736835718155,0.9959298968315125,0.9797840118408203,0.069000244140625,0.0440673828125
0,0.005830709356814623,0.9644556045532227,0.15393033623695374,0.0032552083333333335,0.0
0,0.027395067736506462,0.9990673661231995,0.9898695349693298,0.02508544921875,0.017893473307291668
0,0.020391220226883888,0.9925103187561035,0.8234618902206421,0.014536539713541666,0.0
0,0.006298029329627752,0.9441768527030945,0.14596182107925415,0.001495361328125,0.0
0,0.04524148628115654,0.9994926452636719,0.9866748452186584,0.038981119791666664,0.027414957682291668
0,0.1544729769229889,0.9991030693054199,0.9953363537788391,0.14698282877604166,0.14090983072916666
0,0.06481064110994339,0.9954261183738708,0.9568741321563721,0.053660074869791664,0.04290771484375
0,0.14600390195846558,0.9982038736343384,0.9901019334793091,0.12926228841145834,0.10126749674479167
0,0.17385637760162354,0.9969839453697205,0.9898303151130676,0.15172322591145834,0.06941731770833333
0,0.08402148634195328,0.9878058433532715,0.9233161807060242,0.066192626953125,0.0
0,0.10801929235458374,0.9992620348930359,0.9932550191879272,0.09352620442708333,0.05816650390625
0,0.00189599534496665,0.4445949196815491,0.04418332502245903,0.0,0.0
0,0.02008546143770218,0.9992357492446899,0.8519527316093445,0.014658610026041666,0.0
0,0.0010055701714009047,0.2978782653808594,0.01609087362885475,0.0,0.0
0,0.004608628805726767,0.9038048982620239,0.09434341639280319,0.0007527669270833334,0.0
0,0.010614879429340363,0.9404625296592712,0.3286306858062744,0.0024210611979166665,0.0
0,0.0014574517263099551,0.3316606879234314,0.03760863468050957,0.0,0.0
0,0.0005123267765156925,0.4714818000793457,0.0038840239867568016,0.0,0.0
0,0.00016100966604426503,0.10466021299362183,0.002969098975881934,0.0,0.0
0,0.0011396012268960476,0.5183480978012085,0.02165667712688446,0.0,0.0
0,9.745286661200225e-06,0.007204769179224968,0.00013552079326473176,0.0,0.0
0,0.003170840675011277,0.8781053423881531,0.0804932713508606,0.0006510416666666666,0.0
0,0.0005727323587052524,0.3460991382598877,0.011776481755077839,0.0,0.0
0,0.00505119888111949,0.9464978575706482,0.10464377701282501,0.002410888671875,0.0
0,0.03306529298424721,0.980205237865448,0.7466824054718018,0.015696207682291668,0.0
0,0.0002925705339293927,0.3041450083255768,0.0020425263792276382,0.0,0.0
0,0.10652392357587814,0.9996993541717529,0.9985277652740479,0.09675089518229167,0.08449300130208333
0,0.004229826852679253,0.9842154383659363,0.05823220685124397,0.0027262369791666665,0.0
0,0.04068076238036156,0.9954967498779297,0.9059898257255554,0.029541015625,0.0
0,0.009149960242211819,0.9848692417144775,0.20179437100887299,0.006571451822916667,0.0
0,0.06736484915018082,0.9851576089859009,0.9320833086967468,0.04888916015625,0.0
0,0.09093156456947327,0.9928786158561707,0.9515940546989441,0.08150227864583333,0.050211588541666664
0,0.04198320582509041,0.9975939393043518,0.9792352318763733,0.031341552734375,0.0
0,0.016796285286545753,0.9798612594604492,0.43157336115837097,0.005889892578125,0.0
0,0.01423624437302351,0.9944880604743958,0.6244675517082214,0.010019938151041666,0.0
0,0.03987115994095802,0.996570348739624,0.8830344080924988,0.0250244140625,0.0
0,0.18772685527801514,0.9992145299911499,0.9965569972991943,0.17767333984375,0.17576090494791666
0,0.0030047502368688583,0.9507778882980347,0.03775027394294739,0.000823974609375,0.0
0,0.21246665716171265,0.9985619187355042,0.9901401400566101,0.196258544921875,0.21076456705729166
0,0.0026027129497379065,0.6885731220245361,0.05717029049992561,4.0690104166666664e-05,0.0
0,0.015374443493783474,0.974531888961792,0.604163646697998,0.009592692057291666,0.0
0,0.06486756354570389,0.9955142140388489,0.973087728023529,0.051066080729166664,0.0335693359375
0,0.05752475932240486,0.9951136708259583,0.9227570295333862,0.040690104166666664,0.0
0,0.009370321407914162,0.8852352499961853,0.20963142812252045,0.0012613932291666667,0.0
0,0.1122938022017479,0.999140739440918,0.9939261078834534,0.09874471028645833,0.06976318359375
0,0.07798611372709274,0.995354413986206,0.9665351510047913,0.057281494140625,0.0
0,0.033144522458314896,0.9976677298545837,0.9660901427268982,0.029500325520833332,0.017578125
0,0.0009586517699062824,0.4880927503108978,0.013635262846946716,0.0,0.0
0,0.028299150988459587,0.9899863600730896,0.9139840602874756,0.025014241536458332,0.0
0,0.11975762993097305,0.9976769089698792,0.9773707389831543,0.094696044921875,0.0
0,0.06269663572311401,0.9933589100837708,0.9392447471618652,0.041402180989583336,0.0
0,0.02254500985145569,0.9986169338226318,0.952397346496582,0.017669677734375,0.0
0,0.010963138192892075,0.9965301156044006,0.5444977879524231,0.008992513020833334,0.0
0,8.319189510075375e-05,0.00978387612849474,0.0012893284438177943,0.0,0.0
0,0.006518123205751181,0.9997016787528992,0.010860332287847996,0.006123860677083333,0.0
0,3.986880983575247e-05,0.013222821988165379,0.000682501879055053,0.0,0.0
0,0.02873486466705799,0.9969839453697205,0.822474479675293,0.018341064453125,0.0
0,0.1784578412771225,0.9994046688079834,0.9855504631996155,0.13743082682291666,0.0
0,0.11844608932733536,0.9997468590736389,0.9966491460800171,0.10493977864583333,0.06581624348958333
0,0.0012847631005570292,0.6150878667831421,0.022284910082817078,0.0,0.0
0,0.001823198632337153,0.9015746116638184,0.029986508190631866,0.00018310546875,0.0
0,3.8332276744768023e-05,0.005220125894993544,0.0005152656813152134,0.0,0.0
0,0.0007386495708487928,0.17981842160224915,0.015189048834145069,0.0,0.0
0,0.01720670983195305,0.6484664082527161,0.30964651703834534,3.0517578125e-05,0.0
0,0.00792128685861826,0.5516642928123474,0.17370831966400146,0.0,0.0
0,0.006505172699689865,0.9561454057693481,0.13139262795448303,0.0013326009114583333,0.0
0,0.03373350948095322,0.9967899918556213,0.961819589138031,0.02813720703125,0.0
0,0.00016482987848576158,0.3073580265045166,0.0023413407616317272,0.0,0.0
0,0.04695366322994232,0.9937345385551453,0.9024326205253601,0.028696695963541668,0.0
0,0.00733864726498723,0.9857181310653687,0.12916970252990723,0.004892985026041667,0.0
0,0.42705631256103516,0.999180018901825,0.9966756105422974,0.407012939453125,0.408721923828125
0,0.4486006498336792,0.9995044469833374,0.9981756210327148,0.405670166015625,0.4251302083333333
0,0.00858228374272585,0.9735442399978638,0.26113682985305786,0.00518798828125,0.0
0,0.44096115231513977,0.9994866847991943,0.997730553150177,0.4127400716145833,0.3996378580729167
0,0.026775090023875237,0.9829546809196472,0.7009848952293396,0.011403401692708334,0.0
0,0.5051851272583008,0.999376118183136,0.9975844621658325,0.4686177571614583,0.3983561197916667
0,0.9986351132392883,0.999983549118042,0.99993896484375,0.9995829264322916,1.0
0,0.19243620336055756,0.9990264177322388,0.9953904151916504,0.15299479166666666,0.10284423828125
0,0.00023610128846485168,0.1063188686966896,0.003678509034216404,0.0,0.0
0,0.9735665321350098,0.9998464584350586,0.9995102882385254,0.9779052734375,1.0
0,0.9642508625984192,0.9999485015869141,0.9997695088386536,0.9698588053385416,0.97607421875
0,0.0004308228089939803,0.7177048921585083,0.0064631374552845955,1.0172526041666666e-05,0.0
0,0.5131425261497498,0.9997640252113342,0.9991474151611328,0.4812215169270833,0.471527099609375
0,1.0651182492438238e-05,0.006217078305780888,0.00018809817265719175,0.0,0.0
0,0.9513255953788757,0.9987792372703552,0.9957020878791809,0.9893697102864584,1.0
0,0.9998683929443359,1.0,0.9999996423721313,0.9999898274739584,1.0
0,0.13364946842193604,0.9986749291419983,0.9925094246864319,0.09749348958333333,0.0
0,0.00020470238814596087,0.06548520922660828,0.004538431763648987,0.0,0.0
0,0.09471162408590317,0.9984083771705627,0.9832789301872253,0.067962646484375,0.027435302734375
0,0.007581643760204315,0.8560919761657715,0.19884087145328522,0.0015665690104166667,0.0
0,0.7152288556098938,0.9996302127838135,0.9989474415779114,0.6987508138020834,0.7879130045572916
0,0.39101216197013855,0.9985162615776062,0.9934357404708862,0.3288777669270833,0.2600606282552083
0,0.23310574889183044,0.9981251358985901,0.9877118468284607,0.176448,0.09289066666666666
0,0.09349410235881805,0.9998849630355835,0.9571177959442139,0.06497066666666666,0.0
0,0.07636800408363342,0.9951702952384949,0.9436599016189575,0.05865775401069519,0.0
0,0.19331489503383636,0.9996155500411987,0.9910492897033691,0.15254933333333334,0.06146133333333333
0,0.0005618235445581377,0.4729572832584381,0.008881675079464912,0.0,0.0
0,0.0004061826039105654,0.9351099133491516,0.0025114635936915874,0.00013297872340425532,0.0
0,0.23305527865886688,0.9987503290176392,0.9925969839096069,0.19902173913043478,0.06407826086956522
0,0.002325065666809678,0.7245780229568481,0.04921937733888626,8.138020833333333e-05,0.0
0,0.20497453212738037,0.998364269733429,0.9930152893066406,0.17851765950520834,0.11683146158854167
0,9.91758206509985e-05,0.07198162376880646,0.0009927261853590608,0.0,0.0
0,0.00276261568069458,0.5214712023735046,0.05997643992304802,0.0,0.0
0,0.02585691027343273,0.9933589100837708,0.8751386404037476,0.016571044921875,0.0
