label,prob_mean,prob_max,prob_p99,unet_area,mrf_area
1,0.17984037101268768,0.9972099661827087,0.9871788024902344,0.23234049479166666,0.20133463541666666
1,0.11528715491294861,0.9996140599250793,0.9976032376289368,0.12315877278645833,0.12290445963541667
1,0.014227946288883686,0.9993613362312317,0.8609938025474548,0.01287841796875,0.0
1,0.10044729709625244,0.9999097585678101,0.9992930889129639,0.14680555555555555,0.11104166666666666
1,0.017714381217956543,0.9999860525131226,0.9991540908813477,0.0224609375,0.014577229817708334
1,0.2923721373081207,0.9978760480880737,0.9946776032447815,0.35919270833333333,0.25921875
1,0.053787026554346085,0.9969005584716797,0.9826250076293945,0.07093866666666666,0.05676266666666667
1,0.12556156516075134,0.9998706579208374,0.9991927742958069,0.12713623046875,0.12762451171875
1,0.08576294034719467,0.9984269142150879,0.9886231422424316,0.108489990234375,0.118927001953125
1,0.027508309110999107,0.9981968998908997,0.9693804979324341,0.0374755859375,0.018239339192708332
1,0.1563454270362854,0.9993833303451538,0.9972096681594849,0.17903645833333334,0.18442789713541666
1,0.08830352872610092,0.9998176693916321,0.9988707900047302,0.09321085611979167,0.08442179361979167
1,0.26690956950187683,0.9999184608459473,0.998798131942749,0.3915201822916667,0.3803609212239583
1,0.1651431918144226,0.9994600415229797,0.9956346154212952,0.22212222222222222,0.23241111111111112
1,0.4114588797092438,0.9998893737792969,0.9994162321090698,0.44825846354166665,0.458359375
1,0.041525308042764664,0.9993687272071838,0.980205237865448,0.052685223273458565,0.029430047077105902
1,0.3048259913921356,0.9989596605300903,0.9892232418060303,0.373687744140625,0.4003702799479167
1,0.02684325911104679,0.9999563694000244,0.999140739440918,0.028147379557291668,0.0274658203125
1,0.2259533554315567,0.9997677206993103,0.99912029504776,0.2735595703125,0.3369344075520833
1,0.030558830127120018,0.999984860420227,0.9997965693473816,0.032206217447916664,0.031707763671875
1,0.10136298090219498,0.9999542236328125,0.9984269142150879,0.16872151692708334,0.13087972005208334
1,0.009410168044269085,0.9999741315841675,0.08935143798589706,0.009816487630208334,0.01025390625
1,0.20105408132076263,0.999713122844696,0.9987647533416748,0.22239176432291666,0.191741943359375
1,0.3319399356842041,0.999840259552002,0.9979572296142578,0.41893596599478955,0.40045705928058867
1,0.01869971677660942,0.9991638660430908,0.8625844120979309,0.022401631477927064,0.01974328214971209
1,0.010801330208778381,0.999160647392273,0.362995982170105,0.011383056640625,0.0
1,0.11325152963399887,0.9998247027397156,0.998835027217865,0.15558878580729166,0.08855183919270833
1,0.0038055272307246923,0.9999933242797852,0.024469668045639992,0.0027364095052083335,0.0020650227864583335
1,0.0364614762365818,0.9991540908813477,0.5933701395988464,0.08152262369791667,0.08122762044270833
1,0.15125060081481934,0.9994683861732483,0.9966233968734741,0.16808781190019195,0.15803502879078696
1,0.15816310048103333,0.997285008430481,0.9661540985107422,0.32666015625,0.12700398763020834
1,0.2695843577384949,0.9996079802513123,0.9980505704879761,0.2848002115885417,0.286865234375
1,0.02658597193658352,0.9999039173126221,0.9961750507354736,0.035847981770833336,0.021799723307291668
1,0.12500371038913727,0.9997219443321228,0.9980881810188293,0.13416544596354166,0.11742146809895833
1,0.14845599234104156,0.9993880987167358,0.9973269701004028,0.17677815755208334,0.14201863606770834
1,0.05136286839842796,0.999971866607666,0.9995923638343811,0.0501708984375,0.049428304036458336
1,0.18991424143314362,0.9999269247055054,0.9991507530212402,0.19862874348958334,0.19518025716145834
1,0.18927998840808868,0.9998984336853027,0.9987207055091858,0.3519368489583333,0.5026790364583333
1,0.09184471517801285,0.9997407793998718,0.9959613680839539,0.11525472005208333,0.12237548828125
1,0.1591983586549759,0.9994252920150757,0.9974491000175476,0.166290283203125,0.17296346028645834
1,0.12275815010070801,0.9999573230743408,0.9991030693054199,0.14249674479166666,0.11554972330729167
1,0.03190314397215843,0.999929666519165,0.9934611320495605,0.03997802734375,0.028849283854166668
1,0.45000413060188293,0.9999097585678101,0.9995290040969849,0.47796223958333334,0.47802734375
1,0.5228387117385864,0.9996923208236694,0.9914886951446533,0.7412312825520834,0.8641357421875
1,0.13720645010471344,0.9993040561676025,0.9949199557304382,0.2297948201497396,0.23952738444010416
1,0.1449749767780304,0.9996048808097839,0.9980881810188293,0.14864070255822834,0.14865788468881252
1,0.04876953363418579,0.997166097164154,0.9647889137268066,0.07664998372395833,0.048472086588541664
1,0.030988922342658043,0.9999030828475952,0.9978172779083252,0.031636555989583336,0.029795328776041668
1,0.1333426684141159,0.9998568296432495,0.9988883137702942,0.14373779296875,0.16205851236979166
1,0.26258745789527893,0.9971327781677246,0.988447368144989,0.3452250162760417,0.3643900553385417
1,0.0383167527616024,0.9999586343765259,0.999640166759491,0.035715738932291664,0.031514485677083336
1,0.20202679932117462,0.999929666519165,0.999378502368927,0.21123250325520834,0.21220906575520834
1,0.0437457300722599,0.9998522996902466,0.9947595000267029,0.061442057291666664,0.035491943359375
1,0.07578257471323013,0.9998928308486938,0.9972741603851318,0.09880574544270833,0.07073974609375
1,0.12740518152713776,0.9997640252113342,0.9980276226997375,0.14244588216145834,0.12508138020833334
1,0.15548013150691986,0.9995859265327454,0.9900636076927185,0.28094850352112677,0.11507042253521127
1,0.028316877782344818,0.9977127313613892,0.9835337996482849,0.033559163411458336,0.03192138671875
1,0.029721342027187347,0.9998476505279541,0.9975077509880066,0.032552083333333336,0.027119954427083332
1,0.09348192065954208,0.9995197057723999,0.9964619278907776,0.115570068359375,0.08587646484375
1,0.18532896041870117,0.9975844621658325,0.9914224743843079,0.21312459309895834,0.20256551106770834
1,0.057137247174978256,0.9995859265327454,0.9963071346282959,0.08677164713541667,0.03375244140625
1,0.05226341262459755,0.9999538660049438,0.9991864562034607,0.05883724119018237,0.03487819370172311
1,0.03636647015810013,0.999843955039978,0.8983836770057678,0.07137044270833333,0.011606852213541666
1,0.09778016060590744,0.9998984336853027,0.9992648959159851,0.101470947265625,0.10146077473958333
1,0.09632771462202072,0.9989637136459351,0.9935368895530701,0.13836669921875,0.08563232421875
1,0.14701403677463531,0.9990378618240356,0.9960391521453857,0.17766927083333334,0.181767578125
1,0.065171979367733,0.9984691739082336,0.9776285290718079,0.07598876953125,0.07497151692708333
1,0.08316635340452194,0.9999016523361206,0.9984021782875061,0.08373372395833334,0.086640625
1,0.46305590867996216,0.9989596605300903,0.9949199557304382,0.5593044747081712,0.5136867704280156
1,0.07365087419748306,0.9999805688858032,0.9998390674591064,0.07544962565104167,0.078216552734375
1,0.012978085316717625,0.9999947547912598,0.9952442646026611,0.0126953125,0.010965983072916666
1,0.01657872460782528,0.999514102935791,0.8398653864860535,0.017232259114583332,0.0
1,0.09292712062597275,0.9991638660430908,0.9902538657188416,0.11830647786458333,0.120941162109375
1,0.22103846073150635,0.9990302324295044,0.9970073103904724,0.2809549967447917,0.4480794270833333
1,0.08312733471393585,0.9999489784240723,0.9985102415084839,0.10062662760416667,0.08918253580729167
1,0.042134106159210205,0.99826580286026,0.9912208914756775,0.047505696614583336,0.03509521484375
1,0.005689779296517372,0.9974787831306458,0.025177404284477234,0.005716959635416667,0.0
1,0.1582479625940323,0.9994887113571167,0.9981324076652527,0.17293294270833334,0.16194661458333334
1,0.11559436470270157,0.9997981190681458,0.9977213740348816,0.159088134765625,0.08568318684895833
1,0.38395485281944275,0.9995711445808411,0.9974491000175476,0.426025390625,0.368927001953125
1,0.009062579832971096,0.9999809265136719,0.06233103200793266,0.00750732421875,0.006886800130208333
1,0.10919872671365738,0.9991204142570496,0.9777138829231262,0.2245610555013021,0.21132405598958334
1,0.2467520385980606,0.9995728135108948,0.9936118721961975,0.3526010101010101,0.3550410353535354
1,0.034951284527778625,0.9999215602874756,0.9985447525978088,0.061798095703125,0.016133626302083332
1,0.0669838935136795,0.9999291896820068,0.9980044960975647,0.07414754231770833,0.07464599609375
1,0.06050053611397743,0.9998812675476074,0.9993121027946472,0.07384236653645833,0.044464111328125
1,0.13865025341510773,0.9994162321090698,0.9937100410461426,0.17041341145833333,0.177373046875
1,0.1087062656879425,0.9995452761650085,0.9976310729980469,0.1151123046875,0.10782877604166667
1,0.425453245639801,0.9998522996902466,0.9991065859794617,0.54890625,0.56271484375
1,0.06831002235412598,0.9996970891952515,0.8868542313575745,0.11775795770134587,0.09146015808587908
1,0.007602948695421219,0.9969956874847412,0.08661819994449615,0.008738199869791666,0.0
1,0.35481783747673035,0.9975274205207825,0.9754368662834167,0.584111741039161,0.6676083605358487
1,0.01750408671796322,0.9997305274009705,0.5104463696479797,0.020182291666666668,0.00665283203125
1,0.009313706308603287,0.999376118183136,0.0676698163151741,0.006764729817708333,0.0
1,0.14586450159549713,0.9759923219680786,0.9264369606971741,0.263214111328125,0.22637939453125
1,0.031284935772418976,0.9997175335884094,0.9987157583236694,0.032613118489583336,0.029937744140625
1,0.06462760269641876,0.9996672868728638,0.9982317090034485,0.06595865885416667,0.066619873046875
1,0.07523853331804276,0.9999349117279053,0.9995469450950623,0.09584554036458333,0.08233642578125
1,0.020242642611265182,0.9999654293060303,0.9981684684753418,0.017096354166666668,0.017174479166666666
1,0.24890188872814178,0.9981827735900879,0.9946358799934387,0.31534321409303884,0.2807095795791969
1,0.1100776419043541,0.9995102882385254,0.9763993620872498,0.18221028645833334,0.11002604166666667
1,0.3322305381298065,0.9988664388656616,0.9926542043685913,0.483228166438043,0.5555738454503887
1,0.12062087655067444,0.9999750852584839,0.9997197985649109,0.12810262044270834,0.11865234375
1,0.24413537979125977,0.9991440773010254,0.996292769908905,0.33453450520833333,0.3334830729166667
1,0.6303615570068359,0.9993067979812622,0.9960237741470337,0.7305094401041666,0.757537841796875
1,0.010434611700475216,0.9997901320457458,0.1044718474149704,0.008524576822916666,0.005401611328125
1,0.1187298595905304,0.9986646175384521,0.9889265298843384,0.17228190104166666,0.10661824544270833
1,0.01989174447953701,0.9999369382858276,0.9891372323036194,0.019205729166666668,0.014739990234375
1,0.016304614022374153,0.9997677206993103,0.996321439743042,0.016672770182291668,0.01611328125
1,0.019634664058685303,0.9777987599372864,0.45426154136657715,0.035578214971209214,0.0
1,0.012499717995524406,0.9998218417167664,0.4166494905948639,0.015284140488656195,0.008962332751599767
1,0.08322103321552277,0.9998013377189636,0.9975271224975586,0.10536702473958333,0.0618896484375
1,0.13215704262256622,0.9997640252113342,0.9968760013580322,0.20411173502604166,0.15883382161458334
1,0.01903671585023403,0.9942697286605835,0.497220516204834,0.03643798828125,0.011260986328125
1,0.1321062296628952,0.9996993541717529,0.9986006617546082,0.13608805338541666,0.13521321614583334
1,0.5697142481803894,0.9973785877227783,0.986151397228241,0.7700398763020834,0.8642374674479166
1,0.02464638277888298,0.9999469518661499,0.4079824686050415,0.035520833333333335,0.006878255208333333
1,0.020702050998806953,0.9979572296142578,0.5054238438606262,0.03802490234375,0.0
1,0.14385771751403809,0.9995539784431458,0.997739315032959,0.18401082356770834,0.15960693359375
1,0.19420363008975983,0.999841570854187,0.999312162399292,0.2424318181818182,0.25763068181818183
1,0.33647477626800537,0.9998775720596313,0.9993281364440918,0.444061279296875,0.33856201171875
1,0.04687727987766266,0.995566189289093,0.8718723058700562,0.09673055013020833,0.009724934895833334
1,0.2310551553964615,0.9988027811050415,0.9882676005363464,0.3665752548105489,0.3654051830522419
1,0.02807466685771942,0.9999527931213379,0.9992903470993042,0.034586588541666664,0.019785563151041668
1,0.05561308190226555,0.9982926249504089,0.9811996221542358,0.0972900390625,0.056772867838541664
1,0.1955169439315796,0.9993175268173218,0.9956176280975342,0.2550048828125,0.18517049153645834
1,0.08883315324783325,0.9996620416641235,0.9981397390365601,0.09212239583333333,0.08931477864583333
1,0.0542917363345623,0.9998726844787598,0.9992678165435791,0.058756510416666664,0.059071858723958336
1,0.022556966170668602,0.9998655319213867,0.9984021782875061,0.024068196614583332,0.021087646484375
1,0.01040672603994608,0.9999573230743408,0.6490609645843506,0.010884602864583334,0.010355631510416666
1,0.09544357657432556,0.9995326995849609,0.9956005811691284,0.11119588216145833,0.11176554361979167
1,0.03023296780884266,0.9996243715286255,0.9974787831306458,0.029897054036458332,0.029073079427083332
1,0.05114033445715904,0.9999841451644897,0.9998511075973511,0.056996663411458336,0.047576904296875
1,0.4800850749015808,0.9994022846221924,0.9965301156044006,0.508768,0.508272
1,0.19236497581005096,0.9990781545639038,0.9969005584716797,0.22471110026041666,0.23597208658854166
1,0.061125174164772034,0.9996849298477173,0.9968149065971375,0.06378173828125,0.062286376953125
1,0.007287933956831694,0.9995908141136169,0.031024418771266937,0.006327311197916667,0.005655924479166667
1,0.11709600687026978,0.9997448325157166,0.9981541037559509,0.1378582202111614,0.1081082316376434
1,0.2998202443122864,0.9805060625076294,0.9507778882980347,0.49769166666666664,0.5326291666666667
1,0.13560990989208221,0.9998756647109985,0.9993880987167358,0.13829549153645834,0.13725789388020834
1,0.07243403792381287,0.9999860525131226,0.9994704127311707,0.08354695638020833,0.06775919596354167
1,0.25131654739379883,0.9998557567596436,0.9994907379150391,0.2656962076822917,0.2656453450520833
1,0.15865302085876465,0.9994428753852844,0.9978925585746765,0.16612752278645834,0.15681966145833334
1,0.15653525292873383,0.9993384480476379,0.9957684278488159,0.2203369140625,0.2447509765625
1,0.19061093032360077,0.9999531507492065,0.9995986819267273,0.2719217936197917,0.2976481119791667
1,0.26715728640556335,0.99991774559021,0.9995842576026917,0.2951761881510417,0.3057963053385417
1,0.060826051980257034,0.9996724128723145,0.9969839453697205,0.07244873046875,0.076446533203125
1,0.13166841864585876,0.9989556074142456,0.9963357448577881,0.15677897135416666,0.12601725260416666
1,0.23901958763599396,0.9999334812164307,0.9995062947273254,0.245849609375,0.24560546875
1,0.020457938313484192,0.9999274015426636,0.9987257122993469,0.021525065104166668,0.018666585286458332
1,0.11838984489440918,0.9997197985649109,0.9984812140464783,0.12823486328125,0.149871826171875
1,0.06410626322031021,0.9999767541885376,0.999841570854187,0.067626953125,0.059407552083333336
1,0.02272692322731018,0.9998568296432495,0.9948803186416626,0.026194254557291668,0.01043701171875
1,0.011723204515874386,0.9995793700218201,0.8850066661834717,0.012410481770833334,0.010843912760416666
1,0.0130167780444026,0.9996485710144043,0.2002447098493576,0.03644520809469263,0.0048491790759832
1,0.11355141550302505,0.998848557472229,0.9936364889144897,0.17180379231770834,0.13507080078125
1,0.0386497899889946,0.9961004257202148,0.9230308532714844,0.062489827473958336,0.0
1,0.02081899717450142,0.9999760389328003,0.9990264177322388,0.017620442708333333,0.016865234375
1,0.10743214935064316,0.9999158382415771,0.998807430267334,0.11492919921875,0.11200968424479167
1,0.5666154026985168,0.9998162388801575,0.9992930889129639,0.5970967610677084,0.6007792154947916
1,0.4547520577907562,0.9983059167861938,0.9885804057121277,0.6878282062484473,0.7337984974257493
1,0.5101273059844971,0.9885361194610596,0.972362220287323,0.770294189453125,0.8432820638020834
1,0.15251629054546356,0.9986904263496399,0.9957020878791809,0.20160929361979166,0.14044189453125
1,0.01813533715903759,0.9999407529830933,0.9954785704612732,0.018330891927083332,0.017405192057291668
1,0.026653574779629707,0.9999603033065796,0.9987257122993469,0.0252685546875,0.024027506510416668
1,0.014345516450703144,0.9984691739082336,0.9645852446556091,0.014821370442708334,0.0145263671875
1,0.02023395150899887,0.9999843835830688,0.9977481961250305,0.017506510416666666,0.01673828125
1,0.055337827652692795,0.9986541271209717,0.9882221817970276,0.06659952799479167,0.069610595703125
1,0.05122016742825508,0.9997448325157166,0.9982522130012512,0.0517578125,0.047505696614583336
1,0.3451366424560547,0.9995380640029907,0.9972955584526062,0.3880208333333333,0.3873697916666667
1,0.20962780714035034,0.9994252920150757,0.9972637891769409,0.22393798828125,0.23675537109375
1,0.618580162525177,0.9996373653411865,0.9986276626586914,0.6472066243489584,0.645477294921875
1,0.06488320231437683,0.9923043847084045,0.9380071759223938,0.11394246419270833,0.06573486328125
1,0.08930137008428574,0.9998849630355835,0.9993976354598999,0.10251871744791667,0.09435017903645833
1,0.023984385654330254,0.9998286962509155,0.9895904660224915,0.032155354817708336,0.022440592447916668
1,0.6741890907287598,0.9986169338226318,0.9956516623497009,0.754180908203125,0.7596333821614584
1,0.16634944081306458,0.995372474193573,0.9835969805717468,0.23520914713541666,0.21576944986979166
1,0.26323971152305603,0.9985730648040771,0.9927391409873962,0.302734375,0.3020121256510417
1,0.013122315518558025,0.9999233484268188,0.7873772382736206,0.014251708984375,0.007466634114583333
1,0.010472912341356277,0.9994230270385742,0.6326445937156677,0.010725538971807629,0.009780265339966832
1,0.015853282064199448,0.9998840093612671,0.9741908311843872,0.012128,0.011717333333333333
1,0.01828959584236145,0.9999580383300781,0.9992417097091675,0.017079671223958332,0.016642252604166668
1,0.024172009900212288,0.9296960830688477,0.7163119316101074,0.040059407552083336,0.0
1,0.7235333323478699,0.9986383318901062,0.992452085018158,0.8766916666666666,0.93305625
1,0.24764704704284668,0.997368335723877,0.9917803406715393,0.3564961751302083,0.34368896484375
1,0.038856565952301025,0.9976032376289368,0.9827552437782288,0.04534912109375,0.047576904296875
1,0.21913938224315643,0.996249258518219,0.9669764637947083,0.417168,0.4026186666666667
1,0.042949020862579346,0.999929666519165,0.9994725584983826,0.0438232421875,0.036305745442708336
1,0.3911033570766449,0.9989350438117981,0.9967268705368042,0.4057515462239583,0.4019978841145833
1,0.01980949379503727,0.9998148083686829,0.32231372594833374,0.030696614583333334,0.0
1,0.421925812959671,0.9998176693916321,0.9994428753852844,0.444122314453125,0.4490763346354167
1,0.08194232732057571,0.9998476505279541,0.9989225268363953,0.08714803059895833,0.085601806640625
1,0.10010842233896255,0.9999501705169678,0.999453604221344,0.09857747395833333,0.09866536458333333
1,0.19474303722381592,0.999220609664917,0.9972099661827087,0.22626749674479166,0.20218912760416666
1,0.04648091644048691,0.996364176273346,0.9261690378189087,0.07476553308924586,0.028735253048344712
1,0.22874224185943604,0.999783456325531,0.9986591935157776,0.32025146484375,0.3570556640625
1,0.06378883123397827,0.9996273517608643,0.9978594183921814,0.085418701171875,0.043975830078125
1,0.1368618756532669,0.9995660185813904,0.9921537041664124,0.22614908854166665,0.129052734375
1,0.09183347970247269,0.9993461966514587,0.9862046241760254,0.12732950846354166,0.08269246419270833
1,0.0711958035826683,0.9999747276306152,0.9995272159576416,0.09343465169270833,0.08842976888020833
1,0.007328399922698736,0.9999850988388062,0.056340090930461884,0.005879720052083333,0.004648844401041667
1,0.08892906457185745,0.9986593723297119,0.9447912573814392,0.14619954427083334,0.12546793619791666
1,0.1089201271533966,0.9986593723297119,0.9492946267127991,0.190265444015444,0.12460666023166023
1,0.11859104037284851,0.9998286962509155,0.9916519522666931,0.19566479400749065,0.12402309612983771
1,0.026913268491625786,0.999438464641571,0.97359299659729,0.023600260416666668,0.019551595052083332
1,0.04190772771835327,0.9984573125839233,0.9746769666671753,0.058817545572916664,0.042327880859375
1,0.195884570479393,0.9993384480476379,0.9875683188438416,0.31091191417278374,0.28689158667419534
1,0.027819737792015076,0.9921233057975769,0.7932661771774292,0.041982014973958336,0.0
1,0.2151753157377243,0.9982247948646545,0.9851003289222717,0.35034375,0.36573958333333334
1,0.023191573098301888,0.9991065859794617,0.9927383065223694,0.024149576822916668,0.020945231119791668
1,0.0562891960144043,0.9998427629470825,0.9981538653373718,0.061167399088541664,0.0589599609375
1,0.0246456116437912,0.9999151229858398,0.9976677298545837,0.026936848958333332,0.022450764973958332
1,0.007422713562846184,0.9923341274261475,0.0750366598367691,0.006398518880208333,0.0
1,0.09874829649925232,0.9993833303451538,0.9967265129089355,0.13116455078125,0.12890625
1,0.037278637290000916,0.9976769089698792,0.9790757894515991,0.049886067708333336,0.031148274739583332
1,0.02523821033537388,0.9998859167098999,0.38411596417427063,0.03874034462269756,0.005973764797294209
1,0.017882950603961945,0.8142006397247314,0.2901776432991028,0.028460286458333334,0.0
1,0.007903896272182465,0.9998579025268555,0.04208773002028465,0.00451171875,0.002955729166666667
1,0.02557552047073841,0.9655764698982239,0.6295434832572937,0.050181070963541664,0.0
1,0.20666109025478363,0.9967396855354309,0.9682013392448425,0.39714853117505994,0.3696005695443645
1,0.14827130734920502,0.9934611320495605,0.9716163277626038,0.20991007486979166,0.18902587890625
1,0.0630107894539833,0.9999855756759644,0.9992678761482239,0.07460286458333333,0.045810546875
1,0.009082417003810406,0.9995272159576416,0.12209132313728333,0.010050455729166666,0.005635579427083333
1,0.03960145637392998,0.9953904151916504,0.6727617979049683,0.08697509765625,0.0
1,0.014990666881203651,0.9996229410171509,0.9807299375534058,0.017369791666666665,0.011858723958333333
1,0.11961048096418381,0.9989995360374451,0.9967775940895081,0.17671875,0.13572916666666668
1,0.5934316515922546,0.9998867511749268,0.9981470108032227,0.835418701171875,0.9244791666666666
1,0.12840692698955536,0.9973269701004028,0.975296139717102,0.20491536458333334,0.09380086263020833
1,0.04222945496439934,0.9996316432952881,0.9945095181465149,0.048024495442708336,0.032236735026041664
1,0.06045881286263466,0.9988440275192261,0.9914546012878418,0.06843058268229167,0.072845458984375
1,0.08184170722961426,0.9998162388801575,0.995685338973999,0.10185555555555556,0.11081481481481481
1,0.026295894756913185,0.9998028874397278,0.987129271030426,0.029983088806618218,0.02923351158645276
1,0.022535180673003197,0.9984269142150879,0.9785082340240479,0.027272542317708332,0.019205729166666668
1,0.07749590277671814,0.9989266991615295,0.9940420985221863,0.09416707356770833,0.07752482096354167
1,0.05045681074261665,0.9998655319213867,0.9986435770988464,0.052693684895833336,0.053558349609375
1,0.006501772906631231,0.9999756813049316,0.13741320371627808,0.010772705078125,0.002349853515625
1,0.1005457267165184,0.9997965693473816,0.9990034699440002,0.107635498046875,0.108062744140625
1,0.017392994835972786,0.9985104203224182,0.8800743818283081,0.023457845052083332,0.0
1,0.07985968142747879,0.9998831748962402,0.9990854263305664,0.08243815104166667,0.08095296223958333
1,0.008742987178266048,0.9999958276748657,0.043365802615880966,0.0052278645833333335,0.0048209635416666665
1,0.11461970210075378,0.9710743427276611,0.8565725088119507,0.23214409722222223,0.12271701388888889
1,0.030621973797678947,0.9970878958702087,0.8713621497154236,0.052083333333333336,0.013315836588541666
1,0.07027936726808548,0.9984512329101562,0.9614593386650085,0.1009521484375,0.06488037109375
1,0.07720444351434708,0.9995505213737488,0.9976946115493774,0.08516438802083333,0.07281494140625
1,0.025297610089182854,0.9996199607849121,0.9945500493049622,0.033172607421875,0.013753255208333334
1,0.9378576874732971,0.9996607303619385,0.9979493021965027,0.9820149739583334,1.0
1,0.46037712693214417,0.9989350438117981,0.9955315589904785,0.564239501953125,0.601593017578125
1,0.10164658725261688,0.9998511075973511,0.99826580286026,0.10934444444444444,0.10518518518518519
1,0.1096557006239891,0.9996825456619263,0.9618217349052429,0.22615112994350284,0.09937382297551789
1,0.0370805524289608,0.9984812140464783,0.9832125902175903,0.04925537109375,0.023874918619791668
1,0.020848756656050682,0.9998464584350586,0.987129271030426,0.020112763915547026,0.01773992322456814
1,0.030888229608535767,0.9930423498153687,0.8705940246582031,0.051310221354166664,0.0
1,0.013325507752597332,0.9998452663421631,0.9887527823448181,0.013254801432291666,0.011311848958333334
1,0.01575513370335102,0.999783456325531,0.9901390075683594,0.015594482421875,0.01531982421875
1,0.02841714769601822,0.9893885254859924,0.8850246667861938,0.042205810546875,0.0
1,0.1829526275396347,0.9986646175384521,0.9632312655448914,0.29522155688622753,0.30765868263473056
1,0.10202261060476303,0.9994907379150391,0.9959298968315125,0.114013671875,0.09642537434895833
1,0.09556636214256287,0.9989433884620667,0.9971990585327148,0.10154215494791667,0.10218302408854167
1,0.16998766362667084,0.9978925585746765,0.9818394780158997,0.2692159016927083,0.24164835611979166
1,0.4347650110721588,0.9998300075531006,0.999208390712738,0.4642740885416667,0.465545654296875
1,0.010986275970935822,0.9992021918296814,0.1399843692779541,0.010922666666666667,0.0
1,0.19781480729579926,0.9997695088386536,0.9989012479782104,0.23409016927083334,0.22752888997395834
1,0.03702154383063316,0.9999645948410034,0.998875081539154,0.042958577473958336,0.030741373697916668
1,0.7868865728378296,0.9990226030349731,0.9966233968734741,0.9238657407407408,1.0
1,0.07760054618120193,0.9980732202529907,0.9885804057121277,0.10359984089101035,0.07277744630071599
1,0.08821012824773788,0.9999682903289795,0.9996923208236694,0.0906982421875,0.08899943033854167
1,0.2995968163013458,0.9987356066703796,0.9853278994560242,0.42390767824497255,0.4129021937842779
1,0.06038955971598625,0.9857729077339172,0.8832359910011292,0.11509195963541667,0.0
1,0.02299007587134838,0.9999821186065674,0.37068089842796326,0.03355794270833334,0.004560546875
1,0.016009096056222916,0.9998074173927307,0.623773455619812,0.019571940104166668,0.006174723307291667
1,0.023084938526153564,0.9710743427276611,0.6440896391868591,0.043721516927083336,0.0196533203125
1,0.14848043024539948,0.999783456325531,0.9984632730484009,0.17589314778645834,0.16584269205729166
1,0.06417805701494217,0.9993307590484619,0.995075523853302,0.08439127604166667,0.042124430338541664
1,0.03673896566033363,0.9996458292007446,0.9917803406715393,0.045616602687140115,0.03732965451055662
1,0.05963234230875969,0.9996775388717651,0.9982859492301941,0.0826416015625,0.06566365559895833
1,0.0648726224899292,0.9998058676719666,0.9921841025352478,0.08515421549479167,0.067901611328125
1,0.5461971759796143,0.9999263286590576,0.9984691739082336,0.610015869140625,0.6445821126302084
1,0.035443421453237534,0.998492956161499,0.891624391078949,0.0525125,0.020720833333333334
1,0.26617515087127686,0.9983958601951599,0.9932287931442261,0.41952,0.40550933333333333
1,0.016890255734324455,0.9127477407455444,0.43059444427490234,0.028152025706303575,0.0
1,0.10602500289678574,0.9997367262840271,0.9969362020492554,0.11754353841145833,0.11867268880208333
1,0.004381841514259577,0.8288003206253052,0.036908067762851715,0.0037740071614583335,0.0
1,0.0705525279045105,0.9989515542984009,0.9883127808570862,0.09519449869791667,0.06358846028645833
1,0.41019460558891296,0.9996287822723389,0.9986539483070374,0.4527587890625,0.5091959635416666
1,0.0059293173253536224,0.948441743850708,0.10070160776376724,0.008890787760416666,0.0
1,0.05876223370432854,0.9994138479232788,0.9946358799934387,0.06365966796875,0.0673828125
1,0.127421036362648,0.9998726844787598,0.998848557472229,0.16431315104166666,0.182490234375
1,0.07205557078123093,0.9996048808097839,0.9974787831306458,0.08960978190104167,0.07184855143229167
1,0.16097491979599,0.9997867941856384,0.9983124732971191,0.16302456140350877,0.16129473684210527
1,0.06090062856674194,0.9999221563339233,0.9989350438117981,0.07062671797691039,0.050802638812534356
1,0.3418840169906616,0.9994046688079834,0.9961004257202148,0.446044921875,0.4850362141927083
1,0.16067039966583252,0.999843955039978,0.9972423315048218,0.27439626057942706,0.2353363037109375
1,0.6243115067481995,0.9998013377189636,0.9991338849067688,0.6980997721354166,0.703338623046875
1,0.014989483170211315,0.999373733997345,0.9494738578796387,0.01641845703125,0.0
1,0.14781378209590912,0.9997712969779968,0.9987305998802185,0.18547526041666668,0.17313802083333332
1,0.048741597682237625,0.9998612403869629,0.9993711709976196,0.050008138020833336,0.04656982421875
1,0.5827381610870361,0.9991238713264465,0.9962052702903748,0.8006018518518518,0.945949074074074
1,0.03030509501695633,0.9999545812606812,0.9981465935707092,0.041910807291666664,0.029195149739583332
1,0.0388125516474247,0.9995539784431458,0.8645393252372742,0.05963134765625,0.042083740234375
1,0.007413359824568033,0.8701565861701965,0.17694735527038574,0.011932373046875,0.0
1,0.01602892018854618,0.9999505281448364,0.9974784851074219,0.016306559244791668,0.015920003255208332
1,0.24035358428955078,0.9987744688987732,0.9938787817955017,0.3145148614951977,0.2808030347440815
1,0.21538527309894562,0.9999068975448608,0.9992386102676392,0.2946675618489583,0.3781636555989583
1,0.01357265468686819,0.99826580286026,0.6658126711845398,0.019816080729166668,0.0
1,0.0551224909722805,0.996292769908905,0.949669361114502,0.08709309895833334,0.02796875
1,0.024611009284853935,0.9999852180480957,0.9997196793556213,0.024912516276041668,0.024190266927083332
1,0.03389008715748787,0.9999767541885376,0.999508261680603,0.034077962239583336,0.033365885416666664
1,0.0718158483505249,0.9968641400337219,0.9479621648788452,0.118560791015625,0.070068359375
1,0.05014631152153015,0.9995539784431458,0.9964480400085449,0.057342529296875,0.055389404296875
1,0.06873898953199387,0.9989637136459351,0.9902538657188416,0.084442138671875,0.08766682942708333
1,0.05142476037144661,0.9995859265327454,0.9848092198371887,0.05230712890625,0.047170003255208336
1,0.10695712268352509,0.9994022846221924,0.993350088596344,0.19242355089000457,0.14176175262437243
1,0.01144863199442625,0.929568350315094,0.3696529269218445,0.020731608072916668,0.0
1,0.4260702431201935,0.9996064305305481,0.9973165392875671,0.4588315789473684,0.4592701754385965
1,0.6014015674591064,0.9998190999031067,0.9984752535820007,0.6334431966145834,0.6398824055989584
1,0.06486958265304565,0.9997933506965637,0.9983707070350647,0.07137044270833333,0.06512451171875
1,0.6455491781234741,0.9998936653137207,0.9987004995346069,0.8055892562261989,0.813618441006976
1,0.016121167689561844,0.9999916553497314,0.999464213848114,0.015699869791666668,0.015432942708333333
1,0.22778679430484772,0.9991672039031982,0.9954791069030762,0.3074747721354167,0.2961222330729167
1,0.09777000546455383,0.9996750354766846,0.9980581402778625,0.12359619140625,0.10773722330729167
1,0.2101460099220276,0.9998133778572083,0.999189555644989,0.22951253255208334,0.28118896484375
1,0.05211944505572319,0.9994786381721497,0.9945724010467529,0.059946695963541664,0.061574300130208336
1,0.037214722484350204,0.9998118281364441,0.9972099661827087,0.044784,0.022309333333333334
1,0.033046603202819824,0.9999397993087769,0.9994022846221924,0.032890625,0.027057291666666667
1,0.06790976971387863,0.9996540546417236,0.9949199557304382,0.07921346028645833,0.07364908854166667
1,0.1649378538131714,0.9996125102043152,0.9984145164489746,0.19133504231770834,0.19762166341145834
1,0.010553640313446522,0.9998992681503296,0.7759564518928528,0.010706380208333333,0.010475260416666667
1,0.030751531943678856,0.9978760480880737,0.9876639246940613,0.0335693359375,0.034769694010416664
1,0.08074226975440979,0.9983834028244019,0.9952448010444641,0.09550984700520833,0.070404052734375
1,0.006271103397011757,0.9510514140129089,0.0835772380232811,0.008575439453125,0.0
1,0.08312032371759415,0.9999417066574097,0.9994705319404602,0.10996500651041667,0.08856201171875
1,0.4216209650039673,0.999869704246521,0.9986114501953125,0.4696083075241392,0.4656039351430133
1,0.26841500401496887,0.9997965693473816,0.9981324076652527,0.3428502879078695,0.3088867562380038
1,0.024717478081583977,0.9881765246391296,0.6474639177322388,0.046374085684430515,0.0
1,0.105723537504673,0.999984622001648,0.999378502368927,0.11378987630208333,0.11714680989583333
1,0.0389053039252758,0.9993785619735718,0.9703508019447327,0.051584879557291664,0.07405598958333333
1,0.05749737098813057,0.9999593496322632,0.9996155500411987,0.06322224934895833,0.060231526692708336
1,0.05899568274617195,0.9985951781272888,0.9926818013191223,0.06915283203125,0.054209391276041664
1,0.07407470792531967,0.9991927742958069,0.9937829375267029,0.08550008138020833,0.07767740885416667
1,0.7315388321876526,0.9976218342781067,0.9933589100837708,0.7589213053385416,0.7594706217447916
1,0.09752597659826279,0.9994115829467773,0.9718325734138489,0.15779583333333333,0.10893541666666667
1,0.02217826247215271,0.9977216124534607,0.9803937673568726,0.024729410807291668,0.019755045572916668
1,0.11653860658407211,0.9993435740470886,0.996321439743042,0.12343343098958333,0.12157185872395833
1,0.08861157298088074,0.9992296695709229,0.9912885427474976,0.10445149739583333,0.10405476888020833
1,0.06774670630693436,0.9883578419685364,0.8903437852859497,0.1800825958702065,0.024335103244837758
1,0.19261734187602997,0.999508261680603,0.9943984746932983,0.25306955973307294,0.219085693359375
1,0.1549147367477417,0.9996724128723145,0.982557475566864,0.25245,0.15943125
1,0.2686929702758789,0.9996387958526611,0.9951325058937073,0.447607421875,0.45385416666666667
1,0.26771220564842224,0.9989956021308899,0.9932287931442261,0.3499433860089598,0.3223748338502437
1,0.2978847920894623,0.9981613755226135,0.9880849719047546,0.45354526425955,0.4393162393162393
1,0.014222566969692707,0.9988213181495667,0.18461604416370392,0.0211181640625,0.0
1,0.05437720939517021,0.9989225268363953,0.9949586391448975,0.06884765625,0.042816162109375
1,0.6458895206451416,0.9995469450950623,0.986929178237915,0.8189473684210526,0.8808455165692007
1,0.10049361735582352,0.9995044469833374,0.995866060256958,0.14882405598958334,0.07264200846354167
1,0.1603321135044098,0.9994407296180725,0.9965569972991943,0.20519002278645834,0.19495646158854166
1,0.031737010926008224,0.5771378874778748,0.3268018960952759,0.08780924479166667,0.0
1,0.13056807219982147,0.9996579885482788,0.9952993988990784,0.15501912434895834,0.15840657552083334
1,0.08279703557491302,0.99993896484375,0.9992296695709229,0.08769734700520833,0.08487955729166667
1,0.03286726027727127,0.999906063079834,0.9990301132202148,0.034942626953125,0.034291585286458336
1,0.6159319877624512,0.9998706579208374,0.998835027217865,0.7045133002046186,0.7119731072785735
1,0.007477500010281801,0.9639838933944702,0.19268211722373962,0.011454264322916666,0.0
1,0.12020081281661987,0.9989956021308899,0.9954615235328674,0.16489664713541666,0.13871256510416666
1,0.3663221299648285,0.9998557567596436,0.9992706179618835,0.3964436848958333,0.3931681315104167
1,0.02015196718275547,0.9996898174285889,0.9497599005699158,0.023854573567708332,0.0
0,0.13572227954864502,0.9814888834953308,0.9348725080490112,0.22376505533854166,0.23691813151041666
0,0.46166619658470154,0.9950370192527771,0.9795506000518799,0.6783955891927084,0.7772216796875
0,0.23057955503463745,0.9790757894515991,0.9535353183746338,0.3728230794270833,0.3681233723958333
0,0.17860625684261322,0.9835337996482849,0.9450961351394653,0.296112060546875,0.3043111165364583
0,0.13118571043014526,0.9765353798866272,0.8158201575279236,0.28582763671875,0.175140380859375
0,0.25190678238868713,0.9818056225776672,0.9669764637947083,0.3560892740885417,0.3249409993489583
0,0.03408660367131233,0.925499677658081,0.6730842590332031,0.07255045572916667,0.029541015625
0,0.1817108392715454,0.9834704995155334,0.9202179908752441,0.317352294921875,0.246246337890625
0,0.19446565210819244,0.9918753504753113,0.9524857997894287,0.2609354654947917,0.24912516276041666
0,0.2152010202407837,0.9607312679290771,0.9122800230979919,0.3908284505208333,0.4285685221354167
0,0.07921359688043594,0.9700134992599487,0.9141375422477722,0.124298095703125,0.08355712890625
0,0.317117840051651,0.969613254070282,0.9444848895072937,0.5154927571614584,0.53802490234375
0,0.22969180345535278,0.9961903095245361,0.9863104820251465,0.3108317057291667,0.293670654296875
0,0.3804629147052765,0.9961004257202148,0.9879462122917175,0.434417724609375,0.4358418782552083
0,0.001260644174180925,0.09417666494846344,0.00955939944833517,0.0,0.0
0,0.0026098797097802162,0.5679965615272522,0.024891380220651627,0.0004679361979166667,0.0
0,0.0019073598086833954,0.08284562826156616,0.01374231930822134,0.0,0.0
0,0.02442578785121441,0.9483462572097778,0.5039423704147339,0.048309326171875,0.0
0,0.3119238615036011,0.995718777179718,0.9720456600189209,0.5316162109375,0.51702880859375
0,0.1788657158613205,0.9787938594818115,0.8684925436973572,0.3271382649739583,0.3252360026041667
0,0.48974156379699707,0.9949199557304382,0.9733406901359558,0.6623026529947916,0.6757405598958334
0,0.08348479866981506,0.9901401400566101,0.965833306312561,0.11957804361979167,0.078460693359375
0,0.29675471782684326,0.9922143816947937,0.9649873375892639,0.4060262044270833,0.421539306640625
0,0.12691153585910797,0.9777563810348511,0.9270997643470764,0.20517985026041666,0.17455037434895834
0,0.4360175132751465,0.9932550191879272,0.9860979318618774,0.52435302734375,0.5387369791666666
0,0.0033229209948331118,0.39647698402404785,0.020371295511722565,0.0034688313802083335,0.0
0,0.05118012800812721,0.8960696458816528,0.5725997090339661,0.10460408528645833,0.0
0,0.07122015953063965,0.9433475732803345,0.8013052940368652,0.14674886067708334,0.0
0,0.06697525829076767,0.9939963817596436,0.8609547019004822,0.14019775390625,0.084320068359375
0,0.26713332533836365,0.9953363537788391,0.9688562154769897,0.407470703125,0.4376932779947917
0,0.03855137526988983,0.9737945199012756,0.5249224305152893,0.09331018518518519,0.0
0,0.10015938431024551,0.9927109479904175,0.9637799859046936,0.18952,0.07203733333333333
0,0.001831590197980404,0.28140562772750854,0.0333368256688118,0.0005696614583333334,0.0
0,0.09562467783689499,0.9879926443099976,0.9568741321563721,0.138916015625,0.0960693359375
0,0.015120826661586761,0.9411153197288513,0.5434993505477905,0.026601155598958332,0.0
0,0.13835711777210236,0.9938070178031921,0.9416541457176208,0.235626220703125,0.24268595377604166
0,0.659338116645813,0.998364269733429,0.9840323328971863,0.8252753411306043,0.8746393762183235
0,0.8755546808242798,0.9969956874847412,0.9865199327468872,0.9827895833333333,1.0
0,0.006383160594850779,0.8976953029632568,0.1597423255443573,0.013232468780019213,0.0
0,0.0038964389823377132,0.8832359910011292,0.048496901988983154,0.005813953488372093,0.0
0,0.2325332760810852,0.9948403239250183,0.9728823304176331,0.35922049956933677,0.38867786391042203
0,0.027966612949967384,0.929440438747406,0.4445647597312927,0.04495416666666667,0.0
0,0.025264907628297806,0.999140739440918,0.859663724899292,0.03070140010770059,0.02084679590737749
0,0.2575606405735016,0.9908744096755981,0.9630919694900513,0.41608424953338513,0.4255482441201982
0,0.20141610503196716,0.973087728023529,0.8998278379440308,0.4267413333333333,0.4228906666666667
0,0.4093334674835205,0.9934865236282349,0.9744347929954529,0.6234931638744464,0.6825317735413056
0,0.10818580538034439,0.9707987308502197,0.8710421919822693,0.2619546724996962,0.05300360513630656
0,0.1863059252500534,0.9960545301437378,0.8998278379440308,0.4246972090573986,0.37993174545307246
0,0.012481192126870155,0.9787533283233643,0.11377637088298798,0.009029435163086715,0.0
0,0.012962684035301208,0.851582944393158,0.14021848142147064,0.016857842997034623,0.0
0,0.040605321526527405,0.8984104990959167,0.28101080656051636,0.1326510329832589,0.0
0,0.1184810921549797,0.9885361194610596,0.9277569651603699,0.2152167642882499,0.18553647497337594
0,0.08666703850030899,0.9722043871879578,0.8071568012237549,0.1722554836631138,0.09599699304641984
0,0.07242555916309357,0.5287159085273743,0.3306872844696045,0.2922697368421053,0.0
0,0.001594077330082655,0.1398656666278839,0.02096424251794815,3.5472428248951954e-05,0.0
0,0.022345326840877533,0.9963924288749695,0.5913132429122925,0.04942338840298024,0.0243245869776482
0,0.01891515776515007,0.998835027217865,0.6265812516212463,0.029261067708333335,0.010989583333333334
0,0.41340893507003784,0.9991030693054199,0.9912208914756775,0.5819698577796646,0.6275228189344089
0,0.005488493014127016,0.9074763655662537,0.09235979616641998,0.008059927360774818,0.0
0,0.659338116645813,0.998364269733429,0.9840323328971863,0.8252753411306043,0.8746393762183235
0,0.0016189224552363157,0.5418633818626404,0.013070784509181976,0.00028961926456231695,0.0
0,0.22832372784614563,0.9986955523490906,0.9926256537437439,0.3021537292278619,0.29017316106238317
0,0.047266315668821335,0.9231777787208557,0.7002803087234497,0.0875925925925926,0.03818148148148148
0,0.027966612949967384,0.929440438747406,0.4445647597312927,0.04495416666666667,0.0
0,0.018505750223994255,0.9599877595901489,0.4223807454109192,0.031089145458646925,0.0
0,0.033879682421684265,0.985496461391449,0.5973736047744751,0.06793981481481481,0.0
0,0.03757704421877861,0.9786311388015747,0.8203255534172058,0.06050130208333333,0.018313802083333334
0,0.35982391238212585,0.9979572296142578,0.9865199327468872,0.6258990584966816,0.7117867983742348
0,0.2575606405735016,0.9908744096755981,0.9630919694900513,0.41608424953338513,0.4255482441201982
0,0.10865599662065506,0.824037492275238,0.689619243144989,0.25607540049541994,0.24111055857899066
0,0.15207906067371368,0.9819099307060242,0.9207897186279297,0.31285612535612534,0.27414975071225073
0,0.0034353453665971756,0.7824963331222534,0.04672495648264885,0.005113528470281854,0.0
0,0.03954873979091644,0.959307074546814,0.6473970413208008,0.08024512642347037,0.015140792210855906
0,0.08434764295816422,0.9910838603973389,0.8791902661323547,0.20672750424448216,0.021004881154499153
0,0.004351024981588125,0.5755283832550049,0.04153997078537941,0.0035909016927083335,0.0
0,0.11483656615018845,0.9155072569847107,0.7563575506210327,0.2667338053385417,0.24088541666666666
0,0.0020969174802303314,0.5050428509712219,0.04672495648264885,0.0033060709635416665,0.0
0,0.0501827746629715,0.974628746509552,0.8908594846725464,0.07929484049479167,0.026947021484375
0,0.10970013588666916,0.9382373094558716,0.8413047790527344,0.23927815755208334,0.122711181640625
0,0.1268191784620285,0.985042929649353,0.9566317796707153,0.21674601236979166,0.19603474934895834
0,0.02358708344399929,0.5898345112800598,0.24562203884124756,0.060597737630208336,0.0
0,0.08989737182855606,0.9797840118408203,0.8801805377006531,0.16532389322916666,0.10029093424479167
0,0.15848131477832794,0.9945095181465149,0.969613254070282,0.22688802083333334,0.21651204427083334
0,0.24603433907032013,0.9764007329940796,0.9452984929084778,0.412017822265625,0.3748575846354167
0,0.059658076614141464,0.9514138102531433,0.8581252098083496,0.11411539713541667,0.0732421875
0,0.30248650908470154,0.9936856627464294,0.971563994884491,0.4805094401041667,0.4456278483072917
0,0.15060900151729584,0.9870795607566833,0.9514110684394836,0.220947265625,0.185028076171875
0,0.2503502666950226,0.9894702434539795,0.9657707214355469,0.3828837076822917,0.3454488118489583
0,0.001557005918584764,0.10141132771968842,0.014172366820275784,0.0,0.0
0,0.18672925233840942,0.9815597534179688,0.9628131985664368,0.3057454427083333,0.24517822265625
0,0.18468916416168213,0.9890553951263428,0.9690910577774048,0.2692667643229167,0.23773193359375
0,0.06365911662578583,0.9471859931945801,0.859663724899292,0.09302775065104167,0.0869140625
0,0.17649365961551666,0.9832144975662231,0.9393594861030579,0.26776123046875,0.24241129557291666
0,0.09473355859518051,0.9676556587219238,0.9039745330810547,0.18767293294270834,0.1510009765625
0,0.2555231750011444,0.9841545820236206,0.9567152261734009,0.397857666015625,0.4156392415364583
0,0.376726359128952,0.9925103187561035,0.9799754023551941,0.4785868326822917,0.461517333984375
0,0.22191275656223297,0.9968024492263794,0.9897116422653198,0.25836181640625,0.2545369466145833
0,0.3804527223110199,0.9984145164489746,0.9894295334815979,0.5114339192708334,0.6266377766927084
0,0.2764616906642914,0.9801673293113708,0.9531880021095276,0.3865152994791667,0.374267578125
0,0.1545424610376358,0.9769787192344666,0.9383469223976135,0.2716064453125,0.2862955729166667
0,0.026007143780589104,0.9114953279495239,0.5114046931266785,0.057790120442708336,0.0
0,0.044698651880025864,0.9920002222061157,0.9116528034210205,0.070648193359375,0.03851318359375
0,0.3196343779563904,0.9951136708259583,0.9821512699127197,0.4972432454427083,0.4223836263020833
0,0.482107549905777,0.9920312166213989,0.9771537780761719,0.6383056640625,0.6638285319010416
0,0.18390683829784393,0.9366336464881897,0.868934690952301,0.3095804850260417,0.275146484375
0,0.49463698267936707,0.9943360686302185,0.9881765246391296,0.665069580078125,0.7266438802083334
0,0.18482916057109833,0.9835337996482849,0.9457011222839355,0.2928059895833333,0.22160847981770834
0,0.24248062074184418,0.9898303151130676,0.961605966091156,0.4078267415364583,0.3890584309895833
0,0.20378774404525757,0.9520419239997864,0.9194981455802917,0.29925537109375,0.2570699055989583
0,0.1302923709154129,0.911337673664093,0.7988152503967285,0.2957763671875,0.22117106119791666
0,0.2860921025276184,0.9642541408538818,0.9228960871696472,0.5436197916666666,0.540618896484375
0,0.3196682333946228,0.9935117363929749,0.9749168753623962,0.5365498860677084,0.6004231770833334
0,0.19673927128314972,0.9703524708747864,0.8830344080924988,0.41058349609375,0.2961629231770833
0,0.5144537091255188,0.9908389449119568,0.9803186058998108,0.714630126953125,0.7970987955729166
0,0.1340094357728958,0.9027811288833618,0.8050197958946228,0.3387451171875,0.3045654296875
0,0.11756622046232224,0.9658995866775513,0.8671482801437378,0.2634175618489583,0.23109944661458334
0,0.502622663974762,0.9963071346282959,0.9888850450515747,0.7528177897135416,0.9463297526041666
0,0.37680721282958984,0.9743373394012451,0.9517735838890076,0.6642862955729166,0.7757568359375
0,0.3079879581928253,0.972362220287323,0.9295645356178284,0.53411865234375,0.6086018880208334
0,0.8030882477760315,0.9988395571708679,0.9956346154212952,0.9261474609375,1.0
0,0.03752996399998665,0.9679599404335022,0.8377527594566345,0.047129313151041664,0.02301025390625
0,0.3439745008945465,0.9936364889144897,0.9510514140129089,0.6057535807291666,0.712890625
0,0.17593447864055634,0.9534487724304199,0.9164093732833862,0.2738444010416667,0.15816243489583334
0,0.19951660931110382,0.9507778882980347,0.9053223133087158,0.33856201171875,0.24505615234375
0,0.039720237255096436,0.5354020595550537,0.3363310694694519,0.11311848958333333,0.0
0,0.2998121976852417,0.9938070178031921,0.9816655516624451,0.5935262044270834,0.5595703125
0,0.3681459426879883,0.9778411984443665,0.9391365647315979,0.5035400390625,0.5096944173177084
0,0.16693095862865448,0.8393393158912659,0.7470627427101135,0.393585205078125,0.23262532552083334
0,0.4495265483856201,0.9924813508987427,0.9787938594818115,0.6844482421875,0.6935017903645834
0,0.21479769051074982,0.9653811454772949,0.9268352389335632,0.3010965983072917,0.287353515625
0,0.0017237648135051131,0.031439851969480515,0.008847354911267757,0.0,0.0
0,0.29492923617362976,0.9793145656585693,0.9623891711235046,0.4850056966145833,0.494354248046875
0,0.058627933263778687,0.9821512699127197,0.8255728483200073,0.11043294270833333,0.026814778645833332
0,0.008394886739552021,0.6694207787513733,0.18417103588581085,0.017710367838541668,0.0
0,0.37499549984931946,0.9954082369804382,0.9752489924430847,0.5653889973958334,0.6626790364583334
0,0.07469166070222855,0.9783433079719543,0.9263036847114563,0.13507080078125,0.139617919921875
0,0.5234906077384949,0.9956176280975342,0.9880849719047546,0.6784159342447916,0.7102254231770834
0,0.0007285999599844217,0.04138471931219101,0.004555583465844393,0.0,0.0
0,0.22161628305912018,0.9951702952384949,0.9694979190826416,0.3015950520833333,0.302703857421875
0,0.16295361518859863,0.9557340741157532,0.8458112478256226,0.364166259765625,0.4265543619791667
0,0.1385825127363205,0.987375020980835,0.9192084670066833,0.264923095703125,0.19502766927083334
0,0.22091858088970184,0.9981613755226135,0.9934357404708862,0.2546895345052083,0.2547810872395833
0,0.003685561241582036,0.7043635845184326,0.04867386072874069,0.0029805501302083335,0.0
0,0.2837960422039032,0.970687747001648,0.944587230682373,0.5202738444010416,0.6280517578125
0,0.5360320210456848,0.9984330534934998,0.9951702952384949,0.65228271484375,0.6659647623697916
0,0.02006104402244091,0.6975059509277344,0.3115284740924835,0.037404378255208336,0.0
0,0.3610936403274536,0.9885804057121277,0.97334223985672,0.4655253092447917,0.47552490234375
0,0.41489455103874207,0.9897513389587402,0.9709092378616333,0.6339823404947916,0.6685282389322916
0,0.012144987471401691,0.5066334009170532,0.14163723587989807,0.015329996744791666,0.0
0,0.12574554979801178,0.9809491038322449,0.9453993439674377,0.2012939453125,0.169158935546875
0,0.00636999262496829,0.37605011463165283,0.12347127497196198,0.010528564453125,0.0
0,0.3609203100204468,0.9976403713226318,0.9930693507194519,0.5830179850260416,0.6335957845052084
0,0.3678935468196869,0.9945307374000549,0.9843964576721191,0.469818115234375,0.479400634765625
0,0.3799997866153717,0.993561863899231,0.9772408604621887,0.5587056477864584,0.5843709309895834
0,0.09352624416351318,0.980205237865448,0.9257686138153076,0.16020711263020834,0.08723958333333333
0,0.715609073638916,0.9973580241203308,0.9915215969085693,0.8393452962239584,0.8787434895833334
0,0.17227156460285187,0.9842154383659363,0.9557340741157532,0.2571919759114583,0.26190185546875
0,0.35409656167030334,0.9946568012237549,0.9854404330253601,0.4553019205729167,0.4338277180989583
0,0.13233645260334015,0.9962638020515442,0.971563994884491,0.17862955729166666,0.15016682942708334
0,0.1618242710828781,0.9774138927459717,0.9290512800216675,0.272979736328125,0.232208251953125
0,0.14679975807666779,0.991186797618866,0.9388007521629333,0.2817179361979167,0.12821451822916666
0,0.2943499982357025,0.9970190525054932,0.9837225079536438,0.4408976236979167,0.4314168294270833
0,0.10843425989151001,0.8866168856620789,0.7809917330741882,0.24066162109375,0.16977945963541666
0,0.04667595028877258,0.7576150894165039,0.42292165756225586,0.14610799153645834,0.0
0,0.03182993829250336,0.936168372631073,0.6473391056060791,0.061838785807291664,0.036580403645833336
0,0.15393756330013275,0.9795897603034973,0.9330621957778931,0.2809041341145833,0.2983296712239583
0,0.1101333275437355,0.9901019334793091,0.954647421836853,0.16264851888020834,0.153717041015625
0,0.005413340404629707,0.9282788634300232,0.08136925846338272,0.007710774739583333,0.0
0,0.30029794573783875,0.9889278411865234,0.9590777158737183,0.5663553873697916,0.6104024251302084
0,0.024033131077885628,0.8334602117538452,0.43814772367477417,0.038258870442708336,0.0196533203125
0,0.002089019166305661,0.9902538657188416,0.004886374808847904,0.0023193359375,0.0
0,0.01659766398370266,0.892375111579895,0.38971376419067383,0.027242024739583332,0.0
0,0.1671525239944458,0.9926542043685913,0.9808759689331055,0.22288004557291666,0.21692911783854166
0,0.0009889289503917098,0.04418332502245903,0.007665874902158976,0.0,0.0
0,0.03773180767893791,0.9710193276405334,0.769946277141571,0.07212320963541667,0.018452962239583332
0,0.09378177672624588,0.9576753973960876,0.8765287399291992,0.18355305989583334,0.058705647786458336
0,0.0023368007969111204,0.3261640965938568,0.02790137566626072,0.00018310546875,0.0
0,0.31745219230651855,0.9942474365234375,0.9775429368019104,0.44366455078125,0.41937255859375
0,0.2057119458913803,0.9932550191879272,0.9667260646820068,0.3448689778645833,0.2649027506510417
0,0.7698010802268982,0.9963500499725342,0.9896718263626099,0.9290364583333334,0.98583984375
0,0.23075653612613678,0.9832144975662231,0.9531008005142212,0.3319905598958333,0.3565673828125
0,0.18575434386730194,0.9569571614265442,0.8770562410354614,0.373870849609375,0.310546875
0,0.2905084192752838,0.9958499670028687,0.978008508682251,0.4099934895833333,0.43218994140625
0,0.15178512036800385,0.9948000907897949,0.9762653708457947,0.24131266276041666,0.18180338541666666
0,0.32311496138572693,0.9985895752906799,0.9945300817489624,0.4396260579427083,0.4212646484375
0,0.40434131026268005,0.9969245791435242,0.9804302453994751,0.5850830078125,0.6026713053385416
0,0.34674373269081116,0.991355836391449,0.974773108959198,0.5066630045572916,0.557830810546875
0,0.2128446102142334,0.9884918928146362,0.9616780281066895,0.320831298828125,0.2952168782552083
0,0.015739338472485542,0.9719393253326416,0.6578649282455444,0.02301025390625,0.014729817708333334
0,0.4142511188983917,0.9944666028022766,0.9835337996482849,0.5236612955729166,0.5378316243489584
0,0.4167565405368805,0.9968273043632507,0.9890130758285522,0.5317281087239584,0.5936991373697916
0,0.47334253787994385,0.9923638105392456,0.9832789301872253,0.6402486165364584,0.7039286295572916
0,0.059642940759658813,0.9903290271759033,0.9468920826911926,0.09135945638020833,0.065765380859375
0,0.0439382940530777,0.9717789888381958,0.8873940706253052,0.07183837890625,0.041829427083333336
0,0.3034721910953522,0.9954082369804382,0.9892232418060303,0.4144795735677083,0.3812662760416667
0,0.11204961687326431,0.9924813508987427,0.9677167534828186,0.15545654296875,0.141632080078125
0,0.5519800186157227,0.9927109479904175,0.9829546809196472,0.692230224609375,0.726776123046875
0,0.017522981390357018,0.9333093762397766,0.49328872561454773,0.026570638020833332,0.0
0,0.4757450520992279,0.9909797310829163,0.974190354347229,0.7302958170572916,0.8362223307291666
0,0.4773609936237335,0.9969839453697205,0.9912548065185547,0.641876220703125,0.7059122721354166
0,0.18775983154773712,0.9880388379096985,0.9649853706359863,0.2813517252604167,0.2607625325520833
0,0.07031881809234619,0.973993182182312,0.9256302118301392,0.1197509765625,0.121612548828125
0,0.0010305297328159213,0.11961366981267929,0.007999754510819912,1.0172526041666666e-05,0.0
0,0.13349474966526031,0.9777563810348511,0.8112277984619141,0.3596293131510417,0.4297383626302083
0,0.021646549925208092,0.9696707129478455,0.39425402879714966,0.041737874348958336,0.0
0,0.0022953327279537916,0.873214840888977,0.022241123020648956,0.0017191569010416667,0.0
0,0.11460798978805542,0.959307074546814,0.9181873202323914,0.23225911458333334,0.09412638346354167
0,0.02515864372253418,0.9597620368003845,0.6196370124816895,0.052388509114583336,0.0
0,0.28902021050453186,0.9944234490394592,0.9853842854499817,0.3635965983072917,0.3759663899739583
0,0.15544480085372925,0.9980505704879761,0.9713473320007324,0.2927958170572917,0.21369425455729166
0,0.08211934566497803,0.9670388102531433,0.8459386229515076,0.17723592122395834,0.13199869791666666
0,0.10956460237503052,0.9904406070709229,0.9712384939193726,0.17694091796875,0.14576212565104166
0,0.05312168598175049,0.980205237865448,0.8687120676040649,0.09746297200520833,0.06744384765625
0,0.13285942375659943,0.9889278411865234,0.9696707129478455,0.21441650390625,0.11411539713541667
0,0.11721494793891907,0.9518632292747498,0.9032890796661377,0.19368489583333334,0.11496988932291667
0,0.09870515018701553,0.9775429368019104,0.9186264276504517,0.17222086588541666,0.17182413736979166
0,0.0910705029964447,0.9884026646614075,0.9486324787139893,0.14289347330729166,0.08589680989583333
0,0.18514883518218994,0.986929178237915,0.9727790951728821,0.253631591796875,0.23752848307291666
0,0.20359767973423004,0.9875203371047974,0.9664738178253174,0.343505859375,0.3246358235677083
0,0.12392083555459976,0.9362850189208984,0.8062431216239929,0.297943115234375,0.2662150065104167
0,0.12719155848026276,0.972362220287323,0.9217768907546997,0.19508870442708334,0.18285115559895834
0,0.3739582300186157,0.9895108342170715,0.9731387495994568,0.6426289876302084,0.8202107747395834
0,0.1642524003982544,0.9552357196807861,0.9258986711502075,0.258270263671875,0.22157796223958334
0,0.2710152864456177,0.9872773289680481,0.9640516638755798,0.4840901692708333,0.5082295735677084
0,0.3361875116825104,0.9862577319145203,0.960212230682373,0.5167236328125,0.5569051106770834
0,0.22872178256511688,0.9799382090568542,0.9553191661834717,0.379547119140625,0.3686319986979167
0,0.2337050437927246,0.9913892149925232,0.9653811454772949,0.3516438802083333,0.2921346028645833
0,0.4440964460372925,0.9912548065185547,0.9771101474761963,0.5258687337239584,0.5223897298177084
0,0.0010106549598276615,0.022977370768785477,0.004331502132117748,0.0,0.0
0,0.24420322477817535,0.992452085018158,0.9771101474761963,0.3662312825520833,0.38421630859375
0,0.03454872965812683,0.9286680221557617,0.7769615650177002,0.057942708333333336,0.049845377604166664
0,0.0008654682897031307,0.013222821988165379,0.00418249424546957,0.0,0.0
0,0.039011865854263306,0.9707987308502197,0.8409093618392944,0.07484944661458333,0.0
0,0.28477242588996887,0.9927951693534851,0.9790357351303101,0.399505615234375,0.3622233072916667
0,0.3037310242652893,0.9941800832748413,0.9846346974372864,0.372283935546875,0.372711181640625
0,0.0957581177353859,0.9805060625076294,0.9449946880340576,0.18659464518229166,0.24409993489583334
0,0.017172150313854218,0.8836382627487183,0.4003888666629791,0.029388427734375,0.0
0,0.26705142855644226,0.9779256582260132,0.960878312587738,0.3585917154947917,0.3551432291666667
0,0.18985615670681,0.9932811260223389,0.9798985719680786,0.2689921061197917,0.254608154296875
0,0.0068733724765479565,0.782163679599762,0.1702319234609604,0.013987223307291666,0.0
0,0.04465072229504585,0.9881765246391296,0.903464674949646,0.07639567057291667,0.042032877604166664
0,0.30923938751220703,0.9967396855354309,0.9835969805717468,0.3838704427083333,0.3658040364583333
0,0.3072707951068878,0.9944451451301575,0.97947096824646,0.3975423177083333,0.3587646484375
0,0.04591536894440651,0.966663122177124,0.8879840970039368,0.07056681315104167,0.05029296875
0,0.5043498873710632,0.9951325058937073,0.9812389612197876,0.69793701171875,0.774322509765625
0,0.03729921206831932,0.9710193276405334,0.8649892807006836,0.06727091471354167,0.05126953125
0,0.6175541281700134,0.9985449314117432,0.9935368895530701,0.73834228515625,0.8025614420572916
0,0.0736842155456543,0.9792749285697937,0.934035062789917,0.10866292317708333,0.077117919921875
0,0.3427217900753021,0.9848692417144775,0.968678891658783,0.4746500651041667,0.47216796875
0,0.15285904705524445,0.9902915358543396,0.9308364987373352,0.26251220703125,0.2566426595052083
0,0.5521243214607239,0.9973061084747314,0.9901782274246216,0.7692057291666666,0.8717753092447916
0,0.09918297082185745,0.9863104820251465,0.9375547766685486,0.160797119140625,0.12325032552083333
0,0.3628499209880829,0.9875683188438416,0.9731387495994568,0.5529683430989584,0.5851236979166666
0,0.24455642700195312,0.9947186708450317,0.9690324664115906,0.3651529947916667,0.3970947265625
0,0.019844025373458862,0.8166989684104919,0.39923709630966187,0.040496826171875,0.0
0,0.3650376796722412,0.9957020878791809,0.9797840118408203,0.514190673828125,0.483428955078125
0,0.4233587682247162,0.9965435862541199,0.9879462122917175,0.556243896484375,0.5680745442708334
0,0.05545349046587944,0.9210741519927979,0.77390056848526,0.10709635416666667,0.0
0,0.3609772026538849,0.9885361194610596,0.972727358341217,0.5356343587239584,0.5794576009114584
0,0.0900893434882164,0.9872773289680481,0.9554024338722229,0.14168294270833334,0.087860107421875
0,0.038057226687669754,0.9442797303199768,0.6069027185440063,0.0902099609375,0.0
0,0.09960049390792847,0.9828232526779175,0.9354645609855652,0.17274983723958334,0.063232421875
0,0.5981695652008057,0.9969956874847412,0.9925682544708252,0.6693216959635416,0.667144775390625
0,0.68327397108078,0.9928231239318848,0.9824210405349731,0.8482869466145834,0.89373779296875
0,0.2060498595237732,0.9787126779556274,0.9402433633804321,0.3449808756510417,0.292022705078125
0,0.07693802565336227,0.9626027941703796,0.898226797580719,0.1463623046875,0.035552978515625
0,0.04969790577888489,0.9223425984382629,0.7664527297019958,0.10361735026041667,0.0
0,0.1421733945608139,0.956063449382782,0.8991213440895081,0.2868245442708333,0.200653076171875
0,0.04355703294277191,0.9626027941703796,0.770632266998291,0.08375040690104167,0.0
0,0.2550247013568878,0.9959771037101746,0.978175938129425,0.387054443359375,0.3304036458333333
0,0.08496024459600449,0.9488224983215332,0.8840332627296448,0.165130615234375,0.073760986328125
0,0.536512553691864,0.9930423498153687,0.9860979318618774,0.6928609212239584,0.7594807942708334
0,0.5151142477989197,0.9969485402107239,0.9783433079719543,0.6663106282552084,0.66015625
0,0.13355998694896698,0.9869794845581055,0.9570351243019104,0.21516927083333334,0.18056233723958334
0,0.14135034382343292,0.9939261078834534,0.9534487724304199,0.22908528645833334,0.181060791015625
0,0.35147789120674133,0.9899086952209473,0.9779677391052246,0.4927164713541667,0.5044047037760416
0,0.010785955004394054,0.9690910577774048,0.36184096336364746,0.016143798828125,0.0
0,0.193522647023201,0.9690324664115906,0.934035062789917,0.3175252278645833,0.367095947265625
0,0.15127472579479218,0.9828232526779175,0.9444817900657654,0.24706013997395834,0.18761189778645834
0,0.05905681475996971,0.9437636137008667,0.8248812556266785,0.11699422200520833,0.029703776041666668
0,0.04368169978260994,0.9662197828292847,0.8410399556159973,0.07404581705729167,0.040395100911458336
0,0.0396585650742054,0.9005298018455505,0.5898221135139465,0.08992513020833333,0.0
0,0.17276257276535034,0.949669361114502,0.9059898257255554,0.3058878580729167,0.2999776204427083
0,0.05290089175105095,0.9706321954727173,0.8938665986061096,0.08342488606770833,0.052958170572916664
0,0.021816805005073547,0.719876229763031,0.3035221993923187,0.045155843098958336,0.0
0,0.10667859762907028,0.9801293015480042,0.9429286122322083,0.14107259114583334,0.135223388671875
0,0.002071937546133995,0.1563623696565628,0.01784873940050602,5.0862630208333336e-05,0.0
0,0.07683906704187393,0.9791954755783081,0.8984104990959167,0.14357503255208334,0.059977213541666664
0,0.09641871601343155,0.9791557192802429,0.9418684244155884,0.13585408528645834,0.16490681966145834
0,0.01436666864901781,0.6786465048789978,0.113973468542099,0.008921305338541666,0.0
0,0.012511816807091236,0.6921219825744629,0.33839190006256104,0.025227864583333332,0.0
0,0.002695725066587329,0.13409410417079926,0.06536578387022018,0.0003458658854166667,0.0
0,0.005003864876925945,0.8925625681877136,0.05479956418275833,0.005605061848958333,0.0
0,0.0014948569005355239,0.13229019939899445,0.020567096769809723,2.0345052083333332e-05,0.0
0,0.034365322440862656,0.9613164663314819,0.8091161251068115,0.053243001302083336,0.031819661458333336
0,0.23540110886096954,0.9982725381851196,0.9745803475379944,0.33209228515625,0.321044921875
0,0.01300137210637331,0.3810468018054962,0.12885363399982452,0.01495361328125,0.0
0,0.012811437249183655,0.5954337120056152,0.11201595515012741,0.008046468098958334,0.0
0,0.09777418524026871,0.9806919097900391,0.9366336464881897,0.15629069010416666,0.13017781575520834
0,0.052861135452985764,0.8142006397247314,0.6325027346611023,0.1217041015625,0.06252034505208333
0,0.003164321882650256,0.5503053069114685,0.06693419814109802,0.006673177083333333,0.0
0,0.01778186485171318,0.4503291845321655,0.16898994147777557,0.027445475260416668,0.0
0,0.18647421896457672,0.9909447431564331,0.9812029004096985,0.2727762858072917,0.2813822428385417
0,0.021653486415743828,0.8828325867652893,0.6266920566558838,0.040771484375,0.023345947265625
0,0.31938043236732483,0.9976125955581665,0.9799765348434448,0.46392589118198874,0.4484545028142589
0,0.06940675526857376,0.9943581223487854,0.9036383032798767,0.14287037037037037,0.0
0,0.059515297412872314,0.9962345957756042,0.9867772459983826,0.07666666666666666,0.058984375
0,0.18668775260448456,0.996321439743042,0.9839708209037781,0.2543489583333333,0.20786458333333332
0,0.0489872507750988,0.9933071732521057,0.9404647350311279,0.07643229166666667,0.0
0,0.009919077157974243,0.4956170618534088,0.08108212053775787,0.006074666666666667,0.0
0,0.0961437076330185,0.9581479430198669,0.822474479675293,0.231632,0.03332266666666667
0,0.011355948634445667,0.9620362520217896,0.19330111145973206,0.016826171875,0.0
0,0.09590030461549759,0.9181873202323914,0.6947170495986938,0.2563524590163934,0.24886612021857923
0,0.1550310254096985,0.9978087544441223,0.972933828830719,0.2529666666666667,0.17316458333333334
0,0.11278080195188522,0.9856076240539551,0.8641958832740784,0.2309694881889764,0.17339812992125983
0,0.012327935546636581,0.9903290271759033,0.1534222811460495,0.012915856031128405,0.003482490272373541
0,0.011141800321638584,0.982624351978302,0.21750369668006897,0.016785019455252917,0.0
0,0.11256438493728638,0.9979089498519897,0.9606574773788452,0.165225,0.15378541666666667
0,0.0364682674407959,0.9814888834953308,0.7824963331222534,0.06730208333333333,0.026770833333333334
0,0.02101280726492405,0.9732407331466675,0.25832599401474,0.0399469111969112,0.0
0,0.07386704534292221,0.9996775388717651,0.9619649052619934,0.11254584942084941,0.04606177606177606
0,0.07172678411006927,0.9990673661231995,0.647686779499054,0.19603281853281854,0.029517374517374517
0,0.042278919368982315,0.7414868474006653,0.3313717544078827,0.08399719094959071,0.0
0,0.12890522181987762,0.998364269733429,0.9303317666053772,0.2340119760479042,0.23356922518599166
0,0.020684080198407173,0.879871129989624,0.19744443893432617,0.03774461028192371,0.0
0,0.16307680308818817,0.9987305998802185,0.967100977897644,0.2886053955189758,0.3029492455418381
0,0.16760285198688507,0.9888418912887573,0.961605966091156,0.2444490169181527,0.23818472793781437
0,0.1906963437795639,0.9952999353408813,0.9480584859848022,0.36617741197988113,0.412665752171925
0,0.015316619537770748,0.9669764637947083,0.328109472990036,0.023192887514495556,0.0
0,0.042099907994270325,0.9961456060409546,0.9416552186012268,0.06373688458434221,0.03325665859564165
0,0.07194564491510391,0.9920002222061157,0.9405717849731445,0.12972083333333334,0.074675
0,0.18303871154785156,0.9954967498779297,0.9737446904182434,0.26853395272578223,0.22165049870200848
0,0.05932602658867836,0.979393482208252,0.9298198819160461,0.08027140299479167,0.068817138671875
0,0.09151419997215271,0.9982385635375977,0.9775000214576721,0.12779744466145834,0.12238566080729167
0,0.13312174379825592,0.9498556852340698,0.854884684085846,0.2533467610677083,0.2677714029947917
0,0.004200291354209185,0.22456520795822144,0.04410091042518616,0.0010172526041666667,0.0
0,0.0005724198999814689,0.034423552453517914,0.006313630845397711,0.0,0.0
0,0.008920947089791298,0.404095858335495,0.17952623963356018,0.018442789713541668,0.0
0,0.022280842065811157,0.9803562164306641,0.8741814494132996,0.034149169921875,0.021769205729166668
0,0.02358638308942318,0.9535353183746338,0.41856205463409424,0.04730224609375,0.0
0,0.009336603805422783,0.3388424217700958,0.1212688684463501,0.010457356770833334,0.0
0,0.0009204326197504997,0.017242778092622757,0.005040702875703573,0.0,0.0
0,0.001003845944069326,0.02779562398791313,0.005060331430286169,0.0,0.0
0,0.0010951459407806396,0.0751764103770256,0.014899643138051033,0.0,0.0
0,0.007918807677924633,0.8729984164237976,0.17652533948421478,0.013743082682291666,0.0
0,0.010514188557863235,0.7854732275009155,0.21026964485645294,0.019002278645833332,0.0
0,0.0032949375454336405,0.915808916091919,0.04240382835268974,0.0036722819010416665,0.0
0,0.021999113261699677,0.9012274742126465,0.6944912672042847,0.035614013671875,0.029744466145833332
0,0.001398970023728907,0.04778006672859192,0.010818448849022388,0.0,0.0
0,0.0014497445663437247,0.6226887702941895,0.009303949773311615,0.0009663899739583334,0.0
0,0.0038935441989451647,0.8010035157203674,0.06754300743341446,0.006459554036458333,0.0
0,0.016358507797122,0.7016108632087708,0.2832854390144348,0.046254475911458336,0.0
0,0.029840737581253052,0.9848692417144775,0.7286430597305298,0.052347819010416664,0.0
0,0.28411155939102173,0.9814534187316895,0.9611709713935852,0.4070536295572917,0.4118855794270833
0,0.06627602875232697,0.9320833086967468,0.5712159276008606,0.188262939453125,0.0
0,0.060220737010240555,0.9298236966133118,0.7648915648460388,0.124359130859375,0.0
0,0.19723635911941528,0.9853842854499817,0.9698426127433777,0.2787679036458333,0.23182169596354166
0,0.0370563380420208,0.934035062789917,0.6204962730407715,0.09062703450520833,0.0111083984375
0,0.15227249264717102,0.9910492897033691,0.9584600329399109,0.213897705078125,0.23833211263020834
0,0.019677797332406044,0.9815244078636169,0.5450136065483093,0.028615315755208332,0.0
0,0.012206059880554676,0.969956636428833,0.25607597827911377,0.02154541015625,0.0
0,0.023725615814328194,0.9736446738243103,0.8057851195335388,0.029886881510416668,0.0
0,0.046605855226516724,0.9936364889144897,0.9577521681785583,0.06439208984375,0.060373942057291664
0,0.09740056842565536,0.9765800833702087,0.8784186244010925,0.21573893229166666,0.08266194661458333
0,0.11603996902704239,0.9818405508995056,0.8901033401489258,0.218902587890625,0.049835205078125
0,0.020385775715112686,0.8838388919830322,0.3377428650856018,0.0361328125,0.0
0,0.0016462340718135238,0.06383161246776581,0.012527931481599808,0.0,0.0
0,0.06093320623040199,0.9925969839096069,0.9273633360862732,0.09381103515625,0.08766682942708333
0,0.0481003113090992,0.9097468256950378,0.7545480728149414,0.08800252278645833,0.09084065755208333
0,0.0011871298775076866,0.1261378973722458,0.012821215204894543,5.0862630208333336e-05,0.0
0,0.0034643542021512985,0.6978148818016052,0.04655127227306366,0.0020243326822916665,0.0
0,0.09688121825456619,0.9483462572097778,0.8675976395606995,0.18292236328125,0.14972941080729166
0,0.007178321946412325,0.25720497965812683,0.14354750514030457,0.0167236328125,0.0
0,0.02140258252620697,0.9596865773200989,0.8314046263694763,0.032562255859375,0.0
0,0.02303563803434372,0.38774827122688293,0.2485342025756836,0.07857259114583333,0.0
0,0.002784696640446782,0.7764534950256348,0.039048291742801666,0.003936767578125,0.0
0,0.001565808430314064,0.11240508407354355,0.01784873940050602,0.0,0.0
0,0.28635621070861816,0.9936364889144897,0.9785493016242981,0.4257609049479167,0.4210306803385417
0,0.0035402060020715,0.43632182478904724,0.03096751682460308,0.0002950032552083333,0.0
0,0.0035036064218729734,0.8846385478973389,0.04344203695654869,0.004292805989583333,0.0
0,0.00757991150021553,0.6569884419441223,0.11576064676046371,0.009287516276041666,0.0
0,0.013886104337871075,0.8694931268692017,0.25515803694725037,0.026519775390625,0.0
0,0.00526847131550312,0.9641192555427551,0.04092230647802353,0.005045572916666667,0.0
0,0.0005028407904319465,0.01358439214527607,0.004297939129173756,0.0,0.0
0,0.003334109904244542,0.9333093762397766,0.04442894458770752,0.004648844401041667,0.0
0,0.004185447935014963,0.2924942374229431,0.06255629658699036,0.00714111328125,0.0
0,0.00362793100066483,0.12474514544010162,0.0478690080344677,7.120768229166667e-05,0.0
0,0.18799851834774017,0.998217761516571,0.9950177073478699,0.22137451171875,0.22015380859375
0,0.0006213821470737457,0.026912305504083633,0.005040702875703573,0.0,0.0
0,0.0006812718347646296,0.031439851969480515,0.005980330519378185,0.0,0.0
0,0.1138320192694664,0.9227612018585205,0.8766343593597412,0.19029744466145834,0.18663533528645834
0,0.05762602761387825,0.9905142784118652,0.9677167534828186,0.07133992513020833,0.06892903645833333
0,0.0013019657926633954,0.22798459231853485,0.015845362097024918,0.00017293294270833334,0.0
0,0.001061656977981329,0.16653980314731598,0.008093290030956268,7.120768229166667e-05,0.0
0,0.026374466717243195,0.976802408695221,0.8483450412750244,0.038736979166666664,0.025736490885416668
0,0.07738874107599258,0.9827572107315063,0.8382829427719116,0.173492431640625,0.18016560872395834
0,0.22404639422893524,0.9983579516410828,0.9937587976455688,0.3034261067708333,0.29852294921875
0,0.05234093591570854,0.9986114501953125,0.9813107252120972,0.058420817057291664,0.048878987630208336
0,0.052496377378702164,0.9724147915840149,0.83453369140625,0.0943603515625,0.0
0,0.022641798481345177,0.9540517926216125,0.3261447846889496,0.024251302083333332,0.0
0,0.012517273426055908,0.9995908141136169,0.4995768368244171,0.015818277994791668,0.0
0,0.03459274396300316,0.9806178212165833,0.8550020456314087,0.060902913411458336,0.034922281901041664
0,0.07775190472602844,0.9812389612197876,0.909741997718811,0.13276163736979166,0.053792317708333336
0,0.006706226617097855,0.9514138102531433,0.16830125451087952,0.011362711588541666,0.0
0,0.03463323786854744,0.9368651509284973,0.7633073329925537,0.057820638020833336,0.0350341796875
0,0.00034443012555129826,0.03252822160720825,0.003524340922012925,0.0,0.0
0,0.0016266466118395329,0.15127839148044586,0.01778039149940014,9.1552734375e-05,0.0
0,0.003945454489439726,0.826151430606842,0.05184547230601311,0.003692626953125,0.0
0,0.014461047947406769,0.9800530076026917,0.30290326476097107,0.039937337239583336,0.0
0,0.001603753655217588,0.2805178165435791,0.012241275049746037,0.0003255208333333333,0.0
0,0.008582125417888165,0.9017477631568909,0.17118725180625916,0.01373291015625,0.0
0,0.0013873018324375153,0.4188157320022583,0.01711088791489601,0.0002950032552083333,0.0
0,0.004114896524697542,0.32039588689804077,0.05964365601539612,0.0017598470052083333,0.0
0,0.0318765789270401,0.9719393253326416,0.7908390164375305,0.055908203125,0.050028483072916664
0,0.17380893230438232,0.9964893460273743,0.9845160245895386,0.2812906901041667,0.138763427734375
0,0.0009678636561147869,0.05953749269247055,0.008412977680563927,0.0,0.0
0,0.001961533911526203,0.6710395812988281,0.018263228237628937,0.0010986328125,0.0
0,0.024127304553985596,0.9122800230979919,0.7257370948791504,0.039398193359375,0.04046630859375
0,0.004967988934367895,0.4359014928340912,0.05685840919613838,0.00347900390625,0.0
0,0.012776513583958149,0.9849852323532104,0.4466404616832733,0.019012451171875,0.0
0,0.0031530612614005804,0.18624301254749298,0.05023736134171486,0.0004781087239583333,0.0
0,0.021462710574269295,0.8666976690292358,0.6223428249359131,0.043039957682291664,0.018310546875
0,0.026871198788285255,0.8531803488731384,0.5446897149085999,0.039337158203125,0.0
0,0.004431334789842367,0.646460235118866,0.0684129148721695,0.003936767578125,0.0
0,0.007757165934890509,0.35880228877067566,0.16858302056789398,0.021647135416666668,0.0
0,0.0006460031145252287,0.03191915154457092,0.005220125894993544,0.0,0.0
0,0.006438239943236113,0.6992544531822205,0.132851704955101,0.011433919270833334,0.0
0,0.00838402658700943,0.6722241044044495,0.20721471309661865,0.018758138020833332,0.0
0,0.0013729552738368511,0.09417666494846344,0.013689476065337658,0.0,0.0
0,0.20004872977733612,0.9924813508987427,0.9752489924430847,0.2874959309895833,0.2639973958333333
0,0.03444380685687065,0.9951889514923096,0.8418217301368713,0.060465494791666664,0.0
0,0.05821143090724945,0.9716717004776001,0.8499711751937866,0.11966959635416667,0.028767903645833332
0,0.009712030179798603,0.5517246723175049,0.13454149663448334,0.011820475260416666,0.0
0,0.2770073115825653,0.9951136708259583,0.9738940596580505,0.3964640299479167,0.3756815592447917
0,0.00047048143460415304,0.022116590291261673,0.004231094382703304,0.0,0.0
0,0.30329203605651855,0.9967396855354309,0.9834704995155334,0.4399515787760417,0.4599812825520833
0,0.16329325735569,0.9932550191879272,0.9707987308502197,0.24430338541666666,0.21648152669270834
0,0.0012716230703517795,0.048316068947315216,0.012239860370755196,0.0,0.0
0,0.0011340634664520621,0.10576342046260834,0.011869121342897415,0.0,0.0
0,0.09583231806755066,0.9867261648178101,0.9685006141662598,0.11979166666666667,0.11055501302083333
0,0.11217983812093735,0.988711953163147,0.9688562154769897,0.16392008463541666,0.10117594401041667
0,0.0011607949854806066,0.14414885640144348,0.01219413336366415,9.1552734375e-05,0.0
0,0.02166644297540188,0.892375111579895,0.502830982208252,0.04144287109375,0.0
0,0.013411578722298145,0.7709825038909912,0.31604939699172974,0.028544108072916668,0.0
0,0.002083052648231387,0.49244365096092224,0.023286305367946625,0.000640869140625,0.0
0,0.008833627216517925,0.8482193946838379,0.3015429973602295,0.014444986979166666,0.0
0,0.001014605164527893,0.05291181057691574,0.009268012829124928,0.0,0.0
0,0.001568123698234558,0.7184956669807434,0.01640303246676922,0.0008341471354166666,0.0
0,0.00575273297727108,0.9729852676391602,0.06620602309703827,0.00274658203125,0.0
0,0.008429992012679577,0.3860109746456146,0.08834723383188248,0.005299886067708333,0.0
0,0.0008255615830421448,0.7617157697677612,0.006363573484122753,0.0003865559895833333,0.0
0,0.0008819624781608582,0.32562777400016785,0.007039045449346304,0.000274658203125,0.0
0,0.02613142319023609,0.729519784450531,0.38219907879829407,0.069305419921875,0.0
0,0.012764089740812778,0.8070047497749329,0.09585607796907425,0.0037027994791666665,0.0
0,0.001351181068457663,0.04903962090611458,0.011115013621747494,0.0,0.0
0,0.001971018733456731,0.12199922651052475,0.02822098508477211,1.0172526041666666e-05,0.0
0,0.02036423236131668,0.9645224213600159,0.7543507814407349,0.027414957682291668,0.015604654947916666
0,0.0006158017786219716,0.046899255365133286,0.005159622989594936,0.0,0.0
0,0.0014501480618491769,0.2925952970981598,0.013635262846946716,0.0004679361979166667,0.0
0,0.004254983738064766,0.10762491822242737,0.06336633861064911,0.0,0.0
0,0.007200703024864197,0.21783629059791565,0.11299101263284683,0.007191975911458333,0.0
0,0.006918505299836397,0.5963156223297119,0.11299101263284683,0.00921630859375,0.0
0,0.017698241397738457,0.929951012134552,0.2694188356399536,0.0513916015625,0.0
0,0.0028226375579833984,0.3396085798740387,0.04646466299891472,0.001922607421875,0.0
0,0.17506366968154907,0.9586926698684692,0.8858291506767273,0.3565877278645833,0.2772216796875
0,0.006885203067213297,0.4642031788825989,0.0799255296587944,0.0037027994791666665,0.0
0,0.18577933311462402,0.9779256582260132,0.9107043743133545,0.3729044596354167,0.33453369140625
0,0.039509017020463943,0.9331876635551453,0.8019265532493591,0.07517496744791667,0.0177001953125
0,0.0015163253992795944,0.04543721675872803,0.013070784509181976,0.0,0.0
0,0.0007940360228531063,0.02409944497048855,0.00806199200451374,0.0,0.0
0,0.0063599832355976105,0.20561502873897552,0.07068780064582825,0.00020345052083333334,0.0
0,0.013299106620252132,0.5980187654495239,0.10875558853149414,0.00726318359375,0.0
0,0.0057406299747526646,0.41810283064842224,0.07211221009492874,0.005086263020833333,0.0
0,0.0013710566563531756,0.30923229455947876,0.015424554236233234,0.0003458658854166667,0.0
0,0.004791791085153818,0.5388315916061401,0.050327833741903305,0.0024922688802083335,0.0
0,0.001284537953324616,0.05223086103796959,0.009161027148365974,0.0,0.0
0,0.0012407484464347363,0.21850258111953735,0.011552670039236546,4.0690104166666664e-05,0.0
0,0.0010279298294335604,0.16559313237667084,0.010448625311255455,3.0517578125e-05,0.0
0,0.0022695502266287804,0.7683857679367065,0.023597944527864456,0.0011494954427083333,0.0
0,0.019166409969329834,0.960878312587738,0.38506996631622314,0.036763509114583336,0.01190185546875
0,0.005703305825591087,0.42548587918281555,0.08819004148244858,0.00518798828125,0.0
0,0.013776545412838459,0.8415654301643372,0.15662017464637756,0.017303466796875,0.0
0,0.021708497777581215,0.946793794631958,0.42924878001213074,0.037862141927083336,0.0
0,0.010087133385241032,0.4268590211868286,0.12495855987071991,0.011850992838541666,0.0
0,0.061589524149894714,0.9851576089859009,0.9209320545196533,0.09770711263020833,0.049184163411458336
0,0.012644772417843342,0.7848142385482788,0.1651887148618698,0.033742268880208336,0.0
0,0.0459163598716259,0.9452984929084778,0.830864667892456,0.08524576822916667,0.038319905598958336
0,0.0468047559261322,0.9798997044563293,0.907967209815979,0.070831298828125,0.07012939453125
0,0.026699012145400047,0.8957052826881409,0.48284852504730225,0.0474853515625,0.0
0,0.02322370745241642,0.7457688450813293,0.3206053674221039,0.044677734375,0.0
0,0.00613128999248147,0.7754347920417786,0.10034840553998947,0.007761637369791667,0.0
0,0.1669660359621048,0.9722570776939392,0.9342717528343201,0.2832234700520833,0.24980672200520834
0,0.0912732258439064,0.8551267385482788,0.7356416583061218,0.2501424153645833,0.2931925455729167
0,0.0057937707751989365,0.19728974997997284,0.07737810909748077,0.0020039876302083335,0.0
0,0.003148030722513795,0.250545859336853,0.032161444425582886,0.0005594889322916666,0.0
0,0.010320215485990047,0.35667070746421814,0.12231338024139404,0.010508219401041666,0.0
0,0.11927630752325058,0.9766246676445007,0.9264369606971741,0.21142578125,0.124298095703125
0,0.039925333112478256,0.9783018827438354,0.8461968302726746,0.06764729817708333,0.045664469401041664
0,0.006289434153586626,0.25590112805366516,0.10052486509084702,0.005228678385416667,0.0
0,0.013024750165641308,0.9628831148147583,0.19207973778247833,0.037699381510416664,0.0
0,0.01568976603448391,0.9575962424278259,0.27153265476226807,0.01959228515625,0.007853190104166666
0,0.005235323216766119,0.7288448214530945,0.06267093122005463,0.0027872721354166665,0.0
0,0.006637176964432001,0.6552256941795349,0.08463942259550095,0.0084228515625,0.0
0,0.02818130888044834,0.43929630517959595,0.22371609508991241,0.092315673828125,0.0
0,0.03819020465016365,0.9914224743843079,0.8532915711402893,0.07866414388020833,0.06324259440104167
0,0.003224421991035342,0.6522414088249207,0.04232221841812134,0.00335693359375,0.0
0,0.006790723651647568,0.1398656666278839,0.07835981249809265,0.00018310546875,0.0
0,0.03303181752562523,0.9171544313430786,0.5867507457733154,0.06622314453125,0.0
0,0.07184533029794693,0.9805806875228882,0.9287933707237244,0.12922159830729166,0.045481363932291664
0,0.0047942171804606915,0.8784186244010925,0.06418264657258987,0.004831949869791667,0.0
0,0.10203543305397034,0.9942025542259216,0.9534487724304199,0.152008056640625,0.1270751953125
0,0.002470302162691951,0.37811458110809326,0.01912403479218483,0.0007425944010416666,0.0
0,0.15972977876663208,0.9788748621940613,0.9329437017440796,0.2726949055989583,0.22923787434895834
0,0.3112439811229706,0.9933589100837708,0.9837225079536438,0.366790771484375,0.3746337890625
0,0.024829471483826637,0.984752357006073,0.6902428269386292,0.048055013020833336,0.0242919921875
0,0.02655000239610672,0.963230550289154,0.742597222328186,0.045186360677083336,0.035390218098958336
0,0.0026258386205881834,0.19868534803390503,0.02460992895066738,4.0690104166666664e-05,0.0
0,0.005994329694658518,0.1748325377702713,0.08254930377006531,0.0024007161458333335,0.0
0,0.009929762221872807,0.23039984703063965,0.09982065856456757,0.0038553873697916665,0.0
0,0.005185821559280157,0.9505029916763306,0.05823541060090065,0.006174723307291667,0.0
0,0.024581512436270714,0.9840323328971863,0.8934842348098755,0.035898844401041664,0.02447509765625
0,0.00575742544606328,0.43572142720222473,0.09911040961742401,0.00738525390625,0.0
0,0.009027872234582901,0.8393393158912659,0.14535419642925262,0.013132731119791666,0.0
0,0.015396890230476856,0.925499677658081,0.3582374155521393,0.03167724609375,0.0
0,0.005821721628308296,0.42793452739715576,0.11299101263284683,0.009063720703125,0.0
0,0.12382152676582336,0.9662197828292847,0.8842393159866333,0.187774658203125,0.18724568684895834
0,0.005994649138301611,0.895339846611023,0.08819004148244858,0.006113688151041667,0.0
0,0.04177099093794823,0.9609517455101013,0.7766229510307312,0.08491007486979167,0.017730712890625
0,0.042200636118650436,0.9824230670928955,0.8604864478111267,0.07372029622395833,0.031402587890625
0,0.002892256947234273,0.6481323838233948,0.03803509101271629,0.000762939453125,0.0
0,0.009576934389770031,0.21983955800533295,0.12273333966732025,0.011759440104166666,0.0
0,0.016266673803329468,0.9431384205818176,0.5873479247093201,0.026387532552083332,0.0
0,0.09014268964529037,0.9913222789764404,0.9798612594604492,0.11226399739583333,0.11512247721354167
0,0.0005972678191028535,0.018689310178160667,0.0043653263710439205,0.0,0.0
0,0.07129723578691483,0.9235922694206238,0.8440237045288086,0.122772216796875,0.07903035481770833
0,0.04425494372844696,0.8569320440292358,0.5537457466125488,0.12006632486979167,0.0
0,0.0882435068488121,0.9504110217094421,0.867594301700592,0.21761067708333334,0.1956787109375
0,0.01166816521435976,0.776114284992218,0.2494308203458786,0.022288004557291668,0.0
0,0.05763702467083931,0.9950370192527771,0.9317114353179932,0.09930419921875,0.033365885416666664
0,0.09871140867471695,0.9736446738243103,0.9159548878669739,0.153839111328125,0.14988199869791666
0,0.030908724293112755,0.8975157737731934,0.41192975640296936,0.05535888671875,0.0
0,0.3601429760456085,0.9946358799934387,0.9804313778877258,0.4657491048177083,0.5063578287760416
0,0.04563860595226288,0.9835337996482849,0.7856277823448181,0.09270222981770833,0.025390625
0,0.014904861338436604,0.48922133445739746,0.15431228280067444,0.01605224609375,0.0
0,0.05941189453005791,0.9658352136611938,0.9017477631568909,0.12554931640625,0.0264892578125
0,0.016261711716651917,0.41501736640930176,0.16052906215190887,0.027862548828125,0.0
0,0.0381632037460804,0.9682013392448425,0.6963621377944946,0.0869140625,0.0
0,0.0007561639067716897,0.0445975735783577,0.004166255705058575,0.0,0.0
0,0.016000153496861458,0.5890664458274841,0.18966664373874664,0.024342854817708332,0.0
0,0.16969279944896698,0.9822876453399658,0.9194981455802917,0.3223775227864583,0.24322509765625
0,0.02290153317153454,0.4659646153450012,0.24944725632667542,0.049855550130208336,0.0
0,0.019364530220627785,0.93475341796875,0.4975501596927643,0.037017822265625,0.0
0,0.006660291459411383,0.7272980809211731,0.07821886986494064,0.0031840006510416665,0.0
0,0.013923543505370617,0.920074462890625,0.16545012593269348,0.0147705078125,0.0
0,0.021099628880620003,0.9497627019882202,0.7803229093551636,0.03155517578125,0.025360107421875
0,0.013767249882221222,0.7594038844108582,0.239166259765625,0.028177897135416668,0.0
0,0.11487078666687012,0.978260338306427,0.9504110217094421,0.19105021158854166,0.1368408203125
0,0.03176360949873924,0.9381240010261536,0.6000020503997803,0.060353597005208336,0.027730305989583332
0,0.0114702507853508,0.733738124370575,0.16899405419826508,0.019388834635416668,0.0
0,0.0025700030382722616,0.469991534948349,0.03746539354324341,0.0022684733072916665,0.0
0,0.025176210328936577,0.8047130703926086,0.29077640175819397,0.060526529947916664,0.0
0,0.01147001888602972,0.8289388418197632,0.276782363653183,0.028147379557291668,0.0
0,0.13047541677951813,0.9813107252120972,0.958535373210907,0.20627848307291666,0.234161376953125
0,0.09011497348546982,0.9962051510810852,0.9671611785888672,0.14658610026041666,0.10882568359375
0,0.059618715196847916,0.9459012746810913,0.730289876461029,0.135528564453125,0.07768758138020833
0,0.06947312504053116,0.9480584859848022,0.8838388919830322,0.10602823893229167,0.08211263020833333
0,0.12173459678888321,0.968020498752594,0.936168372631073,0.17872111002604166,0.18467203776041666
0,0.22582118213176727,0.9984452128410339,0.9919379353523254,0.2856038411458333,0.2799784342447917
0,0.009422809816896915,0.9630919694900513,0.24093712866306305,0.018605550130208332,0.0
0,0.04615180194377899,0.9087799787521362,0.7148271203041077,0.09437052408854167,0.052154541015625
0,0.0418960265815258,0.9472835659980774,0.7828235626220703,0.08064778645833333,0.051595052083333336
0,0.04478919133543968,0.9773275852203369,0.8912444114685059,0.07194010416666667,0.051717122395833336
0,0.17359180748462677,0.9791157841682434,0.9401302933692932,0.2809549967447917,0.242828369140625
0,0.03396756201982498,0.9174507260322571,0.572002112865448,0.07725016276041667,0.0
0,0.3431638777256012,0.9912208914756775,0.9672231674194336,0.51812744140625,0.5293172200520834
0,0.0649552047252655,0.9977481961250305,0.9658995866775513,0.09745279947916667,0.037424723307291664
0,0.3998880386352539,0.9948403239250183,0.986828088760376,0.4981282552083333,0.489776611328125
0,0.39426398277282715,0.9913892149925232,0.9635062217712402,0.63873291015625,0.8163248697916666
0,0.05133156105875969,0.9766246676445007,0.8783142566680908,0.08318074544270833,0.06103515625
0,0.6177923083305359,0.9974391460418701,0.9767136573791504,0.85552978515625,0.9941609700520834
0,0.06757137924432755,0.9777138829231262,0.9031131863594055,0.11588541666666667,0.066314697265625
0,0.35068807005882263,0.9915870428085327,0.961605966091156,0.5796915690104166,0.6624857584635416
0,0.0017166718607768416,0.12064587324857712,0.007176882121711969,1.0172526041666666e-05,0.0
0,0.08486199378967285,0.9848109483718872,0.9203526973724365,0.15685017903645834,0.054484049479166664
0,0.13077937066555023,0.9917803406715393,0.9600626826286316,0.180328369140625,0.171417236328125
0,0.04677543416619301,0.889720618724823,0.45607298612594604,0.13059488932291666,0.0
0,0.506743848323822,0.9953363537788391,0.9897116422653198,0.63592529296875,0.64837646484375
0,0.013863958418369293,0.683208167552948,0.1760956346988678,0.019215901692708332,0.0
0,0.04753865301609039,0.9996724128723145,0.9934603571891785,0.062042236328125,0.02545166015625
0,0.009528976865112782,0.7588682174682617,0.14222118258476257,0.012807210286458334,0.0
0,0.04628707095980644,0.8889517188072205,0.5435178875923157,0.1031494140625,0.0
0,0.03339401260018349,0.9027811288833618,0.5856326818466187,0.07188924153645833,0.0
0,0.010650880634784698,0.5189576148986816,0.2221934050321579,0.026204427083333332,0.0
0,0.25517064332962036,0.994401752948761,0.9835969805717468,0.37169166666666664,0.33634166666666665
0,0.11192219704389572,0.9611709713935852,0.8840392827987671,0.21502604166666667,0.11533203125
0,0.11499849706888199,0.9922744631767273,0.9394705891609192,0.180517578125,0.14935872395833333
0,0.07498037070035934,0.9906237721443176,0.9167081117630005,0.13364583333333332,0.06349609375
0,0.11453061550855637,0.9689738154411316,0.8902942538261414,0.189423828125,0.151162109375
0,0.22354349493980408,0.9952999353408813,0.9608790278434753,0.406256,0.3769013333333333
0,0.07415620982646942,0.9845160245895386,0.9505002498626709,0.13245646158854166,0.098541259765625
0,0.0008863111143000424,0.046899255365133286,0.010652512311935425,0.0,0.0
0,0.030931711196899414,0.9505029916763306,0.6428709626197815,0.059641520182291664,0.012949625651041666
0,0.12536856532096863,0.9970073103904724,0.9751516580581665,0.19581095377604166,0.08385213216145833
0,0.02984158881008625,0.9874235987663269,0.7606452703475952,0.053619384765625,0.0
0,0.06819631904363632,0.9527502655982971,0.8534248471260071,0.13579305013020834,0.09992472330729167
0,0.12242155522108078,0.9970073103904724,0.9394705891609192,0.2197442084942085,0.07884169884169884
0,0.5380886197090149,0.9992734789848328,0.9951514005661011,0.7474082341269841,0.8215451388888889
0,0.23234005272388458,0.9936856627464294,0.9590010046958923,0.401638300816383,0.25361007333610075
0,0.002141636563464999,0.20930801331996918,0.03185945749282837,0.00047202797202797203,0.0
0,0.006103768479079008,0.9758085012435913,0.09825396537780762,0.008562841530054644,0.0
0,0.0018711049342527986,0.8946054577827454,0.017917344346642494,0.00255233725265271,0.0
0,0.0018617737805470824,0.6080123782157898,0.03406893461942673,0.001585826314260819,0.0
0,0.12653718888759613,0.9894702434539795,0.9401335716247559,0.23079017748601993,0.11582300024313154
0,0.1838076263666153,0.9946358799934387,0.9708540439605713,0.2835530679933665,0.20666666666666667
0,0.3085988461971283,0.9977916479110718,0.9780097603797913,0.4610673325934147,0.4463651498335183
0,0.1638750433921814,0.997739315032959,0.9783433079719543,0.2598236331569665,0.19619488536155202
0,0.1498570591211319,0.9960699081420898,0.9489172697067261,0.250859649122807,0.15145175438596492
0,0.20862023532390594,0.9963783621788025,0.9682013392448425,0.32827570921985816,0.2826551418439716
0,0.06544379144906998,0.9544779658317566,0.7889086008071899,0.1365346975088968,0.053754448398576515
0,0.5497742295265198,0.992452085018158,0.9799765348434448,0.7624922969750556,0.8150637676499746
0,0.1507423222064972,0.9917803406715393,0.9392480850219727,0.2540709617180205,0.23023342670401495
0,0.057181768119335175,0.9880388379096985,0.9158946871757507,0.09284646948601788,0.05853751096985366
0,0.22499960660934448,0.9800912737846375,0.952397346496582,0.34789165897199137,0.29572689032522825
0,0.08424453437328339,0.998095691204071,0.9621787071228027,0.13923044217687075,0.07069727891156463
0,0.10700597614049911,0.9637799859046936,0.8552476763725281,0.21267241379310345,0.09986590038314176
0,0.08199488371610641,0.992061972618103,0.9277569651603699,0.14243827160493827,0.05007558578987151
0,0.032156720757484436,0.9843363761901855,0.6679062247276306,0.05790625,0.0
0,0.17486955225467682,0.9984145164489746,0.9764904975891113,0.27725625,0.2579958333333333
0,0.05238800868391991,0.9712384939193726,0.8153809905052185,0.09382291666666667,0.03945625
0,0.06200885772705078,0.8226170539855957,0.38902416825294495,0.16638020833333333,0.0
0,0.25715160369873047,0.998816728591919,0.9895481467247009,0.4373139401086774,0.4466133516782756
0,0.02692803554236889,0.9760836362838745,0.8902942538261414,0.038686116536458336,0.029001871744791668
0,0.0014141012215986848,0.07737810909748077,0.01750955730676651,0.0,0.0
0,0.2733347415924072,0.9947186708450317,0.9837831854820251,0.39263916015625,0.3747762044270833
0,0.35498857498168945,0.9959927201271057,0.9865716695785522,0.503509521484375,0.5238037109375
0,0.21935595571994781,0.9906237721443176,0.9723097085952759,0.33251953125,0.3183390299479167
0,0.24178574979305267,0.9942697286605835,0.9734938144683838,0.3751424153645833,0.3454691569010417
0,0.07068713009357452,0.9893062710762024,0.892375111579895,0.12165323893229167,0.056365966796875
0,0.2579178810119629,0.996160626411438,0.9849256873130798,0.3464762369791667,0.32952880859375
0,0.00264856219291687,0.041852131485939026,0.01005120575428009,0.0,0.0
0,0.000654007715638727,0.022158870473504066,0.004101929254829884,0.0,0.0
0,0.0009349964675493538,0.04795810207724571,0.005139610730111599,0.0,0.0
0,0.28977200388908386,0.997065007686615,0.9909797310829163,0.4133504231770833,0.436614990234375
0,0.05826723948121071,0.9504110217094421,0.8164063692092896,0.11175537109375,0.054463704427083336
0,0.03574208915233612,0.982624351978302,0.8444089889526367,0.06403605143229167,0.026255289713541668
0,0.026260947808623314,0.9039745330810547,0.4903407692909241,0.056325276692708336,0.0
0,0.006039896979928017,0.5792814493179321,0.098068967461586,0.008453369140625,0.0
0,0.22809459269046783,0.9994683861732483,0.994401752948761,0.3150126139322917,0.252410888671875
0,0.001133078127168119,0.03796369582414627,0.009670992381870747,0.0,0.0
0,0.0010452986462041736,0.332093745470047,0.011687257327139378,0.0006103515625,0.0
0,0.17633605003356934,0.9878996014595032,0.9240006804466248,0.3262125651041667,0.24010213216145834
0,0.0031696849036961794,0.29828691482543945,0.03594832494854927,0.00067138671875,0.0
0,0.07386080175638199,0.8844391107559204,0.7858021259307861,0.15593465169270834,0.07161458333333333
0,0.04621003940701485,0.9046505093574524,0.7109264135360718,0.07271321614583333,0.0
0,0.018449237570166588,0.9175984263420105,0.4661064147949219,0.036112467447916664,0.0
0,0.03514442965388298,0.9900636076927185,0.9132086038589478,0.053446451822916664,0.027109781901041668
0,0.10063426941633224,0.9916195869445801,0.9663469791412354,0.15633138020833334,0.12220255533854167
0,0.0003623295633587986,0.03271312266588211,0.004231587052345276,0.0,0.0
0,0.27796420454978943,0.9922744631767273,0.9689738154411316,0.4131571451822917,0.3765462239583333
0,0.08196152001619339,0.9954615235328674,0.9648551344871521,0.11943562825520833,0.117767333984375
0,0.0013057156465947628,0.06754669547080994,0.008644177578389645,0.0,0.0
0,0.03377912938594818,0.9865716695785522,0.7923036217689514,0.057200113932291664,0.013529459635416666
0,0.09242264181375504,0.9975844621658325,0.9896317720413208,0.13096110026041666,0.08089192708333333
0,0.31218332052230835,0.995372474193573,0.9785480499267578,0.402862548828125,0.412994384765625
0,0.001303364522755146,0.024750972166657448,0.005685907322913408,0.0,0.0
0,0.011008378118276596,0.8638516664505005,0.35385453701019287,0.020792643229166668,0.0
0,0.07779204845428467,0.986151397228241,0.8936811685562134,0.15178426106770834,0.0811767578125
0,0.0019682450219988823,0.17681369185447693,0.015845362097024918,0.0003153483072916667,0.0
0,0.005656284745782614,0.8127187490463257,0.11299101263284683,0.009379069010416666,0.0
0,0.3343503177165985,0.9950370192527771,0.9791954755783081,0.4571533203125,0.4800008138020833
0,0.12131255865097046,0.9892648458480835,0.965833306312561,0.16569010416666666,0.14140828450520834
0,0.2874462902545929,0.9877586960792542,0.9685006141662598,0.4374186197916667,0.4328206380208333
0,0.09953587502241135,0.9980807304382324,0.9515040516853333,0.14098103841145834,0.12476603190104167
0,0.11921647936105728,0.9735944867134094,0.9217811226844788,0.19980875651041666,0.17293294270833334
0,0.006955011282116175,0.9797840118408203,0.11675798147916794,0.009806315104166666,0.0
0,0.03396594896912575,0.9697853922843933,0.8783142566680908,0.050506591796875,0.037892659505208336
0,0.0330374501645565,0.9836598634719849,0.8554820418357849,0.050343831380208336,0.021443684895833332
0,0.0008550892234779894,0.04360952600836754,0.004663655534386635,0.0,0.0
0,0.00230548158288002,0.11696558445692062,0.03167862817645073,0.0,0.0
0,0.009534609504044056,0.9575167298316956,0.15765489637851715,0.012583414713541666,0.0
0,0.08426130563020706,0.9798997044563293,0.9049869179725647,0.14800008138020834,0.06297810872395833
0,0.16067522764205933,0.9388007521629333,0.8723440766334534,0.3562825520833333,0.2834981282552083
0,0.22823011875152588,0.9949001669883728,0.9813096523284912,0.3320210774739583,0.3168131510416667
0,0.0285410825163126,0.766992449760437,0.45653000473976135,0.06694539388020833,0.0
0,0.07309053093194962,0.9783433079719543,0.9068183302879333,0.13515218098958334,0.1055908203125
0,0.22503267228603363,0.9949199557304382,0.970520555973053,0.3551432291666667,0.3250834147135417
0,0.007636470254510641,0.9003546833992004,0.12787029147148132,0.010701497395833334,0.0
0,0.013658043928444386,0.8899121284484863,0.23353151977062225,0.019012451171875,0.0
0,0.04538680613040924,0.9877113699913025,0.9001793265342712,0.07389322916666667,0.06085205078125
0,0.0985490083694458,0.9682013392448425,0.8801805377006531,0.19275919596354166,0.09208170572916667
0,0.0023351043928414583,0.10484336316585541,0.021165620535612106,0.0,0.0
0,0.002002220368012786,0.08601588010787964,0.012431650422513485,0.0,0.0
0,0.17711122334003448,0.9819099307060242,0.9511421918869019,0.3401285807291667,0.2969767252604167
0,0.002611262956634164,0.26151949167251587,0.03302355110645294,0.000213623046875,0.0
0,0.1283172369003296,0.9569571614265442,0.8572908639907837,0.2526753743489583,0.128662109375
0,0.05972672998905182,0.9719393253326416,0.8870030641555786,0.10492960611979167,0.06739298502604167
0,0.021699821576476097,0.6246370077133179,0.2995086908340454,0.047434488932291664,0.0
0,0.05950328707695007,0.9960699081420898,0.9477691650390625,0.09029134114583333,0.05108642578125
0,0.07606786489486694,0.9856076240539551,0.9539660811424255,0.11719767252604167,0.07286580403645833
0,0.018449371680617332,0.8955226540565491,0.3396020233631134,0.040120442708333336,0.0
0,0.01365333329886198,0.8777913451194763,0.16384240984916687,0.018747965494791668,0.0
0,0.19661174714565277,0.9806919097900391,0.9586926698684692,0.2840067545572917,0.2701822916666667
0,0.0016661187401041389,0.0676698163151741,0.014840708114206791,0.0,0.0
0,0.02827681601047516,0.9939730763435364,0.8746104836463928,0.044708251953125,0.011037190755208334
0,0.49489304423332214,0.996364176273346,0.9912548065185547,0.5481058756510416,0.5532633463541666
0,0.155547097325325,0.9928231239318848,0.9518632292747498,0.24509684244791666,0.18770345052083334
0,0.29106396436691284,0.9959298968315125,0.9849274158477783,0.4035135904947917,0.4110819498697917
0,0.015099161304533482,0.9882221817970276,0.3738621175289154,0.015909830729166668,0.0
0,0.05995499715209007,0.9900250434875488,0.9015746116638184,0.099822998046875,0.06840006510416667
0,0.46212005615234375,0.9934611320495605,0.982624351978302,0.62432861328125,0.6790568033854166
0,0.193803608417511,0.9982725381851196,0.9842759370803833,0.26361083984375,0.24232991536458334
0,0.015916572883725166,0.9621787071228027,0.2404177486896515,0.031789143880208336,0.0
0,0.008921992965042591,0.8552476763725281,0.1141708493232727,0.009379069010416666,0.0
0,0.3260146677494049,0.9973165392875671,0.9761732220649719,0.5251057942708334,0.6096394856770834
0,0.6192790269851685,0.9974589943885803,0.9920926690101624,0.7122904459635416,0.7252197265625
0,0.2339581996202469,0.9902161359786987,0.9547319412231445,0.3895670572916667,0.4078470865885417
0,0.2854671776294708,0.9957684278488159,0.973036527633667,0.4339701334635417,0.4652811686197917
0,0.011574402451515198,0.8201815485954285,0.15304215252399445,0.021402994791666668,0.0
0,0.037065014243125916,0.9843964576721191,0.7162156105041504,0.069091796875,0.0
0,0.12530170381069183,0.9813822507858276,0.934155285358429,0.201751708984375,0.175384521484375
0,0.0019850884564220905,0.4093388319015503,0.026353850960731506,0.0005289713541666666,0.0
0,0.006690105423331261,0.9274948239326477,0.0650087296962738,0.005238850911458333,0.0
0,0.38710156083106995,0.9956516623497009,0.9885361194610596,0.5022176106770834,0.533477783203125
0,0.1559954434633255,0.9963071346282959,0.9724132418632507,0.22490437825520834,0.20859781901041666
0,0.08396892994642258,0.8893368244171143,0.7040523290634155,0.20643107096354166,0.23370361328125
0,0.24619877338409424,0.9771973490715027,0.949669361114502,0.39691162109375,0.38458251953125
0,0.10412689298391342,0.9851576089859009,0.92205810546875,0.18751017252604166,0.10467529296875
0,0.30244556069374084,0.9905142784118652,0.9690910577774048,0.4386494954427083,0.44244384765625
0,0.1914249211549759,0.9933846592903137,0.9771101474761963,0.31427001953125,0.2601420084635417
0,0.1074153259396553,0.9941118359565735,0.9616780281066895,0.1617431640625,0.12548828125
0,0.041985150426626205,0.9754835963249207,0.8796614408493042,0.07159423828125,0.021647135416666668
0,0.1828494817018509,0.9947595000267029,0.9740919470787048,0.2826029459635417,0.2995198567708333
0,0.23096878826618195,0.9971771240234375,0.9797453284263611,0.345245361328125,0.3374532063802083
0,0.2732333540916443,0.9986114501953125,0.9848692417144775,0.4032084147135417,0.4722696940104167
0,0.20087037980556488,0.9837850332260132,0.9622496962547302,0.3459065755208333,0.2860921223958333
0,0.04209500551223755,0.9105454087257385,0.5635563731193542,0.09580485026041667,0.021525065104166668
0,0.026045173406600952,0.8453050851821899,0.5215243697166443,0.051788330078125,0.0
0,0.15747720003128052,0.9907320141792297,0.9599877595901489,0.2572021484375,0.18748982747395834
0,0.04564148187637329,0.9731387495994568,0.8978691101074219,0.076446533203125,0.052622477213541664
0,0.006572280079126358,0.5218366980552673,0.1005195677280426,0.008636474609375,0.0
0,0.11458941549062729,0.9856076240539551,0.9642541408538818,0.16632080078125,0.14129638671875
0,0.12987719476222992,0.9710193276405334,0.9205042719841003,0.22175089518229166,0.16628011067708334
0,0.32840028405189514,0.9978510141372681,0.9895904660224915,0.462158203125,0.517364501953125
0,0.051663290709257126,0.9567959308624268,0.5275539755821228,0.135284423828125,0.10504150390625
0,0.033799778670072556,0.9991474151611328,0.9217768907546997,0.050313313802083336,0.014536539713541666
0,0.02287454344332218,0.9790757894515991,0.8229018449783325,0.0352783203125,0.008127848307291666
0,0.6894517540931702,0.9980881810188293,0.9933589100837708,0.8558858235677084,0.944793701171875
0,0.01104061957448721,0.4093978703022003,0.2075309455394745,0.03143310546875,0.0
0,0.11210606247186661,0.9751545190811157,0.9214990139007568,0.181671142578125,0.175567626953125
0,0.14618967473506927,0.9816303849220276,0.9488224983215332,0.23692830403645834,0.12810262044270834
0,0.028801003471016884,0.9323301911354065,0.33295750617980957,0.072296142578125,0.0
0,0.30430322885513306,0.9973580241203308,0.9885348081588745,0.376861572265625,0.37786865234375
0,0.396947979927063,0.9964619278907776,0.9860442876815796,0.571685791015625,0.6337687174479166
0,0.2518986165523529,0.9993712306022644,0.9964337944984436,0.2980753580729167,0.2961629231770833
0,0.31189414858818054,0.9952077269554138,0.9789151549339294,0.4118754069010417,0.4236246744791667
0,0.37825581431388855,0.9974983334541321,0.9918753504753113,0.48388671875,0.4760030110677083
0,0.07165085524320602,0.9925682544708252,0.9509603977203369,0.092559814453125,0.08836873372395833
0,0.13162624835968018,0.9672250151634216,0.9223425984382629,0.23726399739583334,0.16126505533854166
0,0.28663215041160583,0.9970765113830566,0.9874721169471741,0.4287109375,0.3933614095052083
0,0.1923302859067917,0.9981968998908997,0.9759450554847717,0.29510498046875,0.2583719889322917
0,0.42005300521850586,0.9928508996963501,0.9810219407081604,0.572113037109375,0.5740865071614584
0,0.5113435983657837,0.9970421195030212,0.9929609894752502,0.652618408203125,0.702606201171875
0,0.530601978302002,0.9948603510856628,0.980653703212738,0.7166646321614584,0.8226114908854166
0,0.29061710834503174,0.9974983334541321,0.9832789301872253,0.41351318359375,0.4451497395833333
0,0.658221960067749,0.9980807304382324,0.9949788451194763,0.8065897623697916,0.8738810221354166
0,0.1790497750043869,0.988447368144989,0.969613254070282,0.2840983072916667,0.23734537760416666
0,0.4705711305141449,0.9976769089698792,0.9915544390678406,0.58837890625,0.60028076171875
0,0.39333853125572205,0.9959140419960022,0.9852713346481323,0.5252278645833334,0.5321858723958334
0,0.591331422328949,0.9979966282844543,0.991355836391449,0.7135721842447916,0.757049560546875
0,0.1812080591917038,0.9856629967689514,0.935224711894989,0.3221638997395833,0.24040730794270834
0,0.2299439162015915,0.9967899918556213,0.9687380790710449,0.40185546875,0.4285685221354167
0,0.4055938720703125,0.9938787817955017,0.9846346974372864,0.5409037272135416,0.58447265625
0,0.2743743360042572,0.9882676005363464,0.973087728023529,0.4147847493489583,0.469024658203125
0,0.4259069859981537,0.9980199337005615,0.9867261648178101,0.5626118977864584,0.5688985188802084
0,0.5428550243377686,0.9920926690101624,0.9711290597915649,0.7481180826822916,0.781768798828125
0,0.3263358175754547,0.9974689483642578,0.9909797310829163,0.4229024251302083,0.43524169921875
0,0.4057157039642334,0.9945095181465149,0.9772841930389404,0.580718994140625,0.6536356608072916
0,0.014457561075687408,0.38341036438941956,0.18653477728366852,0.026621500651041668,0.0
0,0.10909774899482727,0.9767580628395081,0.8921873569488525,0.204620361328125,0.105865478515625
0,0.0954793393611908,0.9952632188796997,0.9691477417945862,0.1192626953125,0.11152140299479167
0,0.17579390108585358,0.9997016787528992,0.9976403713226318,0.3708699544270833,0.2534383138020833
0,0.005949863698333502,0.8704872727394104,0.12023206055164337,0.010111490885416666,0.0
0,0.0015840157866477966,0.10521054267883301,0.01829933375120163,0.0,0.0
0,0.002227631863206625,0.20866228640079498,0.030271869152784348,0.00067138671875,0.0
0,0.04092780128121376,0.8918110132217407,0.7472416758537292,0.08269246419270833,0.02734375
0,0.056406598538160324,0.9733928442001343,0.7916600704193115,0.11177571614583333,0.0208740234375
0,0.003850955283269286,0.4845934808254242,0.03554439917206764,0.00250244140625,0.0
0,0.0715668722987175,0.9778411984443665,0.9223341941833496,0.12345377604166667,0.08446248372395833
0,0.08127891272306442,0.9519526958465576,0.8800743818283081,0.14628092447916666,0.10493977864583333
0,0.06818908452987671,0.9725192785263062,0.9135223627090454,0.10316975911458333,0.06919352213541667
0,0.0876842737197876,0.957912266254425,0.8960696458816528,0.15660603841145834,0.17356363932291666
0,0.16666243970394135,0.9857181310653687,0.9598374962806702,0.23661295572916666,0.21516927083333334
0,0.018676741048693657,0.6907677054405212,0.2118958979845047,0.033579508463541664,0.0
0,0.022785747423768044,0.9927672147750854,0.8465662598609924,0.031260172526041664,0.014200846354166666
0,0.10844835638999939,0.9978087544441223,0.9513206481933594,0.17988077799479166,0.18035888671875
0,0.09706181287765503,0.9376689791679382,0.8533025979995728,0.199737548828125,0.07765706380208333
0,0.4500935971736908,0.9972955584526062,0.9897116422653198,0.5824076334635416,0.5957234700520834
0,0.07945877313613892,0.9767136573791504,0.9310875535011292,0.111328125,0.10882568359375
0,0.10128302127122879,0.9408984184265137,0.8027055859565735,0.20348103841145834,0.15299479166666666
0,0.09863400459289551,0.9837225079536438,0.9285346269607544,0.16294352213541666,0.1004638671875
0,0.0032772233244031668,0.1535491645336151,0.029816539958119392,0.00250244140625,0.0
0,0.06206515058875084,0.9329437017440796,0.7851439118385315,0.134735107421875,0.11287434895833333
0,0.05505509674549103,0.9956346154212952,0.9667260646820068,0.07633463541666667,0.06622314453125
0,0.05444703996181488,0.9963500499725342,0.9192084670066833,0.09758504231770833,0.042826334635416664
0,0.04955241084098816,0.922062337398529,0.7799828052520752,0.08710734049479167,0.09425862630208333
0,0.009196271188557148,0.34897783398628235,0.16981852054595947,0.024648030598958332,0.0
0,0.002580394735559821,0.290477454662323,0.04031117260456085,0.0017801920572916667,0.0
0,0.0255789402872324,0.5495801568031311,0.21666882932186127,0.034627278645833336,0.0
0,0.4661344289779663,0.999160647392273,0.9945095181465149,0.5285237630208334,0.5296427408854166
0,0.02398189716041088,0.8227594494819641,0.4556766450405121,0.048441569010416664,0.0
0,0.11123073846101761,0.9675332307815552,0.8754647374153137,0.187042236328125,0.15528361002604166
0,0.09255985170602798,0.9929609894752502,0.9761745929718018,0.14034016927083334,0.1103515625
0,0.11442205309867859,0.9758085012435913,0.8207440376281738,0.24662272135416666,0.20100911458333334
0,0.01213959138840437,0.9549844264984131,0.14487324655056,0.012827555338541666,0.0
0,0.32939502596855164,0.997739315032959,0.9929881691932678,0.4333394368489583,0.4366251627604167
0,0.009976617060601711,0.917302668094635,0.18802115321159363,0.01348876953125,0.0
0,0.22318200767040253,0.989591658115387,0.9428234100341797,0.38336181640625,0.311798095703125
0,0.018121445551514626,0.6920179128646851,0.2590694725513458,0.032460530598958336,0.0
0,0.24463947117328644,0.9933071732521057,0.9815244078636169,0.3174947102864583,0.293182373046875
0,0.02311638928949833,0.966092050075531,0.8217561841011047,0.031575520833333336,0.026123046875
0,0.0012277228524908423,0.729616105556488,0.005934066604822874,0.0019938151041666665,0.0
0,0.19641728699207306,0.9960237741470337,0.978260338306427,0.3063151041666667,0.24711100260416666
0,0.000605268229264766,0.029423579573631287,0.005343256052583456,0.0,0.0
0,0.015719113871455193,0.9796676635742188,0.6603914499282837,0.025614420572916668,0.0
0,0.016483517363667488,0.9894295334815979,0.6398418545722961,0.024546305338541668,0.0
0,0.2402464747428894,0.9923043847084045,0.9710743427276611,0.390533447265625,0.3884073893229167
0,0.17389102280139923,0.997285008430481,0.9844563603401184,0.246978759765625,0.20833333333333334
0,0.23572911322116852,0.991355836391449,0.9743860960006714,0.3357442220052083,0.2805379231770833
0,0.021071797236800194,0.9805806875228882,0.6374687552452087,0.033091227213541664,0.0
0,0.01641104370355606,0.9669764637947083,0.6090522408485413,0.028065999348958332,0.0
0,0.014255658723413944,0.9935117363929749,0.5042670369148254,0.017405192057291668,0.0
0,0.02797534316778183,0.9515040516853333,0.6732991337776184,0.055816650390625,0.0
0,0.014455185271799564,0.9722570776939392,0.4843865931034088,0.024983723958333332,0.0
0,0.5142198204994202,0.9926256537437439,0.9716179370880127,0.7278645833333334,0.8130086263020834
0,0.153123676776886,0.9973580241203308,0.9666612148284912,0.2677815755208333,0.2515360514322917
0,0.09326247125864029,0.994401752948761,0.9635727405548096,0.154754638671875,0.08741251627604167
0,0.09001041203737259,0.9975751042366028,0.9811668992042542,0.11737060546875,0.0987548828125
0,0.04103922098875046,0.9888850450515747,0.904308021068573,0.06748453776041667,0.012064615885416666
0,0.20424914360046387,0.9920926690101624,0.972151517868042,0.35467529296875,0.33837890625
0,0.11833886057138443,0.9976032376289368,0.9855521321296692,0.16753133138020834,0.141265869140625
0,0.35156914591789246,0.9941800832748413,0.9776285290718079,0.5199788411458334,0.575408935546875
0,0.580678403377533,0.996160626411438,0.9895904660224915,0.7551981608072916,0.8162333170572916
0,0.44885823130607605,0.996321439743042,0.9879926443099976,0.6476847330729166,0.7083028157552084
0,0.2297300547361374,0.982355535030365,0.9365176558494568,0.3678995768229167,0.348846435546875
0,0.10911675542593002,0.9986853003501892,0.9925393462181091,0.13450113932291666,0.13575236002604166
0,0.10717911273241043,0.9967142343521118,0.9820826053619385,0.13031005859375,0.10369873046875
0,0.29063063859939575,0.9929060935974121,0.9725714921951294,0.4242757161458333,0.4357808430989583
0,0.11464918404817581,0.9780097603797913,0.9061560034751892,0.20717366536458334,0.14453125
0,0.09131211042404175,0.9951325058937073,0.9735944867134094,0.16944376627604166,0.08783976236979167
0,0.0010368586517870426,0.30954527854919434,0.01040710974484682,0.000152587890625,0.0
0,0.09130700677633286,0.9944451451301575,0.957912266254425,0.14476521809895834,0.040608723958333336
0,0.06478942930698395,0.9855521321296692,0.8992984294891357,0.11651041666666667,0.0
0,0.2012932300567627,0.9988027811050415,0.9828891754150391,0.2938541666666667,0.275
0,0.08052139729261398,0.9904035329818726,0.7453927993774414,0.17423502604166666,0.037027994791666664
0,0.0016198571538552642,0.24166834354400635,0.020061803981661797,0.00010172526041666667,0.0
0,0.0051954882219433784,0.9603611826896667,0.061124108731746674,0.0075767551078631465,0.0
0,0.003298214403912425,0.9550683498382568,0.03782128542661667,0.005466052934407365,0.0
0,0.27949270606040955,0.9945095181465149,0.9716179370880127,0.41624378109452737,0.4022927031509121
0,0.4961956739425659,0.9848692417144775,0.9672874808311462,0.7002416666666667,0.7337
0,0.028422744944691658,0.7004852294921875,0.23405630886554718,0.04030740740740741,0.0
0,0.013441940769553185,0.6908720135688782,0.2002447098493576,0.021566666666666668,0.0
0,0.03135410696268082,0.9796676635742188,0.7961720824241638,0.06496944671073444,0.011832808849076186
0,0.01278519257903099,0.9851576089859009,0.18330104649066925,0.030222838061922178,0.0
0,0.0194865670055151,0.9800912737846375,0.7348755598068237,0.030243472460453592,0.020380693729750335
0,0.021897267550230026,0.9494823217391968,0.4481762945652008,0.047190333014441255,0.0
0,0.2816580533981323,0.9980276226997375,0.9846936464309692,0.46797037037037037,0.4416
0,0.08441053330898285,0.9909447431564331,0.9041438698768616,0.18758878741755455,0.09254819888381532
0,0.48024052381515503,0.9982109069824219,0.9923933744430542,0.5785619212962962,0.6037818287037037
0,0.2912157475948334,0.9992417097091675,0.9856076240539551,0.4082792504570384,0.4135489031078611
0,0.3098752796649933,0.9984207153320312,0.9843363761901855,0.42899253731343284,0.40764225746268656
0,0.16484732925891876,0.9993687272071838,0.9843964576721191,0.2715697346132129,0.22785431959345004
0,0.02467378042638302,0.9934357404708862,0.672977864742279,0.041531905594405595,0.006890297202797203
0,0.13111919164657593,0.9983124732971191,0.9547319412231445,0.19836756993006993,0.1441105769230769
0,0.1583486646413803,0.9988752007484436,0.9858821630477905,0.24547482993197278,0.1435809523809524
0,0.04978158697485924,0.9985104203224182,0.8636229038238525,0.08624733475479744,0.011717940907706366
0,0.03941873461008072,0.9995326995849609,0.9240047931671143,0.06096875,0.027066666666666666
0,0.06472966074943542,0.9997884631156921,0.9655121564865112,0.09737523540489643,0.01477165725047081
0,0.25014469027519226,0.9987599849700928,0.9791954755783081,0.39229761646915645,0.4012938725414359
0,0.4027401804924011,0.9975844621658325,0.9718859195709229,0.6382800911494723,0.7425000537437926
0,0.2755835950374603,0.9946568012237549,0.9647224545478821,0.4589288980960056,0.4304826979269155
0,0.14754348993301392,0.982355535030365,0.9257686138153076,0.30318958333333335,0.19350208333333332
0,0.20453064143657684,0.9976218342781067,0.9782188534736633,0.2765631021194605,0.22652938342967244
0,0.04123621806502342,0.9947799444198608,0.8770573139190674,0.06583735521235522,0.027048745173745174
0,0.0242295078933239,0.9985221028327942,0.8525676131248474,0.037858863198458576,0.02024325626204239
0,0.0051954882219433784,0.9603611826896667,0.061124108731746674,0.0075767551078631465,0.0
0,0.003298214403912425,0.9550683498382568,0.03782128542661667,0.005466052934407365,0.0
0,0.2175344079732895,0.9981104135513306,0.9575167298316956,0.46135,0.47025625
0,0.04271155595779419,0.9984330534934998,0.8617722392082214,0.07816533333333334,0.0
0,0.38178694248199463,0.9987305998802185,0.9713473320007324,0.584289077212806,0.6464171374764595
0,0.128902405500412,0.9994115829467773,0.9253649115562439,0.2929967043314501,0.20621939736346517
0,0.028422744944691658,0.7004852294921875,0.23405630886554718,0.04030740740740741,0.0
0,0.1033715233206749,0.9965435862541199,0.9499496221542358,0.18431519699812382,0.06632739212007505
0,0.06472966074943542,0.9997884631156921,0.9655121564865112,0.09737523540489643,0.01477165725047081
0,0.13281923532485962,0.9879462122917175,0.8546422123908997,0.27723965007366536,0.1393969889960406
0,0.04630846530199051,0.9980353713035583,0.8399966359138489,0.08151198762567673,0.012617942768754834
0,0.04736274853348732,0.9996458292007446,0.8889517188072205,0.08842429577464789,0.033481514084507044
0,0.06993318349123001,0.9893062710762024,0.8908652067184448,0.12826142131979695,0.05186548223350254
0,0.004692221060395241,0.7602949142456055,0.06596492975950241,0.004638671875,0.0
0,0.062402237206697464,0.9877586960792542,0.9044768810272217,0.11234537760416667,0.08498128255208333
0,0.008102389983832836,0.6796041131019592,0.103748619556427,0.008219401041666666,0.0
0,0.1886233687400818,0.9925969839096069,0.9764007329940796,0.2635294596354167,0.23516845703125
0,0.24696139991283417,0.9931760430335999,0.9793540239334106,0.3813883463541667,0.3736063639322917
0,0.2987602651119232,0.9920926690101624,0.9735944867134094,0.41912841796875,0.459136962890625
0,0.0019146992126479745,0.7437267899513245,0.020332353189587593,0.0010274251302083333,0.0
0,0.0663139745593071,0.9893062710762024,0.9603589773178101,0.09325154622395833,0.08205159505208333
0,0.45051881670951843,0.9971771240234375,0.9879462122917175,0.6075337727864584,0.6431070963541666
0,0.19913800060749054,0.9912208914756775,0.9713473320007324,0.3117472330729167,0.3080647786458333
0,0.32141435146331787,0.9921537041664124,0.9759464263916016,0.4779764811197917,0.4867757161458333
0,0.33941325545310974,0.9956685304641724,0.9745803475379944,0.53570556640625,0.5875651041666666
0,0.01325928047299385,0.7655933499336243,0.1937568634748459,0.029774983723958332,0.0
0,0.48377928137779236,0.9984145164489746,0.9917163252830505,0.633148193359375,0.716705322265625
0,0.0008656475692987442,0.04724971204996109,0.011201213113963604,0.0,0.0
0,0.23646336793899536,0.9839090704917908,0.9587699174880981,0.3705037434895833,0.3476765950520833
0,0.3035946786403656,0.9952999353408813,0.9858275651931763,0.4326171875,0.4112447102864583
0,0.0022337103728204966,0.18506188690662384,0.01912403479218483,0.00017293294270833334,0.0
0,0.19723062217235565,0.9803186058998108,0.9439706206321716,0.3227945963541667,0.3127950032552083
0,0.028494765982031822,0.9972531199455261,0.9645892381668091,0.032491048177083336,0.020345052083333332
0,0.1247822716832161,0.9856076240539551,0.903283953666687,0.232330322265625,0.21910603841145834
0,0.005076241679489613,0.560312807559967,0.10034840553998947,0.00750732421875,0.0
0,0.028431838378310204,0.9700134992599487,0.8585964441299438,0.042887369791666664,0.017201741536458332
0,0.044740721583366394,0.9838472008705139,0.9289263486862183,0.06266276041666667,0.039866129557291664
0,0.028652861714363098,0.7633073329925537,0.3043486177921295,0.07493082682291667,0.0
0,0.023147931322455406,0.9828232526779175,0.6171475648880005,0.032826741536458336,0.009521484375
0,0.012868277728557587,0.9892648458480835,0.27912843227386475,0.019571940104166668,0.0
0,0.16155332326889038,0.9894295334815979,0.972151517868042,0.2725321451822917,0.18596394856770834
0,0.018949078395962715,0.9561454057693481,0.8161090016365051,0.0250244140625,0.016927083333333332
0,0.0026545412838459015,0.24544657766819,0.03803509101271629,0.00164794921875,0.0
0,0.009295986033976078,0.9510514140129089,0.12210386991500854,0.010182698567708334,0.0
0,0.21701617538928986,0.9908389449119568,0.9738444089889526,0.29693603515625,0.2982584635416667
0,0.36221620440483093,0.996321439743042,0.9752018451690674,0.5392354329427084,0.6007792154947916
0,0.4055645167827606,0.9940658807754517,0.9853278994560242,0.564483642578125,0.5986735026041666
0,0.39188602566719055,0.9968149065971375,0.9841545820236206,0.5545247395833334,0.6257222493489584
0,0.10896024852991104,0.9828232526779175,0.9376689791679382,0.172332763671875,0.125579833984375
0,0.32798632979393005,0.9957518577575684,0.9812749028205872,0.4521687825520833,0.4623819986979167
0,0.02279195375740528,0.9596865773200989,0.6346530914306641,0.041595458984375,0.0
0,0.04889370873570442,0.9598374962806702,0.7948630452156067,0.09410603841145833,0.024576822916666668
0,0.1113557517528534,0.9786311388015747,0.902265727519989,0.23484293619791666,0.1893310546875
0,0.32510215044021606,0.9841545820236206,0.9540517926216125,0.517791748046875,0.5787862141927084
0,0.021781837567687035,0.9966885447502136,0.9093866348266602,0.032663981119791664,0.015024820963541666
0,0.0048680612817406654,0.4365619719028473,0.06632687151432037,0.003204345703125,0.0
0,0.17939038574695587,0.9899476170539856,0.968020498752594,0.2530619303385417,0.22414143880208334
0,0.0022838679142296314,0.04724971204996109,0.022371459752321243,0.0,0.0
0,0.04183099791407585,0.986151397228241,0.9328176975250244,0.058400472005208336,0.044097900390625
0,0.06890486925840378,0.9683213829994202,0.8908652067184448,0.11635335286458333,0.054514567057291664
0,0.06088446453213692,0.9352282881736755,0.8487215638160706,0.11204020182291667,0.10597737630208333
0,0.5018492341041565,0.9946774244308472,0.9870795607566833,0.6117655436197916,0.61578369140625
0,0.49244245886802673,0.9970421195030212,0.986929178237915,0.6092427571614584,0.642425537109375
0,0.355645090341568,0.9970878958702087,0.9852146506309509,0.5914815266927084,0.75006103515625
0,0.006422956008464098,0.3300391733646393,0.14915548264980316,0.014841715494791666,0.0
0,0.020965581759810448,0.9779256582260132,0.8233241438865662,0.032887776692708336,0.018076578776041668
0,0.27305012941360474,0.9852146506309509,0.9635062217712402,0.428253173828125,0.37506103515625
0,0.6289384961128235,0.9972207546234131,0.9876639246940613,0.7948506673177084,0.9309488932291666
0,0.09007108956575394,0.988447368144989,0.9605074524879456,0.124908447265625,0.10978190104166667
0,0.22559870779514313,0.9859364032745361,0.9664738178253174,0.3188578287760417,0.3264973958333333
0,0.4483068883419037,0.9961305856704712,0.9845160245895386,0.584228515625,0.6295064290364584
0,0.07427812367677689,0.9893474578857422,0.9508692026138306,0.10499064127604167,0.07548014322916667
0,0.368088036775589,0.9979731440544128,0.9919379353523254,0.490447998046875,0.4739990234375
0,0.09802857041358948,0.9862046241760254,0.9428234100341797,0.15239461263020834,0.12099202473958333
0,0.3543778359889984,0.9971439242362976,0.9848692417144775,0.50775146484375,0.5670674641927084
0,0.24948541820049286,0.9947186708450317,0.9735944867134094,0.3716939290364583,0.3352559407552083
0,0.13537485897541046,0.9918753504753113,0.9731897711753845,0.19463094075520834,0.18195597330729166
0,0.19559578597545624,0.9879926443099976,0.9637096524238586,0.2921549479166667,0.270843505859375
0,0.041066523641347885,0.929951012134552,0.7856376767158508,0.07243855794270833,0.056009928385416664
0,0.07461269199848175,0.9981251358985901,0.9500414729118347,0.12067667643229167,0.10040283203125
0,0.4838337004184723,0.9881309270858765,0.966663122177124,0.74078369140625,0.8888041178385416
0,0.21409766376018524,0.9946774244308472,0.9783847332000732,0.34686279296875,0.23162841796875
0,0.08197911828756332,0.9571978449821472,0.8645393252372742,0.15746053059895834,0.057139078776041664
0,0.13739900290966034,0.9925682544708252,0.9722570776939392,0.20269775390625,0.176239013671875
0,0.15152257680892944,0.9859364032745361,0.957277774810791,0.24190266927083334,0.16405232747395834
0,0.10795870423316956,0.9866234660148621,0.9530133008956909,0.19394938151041666,0.10204060872395833
0,0.6419639587402344,0.9934611320495605,0.983020007610321,0.9222005208333334,1.0
0,0.09083978086709976,0.9960391521453857,0.9315870404243469,0.158721923828125,0.096893310546875
0,0.34144720435142517,0.9935368895530701,0.9785493016242981,0.4878336588541667,0.4875590006510417
0,0.3293064534664154,0.9979652166366577,0.9898695349693298,0.4287109375,0.3914286295572917
0,0.20449022948741913,0.9981251358985901,0.992452085018158,0.2651468912760417,0.24931844075520834
0,0.24099545180797577,0.9917484521865845,0.9713457226753235,0.3878580729166667,0.3953450520833333
0,0.20197586715221405,0.974190354347229,0.9466953873634338,0.3439127604166667,0.3577677408854167
0,0.39786529541015625,0.9976125955581665,0.9866748452186584,0.653411865234375,0.7440897623697916
0,0.16581664979457855,0.9864678382873535,0.9549003839492798,0.2614949544270833,0.2834269205729167
0,0.1382497102022171,0.979393482208252,0.9280183911323547,0.247650146484375,0.17704264322916666
0,0.5055931210517883,0.9893474578857422,0.9762653708457947,0.7005106608072916,0.7551167805989584
0,0.5394933223724365,0.9985449314117432,0.9920926690101624,0.672943115234375,0.7400614420572916
0,0.5100830793380737,0.9979652166366577,0.9892232418060303,0.6911214192708334,0.7725626627604166
0,0.05829921364784241,0.9771973490715027,0.868934690952301,0.129974365234375,0.08558146158854167
0,0.05542172119021416,0.9935368895530701,0.9038048982620239,0.09156290690104167,0.0177001953125
0,0.6079387664794922,0.9911527037620544,0.9782188534736633,0.8343709309895834,0.9764607747395834
0,0.16059967875480652,0.9944666028022766,0.9728292226791382,0.255096435546875,0.17931111653645834
0,0.39191189408302307,0.9978001713752747,0.9919379353523254,0.5387674967447916,0.5374348958333334
0,0.50514817237854,0.9935867786407471,0.9787126779556274,0.763214111328125,0.8433329264322916
0,0.14309534430503845,0.9921841025352478,0.956550657749176,0.23225911458333334,0.23105875651041666
0,0.11742424964904785,0.9457011222839355,0.8910549879074097,0.20220947265625,0.16192626953125
0,0.0865740105509758,0.9886682629585266,0.9245515465736389,0.15193684895833334,0.059000651041666664
0,0.45868754386901855,0.992452085018158,0.9806178212165833,0.6132710774739584,0.5504150390625
0,0.3053510785102844,0.9901401400566101,0.969668984413147,0.4790751139322917,0.499176025390625
0,0.4087732136249542,0.985496461391449,0.9674102663993835,0.5691324869791666,0.5939432779947916
0,0.44380542635917664,0.9960699081420898,0.986828088760376,0.5752766927083334,0.6015116373697916
0,0.007305157836526632,0.8137569427490234,0.11776275932788849,0.009735107421875,0.0
0,0.544743001461029,0.9985162615776062,0.9899863600730896,0.7203369140625,0.8340555826822916
0,0.21879662573337555,0.9954791069030762,0.9711838364601135,0.331634521484375,0.3233133951822917
0,0.4619884490966797,0.995226263999939,0.9840917587280273,0.6131388346354166,0.65850830078125
0,0.17353661358356476,0.9752018451690674,0.9425067901611328,0.298858642578125,0.24822998046875
0,0.2303859442472458,0.9848692417144775,0.9566342234611511,0.3895467122395833,0.3353373209635417
0,0.11386340856552124,0.981979250907898,0.936051607131958,0.19956461588541666,0.12089029947916667
0,0.0010906063253059983,0.37547746300697327,0.00877809152007103,0.00016276041666666666,0.0
0,0.37238219380378723,0.9977127313613892,0.9889705181121826,0.4959716796875,0.59521484375
0,0.0363551527261734,0.9918753504753113,0.9313377141952515,0.048309326171875,0.030069986979166668
0,0.3745554983615875,0.987129271030426,0.9676556587219238,0.513580322265625,0.5485127766927084
0,0.2032821923494339,0.9975751042366028,0.9786719083786011,0.2703653971354167,0.2914326985677083
0,0.10329947620630264,0.9954615235328674,0.961533784866333,0.16633097330729166,0.16114298502604166
0,0.36718353629112244,0.9943799376487732,0.9810945987701416,0.4994608561197917,0.5683186848958334
0,0.01980125717818737,0.8881781101226807,0.3417988717556,0.037139892578125,0.0
0,0.19361716508865356,0.9759005904197693,0.9461008310317993,0.29833984375,0.3469746907552083
0,0.5284096598625183,0.9974090456962585,0.9896718263626099,0.6973876953125,0.7581685384114584
0,0.5406603217124939,0.9961755275726318,0.9857181310653687,0.7196858723958334,0.766082763671875
0,0.38924774527549744,0.9979411959648132,0.9910145401954651,0.4958699544270833,0.5229288736979166
0,0.044551897794008255,0.9971327781677246,0.9369770884513855,0.06578572591145833,0.039683024088541664
0,0.0014961716951802373,0.35767972469329834,0.016338249668478966,0.001251220703125,0.0
0,0.21394853293895721,0.9961155652999878,0.986929178237915,0.3000895182291667,0.2883809407552083
0,0.5731732845306396,0.9974090456962585,0.993561863899231,0.6352030436197916,0.6266581217447916
0,0.5232184529304504,0.996249258518219,0.9875203371047974,0.678253173828125,0.7265726725260416
0,0.40223243832588196,0.9933071732521057,0.9817706942558289,0.5228983561197916,0.5586039225260416
0,0.08537348359823227,0.9980429410934448,0.9242786765098572,0.14676920572916666,0.11763509114583333
0,0.3138646185398102,0.997285008430481,0.9879926443099976,0.41107177734375,0.407958984375
0,0.6606600284576416,0.9977656602859497,0.9921841025352478,0.82183837890625,0.866485595703125
0,0.280796617269516,0.9887554049491882,0.97359299659729,0.3989054361979167,0.4448140462239583
0,0.36845412850379944,0.9957020878791809,0.9848692417144775,0.5241902669270834,0.5850016276041666
0,0.020114107057452202,0.7126322984695435,0.328957200050354,0.050343831380208336,0.0
0,0.153799906373024,0.9859364032745361,0.949945867061615,0.21641031901041666,0.17940266927083334
0,0.27800801396369934,0.9974290728569031,0.9880388379096985,0.3248189290364583,0.3250325520833333
0,0.1942548006772995,0.9890130758285522,0.9532750844955444,0.3203837076822917,0.3298543294270833
0,0.10080376267433167,0.9972423315048218,0.9726234674453735,0.14927164713541666,0.10929361979166667
0,0.6482400894165039,0.9976403713226318,0.9937580823898315,0.7896830240885416,0.8814188639322916
0,0.04260199889540672,0.9974191188812256,0.8720207810401917,0.07029215494791667,0.0
0,0.3824760615825653,0.9979572296142578,0.9918753504753113,0.4926961263020833,0.5009969075520834
0,0.0389845184981823,0.9862577319145203,0.7980294823646545,0.0755615234375,0.0
0,0.0281669944524765,0.9747251272201538,0.8826242685317993,0.039072672526041664,0.033528645833333336
0,0.09767238050699234,0.9891815781593323,0.9477662444114685,0.16396077473958334,0.12526448567708334
0,0.2203047275543213,0.9955834746360779,0.9526596665382385,0.3658548990885417,0.3505045572916667
0,0.058721840381622314,0.9720456600189209,0.8131597638130188,0.1077880859375,0.029703776041666668
0,0.0035782812628895044,0.1397482007741928,0.04931360110640526,6.103515625e-05,0.0
0,0.25609228014945984,0.9952632188796997,0.9782188534736633,0.3719278971354167,0.252777099609375
0,0.1416817158460617,0.9910838603973389,0.9708540439605713,0.21507771809895834,0.1539306640625
0,0.18325793743133545,0.9965301156044006,0.9752018451690674,0.2647603352864583,0.22993977864583334
0,0.3554999530315399,0.9951514005661011,0.9785480499267578,0.5952046712239584,0.6622517903645834
0,0.17737920582294464,0.9944234490394592,0.9739436507225037,0.23313395182291666,0.20555623372395834
0,0.3819608986377716,0.9972099661827087,0.9838472008705139,0.5004679361979166,0.4925333658854167
0,0.17356298863887787,0.9973785877227783,0.9839090704917908,0.22902425130208334,0.20201619466145834
0,0.0650855079293251,0.9879462122917175,0.8906694650650024,0.11884562174479167,0.094757080078125
0,0.017614562064409256,0.9950562715530396,0.6606968641281128,0.025909423828125,0.0
0,0.1444564014673233,0.9759923219680786,0.9432399272918701,0.22867838541666666,0.15724690755208334
0,0.05373910441994667,0.9854404330253601,0.9219217896461487,0.09368896484375,0.038411458333333336
0,0.018505770713090897,0.9834068417549133,0.3818376958370209,0.036692301432291664,0.0
0,0.6089293956756592,0.9984269142150879,0.9922744631767273,0.7633768717447916,0.830963134765625
0,0.35128113627433777,0.9986801743507385,0.9924813508987427,0.5229899088541666,0.5728658040364584
0,0.2557030916213989,0.9936364889144897,0.9810583591461182,0.3993428548177083,0.3617960611979167
0,0.22419095039367676,0.9942250847816467,0.9811668992042542,0.3718770345052083,0.309234619140625
0,0.2162327617406845,0.9946358799934387,0.9785082340240479,0.3287150065104167,0.2930501302083333
0,0.04546273872256279,0.9954082369804382,0.8769476413726807,0.07588704427083333,0.0
0,0.023141728714108467,0.8893368244171143,0.5674429535865784,0.044565836588541664,0.0
0,0.2381049245595932,0.9913222789764404,0.9768466353416443,0.3477681477864583,0.3386433919270833
0,0.3762528896331787,0.9983124732971191,0.992061972618103,0.4847412109375,0.49493408203125
0,0.07589766383171082,0.9735944867134094,0.8856314420700073,0.1419677734375,0.040629069010416664
0,0.18672369420528412,0.9948603510856628,0.9759464263916016,0.2838033040364583,0.20855712890625
0,0.03574611246585846,0.9706321954727173,0.8050152063369751,0.0615234375,0.0
0,0.0882149413228035,0.9702399373054504,0.9119669198989868,0.13416544596354166,0.12217203776041667
0,0.24702352285385132,0.9918437600135803,0.9796664714813232,0.326263427734375,0.3079121907552083
0,0.25573840737342834,0.9762653708457947,0.942081868648529,0.416107177734375,0.2931722005208333
0,0.24737058579921722,0.9930423498153687,0.9717254042625427,0.3614095052083333,0.3123982747395833
0,0.47226837277412415,0.9976032376289368,0.9894295334815979,0.5959879557291666,0.609375
0,0.3041994273662567,0.9940428137779236,0.9709643721580505,0.4181620279947917,0.4558614095052083
0,0.4328017234802246,0.9986853003501892,0.9910134673118591,0.6014811197916666,0.6639404296875
0,0.1672130823135376,0.9935368895530701,0.9709092378616333,0.22841389973958334,0.203460693359375
0,0.12329050153493881,0.9913892149925232,0.8904848694801331,0.23301188151041666,0.19179280598958334
0,0.007046037819236517,0.9475754499435425,0.13195426762104034,0.010813395182291666,0.0
0,0.7080835700035095,0.9944666028022766,0.988711953163147,0.8293558756510416,0.8608907063802084
0,0.058759260922670364,0.9369805455207825,0.8312800526618958,0.11824544270833333,0.057952880859375
0,0.013998978771269321,0.8304566740989685,0.3083953559398651,0.030782063802083332,0.0
0,0.2563660442829132,0.9952816367149353,0.982557475566864,0.3823140462239583,0.3598836263020833
0,0.08304577320814133,0.9880388379096985,0.9323301911354065,0.136810302734375,0.07182820638020833
0,0.09333127737045288,0.9824904799461365,0.9342753291130066,0.16478474934895834,0.119140625
0,0.0473845899105072,0.966092050075531,0.8213266134262085,0.085662841796875,0.055460611979166664
0,0.12432477623224258,0.9852713346481323,0.9494823217391968,0.20933024088541666,0.14435831705729166
0,0.10351071506738663,0.9949199557304382,0.959075391292572,0.154693603515625,0.12398274739583333
0,0.17939038574695587,0.9899476170539856,0.968020498752594,0.2530619303385417,0.22414143880208334
0,0.06844112277030945,0.966156005859375,0.8781053423881531,0.13752237955729166,0.061767578125
0,0.22468863427639008,0.9843363761901855,0.9567959308624268,0.3743387858072917,0.3888448079427083
0,0.08995655924081802,0.9882221817970276,0.9406808614730835,0.13590494791666666,0.08202107747395833
0,0.06968991458415985,0.9905508756637573,0.8464508652687073,0.12615966796875,0.11924235026041667
0,0.015822634100914,0.9391365647315979,0.40808922052383423,0.0333251953125,0.0
0,0.2126653790473938,0.9912885427474976,0.961243748664856,0.3689778645833333,0.3964029947916667
0,0.06549254804849625,0.9639838933944702,0.8828325867652893,0.11673990885416667,0.075836181640625
0,0.035668909549713135,0.966092050075531,0.8447935581207275,0.058319091796875,0.034149169921875
0,0.0015801669796928763,0.13741667568683624,0.016850078478455544,7.120768229166667e-05,0.0
0,0.09753043204545975,0.9893062710762024,0.9549003839492798,0.18224080403645834,0.059641520182291664
0,0.14528854191303253,0.996434211730957,0.9788343906402588,0.20198567708333334,0.16383870442708334
0,0.04193796217441559,0.9867261648178101,0.8958821296691895,0.06861368815104167,0.032765706380208336
0,0.014927752315998077,0.8503443598747253,0.3108910024166107,0.028554280598958332,0.0
0,0.004018965642899275,0.4843343496322632,0.05449685826897621,0.0031229654947916665,0.0
0,0.044953007251024246,0.9627432227134705,0.7926151156425476,0.08131917317708333,0.0
0,0.3027733862400055,0.9951702952384949,0.9802808165550232,0.4587910970052083,0.5573628743489584
0,0.1637679487466812,0.9878996014595032,0.9537081718444824,0.274200439453125,0.269775390625
0,0.012042730115354061,0.9205042719841003,0.2510908842086792,0.019256591796875,0.0
0,0.03589537367224693,0.9849274158477783,0.8519490361213684,0.061869303385416664,0.0
0,0.1905658096075058,0.9985785484313965,0.9795506000518799,0.2961527506510417,0.21358235677083334
0,0.0535040907561779,0.997065007686615,0.9670388102531433,0.07762654622395833,0.027099609375
0,0.003279667580500245,0.27125170826911926,0.03283695876598358,0.0009663899739583334,0.0
0,0.020867569372057915,0.9238675236701965,0.5821329355239868,0.037862141927083336,0.0
0,0.09555631875991821,0.9982317090034485,0.8895288109779358,0.19860208333333335,0.0624625
0,0.10062332451343536,0.9930423498153687,0.95735764503479,0.149619140625,0.125634765625
0,0.09654401987791061,0.9968763589859009,0.9294365644454956,0.17076619466145834,0.06330362955729167
0,0.0038508812431246042,0.9712929129600525,0.03926949203014374,0.00536986301369863,0.0
0,0.046366963535547256,0.9939024448394775,0.9069831967353821,0.0766392694063927,0.03773972602739726
0,0.20203706622123718,0.9938309192657471,0.975623369216919,0.3373443223443223,0.26284798534798537
0,0.10620495676994324,0.9871788024902344,0.9437636137008667,0.18904085257548844,0.08704706927175844
0,0.14638380706310272,0.9993067979812622,0.9635069370269775,0.23879360465116278,0.14434593023255815
0,0.2849920392036438,0.9893474578857422,0.9531008005142212,0.45840355805243443,0.46539794007490637
0,0.8001582622528076,0.9964619278907776,0.9903290271759033,0.8943925925925926,0.906862962962963
0,0.2909514605998993,0.9982993006706238,0.9769347906112671,0.43387984981226535,0.4373237380058406
0,0.047335490584373474,0.9581479430198669,0.7772998809814453,0.0884375,0.0
0,0.16941554844379425,0.9970536231994629,0.9603611826896667,0.2635832660332901,0.2134575888738661
0,0.13497769832611084,0.9983256459236145,0.9781771898269653,0.22687339184378413,0.09896108702548377
0,0.04760439693927765,0.9902538657188416,0.8665847778320312,0.08068601902914975,0.04842736803830071
0,0.1366155445575714,0.9992620348930359,0.9792352318763733,0.20950208333333334,0.1698
0,0.3799217939376831,0.9972637891769409,0.9735944867134094,0.601484521575985,0.6142776735459662
0,0.13647207617759705,0.9997918009757996,0.99703049659729,0.2370742932281394,0.04483892176199868
0,0.28466132283210754,0.994820237159729,0.981979250907898,0.3854520833333333,0.3477895833333333
0,0.19552399218082428,0.9988574981689453,0.9904038906097412,0.29716905444126074,0.2514040114613181
0,0.01736244559288025,0.9064877033233643,0.35848891735076904,0.03054812834224599,0.0
0,0.4614574611186981,0.9992563128471375,0.9941574335098267,0.6339314778645834,0.7129109700520834
0,0.24144721031188965,0.9846936464309692,0.9387973546981812,0.4345703125,0.442047119140625
0,0.06276096403598785,0.983020007610321,0.87428879737854,0.11170450846354167,0.023193359375
0,0.006843738257884979,0.35164499282836914,0.09619008004665375,0.006429036458333333,0.0
0,0.17517916858196259,0.9941347241401672,0.9424007534980774,0.338836669921875,0.2640177408854167
0,0.0960318073630333,0.9990264177322388,0.9860442876815796,0.16248575846354166,0.09593709309895833
0,0.026188351213932037,0.9704086184501648,0.7394054532051086,0.04541015625,0.0
0,0.15553008019924164,0.9892648458480835,0.9588471055030823,0.22716267903645834,0.23016357421875
0,0.22771501541137695,0.9879462122917175,0.9610249400138855,0.3522440592447917,0.3096211751302083
0,0.005635989364236593,0.6152034401893616,0.09619516879320145,0.008107503255208334,0.0
0,0.3871203362941742,0.9984021782875061,0.9918437600135803,0.5196940104166666,0.6226806640625
0,0.06915543973445892,0.994594156742096,0.973743200302124,0.09319051106770833,0.07276407877604167
0,0.32559850811958313,0.9893885254859924,0.9736947417259216,0.4595947265625,0.4659322102864583
0,0.082272969186306,0.9701269268989563,0.7446563243865967,0.19464111328125,0.0
0,0.12546096742153168,0.9871788024902344,0.9294365644454956,0.22193400065104166,0.22865804036458334
0,0.006563013885170221,0.8868131041526794,0.10052486509084702,0.008290608723958334,0.0
0,0.07530424743890762,0.9751545190811157,0.8933094143867493,0.13752237955729166,0.061116536458333336
0,0.12849587202072144,0.9929060935974121,0.9688544273376465,0.20426432291666666,0.16887410481770834
0,0.035668909549713135,0.966092050075531,0.8447935581207275,0.058319091796875,0.034149169921875
0,0.0565015934407711,0.9453993439674377,0.8458112478256226,0.10337320963541667,0.100006103515625
0,0.0017279102467000484,0.3452156186103821,0.018582148477435112,0.0005900065104166666,0.0
0,0.026409829035401344,0.9355823397636414,0.46420225501060486,0.052266438802083336,0.0
0,0.0881907045841217,0.9896718263626099,0.9496665596961975,0.14286295572916666,0.107025146484375
0,0.0375913642346859,0.9290551543235779,0.6390538215637207,0.07450358072916667,0.0
0,0.05814586952328682,0.9497627019882202,0.8217561841011047,0.10877482096354167,0.035919189453125
0,0.0013586427085101604,0.0697949230670929,0.01214576605707407,0.0,0.0
0,0.38469377160072327,0.9929336309432983,0.9829546809196472,0.5521036783854166,0.5574239095052084
0,0.024451782926917076,0.9683213829994202,0.42243432998657227,0.04608154296875,0.0
0,0.004496331792324781,0.9781771898269653,0.05136751011013985,0.005055745442708333,0.0
0,0.001651633414439857,0.13352817296981812,0.02025469020009041,3.0517578125e-05,0.0
0,0.005143952090293169,0.6686639785766602,0.14163367450237274,0.010894775390625,0.0
0,0.09885575622320175,0.9895108342170715,0.9203612804412842,0.17939249674479166,0.10599772135416667
0,0.0554659403860569,0.9464978575706482,0.8127187490463257,0.11928304036458333,0.06278483072916667
0,0.008563924580812454,0.9690324664115906,0.19358611106872559,0.012186686197916666,0.0
0,0.002604573965072632,0.840520977973938,0.020253527909517288,0.00177001953125,0.0
0,0.04675114527344704,0.9676556587219238,0.7521891593933105,0.08356730143229167,0.038736979166666664
0,0.016327250748872757,0.8985886573791504,0.4005095958709717,0.02716064453125,0.0
0,0.0016435906291007996,0.32316645979881287,0.018833130598068237,9.1552734375e-05,0.0
0,0.017907660454511642,0.8984104990959167,0.46941250562667847,0.034678141276041664,0.0
0,0.030761128291487694,0.9759464263916016,0.7636600732803345,0.054311116536458336,0.012583414713541666
0,0.0011755648301914334,0.06928940862417221,0.00677120964974165,0.0,0.0
0,0.0008738898322917521,0.0235992930829525,0.004609572235494852,0.0,0.0
0,0.07198144495487213,0.9731387495994568,0.8904848694801331,0.12517293294270834,0.082794189453125
0,0.003967149183154106,0.39899173378944397,0.0497734472155571,0.0012003580729166667,0.0
0,0.3905927240848541,0.9942474365234375,0.9795506000518799,0.5790303548177084,0.5832417805989584
0,0.054854243993759155,0.996249258518219,0.9019206762313843,0.09429931640625,0.0201416015625
0,0.07086027413606644,0.9923638105392456,0.9053223133087158,0.13221232096354166,0.036448160807291664
0,0.5114820599555969,0.9967013001441956,0.9910492897033691,0.6873982747395834,0.8072001139322916
0,0.6164282560348511,0.9987257122993469,0.9948403239250183,0.7763468424479166,0.8390604654947916
0,0.003407782642170787,0.8714748620986938,0.019530117511749268,0.0037027994791666665,0.0
0,0.007971537299454212,0.7043635845184326,0.10594828426837921,0.008941650390625,0.0
0,0.10185614228248596,0.9902538657188416,0.9436599016189575,0.153961181640625,0.152496337890625
0,0.0974041000008583,0.976802408695221,0.8985886573791504,0.242889404296875,0.0260009765625
0,0.06414864212274551,0.9706321954727173,0.8773717284202576,0.113922119140625,0.0380859375
0,0.0430968701839447,0.8164063692092896,0.6088249087333679,0.104400634765625,0.0
0,0.2799514830112457,0.9819446802139282,0.9518632292747498,0.4915669759114583,0.527984619140625
0,0.02710663713514805,0.9605836272239685,0.505053699016571,0.052256266276041664,0.0
0,0.04732607677578926,0.9432430863380432,0.8565725088119507,0.08034261067708333,0.038187662760416664
0,0.13702808320522308,0.9795506000518799,0.9499486684799194,0.24424235026041666,0.10945638020833333
0,0.22884535789489746,0.992061972618103,0.966156005859375,0.3995869954427083,0.3550821940104167
0,0.29038938879966736,0.9923043847084045,0.9747251272201538,0.388916015625,0.3720499674479167
0,0.18457873165607452,0.9938070178031921,0.9731897711753845,0.293365478515625,0.2614949544270833
0,0.012183536775410175,0.35420963168144226,0.1448696106672287,0.018107096354166668,0.0
0,0.07397216558456421,0.8850365877151489,0.706899106502533,0.181365966796875,0.19523111979166666
0,0.03285985067486763,0.8846385478973389,0.6672528386116028,0.06610107421875,0.038248697916666664
0,0.016854552552103996,0.8495972156524658,0.41827571392059326,0.030537923177083332,0.0
0,0.02788046933710575,0.8402590155601501,0.45534995198249817,0.047159830729166664,0.0
0,0.22005318105220795,0.9943799376487732,0.9718859195709229,0.3601888020833333,0.4318135579427083
0,0.16509050130844116,0.9793540239334106,0.9533619284629822,0.3355000813802083,0.23528035481770834
0,0.011072256602346897,0.7199746966362,0.2255871742963791,0.020802815755208332,0.0
0,0.008045492693781853,0.43512120842933655,0.09219619631767273,0.005544026692708333,0.0
0,0.04805906116962433,0.987375020980835,0.9293122291564941,0.07619222005208333,0.041982014973958336
0,0.09259363263845444,0.9951514005661011,0.9842154383659363,0.12030029296875,0.105377197265625
0,0.0016253003850579262,0.25201570987701416,0.020023442804813385,0.00091552734375,0.0
0,0.0346796028316021,0.7934262752532959,0.4232774078845978,0.07642618815104167,0.0
0,0.021977640688419342,0.786786675453186,0.42172327637672424,0.061808268229166664,0.0
0,0.03484088182449341,0.9263036847114563,0.5942463278770447,0.07584635416666667,0.062255859375
0,0.02871471643447876,0.9639160633087158,0.7304793000221252,0.052581787109375,0.0
0,0.529799222946167,0.9971327781677246,0.9915544390678406,0.6873372395833334,0.7567647298177084
0,0.23051907122135162,0.9896718263626099,0.9685600996017456,0.296844482421875,0.295562744140625
0,0.0274216178804636,0.9359345436096191,0.5783833265304565,0.050740559895833336,0.0
0,0.09724574536085129,0.9682613611221313,0.9217811226844788,0.14829508463541666,0.13151041666666666
0,0.025324830785393715,0.9752489924430847,0.747582733631134,0.037923177083333336,0.016845703125
0,0.055244553834199905,0.9981968998908997,0.9223383665084839,0.09568277994791667,0.07447306315104167
0,0.04129128158092499,0.9562273025512695,0.8834372758865356,0.06146240234375,0.047617594401041664
0,0.0588122196495533,0.9632996320724487,0.8868131041526794,0.10834757486979167,0.031575520833333336
0,0.019066553562879562,0.9931495785713196,0.9007046222686768,0.02947998046875,0.013020833333333334
0,0.04477083683013916,0.937210738658905,0.8480936288833618,0.07564290364583333,0.036061604817708336
0,0.04861362278461456,0.9923043847084045,0.8276889324188232,0.08758541666666667,0.0475125
0,0.04892298951745033,0.9539660811424255,0.39700406789779663,0.07969066666666667,0.0
0,0.12050919979810715,0.9968149065971375,0.9837225079536438,0.16157023111979166,0.12413533528645833
0,0.16135528683662415,0.9998785257339478,0.9618217349052429,0.23626708984375,0.237335205078125
0,0.07058895379304886,0.9975177049636841,0.9716668725013733,0.10490926106770833,0.078582763671875
0,0.01246267557144165,0.9788748621940613,0.756101667881012,0.014404296875,0.012013753255208334
0,0.03860068693757057,0.9644556045532227,0.7618823647499084,0.074737548828125,0.0
0,0.0033825079444795847,0.3988746404647827,0.06336633861064911,0.0028483072916666665,0.0
0,0.41309916973114014,0.9992875456809998,0.9980276226997375,0.4432271321614583,0.4455668131510417
0,0.08597936481237411,0.957277774810791,0.8067004084587097,0.1513972222222222,0.1074
0,0.008778180927038193,0.9726234674453735,0.3048699200153351,0.019230555555555556,0.0
0,0.0023207738995552063,0.9740425944328308,0.017917344346642494,0.0030701754385964912,0.0
0,0.024464352056384087,0.9058233499526978,0.3459886312484741,0.047880859375,0.0
0,0.03803804889321327,0.8608377575874329,0.2839808762073517,0.08931315104166666,0.0
0,0.00703955115750432,0.9832144975662231,0.07159249484539032,0.007327473958333333,0.0
0,0.13065184652805328,0.9735442399978638,0.8852352499961853,0.24890991361579598,0.23430686960098726
0,0.004515050444751978,0.9625324606895447,0.0643000528216362,0.006822916666666666,0.0
0,0.06735964864492416,0.9676556587219238,0.7483522891998291,0.16149275561040266,0.08460167283696696
0,0.05500367656350136,0.9563905000686646,0.7781456112861633,0.10863606770833334,0.041057942708333336
0,0.03406333550810814,0.907967209815979,0.4686420261859894,0.07207824854883678,0.014278531925590749
0,0.13044291734695435,0.974628746509552,0.8656789064407349,0.2507564331093743,0.20567210567210567
0,0.03686097636818886,0.9887987971305847,0.5979019999504089,0.07139322916666667,0.05427083333333333
0,0.05457116663455963,0.9959140419960022,0.8895288109779358,0.083975,0.0210125
0,0.06630532443523407,0.9966885447502136,0.851212203502655,0.12948359073359073,0.019751447876447878
0,0.01565859653055668,0.9890553951263428,0.28239402174949646,0.029327083333333333,0.0
0,0.011805706657469273,0.9922143816947937,0.3336172103881836,0.016485124760076776,0.011333973128598848
0,0.005777893587946892,0.9511421918869019,0.07369627058506012,0.00482725527831094,0.0
0,0.06342865526676178,0.995685338973999,0.9267027974128723,0.09450575815738964,0.04887476007677543
0,0.5328888893127441,0.9940197467803955,0.9824904799461365,0.8089570393374741,0.8259394409937888
0,0.08626769483089447,0.9944666028022766,0.8562121987342834,0.17563947876447877,0.061498552123552125
0,0.09070372581481934,0.8933094143867493,0.6850020289421082,0.22157335907335907,0.07939189189189189
0,0.5214881300926208,0.9936856627464294,0.9778411984443665,0.7102075289575289,0.7618967181467181
0,0.05767638608813286,0.9174507260322571,0.8068526387214661,0.10102840909090909,0.08338636363636363
0,0.014803099445998669,0.9517735838890076,0.39729636907577515,0.02862632635503298,0.0
0,0.08798421919345856,0.9010533690452576,0.7819972634315491,0.20039648824695552,0.1745964316057774
0,0.01749970205128193,0.872347354888916,0.3833561837673187,0.04068686868686869,0.0
0,0.0033174247946590185,0.26894140243530273,0.05223182961344719,0.001659824046920821,0.0
0,0.4277825951576233,0.9939730763435364,0.9840936064720154,0.5770813835300748,0.5800098622306755
0,0.12008307129144669,0.967100977897644,0.8842393159866333,0.26332876085962503,0.3741197988111568
0,0.2571242153644562,0.9959927201271057,0.9857181310653687,0.3429721079103795,0.3028029263831733
0,0.07954411953687668,0.9761291742324829,0.822474479675293,0.16071428571428573,0.0810047619047619
0,0.02192126400768757,0.9911182522773743,0.6541240811347961,0.036484018264840185,0.0
0,0.32755130529403687,0.9912548065185547,0.956063449382782,0.586394187102634,0.6762352406902815
0,0.21213586628437042,0.997285008430481,0.9764012098312378,0.4141552511415525,0.3972511415525114
0,0.0962151512503624,0.9935867786407471,0.9658352136611938,0.2426675724637681,0.21028532608695652
0,0.2907998561859131,0.9856629967689514,0.9394705891609192,0.4912883711628837,0.4929340399293404
0,0.026249868795275688,0.9265698790550232,0.6901373863220215,0.05297098828096133,0.017611618689785807
0,0.5738871097564697,0.9926542043685913,0.972151517868042,0.7898738199907922,0.8797439731424403
0,0.3678162693977356,0.9910838603973389,0.9708540439605713,0.48108601974581355,0.4576492299859998
0,0.16297981142997742,0.997065007686615,0.9555686116218567,0.36826468945203394,0.1918566857955411
0,0.36827945709228516,0.995226263999939,0.9698996543884277,0.5351604744461887,0.51573347287633
0,0.05393514782190323,0.9803186058998108,0.8902942538261414,0.1012724544251756,0.09570491133665432
0,0.3468647003173828,0.9973887801170349,0.9942025542259216,0.3870849609375,0.391754150390625
0,0.09738325327634811,0.9862046241760254,0.8524448275566101,0.16524251302083334,0.16138712565104166
0,0.1872609257698059,0.9856629967689514,0.9635748267173767,0.2836710611979167,0.20957438151041666
0,0.1437307894229889,0.9517735838890076,0.9043130874633789,0.291961669921875,0.18016560872395834
0,0.05577942728996277,0.8537908792495728,0.6225740909576416,0.13637288411458334,0.0
0,0.06859796494245529,0.9460012316703796,0.791176438331604,0.13942464192708334,0.15564982096354166
0,0.08159752935171127,0.9108630418777466,0.7440989017486572,0.1815185546875,0.13922119140625
0,0.012183536775410175,0.35420963168144226,0.1448696106672287,0.018107096354166668,0.0
0,0.07397216558456421,0.8850365877151489,0.706899106502533,0.181365966796875,0.19523111979166666
0,0.007098139729350805,0.6141047477722168,0.18594276905059814,0.015940348307291668,0.0
0,0.0009172828285954893,0.020410308614373207,0.005139610730111599,0.0,0.0
0,0.014924713410437107,0.5160619616508484,0.20401977002620697,0.026224772135416668,0.0
0,0.04445565864443779,0.6373694539070129,0.36840230226516724,0.12492879231770833,0.0
0,0.22363066673278809,0.991455614566803,0.9763091206550598,0.2828165690104167,0.2790323893229167
0,0.10372110456228256,0.9728823304176331,0.896975576877594,0.20442708333333334,0.21174112955729166
0,0.07795755565166473,0.9960391521453857,0.9797065258026123,0.10341389973958333,0.08961995442708333
0,0.03338288143277168,0.9856076240539551,0.7090070247650146,0.058135986328125,0.0
0,0.0017766017699614167,0.2112540602684021,0.019870713353157043,0.000457763671875,0.0
0,0.014359352178871632,0.8080672025680542,0.36329779028892517,0.032745361328125,0.0
0,0.0034443028271198273,0.2820972800254822,0.10248421877622604,0.008371988932291666,0.0
0,0.003891781670972705,0.29624688625335693,0.04031343758106232,0.0017903645833333333,0.0
0,0.5774614810943604,0.9960237741470337,0.9910492897033691,0.6426493326822916,0.6410624186197916
0,0.22598417103290558,0.9933589100837708,0.9814534187316895,0.2888387044270833,0.2954508463541667
0,0.07717766612768173,0.9256342649459839,0.8440198302268982,0.13446044921875,0.122314453125
0,0.4514898359775543,0.9985561966896057,0.9936116337776184,0.5855204264322916,0.6431783040364584
0,0.0408463329076767,0.9838472008705139,0.8702635169029236,0.06879679361979167,0.0230712890625
0,0.11392409354448318,0.9977656602859497,0.9867261648178101,0.14977010091145834,0.15589396158854166
0,0.12825623154640198,0.9827572107315063,0.9547319412231445,0.18943277994791666,0.19913736979166666
0,0.2541877031326294,0.9776285290718079,0.9520419239997864,0.3904317220052083,0.4312337239583333
0,0.03631448373198509,0.9319595694541931,0.7641831040382385,0.07735188802083333,0.049112955729166664
0,0.06914740800857544,0.9501341581344604,0.8564489483833313,0.13658650716145834,0.058848063151041664
0,0.11484157294034958,0.9868786931037903,0.9599877595901489,0.16984049479166666,0.141143798828125
0,0.11461365222930908,0.9849274158477783,0.961243748664856,0.16620890299479166,0.17646280924479166
0,0.36112749576568604,0.9971327781677246,0.9912548065185547,0.4511006673177083,0.4567667643229167
0,0.23584729433059692,0.9820826053619385,0.9603611826896667,0.3338419596354167,0.26483154296875
0,0.1448901891708374,0.985496461391449,0.9678385257720947,0.22967529296875,0.22935994466145834
0,0.13195966184139252,0.9908034801483154,0.9701834917068481,0.17852783203125,0.16753133138020834
0,0.02398376353085041,0.918333888053894,0.5233199000358582,0.046895345052083336,0.023722330729166668
0,0.25289255380630493,0.9889705181121826,0.974773108959198,0.4568277994791667,0.513671875
0,0.0908207893371582,0.9674102663993835,0.9159548878669739,0.15776570638020834,0.14124552408854166
0,0.16635067760944366,0.9193534255027771,0.8554893136024475,0.3469136555989583,0.373077392578125
0,0.2697269022464752,0.9942025542259216,0.9862046241760254,0.3339640299479167,0.337860107421875
0,0.03281942754983902,0.961243748664856,0.8042476177215576,0.056365966796875,0.039662679036458336
0,0.04710198938846588,0.941439151763916,0.8386678695678711,0.08988444010416667,0.047892252604166664
0,0.050825465470552444,0.9537081718444824,0.7757747173309326,0.09937540690104167,0.08076985677083333
0,0.002154060872271657,0.08108212053775787,0.01640303246676922,0.0,0.0
0,0.0008961681742221117,0.04778006672859192,0.005663865711539984,0.0,0.0
0,0.005569757428020239,0.2622745931148529,0.07004895806312561,0.0013936360677083333,0.0
0,0.5238724946975708,0.9910492897033691,0.9819099307060242,0.721282958984375,0.7404886881510416
0,0.3647817373275757,0.986415684223175,0.973993182182312,0.487396240234375,0.4756368001302083
0,0.17309802770614624,0.9848109483718872,0.9498556852340698,0.2637430826822917,0.2603251139322917
0,0.0077120340429246426,0.3809892237186432,0.15546274185180664,0.018402099609375,0.0
0,0.0011462551774457097,0.17852582037448883,0.00970847625285387,7.120768229166667e-05,0.0
0,0.21286658942699432,0.9925682544708252,0.9802041053771973,0.28070068359375,0.2726847330729167
0,0.06583011150360107,0.9820826053619385,0.9245474338531494,0.11104329427083333,0.048166910807291664
0,0.0008294975268654525,0.1367236226797104,0.009973766282200813,0.00016276041666666666,0.0
0,0.017108147963881493,0.9888850450515747,0.824599027633667,0.022532145182291668,0.017862955729166668
0,0.003316703252494335,0.2806163728237152,0.03718467801809311,0.0007425944010416666,0.0
0,0.05161416530609131,0.9530133008956909,0.8079111576080322,0.099609375,0.10343424479166667
0,0.15992404520511627,0.9816303849220276,0.930962085723877,0.23138427734375,0.24848429361979166
0,0.11453727632761002,0.982624351978302,0.9189178347587585,0.175872802734375,0.17167154947916666
0,0.11995145678520203,0.9740919470787048,0.9351099133491516,0.1788330078125,0.197998046875
0,0.01893921196460724,0.9099069833755493,0.5022942423820496,0.0380859375,0.0
0,0.1525634378194809,0.9792352318763733,0.9469902515411377,0.21519978841145834,0.2064208984375
0,0.035970527678728104,0.8533025979995728,0.46632638573646545,0.12384033203125,0.022745768229166668
0,0.01948229782283306,0.8010035157203674,0.4729776978492737,0.04156494140625,0.0
0,0.018437253311276436,0.9435559511184692,0.7725306153297424,0.027659098307291668,0.024363199869791668
0,0.007436390966176987,0.42381569743156433,0.13330236077308655,0.011494954427083334,0.0
0,0.4101203680038452,0.9851576089859009,0.9660280346870422,0.5996195475260416,0.5950724283854166
0,0.03846396133303642,0.9834068417549133,0.8962459564208984,0.054850260416666664,0.048177083333333336
0,0.1537773460149765,0.9920926690101624,0.9473780989646912,0.2587890625,0.2691446940104167
0,0.0017104577273130417,0.42614248394966125,0.022542964667081833,0.0009867350260416667,0.0
0,0.027864759787917137,0.8904848694801331,0.33371055126190186,0.07972208658854167,0.0
0,0.00677553191781044,0.29451921582221985,0.060304317623376846,0.0011698404947916667,0.0
0,0.253264456987381,0.9643214344978333,0.9367494583129883,0.4157307942708333,0.41046142578125
0,0.049140989780426025,0.9551520943641663,0.8030147552490234,0.09468587239583333,0.03375244140625
0,0.005632630083709955,0.6495786309242249,0.13038615882396698,0.010945638020833334,0.0
0,0.010098710656166077,0.6578682065010071,0.16478508710861206,0.017934163411458332,0.0
0,0.03441217541694641,0.918333888053894,0.6339735388755798,0.07600911458333333,0.023396809895833332
0,0.021689429879188538,0.9886682629585266,0.7977049946784973,0.034444173177083336,0.034688313802083336
0,0.01483616977930069,0.9248236417770386,0.4484492242336273,0.028523763020833332,0.0
0,0.007846892811357975,0.32209938764572144,0.09122006595134735,0.0031840006510416665,0.0
0,0.1218625009059906,0.9552357196807861,0.8763140439987183,0.2598470052083333,0.20823160807291666
0,0.005065277684479952,0.3559987545013428,0.06928940862417221,0.003692626953125,0.0
0,0.0015843184664845467,0.06441766768693924,0.02025469020009041,0.0,0.0
0,0.0013511702418327332,0.06693419814109802,0.014063626527786255,0.0,0.0
0,0.01504038367420435,0.9097468256950378,0.47351571917533875,0.023590087890625,0.0
0,0.11530684679746628,0.9446893334388733,0.8776834011077881,0.17655436197916666,0.17472330729166666
0,0.0008590047364123166,0.07737810909748077,0.00854433048516512,0.0,0.0
0,0.0629948303103447,0.9443824291229248,0.8606001138687134,0.119842529296875,0.13728841145833334
0,0.0027798779774457216,0.5806493163108826,0.03832197189331055,0.0042724609375,0.0
0,0.001351887360215187,0.0350126251578331,0.012920473702251911,0.0,0.0
0,0.029172971844673157,0.9784671068191528,0.8109285235404968,0.054768880208333336,0.058878580729166664
0,0.0003248007269576192,0.018689310178160667,0.003197113983333111,0.0,0.0
0,0.003859334858134389,0.8830344080924988,0.06187598779797554,0.004811604817708333,0.0
0,0.003707626136019826,0.7272012233734131,0.04418332502245903,0.0030415852864583335,0.0
0,0.008045492693781853,0.43512120842933655,0.09219619631767273,0.005544026692708333,0.0
0,0.001155747682787478,0.0364251509308815,0.007204769179224968,0.0,0.0
0,0.0024560249876230955,0.5598616600036621,0.02484401874244213,0.00115966796875,0.0
0,0.0011622735764831305,0.22919000685214996,0.013121269643306732,0.000518798828125,0.0
0,0.005063593853265047,0.6843695044517517,0.06325051933526993,0.0014444986979166667,0.0
0,0.001244450337253511,0.0874079167842865,0.014728614129126072,0.0,0.0
0,0.0004860206099692732,0.014957086183130741,0.002540992572903633,0.0,0.0
0,0.0017391769215464592,0.10743748396635056,0.020100237801671028,0.0,0.0
0,0.0007237698882818222,0.07963874191045761,0.007344973739236593,0.0,0.0
0,0.0019015636062249541,0.20705431699752808,0.021739594638347626,0.0006510416666666666,0.0
0,0.001475485390983522,0.42107561230659485,0.012479699216783047,0.0002950032552083333,0.0
0,0.024424364790320396,0.9514138102531433,0.759036123752594,0.041737874348958336,0.035929361979166664
0,0.19883233308792114,0.9965969920158386,0.9899852275848389,0.23516845703125,0.238555908203125
0,0.0009046260383911431,0.09807931631803513,0.006983838975429535,0.0,0.0
0,0.07906941324472427,0.9872773289680481,0.9669140577316284,0.11292521158854167,0.072479248046875
0,0.14622341096401215,0.9948603510856628,0.9700703024864197,0.21479288736979166,0.21113077799479166
0,0.0024279446806758642,0.6159545183181763,0.04401864856481552,0.0037943522135416665,0.0
0,0.001974919345229864,0.9324532747268677,0.022977370768785477,0.00067138671875,0.0
0,0.0017283716006204486,0.3454363942146301,0.031321119517087936,0.0008341471354166666,0.0
0,0.17039960622787476,0.9922744631767273,0.9738429188728333,0.24409993489583334,0.2632039388020833
0,0.08390112966299057,0.9038048982620239,0.7466879487037659,0.21312459309895834,0.14156087239583334
0,0.001302483957260847,0.07978201657533646,0.013955711387097836,0.0,0.0
0,0.0744386538863182,0.9720456600189209,0.8535469174385071,0.150177001953125,0.12715657552083334
0,0.24295397102832794,0.9905508756637573,0.9657707214355469,0.3697408040364583,0.3398335774739583
0,0.001326730358414352,0.1749734729528427,0.025323061272501945,0.000640869140625,0.0
0,0.027249513193964958,0.8137569427490234,0.5802331566810608,0.062652587890625,0.037638346354166664
0,0.0006261784583330154,0.0389750711619854,0.006363573484122753,0.0,0.0
0,0.007088476326316595,0.23231014609336853,0.10575788468122482,0.005645751953125,0.0
0,0.0937996506690979,0.9639838933944702,0.9268352389335632,0.1275634765625,0.1187744140625
0,0.03420738875865936,0.9738444089889526,0.8559679388999939,0.05816650390625,0.051798502604166664
0,0.0024524948094040155,0.9701834917068481,0.017712298780679703,0.004526774088541667,0.0
0,0.024536842480301857,0.6535692811012268,0.33252713084220886,0.057017008463541664,0.0
0,0.003515765070915222,0.4748442471027374,0.12764610350131989,0.010528564453125,0.0
0,0.01711341179907322,0.8782098889350891,0.6437638401985168,0.032521565755208336,0.015909830729166668
0,0.019300106912851334,0.9734938144683838,0.6255319118499756,0.031951904296875,0.009450276692708334
0,0.006212035659700632,0.8473372459411621,0.07081620395183563,0.004353841145833333,0.0
0,0.007660155650228262,0.9555686116218567,0.2726932168006897,0.012186686197916666,0.0
0,0.02995298244059086,0.8628146648406982,0.5228412747383118,0.07567342122395833,0.0
0,0.005008799489587545,0.9502266049385071,0.05769578367471695,0.005594889322916667,0.0
0,0.14441530406475067,0.9814534187316895,0.9278839230537415,0.23748779296875,0.215911865234375
0,0.0005849869921803474,0.08570928126573563,0.0061929901130497456,0.0,0.0
0,0.0014237193390727043,0.0443485863506794,0.008949673734605312,0.0,0.0
0,0.127332404255867,0.9602867364883423,0.9026095867156982,0.22758992513020834,0.23274739583333334
0,0.031986624002456665,0.9988213181495667,0.9930961728096008,0.034566243489583336,0.032430013020833336
0,0.12832604348659515,0.9817357659339905,0.9378969073295593,0.2574361165364583,0.15044148763020834
0,0.0012343126581981778,0.09105828404426575,0.016655122861266136,0.0,0.0
0,0.004796305671334267,0.3747907280921936,0.08850466459989548,0.008280436197916666,0.0
0,0.0033018358517438173,0.4342213571071625,0.051364656537771225,0.0034383138020833335,0.0
0,0.0053761680610477924,0.8384153246879578,0.08913693577051163,0.004791259765625,0.0
0,0.0008618203573860228,0.049958519637584686,0.006666932720690966,0.0,0.0
0,0.008609817363321781,0.7327831387519836,0.14596547186374664,0.0128173828125,0.0
0,0.011063355952501297,0.8600167632102966,0.2753186821937561,0.024943033854166668,0.0
0,0.03990500420331955,0.8128673434257507,0.5137975811958313,0.10319010416666667,0.0
0,0.08182413130998611,0.9658352136611938,0.9196425676345825,0.130462646484375,0.07499186197916667
0,0.0038141340482980013,0.42793452739715576,0.062327608466148376,0.005777994791666667,0.0
0,0.006284936796873808,0.1540575623512268,0.08632347732782364,0.0009765625,0.0
0,0.0045956955291330814,0.9324532747268677,0.07751347869634628,0.006235758463541667,0.0
0,0.2538726031780243,0.9866748452186584,0.9551495909690857,0.4078776041666667,0.35858154296875
0,0.0013227915624156594,0.10502681136131287,0.015543648041784763,0.0,0.0
0,0.030154064297676086,0.9252299070358276,0.6568717956542969,0.059346516927083336,0.0224609375
0,0.000886550813447684,0.022672437131404877,0.005040702875703573,0.0,0.0
0,0.006512094754725695,0.7284586429595947,0.12074641138315201,0.010091145833333334,0.0
0,0.018233424052596092,0.9965569972991943,0.7927756309509277,0.024505615234375,0.013437906901041666
0,0.12757828831672668,0.9667888283729553,0.9133679866790771,0.21331787109375,0.210205078125
0,0.002664310624822974,0.564578652381897,0.04543721675872803,0.0029703776041666665,0.0
0,0.07959603518247604,0.9708540439605713,0.8866109848022461,0.14351399739583334,0.0899658203125
0,0.0008648554794490337,0.0443485863506794,0.005199880339205265,0.0,0.0
0,0.3532603085041046,0.9902161359786987,0.9793922901153564,0.4932047526041667,0.51910400390625
0,0.1569751799106598,0.937325656414032,0.885433554649353,0.2780558268229167,0.24931844075520834
0,0.37374719977378845,0.9817357659339905,0.9567152261734009,0.6851603190104166,0.79034423828125
0,0.01520272996276617,0.9069831967353821,0.4873703122138977,0.034169514973958336,0.0
0,0.037943318486213684,0.8751482367515564,0.5160015821456909,0.08130900065104167,0.0
0,0.01509260293096304,0.9719924926757812,0.7080783247947693,0.02423095703125,0.0
0,0.02329161949455738,0.9500414729118347,0.5074971318244934,0.04754638671875,0.0
0,0.22521154582500458,0.9904775619506836,0.9496665596961975,0.3796590169270833,0.3576558430989583
0,0.010984179563820362,0.8881781101226807,0.17188531160354614,0.016286214192708332,0.0
0,0.017589328810572624,0.8743993639945984,0.48552319407463074,0.033376057942708336,0.0
0,0.0012530297972261906,0.1261378973722458,0.01590639352798462,3.0517578125e-05,0.0
0,0.08841025829315186,0.9928508996963501,0.9449946880340576,0.13297526041666666,0.09968058268229167
0,0.05241899564862251,0.9709643721580505,0.9187722206115723,0.07868448893229167,0.071258544921875
0,0.11138039827346802,0.9872773289680481,0.9455001950263977,0.22337849934895834,0.16399129231770834
0,0.0012993479613214731,0.11536139249801636,0.01652955636382103,0.0,0.0
0,0.003146967152133584,0.24166834354400635,0.06584469974040985,0.000213623046875,0.0
0,0.15015588700771332,0.9660280346870422,0.936051607131958,0.233795166015625,0.22834269205729166
0,0.004645756911486387,0.6098727583885193,0.06991802901029587,0.006622314453125,0.0
0,0.019326161593198776,0.8777913451194763,0.531589925289154,0.037526448567708336,0.0
0,0.1591002643108368,0.9638481140136719,0.9293122291564941,0.2754720052083333,0.2848714192708333
0,0.033046405762434006,0.9844563603401184,0.851706326007843,0.056711832682291664,0.024434407552083332
0,0.0008624764741398394,0.2422056347131729,0.010448625311255455,0.000244140625,0.0
0,0.17813529074192047,0.9822195768356323,0.941972017288208,0.3221435546875,0.22755940755208334
0,0.08532026410102844,0.9465966820716858,0.8453050851821899,0.180450439453125,0.14764404296875
0,0.22949855029582977,0.9955142140388489,0.9634374976158142,0.3775533040364583,0.3189798990885417
0,0.001339609851129353,0.7367795705795288,0.009055264294147491,0.00164794921875,0.0
0,0.34869900345802307,0.9965969920158386,0.9842154383659363,0.464263916015625,0.4724019368489583
0,0.27895233035087585,0.996292769908905,0.9863104820251465,0.370849609375,0.3751118977864583
0,0.0016604921547695994,0.22320769727230072,0.02590654417872429,0.00079345703125,0.0
0,0.2743810713291168,0.9968763589859009,0.9889278411865234,0.333465576171875,0.3341064453125
0,0.126857727766037,0.986415684223175,0.9599125981330872,0.19382731119791666,0.12855021158854166
0,0.22516687214374542,0.995354413986206,0.9792340397834778,0.3407999674479167,0.3072713216145833
0,0.004588423762470484,0.4238753318786621,0.051364656537771225,0.002166748046875,0.0
0,0.0016553614987060428,0.5620262622833252,0.021779922768473625,0.0008036295572916666,0.0
0,0.2050313502550125,0.9961903095245361,0.9683213829994202,0.3260904947916667,0.2449951171875
0,0.06098341941833496,0.9738444089889526,0.9044819474220276,0.10011800130208333,0.032053629557291664
0,0.022941894829273224,0.9567959308624268,0.6276054978370667,0.038309733072916664,0.0
0,0.0031124132219702005,0.9975080490112305,0.014899643138051033,0.003173828125,0.0
0,0.5634481906890869,0.9975370168685913,0.9898303151130676,0.7018839518229166,0.7573140462239584
0,0.31289204955101013,0.996434211730957,0.9858805537223816,0.445587158203125,0.4182637532552083
0,0.1802496463060379,0.9935368895530701,0.9678993225097656,0.29693603515625,0.2947591145833333
0,0.5791223645210266,0.9986060261726379,0.9873262047767639,0.739776611328125,0.8497111002604166
0,0.25199905037879944,0.9946568012237549,0.9774557948112488,0.3736979166666667,0.33746337890625
0,0.03261949494481087,0.9775857925415039,0.8063956499099731,0.051544189453125,0.0
0,0.20394419133663177,0.996292769908905,0.9888850450515747,0.2762247721354167,0.2993265787760417
0,0.5921507477760315,0.9973580241203308,0.990215003490448,0.7237752278645834,0.7468973795572916
0,0.0006898214924149215,0.012527931481599808,0.002889581024646759,0.0,0.0
0,0.020696260035037994,0.9386884570121765,0.6649722456932068,0.0352783203125,0.0
0,0.0005616644048132002,0.049958519637584686,0.0033374049235135317,0.0,0.0
0,0.4156550467014313,0.999140739440918,0.995784342288971,0.5283304850260416,0.4887593587239583
0,0.013377861119806767,0.9314625263214111,0.25963789224624634,0.022013346354166668,0.0
0,0.019106892868876457,0.9097468256950378,0.2735763192176819,0.026656,0.0
0,0.5500814914703369,0.9937100410461426,0.9712384939193726,0.7919733333333333,0.846
0,0.016518956050276756,0.9249592423439026,0.2041831761598587,0.022437333333333333,0.0
0,0.004667773377150297,0.13695430755615234,0.02849004603922367,2.1333333333333335e-05,0.0
0,0.2291501760482788,0.9974491000175476,0.9899086952209473,0.3382771809895833,0.294036865234375
0,0.09358460456132889,0.986929178237915,0.9418684244155884,0.16719563802083334,0.14458211263020834
0,0.02754916436970234,0.9902538657188416,0.8282453417778015,0.04791666666666667,0.010299479166666667
0,0.10882648080587387,0.9976125955581665,0.8420855402946472,0.25448125,0.11303541666666667
0,0.6976582407951355,0.9996849298477173,0.9961155652999878,0.8200323061630219,0.8476292246520875
0,0.024456419050693512,0.9959927201271057,0.9337939620018005,0.03354583333333333,0.024095833333333334
0,0.06259648501873016,0.9796676635742188,0.8335957527160645,0.12074583333333333,0.08379583333333333
0,0.2703917324542999,0.9875203371047974,0.9531880021095276,0.38942414622803645,0.40492245789271486
0,0.0033513542730361223,0.3289604187011719,0.02494025230407715,0.000848346423660475,0.0
0,0.029271088540554047,0.9584600329399109,0.628522515296936,0.05239642184557439,0.0
0,0.01407141424715519,0.9969956874847412,0.29533153772354126,0.019961575408261288,0.0
0,0.022002682089805603,0.9840936064720154,0.4653358459472656,0.038044112498541255,0.0
0,0.16024823486804962,0.9984691739082336,0.9783851504325867,0.25535393258426964,0.14025280898876405
0,0.2254728227853775,0.9760836362838745,0.9127477407455444,0.46075920679886684,0.38891784702549576
0,0.19266125559806824,0.972933828830719,0.9116528034210205,0.3600685714285714,0.3572457142857143
0,0.12007281184196472,0.9993976354598999,0.975623369216919,0.21754560530679934,0.08092039800995025
0,0.004911571275442839,0.42817363142967224,0.1102793738245964,0.008234501347708895,0.0
0,0.010143994353711605,0.49713334441185,0.14390929043293,0.014162112932604736,0.0
0,0.1581750065088272,0.9957848191261292,0.9505956172943115,0.27543478260869564,0.16348861283643892
0,0.5361127853393555,0.9842759370803833,0.9474782943725586,0.8421223316912972,0.9427093596059113
0,0.15040694177150726,0.9595351815223694,0.8420855402946472,0.3467939244663383,0.3594047619047619
0,0.04861128330230713,0.9429286122322083,0.5621771216392517,0.11614971050454921,0.0
0,0.07891073077917099,0.9926826357841492,0.9464978575706482,0.13086633663366337,0.048923267326732675
0,0.04608767852187157,0.9593832492828369,0.7622488737106323,0.0790082304526749,0.042440329218107
0,0.08883345127105713,0.9996169805526733,0.9618217349052429,0.13036036036036036,0.10658886158886159
0,0.044184792786836624,0.9769347906112671,0.8178903460502625,0.0812888806492811,0.04840769579368022
0,0.5858609080314636,0.9968024492263794,0.9890975952148438,0.739587358415675,0.7320563472098458
0,0.06064591929316521,0.9954791069030762,0.9277569651603699,0.09552499188575138,0.06459618089364925
0,0.06272872537374496,0.999160647392273,0.8742920160293579,0.12540208333333333,0.03229791666666667
0,0.33574390411376953,0.9897909760475159,0.9653158187866211,0.5367506889829938,0.6017395980372386
0,0.027773180976510048,0.9895513653755188,0.8034823536872864,0.043927718444414406,0.018009553422558694
0,0.08118949085474014,0.9906237721443176,0.9396923184394836,0.13758961397058825,0.10244255514705883
0,0.04307094216346741,0.9803186058998108,0.8648820519447327,0.06443168433451119,0.05366313309776207
0,0.06093086674809456,0.9973165392875671,0.9459012746810913,0.0961027713625866,0.05325731331793687
0,0.5294503569602966,0.9952077269554138,0.9845753908157349,0.7046918405272333,0.7482422361438397
0,0.0009097552974708378,0.07709969580173492,0.012431650422513485,0.0,0.0
0,0.06000639870762825,0.9811307191848755,0.8727816939353943,0.1088832530510119,0.047653089592801255
0,0.0032272562384605408,0.9452984929084778,0.0362882986664772,0.00140380859375,0.0
0,0.34329715371131897,0.9883578419685364,0.9611709713935852,0.50341796875,0.59881591796875
0,0.5361009240150452,0.9932811260223389,0.9836598634719849,0.7549235026041666,0.8818257649739584
0,0.8308126330375671,0.9976310729980469,0.9942250847816467,0.9606424967447916,1.0
0,0.16313640773296356,0.987375020980835,0.9621787071228027,0.24259440104166666,0.19404093424479166
0,0.46486759185791016,0.9956346154212952,0.9834704995155334,0.6366170247395834,0.6976826985677084
0,0.6350485682487488,0.995566189289093,0.9879462122917175,0.7533467610677084,0.7788798014322916
0,0.0434807650744915,0.9718325734138489,0.7905303239822388,0.0860595703125,0.0
0,0.6218862533569336,0.996434211730957,0.9867772459983826,0.8019816080729166,0.85406494140625
0,0.07047010213136673,0.9627432227134705,0.8885597586631775,0.131256103515625,0.028523763020833332
0,0.08105292171239853,0.996434211730957,0.9621075391769409,0.12224324544270833,0.046335856119791664
0,0.16486486792564392,0.9963357448577881,0.9785903096199036,0.25421142578125,0.16596476236979166
0,0.10541125386953354,0.9889278411865234,0.9658352136611938,0.13938395182291666,0.141357421875
0,0.13460201025009155,0.9828232526779175,0.948441743850708,0.23775227864583334,0.25018310546875
0,0.19913269579410553,0.9972099661827087,0.9750598073005676,0.294952392578125,0.3086649576822917
0,0.021433213725686073,0.9388007521629333,0.5643331408500671,0.039052327473958336,0.0
0,0.2567983865737915,0.9968763589859009,0.9787533283233643,0.4146525065104167,0.3840535481770833
0,0.054258715361356735,0.9953363537788391,0.8398575186729431,0.09344482421875,0.030619303385416668
0,0.6525354385375977,0.9962345957756042,0.988447368144989,0.76800537109375,0.7944844563802084
0,0.41758111119270325,0.9976310729980469,0.989180326461792,0.5172119140625,0.562408447265625
0,0.10510880500078201,0.9924813508987427,0.957912266254425,0.1529541015625,0.14580281575520834
0,0.07361146807670593,0.9887987971305847,0.8985886573791504,0.13201904296875,0.025431315104166668
0,0.3377871513366699,0.9959613680839539,0.9849852323532104,0.4726969401041667,0.526641845703125
0,0.49383917450904846,0.9962638020515442,0.9899086952209473,0.649505615234375,0.7711385091145834
0,0.00785346981137991,0.8230441212654114,0.1989918053150177,0.0179443359375,0.0
0,0.01761205680668354,0.9081302285194397,0.5110336542129517,0.034759521484375,0.0
0,0.6153995990753174,0.9981684684753418,0.9926256537437439,0.7607930501302084,0.824432373046875
0,0.2871263027191162,0.9978843331336975,0.9846346974372864,0.4177754720052083,0.4163716634114583
0,0.11025740951299667,0.9886244535446167,0.9336731433868408,0.200927734375,0.10524495442708333
0,0.2969166934490204,0.996570348739624,0.9724670648574829,0.436492919921875,0.398773193359375
0,0.6661936640739441,0.9975844621658325,0.9900250434875488,0.8808390299479166,1.0
0,0.2884133756160736,0.9951702952384949,0.9832789301872253,0.4114481608072917,0.380859375
0,0.1590721756219864,0.9668514132499695,0.9326989054679871,0.3001810709635417,0.24668375651041666
0,0.2508079707622528,0.992061972618103,0.9655115008354187,0.3998311360677083,0.3357950846354167
0,0.5368545055389404,0.9967648983001709,0.9914886951446533,0.6931254069010416,0.7215372721354166
0,0.2113378793001175,0.9878996014595032,0.9660261273384094,0.3645833333333333,0.3248697916666667
0,0.03035365231335163,0.9960699081420898,0.7606399655342102,0.046742757161458336,0.0
0,0.4144587218761444,0.9954261183738708,0.9828232526779175,0.5896504720052084,0.6324055989583334
0,0.2576341927051544,0.9942250847816467,0.9818752408027649,0.3776346842447917,0.2980550130208333
0,0.34504127502441406,0.995354413986206,0.974773108959198,0.497894287109375,0.5225626627604166
0,0.25658324360847473,0.9903663396835327,0.9708540439605713,0.3727315266927083,0.319244384765625
0,0.2767675220966339,0.9802808165550232,0.9473780989646912,0.3946940104166667,0.4298502604166667
0,0.08553638309240341,0.9812029004096985,0.9252299070358276,0.14735921223958334,0.041463216145833336
0,0.3166941702365875,0.9918753504753113,0.9747251272201538,0.49554443359375,0.4641316731770833
0,0.04994836449623108,0.9480584859848022,0.8636148571968079,0.08826700846354167,0.061798095703125
0,0.4138045310974121,0.9931760430335999,0.9767136573791504,0.607574462890625,0.7046915690104166
0,0.0294558834284544,0.8899121284484863,0.5749282836914062,0.052907307942708336,0.0
0,0.6389964818954468,0.995685338973999,0.9902538657188416,0.8008524576822916,0.8759256998697916
0,0.16691507399082184,0.9926542043685913,0.9453993439674377,0.2892862955729167,0.3189595540364583
0,0.004456008318811655,0.41638126969337463,0.04569203034043312,0.0016988118489583333,0.0
0,0.134770005941391,0.994551956653595,0.9430335760116577,0.2695109049479167,0.218719482421875
0,0.3160257339477539,0.994401752948761,0.9771524667739868,0.4525553385416667,0.4975484212239583
0,0.3043554127216339,0.9889705181121826,0.9687380790710449,0.4245402018229167,0.4772135416666667
0,0.034721165895462036,0.9559813141822815,0.6226819157600403,0.07080078125,0.0
0,0.13426192104816437,0.9692660570144653,0.8927496671676636,0.246734619140625,0.132598876953125
0,0.17857323586940765,0.9852713346481323,0.9587699174880981,0.2962748209635417,0.232208251953125
0,0.06040357053279877,0.9740425944328308,0.8526903390884399,0.11878458658854167,0.034708658854166664
0,0.6228514313697815,0.9979169964790344,0.9933846592903137,0.7207132975260416,0.7381591796875
0,0.001300243427976966,0.1127954050898552,0.012722708284854889,0.0,0.0
0,0.22214938700199127,0.9929060935974121,0.9630919694900513,0.357208251953125,0.3858846028645833
0,0.2268267720937729,0.9926256537437439,0.9784671068191528,0.301971435546875,0.2855733235677083
0,0.45139750838279724,0.9898695349693298,0.9753431081771851,0.5766092936197916,0.5927225748697916
0,0.0007547203567810357,0.49122706055641174,0.006050397641956806,0.0003865559895833333,0.0
0,0.0003788027388509363,0.10669060051441193,0.003363492665812373,0.0,0.0
0,0.3056127727031708,0.9833430051803589,0.9643214344978333,0.434844970703125,0.4259745279947917
0,0.3483141362667084,0.9985104203224182,0.9810219407081604,0.5086669921875,0.6135965983072916
0,0.09087737649679184,0.9718325734138489,0.8349459171295166,0.21815999348958334,0.042867024739583336
0,0.3143298625946045,0.9967268705368042,0.9893885254859924,0.3954671223958333,0.3967386881510417
0,0.1515742987394333,0.9993976354598999,0.985042929649353,0.24959309895833334,0.24840291341145834
0,0.26069343090057373,0.985042929649353,0.9610249400138855,0.4058837890625,0.3456013997395833
0,0.1704159826040268,0.974190354347229,0.9429254531860352,0.2818094889322917,0.22676595052083334
0,0.20647938549518585,0.9958011507987976,0.9651191234588623,0.32568359375,0.3273518880208333
0,0.49212121963500977,0.9967013001441956,0.9911516904830933,0.5846354166666666,0.591400146484375
0,0.010094131343066692,0.8657925128936768,0.20164181292057037,0.019765218098958332,0.0
0,0.5529622435569763,0.9944234490394592,0.9870296716690063,0.742095947265625,0.8080240885416666
0,0.2911185324192047,0.9978925585746765,0.9875683188438416,0.39703369140625,0.415008544921875
0,0.667018711566925,0.9979089498519897,0.9934101700782776,0.767974853515625,0.7878011067708334
0,0.21750600636005402,0.9839090704917908,0.9417614340782166,0.370819091796875,0.395172119140625
0,0.1882619857788086,0.9821512699127197,0.9505029916763306,0.2959187825520833,0.301605224609375
0,0.26459524035453796,0.9883127808570862,0.9752489924430847,0.3623758951822917,0.31915283203125
0,0.48150360584259033,0.9879462122917175,0.9740919470787048,0.6896158854166666,0.798828125
0,0.35801568627357483,0.9968024492263794,0.9748676419258118,0.4868265787760417,0.5185546875
0,0.046009551733732224,0.9951136708259583,0.9345147609710693,0.07110595703125,0.023752848307291668
0,0.08259106427431107,0.9411153197288513,0.8241791129112244,0.15711466471354166,0.070556640625
0,0.05973261594772339,0.969613254070282,0.8293538093566895,0.10699462890625,0.0
0,0.09195708483457565,0.9932550191879272,0.9529232382774353,0.15234375,0.13859049479166666
0,0.04532993212342262,0.9780097603797913,0.7984964847564697,0.08365885416666667,0.0
0,0.0041954973712563515,0.7613611221313477,0.06041178107261658,0.004648844401041667,0.0
0,0.40536460280418396,0.993561863899231,0.975623369216919,0.570037841796875,0.6185404459635416
0,0.21575671434402466,0.9870795607566833,0.9561429619789124,0.3462626139322917,0.24900309244791666
0,0.36091843247413635,0.9957352876663208,0.978425920009613,0.4891459147135417,0.55535888671875
0,0.4549926817417145,0.9970878958702087,0.9860442876815796,0.641021728515625,0.692962646484375
0,0.47225120663642883,0.9880388379096985,0.9664738178253174,0.6613972981770834,0.690582275390625
0,0.012977330945432186,0.897335946559906,0.29634565114974976,0.022816975911458332,0.0
0,0.0007479824707843363,0.20481863617897034,0.006240533664822578,4.0690104166666664e-05,0.0
0,0.36425963044166565,0.9885804057121277,0.9734923243522644,0.563873291015625,0.6580708821614584
0,0.6526801586151123,0.9981684684753418,0.9939730763435364,0.750396728515625,0.7898966471354166
0,0.046227116137742996,0.9705764651298523,0.8659024834632874,0.080902099609375,0.07044474283854167
0,0.09017348289489746,0.9711290597915649,0.9094254970550537,0.155181884765625,0.0921630859375
0,0.6605111956596375,0.9978342652320862,0.9933846592903137,0.815521240234375,0.9060160319010416
0,0.006998486816883087,0.95413738489151,0.0753123015165329,0.008209228515625,0.0
0,0.6272776126861572,0.9986489415168762,0.9941118359565735,0.7668660481770834,0.80712890625
0,0.14752036333084106,0.9962345957756042,0.9702399373054504,0.21938069661458334,0.15259806315104166
0,0.0006779402028769255,0.3702253997325897,0.004198795650154352,6.103515625e-05,0.0
0,0.5950953364372253,0.9940658807754517,0.9863088726997375,0.7430318196614584,0.7602945963541666
0,0.372138649225235,0.9941574335098267,0.9764007329940796,0.5283915201822916,0.5805257161458334
0,0.3358330726623535,0.9922744631767273,0.9791557192802429,0.4651997884114583,0.485107421875
0,0.5366190075874329,0.9987792372703552,0.9946358799934387,0.639556884765625,0.6884562174479166
0,0.005667082965373993,0.6673644781112671,0.06359857320785522,0.006764729817708333,0.0
0,0.10536905378103256,0.9960082769393921,0.9726738929748535,0.15610758463541666,0.13568115234375
0,0.0006109140231274068,0.01578456163406372,0.004166255705058575,0.0,0.0
0,0.5673210024833679,0.9971990585327148,0.9923341274261475,0.6386922200520834,0.6351826985677084
0,0.22215843200683594,0.9918121099472046,0.9757161140441895,0.3163350423177083,0.264801025390625
0,0.1308658868074417,0.9791954755783081,0.9264369606971741,0.24659220377604166,0.10832722981770833
0,0.31989625096321106,0.988711953163147,0.9635062217712402,0.4910380045572917,0.5176493326822916
0,0.33731624484062195,0.9943799376487732,0.9777138829231262,0.4998982747395833,0.537261962890625
0,0.0029565237928181887,0.308190256357193,0.05127241834998131,0.001556396484375,0.0
0,0.004528299905359745,0.6109178066253662,0.05877655744552612,0.0026753743489583335,0.0
0,0.04087761417031288,0.9770664572715759,0.8809958100318909,0.06862386067708333,0.022369384765625
0,0.0018267928389832377,0.09585607796907425,0.018761081621050835,0.0,0.0
0,0.004613049793988466,0.8574102520942688,0.034423552453517914,0.0021565755208333335,0.0
0,0.0021843828726559877,0.4402887225151062,0.031321119517087936,0.0022074381510416665,0.0
0,0.3531827926635742,0.9973477125167847,0.9893885254859924,0.44476318359375,0.448699951171875
0,0.011386401951313019,0.8445372581481934,0.12421301752328873,0.010833740234375,0.0
0,0.00304001965560019,0.32071489095687866,0.04594563692808151,0.0012613932291666667,0.0
0,0.4346076548099518,0.9981178045272827,0.9905508756637573,0.55419921875,0.5074055989583334
0,0.23919062316417694,0.9979169964790344,0.9832125902175903,0.3585205078125,0.34375
0,0.075942263007164,0.9957518577575684,0.9549844264984131,0.12111409505208333,0.095550537109375
0,0.0005839295918121934,0.04493164271116257,0.0032730652019381523,0.0,0.0
0,0.4511367380619049,0.9912885427474976,0.9749168753623962,0.6566569010416666,0.7102559407552084
0,0.37612318992614746,0.9971550703048706,0.9906237721443176,0.5314127604166666,0.6298726399739584
0,0.002964169019833207,0.8594279289245605,0.03010033816099167,0.004038492838541667,0.0
0,0.797564685344696,0.9974290728569031,0.9905508756637573,0.9117024739583334,0.9454854329427084
0,0.0006128420936875045,0.034293949604034424,0.004736749455332756,0.0,0.0
0,0.10775694251060486,0.9977481961250305,0.9836598634719849,0.14103190104166666,0.14158121744791666
0,0.06946078687906265,0.9786719083786011,0.9367494583129883,0.116485595703125,0.058614095052083336
0,0.043417807668447495,0.9786719083786011,0.8830283284187317,0.07375081380208333,0.051869710286458336
0,0.008285806514322758,0.7902066707611084,0.15752525627613068,0.0142822265625,0.0
0,0.35329174995422363,0.9938070178031921,0.9821512699127197,0.5002034505208334,0.56243896484375
0,0.2855142652988434,0.9857729077339172,0.967100977897644,0.4202779134114583,0.4521484375
0,0.6840667724609375,0.9973887801170349,0.9931495785713196,0.8064473470052084,0.8370564778645834
0,0.2248890995979309,0.995866060256958,0.9759909510612488,0.3310139973958333,0.3344828287760417
0,0.20997066795825958,0.9930423498153687,0.9716179370880127,0.3167317708333333,0.23321533203125
0,0.08174894005060196,0.9677167534828186,0.9061560034751892,0.140625,0.07657877604166667
0,0.003883309895172715,0.8665847778320312,0.0601937361061573,0.005818684895833333,0.0
0,0.0254844781011343,0.986828088760376,0.7235849499702454,0.044291178385416664,0.0
0,0.5856905579566956,0.9978258013725281,0.9940197467803955,0.71685791015625,0.808319091796875
0,0.34719014167785645,0.9964063763618469,0.982355535030365,0.4751688639322917,0.50897216796875
0,0.07328315079212189,0.9910145401954651,0.9447912573814392,0.10392252604166667,0.08148193359375
0,0.005642605945467949,0.5592900514602661,0.11636175215244293,0.009785970052083334,0.0
0,0.057958394289016724,0.9900636076927185,0.9451974034309387,0.09724934895833333,0.06385294596354167
0,0.04583645239472389,0.9724670648574829,0.6597307920455933,0.0926513671875,0.0
0,0.04618645831942558,0.9935867786407471,0.9680753946304321,0.0726318359375,0.054219563802083336
0,0.001057306071743369,0.13927926123142242,0.00815624836832285,2.0345052083333332e-05,0.0
0,0.12267863005399704,0.9878528118133545,0.9529258608818054,0.19422403971354166,0.14686075846354166
0,0.5548775792121887,0.996292769908905,0.9902915358543396,0.7031758626302084,0.7601216634114584
0,0.3665510416030884,0.9981251358985901,0.9916841983795166,0.4800821940104167,0.5205078125
0,0.31735971570014954,0.9986593723297119,0.9943140745162964,0.4371134440104167,0.4435831705729167
0,0.0010879248147830367,0.26913344860076904,0.011158031411468983,0.00020345052083333334,0.0
0,0.2635699510574341,0.9940428137779236,0.9809845089912415,0.428680419921875,0.4715169270833333
0,0.27696147561073303,0.9938787817955017,0.9812378883361816,0.3812052408854167,0.3632405598958333
0,0.2798689007759094,0.9977916479110718,0.9942474365234375,0.312042236328125,0.31158447265625
0,0.3255729079246521,0.996249258518219,0.9812749028205872,0.4597880045572917,0.49310302734375
0,0.061890292912721634,0.9906237721443176,0.9147487282752991,0.108489990234375,0.01739501953125
0,0.45205017924308777,0.997285008430481,0.9887987971305847,0.5720723470052084,0.612701416015625
0,0.20795440673828125,0.996936559677124,0.9834704995155334,0.3059285481770833,0.3183186848958333
0,0.7365525364875793,0.9954615235328674,0.987375020980835,0.842254638671875,0.8551839192708334
0,0.0847025215625763,0.9105454087257385,0.7277791500091553,0.193450927734375,0.0
0,0.417377233505249,0.996160626411438,0.9898695349693298,0.5142618815104166,0.553558349609375
0,0.6821920871734619,0.9981324076652527,0.9951325058937073,0.8191019694010416,0.8889567057291666
0,0.006682650651782751,0.7869504690170288,0.18053534626960754,0.01531982421875,0.0
0,0.4067622423171997,0.9952077269554138,0.982624351978302,0.578094482421875,0.6111348470052084
0,0.08412659168243408,0.9802808165550232,0.9235922694206238,0.14278157552083334,0.10127766927083333
0,0.07034321874380112,0.9605836272239685,0.9022605419158936,0.12602742513020834,0.039154052734375
0,0.031978558748960495,0.9330658316612244,0.6107419729232788,0.059539794921875,0.0
0,0.2714621126651764,0.9837225079536438,0.9519526958465576,0.44952392578125,0.44329833984375
0,0.35082682967185974,0.9946568012237549,0.9829546809196472,0.4687703450520833,0.45965576171875
0,0.019590800628066063,0.86200350522995,0.46663111448287964,0.041015625,0.0
0,0.021810559555888176,0.9362850189208984,0.5958864688873291,0.045654296875,0.0
0,0.4497864544391632,0.9982993006706238,0.9925393462181091,0.5955098470052084,0.5979715983072916
0,0.0016722114523872733,0.04288223758339882,0.016978038474917412,0.0,0.0
0,0.16179342567920685,0.9843964576721191,0.949669361114502,0.23856608072916666,0.22588094075520834
0,0.5588772296905518,0.9989718198776245,0.9929060935974121,0.76116943359375,0.902862548828125
0,0.18175487220287323,0.9974191188812256,0.9817007184028625,0.247772216796875,0.23740641276041666
0,0.23540930449962616,0.9939730763435364,0.9676538109779358,0.3563028971354167,0.356903076171875
0,0.0074156164191663265,0.8773717284202576,0.08479540795087814,0.007212320963541667,0.0
0,0.06757080554962158,0.9948603510856628,0.937665581703186,0.11774698893229167,0.021779378255208332
0,0.4185168445110321,0.9940428137779236,0.983020007610321,0.6009419759114584,0.6227823893229166
0,0.004387945402413607,0.21386933326721191,0.05845324322581291,0.001434326171875,0.0
0,0.009809439070522785,0.8864204287528992,0.23318208754062653,0.015513102213541666,0.0
0,0.0033763833343982697,0.13466207683086395,0.08818533271551132,0.0012715657552083333,0.0
0,0.02668018639087677,0.9074763655662537,0.6190072894096375,0.052327473958333336,0.0250244140625
0,0.0040520052425563335,0.13546064496040344,0.057918090373277664,6.103515625e-05,0.0
0,0.009600634686648846,0.566138505935669,0.21633751690387726,0.019643147786458332,0.0
0,0.876359760761261,0.998835027217865,0.9967648983001709,0.9813130696614584,1.0
0,0.14373737573623657,0.9878996014595032,0.9568765759468079,0.233612060546875,0.17386881510416666
0,0.009403553791344166,0.9785082340240479,0.1527891606092453,0.013926188151041666,0.0
0,0.01512583065778017,0.9690910577774048,0.4104272127151489,0.029774983723958332,0.0
0,0.0015004122396931052,0.21950475871562958,0.0140095679089427,0.0004984537760416666,0.0
0,0.003337721573188901,0.7375364303588867,0.04084571823477745,0.0025533040364583335,0.0
0,0.017567219212651253,0.9596865773200989,0.6427688598632812,0.027130126953125,0.0
0,0.005794199649244547,0.6223445534706116,0.08866234868764877,0.005706787109375,0.0
0,0.13176269829273224,0.9884026646614075,0.9432430863380432,0.22747802734375,0.16325887044270834
0,0.0248801801353693,0.6834195256233215,0.3869354724884033,0.06467692057291667,0.0
0,0.2425677329301834,0.9687380790710449,0.9329437017440796,0.3651631673177083,0.4031168619791667
0,0.004725832957774401,0.24184732139110565,0.0634823590517044,0.0010579427083333333,0.0
0,0.015069962479174137,0.9840323328971863,0.37885430455207825,0.021779378255208332,0.0
0,0.34891656041145325,0.9978087544441223,0.9822876453399658,0.5061442057291666,0.558746337890625
0,0.06315307319164276,0.9712384939193726,0.8244618773460388,0.12388102213541667,0.055948893229166664
0,0.0029859438072890043,0.49581536650657654,0.040769271552562714,0.0009358723958333334,0.0
0,0.14130884408950806,0.99826580286026,0.9900624752044678,0.17803955078125,0.17872111002604166
0,0.0013482611393555999,0.7157220840454102,0.009020280092954636,0.0008998136856368564,0.0
0,0.02449718676507473,0.9879462122917175,0.7604674100875854,0.03955078125,0.017690022786458332
0,0.025518065318465233,0.9950370192527771,0.8782098889350891,0.034688313802083336,0.02587890625
0,0.03534466400742531,0.988711953163147,0.8846385478973389,0.052022298177083336,0.040130615234375
0,0.03499186784029007,0.9657707214355469,0.7043575048446655,0.07061767578125,0.0
0,0.0013827638467773795,0.03711691126227379,0.012147169560194016,0.0,0.0
0,0.0006440440774895251,0.16478508710861206,0.009268012829124928,2.0345052083333332e-05,0.0
0,0.0027669856790453196,0.12678517401218414,0.044514428824186325,3.0517578125e-05,0.0
0,0.0707547664642334,0.9364014267921448,0.8325091600418091,0.15253702799479166,0.12969970703125
0,0.017621396109461784,0.9431384205818176,0.39127567410469055,0.032684326171875,0.0
0,0.07805921882390976,0.9932550191879272,0.9175984263420105,0.12044339152648371,0.07299848422213036
0,0.2384144812822342,0.9989098310470581,0.9814534187316895,0.3396314814814815,0.27737222222222224
0,0.05013037100434303,0.960212230682373,0.6550050973892212,0.1122942942942943,0.07452252252252252
0,0.03655015677213669,0.9893885254859924,0.8110781908035278,0.06620279947916667,0.0
0,0.32292792201042175,0.9981251358985901,0.9889705181121826,0.5406558185404339,0.5367529585798817
0,0.24823594093322754,0.9985392093658447,0.9717254042625427,0.41199457593688366,0.3977909270216963
0,0.049144111573696136,0.9944666028022766,0.6379357576370239,0.12097342657342658,0.0833006993006993
0,0.028283480554819107,0.9278878569602966,0.7485361695289612,0.04738927738927739,0.0
0,0.00843818299472332,0.8636217713356018,0.2454501986503601,0.012587412587412588,0.008578088578088578
0,0.0007192011107690632,0.19238758087158203,0.007431773468852043,1.1471178663607686e-05,0.0
0,0.0005345731624402106,0.32018324732780457,0.008187909610569477,0.00023262932353841444,0.0
0,0.0030502276495099068,0.9355823397636414,0.03649376332759857,0.0030887185104052574,0.0
0,0.02597258798778057,0.7586894631385803,0.24635200202465057,0.07339770449990891,0.0
0,0.005832306109368801,0.6758716106414795,0.11536139249801636,0.009195136074116966,0.0
0,0.19535215198993683,0.9980276226997375,0.9674102663993835,0.41920416666666666,0.3601375
0,0.2163720726966858,0.9972744584083557,0.9874235987663269,0.3188876392264993,0.2767659543591046
0,0.013542640022933483,0.2546016275882721,0.19406214356422424,0.04556384742951907,0.0
0,0.041828934103250504,0.9504110217094421,0.6197596192359924,0.09764096185737976,0.0
0,0.035982728004455566,0.9901019334793091,0.8682692646980286,0.061969320066334994,0.04142205638474295
0,0.05442080646753311,0.9820826053619385,0.9193534255027771,0.08265339966832504,0.08115257048092869
0,0.10853483527898788,0.9648551344871521,0.8156734108924866,0.20453980099502486,0.18460199004975125
0,0.05784175172448158,0.9896317720413208,0.9377830028533936,0.09736318407960198,0.054303482587064675
0,0.00226474623195827,0.7381031513214111,0.022713162004947662,0.0020650227864583335,0.0
0,0.07412286847829819,0.9933846592903137,0.9596109390258789,0.10286458333333333,0.07505289713541667
0,0.010173148475587368,0.718298077583313,0.17008991539478302,0.015472412109375,0.0
0,0.10355111211538315,0.9711838364601135,0.9066531658172607,0.16825358072916666,0.11649576822916667
0,0.0029146773740649223,0.31499797105789185,0.04122771695256233,0.0031941731770833335,0.0
0,0.12473141402006149,0.9558166265487671,0.8461968302726746,0.24257405598958334,0.256866455078125
0,0.003360056085512042,0.9257686138153076,0.02806073985993862,0.004252115885416667,0.0
0,0.4818134605884552,0.9978510141372681,0.9930152893066406,0.5843404134114584,0.614288330078125
0,0.00225531542673707,0.28826844692230225,0.018797073513269424,0.0003560384114583333,0.0
0,0.0069024693220853806,0.38624244928359985,0.13228347897529602,0.011311848958333334,0.0
0,0.010592310689389706,0.8646537065505981,0.3567659556865692,0.020751953125,0.0
0,0.00229668989777565,0.8216173648834229,0.026657739654183388,0.00213623046875,0.0
0,0.02725529856979847,0.9901019334793091,0.9400236010551453,0.031890869140625,0.03021240234375
0,0.011150844395160675,0.848846971988678,0.2836821377277374,0.020975748697916668,0.0
0,0.0015816893428564072,0.06608537584543228,0.00847840216010809,0.0,0.0
0,0.140034481883049,0.9791557192802429,0.9469873309135437,0.226165771484375,0.211639404296875
0,0.09556623548269272,0.9908744096755981,0.9620362520217896,0.14018758138020834,0.07805379231770833
0,0.022902479395270348,0.9846346974372864,0.8175745010375977,0.034901936848958336,0.0
0,0.1345391869544983,0.9912885427474976,0.9732915163040161,0.19850667317708334,0.15894571940104166
0,0.18817071616649628,0.9593832492828369,0.8601343035697937,0.3857320149739583,0.3246968587239583
0,0.04986364766955376,0.967348575592041,0.8244576454162598,0.084625244140625,0.04681396484375
0,0.06094245985150337,0.9918121099472046,0.9323264956474304,0.09938557942708333,0.10047403971354167
0,0.21948368847370148,0.9948403239250183,0.9768453240394592,0.3445027669270833,0.307891845703125
0,0.07309871166944504,0.992452085018158,0.9518605470657349,0.10895792643229167,0.07103474934895833
0,0.0598091185092926,0.9835337996482849,0.8991213440895081,0.102935791015625,0.018218994140625
0,0.002048804657533765,0.2330075204372406,0.022328782826662064,0.000274658203125,0.0
0,0.26171863079071045,0.988711953163147,0.9605814218521118,0.37060546875,0.372772216796875
0,0.025114864110946655,0.9582260847091675,0.4315805435180664,0.047770182291666664,0.0
0,0.21102462708950043,0.9927391409873962,0.9759923219680786,0.3424479166666667,0.237518310546875
0,0.02049589715898037,0.6057407259941101,0.20608918368816376,0.039693196614583336,0.0
0,0.03374287858605385,0.974190354347229,0.8976953029632568,0.058074951171875,0.040608723958333336
0,0.0029684228356927633,0.8576489090919495,0.021123982965946198,0.0026652018229166665,0.0
0,0.006561391055583954,0.8150853514671326,0.09351231157779694,0.006113688151041667,0.0
0,0.0021756007336080074,0.200557678937912,0.029033992439508438,0.0006510416666666666,0.0
0,0.02584676630795002,0.9971327781677246,0.4658956527709961,0.06288655598958333,0.029378255208333332
0,0.006610333453863859,0.4487886130809784,0.08632347732782364,0.006103515625,0.0
0,0.1454712301492691,0.9934357404708862,0.9650513529777527,0.210601806640625,0.16484578450520834
0,0.14508876204490662,0.9980732202529907,0.9759923219680786,0.19019571940104166,0.18987019856770834
0,0.007676428183913231,0.34103360772132874,0.13869144022464752,0.014241536458333334,0.0
0,0.05139001086354256,0.9665370583534241,0.9216402173042297,0.07368977864583333,0.072235107421875
0,0.10188567638397217,0.9878528118133545,0.9709092378616333,0.13283284505208334,0.119659423828125
0,0.022560536861419678,0.994820237159729,0.6514357924461365,0.042694091796875,0.0
0,0.012796965427696705,0.8838388919830322,0.33273741602897644,0.022135416666666668,0.0
0,0.002419904572889209,0.2509128153324127,0.04476181045174599,0.0004781087239583333,0.0
0,0.469576358795166,0.9976032376289368,0.9911527037620544,0.6164347330729166,0.731475830078125
0,0.0031286831945180893,0.9753431081771851,0.01590639352798462,0.0029805501302083335,0.0
0,0.018809791654348373,0.9750121831893921,0.6661678552627563,0.029276529947916668,0.021565755208333332
0,0.004504392389208078,0.9449946880340576,0.076265849173069,0.0078125,0.0
0,0.004549180623143911,0.3402659296989441,0.06730107218027115,0.001739501953125,0.0
0,0.0015562946209684014,0.05042406916618347,0.011463796719908714,0.0,0.0
0,0.0016591008752584457,0.09619516879320145,0.01851104572415352,0.0,0.0
0,0.001376353669911623,0.024053553119301796,0.005405900068581104,0.0,0.0
0,0.04262235388159752,0.9970991611480713,0.9772828817367554,0.06341552734375,0.026295979817708332
0,0.0019882109481841326,0.5671576857566833,0.015424554236233234,0.0004781087239583333,0.0
0,0.04116377979516983,0.996160626411438,0.9156582355499268,0.061574300130208336,0.0335693359375
0,0.040873486548662186,0.985496461391449,0.9116480946540833,0.057505289713541664,0.043609619140625
0,0.002730300882831216,0.6355618238449097,0.01615283451974392,0.0008951822916666666,0.0
0,0.0019418456358835101,0.14426937699317932,0.01615283451974392,2.0345052083333332e-05,0.0
0,0.002704022452235222,0.5584173202514648,0.041849784553050995,0.0030008951822916665,0.0
0,0.018843038007616997,0.9267027974128723,0.7074936032295227,0.031697591145833336,0.0
0,0.004375815391540527,0.9352282881736755,0.044678375124931335,0.0022481282552083335,0.0
0,0.002794889500364661,0.4380037784576416,0.032040078192949295,0.0011393229166666667,0.0
0,0.003336736699566245,0.6687721014022827,0.04903962090611458,0.00213623046875,0.0
0,0.0009345223661512136,0.06187598779797554,0.009484614245593548,0.0,0.0
0,0.03348253294825554,0.917302668094635,0.6715782880783081,0.07072957356770833,0.031463623046875
0,0.0016751553630456328,0.23581157624721527,0.014063626527786255,9.1552734375e-05,0.0
0,0.0008580068242736161,0.018941707909107208,0.005159622989594936,0.0,0.0
0,0.0010353305842727423,0.3449949324131012,0.007093037478625774,0.000732421875,0.0
0,0.1996127963066101,0.9937829375267029,0.9529258608818054,0.3233642578125,0.30084228515625
0,0.0013145952252671123,0.8037906289100647,0.011288073845207691,0.0010986328125,0.0
0,0.042279478162527084,0.9774138927459717,0.7067888379096985,0.094268798828125,0.013753255208333334
0,0.3570866286754608,0.9938787817955017,0.983020007610321,0.4622599283854167,0.4742431640625
0,0.016047444194555283,0.9159594178199768,0.40561649203300476,0.033162434895833336,0.0
0,0.013563445769250393,0.851582944393158,0.43493223190307617,0.03033447265625,0.0
0,0.007285242434591055,0.4335017800331116,0.11201012879610062,0.008921305338541666,0.0
0,0.012138710357248783,0.6836307048797607,0.21304461359977722,0.019276936848958332,0.0
0,0.014032512903213501,0.9152045845985413,0.4395747482776642,0.026021321614583332,0.0
0,0.005997268948704004,0.6279512047767639,0.1041124165058136,0.007924397786458334,0.0
0,0.00631289416924119,0.8933094143867493,0.13363441824913025,0.011159261067708334,0.0
0,0.00856266263872385,0.731250524520874,0.1605251133441925,0.013916015625,0.0
0,0.044026393443346024,0.951323390007019,0.8008431792259216,0.089324951171875,0.024251302083333332
0,0.31746402382850647,0.9944880604743958,0.9864678382873535,0.41400146484375,0.4346110026041667
0,0.3500000238418579,0.9969485402107239,0.9904775619506836,0.5238037109375,0.5464070638020834
0,0.013814886100590229,0.9261703491210938,0.45724424719810486,0.023356119791666668,0.0
0,0.4523262083530426,0.993854820728302,0.9812389612197876,0.6152852376302084,0.6853535970052084
0,0.06945408880710602,0.9901019334793091,0.9132086038589478,0.115966796875,0.09630330403645833
0,0.11647804826498032,0.9883127808570862,0.9459982514381409,0.18363444010416666,0.124298095703125
0,0.006775438319891691,0.5170069932937622,0.09073548763990402,0.006072998046875,0.0
0,0.0009072034736163914,0.35309353470802307,0.010248602367937565,0.00011189778645833333,0.0
0,0.033853475004434586,0.9432430863380432,0.7648810148239136,0.052876790364583336,0.0283203125
0,0.11703363806009293,0.974773108959198,0.9264369606971741,0.19527180989583334,0.07904052734375
0,0.010327908210456371,0.9212159514427185,0.4625726044178009,0.0174560546875,0.0
0,0.0026659828145056963,0.7992857098579407,0.03554439917206764,0.002105712890625,0.0
0,0.013163372874259949,0.9951889514923096,0.4321777820587158,0.017354329427083332,0.0
0,0.015407979488372803,0.9686195850372314,0.656184732913971,0.022328694661458332,0.01507568359375
0,0.0004562700632959604,0.016657039523124695,0.004231094382703304,0.0,0.0
0,0.0004391511029098183,0.012722708284854889,0.0042151594534516335,0.0,0.0
0,0.0022724077571183443,0.5549227595329285,0.030385024845600128,0.0009562174479166666,0.0
0,0.028114981949329376,0.9549003839492798,0.7015056014060974,0.055491129557291664,0.0
0,0.010435820557177067,0.963711678981781,0.3335987627506256,0.015614827473958334,0.0
0,0.5642242431640625,0.9978843331336975,0.9921233057975769,0.6388651529947916,0.6421305338541666
0,0.0018399800173938274,0.15065255761146545,0.034484632313251495,0.00013224283854166666,0.0
0,0.17992615699768066,0.9863104820251465,0.9398029446601868,0.32257080078125,0.29754638671875
0,0.2642389237880707,0.998217761516571,0.9910145401954651,0.3012491861979167,0.2953287760416667
0,0.02397170104086399,0.9689738154411316,0.662687361240387,0.043233235677083336,0.0
0,0.030268469825387,0.9531008005142212,0.6859462857246399,0.050028483072916664,0.0145263671875
0,0.027819594368338585,0.9389128684997559,0.5823687314987183,0.051503499348958336,0.0
0,0.009588703513145447,0.9238675236701965,0.1379929929971695,0.011067708333333334,0.0
0,0.7167357802391052,0.9950370192527771,0.9902161359786987,0.867828369140625,0.9386494954427084
0,0.12445452064275742,0.972727358341217,0.902265727519989,0.21489461263020834,0.21805826822916666
0,0.18444757163524628,0.9974491000175476,0.9753431081771851,0.2537434895833333,0.24066162109375
0,0.519829273223877,0.9980581402778625,0.9921841025352478,0.6615804036458334,0.6854349772135416
0,0.010302487760782242,0.9205042719841003,0.2934935390949249,0.01641845703125,0.0
0,0.03491409122943878,0.9849274158477783,0.8394709229469299,0.058258056640625,0.0
0,0.01938002184033394,0.9679599404335022,0.4395524561405182,0.033213297526041664,0.0
0,0.060673847794532776,0.9857181310653687,0.914290726184845,0.09293619791666667,0.06257120768229167
0,0.26543983817100525,0.9961903095245361,0.9797053337097168,0.3855489095052083,0.4067281087239583
0,0.12613146007061005,0.9893474578857422,0.9495731592178345,0.18271891276041666,0.18218994140625
0,0.04996584728360176,0.980205237865448,0.8773654103279114,0.08210245768229167,0.047017415364583336
0,0.014200530014932156,0.9592307209968567,0.3744303584098816,0.024169921875,0.0
0,0.021710244938731194,0.9121235609054565,0.459345281124115,0.041829427083333336,0.0
0,0.0015338932862505317,0.24725964665412903,0.016277462244033813,0.0004069010416666667,0.0
0,0.08852708339691162,0.9779256582260132,0.9468920826911926,0.13018798828125,0.126983642578125
0,0.04334954917430878,0.9537942409515381,0.7448364496231079,0.08350626627604167,0.0
0,0.27905312180519104,0.9973165392875671,0.986151397228241,0.383087158203125,0.393707275390625
0,0.24578118324279785,0.9915544390678406,0.9686177968978882,0.4087626139322917,0.4983418782552083
0,0.06224808096885681,0.9312127232551575,0.769946277141571,0.1392822265625,0.136077880859375
0,0.12491250783205032,0.9865199327468872,0.9551520943641663,0.20991007486979166,0.17917887369791666
0,0.39235368371009827,0.9978172779083252,0.9894295334815979,0.5071818033854166,0.5747782389322916
0,0.4547234773635864,0.9960851669311523,0.9866234660148621,0.60845947265625,0.624725341796875
0,0.03734759986400604,0.9026095867156982,0.663883626461029,0.08315022786458333,0.051066080729166664
0,0.05603304132819176,0.9935117363929749,0.9532750844955444,0.0736083984375,0.073272705078125
0,0.06182657554745674,0.9943581223487854,0.9609495401382446,0.097869873046875,0.06737263997395833
0,0.08289658278226852,0.9876639246940613,0.9194981455802917,0.142181396484375,0.081298828125
0,0.16246241331100464,0.9901401400566101,0.9570375084877014,0.2626241048177083,0.23714192708333334
0,0.2961641848087311,0.9942474365234375,0.9878058433532715,0.3963521321614583,0.4266357421875
0,0.11929216235876083,0.9876639246940613,0.972362220287323,0.18077596028645834,0.1077880859375
0,0.2597186863422394,0.9913892149925232,0.9809855818748474,0.407135009765625,0.37945556640625
0,0.2944275438785553,0.9967523813247681,0.982624351978302,0.469696044921875,0.5028279622395834
0,0.17690692842006683,0.9751545190811157,0.9105454087257385,0.3399658203125,0.3490804036458333
0,0.24698781967163086,0.9941800832748413,0.9628131985664368,0.3940633138020833,0.4033610026041667
0,0.03220510110259056,0.9551520943641663,0.514864444732666,0.06877644856770833,0.0
0,0.13481725752353668,0.9789956212043762,0.9295645356178284,0.22350056966145834,0.22392781575520834
0,0.020544663071632385,0.6186652183532715,0.26930832862854004,0.042022705078125,0.0
0,0.07032383233308792,0.9765800833702087,0.8595423698425293,0.13755289713541666,0.0814208984375
0,0.07098757475614548,0.9648551344871521,0.8820159435272217,0.130645751953125,0.097442626953125
0,0.06829685717821121,0.9905508756637573,0.897335946559906,0.135223388671875,0.029256184895833332
0,0.05283006653189659,0.9076402187347412,0.6424291133880615,0.12385050455729167,0.0
0,0.002800724236294627,0.896975576877594,0.036354612559080124,0.002777099609375,0.0
0,0.04070594534277916,0.9928231239318848,0.9270957708358765,0.059295654296875,0.047322591145833336
0,0.0013435861328616738,0.45011767745018005,0.011777843348681927,0.000946044921875,0.0
0,0.0021519633010029793,0.27708157896995544,0.029367852956056595,0.00091552734375,0.0
0,0.0027015414088964462,0.1651887148618698,0.025565214455127716,4.0690104166666664e-05,0.0
0,0.023871466517448425,0.9851576089859009,0.8027055859565735,0.037801106770833336,0.013722737630208334
0,0.0355641208589077,0.9923341274261475,0.9015746116638184,0.049753824869791664,0.025614420572916668
0,0.015651730820536613,0.9962199330329895,0.8338664174079895,0.018941243489583332,0.007700602213541667
0,0.07993923127651215,0.9949983358383179,0.9833430051803589,0.09611002604166667,0.07794189453125
0,0.0036083317827433348,0.44667574763298035,0.047074176371097565,0.003265380859375,0.0
0,0.057037532329559326,0.9580694437026978,0.879974365234375,0.08997599283854167,0.06658935546875
0,0.006811346858739853,0.8077641129493713,0.1063188686966896,0.009195963541666666,0.0
0,0.09674534201622009,0.9616780281066895,0.9089417457580566,0.15484619140625,0.14994303385416666
0,0.13143019378185272,0.9933846592903137,0.9483462572097778,0.20134480794270834,0.14769490559895834
0,0.05098116397857666,0.9978594183921814,0.9538776874542236,0.069976806640625,0.039021809895833336
0,0.03882989659905434,0.9976125955581665,0.9078037738800049,0.06545003255208333,0.029073079427083332
0,0.04094891622662544,0.9967013001441956,0.9389128684997559,0.057759602864583336,0.034820556640625
0,0.044000595808029175,0.9714558720588684,0.9081253409385681,0.06756591796875,0.057790120442708336
0,0.22275447845458984,0.9990781545639038,0.9943140745162964,0.2662862141927083,0.2668558756510417
0,0.043141260743141174,0.9971990585327148,0.8235995173454285,0.08408610026041667,0.0
0,0.2597850263118744,0.9803937673568726,0.9621075391769409,0.359039306640625,0.3541463216145833
0,0.005021678749471903,0.7747538685798645,0.07030002027750015,0.004038492838541667,0.0
0,0.10148638486862183,0.9864678382873535,0.9483462572097778,0.159027099609375,0.13880411783854166
0,0.1429951786994934,0.9960545301437378,0.9826908707618713,0.191802978515625,0.18120320638020834
0,0.1108570322394371,0.9917803406715393,0.9418619871139526,0.22235107421875,0.12577311197916666
0,0.06534534692764282,0.9701834917068481,0.897335946559906,0.10862223307291667,0.061187744140625
0,0.189718559384346,0.9969125986099243,0.9815244078636169,0.2736918131510417,0.24672444661458334
0,0.10484250634908676,0.9635748267173767,0.8722385764122009,0.21930948893229166,0.2536824544270833
0,0.09905412048101425,0.9805060625076294,0.9290551543235779,0.16047159830729166,0.12187703450520833
0,0.019085034728050232,0.9834068417549133,0.6157026886940002,0.027913411458333332,0.007080078125
0,0.09642898291349411,0.9970536231994629,0.9632284641265869,0.15418497721354166,0.14551798502604166
0,0.30110445618629456,0.9981684684753418,0.9654463529586792,0.4691060384114583,0.5068359375
0,0.11310010403394699,0.948441743850708,0.880591869354248,0.17943318684895834,0.176849365234375
0,0.00572040444239974,0.9925103187561035,0.06915979832410812,0.0029500325520833335,0.0
0,0.013106763362884521,0.9354645609855652,0.33980464935302734,0.027455647786458332,0.0
0,0.0053567164577543736,0.26189687848091125,0.11416492611169815,0.008829752604166666,0.0
0,0.004284864291548729,0.9717789888381958,0.022714458405971527,0.0030619303385416665,0.0
0,0.0008868596632964909,0.06131153553724289,0.007754636462777853,0.0,0.0
0,0.004022780805826187,0.45289885997772217,0.06052939593791962,0.0036519368489583335,0.0
0,0.3146438002586365,0.9958174824714661,0.98046875,0.464324951171875,0.3896077473958333
0,0.4532504975795746,0.9964619278907776,0.9873262047767639,0.6100972493489584,0.6611429850260416
0,0.018824802711606026,0.9068183302879333,0.31572964787483215,0.043416341145833336,0.0
0,0.1403743177652359,0.9983256459236145,0.9887987971305847,0.2110595703125,0.20348103841145834
0,0.0019430421525612473,0.23005375266075134,0.02161533385515213,0.0004679361979166667,0.0
0,0.010249818675220013,0.938010573387146,0.21680480241775513,0.013875325520833334,0.0
0,0.023149078711867332,0.4452883005142212,0.23283305764198303,0.08027140299479167,0.0
0,0.0161037165671587,0.2622745931148529,0.13296425342559814,0.013478597005208334,0.0
0,0.010983248241245747,0.7611836194992065,0.19329503178596497,0.019246419270833332,0.0
0,0.07904946058988571,0.9974689483642578,0.963161289691925,0.12027994791666667,0.07161458333333333
0,0.0036435637157410383,0.22901752591133118,0.07043161243200302,0.0017903645833333333,0.0
0,0.08223395049571991,0.9758085012435913,0.9039745330810547,0.1339111328125,0.097900390625
0,0.00566477095708251,0.5393471717834473,0.12852515280246735,0.010894775390625,0.0
0,0.6387912631034851,0.9972637891769409,0.9910492897033691,0.7574055989583334,0.7820332845052084
0,0.00439694756641984,0.6129469871520996,0.06878729909658432,0.005238850911458333,0.0
0,0.011741315014660358,0.9136765599250793,0.38282647728919983,0.022501627604166668,0.0
0,0.7071025967597961,0.9934101700782776,0.9820127487182617,0.8662312825520834,0.9426066080729166
0,0.017473815008997917,0.7256486415863037,0.2776629328727722,0.036295572916666664,0.0
0,0.11355892568826675,0.9932811260223389,0.948151707649231,0.19762166341145834,0.109893798828125
0,0.8447539806365967,0.9716179370880127,0.9506864547729492,0.9999186197916666,1.0
0,0.046743202954530716,0.9832789301872253,0.8693788647651672,0.07170613606770833,0.030507405598958332
0,0.002630774863064289,0.12852515280246735,0.02076474018394947,3.0517578125e-05,0.0
0,0.8113458752632141,0.9966625571250916,0.9909447431564331,0.9292399088541666,0.9575398763020834
0,0.8839280009269714,0.9963357448577881,0.9915870428085327,0.985809326171875,1.0
0,0.005948890466243029,0.28537195920944214,0.04822365194559097,0.0017496744791666667,0.0
0,0.4135195314884186,0.9778411984443665,0.9479621648788452,0.6425679524739584,0.7211507161458334
0,0.0022531726863235235,0.31341975927352905,0.01890544593334198,0.0005696614583333334,0.0
0,0.9724180102348328,0.9986169338226318,0.996249258518219,0.9988505045572916,1.0
0,0.007662247400730848,0.9284088015556335,0.14877665042877197,0.011067708333333334,0.0
0,0.0003292303008493036,0.007755536586046219,0.0014214043039828539,0.0,0.0
0,0.0034914908464998007,0.3176378905773163,0.030157409608364105,0.0007222493489583334,0.0
0,0.5151286721229553,0.994551956653595,0.9809114336967468,0.6940511067708334,0.7222900390625
0,0.0025646083522588015,0.28826844692230225,0.03527754545211792,0.0013529459635416667,0.0
0,0.6698784232139587,0.9975844621658325,0.9832144975662231,0.862091064453125,0.9486287434895834
0,0.0005846903659403324,0.03240552172064781,0.005179712548851967,0.0,0.0
0,0.04758680239319801,0.9946358799934387,0.8960696458816528,0.07355733333333334,0.032517333333333336
0,0.1803523302078247,0.9959456324577332,0.9583821892738342,0.39096533333333333,0.20045866666666667
0,0.06683498620986938,0.9643886089324951,0.8022459149360657,0.11284491978609626,0.05002673796791444
0,0.023036673665046692,0.9890130758285522,0.43989893794059753,0.052432,0.0
0,0.003261751728132367,0.10913478583097458,0.02029348537325859,0.0,0.0
0,0.023605650290846825,0.9196425676345825,0.2349328249692917,0.038819148936170216,0.0
0,0.0024336555507034063,0.21816925704479218,0.014957086183130741,6.521739130434782e-05,0.0
0,0.022094443440437317,0.9816303849220276,0.8223318457603455,0.03643798828125,0.021962483723958332
0,0.27965080738067627,0.9923933744430542,0.9736446738243103,0.4173482259114583,0.4526774088541667
0,0.0014911973848938942,0.19744443893432617,0.02145073004066944,0.0004069010416666667,0.0
0,0.002905725734308362,0.538467526435852,0.04560694471001625,0.0017903645833333333,0.0
0,0.020468775182962418,0.9448931217193604,0.43703341484069824,0.033559163411458336,0.0
