label,prob_mean,prob_max,prob_p99,unet_area,mrf_area
1,0.10029800981283188,0.9929336309432983,0.9447912573814392,0.12659708658854166,0.0299072265625
1,0.08907344192266464,0.9966495633125305,0.9834068417549133,0.099395751953125,0.12067667643229167
1,0.023439621552824974,0.9999496936798096,0.9174462556838989,0.0303955078125,0.004852294921875
1,0.11436837911605835,0.9997305274009705,0.9982522130012512,0.13039351851851852,0.08909722222222222
1,0.02087360806763172,0.9998044371604919,0.9978258013725281,0.0205078125,0.018788655598958332
1,0.21359029412269592,0.9955142140388489,0.9857181310653687,0.22825520833333332,0.19703125
1,0.04618888720870018,0.998745322227478,0.9499496221542358,0.05277866666666667,0.026714666666666668
1,0.12476149946451187,0.999868631362915,0.9981104135513306,0.13274129231770834,0.12331136067708333
1,0.06677970290184021,0.996160626411438,0.9779256582260132,0.08217366536458333,0.057790120442708336
1,0.0627017542719841,0.9913222789764404,0.9497627019882202,0.07859293619791667,0.0
1,0.1684943586587906,0.9988574981689453,0.9932550191879272,0.17371622721354166,0.14223225911458334
1,0.0906090959906578,0.9999531507492065,0.9986435770988464,0.08934529622395833,0.08260091145833333
1,0.19012241065502167,0.9999804496765137,0.9995591640472412,0.21112060546875,0.17345174153645834
1,0.1881016343832016,0.9998162388801575,0.9957518577575684,0.22626296296296297,0.23007407407407407
1,0.318002313375473,0.999464213848114,0.9954439401626587,0.39732421875,0.42923828125
1,0.04467984288930893,0.9927951693534851,0.9401335716247559,0.04783125371360666,0.03448969331322273
1,0.33084020018577576,0.9967268705368042,0.9806919097900391,0.3884785970052083,0.407958984375
1,0.03210027143359184,0.9993663430213928,0.9976032376289368,0.032857259114583336,0.030059814453125
1,0.19102394580841064,0.999322772026062,0.9966365098953247,0.211639404296875,0.19193522135416666
1,0.030430307611823082,0.999977707862854,0.9992930889129639,0.030771891276041668,0.027781168619791668
1,0.056012529879808426,0.9999589920043945,0.9995362162590027,0.051595052083333336,0.038035074869791664
1,0.010877580381929874,0.9999680519104004,0.2269497811794281,0.009724934895833334,0.008778889973958334
1,0.13271072506904602,0.9980505704879761,0.9905142784118652,0.154296875,0.18851725260416666
1,0.25543278455734253,0.9993809461593628,0.9951514005661011,0.3055121349238996,0.3473604826546003
1,0.010546266101300716,0.9920002222061157,0.19931110739707947,0.00886996161228407,0.0
1,0.015774674713611603,0.9961903095245361,0.5463696718215942,0.019297281901041668,0.0
1,0.19202232360839844,0.9999184608459473,0.9984021782875061,0.2573140462239583,0.17173258463541666
1,0.004330279305577278,0.9999924898147583,0.02456308715045452,0.0024515787760416665,0.0
1,0.052000075578689575,0.9515040516853333,0.7367795705795288,0.08006795247395833,0.08365885416666667
1,0.13490979373455048,0.9958980679512024,0.9722570776939392,0.1721880998080614,0.17335412667946257
1,0.06976339221000671,0.972933828830719,0.7806574702262878,0.08021036783854167,0.0
1,0.20178784430027008,0.9991238713264465,0.9940658807754517,0.2529398600260417,0.2808939615885417
1,0.04845460131764412,0.9999889135360718,0.995225727558136,0.051239013671875,0.020151774088541668
1,0.263556569814682,0.9991238713264465,0.9834068417549133,0.34619140625,0.24830118815104166
1,0.11347150802612305,0.9971216320991516,0.9824210405349731,0.14058430989583334,0.07494099934895833
1,0.05072889104485512,0.9999328851699829,0.9991637468338013,0.048624674479166664,0.047454833984375
1,0.1942097693681717,0.9994514584541321,0.9974191188812256,0.19676717122395834,0.19687906901041666
1,0.32002124190330505,0.9996898174285889,0.997166097164154,0.49956705729166667,0.570498046875
1,0.05151882395148277,0.9930423498153687,0.9396889805793762,0.06355794270833333,0.0
1,0.1623765379190445,0.9988969564437866,0.9968024492263794,0.16420491536458334,0.16902669270833334
1,0.11282847076654434,0.9999814033508301,0.9995025396347046,0.11362711588541667,0.11387125651041667
1,0.03728156164288521,0.9999808073043823,0.9979082345962524,0.044443766276041664,0.012603759765625
1,0.3561861217021942,0.9997695088386536,0.9965029954910278,0.469306640625,0.47697265625
1,0.22637224197387695,0.9951136708259583,0.9779677391052246,0.275299072265625,0.21783447265625
1,0.0714617520570755,0.9820826053619385,0.852180540561676,0.11508687337239583,0.038401285807291664
1,0.14971612393856049,0.9989956021308899,0.9957684278488159,0.15251622756777397,0.14803550973654067
1,0.10118084400892258,0.9918753504753113,0.9429286122322083,0.13432820638020834,0.057698567708333336
1,0.03819173201918602,0.998879611492157,0.9901019334793091,0.039235432942708336,0.027943929036458332
1,0.1497056633234024,0.9997851252555847,0.9987744688987732,0.15315755208333334,0.160675048828125
1,0.17848563194274902,0.995075523853302,0.9862046241760254,0.20668538411458334,0.16398111979166666
1,0.11463242024183273,0.999841570854187,0.9980276226997375,0.17476399739583334,0.14820353190104166
1,0.20599257946014404,0.9999233484268188,0.9994907379150391,0.20937093098958334,0.2080078125
1,0.08062136173248291,0.9999972581863403,0.9949396848678589,0.10694376627604167,0.02490234375
1,0.0459945909678936,0.9993175268173218,0.9900239109992981,0.050801595052083336,0.042388916015625
1,0.1392604410648346,0.9999563694000244,0.9970536231994629,0.146087646484375,0.14189656575520834
1,0.2039371132850647,0.9991864562034607,0.9876639246940613,0.33380281690140845,0.11224251760563381
1,0.024537349119782448,0.9997108578681946,0.9937822222709656,0.025502522786458332,0.021738688151041668
1,0.04040814936161041,0.9999538660049438,0.9988968372344971,0.045796712239583336,0.026285807291666668
1,0.1497897356748581,0.9998103976249695,0.9962782263755798,0.21390787760416666,0.0758056640625
1,0.11513126641511917,0.9902915358543396,0.9658352136611938,0.15154012044270834,0.16382853190104166
1,0.05083349719643593,0.9995025396347046,0.9837850332260132,0.03863525390625,0.0325927734375
1,0.0835675522685051,0.9998812675476074,0.9969005584716797,0.09296128707893414,0.0615521733168792
1,0.01102268323302269,0.9536218643188477,0.19898714125156403,0.005594889322916667,0.0
1,0.09131769090890884,0.9996140599250793,0.9969956874847412,0.09529622395833333,0.08964029947916667
1,0.08293043822050095,0.9984021782875061,0.9863631129264832,0.08066813151041667,0.067230224609375
1,0.1639115959405899,0.9981541037559509,0.9935368895530701,0.17962239583333334,0.18107421875
1,0.07635388523340225,0.9999196529388428,0.9982991218566895,0.07541910807291667,0.07413736979166667
1,0.08245735615491867,0.9998804330825806,0.9971439242362976,0.080341796875,0.08568359375
1,0.3747802972793579,0.9988752007484436,0.9481545686721802,0.5191536964980544,0.5205107003891051
1,0.07533332705497742,0.9999110698699951,0.9993175268173218,0.076416015625,0.07557169596354167
1,0.016542017459869385,0.9999735355377197,0.9777113199234009,0.013142903645833334,0.00933837890625
1,0.024396399036049843,0.9999614953994751,0.9768010973930359,0.021138509114583332,0.010782877604166666
1,0.08706530928611755,0.9989308714866638,0.993854820728302,0.097808837890625,0.09714762369791667
1,0.3328428268432617,0.9987056255340576,0.9925969839096069,0.4359130859375,0.4462381998697917
1,0.08323928713798523,0.9995399713516235,0.9954967498779297,0.100128173828125,0.07264200846354167
1,0.01809479109942913,0.9889278411865234,0.7354516386985779,0.024088541666666668,0.0
1,0.011785070411860943,0.9970073103904724,0.1868313103914261,0.004567464192708333,0.0
1,0.1444614976644516,0.9994493126869202,0.9938070178031921,0.156829833984375,0.15041097005208334
1,0.08943159133195877,0.9992504715919495,0.9961155652999878,0.08442179361979167,0.08538818359375
1,0.40351009368896484,0.9996155500411987,0.9948603510856628,0.461181640625,0.398406982421875
1,0.009150536730885506,0.9999966621398926,0.038756195455789566,0.006795247395833333,0.005828857421875
1,0.10397284477949142,0.9855521321296692,0.9199306964874268,0.17854817708333334,0.1372858683268229
1,0.19548799097537994,0.9956346154212952,0.9743373394012451,0.25779671717171715,0.3428188131313131
1,0.03133319690823555,0.9867261648178101,0.9159548878669739,0.045420328776041664,0.0
1,0.07164488732814789,0.9990890026092529,0.9958337545394897,0.07416788736979167,0.07086181640625
1,0.061893582344055176,0.9999774694442749,0.9995660185813904,0.046040852864583336,0.044871012369791664
1,0.08160571753978729,0.9952816367149353,0.9702399373054504,0.1019140625,0.10207356770833333
1,0.07503924518823624,0.9952632188796997,0.9832789301872253,0.084320068359375,0.07598876953125
1,0.3067232370376587,0.9997658133506775,0.9970190525054932,0.49107421875,0.5260807291666667
1,0.1486433446407318,0.9995986819267273,0.9036349058151245,0.19366855372783592,0.08731574449903867
1,0.013453400693833828,0.9890975952148438,0.5494420528411865,0.011952718098958334,0.0
1,0.20607157051563263,0.9927391409873962,0.9063219428062439,0.3236349525492897,0.31514904704134
1,0.019289666786789894,0.999931812286377,0.7624240517616272,0.021199544270833332,0.006276448567708333
1,0.02485658787190914,0.9999434947967529,0.3973519206047058,0.026082356770833332,0.0
1,0.1492535024881363,0.9877586960792542,0.9351099133491516,0.18119303385416666,0.0533447265625
1,0.03348435088992119,0.9991704225540161,0.9975370168685913,0.03314208984375,0.030019124348958332
1,0.06497284024953842,0.9999030828475952,0.9967009425163269,0.06609090169270833,0.06666056315104167
1,0.05827854573726654,0.9999412298202515,0.9996471405029297,0.055796305338541664,0.047749837239583336
1,0.02288128063082695,0.9990637898445129,0.9849852323532104,0.016429036458333334,0.015406901041666667
1,0.23606069386005402,0.9962051510810852,0.985042929649353,0.29203889434044017,0.26167021371497023
1,0.09934478998184204,0.9989098310470581,0.9938309192657471,0.11940511067708333,0.06536865234375
1,0.3477049469947815,0.9980121850967407,0.9870296716690063,0.4819981710105167,0.5684819387288523
1,0.11102811247110367,0.9999245405197144,0.9995522499084473,0.11347452799479167,0.11146036783854167
1,0.2312135249376297,0.9982109069824219,0.9840323328971863,0.3238834635416667,0.332177734375
1,0.02688767947256565,0.9755303859710693,0.6597307920455933,0.029683430989583332,0.0
1,0.05792636051774025,0.9999887943267822,0.7851389646530151,0.08936564127604167,0.058034261067708336
1,0.10868292301893234,0.9979810118675232,0.9873262047767639,0.12005615234375,0.10445149739583333
1,0.060788825154304504,0.9529258608818054,0.6188938617706299,0.12480672200520833,0.0
1,0.013438104651868343,0.9991638660430908,0.9270517826080322,0.013722737630208334,0.010874430338541666
1,0.028828434646129608,0.9961755275726318,0.44703778624534607,0.018308541266794626,0.0
1,0.010799014940857887,0.9987887740135193,0.41110917925834656,0.010571189645142524,0.008085187609075044
1,0.09236503392457962,0.9996874332427979,0.9975844621658325,0.101531982421875,0.06760660807291667
1,0.06890074163675308,0.9999257326126099,0.9986539483070374,0.07743326822916667,0.026662190755208332
1,0.02891259826719761,0.9949788451194763,0.7837331891059875,0.032928466796875,0.006947835286458333
1,0.11381733417510986,0.9971327781677246,0.9895501732826233,0.129241943359375,0.13005574544270834
1,0.07333824038505554,0.997188150882721,0.9601374864578247,0.0819091796875,0.010477701822916666
1,0.060513757169246674,0.9999874830245972,0.6983294486999512,0.06257486979166667,0.024388020833333333
1,0.02374306507408619,0.9999158382415771,0.5600996017456055,0.034210205078125,0.0
1,0.1524210423231125,0.9991704225540161,0.9956516623497009,0.17567952473958334,0.14777628580729166
1,0.22144770622253418,0.999652624130249,0.9973887801170349,0.25388636363636363,0.256375
1,0.29315224289894104,0.9998377561569214,0.9979731440544128,0.3605448404947917,0.3575236002604167
1,0.015775037929415703,0.9966365098953247,0.16885283589363098,0.009552001953125,0.0
1,0.0816245749592781,0.9929881691932678,0.8864204287528992,0.11525663878605055,0.0
1,0.06940741091966629,0.9997712969779968,0.9964889287948608,0.09284464518229167,0.090789794921875
1,0.06858191639184952,0.9951514005661011,0.9806919097900391,0.09112548828125,0.049367268880208336
1,0.197808638215065,0.9988027811050415,0.9946150183677673,0.20728556315104166,0.168304443359375
1,0.0648888349533081,0.9797065258026123,0.9307105541229248,0.083038330078125,0.062428792317708336
1,0.052136171609163284,0.9998984336853027,0.9984267354011536,0.054361979166666664,0.051472981770833336
1,0.025968322530388832,0.9999328851699829,0.99826580286026,0.025990804036458332,0.024261474609375
1,0.011269167996942997,0.9999493360519409,0.8815841674804688,0.011260986328125,0.010416666666666666
1,0.021083682775497437,0.992452085018158,0.8577609062194824,0.025095621744791668,0.0
1,0.030260726809501648,0.9999692440032959,0.9980807304382324,0.028330485026041668,0.0267333984375
1,0.06555165350437164,0.9999626874923706,0.9996946454048157,0.07002766927083333,0.047475179036458336
1,0.48237892985343933,0.9994319081306458,0.99703049659729,0.49234666666666665,0.4873653333333333
1,0.14871962368488312,0.9991540908813477,0.9918111562728882,0.1734619140625,0.195220947265625
1,0.04726264253258705,0.9989012479782104,0.984983503818512,0.050404866536458336,0.044057210286458336
1,0.007416432723402977,0.9998427629470825,0.03488088399171829,0.006062825520833333,0.005594889322916667
1,0.13421395421028137,0.9986904263496399,0.9868786931037903,0.1552630376159788,0.10129804835687188
1,0.12785491347312927,0.9975656270980835,0.9601374864578247,0.15275833333333333,0.048141666666666666
1,0.13178052008152008,0.9999083280563354,0.9994273781776428,0.134552001953125,0.13291422526041666
1,0.06993609666824341,0.9999971389770508,0.9995710849761963,0.072540283203125,0.06737263997395833
1,0.25258636474609375,0.9996169805526733,0.9987356066703796,0.2643229166666667,0.2644551595052083
1,0.16338114440441132,0.9998352527618408,0.9989836812019348,0.16919962565104166,0.15799967447916666
1,0.11744985729455948,0.9973165392875671,0.9800530076026917,0.13930257161458334,0.12311808268229167
1,0.10631629079580307,0.9999412298202515,0.9995908141136169,0.09900919596354167,0.09418741861979167
1,0.24350251257419586,0.9997765421867371,0.9984083771705627,0.2780253092447917,0.3031005859375
1,0.056915223598480225,0.9997197985649109,0.9919379353523254,0.062591552734375,0.053843180338541664
1,0.14413677155971527,0.9997040629386902,0.997730553150177,0.162994384765625,0.151702880859375
1,0.19648218154907227,0.9997712969779968,0.9971327781677246,0.22503662109375,0.240020751953125
1,0.0214711744338274,0.999906063079834,0.9974491000175476,0.02020263671875,0.017364501953125
1,0.1745505928993225,0.9999673366546631,0.9983515739440918,0.20964558919270834,0.14219156901041666
1,0.07263342291116714,0.9999090433120728,0.9994162321090698,0.07508341471354167,0.06373087565104167
1,0.03564390167593956,0.9999257326126099,0.9969722032546997,0.027150472005208332,0.011393229166666666
1,0.009498235769569874,0.9771101474761963,0.20929832756519318,0.009419759114583334,0.0
1,0.025629250332713127,0.976802408695221,0.3532050549983978,0.03377052310042001,0.004024436807941963
1,0.13029399514198303,0.9940890073776245,0.9643865823745728,0.18474324544270834,0.18074544270833334
1,0.061689991503953934,0.9998339414596558,0.9732915163040161,0.06800333658854167,0.039967854817708336
1,0.044215913861989975,0.9996993541717529,0.985496461391449,0.026448567708333332,0.016116536458333334
1,0.12501801550388336,0.9997240900993347,0.9974689483642578,0.134674072265625,0.125396728515625
1,0.5345566868782043,0.999854564666748,0.9987695813179016,0.5815531412760416,0.5927327473958334
1,0.2806973457336426,0.9969485402107239,0.9463988542556763,0.5546396477431403,0.4973465086993395
1,0.0729496031999588,0.9322068691253662,0.7131230235099792,0.057383219401041664,0.0
1,0.14171595871448517,0.9986114501953125,0.9911182522773743,0.17466227213541666,0.0723876953125
1,0.01691954955458641,0.9999866485595703,0.9972741603851318,0.016835530598958332,0.014475504557291666
1,0.03058195672929287,0.999559223651886,0.9929601550102234,0.03070068359375,0.023783365885416668
1,0.006110204383730888,0.9742394685745239,0.07030002027750015,0.005137125651041667,0.0
1,0.020317986607551575,0.9998893737792969,0.9856081604957581,0.013834635416666666,0.012513020833333333
1,0.04770289734005928,0.9941118359565735,0.9662178754806519,0.055979410807291664,0.05828857421875
1,0.060733944177627563,0.9993857145309448,0.9948603510856628,0.058135986328125,0.05322265625
1,0.15500350296497345,0.9972637891769409,0.9665351510047913,0.22011311848958334,0.11006673177083333
1,0.19637246429920197,0.9992648959159851,0.9962345957756042,0.20396931966145834,0.21282958984375
1,0.4786670506000519,0.9995216131210327,0.9977038502693176,0.5994669596354166,0.6307373046875
1,0.050083667039871216,0.9934611320495605,0.9175984263420105,0.07726033528645833,0.017730712890625
1,0.08280474692583084,0.9994450211524963,0.9930152893066406,0.086334228515625,0.07790120442708333
1,0.02488248609006405,0.9934357404708862,0.9178845286369324,0.027821858723958332,0.011627197265625
1,0.39665114879608154,0.9964480400085449,0.9832144975662231,0.5426228841145834,0.58087158203125
1,0.132089301943779,0.9977127313613892,0.9889265298843384,0.15906778971354166,0.12131754557291667
1,0.2739424705505371,0.9932811260223389,0.980728805065155,0.2971598307291667,0.2910868326822917
1,0.01625664345920086,0.9999970197677612,0.2617081105709076,0.009694417317708334,0.004781087239583333
1,0.010213826783001423,0.9934101700782776,0.21952995657920837,0.009846600331674959,0.008660862354892206
1,0.02098850905895233,0.9997677206993103,0.9319645166397095,0.01656,0.0067466666666666664
1,0.016696544364094734,0.9999203681945801,0.9986698627471924,0.016632080078125,0.015360514322916666
1,0.027393413707613945,0.9797840118408203,0.8177157640457153,0.028788248697916668,0.0
1,0.4007101058959961,0.995685338973999,0.971563994884491,0.5407979166666667,0.5197895833333334
1,0.16195274889469147,0.9997997879981995,0.9940882921218872,0.18047078450520834,0.114837646484375
1,0.046798225492239,0.9999203681945801,0.9967268705368042,0.050577799479166664,0.045023600260416664
1,0.24190568923950195,0.9977743029594421,0.9778411984443665,0.3758453333333333,0.20267733333333332
1,0.04295097663998604,0.9999426603317261,0.9994766116142273,0.043609619140625,0.033131917317708336
1,0.33929479122161865,0.9983958601951599,0.9937093257904053,0.383880615234375,0.39752197265625
1,0.05506394803524017,0.9979572296142578,0.625782310962677,0.05759765625,0.018411458333333332
1,0.38080307841300964,0.9998162388801575,0.9985730648040771,0.4202473958333333,0.4278564453125
1,0.0840195044875145,0.9996898174285889,0.9969603419303894,0.08534749348958333,0.0830078125
1,0.09538114070892334,0.9995253086090088,0.9944234490394592,0.0959765625,0.095830078125
1,0.16856448352336884,0.9994162321090698,0.9932287931442261,0.19648234049479166,0.169036865234375
1,0.06932107359170914,0.9908389449119568,0.8427324295043945,0.08103814141680685,0.0
1,0.2607026994228363,0.9998785257339478,0.9982588291168213,0.29827880859375,0.2628173828125
1,0.01786656491458416,0.9958980679512024,0.9260326027870178,0.016530354817708332,0.0
1,0.14354756474494934,0.9975466132164001,0.9636433720588684,0.17246744791666666,0.101240234375
1,0.14301703870296478,0.9991672039031982,0.9890553951263428,0.16190592447916666,0.12565104166666666
1,0.07663845270872116,0.9999951124191284,0.9993513226509094,0.08319091796875,0.075653076171875
1,0.007190104108303785,0.998879611492157,0.048226337879896164,0.005228678385416667,0.0
1,0.12783282995224,0.9993333220481873,0.9916832447052002,0.18927001953125,0.09639485677083333
1,0.05885378643870354,0.9933071732521057,0.8005360960960388,0.05649131274131274,0.018308397683397683
1,0.1115618422627449,0.9989141225814819,0.9894295334815979,0.14773408239700375,0.04889825218476904
1,0.03115181066095829,0.9998476505279541,0.9911527037620544,0.022837320963541668,0.019246419270833332
1,0.04559582844376564,0.9964063763618469,0.987616240978241,0.0472412109375,0.043497721354166664
1,0.25620025396347046,0.9995939135551453,0.988447368144989,0.3017645398080181,0.3077667984189723
1,0.029925361275672913,0.9747251272201538,0.7597551941871643,0.027882893880208332,0.0
1,0.13154608011245728,0.9982926249504089,0.9856076240539551,0.14950833333333333,0.06822916666666666
1,0.026785997673869133,0.9972637891769409,0.9705172181129456,0.026540120442708332,0.024790445963541668
1,0.05464755371212959,0.9996898174285889,0.9985277652740479,0.0540771484375,0.047129313151041664
1,0.023291463032364845,0.9996898174285889,0.9951136708259583,0.023956298828125,0.022165934244791668
1,0.012417842634022236,0.9843964576721191,0.2764951288700104,0.010528564453125,0.0
1,0.08239984512329102,0.9993588328361511,0.9918121099472046,0.06894938151041667,0.055694580078125
1,0.03115006536245346,0.9908034801483154,0.9482505321502686,0.031768798828125,0.024495442708333332
1,0.06681062281131744,0.9994000196456909,0.6541340351104736,0.07502628090863385,0.0031308560720325427
1,0.053543586283922195,0.9589241147041321,0.6144518852233887,0.05615885416666667,0.018411458333333332
1,0.03219879791140556,0.9999747276306152,0.31552502512931824,0.014016927083333333,0.0028190104166666667
1,0.02070300281047821,0.9817357659339905,0.8250265121459961,0.020334879557291668,0.0
1,0.12452910840511322,0.9954967498779297,0.93475341796875,0.14523755995203838,0.03297736810551559
1,0.04999001324176788,0.972362220287323,0.7849790453910828,0.063934326171875,0.0
1,0.09441056102514267,0.999823272228241,0.9952999353408813,0.09839192708333333,0.05916015625
1,0.014003127813339233,0.9990673661231995,0.479119211435318,0.013651529947916666,0.0
1,0.015455181710422039,0.9845160245895386,0.49543872475624084,0.015146891276041666,0.0
1,0.013542578555643559,0.9999412298202515,0.9920631647109985,0.0121484375,0.011578776041666667
1,0.06884638220071793,0.9814534187316895,0.9217811226844788,0.08080729166666667,0.0
1,0.28233039379119873,0.9987792372703552,0.9886244535446167,0.35589599609375,0.3475545247395833
1,0.10351717472076416,0.9956685304641724,0.9649873375892639,0.121002197265625,0.026652018229166668
1,0.07578003406524658,0.9991474151611328,0.9939496517181396,0.08302815755208333,0.050557454427083336
1,0.056651562452316284,0.9995891451835632,0.9923034906387329,0.062449137369791664,0.057545979817708336
1,0.12906266748905182,0.9998162388801575,0.9949788451194763,0.16342592592592592,0.10304074074074074
1,0.0238123070448637,0.9999233484268188,0.9832144975662231,0.0249920014625897,0.023378582202111614
1,0.03460824489593506,0.9989916682243347,0.9787114262580872,0.033426920572916664,0.019927978515625
1,0.08386865258216858,0.9992734789848328,0.9937580823898315,0.090576171875,0.062021891276041664
1,0.04399809241294861,0.9997527003288269,0.9962638020515442,0.046956380208333336,0.052866617838541664
1,0.014176477678120136,0.9998675584793091,0.48924586176872253,0.019002278645833332,0.0
1,0.07309401035308838,0.9997016787528992,0.9934101700782776,0.08080037434895833,0.05194091796875
1,0.005764886271208525,0.9725192785263062,0.0977291613817215,0.004536946614583333,0.0
1,0.07879036664962769,0.9997262358665466,0.998364269733429,0.079864501953125,0.0789794921875
1,0.03295958414673805,0.9999902248382568,0.32188618183135986,0.014388020833333333,0.004501953125
1,0.3159366548061371,0.9928231239318848,0.9478657245635986,0.4251388888888889,0.4416116898148148
1,0.01792188547551632,0.974628746509552,0.6614823937416077,0.023905436197916668,0.0
1,0.05979399010539055,0.9969125986099243,0.9686195850372314,0.07078043619791667,0.040384928385416664
1,0.07600414752960205,0.9998902082443237,0.998492956161499,0.07916259765625,0.07099405924479167
1,0.04190513864159584,0.9998352527618408,0.9821512699127197,0.037923177083333336,0.013427734375
1,0.15624095499515533,0.9913892149925232,0.9553191661834717,0.19626871744791666,0.20827229817708334
1,0.4689072072505951,0.996249258518219,0.9862577319145203,0.5754801432291666,0.61651611328125
1,0.10154500603675842,0.9993588328361511,0.9939024448394775,0.1084962962962963,0.10077407407407407
1,0.18644195795059204,0.9992533326148987,0.9822195768356323,0.28023305084745764,0.13596280602636535
1,0.03271894156932831,0.9943799376487732,0.9470822811126709,0.034372965494791664,0.0169677734375
1,0.01640705205500126,0.9930423498153687,0.5170398950576782,0.012828694817658349,0.009476967370441458
1,0.04454030469059944,0.9797453284263611,0.8916224837303162,0.052815755208333336,0.0272216796875
1,0.012881959788501263,0.9995793700218201,0.9625985622406006,0.013010660807291666,0.010050455729166666
1,0.014251620508730412,0.9999402761459351,0.9803094863891602,0.014027913411458334,0.013427734375
1,0.030772367492318153,0.9989916682243347,0.9848109483718872,0.031514485677083336,0.026458740234375
1,0.24929901957511902,0.9916195869445801,0.9530141949653625,0.33162874251497004,0.21367065868263474
1,0.11710071563720703,0.9994407296180725,0.995718777179718,0.12110392252604167,0.088409423828125
1,0.09857553988695145,0.9990781545639038,0.9967268705368042,0.09832763671875,0.09821573893229167
1,0.08832487463951111,0.9831499457359314,0.9141375422477722,0.08502197265625,0.0
1,0.3881572484970093,0.9995044469833374,0.9975560903549194,0.4260457356770833,0.4669291178385417
1,0.011166520416736603,0.9624620079994202,0.13614831864833832,0.006704,0.0
1,0.21644403040409088,0.999762237071991,0.9978510141372681,0.2711588541666667,0.2833658854166667
1,0.0880604162812233,0.999997615814209,0.9989266991615295,0.09917195638020833,0.07500203450520833
1,0.041638899594545364,0.999854564666748,0.9976859092712402,0.024189814814814813,0.017986111111111112
1,0.086052305996418,0.9948603510856628,0.9644556045532227,0.113912092283214,0.04595266507557677
1,0.08468747138977051,0.999891996383667,0.9988304972648621,0.08635457356770833,0.08317057291666667
1,0.30036357045173645,0.9998286962509155,0.9649873375892639,0.4009392138939671,0.32095292504570383
1,0.1281924545764923,0.9979169964790344,0.9203569889068604,0.1572265625,0.040018717447916664
1,0.05871975049376488,0.9999837875366211,0.6674728393554688,0.06052408854166667,0.02279296875
1,0.029391547664999962,0.9999493360519409,0.8510693907737732,0.025990804036458332,0.006123860677083333
1,0.01976911723613739,0.9781771898269653,0.7367739081382751,0.023264567057291668,0.0
1,0.14479659497737885,0.9999508857727051,0.999438464641571,0.15580240885416666,0.160369873046875
1,0.06437861174345016,0.9985449314117432,0.9828232526779175,0.07436116536458333,0.041127522786458336
1,0.011055756360292435,0.9599877595901489,0.18140818178653717,0.008157389635316698,0.0
1,0.10922133177518845,0.9997448325157166,0.9929336309432983,0.12706502278645834,0.11668904622395833
1,0.07692763954401016,0.9993809461593628,0.9843363761901855,0.08780924479166667,0.07787068684895833
1,0.35561200976371765,0.9985392093658447,0.9893474578857422,0.4390767415364583,0.3689168294270833
1,0.06455538421869278,0.9955315589904785,0.9638481140136719,0.07029583333333334,0.024404166666666668
1,0.33495059609413147,0.9988752007484436,0.9944451451301575,0.3615253333333333,0.30913066666666666
1,0.047216568142175674,0.8770562410354614,0.6561594605445862,0.07476377089352289,0.0
1,0.08321516960859299,0.9939024448394775,0.9753431081771851,0.092926025390625,0.10239664713541667
1,0.0061482698656618595,0.9822876453399658,0.01634012907743454,0.004811604817708333,0.0
1,0.11408749967813492,0.9975466132164001,0.9903663396835327,0.13048299153645834,0.09874471028645833
1,0.4179423153400421,0.9996387958526611,0.9980351328849792,0.50616455078125,0.5071004231770834
1,0.006346614565700293,0.9313377141952515,0.061869196593761444,0.008199055989583334,0.0
1,0.05425136163830757,0.9998103976249695,0.9973269701004028,0.057881673177083336,0.060139973958333336
1,0.14762550592422485,0.9992175102233887,0.9964203834533691,0.18042317708333333,0.19900390625
1,0.02733154036104679,0.9618217349052429,0.7844792604446411,0.034403483072916664,0.0
1,0.14479249715805054,0.9971990585327148,0.9864678382873535,0.17059298245614035,0.16020701754385966
1,0.06878495216369629,0.996364176273346,0.9515940546989441,0.08526663001649258,0.02183617372182518
1,0.20970316231250763,0.9966102242469788,0.9839708209037781,0.279510498046875,0.3253682454427083
1,0.1755649894475937,0.9988120794296265,0.9929060935974121,0.2380091349283854,0.2193425496419271
1,0.4329746961593628,0.9995842576026917,0.9981897473335266,0.5906473795572916,0.6423136393229166
1,0.02751384675502777,0.9999935626983643,0.977575421333313,0.033681233723958336,0.005706787109375
1,0.1563984751701355,0.9994986057281494,0.9974391460418701,0.18228515625,0.160166015625
1,0.047069430351257324,0.9995452761650085,0.9885361194610596,0.050872802734375,0.045176188151041664
1,0.062482740730047226,0.9658995866775513,0.9029524326324463,0.05379629629629629,0.0
1,0.03057117760181427,0.9997367262840271,0.9826889038085938,0.021830240885416668,0.013254801432291666
1,0.03384909778833389,0.9999125003814697,0.7496374249458313,0.029866536458333332,0.005482991536458333
1,0.003069796599447727,0.44537878036499023,0.0485835038125515,0.0011800130208333333,0.0
1,0.015853988006711006,0.999140739440918,0.980764627456665,0.016001383463541668,0.015167236328125
1,0.2675555646419525,0.9967523813247681,0.9862577319145203,0.3178622555828841,0.2815124444047968
1,0.3404279947280884,0.9997040629386902,0.9984145164489746,0.3644307454427083,0.3719685872395833
1,0.0012942453613504767,0.25590112805366516,0.015306354500353336,0.0,0.0
1,0.047244999557733536,0.9951325058937073,0.8679338097572327,0.044267578125,0.0
1,0.03358620032668114,0.9996849298477173,0.9972637891769409,0.035268147786458336,0.022908528645833332
1,0.03855768218636513,0.9993928670883179,0.9951884150505066,0.042765299479166664,0.032826741536458336
1,0.16570234298706055,0.9963924288749695,0.9845160245895386,0.19718424479166666,0.15142822265625
1,0.01370073389261961,0.9746769666671753,0.4363764226436615,0.015614827473958334,0.0
1,0.06388193368911743,0.9991958737373352,0.9949983358383179,0.069183349609375,0.05438232421875
1,0.04650295153260231,0.9893885254859924,0.9099069833755493,0.043904622395833336,0.0
1,0.034324899315834045,0.9997407793998718,0.9971327781677246,0.03219588154750718,0.025188605793755203
1,0.04074576124548912,0.9947391152381897,0.9273633360862732,0.048187255859375,0.020477294921875
1,0.229812890291214,0.9973374009132385,0.9890134930610657,0.3550385964912281,0.3979157894736842
1,0.5902166962623596,0.9995971322059631,0.9973580241203308,0.6305338541666666,0.63018798828125
1,0.06551376730203629,0.9996125102043152,0.9944451451301575,0.06888834635416667,0.062032063802083336
1,0.5292184948921204,0.9997584223747253,0.997739315032959,0.7832920500117952,0.8129697030970916
1,0.015230957418680191,0.9999756813049316,0.9960699081420898,0.015286458333333334,0.014046223958333333
1,0.17487521469593048,0.9956516623497009,0.9791157841682434,0.20845540364583334,0.09710693359375
1,0.11805683374404907,0.9995216131210327,0.9976032376289368,0.12916056315104166,0.11217244466145833
1,0.1718973070383072,0.9980121850967407,0.9910145401954651,0.19054158528645834,0.19404093424479166
1,0.060275230556726456,0.9998300075531006,0.9908389449119568,0.06374104817708333,0.065765380859375
1,0.040332719683647156,0.9999184608459473,0.9964480400085449,0.037962666666666665,0.021669333333333332
1,0.030664844438433647,0.9996169805526733,0.989591658115387,0.024879557291666667,0.021901041666666666
1,0.0511755533516407,0.9904406070709229,0.9481545686721802,0.05804443359375,0.038045247395833336
1,0.11566426604986191,0.9965301156044006,0.9847505688667297,0.131927490234375,0.12348429361979167
1,0.0133432038128376,0.9999719858169556,0.9256462454795837,0.010784505208333333,0.010595703125
1,0.025314217433333397,0.9674717783927917,0.8416877388954163,0.030741373697916668,0.023569742838541668
1,0.07605075091123581,0.9937587976455688,0.9681393504142761,0.06956990559895833,0.06719970703125
1,0.020155465230345726,0.9913222789764404,0.3817311227321625,0.013743082682291666,0.0
1,0.057704344391822815,0.9999430179595947,0.9993040561676025,0.055521647135416664,0.050435384114583336
1,0.3799837827682495,0.9996429681777954,0.9969245791435242,0.4654436145017307,0.46413918746584076
1,0.2089649736881256,0.999312162399292,0.9937345385551453,0.2565619001919386,0.2563003838771593
1,0.04994925856590271,0.9949788451194763,0.6557251811027527,0.04417276210379659,0.0
1,0.11272653192281723,0.9999892711639404,0.9991798996925354,0.11761474609375,0.11692301432291667
1,0.05893422290682793,0.9999245405197144,0.9939956665039062,0.0689697265625,0.07682291666666667
1,0.07261685281991959,0.9999880790710449,0.999525249004364,0.07613118489583333,0.06779988606770833
1,0.052042391151189804,0.9969722032546997,0.9807657599449158,0.054524739583333336,0.053599039713541664
1,0.045861076563596725,0.9962345957756042,0.9604353904724121,0.054667154947916664,0.022552490234375
1,0.7333818078041077,0.9978510141372681,0.9958337545394897,0.759307861328125,0.759613037109375
1,0.17816151678562164,0.9993663430213928,0.9832144975662231,0.22022083333333334,0.09895
1,0.03540748357772827,0.9999030828475952,0.9948391318321228,0.036366780598958336,0.02154541015625
1,0.11936264485120773,0.9986383318901062,0.9940658807754517,0.12166341145833333,0.11918131510416667
1,0.09844518452882767,0.9992848038673401,0.9941567778587341,0.10052490234375,0.10249837239583333
1,0.06712455302476883,0.9942920207977295,0.41917234659194946,0.12207669616519173,0.0
1,0.18969596922397614,0.9968884587287903,0.966092050075531,0.2659454345703125,0.25654347737630206
1,0.23418226838111877,0.9998352527618408,0.9772412776947021,0.2941729166666667,0.20108958333333332
1,0.2306547313928604,0.9939730763435364,0.9554024338722229,0.37726236979166666,0.39836263020833335
1,0.25259193778038025,0.9989916682243347,0.9880388379096985,0.313877812238468,0.24966277753163
1,0.13296711444854736,0.9921537041664124,0.8988765478134155,0.1955520669806384,0.120578231292517
1,0.01577349565923214,0.9966365098953247,0.1830000877380371,0.007822672526041666,0.0
1,0.08730302006006241,0.9975560903549194,0.9902915358543396,0.09465535481770833,0.058878580729166664
1,0.2277841418981552,0.9995290040969849,0.9386884570121765,0.31423489278752437,0.20314083820662768
1,0.08185732364654541,0.9998875856399536,0.9968763589859009,0.08917236328125,0.08436075846354167
1,0.08907847851514816,0.9996471405029297,0.9938787817955017,0.10065714518229167,0.06819661458333333
1,0.14090503752231598,0.9732915163040161,0.8095682263374329,0.238128662109375,0.14554850260416666
1,0.12598757445812225,0.9986329674720764,0.987616240978241,0.13836669921875,0.140716552734375
1,0.08044502139091492,0.9995272159576416,0.9956680536270142,0.086273193359375,0.08711751302083333
1,0.03256075456738472,0.9997933506965637,0.9987104535102844,0.033589680989583336,0.036610921223958336
1,0.5390042066574097,0.9997262358665466,0.9951514005661011,0.6854603916983338,0.7072259573224203
1,0.007683556526899338,0.9048188328742981,0.10989095270633698,0.005421956380208333,0.0
1,0.1284557729959488,0.9974884986877441,0.9744833707809448,0.22340901692708334,0.038686116536458336
1,0.26372531056404114,0.9989556074142456,0.9965569972991943,0.3278706868489583,0.395599365234375
1,0.025389594957232475,0.9997640252113342,0.9461943507194519,0.028055826822916668,0.0
0,0.02681497484445572,0.9599877595901489,0.7101260423660278,0.025634765625,0.0
0,0.2405695766210556,0.9956346154212952,0.8709269165992737,0.3954366048177083,0.1243896484375
0,0.08265361934900284,0.9366336464881897,0.7779752612113953,0.10490926106770833,0.0
0,0.03399162366986275,0.8840392827987671,0.6254243850708008,0.034820556640625,0.0
0,0.020010804757475853,0.48177382349967957,0.25664007663726807,0.008402506510416666,0.0
0,0.03219692036509514,0.9564718008041382,0.6229147911071777,0.036824544270833336,0.0
0,0.0024546170607209206,0.05480259656906128,0.01956867426633835,0.0,0.0
0,0.013292179442942142,0.9178933501243591,0.1588256061077118,0.004150390625,0.0
0,0.04274609684944153,0.8057851195335388,0.5823723077774048,0.044270833333333336,0.0
0,0.13612283766269684,0.9575962424278259,0.8279631733894348,0.20269775390625,0.19609578450520834
0,0.038500621914863586,0.865565299987793,0.671901285648346,0.05621337890625,0.0
0,0.024648234248161316,0.8918110132217407,0.41780054569244385,0.022318522135416668,0.0
0,0.03525501862168312,0.9058233499526978,0.5629539489746094,0.041971842447916664,0.0
0,0.11625135689973831,0.9587699174880981,0.9069831967353821,0.15971883138020834,0.0
0,0.0006180087220855057,0.019606182351708412,0.004718369338661432,0.0,0.0
0,0.0008020742679946125,0.4591064751148224,0.007665874902158976,7.120768229166667e-05,0.0
0,0.0008515685331076384,0.010944577865302563,0.004905405919998884,0.0,0.0
0,0.03484664484858513,0.9683812260627747,0.7869357466697693,0.03094482421875,0.0
0,0.09671974927186966,0.9868786931037903,0.9148963689804077,0.11222330729166667,0.0
0,0.033267196267843246,0.6995623707771301,0.4091600179672241,0.035919189453125,0.0
0,0.18001896142959595,0.9330658316612244,0.7885782718658447,0.2919921875,0.18831380208333334
0,0.044076308608055115,0.9885361194610596,0.8768422603607178,0.04815673828125,0.0
0,0.14035387337207794,0.9849852323532104,0.9407864212989807,0.172119140625,0.076873779296875
0,0.004748405423015356,0.13106197118759155,0.03817827254533768,0.0,0.0
0,0.05391308292746544,0.9305844902992249,0.7191864252090454,0.061981201171875,0.0
0,0.006488217040896416,0.2862689793109894,0.07793768495321274,6.103515625e-05,0.0
0,0.029717952013015747,0.6040486097335815,0.29654932022094727,0.013600667317708334,0.0
0,0.006375947967171669,0.3365490734577179,0.06705629080533981,0.00020345052083333334,0.0
0,0.035500526428222656,0.8570517301559448,0.5123704671859741,0.04547119140625,0.0
0,0.025323184207081795,0.8403899669647217,0.37294813990592957,0.017069498697916668,0.0
0,0.013108800165355206,0.5380427837371826,0.15752655267715454,0.003611111111111111,0.0
0,0.11616580933332443,0.9997851252555847,0.9129031896591187,0.16013866666666668,0.0025653333333333335
0,0.0011036883806809783,0.09687653928995132,0.013171949423849583,0.0,0.0
0,0.07849245518445969,0.9856076240539551,0.9390214681625366,0.09519449869791667,0.022216796875
0,0.03051893226802349,0.9571177959442139,0.8477120399475098,0.038482666015625,0.020334879557291668
0,0.21101905405521393,0.995226263999939,0.9675332307815552,0.280426025390625,0.3259379069010417
0,0.2908502519130707,0.9838472008705139,0.9418684244155884,0.40660087719298244,0.30450292397660816
0,0.5160315036773682,0.9933071732521057,0.9478657245635986,0.6896208333333333,0.78271875
0,0.005342951975762844,0.2577650845050812,0.06075189635157585,0.0,0.0
0,0.0004939514328725636,0.02898062951862812,0.006026951130479574,0.0,0.0
0,0.047880422323942184,0.9540517926216125,0.5559481978416443,0.047876830318690784,0.0
0,0.0250608641654253,0.4371025562286377,0.14965684711933136,0.0010791666666666666,0.0
0,0.00891949888318777,0.628065288066864,0.07263670861721039,0.001147684437264405,0.0
0,0.21343232691287994,0.9876639246940613,0.9385759830474854,0.29635381897612656,0.23188149116951176
0,0.13221552968025208,0.9366336464881897,0.7889086008071899,0.24949333333333334,0.24149866666666667
0,0.10445523262023926,0.9635748267173767,0.7511008381843567,0.14229250914692856,0.0
0,0.05927005037665367,0.95743727684021,0.4867970049381256,0.07963705594037347,0.0
0,0.06813531368970871,0.9796676635742188,0.649917483329773,0.07789018511767327,0.0
0,0.06757859885692596,0.8169911503791809,0.4822600781917572,0.1429445107398568,0.0
0,0.044595468789339066,0.5933147668838501,0.3896045982837677,0.09722818158414143,0.0
0,0.11066797375679016,0.7662936449050903,0.41519519686698914,0.2866391637155757,0.0
0,0.07298438996076584,0.9132132530212402,0.48301419615745544,0.11015153532126376,0.0
0,0.0067068408243358135,0.9210741519927979,0.08787644654512405,0.0035439095766101967,0.0
0,0.13394306600093842,0.8097277879714966,0.4153730869293213,0.3505573830409357,0.0
0,0.008207720704376698,0.7386690378189087,0.10557883977890015,0.0015575620767494358,0.0
0,0.007949797436594963,0.46165379881858826,0.08494710177183151,0.0005668934240362812,0.0
0,0.018100235611200333,0.9991832375526428,0.48326951265335083,0.015205078125,0.0
0,0.19094844162464142,0.9957848191261292,0.9680808186531067,0.23031628104436425,0.13735300360857566
0,0.0320519395172596,0.9094254970550537,0.35309353470802307,0.017696731234866828,0.0
0,0.2908502519130707,0.9838472008705139,0.9418684244155884,0.40660087719298244,0.30450292397660816
0,0.001532115857116878,0.13488984107971191,0.012383784167468548,0.0,0.0
0,0.13326285779476166,0.9939496517181396,0.9590010046958923,0.1582790707228396,0.10224821806380051
0,0.07983469218015671,0.7958168387413025,0.4605318009853363,0.15368518518518517,0.0
0,0.0250608641654253,0.4371025562286377,0.14965684711933136,0.0010791666666666666,0.0
0,0.004153445828706026,0.7617157697677612,0.05370030552148819,0.0015380513914238253,0.0
0,0.15914471447467804,0.9925682544708252,0.949669361114502,0.19616319444444444,0.1547511574074074
0,0.008248303085565567,0.9145963191986084,0.06418264657258987,0.00171875,0.0
0,0.24476927518844604,0.9963924288749695,0.987616240978241,0.4048412820908576,0.3391212635694809
0,0.21343232691287994,0.9876639246940613,0.9385759830474854,0.29635381897612656,0.23188149116951176
0,0.06498246639966965,0.5987815260887146,0.4342813491821289,0.10886690120880602,0.0
0,0.020806899294257164,0.5396807789802551,0.27464306354522705,0.010845129985754987,0.0
0,0.0015695150941610336,0.3493107259273529,0.01659317873418331,9.04249066362839e-05,0.0
0,0.004705714527517557,0.7956580519676208,0.04672495648264885,0.002927362799974265,0.0
0,0.028019292280077934,0.9449946880340576,0.3319854736328125,0.02299978777589134,0.0
0,0.0040862769819796085,0.1788124442100525,0.047866340726614,0.0,0.0
0,0.07166068255901337,0.7268136143684387,0.5086472034454346,0.114227294921875,0.0
0,0.0004951974260620773,0.09417666494846344,0.009161027148365974,0.0,0.0
0,0.0033342514652758837,0.43857476115226746,0.04620574787259102,0.0006917317708333334,0.0
0,0.00255645252764225,0.06828853487968445,0.026056302711367607,0.0,0.0
0,0.02649349719285965,0.9480584859848022,0.7010902762413025,0.032562255859375,0.0
0,0.05334967002272606,0.6357879638671875,0.3593641221523285,0.055104573567708336,0.0
0,0.003904807148501277,0.3745619058609009,0.05023736134171486,0.0003255208333333333,0.0
0,0.09772470593452454,0.9365176558494568,0.8709269165992737,0.12754313151041666,0.0
0,0.07366377115249634,0.9224823713302612,0.7055791616439819,0.10892740885416667,0.0
0,0.025381216779351234,0.7081116437911987,0.4192318022251129,0.02734375,0.0
0,0.18914367258548737,0.9622496962547302,0.8646502494812012,0.2802327473958333,0.14924112955729166
0,0.17313747107982635,0.9257686138153076,0.7358314990997314,0.320220947265625,0.20506795247395834
0,0.09652108699083328,0.9923933744430542,0.9305844902992249,0.12157185872395833,0.07830810546875
0,0.00036407666630111635,0.009974921122193336,0.0029810327105224133,0.0,0.0
0,0.048483192920684814,0.9382373094558716,0.7836526036262512,0.06376139322916667,0.036458333333333336
0,0.05982784926891327,0.9453993439674377,0.8762113451957703,0.07366943359375,0.035847981770833336
0,0.009705130942165852,0.4312248229980469,0.17996250092983246,0.002044677734375,0.0
0,0.05240201577544212,0.9036349058151245,0.7738954424858093,0.071136474609375,0.0
0,0.00856084655970335,0.6742650270462036,0.1443827599287033,0.0021769205729166665,0.0
0,0.12159416824579239,0.9366336464881897,0.8646537065505981,0.17756144205729166,0.083099365234375
0,0.1361670345067978,0.9291837811470032,0.8765287399291992,0.18599446614583334,0.16691080729166666
0,0.15408965945243835,0.9888850450515747,0.9475725293159485,0.18646240234375,0.18927001953125
0,0.2841619551181793,0.9675945043563843,0.934155285358429,0.4122111002604167,0.4261678059895833
0,0.01580645889043808,0.7913377285003662,0.3311164975166321,0.013437906901041666,0.0
0,0.013754556886851788,0.5687152743339539,0.2485342025756836,0.007914225260416666,0.0
0,0.005998760461807251,0.4341014325618744,0.07892589271068573,0.0004679361979166667,0.0
0,0.0025200387462973595,0.3379678428173065,0.02838212437927723,5.0862630208333336e-05,0.0
0,0.03980332240462303,0.8929365277290344,0.579218327999115,0.043263753255208336,0.0
0,0.08367825299501419,0.9722043871879578,0.8826303482055664,0.10303751627604167,0.06396484375
0,0.09601876884698868,0.8649961352348328,0.6735138297080994,0.17261759440104166,0.0
0,0.05033141374588013,0.9277569651603699,0.7276794910430908,0.05029296875,0.0
0,0.1488930732011795,0.8921873569488525,0.6564348340034485,0.2710774739583333,0.0
0,0.06389199942350388,0.9366336464881897,0.7898778319358826,0.08451334635416667,0.0
0,0.10672026872634888,0.8834372758865356,0.6395075917243958,0.17930094401041666,0.0
0,0.013209695927798748,0.5746335387229919,0.17328819632530212,0.0034077962239583335,0.0
0,0.3456228971481323,0.9551520943641663,0.9066531658172607,0.566986083984375,0.5649312337239584
0,0.34793558716773987,0.9334307909011841,0.8613015413284302,0.6298624674479166,0.6467692057291666
0,0.09962102025747299,0.8022459149360657,0.6603914499282837,0.11946614583333333,0.0
0,0.20898979902267456,0.941439151763916,0.8303191661834717,0.3221028645833333,0.08852132161458333
0,0.23029963672161102,0.9099069833755493,0.8180066347122192,0.4562886555989583,0.4406331380208333
0,0.14479456841945648,0.879561185836792,0.6723284721374512,0.2708841959635417,0.134033203125
0,0.41898539662361145,0.9640516638755798,0.9370958209037781,0.562286376953125,0.580963134765625
0,0.05632603168487549,0.9249592423439026,0.7481683492660522,0.054494222005208336,0.0308837890625
0,0.044725075364112854,0.9491063356399536,0.6175668239593506,0.035664876302083336,0.0
0,0.38519442081451416,0.9931495785713196,0.9798997044563293,0.4619344075520833,0.463714599609375
0,0.05518403649330139,0.7132319211959839,0.38594791293144226,0.07718912760416667,0.0
0,0.4109397828578949,0.9599125981330872,0.9214990139007568,0.6180623372395834,0.6656697591145834
0,0.2889077961444855,0.9162596464157104,0.815232515335083,0.525390625,0.598876953125
0,0.1319088190793991,0.9677167534828186,0.8464470505714417,0.19667561848958334,0.175933837890625
0,0.0936771035194397,0.730770468711853,0.48449212312698364,0.17563883463541666,0.0
0,0.3163919746875763,0.9383503198623657,0.8507168292999268,0.5626118977864584,0.3730875651041667
0,0.15564937889575958,0.9326989054679871,0.8574102520942688,0.20647176106770834,0.18115234375
0,0.30021190643310547,0.9257686138153076,0.8686040639877319,0.442535400390625,0.40899658203125
0,0.35858187079429626,0.9518632292747498,0.8796614408493042,0.5832722981770834,0.6057230631510416
0,0.10304776579141617,0.8925625681877136,0.7771308422088623,0.16343180338541666,0.0
0,0.000632600684184581,0.011508148163557053,0.005080037284642458,0.0,0.0
0,0.2634507715702057,0.9716179370880127,0.9324532747268677,0.3337300618489583,0.3419189453125
0,0.012528318911790848,0.8342719078063965,0.18096919357776642,0.005157470703125,0.0
0,0.0009634532034397125,0.048316068947315216,0.009090383537113667,0.0,0.0
0,0.2831970155239105,0.9692660570144653,0.9376689791679382,0.3818868001302083,0.3823343912760417
0,0.050173673778772354,0.9415467381477356,0.7412940263748169,0.081573486328125,0.0
0,0.3365706205368042,0.9947595000267029,0.9575914740562439,0.443450927734375,0.3779703776041667
0,0.0003459785657469183,0.00570803415030241,0.0019877743907272816,0.0,0.0
0,0.15996046364307404,0.9821512699127197,0.9358173608779907,0.23038736979166666,0.22989908854166666
0,0.16470278799533844,0.9305844902992249,0.8740772008895874,0.22040812174479166,0.20704142252604166
0,0.06677236407995224,0.9556514620780945,0.9005298018455505,0.07660929361979167,0.042683919270833336
0,0.14741601049900055,0.9769347906112671,0.9325762391090393,0.17633056640625,0.17646280924479166
0,0.0009963958291336894,0.0361519381403923,0.007289077155292034,0.0,0.0
0,0.24168629944324493,0.9596109390258789,0.9161096215248108,0.3746439615885417,0.3707987467447917
0,0.38604655861854553,0.9896317720413208,0.9703508019447327,0.4741109212239583,0.5465901692708334
0,0.030482741072773933,0.5896573066711426,0.35309019684791565,0.057729085286458336,0.0
0,0.05406650900840759,0.8641958832740784,0.5631359815597534,0.050221761067708336,0.0
0,0.3556503355503082,0.9851003289222717,0.9679599404335022,0.471771240234375,0.469482421875
0,0.025347406044602394,0.47431156039237976,0.3302551507949829,0.0516357421875,0.0
0,0.01362331211566925,0.9267027974128723,0.2773692309856415,0.010528564453125,0.0
0,0.004180664662271738,0.4116429388523102,0.05931587889790535,0.0018107096354166667,0.0
0,0.042934734374284744,0.6969905495643616,0.3914007246494293,0.036265055338541664,0.0
0,0.18982337415218353,0.9654463529586792,0.9289263486862183,0.2531840006510417,0.2681681315104167
0,0.03786175325512886,0.8260111808776855,0.4875052571296692,0.034149169921875,0.0
0,0.008276984095573425,0.5155741572380066,0.098941370844841,0.000518798828125,0.0
0,0.39668479561805725,0.9869794845581055,0.9613164663314819,0.5074259440104166,0.5009053548177084
0,0.008276257663965225,0.39817240834236145,0.09252365678548813,0.0005289713541666666,0.0
0,0.2510095536708832,0.997231662273407,0.9700134992599487,0.4034220377604167,0.15955607096354166
0,0.006701527629047632,0.5668579936027527,0.08388588577508926,0.0019327799479166667,0.0
0,0.02948381006717682,0.8681575655937195,0.3714717626571655,0.030283610026041668,0.0
0,0.04747743532061577,0.9272316098213196,0.5868188142776489,0.07911173502604167,0.0
0,0.08094462007284164,0.9789956212043762,0.9308327436447144,0.10090128580729167,0.08860270182291667
0,0.014304909855127335,0.8521990180015564,0.17938244342803955,0.004709879557291667,0.0
0,0.10259146243333817,0.9082930684089661,0.7935814261436462,0.16603597005208334,0.125091552734375
0,0.004674645606428385,0.8757869601249695,0.04352570325136185,0.004384358723958333,0.0
0,0.04890722036361694,0.9554024338722229,0.7444706559181213,0.04913330078125,0.0
0,0.01303109247237444,0.851706326007843,0.2324843406677246,0.007670084635416667,0.0
0,0.005065195262432098,0.6465717554092407,0.07585407793521881,0.001556396484375,0.0
0,0.1372072696685791,0.9094254970550537,0.7728685736656189,0.20850626627604166,0.042521158854166664
0,0.06980297714471817,0.7305783033370972,0.4840119779109955,0.144012451171875,0.0
0,0.0006024314789101481,0.6935767531394958,0.00266261282376945,0.0004069010416666667,0.0
0,0.046780094504356384,0.995226263999939,0.9328213930130005,0.053741455078125,0.036448160807291664
0,0.1244925856590271,0.9924227595329285,0.9694401025772095,0.14493815104166666,0.14737955729166666
0,0.0004968883586116135,0.015603534877300262,0.006050397641956806,0.0,0.0
0,0.0035320494789630175,0.35197898745536804,0.041695769876241684,0.00016276041666666666,0.0
0,0.0601075142621994,0.9429286122322083,0.7520126104354858,0.07871500651041667,0.0
0,0.0002946261374745518,0.02271575853228569,0.004281254485249519,0.0,0.0
0,0.18289487063884735,0.9575167298316956,0.9078037738800049,0.24955240885416666,0.1343994140625
0,0.12669657170772552,0.9627432227134705,0.9066531658172607,0.169677734375,0.051350911458333336
0,0.5171961784362793,0.9904406070709229,0.9784246683120728,0.657562255859375,0.7513631184895834
0,0.04462968185544014,0.9780517220497131,0.8364209532737732,0.03802490234375,0.0
0,0.023510122671723366,0.8791467547416687,0.32861778140068054,0.013875325520833334,0.0
0,0.020007744431495667,0.8794577121734619,0.43205803632736206,0.02093505859375,0.0
0,0.05126577243208885,0.9617499113082886,0.7948630452156067,0.08106486002604167,0.0
0,0.10716167837381363,0.970687747001648,0.8545172214508057,0.1458740234375,0.0
0,0.22015003859996796,0.9910838603973389,0.9696707129478455,0.27716064453125,0.16196695963541666
0,0.07525255531072617,0.98046875,0.7487199306488037,0.06993611653645833,0.0
0,0.03706878423690796,0.9575167298316956,0.48820623755455017,0.043416341145833336,0.0
0,0.002949160523712635,0.7918210625648499,0.04328241944313049,0.002532958984375,0.0
0,0.14667834341526031,0.9898303151130676,0.954562783241272,0.181915283203125,0.16933186848958334
0,0.20273298025131226,0.9921537041664124,0.949669361114502,0.2600911458333333,0.14306640625
0,0.19778697192668915,0.9714016318321228,0.9238675236701965,0.245025634765625,0.1468505859375
0,0.014453639276325703,0.9406808614730835,0.34975144267082214,0.014007568359375,0.0
0,0.007933753542602062,0.8687154054641724,0.15495054423809052,0.006154378255208333,0.0
0,0.19151157140731812,0.9951702952384949,0.982557475566864,0.22401936848958334,0.19108072916666666
0,0.05556953325867653,0.9682013392448425,0.918333888053894,0.07151285807291667,0.06341552734375
0,0.16544349491596222,0.9852713346481323,0.9267027974128723,0.22025553385416666,0.031107584635416668
0,0.004557067062705755,0.5864636301994324,0.06804042309522629,0.0009053548177083334,0.0
0,0.2750300168991089,0.978260338306427,0.9385725855827332,0.38250732421875,0.254180908203125
0,0.15874025225639343,0.9827572107315063,0.9407896995544434,0.20237223307291666,0.12184651692708333
0,0.019707387313246727,0.8433797955513,0.3921005427837372,0.016774495442708332,0.0
0,0.052000924944877625,0.9829546809196472,0.9466924071311951,0.060791015625,0.06327311197916667
0,0.00021837407257407904,0.028328312560915947,0.0015305662527680397,0.0,0.0
0,0.07819096744060516,0.9323301911354065,0.5136592388153076,0.10490926106770833,0.0
0,0.0018952172249555588,0.05749328061938286,0.01764446310698986,0.0,0.0
0,0.0002871201140806079,0.014842418022453785,0.002491967985406518,0.0,0.0
0,0.06522531062364578,0.7757747173309326,0.522612452507019,0.09175618489583333,0.0
0,0.004827678669244051,0.44779232144355774,0.06766243278980255,0.0003255208333333333,0.0
0,0.08518021553754807,0.9383503198623657,0.8392075896263123,0.11762491861979167,0.07674153645833333
0,0.02736450731754303,0.9844563603401184,0.6650810837745667,0.023610432942708332,0.0
0,0.010931090451776981,0.27953338623046875,0.08897849172353745,6.103515625e-05,0.0
0,0.02272902987897396,0.9235922694206238,0.4730229079723358,0.022786458333333332,0.0
0,0.006988011300563812,0.399635910987854,0.1698659360408783,0.006561279296875,0.0
0,0.0033049779012799263,0.13892841339111328,0.042719800025224686,0.0,0.0
0,0.04117536172270775,0.6925380229949951,0.43764322996139526,0.07820638020833333,0.0
0,0.016206884756684303,0.9116528034210205,0.3199675679206848,0.012054443359375,0.0
0,0.045867517590522766,0.984752357006073,0.9501341581344604,0.050516764322916664,0.0330810546875
0,0.0011561632854864001,0.08210662752389908,0.011869121342897415,0.0,0.0
0,0.006883205380290747,0.30466195940971375,0.08035747706890106,8.138020833333333e-05,0.0
0,0.10148625820875168,0.879561185836792,0.5642185211181641,0.164520263671875,0.0
0,0.0018314202316105366,0.06560484319925308,0.01805429719388485,0.0,0.0
0,0.19729141891002655,0.9684410095214844,0.9156537055969238,0.2667948404947917,0.162628173828125
0,0.16096700727939606,0.9389128684997559,0.8611882925033569,0.242919921875,0.19486490885416666
0,0.08102572709321976,0.9061560034751892,0.5941392183303833,0.097076416015625,0.0
0,0.03918709233403206,0.9212159514427185,0.4925774335861206,0.037821451822916664,0.0
0,0.06367193907499313,0.8260111808776855,0.605504035949707,0.104156494140625,0.0
0,0.028186239302158356,0.8475897312164307,0.5352447628974915,0.031494140625,0.0
0,0.17043228447437286,0.9565531015396118,0.894789457321167,0.24076334635416666,0.22020467122395834
0,0.0005431901663541794,0.012007351033389568,0.002822832902893424,0.0,0.0
0,0.04869508370757103,0.9032942056655884,0.6886652112007141,0.055430094401041664,0.0
0,0.004497284535318613,0.32917603850364685,0.06681232899427414,0.0004374186197916667,0.0
0,0.00024898009723983705,0.005080037284642458,0.001680941553786397,0.0,0.0
0,0.0018328865990042686,0.19667185842990875,0.025129511952400208,0.0,0.0
0,0.045818910002708435,0.9425067901611328,0.7742370367050171,0.058125813802083336,0.026590983072916668
0,0.022430596873164177,0.8822250962257385,0.44904860854148865,0.022237141927083332,0.0
0,0.02872532047331333,0.9457011222839355,0.5564260482788086,0.029083251953125,0.0
0,0.007065908517688513,0.3582407832145691,0.10105060040950775,0.0004984537760416666,0.0
0,0.03658382222056389,0.8572908639907837,0.5065202116966248,0.030904134114583332,0.0
0,0.057835232466459274,0.9674717783927917,0.8955226540565491,0.0689697265625,0.03582763671875
0,0.001656726119108498,0.05203782394528389,0.010610193014144897,0.0,0.0
0,0.0006118720048107207,0.02280263788998127,0.006718870252370834,0.0,0.0
0,0.17600713670253754,0.9889278411865234,0.9437636137008667,0.22547403971354166,0.17392985026041666
0,0.21528983116149902,0.9782188534736633,0.9444848895072937,0.273834228515625,0.2876180013020833
0,0.000866863876581192,0.0626743733882904,0.005842605140060186,0.0,0.0
0,0.2083541601896286,0.9684410095214844,0.8866109848022461,0.295196533203125,0.19215901692708334
0,0.00240127625875175,0.6162432432174683,0.02437659725546837,0.0011800130208333333,0.0
0,0.3435170650482178,0.9976859092712402,0.9878996014595032,0.4124857584635417,0.4107564290364583
0,0.03705519065260887,0.9741412401199341,0.8729984164237976,0.043212890625,0.0
0,0.014348306693136692,0.6740504503250122,0.1507737785577774,0.0023091634114583335,0.0
0,0.04110485687851906,0.9818405508995056,0.6805474758148193,0.043263753255208336,0.0
0,0.20351845026016235,0.9830850958824158,0.9411120414733887,0.2876485188802083,0.2914021809895833
0,0.015341072343289852,0.9003546833992004,0.29715168476104736,0.011149088541666666,0.0
0,0.03794737905263901,0.8891444206237793,0.5535291433334351,0.030792236328125,0.0
0,0.04578247666358948,0.9658352136611938,0.8016160726547241,0.051167805989583336,0.0
0,0.002647541230544448,0.05136751011013985,0.019756918773055077,0.0,0.0
0,0.1213773563504219,0.9832144975662231,0.9127477407455444,0.16176350911458334,0.13480631510416666
0,0.19146226346492767,0.9814534187316895,0.9562248587608337,0.23243204752604166,0.22254435221354166
0,0.010213054716587067,0.2668346166610718,0.09041372686624527,0.0,0.0
0,0.12687493860721588,0.9924227595329285,0.903464674949646,0.16904703776041666,0.1650390625
0,0.00698687881231308,0.28219619393348694,0.05964693799614906,1.0172526041666666e-05,0.0
0,0.0029700035229325294,0.38670554757118225,0.03488088399171829,0.0004170735677083333,0.0
0,0.015038073994219303,0.7005876302719116,0.36726686358451843,0.021067301432291668,0.0
0,0.2687987685203552,0.9890130758285522,0.9653158187866211,0.342254638671875,0.3749287923177083
0,0.1201867163181305,0.9738444089889526,0.871143102645874,0.14980061848958334,0.0
0,0.04013613238930702,0.8458150625228882,0.6234880685806274,0.041646321614583336,0.0
0,0.01502783503383398,0.7422348856925964,0.2952299118041992,0.011698404947916666,0.0
0,0.005893744062632322,0.3303631544113159,0.07030002027750015,0.0008646647135416666,0.0
0,0.01496933400630951,0.4806614816188812,0.1949756145477295,0.004435221354166667,0.0
0,0.019730372354388237,0.5186071395874023,0.3460991382598877,0.02880859375,0.0
0,0.041859015822410583,0.7704647779464722,0.4191093146800995,0.039408365885416664,0.0
0,0.007108321879059076,0.34654125571250916,0.06560484319925308,0.0003153483072916667,0.0
0,0.13040116429328918,0.9690910577774048,0.9260365962982178,0.157470703125,0.124603271484375
0,0.155700221657753,0.9470881819725037,0.8264318704605103,0.23779296875,0.24241129557291666
0,0.08731118589639664,0.9415467381477356,0.8136088848114014,0.11774698893229167,0.061848958333333336
0,0.012959763407707214,0.9771101474761963,0.27248796820640564,0.010091145833333334,0.0
0,0.06120706722140312,0.9147487282752991,0.6621348261833191,0.06590779622395833,0.0
0,0.001538443029858172,0.26057758927345276,0.014503578655421734,0.0,0.0
0,0.058717574924230576,0.9003546833992004,0.6855254173278809,0.07478841145833333,0.0
0,0.04920394346117973,0.9095863103866577,0.641871452331543,0.06339518229166667,0.0
0,0.0028654299676418304,0.13857832551002502,0.02182157337665558,0.0,0.0
0,0.004795476328581572,0.25645938515663147,0.05369732901453972,0.0,0.0
0,0.0059024556539952755,0.17539678514003754,0.05389617383480072,0.0,0.0
0,0.052159518003463745,0.8524448275566101,0.6073703765869141,0.07099405924479167,0.0
0,0.0080548832193017,0.579697847366333,0.08663207292556763,0.0005696614583333334,0.0
0,0.012223954312503338,0.49428969621658325,0.2188262641429901,0.006276448567708333,0.0
0,0.11773117631673813,0.9582260847091675,0.917302668094635,0.14760335286458334,0.12450154622395833
0,0.00091697828611359,0.05953749269247055,0.014840708114206791,0.0,0.0
0,0.09429365396499634,0.8858291506767273,0.7283562421798706,0.159912109375,0.13435872395833334
0,0.08665213733911514,0.9280183911323547,0.8323729634284973,0.13079833984375,0.134918212890625
0,0.12848931550979614,0.9164093732833862,0.8172829747200012,0.20786539713541666,0.19401041666666666
0,0.016451120376586914,0.6477982401847839,0.4164388179779053,0.019307454427083332,0.0
0,0.009830520488321781,0.4846850037574768,0.301253080368042,0.016286214192708332,0.0
0,0.018985679373145103,0.9491063356399536,0.5781397819519043,0.019571940104166668,0.0
0,0.0017801652429625392,0.4751790761947632,0.035076696425676346,0.000152587890625,0.0
0,0.025233687832951546,0.8801805377006531,0.5216636657714844,0.030181884765625,0.0
0,0.046534258872270584,0.8689380288124084,0.6707161664962769,0.049519856770833336,0.0
0,0.024534257128834724,0.3845076262950897,0.3306872844696045,0.05230712890625,0.0
0,0.04838848114013672,0.8016253709793091,0.44633302092552185,0.07698567708333333,0.0
0,0.03260016813874245,0.9400236010551453,0.6898250579833984,0.036458333333333336,0.0
0,0.01783941313624382,0.8887588381767273,0.2886633276939392,0.010579427083333334,0.0
0,0.0008219071314670146,0.10230471193790436,0.016029147431254387,0.0,0.0
0,0.1434529423713684,0.9265698790550232,0.8587185740470886,0.20880126953125,0.201416015625
0,0.190873384475708,0.9914886951446533,0.9634374976158142,0.22536214192708334,0.21494547526041666
0,0.008774296380579472,0.6337503790855408,0.20816926658153534,0.00775146484375,0.0
0,0.4666093587875366,0.9976677298545837,0.9815244078636169,0.5907903377110694,0.6381730769230769
0,0.08175396174192429,0.9872773289680481,0.9263036847114563,0.0967361111111111,0.05875
0,0.021325521171092987,0.9393594861030579,0.4342867434024811,0.023385416666666665,0.0
0,0.09740238636732101,0.9617499113082886,0.8864204287528992,0.13984375,0.1021875
0,0.08090035617351532,0.9896718263626099,0.9716184735298157,0.08385416666666666,0.0
0,0.03980013355612755,0.9556514620780945,0.7108321189880371,0.04248533333333333,0.0
0,0.02241634391248226,0.7377254366874695,0.18010810017585754,0.003008,0.0
0,0.024364138022065163,0.9789956212043762,0.42691999673843384,0.016110026041666666,0.0
0,0.16628746688365936,0.9803562164306641,0.8704872727394104,0.2510314207650273,0.1371129326047359
0,0.08623233437538147,0.963230550289154,0.8776865601539612,0.0972125,0.07536041666666667
0,0.16489115357398987,0.9729852676391602,0.9214990139007568,0.19779773622047245,0.15437746062992125
0,0.020826853811740875,0.9955834746360779,0.13916341960430145,0.0069309338521400775,0.005102140077821012
0,0.0068436842411756516,0.8238958716392517,0.09670579433441162,0.0020841439688715955,0.0
0,0.01969698630273342,0.9984573125839233,0.616705596446991,0.020877083333333334,0.0
0,0.058962419629096985,0.9729852676391602,0.819749116897583,0.08008958333333334,0.07242708333333334
0,0.03296831622719765,0.9716179370880127,0.5360705852508545,0.021056949806949807,0.0
0,0.047698501497507095,0.9995344877243042,0.9480584859848022,0.039847972972972975,0.011361003861003862
0,0.03848467767238617,0.9968519806861877,0.2877688407897949,0.012461389961389962,0.0
0,0.16546566784381866,0.7937461733818054,0.5361611247062683,0.374048104988259,0.0
0,0.21004241704940796,0.997166097164154,0.9674717783927917,0.309784068227182,0.3280929050988931
0,0.07578689604997635,0.8649961352348328,0.6729767918586731,0.14555555555555555,0.07267827529021559
0,0.18298780918121338,0.9930693507194519,0.9447912573814392,0.2717832647462277,0.29446273433927755
0,0.08457089215517044,0.9881309270858765,0.7958168387413025,0.14181069958847736,0.0
0,0.19169606268405914,0.9965435862541199,0.9614614844322205,0.3048925468678555,0.29381344307270235
0,0.04214276745915413,0.9519526958465576,0.6892114877700806,0.04706742978748166,0.0
0,0.04871542379260063,0.9799765348434448,0.5923147201538086,0.04702179176755448,0.0
0,0.025398055091500282,0.9463988542556763,0.3791484832763672,0.041916666666666665,0.0
0,0.21498733758926392,0.9958499670028687,0.9750121831893921,0.25073917201803525,0.2353846153846154
0,0.01947498321533203,0.9534487724304199,0.7728736996650696,0.022867838541666668,0.0
0,0.07509153336286545,0.9754368662834167,0.9324532747268677,0.08802286783854167,0.062184651692708336
0,0.1794540137052536,0.9693241715431213,0.9402433633804321,0.22296142578125,0.22025553385416666
0,0.004850692581385374,0.4448963701725006,0.08225394785404205,0.00048828125,0.0
0,0.010316566564142704,0.8533025979995728,0.2748318612575531,0.01025390625,0.0
0,0.01038186252117157,0.5137751698493958,0.21321330964565277,0.006449381510416667,0.0
0,0.00685621565207839,0.9668514132499695,0.1221991628408432,0.007395426432291667,0.0
0,0.004541795235127211,0.3556629717350006,0.060080043971538544,0.00048828125,0.0
0,0.022675981745123863,0.687734842300415,0.3263755440711975,0.025604248046875,0.0
0,0.0002728963445406407,0.010902374982833862,0.0036642206832766533,0.0,0.0
0,0.00022551098663825542,0.007725534029304981,0.0019117692718282342,0.0,0.0
0,0.00034330683411099017,0.029873091727495193,0.004022909794002771,0.0,0.0
0,0.002025383757427335,0.40969306230545044,0.03810662031173706,0.0002848307291666667,0.0
0,0.009246960282325745,0.5984882116317749,0.22763070464134216,0.00665283203125,0.0
0,0.0010732344817370176,0.10141132771968842,0.0140095679089427,0.0,0.0
0,0.0006223172531463206,0.0364251509308815,0.008880645036697388,0.0,0.0
0,0.00025254834326915443,0.008348054252564907,0.0018821860430762172,0.0,0.0
0,0.00018197052122559398,0.005426943302154541,0.001309605548158288,0.0,0.0
0,0.0022207151632755995,0.7446563243865967,0.0388224832713604,0.0019938151041666665,0.0
0,0.03940080851316452,0.8806945085525513,0.45531606674194336,0.055246988932291664,0.0
0,0.05332339182496071,0.996249258518219,0.8810019493103027,0.093597412109375,0.0
0,0.15138082206249237,0.984752357006073,0.8632764220237732,0.2513834635416667,0.2613118489583333
0,0.1183091476559639,0.8331889510154724,0.7241880893707275,0.19179280598958334,0.17711385091145834
0,0.011093943379819393,0.6355618238449097,0.19359980523586273,0.005391438802083333,0.0
0,0.11171158403158188,0.9913892149925232,0.9571978449821472,0.145263671875,0.12967936197916666
0,0.019356388598680496,0.9089417457580566,0.5692523717880249,0.023793538411458332,0.0
0,0.10780204087495804,0.9833430051803589,0.9454971551895142,0.142578125,0.09075927734375
0,0.014043152332305908,0.976669192314148,0.27132219076156616,0.010101318359375,0.0
0,0.008684561587870121,0.8420855402946472,0.21783629059791565,0.0074462890625,0.0
0,0.029168756678700447,0.8812065720558167,0.46498358249664307,0.037109375,0.0
0,0.051962804049253464,0.9836598634719849,0.9315870404243469,0.066497802734375,0.049896240234375
0,0.1787509322166443,0.9516838788986206,0.8495972156524658,0.2634989420572917,0.19227091471354166
0,0.073162741959095,0.9765353798866272,0.9005298018455505,0.09461466471354167,0.048919677734375
0,0.025914790108799934,0.9312127232551575,0.2724086046218872,0.010213216145833334,0.0
0,0.0011150826467201114,0.02600678615272045,0.009161027148365974,0.0,0.0
0,0.06269412487745285,0.9894295334815979,0.8600167632102966,0.10114542643229167,0.054341634114583336
0,0.0639786645770073,0.863391637802124,0.6673579812049866,0.10625203450520833,0.0
0,0.0014201750745996833,0.30167055130004883,0.017176708206534386,0.00016276041666666666,0.0
0,0.0027555618435144424,0.3122651278972626,0.06620602309703827,0.00013224283854166666,0.0
0,0.031932782381772995,0.7774689197540283,0.5544083714485168,0.044291178385416664,0.0
0,0.015678204596042633,0.43098539113998413,0.3364400565624237,0.032694498697916664,0.0
0,0.01779673434793949,0.879767894744873,0.4375212788581848,0.018096923828125,0.0
0,0.08525276184082031,0.8756807446479797,0.7379143238067627,0.141204833984375,0.13775634765625
0,0.002171494299545884,0.19884087145328522,0.04115288704633713,0.0,0.0
0,0.0009711641469039023,0.13706977665424347,0.01040710974484682,0.0,0.0
0,0.12064971774816513,0.925499677658081,0.8227551579475403,0.17564900716145834,0.10013834635416667
0,0.01915319822728634,0.7379143238067627,0.5211964845657349,0.03790283203125,0.0
0,0.001957087079063058,0.7050747871398926,0.019831573590636253,0.0013224283854166667,0.0
0,0.007551589515060186,0.4705541431903839,0.20024001598358154,0.004781087239583333,0.0
0,0.013215967454016209,0.5261753797531128,0.3188000023365021,0.017181396484375,0.0
0,0.004096624441444874,0.35992640256881714,0.07107366621494293,0.00048828125,0.0
0,0.00024984704214148223,0.028274601325392723,0.003869391046464443,0.0,0.0
0,0.010740716941654682,0.9601374864578247,0.4475161135196686,0.013234456380208334,0.0
0,0.007950850762426853,0.5376786589622498,0.1233656257390976,0.006734212239583333,0.0
0,0.0009255948825739324,0.11656273901462555,0.00740215415135026,0.0,0.0
0,0.147962287068367,0.9914886951446533,0.9734938144683838,0.17519124348958334,0.17961629231770834
0,0.000342553568771109,0.00857748556882143,0.0020507436711341143,0.0,0.0
0,0.00035456134355627,0.06418264657258987,0.002725582802668214,0.0,0.0
0,0.04996373876929283,0.9150528311729431,0.8172786235809326,0.060923258463541664,0.0
0,0.011292527429759502,0.866358757019043,0.3665761649608612,0.0142822265625,0.0
0,0.002309988485649228,0.7029380798339844,0.02382400631904602,0.000885009765625,0.0
0,0.0003958306333515793,0.19178137183189392,0.0071214293129742146,0.0,0.0
0,0.0018628574907779694,0.3310115933418274,0.02655657008290291,9.1552734375e-05,0.0
0,0.14564505219459534,0.9610249400138855,0.9116528034210205,0.17463175455729166,0.17301432291666666
0,0.12602607905864716,0.9963357448577881,0.9745304584503174,0.14775594075520834,0.13762410481770834
0,0.018015984445810318,0.9848109483718872,0.6561076641082764,0.021016438802083332,0.0
0,0.10171399265527725,0.9244152307510376,0.8110781908035278,0.17431640625,0.11279296875
0,0.08997771888971329,0.6594051122665405,0.46502208709716797,0.20411173502604166,0.0
0,0.0012279904913157225,0.13466207683086395,0.018833130598068237,0.0,0.0
0,0.0042336019687354565,0.8200374841690063,0.053104959428310394,0.0037740071614583335,0.0
0,0.008407161571085453,0.8814108967781067,0.16451646387577057,0.005198160807291667,0.0
0,0.003092559752985835,0.8304566740989685,0.02198895998299122,0.0037943522135416665,0.0
0,0.010181368328630924,0.6377079486846924,0.2888698875904083,0.011617024739583334,0.0
0,0.00016485796368215233,0.005641908384859562,0.0013302016304805875,0.0,0.0
0,0.00038035676698200405,0.013222821988165379,0.004681822843849659,0.0,0.0
0,0.00048367728595621884,0.03222229704260826,0.006589771714061499,0.0,0.0
0,0.02724183164536953,0.9227612018585205,0.8378854393959045,0.033762613932291664,0.020548502604166668
0,0.00039693526923656464,0.058560825884342194,0.004007288720458746,0.0,0.0
0,0.0009571993141435087,0.42089709639549255,0.007968815043568611,8.138020833333333e-05,0.0
0,0.0007217000238597393,0.06313489377498627,0.015424554236233234,0.0,0.0
0,0.022309930995106697,0.851212203502655,0.5794004201889038,0.034281412760416664,0.0
0,0.015933873131871223,0.7877680063247681,0.4144247770309448,0.021169026692708332,0.0
0,0.12208171933889389,0.9470881819725037,0.8836382627487183,0.15159098307291666,0.12821451822916666
0,0.0025239859241992235,0.4644157588481903,0.0950080156326294,0.00103759765625,0.0
0,0.0013469980331137776,0.5736784338951111,0.014337030239403248,0.0003560384114583333,0.0
0,0.04568092152476311,0.7507355809211731,0.5658385753631592,0.09003702799479167,0.0
0,0.00131134910043329,0.07290027290582657,0.019086338579654694,0.0,0.0
0,0.014585037715733051,0.9961456060409546,0.3664458096027374,0.012725830078125,0.0
0,0.0006293176556937397,0.03327394276857376,0.008916127495467663,0.0,0.0
0,0.006939213257282972,0.3393895626068115,0.14045411348342896,6.103515625e-05,0.0
0,0.021750135347247124,0.4781024158000946,0.31384021043777466,0.02325439453125,0.0
0,0.0005575265968218446,0.04629189893603325,0.011732463724911213,0.0,0.0
0,0.011124174110591412,0.7303860783576965,0.2799239754676819,0.010955810546875,0.0
0,0.0002392245369264856,0.0361519381403923,0.004101451486349106,0.0,0.0
0,0.0038426220417022705,0.5034369826316833,0.0430404394865036,0.000457763671875,0.0
0,0.0006668362766504288,0.03149937838315964,0.00821969285607338,0.0,0.0
0,0.0012043516617268324,0.07558479905128479,0.022158870473504066,0.0,0.0
0,0.18474875390529633,0.9982725381851196,0.9315870404243469,0.22864786783854166,0.21358235677083334
0,0.004907109308987856,0.6052159070968628,0.09585607796907425,0.0019938151041666665,0.0
0,0.00934185367077589,0.9238675236701965,0.23195159435272217,0.009145100911458334,0.0
0,0.003594426205381751,0.2759094536304474,0.04476431384682655,1.0172526041666666e-05,0.0
0,0.20724666118621826,0.986415684223175,0.9551520943641663,0.2578938802083333,0.16457112630208334
0,0.00040758316754363477,0.02898062951862812,0.004627530463039875,0.0,0.0
0,0.2546287775039673,0.9980657696723938,0.9856059551239014,0.307861328125,0.28094482421875
0,0.0482446663081646,0.9797065258026123,0.9121235609054565,0.054840087890625,0.024698893229166668
0,0.00319724646396935,0.4910134971141815,0.046896640211343765,0.0011494954427083333,0.0
0,0.004425117280334234,0.630571186542511,0.11635573208332062,0.0013529459635416667,0.0
0,0.08704371005296707,0.9683812260627747,0.915808916091919,0.106292724609375,0.10306803385416667
0,0.2025052309036255,0.9694979190826416,0.9020932912826538,0.31475830078125,0.271331787109375
0,0.0019578055944293737,0.869714617729187,0.0271176565438509,0.0013427734375,0.0
0,0.019287962466478348,0.8931231498718262,0.6249770522117615,0.025441487630208332,0.0
0,0.00587444519624114,0.7682119607925415,0.09876737743616104,0.005035400390625,0.0
0,0.006590572651475668,0.7125323414802551,0.2000836580991745,0.007710774739583333,0.0
0,0.03182172402739525,0.8914335370063782,0.6736083626747131,0.054962158203125,0.0
0,0.0005522615392692387,0.10650458931922913,0.010448625311255455,0.0,0.0
0,0.00047024068771861494,0.07737810909748077,0.004382336512207985,0.0,0.0
0,0.035070229321718216,0.7424216866493225,0.5363396406173706,0.06833902994791667,0.0
0,0.03968454897403717,0.8613050580024719,0.667137861251831,0.06438191731770833,0.049601236979166664
0,0.000645513937342912,0.03718677535653114,0.018978038802742958,0.0,0.0
0,0.0001394121936755255,0.006388320587575436,0.0009290033485740423,0.0,0.0
0,0.03706597536802292,0.5160924792289734,0.4020985960960388,0.06880696614583333,0.0
0,0.054811179637908936,0.6455669403076172,0.3509739935398102,0.087249755859375,0.0
0,0.0006600283086299896,0.022672437131404877,0.0066411131992936134,0.0,0.0
0,0.02304251492023468,0.8521990180015564,0.6743690371513367,0.034332275390625,0.0
0,0.05790998041629791,0.9860979318618774,0.8653379082679749,0.06978352864583333,0.0377197265625
0,0.00020532618509605527,0.025419652462005615,0.002251584315672517,0.0,0.0
0,0.0003540217876434326,0.28616926074028015,0.0042974385432899,1.0172526041666666e-05,0.0
0,0.04515574499964714,0.875361442565918,0.7367739081382751,0.0693359375,0.037841796875
0,0.05118103325366974,0.8942365646362305,0.7399808168411255,0.07552083333333333,0.050740559895833336
0,0.016268635168671608,0.87103670835495,0.6188380122184753,0.024159749348958332,0.0
0,0.07615645974874496,0.9694401025772095,0.8691570162773132,0.11812337239583333,0.08647664388020833
0,0.0008679041638970375,0.04716186597943306,0.010611421428620815,0.0,0.0
0,0.03450585529208183,0.8524448275566101,0.517149806022644,0.037546793619791664,0.0
0,0.07682829350233078,0.8828325867652893,0.7568970322608948,0.124542236328125,0.11255900065104167
0,0.1106242835521698,0.9858821630477905,0.9008791446685791,0.16486612955729166,0.10768636067708333
0,0.002731957472860813,0.1625128984451294,0.03803294897079468,0.0,0.0
0,0.000727411184925586,0.03941638767719269,0.008576490916311741,0.0,0.0
0,0.0003716427891049534,0.1795305460691452,0.003389783203601837,0.0,0.0
0,0.03487163782119751,0.723504900932312,0.5029952526092529,0.06805419921875,0.0
0,0.09157852083444595,0.9328213930130005,0.7849790453910828,0.15189615885416666,0.07979329427083333
0,0.0050155906938016415,0.26951780915260315,0.04716186597943306,1.0172526041666666e-05,0.0
0,0.0011849323054775596,0.08240149915218353,0.010248602367937565,0.0,0.0
0,0.0017097567906603217,0.04885777831077576,0.016979990527033806,0.0,0.0
0,0.0002239750319859013,0.014227044768631458,0.0015548132359981537,0.0,0.0
0,0.0009343341807834804,0.36500388383865356,0.006903036031872034,0.00017293294270833334,0.0
0,0.00030591883114539087,0.012970387004315853,0.003209961112588644,0.0,0.0
0,0.0006961745675653219,0.08787644654512405,0.008610767312347889,0.0,0.0
0,0.03272778168320656,0.9308364987373352,0.5815823674201965,0.03515625,0.0
0,0.045882999897003174,0.9614614844322205,0.6445474028587341,0.07588704427083333,0.0
0,0.0182145144790411,0.4668152332305908,0.317743718624115,0.016652425130208332,0.0
0,0.07367952167987823,0.9883578419685364,0.8866109848022461,0.11097208658854167,0.110443115234375
0,0.032309193164110184,0.6054491996765137,0.35767972469329834,0.054789225260416664,0.0
0,0.10028976947069168,0.9655115008354187,0.8082186579704285,0.163726806640625,0.0
0,0.08515914529561996,0.9554024338722229,0.8505927920341492,0.11805216471354167,0.12669881184895834
0,0.031302664428949356,0.8705973029136658,0.47137391567230225,0.032257080078125,0.0
0,0.030239900574088097,0.9621787071228027,0.9092645049095154,0.033955891927083336,0.0330810546875
0,0.07798478752374649,0.704261839389801,0.5013605952262878,0.16471354166666666,0.0
0,0.05876566097140312,0.8649961352348328,0.687734842300415,0.09586588541666667,0.0
0,0.008741021156311035,0.3440025746822357,0.14632739126682281,0.004648844401041667,0.0
0,0.04444779083132744,0.7725306153297424,0.5368574261665344,0.06859334309895833,0.0
0,0.18824149668216705,0.9153559803962708,0.847967803478241,0.2825215657552083,0.22259521484375
0,0.008858353830873966,0.40268567204475403,0.17231106758117676,0.0013427734375,0.0
0,0.03058472089469433,0.7236025333404541,0.48995423316955566,0.063751220703125,0.0
0,0.035016607493162155,0.6493563055992126,0.41394203901290894,0.048360188802083336,0.0
0,0.23087240755558014,0.9974589943885803,0.9786706566810608,0.3297627766927083,0.3542073567708333
0,0.1206725612282753,0.9709643721580505,0.9206428527832031,0.1734619140625,0.14752197265625
0,0.026682013645768166,0.7529220581054688,0.5749318599700928,0.0445556640625,0.0
0,0.03322521969676018,0.6386099457740784,0.4264410138130188,0.053293863932291664,0.0
0,0.05882072448730469,0.8243205547332764,0.5744544863700867,0.11415608723958333,0.0
0,0.011767043732106686,0.4588639736175537,0.23091457784175873,0.005503336588541667,0.0
0,0.003544100560247898,0.43266257643699646,0.05098814517259598,0.0037027994791666665,0.0
0,0.09703364223241806,0.8624675869941711,0.6763997077941895,0.20811971028645834,0.19883219401041666
0,0.05816717818379402,0.9952632188796997,0.9197867512702942,0.07647705078125,0.08780924479166667
0,0.0028210238087922335,0.30600830912590027,0.03474962338805199,3.0517578125e-05,0.0
0,0.020093483850359917,0.3900110721588135,0.29930993914604187,0.02764892578125,0.0
0,0.04842550680041313,0.8045595288276672,0.6021183729171753,0.0777587890625,0.0
0,0.022467495873570442,0.9081302285194397,0.3998650014400482,0.02252197265625,0.0
0,0.0035988492891192436,0.7757747173309326,0.041695769876241684,0.0012003580729166667,0.0
0,0.13797782361507416,0.9912548065185547,0.9474782943725586,0.17981974283854166,0.12632242838541666
0,0.00191029766574502,0.16885694861412048,0.015543648041784763,0.0,0.0
0,0.021606922149658203,0.8446654081344604,0.3848508596420288,0.024892171223958332,0.0
0,0.2372559756040573,0.9845160245895386,0.956308901309967,0.2934366861979167,0.2938639322916667
0,0.010899008251726627,0.9290551543235779,0.4891173839569092,0.014556884765625,0.0
0,0.011651595123112202,0.772015392780304,0.3953057527542114,0.017710367838541668,0.0
0,0.00042236445005983114,0.010570489801466465,0.0028671585023403168,0.0,0.0
0,0.01516596507281065,0.5027636885643005,0.22798459231853485,0.003916422526041667,0.0
0,0.02386029250919819,0.4247698485851288,0.3119474947452545,0.021728515625,0.0
0,0.00030853692442178726,0.012821215204894543,0.0037948342505842447,0.0,0.0
0,0.019709115847945213,0.9794329404830933,0.4469970762729645,0.019978841145833332,0.0
0,0.016073133796453476,0.6360140442848206,0.3874005973339081,0.021870930989583332,0.0
0,0.00716167688369751,0.6172242760658264,0.21190078556537628,0.0035400390625,0.0
0,0.0010491100838407874,0.35064372420310974,0.011508148163557053,1.0172526041666666e-05,0.0
0,0.012076725251972675,0.5457396507263184,0.3430115580558777,0.020558675130208332,0.0
0,0.14596185088157654,0.9473810195922852,0.915808916091919,0.21727498372395834,0.20038859049479166
0,0.0007883760263212025,0.05399883911013603,0.007460643537342548,0.0,0.0
0,0.003119514323771,0.21239535510540009,0.05510690063238144,0.0,0.0
0,0.008616754785180092,0.9494823217391968,0.16330794990062714,0.006235758463541667,0.0
0,0.016133220866322517,0.8130158185958862,0.5127048492431641,0.024342854817708332,0.0
0,0.026557767763733864,0.5787457823753357,0.36545330286026,0.0537109375,0.0
0,0.001827811822295189,0.18713268637657166,0.024516336619853973,0.0,0.0
0,0.0833936259150505,0.9676556587219238,0.9105454087257385,0.103851318359375,0.10249837239583333
0,0.0002742479555308819,0.01069375779479742,0.002115703420713544,0.0,0.0
0,0.16355569660663605,0.9135223627090454,0.8079156875610352,0.325592041015625,0.3048502604166667
0,0.014415870420634747,0.35667070746421814,0.15494287014007568,0.0008341471354166666,0.0
0,0.16271600127220154,0.9240047931671143,0.8646537065505981,0.21812947591145834,0.19809977213541666
0,0.007464202586561441,0.8691603541374207,0.18447349965572357,0.005839029947916667,0.0
0,0.006687382701784372,0.5686553716659546,0.09484021365642548,0.0013326009114583333,0.0
0,0.09944405406713486,0.8594279289245605,0.7063900232315063,0.196044921875,0.0
0,0.02001231722533703,0.3703392744064331,0.19102567434310913,0.003387451171875,0.0
0,0.13654445111751556,0.9343951344490051,0.8518258929252625,0.209625244140625,0.17103068033854166
0,0.044231489300727844,0.9442797303199768,0.8447897434234619,0.055908203125,0.0
0,0.08713069558143616,0.8267117738723755,0.6826763153076172,0.130462646484375,0.10575358072916667
0,0.02066478691995144,0.6064401865005493,0.3387264907360077,0.021230061848958332,0.0
0,0.10609719902276993,0.934035062789917,0.8227594494819641,0.17530314127604166,0.149658203125
0,0.023198911920189857,0.7583316564559937,0.351311057806015,0.040639241536458336,0.0
0,0.0012837633257731795,0.07892589271068573,0.01861780323088169,0.0,0.0
0,0.017503099516034126,0.411465585231781,0.2603894770145416,0.008219401041666666,0.0
0,0.08851277083158493,0.8559715747833252,0.523603081703186,0.16435750325520834,0.0
0,0.11376933008432388,0.7521946430206299,0.5700321793556213,0.24894205729166666,0.0
0,0.004679761826992035,0.41917234659194946,0.07263276726007462,0.0004374186197916667,0.0
0,0.01696934551000595,0.8020908832550049,0.3094377815723419,0.019765218098958332,0.0
0,0.05045618116855621,0.6479096412658691,0.41513416171073914,0.08378092447916667,0.0
0,0.0012468834174796939,0.17203271389007568,0.02169809490442276,0.0,0.0
0,0.0115976482629776,0.7271043658256531,0.30134662985801697,0.011525472005208334,0.0
0,0.1032208800315857,0.973036527633667,0.8498428463935852,0.15483601888020834,0.0
0,0.04798373579978943,0.8213309049606323,0.5396146774291992,0.07759602864583333,0.0
0,0.01431979238986969,0.45023849606513977,0.2989967167377472,0.019378662109375,0.0
0,0.0025507945101708174,0.28656840324401855,0.07709553092718124,5.0862630208333336e-05,0.0
0,0.007290363777428865,0.28388065099716187,0.08787644654512405,0.00019327799479166666,0.0
0,0.007514478173106909,0.5645186305046082,0.1559685915708542,0.003977457682291667,0.0
0,0.09109289199113846,0.9787126779556274,0.9460012316703796,0.11473592122395833,0.112396240234375
0,0.05373075231909752,0.974773108959198,0.9138304591178894,0.06389363606770833,0.0400390625
0,0.03744158521294594,0.8790429830551147,0.648800253868103,0.059967041015625,0.0
0,0.05040162429213524,0.8485961556434631,0.531846821308136,0.07297770182291667,0.0
0,0.030392775312066078,0.793105959892273,0.4592570960521698,0.037556966145833336,0.0
0,0.12159111350774765,0.9856076240539551,0.9442797303199768,0.15758260091145834,0.10941569010416667
0,0.011608446948230267,0.7602949142456055,0.4349358379840851,0.021586100260416668,0.0
0,0.03164759278297424,0.5789243578910828,0.3370911478996277,0.027567545572916668,0.0
0,0.004454473033547401,0.4156101942062378,0.043691061437129974,0.0004679361979166667,0.0
0,0.0020949847530573606,0.3928608298301697,0.035010647028684616,0.0001220703125,0.0
0,0.0068108621053397655,0.22919000685214996,0.06669065356254578,0.0,0.0
0,0.003771907649934292,0.05654813349246979,0.02590802125632763,0.0,0.0
0,0.22766165435314178,0.984752357006073,0.9427180886268616,0.318389892578125,0.21961466471354166
0,0.05541311576962471,0.9977127313613892,0.9714558720588684,0.06310017903645833,0.016021728515625
0,0.1975630521774292,0.9645224213600159,0.9206428527832031,0.280975341796875,0.23846435546875
0,0.21025848388671875,0.9647889137268066,0.8885655403137207,0.2859090169270833,0.0
0,0.02901090681552887,0.963161289691925,0.61860591173172,0.042215983072916664,0.0
0,0.39230629801750183,0.9889705181121826,0.952397346496582,0.5345967610677084,0.6459859212239584
0,0.0024877164978533983,0.11879339814186096,0.0235992930829525,0.0,0.0
0,0.1460590660572052,0.9820826053619385,0.9325762391090393,0.179534912109375,0.06263224283854167
0,0.0005331611610017717,0.026255300268530846,0.004627530463039875,0.0,0.0
0,0.10797488689422607,0.9808392524719238,0.8946054577827454,0.161376953125,0.022501627604166668
0,0.014197255484759808,0.8529354929924011,0.32272660732269287,0.012054443359375,0.0
0,0.02329053170979023,0.8850365877151489,0.24962465465068817,0.007293701171875,0.0
0,0.08037938922643661,0.9787533283233643,0.9091032147407532,0.096221923828125,0.032948811848958336
0,0.017004970461130142,0.5931380391120911,0.28766775131225586,0.013407389322916666,0.0
0,0.02298135496675968,0.9993384480476379,0.9408918619155884,0.022755940755208332,0.009368896484375
0,0.005628517363220453,0.5147356986999512,0.05813159793615341,0.0007425944010416666,0.0
0,0.028993630781769753,0.8927496671676636,0.5448601245880127,0.027903238932291668,0.0
0,0.06814932823181152,0.9802431464195251,0.79019695520401,0.07072957356770833,0.0
0,0.020311156287789345,0.45680350065231323,0.3326354920864105,0.032969156901041664,0.0
0,0.1394590139389038,0.9855521321296692,0.9194981455802917,0.18301666666666666,0.037775
0,0.11360227316617966,0.9388007521629333,0.5122047662734985,0.27390625,0.0
0,0.07819260656833649,0.6255525350570679,0.4118209779262543,0.17833984375,0.0
0,0.04242798313498497,0.9839090704917908,0.8422166705131531,0.05433268229166666,0.0057584635416666665
0,0.14099429547786713,0.9425067901611328,0.6327308416366577,0.26447916666666665,0.0
0,0.22669470310211182,0.9963924288749695,0.9699572324752808,0.27672,0.22477866666666665
0,0.0772324725985527,0.99826580286026,0.9525715112686157,0.09739176432291667,0.07828776041666667
0,0.007108436431735754,0.9368651509284973,0.16170907020568848,0.004892985026041667,0.0
0,0.019176354631781578,0.9723097085952759,0.4886062741279602,0.01800537109375,0.0
0,0.31445983052253723,0.9981827735900879,0.9894702434539795,0.405029296875,0.4349365234375
0,0.03338528797030449,0.9820826053619385,0.8025462031364441,0.033599853515625,0.008392333984375
0,0.026199176907539368,0.8631610870361328,0.25945019721984863,0.008331298828125,0.0
0,0.10663816332817078,0.993854820728302,0.9100669622421265,0.1164792471042471,0.017693050193050192
0,0.3011323809623718,0.9946568012237549,0.974483847618103,0.4251215277777778,0.2795238095238095
0,0.08865567296743393,0.9796676635742188,0.4892159700393677,0.1371689497716895,0.0
0,0.006223505828529596,0.44866785407066345,0.07710108906030655,0.0003846153846153846,0.0
0,0.00578686036169529,0.8895288109779358,0.10158944875001907,0.004081967213114754,0.0
0,0.0013377845752984285,0.35432136058807373,0.01833445020020008,5.735589331803843e-06,0.0
0,0.010090640746057034,0.9865716695785522,0.09351231157779694,0.008254429276793493,0.0
0,0.2154301106929779,0.9838472008705139,0.907312273979187,0.2911937758327255,0.04980792608801361
0,0.007047012448310852,0.9107043743133545,0.12517336010932922,0.004021558872305141,0.0
0,0.2367841899394989,0.9956176280975342,0.9683213829994202,0.3210062893081761,0.26694598594154645
0,0.38461944460868835,0.9972531199455261,0.9848109483718872,0.486494708994709,0.4685537918871252
0,0.3008180558681488,0.9927391409873962,0.9759005904197693,0.3766754385964912,0.3222543859649123
0,0.15924303233623505,0.9937100410461426,0.9354645609855652,0.20796099290780143,0.07988475177304964
0,0.11548223346471786,0.9973061084747314,0.9559813141822815,0.14011120996441281,0.05872775800711744
0,0.14384150505065918,0.957912266254425,0.866245687007904,0.1794168475202958,0.047872625458832356
0,0.08448726683855057,0.9762200117111206,0.8233298063278198,0.095406162464986,0.0
0,0.01492374762892723,0.9259026646614075,0.4242074191570282,0.01578472996371054,0.0
0,0.05196968838572502,0.902265727519989,0.5573818683624268,0.055904380835128754,0.0
0,0.1464974582195282,0.9983707070350647,0.972933828830719,0.1712372448979592,0.06456632653061224
0,0.08629223704338074,0.982557475566864,0.8308687806129456,0.09997126436781609,0.0
0,0.04626912623643875,0.996321439743042,0.8139049410820007,0.046249055177626605,0.010364701436130008
0,0.03055921196937561,0.9783847332000732,0.6296607255935669,0.030647916666666667,0.0
0,0.1978657990694046,0.9951702952384949,0.954308032989502,0.25944791666666667,0.1944625
0,0.021027851849794388,0.9689150452613831,0.4249494671821594,0.017539583333333334,0.0
0,0.015014284290373325,0.8053262233734131,0.08850466459989548,0.001796875,0.0
0,0.37203165888786316,0.9932287931442261,0.9711290597915649,0.4698270743502492,0.4746958547801269
0,0.01601884327828884,0.9972637891769409,0.9274948239326477,0.017079671223958332,0.011545817057291666
0,0.0002808710851240903,0.009596454910933971,0.002251847181469202,0.0,0.0
0,0.17333586513996124,0.9138304591178894,0.8217604756355286,0.272064208984375,0.16349283854166666
0,0.10872971266508102,0.9828891754150391,0.9410068988800049,0.13639322916666666,0.11124674479166667
0,0.039470504969358444,0.8115267157554626,0.5264124870300293,0.061360677083333336,0.0
0,0.05105775222182274,0.9374402165412903,0.7264226675033569,0.058135986328125,0.0
0,0.04962553083896637,0.9724670648574829,0.860130786895752,0.062174479166666664,0.0
0,0.0813358798623085,0.9816303849220276,0.8826242685317993,0.10148111979166667,0.048543294270833336
0,0.0005056049558334053,0.0069306716322898865,0.002251847181469202,0.0,0.0
0,0.0002723091747611761,0.010169658809900284,0.001838665222749114,0.0,0.0
0,0.00030071017681621015,0.0140095679089427,0.0020033332984894514,0.0,0.0
0,0.17827828228473663,0.9801673293113708,0.9429286122322083,0.23170979817708334,0.21778361002604166
0,0.006002254318445921,0.8765287399291992,0.05707139894366264,0.00067138671875,0.0
0,0.022272229194641113,0.7470627427101135,0.5171095728874207,0.028065999348958332,0.0
0,0.006199980620294809,0.6822562217712402,0.0991208553314209,0.0028788248697916665,0.0
0,0.025699809193611145,0.9580694437026978,0.8030194044113159,0.0325927734375,0.0
0,0.14166955649852753,0.9923638105392456,0.9719908833503723,0.16801961263020834,0.109344482421875
0,0.0010082635562866926,0.558688223361969,0.012241275049746037,0.00017293294270833334,0.0
0,0.006652457173913717,0.9549844264984131,0.10336971282958984,0.004597981770833333,0.0
0,0.02172335982322693,0.8776865601539612,0.3310050964355469,0.013336181640625,0.0
0,0.004751309286803007,0.3608268201351166,0.06441766768693924,0.0001220703125,0.0
0,0.050343405455350876,0.7196792364120483,0.48061439394950867,0.09156290690104167,0.0
0,0.16577772796154022,0.9184802770614624,0.8267117738723755,0.3050740559895833,0.3019816080729167
0,0.006558772176504135,0.9259026646614075,0.1516473889350891,0.00677490234375,0.0
0,0.0014230316737666726,0.1846204549074173,0.022455766797065735,0.0,0.0
0,0.005522779654711485,0.6145675182342529,0.09219129383563995,0.0020345052083333335,0.0
0,0.00032828981056809425,0.008610767312347889,0.002704429440200329,0.0,0.0
0,0.15257322788238525,0.9969603419303894,0.9857181310653687,0.19423421223958334,0.07474772135416667
0,0.11348811537027359,0.9881765246391296,0.9252299070358276,0.15096028645833334,0.14414469401041666
0,0.0006134464638307691,0.011597361415624619,0.003063416574150324,0.0,0.0
0,0.002652738243341446,0.2525683641433716,0.025565214455127716,0.0,0.0
0,0.0488956980407238,0.9867261648178101,0.9051547646522522,0.050048828125,0.0
0,0.025157472118735313,0.9511421918869019,0.5090936422348022,0.024749755859375,0.0
0,0.0008253664709627628,0.013273886404931545,0.0064631374552845955,0.0,0.0
0,0.0025263356510549784,0.4401383697986603,0.02498636767268181,0.00010172526041666667,0.0
0,0.032401878386735916,0.9941118359565735,0.9417582154273987,0.030008951822916668,0.026295979817708332
0,0.0008019569213502109,0.07133200019598007,0.010248602367937565,0.0,0.0
0,0.0021055180113762617,0.684580385684967,0.01901334337890148,0.0010986328125,0.0
0,0.04851366952061653,0.8889517188072205,0.4839177429676056,0.045420328776041664,0.0
0,0.012346602976322174,0.8451772928237915,0.2664412558078766,0.009857177734375,0.0
0,0.04040786996483803,0.8996515870094299,0.7514548301696777,0.04327392578125,0.0
0,0.018057415261864662,0.9698996543884277,0.48259079456329346,0.018381754557291668,0.0
0,0.005482303444296122,0.4838312864303589,0.08240149915218353,0.0014750162760416667,0.0
0,0.0005215886048972607,0.010130412876605988,0.003311519045382738,0.0,0.0
0,0.013243921101093292,0.7386690378189087,0.24508504569530487,0.007893880208333334,0.0
0,0.04489266499876976,0.9915870428085327,0.9463958740234375,0.051645914713541664,0.036763509114583336
0,0.001198969897814095,0.1149633601307869,0.02460852451622486,0.0,0.0
0,0.0016967466799542308,0.0819595456123352,0.033148519694805145,0.0,0.0
0,0.004794961307197809,0.8712559342384338,0.06644430011510849,0.0024007161458333335,0.0
0,0.018064677715301514,0.9599125981330872,0.4421484172344208,0.019246419270833332,0.0
0,0.11098265647888184,0.8938665986061096,0.7783125042915344,0.20423380533854166,0.2022705078125
0,0.015212279744446278,0.8777913451194763,0.27182537317276,0.010182698567708334,0.0
0,0.00047974963672459126,0.03649376332759857,0.0035239302087575197,0.0,0.0
0,0.030605057254433632,0.9478657245635986,0.8471956253051758,0.037526448567708336,0.029805501302083332
0,0.17783671617507935,0.9890130758285522,0.9444787502288818,0.244140625,0.19480387369791666
0,0.0012229923158884048,0.0484059602022171,0.011597361415624619,0.0,0.0
0,0.0025124705862253904,0.46301931142807007,0.020645931363105774,6.103515625e-05,0.0
0,0.008297269232571125,0.952397346496582,0.1442585438489914,0.007985432942708334,0.0
0,0.01579737663269043,0.9571177959442139,0.5125675797462463,0.014862060546875,0.0
0,0.0011707544326782227,0.1233656257390976,0.0065388246439397335,0.0,0.0
0,0.0012020784197375178,0.03753800690174103,0.009055264294147491,0.0,0.0
0,0.14570584893226624,0.937325656414032,0.8482193946838379,0.220916748046875,0.21062215169270834
0,0.00046144690713845193,0.019345102831721306,0.0053225355222821236,0.0,0.0
0,0.047705139964818954,0.9543930292129517,0.5686954855918884,0.07126871744791667,0.0
0,0.029374783858656883,0.8020908832550049,0.46234801411628723,0.034576416015625,0.0
0,0.01373871136456728,0.36116471886634827,0.23686911165714264,0.004608154296875,0.0
0,0.010176627896726131,0.9571978449821472,0.30985528230667114,0.011576334635416666,0.0
0,0.006105131935328245,0.3872847259044647,0.11555489152669907,0.000946044921875,0.0
0,0.016476480290293694,0.9902161359786987,0.6857358813285828,0.016469319661458332,0.0
0,0.006162686739116907,0.16653980314731598,0.0485835038125515,0.0,0.0
0,0.02452799677848816,0.9659639000892639,0.63914954662323,0.024261474609375,0.0
0,0.0030121474992483854,0.2062538117170334,0.026455776765942574,0.0,0.0
0,0.0032012667506933212,0.63409024477005,0.05079945921897888,0.0008138020833333334,0.0
0,0.36265692114830017,0.9923638105392456,0.9698408842086792,0.4344482421875,0.4455057779947917
0,0.02352447621524334,0.9305844902992249,0.5675735473632812,0.033345540364583336,0.0
0,0.08010710775852203,0.9848692417144775,0.937210738658905,0.09125773111979167,0.0703125
0,0.030090665444731712,0.9969005584716797,0.9308327436447144,0.034159342447916664,0.015309651692708334
0,0.0036767309065908194,0.3159469962120056,0.046638038009405136,7.120768229166667e-05,0.0
0,0.26274538040161133,0.9882221817970276,0.9635748267173767,0.33416748046875,0.3299967447916667
0,0.059876006096601486,0.9973061084747314,0.9805411696434021,0.06534830729166667,0.047495524088541664
0,0.003564530983567238,0.512113094329834,0.04903962090611458,0.0007731119791666666,0.0
0,0.0012131937546655536,0.05098814517259598,0.012288597412407398,0.0,0.0
0,0.08240383118391037,0.9964063763618469,0.9767136573791504,0.08933512369791667,0.041676839192708336
0,0.38477596640586853,0.9899086952209473,0.9780097603797913,0.4586690266927083,0.4645792643229167
0,0.02346336841583252,0.9212159514427185,0.5428890585899353,0.022450764973958332,0.0
0,0.08043601363897324,0.9785903096199036,0.8925625681877136,0.0938720703125,0.0
0,0.0260207150131464,0.7172099351882935,0.3378586173057556,0.053924560546875,0.0
0,0.017563411965966225,0.6879445314407349,0.27717649936676025,0.010609944661458334,0.0
0,0.037714794278144836,0.9542226791381836,0.6001280546188354,0.045745849609375,0.0
0,0.0015026404289528728,0.25312182307243347,0.020844316110014915,0.0,0.0
0,0.003487327368929982,0.3752484917640686,0.04876438155770302,5.0862630208333336e-05,0.0
0,0.282109797000885,0.9754835963249207,0.9489172697067261,0.38031005859375,0.3727518717447917
0,0.1099865511059761,0.9912885427474976,0.956063449382782,0.14137776692708334,0.12519327799479166
0,0.07186371833086014,0.7778065800666809,0.5852789878845215,0.14084879557291666,0.0
0,0.04698580503463745,0.9791557192802429,0.7140182256698608,0.0589599609375,0.0
0,0.04240436851978302,0.9402433633804321,0.6637746691703796,0.0546875,0.0
0,0.2100812792778015,0.982624351978302,0.9510514140129089,0.27337646484375,0.2589518229166667
0,0.07411868125200272,0.8778960704803467,0.6073668599128723,0.12565104166666666,0.0
0,0.09843967109918594,0.9943581223487854,0.848846971988678,0.156402587890625,0.0
0,0.005292663816362619,0.47546833753585815,0.05079945921897888,0.00013224283854166666,0.0
0,0.1430177390575409,0.9916195869445801,0.9707987308502197,0.16380818684895834,0.15961710611979166
0,0.06187969446182251,0.9351099133491516,0.8077641129493713,0.07464599609375,0.0
0,0.2674503028392792,0.9890130758285522,0.9546448588371277,0.3825480143229167,0.4659525553385417
0,0.12099030613899231,0.9822195768356323,0.9229002594947815,0.164947509765625,0.13673909505208334
0,0.031872641295194626,0.8856314420700073,0.6545536518096924,0.034596761067708336,0.0
0,0.006405692081898451,0.693784236907959,0.05582314357161522,0.0004984537760416666,0.0
0,0.04233309254050255,0.9505029916763306,0.6865739226341248,0.0498046875,0.0
0,0.018898919224739075,0.9555686116218567,0.6257708668708801,0.019521077473958332,0.0
0,0.003613027511164546,0.17370831966400146,0.038756195455789566,0.0,0.0
0,0.06840773671865463,0.9678993225097656,0.8763140439987183,0.08247884114583333,0.0
0,0.03455720096826553,0.9651191234588623,0.8318149447441101,0.039255777994791664,0.020741780598958332
0,0.10874929279088974,0.9946774244308472,0.9695538878440857,0.11747233072916667,0.09299723307291667
0,0.10107175260782242,0.9797453284263611,0.818591833114624,0.15193684895833334,0.12581380208333334
0,0.006265746429562569,0.8267117738723755,0.14595817029476166,0.005452473958333333,0.0
0,0.0005425968556664884,0.017309095710515976,0.004538431763648987,0.0,0.0
0,0.5232634544372559,0.997285008430481,0.9887106418609619,0.660186767578125,0.7651468912760416
0,0.0580032616853714,0.9349913001060486,0.8570517301559448,0.07293701171875,0.06878662109375
0,0.12309432774782181,0.9900636076927185,0.9519526958465576,0.14589436848958334,0.14561971028645834
0,0.012503842823207378,0.77390056848526,0.3960080146789551,0.015268961588541666,0.0
0,0.05421322584152222,0.7629542946815491,0.43374162912368774,0.0721435546875,0.0
0,0.08391471952199936,0.9845753908157349,0.9064827561378479,0.097900390625,0.02001953125
0,0.1676005870103836,0.9878058433532715,0.9349913001060486,0.21260579427083334,0.18269856770833334
0,0.14790581166744232,0.9981470108032227,0.9794317483901978,0.18494669596354166,0.09735107421875
0,0.04504204913973808,0.9698996543884277,0.8373541235923767,0.048441569010416664,0.0
0,0.0630471482872963,0.9345147609710693,0.7668126225471497,0.07898966471354167,0.0
0,0.051144737750291824,0.9666001796722412,0.8786270022392273,0.06831868489583333,0.056528727213541664
0,0.08410301804542542,0.9963071346282959,0.9575962424278259,0.095306396484375,0.07326253255208333
0,0.09064510464668274,0.9724147915840149,0.8828265070915222,0.104461669921875,0.0
0,0.04624263569712639,0.9159594178199768,0.6858411431312561,0.052357991536458336,0.0
0,0.17955505847930908,0.992452085018158,0.9116528034210205,0.24153645833333334,0.25079345703125
0,0.21922700107097626,0.9926542043685913,0.9682613611221313,0.2806498209635417,0.1890869140625
0,0.05211636424064636,0.944587230682373,0.651455819606781,0.044687906901041664,0.0
0,0.08401498198509216,0.9875683188438416,0.9492005109786987,0.102081298828125,0.020711263020833332
0,0.3156350255012512,0.9802808165550232,0.9382373094558716,0.421600341796875,0.4827982584635417
0,0.022515559569001198,0.9599877595901489,0.4256255328655243,0.018086751302083332,0.0
0,0.15065337717533112,0.9966625571250916,0.9569571614265442,0.18290201822916666,0.08243815104166667
0,0.1612163931131363,0.9961155652999878,0.9777551293373108,0.18017578125,0.17545572916666666
0,0.19946271181106567,0.9780097603797913,0.9486324787139893,0.25030517578125,0.22054036458333334
0,0.031231136992573738,0.8187368512153625,0.37272322177886963,0.025075276692708332,0.0
0,0.06192219257354736,0.9980807304382324,0.957831084728241,0.064056396484375,0.037099202473958336
0,0.17142601311206818,0.996321439743042,0.9774125814437866,0.220947265625,0.12632242838541666
0,0.07134536653757095,0.9775429368019104,0.8213309049606323,0.09156290690104167,0.0
0,0.2610222399234772,0.9883127808570862,0.9732915163040161,0.3169453938802083,0.2527058919270833
0,0.17036254703998566,0.9388007521629333,0.8659024834632874,0.22564697265625,0.12385050455729167
0,0.02968653105199337,0.942294716835022,0.49307674169540405,0.025472005208333332,0.0
0,0.05492086708545685,0.9955142140388489,0.6995623707771301,0.057118733723958336,0.0
0,0.021191148087382317,0.6233768463134766,0.35141903162002563,0.027058919270833332,0.0
0,0.011443746276199818,0.7013041377067566,0.18155325949192047,0.005727132161458333,0.0
0,0.07164043933153152,0.6879445314407349,0.4901503920555115,0.1446533203125,0.0
0,0.018267633393406868,0.9349913001060486,0.2666264474391937,0.009908040364583334,0.0
0,0.0017201189184561372,0.7601168751716614,0.01107087917625904,0.0010782877604166667,0.0
0,0.0002943913859780878,0.009746103547513485,0.001919013331644237,0.0,0.0
0,0.00040508026722818613,0.10818895697593689,0.0066411131992936134,0.0,0.0
0,0.045317914336919785,0.6668223142623901,0.39373287558555603,0.07020060221354167,0.0
0,0.01989808864891529,0.8374870419502258,0.3774225115776062,0.01629638671875,0.0
0,0.003256163327023387,0.532455563545227,0.06359857320785522,0.00022379557291666666,0.0
0,0.053139567375183105,0.9365176558494568,0.770114004611969,0.07745361328125,0.05401611328125
0,0.07281902432441711,0.897335946559906,0.7986582517623901,0.09940592447916667,0.0782470703125
0,0.052553147077560425,0.8187368512153625,0.6610482335090637,0.07427978515625,0.0
0,0.07048233598470688,0.8712559342384338,0.7583316564559937,0.10300699869791667,0.056681315104166664
0,0.14004769921302795,0.9668514132499695,0.9273633360862732,0.18522135416666666,0.16719563802083334
0,0.03303023800253868,0.47213587164878845,0.3677242696285248,0.049326578776041664,0.0
0,0.005158683750778437,0.8156734108924866,0.07316472381353378,0.001495361328125,0.0
0,0.013111245818436146,0.9092645049095154,0.30881208181381226,0.012664794921875,0.0
0,0.05599679425358772,0.9652503728866577,0.6401826739311218,0.091400146484375,0.0
0,0.23922862112522125,0.9805806875228882,0.9515040516853333,0.303466796875,0.2835591634114583
0,0.06650957465171814,0.9161096215248108,0.7902066707611084,0.10637410481770833,0.0
0,0.1564158797264099,0.9626027941703796,0.9138304591178894,0.19392903645833334,0.15967814127604166
0,0.021319055929780006,0.9532750844955444,0.35700687766075134,0.017120361328125,0.0
0,0.005040154792368412,0.4452883005142212,0.06097517907619476,0.006134033203125,0.0
0,0.04936820641160011,0.815232515335083,0.5704456567764282,0.07185872395833333,0.0
0,0.02235674299299717,0.934035062789917,0.3750195801258087,0.032155354817708336,0.0
0,0.018378762528300285,0.8525676131248474,0.4546831250190735,0.022715250651041668,0.0
0,0.0611904114484787,0.9074763655662537,0.7297124266624451,0.10197957356770833,0.07109578450520833
0,0.023194679990410805,0.556188702583313,0.39975130558013916,0.032196044921875,0.0
0,0.016966475173830986,0.6445608139038086,0.37558847665786743,0.029764811197916668,0.0
0,0.035760026425123215,0.48931288719177246,0.3114205598831177,0.024729410807291668,0.0
0,0.2065110206604004,0.9821512699127197,0.9395782351493835,0.2774251302083333,0.22307332356770834
0,0.01758827082812786,0.5637983083724976,0.2492644488811493,0.008168538411458334,0.0
0,0.10417831689119339,0.9486324787139893,0.9189178347587585,0.12233479817708333,0.12714640299479166
0,0.06425883620977402,0.9649873375892639,0.9051547646522522,0.08423868815104167,0.041951497395833336
0,0.11737585067749023,0.9267027974128723,0.8646537065505981,0.17808024088541666,0.16495768229166666
0,0.014798196963965893,0.4284725487232208,0.2166738063097,0.005564371744791667,0.0
0,0.09590300172567368,0.9969245791435242,0.9635062217712402,0.12610880533854166,0.038808186848958336
0,0.0006869227509014308,0.060863446444272995,0.007176882121711969,0.0,0.0
0,0.012877337634563446,0.8303191661834717,0.140450581908226,0.0032755533854166665,0.0
0,0.0021448368206620216,0.07585818320512772,0.014227044768631458,0.0,0.0
0,0.11519842594861984,0.9753900170326233,0.8998225331306458,0.16731770833333334,0.050832112630208336
0,0.0038283218163996935,0.9312127232551575,0.033842120319604874,0.004496256510416667,0.0
0,0.0004105351399630308,0.0555151142179966,0.0024630071129649878,0.0,0.0
0,0.023841219022870064,0.9300782084465027,0.413595587015152,0.021189371744791668,0.0
0,0.0004265029856469482,0.04603390395641327,0.005280719138681889,0.0,0.0
0,0.02835383452475071,0.9927391409873962,0.9568741321563721,0.0306396484375,0.0262451171875
0,0.004480554256588221,0.9277569651603699,0.04344446584582329,0.004018147786458333,0.0
0,0.03715528920292854,0.9502266049385071,0.7426084280014038,0.035634358723958336,0.0
0,0.16367267072200775,0.976669192314148,0.9054896235466003,0.3133138020833333,0.099700927734375
0,0.013764161616563797,0.8523219227790833,0.22117231786251068,0.008433024088541666,0.0
0,0.025427691638469696,0.9726234674453735,0.651576578617096,0.028706868489583332,0.0
0,0.022921577095985413,0.9893474578857422,0.9110215306282043,0.02545166015625,0.019022623697916668
0,0.0006582330097444355,0.05460060387849808,0.007755536586046219,0.0,0.0
0,0.003133460646495223,0.8610715270042419,0.030732184648513794,0.0008748372395833334,0.0
0,0.0028036402072757483,0.7257458567619324,0.03090895712375641,0.0011189778645833333,0.0
0,0.22371141612529755,0.9734938144683838,0.9388007521629333,0.2931925455729167,0.20796712239583334
0,0.09532483667135239,0.9751545190811157,0.867594301700592,0.116668701171875,0.0
0,0.08122792094945908,0.9757624268531799,0.9076402187347412,0.10349527994791667,0.06786092122395833
0,0.04492257907986641,0.9951136708259583,0.9457011222839355,0.044891357421875,0.0
0,0.026179077103734016,0.9762653708457947,0.7643589973449707,0.0340576171875,0.0
0,0.027607684955000877,0.9611709713935852,0.6448963284492493,0.025675455729166668,0.0
0,0.08547773957252502,0.9990111589431763,0.9912885427474976,0.09450276692708333,0.045125325520833336
0,0.08347702026367188,0.9902538657188416,0.8895288109779358,0.094146728515625,0.0
0,0.3789740800857544,0.9942474365234375,0.9724670648574829,0.4531758626302083,0.4628194173177083
0,0.09140616655349731,0.9921537041664124,0.9039694666862488,0.11964925130208333,0.014139811197916666
0,0.045870471745729446,0.9559813141822815,0.7248644828796387,0.045318603515625,0.0
0,0.08090493083000183,0.9994887113571167,0.9931760430335999,0.08716837565104167,0.05596923828125
0,0.05456895753741264,0.9086179733276367,0.5378543138504028,0.07023111979166667,0.0
0,0.0718303993344307,0.9983059167861938,0.8177157640457153,0.08788045247395833,0.0
0,0.03230457380414009,0.9952448010444641,0.9621032476425171,0.029510498046875,0.012613932291666666
0,0.25049033761024475,0.9840323328971863,0.936168372631073,0.3412679036458333,0.18245442708333334
0,0.0009402328287251294,0.03926875442266464,0.008950711227953434,0.0,0.0
0,0.06263921409845352,0.9970421195030212,0.9832144975662231,0.06773885091145833,0.042622884114583336
0,0.19933964312076569,0.9765353798866272,0.9492955803871155,0.2584375,0.20903645833333334
0,0.2765257656574249,0.9996387958526611,0.9922747611999512,0.3224739583333333,0.30028645833333334
0,0.12418335676193237,0.9927109479904175,0.40521156787872314,0.18086751302083334,0.0
0,0.005999868270009756,0.7989721894264221,0.08819004148244858,0.0021870930989583335,0.0
0,0.018734080716967583,0.9682613611221313,0.6952687501907349,0.018050343450303947,0.010314481971602256
0,0.012650275602936745,0.9909447431564331,0.6514669060707092,0.013135788262370541,0.0
0,0.11083994060754776,0.9929336309432983,0.930962085723877,0.13379353233830846,0.023723051409618574
0,0.4563421607017517,0.9973580241203308,0.9619649052619934,0.6268833333333333,0.7561791666666666
0,0.0357745923101902,0.5346732139587402,0.19574777781963348,0.002588888888888889,0.0
0,0.012913058511912823,0.2879680097103119,0.07185126841068268,7.4074074074074075e-06,0.0
0,0.02661248855292797,0.8885655403137207,0.45603060722351074,0.03581478213090461,0.0
0,0.02762575075030327,0.6028217077255249,0.36229208111763,0.03649228812211799,0.0
0,0.02206268161535263,0.9933071732521057,0.6662698984146118,0.022358014103297123,0.0
0,0.016136370599269867,0.9542226791381836,0.3464307188987732,0.013188465217985513,0.0
0,0.14059405028820038,0.9972955584526062,0.9516838788986206,0.20398518518518519,0.06642962962962963
0,0.08160339295864105,0.9724670648574829,0.8083699941635132,0.13604769152714358,0.0
0,0.30454304814338684,0.9996947050094604,0.9853278994560242,0.3594762731481482,0.3774855324074074
0,0.28667837381362915,0.9998058676719666,0.9670388102531433,0.3823606032906764,0.3033432358318099
0,0.252820760011673,0.9979731440544128,0.9595351815223694,0.4008325559701493,0.3821338619402985
0,0.2486209273338318,0.9995643496513367,0.9883578419685364,0.29273856578204405,0.30309994353472614
0,0.01440430898219347,0.9796676635742188,0.369428813457489,0.013361013986013985,0.0
0,0.16932760179042816,0.9972099661827087,0.9709092378616333,0.20459353146853146,0.09126748251748251
0,0.15422311425209045,0.9994296431541443,0.9839708209037781,0.18431292517006803,0.059654421768707486
0,0.10697641968727112,0.9985104203224182,0.966663122177124,0.12667986597624123,0.06563813585135547
0,0.09197643399238586,0.9973269701004028,0.9105454087257385,0.11910833333333333,0.07874791666666667
0,0.03954063728451729,0.9990149736404419,0.9516838788986206,0.04113229755178908,0.007314030131826742
0,0.1842304915189743,0.998807430267334,0.9749646186828613,0.23858256752993595,0.11848293573439772
0,0.39580437541007996,0.9987792372703552,0.980205237865448,0.4853386933809145,0.5328159597566481
0,0.23357266187667847,0.992452085018158,0.9273633360862732,0.3456953707869613,0.22074666640297835
0,0.08094727247953415,0.9883127808570862,0.799913227558136,0.06864583333333334,0.00696875
0,0.10447324067354202,0.9929881691932678,0.9605096578598022,0.1254311175337187,0.06403179190751446
0,0.03134884312748909,0.9989350438117981,0.8211889863014221,0.03464527027027027,0.009811776061776061
0,0.012876453809440136,0.9862577319145203,0.41745373606681824,0.014446050096339114,0.0
0,0.018734080716967583,0.9682613611221313,0.6952687501907349,0.018050343450303947,0.010314481971602256
0,0.012650275602936745,0.9909447431564331,0.6514669060707092,0.013135788262370541,0.0
0,0.17862777411937714,0.9903290271759033,0.8775827884674072,0.3723166666666667,0.30038333333333334
0,0.030093874782323837,0.9924813508987427,0.8868131041526794,0.035397333333333336,0.0
0,0.3593517541885376,0.9998390674591064,0.9842154383659363,0.4581544256120527,0.4701129943502825
0,0.22757010161876678,0.9991030693054199,0.9858821630477905,0.3389901129943503,0.199515065913371
0,0.0357745923101902,0.5346732139587402,0.19574777781963348,0.002588888888888889,0.0
0,0.22338002920150757,0.998095691204071,0.973993182182312,0.27380393996247654,0.2524718574108818
0,0.03954063728451729,0.9990149736404419,0.9516838788986206,0.04113229755178908,0.007314030131826742
0,0.12577985227108002,0.9463988542556763,0.5049433708190918,0.29753759490675097,0.0
0,0.17419523000717163,0.9940890073776245,0.9024378061294556,0.24571152358855375,0.10655452436194895
0,0.09340070188045502,0.9991704225540161,0.9724670648574829,0.15819322183098591,0.04917913732394366
0,0.12697666883468628,0.9952999353408813,0.9333105683326721,0.14242808798646361,0.023117597292724196
0,0.0014107496244832873,0.13568955659866333,0.017574861645698547,0.0,0.0
0,0.0035684804897755384,0.4426063895225525,0.05271347612142563,0.0007731119791666666,0.0
0,0.0016446498921141028,0.13273923099040985,0.014447852037847042,0.0,0.0
0,0.07969579845666885,0.9931760430335999,0.9631592035293579,0.09837849934895833,0.06717936197916667
0,0.06861409544944763,0.9853278994560242,0.9365176558494568,0.07355753580729167,0.04022216796875
0,0.16426678001880646,0.9740425944328308,0.9334271550178528,0.215301513671875,0.15095011393229166
0,0.0007673283107578754,0.023464659228920937,0.006692850962281227,0.0,0.0
0,0.027455518022179604,0.9929060935974121,0.8931231498718262,0.029927571614583332,0.015268961588541666
0,0.15068554878234863,0.9876639246940613,0.9544779658317566,0.17986043294270834,0.10039265950520833
0,0.046555295586586,0.9274948239326477,0.6709285378456116,0.059346516927083336,0.0
0,0.05658635124564171,0.8778960704803467,0.5337520241737366,0.063018798828125,0.0
0,0.05953739956021309,0.9110215306282043,0.7343043684959412,0.06976318359375,0.0
0,0.05419154092669487,0.9826908707618713,0.7429759502410889,0.09273274739583333,0.0177001953125
0,0.04988791421055794,0.9618217349052429,0.7216421961784363,0.061818440755208336,0.0
0,0.000153942804899998,0.006797531619668007,0.0011695103021338582,0.0,0.0
0,0.0991973876953125,0.9771101474761963,0.9174507260322571,0.13025919596354166,0.05987548828125
0,0.08168204873800278,0.9370958209037781,0.6634509563446045,0.13478597005208334,0.0
0,0.0009534375858493149,0.04501553252339363,0.00978387612849474,0.0,0.0
0,0.033309873193502426,0.8987665772438049,0.5097107887268066,0.030863444010416668,0.0
0,0.004690876696258783,0.34554681181907654,0.05146276578307152,0.00016276041666666666,0.0
0,0.010511881671845913,0.9662197828292847,0.2252410352230072,0.008168538411458334,0.0
0,0.0015258697094395757,0.03919513523578644,0.015967654064297676,0.0,0.0
0,0.007644155528396368,0.799755334854126,0.18212132155895233,0.007364908854166667,0.0
0,0.012562214396893978,0.9272316098213196,0.33851101994514465,0.012339274088541666,0.0
0,0.024880653247237206,0.6631237864494324,0.4055023193359375,0.032969156901041664,0.0
0,0.012823241762816906,0.49084576964378357,0.23056268692016602,0.005126953125,0.0
0,0.005297972355037928,0.9549003839492798,0.08312954753637314,0.004689534505208333,0.0
0,0.04267457127571106,0.9784671068191528,0.9142861366271973,0.041361490885416664,0.028971354166666668
0,0.04492644965648651,0.9818056225776672,0.8916168212890625,0.05963134765625,0.053171793619791664
0,0.002150866435840726,0.4081588387489319,0.03061777912080288,0.00014241536458333334,0.0
0,0.0022264362778514624,0.6199315786361694,0.015189048834145069,0.00140380859375,0.0
0,0.053239304572343826,0.9394705891609192,0.7895584106445312,0.06529744466145833,0.0
0,0.14149726927280426,0.998504638671875,0.9813454747200012,0.16426595052083334,0.07259114583333333
0,0.09145933389663696,0.9668514132499695,0.8724561333656311,0.117919921875,0.06630452473958333
0,0.231120303273201,0.961605966091156,0.9257686138153076,0.3039143880208333,0.2500101725260417
0,0.11088839918375015,0.9954082369804382,0.9813822507858276,0.12883504231770834,0.112518310546875
0,0.08687559515237808,0.9920002222061157,0.9454971551895142,0.10637410481770833,0.022104899088541668
0,0.01584797166287899,0.9777987599372864,0.4537752568721771,0.018096923828125,0.0
0,0.020047398284077644,0.9891815781593323,0.681068480014801,0.01800537109375,0.0
0,0.047238439321517944,0.9859904050827026,0.830864667892456,0.057759602864583336,0.0
0,0.07709681987762451,0.8707072734832764,0.6410819292068481,0.09760538736979167,0.0
0,0.0058777895756065845,0.972362220287323,0.07807817310094833,0.006337483723958333,0.0
0,0.002682808553799987,0.13341522216796875,0.02161533385515213,0.0,0.0
0,0.044817373156547546,0.9690324664115906,0.8621196746826172,0.053354899088541664,0.0
0,0.004754323046654463,0.1284157931804657,0.0514599084854126,0.0,0.0
0,0.001229249988682568,0.24059611558914185,0.015663648024201393,0.0,0.0
0,0.009647217579185963,0.9691494703292847,0.2622576057910919,0.009806315104166666,0.0
0,0.011189150623977184,0.4847840368747711,0.16357500851154327,0.00347900390625,0.0
0,0.2639833390712738,0.9897513389587402,0.9660280346870422,0.326019287109375,0.360107421875
0,0.23525184392929077,0.9685600996017456,0.9313377141952515,0.3123372395833333,0.2244873046875
0,0.11121634393930435,0.9643214344978333,0.8893368244171143,0.12436930338541667,0.0
0,0.009208695963025093,0.5291417241096497,0.2733803689479828,0.010396321614583334,0.0
0,0.0013859545579180121,0.11318691074848175,0.030442621558904648,0.0,0.0
0,0.008604567497968674,0.8741846680641174,0.09518112242221832,0.0031941731770833335,0.0
0,0.17527996003627777,0.982557475566864,0.9425036311149597,0.21766153971354166,0.17087809244791666
0,0.0251918975263834,0.7784809470176697,0.27756792306900024,0.011189778645833334,0.0
0,0.034905340522527695,0.9647224545478821,0.8175613880157471,0.041453043619791664,0.0
0,0.08015581220388412,0.9477691650390625,0.8318272233009338,0.10390218098958333,0.0
0,0.010638013482093811,0.8020908832550049,0.14246676862239838,0.0018208821614583333,0.0
0,0.12029384821653366,0.9509603977203369,0.8523182272911072,0.17174275716145834,0.0
0,0.017092885449528694,0.7750945687294006,0.31089726090431213,0.013885498046875,0.0
0,0.09339668601751328,0.9269675612449646,0.8613050580024719,0.12348429361979167,0.06844075520833333
0,0.0315031073987484,0.8984104990959167,0.4520430564880371,0.031656901041666664,0.0
0,0.0009149311226792634,0.07043161243200302,0.013222821988165379,0.0,0.0
0,0.05095703899860382,0.9385759830474854,0.7341195344924927,0.05419921875,0.0
0,0.012416218407452106,0.9637799859046936,0.21983955800533295,0.008076985677083334,0.0
0,0.08697819709777832,0.9988752007484436,0.9856629967689514,0.09523518880208333,0.09290568033854167
0,0.048278842121362686,0.9107043743133545,0.553322434425354,0.051106770833333336,0.0
0,0.00949441734701395,0.7937461733818054,0.1588256061077118,0.005228678385416667,0.0
0,0.005942753050476313,0.3709087073802948,0.035342082381248474,0.00014241536458333334,0.0
0,0.06205400824546814,0.9970991611480713,0.9523086547851562,0.06836954752604167,0.061014811197916664
0,0.01102517545223236,0.650245189666748,0.11951085925102234,0.0017801920572916667,0.0
0,0.013316716067492962,0.500514030456543,0.14092281460762024,0.0020243326822916665,0.0
0,0.32577380537986755,0.9737945199012756,0.8929365277290344,0.4999898274739583,0.4618937174479167
0,0.0035385757219046354,0.18432661890983582,0.034423552453517914,0.0,0.0
0,0.057950060814619064,0.9446893334388733,0.7980200052261353,0.054779052734375,0.0
0,0.01823785901069641,0.9476723670959473,0.4309817850589752,0.015797932942708332,0.0
0,0.010259661823511124,0.9474782943725586,0.22505535185337067,0.0089111328125,0.0
0,0.05341370776295662,0.9862046241760254,0.9240047931671143,0.056498209635416664,0.037200927734375
0,0.021832570433616638,0.9382373094558716,0.5442252159118652,0.019683837890625,0.0
0,0.14847950637340546,0.9532750844955444,0.8318272233009338,0.19751993815104166,0.0
0,0.05620395764708519,0.9877113699913025,0.9449946880340576,0.066497802734375,0.03814697265625
0,0.04125641658902168,0.920074462890625,0.655994176864624,0.046986897786458336,0.0
0,0.08360352367162704,0.9465966820716858,0.814643383026123,0.11304728190104167,0.0
0,0.09145761281251907,0.9773707389831543,0.8904848694801331,0.11329142252604167,0.058563232421875
0,0.15978124737739563,0.9630224108695984,0.9041438698768616,0.20509847005208334,0.046549479166666664
0,0.04354016110301018,0.9476723670959473,0.7927756309509277,0.043548583984375,0.0
0,0.05399589613080025,0.9664738178253174,0.8072996139526367,0.06685384114583333,0.0
0,0.05188480392098427,0.9197867512702942,0.5247335433959961,0.044423421223958336,0.0
0,0.023165466263890266,0.7818307876586914,0.31647488474845886,0.014404296875,0.0
0,0.17612607777118683,0.983020007610321,0.918333888053894,0.236358642578125,0.13718668619791666
0,0.0755285695195198,0.97334223985672,0.8733131885528564,0.08781941731770833,0.011637369791666666
0,0.052765727043151855,0.9965029954910278,0.946793794631958,0.06302897135416667,0.016387939453125
0,0.0420554094016552,0.9074763655662537,0.6877316832542419,0.045318603515625,0.0
0,0.013670775108039379,0.4124710261821747,0.19436782598495483,0.006195068359375,0.0
0,0.1129477322101593,0.9549844264984131,0.7779752612113953,0.14643351236979166,0.0
0,0.0799185037612915,0.9089417457580566,0.7248703241348267,0.10772705078125,0.0
0,0.03897428140044212,0.7789857983589172,0.44700583815574646,0.034088134765625,0.0
0,0.15758264064788818,0.9811307191848755,0.939024806022644,0.198516845703125,0.19121297200520834
0,0.002754383720457554,0.22253112494945526,0.030271869152784348,0.0,0.0
0,0.25350430607795715,0.9859904050827026,0.9496665596961975,0.3537495930989583,0.21631876627604166
0,0.0836338996887207,0.9928508996963501,0.9552332162857056,0.1097412109375,0.02447509765625
0,0.3092759847640991,0.9772841930389404,0.9444848895072937,0.3999837239583333,0.3317057291666667
0,0.033152978867292404,0.8204694986343384,0.4711167514324188,0.035380045572916664,0.0
0,0.060134608298540115,0.9616780281066895,0.8637298345565796,0.069732666015625,0.028096516927083332
0,0.06955049186944962,0.994551956653595,0.9819446802139282,0.0748291015625,0.06645711263020833
0,0.00063718092860654,0.08632347732782364,0.004503272473812103,0.0,0.0
0,0.18035484850406647,0.9938787817955017,0.9757624268531799,0.20866902669270834,0.12921142578125
0,0.009432654827833176,0.37719646096229553,0.09153953194618225,0.00054931640625,0.0
0,0.038651127368211746,0.9937100410461426,0.9049869179725647,0.034657796223958336,0.0
0,0.02389012835919857,0.9276259541511536,0.3164653778076172,0.015218098958333334,0.0
0,0.008315503597259521,0.9418684244155884,0.1192840039730072,0.005015055338541667,0.0
0,0.14223629236221313,0.9780517220497131,0.860482931137085,0.20989990234375,0.034128824869791664
0,0.013624015264213085,0.7249676585197449,0.343114972114563,0.013559977213541666,0.0
0,0.014249005354940891,0.6605009436607361,0.19436782598495483,0.0036112467447916665,0.0
0,0.10138067603111267,0.9217811226844788,0.7360156178474426,0.1329345703125,0.0
0,0.021315498277544975,0.5449225306510925,0.23987780511379242,0.00714111328125,0.0
0,0.13227935135364532,0.9989596605300903,0.9832125902175903,0.17298380533854166,0.023417154947916668
0,0.027060309424996376,0.9929609894752502,0.9159594178199768,0.023956298828125,0.014475504557291666
0,0.0029521312098950148,0.13500383496284485,0.043770287185907364,0.0,0.0
0,0.0258107241243124,0.8484706878662109,0.4609682857990265,0.020945231119791668,0.0
0,0.10799655318260193,0.9722570776939392,0.8991213440895081,0.14011637369791666,0.07079060872395833
0,0.09840837866067886,0.9753900170326233,0.845432698726654,0.121673583984375,0.0
0,0.1599062830209732,0.974821150302887,0.9280183911323547,0.21056111653645834,0.166717529296875
0,0.021033398807048798,0.9998902082443237,0.5715819001197815,0.024444580078125,0.0
0,0.030415832996368408,0.775604784488678,0.5821905136108398,0.03955078125,0.0
0,0.10025948286056519,0.9415467381477356,0.8728901743888855,0.127838134765625,0.033233642578125
0,0.07221940904855728,0.9099069833755493,0.8045595288276672,0.098114013671875,0.0
0,0.08800364285707474,0.974628746509552,0.8455602526664734,0.11271158854166667,0.0
0,0.0029038141947239637,0.3698839247226715,0.04620574787259102,0.00019327799479166666,0.0
0,0.033355433493852615,0.8565725088119507,0.5914264917373657,0.04638671875,0.0
0,0.10537242889404297,0.9669764637947083,0.9152000546455383,0.13553873697916666,0.102783203125
0,0.0513487346470356,0.957833468914032,0.8637367486953735,0.056976318359375,0.032338460286458336
0,0.00829306710511446,0.8622356653213501,0.1390382945537567,0.005971272786458333,0.0
0,0.285812109708786,0.9980276226997375,0.987375020980835,0.3454488118489583,0.30712890625
0,0.0176903884857893,0.9949199557304382,0.9005193114280701,0.017283121744791668,0.013600667317708334
0,0.07508959621191025,0.9616780281066895,0.77167147397995,0.10516357421875,0.0
0,0.010183951817452908,0.8652240633964539,0.16871583461761475,0.006062825520833333,0.0
0,0.019837195053696632,0.937325656414032,0.6393882632255554,0.023783365885416668,0.0
0,0.020673351362347603,0.9244152307510376,0.43103083968162537,0.019063313802083332,0.0
0,0.0603933185338974,0.9899086952209473,0.9517735838890076,0.06299845377604167,0.02978515625
0,0.051807794719934464,0.9692660570144653,0.7884203195571899,0.06622314453125,0.0
0,0.001053305808454752,0.05602938309311867,0.01711088791489601,0.0,0.0
0,0.13747544586658478,0.9899476170539856,0.9438672661781311,0.167083740234375,0.10512288411458333
0,0.0804438665509224,0.9957518577575684,0.9852146506309509,0.09264119466145833,0.06514485677083333
0,0.06527236104011536,0.9913892149925232,0.9041388034820557,0.08021036783854167,0.056589762369791664
0,0.12124365568161011,0.9854404330253601,0.9356964230537415,0.141265869140625,0.027333577473958332
0,0.08675754815340042,0.9722043871879578,0.9074763655662537,0.106231689453125,0.08143107096354167
0,0.10635817050933838,0.9942474365234375,0.9260365962982178,0.12675984700520834,0.024861653645833332
0,0.05604303255677223,0.9958011507987976,0.9121235609054565,0.07063802083333333,0.013885498046875
0,0.01739659160375595,0.8403899669647217,0.3235873878002167,0.013712565104166666,0.0
0,0.022025594487786293,0.9934865236282349,0.8832359910011292,0.025309244791666668,0.0
0,0.0746445432305336,0.9658352136611938,0.9049869179725647,0.09063720703125,0.046905517578125
0,0.04475535824894905,0.9599877595901489,0.7798252105712891,0.059163411458333336,0.026285807291666668
0,0.00825741607695818,0.903464674949646,0.19898247718811035,0.008809407552083334,0.0
0,0.17625963687896729,0.9952999353408813,0.9617456197738647,0.22283935546875,0.13292439778645834
0,0.13417552411556244,0.9970536231994629,0.9831499457359314,0.16535441080729166,0.07356770833333333
0,0.1673099845647812,0.9746769666671753,0.9377830028533936,0.20524088541666666,0.19942220052083334
0,0.03772679343819618,0.9063219428062439,0.5664874315261841,0.033518473307291664,0.0
0,0.18863444030284882,0.9837225079536438,0.959682047367096,0.228179931640625,0.20313517252604166
0,0.028079548850655556,0.9391365647315979,0.7144258618354797,0.033091227213541664,0.0
0,0.008662790060043335,0.8559715747833252,0.16132023930549622,0.006754557291666667,0.0
0,0.03717869147658348,0.8891444206237793,0.5424925088882446,0.040496826171875,0.0
0,0.10817541927099228,0.951323390007019,0.9066482186317444,0.14206949869791666,0.034261067708333336
0,0.011713176034390926,0.8978744745254517,0.19011731445789337,0.008066813151041666,0.0
0,0.05114061012864113,0.9639160633087158,0.8668103814125061,0.060821533203125,0.034627278645833336
0,0.01396862417459488,0.8137569427490234,0.29695385694503784,0.011311848958333334,0.0
0,0.03671232983469963,0.9607312679290771,0.526386559009552,0.061177571614583336,0.0
0,0.1015525534749031,0.9890130758285522,0.9227612018585205,0.1260986328125,0.11040242513020833
0,0.20783819258213043,0.982624351978302,0.9312089681625366,0.3619588216145833,0.2581380208333333
0,0.06891912966966629,0.9665370583534241,0.8701499700546265,0.08437093098958333,0.0
0,0.12367113679647446,0.9840936064720154,0.9319595694541931,0.157379150390625,0.10573323567708333
0,0.11691373586654663,0.9915870428085327,0.9640516638755798,0.13550821940104166,0.09088134765625
0,0.07236353307962418,0.9840323328971863,0.8748244643211365,0.08231608072916667,0.0
0,0.03265935555100441,0.9878996014595032,0.8352108597755432,0.038004557291666664,0.0
0,0.01824941299855709,0.7518303990364075,0.3355620205402374,0.015553792317708334,0.0
0,0.0008548935293219984,0.14804720878601074,0.009449081495404243,0.0,0.0
0,0.2515706717967987,0.966092050075531,0.9308364987373352,0.3348490397135417,0.24733479817708334
0,0.010326572693884373,0.4271577298641205,0.1766630858182907,0.0026652018229166665,0.0
0,0.0024538806173950434,0.17272931337356567,0.023962024599313736,0.0,0.0
0,0.06863590329885483,0.9798226952552795,0.834402859210968,0.0794677734375,0.0
0,0.008531032130122185,0.8942365646362305,0.17216767370700836,0.006245930989583333,0.0
0,0.012931081466376781,0.8745065331459045,0.3232700526714325,0.013081868489583334,0.0
0,0.0020815914031118155,0.10951514542102814,0.02060529589653015,0.0,0.0
0,0.006671108305454254,0.5112438201904297,0.09947021305561066,0.0018819173177083333,0.0
0,0.013797439634799957,0.9029524326324463,0.2774641513824463,0.010477701822916666,0.0
0,0.044817373156547546,0.9690324664115906,0.8621196746826172,0.053354899088541664,0.0
0,0.01213898602873087,0.7409248948097229,0.2753216028213501,0.010569254557291666,0.0
0,0.11339191347360611,0.9678993225097656,0.9091032147407532,0.13758341471354166,0.026692708333333332
0,0.04140765592455864,0.9640516638755798,0.7610060572624207,0.056376139322916664,0.0
0,0.029088377952575684,0.9909447431564331,0.6465583443641663,0.027567545572916668,0.0
0,0.0021834885701537132,0.17384853959083557,0.02919963002204895,0.0,0.0
0,0.04308989271521568,0.9257686138153076,0.5256377458572388,0.040252685546875,0.0
0,0.02638385444879532,0.9368651509284973,0.5856202244758606,0.032704671223958336,0.0
0,0.006127485539764166,0.4580456614494324,0.11655671149492264,0.0023295084635416665,0.0
0,0.0025731876958161592,0.5673373937606812,0.038829024881124496,0.0005086263020833334,0.0
0,0.032791778445243835,0.8914335370063782,0.5369172692298889,0.031046549479166668,0.0
0,0.049945369362831116,0.9599125981330872,0.8846325874328613,0.06535847981770833,0.0
0,0.015211203135550022,0.8364209532737732,0.3110019266605377,0.012003580729166666,0.0
0,0.0018240102799609303,0.06187598779797554,0.015424554236233234,0.0,0.0
0,0.004350270610302687,0.8095772862434387,0.05291181057691574,0.0038553873697916665,0.0
0,0.004819780588150024,0.3624049127101898,0.05360114201903343,8.138020833333333e-05,0.0
0,0.24612750113010406,0.995866060256958,0.9642541408538818,0.3108418782552083,0.3036600748697917
0,0.013865302316844463,0.9678385257720947,0.3021635115146637,0.010782877604166666,0.0
0,0.0077050067484378815,0.9624620079994202,0.1569920778274536,0.0068359375,0.0
0,0.024428585544228554,0.9763556718826294,0.7457577586174011,0.027852376302083332,0.0
0,0.08245433866977692,0.9913892149925232,0.8315538763999939,0.10400390625,0.0
0,0.02685256488621235,0.9758545756340027,0.7762737274169922,0.034037272135416664,0.0
0,0.0013071555877104402,0.10017221421003342,0.014615669846534729,0.0,0.0
0,0.0020419687498360872,0.24454335868358612,0.026912305504083633,0.0,0.0
0,0.13136930763721466,0.9997063279151917,0.9603611826896667,0.14365416666666667,0.03718125
0,0.1548745483160019,0.9903290271759033,0.9523086547851562,0.16212565104166668,0.12353190104166667
0,0.07625143975019455,0.9859904050827026,0.8818124532699585,0.08530680338541667,0.0
0,0.008096945472061634,0.972151517868042,0.14669741690158844,0.007123287671232876,0.0
0,0.1099592074751854,0.9911182522773743,0.8918110132217407,0.13523744292237444,0.016730593607305937
0,0.3216191530227661,0.9930961728096008,0.9473810195922852,0.4403754578754579,0.43041666666666667
0,0.24676048755645752,0.9953904151916504,0.9470881819725037,0.33763321492007103,0.15931172291296625
0,0.13139143586158752,0.9986435770988464,0.9765800833702087,0.15328972868217056,0.05736918604651163
0,0.08370105922222137,0.9639160633087158,0.7109294533729553,0.11105805243445693,0.03818352059925094
0,0.5325902104377747,0.9968396425247192,0.9883578419685364,0.6823,0.7309629629629629
0,0.20568327605724335,0.9992021918296814,0.9531008005142212,0.2693199833124739,0.15408010012515644
0,0.009122534655034542,0.986415684223175,0.06656918674707413,0.005322265625,0.0
0,0.021211164072155952,0.9970991611480713,0.4521391987800598,0.020075073576339423,0.0
0,0.09827239066362381,0.9946774244308472,0.9479939341545105,0.11624105600789539,0.03882045045997674
0,0.10165439546108246,0.9906960725784302,0.9107043743133545,0.11118720077571057,0.024156111750802983
0,0.08997847139835358,0.9996970891952515,0.9658995866775513,0.1019875,0.05063541666666667
0,0.49826717376708984,0.9897116422653198,0.9635748267173767,0.6893058161350845,0.7788039399624765
0,0.166825532913208,0.9970190525054932,0.969613254070282,0.1945759368836292,0.10930966469428008
0,0.1035512313246727,0.9707987308502197,0.8985886573791504,0.13224375,0.05852291666666667
0,0.07943716645240784,0.9982725381851196,0.9558166265487671,0.09255014326647565,0.03720343839541547
0,0.0019622575491666794,0.8134608268737793,0.010368157178163528,0.0011530748663101604,0.0
0,0.28208813071250916,0.9934865236282349,0.9711290597915649,0.3915201822916667,0.3172810872395833
0,0.17316614091396332,0.9753431081771851,0.9082930684089661,0.2550862630208333,0.031646728515625
0,0.0045505608431994915,0.4532921016216278,0.0746309906244278,0.0007425944010416666,0.0
0,0.0030603380873799324,0.2496301382780075,0.02489280141890049,0.0,0.0
0,0.09461912512779236,0.953880250453949,0.8626956343650818,0.12925211588541666,0.0
0,0.02985367365181446,0.9992175102233887,0.9943360686302185,0.027811686197916668,0.02630615234375
0,0.0041568465530872345,0.8610715270042419,0.06418264657258987,0.0007731119791666666,0.0
0,0.04881749674677849,0.9888850450515747,0.9031234383583069,0.054097493489583336,0.0185546875
0,0.022817352786660194,0.9582260847091675,0.6578649282455444,0.020792643229166668,0.0
0,0.0010459193727001548,0.2603894770145416,0.013793772086501122,0.0,0.0
0,0.1345147341489792,0.9835969805717468,0.9334307909011841,0.17316691080729166,0.14159138997395834
0,0.031232940033078194,0.9983059167861938,0.9706321954727173,0.032796223958333336,0.023905436197916668
0,0.03243345394730568,0.9652503728866577,0.7243772745132446,0.031392415364583336,0.0
0,0.007985721342265606,0.2929997146129608,0.07613248378038406,0.00011189778645833333,0.0
0,0.07089334726333618,0.9501341581344604,0.7895535230636597,0.09068806966145833,0.0
0,0.0022040819749236107,0.5414694547653198,0.04534751549363136,0.0004475911458333333,0.0
0,0.014334343373775482,0.9265698790550232,0.3310050964355469,0.012237548828125,0.0
0,0.032446783035993576,0.9697281122207642,0.7547288537025452,0.039499918619791664,0.0
0,0.006127485539764166,0.4580456614494324,0.11655671149492264,0.0023295084635416665,0.0
0,0.015030269511044025,0.9447912573814392,0.4027996063232422,0.021067301432291668,0.0
0,0.0009455196559429169,0.07343005388975143,0.015014749020338058,0.0,0.0
0,0.004315921571105719,0.3365490734577179,0.07667966187000275,0.0003763834635416667,0.0
0,0.027151033282279968,0.8834372758865356,0.5107288360595703,0.028147379557291668,0.0
0,0.014195372350513935,0.8220463395118713,0.25701844692230225,0.009368896484375,0.0
0,0.01452122163027525,0.7507355809211731,0.3167886734008789,0.014322916666666666,0.0
0,0.000649007095489651,0.018941707909107208,0.0066153923980891705,0.0,0.0
0,0.13165338337421417,0.9686195850372314,0.8638482093811035,0.173095703125,0.0
0,0.013236789964139462,0.9770664572715759,0.3718138039112091,0.012125651041666666,0.0
0,0.0007435924489982426,0.017045317217707634,0.005080037284642458,0.0,0.0
0,0.0028160717338323593,0.4267396032810211,0.03327394276857376,0.00018310546875,0.0
0,0.011884927749633789,0.9669764637947083,0.5961039662361145,0.01348876953125,0.0
0,0.03358170762658119,0.9566342234611511,0.7431624531745911,0.03997802734375,0.0
0,0.001956649823114276,0.14463144540786743,0.018978038802742958,0.0,0.0
0,0.0019649132154881954,0.5100770592689514,0.019271137192845345,0.0004069010416666667,0.0
0,0.0009096043067984283,0.3223126530647278,0.00847840216010809,8.138020833333333e-05,0.0
0,0.004094008821994066,0.8763172030448914,0.036356665194034576,0.0014851888020833333,0.0
0,0.0071852863766252995,0.6881541609764099,0.10356715321540833,0.0026041666666666665,0.0
0,0.008439606986939907,0.9853842854499817,0.2810078561306,0.010345458984375,0.0
0,0.0009496356942690909,0.05184547230601311,0.009232213720679283,0.0,0.0
0,0.003939718008041382,0.9019206762313843,0.048496000468730927,0.0013020833333333333,0.0
0,0.0003507563378661871,0.015189048834145069,0.0031974867451936007,0.0,0.0
0,0.00038126553408801556,0.023065226152539253,0.004663655534386635,0.0,0.0
0,0.03387462720274925,0.941439151763916,0.5151833891868591,0.03265380859375,0.0
0,0.01908145844936371,0.9577545523643494,0.5263832807540894,0.019073486328125,0.0
0,0.10371404141187668,0.9867261648178101,0.8648751974105835,0.12801106770833334,0.036895751953125
0,0.04744969680905342,0.9840323328971863,0.9241377115249634,0.056874593098958336,0.030680338541666668
0,0.0177654717117548,0.9139840602874756,0.380514919757843,0.013946533203125,0.0
0,0.19550956785678864,0.9797453284263611,0.9561454057693481,0.24177042643229166,0.165618896484375
0,0.2586113512516022,0.9968149065971375,0.9610958695411682,0.335845947265625,0.2926025390625
0,0.001192601746879518,0.06608537584543228,0.008846329525113106,0.0,0.0
0,0.029096273705363274,0.9629528522491455,0.7561667561531067,0.035532633463541664,0.0
0,0.007544885855168104,0.885433554649353,0.11201012879610062,0.004648844401041667,0.0
0,0.07380513846874237,0.9927672147750854,0.8300396203994751,0.13393147786458334,0.0
0,0.07360001653432846,0.9622496962547302,0.8891444206237793,0.084259033203125,0.04168701171875
0,0.0476803332567215,0.6886777877807617,0.4127058684825897,0.109832763671875,0.0
0,0.20088692009449005,0.997368335723877,0.9811307191848755,0.291168212890625,0.145477294921875
0,0.02379778027534485,0.9549844264984131,0.5665401816368103,0.022613525390625,0.0
0,0.01245725154876709,0.7841538190841675,0.18520919978618622,0.005157470703125,0.0
0,0.0206317026168108,0.8513358235359192,0.32402145862579346,0.014211018880208334,0.0
0,0.04256989061832428,0.9214990139007568,0.6785399913787842,0.048136393229166664,0.0
0,0.19169794023036957,0.9858821630477905,0.9515940546989441,0.2506103515625,0.2445068359375
0,0.029074152931571007,0.9212159514427185,0.6640982627868652,0.034535725911458336,0.0
0,0.03891701251268387,0.6337503790855408,0.44779232144355774,0.078369140625,0.0
0,0.1816597729921341,0.9816303849220276,0.9597620368003845,0.21613566080729166,0.21928914388020834
0,0.004330436699092388,0.29229220747947693,0.08525123447179794,4.0690104166666664e-05,0.0
0,0.024514341726899147,0.7728736996650696,0.5170360803604126,0.03741455078125,0.0
0,0.05469781160354614,0.9632996320724487,0.8051729798316956,0.07298787434895833,0.031606038411458336
0,0.03314721956849098,0.8901033401489258,0.6220524311065674,0.032267252604166664,0.0
0,0.06652425229549408,0.9249592423439026,0.6108598113059998,0.08080037434895833,0.0
0,0.0027631630655378103,0.2255871742963791,0.04401864856481552,0.0,0.0
0,0.025929443538188934,0.6944063305854797,0.45840656757354736,0.04931640625,0.0
0,0.004241724032908678,0.6028217077255249,0.09367304295301437,0.0018412272135416667,0.0
0,0.05195656791329384,0.9790757894515991,0.9205042719841003,0.06622314453125,0.0645751953125
0,0.0003437816340010613,0.03277498483657837,0.004924510605633259,0.0,0.0
0,0.005130274221301079,0.22507576644420624,0.052421655505895615,0.0,0.0
0,0.016084015369415283,0.4747225046157837,0.34224170446395874,0.030924479166666668,0.0
0,0.06587810814380646,0.8673731684684753,0.6548947095870972,0.10829671223958333,0.0
0,0.004063782747834921,0.9199306964874268,0.029986508190631866,0.0023091634114583335,0.0
0,0.1475459784269333,0.9971327781677246,0.9284088015556335,0.185821533203125,0.0
0,0.1740165799856186,0.974821150302887,0.9436599016189575,0.22527058919270834,0.2257080078125
0,0.017521873116493225,0.9591543078422546,0.3933110535144806,0.017578125,0.0
0,0.06822934001684189,0.9818752408027649,0.9386884570121765,0.09035237630208333,0.054036458333333336
0,0.0038403624203056097,0.29320207238197327,0.0484059602022171,8.138020833333333e-05,0.0
0,0.06662585586309433,0.9942025542259216,0.9743358492851257,0.07450358072916667,0.06443277994791667
0,0.009784790687263012,0.8850365877151489,0.31509071588516235,0.011057535807291666,0.0
0,0.005657982546836138,0.819749116897583,0.11104248464107513,0.004252115885416667,0.0
0,0.02340237982571125,0.9974787831306458,0.9276259541511536,0.026865641276041668,0.013203938802083334
0,0.011590510606765747,0.880591869354248,0.18010665476322174,0.006703694661458333,0.0
0,0.15623758733272552,0.9977481961250305,0.963161289691925,0.19167291666666667,0.139325
0,0.20134729146957397,0.9189178347587585,0.7532851696014404,0.32728,0.22041066666666667
0,0.08378013968467712,0.9975080490112305,0.9547319412231445,0.10535685221354167,0.059580485026041664
0,0.029330069199204445,0.9908389449119568,0.45771053433418274,0.025248209635416668,0.0
0,0.03367239609360695,0.9368651509284973,0.36579644680023193,0.018107096354166668,0.0
0,0.0059154755435884,0.9685600996017456,0.15052014589309692,0.007120768229166667,0.0
0,0.05036209151148796,0.9920312166213989,0.9032942056655884,0.0546875,0.035441080729166664
0,0.004725291859358549,0.8891444206237793,0.05439931899309158,0.00311279296875,0.0
0,0.3893708288669586,0.9954967498779297,0.9803926348686218,0.441986083984375,0.4446207682291667
0,0.16543272137641907,0.9691494703292847,0.9181873202323914,0.18693333333333334,0.10122222222222223
0,0.027712075039744377,0.9865199327468872,0.8678218126296997,0.03305555555555555,0.02618888888888889
0,0.024068232625722885,0.9937345385551453,0.8418256044387817,0.026459649122807016,0.0
0,0.018552789464592934,0.7552762031555176,0.1672186702489853,0.0021158854166666665,0.0
0,0.09141658246517181,0.8150853514671326,0.52681565284729,0.159326171875,0.0
0,0.010997187346220016,0.9814534187316895,0.15700885653495789,0.0078125,0.0
0,0.030591044574975967,0.7784809470176697,0.5057066082954407,0.03640020110608346,0.0
0,0.0004395947325974703,0.10356715321540833,0.006797531619668007,0.0,0.0
0,0.06761843711137772,0.9880388379096985,0.7568970322608948,0.08121486356780475,0.027332144979203804
0,0.0681639313697815,0.9130584001541138,0.6357879638671875,0.07463216145833333,0.0
0,0.028458867222070694,0.783160388469696,0.34809091687202454,0.028497646144704968,0.0
0,0.08128238469362259,0.8463238477706909,0.606789767742157,0.09923671100141689,0.0412084647378765
0,0.06002959609031677,0.8918110132217407,0.6721176505088806,0.07584635416666667,0.0188671875
0,0.06508297473192215,0.9976859092712402,0.9572785496711731,0.0535375,0.0140375
0,0.10038015991449356,0.9929060935974121,0.8587185740470886,0.13364864864864864,0.09430019305019305
0,0.0249358881264925,0.9897909760475159,0.2925952970981598,0.01283125,0.0
0,0.005871981382369995,0.7020196318626404,0.0626743733882904,0.001043666026871401,0.0
0,0.024481886997818947,0.8381505608558655,0.24598956108093262,0.0074640115163147796,0.0
0,0.06266370415687561,0.9842154383659363,0.8119744062423706,0.0779006717850288,0.03770873320537428
0,0.436993807554245,0.9870296716690063,0.95413738489151,0.6902717391304348,0.7717883022774327
0,0.061689358204603195,0.9652503728866577,0.54574054479599,0.030825289575289575,0.0
0,0.08570919185876846,0.8278281688690186,0.45807626843452454,0.05166023166023166,0.0
0,0.28511351346969604,0.9884918928146362,0.9464978575706482,0.4021838803088803,0.31125
0,0.07112765312194824,0.954647421836853,0.8906751871109009,0.089625,0.07286363636363637
0,0.009198336862027645,0.9164093732833862,0.28766775131225586,0.011505592199598508,0.0
0,0.06639300286769867,0.8597815036773682,0.5278800129890442,0.08360237892948173,0.0
0,0.0072904606349766254,0.6250948309898376,0.12416098266839981,0.0022222222222222222,0.0
0,0.007852339185774326,0.9138304591178894,0.08374190330505371,0.0010439882697947213,0.0
0,0.4175646901130676,0.9957684278488159,0.9769347906112671,0.5298885970473689,0.5750384928901368
0,0.21301566064357758,0.9796287417411804,0.939024806022644,0.3706721536351166,0.39200731595793326
0,0.19060172140598297,0.9887987971305847,0.9528381824493408,0.27047096479195243,0.23083676268861453
0,0.08872515708208084,0.9929336309432983,0.9533619284629822,0.09835238095238096,0.04232857142857143
0,0.007045101374387741,0.9038048982620239,0.13072869181632996,0.0042054794520547945,0.0
0,0.2894343435764313,0.9916519522666931,0.9439706206321716,0.5359718437783833,0.59641689373297
0,0.11034934967756271,0.9806919097900391,0.7874411940574646,0.16272146118721462,0.03095890410958904
0,0.13120028376579285,0.9872773289680481,0.9069831967353821,0.24446557971014493,0.03965579710144927
0,0.16813433170318604,0.9600626826286316,0.801314651966095,0.25079158750791586,0.0694597206945972
0,0.06785740703344345,0.9097468256950378,0.655887246131897,0.09903812868772438,0.0
0,0.21010155975818634,0.9407896995544434,0.8128673434257507,0.3454936584054139,0.20046202173213332
0,0.1812535971403122,0.936051607131958,0.8440237045288086,0.29680994199894545,0.1463662975690467
0,0.17040197551250458,0.9867772459983826,0.7688737511634827,0.40045198313950536,0.02404651871413336
0,0.13378728926181793,0.9765353798866272,0.8037906289100647,0.19660736089307518,0.1127245770102913
0,0.01504596322774887,0.9298236966133118,0.2807149291038513,0.011232762371578003,0.0
0,0.3224845230579376,0.9872773289680481,0.9714558720588684,0.3775736490885417,0.383941650390625
0,0.09748271107673645,0.9660280346870422,0.9295645356178284,0.11619059244791667,0.10359700520833333
0,0.15713603794574738,0.982624351978302,0.9569571614265442,0.19071451822916666,0.13200887044270834
0,0.19697512686252594,0.9252299070358276,0.8426043391227722,0.3317057291666667,0.3337809244791667
0,0.023294569924473763,0.4670279324054718,0.26913055777549744,0.010030110677083334,0.0
0,0.034099239856004715,0.9068183302879333,0.7292218804359436,0.049519856770833336,0.0
0,0.050647664815187454,0.7190877795219421,0.42387354373931885,0.047505696614583336,0.0
0,0.03891701251268387,0.6337503790855408,0.44779232144355774,0.078369140625,0.0
0,0.1816597729921341,0.9816303849220276,0.9597620368003845,0.21613566080729166,0.21928914388020834
0,0.011122874915599823,0.7994423508644104,0.2692795693874359,0.010009765625,0.0
0,0.00019334365788381547,0.04804735630750656,0.0022958910558372736,0.0,0.0
0,0.02501859702169895,0.5736187100410461,0.33807384967803955,0.014353434244791666,0.0
0,0.15037868916988373,0.7871142029762268,0.6486856341362,0.31842041015625,0.2954305013020833
0,0.1346009522676468,0.9778411984443665,0.9355823397636414,0.184783935546875,0.12060546875
0,0.01646537333726883,0.5499729514122009,0.31869399547576904,0.015085856119791666,0.0
0,0.06387188285589218,0.9926256537437439,0.9672250151634216,0.07432047526041667,0.06789143880208333
0,0.004223978612571955,0.46854743361473083,0.05707139894366264,0.0015157063802083333,0.0
0,0.001648224308155477,0.29563647508621216,0.02881619706749916,0.00016276041666666666,0.0
0,0.036037374287843704,0.9499486684799194,0.7728736996650696,0.05242919921875,0.0
0,0.007174512837082148,0.7866228222846985,0.27338746190071106,0.010019938151041666,0.0
0,0.004202734213322401,0.24077458679676056,0.07119885832071304,0.0,0.0
0,0.41836437582969666,0.9927672147750854,0.9798226952552795,0.515533447265625,0.5523885091145834
0,0.107694111764431,0.9886244535446167,0.9420786499977112,0.13283284505208334,0.11089070638020833
0,0.10375496000051498,0.8180109858512878,0.67415452003479,0.20249430338541666,0.0
0,0.30457600951194763,0.9539660811424255,0.8936811685562134,0.47894287109375,0.50653076171875
0,0.00883630383759737,0.9473810195922852,0.2648943066596985,0.009938557942708334,0.0
0,0.09512948244810104,0.9960237741470337,0.9803550839424133,0.10786946614583333,0.11004638671875
0,0.08546049147844315,0.9598374962806702,0.9095863103866577,0.111907958984375,0.08878580729166667
0,0.14263366162776947,0.9587699174880981,0.8750382661819458,0.21894327799479166,0.042643229166666664
0,0.02495397813618183,0.5652987360954285,0.3902434706687927,0.033915201822916664,0.0
0,0.047632116824388504,0.8016253709793091,0.5627755522727966,0.08424886067708333,0.0
0,0.06654410809278488,0.939581573009491,0.7833262085914612,0.10154215494791667,0.08043416341145833
0,0.059663642197847366,0.9896718263626099,0.9320796132087708,0.07636515299479167,0.051523844401041664
0,0.23763065040111542,0.9644556045532227,0.9383503198623657,0.3406473795572917,0.4245096842447917
0,0.1060185432434082,0.911337673664093,0.803939938545227,0.16820271809895834,0.0
0,0.06538737565279007,0.9810219407081604,0.9362850189208984,0.0858154296875,0.02490234375
0,0.026309477165341377,0.9469902515411377,0.6745544672012329,0.032908121744791664,0.0
0,0.010284417308866978,0.5480386018753052,0.11879339814186096,0.00140380859375,0.0
0,0.04822438582777977,0.8233283758163452,0.4911734461784363,0.038706461588541664,0.0
0,0.05865475907921791,0.851582944393158,0.6670392155647278,0.08037312825520833,0.0
0,0.12443136423826218,0.7697731852531433,0.6306849718093872,0.214935302734375,0.0533447265625
0,0.20921747386455536,0.993561863899231,0.9798601269721985,0.24363199869791666,0.2125244140625
0,0.0038491245359182358,0.2748377025127411,0.050611432641744614,1.0172526041666666e-05,0.0
0,0.013503734953701496,0.8089743256568909,0.34397944808006287,0.016438802083333332,0.0
0,0.0141334543004632,0.6599532961845398,0.2356303632259369,0.006744384765625,0.0
0,0.0038853061851114035,0.42650076746940613,0.03919513523578644,0.0016581217447916667,0.0
0,0.0003523669147398323,0.028544150292873383,0.0035518845543265343,0.0,0.0
0,0.008199354633688927,0.5344606637954712,0.18025091290473938,0.002777099609375,0.0
0,0.3484937250614166,0.9686195850372314,0.9324532747268677,0.4569905598958333,0.438690185546875
0,0.30872687697410583,0.986151397228241,0.9641192555427551,0.3923441569010417,0.39404296875
0,0.23378020524978638,0.9905874133110046,0.966156005859375,0.2796732584635417,0.2760721842447917
0,0.010302025824785233,0.50201416015625,0.20133699476718903,0.0030415852864583335,0.0
0,0.00035750027745962143,0.036908067762851715,0.0024630071129649878,0.0,0.0
0,0.17939789593219757,0.9939496517181396,0.981523334980011,0.20030721028645834,0.19524129231770834
0,0.04026000201702118,0.9758085012435913,0.9084556102752686,0.039621988932291664,0.0179443359375
0,0.0016481223283335567,0.7884203195571899,0.01840277761220932,0.0009765625,0.0
0,0.016620879992842674,0.9891815781593323,0.7224291563034058,0.020589192708333332,0.0111083984375
0,0.0024157592561095953,0.055208683013916016,0.01778039149940014,0.0,0.0
0,0.10355648398399353,0.9810945987701416,0.9549844264984131,0.11602783203125,0.110382080078125
0,0.08020924031734467,0.9845753908157349,0.9393594861030579,0.09581502278645833,0.091949462890625
0,0.14024940133094788,0.9944234490394592,0.9461973309516907,0.1756591796875,0.16636149088541666
0,0.10215853899717331,0.9909096360206604,0.9281447529792786,0.144195556640625,0.17059326171875
0,0.004922996740788221,0.5492780208587646,0.0739593654870987,0.0011698404947916667,0.0
0,0.130618616938591,0.982355535030365,0.9488224983215332,0.17496744791666666,0.19272867838541666
0,0.10543564707040787,0.9121235609054565,0.8366879820823669,0.14214070638020834,0.143035888671875
0,0.051295191049575806,0.9648551344871521,0.8646537065505981,0.0628662109375,0.0252685546875
0,0.03820887207984924,0.974531888961792,0.9405717849731445,0.043660481770833336,0.0372314453125
0,0.05266726016998291,0.8356177806854248,0.6084759831428528,0.09574381510416667,0.0
0,0.17774808406829834,0.9164093732833862,0.820608913898468,0.2841389973958333,0.16324869791666666
0,0.0364263541996479,0.960212230682373,0.8934953808784485,0.045247395833333336,0.035878499348958336
0,0.12297243624925613,0.974628746509552,0.9452984929084778,0.142303466796875,0.11797078450520833
0,0.0004904663655906916,0.04146227613091469,0.005405900068581104,0.0,0.0
0,0.07576172798871994,0.9167081117630005,0.7683857679367065,0.13044230143229166,0.0
0,0.07354102283716202,0.8575296401977539,0.7028330564498901,0.110198974609375,0.0
0,0.10411717742681503,0.8271310925483704,0.6572085022926331,0.152313232421875,0.0
0,0.006119567435234785,0.7322090864181519,0.09122006595134735,0.00177001953125,0.0
0,0.009143196977674961,0.5436205267906189,0.24617071449756622,0.005991617838541667,0.0
0,0.0021651405841112137,0.12137299031019211,0.02149176597595215,0.0,0.0
0,0.0637277141213417,0.9623913168907166,0.8397339582443237,0.09407552083333333,0.06315104166666667
0,0.008008303120732307,0.9401335716247559,0.24199426174163818,0.009480794270833334,0.0
0,0.002681331941857934,0.6675812005996704,0.02585877664387226,0.0023091634114583335,0.0
0,0.06512907892465591,0.6105115413665771,0.45662087202072144,0.14551798502604166,0.0
0,0.07891035079956055,0.9020932912826538,0.6708077788352966,0.13444010416666666,0.0
0,0.0025998083874583244,0.11899801343679428,0.02561391517519951,0.0,0.0
0,0.0032755928114056587,0.2267836332321167,0.06803671270608902,0.0,0.0
0,0.0038024631794542074,0.7394223809242249,0.054499875754117966,0.005320231119791667,0.0
0,0.006350640673190355,0.8497219681739807,0.11162219196557999,0.005442301432291667,0.0
0,0.0760638415813446,0.8912444114685059,0.7794896960258484,0.12183634440104167,0.09895833333333333
0,0.0006267169374041259,0.09041372686624527,0.011288073845207691,0.0,0.0
0,0.05699966475367546,0.8996515870094299,0.7675103545188904,0.07421875,0.0
0,0.001015603425912559,0.17412921786308289,0.01678548939526081,0.0,0.0
0,0.0003491692477837205,0.02806073985993862,0.00216576736420393,0.0,0.0
0,0.0036017789971083403,0.8136088848114014,0.062327608466148376,0.002532958984375,0.0
0,0.00023415348550770432,0.013376603834331036,0.003350423648953438,0.0,0.0
0,0.006071687210351229,0.6542322635650635,0.29350265860557556,0.010406494140625,0.0
0,0.006817238871008158,0.6127732396125793,0.29340144991874695,0.01153564453125,0.0
0,0.025929443538188934,0.6944063305854797,0.45840656757354736,0.04931640625,0.0
0,0.00032099123927764595,0.01009131595492363,0.0020911062601953745,0.0,0.0
0,0.00041509116999804974,0.017242778092622757,0.0026834397576749325,0.0,0.0
0,0.0004332249518483877,0.03926875442266464,0.004700060468167067,0.0,0.0
0,0.04559889808297157,0.9136765599250793,0.8137569427490234,0.06821695963541667,0.059295654296875
0,0.0009884642204269767,0.19102567434310913,0.011462471447885036,0.0,0.0
0,0.00023750030959490687,0.006314364727586508,0.0014214043039828539,0.0,0.0
0,0.0010655864607542753,0.22051022946834564,0.013955711387097836,0.0,0.0
0,0.0006602111388929188,0.0446808747947216,0.006217078305780888,0.0,0.0
0,0.0002910772163886577,0.08678673207759857,0.002672694157809019,0.0,0.0
0,0.000361703714588657,0.009596454910933971,0.002225670963525772,0.0,0.0
0,0.005305920261889696,0.3900691866874695,0.07133200019598007,0.0004679361979166667,0.0
0,0.14510662853717804,0.996570348739624,0.9718859195709229,0.18091837565104166,0.18489583333333334
0,0.0004693889932241291,0.023109277710318565,0.004297939129173756,0.0,0.0
0,0.06516752392053604,0.9722570776939392,0.9043130874633789,0.08143107096354167,0.07793172200520833
0,0.05440099909901619,0.9407896995544434,0.847203254699707,0.06858317057291667,0.033335367838541664
0,0.0003572980349417776,0.026759279891848564,0.004503272473812103,0.0,0.0
0,0.004176576156169176,0.9125921130180359,0.03390796110033989,0.004180908203125,0.0
0,0.0050749750807881355,0.7041601538658142,0.15934425592422485,0.0068359375,0.0
0,0.1068786084651947,0.9722043871879578,0.9280183911323547,0.14109293619791666,0.079986572265625
0,0.013454397208988667,0.57021164894104,0.17996250092983246,0.00372314453125,0.0
0,0.00029615723178721964,0.03090895712375641,0.0026112475898116827,0.0,0.0
0,0.05651244521141052,0.8005360960960388,0.5338504314422607,0.07146199544270833,0.0
0,0.03935490921139717,0.9539660811424255,0.4100438356399536,0.072418212890625,0.0
0,0.0011945655569434166,0.5113582015037537,0.02136888913810253,0.00018310546875,0.0
0,0.002798919565975666,0.6801354885101318,0.02178117074072361,0.00146484375,0.0
0,9.885323379421607e-05,0.014337030239403248,0.0012303582625463605,0.0,0.0
0,0.04026051238179207,0.8136088848114014,0.6501341462135315,0.06746419270833333,0.039143880208333336
0,0.0427248440682888,0.8971559405326843,0.7657685875892639,0.062367757161458336,0.043253580729166664
0,0.008272907696664333,0.9222025275230408,0.3010506331920624,0.010915120442708334,0.0
0,0.00012262922246009111,0.005865338258445263,0.0014437558129429817,0.0,0.0
0,0.017869675531983376,0.6269239783287048,0.3087110221385956,0.014149983723958334,0.0
0,0.004932281095534563,0.6982265710830688,0.13217812776565552,0.008931477864583334,0.0
0,0.03321930766105652,0.93475341796875,0.8495972156524658,0.039784749348958336,0.032969156901041664
0,0.0286096278578043,0.6791787147521973,0.47237783670425415,0.0556640625,0.0
0,0.013200387358665466,0.9482505321502686,0.19558487832546234,0.005849202473958333,0.0
0,0.00041606544982641935,0.19102567434310913,0.00841200165450573,0.0,0.0
0,0.018571961671113968,0.7023259401321411,0.2717287838459015,0.010355631510416666,0.0
0,0.0018197683384642005,0.38948848843574524,0.022499971091747284,4.0690104166666664e-05,0.0
0,0.03422945365309715,0.9094254970550537,0.6504606008529663,0.039652506510416664,0.0
0,0.000524412258528173,0.03853849694132805,0.005576545372605324,0.0,0.0
0,0.00042453393689356744,0.008881675079464912,0.002822832902893424,0.0,0.0
0,0.05831243470311165,0.9153559803962708,0.7379143238067627,0.08263142903645833,0.059763590494791664
0,0.002774992026388645,0.5259014368057251,0.02790137566626072,0.000152587890625,0.0
0,0.020855173468589783,0.8659058809280396,0.20561502873897552,0.005055745442708333,0.0
0,0.002388169290497899,0.8166989684104919,0.015013019554316998,0.0025227864583333335,0.0
0,0.005389617756009102,0.493885338306427,0.11026789247989655,0.004781087239583333,0.0
0,0.0008696257136762142,0.02590802125632763,0.013376603834331036,0.0,0.0
0,0.021730422973632812,0.9508692026138306,0.48119205236434937,0.029276529947916668,0.0
0,0.00046851285151205957,0.029201289638876915,0.0066411131992936134,0.0,0.0
0,0.007269087713211775,0.4863620400428772,0.16290804743766785,0.0025227864583333335,0.0
0,0.0017836532788351178,0.1778108775615692,0.030500324442982674,0.0,0.0
0,0.01702866703271866,0.48548534512519836,0.21044160425662994,0.0037638346354166665,0.0
0,0.028294404968619347,0.8017807006835938,0.4703550934791565,0.032633463541666664,0.0
0,0.001117283129133284,0.04216654598712921,0.013273886404931545,0.0,0.0
0,0.03938804194331169,0.7414868474006653,0.58515864610672,0.07828776041666667,0.0
0,0.00041096089989878237,0.03919513523578644,0.004700060468167067,0.0,0.0
0,0.1358957141637802,0.9068183302879333,0.798339307308197,0.205474853515625,0.0
0,0.0010574434418231249,0.060863446444272995,0.015189048834145069,0.0,0.0
0,0.003193340264260769,0.2628418207168579,0.03527754545211792,0.0,0.0
0,0.00025763691519387066,0.007518718484789133,0.0019415902206674218,0.0,0.0
0,0.0005672227125614882,0.03210070729255676,0.006984650157392025,0.0,0.0
0,0.0022467803210020065,0.07558479905128479,0.025323061272501945,0.0,0.0
0,0.047705087810754776,0.8960696458816528,0.6970905065536499,0.061798095703125,0.0
0,0.0006181045318953693,0.03126191347837448,0.009268012829124928,0.0,0.0
0,0.04418506845831871,0.9691494703292847,0.8918110132217407,0.050587972005208336,0.040486653645833336
0,0.0002549586060922593,0.01851104572415352,0.0020269001834094524,0.0,0.0
0,0.3385807275772095,0.990767776966095,0.959307074546814,0.4346822102864583,0.4988199869791667
0,0.1782429963350296,0.9233161807060242,0.8150853514671326,0.3128865559895833,0.23100789388020834
0,0.09940620511770248,0.8184467554092407,0.5713409781455994,0.14100138346354166,0.0
0,0.00031426912755705416,0.03346293419599533,0.003838947741314769,0.0,0.0
0,0.007566267624497414,0.47446373105049133,0.07654563337564468,0.00146484375,0.0
0,0.0008036165381781757,0.02748069353401661,0.010248602367937565,0.0,0.0
0,0.005014130380004644,0.8933094143867493,0.046899255365133286,0.0026957194010416665,0.0
0,0.0807647854089737,0.9922143816947937,0.930706799030304,0.10502115885416667,0.027242024739583332
0,0.0021603296045213938,0.16899405419826508,0.041695769876241684,0.0,0.0
0,0.011516410857439041,0.8671482801437378,0.3375310003757477,0.0130615234375,0.0
0,0.0003486238420009613,0.01833445020020008,0.004022909794002771,0.0,0.0
0,0.004097091034054756,0.5051038861274719,0.08151976019144058,0.0020345052083333335,0.0
0,0.045522723346948624,0.9804313778877258,0.9071428775787354,0.05816650390625,0.052052815755208336
0,0.12389824539422989,0.9658995866775513,0.9066531658172607,0.17075602213541666,0.15423583984375
0,0.0017057238146662712,0.05613277852535248,0.029256708920001984,0.0,0.0
0,0.01398844737559557,0.7232117056846619,0.4553372263908386,0.023325602213541668,0.0
0,0.037166520953178406,0.8966140151023865,0.5537394285202026,0.043558756510416664,0.0
0,0.0009489468648098409,0.026810195297002792,0.008348054252564907,0.0,0.0
0,0.017527630552649498,0.7365901470184326,0.39472055435180664,0.020426432291666668,0.0
0,0.09795615077018738,0.8290771842002869,0.5722429752349854,0.16463216145833334,0.0
0,0.01798577792942524,0.9939496517181396,0.775404155254364,0.018290201822916668,0.0
0,0.00015965740021783859,0.012147169560194016,0.0017475817585363984,0.0,0.0
0,0.09793784469366074,0.9116528034210205,0.8180109858512878,0.16089884440104166,0.079345703125
0,0.015883570536971092,0.46617719531059265,0.16885283589363098,0.00262451171875,0.0
0,0.08048626035451889,0.9710743427276611,0.8531803488731384,0.10834757486979167,0.0
0,0.0006188083789311349,0.07107366621494293,0.005819959565997124,0.0,0.0
0,0.140614852309227,0.9872773289680481,0.967348575592041,0.16642252604166666,0.12825520833333334
0,0.10476505011320114,0.9839708209037781,0.9414359331130981,0.13602701822916666,0.06292724609375
0,0.002076660515740514,0.7942253947257996,0.03222229704260826,0.000701904296875,0.0
0,0.18357527256011963,0.9900250434875488,0.9655745029449463,0.2264404296875,0.2573750813802083
0,0.036514684557914734,0.8991213440895081,0.6156061887741089,0.032684326171875,0.0
0,0.044056013226509094,0.9925393462181091,0.8297680616378784,0.038258870442708336,0.0
0,0.0012691954616457224,0.1141708493232727,0.01908743381500244,0.0,0.0
0,0.007967260666191578,0.7687332034111023,0.22866764664649963,0.008443196614583334,0.0
0,0.049627602100372314,0.9064877033233643,0.7291255593299866,0.052469889322916664,0.0
0,0.028452068567276,0.9437636137008667,0.5765365958213806,0.031748453776041664,0.0
0,0.012629016302525997,0.8742920160293579,0.3100672960281372,0.012247721354166666,0.0
0,0.003634620690718293,0.8899121284484863,0.026353850960731506,0.0021769205729166665,0.0
0,0.16365480422973633,0.9766246676445007,0.925094723701477,0.21756998697916666,0.14452107747395834
0,0.06562937051057816,0.9555686116218567,0.8161134123802185,0.08388264973958333,0.061726888020833336
0,0.04551118239760399,0.9634374976158142,0.8200201988220215,0.044565836588541664,0.0
0,0.22751963138580322,0.9946150183677673,0.9155072569847107,0.3148091634114583,0.052408854166666664
0,0.045353833585977554,0.9774571061134338,0.8472108244895935,0.04656982421875,0.023651123046875
0,0.023310473188757896,0.9565531015396118,0.5980756878852844,0.024281819661458332,0.0
0,0.16954641044139862,0.9935368895530701,0.9781771898269653,0.19921875,0.1590576171875
0,0.26494017243385315,0.9934357404708862,0.9740411043167114,0.3381551106770833,0.22974650065104166
0,0.0003074748383369297,0.007374365348368883,0.0019043302163481712,0.0,0.0
0,0.017630601301789284,0.933552086353302,0.5806493163108826,0.021514892578125,0.0
0,0.00048160002916119993,0.21700547635555267,0.006850480102002621,0.0,0.0
0,0.28822627663612366,0.9993307590484619,0.996392011642456,0.3356730143229167,0.3290608723958333
0,0.035859931260347366,0.9936856627464294,0.9280183911323547,0.038360595703125,0.020273844401041668
0,0.06871743500232697,0.993561863899231,0.9257686138153076,0.069904,0.011301333333333333
0,0.31169357895851135,0.9761291742324829,0.9162596464157104,0.43352,0.400176
0,0.018080588430166245,0.9296960830688477,0.3843342959880829,0.014933333333333333,0.0
0,0.008938365615904331,0.9091032147407532,0.09434341639280319,0.004,0.0
0,0.16003163158893585,0.9986114501953125,0.9542175531387329,0.18393961588541666,0.09620157877604167
0,0.08482453972101212,0.9775429368019104,0.8731066584587097,0.130889892578125,0.0
0,0.005474615842103958,0.9997346997261047,0.039048291742801666,0.0041015625,0.0
0,0.05878489464521408,0.9839708209037781,0.8316905498504639,0.052929166666666666,0.0
0,0.5520316958427429,0.9971550703048706,0.9832789301872253,0.6515283300198808,0.6383648111332008
0,0.012742094695568085,0.9270997643470764,0.16465072333812714,0.005416666666666667,0.0
0,0.03505029156804085,0.9419752359390259,0.47942832112312317,0.030579166666666668,0.0
0,0.3091371953487396,0.9975274205207825,0.9470881819725037,0.40594354691954626,0.4008937056432861
0,0.19700747728347778,0.9959140419960022,0.9472835659980774,0.26908429859929617,0.1987973990258
0,0.01112434919923544,0.9233161807060242,0.18506188690662384,0.006064030131826742,0.0
0,0.05463816970586777,0.9932025074958801,0.840653121471405,0.05420268972142171,0.010043227665706051
0,0.02544933184981346,0.9712384939193726,0.5656166672706604,0.02504376239934648,0.0
0,0.2441013902425766,0.9989758729934692,0.9897909760475159,0.27769662921348315,0.2866741573033708
0,0.1354018598794937,0.9894702434539795,0.8820220232009888,0.15397167138810197,0.010691218130311615
0,0.23164567351341248,0.9941118359565735,0.9263036847114563,0.2999085714285714,0.2069257142857143
0,0.18700064718723297,0.9971550703048706,0.9815244078636169,0.22530265339966832,0.12911691542288556
0,0.02134104073047638,0.5959630012512207,0.29482370615005493,0.015525606469002695,0.0
0,0.01369445025920868,0.3631950616836548,0.20370754599571228,0.0030100182149362478,0.0
0,0.35920998454093933,0.992452085018158,0.9539660811424255,0.4861853002070393,0.38231884057971016
0,0.5225666165351868,0.9961305856704712,0.9734434485435486,0.6660221674876847,0.6754515599343186
0,0.22061990201473236,0.9939261078834534,0.9486324787139893,0.3238711001642036,0.23645730706075532
0,0.13685886561870575,0.9666001796722412,0.7864589095115662,0.21067411083540116,0.20157154673283706
0,0.16587558388710022,0.9992504715919495,0.952397346496582,0.19590346534653466,0.15796204620462045
0,0.045460984110832214,0.9857729077339172,0.8112277984619141,0.04844855967078189,0.0
0,0.24029070138931274,0.9999001026153564,0.9909797310829163,0.25526208026208025,0.21538083538083538
0,0.0873757004737854,0.9629528522491455,0.8180109858512878,0.07963065958060396,0.0
0,0.5395281314849854,0.9902161359786987,0.9640516638755798,0.6582024935138673,0.6600504170313884
0,0.010570235550403595,0.7964508533477783,0.1378803551197052,0.0030563669804176134,0.0
0,0.07479406148195267,0.9937345385551453,0.8487215638160706,0.07359166666666667,0.0
0,0.386471688747406,0.9864678382873535,0.9565531015396118,0.5184996975196612,0.5180345499764738
0,0.07287685573101044,0.9900250434875488,0.9237300753593445,0.08371862466765806,0.03745212022892164
0,0.09148649871349335,0.9702399373054504,0.8707072734832764,0.1343014705882353,0.02099954044117647
0,0.07550019770860672,0.9907320141792297,0.9099069833755493,0.08792402826855124,0.04545053003533569
0,0.008767254650592804,0.6919138431549072,0.10650458931922913,0.0005388760585065435,0.0
0,0.5346056222915649,0.9941118359565735,0.9724754095077515,0.6728930781462537,0.687736843113589
0,0.010443278588354588,0.442516028881073,0.11616110056638718,0.0004609994468006638,0.0
0,0.1582322120666504,0.978425920009613,0.9010533690452576,0.22105723023154217,0.0835446772537205
0,0.0006007174379192293,0.0360160693526268,0.005797401070594788,0.0,0.0
0,0.03371401131153107,0.8153795003890991,0.4655384123325348,0.03057861328125,0.0
0,0.22726844251155853,0.9712384939193726,0.9331876635551453,0.2967936197916667,0.2099609375
0,0.29548168182373047,0.9806178212165833,0.95123291015625,0.4052632649739583,0.4229838053385417
0,0.011717823334038258,0.9289263486862183,0.13974468410015106,0.006134033203125,0.0
0,0.10901594161987305,0.9804313778877258,0.9118099808692932,0.12897745768229166,0.0
0,0.26356080174446106,0.9842154383659363,0.9402433633804321,0.348052978515625,0.28765869140625
0,0.030510803684592247,0.9925969839096069,0.7999069690704346,0.030446370442708332,0.0
0,0.14352910220623016,0.9515940546989441,0.8718026280403137,0.19970703125,0.0
0,0.014176455326378345,0.8128673434257507,0.26188555359840393,0.009663899739583334,0.0
0,0.07505347579717636,0.9742884635925293,0.8910549879074097,0.09189860026041667,0.0
0,0.11344357579946518,0.9889705181121826,0.9552332162857056,0.13158162434895834,0.060353597005208336
0,0.08422032743692398,0.997166097164154,0.9813454747200012,0.09996541341145833,0.10956827799479167
0,0.04439597204327583,0.9082930684089661,0.6203916072845459,0.049001057942708336,0.0
0,0.05883968994021416,0.9935117363929749,0.9548162817955017,0.068145751953125,0.029541015625
0,0.0020832291338592768,0.1617170125246048,0.021287353709340096,0.0,0.0
0,0.052076827734708786,0.9843363761901855,0.8721297383308411,0.067169189453125,0.0
0,0.0023550523910671473,0.11124119907617569,0.018369637429714203,0.0,0.0
0,0.45119166374206543,0.9923933744430542,0.9779677391052246,0.57305908203125,0.6619160970052084
0,0.08719220757484436,0.987616240978241,0.9192084670066833,0.10546875,0.0
0,0.008836108259856701,0.7331653833389282,0.18168969452381134,0.004506429036458333,0.0
0,0.07817435264587402,0.9765800833702087,0.8327813148498535,0.08194986979166667,0.0
0,0.09938960522413254,0.9911182522773743,0.9483462572097778,0.12047322591145833,0.08103434244791667
0,0.10620874166488647,0.9765800833702087,0.8891386389732361,0.12744140625,0.0
0,0.025611504912376404,0.9653811454772949,0.7818257808685303,0.029398600260416668,0.0
0,0.015227477997541428,0.9904406070709229,0.8604688048362732,0.015635172526041668,0.0
0,0.2716035544872284,0.9853842854499817,0.9502266049385071,0.3370564778645833,0.3181559244791667
0,0.12430020421743393,0.9642541408538818,0.9003546833992004,0.16584269205729166,0.0
0,0.08292762190103531,0.9899086952209473,0.8966085910797119,0.09645589192708333,0.0
0,0.1446884274482727,0.966156005859375,0.8942365646362305,0.187042236328125,0.0704345703125
0,0.35354599356651306,0.9870296716690063,0.9355823397636414,0.4678853352864583,0.470306396484375
0,0.12214943766593933,0.9942025542259216,0.9724670648574829,0.14671834309895834,0.09562174479166667
0,0.03044646792113781,0.8085212111473083,0.37799808382987976,0.023661295572916668,0.0
0,0.0819103941321373,0.975669801235199,0.8936755657196045,0.101287841796875,0.054860432942708336
0,0.3156307339668274,0.9647889137268066,0.936051607131958,0.4206136067708333,0.4358723958333333
0,0.017425285652279854,0.8774768114089966,0.2897704839706421,0.011260986328125,0.0
0,0.003656247863546014,0.6705003976821899,0.05042126774787903,0.0012308756510416667,0.0
0,0.077280692756176,0.9531880021095276,0.8673731684684753,0.08378092447916667,0.045684814453125
0,0.2012181431055069,0.9899086952209473,0.9571177959442139,0.255035400390625,0.18628946940104166
0,0.07966791838407516,0.9742884635925293,0.8628146648406982,0.08747355143229167,0.0
0,0.10355202108621597,0.9393594861030579,0.8271269202232361,0.12360636393229167,0.0
0,0.11346039921045303,0.9412234425544739,0.7874411940574646,0.15404256184895834,0.0
0,0.010373789817094803,0.8967949151992798,0.1657240390777588,0.004913330078125,0.0
0,0.06275391578674316,0.9828891754150391,0.8824278712272644,0.06756591796875,0.0
0,0.00804832298308611,0.7061904072761536,0.12474514544010162,0.005839029947916667,0.0
0,0.18354260921478271,0.9598374962806702,0.9139840602874756,0.23931884765625,0.17682902018229166
0,0.011997002176940441,0.30777397751808167,0.1127954050898552,0.000274658203125,0.0
0,0.43151021003723145,0.9854404330253601,0.9591543078422546,0.52911376953125,0.5404866536458334
0,0.060868699103593826,0.9594592452049255,0.6899296045303345,0.09263102213541667,0.0
0,0.005963703617453575,0.6834195256233215,0.09121521562337875,0.0020243326822916665,0.0
0,0.14108462631702423,0.9689738154411316,0.9260365962982178,0.18061319986979166,0.024098714192708332
0,0.051788780838251114,0.8836382627487183,0.605797290802002,0.056427001953125,0.0
0,0.19046670198440552,0.941439151763916,0.8991213440895081,0.24422200520833334,0.14501953125
0,0.14874422550201416,0.977022647857666,0.9402433633804321,0.17851765950520834,0.1510009765625
0,0.11247321218252182,0.9842154383659363,0.8639664649963379,0.14256795247395834,0.021270751953125
0,0.058818791061639786,0.9515940546989441,0.754191517829895,0.07222493489583333,0.0
0,0.0017061219550669193,0.464081734418869,0.019160708412528038,9.1552734375e-05,0.0
0,0.2943595349788666,0.973087728023529,0.9364014267921448,0.374969482421875,0.35479736328125
0,0.0008515099179930985,0.03161877021193504,0.006217078305780888,0.0,0.0
0,0.06187586486339569,0.9855521321296692,0.933552086353302,0.06755574544270833,0.034505208333333336
0,0.023514648899435997,0.9617499113082886,0.44225436449050903,0.017415364583333332,0.0
0,0.21542233228683472,0.9608049392700195,0.9114953279495239,0.2859700520833333,0.22837320963541666
0,0.0008806981495581567,0.8128673434257507,0.0037800956051796675,0.0007527669270833334,0.0
0,0.001352547318674624,0.013376603834331036,0.006217078305780888,0.0,0.0
0,0.0330641008913517,0.9611709713935852,0.6099308133125305,0.024851481119791668,0.0
0,0.05773568153381348,0.990767776966095,0.8725614547729492,0.06474812825520833,0.0
0,0.0671481117606163,0.7624240517616272,0.5723009705543518,0.105865478515625,0.0
0,0.16896504163742065,0.9906960725784302,0.9479621648788452,0.21404012044270834,0.15848795572916666
0,0.12015660852193832,0.9972637891769409,0.9839708209037781,0.13575236002604166,0.07948811848958333
0,0.05827489495277405,0.9359345436096191,0.7453983426094055,0.06868489583333333,0.0
0,0.01987168937921524,0.8162599205970764,0.4016755521297455,0.019307454427083332,0.0
0,0.07250020653009415,0.9613164663314819,0.7977144718170166,0.082122802734375,0.0
0,0.3969639539718628,0.9821512699127197,0.9619627594947815,0.4942728678385417,0.5545450846354166
0,0.0033389246091246605,0.5428026914596558,0.07223907113075256,0.0016988118489583333,0.0
0,0.1290038526058197,0.9670388102531433,0.8773685693740845,0.151275634765625,0.048421223958333336
0,0.016017282381653786,0.9007046222686768,0.3794812858104706,0.01690673828125,0.0
0,0.23759746551513672,0.9840936064720154,0.9089417457580566,0.33380126953125,0.2993672688802083
0,0.16134320199489594,0.9731897711753845,0.938010573387146,0.20918782552083334,0.09972127278645833
0,0.0396505631506443,0.9193534255027771,0.5988313555717468,0.041463216145833336,0.0
0,0.10777760297060013,0.9632996320724487,0.8966085910797119,0.13910929361979166,0.06312052408854167
0,0.08007995039224625,0.9124361872673035,0.7638362646102905,0.08056640625,0.0
0,0.03729620948433876,0.9831499457359314,0.7818107604980469,0.037241617838541664,0.0
0,0.02782578580081463,0.9202179908752441,0.6132892966270447,0.030029296875,0.0
0,0.0027583057526499033,0.29614511132240295,0.023962024599313736,0.00016276041666666666,0.0
0,0.013225886970758438,0.9413313865661621,0.20401977002620697,0.007517496744791667,0.0
0,0.02692118100821972,0.840520977973938,0.42918652296066284,0.03533935546875,0.0
0,0.01873907633125782,0.7803279161453247,0.35309019684791565,0.017171223958333332,0.0
0,0.01498828548938036,0.9929336309432983,0.5872171521186829,0.013641357421875,0.0
0,0.1610729843378067,0.978260338306427,0.9237300753593445,0.20487467447916666,0.12278238932291667
0,0.11431712657213211,0.9401335716247559,0.7727022171020508,0.13767496744791666,0.0
0,0.24076390266418457,0.9722043871879578,0.9241418242454529,0.3492228190104167,0.2801411946614583
0,0.12079600244760513,0.9815951585769653,0.879767894744873,0.15700276692708334,0.0
0,0.20356722176074982,0.9675332307815552,0.8750414848327637,0.2832132975260417,0.14296468098958334
0,0.012021251022815704,0.9647889137268066,0.1725856363773346,0.006561279296875,0.0
0,0.0005270718247629702,0.029986508190631866,0.006338921841233969,0.0,0.0
0,0.013022705912590027,0.7479842901229858,0.18609504401683807,0.005869547526041667,0.0
0,0.4754274785518646,0.9940658807754517,0.9884026646614075,0.54071044921875,0.5587666829427084
0,0.014062602072954178,0.9459012746810913,0.4686966836452484,0.016082763671875,0.0
0,0.02606910467147827,0.8350804448127747,0.5315732359886169,0.034383138020833336,0.0
0,0.2739652693271637,0.9890553951263428,0.9697836637496948,0.3387044270833333,0.2618306477864583
0,0.0025936176534742117,0.21683956682682037,0.03258974477648735,0.0,0.0
0,0.2516646087169647,0.9934611320495605,0.957355260848999,0.3143819173177083,0.301239013671875
0,0.0327928327023983,0.9743860960006714,0.768901526927948,0.037801106770833336,0.0
0,0.0004310774675104767,0.07906799018383026,0.006438102573156357,0.0,0.0
0,0.44140052795410156,0.9908034801483154,0.9640516638755798,0.5743204752604166,0.6376953125
0,0.09579569101333618,0.961605966091156,0.8374870419502258,0.11690266927083333,0.0
0,0.21759365499019623,0.9719924926757812,0.9238675236701965,0.2966410319010417,0.133148193359375
0,0.17287606000900269,0.9926256537437439,0.9510514140129089,0.237152099609375,0.06392415364583333
0,0.004406033083796501,0.8356177806854248,0.06097182631492615,0.0029398600260416665,0.0
0,0.04167923703789711,0.9769787192344666,0.824599027633667,0.05133056640625,0.0
0,0.00018900023133028299,0.007011795416474342,0.0015548132359981537,0.0,0.0
0,0.2295437604188919,0.991455614566803,0.959307074546814,0.3079833984375,0.3661905924479167
0,0.0437314510345459,0.9348725080490112,0.754191517829895,0.054728190104166664,0.0
0,0.010058446787297726,0.7887459397315979,0.1985298991203308,0.006540934244791667,0.0
0,0.08509805798530579,0.9281486868858337,0.6919107437133789,0.09969075520833333,0.0
0,0.07547535002231598,0.916857123374939,0.7472472190856934,0.08038330078125,0.0
0,0.0014101077103987336,0.03422932326793671,0.012053778395056725,0.0,0.0
0,0.010769183747470379,0.6175702810287476,0.188323974609375,0.005330403645833333,0.0
0,0.0030915949027985334,0.7918210625648499,0.03468417376279831,0.0007425944010416666,0.0
0,0.004288712050765753,0.9132132530212402,0.019493870437145233,0.0034993489583333335,0.0
0,0.0016562025994062424,0.056861549615859985,0.008779109455645084,0.0,0.0
0,0.0008583469316363335,0.02748069353401661,0.0064882696606218815,0.0,0.0
0,0.12550899386405945,0.996570348739624,0.970520555973053,0.16621907552083334,0.14229329427083334
0,0.0015545260393992066,0.062216974794864655,0.015543648041784763,0.0,0.0
0,0.002648215740919113,0.07369627058506012,0.014728614129126072,0.0,0.0
0,0.09495207667350769,0.9890130758285522,0.9059898257255554,0.11146036783854167,0.0
0,0.04945679381489754,0.929568350315094,0.5577176213264465,0.07120768229166667,0.0
0,0.0014384808018803596,0.12116486579179764,0.016277462244033813,0.0,0.0
0,0.0013062101788818836,0.013955711387097836,0.007374365348368883,0.0,0.0
0,0.08092796802520752,0.9810219407081604,0.7505417466163635,0.08904012044270833,0.0
0,0.1138848140835762,0.9499486684799194,0.8316905498504639,0.14345296223958334,0.0
0,0.0008107917383313179,0.016914913430809975,0.006363573484122753,0.0,0.0
0,0.4531269073486328,0.9795897603034973,0.9470881819725037,0.6055399576822916,0.5653076171875
0,0.0005055463407188654,0.016979990527033806,0.0038244836032390594,0.0,0.0
0,0.008523673750460148,0.8124212622642517,0.21749870479106903,0.00811767578125,0.0
0,0.005038463044911623,0.7309625148773193,0.07107366621494293,0.0020650227864583335,0.0
0,0.0010349503718316555,0.25720497965812683,0.01164222415536642,0.0,0.0
0,0.0012160887708887458,0.167082741856575,0.024053553119301796,0.0,0.0
0,0.06316197663545609,0.9521309733390808,0.7754296660423279,0.064483642578125,0.0
0,0.04883386567234993,0.9813107252120972,0.7440932989120483,0.0537109375,0.0
0,0.39091527462005615,0.9797453284263611,0.949669361114502,0.5057271321614584,0.5374857584635416
0,0.10444686561822891,0.9613164663314819,0.8721264600753784,0.138336181640625,0.040913899739583336
0,0.039573825895786285,0.9716179370880127,0.7288891077041626,0.041188557942708336,0.0
0,0.0030581734608858824,0.22815652191638947,0.05707139894366264,0.0,0.0
0,0.005840665195137262,0.8964328765869141,0.11636175215244293,0.007181803385416667,0.0
0,0.023681150749325752,0.9927391409873962,0.770632266998291,0.02728271484375,0.0
0,0.14159663021564484,0.967100977897644,0.8864204287528992,0.19206746419270834,0.0
0,0.033238284289836884,0.9698426127433777,0.82684326171875,0.031728108723958336,0.0
0,0.003022539196535945,0.5715872645378113,0.04949430003762245,0.00103759765625,0.0
0,0.000486129050841555,0.019345102831721306,0.004520817659795284,0.0,0.0
0,0.0077094268053770065,0.9041438698768616,0.12972652912139893,0.00506591796875,0.0
0,0.0037983886431902647,0.5531432628631592,0.03746539354324341,0.0006815592447916666,0.0
0,0.04932983219623566,0.9930152893066406,0.9388007521629333,0.058888753255208336,0.040934244791666664
0,0.000532205740455538,0.024423090741038322,0.004101929254829884,0.0,0.0
0,0.07021012902259827,0.956308901309967,0.8139049410820007,0.08371988932291667,0.0
0,0.18895255029201508,0.9606574773788452,0.889331042766571,0.2654215494791667,0.24664306640625
0,0.09468600898981094,0.969956636428833,0.8755711317062378,0.1173095703125,0.06764729817708333
0,0.044837698340415955,0.9205042719841003,0.7516481280326843,0.055124918619791664,0.0
0,0.0001825873041525483,0.013376603834331036,0.0012693643802776933,0.0,0.0
0,0.15098319947719574,0.9915544390678406,0.9664738178253174,0.19878133138020834,0.07933553059895833
0,0.021117419004440308,0.9674102663993835,0.6229147911071777,0.020070393880208332,0.0
0,0.02867758832871914,0.9041438698768616,0.6010615825653076,0.028656005859375,0.0
0,0.10011037439107895,0.966092050075531,0.8828325867652893,0.12297566731770833,0.0
0,0.022782323881983757,0.974773108959198,0.6288531422615051,0.021982828776041668,0.0
0,0.1774532049894333,0.9857729077339172,0.9413313865661621,0.22211710611979166,0.180450439453125
0,0.01550163421779871,0.8581252098083496,0.2801060676574707,0.010884602864583334,0.0
0,0.04414645954966545,0.8003801107406616,0.44034892320632935,0.032023111979166664,0.0
0,0.025363415479660034,0.6428810358047485,0.3349156379699707,0.030893961588541668,0.0
0,0.06426732987165451,0.9735944867134094,0.7645297050476074,0.07286580403645833,0.0
0,0.24075746536254883,0.9689738154411316,0.9289224743843079,0.310638427734375,0.17121378580729166
0,0.0015709769213572145,0.10743748396635056,0.016466174274683,0.0,0.0
0,0.048022836446762085,0.9189178347587585,0.670170247554779,0.050506591796875,0.0
0,0.006284641567617655,0.3860109746456146,0.15393033623695374,0.004353841145833333,0.0
0,0.006817366927862167,0.6362400650978088,0.07504072040319443,0.0018513997395833333,0.0
0,0.0096054095774889,0.32487764954566956,0.07316472381353378,8.138020833333333e-05,0.0
0,0.0028381270822137594,0.2958398759365082,0.021326860412955284,3.0517578125e-05,0.0
0,0.015132534317672253,0.6082450747489929,0.25515803694725037,0.00885009765625,0.0
0,0.003401544876396656,0.47469204664230347,0.03993731364607811,0.0003255208333333333,0.0
0,0.006327398121356964,0.5133634805679321,0.09009299427270889,0.0062255859375,0.0
0,0.12834523618221283,0.942294716835022,0.8646502494812012,0.16729736328125,0.0
0,0.0018390463665127754,0.08021325618028641,0.021287353709340096,0.0,0.0
0,0.1012410894036293,0.9845160245895386,0.9333057403564453,0.12358601888020833,0.050638834635416664
0,0.10697251558303833,0.9639160633087158,0.8688234686851501,0.12845865885416666,0.0
0,0.04062984511256218,0.9767580628395081,0.7581526637077332,0.051930745442708336,0.0
0,0.014825078658759594,0.9334307909011841,0.3812161087989807,0.014007568359375,0.0
0,0.00968822930008173,0.8031737804412842,0.16451646387577057,0.006001790364583333,0.0
0,0.019120775163173676,0.8975157737731934,0.32380759716033936,0.01263427734375,0.0
0,0.05779314041137695,0.9504110217094421,0.7828285694122314,0.073638916015625,0.0
0,0.0024973975960165262,0.2592626214027405,0.03853849694132805,0.0,0.0
0,0.0018086829222738743,0.1399831920862198,0.017045317217707634,0.0,0.0
0,0.006145020481199026,0.37547746300697327,0.2802222669124603,0.011372884114583334,0.0
0,0.002345041371881962,0.22168752551078796,0.023286305367946625,0.0,0.0
0,0.03566977381706238,0.9041438698768616,0.7060860991477966,0.0572509765625,0.010508219401041666
0,0.002488321391865611,0.31111282110214233,0.02650461532175541,8.138020833333333e-05,0.0
0,0.39559033513069153,0.9967899918556213,0.9839090704917908,0.4692281087239583,0.4117431640625
0,0.015181115828454494,0.5292481780052185,0.25256282091140747,0.008758544921875,0.0
0,0.01471565943211317,0.9486324787139893,0.515984833240509,0.02020263671875,0.0
0,0.007747784722596407,0.957277774810791,0.15392270684242249,0.00811767578125,0.0
0,0.000742689473554492,0.01833445020020008,0.0066153923980891705,0.0,0.0
0,0.0008528800681233406,0.22456520795822144,0.006338921841233969,0.0,0.0
0,0.020021378993988037,0.9627432227134705,0.650901198387146,0.024139404296875,0.0
0,0.004014467820525169,0.7241880893707275,0.04008510708808899,0.002899169921875,0.0
0,0.011762525886297226,0.7414868474006653,0.27153265476226807,0.010111490885416666,0.0
0,0.019749386236071587,0.6653018593788147,0.37363696098327637,0.020263671875,0.0
0,0.06000455096364021,0.8975157737731934,0.6582911610603333,0.08466593424479167,0.0
0,0.009109466336667538,0.8933094143867493,0.17596247792243958,0.003957112630208333,0.0
0,0.005121323745697737,0.5441958904266357,0.06290079653263092,0.0007731119791666666,0.0
0,0.09048942476511002,0.995566189289093,0.9392480850219727,0.10833740234375,0.0
0,0.013123768381774426,0.744841992855072,0.2849738299846649,0.010854085286458334,0.0
0,0.005609590094536543,0.9526622891426086,0.035743795335292816,0.005777994791666667,0.0
0,0.013436983339488506,0.9776285290718079,0.4581659436225891,0.013458251953125,0.0
0,0.0003338384267408401,0.03085050918161869,0.004924510605633259,0.0,0.0
0,0.011003145016729832,0.976669192314148,0.23475733399391174,0.00848388671875,0.0
0,0.013440714217722416,0.963230550289154,0.5475989580154419,0.01593017578125,0.0
0,0.05225561559200287,0.9919067621231079,0.9073073267936707,0.06280517578125,0.035237630208333336
0,0.04355010390281677,0.9167081117630005,0.7638151049613953,0.057963053385416664,0.0
0,0.0004283470625523478,0.012920473702251911,0.004248078912496567,0.0,0.0
0,0.0003370455524418503,0.026963496580719948,0.004086002241820097,0.0,0.0
0,0.004959746729582548,0.44933220744132996,0.09367304295301437,0.00189208984375,0.0
0,0.009317398071289062,0.9385759830474854,0.10447732359170914,0.0017191569010416667,0.0
0,0.011029851622879505,0.9485372304916382,0.25053486227989197,0.009389241536458334,0.0
0,0.11352933198213577,0.9976218342781067,0.9407896995544434,0.13991530723651435,0.03059645329178194
0,0.28438299894332886,0.9926826357841492,0.9284088015556335,0.5145277777777778,0.5762259259259259
0,0.12264827638864517,0.9982038736343384,0.9681411385536194,0.15027627627627627,0.01326126126126126
0,0.036803726106882095,0.9629528522491455,0.7356359362602234,0.036305745442708336,0.0
0,0.13706810772418976,0.9884918928146362,0.9097468256950378,0.1999630177514793,0.07711045364891518
0,0.13951896131038666,0.9919067621231079,0.9537942409515381,0.16617110453648914,0.08153599605522682
0,0.034644436091184616,0.9972637891769409,0.558177649974823,0.04708811188811189,0.0
0,0.015273303724825382,0.7509182095527649,0.33687618374824524,0.018106060606060605,0.0
0,0.011314020492136478,0.9382373094558716,0.40740060806274414,0.01196969696969697,0.0
0,0.000432232569437474,0.1458437740802765,0.0036642206832766533,0.0,0.0
0,0.004228300880640745,0.9830850958824158,0.02494025230407715,0.0029813284358738905,0.0
0,0.02497604675590992,0.981979250907898,0.8017838001251221,0.027845929171230376,0.0
0,0.0645148903131485,0.9958980679512024,0.5210145115852356,0.1277099653853161,0.0
0,0.011371833272278309,0.9606574773788452,0.30923542380332947,0.012611464968152866,0.0
0,0.08427377790212631,0.998879611492157,0.9190633296966553,0.10250833333333334,0.0173125
0,0.08098702132701874,0.9752018451690674,0.8758624196052551,0.10017051844864493,0.03541341653666147
0,0.019824618473649025,0.3697701096534729,0.3474263846874237,0.036907131011608627,0.0
0,0.01965956948697567,0.5171441435813904,0.2544163167476654,0.008150912106135987,0.0
0,0.0036319857463240623,0.706899106502533,0.07668380439281464,0.0026285240464344944,0.0
0,0.016873683780431747,0.9370958209037781,0.7545552849769592,0.01914179104477612,0.011077943615257048
0,0.17459936439990997,0.9393594861030579,0.8940516710281372,0.28512437810945274,0.2754228855721393
0,0.043672870844602585,0.9907320141792297,0.8738621473312378,0.05570066334991708,0.028640132669983415
0,0.0008950840565375984,0.26378899812698364,0.013121269643306732,0.0,0.0
0,0.018441906198859215,0.960878312587738,0.7771308422088623,0.017405192057291668,0.0
0,0.0011985681485384703,0.04655127227306366,0.009596454910933971,0.0,0.0
0,0.00427205441519618,0.5436508059501648,0.04611717164516449,0.0003865559895833333,0.0
0,0.0010582508984953165,0.2503625452518463,0.012527931481599808,0.0,0.0
0,0.013706776313483715,0.3214600086212158,0.13272912800312042,0.000457763671875,0.0
0,0.0004994022310711443,0.13307687640190125,0.009020280092954636,0.0,0.0
0,0.21721231937408447,0.9871788024902344,0.9448931217193604,0.2935282389322917,0.26416015625
0,0.0027831837069243193,0.4800368845462799,0.057596027851104736,0.0014139811197916667,0.0
0,0.027866268530488014,0.9425067901611328,0.750364363193512,0.029256184895833332,0.0
0,0.0005312369321472943,0.020725062116980553,0.005934066604822874,0.0,0.0
0,0.0005843502003699541,0.034293949604034424,0.007907291874289513,0.0,0.0
0,0.003289083018898964,0.6829967498779297,0.0593191459774971,0.001983642578125,0.0
0,0.0006580609478987753,0.15077753365039825,0.006589771714061499,0.0,0.0
0,0.0011733034625649452,0.03258974477648735,0.010528494603931904,0.0,0.0
0,0.14962676167488098,0.9671630263328552,0.9282788634300232,0.19187418619791666,0.2017822265625
0,0.10819355398416519,0.9742394685745239,0.8366879820823669,0.17301432291666666,0.11311848958333333
0,0.007066173013299704,0.782163679599762,0.13695430755615234,0.00311279296875,0.0
0,0.00950115080922842,0.8362873792648315,0.14596547186374664,0.002838134765625,0.0
0,0.09973445534706116,0.9866748452186584,0.7559919953346252,0.14860026041666666,0.1239013671875
0,0.027111969888210297,0.9808025360107422,0.808200478553772,0.028422037760416668,0.0
0,0.004067583009600639,0.5671576857566833,0.06278920918703079,0.0010477701822916667,0.0
0,0.010561227798461914,0.776114284992218,0.1439080834388733,0.002960205078125,0.0
0,0.027514507994055748,0.9968519806861877,0.8826242685317993,0.028900146484375,0.0
0,0.04483480378985405,0.9778411984443665,0.8066866993904114,0.048014322916666664,0.0
0,0.0006534534622915089,0.06891249865293503,0.00628990214318037,0.0,0.0
0,0.19932295382022858,0.9920926690101624,0.9656413197517395,0.2630106608072917,0.23108927408854166
0,0.012071188539266586,0.7932661771774292,0.319121390581131,0.018391927083333332,0.0
0,0.07940813899040222,0.9933846592903137,0.9770664572715759,0.08678181966145833,0.07490030924479167
0,0.038521960377693176,0.4118795096874237,0.34092390537261963,0.10612996419270833,0.0
0,0.025834590196609497,0.9074763655662537,0.6981987953186035,0.034322102864583336,0.0
0,0.0037731677293777466,0.23231014609336853,0.048316068947315216,0.0,0.0
0,0.001631409046240151,0.32766830921173096,0.014957086183130741,0.00018310546875,0.0
0,0.0009204490925185382,0.5526906251907349,0.004792316816747189,0.0009256998697916666,0.0
0,0.013816512189805508,0.9807657599449158,0.2553325295448303,0.009541829427083334,0.0
0,0.001745867426507175,0.1252792626619339,0.014785407111048698,0.0,0.0
0,0.042074013501405716,0.9965969920158386,0.9785903096199036,0.045094807942708336,0.018442789713541668
0,0.07355785369873047,0.9651191234588623,0.9135177135467529,0.08860270182291667,0.07927449544270833
0,0.008585660718381405,0.5891255140304565,0.20801317691802979,0.005035400390625,0.0
0,0.0028043861966580153,0.36398595571517944,0.06915979832410812,0.0006306966145833334,0.0
0,0.04525938630104065,0.985496461391449,0.9457982182502747,0.054056803385416664,0.020151774088541668
0,0.03357161581516266,0.9978087544441223,0.9575938582420349,0.039510091145833336,0.0
0,0.002970559522509575,0.7713271975517273,0.02364434115588665,0.0008951822916666666,0.0
0,0.0006312485784292221,0.036356665194034576,0.007577240467071533,0.0,0.0
0,0.2689267694950104,0.9903290271759033,0.9754835963249207,0.32781982421875,0.24867757161458334
0,0.002369543304666877,0.8934953808784485,0.02355298399925232,0.0022786458333333335,0.0
0,0.02806675434112549,0.9527502655982971,0.7723590135574341,0.036122639973958336,0.0
0,0.005038829520344734,0.6387225985527039,0.11899187415838242,0.0031026204427083335,0.0
0,0.0022473123390227556,0.07935290038585663,0.02489280141890049,0.0,0.0
0,0.0014577734982594848,0.10484336316585541,0.01833445020020008,0.0,0.0
0,0.0007046282407827675,0.02132808230817318,0.006438102573156357,0.0,0.0
0,0.0005181199521757662,0.02838212437927723,0.005040702875703573,0.0,0.0
0,0.020108243450522423,0.987616240978241,0.7331481575965881,0.016693115234375,0.0
0,0.0017450925661250949,0.08663207292556763,0.04153997078537941,0.0,0.0
0,0.020889967679977417,0.9257686138153076,0.595959484577179,0.028818766276041668,0.0
0,0.03381463512778282,0.9507778882980347,0.8369507193565369,0.044077555338541664,0.0245361328125
0,0.0028530911076813936,0.9249592423439026,0.03622005507349968,0.0019022623697916667,0.0
0,0.0013962568482384086,0.5773762464523315,0.007937993854284286,0.001708984375,0.0
0,0.0007151082972995937,0.16000336408615112,0.005865338258445263,0.0,0.0
0,0.003539034863933921,0.6984323263168335,0.05439931899309158,0.0016581217447916667,0.0
0,0.0007724841707386076,0.04958902671933174,0.00651349825784564,0.0,0.0
0,0.004599249921739101,0.9493886232376099,0.12083148956298828,0.0036417643229166665,0.0
0,0.0005287967505864799,0.01808999478816986,0.0042151594534516335,0.0,0.0
0,0.0011480363318696618,0.046638038009405136,0.011375599540770054,0.0,0.0
0,0.012519602663815022,0.8294920325279236,0.25127455592155457,0.009297688802083334,0.0
0,0.00048605879419483244,0.02165667712688446,0.005426943302154541,0.0,0.0
0,0.0002600810257717967,0.012241275049746037,0.002704429440200329,0.0,0.0
0,0.003334447043016553,0.948441743850708,0.007636216934770346,0.0037434895833333335,0.0
0,0.11100989580154419,0.9824904799461365,0.9138304591178894,0.14405314127604166,0.0
0,0.0005227553774602711,0.17300859093666077,0.006564249284565449,0.0,0.0
0,0.0057964627631008625,0.5897753834724426,0.11961366981267929,0.0038350423177083335,0.0
0,0.11814748495817184,0.9932550191879272,0.9784671068191528,0.14363606770833334,0.0833740234375
0,0.00669477554038167,0.41117000579833984,0.10194652527570724,0.00020345052083333334,0.0
0,0.0017271754331886768,0.2509128153324127,0.05997313931584358,0.0,0.0
0,0.04186943173408508,0.9026095867156982,0.5546203255653381,0.07844034830729167,0.0
0,0.020592914894223213,0.7018153071403503,0.4558619558811188,0.037221272786458336,0.0
0,0.0011726066004484892,0.23231014609336853,0.018797073513269424,0.0,0.0
0,0.0005636537680402398,0.024750972166657448,0.005405900068581104,0.0,0.0
0,0.0010047061368823051,0.23109321296215057,0.011243260465562344,0.0,0.0
0,0.0019969490822404623,0.22354651987552643,0.015603534877300262,0.0,0.0
0,0.03133528307080269,0.9481545686721802,0.765588104724884,0.04437255859375,0.026957194010416668
0,0.1619165986776352,0.9923043847084045,0.9431384205818176,0.1944580078125,0.16949462890625
0,0.0499124675989151,0.9674102663993835,0.684577226638794,0.049245198567708336,0.0
0,0.002440412761643529,0.6397360563278198,0.045268092304468155,0.0003662109375,0.0
0,0.03983938694000244,0.9474782943725586,0.708509087562561,0.046793619791666664,0.0
0,0.035449448972940445,0.9969245791435242,0.9509576559066772,0.035115559895833336,0.02313232421875
0,0.02398638427257538,0.987616240978241,0.8818185925483704,0.021158854166666668,0.0
0,0.0012324779527261853,0.13568955659866333,0.015189048834145069,0.0,0.0
0,0.0006090648821555078,0.09073548763990402,0.005301895085722208,0.0,0.0
0,0.04925316199660301,0.7764534950256348,0.5409193634986877,0.08575439453125,0.0
0,0.014851558022201061,0.8745065331459045,0.29017260670661926,0.011433919270833334,0.0
0,0.0007839431054890156,0.19360437989234924,0.010818448849022388,0.0,0.0
0,0.018062226474285126,0.9840323328971863,0.9268352389335632,0.02008056640625,0.017873128255208332
0,0.007519120816141367,0.9119669198989868,0.13659803569316864,0.008341471354166666,0.0
0,0.0012040234869346023,0.05877655744552612,0.01182339433580637,0.0,0.0
0,0.0003317010123282671,0.04611974582076073,0.0043653263710439205,0.0,0.0
0,0.00022234943753574044,0.03371654078364372,0.0021239665802568197,0.0,0.0
0,0.0009944804478436708,0.22627031803131104,0.01379536371678114,0.0,0.0
0,0.0053679440170526505,0.8207569718360901,0.07382570952177048,0.0030008951822916665,0.0
0,0.01826787181198597,0.9570375084877014,0.6808658242225647,0.02166748046875,0.0
0,0.44969841837882996,0.9963924288749695,0.9886682629585266,0.5324910481770834,0.5129496256510416
0,0.0017772974679246545,0.5829066038131714,0.02178117074072361,0.000946044921875,0.0
0,0.1989540010690689,0.993854820728302,0.9814167618751526,0.226715087890625,0.18752034505208334
0,0.18731971085071564,0.9880388379096985,0.970687747001648,0.22450764973958334,0.18265787760416666
0,0.008386063389480114,0.9951136708259583,0.08064227551221848,0.007700602213541667,0.0
0,0.024422192946076393,0.8901033401489258,0.5164255499839783,0.023325602213541668,0.0
0,0.003924862015992403,0.556821346282959,0.043607085943222046,0.0008341471354166666,0.0
0,0.008112031035125256,0.4848373830318451,0.20040114223957062,0.0038350423177083335,0.0
0,0.40400829911231995,0.980205237865448,0.9492946267127991,0.5640869140625,0.6957906087239584
0,0.15893539786338806,0.9921841025352478,0.9626027941703796,0.20310465494791666,0.045481363932291664
0,0.029747232794761658,0.9003546833992004,0.535371720790863,0.034210205078125,0.0
0,0.21639464795589447,0.9902915358543396,0.9677167534828186,0.272125244140625,0.231109619140625
0,0.011114253662526608,0.9732407331466675,0.3946039080619812,0.011576334635416666,0.0
0,0.029240362346172333,0.9890130758285522,0.7943849563598633,0.036956787109375,0.0
0,0.003428349969908595,0.8791467547416687,0.04248321056365967,0.0008748372395833334,0.0
0,0.037357453256845474,0.9820826053619385,0.8139049410820007,0.048909505208333336,0.0
0,0.11762338876724243,0.9968641400337219,0.9629507660865784,0.14306640625,0.071563720703125
0,0.05698493495583534,0.9895513653755188,0.9164093732833862,0.06947835286458333,0.0335693359375
0,0.007243345025926828,0.8583627939224243,0.11221037805080414,0.0038045247395833335,0.0
0,0.005858014803379774,0.8733229041099548,0.07640768587589264,0.004730224609375,0.0
0,0.006088790949434042,0.8852352499961853,0.09999103844165802,0.0033976236979166665,0.0
0,0.00041199265979230404,0.018797073513269424,0.003123648464679718,0.0,0.0
0,0.016316000372171402,0.7862948179244995,0.2718311846256256,0.01025390625,0.0
0,0.002708662999793887,0.23005375266075134,0.030329255387187004,0.0,0.0
0,0.12978260219097137,0.9845160245895386,0.9082930684089661,0.20519002278645834,0.06897989908854167
0,0.0897524431347847,0.964655876159668,0.9014011025428772,0.1092529296875,0.06449381510416667
0,0.0410216860473156,0.9323301911354065,0.8493474125862122,0.052357991536458336,0.03802490234375
0,0.01696189120411873,0.8764230012893677,0.4167931079864502,0.018402099609375,0.0
0,0.0762239322066307,0.9584600329399109,0.8545135855674744,0.09599812825520833,0.0
0,0.13467633724212646,0.9773707389831543,0.9489172697067261,0.16936238606770834,0.10333251953125
0,0.04553787037730217,0.9653811454772949,0.8698251843452454,0.05487060546875,0.049702962239583336
0,0.028349490836262703,0.9931228756904602,0.6802225708961487,0.028798421223958332,0.0
0,0.005260567646473646,0.28967300057411194,0.0728963166475296,3.0517578125e-05,0.0
0,0.01206640899181366,0.9983958601951599,0.17398463189601898,0.006052652994791667,0.0
0,0.05589897558093071,0.9704086184501648,0.8731985688209534,0.07133992513020833,0.0
0,0.20002038776874542,0.9668514132499695,0.8777850270271301,0.3057759602864583,0.3191019694010417
0,0.05569641292095184,0.975669801235199,0.9249592423439026,0.06711832682291667,0.06310017903645833
0,0.21352076530456543,0.9824904799461365,0.937210738658905,0.3952534993489583,0.4327494303385417
0,0.06961549818515778,0.9990673661231995,0.9880374670028687,0.07340494791666667,0.015157063802083334
0,0.05665300786495209,0.8520758748054504,0.7045607566833496,0.08380126953125,0.0594482421875
0,0.06997191160917282,0.9141375422477722,0.8161134123802185,0.09578450520833333,0.08014933268229167
0,0.0013136324705556035,0.05975658819079399,0.012821215204894543,0.0,0.0
0,0.02063314989209175,0.9391365647315979,0.42494887113571167,0.01934814453125,0.0
0,0.03380771353840828,0.6980208158493042,0.40532928705215454,0.0594482421875,0.0
0,0.003919318784028292,0.17147701978683472,0.04377273842692375,0.0,0.0
0,0.15031085908412933,0.9776285290718079,0.8690492510795593,0.22575887044270834,0.22196451822916666
0,0.009542957879602909,0.4608954191207886,0.13764487206935883,0.0017293294270833333,0.0
0,0.011804424226284027,0.545981764793396,0.18432661890983582,0.00347900390625,0.0
0,0.0005160007276572287,0.02161533385515213,0.005511934403330088,0.0,0.0
0,0.0075362310744822025,0.9069831967353821,0.19405756890773773,0.0081787109375,0.0
0,0.000121159857371822,0.0033244371879845858,0.0009436192340217531,0.0,0.0
0,0.006319435779005289,0.8068526387214661,0.21369533240795135,0.007781982421875,0.0
0,0.0010960707440972328,0.7859664559364319,0.007232763804495335,0.0003560384114583333,0.0
0,0.005408165976405144,0.5147814750671387,0.0754484310746193,0.0008951822916666666,0.0
0,0.023008905351161957,0.9492946267127991,0.6213094592094421,0.025950113932291668,0.0
0,0.0006651200237683952,0.0905744731426239,0.008315778337419033,0.0,0.0
0,0.05445614457130432,0.9867772459983826,0.9524857997894287,0.062093098958333336,0.049774169921875
0,0.009968536905944347,0.957277774810791,0.44156283140182495,0.012247721354166666,0.0
0,0.010488641448318958,0.9223425984382629,0.2051178216934204,0.00787353515625,0.0
0,0.0013284656452015042,0.05592617020010948,0.01219413336366415,0.0,0.0
0,0.05309376120567322,0.8912444114685059,0.7809917330741882,0.07190958658854167,0.0450439453125
0,0.07339037954807281,0.9844563603401184,0.9533619284629822,0.08619181315104167,0.070556640625
0,0.055065274238586426,0.9943140745162964,0.9594569802284241,0.061055501302083336,0.054534912109375
0,0.006939398590475321,0.9111796617507935,0.08819004148244858,0.003631591796875,0.0
0,0.008257064037024975,0.9319595694541931,0.16897761821746826,0.006642659505208333,0.0
0,0.030133405700325966,0.9605096578598022,0.8139049410820007,0.035797119140625,0.018198649088541668
0,0.10247223824262619,0.9979411959648132,0.9813444018363953,0.13316853841145834,0.06591796875
0,0.069769486784935,0.9912885427474976,0.9121188521385193,0.10297648111979167,0.0
0,0.10568203777074814,0.949669361114502,0.8388078808784485,0.154632568359375,0.038370768229166664
0,0.0009312481270171702,0.04476431384682655,0.007260865531861782,0.0,0.0
0,0.024111196398735046,0.942294716835022,0.5738557577133179,0.035807291666666664,0.0
0,0.0753554180264473,0.9974983334541321,0.9780936241149902,0.08611043294270833,0.06610107421875
0,0.08860427141189575,0.9196425676345825,0.7540050148963928,0.14356486002604166,0.08089192708333333
0,0.02682839334011078,0.968020498752594,0.5882299542427063,0.020924886067708332,0.0
0,0.09568265825510025,0.968020498752594,0.9105454087257385,0.12230428059895833,0.10066731770833333
0,0.032576482743024826,0.9658995866775513,0.4533214867115021,0.031107584635416668,0.0
0,0.09247801452875137,0.9835337996482849,0.941650927066803,0.11041259765625,0.08333333333333333
0,0.004018199164420366,0.8361535668373108,0.02779562398791313,0.004557291666666667,0.0
0,0.022262876853346825,0.9164093732833862,0.4939214289188385,0.025889078776041668,0.0
0,0.08591493219137192,0.973993182182312,0.879871129989624,0.10566202799479167,0.03369140625
0,0.06741081178188324,0.8767399787902832,0.7709825038909912,0.10308837890625,0.0
0,0.004169202409684658,0.9498556852340698,0.031321119517087936,0.002899169921875,0.0
0,0.005475727841258049,0.7322090864181519,0.11201595515012741,0.005462646484375,0.0
0,0.010951011441648006,0.4049191474914551,0.3053865134716034,0.020467122395833332,0.0
0,0.006692197173833847,0.9707432389259338,0.053301725536584854,0.0047607421875,0.0
0,0.0006269316072575748,0.14953139424324036,0.005239840131253004,0.0,0.0
0,0.0007150036399252713,0.024845436215400696,0.006718870252370834,0.0,0.0
0,0.1290968805551529,0.9743373394012451,0.9237300753593445,0.16337076822916666,0.14057413736979166
0,0.05029353126883507,0.9408984184265137,0.7510953545570374,0.0577392578125,0.0
0,0.014638691209256649,0.5405600666999817,0.30177342891693115,0.016581217447916668,0.0
0,0.0038061703089624643,0.9343951344490051,0.044678375124931335,0.00128173828125,0.0
0,0.0032561749685555696,0.6874201893806458,0.03554239124059677,0.0013020833333333333,0.0
0,0.008087791502475739,0.2557152211666107,0.11858910322189331,0.0,0.0
0,0.057543326169252396,0.6369178295135498,0.4948195219039917,0.11029052734375,0.0
0,0.07329816371202469,0.813164234161377,0.5585350394248962,0.13355509440104166,0.0
0,0.01654413901269436,0.43008750677108765,0.31216028332710266,0.019724527994791668,0.0
0,0.021548965945839882,0.9483462572097778,0.4732920825481415,0.024220784505208332,0.0
0,0.021910743787884712,0.7581526637077332,0.5633106827735901,0.036763509114583336,0.0
0,0.008372935466468334,0.7251623272895813,0.1727251261472702,0.004669189453125,0.0
0,0.0053541287779808044,0.39916738867759705,0.09234999120235443,0.00225830078125,0.0
0,0.24774275720119476,0.9906600117683411,0.9674699306488037,0.3096923828125,0.3516438802083333
0,0.003591494634747505,0.31027624011039734,0.04138471931219101,5.0862630208333336e-05,0.0
0,0.0007744501926936209,0.06644792854785919,0.009485713206231594,0.0,0.0
0,0.2982601821422577,0.9922744631767273,0.9593809843063354,0.3869527180989583,0.3479410807291667
0,0.020719626918435097,0.6265812516212463,0.21733255684375763,0.005503336588541667,0.0
0,0.005816212389618158,0.7498207092285156,0.07343005388975143,0.0018412272135416667,0.0
0,0.7832944989204407,0.9933330416679382,0.9815586805343628,0.94384765625,1.0
0,0.03529316186904907,0.9230391979217529,0.7669872045516968,0.036407470703125,0.0
0,0.0012259409995749593,0.014728614129126072,0.00570803415030241,0.0,0.0
0,0.8689315915107727,0.9946150183677673,0.986828088760376,0.9735616048177084,1.0
0,0.7051355242729187,0.9817357659339905,0.961533784866333,0.8794962565104166,0.9662679036458334
0,0.0013634607894346118,0.2805178165435791,0.004591683857142925,2.0345052083333332e-05,0.0
0,0.20089711248874664,0.9359345436096191,0.8321002125740051,0.28900146484375,0.061197916666666664
0,0.0005943449796177447,0.13341522216796875,0.00391482375562191,0.0,0.0
0,0.013462190516293049,0.7159208059310913,0.13603006303310394,0.002685546875,0.0
0,0.20265795290470123,0.9410068988800049,0.8314169645309448,0.2787984212239583,0.14567057291666666
0,0.00911027193069458,0.32960745692253113,0.04986312612891197,8.138020833333333e-05,0.0
0,0.02861681580543518,0.9749646186828613,0.8597815036773682,0.029632568359375,0.018107096354166668
0,0.32230934500694275,0.9921233057975769,0.9675945043563843,0.4093526204427083,0.3399556477864583
0,0.002354634227231145,0.8927496671676636,0.014728614129126072,0.0012410481770833333,0.0
0,0.24787767231464386,0.9892648458480835,0.9248236417770386,0.3389180501302083,0.2703450520833333
0,0.0032330630347132683,0.040616780519485474,0.014281933195888996,0.0,0.0
0,0.18572986125946045,0.9875203371047974,0.9178933501243591,0.247776,0.19396266666666667
0,0.22088220715522766,0.9983385801315308,0.9852713346481323,0.385008,0.13457066666666667
0,0.006266374606639147,0.06244528666138649,0.02400774508714676,0.0,0.0
0,0.1485886424779892,0.9973785877227783,0.9356999397277832,0.19125866666666666,0.062010666666666665
0,0.0005336469039320946,0.03541072830557823,0.006692850962281227,0.0,0.0
0,0.011447317898273468,0.6042822003364563,0.11221037805080414,0.0014574468085106383,0.0
0,0.0010643063578754663,0.16052906215190887,0.018369989469647408,0.0,0.0
0,0.041044894605875015,0.9954261183738708,0.9596109390258789,0.049601236979166664,0.026316324869791668
0,0.09262939542531967,0.9828891754150391,0.9342681169509888,0.11222330729166667,0.04364013671875
0,0.018322300165891647,0.9213575720787048,0.35711899399757385,0.015034993489583334,0.0
0,0.0007784689660184085,0.0364251509308815,0.006589771714061499,0.0,0.0
0,0.02505437470972538,0.9364014267921448,0.5075615644454956,0.023356119791666668,0.0
