label,prob_mean,prob_max,prob_p99,unet_area,mrf_area
1,0.01070847362279892,0.9817357659339905,0.3967393636703491,0.016387939453125,0.0
1,0.1296352744102478,0.9998579025268555,0.9968520998954773,0.16574074074074074,0.10983796296296296
1,0.017797693610191345,0.8872045874595642,0.3865301012992859,0.030914306640625,0.0
1,0.16904251277446747,0.9999762773513794,0.9996646642684937,0.17690022786458334,0.1868896484375
1,0.0004202617274131626,0.14175598323345184,0.006589006166905165,1.0172526041666666e-05,0.0
1,0.2660810053348541,0.9999576807022095,0.9992875456809998,0.38931640625,0.498818359375
1,0.13785932958126068,0.9980732202529907,0.994401752948761,0.20366414388020834,0.14042154947916666
1,0.012895982712507248,0.9970190525054932,0.5309730172157288,0.02020263671875,0.0
1,0.006948757916688919,0.9999822378158569,0.09122006595134735,0.00740234375,0.0
1,0.5920924544334412,0.9999617338180542,0.9996849298477173,0.63079833984375,0.626129150390625
1,0.0679033100605011,0.9999617338180542,0.9986853003501892,0.074432373046875,0.050181070963541664
1,0.09273584932088852,0.9974884986877441,0.9846346974372864,0.13054947948312878,0.1102047636407826
1,0.18092100322246552,0.9996185302734375,0.9984752535820007,0.18718465169270834,0.18166097005208334
1,0.35654449462890625,0.9999936819076538,0.99991774559021,0.4075520833333333,0.4053853352864583
1,0.009642107412219048,0.9999923706054688,0.20190925896167755,0.010201822916666667,0.008678385416666667
1,0.09793466329574585,0.9997219443321228,0.9983256459236145,0.10661824544270833,0.09511311848958333
1,0.042014334350824356,0.9993013143539429,0.9928231239318848,0.049662272135416664,0.02874755859375
1,0.047681402415037155,0.9999949932098389,0.9997933506965637,0.049458821614583336,0.055308024088541664
1,0.18984539806842804,0.9999103546142578,0.9742884635925293,0.3328653971354167,0.3064676920572917
1,0.010601514019072056,0.9996874332427979,0.4154679477214813,0.014331210191082803,0.0
1,0.03732321783900261,0.9999856948852539,0.9989349246025085,0.04010009765625,0.032582600911458336
1,0.05478207394480705,0.9999877214431763,0.9993067979812622,0.06456502278645833,0.034932454427083336
1,0.05379052460193634,0.9999402761459351,0.9985951781272888,0.07484660033167496,0.0737396351575456
1,0.0259567704051733,0.9999657869338989,0.9988303780555725,0.026835123697916668,0.024698893229166668
1,0.005344104953110218,0.9999667406082153,0.0792103260755539,0.006910807291666667,0.0
1,0.027976632118225098,0.9990600943565369,0.9904035329818726,0.02838134765625,0.0
1,0.048864658921957016,0.9863104820251465,0.8858291506767273,0.08587646484375,0.0
1,0.018955526873469353,0.9999151229858398,0.9969722032546997,0.019663492838541668,0.0
1,0.2933858633041382,0.9999637603759766,0.9997428059577942,0.365509033203125,0.2780558268229167
1,0.0015876400284469128,0.9136765599250793,0.006754691246896982,0.0028264735772357726,0.0
1,0.27806225419044495,0.9999932050704956,0.9993513226509094,0.4042765299479167,0.3857930501302083
1,0.35437846183776855,0.9999699592590332,0.9997901320457458,0.4077628954117982,0.42458820176688516
1,0.03875236213207245,0.9998352527618408,0.997739315032959,0.042348225911458336,0.055582682291666664
1,0.29289186000823975,0.9991374015808105,0.9936610460281372,0.4344380696614583,0.4695231119791667
1,0.05957305431365967,0.9999902248382568,0.9986698627471924,0.08606974283854167,0.0531005859375
1,0.0468575693666935,0.9999227523803711,0.999140739440918,0.049479166666666664,0.05279541015625
1,0.004254298284649849,0.996292769908905,0.03435933589935303,0.0055253333333333335,0.0
1,0.011784148402512074,0.9998313188552856,0.7590253949165344,0.011515299479166666,0.0
1,0.07412904500961304,0.9998260140419006,0.9987056255340576,0.078460693359375,0.06370035807291667
1,0.04080552980303764,0.9998148083686829,0.9826908707618713,0.050140380859375,0.0
1,0.5647973418235779,0.9999508857727051,0.9997016787528992,0.5904541015625,0.6188761393229166
1,0.04455147311091423,0.9997712969779968,0.9981968998908997,0.051381429036458336,0.040761311848958336
1,0.014972745440900326,0.999976396560669,0.9801130890846252,0.016326904296875,0.0
1,0.011212793178856373,0.9999808073043823,0.9597238898277283,0.01104736328125,0.010294596354166666
1,0.011743214912712574,0.999208390712738,0.8902713060379028,0.012674967447916666,0.0
1,0.11486250907182693,0.9998028874397278,0.9968149065971375,0.13097127278645834,0.13913981119791666
1,0.11329367756843567,0.9978426694869995,0.9839090704917908,0.18827508184093972,0.07277103793568265
1,0.06886149942874908,0.999713122844696,0.9965837001800537,0.07587687174479167,0.08057657877604167
1,0.5880379676818848,0.9994296431541443,0.997730553150177,0.6047871907552084,0.59661865234375
1,0.08844172954559326,0.9999649524688721,0.9996079802513123,0.09601847330729167,0.08919270833333333
1,0.07695863395929337,0.9999493360519409,0.9993040561676025,0.09078568490333196,0.060880296174413824
1,0.18864129483699799,0.9997197985649109,0.9986853003501892,0.23065185546875,0.336578369140625
1,0.02826921083033085,0.9994557499885559,0.9960237741470337,0.030120849609375,0.025248209635416668
1,0.15411964058876038,0.9996345043182373,0.9970421195030212,0.16642252604166666,0.154449462890625
1,0.11586255580186844,0.9999369382858276,0.999378502368927,0.13216145833333334,0.11366780598958333
1,0.10252086073160172,0.9996699094772339,0.9955315589904785,0.11066691080729167,0.10832722981770833
1,0.019741205498576164,0.9999171495437622,0.9958980679512024,0.019917805989583332,0.0
1,0.09495276212692261,0.9993201494216919,0.9826889038085938,0.1390380859375,0.13633219401041666
1,0.08386833220720291,0.999376118183136,0.988711953163147,0.11235555013020833,0.113372802734375
1,0.15461519360542297,0.9991340041160583,0.9907320141792297,0.24161983288517333,0.1768766434303143
1,0.04907132312655449,0.9999508857727051,0.9987695813179016,0.0545654296875,0.037434895833333336
1,0.16818766295909882,0.9999257326126099,0.9986006617546082,0.18581136067708334,0.19576009114583334
1,0.05108044669032097,0.9999344348907471,0.9974391460418701,0.066070556640625,0.030120849609375
1,0.1401829570531845,0.999555766582489,0.9954261183738708,0.1732101727447217,0.22307581573896354
1,0.020797735080122948,0.982624351978302,0.755636990070343,0.037150065104166664,0.0
1,0.027163252234458923,0.9999412298202515,0.9980657696723938,0.029103597005208332,0.020375569661458332
1,0.023010067641735077,0.9997658133506775,0.9950370192527771,0.023600260416666668,0.017873128255208332
1,0.05162518844008446,0.9986435770988464,0.9774987101554871,0.07379150390625,0.0
1,0.8599376082420349,0.9999008178710938,0.9996498823165894,0.88873291015625,0.9431864420572916
1,0.09647577255964279,0.9996849298477173,0.9982109069824219,0.10825602213541667,0.11982218424479167
1,0.003911375068128109,0.999971866607666,0.0007702931761741638,0.004560546875,0.0
1,0.062484342604875565,0.9996607303619385,0.9689720273017883,0.10893758138020833,0.0
1,0.08472231030464172,0.9991238713264465,0.9864678382873535,0.12027994791666667,0.052103678385416664
1,0.2684779465198517,0.9992387294769287,0.9976218342781067,0.3247477213541667,0.3550923665364583
1,0.19981591403484344,0.9999542236328125,0.9995177984237671,0.22392903645833334,0.22734700520833334
1,0.19184884428977966,0.9901782274246216,0.9193534255027771,0.3837809447816821,0.38822507499469733
1,0.5463988780975342,0.9999912977218628,0.9996185302734375,0.7487691243489584,1.0
1,0.02336014248430729,0.9999517202377319,0.9976029396057129,0.024342854817708332,0.025197347005208332
1,0.05084867402911186,0.9878528118133545,0.8427298665046692,0.09557088216145833,0.0
1,0.0327015146613121,0.9992296695709229,0.9708523750305176,0.045399983723958336,0.0
1,0.0752488300204277,0.9999145269393921,0.9994295835494995,0.09075927734375,0.0670166015625
1,0.010213088244199753,0.9997108578681946,0.2333410531282425,0.012603759765625,0.0
1,0.06253523379564285,0.999891996383667,0.9990264177322388,0.0655517578125,0.057820638020833336
1,0.025662675499916077,0.9999814033508301,0.9995417594909668,0.026529947916666668,0.02398681640625
1,0.22759972512722015,0.9999374151229858,0.9995452165603638,0.2810160319010417,0.4186909993489583
1,0.04705847427248955,0.9999001026153564,0.9337903261184692,0.08060709635416667,0.0
1,0.07840804010629654,0.9997884631156921,0.9975751042366028,0.08878580729166667,0.09016927083333333
1,0.1460098773241043,0.9998745918273926,0.9987840056419373,0.17897542317708334,0.15770467122395834
1,0.4104454219341278,0.9999977350234985,0.9999103546142578,0.42443733333333333,0.4021706666666667
1,0.5267959833145142,0.9996724128723145,0.9957352876663208,0.6888194444444444,0.8764872685185185
1,0.15868519246578217,0.9998822212219238,0.9993094205856323,0.17486572265625,0.18549601236979166
1,0.6786852478981018,0.9999257326126099,0.9995307922363281,0.7301546666666666,0.6993866666666667
1,0.0999436154961586,0.9917484521865845,0.907312273979187,0.19490559895833334,0.0
1,0.07238593697547913,0.9998893737792969,0.9978172779083252,0.097,0.040525
1,0.10174635052680969,0.9982247948646545,0.9942025542259216,0.14479573567708334,0.08472696940104167
1,0.02645784057676792,0.9915215969085693,0.7459372878074646,0.04888916015625,0.0
1,0.01712757721543312,0.9744347929954529,0.5990981459617615,0.029866536458333332,0.0
1,0.05794316157698631,0.9996594190597534,0.996570348739624,0.06414794921875,0.059315999348958336
1,0.011642168276011944,0.9982038736343384,0.44074058532714844,0.015040944123314066,0.0
1,0.03867226839065552,0.9866748452186584,0.9010481238365173,0.06005859375,0.0
1,0.14998562633991241,0.9997765421867371,0.995075523853302,0.2659200032552083,0.0
1,0.1190747544169426,0.9912548065185547,0.9376689791679382,0.20202353654945976,0.1288666232456884
1,0.018580002710223198,0.9999873638153076,0.9993637800216675,0.019256591796875,0.014902750651041666
1,0.013515147380530834,0.999762237071991,0.5706251263618469,0.014607747395833334,0.0
1,0.018322378396987915,0.9776285290718079,0.7291284799575806,0.029103597005208332,0.0
1,0.08450020104646683,0.9992958307266235,0.936051607131958,0.15944733796296295,0.0421826774691358
1,0.11094525456428528,0.9990302324295044,0.9911527037620544,0.142181396484375,0.14216105143229166
1,0.03449973464012146,0.9999873638153076,0.9996646642684937,0.036275227864583336,0.033854166666666664
1,0.09178796410560608,0.9999654293060303,0.9994926452636719,0.13337782862954486,0.057665903890160186
1,0.05704182758927345,0.9997867941856384,0.9979731440544128,0.060577392578125,0.064544677734375
1,0.060456011444330215,0.9999825954437256,0.9996079802513123,0.06919352213541667,0.037058512369791664
1,0.000203052069991827,0.03853849694132805,0.00266261282376945,0.0,0.0
1,0.24200023710727692,0.9998644590377808,0.9993201494216919,0.298614501953125,0.347442626953125
1,0.04869600757956505,0.9969005584716797,0.9575962424278259,0.079345703125,0.0284423828125
1,0.09345037490129471,0.9986383318901062,0.983020007610321,0.13744932432432433,0.09847007722007722
1,0.025957880541682243,0.9999957084655762,0.9995272159576416,0.02734375,0.0
1,0.09398725628852844,0.9988213181495667,0.9922444224357605,0.11815388997395833,0.13893636067708334
1,0.03283426910638809,0.9999313354492188,0.9947799444198608,0.034912109375,0.036478678385416664
1,0.035760920494794846,0.9731897711753845,0.8646502494812012,0.059590657552083336,0.0
1,0.09028009325265884,0.9999831914901733,0.9996724128723145,0.10506184895833333,0.08668009440104167
1,0.016953950747847557,0.999783456325531,0.9946150183677673,0.018107096354166668,0.024210611979166668
1,0.01867593638598919,0.9953181147575378,0.5702428221702576,0.015889485677083332,0.0
1,0.00379058881662786,0.9976769089698792,0.02843603305518627,0.0040283203125,0.0
1,0.24714384973049164,0.9999485015869141,0.999713122844696,0.2698872884114583,0.2772725423177083
1,0.5629158020019531,0.9999767541885376,0.9996970891952515,0.5899820118998201,0.6783893731838937
1,0.07728423178195953,0.9999929666519165,0.9942250847816467,0.10285195277020891,0.02915985467756585
1,0.1154332086443901,0.9998726844787598,0.9975939393043518,0.12630208333333334,0.11739095052083333
1,0.2411515712738037,0.9998511075973511,0.9977127313613892,0.2970682779947917,0.3076883951822917
1,0.05309107527136803,0.9999750852584839,0.998848557472229,0.058380126953125,0.046478271484375
1,0.1488276571035385,0.9999545812606812,0.9994683265686035,0.1712646484375,0.15500895182291666
1,0.5304000377655029,0.9999895095825195,0.9986904263496399,0.6490478515625,0.7192484537760416
1,0.03603674843907356,0.9998840093612671,0.9983450174331665,0.038492838541666664,0.030771891276041668
1,0.21780675649642944,0.9996345043182373,0.9985277652740479,0.2791951497395833,0.285919189453125
1,0.3546419143676758,0.9999394416809082,0.9997712969779968,0.4187418619791667,0.421875
1,0.018098434433341026,0.9969722032546997,0.5485843420028687,0.02734375,0.0
1,0.17346589267253876,0.9997712969779968,0.9963071346282959,0.22991434733072916,0.24109395345052084
1,0.010985802859067917,0.9996316432952881,0.18068422377109528,0.013437906901041666,0.0
1,0.26121431589126587,0.9999908208847046,0.9996970891952515,0.2650960286458333,0.261932373046875
1,0.4021342098712921,0.9999823570251465,0.9998511075973511,0.4829745417980712,0.49691027926322046
1,0.5167386531829834,0.9998977184295654,0.9972531199455261,0.631134033203125,0.7092692057291666
1,0.13916267454624176,0.9991440773010254,0.9937587976455688,0.1903076171875,0.12996419270833334
1,0.01792006753385067,0.9982590079307556,0.9669746160507202,0.017771402994791668,0.0
1,0.039801277220249176,0.9785082340240479,0.8733229041099548,0.07325236002604167,0.0
1,0.16600987315177917,0.9986276626586914,0.9934101700782776,0.192840576171875,0.23057047526041666
1,0.06029719486832619,0.9997197985649109,0.9940420985221863,0.06416829427083333,0.06302897135416667
1,0.25856268405914307,0.9999675750732422,0.9998427629470825,0.28228759765625,0.3011881510416667
1,0.14317180216312408,0.9999973773956299,0.9999369382858276,0.157745361328125,0.168304443359375
1,0.010118193924427032,0.9999821186065674,0.3726377785205841,0.011474609375,0.0
1,0.061156488955020905,0.9999982118606567,0.999823272228241,0.062298177083333336,0.06512369791666667
1,0.023954937234520912,0.9992985725402832,0.9700117707252502,0.029754638671875,0.0
1,0.06146575137972832,0.9999620914459229,0.999140739440918,0.067352294921875,0.049947102864583336
1,0.15277312695980072,0.9999654293060303,0.9997527003288269,0.15472412109375,0.15483601888020834
1,0.08955547958612442,0.9998365640640259,0.9988620281219482,0.10384114583333333,0.059580485026041664
1,0.007555374410003424,0.8978744745254517,0.22506044805049896,0.016866048177083332,0.0
1,0.3315480947494507,0.9999369382858276,0.9997468590736389,0.54193115234375,0.6184285481770834
1,0.13796664774417877,0.9988530874252319,0.9946358799934387,0.1658935546875,0.14792887369791666
1,0.11789674311876297,0.9999542236328125,0.9994725584983826,0.12430826822916667,0.1253662109375
1,0.023761644959449768,0.9999374151229858,0.9979167580604553,0.024444580078125,0.021209716796875
1,0.26810964941978455,0.9999964237213135,0.9998928308486938,0.287263050691547,0.2814098141638468
1,0.012672693468630314,0.9997965693473816,0.7518194317817688,0.014923095703125,0.0
1,0.1507876068353653,0.9994826316833496,0.9969005584716797,0.17820231119791666,0.145965576171875
1,0.015092659741640091,0.999929666519165,0.9990226030349731,0.01593017578125,0.013437906901041666
1,0.027901219204068184,0.9999665021896362,0.9994806051254272,0.032826741536458336,0.021250406901041668
1,0.02114260196685791,0.9999980926513672,0.9996228814125061,0.026163736979166668,0.012064615885416666
1,0.02712465636432171,0.9999885559082031,0.9989796280860901,0.030832926432291668,0.019866943359375
1,0.13346301019191742,0.9996947050094604,0.9967396855354309,0.1768276997479035,0.13323043679580182
1,0.07838290184736252,0.999559223651886,0.9951325058937073,0.090667724609375,0.09547932942708333
1,0.019519340246915817,0.998492956161499,0.8348126411437988,0.029695833333333334,0.0
1,0.030396295711398125,0.9999831914901733,0.9994069337844849,0.03240966796875,0.026763916015625
1,0.0030680273193866014,0.8198933005332947,0.0417715385556221,0.0030415852864583335,0.0
1,0.03259262815117836,0.9810219407081604,0.7470627427101135,0.058042042042042045,0.0
1,0.011713509447872639,0.9999797344207764,0.9017668962478638,0.013315836588541666,0.0
1,0.15436160564422607,0.9995694756507874,0.9969485402107239,0.18514506022135416,0.17078399658203125
1,0.10747774690389633,0.999841570854187,0.9983769655227661,0.12836710611979166,0.10874430338541667
1,0.007182443048804998,0.9986329674720764,0.033148519694805145,0.007293701171875,0.0
1,0.07220086455345154,0.9999542236328125,0.9993435740470886,0.07472737630208333,0.07317097981770833
1,0.17457297444343567,0.9999799728393555,0.9986698627471924,0.3522761194029851,0.12206623134328358
1,0.010603852570056915,0.9860979318618774,0.2501518428325653,0.016469319661458332,0.0
1,0.4356924295425415,0.9999926090240479,0.9998377561569214,0.491689453125,0.5474088541666666
1,0.09037092328071594,0.9996970891952515,0.9959771037101746,0.111114501953125,0.10349527994791667
1,0.3387282192707062,0.9997387528419495,0.9910492897033691,0.4594442400875556,0.508621590078246
1,0.010904344730079174,0.9998247027397156,0.37444064021110535,0.013468424479166666,0.0
1,0.08831756561994553,0.9993809461593628,0.9974689483642578,0.13844807942708334,0.070556640625
1,0.020191626623272896,0.9973989725112915,0.569446861743927,0.032539823008849555,0.0
1,0.3118889629840851,0.9998148083686829,0.9981324076652527,0.37973219120760104,0.32298528036232954
1,0.05179604887962341,0.9946774244308472,0.9685006141662598,0.07956949869791667,0.0
1,0.04141303896903992,0.9999076128005981,0.9939730763435364,0.046223958333333336,0.043975830078125
1,0.118736632168293,0.9997197985649109,0.9964063763618469,0.14676920572916666,0.15081787109375
1,0.019943924620747566,0.9999667406082153,0.9944425225257874,0.0220947265625,0.0
1,0.20568273961544037,0.99998939037323,0.9990599751472473,0.35894775390625,0.3586832682291667
1,0.01399293914437294,0.996160626411438,0.39057809114456177,0.02294921875,0.0
1,0.04104502499103546,0.9999125003814697,0.9990378618240356,0.04503466666666667,0.05001066666666667
1,0.019203830510377884,0.9990226030349731,0.9736431837081909,0.023244222005208332,0.0
1,0.06308984756469727,0.9952077269554138,0.9743373394012451,0.08447265625,0.047861735026041664
1,0.14426562190055847,0.999595582485199,0.9963357448577881,0.2201970418294271,0.26315561930338544
1,0.18120291829109192,0.9999914169311523,0.9998190999031067,0.2243303699455119,0.24708345282477776
1,0.21506527066230774,0.9999995231628418,0.9999359846115112,0.24963101160862355,0.27246683250414594
1,0.06143847107887268,0.9999799728393555,0.9988968372344971,0.09974161783854167,0.024312337239583332
1,0.04373261705040932,0.9993067979812622,0.9690324664115906,0.059051640926640926,0.006761583011583011
1,0.23426470160484314,0.9999030828475952,0.9994493126869202,0.23812266666666668,0.235072
1,0.054461751133203506,0.9999593496322632,0.9994724988937378,0.06656901041666667,0.038899739583333336
1,0.3640452027320862,0.999762237071991,0.9984512329101562,0.4447333333333333,0.46135087719298246
1,0.29408133029937744,0.9999560117721558,0.9994600415229797,0.31790364583333336,0.33136067708333333
1,0.013419310562312603,0.9995539784431458,0.6567716598510742,0.015004798464491364,0.008956333973128599
1,0.18105031549930573,0.9999651908874512,0.9995290040969849,0.18741861979166666,0.18235270182291666
1,0.13051696121692657,0.9999349117279053,0.9994600415229797,0.13480631510416666,0.14316813151041666
1,0.015170427970588207,0.9969722032546997,0.4349958896636963,0.022165934244791668,0.0
1,0.029936155304312706,0.9982109069824219,0.942081868648529,0.04060990338164251,0.0
1,0.06120242178440094,0.9969603419303894,0.9746769666671753,0.08770751953125,0.023529052734375
1,0.09765265136957169,0.9999560117721558,0.9991472959518433,0.14507039388020834,0.068756103515625
1,0.07471917569637299,0.9997507929801941,0.9968763589859009,0.09288533528645833,0.07005818684895833
1,0.1428975611925125,0.9999881982803345,0.9998568296432495,0.14543660481770834,0.146881103515625
1,0.41243356466293335,0.9999978542327881,0.9998977184295654,0.4366800920598389,0.4370368239355581
1,0.08547050505876541,0.9957518577575684,0.9800149202346802,0.1252852852852853,0.07732732732732733
1,0.049873486161231995,0.9971327781677246,0.9693241715431213,0.06449381510416667,0.057637532552083336
1,0.05572594702243805,0.9999593496322632,0.9979888200759888,0.057505289713541664,0.048431396484375
1,0.04056815430521965,0.9999713897705078,0.9997658133506775,0.044158935546875,0.030904134114583332
1,0.008842664770781994,0.983020007610321,0.32850679755210876,0.011484781901041666,0.0
1,0.012687229551374912,0.9999881982803345,0.9968634247779846,0.013142903645833334,0.011403401692708334
1,0.026477046310901642,0.9982993006706238,0.3693230450153351,0.039989333333333335,0.0
1,0.025913206860423088,0.9999953508377075,0.9996825456619263,0.027242024739583332,0.023111979166666668
1,0.449203222990036,0.9998427629470825,0.9990673661231995,0.4929841400429636,0.49435074729192374
1,0.20235775411128998,0.9997468590736389,0.9979572296142578,0.29961588541666667,0.333515625
1,0.30415183305740356,0.9999097585678101,0.9992145299911499,0.3818155924479167,0.3491719563802083
1,0.2543565332889557,0.9999384880065918,0.9997063279151917,0.3526509602864583,0.3860982259114583
1,0.07952211052179337,0.9998557567596436,0.998835027217865,0.08985392252604167,0.059651692708333336
1,0.04513417184352875,0.9999542236328125,0.9993227124214172,0.059458414713541664,0.031290690104166664
1,0.09372750669717789,0.9999556541442871,0.9992175102233887,0.10212198893229167,0.09586588541666667
1,0.07759439200162888,0.9999822378158569,0.9997085928916931,0.08052083333333333,0.08212239583333333
1,0.0541357696056366,0.9999935626983643,0.9999125003814697,0.06354777018229167,0.02532958984375
1,0.04454205930233002,0.9999738931655884,0.9997367262840271,0.046142578125,0.036000569661458336
1,0.08074017614126205,0.9999184608459473,0.9983956813812256,0.10040283203125,0.06916300455729167
1,0.013050810433924198,0.9999850988388062,0.7242856025695801,0.01318359375,0.0
1,0.022560177370905876,0.9999629259109497,0.9965165853500366,0.028310139973958332,0.0
1,0.1041669249534607,0.9999233484268188,0.9990262985229492,0.11171468098958333,0.10582478841145833
1,0.03414817154407501,0.9981104135513306,0.9473780989646912,0.048990885416666664,0.0
1,0.057705800980329514,0.9999680519104004,0.9993093609809875,0.061431884765625,0.047637939453125
1,0.26962217688560486,0.9984691739082336,0.9885804057121277,0.40410011574074073,0.479369212962963
1,0.03862495720386505,0.998879611492157,0.9798168540000916,0.047963460286458336,0.0
1,0.024085763841867447,0.9996110796928406,0.9569571614265442,0.03073189354275742,0.0
1,0.04492165148258209,0.9999759197235107,0.9997346997261047,0.048929850260416664,0.041168212890625
1,0.01610437221825123,0.9999743700027466,0.9867246150970459,0.01617431640625,0.0
1,0.8461616635322571,0.9997428059577942,0.9956005811691284,0.946825,1.0
1,0.16903553903102875,0.9996874332427979,0.9981178045272827,0.19086710611979166,0.2088623046875
1,0.014204545877873898,0.9998365640640259,0.94344562292099,0.016866048177083332,0.0
1,0.054546285420656204,0.9990302324295044,0.9870296716690063,0.07281494140625,0.0263671875
1,0.024958861991763115,0.9999586343765259,0.9992504715919495,0.026865641276041668,0.0205078125
1,0.0834084153175354,0.99988853931427,0.9985505938529968,0.08518473307291667,0.084228515625
1,0.09710798412561417,0.9999279975891113,0.9990490078926086,0.11134847005208333,0.093902587890625
1,0.13966728746891022,0.9999741315841675,0.9997695088386536,0.14552815755208334,0.116729736328125
1,0.2012483924627304,0.9981827735900879,0.9915544390678406,0.26886067708333333,0.29057942708333334
1,0.06820359081029892,0.9999959468841553,0.99991774559021,0.07017008463541667,0.062306722005208336
1,0.1499718427658081,0.9990264177322388,0.9948803186416626,0.17185465494791666,0.10638427734375
1,0.045451775193214417,0.9999452829360962,0.9993663430213928,0.04534912109375,0.041493733723958336
1,0.006898504216223955,0.9999953508377075,0.08662743866443634,0.006734212239583333,0.0
1,0.28468525409698486,0.9997108578681946,0.9916519522666931,0.39896815810439207,0.3863710347545253
1,0.2883381247520447,0.9999890327453613,0.9997546076774597,0.2973453383677026,0.3050363055474877
1,0.04256746917963028,0.9989556074142456,0.9787533283233643,0.05795641140468727,0.04685400806090461
1,0.02823634445667267,0.9999567270278931,0.9988840222358704,0.029530843098958332,0.034149169921875
1,0.16289667785167694,0.9999749660491943,0.9997677206993103,0.17757161458333334,0.18790690104166666
1,0.09541865438222885,0.9999898672103882,0.9996800422668457,0.09849039713541667,0.09873453776041667
1,0.23280614614486694,0.9998992681503296,0.9980505704879761,0.2634175618489583,0.2699788411458333
1,0.01719793863594532,0.9999709129333496,0.5765979886054993,0.029551188151041668,0.0
1,0.04962509870529175,0.9999948740005493,0.9993857145309448,0.051513671875,0.050689697265625
1,0.3110831379890442,0.9999209642410278,0.9994786381721497,0.4518636067708333,0.6202799479166666
1,0.04232035204768181,0.9999699592590332,0.9995434880256653,0.0447998046875,0.01641845703125
1,0.014799333177506924,0.9998089671134949,0.9741873741149902,0.016153971354166668,0.0
1,0.43046990036964417,0.999652624130249,0.9983124732971191,0.4957071940104167,0.5094095865885416
1,0.12003352493047714,0.9998464584350586,0.9986902475357056,0.15137736002604166,0.18913777669270834
1,0.003239155514165759,0.5465263724327087,0.060307636857032776,0.004018147786458333,0.0
1,0.13759846985340118,0.9997428059577942,0.9976769089698792,0.16884357005758158,0.17589491362763915
1,0.3002796471118927,0.9988395571708679,0.9906589388847351,0.387725830078125,0.4557596842447917
1,0.01987948827445507,0.9910145401954651,0.8299018144607544,0.03070068359375,0.0
1,0.0987035259604454,0.9999279975891113,0.9996330738067627,0.11051432291666667,0.10753377278645833
1,0.0922846719622612,0.9999076128005981,0.9960545301437378,0.11373463138169021,0.10378445084327437
1,0.23389331996440887,0.9999866485595703,0.9996898174285889,0.30450769677606737,0.41848388033691547
1,0.18499056994915009,0.9999891519546509,0.9998867511749268,0.199859619140625,0.15728759765625
1,0.08961740881204605,0.9998148083686829,0.9984812140464783,0.09261067708333333,0.09401448567708333
1,0.2319657951593399,0.9999417066574097,0.9983059167861938,0.2754313151041667,0.24980672200520834
1,0.23721325397491455,0.9999966621398926,0.9999517202377319,0.2637430826822917,0.23656209309895834
1,0.19898079335689545,0.9998013377189636,0.9975370168685913,0.29468098958333333,0.3378125
1,0.10125884413719177,0.999995231628418,0.9997965693473816,0.10552978515625,0.10109456380208333
1,0.05426885187625885,0.9999221563339233,0.9994557499885559,0.055145263671875,0.054219563802083336
1,0.39817938208580017,0.9999542236328125,0.9995272159576416,0.4308573404947917,0.455352783203125
1,0.09513554722070694,0.9998452663421631,0.9980581402778625,0.11036173502604167,0.09956868489583333
1,0.007110327947884798,0.9610980749130249,0.08678209036588669,0.00726318359375,0.0
1,0.15375934541225433,0.999929666519165,0.9981968998908997,0.21691574615551223,0.1135116598079561
1,0.0643535777926445,0.9999880790710449,0.999869704246521,0.06633504231770833,0.066436767578125
1,0.03181441128253937,0.9996064305305481,0.9786311388015747,0.043009440104166664,0.0
1,0.025367064401507378,0.9992114305496216,0.824180543422699,0.03745173745173745,0.008986486486486487
1,0.07218071818351746,0.9993613362312317,0.9858821630477905,0.10108439127604167,0.0
1,0.0834810733795166,0.9978172779083252,0.9559813141822815,0.14664713541666666,0.0
1,0.05632433295249939,0.9999586343765259,0.9990780353546143,0.06980387369791667,0.028951009114583332
1,0.12997104227542877,0.9999464750289917,0.9997262358665466,0.13261922200520834,0.1309814453125
1,0.061135053634643555,0.9999501705169678,0.9996874332427979,0.08658854166666667,0.03851318359375
1,0.015307322144508362,0.9998013377189636,0.6227466464042664,0.019673665364583332,0.0
1,0.17320691049098969,0.9996775388717651,0.9976032376289368,0.18720499674479166,0.18567911783854166
1,0.19457753002643585,0.9998089671134949,0.9965837001800537,0.29906575520833334,0.360625
1,0.1318386346101761,0.9998775720596313,0.9989637136459351,0.1378173828125,0.13688151041666666
1,0.014434333890676498,0.9942920207977295,0.6727036833763123,0.018086751302083332,0.0
1,0.04168596863746643,0.9996002316474915,0.9958499670028687,0.043609619140625,0.045003255208333336
1,0.11694248765707016,0.9999802112579346,0.9997565150260925,0.12519327799479166,0.12922159830729166
1,0.004550824407488108,0.8670357465744019,0.07654149830341339,0.008229573567708334,0.0
1,0.17051662504673004,0.9998118281364441,0.9992327690124512,0.17765299479166666,0.19365437825520834
1,0.09413107484579086,0.9998176693916321,0.9965435862541199,0.11216296296296296,0.12102592592592593
1,0.030956653878092766,0.9976949095726013,0.9571978449821472,0.04425048828125,0.0
1,0.03733082115650177,0.9990187883377075,0.9879926443099976,0.045257568359375,0.033274332682291664
1,0.0954292044043541,0.999993085861206,0.9997240900993347,0.09764607747395833,0.11509195963541667
1,0.05750670284032822,0.9996387958526611,0.9887987971305847,0.08220833333333333,0.02735
1,0.06259927898645401,0.9999874830245972,0.9992417097091675,0.065460205078125,0.058013916015625
1,0.09017016738653183,0.9998867511749268,0.9986327886581421,0.094390869140625,0.09442138671875
1,0.010580345056951046,0.9845753908157349,0.29167142510414124,0.020558675130208332,0.0
1,0.10302120447158813,0.9998352527618408,0.9983513951301575,0.115509033203125,0.10564168294270833
1,0.08039317280054092,0.9999402761459351,0.9990527033805847,0.09290568033854167,0.07896931966145833
1,0.09073807299137115,0.9998867511749268,0.998807430267334,0.1016822429906542,0.09633864760857615
1,0.08334287256002426,0.9999690055847168,0.9989350438117981,0.114593505859375,0.11525472005208333
1,0.05730345845222473,0.9999274015426636,0.998745322227478,0.094696044921875,0.030659993489583332
1,0.2559199631214142,0.9999030828475952,0.9996155500411987,0.2802327473958333,0.299041748046875
1,0.1334541290998459,0.9999654293060303,0.9997016787528992,0.14226277669270834,0.126220703125
1,0.045149728655815125,0.996249258518219,0.8621162176132202,0.077239990234375,0.0
1,0.11386515945196152,0.9999936819076538,0.9998390078544617,0.11970011393229167,0.10487874348958333
1,0.24458986520767212,0.9996724128723145,0.9973580241203308,0.3278910319010417,0.3369547526041667
1,0.43845340609550476,0.9999873638153076,0.9997448325157166,0.5069370370370371,0.5517444444444445
1,0.038083456456661224,0.9993307590484619,0.9907320141792297,0.049591064453125,0.0
1,0.07840924710035324,0.9999589920043945,0.9996184706687927,0.08238728841145833,0.082977294921875
1,0.08824536204338074,0.9999397993087769,0.9986904263496399,0.09502156575520833,0.09019978841145833
1,0.031187305226922035,0.9987404942512512,0.8697080016136169,0.06048583984375,0.0
1,0.016869844868779182,0.9999221563339233,0.9961146712303162,0.01605224609375,0.01300048828125
1,0.27329081296920776,0.9999452829360962,0.9993833303451538,0.3230387369791667,0.4173685709635417
1,0.028987295925617218,0.994551956653595,0.9284049272537231,0.036600748697916664,0.0
1,0.32637879252433777,0.9999567270278931,0.9995505213737488,0.34678458796105854,0.34999771470359703
1,0.022919131442904472,0.9994786381721497,0.9871788024902344,0.025431315104166668,0.0
1,0.1376194953918457,0.9999302625656128,0.9994000196456909,0.16982014973958334,0.10282389322916667
1,0.25016677379608154,0.9997346997261047,0.991455614566803,0.3737683046406584,0.2064345533748051
1,0.04183628410100937,0.9997918009757996,0.9925969839096069,0.046090494791666665,0.03965169270833333
1,0.03337538242340088,0.9999970197677612,0.9994184970855713,0.036204020182291664,0.0
1,0.15311796963214874,0.9992875456809998,0.9940197467803955,0.21850150066524335,0.11544808523366028
1,0.024321502074599266,0.9999834299087524,0.9988259673118591,0.024150390625,0.022399088541666667
1,0.20918069779872894,0.9997981190681458,0.997188150882721,0.2795918782552083,0.3074137369791667
1,0.09360676258802414,0.9998148083686829,0.9987003803253174,0.10112508138020833,0.10529581705729167
1,0.28395935893058777,0.9999756813049316,0.999854564666748,0.3389180501302083,0.4035441080729167
1,0.10636020451784134,0.9992875456809998,0.9920302629470825,0.15800984700520834,0.0772705078125
1,0.003751882119104266,0.999783456325531,0.010368157178163528,0.0038960774739583335,0.0
1,0.027717795222997665,0.9932287931442261,0.8568374514579773,0.03127284356725146,0.0
1,0.018649322912096977,0.9999772310256958,0.9990111589431763,0.017874348958333335,0.012464192708333334
1,0.46230974793434143,0.9988440275192261,0.9941347241401672,0.6949666341145834,1.0
1,0.4353163540363312,0.9992357492446899,0.9961155652999878,0.4601847330729167,0.465545654296875
1,0.3804629147052765,0.9998944997787476,0.9991238713264465,0.4136555989583333,0.3812967936197917
1,0.06675804406404495,0.9999831914901733,0.9998745918273926,0.06858317057291667,0.06667073567708333
1,0.02641967497766018,0.9999643564224243,0.9291837811470032,0.03529411764705882,0.01559943324649207
1,0.0971241220831871,0.9998936653137207,0.9988027811050415,0.10670979817708333,0.09920247395833333
1,0.01919562928378582,0.9998944997787476,0.9985277652740479,0.020375569661458332,0.016693115234375
1,0.017414115369319916,0.9935117363929749,0.8436298966407776,0.02276611328125,0.0
1,0.031546700745821,0.9999980926513672,0.9968641400337219,0.0436902966314731,0.014287673111202524
1,0.17592690885066986,0.9998960494995117,0.997730553150177,0.223480224609375,0.16118367513020834
1,0.02012433297932148,0.9999973773956299,0.999721884727478,0.021250406901041668,0.013203938802083334
1,0.3159307539463043,0.9993040561676025,0.9899464249610901,0.5173441569010416,1.0
1,0.02496337890625,0.9998785257339478,0.9985672831535339,0.028340657552083332,0.019337972005208332
1,0.06746269017457962,0.9999767541885376,0.9995290040969849,0.07462565104166667,0.045542399088541664
1,0.12647101283073425,0.9999744892120361,0.9987305998802185,0.17199869791666667,0.112001953125
1,0.09662467986345291,0.999966025352478,0.9997468590736389,0.100067138671875,0.0924072265625
1,0.2837490737438202,0.9999477863311768,0.9991989731788635,0.28973388671875,0.294158935546875
1,0.020184576511383057,0.9999359846115112,0.9960237741470337,0.021526692708333333,0.0208203125
1,0.269769549369812,0.9999822378158569,0.999783456325531,0.28002278645833334,0.28179036458333334
0,0.05914315581321716,0.9735442399978638,0.9051497578620911,0.10605875651041667,0.066650390625
0,0.28528648614883423,0.9968641400337219,0.98046875,0.4640706380208333,0.495635986328125
0,0.3574003279209137,0.9956005811691284,0.9865199327468872,0.4921061197916667,0.4809366861979167
0,0.20927637815475464,0.9980276226997375,0.9865199327468872,0.284912109375,0.2694091796875
0,0.038528963923454285,0.9774138927459717,0.7470571994781494,0.078094482421875,0.0
0,0.2727198302745819,0.9976494908332825,0.9906960725784302,0.4073689778645833,0.36614990234375
0,0.20064856112003326,0.9975370168685913,0.9881765246391296,0.2551981608072917,0.24565633138020834
0,0.26454678177833557,0.9992563128471375,0.995075523853302,0.3711344401041667,0.384490966796875
0,0.17173995077610016,0.9908034801483154,0.9383503198623657,0.284088134765625,0.3723551432291667
0,0.02259013056755066,0.9928508996963501,0.6736180186271667,0.031036376953125,0.0
0,0.07982993870973587,0.966092050075531,0.8782098889350891,0.14287312825520834,0.10087076822916667
0,0.14960989356040955,0.985496461391449,0.9217726588249207,0.2748921712239583,0.2555338541666667
0,0.2125919908285141,0.9979411959648132,0.9902161359786987,0.2646280924479167,0.2645263671875
0,0.19825990498065948,0.997065007686615,0.9780517220497131,0.2873738606770833,0.2406005859375
0,0.00022479072504211217,0.04153997078537941,0.0029464049730449915,0.0,0.0
0,0.04992932081222534,0.9956005811691284,0.9674102663993835,0.06452433268229167,0.044545491536458336
0,0.0050721741281449795,0.8936811685562134,0.11162219196557999,0.00921630859375,0.0
0,0.478888601064682,0.9989308714866638,0.9944880604743958,0.7013448079427084,0.9164835611979166
0,0.6217463612556458,0.9990781545639038,0.9950177073478699,0.75982666015625,0.94281005859375
0,0.23551440238952637,0.9971771240234375,0.9856629967689514,0.3701375325520833,0.3881734212239583
0,0.439912885427475,0.9917484521865845,0.9790345430374146,0.5722452799479166,0.572967529296875
0,0.054824840277433395,0.9896317720413208,0.9528381824493408,0.07628377278645833,0.0
0,0.5866680145263672,0.9995660185813904,0.9981178045272827,0.6727091471354166,0.8716532389322916
0,0.29894164204597473,0.9974391460418701,0.9926826357841492,0.3878275553385417,0.3897501627604167
0,0.6034240126609802,0.9992021918296814,0.9968024492263794,0.71478271484375,0.8525492350260416
0,0.02009415067732334,0.9708540439605713,0.7192820906639099,0.027201334635416668,0.0
0,0.040834348648786545,0.8899121284484863,0.5727120637893677,0.09190877278645833,0.0
0,0.2399294376373291,0.9964893460273743,0.9866748452186584,0.3717041015625,0.4588623046875
0,0.14488732814788818,0.9989055395126343,0.9901401400566101,0.20787556966145834,0.22298177083333334
0,0.2134294956922531,0.9995923638343811,0.991455614566803,0.3025410970052083,0.2967325846354167
0,0.015475216321647167,0.9257686138153076,0.22954383492469788,0.020555555555555556,0.0
0,0.09546606242656708,0.9959927201271057,0.9788748621940613,0.14800533333333332,0.11830933333333334
0,0.012259186245501041,0.7643643021583557,0.18446028232574463,0.017740885416666668,0.0
0,0.020400846377015114,0.8994751572608948,0.38557130098342896,0.03375244140625,0.0
0,0.03944284841418266,0.9951325058937073,0.9516811966896057,0.053985595703125,0.023162841796875
0,0.18134267628192902,0.9992958307266235,0.9904406070709229,0.2739359537760417,0.2578633626302083
0,0.6511232852935791,0.9985449314117432,0.9930152893066406,0.7862889863547758,0.8498635477582847
0,0.8540772795677185,0.999127209186554,0.9957848191261292,0.9483520833333333,1.0
0,0.00226018950343132,0.6106275916099548,0.03114441968500614,0.0019500480307396734,0.0
0,0.01001873891800642,0.9681411385536194,0.38728994131088257,0.015439276485788113,0.0
0,0.2801341116428375,0.9968273043632507,0.9851576089859009,0.44195090439276485,0.4952368647717485
0,0.011963139288127422,0.9930152893066406,0.2024431973695755,0.017525,0.0
0,0.009878487326204777,0.85500568151474,0.1705079972743988,0.01630654281098546,0.0
0,0.3013101816177368,0.9974589943885803,0.9858821630477905,0.4296081343124299,0.438322820306717
0,0.10624656081199646,0.9953904151916504,0.9548171162605286,0.22709333333333334,0.0
0,0.11880180239677429,0.9989012479782104,0.9870795607566833,0.2143005006739842,0.12325967648757943
0,0.11702052503824234,0.9863631129264832,0.9600626826286316,0.16076274962530887,0.1539778020820675
0,0.05192551761865616,0.9919379353523254,0.8098781704902649,0.10476667881881152,0.0
0,0.019579051062464714,0.9786719083786011,0.6428171396255493,0.026252983293556086,0.0
0,0.004088009241968393,0.9731387495994568,0.03963883966207504,0.0013778044757191757,0.0
0,0.021553941071033478,0.9949396848678589,0.3765818476676941,0.02585601921150094,0.0
0,0.10024632513523102,0.9636433720588684,0.8793540596961975,0.17799853567625132,0.06737553248136315
0,0.001762868370860815,0.8352149128913879,0.02859835885465145,0.0009987381534083282,0.0
0,0.027593007311224937,0.9029524326324463,0.16013464331626892,0.021102887426900585,0.0
0,0.020083244889974594,0.9320833086967468,0.3609428107738495,0.035359561431796194,0.0
0,0.3560316562652588,0.9985162615776062,0.9937100410461426,0.4594071914480078,0.45519598315516685
0,0.030867429450154305,0.9904406070709229,0.7224301099777222,0.05689127604166667,0.0
0,0.41777878999710083,0.9994340538978577,0.9961456060409546,0.5840161324559542,0.6956951814901294
0,0.06571607291698456,0.9974589943885803,0.9499486684799194,0.11339285714285714,0.03534503631961259
0,0.6511232852935791,0.9985449314117432,0.9930152893066406,0.7862889863547758,0.8498635477582847
0,0.00027883730945177376,0.3744474947452545,0.0036499870475381613,2.6033192320208264e-05,0.0
0,0.2648894190788269,0.9987550973892212,0.9923043847084045,0.37450958240042725,0.3842203643982499
0,0.023282939568161964,0.9935368895530701,0.6582044363021851,0.037362962962962966,0.0
0,0.011963139288127422,0.9930152893066406,0.2024431973695755,0.017525,0.0
0,0.01560354232788086,0.997730553150177,0.4209834039211273,0.023809035539240818,0.0
0,0.0957181453704834,0.9986489415168762,0.988711953163147,0.14840856481481482,0.09359375
0,0.0025074156001210213,0.9720456600189209,0.025419652462005615,0.0016861979166666666,0.0
0,0.17141804099082947,0.9996110796928406,0.996936559677124,0.3100992951587179,0.13980038071718887
0,0.3013101816177368,0.9974589943885803,0.9858821630477905,0.4296081343124299,0.438322820306717
0,0.03544929623603821,0.9893474578857422,0.8371278643608093,0.05752169204957917,0.0
0,0.08890184015035629,0.991186797618866,0.9460898637771606,0.1571792646011396,0.11822248931623931
0,0.01030559279024601,0.9883578419685364,0.3617282211780548,0.015874092359999637,0.0
0,0.003295070491731167,0.6186652183532715,0.06383161246776581,0.004744901241716528,0.0
0,0.012597545050084591,0.9958821535110474,0.35983753204345703,0.017025679117147707,0.0
0,0.003779203398153186,0.4773714542388916,0.06953417509794235,0.00421142578125,0.0
0,0.052561551332473755,0.9672250151634216,0.6310192346572876,0.12122599283854167,0.0
0,0.0007573126349598169,0.0799255296587944,0.012527931481599808,0.0,0.0
0,0.02303878217935562,0.9822195768356323,0.5343363881111145,0.045674641927083336,0.0
0,0.14898110926151276,0.988447368144989,0.9384632706642151,0.2758992513020833,0.0
0,0.09692738205194473,0.9846936464309692,0.9203612804412842,0.175201416015625,0.0
0,0.02441302500665188,0.9750598073005676,0.7241793274879456,0.039082845052083336,0.0
0,0.04256176948547363,0.9822876453399658,0.858244001865387,0.07487996419270833,0.0
0,0.16400305926799774,0.994820237159729,0.9732915163040161,0.24798583984375,0.13788859049479166
0,0.40181195735931396,0.9992237091064453,0.9963783621788025,0.46893310546875,0.4849039713541667
0,0.20491038262844086,0.9975466132164001,0.986828088760376,0.292449951171875,0.2722880045572917
0,0.1678747683763504,0.9964893460273743,0.9797828793525696,0.27459716796875,0.2631734212239583
0,0.05621374025940895,0.9853278994560242,0.8763172030448914,0.08837890625,0.0
0,0.32346901297569275,0.9979888200759888,0.9946150183677673,0.3957112630208333,0.3931070963541667
0,0.0005867747240699828,0.06278920918703079,0.009596454910933971,0.0,0.0
0,0.20792169868946075,0.9964203834533691,0.9900624752044678,0.2978108723958333,0.18421427408854166
0,0.2652587294578552,0.9977656602859497,0.991355836391449,0.37200927734375,0.3445536295572917
0,0.03494429215788841,0.9386884570121765,0.7184897661209106,0.080352783203125,0.0
0,0.21571262180805206,0.9974090456962585,0.9882676005363464,0.3066507975260417,0.20048014322916666
0,0.23363728821277618,0.9984573125839233,0.9927672147750854,0.30731201171875,0.340179443359375
0,0.14084738492965698,0.9914886951446533,0.9755768775939941,0.22858683268229166,0.13389078776041666
0,0.26297831535339355,0.9964756369590759,0.9891397356987,0.3519490559895833,0.279510498046875
0,0.2551310360431671,0.9987599849700928,0.9930152893066406,0.317657470703125,0.3246663411458333
0,0.21608944237232208,0.9977481961250305,0.9763556718826294,0.34222412109375,0.3450826009114583
0,0.23884762823581696,0.9867261648178101,0.9719908833503723,0.3722330729166667,0.32684326171875
0,0.10843425244092941,0.9720456600189209,0.9020932912826538,0.19683837890625,0.20000203450520834
0,0.03741675242781639,0.9921537041664124,0.6804413199424744,0.07798258463541667,0.0
0,0.12855544686317444,0.9986435770988464,0.9933322668075562,0.187408447265625,0.1099853515625
0,0.3707607686519623,0.9991065859794617,0.9951136708259583,0.4788411458333333,0.5253702799479166
0,0.4343164265155792,0.9975560903549194,0.9932025074958801,0.548736572265625,0.5211588541666666
0,0.09658513218164444,0.944587230682373,0.8860265612602234,0.154327392578125,0.099822998046875
0,0.32119396328926086,0.9971771240234375,0.9908034801483154,0.5069478352864584,0.4526163736979167
0,0.03282413259148598,0.8844391107559204,0.4752090871334076,0.07179768880208333,0.0
0,0.2325747013092041,0.996249258518219,0.9800149202346802,0.374114990234375,0.22514851888020834
0,0.1366870254278183,0.9051547646522522,0.7752646803855896,0.293731689453125,0.0
0,0.023116914555430412,0.9671630263328552,0.4896232783794403,0.0404052734375,0.0
0,0.03542916849255562,0.9815244078636169,0.33959871530532837,0.053700764973958336,0.0
0,0.04137003794312477,0.9929881691932678,0.6233733892440796,0.08699544270833333,0.0
0,0.03627454861998558,0.9205042719841003,0.5100666880607605,0.06414794921875,0.0
0,0.2698032557964325,0.9900250434875488,0.9537056088447571,0.497161865234375,0.814697265625
0,0.007288623601198196,0.09964530169963837,0.04672495648264885,0.0,0.0
0,0.010722274892032146,0.6344301104545593,0.11777491867542267,0.009836832682291666,0.0
0,0.1615978479385376,0.9754835963249207,0.9213533401489258,0.3127339680989583,0.1796875
0,0.2793976366519928,0.9799765348434448,0.9335484504699707,0.5149637858072916,0.525421142578125
0,0.1271790713071823,0.9781771898269653,0.8899121284484863,0.2551472981770833,0.0
0,0.5566334128379822,0.9997933506965637,0.9989266991615295,0.6927083333333334,0.6850992838541666
0,0.007743184920400381,0.9095863103866577,0.10087861120700836,0.007578531901041667,0.0
0,0.06591857224702835,0.9760836362838745,0.7096232175827026,0.15406290690104166,0.0
0,0.012912007980048656,0.317743718624115,0.14222832024097443,0.014363606770833334,0.0
0,0.06424714624881744,0.9938309192657471,0.9630224108695984,0.10987345377604167,0.0
0,0.004211604595184326,0.04410091042518616,0.02145073004066944,0.0,0.0
0,0.0929822325706482,0.9971550703048706,0.986415684223175,0.11287434895833333,0.07265218098958333
0,0.34871813654899597,0.9937587976455688,0.9745803475379944,0.5401407877604166,0.5793558756510416
0,0.03491927310824394,0.801159143447876,0.4312230348587036,0.07738240559895833,0.0
0,0.07445409893989563,0.9905874133110046,0.6157760620117188,0.17597452799479166,0.0
0,0.1302580088376999,0.9733928442001343,0.8761022090911865,0.24766031901041666,0.0
0,0.0032545197755098343,0.670284628868103,0.07906372845172882,0.005991617838541667,0.0
0,0.08649920672178268,0.9888850450515747,0.9351099133491516,0.14756266276041666,0.069061279296875
0,0.3282791078090668,0.9984391331672668,0.9900239109992981,0.509490966796875,0.6755269368489584
0,0.0011945004807785153,0.281109482049942,0.01182339433580637,0.00016276041666666666,0.0
0,0.10109201073646545,0.9925103187561035,0.9412234425544739,0.18534342447916666,0.0
0,0.01339403260499239,0.9313377141952515,0.2067338526248932,0.019571940104166668,0.0
0,0.3019092381000519,0.9995417594909668,0.9975080490112305,0.4292093912760417,0.4580281575520833
0,0.0050148493610322475,0.9285385012626648,0.15027432143688202,0.011098225911458334,0.0
0,0.05289018154144287,0.9910145401954651,0.9540492296218872,0.0823974609375,0.0
0,0.014967319555580616,0.8024007678031921,0.24113182723522186,0.024495442708333332,0.0
0,0.1451559215784073,0.9979169964790344,0.9854404330253601,0.19459025065104166,0.18756103515625
0,0.24985726177692413,0.9954261183738708,0.9831499457359314,0.3418986002604167,0.3947957356770833
0,0.06176954135298729,0.9977743029594421,0.9900250434875488,0.08613077799479167,0.051890055338541664
0,0.12956734001636505,0.9884026646614075,0.9330658316612244,0.22771199544270834,0.13671875
0,0.44066497683525085,0.9996402263641357,0.9980276226997375,0.5048624674479166,0.5417989095052084
0,0.007172244135290384,0.31605255603790283,0.09842021763324738,0.007303873697916667,0.0
0,0.1295093148946762,0.9814888834953308,0.9382339119911194,0.22611490885416666,0.15519205729166666
0,0.27394795417785645,0.9872281551361084,0.9564693570137024,0.4843037923177083,0.5542704264322916
0,0.02398529462516308,0.9440738558769226,0.6660559773445129,0.040303548177083336,0.0
0,0.14097818732261658,0.9968641400337219,0.9866234660148621,0.22505696614583334,0.13404337565104166
0,0.011966831982135773,0.9329437017440796,0.32441410422325134,0.022237141927083332,0.0
0,0.16570349037647247,0.9946980476379395,0.9724147915840149,0.312164306640625,0.078826904296875
0,0.2823481261730194,0.9960237741470337,0.9831479787826538,0.4193929036458333,0.46533203125
0,0.23924653232097626,0.9996672868728638,0.9908389449119568,0.362518310546875,0.2921244303385417
0,0.14015278220176697,0.9974090456962585,0.9818752408027649,0.20906575520833334,0.2678324381510417
0,0.7941257357597351,0.9996633529663086,0.9988073110580444,0.8697713216145834,0.93310546875
0,0.14968383312225342,0.9911182522773743,0.9601374864578247,0.2423095703125,0.09940592447916667
0,0.21488447487354279,0.9984691739082336,0.9890130758285522,0.292694091796875,0.21094767252604166
0,0.21449248492717743,0.9993333220481873,0.9972531199455261,0.2537434895833333,0.269073486328125
0,0.14677691459655762,0.9966233968734741,0.980205237865448,0.24724324544270834,0.11796061197916667
0,0.06846752762794495,0.9990226030349731,0.9898683428764343,0.08201090494791667,0.052347819010416664
0,0.2670224606990814,0.9989266991615295,0.9945095181465149,0.331787109375,0.294891357421875
0,0.09181064367294312,0.9687380790710449,0.8485961556434631,0.19649251302083334,0.0
0,0.04965893551707268,0.9526622891426086,0.8088188171386719,0.11158243815104167,0.0
0,0.01916455291211605,0.9785493016242981,0.7492542266845703,0.029530843098958332,0.0
0,0.06973427534103394,0.9702399373054504,0.8942365646362305,0.11661783854166667,0.12781778971354166
0,0.08600345999002457,0.9881309270858765,0.9375547766685486,0.14777628580729166,0.0
0,0.09815966337919235,0.9972531199455261,0.9899086952209473,0.12483723958333333,0.10015869140625
0,0.14016632735729218,0.9722570776939392,0.8848377466201782,0.2917073567708333,0.07857259114583333
0,0.013540766201913357,0.9133679866790771,0.3091123402118683,0.020243326822916668,0.0
0,0.0008316277526319027,0.15495054423809052,0.014392335899174213,0.0001220703125,0.0
0,0.049926381558179855,0.9962345957756042,0.985042929649353,0.06697591145833333,0.054250081380208336
0,0.07388981431722641,0.9934101700782776,0.9779677391052246,0.09584554036458333,0.089691162109375
0,0.000814088445622474,0.3509773313999176,0.015130727551877499,0.000762939453125,0.0
0,0.035845354199409485,0.9192084670066833,0.7066815495491028,0.06801350911458333,0.0
0,0.11467733234167099,0.9985334873199463,0.9898303151130676,0.147247314453125,0.11759440104166667
0,0.00046514321002177894,0.025760557502508163,0.005099818576127291,0.0,0.0
0,0.16961640119552612,0.9945730566978455,0.9531008005142212,0.2759195963541667,0.17176310221354166
0,0.21262848377227783,0.9957518577575684,0.9766246676445007,0.325958251953125,0.24462890625
0,0.7489153742790222,0.9997407793998718,0.9986276626586914,0.8785807291666666,0.9345906575520834
0,0.3606087267398834,0.9975844621658325,0.9923043847084045,0.5013936360677084,0.512176513671875
0,0.0731084942817688,0.9751071333885193,0.7590468525886536,0.16318766276041666,0.0
0,0.3893625736236572,0.9991374015808105,0.9924227595329285,0.4930521647135417,0.534881591796875
0,0.07042045146226883,0.9909447431564331,0.9277569651603699,0.113067626953125,0.0
0,0.44521692395210266,0.9993147850036621,0.9968149065971375,0.518829345703125,0.524444580078125
0,0.5307829976081848,0.9992678761482239,0.9968884587287903,0.681243896484375,0.8659261067708334
0,0.4734534025192261,0.9969005584716797,0.9918753504753113,0.65533447265625,0.8343912760416666
0,0.25576916337013245,0.9984512329101562,0.9891397356987,0.365264892578125,0.35565185546875
0,0.03975332900881767,0.9975656270980835,0.938010573387146,0.060862223307291664,0.0
0,0.29717230796813965,0.9995744824409485,0.9958170056343079,0.4423319498697917,0.389007568359375
0,0.43268778920173645,0.9975370168685913,0.9885804057121277,0.651947021484375,0.8897806803385416
0,0.3987003266811371,0.9980581402778625,0.9852713346481323,0.577301025390625,0.7411295572916666
0,0.07109352201223373,0.9961004257202148,0.9849274158477783,0.09397379557291667,0.057840983072916664
0,0.11766362935304642,0.9932811260223389,0.9771101474761963,0.16457112630208334,0.134185791015625
0,0.2581373155117035,0.995718777179718,0.9910838603973389,0.3505045572916667,0.3856913248697917
0,0.19493381679058075,0.999180018901825,0.9902161359786987,0.2671915690104167,0.212432861328125
0,0.4138965308666229,0.9971439242362976,0.9900250434875488,0.5748799641927084,0.5672098795572916
0,0.16351430118083954,0.9971550703048706,0.9860442876815796,0.2555643717447917,0.1246337890625
0,0.20807194709777832,0.9840323328971863,0.9264329671859741,0.3989969889322917,0.18792724609375
0,0.567898690700531,0.9983958601951599,0.9938070178031921,0.749847412109375,0.838714599609375
0,0.20750464498996735,0.9976218342781067,0.9902915358543396,0.2964375813802083,0.23188273111979166
0,0.01485646516084671,0.9899476170539856,0.42857053875923157,0.027872721354166668,0.0
0,0.0011233079712837934,0.9314625263214111,0.0028115306049585342,0.0030110677083333335,0.0
0,0.24435925483703613,0.9926256537437439,0.961243748664856,0.4335225423177083,0.5859273274739584
0,0.01761273480951786,0.9539660811424255,0.3982291519641876,0.0401611328125,0.0
0,0.02941402979195118,0.9996724128723145,0.9908034801483154,0.042460123697916664,0.018290201822916668
0,0.11369515210390091,0.9790757894515991,0.8844391107559204,0.22956339518229166,0.22630818684895834
0,0.08224300295114517,0.9950946569442749,0.9595329165458679,0.14269002278645834,0.08748372395833333
0,0.3719370365142822,0.9970878958702087,0.9919379353523254,0.441192626953125,0.4429423014322917
0,0.13136117160320282,0.9996849298477173,0.9951325058937073,0.23136393229166666,0.032613118489583336
0,0.023915918543934822,0.8611882925033569,0.3042483627796173,0.04876708984375,0.0
0,0.17535631358623505,0.9983189702033997,0.9919691681861877,0.23729451497395834,0.248992919921875
0,0.0877225399017334,0.9864678382873535,0.9269675612449646,0.15779622395833334,0.13482666015625
0,0.04849096015095711,0.9811668992042542,0.9043130874633789,0.080902099609375,0.0
0,0.043027427047491074,0.937210738658905,0.8345377445220947,0.070098876953125,0.0
0,0.07824721187353134,0.9967523813247681,0.9867261648178101,0.13841756184895834,0.039286295572916664
0,0.15495885908603668,0.9992021918296814,0.9943360686302185,0.21705118815104166,0.08936564127604167
0,0.19838379323482513,0.9968273043632507,0.9832789301872253,0.3166707356770833,0.20477294921875
0,0.05295571684837341,0.9764904975891113,0.830452561378479,0.10608927408854167,0.0
0,0.13005124032497406,0.951323390007019,0.8652206659317017,0.23253377278645834,0.1502685546875
0,0.14833176136016846,0.9918753504753113,0.9711290597915649,0.2314453125,0.2510986328125
0,0.22042660415172577,0.9947391152381897,0.9777987599372864,0.3883870442708333,0.5138346354166666
0,0.07067147642374039,0.9086179733276367,0.7709825038909912,0.153472900390625,0.0
0,0.136055126786232,0.9930693507194519,0.9724670648574829,0.18937174479166666,0.13663736979166666
0,0.3962734639644623,0.9983256459236145,0.9937345385551453,0.5497843424479166,0.6328837076822916
0,0.10181701183319092,0.9685006141662598,0.8584743142127991,0.1942138671875,0.0
0,0.29212650656700134,0.9900250434875488,0.9782188534736633,0.4139912923177083,0.47625732421875
0,0.5200669169425964,0.9996750354766846,0.9965301156044006,0.6165873209635416,0.671356201171875
0,0.00014629188808612525,0.005040702875703573,0.0015792594058439136,0.0,0.0
0,0.3379587233066559,0.996936559677124,0.9919379353523254,0.4496358235677083,0.5110066731770834
0,0.038468580693006516,0.9985104203224182,0.9865716695785522,0.057118733723958336,0.026824951171875
0,0.005035946611315012,0.9081302285194397,0.11950469762086868,0.010030110677083334,0.0
0,0.06742221117019653,0.9970878958702087,0.959307074546814,0.11576334635416667,0.0
0,0.29803407192230225,0.9991100430488586,0.9926256537437439,0.3902994791666667,0.3203837076822917
0,0.4012177884578705,0.9996287822723389,0.9980044960975647,0.4717203776041667,0.464019775390625
0,0.22564399242401123,0.9974884986877441,0.9880388379096985,0.3032735188802083,0.3360392252604167
0,0.11897192150354385,0.999373733997345,0.9933846592903137,0.17722574869791666,0.06950887044270833
0,0.16894429922103882,0.982557475566864,0.9453993439674377,0.2952982584635417,0.2998453776041667
0,0.1998996138572693,0.9973061084747314,0.9902538657188416,0.28399658203125,0.22816975911458334
0,0.02082955650985241,0.9669140577316284,0.7834919095039368,0.032958984375,0.0
0,0.09122574329376221,0.9981178045272827,0.9794721603393555,0.13091023763020834,0.116363525390625
0,0.4330381453037262,0.9998103976249695,0.998279333114624,0.5429585774739584,0.5231730143229166
0,0.38624680042266846,0.999373733997345,0.9970073103904724,0.4884134928385417,0.4225972493489583
0,0.05637370049953461,0.9826908707618713,0.8615347146987915,0.10111490885416667,0.0
0,0.6182278990745544,0.9984573125839233,0.9949199557304382,0.743377685546875,0.8824361165364584
0,0.07088128477334976,0.9940428137779236,0.9515913724899292,0.11155192057291667,0.06575520833333333
0,0.6108993291854858,0.9992296695709229,0.9974983334541321,0.7373453776041666,0.837188720703125
0,0.17004680633544922,0.9984812140464783,0.9879926443099976,0.2500406901041667,0.15810139973958334
0,0.3409893214702606,0.9915215969085693,0.9785493016242981,0.500762939453125,0.66925048828125
0,0.17301766574382782,0.9990034699440002,0.9906600117683411,0.24945068359375,0.2742513020833333
0,0.386445015668869,0.9932287931442261,0.9802041053771973,0.617340087890625,0.6469014485677084
0,0.11994019895792007,0.9918753504753113,0.9589986801147461,0.18944295247395834,0.080078125
0,0.45299625396728516,0.9972744584083557,0.991186797618866,0.6218770345052084,0.72589111328125
0,0.19788460433483124,0.9982038736343384,0.9885804057121277,0.278533935546875,0.2503865559895833
0,0.0045297215692698956,0.8337311148643494,0.0643000528216362,0.0025838216145833335,0.0
0,0.3247300684452057,0.9994115829467773,0.9945307374000549,0.4654642740885417,0.4830220540364583
0,0.29181593656539917,0.9949396848678589,0.9867772459983826,0.448394775390625,0.3897501627604167
0,0.07818085700273514,0.9822195768356323,0.896251380443573,0.14702351888020834,0.0
0,0.634883463382721,0.9989182949066162,0.996160626411438,0.7256062825520834,0.744842529296875
0,0.09979837387800217,0.987616240978241,0.9563905000686646,0.16166178385416666,0.13600667317708334
0,0.1670667678117752,0.9958499670028687,0.9881309270858765,0.269195556640625,0.16875203450520834
0,0.08433827012777328,0.9940890073776245,0.9361648559570312,0.14085896809895834,0.0
0,0.5735909342765808,0.9995778203010559,0.9978594183921814,0.6864522298177084,0.7677815755208334
0,0.6952139735221863,0.9992266893386841,0.9961456060409546,0.8189493815104166,0.8675740559895834
0,0.3551112711429596,0.9928231239318848,0.9826889038085938,0.5215861002604166,0.7408345540364584
0,0.18922019004821777,0.9959613680839539,0.9676538109779358,0.3088277180989583,0.13541666666666666
0,0.016903212293982506,0.7388575673103333,0.33349668979644775,0.03790283203125,0.0
0,0.165418341755867,0.9742884635925293,0.8960641622543335,0.3204345703125,0.131561279296875
0,0.036900438368320465,0.9406808614730835,0.5910152792930603,0.074554443359375,0.0
0,0.19070667028427124,0.9942025542259216,0.9734434485435486,0.278045654296875,0.2839457194010417
0,0.11198357492685318,0.9915870428085327,0.9693822264671326,0.199859619140625,0.0
0,0.530181884765625,0.9980881810188293,0.9932550191879272,0.68212890625,0.7402547200520834
0,0.3864440619945526,0.9967774748802185,0.9920002222061157,0.5077616373697916,0.5147196451822916
0,0.21591077744960785,0.9943581223487854,0.9814167618751526,0.3004048665364583,0.24827067057291666
0,0.31282496452331543,0.9974689483642578,0.9899863600730896,0.4250284830729167,0.3875325520833333
0,0.33711203932762146,0.9989392161369324,0.986151397228241,0.5227559407552084,0.595458984375
0,0.006235180422663689,0.7624240517616272,0.13892841339111328,0.012583414713541666,0.0
0,0.17705444991588593,0.9817706942558289,0.9328213930130005,0.3194376627604167,0.19818115234375
0,0.169452965259552,0.9951325058937073,0.9791954755783081,0.23127237955729166,0.20149739583333334
0,0.09808551520109177,0.9934611320495605,0.9516838788986206,0.15395100911458334,0.0
0,0.01005771104246378,0.866245687007904,0.1439080834388733,0.012898763020833334,0.0
0,0.09327977150678635,0.9865199327468872,0.9360480904579163,0.15276082356770834,0.08302815755208333
0,0.26037320494651794,0.9923043847084045,0.9692660570144653,0.4221598307291667,0.41290283203125
0,0.05644834414124489,0.9739436507225037,0.7683700919151306,0.11783854166666667,0.0
0,0.04824469983577728,0.898944079875946,0.7329685688018799,0.09926350911458333,0.0
0,0.14563919603824615,0.9954791069030762,0.983020007610321,0.20444742838541666,0.20501708984375
0,0.0006074279081076384,0.06608537584543228,0.009125636890530586,0.0,0.0
0,0.016477735713124275,0.9241418242454529,0.29858747124671936,0.030690511067708332,0.0
0,0.050933774560689926,0.9967648983001709,0.9550683498382568,0.08277384440104167,0.0
0,0.05153392255306244,0.9953904151916504,0.9309583306312561,0.08258056640625,0.0
0,0.009715446271002293,0.5032100677490234,0.16885283589363098,0.01812744140625,0.0
0,0.003635162254795432,0.7745833992958069,0.05781161040067673,0.006449381510416667,0.0
0,0.008398334495723248,0.9837225079536438,0.18623413145542145,0.012217203776041666,0.0
0,0.0006366063025780022,0.5187899470329285,0.011201213113963604,0.0003153483072916667,0.0
0,0.035793256014585495,0.9690324664115906,0.7602842450141907,0.07177734375,0.0
0,0.09675770998001099,0.997065007686615,0.9824230670928955,0.16016642252604166,0.0
0,0.002361656865105033,0.24798741936683655,0.01750955730676651,0.0006917317708333334,0.0
0,0.0050185793079435825,0.4046838879585266,0.04535258188843727,0.0013224283854166667,0.0
0,0.16095200181007385,0.9976677298545837,0.9849274158477783,0.21857706705729166,0.100738525390625
0,0.049425337463617325,0.9841545820236206,0.7876046895980835,0.10041300455729167,0.0
0,0.005543189588934183,0.9005298018455505,0.17624586820602417,0.012278238932291666,0.0
0,0.002282272092998028,0.16926851868629456,0.02241293340921402,0.000274658203125,0.0
0,0.17324994504451752,0.992452085018158,0.9774571061134338,0.23030598958333334,0.2830912272135417
0,0.0019643905106931925,0.9469902515411377,0.01267373375594616,0.0022684733072916665,0.0
0,0.11338014900684357,0.9978760480880737,0.9289263486862183,0.220328330206379,0.07698405253283302
0,0.036042287945747375,0.9743860960006714,0.8456876873970032,0.06416666666666666,0.0
0,0.05819438770413399,0.9842759370803833,0.9220637679100037,0.09419270833333333,0.0
0,0.1508411020040512,0.9909447431564331,0.9433496594429016,0.27216145833333333,0.3622916666666667
0,0.03919261321425438,0.9803186058998108,0.766643226146698,0.07546875,0.0
0,0.11778981983661652,0.9803937673568726,0.9127477407455444,0.23394133333333333,0.039530666666666665
0,0.006669785361737013,0.4185780882835388,0.08787644654512405,0.006101333333333334,0.0
0,0.024301577359437943,0.9992175102233887,0.9293135404586792,0.03271484375,0.0
0,0.03365577757358551,0.9791157841682434,0.4279351234436035,0.059562841530054644,0.0
0,0.07314100861549377,0.9979731440544128,0.9799765348434448,0.1114125,0.05680416666666667
0,0.028574831783771515,0.9710743427276611,0.5611255168914795,0.058351377952755905,0.0
0,0.01712671108543873,0.9877586960792542,0.4950227737426758,0.021361867704280155,0.0
0,0.011031188070774078,0.997730553150177,0.21158456802368164,0.013107976653696498,0.0
0,0.09684588760137558,0.9979810118675232,0.976802408695221,0.14919375,0.13628541666666666
0,0.020634649321436882,0.9837225079536438,0.5886538624763489,0.033291666666666664,0.0
0,0.012642208486795425,0.970687747001648,0.2785510718822479,0.016756756756756756,0.0
0,0.026256952434778214,0.9989596605300903,0.8603703379631042,0.033445945945945944,0.0
0,0.01787114143371582,0.9884026646614075,0.16013464331626892,0.013347007722007722,0.0
0,0.009975247085094452,0.8193157911300659,0.10932482779026031,0.008454583360765466,0.0
0,0.123932845890522,0.9964063763618469,0.9466953873634338,0.24608238069315913,0.260863727091272
0,0.0023986781015992165,0.8925625681877136,0.020606476813554764,0.0016708126036484245,0.0
0,0.13599078357219696,0.9993687272071838,0.9935867786407471,0.1974851394604481,0.3680064014631916
0,0.13405095040798187,0.9973061084747314,0.9647895693778992,0.24858253315043438,0.28340649291266573
0,0.1438782662153244,0.9968519806861877,0.9795114994049072,0.2847005029721079,0.25031550068587105
0,0.03327801451086998,0.9943581223487854,0.9147639274597168,0.05178497948801077,0.0
0,0.03904832899570465,0.9964619278907776,0.9216402173042297,0.05828490718321227,0.014661016949152542
0,0.05494843050837517,0.9942250847816467,0.937670111656189,0.09028333333333333,0.0436625
0,0.08755727112293243,0.9991768002510071,0.9229002594947815,0.1521273398005192,0.057876759120098376
0,0.027352092787623405,0.9694979190826416,0.6031069755554199,0.054718017578125,0.0
0,0.06337545812129974,0.9996498823165894,0.9885790944099426,0.108245849609375,0.016977945963541668
0,0.03985471650958061,0.9954261183738708,0.9649193286895752,0.055501302083333336,0.022725423177083332
0,0.0031622189562767744,0.21883627772331238,0.0601937361061573,0.0016988118489583333,0.0
0,0.0003277441719546914,0.05964693799614906,0.005598248913884163,0.0,0.0
0,0.0029846534598618746,0.3407045304775238,0.05203493684530258,0.0028076171875,0.0
0,0.03291740640997887,0.9810945987701416,0.884233295917511,0.055521647135416664,0.0
0,0.020336737856268883,0.9700134992599487,0.6378105878829956,0.037211100260416664,0.0
0,0.010132976807653904,0.9473810195922852,0.17952191829681396,0.013417561848958334,0.0
0,0.00016277744725812227,0.014392335899174213,0.002225670963525772,0.0,0.0
0,0.00019984121900051832,0.004297939129173756,0.0015487609198316932,0.0,0.0
0,0.00022416911087930202,0.12283853441476822,0.0028118586633354425,1.0172526041666666e-05,0.0
0,0.00024994724662974477,0.04646466299891472,0.0035657365806400776,0.0,0.0
0,0.007214855868369341,0.7550956010818481,0.2075357586145401,0.016316731770833332,0.0
0,0.003910071682184935,0.9567152261734009,0.03662312403321266,0.00616455078125,0.0
0,0.008941075764596462,0.9755768775939941,0.142109215259552,0.011240641276041666,0.0
0,0.000882378953974694,0.4204805791378021,0.009449081495404243,0.0004170735677083333,0.0
0,0.0019863657653331757,0.5810059309005737,0.04586266353726387,0.0030314127604166665,0.0
0,0.02016068808734417,0.9834704995155334,0.7530982494354248,0.034423828125,0.0
0,0.003425908973440528,0.31986451148986816,0.03422932326793671,0.0010172526041666667,0.0
0,0.05484955385327339,0.9969005584716797,0.9623205661773682,0.08725992838541667,0.018259684244791668
0,0.11984357982873917,0.9901401400566101,0.9308364987373352,0.2608235677083333,0.04559326171875
0,0.1609175205230713,0.9815951585769653,0.912743091583252,0.3303731282552083,0.09507242838541667
0,0.06168969348073006,0.9852713346481323,0.8803832530975342,0.11628214518229167,0.0
0,0.16082584857940674,0.996321439743042,0.9808759689331055,0.25048828125,0.19441731770833334
0,0.06391971558332443,0.9988840222358704,0.972933828830719,0.11181640625,0.0
0,0.1772436946630478,0.9993384480476379,0.9950177073478699,0.21567789713541666,0.24912516276041666
0,0.04535875841975212,0.995075523853302,0.9606574773788452,0.059071858723958336,0.0
0,0.015874875709414482,0.9784671068191528,0.58539217710495,0.02703857421875,0.0
0,0.008458723314106464,0.9758545756340027,0.19056883454322815,0.013498942057291666,0.0
0,0.051358286291360855,0.9992237091064453,0.9953346848487854,0.07765706380208333,0.0537109375
0,0.06695158034563065,0.9956176280975342,0.936397910118103,0.12183634440104167,0.0
0,0.07225629687309265,0.9986955523490906,0.9422914981842041,0.11673990885416667,0.0
0,0.03068511374294758,0.9910145401954651,0.7755894660949707,0.050496419270833336,0.0
0,0.003757839323952794,0.18242552876472473,0.052814021706581116,0.0008036295572916666,0.0
0,0.07928311079740524,0.9950370192527771,0.9621787071228027,0.11147054036458333,0.08476765950520833
0,0.02485956996679306,0.8441522121429443,0.5083627104759216,0.057576497395833336,0.0
0,0.0016621093964204192,0.4324229061603546,0.028274601325392723,0.0016581217447916667,0.0
0,0.013902592472732067,0.9878528118133545,0.4622102677822113,0.025288899739583332,0.0
0,0.025876006111502647,0.8292155861854553,0.47280246019363403,0.06705729166666667,0.0
0,0.0015223129885271192,0.024845436215400696,0.011201213113963604,0.0,0.0
0,0.02045789174735546,0.9046505093574524,0.6091156005859375,0.041524251302083336,0.0
0,0.003877657698467374,0.5027675628662109,0.05252167582511902,0.001220703125,0.0
0,0.008919655345380306,0.9827572107315063,0.29592329263687134,0.013498942057291666,0.0
0,0.0008436139323748648,0.31090354919433594,0.015967654064297676,0.0007527669270833334,0.0
0,0.07631140202283859,0.9930423498153687,0.9505947232246399,0.13380940755208334,0.0
0,0.0016179261729121208,0.09619516879320145,0.01956867426633835,0.0,0.0
0,0.002584238303825259,0.8816148638725281,0.034878913313150406,0.0038655598958333335,0.0
0,0.001776043325662613,0.45877304673194885,0.01778039149940014,0.0006103515625,0.0
0,0.005239944439381361,0.9844563603401184,0.019196346402168274,0.005777994791666667,0.0
0,0.0014188197674229741,0.5618159174919128,0.012336100451648235,0.0002950032552083333,0.0
0,0.00015325919957831502,0.0076066721230745316,0.0020587535109370947,0.0,0.0
0,0.017707383260130882,0.9919691681861877,0.928274929523468,0.022054036458333332,0.015970865885416668
0,0.006523860152810812,0.6519090533256531,0.12667709589004517,0.010447184244791666,0.0
0,0.0005198126309551299,0.0753123015165329,0.007149102166295052,0.0,0.0
0,0.2098064422607422,0.9983059167861938,0.9948403239250183,0.24486287434895834,0.2562662760416667
0,0.00216139224357903,0.28002533316612244,0.03455362468957901,0.0009867350260416667,0.0
0,0.00033754928153939545,0.03210070729255676,0.005448068492114544,0.0,0.0
0,0.0295243039727211,0.8768454194068909,0.5274346470832825,0.06413777669270833,0.0
0,0.03624477609992027,0.9809125065803528,0.8644214868545532,0.064239501953125,0.02032470703125
0,0.018827874213457108,0.9886682629585266,0.7532851696014404,0.029286702473958332,0.0
0,0.0006116908043622971,0.4590761363506317,0.0061929901130497456,0.0007120768229166666,0.0
0,0.011261804960668087,0.9588471055030823,0.2626413106918335,0.017547607421875,0.0
0,0.0029623417649418116,0.26020145416259766,0.04216654598712921,0.0008646647135416666,0.0
0,0.1611839383840561,0.9990781545639038,0.9962633848190308,0.20306396484375,0.144683837890625
0,0.03427524119615555,0.9980429410934448,0.9785903096199036,0.04296875,0.044118245442708336
0,0.004297796171158552,0.7774689197540283,0.03803294897079468,0.0022684733072916665,0.0
0,0.0056067220866680145,0.8651101589202881,0.07963445037603378,0.00616455078125,0.0
0,0.0005635906127281487,0.20197059214115143,0.0045379032380878925,0.0008646647135416666,0.0
0,0.0068470085971057415,0.8992984294891357,0.15545889735221863,0.014129638671875,0.0
0,0.01933307573199272,0.96518474817276,0.3116237223148346,0.03997802734375,0.0
0,0.012069910764694214,0.9958011507987976,0.7979963421821594,0.013987223307291666,0.0
0,0.01867271214723587,0.8828325867652893,0.33741527795791626,0.04364013671875,0.0
0,0.00044140280806459486,0.022672437131404877,0.003429603995755315,0.0,0.0
0,0.0002563745656516403,0.009268012829124928,0.002378123812377453,0.0,0.0
0,0.0004871737619396299,0.26951780915260315,0.005888159852474928,0.00016276041666666666,0.0
0,0.020450124517083168,0.9934101700782776,0.8987612128257751,0.034505208333333336,0.0
0,0.006540689151734114,0.9610980749130249,0.17650409042835236,0.010976155598958334,0.0
0,0.000790844380389899,0.4023921489715576,0.017045317217707634,0.0004069010416666667,0.0
0,0.0005064445431344211,0.02630527876317501,0.00799882598221302,0.0,0.0
0,0.001105639967136085,0.5269970297813416,0.014281933195888996,0.000732421875,0.0
0,0.015359410084784031,0.9929060935974121,0.8502994179725647,0.018290201822916668,0.0
0,0.06016342341899872,0.9879926443099976,0.9269635677337646,0.08934529622395833,0.047943115234375
0,0.0002925314474850893,0.06878729909658432,0.004248078912496567,0.0,0.0
0,0.0021378870587795973,0.9449946880340576,0.009744974784553051,0.0036722819010416665,0.0
0,0.025274621322751045,0.9233161807060242,0.5741345286369324,0.057729085286458336,0.0
0,0.01634165644645691,0.9919067621231079,0.7222068309783936,0.028472900390625,0.0
0,0.015891065821051598,0.9603611826896667,0.5217434167861938,0.031229654947916668,0.0
0,0.0007883936632424593,0.1555909961462021,0.016466174274683,8.138020833333333e-05,0.0
0,0.008503607474267483,0.9439706206321716,0.15341848134994507,0.01171875,0.0
0,0.016783786937594414,0.8450494408607483,0.3399339020252228,0.033253987630208336,0.0
0,0.00028280980768613517,0.047691281884908676,0.0036076169926673174,0.0,0.0
0,0.007043089251965284,0.9082930684089661,0.15545505285263062,0.013071695963541666,0.0
0,0.0001096115229302086,0.00821969285607338,0.0015790750039741397,0.0,0.0
0,0.024313079193234444,0.9234544038772583,0.6930544972419739,0.048360188802083336,0.0
0,0.0011942846467718482,0.13364119827747345,0.01868823729455471,2.0345052083333332e-05,0.0
0,0.0007845461368560791,0.6517983078956604,0.009522485546767712,0.0005594889322916666,0.0
0,0.050956547260284424,0.9765353798866272,0.7455781102180481,0.10737101236979167,0.0
0,0.04699745774269104,0.9969125986099243,0.9549819231033325,0.067413330078125,0.0
0,0.044147077947854996,0.988447368144989,0.8624641299247742,0.07889811197916667,0.0
0,0.014201740734279156,0.9939963817596436,0.5014614462852478,0.01788330078125,0.0
0,0.4580260217189789,0.9996387958526611,0.9977127313613892,0.6029052734375,0.7922261555989584
0,0.0023384862579405308,0.9897116422653198,0.005179712548851967,0.00274658203125,0.0
0,0.2480347603559494,0.9973887801170349,0.9886682629585266,0.3822835286458333,0.4477030436197917
0,0.1697198897600174,0.9977568984031677,0.9887987971305847,0.24736531575520834,0.08880615234375
0,0.0010411451803520322,0.5699124932289124,0.021326860412955284,0.0013631184895833333,0.0
0,0.009157814085483551,0.9530133008956909,0.4246487617492676,0.016245524088541668,0.0
0,0.054509300738573074,0.9966365098953247,0.8669196963310242,0.09157307942708333,0.07515462239583333
0,0.09634619951248169,0.9826908707618713,0.9542226791381836,0.128387451171875,0.09749348958333333
0,0.008758467622101307,0.9824230670928955,0.2622632682323456,0.011708577473958334,0.0
0,0.0034069018438458443,0.4506615698337555,0.053502149879932404,0.003997802734375,0.0
0,0.004039397928863764,0.9031234383583069,0.07585818320512772,0.005615234375,0.0
0,0.00036350914160721004,0.0360160693526268,0.004591683857142925,0.0,0.0
0,0.009179591201245785,0.9144436717033386,0.3546532094478607,0.020345052083333332,0.0
0,0.00019951541617047042,0.06465348601341248,0.0024534284602850676,0.0,0.0
0,0.00039795180782675743,0.2906787395477295,0.005576545372605324,8.138020833333333e-05,0.0
0,0.005172175820916891,0.8991213440895081,0.07119885832071304,0.006927490234375,0.0
0,0.0023316338192671537,0.5535656213760376,0.03541072830557823,0.0007527669270833334,0.0
0,0.0003067815850954503,0.02822098508477211,0.005511934403330088,0.0,0.0
0,0.0001811941765481606,0.010169658809900284,0.00204276479780674,0.0,0.0
0,0.007131703197956085,0.21239535510540009,0.0768222063779831,0.001129150390625,0.0
0,0.005461832974106073,0.7239930033683777,0.06840918213129044,0.006205240885416667,0.0
0,0.0007617181981913745,0.17795369029045105,0.011869121342897415,3.0517578125e-05,0.0
0,0.0037864858750253916,0.9328213930130005,0.026255300268530846,0.005340576171875,0.0
0,0.08894098550081253,0.9984512329101562,0.9897513389587402,0.11094156901041667,0.040120442708333336
0,0.00013940699864178896,0.013376603834331036,0.002182716503739357,0.0,0.0
0,0.00023631106887478381,0.046899255365133286,0.004590616561472416,0.0,0.0
0,0.003645701101049781,0.45577386021614075,0.07517234236001968,0.0052490234375,0.0
0,0.006288170348852873,0.9253649115562439,0.10649901628494263,0.0091552734375,0.0
0,0.011383476667106152,0.9367494583129883,0.29746994376182556,0.026499430338541668,0.0
0,0.008457074873149395,0.957277774810791,0.1359187811613083,0.011861165364583334,0.0
0,0.012754179537296295,0.9983385801315308,0.6904296278953552,0.017679850260416668,0.0
0,0.07949932664632797,0.9408984184265137,0.7862948179244995,0.17027791341145834,0.0
0,0.0026146918535232544,0.2889702320098877,0.03993731364607811,0.0011189778645833333,0.0
0,0.12663738429546356,0.997065007686615,0.9808759689331055,0.20249430338541666,0.033223470052083336
0,0.006733932998031378,0.7439128756523132,0.10743186622858047,0.009165445963541666,0.0
0,0.001052042469382286,0.5839152932167053,0.016277462244033813,0.000457763671875,0.0
0,0.002279469510540366,0.5984295010566711,0.04377273842692375,0.0038859049479166665,0.0
0,0.003247250569984317,0.8971559405326843,0.03126191347837448,0.0023091634114583335,0.0
0,0.0046642557717859745,0.13534632325172424,0.03832197189331055,8.138020833333333e-05,0.0
0,0.016672099009156227,0.9551520943641663,0.4830087125301361,0.035044352213541664,0.0
0,0.00034668613807298243,0.35064372420310974,0.0032221085857599974,0.00023396809895833334,0.0
0,0.002851097844541073,0.9342753291130066,0.03173859417438507,0.0033976236979166665,0.0
0,0.00046114521683193743,0.3211405575275421,0.004924510605633259,0.0006205240885416666,0.0
0,0.001853108056820929,0.5569117665290833,0.028007520362734795,0.001495361328125,0.0
0,0.00021925581677351147,0.05155818909406662,0.0026730059180408716,0.0,0.0
0,0.001391062163747847,0.32723817229270935,0.017043357715010643,0.0007222493489583334,0.0
0,0.011318598873913288,0.8082186579704285,0.21568094193935394,0.02777099609375,0.0
0,0.07952161878347397,0.9984207153320312,0.9896706342697144,0.09120686848958333,0.07401529947916667
0,0.006707605440169573,0.5631977915763855,0.1106574684381485,0.00933837890625,0.0
0,0.02929987572133541,0.9783433079719543,0.820608913898468,0.051055908203125,0.0
0,0.00716094346717,0.368632972240448,0.10484336316585541,0.007436116536458333,0.0
0,0.0869707465171814,0.9909096360206604,0.9361648559570312,0.1422119140625,0.0
0,0.02172861061990261,0.9856629967689514,0.7141208648681641,0.033833821614583336,0.0
0,0.02924027480185032,0.9761291742324829,0.6782140731811523,0.055491129557291664,0.0
0,0.016496820375323296,0.8994751572608948,0.44485539197921753,0.039764404296875,0.0
0,0.006453783717006445,0.865565299987793,0.08694165199995041,0.008331298828125,0.0
0,0.007934455759823322,0.8879840970039368,0.16171304881572723,0.012237548828125,0.0
0,0.0018836116651073098,0.3454363942146301,0.023419946432113647,0.000518798828125,0.0
0,0.10075072199106216,0.9438672661781311,0.8358858227729797,0.19300333658854166,0.11214192708333333
0,0.05264471843838692,0.9925103187561035,0.9053223133087158,0.08440144856770833,0.0
0,0.0019555401522666216,0.3362220525741577,0.023508109152317047,0.0006306966145833334,0.0
0,0.001395263709127903,0.06359857320785522,0.015247589908540249,0.0,0.0
0,0.0045157540589571,0.33415472507476807,0.04672495648264885,0.0010986328125,0.0
0,0.05790276452898979,0.9745803475379944,0.8237541317939758,0.12508138020833334,0.0
0,0.013382673263549805,0.9718859195709229,0.20849138498306274,0.019134521484375,0.0
0,0.0017408340936526656,0.23265863955020905,0.022977370768785477,0.000518798828125,0.0
0,0.012120816856622696,0.9722570776939392,0.24148401618003845,0.01446533203125,0.0
0,0.04000788554549217,0.9787938594818115,0.8334561586380005,0.07181803385416667,0.0
0,0.0014724931679666042,0.043365802615880966,0.014063626527786255,0.0,0.0
0,0.0018517771968618035,0.3452156186103821,0.027066174894571304,0.0005900065104166666,0.0
0,0.004065492656081915,0.21190567314624786,0.03468417376279831,0.0006205240885416666,0.0
0,0.037169527262449265,0.9986749291419983,0.9891397356987,0.046417236328125,0.034617106119791664
0,0.017527693882584572,0.9908744096755981,0.6473491191864014,0.029825846354166668,0.0
0,0.002037810394540429,0.2018132209777832,0.016721144318580627,4.0690104166666664e-05,0.0
0,0.012366133742034435,0.8594279289245605,0.2549724876880646,0.0225830078125,0.0
0,0.0347430557012558,0.9695556163787842,0.7745833992958069,0.060475667317708336,0.0
0,0.005900534335523844,0.8791467547416687,0.12199295312166214,0.010264078776041666,0.0
0,0.10773281008005142,0.9931228756904602,0.9701834917068481,0.147003173828125,0.144439697265625
0,0.0006912995013408363,0.30033501982688904,0.007636216934770346,0.00010172526041666667,0.0
0,0.059020329266786575,0.995226263999939,0.9355788230895996,0.11968994140625,0.0
0,0.2841894328594208,0.9926256537437439,0.9805806875228882,0.3408203125,0.3415120442708333
0,0.02203265391290188,0.9791557192802429,0.8944156169891357,0.029561360677083332,0.02801513671875
0,0.05569176375865936,0.9923043847084045,0.957355260848999,0.07335408528645833,0.06728108723958333
0,0.00013885968655813485,0.02748069353401661,0.002191240666434169,0.0,0.0
0,0.0009183127549476922,0.053009770810604095,0.008711384609341621,0.0,0.0
0,0.0015726363053545356,0.036838702857494354,0.015363572165369987,0.0,0.0
0,0.013054526410996914,0.9693241715431213,0.4086289405822754,0.0263671875,0.0
0,0.022059166803956032,0.9936364889144897,0.8789328336715698,0.028828938802083332,0.0
0,0.0021703641396015882,0.2075357586145401,0.026105914264917374,0.0003153483072916667,0.0
0,0.008000577799975872,0.907967209815979,0.20769162476062775,0.015268961588541666,0.0
0,0.0007999816443771124,0.30996283888816833,0.012288597412407398,0.00011189778645833333,0.0
0,0.001818317105062306,0.2206781655550003,0.029873091727495193,0.00020345052083333334,0.0
0,0.05789690092206001,0.9744347929954529,0.8840332627296448,0.11370849609375,0.0
0,0.0015165297081694007,0.885433554649353,0.01659317873418331,0.0019632975260416665,0.0
0,0.006036491598933935,0.9224823713302612,0.10538903623819351,0.009226481119791666,0.0
0,0.02484545111656189,0.9610249400138855,0.831963837146759,0.0413818359375,0.0
0,0.013731268234550953,0.9966625571250916,0.687493622303009,0.01788330078125,0.0
0,0.0034138800110667944,0.09636510908603668,0.031439851969480515,0.0,0.0
0,0.0015893116360530257,0.8014700412750244,0.018976949155330658,0.0013326009114583333,0.0
0,0.06231890618801117,0.9865199327468872,0.9432399272918701,0.09181722005208333,0.1011962890625
0,0.00018891168292611837,0.011552670039236546,0.0020269001834094524,0.0,0.0
0,0.02456296980381012,0.9728307723999023,0.4612797498703003,0.046468098958333336,0.0
0,0.021475249901413918,0.8737544417381287,0.41661685705184937,0.045796712239583336,0.0
0,0.07705757766962051,0.9836598634719849,0.9461008310317993,0.13297526041666666,0.0
0,0.0006946409121155739,0.09999630600214005,0.009232213720679283,0.0,0.0
0,0.04820932075381279,0.9923341274261475,0.9046505093574524,0.08544921875,0.0
0,0.02469204179942608,0.9190633296966553,0.5181394815444946,0.048756917317708336,0.0
0,0.018960075452923775,0.9447912573814392,0.5823206305503845,0.0244140625,0.0
0,0.1375797688961029,0.9812749028205872,0.9068183302879333,0.2777608235677083,0.2777913411458333
0,0.008994348347187042,0.9905508756637573,0.21983453631401062,0.014811197916666666,0.0
0,0.005052860360592604,0.4105199873447418,0.060086652636528015,0.003509521484375,0.0
0,0.007388677913695574,0.3961265981197357,0.09301680326461792,0.005381266276041667,0.0
0,0.004169553983956575,0.18520919978618622,0.05369732901453972,0.0006815592447916666,0.0
0,0.012800962664186954,0.9754835963249207,0.31772786378860474,0.0224609375,0.0
0,0.00022281899873632938,0.00970847625285387,0.0026112475898116827,0.0,0.0
0,0.006389634218066931,0.9558166265487671,0.11951085925102234,0.010019938151041666,0.0
0,0.10115846246480942,0.9931495785713196,0.9507778882980347,0.16756184895833334,0.0
0,0.003684278577566147,0.2240554690361023,0.02898062951862812,0.0009358723958333334,0.0
0,0.00023835878528188914,0.053009770810604095,0.002704429440200329,0.0,0.0
0,0.0012422216823324561,0.02838212437927723,0.013689476065337658,0.0,0.0
0,0.005843308288604021,0.25664564967155457,0.06130816787481308,0.0006917317708333334,0.0
0,0.05444033816456795,0.9895513653755188,0.9545602202415466,0.08049519856770833,0.059163411458333336
0,0.009909394197165966,0.9097468256950378,0.17809657752513885,0.018412272135416668,0.0
0,0.016025440767407417,0.9303317666053772,0.3308549225330353,0.024322509765625,0.0
0,0.007892107591032982,0.8310059905052185,0.11595471948385239,0.009765625,0.0
0,0.006995102856308222,0.6328431963920593,0.12677869200706482,0.010915120442708334,0.0
0,0.0005581357982009649,0.030329255387187004,0.011072159744799137,0.0,0.0
0,0.024720454588532448,0.9725192785263062,0.6591759324073792,0.0482177734375,0.0
0,0.02269447036087513,0.9147487282752991,0.6093201637268066,0.050333658854166664,0.0
0,0.056557390838861465,0.985496461391449,0.9339109659194946,0.09465535481770833,0.0498046875
0,0.09118834882974625,0.993854820728302,0.948151707649231,0.1495361328125,0.0
0,0.06617933511734009,0.9508692026138306,0.8532989025115967,0.12297566731770833,0.085693359375
0,0.1044347956776619,0.9890553951263428,0.9669764637947083,0.137359619140625,0.09686279296875
0,0.06945223361253738,0.9787126779556274,0.8478417992591858,0.121337890625,0.1136474609375
0,0.34345439076423645,0.9997040629386902,0.9985277652740479,0.3959757486979167,0.3958740234375
0,0.0016235294751822948,0.1766716092824936,0.02805914357304573,0.00022379557291666666,0.0
0,0.03096049465239048,0.9885804057121277,0.5957242250442505,0.06292724609375,0.0
0,0.04350129887461662,0.9567959308624268,0.8057805299758911,0.08134969075520833,0.0
0,0.09114392846822739,0.997188150882721,0.9897116422653198,0.1151123046875,0.08812459309895833
0,0.07934682071208954,0.9760379791259766,0.8300396203994751,0.16009521484375,0.06840006510416667
0,0.02161116898059845,0.9329437017440796,0.4992796778678894,0.04205322265625,0.0
0,0.27369606494903564,0.9989718198776245,0.9919691681861877,0.3792622884114583,0.3658650716145833
0,0.07945277541875839,0.9994786381721497,0.9965969920158386,0.101348876953125,0.028706868489583332
0,0.3139567971229553,0.996570348739624,0.9704086184501648,0.482025146484375,0.545379638671875
0,0.7482779026031494,0.9997387528419495,0.9984812140464783,0.8647054036458334,1.0
0,0.00722782826051116,0.5694935321807861,0.1637086719274521,0.015167236328125,0.0
0,0.7718380093574524,0.9997730851173401,0.9983707070350647,0.9094136555989584,1.0
0,0.026378998532891273,0.9579908847808838,0.5562389492988586,0.056050618489583336,0.0
0,0.4227513372898102,0.9989012479782104,0.9954261183738708,0.6309305826822916,1.0
0,0.0002470419567544013,0.02748069353401661,0.0025909794494509697,0.0,0.0
0,0.005374860484153032,0.4070976972579956,0.047688622027635574,0.0020650227864583335,0.0
0,0.06113899126648903,0.99826580286026,0.9788331985473633,0.08458455403645833,0.044270833333333336
0,0.04265981912612915,0.9893885254859924,0.6667073369026184,0.09356689453125,0.0
0,0.33196330070495605,0.9995643496513367,0.9967142343521118,0.46954345703125,0.5446675618489584
0,0.025321653112769127,0.9898695349693298,0.6141348481178284,0.047078450520833336,0.0
0,0.029374709352850914,0.9764007329940796,0.7556261420249939,0.051961263020833336,0.0
0,0.03329635038971901,0.9734434485435486,0.7137190699577332,0.06313069661458333,0.0
0,0.04309144988656044,0.9948000907897949,0.8944156169891357,0.073394775390625,0.0
0,0.014094546437263489,0.9674102663993835,0.22695492208003998,0.024810791015625,0.0
0,0.007986960932612419,0.60934978723526,0.09773432463407516,0.0078125,0.0
0,0.1791248321533203,0.9978594183921814,0.9834068417549133,0.30625,0.08688333333333334
0,0.025433188304305077,0.9614614844322205,0.6561087369918823,0.04017252604166666,0.0
0,0.03700728714466095,0.9975080490112305,0.7680380344390869,0.060208333333333336,0.0
0,0.01457055751234293,0.994820237159729,0.3763973116874695,0.0194921875,0.0
0,0.04476610943675041,0.9805060625076294,0.8374870419502258,0.07365885416666666,0.0
0,0.3249889612197876,0.9998313188552856,0.9971550703048706,0.3779306666666667,0.34230933333333335
0,0.018605761229991913,0.9805060625076294,0.6578682065010071,0.026082356770833332,0.0
0,0.01286326814442873,0.9814534187316895,0.3721594214439392,0.023396809895833332,0.0
0,0.026018356904387474,0.9964756369590759,0.5728787183761597,0.048868815104166664,0.0
0,0.04907824471592903,0.9913222789764404,0.8778929114341736,0.084747314453125,0.0
0,0.051463980227708817,0.9902915358543396,0.8866168856620789,0.08885701497395833,0.0
0,0.012930584140121937,0.5439535975456238,0.20211859047412872,0.023234049479166668,0.0
0,0.02123090624809265,0.9969603419303894,0.7859664559364319,0.0319015444015444,0.010571911196911197
0,0.3229810893535614,0.9993613362312317,0.9934101700782776,0.44807291666666665,0.5110664682539683
0,0.21548153460025787,0.9929336309432983,0.9738940596580505,0.33724643697246437,0.2942853189428532
0,0.024140847846865654,0.9967268705368042,0.8206146359443665,0.038851981351981354,0.0
0,0.009762302972376347,0.9960082769393921,0.28656840324401855,0.016808743169398906,0.0
0,0.0018396415980532765,0.9452984929084778,0.01621503010392189,0.0023458560367077717,0.0
0,0.015388447791337967,0.9928508996963501,0.6470456719398499,0.021916932907348242,0.0
0,0.19320428371429443,0.9973269701004028,0.9645892381668091,0.3221055190858254,0.2566350595672259
0,0.19674693048000336,0.9996874332427979,0.9954791069030762,0.272740464344942,0.21912935323383084
0,0.24432164430618286,0.9987257122993469,0.9878528118133545,0.4116981132075472,0.45840362560118386
0,0.13169007003307343,0.9964063763618469,0.9693241715431213,0.21153880070546738,0.03371252204585538
0,0.14306215941905975,0.9980199337005615,0.978425920009613,0.22889035087719298,0.09927631578947368
0,0.23440417647361755,0.9990378618240356,0.9899086952209473,0.3713386524822695,0.3157269503546099
0,0.07814635336399078,0.9939730763435364,0.938010573387146,0.12358096085409252,0.0
0,0.3760930597782135,0.9978594183921814,0.9803186058998108,0.5934510891407443,0.7432280363314846
0,0.25697505474090576,0.998389720916748,0.9873262047767639,0.3981746031746032,0.4231325863678805
0,0.04303184524178505,0.9558166265487671,0.7721872329711914,0.08269490761604326,0.0
0,0.1736658364534378,0.9780936241149902,0.9282788634300232,0.29937929619370063,0.20084641428131733
0,0.10134323686361313,0.999312162399292,0.9795114994049072,0.16572704081632653,0.04167517006802721
0,0.2091139853000641,0.9958980679512024,0.9801293015480042,0.33947318007662836,0.29596743295019157
0,0.14758656919002533,0.9995025396347046,0.9949788451194763,0.2075585789871504,0.1286533131771227
0,0.08006054162979126,0.9990890026092529,0.9430335760116577,0.13764583333333333,0.009520833333333333
0,0.07930335402488708,0.9944234490394592,0.9557340741157532,0.14188541666666668,0.02114375
0,0.277826189994812,0.9963783621788025,0.9791162014007568,0.47597083333333334,0.6132770833333333
0,0.3782609701156616,0.9940890073776245,0.9754835963249207,0.49202546296296296,0.45658564814814817
0,0.38556140661239624,0.9995253086090088,0.9944880604743958,0.5675589351743793,0.6942291234147799
0,0.015345841646194458,0.9976403713226318,0.9478628039360046,0.018524169921875,0.0
0,0.00029548630118370056,0.097906693816185,0.005405900068581104,0.0,0.0
0,0.14997249841690063,0.9856076240539551,0.8694897890090942,0.2950642903645833,0.15617879231770834
0,0.2796073853969574,0.9976859092712402,0.9909096360206604,0.383514404296875,0.3165486653645833
0,0.15565194189548492,0.9960851669311523,0.9677167534828186,0.24564615885416666,0.041412353515625
0,0.44818034768104553,0.998095691204071,0.9936116337776184,0.620880126953125,0.6630452473958334
0,0.12839381396770477,0.9990302324295044,0.9870795607566833,0.18513997395833334,0.015665690104166668
0,0.33108821511268616,0.9984207153320312,0.992061972618103,0.4470926920572917,0.4130045572916667
0,1.7937600205186754e-05,0.0032224843744188547,0.0002673826238606125,0.0,0.0
0,0.00011845992412418127,0.006363573484122753,0.0009850084315985441,0.0,0.0
0,0.00012109135423088446,0.03868349641561508,0.0012255674228072166,0.0,0.0
0,0.14052532613277435,0.992061972618103,0.9628831148147583,0.228302001953125,0.11539713541666667
0,0.03642254322767258,0.9835337996482849,0.7975567579269409,0.0660400390625,0.0
0,0.05700463056564331,0.9962638020515442,0.9795506000518799,0.08233642578125,0.065704345703125
0,0.09126230329275131,0.9974589943885803,0.9724655151367188,0.14191691080729166,0.056681315104166664
0,0.09326442331075668,0.9947799444198608,0.9687971472740173,0.13530476888020834,0.107086181640625
0,0.20581556856632233,0.9998176693916321,0.9905142784118652,0.3062032063802083,0.2598368326822917
0,0.006933724507689476,0.9440738558769226,0.16397623717784882,0.012624104817708334,0.0
0,0.009726678021252155,0.9945095181465149,0.27625009417533875,0.012919108072916666,0.0
0,0.08130856603384018,0.9810583591461182,0.9036297798156738,0.14198811848958334,0.0
0,0.05136778950691223,0.9929881691932678,0.8942365646362305,0.09173583984375,0.0
0,0.010629269294440746,0.5715274810791016,0.13880814611911774,0.013661702473958334,0.0
0,0.08471012115478516,0.9828232526779175,0.8844391107559204,0.15476481119791666,0.0
0,0.0825812816619873,0.9966233968734741,0.9798997044563293,0.108489990234375,0.06278483072916667
0,0.04462939873337746,0.996160626411438,0.9580670595169067,0.06574503580729167,0.0
0,0.09363013505935669,0.9975560903549194,0.9831499457359314,0.14078776041666666,0.036417643229166664
0,0.03438495472073555,0.8966140151023865,0.5605825781822205,0.07999674479166667,0.0
0,0.3033682703971863,0.9991927742958069,0.9972637891769409,0.4129130045572917,0.417694091796875
0,0.23001937568187714,0.9968884587287903,0.9916195869445801,0.2799173990885417,0.299957275390625
0,0.0002667389053385705,0.01572399213910103,0.0025406961794942617,0.0,0.0
0,0.05106668546795845,0.9813107252120972,0.9258986711502075,0.077056884765625,0.0
0,0.10365715622901917,0.9987257122993469,0.9904035329818726,0.14190673828125,0.08314005533854167
0,0.28471240401268005,0.9973989725112915,0.9895904660224915,0.4112447102864583,0.4090067545572917
0,0.004515096545219421,0.9091032147407532,0.09738011658191681,0.008249918619791666,0.0
0,0.045650675892829895,0.916857123374939,0.6794977784156799,0.09629313151041667,0.0
0,0.05831093713641167,0.9949788451194763,0.9733406901359558,0.07253011067708333,0.042592366536458336
0,0.0007613229099661112,0.11818140745162964,0.007695646956562996,0.0,0.0
0,0.0053351824171841145,0.9994363188743591,0.04426340013742447,0.004984537760416667,0.0
0,0.14189912378787994,0.9869794845581055,0.9491948485374451,0.2599385579427083,0.19452921549479166
0,0.07958679646253586,0.9927672147750854,0.9533619284629822,0.12147013346354167,0.14011637369791666
0,0.17655439674854279,0.9965029954910278,0.9547319412231445,0.344482421875,0.09452311197916667
0,0.04869101941585541,0.9960699081420898,0.8545172214508057,0.09782918294270833,0.0
0,0.04280739650130272,0.999562680721283,0.9952077269554138,0.06440226236979167,0.023020426432291668
0,0.012281824834644794,0.9728307723999023,0.5141355395317078,0.019500732421875,0.0
0,0.0050154211930930614,0.30146488547325134,0.060863446444272995,0.0030008951822916665,0.0
0,0.007875184528529644,0.79739910364151,0.14607995748519897,0.011810302734375,0.0
0,0.0009010459179989994,0.06693419814109802,0.01342670526355505,0.0,0.0
0,0.0008465208229608834,0.14223189651966095,0.012288597412407398,0.00010172526041666667,0.0
0,0.0027296605985611677,0.7834919095039368,0.04577471688389778,0.0030721028645833335,0.0
0,0.05283761024475098,0.9943360686302185,0.9155027270317078,0.09392293294270833,0.0
0,0.10259434580802917,0.9651191234588623,0.8891444206237793,0.18988037109375,0.0
0,0.3127412796020508,0.9993613362312317,0.9951136708259583,0.43768310546875,0.4822489420572917
0,0.0004668135370593518,0.028544150292873383,0.006363573484122753,0.0,0.0
0,0.0196906216442585,0.9937587976455688,0.725342333316803,0.03076171875,0.0
0,0.19916141033172607,0.9973165392875671,0.9921233057975769,0.311309814453125,0.3223164876302083
0,0.005549260880798101,0.9102267622947693,0.1037377417087555,0.008382161458333334,0.0
0,0.002242501825094223,0.5804709792137146,0.04031117260456085,0.001708984375,0.0
0,0.06136045977473259,0.9951889514923096,0.976933479309082,0.0797119140625,0.07139078776041667
0,0.15110750496387482,0.9973887801170349,0.9813096523284912,0.23655192057291666,0.06852213541666667
0,0.000196357854292728,0.24744145572185516,0.001597845577634871,0.00014241536458333334,0.0
0,0.000700612785294652,0.1985298991203308,0.010408314876258373,0.00022379557291666666,0.0
0,0.07636833935976028,0.9854404330253601,0.9032890796661377,0.12034098307291667,0.0
0,0.00014702659973409027,0.03718677535653114,0.001524786464869976,0.0,0.0
0,0.07518713921308517,0.9908744096755981,0.9106996059417725,0.12494913736979167,0.045654296875
0,0.08138488978147507,0.9910492897033691,0.9441737532615662,0.12721761067708334,0.1082763671875
0,0.0016120589571073651,0.5195060968399048,0.019345102831721306,0.0012105305989583333,0.0
0,0.012670774944126606,0.9623205661773682,0.29765263199806213,0.020945231119791668,0.0
0,0.03249947354197502,0.9588471055030823,0.7427950501441956,0.054341634114583336,0.0
0,0.06830739229917526,0.997065007686615,0.9761745929718018,0.09845987955729167,0.046641031901041664
0,0.006252793129533529,0.9229002594947815,0.0704277828335762,0.006083170572916667,0.0
0,0.10381893068552017,0.9898303151130676,0.9531880021095276,0.151824951171875,0.136077880859375
0,0.021670999005436897,0.9788343906402588,0.7132687568664551,0.038584391276041664,0.0
0,0.06797587871551514,0.9917484521865845,0.9471859931945801,0.10692342122395833,0.07420857747395833
0,0.5216056704521179,0.999276340007782,0.9974090456962585,0.586944580078125,0.6404520670572916
0,0.04685674607753754,0.9896718263626099,0.7781338095664978,0.08979288736979167,0.0
0,0.2479812651872635,0.9981827735900879,0.9904406070709229,0.3602701822916667,0.3648681640625
0,0.025985203683376312,0.9969722032546997,0.9484388828277588,0.036722819010416664,0.0
0,0.06218980625271797,0.9955142140388489,0.9584600329399109,0.09840901692708333,0.0
0,0.3528386652469635,0.9975466132164001,0.9863631129264832,0.4960734049479167,0.5851949055989584
0,0.2640141546726227,0.999180018901825,0.9961004257202148,0.3624674479166667,0.3994242350260417
0,0.0806954875588417,0.9905142784118652,0.944587230682373,0.13664754231770834,0.0
0,0.03363880142569542,0.9942474365234375,0.8925569653511047,0.05352783203125,0.0
0,0.438631147146225,0.9993175268173218,0.9948803186416626,0.57366943359375,0.6570027669270834
0,0.6724519729614258,0.999140739440918,0.9963924288749695,0.7749837239583334,0.8414713541666666
0,0.16238455474376678,0.9938787817955017,0.9771101474761963,0.22934977213541666,0.17919921875
0,0.30738988518714905,0.9973785877227783,0.9849274158477783,0.4598897298177083,0.5570170084635416
0,0.05628766492009163,0.9962638020515442,0.963161289691925,0.07817586263020833,0.0
0,0.0321425199508667,0.9752489924430847,0.7757747173309326,0.058247884114583336,0.0
0,0.12184963375329971,0.9950370192527771,0.9736947417259216,0.20338948567708334,0.09684244791666667
0,0.006317367777228355,0.8752548694610596,0.17244204878807068,0.01190185546875,0.0
0,0.008897400461137295,0.91804039478302,0.1949756145477295,0.014119466145833334,0.0
0,0.23913359642028809,0.9969485402107239,0.987078070640564,0.3285624186197917,0.3315633138020833
0,0.13753704726696014,0.9986541271209717,0.9942250847816467,0.18974812825520834,0.147674560546875
0,0.04603033885359764,0.7650671601295471,0.49945324659347534,0.13756306966145834,0.0
0,0.12386242300271988,0.996570348739624,0.9719393253326416,0.20665486653645834,0.0
0,0.1891435831785202,0.9995643496513367,0.9471859931945801,0.3240865071614583,0.3262532552083333
0,0.1855786293745041,0.9938787817955017,0.9789553880691528,0.3192850748697917,0.2522989908854167
0,0.17219913005828857,0.9983515739440918,0.9856076240539551,0.2373046875,0.21846516927083334
0,0.11919256299734116,0.998217761516571,0.9883564710617065,0.16977945963541666,0.11235555013020833
0,0.19588126242160797,0.9994600415229797,0.996364176273346,0.2633260091145833,0.19536336263020834
0,0.14338384568691254,0.9984269142150879,0.9894282817840576,0.17191569010416666,0.18891398111979166
0,0.17342214286327362,0.998095691204071,0.9887554049491882,0.24082438151041666,0.23748779296875
0,0.3204500079154968,0.9996898174285889,0.9975939393043518,0.418487548828125,0.490081787109375
0,0.07992124557495117,0.9988969564437866,0.9705764651298523,0.11127726236979167,0.0
0,0.056570082902908325,0.985042929649353,0.9161050915718079,0.09656778971354167,0.0
0,0.03454452380537987,0.9818752408027649,0.800998866558075,0.057515462239583336,0.0
0,0.10334131121635437,0.994401752948761,0.9356999397277832,0.17864990234375,0.0
0,0.04996640607714653,0.9944451451301575,0.9515013694763184,0.07219441731770833,0.0
0,0.006717462092638016,0.8574102520942688,0.08834723383188248,0.005869547526041667,0.0
0,0.0434047169983387,0.9953181147575378,0.9153559803962708,0.07337443033854167,0.0
0,0.06879852712154388,0.9689738154411316,0.8848377466201782,0.13213094075520834,0.0
0,0.40710246562957764,0.9983256459236145,0.9919691681861877,0.5672098795572916,0.6812744140625
0,0.08884856104850769,0.9986801743507385,0.9857712388038635,0.12904866536458334,0.07581583658854167
0,0.04090109094977379,0.9814534187316895,0.8613015413284302,0.06874593098958333,0.0
0,0.0004893580335192382,0.4967213273048401,0.006002897396683693,0.000244140625,0.0
0,0.8858602643013,0.9998849630355835,0.9992819428443909,0.9652608235677084,1.0
0,0.007096915040165186,0.7664684653282166,0.12033230811357498,0.010111490885416666,0.0
0,0.055997151881456375,0.9947391152381897,0.9368616938591003,0.09892781575520833,0.0
0,0.12700074911117554,0.997285008430481,0.9849274158477783,0.19854736328125,0.12602742513020834
0,0.010163192637264729,0.6745866537094116,0.14354750514030457,0.014424641927083334,0.0
0,0.1913619041442871,0.9996594190597534,0.9967648983001709,0.25115966796875,0.23473103841145834
0,0.4150811731815338,0.9970190525054932,0.9928508996963501,0.57366943359375,0.809234619140625
0,0.22305266559123993,0.999762237071991,0.9969835877418518,0.3351338704427083,0.262725830078125
0,0.25325289368629456,0.9910838603973389,0.9687380790710449,0.4212239583333333,0.473907470703125
0,0.3381316661834717,0.9944234490394592,0.9834049344062805,0.454193115234375,0.4615885416666667
0,0.09052128344774246,0.9984452128410339,0.993733823299408,0.10817464192708333,0.119415283203125
0,0.2956419885158539,0.9991374015808105,0.9925393462181091,0.4240620930989583,0.4134419759114583
0,0.2274971604347229,0.9960545301437378,0.9853278994560242,0.3628743489583333,0.3287251790364583
0,0.23094052076339722,0.9994428753852844,0.9955834746360779,0.3550008138020833,0.26910400390625
0,0.43447986245155334,0.9975656270980835,0.9913892149925232,0.6037699381510416,0.7462666829427084
0,0.46150287985801697,0.9974491000175476,0.9925103187561035,0.6180521647135416,0.78631591796875
0,0.27909573912620544,0.9962782263755798,0.986415684223175,0.4305216471354167,0.3642578125
0,0.2283247709274292,0.9969722032546997,0.987078070640564,0.3521321614583333,0.19401041666666666
0,0.5976645946502686,0.9993857145309448,0.9958011507987976,0.751495361328125,0.9742024739583334
0,0.1755913496017456,0.9954967498779297,0.9811658263206482,0.2585957845052083,0.237518310546875
0,0.4086918830871582,0.9991169571876526,0.993561863899231,0.54595947265625,0.6117757161458334
0,0.3081742823123932,0.9991735816001892,0.9947589039802551,0.4102884928385417,0.3624369303385417
0,0.4649202823638916,0.9984269142150879,0.9921832084655762,0.611419677734375,0.6858418782552084
0,0.15475793182849884,0.9826908707618713,0.938010573387146,0.2892557779947917,0.035319010416666664
0,0.25173625349998474,0.9991238713264465,0.995226263999939,0.3543294270833333,0.3615620930989583
0,0.29316988587379456,0.9991958737373352,0.9949592351913452,0.421875,0.49652099609375
0,0.2184935063123703,0.9976218342781067,0.9909797310829163,0.3485819498697917,0.3972371419270833
0,0.5039315819740295,0.9989836812019348,0.9951325058937073,0.6070149739583334,0.6888834635416666
0,0.39045819640159607,0.9954967498779297,0.9863104820251465,0.60650634765625,0.8285420735677084
0,0.307829350233078,0.9976310729980469,0.9893885254859924,0.4814554850260417,0.5962626139322916
0,0.4338199198246002,0.9982522130012512,0.9952077269554138,0.5700581868489584,0.641998291015625
0,0.0021762540563941,0.18713268637657166,0.019946934655308723,0.0003153483072916667,0.0
0,0.03962945565581322,0.9806919097900391,0.8737512230873108,0.062479654947916664,0.0
0,0.060256440192461014,0.9957020878791809,0.9582260847091675,0.09128824869791667,0.045562744140625
0,0.03667265549302101,0.9992475509643555,0.9944227933883667,0.039591471354166664,0.024505615234375
0,0.003401506692171097,0.8441522121429443,0.07210829108953476,0.005452473958333333,0.0
0,0.00019380780577193946,0.013636835850775242,0.0018530592788010836,0.0,0.0
0,8.408451685681939e-05,0.022201230749487877,0.0008899656240828335,0.0,0.0
0,0.0076117864809930325,0.27717941999435425,0.08866234868764877,0.006683349609375,0.0
0,0.023282021284103394,0.9908034801483154,0.8792504668235779,0.0328369140625,0.0
0,0.017648708075284958,0.9929881691932678,0.8391996622085571,0.022216796875,0.0
0,0.04680408909916878,0.9998162388801575,0.9069782495498657,0.07576497395833333,0.0
0,0.04278178885579109,0.9049869179725647,0.6783269047737122,0.08823649088541667,0.0
0,0.04042254015803337,0.9199306964874268,0.6465717554092407,0.08526611328125,0.0
0,0.04071605205535889,0.8726732134819031,0.650245189666748,0.09112548828125,0.0
0,0.13487331569194794,0.9910145401954651,0.9675313830375671,0.224761962890625,0.18019612630208334
0,0.0046601262874901295,0.7673413753509521,0.03825006261467934,0.003875732421875,0.0
0,0.023761475458741188,0.966663122177124,0.6232587695121765,0.052897135416666664,0.0
0,0.08126924186944962,0.9972955584526062,0.9859364032745361,0.106689453125,0.038421630859375
0,0.03268449380993843,0.9974983334541321,0.7844792604446411,0.050882975260416664,0.0
0,0.2783524990081787,0.9989797472953796,0.9932025074958801,0.4166259765625,0.4994710286458333
0,0.10075349360704422,0.9786719083786011,0.9285385012626648,0.15087890625,0.1358642578125
0,0.06947360187768936,0.9781771898269653,0.717507004737854,0.158477783203125,0.0
0,0.06294015794992447,0.9917803406715393,0.8712526559829712,0.12664794921875,0.0
0,0.0012097248109057546,0.026506125926971436,0.01590639352798462,0.0,0.0
0,0.009602352045476437,0.6533480882644653,0.1860906034708023,0.017333984375,0.0
0,0.020556721836328506,0.9977743029594421,0.9629528522491455,0.019368489583333332,0.0
0,0.03925967961549759,0.9966365098953247,0.8540309071540833,0.069000244140625,0.0
0,0.02987547218799591,0.9856629967689514,0.8650999069213867,0.042510986328125,0.0
0,0.01884588785469532,0.48749804496765137,0.22135066986083984,0.04364013671875,0.0
0,0.009135633707046509,0.9135223627090454,0.1646467000246048,0.013936360677083334,0.0
0,0.003995297942310572,0.33144426345825195,0.038829024881124496,0.0007222493489583334,0.0
0,0.4348597228527069,0.9994252920150757,0.996936559677124,0.540374755859375,0.558990478515625
0,0.004075129050761461,0.3752484917640686,0.055208683013916016,0.0013936360677083333,0.0
0,0.0856374204158783,0.9359345436096191,0.843508780002594,0.16853841145833334,0.16399129231770834
0,0.11215489357709885,0.9858275651931763,0.9378969073295593,0.19286092122395834,0.13893636067708334
0,0.06360248476266861,0.9303317666053772,0.7498152256011963,0.14513142903645834,0.0
0,0.01243270467966795,0.9819099307060242,0.16749082505702972,0.014506022135416666,0.0
0,0.2978368401527405,0.9974983334541321,0.9892232418060303,0.42919921875,0.4803263346354167
0,0.03567475080490112,0.9800912737846375,0.8497182130813599,0.066741943359375,0.0
0,0.13665524125099182,0.9899086952209473,0.9553166627883911,0.22458902994791666,0.13456217447916666
0,0.012463067658245564,0.4880012571811676,0.10301902890205383,0.007273356119791667,0.0
0,0.07973440736532211,0.9685600996017456,0.8955226540565491,0.15494791666666666,0.0
0,0.02372715435922146,0.9791954755783081,0.7767922878265381,0.039703369140625,0.0
0,0.0001973179605556652,0.018833130598068237,0.003350423648953438,0.0,0.0
0,0.3055481016635895,0.9984452128410339,0.9926533699035645,0.4248453776041667,0.425567626953125
0,0.0010849075624719262,0.08756383508443832,0.01711088791489601,0.0,0.0
0,0.04884594678878784,0.9998028874397278,0.9982993006706238,0.053365071614583336,0.042348225911458336
0,0.01869010366499424,0.9700703024864197,0.5416128635406494,0.032328287760416664,0.0
0,0.16627152264118195,0.9973269701004028,0.9871788024902344,0.2601216634114583,0.30029296875
0,0.1226389929652214,0.998835027217865,0.987129271030426,0.163177490234375,0.131072998046875
0,0.04217233136296272,0.9806178212165833,0.7547288537025452,0.08546956380208333,0.0
0,0.13028447329998016,0.9976403713226318,0.9798997044563293,0.19978841145833334,0.19334920247395834
0,0.07798556983470917,0.9989596605300903,0.995718777179718,0.09061686197916667,0.06789143880208333
0,0.005176391918212175,0.795340359210968,0.09417666494846344,0.007110595703125,0.0
0,0.10055763274431229,0.9977127313613892,0.9882221817970276,0.14422607421875,0.06990559895833333
0,0.02709347754716873,0.9828232526779175,0.6881447434425354,0.056498209635416664,0.0
0,0.45700058341026306,0.9962051510810852,0.9882221817970276,0.6313069661458334,0.7792561848958334
0,0.18992583453655243,0.9991030693054199,0.9760836362838745,0.2808329264322917,0.2779337565104167
0,0.14899109303951263,0.9986060261726379,0.9950177073478699,0.21965535481770834,0.134307861328125
0,0.06465993076562881,0.999208390712738,0.9937587976455688,0.08006795247395833,0.047902425130208336
0,0.07087039947509766,0.9996750354766846,0.9951136708259583,0.08347574869791667,0.027791341145833332
0,0.17652921378612518,0.9997712969779968,0.9925673604011536,0.2929585774739583,0.14588419596354166
0,0.1190936341881752,0.9999773502349854,0.9994557499885559,0.149200439453125,0.066619873046875
0,0.2708866596221924,0.9979169964790344,0.9822876453399658,0.3752644856770833,0.283538818359375
0,0.5696212649345398,0.9996579885482788,0.9948803186416626,0.741607666015625,0.8876139322916666
0,0.4010511636734009,0.9983834028244019,0.987129271030426,0.59771728515625,0.700531005859375
0,0.2733718454837799,0.9993358254432678,0.9957684278488159,0.4140421549479167,0.4564921061197917
0,0.13693545758724213,0.9994022846221924,0.9933838844299316,0.17451985677083334,0.1754150390625
0,0.05110811069607735,0.9951136708259583,0.981908917427063,0.06951904296875,0.035624186197916664
0,0.10202288627624512,0.9984812140464783,0.967348575592041,0.17097981770833334,0.0
0,0.14441688358783722,0.9995005130767822,0.9949592351913452,0.207977294921875,0.15574137369791666
0,0.1475267857313156,0.9878996014595032,0.9468920826911926,0.2764790852864583,0.048207600911458336
0,0.013176816515624523,0.9694979190826416,0.3956507444381714,0.024993896484375,0.0
0,0.18471018970012665,0.9980881810188293,0.9852129220962524,0.2888997395833333,0.17148844401041666
0,0.16263528168201447,0.9889705181121826,0.9770664572715759,0.26208333333333333,0.27458333333333335
0,0.1570480316877365,0.9994138479232788,0.9862046241760254,0.27671875,0.0
0,0.01198651734739542,0.9971327781677246,0.06903792917728424,0.004160563151041667,0.0
0,0.011057606898248196,0.9938070178031921,0.27902135252952576,0.016947428385416668,0.0
0,0.05632616952061653,0.9976310729980469,0.9732574820518494,0.0840794873483003,0.03749972567867097
0,0.011355550959706306,0.9974090456962585,0.4421556293964386,0.017894131185270425,0.0
0,0.19428189098834991,0.9994621872901917,0.9927672147750854,0.28318407960199005,0.16832918739635158
0,0.5744983553886414,0.9963783621788025,0.9881765246391296,0.7656458333333334,0.8512208333333333
0,0.012762975879013538,0.7784809470176697,0.1592187136411667,0.015585185185185185,0.0
0,0.00349416583776474,0.5633178949356079,0.05127241834998131,0.0036074074074074073,0.0
0,0.07886630296707153,0.9943140745162964,0.9783018827438354,0.12638683072756235,0.06789434833524811
0,0.04643596336245537,0.9955489635467529,0.8428747653961182,0.08552347636462758,0.023737591713422528
0,0.05634571984410286,0.9978677034378052,0.9635062217712402,0.08401229273870783,0.0
0,0.012019580230116844,0.9739436507225037,0.3131655752658844,0.02265842102865473,0.0
0,0.18199247121810913,0.9981827735900879,0.9882221817970276,0.2986,0.266037037037037
0,0.042080316692590714,0.9845753908157349,0.9110215306282043,0.058447488584474884,0.03363774733637747
0,0.4521138072013855,0.9998756647109985,0.9983579516410828,0.5314322916666666,0.5304803240740741
0,0.15378780663013458,0.9999586343765259,0.9858275651931763,0.2589191042047532,0.05736974405850091
0,0.10314445197582245,0.9981613755226135,0.9537942409515381,0.2004267723880597,0.032684235074626866
0,0.3394984304904938,0.9994683861732483,0.9932811260223389,0.4788819875776398,0.5879249011857708
0,0.029467061161994934,0.9968273043632507,0.819027841091156,0.0488986013986014,0.0
0,0.09909772872924805,0.9993461966514587,0.9798226952552795,0.15466346153846153,0.0662041083916084
0,0.1989327371120453,0.9997367262840271,0.9949592351913452,0.2722775510204082,0.20884897959183674
0,0.1407366842031479,0.9995939135551453,0.9883127808570862,0.2150959488272921,0.04035028936947913
0,0.036274585872888565,0.9991672039031982,0.9358173608779907,0.053608333333333334,0.0
0,0.040665145963430405,0.9997468590736389,0.9804313778877258,0.056228813559322036,0.0
0,0.24110378324985504,0.9996243715286255,0.9932287931442261,0.3641743247006405,0.32910207617809956
0,0.47793048620224,0.9992792010307312,0.9952077269554138,0.6503805060515511,0.7534422899155148
0,0.32598891854286194,0.9981968998908997,0.9893885254859924,0.47753870037921675,0.4903143988648218
0,0.05439021438360214,0.9834068417549133,0.818591833114624,0.09455208333333333,0.0
0,0.2782233655452728,0.9991704225540161,0.9945095181465149,0.39875963391136804,0.3248049132947977
0,0.03958204761147499,0.9992417097091675,0.9419752359390259,0.06753378378378379,0.00992519305019305
0,0.014093912206590176,0.9872773289680481,0.35209259390830994,0.0222495183044316,0.0
0,0.05632616952061653,0.9976310729980469,0.9732574820518494,0.0840794873483003,0.03749972567867097
0,0.011355550959706306,0.9974090456962585,0.4421556293964386,0.017894131185270425,0.0
0,0.12240114063024521,0.9996993541717529,0.9883578419685364,0.18194791666666665,0.10126666666666667
0,0.0616321787238121,0.9980581402778625,0.9666001796722412,0.08645333333333333,0.031824
0,0.23503516614437103,0.9996724128723145,0.9885361194610596,0.37316619585687383,0.35274717514124293
0,0.17442728579044342,0.9998218417167664,0.9849274158477783,0.25967514124293783,0.23147128060263653
0,0.012762975879013538,0.7784809470176697,0.1592187136411667,0.015585185185185185,0.0
0,0.2504410445690155,0.9997346997261047,0.9913892149925232,0.3525797373358349,0.28480300187617263
0,0.040665145963430405,0.9997468590736389,0.9804313778877258,0.056228813559322036,0.0
0,0.0930849090218544,0.9941347241401672,0.948441743850708,0.14427745073164283,0.09420207968649057
0,0.15584473311901093,0.9984869956970215,0.9705770015716553,0.2747061098221191,0.07372389791183295
0,0.06553158909082413,0.9997640252113342,0.985496461391449,0.08674955985915493,0.057568221830985915
0,0.11749124526977539,0.988711953163147,0.949669361114502,0.1830710659898477,0.10692047377326565
0,0.050548892468214035,0.9923638105392456,0.9364014267921448,0.08290608723958333,0.0
0,0.06443389505147934,0.9914224743843079,0.9451974034309387,0.09604899088541667,0.0
0,0.05501634255051613,0.985042929649353,0.9464978575706482,0.07842000325520833,0.09757486979166667
0,0.25654736161231995,0.9976218342781067,0.9878058433532715,0.3266499837239583,0.3638916015625
0,0.08382260799407959,0.9866234660148621,0.8735387921333313,0.1724853515625,0.027252197265625
0,0.3990597724914551,0.9984083771705627,0.9936856627464294,0.5285847981770834,0.5652669270833334
0,0.0036933834198862314,0.866358757019043,0.04876438155770302,0.004648844401041667,0.0
0,0.09398394823074341,0.9972637891769409,0.9662178754806519,0.138671875,0.07432047526041667
0,0.45628824830055237,0.9993952512741089,0.99703049659729,0.5971476236979166,0.717742919921875
0,0.29861924052238464,0.999045193195343,0.9950177073478699,0.3775227864583333,0.3663228352864583
0,0.25026917457580566,0.9961903095245361,0.9776285290718079,0.380859375,0.40948486328125
0,0.22011494636535645,0.9953904151916504,0.9784671068191528,0.3874308268229167,0.16202799479166666
0,0.005829086992889643,0.6687721014022827,0.0645354837179184,0.002227783203125,0.0
0,0.30036336183547974,0.9989141225814819,0.9910145401954651,0.448211669921875,0.4620361328125
0,0.00024200727057177573,0.026205414906144142,0.002521268092095852,0.0,0.0
0,0.18299447000026703,0.9990563988685608,0.9878996014595032,0.27679443359375,0.14992268880208334
0,0.2421613484621048,0.9976218342781067,0.9832789301872253,0.3706461588541667,0.331390380859375
0,0.005995536223053932,0.9877586960792542,0.11475884169340134,0.00958251953125,0.0
0,0.20885522663593292,0.9982038736343384,0.9866748452186584,0.3231608072916667,0.3148600260416667
0,0.031872693449258804,0.958615243434906,0.636003851890564,0.06858317057291667,0.0
0,0.09763780236244202,0.9894295334815979,0.9600604176521301,0.15083821614583334,0.125
0,0.0010182176483795047,0.4909220039844513,0.012287178076803684,0.0006205240885416666,0.0
0,0.014863361604511738,0.9007046222686768,0.3761475086212158,0.033192952473958336,0.0
0,0.062051910907030106,0.996434211730957,0.9719924926757812,0.09141031901041667,0.0
0,0.036019738763570786,0.9692660570144653,0.8116714954376221,0.060312906901041664,0.0
0,0.00535168731585145,0.3475371301174164,0.07107366621494293,0.003173828125,0.0
0,0.006372659932821989,0.9733928442001343,0.1544397622346878,0.012003580729166666,0.0
0,0.10740917921066284,0.9974290728569031,0.9824884533882141,0.17237345377604166,0.029571533203125
0,0.02447468973696232,0.9462003111839294,0.8098646402359009,0.036946614583333336,0.0
0,0.009912163950502872,0.9492946267127991,0.4322724938392639,0.015553792317708334,0.0
0,0.0053853862918913364,0.6841585040092468,0.09568186849355698,0.006947835286458333,0.0
0,0.1659630984067917,0.99826580286026,0.9794721603393555,0.27178955078125,0.06824747721354167
0,0.39474236965179443,0.9999269247055054,0.9983256459236145,0.534210205078125,0.6676432291666666
0,0.42933353781700134,0.9992563128471375,0.9948403239250183,0.5292765299479166,0.5744425455729166
0,0.34994736313819885,0.9989797472953796,0.9957020878791809,0.5013326009114584,0.5084635416666666
0,0.2690221965312958,0.9991374015808105,0.9968519806861877,0.3241170247395833,0.3431396484375
0,0.430539608001709,0.999823272228241,0.99826580286026,0.528564453125,0.55389404296875
0,0.02580944634974003,0.9984752535820007,0.7657105922698975,0.040863037109375,0.0
0,0.045709092170000076,0.9871788024902344,0.731442391872406,0.097747802734375,0.0
0,0.15253795683383942,0.9969956874847412,0.9886244535446167,0.22095743815104166,0.1485595703125
0,0.2086588591337204,0.9929609894752502,0.9313339591026306,0.4059041341145833,0.576690673828125
0,0.014082235284149647,0.9944234490394592,0.675119161605835,0.018910725911458332,0.0
0,0.014915906824171543,0.9812029004096985,0.543800413608551,0.025583902994791668,0.0
0,0.18662792444229126,0.9994946718215942,0.9964615106582642,0.24833170572916666,0.17127482096354166
0,0.004242289811372757,0.6371436715126038,0.08709682524204254,0.007029215494791667,0.0
0,0.06125066801905632,0.9946774244308472,0.9758545756340027,0.08467610677083333,0.06597900390625
0,0.029933394864201546,0.9611709713935852,0.6441131830215454,0.060150146484375,0.0
0,0.08434215188026428,0.9836598634719849,0.9296960830688477,0.153594970703125,0.108642578125
0,0.3900017738342285,0.9996002316474915,0.9969839453697205,0.5399678548177084,0.52734375
0,0.43908166885375977,0.9975080490112305,0.9863631129264832,0.5952555338541666,0.6767679850260416
0,0.2090647667646408,0.9846936464309692,0.9444817900657654,0.3829243977864583,0.19447835286458334
0,0.017964808270335197,0.9582260847091675,0.38971900939941406,0.036885579427083336,0.0
0,0.020034702494740486,0.9549003839492798,0.6286354064941406,0.03790283203125,0.0
0,0.1288750320672989,0.9962638020515442,0.9414359331130981,0.23680623372395834,0.145294189453125
0,0.4480961859226227,0.9991768002510071,0.9950946569442749,0.5926615397135416,0.690765380859375
0,0.019611625000834465,0.8803863525390625,0.2704744338989258,0.033487955729166664,0.0
0,0.09314640611410141,0.9877586960792542,0.9234544038772583,0.15574137369791666,0.0555419921875
0,0.19961446523666382,0.9809491038322449,0.937325656414032,0.3550923665364583,0.18359375
0,0.04300197958946228,0.9542226791381836,0.7126262784004211,0.086944580078125,0.0
0,0.26858121156692505,0.9959140419960022,0.9827572107315063,0.3933614095052083,0.2646687825520833
0,0.08935606479644775,0.9978001713752747,0.9867772459983826,0.11650594075520833,0.10345458984375
0,0.2915888726711273,0.9952448010444641,0.9897116422653198,0.4277852376302083,0.4264628092447917
0,0.11266259104013443,0.9925103187561035,0.9374402165412903,0.20768229166666666,0.0
0,0.06239504739642143,0.9887987971305847,0.9230391979217529,0.10210164388020833,0.060963948567708336
0,0.1015133485198021,0.9887554049491882,0.9412234425544739,0.160919189453125,0.06974283854166667
0,0.013139105401933193,0.9026095867156982,0.4709739685058594,0.021687825520833332,0.0
0,0.07469388097524643,0.9988120794296265,0.987375020980835,0.09154256184895833,0.08088175455729167
0,0.40860477089881897,0.9939496517181396,0.9725192785263062,0.6360677083333334,0.9223734537760416
0,0.09700798988342285,0.9967268705368042,0.986828088760376,0.14570109049479166,0.07802327473958333
0,0.018611906096339226,0.8566924333572388,0.3901098072528839,0.036946614583333336,0.0
0,0.1263871192932129,0.9981684684753418,0.9899476170539856,0.158721923828125,0.138336181640625
0,0.0859302207827568,0.9960391521453857,0.9606552720069885,0.14790852864583334,0.0
0,0.09627219289541245,0.9980353713035583,0.9582260847091675,0.14708455403645834,0.06368001302083333
0,0.47703203558921814,0.9963500499725342,0.982355535030365,0.7359822591145834,1.0
0,0.03513821214437485,0.9867772459983826,0.7664684653282166,0.07143147786458333,0.0
0,0.16805075109004974,0.9978677034378052,0.9902538657188416,0.23180135091145834,0.18509928385416666
0,0.31047382950782776,0.9990378618240356,0.9938309192657471,0.40032958984375,0.3855997721354167
0,0.112422414124012,0.9983256459236145,0.9885804057121277,0.16822306315104166,0.165252685546875
0,0.2373763769865036,0.9985221028327942,0.9900250434875488,0.3571879069010417,0.428955078125
0,0.09718755632638931,0.9857729077339172,0.9269675612449646,0.17564900716145834,0.06251017252604167
0,0.526665449142456,0.999373733997345,0.9968024492263794,0.7294514973958334,0.9095865885416666
0,0.16251270473003387,0.9983515739440918,0.980728805065155,0.24787394205729166,0.19275919596354166
0,0.21051333844661713,0.9957684278488159,0.9788343906402588,0.3176676432291667,0.22065226236979166
0,0.5708600878715515,0.9966756105422974,0.9909797310829163,0.7554117838541666,0.9352925618489584
0,0.38222718238830566,0.9973580241203308,0.9879926443099976,0.5764567057291666,0.7163594563802084
0,0.3535524904727936,0.9973269701004028,0.9911527037620544,0.5304972330729166,0.7860514322916666
0,0.07441563904285431,0.9931760430335999,0.9691494703292847,0.10594685872395833,0.0
0,0.17669886350631714,0.9982993006706238,0.9864141345024109,0.2654927571614583,0.16465250651041666
0,0.4666191041469574,0.9947391152381897,0.9848692417144775,0.6867777506510416,0.8119913736979166
0,0.25217488408088684,0.9994621872901917,0.9927109479904175,0.368408203125,0.4618021647135417
0,0.4982554614543915,0.9992175102233887,0.9960545301437378,0.640625,0.7241109212239584
0,0.16963869333267212,0.9917163252830505,0.9475754499435425,0.30499267578125,0.060038248697916664
0,0.20193588733673096,0.9989877343177795,0.9873262047767639,0.2897542317708333,0.3253072102864583
0,0.08155868202447891,0.9709092378616333,0.8927496671676636,0.15532430013020834,0.0
0,0.13593260943889618,0.9980429410934448,0.9866219162940979,0.19407145182291666,0.13238525390625
0,0.3219211995601654,0.9946774244308472,0.9686195850372314,0.53656005859375,0.579925537109375
0,0.27865540981292725,0.9949001669883728,0.964655876159668,0.4689534505208333,0.5302734375
0,0.20122696459293365,0.9939730763435364,0.9716179370880127,0.3252156575520833,0.19560750325520834
0,0.3600079119205475,0.9996993541717529,0.9972099661827087,0.45208740234375,0.47119140625
0,0.004900074563920498,0.8872045874595642,0.060304317623376846,0.004750569661458333,0.0
0,0.41721758246421814,0.9985104203224182,0.9884026646614075,0.5915629069010416,0.5826822916666666
0,0.16459794342517853,0.9992504715919495,0.994111180305481,0.23790486653645834,0.08968098958333333
0,0.3387455940246582,0.9906600117683411,0.9760366082191467,0.4896036783854167,0.479400634765625
0,0.10333117842674255,0.9873262047767639,0.8856314420700073,0.21184285481770834,0.0
0,0.10089107602834702,0.9887987971305847,0.8960696458816528,0.19905598958333334,0.0
0,0.14529085159301758,0.9996633529663086,0.9969245791435242,0.18183390299479166,0.17280069986979166
0,0.0004013019788544625,0.0960254892706871,0.004962942097336054,0.0,0.0
0,0.4774617850780487,0.9994621872901917,0.996570348739624,0.5836588541666666,0.6126912434895834
0,0.09563741832971573,0.9978594183921814,0.9696115255355835,0.18257649739583334,0.048014322916666664
0,0.33954524993896484,0.9960391521453857,0.9871788024902344,0.493804931640625,0.6073710123697916
0,0.08822387456893921,0.9659639000892639,0.8770562410354614,0.17162068684895834,0.0
0,0.06816042214632034,0.9991704225540161,0.9906215667724609,0.09000651041666667,0.05792236328125
0,0.22349457442760468,0.9845160245895386,0.9559813141822815,0.3570963541666667,0.436065673828125
0,0.04353440925478935,0.958615243434906,0.818156361579895,0.07625325520833333,0.0
0,0.03795244172215462,0.9362850189208984,0.5274586081504822,0.08451334635416667,0.0
0,0.2927294671535492,0.9954439401626587,0.9733928442001343,0.50238037109375,0.501068115234375
0,0.27963733673095703,0.9936364889144897,0.9627432227134705,0.46240234375,0.4262186686197917
0,0.3255741596221924,0.9989556074142456,0.9956516623497009,0.4264729817708333,0.462432861328125
0,0.08139526098966599,0.999045193195343,0.9957352876663208,0.11388142903645833,0.02838134765625
0,0.004741663578897715,0.8258707523345947,0.060086652636528015,0.005238850911458333,0.0
0,0.20993436872959137,0.9943140745162964,0.980764627456665,0.296630859375,0.25048828125
0,0.36572983860969543,0.9992357492446899,0.996321439743042,0.468017578125,0.538787841796875
0,0.31677281856536865,0.9986060261726379,0.9915870428085327,0.4559427897135417,0.4610697428385417
0,0.2894195020198822,0.9953181147575378,0.983020007610321,0.434722900390625,0.4575297037760417
0,0.10351677983999252,0.9996923208236694,0.978260338306427,0.13795979817708334,0.076507568359375
0,0.20905376970767975,0.9974689483642578,0.9890541434288025,0.2803853352864583,0.2747802734375
0,0.48128601908683777,0.9968396425247192,0.9915215969085693,0.64398193359375,0.8006490071614584
0,0.2461436241865158,0.9957352876663208,0.9808014035224915,0.3770243326822917,0.4153951009114583
0,0.332103431224823,0.999160647392273,0.9937587976455688,0.4867146809895833,0.639129638671875
0,0.008947564288973808,0.6175126433372498,0.14608725905418396,0.013814290364583334,0.0
0,0.03293604776263237,0.8846385478973389,0.7067888379096985,0.060251871744791664,0.0
0,0.18108457326889038,0.9942697286605835,0.963711678981781,0.2790425618489583,0.2772725423177083
0,0.1216486468911171,0.995354413986206,0.95735764503479,0.226348876953125,0.0
0,0.060956161469221115,0.9818405508995056,0.9015746116638184,0.10814412434895833,0.0
0,0.5025441646575928,0.9997448325157166,0.9990302324295044,0.5952250162760416,0.6752726236979166
0,0.02075991779565811,0.9856076240539551,0.6029140949249268,0.035603841145833336,0.0
0,0.25802987813949585,0.9968884587287903,0.9845160245895386,0.41680908203125,0.461761474609375
0,0.016641385853290558,0.9973374009132385,0.26836004853248596,0.029022216796875,0.0
0,0.13563857972621918,0.9919067621231079,0.9724147915840149,0.19256591796875,0.09869384765625
0,0.11304151266813278,0.9937587976455688,0.9709627032279968,0.192962646484375,0.0
0,0.13772332668304443,0.9997325539588928,0.996570348739624,0.23044840494791666,0.048858642578125
0,0.05836997926235199,0.9881765246391296,0.8793447017669678,0.10748291015625,0.0
0,0.0030345271807163954,0.5200849771499634,0.09121521562337875,0.0068359375,0.0
0,0.31687235832214355,0.9975751042366028,0.9862046241760254,0.491912841796875,0.6438090006510416
0,0.09510449320077896,0.9939024448394775,0.9382339119911194,0.17316691080729166,0.0
0,0.20021630823612213,0.9983834028244019,0.9906960725784302,0.2661946614583333,0.239501953125
0,0.34485766291618347,0.9987599849700928,0.9921841025352478,0.5096842447916666,0.5642801920572916
0,0.18462537229061127,0.9978172779083252,0.9856629967689514,0.2613118489583333,0.21486409505208334
0,0.3015936315059662,0.999127209186554,0.9942697286605835,0.39251708984375,0.4621175130208333
0,0.2115812450647354,0.9989098310470581,0.9926826357841492,0.3015848795572917,0.23447672526041666
0,0.07466315478086472,0.9946358799934387,0.9551520943641663,0.11841837565104167,0.029703776041666668
0,0.0437769778072834,0.9987305998802185,0.9806897044181824,0.06358846028645833,0.021616617838541668
0,0.1365325152873993,0.9962051510810852,0.9636433720588684,0.22782389322916666,0.06837972005208333
0,0.019341835752129555,0.9920312166213989,0.4867476224899292,0.038045247395833336,0.0
0,0.07667218893766403,0.990767776966095,0.9626027941703796,0.12407430013020833,0.051188151041666664
0,0.6089246869087219,0.9990302324295044,0.9955834746360779,0.7700602213541666,0.9644368489583334
0,0.28693071007728577,0.9988120794296265,0.9923924803733826,0.4439188639322917,0.560455322265625
0,0.35236284136772156,0.9997407793998718,0.9981541037559509,0.51422119140625,0.6462300618489584
0,0.16332753002643585,0.9965029954910278,0.9736947417259216,0.2695719401041667,0.13599650065104166
0,0.19926954805850983,0.9932287931442261,0.9759450554847717,0.313018798828125,0.20865885416666666
0,0.09337828308343887,0.9996458292007446,0.9914876818656921,0.14249674479166666,0.041392008463541664
0,0.0671776533126831,0.9917803406715393,0.9523059725761414,0.10274251302083333,0.0
0,0.12143024057149887,0.9956176280975342,0.9758545756340027,0.18207804361979166,0.09456380208333333
0,0.14528341591358185,0.9875683188438416,0.9385759830474854,0.2524210611979167,0.13262939453125
0,0.1706276684999466,0.9844563603401184,0.9474782943725586,0.31988525390625,0.11783854166666667
0,0.19206707179546356,0.9963071346282959,0.981979250907898,0.2593587239583333,0.18523152669270834
0,0.08112356811761856,0.9974983334541321,0.9837225079536438,0.10894775390625,0.0
0,0.06788735836744308,0.9991340041160583,0.9462937116622925,0.109466552734375,0.051676432291666664
0,0.09923521429300308,0.9950370192527771,0.9768908023834229,0.16563924153645834,0.060017903645833336
0,0.10553550720214844,0.9800149202346802,0.9406808614730835,0.180633544921875,0.14208984375
0,0.19565542042255402,0.9971439242362976,0.9881309270858765,0.3084615071614583,0.3416951497395833
0,0.3486785888671875,0.9987207055091858,0.9944234490394592,0.4908548990885417,0.5328369140625
0,0.3238215744495392,0.9995908141136169,0.9977656602859497,0.4230143229166667,0.4629923502604167
0,0.24545712769031525,0.9963357448577881,0.9844563603401184,0.360870361328125,0.2755330403645833
0,0.2399231195449829,0.9996993541717529,0.9959456324577332,0.2919718424479167,0.3126118977864583
0,0.14851799607276917,0.997166097164154,0.9746755361557007,0.24951171875,0.2381591796875
0,0.01005548145622015,0.9884026646614075,0.3268803358078003,0.016754150390625,0.0
0,0.5692482590675354,0.9987744688987732,0.9934357404708862,0.7947794596354166,0.9629007975260416
0,0.06379690021276474,0.9924227595329285,0.8629267811775208,0.11043294270833333,0.0
0,0.049905937165021896,0.9879926443099976,0.9269635677337646,0.07743326822916667,0.0
0,0.2753402292728424,0.9984452128410339,0.9892648458480835,0.3704325358072917,0.3749491373697917
0,0.06370231509208679,0.9946980476379395,0.9706288576126099,0.08736165364583333,0.063507080078125
0,0.08134690672159195,0.9798612594604492,0.9099069833755493,0.15113321940104166,0.10802205403645833
0,0.026282384991645813,0.9974191188812256,0.8985832929611206,0.040679931640625,0.0
0,0.06604471057653427,0.9790757894515991,0.8664684891700745,0.127288818359375,0.0
0,0.07662438601255417,0.996321439743042,0.9392447471618652,0.13410441080729166,0.0
0,0.18662792444229126,0.9994946718215942,0.9964615106582642,0.24833170572916666,0.17127482096354166
0,0.028055444359779358,0.9558990597724915,0.4990735650062561,0.050954182942708336,0.0
0,0.3058267831802368,0.9968763589859009,0.9857181310653687,0.459747314453125,0.5370381673177084
0,0.08195891231298447,0.9976859092712402,0.9719908833503723,0.11420694986979167,0.07393391927083333
0,0.0927090272307396,0.9933846592903137,0.9653158187866211,0.13838704427083334,0.11769612630208333
0,0.00498316390439868,0.6888871788978577,0.12126574665307999,0.010345458984375,0.0
0,0.18130619823932648,0.9932811260223389,0.9671630263328552,0.2860921223958333,0.12577311197916666
0,0.10689199715852737,0.9981324076652527,0.9774125814437866,0.172088623046875,0.09626261393229167
0,0.04589575156569481,0.9952632188796997,0.9222025275230408,0.07549031575520833,0.0
0,0.04817652702331543,0.996364176273346,0.9827552437782288,0.061228434244791664,0.035115559895833336
0,0.0846005454659462,0.9965837001800537,0.9762653708457947,0.15423583984375,0.015909830729166668
0,0.13813965022563934,0.995354413986206,0.9800149202346802,0.19980875651041666,0.16349283854166666
0,0.12206533551216125,0.9942920207977295,0.9795506000518799,0.16825358072916666,0.034993489583333336
0,0.013294067233800888,0.9685600996017456,0.5402469038963318,0.02020263671875,0.0
0,0.007267539855092764,0.9485372304916382,0.1637086719274521,0.015268961588541666,0.0
0,0.13020406663417816,0.9911527037620544,0.9476723670959473,0.22674560546875,0.0
0,0.4107053577899933,0.999322772026062,0.9964893460273743,0.51025390625,0.6047566731770834
0,0.14363019168376923,0.9944451451301575,0.975669801235199,0.21978759765625,0.16640218098958334
0,0.03246699646115303,0.9940197467803955,0.8927440643310547,0.0482177734375,0.0
0,0.0951775386929512,0.9980429410934448,0.9814888834953308,0.13541666666666666,0.04351806640625
0,0.21842467784881592,0.9988707900047302,0.9921832084655762,0.30816650390625,0.23333740234375
0,0.09475553035736084,0.997231662273407,0.9809125065803528,0.13783772786458334,0.070770263671875
0,0.000594383105635643,0.41111087799072266,0.00955939944833517,0.00014241536458333334,0.0
0,0.04124896228313446,0.9883578419685364,0.8848317861557007,0.06934611002604167,0.0
0,0.04688373580574989,0.9997933506965637,0.9726234674453735,0.06507916666666666,0.029102083333333334
0,0.15812541544437408,0.9795897603034973,0.9312127232551575,0.25502604166666665,0.25644856770833335
0,0.13002999126911163,0.9952816367149353,0.937325656414032,0.23731486002604166,0.0
0,0.004082830157130957,0.975296139717102,0.05146276578307152,0.005452054794520548,0.0
0,0.04022188484668732,0.9972637891769409,0.888372004032135,0.0682420091324201,0.0
0,0.2252551168203354,0.9983124732971191,0.9879926443099976,0.35721153846153847,0.25786630036630037
0,0.1093955859541893,0.9992648959159851,0.9812749028205872,0.1660923623445826,0.040910301953818826
0,0.16286294162273407,0.9994252920150757,0.9918121099472046,0.22684108527131783,0.14116763565891474
0,0.16447213292121887,0.9834704995155334,0.9394705891609192,0.292687265917603,0.1179494382022472
0,0.746241569519043,0.9998427629470825,0.9983769655227661,0.8566851851851852,0.9039592592592592
0,0.3505913019180298,0.9995923638343811,0.9924813508987427,0.4830141843971631,0.5916541510221109
0,0.007516943383961916,0.9994621872901917,0.12336985766887665,0.010234375,0.0
0,0.06266671419143677,0.996321439743042,0.9458932876586914,0.10121624033223536,0.02009019718156493
0,0.09632466733455658,0.9983707070350647,0.9762653708457947,0.15766980367276445,0.026549998237637023
0,0.23688684403896332,0.9995694756507874,0.9932287931442261,0.39172777407429854,0.28966931297093107
0,0.0754886195063591,0.9998910427093506,0.9814534187316895,0.11573541666666666,0.0
0,0.1400112509727478,0.9919379353523254,0.9005298018455505,0.27946998123827393,0.2718081613508443
0,0.07491060346364975,0.9959298968315125,0.9714558720588684,0.11650230111768574,0.0
0,0.16129155457019806,0.9984391331672668,0.9866748452186584,0.23985416666666667,0.22441041666666667
0,0.17397116124629974,0.9996672868728638,0.9966495633125305,0.2606189111747851,0.16433810888252148
0,0.0019142087548971176,0.9242786765098572,0.024516336619853973,0.001804812834224599,0.0
0,0.4173022210597992,0.9992848038673401,0.9939496517181396,0.5356241861979166,0.54412841796875
0,0.17547261714935303,0.9981897473335266,0.987129271030426,0.2752176920572917,0.170623779296875
0,0.05437275767326355,0.9981324076652527,0.978217601776123,0.09504191080729167,0.026682535807291668
0,0.010914909653365612,0.9416541457176208,0.17809657752513885,0.018788655598958332,0.0
0,0.2641575038433075,0.9984207153320312,0.9897116422653198,0.403076171875,0.3397318522135417
0,0.2032032608985901,0.998848557472229,0.9939963817596436,0.2622477213541667,0.3358866373697917
0,0.062348414212465286,0.9940428137779236,0.9511394500732422,0.09366861979166667,0.0
0,0.2542804181575775,0.9995102882385254,0.9952999353408813,0.3262837727864583,0.3554484049479167
0,0.1347721815109253,0.9932287931442261,0.9771973490715027,0.20325724283854166,0.11616007486979167
0,0.029282471165060997,0.9797065258026123,0.8451772928237915,0.04736328125,0.0
0,0.40073326230049133,0.9992620348930359,0.9954615235328674,0.494049072265625,0.5322163899739584
0,0.12725627422332764,0.9997108578681946,0.9985277652740479,0.17063395182291666,0.08406575520833333
0,0.15930072963237762,0.9946568012237549,0.9813811779022217,0.26605224609375,0.09705607096354167
0,0.03964946046471596,0.933552086353302,0.613754153251648,0.09417724609375,0.0
0,0.13199551403522491,0.9926542043685913,0.9738925695419312,0.21654256184895834,0.08927408854166667
0,0.008945773355662823,0.929440438747406,0.29380348324775696,0.019317626953125,0.0
0,0.1124441996216774,0.9980505704879761,0.9781342148780823,0.17033894856770834,0.040120442708333336
0,0.1673029512166977,0.9943799376487732,0.9716179370880127,0.2647501627604167,0.10020955403645833
0,0.04589575156569481,0.9952632188796997,0.9222025275230408,0.07549031575520833,0.0
0,0.006708089262247086,0.7735586762428284,0.09876737743616104,0.007344563802083333,0.0
0,0.0004971860907971859,0.10913478583097458,0.007876706309616566,0.0,0.0
0,0.20911407470703125,0.9949001669883728,0.9795103073120117,0.3171183268229167,0.18871053059895834
0,0.11800425499677658,0.9974589943885803,0.972933828830719,0.18647257486979166,0.0
0,0.009354870766401291,0.4019812047481537,0.10521054267883301,0.007405598958333333,0.0
0,0.025005435571074486,0.9755768775939941,0.550894021987915,0.046040852864583336,0.0
0,0.0010780690936371684,0.06301946938037872,0.014281933195888996,0.0,0.0
0,0.22517544031143188,0.9943581223487854,0.9783018827438354,0.3690694173177083,0.4374186197916667
0,0.12481001764535904,0.9983385801315308,0.9747251272201538,0.17619832356770834,0.10874430338541667
0,0.0014590276405215263,0.5706304907798767,0.014503578655421734,0.0007832845052083334,0.0
0,0.010727785527706146,0.8910549879074097,0.27521249651908875,0.020904541015625,0.0
0,0.019674958661198616,0.9874235987663269,0.8682558536529541,0.026458740234375,0.0
0,0.09641911834478378,0.9990563988685608,0.9899852275848389,0.132537841796875,0.07883707682291667
0,0.01508683804422617,0.8587185740470886,0.32744351029396057,0.030375162760416668,0.0
0,0.005000940058380365,0.9147487282752991,0.1390382945537567,0.01104736328125,0.0
0,0.001984819769859314,0.902265727519989,0.020924191921949387,0.0020548502604166665,0.0
0,0.06351015716791153,0.9909447431564331,0.9269675612449646,0.11417643229166667,0.0
0,0.042647019028663635,0.9954261183738708,0.8031737804412842,0.0819091796875,0.0
0,0.03693762421607971,0.9783433079719543,0.8180066347122192,0.06541951497395833,0.0
0,0.023392407223582268,0.9808392524719238,0.6977056860923767,0.037729899088541664,0.0
0,0.05989837646484375,0.9892648458480835,0.9144436717033386,0.10289510091145833,0.028889973958333332
0,0.00048261016490869224,0.04146227613091469,0.00628990214318037,0.0,0.0
0,6.377482350217178e-05,0.004503272473812103,0.0005792916635982692,0.0,0.0
0,0.12826402485370636,0.999652624130249,0.9960851669311523,0.19298299153645834,0.11468505859375
0,0.03813226521015167,0.9895513653755188,0.914290726184845,0.054423014322916664,0.0
0,0.23981739580631256,0.9929336309432983,0.9742884635925293,0.3820902506510417,0.2961324055989583
0,0.09841736406087875,0.9932550191879272,0.9469902515411377,0.160980224609375,0.0426025390625
0,0.14262928068637848,0.9915544390678406,0.9740411043167114,0.235137939453125,0.0966796875
0,0.36930909752845764,0.9960082769393921,0.9852129220962524,0.52490234375,0.7000223795572916
0,0.5153604745864868,0.9989474415779114,0.9945095181465149,0.68695068359375,0.8344217936197916
0,0.0018763863481581211,0.2729925513267517,0.029535338282585144,0.0007527669270833334,0.0
0,0.05996197462081909,0.9894702434539795,0.8542778491973877,0.11885579427083333,0.0
0,0.05297214165329933,0.9894295334815979,0.9365176558494568,0.08921305338541667,0.0
0,0.07281162589788437,0.998492956161499,0.9709075689315796,0.12528483072916666,0.0
0,0.12175440788269043,0.9951702952384949,0.9669140577316284,0.21067301432291666,0.0
0,0.013903040438890457,0.9486324787139893,0.3513077199459076,0.02203369140625,0.0
0,0.1745525598526001,0.9971439242362976,0.9902161359786987,0.2604878743489583,0.213043212890625
0,0.09825270622968674,0.9987887740135193,0.9874706864356995,0.12262980143229167,0.11281331380208333
0,0.04371056333184242,0.9939024448394775,0.8781053423881531,0.07593790690104167,0.0
0,0.09357908368110657,0.9938070178031921,0.956793487071991,0.16632080078125,0.0
0,0.3050514757633209,0.9977216124534607,0.9894295334815979,0.4613037109375,0.508575439453125
0,0.295669823884964,0.9966102242469788,0.9905874133110046,0.3653157552083333,0.3557942708333333
0,0.21836674213409424,0.9985619187355042,0.9925103187561035,0.2922465006510417,0.12822469075520834
0,0.019093472510576248,0.6024709343910217,0.23265863955020905,0.045694986979166664,0.0
0,0.058596376329660416,0.98046875,0.9041388034820557,0.106292724609375,0.0
0,0.004139616619795561,0.43008750677108765,0.08404061198234558,0.006245930989583333,0.0
0,0.07070311158895493,0.993561863899231,0.9451974034309387,0.10799153645833333,0.07802327473958333
0,0.0604960061609745,0.9855521321296692,0.9233120083808899,0.10205078125,0.0
0,0.09686890244483948,0.9833430051803589,0.8838388919830322,0.17927042643229166,0.0
0,0.10481683164834976,0.9822876453399658,0.9141375422477722,0.18192545572916666,0.10904947916666667
0,0.0013114450266584754,0.04401864856481552,0.017846688628196716,0.0,0.0
0,0.08736541122198105,0.9991306662559509,0.9926542043685913,0.10044352213541667,0.09755452473958333
0,0.03274867311120033,0.982624351978302,0.9155072569847107,0.051340738932291664,0.023406982421875
0,0.06030271574854851,0.9913892149925232,0.9359345436096191,0.09016927083333333,0.08390299479166667
0,0.0012351581826806068,0.40444865822792053,0.02025469020009041,0.0007425944010416666,0.0
0,0.022471288219094276,0.967348575592041,0.5562393069267273,0.033131917317708336,0.0
0,0.007813519798219204,0.8721297383308411,0.1517806202173233,0.011810302734375,0.0
0,0.05760549381375313,0.999099612236023,0.9724670648574829,0.0833740234375,0.0
0,0.16015353798866272,0.9991204142570496,0.9937587976455688,0.20635986328125,0.17168172200520834
0,0.31262004375457764,0.9969722032546997,0.9905132055282593,0.4430033365885417,0.48736572265625
0,0.25191530585289,0.9932811260223389,0.9788748621940613,0.318450927734375,0.323028564453125
0,0.03738724812865257,0.9968884587287903,0.9464918971061707,0.05694580078125,0.0
0,0.12424546480178833,0.9892648458480835,0.9533593058586121,0.21683756510416666,0.17509969075520834
0,0.18474626541137695,0.9976586103439331,0.991455614566803,0.2642008463541667,0.101409912109375
0,0.08569487184286118,0.9982109069824219,0.9895108342170715,0.115325927734375,0.051361083984375
0,0.031072890385985374,0.9892648458480835,0.8846325874328613,0.052134195963541664,0.0
0,0.02810242772102356,0.9562273025512695,0.7492652535438538,0.054331461588541664,0.0
0,0.03587518632411957,0.9995827078819275,0.9964752197265625,0.047515869140625,0.027811686197916668
0,0.07995644211769104,0.9832789301872253,0.9265698790550232,0.130279541015625,0.09465535481770833
0,0.1679753214120865,0.9927672147750854,0.9617499113082886,0.28125208333333335,0.22241458333333333
0,0.1679503321647644,0.9210741519927979,0.7839884757995605,0.4208053333333333,0.5091146666666667
0,0.011695808731019497,0.9411153197288513,0.4545226991176605,0.019622802734375,0.0
0,0.03203437849879265,0.9899863600730896,0.8299018144607544,0.048655192057291664,0.0
0,0.026348039507865906,0.9772408604621887,0.5046705007553101,0.044626871744791664,0.0
0,0.0027304429095238447,0.791176438331604,0.04007613658905029,0.0038655598958333335,0.0
0,0.044857870787382126,0.9995272159576416,0.826147198677063,0.08351643880208333,0.0
0,0.006871297489851713,0.9303317666053772,0.16844618320465088,0.012237548828125,0.0
0,0.1657085418701172,0.9939963817596436,0.9509576559066772,0.3187967936197917,0.4317118326822917
0,0.024034399539232254,0.9452984929084778,0.4398682117462158,0.041786111111111114,0.0
0,0.0029190771747380495,0.8978744745254517,0.026607107371091843,0.004780555555555555,0.0
0,0.0011170650832355022,0.7233095169067383,0.01634075865149498,0.001831578947368421,0.0
0,0.04103400185704231,0.964655876159668,0.8361535668373108,0.07319010416666667,0.0
0,0.03515929728746414,0.9859364032745361,0.6926429867744446,0.05599609375,0.0
0,0.013231534510850906,0.9991768002510071,0.606792688369751,0.018919270833333335,0.0
0,0.07363494485616684,0.9969245791435242,0.9474782943725586,0.1252068193244664,0.1061520179167238
0,6.039748768671416e-05,0.06255973130464554,0.0009399438858963549,0.0,0.0
0,0.0393262580037117,0.9967396855354309,0.8304566740989685,0.08318478906714201,0.0
0,0.028466103598475456,0.9795506000518799,0.6377079486846924,0.051920572916666664,0.0
0,0.04233301803469658,0.9948403239250183,0.9401335716247559,0.05741578682755153,0.037547419900361076
0,0.09297811985015869,0.9993255138397217,0.9820826053619385,0.15681703916998035,0.1028977558389323
0,0.03860495239496231,0.9959771037101746,0.8465777039527893,0.063896484375,0.043310546875
0,0.028983479365706444,0.998793363571167,0.9396923184394836,0.03703125,0.00536875
0,0.0271835345774889,0.9925393462181091,0.7664684653282166,0.037707528957528956,0.0
0,0.012843572534620762,0.9963924288749695,0.22919000685214996,0.013647916666666666,0.0
0,0.011330331675708294,0.9920002222061157,0.13904529809951782,0.011677063339731286,0.0
0,0.014476312324404716,0.9707432389259338,0.4051568806171417,0.02303502879078695,0.0
0,0.008979870937764645,0.9590010046958923,0.07864238321781158,0.00574616122840691,0.0
0,0.5122278928756714,0.9987207055091858,0.9943799376487732,0.6473654244306418,0.6941149068322982
0,0.019899949431419373,0.9552357196807861,0.19574777781963348,0.020888030888030887,0.0
0,0.016519606113433838,0.37920597195625305,0.09138210862874985,0.0031153474903474906,0.0
0,0.671143651008606,0.9993281364440918,0.995226263999939,0.832917471042471,0.9102485521235522
0,0.008054370060563087,0.8040984272956848,0.20244477689266205,0.015704545454545454,0.0
0,0.03165997564792633,0.9950946569442749,0.9216402173042297,0.04574132492113565,0.0
0,0.02508951909840107,0.9736446738243103,0.38050398230552673,0.04348343245539507,0.0
0,0.0012161616468802094,0.199619859457016,0.016979990527033806,0.0002481962481962482,0.0
0,0.008147312328219414,0.8554893136024475,0.1872827559709549,0.012457478005865103,0.0
0,0.26678454875946045,0.9971216320991516,0.97906094789505,0.47735712344896297,0.4440972536706619
0,0.09636324644088745,0.999651312828064,0.9954967498779297,0.12165523548239597,0.10515317786922725
0,0.13468410074710846,0.9988259673118591,0.9369805455207825,0.23589849108367628,0.16630086877000458
0,0.1581968367099762,0.9996287822723389,0.9957848191261292,0.26002857142857144,0.060257142857142856
0,0.019461534917354584,0.9989433884620667,0.7396105527877808,0.03231506849315068,0.0
0,0.07933023571968079,0.9994946718215942,0.9922143816947937,0.10724341507720254,0.03605812897366031
0,0.04891498014330864,0.9915544390678406,0.8582451939582825,0.08074885844748858,0.0
0,0.11207132041454315,0.9882676005363464,0.9393594861030579,0.1916213768115942,0.13475090579710144
0,0.32975906133651733,0.9878528118133545,0.9602867364883423,0.554686198046862,0.7646568676465687
0,0.25501763820648193,0.9962345957756042,0.9839708209037781,0.3641186606146175,0.37125976748618256
0,0.32501643896102905,0.9971103668212891,0.9670388102531433,0.4951006954771576,0.5258532530974606
0,0.1463381052017212,0.9949199557304382,0.9436599016189575,0.28322787687048856,0.195139911634757
0,0.11000673472881317,0.9979251623153687,0.9499486684799194,0.19870753135950434,0.1445482707836067
0,0.28132525086402893,0.9972423315048218,0.9749646186828613,0.48203383917669634,0.5704561311704169
0,0.026306206360459328,0.9614614844322205,0.7100254893302917,0.04646722963673335,0.0
0,0.3263663351535797,0.998389720916748,0.9957518577575684,0.372467041015625,0.3934529622395833
0,0.07054225355386734,0.9978925585746765,0.9812389612197876,0.113128662109375,0.06252034505208333
0,0.32697606086730957,0.9999809265136719,0.9973983764648438,0.4157002766927083,0.4469807942708333
0,0.03287459909915924,0.7804952263832092,0.336985319852829,0.059366861979166664,0.0
0,0.013851827941834927,0.5070109963417053,0.18550412356853485,0.022359212239583332,0.0
0,0.05068061128258705,0.9862577319145203,0.9241418242454529,0.08977254231770833,0.0
0,0.03931879252195358,0.9273633360862732,0.6946009993553162,0.08011881510416667,0.0
0,0.019093472510576248,0.6024709343910217,0.23265863955020905,0.045694986979166664,0.0
0,0.058596376329660416,0.98046875,0.9041388034820557,0.106292724609375,0.0
0,0.0031200686935335398,0.16118815541267395,0.045777272433042526,0.0002848307291666667,0.0
0,9.726300049806014e-05,0.004924510605633259,0.0006771942717023194,0.0,0.0
0,0.014620788395404816,0.9071478247642517,0.3939642906188965,0.02520751953125,0.0
0,0.008279133588075638,0.180395245552063,0.05802474543452263,0.0004781087239583333,0.0
0,0.16908042132854462,0.9902915358543396,0.973743200302124,0.2539164225260417,0.2682902018229167
0,0.06646880507469177,0.9773275852203369,0.8502200841903687,0.128143310546875,0.0
0,0.057316336780786514,0.9949788451194763,0.976669192314148,0.07927449544270833,0.049662272135416664
0,0.02756478078663349,0.9949788451194763,0.8741750121116638,0.04083251953125,0.0
0,0.009099562652409077,0.9353464841842651,0.20946483314037323,0.014923095703125,0.0
0,0.05836431682109833,0.9980276226997375,0.9898303151130676,0.09210205078125,0.055185953776041664
0,0.0007934279274195433,0.5032214522361755,0.01750754565000534,0.000213623046875,0.0
0,0.0031753743533045053,0.5258710384368896,0.032466813921928406,0.0034383138020833335,0.0
0,0.5098977088928223,0.9981756210327148,0.9926256537437439,0.6217142740885416,0.6302897135416666
0,0.20198355615139008,0.9984145164489746,0.9952077269554138,0.2642720540364583,0.2794698079427083
0,0.05968492850661278,0.9547319412231445,0.814643383026123,0.115447998046875,0.099853515625
0,0.2784215211868286,0.9865716695785522,0.9714016318321228,0.4332987467447917,0.61456298828125
0,0.029056617990136147,0.9897116422653198,0.8528093099594116,0.04595947265625,0.0
0,0.0904623344540596,0.997368335723877,0.9880849719047546,0.11314900716145833,0.09242757161458333
0,0.07658012956380844,0.9950562715530396,0.954308032989502,0.12790934244791666,0.07281494140625
0,0.2354343980550766,0.9966365098953247,0.9780517220497131,0.3468221028645833,0.37066650390625
0,0.017422933131456375,0.8645393252372742,0.5652969479560852,0.03271484375,0.0
0,0.02898043394088745,0.9245515465736389,0.498370498418808,0.07004801432291667,0.0
0,0.10925054550170898,0.9956346154212952,0.9879926443099976,0.17132568359375,0.145782470703125
0,0.11484846472740173,0.9914886951446533,0.975296139717102,0.15538533528645834,0.14262898763020834
0,0.31028640270233154,0.9939730763435364,0.9840936064720154,0.4054158528645833,0.4589436848958333
0,0.17548222839832306,0.9944234490394592,0.9828891754150391,0.22281901041666666,0.21065266927083334
0,0.13939781486988068,0.9897513389587402,0.9605814218521118,0.21185302734375,0.25244140625
0,0.05965059995651245,0.9853842854499817,0.9424007534980774,0.09406534830729167,0.03546142578125
0,0.00779008911922574,0.36658975481987,0.08601588010787964,0.005411783854166667,0.0
0,0.14829112589359283,0.9772841930389404,0.87716144323349,0.3077290852864583,0.0567626953125
0,0.06435128301382065,0.9678385257720947,0.9015694260597229,0.10434977213541667,0.0
0,0.0073449439369142056,0.6572085022926331,0.07185126841068268,0.004933675130208333,0.0
0,0.10026270151138306,0.9793145656585693,0.8900976181030273,0.21117146809895834,0.0469970703125
0,0.006647368893027306,0.8589553833007812,0.14080463349819183,0.012288411458333334,0.0
0,0.04005386307835579,0.9415467381477356,0.8062385320663452,0.07674153645833333,0.0
0,0.014937215484678745,0.9948403239250183,0.2838657796382904,0.029988606770833332,0.0
0,0.0018733105389401317,0.3855481445789337,0.023330770432949066,0.00013224283854166666,0.0
0,0.005338387563824654,0.9339146018028259,0.11240508407354355,0.009562174479166666,0.0
0,0.04523109272122383,0.9939024448394775,0.8936811685562134,0.077301025390625,0.0
0,0.3139553368091583,0.9891815781593323,0.9691494703292847,0.4643452962239583,0.5682779947916666
0,0.20181746780872345,0.9797840118408203,0.9415467381477356,0.351348876953125,0.415313720703125
0,0.19265539944171906,0.9988707900047302,0.9920926690101624,0.27105712890625,0.322174072265625
0,0.009567891247570515,0.9337939620018005,0.23791925609111786,0.023508707682291668,0.0
0,0.0037962959613651037,0.9613890647888184,0.034944720566272736,0.006622314453125,0.0
0,0.14502955973148346,0.9966885447502136,0.9777563810348511,0.221099853515625,0.13065592447916666
0,0.1279471516609192,0.9918121099472046,0.9653791785240173,0.1861572265625,0.10245768229166667
0,0.0006567335803993046,0.16158466041088104,0.010408314876258373,0.00023396809895833334,0.0
0,0.010702833533287048,0.9912208914756775,0.45031648874282837,0.014383951822916666,0.0
0,0.010629814118146896,0.9078037738800049,0.24925349652767181,0.020762125651041668,0.0
0,0.012093070894479752,0.8946054577827454,0.2590694725513458,0.024881998697916668,0.0
0,0.07936891168355942,0.999099612236023,0.9924227595329285,0.10163370768229167,0.11240641276041667
0,0.12340375781059265,0.9978925585746765,0.990767776966095,0.17169189453125,0.24663289388020834
0,0.08628437668085098,0.9986222982406616,0.9877099394798279,0.12729899088541666,0.11848958333333333
0,0.011893097311258316,0.9356999397277832,0.35745200514793396,0.021169026692708332,0.0
0,0.07385970652103424,0.9899086952209473,0.948819637298584,0.12529500325520834,0.081024169921875
0,0.006000209599733353,0.6745866537094116,0.10669060051441193,0.008778889973958334,0.0
0,0.0036757204215973616,0.775604784488678,0.06632687151432037,0.005594889322916667,0.0
0,0.026411129161715508,0.9748690724372864,0.843360424041748,0.044474283854166664,0.0
0,0.0015896112890914083,0.06313489377498627,0.015603534877300262,0.0,0.0
0,0.17348963022232056,0.978425920009613,0.9359345436096191,0.3237202962239583,0.24751790364583334
0,0.04759475588798523,0.996249258518219,0.9498556852340698,0.060048421223958336,0.076904296875
0,0.1185588464140892,0.9981684684753418,0.991455614566803,0.181884765625,0.061543782552083336
0,0.0012182442005723715,0.9133679866790771,0.016277462244033813,0.000885009765625,0.0
0,0.028881914913654327,0.9915215969085693,0.9121188521385193,0.03619384765625,0.0
0,0.01617841236293316,0.9864678382873535,0.5955748558044434,0.024444580078125,0.0
0,0.0954362154006958,0.9712384939193726,0.8747207522392273,0.18864949544270834,0.0
0,0.01748860441148281,0.9596109390258789,0.39770272374153137,0.035430908203125,0.0
0,0.0020631172228604555,0.41816219687461853,0.03853200003504753,0.0036112467447916665,0.0
0,0.0023708101361989975,0.6805602312088013,0.02822098508477211,0.0003662109375,0.0
0,0.037114452570676804,0.956308901309967,0.7171050310134888,0.0699462890625,0.0
0,0.021018000319600105,0.9745803475379944,0.8318231105804443,0.0313720703125,0.0
0,0.0005247864755801857,0.2568320035934448,0.0061929901130497456,0.00016276041666666666,0.0
0,0.0019954487215727568,0.14953139424324036,0.016655122861266136,2.0345052083333332e-05,0.0
0,0.016185251995921135,0.682044506072998,0.23022155463695526,0.03118896484375,0.0
0,0.0015485918847844005,0.1534222811460495,0.02310795709490776,8.138020833333333e-05,0.0
0,0.0037830916699022055,0.525505781173706,0.08240149915218353,0.005869547526041667,0.0
0,0.004500419832766056,0.8908652067184448,0.057918090373277664,0.00531005859375,0.0
0,0.04009193554520607,0.9817706942558289,0.8211875557899475,0.07245890299479167,0.0
0,0.013159558176994324,0.8492224216461182,0.2252410352230072,0.022023518880208332,0.0
0,0.025154797360301018,0.988711953163147,0.892375111579895,0.040445963541666664,0.0
0,0.034036144614219666,0.9193534255027771,0.7664579749107361,0.05755615234375,0.0
0,0.04070675000548363,0.985042929649353,0.9178933501243591,0.06669108072916667,0.0
0,0.00012782192789018154,0.009090383537113667,0.001372368773445487,0.0,0.0
0,0.0022990910802036524,0.7803279161453247,0.04543721675872803,0.0030517578125,0.0
0,0.0006823439034633338,0.12273333966732025,0.008187909610569477,1.0172526041666666e-05,0.0
0,0.017508825287222862,0.9854404330253601,0.8508222103118896,0.024861653645833332,0.0
0,0.0013357257703319192,0.12357700616121292,0.015424554236233234,1.0172526041666666e-05,0.0
0,0.08736541122198105,0.9991306662559509,0.9926542043685913,0.10044352213541667,0.09755452473958333
0,0.000906335364561528,0.14069005846977234,0.024282481521368027,4.0690104166666664e-05,0.0
0,0.0032183099538087845,0.7233095169067383,0.06560484319925308,0.005228678385416667,0.0
0,0.0011335078161209822,0.21750369668006897,0.01750955730676651,0.000213623046875,0.0
0,0.0029488808941096067,0.34886693954467773,0.0629042461514473,0.0034281412760416665,0.0
0,0.011349484324455261,0.9687971472740173,0.5771867632865906,0.017842610677083332,0.0
0,8.823606913210824e-05,0.009020280092954636,0.0012893284438177943,0.0,0.0
0,0.002252329373732209,0.863391637802124,0.03321117162704468,0.0034077962239583335,0.0
0,0.002618786646053195,0.7354516386985779,0.04777474328875542,0.006032307942708333,0.0
0,0.0012623697984963655,0.16184942424297333,0.014672034420073032,6.103515625e-05,0.0
0,0.00030935017275623977,0.025565214455127716,0.004736749455332756,0.0,0.0
0,0.013382011093199253,0.7794896960258484,0.40915292501449585,0.025634765625,0.0
0,0.13200785219669342,0.9895513653755188,0.9630898833274841,0.20721435546875,0.2566731770833333
0,0.009443688206374645,0.9403530955314636,0.24580304324626923,0.015614827473958334,0.0
0,0.08680330961942673,0.9972955584526062,0.9891815781593323,0.09999593098958333,0.09560139973958333
0,0.07583846151828766,0.9979089498519897,0.9912208914756775,0.09504191080729167,0.06418863932291667
0,0.0009867018088698387,0.1489114910364151,0.018545499071478844,4.0690104166666664e-05,0.0
0,0.007298015058040619,0.9539660811424255,0.1379929929971695,0.011179606119791666,0.0
0,0.0010917005129158497,0.3420218825340271,0.019271137192845345,0.0006510416666666666,0.0
0,0.3559205234050751,0.9995197057723999,0.9980276226997375,0.3810831705729167,0.3869730631510417
0,0.03761216625571251,0.9639160633087158,0.7045637965202332,0.07286580403645833,0.0
0,0.00013365221093408763,0.023464659228920937,0.0014437558129429817,0.0,0.0
0,0.05693891644477844,0.957833468914032,0.7849790453910828,0.120574951171875,0.0
0,0.09070321917533875,0.9764904975891113,0.9125921130180359,0.13624064127604166,0.0
0,0.0004295490216463804,0.10338596999645233,0.009974921122193336,0.0,0.0
0,0.002210186328738928,0.46462827920913696,0.03817827254533768,0.0026448567708333335,0.0
0,9.66292354860343e-05,0.01590639352798462,0.000900446786545217,0.0,0.0
0,0.00306689296849072,0.34037554264068604,0.061536744236946106,0.00244140625,0.0
0,0.10895776003599167,0.9909447431564331,0.9662197828292847,0.14259847005208334,0.11820475260416667
0,0.03195350617170334,0.9769347906112671,0.9217811226844788,0.043609619140625,0.034077962239583336
0,0.0006628899718634784,0.7757747173309326,0.003854363691061735,0.0009969075520833333,0.0
0,0.010827523656189442,0.5379821062088013,0.16344141960144043,0.01904296875,0.0
0,0.0006919340812601149,0.33862364292144775,0.016721144318580627,0.0005594889322916666,0.0
0,0.027960805222392082,0.9978342652320862,0.9491063356399536,0.036905924479166664,0.0
0,0.020264096558094025,0.9877586960792542,0.7906919717788696,0.034200032552083336,0.0
0,0.05307004973292351,0.9644556045532227,0.8742920160293579,0.08891805013020833,0.0
0,0.001776201301254332,0.5201611518859863,0.018797073513269424,0.0037740071614583335,0.0
0,0.06218469515442848,0.969956636428833,0.9003546833992004,0.10577392578125,0.0
0,0.08629003912210464,0.998095691204071,0.9887554049491882,0.12204996744791667,0.06728108723958333
0,0.14245474338531494,0.9930693507194519,0.9753900170326233,0.20430501302083334,0.12964884440104166
0,0.004549986217170954,0.7206632494926453,0.079348623752594,0.004150390625,0.0
0,0.00013114219473209232,0.008610767312347889,0.0011335690505802631,0.0,0.0
0,0.10142805427312851,0.9950946569442749,0.9349913001060486,0.174224853515625,0.13993326822916666
0,0.02432858757674694,0.9910492897033691,0.9038048982620239,0.034067789713541664,0.0
0,0.08643370866775513,0.9681411385536194,0.851582944393158,0.17976888020833334,0.0
0,0.00011754195293178782,0.02822098508477211,0.00214894930832088,0.0,0.0
0,0.018542328849434853,0.9775429368019104,0.8531766533851624,0.022196451822916668,0.0
0,0.005177913699299097,0.49522414803504944,0.1102793738245964,0.008473714192708334,0.0
0,0.0030388152226805687,0.2674081325531006,0.049958519637584686,0.001739501953125,0.0
0,0.00022099498892202973,0.13718533515930176,0.00204276479780674,4.0690104166666664e-05,0.0
0,0.003530035726726055,0.25478699803352356,0.0572819747030735,0.00140380859375,0.0
0,0.005311144515872002,0.8451772928237915,0.08709216862916946,0.007517496744791667,0.0
0,0.07575257122516632,0.9765353798866272,0.843766450881958,0.159912109375,0.0
0,0.12515823543071747,0.9754835963249207,0.9295645356178284,0.228515625,0.09077962239583333
0,0.000851830467581749,0.09417666494846344,0.017442483454942703,0.0,0.0
0,0.003577394410967827,0.28427785634994507,0.057068247348070145,0.0012919108072916667,0.0
0,0.0054486836306750774,0.9690324664115906,0.10070160776376724,0.0087890625,0.0
0,0.25205203890800476,0.9904406070709229,0.961605966091156,0.4680582682291667,0.5694681803385416
0,0.0010750623187050223,0.08359067142009735,0.018123680725693703,0.0,0.0
0,0.008587129414081573,0.8255897164344788,0.13997966051101685,0.011861165364583334,0.0
0,0.00016968829731922597,0.005001672077924013,0.0014048677403479815,0.0,0.0
0,0.003214417025446892,0.3640989661216736,0.075721375644207,0.003987630208333333,0.0
0,0.004442483652383089,0.9438672661781311,0.07779324799776077,0.007395426432291667,0.0
0,0.11019768565893173,0.9605096578598022,0.8881722688674927,0.198486328125,0.1676025390625
0,0.0014578037662431598,0.9588471055030823,0.014392335899174213,0.0012410481770833333,0.0
0,0.03849847614765167,0.966156005859375,0.7214488983154297,0.079681396484375,0.0
0,0.0002997832198161632,0.10017221421003342,0.005841925740242004,0.0,0.0
0,0.37873539328575134,0.9969245791435242,0.9896317720413208,0.4942423502604167,0.473052978515625
0,0.08430242538452148,0.9701269268989563,0.8840392827987671,0.135467529296875,0.0
0,0.07848098129034042,0.9278878569602966,0.7261314988136292,0.17930094401041666,0.0
0,0.0010505010141059756,0.11596072465181351,0.022977370768785477,0.0,0.0
0,0.0026969860773533583,0.15726622939109802,0.03739713504910469,0.000244140625,0.0
0,0.021243497729301453,0.9851003289222717,0.7395992875099182,0.0406494140625,0.0
0,0.005566675681620836,0.8325091600418091,0.10989668220281601,0.009084065755208334,0.0
0,0.025903835892677307,0.8778960704803467,0.42643922567367554,0.06785074869791667,0.0
0,0.0029372263234108686,0.5776740312576294,0.05845002084970474,0.0038350423177083335,0.0
0,0.0020450379233807325,0.29645052552223206,0.03574581444263458,0.0013224283854166667,0.0
0,0.0003575270529836416,0.08079154044389725,0.0060975621454417706,0.0,0.0
0,0.029873348772525787,0.9359345436096191,0.711625337600708,0.058156331380208336,0.0
0,0.021039383485913277,0.9388007521629333,0.6774676442146301,0.037190755208333336,0.0
0,0.0704331248998642,0.9976586103439331,0.9899086952209473,0.09233601888020833,0.06261189778645833
0,0.0008477678056806326,0.07396337389945984,0.01778039149940014,0.0,0.0
0,0.0020946781150996685,0.525338351726532,0.035743795335292816,0.0024210611979166665,0.0
0,0.03880568593740463,0.8844391107559204,0.6372565627098083,0.091400146484375,0.0
0,0.003124398412182927,0.61503005027771,0.045183755457401276,0.0026041666666666665,0.0
0,0.01670713536441326,0.8493474125862122,0.44863489270210266,0.038553873697916664,0.0
0,0.106241874396801,0.9580694437026978,0.8669230937957764,0.195587158203125,0.0
0,0.07271520793437958,0.9991204142570496,0.9946974515914917,0.10176595052083333,0.039306640625
0,5.768110349890776e-05,0.003621685551479459,0.0005274784052744508,0.0,0.0
0,0.132118821144104,0.9702962636947632,0.9129031896591187,0.24053955078125,0.0
0,0.04401663318276405,0.9719393253326416,0.8188773989677429,0.07588704427083333,0.0
0,0.36615490913391113,0.9985221028327942,0.9929609894752502,0.4780069986979167,0.4802347819010417
0,0.010081998072564602,0.9810219407081604,0.23264817893505096,0.018412272135416668,0.0
0,0.3160780966281891,0.9995810389518738,0.9971771240234375,0.4268391927083333,0.488128662109375
0,0.2989484369754791,0.9998103976249695,0.9975656270980835,0.3666788736979167,0.4167887369791667
0,0.03284532204270363,0.9976310729980469,0.9358173608779907,0.048502604166666664,0.0
0,0.3592005670070648,0.9997884631156921,0.9986541271209717,0.3885498046875,0.3844095865885417
0,0.12761269509792328,0.9874235987663269,0.9390214681625366,0.22020467122395834,0.085693359375
0,0.2087494283914566,0.9968024492263794,0.9759464263916016,0.338165283203125,0.3051045735677083
0,0.0453946478664875,0.9979007244110107,0.974531888961792,0.062021891276041664,0.0
0,0.054202232509851456,0.9985277652740479,0.9813465476036072,0.0792236328125,0.029286702473958332
0,0.349691778421402,0.9980732202529907,0.9936357140541077,0.4696756998697917,0.49957275390625
0,0.16094692051410675,0.9943799376487732,0.960212230682373,0.268890380859375,0.0
0,0.11233838647603989,0.9857729077339172,0.9287933707237244,0.20009358723958334,0.057779947916666664
0,0.02863025851547718,0.9941800832748413,0.9264369606971741,0.036275227864583336,0.0
0,0.49079450964927673,0.9992706179618835,0.9963071346282959,0.62109375,0.610198974609375
0,0.3798651695251465,0.9979169964790344,0.9947391152381897,0.48486328125,0.5032246907552084
0,0.1751984804868698,0.9969839453697205,0.9662834405899048,0.305999755859375,0.19968668619791666
0,0.5091016888618469,0.9976310729980469,0.9867261648178101,0.7038981119791666,0.7651570638020834
0,0.3195320665836334,0.9991440773010254,0.9951136708259583,0.4781290690104167,0.7075602213541666
0,0.05536956712603569,0.9954082369804382,0.94344562292099,0.09452311197916667,0.0
0,0.2797819674015045,0.9990490078926086,0.9961155652999878,0.3406473795572917,0.3583780924479167
0,0.5246326923370361,0.9996259212493896,0.9981825351715088,0.6393025716145834,0.6168212890625
0,8.186308696167544e-05,0.00985985528677702,0.0009110511746257544,0.0,0.0
0,0.011524436064064503,0.9808759689331055,0.41394558548927307,0.015391031901041666,0.0
0,0.0001341902679996565,0.05370030552148819,0.0017007224960252643,0.0,0.0
0,0.49846014380455017,0.9999929666519165,0.9996594190597534,0.59130859375,0.688629150390625
0,0.028346175327897072,0.9922444224357605,0.8346725106239319,0.046824137369791664,0.0
0,0.07575839757919312,0.9700134992599487,0.7732163667678833,0.16515733333333332,0.0
0,0.35290324687957764,0.9742884635925293,0.9099069833755493,0.654368,0.7417493333333334
0,0.027128608897328377,0.9667260646820068,0.6545647382736206,0.048432,0.015264
0,0.007567926310002804,0.849846601486206,0.10338596999645233,0.007749333333333333,0.0
0,0.10154140740633011,0.9989392161369324,0.9759923219680786,0.17717488606770834,0.0
0,0.0811651423573494,0.9962782263755798,0.9537942409515381,0.123809814453125,0.0
0,0.031128311529755592,0.9999097585678101,0.9150543212890625,0.050169270833333335,0.0
0,0.0730111300945282,0.9916195869445801,0.8282453417778015,0.13980833333333334,0.02995625
0,0.6209085583686829,0.9996215105056763,0.9975466132164001,0.7026167992047714,0.7322514910536779
0,0.07865961641073227,0.997285008430481,0.957912266254425,0.14684166666666668,0.0
0,0.3024912476539612,0.9972531199455261,0.9908389449119568,0.38877083333333334,0.3533375
0,0.11689639091491699,0.994820237159729,0.9500414729118347,0.2216268677841357,0.0
0,0.2664361000061035,0.9992848038673401,0.9810945987701416,0.3706108560374764,0.2623208334304426
0,0.14897608757019043,0.9988752007484436,0.9816303849220276,0.23343691148775894,0.11912429378531074
0,0.047171205282211304,0.9944451451301575,0.9167081117630005,0.07775696445725264,0.0
0,0.03079003468155861,0.9916519522666931,0.7661746740341187,0.048484848484848485,0.0
0,0.18903546035289764,0.9998133778572083,0.9919691681861877,0.2676741573033708,0.3071292134831461
0,0.2094312310218811,0.9962199330329895,0.9549844264984131,0.37430594900849856,0.28819830028328614
0,0.2524486184120178,0.9982247948646545,0.982557475566864,0.4513885714285714,0.44138285714285713
0,0.12919743359088898,0.9997677206993103,0.9973061084747314,0.17101160862354892,0.12082089552238806
0,0.0021674935705959797,0.43578144907951355,0.0272726658731699,0.0006513926325247079,0.0
0,0.003064241725951433,0.9671630263328552,0.04501553252339363,0.002645719489981785,0.0
0,0.12134230136871338,0.9972099661827087,0.969613254070282,0.21478260869565216,0.0786231884057971
0,0.13845254480838776,0.9995063543319702,0.9531008005142212,0.2719047619047619,0.13689655172413792
0,0.10362163931131363,0.979393482208252,0.8675976395606995,0.2010016420361248,0.20974137931034484
0,0.07787833362817764,0.960212230682373,0.8155279755592346,0.1552936311000827,0.1052605459057072
0,0.04940622299909592,0.9983579516410828,0.8079171776771545,0.0947483498349835,0.0
0,0.0009947398211807013,0.7861306667327881,0.015247589908540249,0.00030864197530864197,0.0
0,0.2652350664138794,0.9998028874397278,0.9980276226997375,0.3074938574938575,0.28744471744471745
0,0.5277758240699768,0.9990960359573364,0.9956516623497009,0.6089430643101388,0.6424061714662382
0,0.3724423050880432,0.9973269701004028,0.9843964576721191,0.5704957849994874,0.604733628265081
0,0.08314576745033264,0.9958499670028687,0.8996515870094299,0.15007979011143568,0.0
0,0.058295466005802155,0.9971327781677246,0.9127477407455444,0.09175208333333333,0.0
0,0.9314486980438232,0.9997918009757996,0.9980121850967407,0.9865080325334409,1.0
0,0.06254450231790543,0.9983707070350647,0.9434518814086914,0.09857149294759136,0.0
0,0.05526522919535637,0.9963071346282959,0.8720207810401917,0.10098805147058823,0.0
0,0.015506329014897346,0.9675945043563843,0.37708520889282227,0.025067726737338043,0.0
0,0.02919740229845047,0.9798997044563293,0.7694269418716431,0.05017802155504234,0.0
0,0.5204900503158569,0.9988395571708679,0.9941118359565735,0.6665708757208268,0.716405157384524
0,0.0020037402864545584,0.0684129148721695,0.020283009856939316,0.0,0.0
0,0.02244175225496292,0.9827572107315063,0.36500388383865356,0.03582066688226583,0.0
0,0.004181723576039076,0.9833430051803589,0.0896090492606163,0.007069905598958333,0.0
0,0.20980201661586761,0.9915215969085693,0.9727790951728821,0.3112691243489583,0.229248046875
0,0.5899823307991028,0.9982247948646545,0.9954082369804382,0.744110107421875,0.9092203776041666
0,0.8393173813819885,0.9989433884620667,0.9962051510810852,0.9707132975260416,1.0
0,0.21343176066875458,0.9957518577575684,0.9842154383659363,0.3135986328125,0.20746866861979166
0,0.5727819800376892,0.9983707070350647,0.9942920207977295,0.7149149576822916,0.7889912923177084
0,0.6531280279159546,0.9979966282844543,0.9931495785713196,0.80389404296875,0.9087015787760416
0,0.040821872651576996,0.9875683188438416,0.9006993770599365,0.07140096028645833,0.0
0,0.6515990495681763,0.9981968998908997,0.9927391409873962,0.83404541015625,1.0
0,0.13913054764270782,0.9784671068191528,0.8985832929611206,0.2916666666666667,0.0
0,0.36407455801963806,0.9993976354598999,0.9934357404708862,0.4949544270833333,0.5766092936197916
0,0.23261301219463348,0.9986853003501892,0.9931760430335999,0.3229777018229167,0.195770263671875
0,0.22393684089183807,0.9995417594909668,0.9963210225105286,0.3108927408854167,0.324310302734375
0,0.21514706313610077,0.9991100430488586,0.9842759370803833,0.31817626953125,0.3112589518229167
0,0.27832770347595215,0.9977216124534607,0.9928786158561707,0.4322509765625,0.57440185546875
0,0.10226711630821228,0.9908034801483154,0.9404592514038086,0.17522176106770834,0.0
0,0.22675645351409912,0.999312162399292,0.9960237741470337,0.3402506510416667,0.146820068359375
0,0.10600284487009048,0.9957020878791809,0.9811307191848755,0.16026814778645834,0.089508056640625
0,0.6014099717140198,0.9994946718215942,0.9972637891769409,0.6860555013020834,0.7210795084635416
0,0.467130184173584,0.9985334873199463,0.9948403239250183,0.5934549967447916,0.6541849772135416
0,0.01724577695131302,0.983020007610321,0.6966686844825745,0.025421142578125,0.0
0,0.0870996043086052,0.9839708209037781,0.8782036304473877,0.18320719401041666,0.0
0,0.4483395516872406,0.9995380640029907,0.9975080490112305,0.563629150390625,0.6070149739583334
0,0.4036276340484619,0.9978843331336975,0.9899086952209473,0.5974934895833334,0.7395731608072916
0,0.09572985023260117,0.9959613680839539,0.9707432389259338,0.16102091471354166,0.0
0,0.051181960850954056,0.9981104135513306,0.9732869267463684,0.076446533203125,0.0
0,0.620685338973999,0.999595582485199,0.9978087544441223,0.7545674641927084,0.9006144205729166
0,0.31795385479927063,0.9970421195030212,0.9878981709480286,0.4464009602864583,0.477447509765625
0,0.3547486364841461,0.9993410706520081,0.9958499670028687,0.5220438639322916,0.638702392578125
0,0.30436572432518005,0.9955315589904785,0.9851558804512024,0.4566243489583333,0.4105733235677083
0,0.5475944876670837,0.9985951781272888,0.9934611320495605,0.723968505859375,0.9784749348958334
0,0.5604787468910217,0.9995793700218201,0.9946358799934387,0.75946044921875,1.0
0,0.35416802763938904,0.9985674619674683,0.990767776966095,0.5466715494791666,0.6498819986979166
0,0.4421428143978119,0.9980581402778625,0.9926826357841492,0.6217854817708334,0.7665913899739584
0,0.6387915015220642,0.998498797416687,0.9953904151916504,0.7757670084635416,0.8542582194010416
0,0.5869393944740295,0.9987157583236694,0.9953181147575378,0.7770487467447916,1.0
0,0.17562507092952728,0.9990600943565369,0.9945307374000549,0.22932942708333334,0.18815104166666666
0,0.5485580563545227,0.9975080490112305,0.9912198781967163,0.71856689453125,0.8148701985677084
0,0.4589507579803467,0.9995025396347046,0.9965165853500366,0.5677490234375,0.6306864420572916
0,0.4707867205142975,0.9979007244110107,0.9927672147750854,0.6370849609375,0.73388671875
0,0.23736529052257538,0.9934357404708862,0.9624620079994202,0.3896687825520833,0.4108988444010417
0,0.1717265397310257,0.9987157583236694,0.9695538878440857,0.2939453125,0.07343546549479167
0,0.2404262274503708,0.9977656602859497,0.9902915358543396,0.36602783203125,0.434600830078125
0,0.29816749691963196,0.9990781545639038,0.9944880604743958,0.400299072265625,0.413299560546875
0,0.09485018253326416,0.9947799444198608,0.9598374962806702,0.14112345377604166,0.13968912760416666
0,0.4577108919620514,0.9976032376289368,0.9878528118133545,0.6530965169270834,0.9074605305989584
0,0.09840959310531616,0.9931495785713196,0.9595351815223694,0.15179443359375,0.0
0,0.5233311653137207,0.9954082369804382,0.988447368144989,0.7101542154947916,0.83343505859375
0,0.10860735177993774,0.9963783621788025,0.958304226398468,0.19057210286458334,0.0
0,0.10370218753814697,0.9839090704917908,0.936168372631073,0.2060546875,0.0
0,0.39349427819252014,0.9985619187355042,0.9942920207977295,0.5389506022135416,0.7032470703125
0,0.3958613872528076,0.9970073103904724,0.9815951585769653,0.5821126302083334,0.77349853515625
0,0.3852972090244293,0.9902915358543396,0.9785903096199036,0.5702107747395834,0.690704345703125
0,0.4272494316101074,0.9966885447502136,0.9849274158477783,0.6214497884114584,0.759063720703125
0,0.2561582028865814,0.9984391331672668,0.9870296716690063,0.383514404296875,0.4911092122395833
0,0.41251489520072937,0.9985392093658447,0.9954967498779297,0.5187276204427084,0.4895222981770833
0,0.15458334982395172,0.9900636076927185,0.9704086184501648,0.24256388346354166,0.17078653971354166
0,0.4934128522872925,0.9960082769393921,0.9828232526779175,0.7147216796875,0.7894083658854166
0,0.020800938829779625,0.973087728023529,0.6716827154159546,0.0325927734375,0.0
0,0.3198636472225189,0.9994046688079834,0.9976218342781067,0.4329935709635417,0.372222900390625
0,0.13522131741046906,0.9974787831306458,0.9810583591461182,0.22491455078125,0.11798095703125
0,0.3956172466278076,0.9944666028022766,0.9800912737846375,0.5886433919270834,0.6737263997395834
0,0.01186193898320198,0.9996316432952881,0.3302454352378845,0.022552490234375,0.0
0,0.0002720827760640532,0.007636216934770346,0.002251847181469202,0.0,0.0
0,0.3273089826107025,0.9991507530212402,0.9905874133110046,0.4475606282552083,0.4891153971354167
0,0.48232805728912354,0.9983515739440918,0.9946568012237549,0.671051025390625,0.9456583658854166
0,0.07300455123186111,0.8885655403137207,0.7414868474006653,0.16386922200520834,0.0
0,0.31322649121284485,0.9993513226509094,0.9977127313613892,0.3710734049479167,0.36083984375
0,0.16947060823440552,0.996160626411438,0.9787114262580872,0.26239013671875,0.1737060546875
0,0.4313225746154785,0.9985277652740479,0.9937100410461426,0.6032206217447916,0.6718546549479166
0,0.23223401606082916,0.9957518577575684,0.9853278994560242,0.3675028483072917,0.4067484537760417
0,0.33020323514938354,0.9986489415168762,0.9920002222061157,0.4368387858072917,0.40228271484375
0,0.43475618958473206,0.9990960359573364,0.9961755275726318,0.5342814127604166,0.5849100748697916
0,0.03253239393234253,0.9857729077339172,0.8748244643211365,0.053782145182291664,0.0
0,0.5373700261116028,0.9981541037559509,0.9921841025352478,0.74053955078125,1.0
0,0.2400117963552475,0.9960851669311523,0.9728292226791382,0.402587890625,0.4952392578125
0,0.4995068311691284,0.9976218342781067,0.9939730763435364,0.612060546875,0.64385986328125
0,0.21492402255535126,0.9970878958702087,0.9819446802139282,0.3155721028645833,0.2722981770833333
0,0.2894362211227417,0.9991065859794617,0.9956685304641724,0.4056396484375,0.4788716634114583
0,0.4498419463634491,0.9995694756507874,0.9960082769393921,0.5663045247395834,0.7230021158854166
0,0.7681365609169006,0.9980276226997375,0.9944451451301575,0.8793843587239584,0.9416707356770834
0,0.31072545051574707,0.9993281364440918,0.9934603571891785,0.4354654947916667,0.4293111165364583
0,0.17781031131744385,0.9977743029594421,0.9868786931037903,0.2575785319010417,0.15937296549479166
0,0.11642184853553772,0.9918437600135803,0.9625324606895447,0.17314656575520834,0.17879231770833334
0,0.37613746523857117,0.998095691204071,0.9909797310829163,0.5327351888020834,0.6443684895833334
0,0.07077819854021072,0.9927672147750854,0.9628111124038696,0.10172526041666667,0.0689697265625
0,0.24708060920238495,0.9976218342781067,0.9867246150970459,0.3566792805989583,0.2859598795572917
0,0.04654387757182121,0.9880849719047546,0.8906751871109009,0.07737223307291667,0.0
0,0.5169013142585754,0.9983385801315308,0.9899086952209473,0.69573974609375,0.7245279947916666
0,0.6413891911506653,0.9978760480880737,0.9947595000267029,0.7745869954427084,0.7989501953125
0,0.5483874678611755,0.9978342652320862,0.9881765246391296,0.7589925130208334,0.9555460611979166
0,0.6196144223213196,0.999762237071991,0.997730553150177,0.775146484375,0.9784749348958334
0,0.6866208910942078,0.9975939393043518,0.9934611320495605,0.8150736490885416,0.914215087890625
0,0.0859120562672615,0.9973165392875671,0.969668984413147,0.14227294921875,0.046142578125
0,0.002224433934316039,0.798501193523407,0.048945896327495575,0.0031331380208333335,0.0
0,0.3223085403442383,0.9909797310829163,0.9728292226791382,0.5111287434895834,0.544097900390625
0,0.6483609676361084,0.9998028874397278,0.9989836812019348,0.7203470865885416,0.775665283203125
0,0.010743695311248302,0.9711838364601135,0.2603894770145416,0.018900553385416668,0.0
0,0.043138135224580765,0.9772408604621887,0.8747143149375916,0.07025146484375,0.0
0,0.5408436059951782,0.9995326995849609,0.9970073103904724,0.7016805013020834,0.9053955078125
0,0.031754057854413986,0.9866234660148621,0.8571677803993225,0.048187255859375,0.0
0,0.5446787476539612,0.9995253086090088,0.9976769089698792,0.6854756673177084,0.8035685221354166
0,0.192358136177063,0.9986593723297119,0.9906226992607117,0.2851664225260417,0.20921834309895834
0,0.00012841504940297455,0.012920473702251911,0.0015546316280961037,0.0,0.0
0,0.7280364036560059,0.9998766183853149,0.9989225268363953,0.802093505859375,0.8400675455729166
0,0.40153321623802185,0.9984021782875061,0.9885804057121277,0.6005961100260416,0.7435302734375
0,0.39872053265571594,0.9956176280975342,0.9844563603401184,0.535491943359375,0.580810546875
0,0.584769606590271,0.9996898174285889,0.9984812140464783,0.68939208984375,0.7076009114583334
0,0.03858057036995888,0.9942920207977295,0.8816087245941162,0.06786092122395833,0.0
0,0.19847677648067474,0.9996125102043152,0.9936116337776184,0.2543436686197917,0.21905517578125
0,7.004473445704207e-05,0.00740301376208663,0.0008727669483050704,0.0,0.0
0,0.49096885323524475,0.9985785484313965,0.9945307374000549,0.6174418131510416,0.6539815266927084
0,0.14015533030033112,0.9949396848678589,0.9776712656021118,0.20896402994791666,0.095245361328125
0,0.20740902423858643,0.9949199557304382,0.978175938129425,0.3160400390625,0.13653564453125
0,0.47676071524620056,0.9973887801170349,0.9921233057975769,0.657867431640625,0.857666015625
0,0.42930254340171814,0.9990527033805847,0.994820237159729,0.5768330891927084,0.744964599609375
0,0.007284824270755053,0.972933828830719,0.19558487832546234,0.01324462890625,0.0
0,0.09134364128112793,0.9921537041664124,0.9597620368003845,0.15041097005208334,0.13474527994791666
0,0.11492982506752014,0.991355836391449,0.9585376977920532,0.19403076171875,0.06722005208333333
0,0.002273591235280037,0.9893885254859924,0.013636835850775242,0.0018513997395833333,0.0
0,0.0007376966532319784,0.05203782394528389,0.016914913430809975,0.0,0.0
0,0.003075728192925453,0.7429815530776978,0.05942494794726372,0.0038350423177083335,0.0
0,0.3166956305503845,0.9998218417167664,0.9977568984031677,0.3973185221354167,0.4161275227864583
0,0.0020489536691457033,0.3377494215965271,0.02811245620250702,0.0006103515625,0.0
0,0.11333534121513367,0.9890130758285522,0.9003546833992004,0.21637980143229166,0.0
0,0.31633540987968445,0.998807430267334,0.9921841025352478,0.47467041015625,0.5152486165364584
0,0.12008798122406006,0.9868786931037903,0.9369805455207825,0.21837361653645834,0.0469970703125
0,0.03435884416103363,0.9860442876815796,0.9005298018455505,0.052134195963541664,0.0252685546875
0,0.0006884311442263424,0.030559862032532692,0.006265533156692982,0.0,0.0
0,0.5600273013114929,0.998498797416687,0.9925969839096069,0.7353108723958334,0.9069315592447916
0,0.3574458658695221,0.9998840093612671,0.9991204142570496,0.4418741861979167,0.4692179361979167
0,0.008958832360804081,0.9447912573814392,0.23299182951450348,0.017293294270833332,0.0
0,0.8438560366630554,0.9994907379150391,0.9979007244110107,0.925506591796875,0.9650472005208334
0,0.0002707559324335307,0.04216654598712921,0.0027788663282990456,0.0,0.0
0,0.11288177967071533,0.9979493021965027,0.9808748960494995,0.15374755859375,0.12437947591145833
0,0.12108250707387924,0.9976403713226318,0.9900250434875488,0.17930094401041666,0.11225382486979167
0,0.05230485275387764,0.9987106323242188,0.9737446904182434,0.08381144205729167,0.0
0,0.03349628672003746,0.9518632292747498,0.7320002913475037,0.06606038411458333,0.0
0,0.47926345467567444,0.9980881810188293,0.9932025074958801,0.6265767415364584,0.7392069498697916
0,0.32514330744743347,0.998095691204071,0.9904775619506836,0.4644063313802083,0.5427144368489584
0,0.7734878063201904,0.9996302127838135,0.9968763589859009,0.9089152018229166,0.95892333984375
0,0.2538217604160309,0.9965435862541199,0.9835337996482849,0.3642781575520833,0.3715616861979167
0,0.31375953555107117,0.9990414977073669,0.9961903095245361,0.4345804850260417,0.5239969889322916
0,0.09998607635498047,0.9813465476036072,0.9092645049095154,0.184295654296875,0.0
0,0.008655085228383541,0.9680808186531067,0.2605662941932678,0.015879313151041668,0.0
0,0.08566433191299438,0.9994578957557678,0.9969839453697205,0.09974161783854167,0.08359781901041667
0,0.5371971726417542,0.9983256459236145,0.9945730566978455,0.6627705891927084,0.7499186197916666
0,0.3431287705898285,0.9990924596786499,0.995075523853302,0.487640380859375,0.5760701497395834
0,0.0503983236849308,0.9942474365234375,0.9568765759468079,0.07710774739583333,0.044138590494791664
0,0.008148341439664364,0.8872045874595642,0.20705431699752808,0.017018636067708332,0.0
0,0.07587709277868271,0.9901019334793091,0.9116480946540833,0.133331298828125,0.0
0,0.020337369292974472,0.9370958209037781,0.34842005372047424,0.042826334635416664,0.0
0,0.07175824046134949,0.9985619187355042,0.9860442876815796,0.10975138346354167,0.052347819010416664
0,0.00081670779036358,0.3893723785877228,0.010489092208445072,0.00042724609375,0.0
0,0.11744929105043411,0.9923341274261475,0.9757610559463501,0.17732747395833334,0.13825480143229166
0,0.5839768052101135,0.9980429410934448,0.9932811260223389,0.708770751953125,0.8210245768229166
0,0.4264490604400635,0.9990149736404419,0.9954439401626587,0.5096333821614584,0.5502115885416666
0,0.31466144323349,0.9985392093658447,0.9922744631767273,0.4509175618489583,0.6029459635416666
0,0.00020989270706195384,0.06313489377498627,0.00266261282376945,0.0,0.0
0,0.2830943465232849,0.9979731440544128,0.9929609894752502,0.3847452799479167,0.47412109375
0,0.16427119076251984,0.9893885254859924,0.95735764503479,0.2738749186197917,0.0
0,0.2004193812608719,0.9994725584983826,0.9927383065223694,0.3203531901041667,0.16718546549479166
0,0.34724292159080505,0.9991927742958069,0.991388201713562,0.47442626953125,0.52056884765625
0,0.16352307796478271,0.9992734789848328,0.9881295561790466,0.235321044921875,0.052968343098958336
0,0.2595769464969635,0.9983059167861938,0.9880388379096985,0.4053853352864583,0.4079996744791667
0,0.14363500475883484,0.9962199330329895,0.9834068417549133,0.23063151041666666,0.23475138346354166
0,0.6104485988616943,0.9980429410934448,0.9914886951446533,0.7203877766927084,0.7513834635416666
0,0.0022425588686019182,0.0838903859257698,0.021864555776119232,0.0,0.0
0,0.35463234782218933,0.9993281364440918,0.9957848191261292,0.4453938802083333,0.4437967936197917
0,0.3940962851047516,0.995685338973999,0.978425920009613,0.6169637044270834,0.7260640462239584
0,0.0022680636029690504,0.5101990699768066,0.02753293886780739,0.00103759765625,0.0
0,0.34716227650642395,0.997739315032959,0.9890553951263428,0.486236572265625,0.5650227864583334
0,0.00450902758166194,0.6927459239959717,0.07250525057315826,0.004811604817708333,0.0
0,0.07431649416685104,0.9810219407081604,0.9107043743133545,0.127410888671875,0.0
0,0.03166907653212547,0.9904035329818726,0.6357777714729309,0.059326171875,0.0
0,0.0765736922621727,0.9834704995155334,0.907312273979187,0.129241943359375,0.0
0,0.17980484664440155,0.9975177049636841,0.9881295561790466,0.2721150716145833,0.205169677734375
0,0.0062021841295063496,0.8070047497749329,0.1285218745470047,0.011220296223958334,0.0
0,0.03567223623394966,0.9854404330253601,0.8358818292617798,0.06621297200520833,0.0
0,0.19111783802509308,0.9918121099472046,0.9499486684799194,0.3691914876302083,0.3561299641927083
0,0.002092828042805195,0.8316905498504639,0.029477735981345177,0.00146484375,0.0
0,0.4471731185913086,0.9994138479232788,0.9953904151916504,0.6334737141927084,1.0
0,0.5314217209815979,0.9996750354766846,0.9966756105422974,0.6794942220052084,0.7571309407552084
0,0.213689386844635,0.9997712969779968,0.997368335723877,0.2935892740885417,0.229705810546875
0,0.17104488611221313,0.9992734789848328,0.9954615235328674,0.2859395345052083,0.15568033854166666
0,0.006678035948425531,0.8848377466201782,0.09585100412368774,0.0079345703125,0.0
0,0.383894681930542,0.9984632730484009,0.993854820728302,0.530059814453125,0.6771443684895834
0,0.4724813401699066,0.9993067979812622,0.9957352876663208,0.5950215657552084,0.6343892415364584
0,0.00585222989320755,0.5030154585838318,0.14080817997455597,0.012939453125,0.0
0,0.0018367056036368012,0.45447221398353577,0.027637720108032227,0.0016682942708333333,0.0
0,0.0006824652082286775,0.024283869192004204,0.00985985528677702,0.0,0.0
0,0.03446105495095253,0.9757161140441895,0.8271310925483704,0.062113444010416664,0.0
0,0.0034392832312732935,0.3930937349796295,0.07863814383745193,0.004526774088541667,0.0
0,0.005880405660718679,0.6975059509277344,0.11104826629161835,0.009053548177083334,0.0
0,0.719067394733429,0.9998568296432495,0.9989012479782104,0.8563741048177084,1.0
0,0.09679148346185684,0.9967268705368042,0.9722570776939392,0.16132609049479166,0.083465576171875
0,0.049903109669685364,0.9949788451194763,0.9382373094558716,0.08665974934895833,0.0
0,0.08014757931232452,0.9981827735900879,0.9865199327468872,0.10625203450520833,0.057729085286458336
0,0.0004952873568981886,0.3711366653442383,0.005260852165520191,0.0003662109375,0.0
0,0.014539887197315693,0.9918437600135803,0.5428248643875122,0.023630777994791668,0.0
0,0.022175326943397522,0.98046875,0.8824217915534973,0.032114664713541664,0.0
0,0.019781416282057762,0.918333888053894,0.5782660245895386,0.038289388020833336,0.0
0,0.1301838606595993,0.9930693507194519,0.9787126779556274,0.19917805989583334,0.13330078125
0,0.013268820010125637,0.589716374874115,0.1678997427225113,0.0240478515625,0.0
0,0.14092931151390076,0.9927391409873962,0.9662197828292847,0.21314493815104166,0.19172159830729166
0,0.001461924402974546,0.16438227891921997,0.015130727551877499,1.0172526041666666e-05,0.0
0,0.09049659967422485,0.9966365098953247,0.9687380790710449,0.14850870768229166,0.0
0,0.27439093589782715,0.9993712306022644,0.9953363537788391,0.34088134765625,0.2916463216145833
0,0.07794060558080673,0.9978594183921814,0.9797840118408203,0.129547119140625,0.0
0,0.0010803632903844118,0.39641863107681274,0.010986942797899246,0.00042724609375,0.0
0,0.0718018189072609,0.9984573125839233,0.9927109479904175,0.101715087890625,0.11334228515625
0,0.0008297792519442737,0.7862948179244995,0.009161027148365974,0.0012703252032520325,0.0
0,0.0327429361641407,0.9937345385551453,0.9063219428062439,0.056009928385416664,0.0
0,0.013266761787235737,0.982355535030365,0.6644052863121033,0.018412272135416668,0.0
0,0.044977616518735886,0.9979007244110107,0.8671448826789856,0.08294677734375,0.0
0,0.15986306965351105,0.9937100410461426,0.9822876453399658,0.21522013346354166,0.189239501953125
0,0.00020793569274246693,0.0443485863506794,0.00407013762742281,0.0,0.0
0,0.0010981900850310922,0.9401335716247559,0.015365341678261757,0.0010579427083333333,0.0
0,0.0002489254402462393,0.0384661927819252,0.0042151594534516335,0.0,0.0
0,0.003370711812749505,0.30923229455947876,0.06680867820978165,0.003265380859375,0.0
0,0.014230749569833279,0.9522199034690857,0.2889702320098877,0.026295979817708332,0.0
0,0.18911631405353546,0.999555766582489,0.9832789301872253,0.2874863526992506,0.2472466901983231
0,0.2411416918039322,0.9993358254432678,0.9886682629585266,0.37169444444444444,0.3489111111111111
0,0.03310343995690346,0.9779256582260132,0.7209580540657043,0.0535015015015015,0.0
0,0.05324578285217285,0.9899086952209473,0.9113281965255737,0.092254638671875,0.0
0,0.14195223152637482,0.9990378618240356,0.9879462122917175,0.21161242603550295,0.19710305719921103
0,0.30507585406303406,0.9995778203010559,0.9942025542259216,0.3972016765285996,0.3630103550295858
0,0.020196780562400818,0.985496461391449,0.646070659160614,0.028318881118881117,0.0
0,0.006351886782795191,0.6929537653923035,0.11104826629161835,0.008805361305361305,0.0
0,0.005633109714835882,0.994401752948761,0.11516222357749939,0.009819347319347319,0.0
0,0.00046257340000011027,0.4638995826244354,0.006692850962281227,0.00035560653857183823,0.0
0,0.03606977313756943,0.9977038502693176,0.9530579447746277,0.05035812672176308,0.0
0,0.029542652890086174,0.9974589943885803,0.9238675236701965,0.044516246805403434,0.0
0,0.010830013081431389,0.9754368662834167,0.1557193398475647,0.012789214793222809,0.0
0,0.008528496138751507,0.9878996014595032,0.2018163651227951,0.014151708164447017,0.0
0,0.07326825708150864,0.9985392093658447,0.9388007521629333,0.11635,0.050627083333333336
0,0.07125552743673325,0.9981827735900879,0.9859364032745361,0.11644958821608678,0.041798788230598995
0,0.011365395970642567,0.999906063079834,0.29798245429992676,0.016753731343283583,0.0
0,0.043036654591560364,0.9902915358543396,0.7599387168884277,0.09634742951907131,0.0
0,0.03692883998155594,0.9964480400085449,0.9319608211517334,0.05741293532338308,0.026712271973466005
0,0.00480295717716217,0.975296139717102,0.10875558853149414,0.009378109452736318,0.0
0,0.014087893068790436,0.9194981455802917,0.3182732164859772,0.02740464344941957,0.0
0,0.015347452834248543,0.9990149736404419,0.3738781213760376,0.02416252072968491,0.0
0,0.0005938874091953039,0.14426937699317932,0.008711384609341621,9.1552734375e-05,0.0
0,0.12478113174438477,0.9996002316474915,0.9970186948776245,0.17131551106770834,0.12328084309895833
0,0.023016182705760002,0.9282788634300232,0.725333571434021,0.041056315104166664,0.0
0,0.0020431913435459137,0.42901068925857544,0.034227389842271805,0.000946044921875,0.0
0,0.002478420501574874,0.9362850189208984,0.030271869152784348,0.00213623046875,0.0
0,0.043696556240320206,0.9971771240234375,0.9242745637893677,0.08515421549479167,0.0
0,0.00014850847946945578,0.048496000468730927,0.0018602986820042133,0.0,0.0
0,0.5344681739807129,0.9997367262840271,0.9981470108032227,0.6641947428385416,0.7329610188802084
0,0.0006904937326908112,0.05252167582511902,0.01040710974484682,0.0,0.0
0,0.01026103738695383,0.964655876159668,0.19436323642730713,0.014536539713541666,0.0
0,0.0010544159449636936,0.5261297225952148,0.021822823211550713,0.000518798828125,0.0
0,0.00065073516452685,0.834811270236969,0.00982179306447506,0.0002644856770833333,0.0
0,0.02498611807823181,0.9695556163787842,0.7617157697677612,0.043375651041666664,0.0
0,0.018595056608319283,0.9909447431564331,0.8257260322570801,0.025716145833333332,0.0
0,0.0028721727430820465,0.40650856494903564,0.05127241834998131,0.0014750162760416667,0.0
0,0.12569686770439148,0.9975751042366028,0.9858258962631226,0.18538411458333334,0.17423502604166666
0,0.06856825947761536,0.9945730566978455,0.9398029446601868,0.12921142578125,0.0
0,0.10518879443407059,0.9965435862541199,0.9812389612197876,0.1451416015625,0.09932454427083333
0,0.07449010014533997,0.9953363537788391,0.9144299030303955,0.14031982421875,0.0
0,0.09005007892847061,0.9762653708457947,0.8696005940437317,0.177886962890625,0.0
0,0.08976735919713974,0.9942697286605835,0.967777669429779,0.134124755859375,0.0
0,0.05534575507044792,0.9956005811691284,0.9608027338981628,0.08360799153645833,0.0
0,0.26678666472435,0.9990302324295044,0.9910838603973389,0.3817952473958333,0.3381856282552083
0,0.04531581327319145,0.9985449314117432,0.9378969073295593,0.07550048828125,0.0
0,0.19173495471477509,0.9993638396263123,0.9857181310653687,0.2762552897135417,0.23548380533854166
0,0.0013521170476451516,0.2954331338405609,0.017984144389629364,0.0003255208333333333,0.0
0,0.18256628513336182,0.9992327690124512,0.9883127808570862,0.3037109375,0.1190185546875
0,0.016378207132220268,0.9774571061134338,0.36454448103904724,0.022674560546875,0.0
0,0.18067394196987152,0.9983450174331665,0.9758071303367615,0.3102010091145833,0.180450439453125
0,0.0034110955893993378,0.6109178066253662,0.03662929683923721,0.0008646647135416666,0.0
0,0.03995118662714958,0.982624351978302,0.8927496671676636,0.065399169921875,0.0
0,0.0035660306457430124,0.3037317991256714,0.061192505061626434,0.00384521484375,0.0
0,0.006325529422610998,0.953880250453949,0.11797191202640533,0.0098876953125,0.0
0,0.0030118010472506285,0.665410578250885,0.05561453849077225,0.0038960774739583335,0.0
0,0.016809357330203056,0.9556514620780945,0.3107989430427551,0.040476481119791664,0.0
0,0.03159019351005554,0.9531880021095276,0.595779538154602,0.06440226236979167,0.0
0,0.038122326135635376,0.9962051510810852,0.975669801235199,0.062103271484375,0.019256591796875
0,0.04947681352496147,0.9670388102531433,0.8875949382781982,0.09063720703125,0.056732177734375
0,0.047137144953012466,0.9969125986099243,0.9268312454223633,0.07616170247395833,0.0
0,0.018189258873462677,0.9773707389831543,0.770114004611969,0.02923583984375,0.0
0,0.13242322206497192,0.9988530874252319,0.9932811260223389,0.17394002278645834,0.15775553385416666
0,0.06492266058921814,0.9991735816001892,0.9917163252830505,0.09261067708333333,0.0
0,0.027999669313430786,0.9930423498153687,0.756717324256897,0.050638834635416664,0.0
0,0.003289939137175679,0.9945095181465149,0.03711691126227379,0.004079182942708333,0.0
0,0.5670490264892578,0.9996646642684937,0.9984269142150879,0.6755167643229166,0.8131815592447916
0,0.0010082557564601302,0.6194137334823608,0.018869254738092422,0.000335693359375,0.0
0,0.03031192533671856,0.9898303151130676,0.9081302285194397,0.045125325520833336,0.0
0,0.0003216584154870361,0.018689310178160667,0.003260345896705985,0.0,0.0
0,0.0017445961711928248,0.7779752612113953,0.016657039523124695,0.00244140625,0.0
0,0.011744177900254726,0.9974689483642578,0.532082736492157,0.012440999348958334,0.0
0,0.005601557437330484,0.782163679599762,0.0991208553314209,0.007273356119791667,0.0
0,0.00017064048734027892,0.04611974582076073,0.0019800399895757437,0.0,0.0
0,0.08699142932891846,0.9996825456619263,0.9949396848678589,0.123260498046875,0.06268310546875
0,0.014573581516742706,0.9981897473335266,0.5738885998725891,0.021250406901041668,0.0
0,0.03245120495557785,0.9971550703048706,0.9617477655410767,0.043935139973958336,0.021728515625
0,0.06449460238218307,0.9960545301437378,0.9777563810348511,0.08510335286458333,0.07269287109375
0,0.030604178085923195,0.9837850332260132,0.8879840970039368,0.041219075520833336,0.0
0,0.0006731203175149858,0.05291181057691574,0.009522485546767712,0.0,0.0
0,0.0005822991952300072,0.02838212437927723,0.005260852165520191,0.0,0.0
0,0.01181643083691597,0.9866748452186584,0.6041945219039917,0.013264973958333334,0.010294596354166666
0,0.0004235237429384142,0.05717659741640091,0.0042151594534516335,0.0,0.0
0,0.0016459837788715959,0.8875949382781982,0.02437659725546837,0.0031331380208333335,0.0
0,0.004244151059538126,0.8553685545921326,0.044514428824186325,0.006846110026041667,0.0
0,0.001831494621001184,0.6648667454719543,0.020059503614902496,0.00286865234375,0.0
0,0.14993241429328918,0.9982317090034485,0.9897116422653198,0.21571858723958334,0.121551513671875
0,0.00042499671690165997,0.3721628487110138,0.005301895085722208,0.0004781087239583333,0.0
0,7.183189154602587e-05,0.007489625830203295,0.0008659809827804565,0.0,0.0
0,0.002449534134939313,0.9249592423439026,0.011418294161558151,0.003448486328125,0.0
0,0.1934536099433899,0.9988304972648621,0.9897513389587402,0.295623779296875,0.227264404296875
0,0.00013347376079764217,0.007636216934770346,0.0010162440594285727,0.0,0.0
0,0.03973778337240219,0.9779256582260132,0.8822250962257385,0.06507364908854167,0.0
0,0.35429516434669495,0.9993712306022644,0.9974090456962585,0.458282470703125,0.4034220377604167
0,0.0263176541775465,0.9514138102531433,0.6598403453826904,0.054372151692708336,0.0
0,0.0015597068704664707,0.15304215252399445,0.026255300268530846,9.1552734375e-05,0.0
0,0.0077048372477293015,0.8431217074394226,0.16653168201446533,0.012654622395833334,0.0
0,0.0027014343068003654,0.8747207522392273,0.02959137037396431,0.0030721028645833335,0.0
0,0.05858435854315758,0.9984083771705627,0.9086130857467651,0.09200032552083333,0.0
0,0.0007734225946478546,0.22644133865833282,0.012920473702251911,7.120768229166667e-05,0.0
0,0.0006139631732366979,0.037326887249946594,0.006984650157392025,0.0,0.0
0,0.009018959477543831,0.9167081117630005,0.27382487058639526,0.0166015625,0.0
0,0.04383942484855652,0.9870795607566833,0.9046454429626465,0.0772705078125,0.0
0,0.2426883429288864,0.9994407296180725,0.9919379353523254,0.29534912109375,0.282562255859375
0,0.25614693760871887,0.998389720916748,0.9934611320495605,0.360626220703125,0.3321329752604167
0,0.006297744810581207,0.8742920160293579,0.17064203321933746,0.013437906901041666,0.0
0,0.1421811729669571,0.9970190525054932,0.9842759370803833,0.22789510091145834,0.041666666666666664
0,0.09415867924690247,0.9997658133506775,0.9973474144935608,0.146240234375,0.056111653645833336
0,0.06128695607185364,0.9956685304641724,0.9645892381668091,0.09520467122395833,0.0
0,0.024996960535645485,0.9923341274261475,0.9233161807060242,0.032704671223958336,0.0
0,0.0008304219227284193,0.6565481424331665,0.010090147145092487,0.0009562174479166666,0.0
0,0.10373131185770035,0.9989515542984009,0.9865716695785522,0.18357340494791666,0.051656087239583336
0,0.10076761245727539,0.9817007184028625,0.9119622111320496,0.18451944986979166,0.0
0,0.00031147533445619047,0.09501305222511292,0.00345600675791502,0.0,0.0
0,0.01627371646463871,0.9938070178031921,0.8112143278121948,0.024241129557291668,0.0
0,0.015168305486440659,0.9854404330253601,0.5129290819168091,0.025004069010416668,0.0
0,0.004789586644619703,0.49031952023506165,0.10229933261871338,0.007822672526041666,0.0
0,0.0011521693086251616,0.1696808636188507,0.023419946432113647,0.0003458658854166667,0.0
0,0.006039320025593042,0.8765287399291992,0.10521054267883301,0.009328206380208334,0.0
0,0.0021767376456409693,0.4951440691947937,0.03271312266588211,0.0008748372395833334,0.0
0,0.035295937210321426,0.9902538657188416,0.9165543913841248,0.05499267578125,0.0
0,0.08913585543632507,0.9978001713752747,0.9875203371047974,0.12872314453125,0.08131917317708333
0,0.5390892624855042,0.9999374151229858,0.9996898174285889,0.5777079264322916,0.5286458333333334
0,0.013180214911699295,0.9714016318321228,0.4264284670352936,0.023976643880208332,0.0
0,0.439841628074646,0.999823272228241,0.9991894364356995,0.5298868815104166,0.5661417643229166
0,0.3425828516483307,0.9995362758636475,0.9982725381851196,0.396697998046875,0.3477884928385417
0,0.05053837224841118,0.9901782274246216,0.945698082447052,0.08412679036458333,0.0
0,0.2938767969608307,0.9990673661231995,0.9950946569442749,0.4269307454427083,0.493408203125
0,0.05921810492873192,0.9983124732971191,0.9725699424743652,0.101806640625,0.0
0,0.01441308856010437,0.9943581223487854,0.6433091163635254,0.018758138020833332,0.0
0,0.7290124297142029,0.9998377561569214,0.9980954527854919,0.8514404296875,0.9197184244791666
0,0.7286975979804993,0.9995158910751343,0.9971771240234375,0.8534952799479166,1.0
0,0.24116824567317963,0.9996553659439087,0.996900200843811,0.2945353190104167,0.2943216959635417
0,0.49784159660339355,0.9993094205856323,0.9976494908332825,0.6490580240885416,0.7340087890625
0,0.02214830555021763,0.9978342652320862,0.8848317861557007,0.032704671223958336,0.0
0,0.034994855523109436,0.9893474578857422,0.8598991632461548,0.056528727213541664,0.0
0,0.018283026292920113,0.9718859195709229,0.535519003868103,0.034596761067708336,0.0
0,0.18371982872486115,0.9973165392875671,0.9900636076927185,0.258392333984375,0.18418375651041666
0,0.37851831316947937,0.9994230270385742,0.9966756105422974,0.4749755859375,0.563568115234375
0,0.2422313243150711,0.9974884986877441,0.9846936464309692,0.3290303548177083,0.3291422526041667
0,0.1242511197924614,0.9983450174331665,0.9880836009979248,0.16386922200520834,0.11982218424479167
0,0.012674479745328426,0.9272316098213196,0.3084995150566101,0.025248209635416668,0.0
0,0.07060687988996506,0.9936610460281372,0.9595351815223694,0.11366780598958333,0.0
0,0.0012644771486520767,0.6451199054718018,0.01956867426633835,0.0011800130208333333,0.0
0,0.05895615741610527,0.9842759370803833,0.8828325867652893,0.10691324869791667,0.0
0,0.015025843866169453,0.922062337398529,0.34322836995124817,0.029205322265625,0.0
0,0.1412068009376526,0.9993833303451538,0.9937100410461426,0.24036661783854166,0.190185546875
0,0.06934589147567749,0.9892232418060303,0.8777913451194763,0.124237060546875,0.0
0,0.03820495307445526,0.9779256582260132,0.7427894473075867,0.07452392578125,0.0
0,0.11588560789823532,0.9949199557304382,0.9676556587219238,0.18791707356770834,0.147247314453125
0,0.09388855844736099,0.973087728023529,0.873214840888977,0.17702229817708334,0.0
0,0.2578341066837311,0.9802431464195251,0.9418684244155884,0.4508463541666667,0.3647664388020833
0,0.06534560769796371,0.9889705181121826,0.9061560034751892,0.11000569661458333,0.08537801106770833
0,0.058812279254198074,0.997730553150177,0.9656413197517395,0.09266153971354167,0.0
0,0.04021850600838661,0.9923933744430542,0.9544754028320312,0.060109456380208336,0.034342447916666664
0,0.007622944191098213,0.9969839453697205,0.08181270956993103,0.0069580078125,0.0
0,0.05327616631984711,0.9930961728096008,0.8691570162773132,0.100555419921875,0.0
0,0.2265024334192276,0.9901019334793091,0.9723097085952759,0.3054911295572917,0.2919413248697917
0,0.08129821717739105,0.9885804057121277,0.9492889642715454,0.132904052734375,0.06766764322916667
0,0.1443883776664734,0.9934865236282349,0.9731897711753845,0.20453898111979166,0.18868001302083334
0,0.25036361813545227,0.9997901320457458,0.9968763589859009,0.3692220052083333,0.4066670735677083
0,0.04379168152809143,0.9729852676391602,0.570086658000946,0.10809326171875,0.0
0,0.07470495253801346,0.9961755275726318,0.9689132571220398,0.12458292643229167,0.040323893229166664
0,0.02271118201315403,0.9525741338729858,0.7902066707611084,0.033650716145833336,0.0
0,0.10608939081430435,0.997188150882721,0.9755768775939941,0.15606689453125,0.13624064127604166
0,0.010531584732234478,0.713731050491333,0.17952191829681396,0.016459147135416668,0.0
0,0.01232045516371727,0.9097468256950378,0.19451618194580078,0.017608642578125,0.0
0,0.04525621235370636,0.9854404330253601,0.8664650917053223,0.08563232421875,0.0
0,0.06748957186937332,0.9925682544708252,0.8840332627296448,0.12694295247395834,0.0
0,0.016958685591816902,0.8895288109779358,0.4766734540462494,0.034088134765625,0.0
0,0.010598253458738327,0.9959298968315125,0.371364563703537,0.015329996744791666,0.0
0,0.016060778871178627,0.993561863899231,0.7000629305839539,0.0274658203125,0.0
0,0.00019461684860289097,0.060086652636528015,0.003692853031679988,0.0,0.0
0,0.014603848569095135,0.9416541457176208,0.4406762421131134,0.030588785807291668,0.0
0,0.0053648450411856174,0.9268352389335632,0.08976850658655167,0.00787353515625,0.0
0,0.044949308037757874,0.9954967498779297,0.9543930292129517,0.06720987955729167,0.0
0,0.11568501591682434,0.9986060261726379,0.9878528118133545,0.1697998046875,0.028483072916666668
0,0.01820691116154194,0.9992875456809998,0.9712384939193726,0.021311442057291668,0.0
0,0.13815109431743622,0.9996110796928406,0.9970991611480713,0.18653361002604166,0.10693359375
0,0.003089151345193386,0.8889517188072205,0.049681153148412704,0.0031840006510416665,0.0
0,0.0358625091612339,0.9911527037620544,0.8564525246620178,0.060994466145833336,0.0
0,0.008049414493143559,0.8904848694801331,0.16653573513031006,0.013031005859375,0.0
0,0.09156817197799683,0.991186797618866,0.9476723670959473,0.156463623046875,0.08961995442708333
0,0.12900486588478088,0.9957020878791809,0.9822856187820435,0.19014485677083334,0.16058349609375
0,0.056144122034311295,0.999160647392273,0.993854820728302,0.08089192708333333,0.030690511067708332
0,0.044525835663080215,0.9894702434539795,0.9401335716247559,0.06431070963541667,0.0
0,0.02272787131369114,0.9618934392929077,0.6259962320327759,0.045003255208333336,0.0
0,0.09027427434921265,0.9982590079307556,0.9669764637947083,0.1650390625,0.09566243489583333
0,0.18718284368515015,0.9980121850967407,0.9863104820251465,0.264007568359375,0.2611287434895833
0,0.03985987603664398,0.9994663596153259,0.9401170015335083,0.073516845703125,0.0
0,0.2544008791446686,0.9966756105422974,0.9604353904724121,0.3955078125,0.3774007161458333
0,0.0049180095084011555,0.6827852725982666,0.09334688633680344,0.0067138671875,0.0
0,0.07132966071367264,0.9777563810348511,0.9253649115562439,0.10548909505208333,0.095672607421875
0,0.17845529317855835,0.999559223651886,0.9974689483642578,0.23933919270833334,0.24451700846354166
0,0.10673314332962036,0.9945307374000549,0.936051607131958,0.20135498046875,0.0
0,0.035426922142505646,0.9803562164306641,0.602642834186554,0.07630411783854167,0.0
0,0.2144341915845871,0.9987792372703552,0.9923933744430542,0.3179524739583333,0.285919189453125
0,0.14413829147815704,0.987375020980835,0.9389095306396484,0.2560628255208333,0.0
0,0.1601739078760147,0.9986646175384521,0.9851003289222717,0.22774251302083334,0.17249552408854166
0,0.0076551116071641445,0.9634374976158142,0.12231023609638214,0.010142008463541666,0.0
0,0.011612924747169018,0.963230550289154,0.25181514024734497,0.015391031901041666,0.0
0,0.2275281697511673,0.9988440275192261,0.9908744096755981,0.3529866536458333,0.24949137369791666
0,0.05385594442486763,0.9910838603973389,0.9426093101501465,0.12922159830729166,0.0
0,0.005433788523077965,0.8936811685562134,0.08464395999908447,0.007090250651041667,0.0
0,0.01655597984790802,0.9944234490394592,0.7377197742462158,0.027231852213541668,0.0
0,0.001278881449252367,0.7690802216529846,0.012431650422513485,0.0002848307291666667,0.0
0,0.0068892682902514935,0.988447368144989,0.041852131485939026,0.0078125,0.0
0,0.00024177033628802747,0.029816539958119392,0.0025114635936915874,0.0,0.0
0,0.021491872146725655,0.992061972618103,0.8431178331375122,0.030893961588541668,0.0
0,0.35058650374412537,0.9995608925819397,0.9966885447502136,0.459869384765625,0.5261027018229166
0,0.29891934990882874,0.9998044371604919,0.9977481961250305,0.3998921712239583,0.4335225423177083
0,0.0018543191254138947,0.8175745010375977,0.01353214867413044,0.0026346842447916665,0.0
0,0.11606982350349426,0.9976677298545837,0.9805049300193787,0.17719523111979166,0.101165771484375
0,0.001063928590156138,0.08694165199995041,0.011375599540770054,0.0,0.0
0,0.002178299007937312,0.8955226540565491,0.021204907447099686,0.002166748046875,0.0
0,0.029996352270245552,0.5972555875778198,0.3344775140285492,0.089691162109375,0.0
0,0.006026478949934244,0.27396270632743835,0.06359857320785522,0.0024210611979166665,0.0
0,0.002943603089079261,0.09301680326461792,0.022074386477470398,0.0,0.0
0,0.09358251094818115,0.9980429410934448,0.9902538657188416,0.13249715169270834,0.09928385416666667
0,0.0011879163794219494,0.048496000468730927,0.01652955636382103,0.0,0.0
0,0.30781635642051697,0.9993976354598999,0.9949001669883728,0.4579264322916667,0.3149820963541667
0,0.012349456548690796,0.8303191661834717,0.3957744538784027,0.026357014973958332,0.0
0,0.4197714626789093,0.999276340007782,0.9934101700782776,0.5622762044270834,0.5944925944010416
0,0.03693455457687378,0.9648551344871521,0.7029380798339844,0.06365966796875,0.0
0,0.006180163007229567,0.9044819474220276,0.1457148790359497,0.011494954427083334,0.0
0,0.6270025372505188,0.9985505938529968,0.9953904151916504,0.7620849609375,0.9247538248697916
0,0.15074847638607025,0.9918121099472046,0.9691494703292847,0.2582804361979167,0.06952921549479167
0,0.23321525752544403,0.996570348739624,0.9792340397834778,0.3546346028645833,0.2900492350260417
0,0.969470739364624,0.9990600943565369,0.997285008430481,0.9999593098958334,1.0
0,0.11759451776742935,0.9864678382873535,0.9544779658317566,0.198944091796875,0.09312947591145833
0,3.689718141686171e-05,0.0055549247190356255,0.0003432599187362939,0.0,0.0
0,0.946277379989624,0.9995891451835632,0.997368335723877,0.99578857421875,1.0
0,0.8288387656211853,0.9995344877243042,0.9970536231994629,0.9210713704427084,1.0
0,0.00046785231097601354,0.012771868146955967,0.0026010938454419374,0.0,0.0
0,0.26714780926704407,0.997166097164154,0.9876639246940613,0.4242655436197917,0.3617757161458333
0,0.004545103758573532,0.9969485402107239,0.037467505782842636,0.00457763671875,0.0
0,0.0001366158394375816,0.026657739654183388,0.0020190139766782522,0.0,0.0
0,0.993328869342804,0.9998977184295654,0.9996344447135925,0.9995930989583334,1.0
0,0.00024654503795318305,0.0204885546118021,0.0032350560650229454,0.0,0.0
0,0.04151691496372223,0.9834068417549133,0.8872045874595642,0.06495157877604167,0.0
0,0.13218705356121063,0.9996553659439087,0.9900250434875488,0.20067342122395834,0.0
0,0.22755467891693115,0.9954791069030762,0.9798997044563293,0.36346435546875,0.3568929036458333
0,0.7902441620826721,0.9995158910751343,0.9975080490112305,0.9083048502604166,1.0
0,0.0016436466248705983,0.06301946938037872,0.011687257327139378,0.0,0.0
0,0.524995744228363,0.9970878958702087,0.9891397356987,0.766512,0.97552
0,0.10868943482637405,0.9976859092712402,0.9640516638755798,0.18062933333333334,0.059061333333333334
0,0.0149751091375947,0.7483522891998291,0.15974101424217224,0.018459893048128343,0.0
0,0.03105887584388256,0.980728805065155,0.5548027753829956,0.061130666666666666,0.0
0,0.0007463113870471716,0.2603894770145416,0.021451139822602272,0.0004586666666666667,0.0
0,0.004652938339859247,0.9968519806861877,0.048316068947315216,0.003271276595744681,0.0
0,2.1774621927761473e-05,0.004281254485249519,0.0003859660937450826,0.0,0.0
0,0.03824085369706154,0.9975080490112305,0.9541348218917847,0.053985595703125,0.021901448567708332
0,0.28244996070861816,0.9945307374000549,0.9741888642311096,0.4457804361979167,0.5853780110677084
0,0.006674469914287329,0.942081868648529,0.15881387889385223,0.011647542317708334,0.0
0,0.01800912246108055,0.8165527582168579,0.2928925156593323,0.033599853515625,0.0
0,0.008885137736797333,0.9844563603401184,0.19527776539325714,0.012725830078125,0.0
