label,prob_mean,prob_max,prob_p99,unet_area,mrf_area
1,0.026395432651042938,0.9992417097091675,0.9908034801483154,0.022796630859375,0.019704182942708332
1,0.07214415073394775,0.9952999353408813,0.9653811454772949,0.05912037037037037,0.0
1,0.0025379396975040436,0.949669361114502,0.023373980075120926,0.0011088053385416667,0.0
1,0.1679120808839798,0.9998522996902466,0.9992847442626953,0.16231282552083334,0.13982137044270834
1,0.000268920004600659,0.5097185969352722,0.0013937873300164938,0.0,0.0
1,0.28201329708099365,0.9998745918273926,0.998816728591919,0.25498046875,0.1759765625
1,0.0997186005115509,0.9991169571876526,0.9961601495742798,0.0933837890625,0.09044392903645833
1,0.03041142039000988,0.9979810118675232,0.9698374271392822,0.021820068359375,0.0
1,0.026869691908359528,0.9999030828475952,0.8214755654335022,0.016868489583333333,0.0028450520833333335
1,0.5254567265510559,0.9999732971191406,0.9991204142570496,0.52508544921875,0.5456644694010416
1,0.07021147012710571,0.99988853931427,0.9992504715919495,0.06391398111979167,0.056182861328125
1,0.12161825597286224,0.9997085928916931,0.997739315032959,0.11132883703973752,0.07891299064284846
1,0.18557573854923248,0.9998162388801575,0.9992819428443909,0.183837890625,0.18224080403645834
1,0.3630891740322113,0.9998875856399536,0.9995025396347046,0.3664652506510417,0.4013671875
1,0.009599841199815273,0.9998352527618408,0.18169984221458435,0.009407552083333333,0.008365885416666666
1,0.08713036775588989,0.9996775388717651,0.9987356066703796,0.08356730143229167,0.067626953125
1,0.047975167632102966,0.9998176693916321,0.9988619089126587,0.038848876953125,0.028889973958333332
1,0.04402047023177147,0.9998756647109985,0.9992903470993042,0.043009440104166664,0.045064290364583336
1,0.1476076990365982,0.9999334812164307,0.9881765246391296,0.120452880859375,0.083221435546875
1,0.004616930149495602,0.9973374009132385,0.007968815043568611,0.004037187158206267,0.0
1,0.03908946365118027,0.9997981190681458,0.9967648983001709,0.032430013020833336,0.030049641927083332
1,0.04382118955254555,0.9997677206993103,0.9989308714866638,0.04302978515625,0.033487955729166664
1,0.021305609494447708,0.9999821186065674,0.9992792010307312,0.02074212271973466,0.020995024875621892
1,0.027587473392486572,0.9999493360519409,0.9996033310890198,0.02691650390625,0.026418050130208332
1,0.02863302268087864,0.9999767541885376,0.8493486642837524,0.022535807291666668,0.011145833333333334
1,0.024531463161110878,0.9993487000465393,0.994111180305481,0.022613525390625,0.019917805989583332
1,0.02069288119673729,0.9668514132499695,0.5133811235427856,0.008799235026041666,0.0
1,0.018104443326592445,0.9998190999031067,0.9977908730506897,0.017812093098958332,0.013071695963541666
1,0.19930881261825562,0.999840259552002,0.9993487000465393,0.19472249348958334,0.19129435221354166
1,0.009315173141658306,0.9957848191261292,0.38182100653648376,0.008775829945799458,0.0
1,0.17719870805740356,0.9999772310256958,0.9990710020065308,0.1500244140625,0.123046875
1,0.41757485270500183,0.9998775720596313,0.9994876980781555,0.4223710458820177,0.4223425477343973
1,0.03456620126962662,0.9991638660430908,0.9954615235328674,0.032307942708333336,0.024525960286458332
1,0.3989757299423218,0.999180018901825,0.9981684684753418,0.3824055989583333,0.3653157552083333
1,0.07901328802108765,0.9999649524688721,0.9984205365180969,0.06281534830729167,0.06653849283854167
1,0.042691703885793686,0.9997487664222717,0.9988752007484436,0.040985107421875,0.030120849609375
1,0.007742614485323429,0.9933589100837708,0.18010810017585754,0.005632,0.0
1,0.013421159237623215,0.9993147850036621,0.6116881370544434,0.009877522786458334,0.0
1,0.08694412559270859,0.9995827078819275,0.9974391460418701,0.07957967122395833,0.07389322916666667
1,0.02796734683215618,0.9989182949066162,0.9875668883323669,0.026357014973958332,0.0
1,0.5491506457328796,0.999762237071991,0.9991768002510071,0.545867919921875,0.5418599446614584
1,0.034258369356393814,0.9987305998802185,0.9902161359786987,0.032562255859375,0.029561360677083332
1,0.011642972938716412,0.9997950196266174,0.9252013564109802,0.011128743489583334,0.008575439453125
1,0.01931867189705372,0.9999209642410278,0.9950749278068542,0.018025716145833332,0.010498046875
1,0.014201994054019451,0.9997240900993347,0.9786162972450256,0.011372884114583334,0.007578531901041667
1,0.10881917923688889,0.9996229410171509,0.9987356066703796,0.10456339518229167,0.09647623697916667
1,0.11930998414754868,0.9979007244110107,0.9775857925415039,0.08298671288272674,0.012757558251492393
1,0.07942832261323929,0.9995744824409485,0.9962345957756042,0.077972412109375,0.07920328776041667
1,0.5852770209312439,0.9996672868728638,0.9988969564437866,0.5882975260416666,0.5921427408854166
1,0.08592056483030319,0.9997695088386536,0.9991573095321655,0.08344523111979167,0.08367919921875
1,0.1161067858338356,0.9999165534973145,0.9993384480476379,0.08697838109602815,0.058983500159970746
1,0.32550179958343506,0.9994683861732483,0.9987257122993469,0.329315185546875,0.3279927571614583
1,0.028926024213433266,0.9996970891952515,0.9985160827636719,0.028269449869791668,0.024698893229166668
1,0.17189902067184448,0.9998960494995117,0.9991065859794617,0.14493815104166666,0.12721761067708334
1,0.10678235441446304,0.9997305274009705,0.9992504715919495,0.10338338216145833,0.09150187174479167
1,0.09739122539758682,0.9997040629386902,0.9978087544441223,0.09407552083333333,0.09437052408854167
1,0.024464944377541542,0.999276340007782,0.9941574335098267,0.019317626953125,0.013743082682291666
1,0.1204993799328804,0.9996633529663086,0.9980807304382324,0.11783854166666667,0.11675008138020833
1,0.05528837814927101,0.9996064305305481,0.996249258518219,0.044108072916666664,0.0
1,0.20524688065052032,0.9993833303451538,0.9963924288749695,0.20668884102851656,0.22116589566155637
1,0.012289290316402912,0.9939261078834534,0.4268973171710968,0.006724039713541667,0.0
1,0.19754131138324738,0.9995711445808411,0.9986698627471924,0.19379679361979166,0.19188435872395834
1,0.03855801746249199,0.9997085928916931,0.9953538775444031,0.035675048828125,0.029612223307291668
1,0.1627379059791565,0.999484658241272,0.996249258518219,0.15888195777351247,0.1505038387715931
1,0.021793479099869728,0.9959456324577332,0.9758085012435913,0.019297281901041668,0.0
1,0.025912215933203697,0.9999569654464722,0.9990563988685608,0.024709065755208332,0.021413167317708332
1,0.021200217306613922,0.9995290040969849,0.9971990585327148,0.020192464192708332,0.016896565755208332
1,0.004923204425722361,0.8523219227790833,0.1041124165058136,0.0003865559895833333,0.0
1,0.9107251167297363,0.9999933242797852,0.9999772310256958,0.901885986328125,0.9798990885416666
1,0.08934349566698074,0.9998044371604919,0.9991340041160583,0.08719889322916667,0.09254964192708333
1,0.004586529918015003,0.9999407529830933,0.006666932720690966,0.004267578125,0.004140625
1,0.09116839617490768,0.998798131942749,0.9908733367919922,0.06597900390625,0.013559977213541666
1,0.045101433992385864,0.9961456060409546,0.9545602202415466,0.035919189453125,0.0
1,0.36515405774116516,0.9996079802513123,0.9981251358985901,0.360809326171875,0.350433349609375
1,0.21946939826011658,0.9997851252555847,0.9991927742958069,0.22027994791666666,0.22684895833333332
1,0.37415164709091187,0.996249258518219,0.9889705181121826,0.3683628430313008,0.38134172331249305
1,0.3444023132324219,0.9997085928916931,0.9990710020065308,0.3269755045572917,0.3090311686197917
1,0.025661049410700798,0.9996429681777954,0.9981684684753418,0.02392578125,0.023518880208333332
1,0.006422806065529585,0.9891397356987,0.09121521562337875,0.005198160807291667,0.0
1,0.01901351474225521,0.999480664730072,0.9968760013580322,0.018747965494791668,0.016021728515625
1,0.06697475165128708,0.9999517202377319,0.9994621872901917,0.06360880533854167,0.061716715494791664
1,0.005529351532459259,0.9999538660049438,0.008846329525113106,0.005106608072916667,0.0
1,0.060808610171079636,0.9998633861541748,0.9991704225540161,0.058217366536458336,0.055562337239583336
1,0.02884697914123535,0.9999576807022095,0.9995025396347046,0.026255289713541668,0.02325439453125
1,0.30728116631507874,0.9998968839645386,0.9993513226509094,0.2967732747395833,0.311279296875
1,0.03994172438979149,0.9998557567596436,0.8666942715644836,0.02569580078125,0.0
1,0.0746246948838234,0.9995177984237671,0.9975939393043518,0.0738525390625,0.07091267903645833
1,0.12333295494318008,0.9997367262840271,0.9987695813179016,0.11737060546875,0.056569417317708336
1,0.4100891649723053,0.9998960494995117,0.9994663596153259,0.40048,0.3965013333333333
1,0.2838265001773834,0.9997901320457458,0.9950946569442749,0.2298119212962963,0.1777488425925926
1,0.190116748213768,0.9997765421867371,0.9989995360374451,0.18194580078125,0.18754069010416666
1,0.5439167618751526,0.9994766116142273,0.9982247948646545,0.519456,0.49144533333333335
1,0.0409737266600132,0.9840323328971863,0.8088188171386719,0.020111083984375,0.0
1,0.0560496523976326,0.9998148083686829,0.9989797472953796,0.047108333333333335,0.03384583333333333
1,0.08957687765359879,0.9960851669311523,0.974821150302887,0.08266194661458333,0.023651123046875
1,0.03373454883694649,0.9988752007484436,0.9553873538970947,0.023996988932291668,0.0
1,0.0373242050409317,0.9996273517608643,0.9827572107315063,0.0350341796875,0.010762532552083334
1,0.04434686526656151,0.9993785619735718,0.9973887801170349,0.042073567708333336,0.041422526041666664
1,0.01587449572980404,0.9963357448577881,0.6908740997314453,0.010989884393063584,0.0
1,0.05885745584964752,0.9984452128410339,0.9824904799461365,0.046610514322916664,0.0
1,0.2316000908613205,0.9994022846221924,0.9927101135253906,0.19292195638020834,0.0384521484375
1,0.06146695092320442,0.9946568012237549,0.9433475732803345,0.03831157823359892,0.0
1,0.019585924223065376,0.9999843835830688,0.9970646500587463,0.019399007161458332,0.016398111979166668
1,0.01210883166640997,0.9999279975891113,0.6626785397529602,0.010091145833333334,0.0
1,0.008089347742497921,0.9930961728096008,0.18081581592559814,0.006357828776041667,0.0
1,0.10330507159233093,0.9986955523490906,0.9585376977920532,0.07121431327160493,0.0142554012345679
1,0.1716725081205368,0.9995434880256653,0.9981968998908997,0.165008544921875,0.14905802408854166
1,0.03234003856778145,0.9997884631156921,0.9990301132202148,0.031911214192708336,0.030782063802083332
1,0.1140298992395401,0.9998960494995117,0.9993067979812622,0.09810894991100941,0.04994914823290109
1,0.05719861760735512,0.9998365640640259,0.9987106323242188,0.056193033854166664,0.055094401041666664
1,0.048863667994737625,0.9998568296432495,0.9992145299911499,0.045684814453125,0.033955891927083336
1,0.0002179633593186736,0.07640768587589264,0.002560572000220418,0.0,0.0
1,0.3087824881076813,0.9999407529830933,0.9994705319404602,0.3098856608072917,0.309967041015625
1,0.00699658552184701,0.85500568151474,0.2191603183746338,0.000885009765625,0.0
1,0.11574269831180573,0.9987207055091858,0.9941574335098267,0.10616312741312742,0.08835666023166024
1,0.025896890088915825,0.9999834299087524,0.9996946454048157,0.023640950520833332,0.018809000651041668
1,0.12593460083007812,0.9991169571876526,0.9974090456962585,0.12009684244791667,0.12494913736979167
1,0.040917325764894485,0.9998936653137207,0.9984207153320312,0.035237630208333336,0.033284505208333336
1,0.0003447580384090543,0.10706345736980438,0.007066400721669197,0.0,0.0
1,0.07661330699920654,0.9999469518661499,0.9993880987167358,0.07310994466145833,0.07074991861979167
1,0.0204992163926363,0.9989515542984009,0.9926818013191223,0.019785563151041668,0.022613525390625
1,0.0348881334066391,0.9995793700218201,0.7427838444709778,0.015513102213541666,0.0
1,0.005116758402436972,0.9931760430335999,0.008029881864786148,0.004862467447916667,0.0
1,0.2544012665748596,0.9999493360519409,0.9996125102043152,0.2509969075520833,0.2758076985677083
1,0.5251951813697815,0.9999117851257324,0.9994162321090698,0.5245219316452193,0.5216272312162723
1,0.41118091344833374,0.99991774559021,0.9971550703048706,0.33869663941871025,0.2369164396003633
1,0.13807320594787598,0.9991735816001892,0.9957352876663208,0.12831624348958334,0.0899658203125
1,0.36538639664649963,0.9996699094772339,0.9988574981689453,0.35968017578125,0.3657328287760417
1,0.05602350831031799,0.9998557567596436,0.9992357492446899,0.051767985026041664,0.040852864583333336
1,0.10836594551801682,0.9997584223747253,0.9975274205207825,0.09968058268229167,0.11554972330729167
1,0.45996415615081787,0.9994866847991943,0.998481035232544,0.4434814453125,0.4310201009114583
1,0.037477124482393265,0.9998103976249695,0.9991100430488586,0.036895751953125,0.033253987630208336
1,0.2837410867214203,0.9997387528419495,0.9991100430488586,0.2803446451822917,0.2756551106770833
1,0.29889538884162903,0.9996724128723145,0.998875081539154,0.3001200358072917,0.303924560546875
1,0.013142730109393597,0.9992563128471375,0.6176527142524719,0.009918212890625,0.0
1,0.22985613346099854,0.9996330738067627,0.9984207153320312,0.2220789591471354,0.2250798543294271
1,0.02449195086956024,0.9947186708450317,0.5299010872840881,0.007893880208333334,0.0
1,0.25604137778282166,0.9996594190597534,0.999099612236023,0.2587890625,0.2589619954427083
1,0.4929449260234833,0.9999023675918579,0.9996125102043152,0.4930846930846931,0.49249051601992777
1,0.45757660269737244,0.9994725584983826,0.9983769655227661,0.4360758463541667,0.42431640625
1,0.14949411153793335,0.9990490078926086,0.9960545301437378,0.135223388671875,0.055257161458333336
1,0.025601640343666077,0.9997603297233582,0.9957342743873596,0.01727294921875,0.013712565104166666
1,0.061985503882169724,0.9989515542984009,0.980089008808136,0.052937825520833336,0.03790283203125
1,0.21995925903320312,0.9994986057281494,0.9985730648040771,0.21824137369791666,0.22932942708333334
1,0.04894983768463135,0.999140739440918,0.9939261078834534,0.0482177734375,0.048360188802083336
1,0.366642028093338,0.9998044371604919,0.9993663430213928,0.3507893880208333,0.35198974609375
1,0.15720359981060028,0.9999692440032959,0.9996800422668457,0.14621988932291666,0.13625081380208334
1,0.007778055965900421,0.9996471405029297,0.03155010566115379,0.007130940755208333,0.0
1,0.05872571840882301,0.9999727010726929,0.9996898174285889,0.058225911458333335,0.0570703125
1,0.02974248118698597,0.9998859167098999,0.9988027811050415,0.029266357421875,0.027303059895833332
1,0.07099822908639908,0.9998910427093506,0.9992903470993042,0.06725056966145833,0.04779052734375
1,0.14912523329257965,0.9998706579208374,0.9993281364440918,0.14934285481770834,0.15241495768229166
1,0.09076722711324692,0.9999151229858398,0.999373733997345,0.08821614583333333,0.08299763997395833
1,0.006588134448975325,0.9399133324623108,0.1233656257390976,0.00140380859375,0.0
1,0.5370292067527771,0.9995694756507874,0.9988752007484436,0.5393269856770834,0.589141845703125
1,0.12806762754917145,0.9995505213737488,0.9978923201560974,0.12110392252604167,0.09987386067708333
1,0.11811884492635727,0.9999374151229858,0.9995810389518738,0.11799112955729167,0.12041219075520833
1,0.02304326556622982,0.9995102882385254,0.9968273043632507,0.022481282552083332,0.021036783854166668
1,0.2802605628967285,0.9999489784240723,0.9995487332344055,0.28058302397144014,0.2766461885519673
1,0.005777008831501007,0.9999334812164307,0.0036495616659522057,0.00555419921875,0.0
1,0.14152616262435913,0.9996458292007446,0.9987694621086121,0.13173421223958334,0.12980143229166666
1,0.014520707540214062,0.9995399713516235,0.9971216320991516,0.014190673828125,0.013264973958333334
1,0.02259487845003605,0.9997981190681458,0.9987744688987732,0.021189371744791668,0.02056884765625
1,0.015237580984830856,0.9999576807022095,0.9985948204994202,0.014495849609375,0.011769612630208334
1,0.027405016124248505,0.9998148083686829,0.9977743029594421,0.0247802734375,0.0201416015625
1,0.2864249348640442,0.9994093179702759,0.9957684278488159,0.26141894325255954,0.22559036888408704
1,0.09810186177492142,0.9997965693473816,0.999127209186554,0.09755452473958333,0.104248046875
1,0.0037473246920853853,0.9851003289222717,0.04377273842692375,0.001979166666666667,0.0
1,0.0303336214274168,0.9998074173927307,0.9990110397338867,0.027984619140625,0.026438395182291668
1,0.008675903081893921,0.9915870428085327,0.19155777990818024,0.005157470703125,0.0
1,0.002409961773082614,0.7418610453605652,0.04493164271116257,4.204204204204204e-05,0.0
1,0.010802139528095722,0.9999538660049438,0.914425253868103,0.010589599609375,0.0
1,0.24381811916828156,0.999779999256134,0.9990111589431763,0.2296269734700521,0.23369598388671875
1,0.11005646735429764,0.9997867941856384,0.9990527033805847,0.09930419921875,0.08978271484375
1,0.009707883931696415,0.999966025352478,0.20102311670780182,0.007364908854166667,0.0
1,0.07424668222665787,0.9996970891952515,0.9990673661231995,0.073211669921875,0.07225545247395833
1,0.3713912069797516,0.9997085928916931,0.9977393746376038,0.30861240671641793,0.09631529850746269
1,0.0005477661616168916,0.16858302056789398,0.007875792682170868,0.0,0.0
1,0.5255632400512695,0.9998822212219238,0.9995694756507874,0.5296907552083333,0.5458203125
1,0.10937958210706711,0.9996970891952515,0.9982857704162598,0.10796101888020833,0.11040242513020833
1,0.3966861963272095,0.9996947050094604,0.998498797416687,0.37588497886041516,0.3439281027052311
1,0.021917590871453285,0.999140739440918,0.9013959169387817,0.017100016276041668,0.0
1,0.033068787306547165,0.9998058676719666,0.9984269142150879,0.030904134114583332,0.025105794270833332
1,0.1444167196750641,0.9996429681777954,0.9450961351394653,0.06723008849557523,0.0
1,0.31735607981681824,0.9996429681777954,0.9988440275192261,0.31826416580514943,0.31102249790774383
1,0.0302524883300066,0.9991573095321655,0.9936116337776184,0.02655029296875,0.024200439453125
1,0.03728120028972626,0.9998511075973511,0.9659639000892639,0.032196044921875,0.0
1,0.07379047572612762,0.9989677667617798,0.9938309192657471,0.06831868489583333,0.041971842447916664
1,0.016227232292294502,0.9998831748962402,0.9916509985923767,0.013193766276041666,0.009501139322916666
1,0.16864006221294403,0.9999560117721558,0.999335765838623,0.13591512044270834,0.09966023763020833
1,0.006797661539167166,0.9886682629585266,0.057353001087903976,0.00531005859375,0.0
1,0.05081649124622345,0.9996672868728638,0.9984330534934998,0.049765333333333335,0.04995733333333333
1,0.02570187859237194,0.9991573095321655,0.9753872156143188,0.024342854817708332,0.0
1,0.12338194996118546,0.9994340538978577,0.9960545301437378,0.11683146158854167,0.09111531575520833
1,0.16841541230678558,0.9996923208236694,0.9963924288749695,0.1566899617513021,0.16054280598958334
1,0.2412225753068924,0.9999535083770752,0.9996416568756104,0.24344708918841412,0.2443246343561801
1,0.2686699330806732,0.9999165534973145,0.9995290040969849,0.2714842454394693,0.2707960199004975
1,0.05756212770938873,0.9999001026153564,0.9982522130012512,0.049774169921875,0.025319417317708332
1,0.10420023649930954,0.998504638671875,0.9614614844322205,0.08064189189189189,0.0022876447876447876
1,0.23332667350769043,0.9998148083686829,0.9992533326148987,0.232816,0.229616
1,0.05770638957619667,0.9997428059577942,0.9989012479782104,0.054097493489583336,0.029652913411458332
1,0.42521539330482483,0.9998044371604919,0.9989677667617798,0.4364280701754386,0.46056140350877195
1,0.15884405374526978,0.9996800422668457,0.9981324076652527,0.112998046875,0.09853841145833334
1,0.09389796853065491,0.996249258518219,0.9539660811424255,0.07709452975047984,0.038627639155470246
1,0.17727142572402954,0.9998812675476074,0.9994866847991943,0.1776123046875,0.17791748046875
1,0.17087805271148682,0.9998623132705688,0.9993383884429932,0.14731852213541666,0.129150390625
1,0.008652415126562119,0.9992563128471375,0.14279291033744812,0.005859375,0.0
1,0.0642276406288147,0.9992591738700867,0.9897116422653198,0.06081273088945723,0.03611643932935493
1,0.01090361550450325,0.9788343906402588,0.30082976818084717,0.005930582682291667,0.0
1,0.0861942395567894,0.9998044371604919,0.9981756210327148,0.07538859049479167,0.06846110026041667
1,0.09056335687637329,0.9997240900993347,0.9979966282844543,0.08953857421875,0.08408610026041667
1,0.14283891022205353,0.999946117401123,0.9995778203010559,0.142669677734375,0.14292399088541666
1,0.40759196877479553,0.9999439716339111,0.9995290040969849,0.4068757192174914,0.4305235903337169
1,0.08476726710796356,0.9993040561676025,0.9966233968734741,0.08257657657657658,0.08193393393393393
1,0.037643011659383774,0.9952448010444641,0.9517735838890076,0.032847086588541664,0.0
1,0.05716026946902275,0.9999245405197144,0.9987791180610657,0.055755615234375,0.051727294921875
1,0.03910629823803902,0.9999473094940186,0.9995380640029907,0.037322998046875,0.029703776041666668
1,0.0036831058096140623,0.9886682629585266,0.00934002548456192,0.0028584798177083335,0.0
1,0.012537259608507156,0.999984860420227,0.9977194666862488,0.011922200520833334,0.010976155598958334
1,0.15249109268188477,0.9839090704917908,0.9498556852340698,0.14674133333333333,0.093984
1,0.025815069675445557,0.9999905824661255,0.9993976354598999,0.024271647135416668,0.022369384765625
1,0.4816682040691376,0.9998013377189636,0.9993833303451538,0.492723616253028,0.4928927281868458
1,0.36057212948799133,0.9997387528419495,0.9990226030349731,0.3624576822916667,0.366552734375
1,0.40564486384391785,0.9996002316474915,0.9986329674720764,0.4062601725260417,0.4087626139322917
1,0.3745894432067871,0.9997367262840271,0.999140739440918,0.3819783528645833,0.3824869791666667
1,0.13570939004421234,0.9998655319213867,0.9989392161369324,0.12929280598958334,0.0499267578125
1,0.03207797184586525,0.9997085928916931,0.997730553150177,0.030802408854166668,0.029510498046875
1,0.11995156854391098,0.9998557567596436,0.9990960359573364,0.11762491861979167,0.11631266276041667
1,0.07556493580341339,0.9998902082443237,0.99935382604599,0.07552083333333333,0.07592447916666667
1,0.07385536283254623,0.999944806098938,0.9993255138397217,0.04376220703125,0.024068196614583332
1,0.04155033454298973,0.9999374151229858,0.9996825456619263,0.0399169921875,0.038075764973958336
1,0.11502818018198013,0.9995469450950623,0.9963779449462891,0.100311279296875,0.047882080078125
1,0.01298332680016756,0.9999837875366211,0.9315379858016968,0.011678059895833334,0.0
1,0.017024587839841843,0.9999922513961792,0.9986114501953125,0.016510009765625,0.00787353515625
1,0.10950791835784912,0.9998902082443237,0.9992504715919495,0.10655721028645833,0.10190836588541667
1,0.025118155404925346,0.9998736381530762,0.9178889393806458,0.020985921223958332,0.0
1,0.06685640662908554,0.9998840093612671,0.9992052912712097,0.061757405598958336,0.049702962239583336
1,0.2948392331600189,0.9979731440544128,0.9845160245895386,0.24374421296296298,0.19572048611111112
1,0.037755969911813736,0.9995063543319702,0.9956340789794922,0.036916097005208336,0.032430013020833336
1,0.0394308939576149,0.999140739440918,0.9929336309432983,0.03835805700988947,0.03903977603257708
1,0.04465785250067711,0.9999097585678101,0.9993785619735718,0.042073567708333336,0.032613118489583336
1,0.014395888894796371,0.9998427629470825,0.9909447431564331,0.012797037760416666,0.0
1,0.49161574244499207,0.9992445707321167,0.9931495785713196,0.4319375,0.3846
1,0.21036843955516815,0.9995660185813904,0.9989055395126343,0.19501749674479166,0.19556681315104166
1,0.014887713827192783,0.9998984336853027,0.9882676005363464,0.014577229817708334,0.007069905598958333
1,0.13668192923069,0.9992387294769287,0.9965837001800537,0.122650146484375,0.060933430989583336
1,0.02501906454563141,0.9998745918273926,0.9991766810417175,0.022847493489583332,0.019419352213541668
1,0.07901673763990402,0.9998390674591064,0.9989225268363953,0.07853190104166667,0.07764689127604167
1,0.09473229199647903,0.9999151229858398,0.9985392093658447,0.09293619791666667,0.07454427083333333
1,0.1333959996700287,0.9999542236328125,0.9995290040969849,0.13212076822916666,0.11719767252604167
1,0.30397501587867737,0.9997346997261047,0.9990745782852173,0.3037890625,0.306015625
1,0.06609045714139938,0.9999872446060181,0.9996330738067627,0.06508382161458333,0.061024983723958336
1,0.4774543344974518,0.9993976354598999,0.9976769089698792,0.49041748046875,0.5873819986979166
1,0.0493006557226181,0.9999853372573853,0.9997386932373047,0.043996175130208336,0.043609619140625
1,0.010136794298887253,0.9999755620956421,0.3444434106349945,0.004302978515625,0.0
1,0.5258898138999939,0.9995487332344055,0.995372474193573,0.5402542554376226,0.5402178475666692
1,0.2771627604961395,0.9997487664222717,0.9991864562034607,0.2742550101655533,0.26356665698518733
1,0.023843582719564438,0.9982926249504089,0.9521309733390808,0.02132314524555904,0.011181706224809674
1,0.0264442041516304,0.9998464584350586,0.9991133809089661,0.025644938151041668,0.02508544921875
1,0.19685512781143188,0.9997108578681946,0.9990187883377075,0.19875081380208334,0.187225341796875
1,0.09499580413103104,0.9999402761459351,0.9995290040969849,0.094329833984375,0.09479777018229167
1,0.2710093557834625,0.9997933506965637,0.9991927742958069,0.2682698567708333,0.25897216796875
1,0.011324604041874409,0.9999755620956421,0.24816960096359253,0.008433024088541666,0.006520589192708333
1,0.04782552644610405,0.9999569654464722,0.9989956021308899,0.047017415364583336,0.050140380859375
1,0.40428027510643005,0.9992620348930359,0.9976586103439331,0.393218994140625,0.413116455078125
1,0.04381529986858368,0.9999958276748657,0.9998089671134949,0.042338053385416664,0.03741455078125
1,0.018363209441304207,0.9997240900993347,0.9890092611312866,0.016489664713541668,0.017201741536458332
1,0.4927501678466797,0.9997658133506775,0.9991340041160583,0.49462890625,0.4962972005208333
1,0.15298815071582794,0.999843955039978,0.9991927742958069,0.147247314453125,0.15045166015625
1,0.006330424454063177,0.9087799787521362,0.19191917777061462,0.0009867350260416667,0.0
1,0.18495826423168182,0.9997965693473816,0.9983124732971191,0.17925623800383877,0.17452015355086373
1,0.41698285937309265,0.99903404712677,0.9969839453697205,0.417999267578125,0.4146321614583333
1,0.05864529684185982,0.9977216124534607,0.9845736026763916,0.051259358723958336,0.032613118489583336
1,0.08258681744337082,0.9998452663421631,0.9992958307266235,0.07990519205729167,0.07078043619791667
1,0.12285555899143219,0.999931812286377,0.9988400340080261,0.1104849398967046,0.10207504913387266
1,0.3527810573577881,0.999840259552002,0.9993175268173218,0.35171071739761833,0.40098170200406624
1,0.17757099866867065,0.9999417066574097,0.9996566772460938,0.17418416341145834,0.16454060872395834
1,0.09475819021463394,0.9999654293060303,0.9994600415229797,0.093658447265625,0.09061686197916667
1,0.29609307646751404,0.9999076128005981,0.9992327690124512,0.2934977213541667,0.24595133463541666
1,0.27837255597114563,0.9999629259109497,0.9997584223747253,0.275726318359375,0.22441609700520834
1,0.36008211970329285,0.9997950196266174,0.9989836812019348,0.364189453125,0.36638671875
1,0.08724687248468399,0.9998666048049927,0.9994986057281494,0.08574422200520833,0.083099365234375
1,0.06221121922135353,0.9997085928916931,0.9989182949066162,0.056884765625,0.053863525390625
1,0.43964216113090515,0.9998148083686829,0.999180018901825,0.44427490234375,0.4531453450520833
1,0.14126448333263397,0.9999151229858398,0.9978674650192261,0.13042195638020834,0.07551066080729167
1,0.020578471943736076,0.9970421195030212,0.5779592990875244,0.00836181640625,0.0
1,0.21695362031459808,0.9996874332427979,0.9985841512680054,0.19972513588497995,0.133376135812783
1,0.06175737455487251,0.9999665021896362,0.9996775388717651,0.061381022135416664,0.06085205078125
1,0.036043956875801086,0.9986955523490906,0.925094723701477,0.025563557942708332,0.0
1,0.02809751220047474,0.9994363188743591,0.6110373139381409,0.009775579150579151,0.005984555984555984
1,0.16671837866306305,0.9995102882385254,0.9975751042366028,0.16788736979166666,0.167327880859375
1,0.048815250396728516,0.9808759689331055,0.8585929274559021,0.025533040364583332,0.0
1,0.05744781717658043,0.9996095299720764,0.9976494908332825,0.053354899088541664,0.02935791015625
1,0.1292063295841217,0.999946117401123,0.9996947050094604,0.128173828125,0.12737019856770834
1,0.041268669068813324,0.9996775388717651,0.9987887740135193,0.0396728515625,0.03875732421875
1,0.011186397634446621,0.999438464641571,0.3923235237598419,0.008768717447916666,0.0
1,0.18058238923549652,0.9996302127838135,0.9988883137702942,0.181304931640625,0.175018310546875
1,0.3847213089466095,0.9996750354766846,0.9987550973892212,0.39198893229166665,0.39698893229166665
1,0.12509728968143463,0.9996849298477173,0.9987503290176392,0.12352498372395833,0.12425740559895833
1,0.03334009647369385,0.9997283816337585,0.993586003780365,0.028706868489583332,0.016835530598958332
1,0.043874382972717285,0.9992930889129639,0.9911516904830933,0.042897542317708336,0.04510498046875
1,0.11460629850625992,0.9998326301574707,0.9992819428443909,0.11432902018229167,0.125091552734375
1,0.002955528674647212,0.8938665986061096,0.06382811069488525,0.0003560384114583333,0.0
1,0.16643010079860687,0.9998822212219238,0.9992648959159851,0.163726806640625,0.183837890625
1,0.11327957361936569,0.9997765421867371,0.9980657696723938,0.11336296296296296,0.11526296296296297
1,0.026280799880623817,0.9914886951446533,0.8528019785881042,0.016703287760416668,0.0
1,0.03818869590759277,0.9997428059577942,0.9982926249504089,0.037373860677083336,0.036376953125
1,0.10544206947088242,0.9999873638153076,0.9997677206993103,0.10010782877604167,0.094329833984375
1,0.08396284282207489,0.9997175335884094,0.9969839453697205,0.073975,0.052089583333333335
1,0.058834273368120193,0.9998013377189636,0.9989556074142456,0.057698567708333336,0.054331461588541664
1,0.09321197867393494,0.9998902082443237,0.9994907379150391,0.09214274088541667,0.09221394856770833
1,0.022747596725821495,0.9817007184028625,0.7618876695632935,0.015207926432291666,0.0
1,0.09289143234491348,0.999859094619751,0.9983515739440918,0.08933512369791667,0.06727091471354167
1,0.077250637114048,0.9998812675476074,0.9990818500518799,0.07352701822916667,0.073486328125
1,0.08420244604349136,0.9997817873954773,0.9989556074142456,0.0748543155579989,0.07227047828477186
1,0.10992994159460068,0.9999090433120728,0.9990070462226868,0.10843912760416667,0.11702473958333333
1,0.18898135423660278,0.9995678067207336,0.9949199557304382,0.17408243815104166,0.159088134765625
1,0.2825455069541931,0.9999349117279053,0.9995452761650085,0.2801513671875,0.267242431640625
1,0.1369900405406952,0.9999209642410278,0.9993040561676025,0.135498046875,0.13035074869791666
1,0.19780594110488892,0.9996898174285889,0.9971439242362976,0.17173258463541666,0.09456380208333333
1,0.11252689361572266,0.9999374151229858,0.9996169805526733,0.10835774739583333,0.10356648763020833
1,0.22384977340698242,0.9998028874397278,0.9991238713264465,0.20478312174479166,0.15889485677083334
1,0.513059675693512,0.9999344348907471,0.9994022846221924,0.5167666666666667,0.5191444444444444
1,0.034813109785318375,0.9998377561569214,0.9991539716720581,0.031138102213541668,0.020121256510416668
1,0.07713069021701813,0.999859094619751,0.9994093179702759,0.075653076171875,0.06734212239583333
1,0.08841872960329056,0.9996724128723145,0.9984927773475647,0.08788045247395833,0.08721923828125
1,0.048477862030267715,0.9987004995346069,0.9940428137779236,0.044921875,0.041219075520833336
1,0.023367173969745636,0.999559223651886,0.9963915944099426,0.015279134114583334,0.0146484375
1,0.3426154553890228,0.9997981190681458,0.9991238713264465,0.3345743815104167,0.3929443359375
1,0.047213081270456314,0.9992266893386841,0.7764534950256348,0.019551595052083332,0.0
1,0.33975955843925476,0.9998745918273926,0.9994621872901917,0.3452123040358335,0.3455825220531103
1,0.01549126673489809,0.9986801743507385,0.6192969083786011,0.009979248046875,0.0
1,0.11426826566457748,0.999906063079834,0.9990187883377075,0.10337320963541667,0.08971150716145833
1,0.24718652665615082,0.9989596605300903,0.9939730763435364,0.21955924193470608,0.1906576007458488
1,0.07351990789175034,0.9998936653137207,0.9989141225814819,0.05009765625,0.047171223958333335
1,0.03966498002409935,0.9999914169311523,0.9998012781143188,0.02984619140625,0.024424235026041668
1,0.22030608355998993,0.9996750354766846,0.9979411959648132,0.20102468104417423,0.13413678228493042
1,0.024446597322821617,0.9999524354934692,0.9989225268363953,0.02264973958333333,0.021998697916666667
1,0.28837868571281433,0.9997507929801941,0.9993333220481873,0.2881368001302083,0.287506103515625
1,0.08802315592765808,0.9996471405029297,0.9985951781272888,0.0849609375,0.09025065104166667
1,0.35717570781707764,0.9998058676719666,0.9993686676025391,0.35601806640625,0.3990376790364583
1,0.08345654606819153,0.9984330534934998,0.9848109483718872,0.060373942057291664,0.037099202473958336
1,0.003822018625214696,0.9998601675033569,0.006050397641956806,0.0034383138020833335,0.0
1,0.2504749596118927,0.9981324076652527,0.9737446904182434,0.20746984649122807,0.011403508771929825
1,0.04012047499418259,0.9999567270278931,0.9992445707321167,0.016344401041666668,0.012399088541666667
1,0.6711487770080566,0.9995063543319702,0.9976677298545837,0.6521708170572916,0.7762247721354166
1,0.7077946066856384,0.9998247027397156,0.999523401260376,0.6969401041666666,0.6852518717447916
1,0.36545121669769287,0.9997175335884094,0.99903404712677,0.3648885091145833,0.3633626302083333
1,0.0670173168182373,0.9999196529388428,0.9996540546417236,0.065704345703125,0.06424967447916667
1,0.03076072968542576,0.9998339414596558,0.9141544103622437,0.01989121989121989,0.0
1,0.12321428209543228,0.9997603297233582,0.9989916682243347,0.11890665690104167,0.11716715494791667
1,0.018000967800617218,0.9998849630355835,0.9990561604499817,0.017679850260416668,0.016489664713541668
1,0.01808457262814045,0.998498797416687,0.9758950471878052,0.017100016276041668,0.0
1,0.07146472483873367,0.9999951124191284,0.9979332685470581,0.0430961195667078,0.01417340829105535
1,0.14363718032836914,0.9994926452636719,0.9984145164489746,0.12978108723958334,0.091064453125
1,0.018713176250457764,0.999937891960144,0.9993067383766174,0.016398111979166668,0.013875325520833334
1,0.06759314239025116,0.9933846592903137,0.9451974034309387,0.035390218098958336,0.0
1,0.02132370136678219,0.9992175102233887,0.9951136708259583,0.020375569661458332,0.017649332682291668
1,0.0821760967373848,0.9999817609786987,0.9996607303619385,0.062428792317708336,0.050567626953125
1,0.4364362955093384,0.9997783303260803,0.9991638660430908,0.4592643229166667,0.47634440104166664
1,0.10227672010660172,0.999906063079834,0.9994926452636719,0.09891764322916667,0.10001627604166667
1,0.28094565868377686,0.9998666048049927,0.9993928670883179,0.2803955078125,0.2868855794270833
1,0.02137043885886669,0.9998928308486938,0.9977656602859497,0.019710286458333334,0.019931640625
1,0.25840458273887634,0.9999227523803711,0.999464213848114,0.2572884114583333,0.28014973958333333
0,0.017988817766308784,0.9437636137008667,0.38693371415138245,0.0026448567708333335,0.0
0,0.5453530550003052,0.9992296695709229,0.9905874133110046,0.5105692545572916,0.5289510091145834
0,0.08951803296804428,0.9822195768356323,0.9237300753593445,0.052388509114583336,0.0
0,0.16230694949626923,0.9944234490394592,0.9839090704917908,0.14820353190104166,0.14103190104166666
0,0.014149601571261883,0.9700703024864197,0.3065083622932434,0.0028788248697916665,0.0
0,0.07952432334423065,0.9822195768356323,0.9165543913841248,0.048492431640625,0.0
0,0.0037934661377221346,0.4438113570213318,0.09568693488836288,0.0,0.0
0,0.14083832502365112,0.9956346154212952,0.9763543009757996,0.112762451171875,0.033040364583333336
0,0.09444045275449753,0.9827572107315063,0.9261703491210938,0.07524617513020833,0.0
0,0.0162008386105299,0.9078037738800049,0.4868695139884949,0.004404703776041667,0.0
0,0.09223153442144394,0.9985505938529968,0.989591658115387,0.07242838541666667,0.018931070963541668
0,0.05527887120842934,0.9480584859848022,0.7772948145866394,0.02294921875,0.0
0,0.15582175552845,0.9967396855354309,0.9857181310653687,0.13740030924479166,0.106292724609375
0,0.07200103253126144,0.9927109479904175,0.9435559511184692,0.04669189453125,0.0
0,0.00021226600802037865,0.024145422503352165,0.0033374049235135317,0.0,0.0
0,0.0014845612458884716,0.9858821630477905,0.011288073845207691,0.00067138671875,0.0
0,0.0025289945770055056,0.7089183926582336,0.043936531990766525,8.138020833333333e-05,0.0
0,0.11955525726079941,0.9964063763618469,0.983020007610321,0.0936279296875,0.032918294270833336
0,0.19854861497879028,0.9935117363929749,0.9590010046958923,0.14783732096354166,0.0
0,0.15263089537620544,0.9893474578857422,0.9613890647888184,0.11372884114583333,0.08636474609375
0,0.03269420191645622,0.9597620368003845,0.70618736743927,0.015614827473958334,0.0
0,0.09027177095413208,0.9972099661827087,0.9553191661834717,0.071441650390625,0.0
0,0.21090495586395264,0.9969956874847412,0.9785890579223633,0.16209920247395834,0.016011555989583332
0,0.0887831524014473,0.9977216124534607,0.9810219407081604,0.055450439453125,0.025899251302083332
0,0.3326680362224579,0.9974191188812256,0.9905142784118652,0.2980855305989583,0.22922770182291666
0,0.0022792003583163023,0.20833994448184967,0.02373332902789116,0.0,0.0
0,0.013611283153295517,0.948441743850708,0.4708094298839569,0.008046468098958334,0.0
0,0.021463194862008095,0.9416541457176208,0.5551320314407349,0.00848388671875,0.0
0,0.09170255810022354,0.9972531199455261,0.9858821630477905,0.06534830729166667,0.033203125
0,0.027360448613762856,0.9902915358543396,0.6782108545303345,0.011342366536458334,0.0
0,0.012069996446371078,0.500739574432373,0.14621032774448395,0.0,0.0
0,0.20099687576293945,0.9986383318901062,0.9926542043685913,0.17061333333333334,0.10248533333333333
0,0.002502033719792962,0.9525741338729858,0.022586042061448097,0.0011698404947916667,0.0
0,0.020990438759326935,0.9726754426956177,0.6554429531097412,0.010630289713541666,0.0
0,0.008475006558001041,0.9728823304176331,0.19071047008037567,0.004404703776041667,0.0
0,0.12343507260084152,0.9969722032546997,0.9715099930763245,0.09278361002604167,0.0
0,0.43286725878715515,0.9986541271209717,0.9925682544708252,0.3868031189083821,0.3311208576998051
0,0.5799326300621033,0.9989055395126343,0.994594156742096,0.5314354166666667,0.43306041666666667
0,0.0010123219108209014,0.7197777628898621,0.00854433048516512,1.9212295869356387e-05,0.0
0,0.00019017363956663758,0.11047115921974182,0.0031974867451936007,0.0,0.0
0,0.15310928225517273,0.9980657696723938,0.9849852323532104,0.12809216192937123,0.09983634797588287
0,0.0009996991138905287,0.9604353904724121,0.008283627219498158,0.0005166666666666667,0.0
0,0.006385995540767908,0.9205042719841003,0.09551806002855301,0.0015212708669897685,0.0
0,0.22208745777606964,0.9993255138397217,0.9854404330253601,0.18441619778113832,0.05817813562939651
0,0.171057790517807,0.9918437600135803,0.9595351815223694,0.17054933333333333,0.165328
0,0.1561795473098755,0.9992145299911499,0.9895108342170715,0.11753803196610822,0.05182697862507221
0,0.03578264266252518,0.9824230670928955,0.7629542946815491,0.018223153886660997,0.0
0,0.08022503554821014,0.9925103187561035,0.8774768114089966,0.04037550127597521,0.0
0,0.054452236741781235,0.9214990139007568,0.7730450630187988,0.03238365155131265,0.0
0,0.023374348878860474,0.9036349058151245,0.42745649814605713,0.002321767403720549,0.0
0,0.17770996689796448,0.9660280346870422,0.8985886573791504,0.13985940231787408,0.0
0,0.1377836912870407,0.9783018827438354,0.9049869179725647,0.08762646432374867,0.0
0,0.0019272017525509,0.9253649115562439,0.026861203834414482,0.00032217359787365426,0.0
0,0.352476567029953,0.9702399373054504,0.9377830028533936,0.37137244152046783,0.27324561403508774
0,0.0007571953465230763,0.4180434048175812,0.010570489801466465,0.0,0.0
0,0.0068893469870090485,0.9832789301872253,0.15520775318145752,0.0029219306770327177,0.0
0,0.011119232513010502,0.9985730648040771,0.48458221554756165,0.0090234375,0.0
0,0.2807508111000061,0.9992052912712097,0.9941800832748413,0.24492888983230737,0.19062831670558267
0,0.0035486549604684114,0.8967949151992798,0.06512754410505295,0.0002512106537530266,0.0
0,0.43286725878715515,0.9986541271209717,0.9925682544708252,0.3868031189083821,0.3311208576998051
0,6.070658128010109e-05,0.16599830985069275,0.000487857119878754,0.0,0.0
0,0.16588740050792694,0.9994926452636719,0.9928786158561707,0.15486412094571,0.1287718505433108
0,0.054943185299634933,0.9732915163040161,0.7409248948097229,0.024218518518518518,0.0
0,0.0009996991138905287,0.9604353904724121,0.008283627219498158,0.0005166666666666667,0.0
0,0.012323225848376751,0.9974983334541321,0.5875846147537231,0.00976149949756988,0.0
0,0.10291817784309387,0.9925103187561035,0.951323390007019,0.06652777777777778,0.015069444444444444
0,0.007739837281405926,0.8784186244010925,0.13730326294898987,0.00130859375,0.0
0,0.35090702772140503,0.9990111589431763,0.9923043847084045,0.312656274116376,0.2693368318156094
0,0.22208745777606964,0.9993255138397217,0.9854404330253601,0.18441619778113832,0.05817813562939651
0,0.10806062817573547,0.9582260847091675,0.9133679866790771,0.08520200212853962,0.07279791421706457
0,0.0754203051328659,0.9701834917068481,0.8217604756355286,0.03956330128205128,0.0
0,0.0016945080133154988,0.5314525365829468,0.04346558451652527,0.0,0.0
0,0.00047890027053654194,0.06198946014046669,0.007811354007571936,0.0,0.0
0,0.017136791720986366,0.9571978449821472,0.4395747482776642,0.002774830220713073,0.0
0,0.0030219266191124916,0.6387225985527039,0.0478690080344677,1.0172526041666666e-05,0.0
0,0.03427085652947426,0.8860265612602234,0.5105496644973755,0.005401611328125,0.0
0,0.00041218288242816925,0.2496301382780075,0.008348054252564907,0.0,0.0
0,0.08040613681077957,0.996292769908905,0.9689132571220398,0.062062581380208336,0.02105712890625
0,0.028122320771217346,0.9430335760116577,0.42706039547920227,0.005828857421875,0.0
0,0.04353154078125954,0.9803937673568726,0.8537872433662415,0.025299072265625,0.0
0,0.00867685116827488,0.3991088271141052,0.16397623717784882,0.0,0.0
0,0.011675984598696232,0.8615382313728333,0.23475733399391174,0.001556396484375,0.0
0,0.03190755844116211,0.937210738658905,0.5697910189628601,0.007425944010416667,0.0
0,0.2275211066007614,0.992061972618103,0.970797061920166,0.19173177083333334,0.14597574869791666
0,0.09919825941324234,0.9967142343521118,0.9867772459983826,0.07825724283854167,0.069244384765625
0,0.2091149091720581,0.992452085018158,0.9818045496940613,0.150604248046875,0.06941731770833333
0,0.05334620550274849,0.975296139717102,0.8011544942855835,0.019948323567708332,0.0
0,0.15826329588890076,0.9973374009132385,0.987375020980835,0.1361083984375,0.089263916015625
0,0.0003168287221342325,0.043936531990766525,0.005448068492114544,0.0,0.0
0,0.08608663082122803,0.9971439242362976,0.9774113297462463,0.050526936848958336,0.024912516276041668
0,0.09913212805986404,0.9905142784118652,0.9613868594169617,0.07051595052083333,0.0
0,0.05730060860514641,0.9911182522773743,0.9555686116218567,0.056630452473958336,0.0
0,0.17940540611743927,0.9985841512680054,0.9859347939491272,0.13868204752604166,0.04034423828125
0,0.06219214200973511,0.9556514620780945,0.810624361038208,0.027069091796875,0.0
0,0.109153151512146,0.957277774810791,0.8908652067184448,0.059407552083333336,0.0
0,0.2252642959356308,0.9957020878791809,0.9881751537322998,0.20286051432291666,0.16886393229166666
0,0.20316947996616364,0.9953363537788391,0.9882221817970276,0.19687906901041666,0.17754109700520834
0,0.20917876064777374,0.9910145401954651,0.9591543078422546,0.16859944661458334,0.06560262044270833
0,0.013755681924521923,0.7348812818527222,0.2068844586610794,0.0002543131510416667,0.0
0,0.0581999234855175,0.9785082340240479,0.87716144323349,0.033894856770833336,0.0
0,0.006988544017076492,0.8334602117538452,0.1291828602552414,0.0006510416666666666,0.0
0,0.044219017028808594,0.9859364032745361,0.9141329526901245,0.028177897135416668,0.0
0,0.13955427706241608,0.9910492897033691,0.9732407331466675,0.09828694661458333,0.03369140625
0,0.12084760516881943,0.9902161359786987,0.9686771035194397,0.08130900065104167,0.0177001953125
0,0.03436722233891487,0.8598991632461548,0.4989006817340851,0.002593994140625,0.0
0,0.05980594828724861,0.9736446738243103,0.8860146999359131,0.037974039713541664,0.0
0,0.06779323518276215,0.9652503728866577,0.8338664174079895,0.024973551432291668,0.0
0,0.05948254093527794,0.9919067621231079,0.9605836272239685,0.046122233072916664,0.0
0,0.039873842149972916,0.8764230012893677,0.5866844654083252,0.008534749348958334,0.0
0,0.017085960134863853,0.701508641242981,0.2969568967819214,0.0002543131510416667,0.0
0,0.2706519663333893,0.9932287931442261,0.9771101474761963,0.17558797200520834,0.11979166666666667
0,0.11689385026693344,0.986151397228241,0.8671415448188782,0.06486002604166667,0.0
0,0.004573173820972443,0.594904363155365,0.0478690080344677,0.0,0.0
0,0.287000447511673,0.9974787831306458,0.9923043847084045,0.21995035807291666,0.12519327799479166
0,0.058906663209199905,0.9367494583129883,0.6535626649856567,0.011555989583333334,0.0
0,0.07091730087995529,0.9778411984443665,0.7648863196372986,0.026784261067708332,0.0
0,0.36784645915031433,0.9908034801483154,0.9728807806968689,0.3271077473958333,0.2759501139322917
0,0.05217623710632324,0.9842759370803833,0.7975330948829651,0.019683837890625,0.0
0,0.06394460797309875,0.9744347929954529,0.9078037738800049,0.04266357421875,0.0
0,0.5278428196907043,0.9989797472953796,0.997188150882721,0.50347900390625,0.4210306803385417
0,0.009008382447063923,0.9241418242454529,0.14128142595291138,0.0017293294270833333,0.0
0,0.2868395745754242,0.9838472008705139,0.9582260847091675,0.22511800130208334,0.12073771158854167
0,0.08284715563058853,0.8037906289100647,0.5791011452674866,0.005045572916666667,0.0
0,0.014610975049436092,0.9066531658172607,0.28664129972457886,0.003204345703125,0.0
0,0.033523619174957275,0.8659058809280396,0.5552745461463928,0.006184895833333333,0.0
0,0.40742024779319763,0.9927391409873962,0.9843964576721191,0.3107401529947917,0.23084513346354166
0,0.13599400222301483,0.9692078232765198,0.8938610553741455,0.07182820638020833,0.0
0,0.08295119553804398,0.9495759606361389,0.8357478380203247,0.03375244140625,0.0
0,0.15540015697479248,0.9818056225776672,0.9132132530212402,0.08278401692708333,0.0
0,0.04876459762454033,0.934155285358429,0.6657301783561707,0.012959798177083334,0.0
0,0.0004376392171252519,0.18847328424453735,0.010408314876258373,0.0,0.0
0,0.2971403896808624,0.997166097164154,0.9862577319145203,0.264617919921875,0.19462076822916666
0,0.022790001705288887,0.9246877431869507,0.3211405575275421,0.0030008951822916665,0.0
0,0.0010222730925306678,0.12410681694746017,0.017442483454942703,0.0,0.0
0,0.3030177056789398,0.9959613680839539,0.9785493016242981,0.24626668294270834,0.13489786783854166
0,0.047567591071128845,0.9575962424278259,0.8473372459411621,0.035054524739583336,0.0
0,0.4571371078491211,0.9992021918296814,0.994820237159729,0.4172465006510417,0.4330037434895833
0,0.00028117894544266164,0.06548520922660828,0.0059110685251653194,0.0,0.0
0,0.17094242572784424,0.996936559677124,0.9897909760475159,0.1458740234375,0.14216105143229166
0,0.032773543149232864,0.9762200117111206,0.7851340174674988,0.016103108723958332,0.0
0,0.06833817809820175,0.9777987599372864,0.8918053507804871,0.035491943359375,0.0
0,0.18299591541290283,0.9985561966896057,0.9961305856704712,0.17716471354166666,0.18562825520833334
0,0.020757583901286125,0.9867261648178101,0.6293156743049622,0.010243733723958334,0.0
0,0.14994175732135773,0.9921537041664124,0.9711838364601135,0.09004720052083333,0.029052734375
0,0.5113357901573181,0.9995728135108948,0.9984632730484009,0.5053507486979166,0.5083821614583334
0,0.030353279784321785,0.8077641129493713,0.4607134461402893,0.0023091634114583335,0.0
0,0.04913865029811859,0.982557475566864,0.8185874819755554,0.0225830078125,0.0
0,0.2937048375606537,0.994820237159729,0.9867261648178101,0.23781331380208334,0.1092529296875
0,0.00828996766358614,0.4465249180793762,0.1315041333436966,0.0,0.0
0,0.07329846918582916,0.9976125955581665,0.9822195768356323,0.056538899739583336,0.047465006510416664
0,0.017595140263438225,0.9591543078422546,0.6259790658950806,0.010101318359375,0.0
0,0.23278729617595673,0.9987305998802185,0.9942474365234375,0.18044026692708334,0.055338541666666664
0,0.10464286059141159,0.9664104580879211,0.8741846680641174,0.044718424479166664,0.0
0,0.07709288597106934,0.9914886951446533,0.9284088015556335,0.050435384114583336,0.0
0,0.1852322816848755,0.9954967498779297,0.986828088760376,0.17372639973958334,0.144866943359375
0,0.37636661529541016,0.9964756369590759,0.9843964576721191,0.320648193359375,0.2827351888020833
0,0.03605067729949951,0.9549844264984131,0.6673644781112671,0.012247721354166666,0.0
0,0.11219196766614914,0.985042929649353,0.9528355598449707,0.07829793294270833,0.0
0,0.12654824554920197,0.9944451451301575,0.967777669429779,0.10630289713541667,0.0
0,0.05777032673358917,0.9639160633087158,0.7543725371360779,0.020965576171875,0.0
0,0.04785766825079918,0.9638481140136719,0.6499086022377014,0.0115966796875,0.0
0,0.21218609809875488,0.9976125955581665,0.9884026646614075,0.174072265625,0.15320841471354166
0,0.041471708565950394,0.9758545756340027,0.7828235626220703,0.017608642578125,0.0
0,0.14882013201713562,0.9904035329818726,0.9687971472740173,0.1268310546875,0.06656901041666667
0,0.009359541349112988,0.9491063356399536,0.17893868684768677,0.004160563151041667,0.0
0,0.09585648775100708,0.9944234490394592,0.9764007329940796,0.08516438802083333,0.06559244791666667
0,0.1836169958114624,0.9964480400085449,0.9830850958824158,0.178741455078125,0.19571940104166666
0,0.0035149911418557167,0.5931380391120911,0.07030384987592697,0.0,0.0
0,0.04961244761943817,0.9662834405899048,0.7126112580299377,0.01434326171875,0.0
0,0.013593683950603008,0.8992984294891357,0.2679767608642578,0.0014241536458333333,0.0
0,0.000515485240612179,0.04716186597943306,0.007999754510819912,0.0,0.0
0,0.022438494488596916,0.9873262047767639,0.8217561841011047,0.017323811848958332,0.0
0,0.035591330379247665,0.9588471055030823,0.7854633331298828,0.017486572265625,0.0
0,0.00039746807306073606,0.09105828404426575,0.009232213720679283,0.0,0.0
0,0.004634710494428873,0.8221890926361084,0.06476815044879913,0.0010274251302083333,0.0
0,0.08540350198745728,0.9948403239250183,0.8951511979103088,0.041910807291666664,0.0
0,0.0007370200473815203,0.14743240177631378,0.013689476065337658,0.0,0.0
0,0.11185264587402344,0.9808759689331055,0.9364014267921448,0.0726318359375,0.0
0,0.09986615926027298,0.9915544390678406,0.94218510389328,0.06678263346354167,0.0
0,0.5831673741340637,0.9987550973892212,0.9952632188796997,0.5669962565104166,0.6111653645833334
0,0.06466253846883774,0.9914886951446533,0.934155285358429,0.039591471354166664,0.0
0,0.10091131925582886,0.9985505938529968,0.986929178237915,0.07769775390625,0.033131917317708336
0,0.24731028079986572,0.9972955584526062,0.9886682629585266,0.21724446614583334,0.07404581705729167
0,0.05724607780575752,0.9899476170539856,0.8891444206237793,0.034779866536458336,0.0
0,0.2698688805103302,0.9982317090034485,0.9931752681732178,0.23884073893229166,0.20531209309895834
0,0.2808954417705536,0.9996699094772339,0.9968396425247192,0.24326578776041666,0.16102091471354166
0,0.19133400917053223,0.9933846592903137,0.9759005904197693,0.15419514973958334,0.10206095377604167
0,0.18367493152618408,0.9960082769393921,0.9855521321296692,0.164642333984375,0.12353515625
0,0.014947902411222458,0.8533025979995728,0.2987951338291168,0.001556396484375,0.0
0,0.23898030817508698,0.9945730566978455,0.9814534187316895,0.18613688151041666,0.1141357421875
0,0.32253357768058777,0.9993976354598999,0.9969245791435242,0.2928975423177083,0.22517903645833334
0,0.23760642111301422,0.9984269142150879,0.9917803406715393,0.20041910807291666,0.15311686197916666
0,0.03450554981827736,0.983020007610321,0.9394705891609192,0.029866536458333332,0.025594075520833332
0,0.04043995216488838,0.9885361194610596,0.8742855787277222,0.023061116536458332,0.0
0,0.2234402894973755,0.9965029954910278,0.986828088760376,0.192413330078125,0.1619873046875
0,0.13766281306743622,0.9976310729980469,0.9849852323532104,0.11971028645833333,0.07081095377604167
0,0.35511937737464905,0.999045193195343,0.9958337545394897,0.3300679524739583,0.24992879231770834
0,0.023941809311509132,0.9820137619972229,0.7234696745872498,0.013203938802083334,0.0
0,0.19930528104305267,0.9922444224357605,0.9697281122207642,0.16070556640625,0.07753499348958333
0,0.20030425488948822,0.9990226030349731,0.9952816367149353,0.159332275390625,0.12861124674479166
0,0.025570159777998924,0.9781771898269653,0.8483337163925171,0.019602457682291668,0.0
0,0.04732750356197357,0.9857729077339172,0.9465966820716858,0.039082845052083336,0.0
0,0.00023885791597422212,0.393618106842041,0.00278971204534173,0.0,0.0
0,0.004808999132364988,0.8238958716392517,0.07132811844348907,0.0003153483072916667,0.0
0,0.006892673205584288,0.7532851696014404,0.14854057133197784,0.0004475911458333333,0.0
0,0.0019572838209569454,0.23863890767097473,0.03179866820573807,0.0,0.0
0,0.14755718410015106,0.9757161140441895,0.903464674949646,0.08968098958333333,0.0
0,0.021088341251015663,0.9628831148147583,0.701710045337677,0.0133056640625,0.0
0,0.17975521087646484,0.9906600117683411,0.9702962636947632,0.15337117513020834,0.14760335286458334
0,0.0410877950489521,0.9993809461593628,0.9901008009910583,0.031972249348958336,0.017923990885416668
0,0.00035636313259601593,0.043204035609960556,0.004943689331412315,0.0,0.0
0,0.09276461601257324,0.9962782263755798,0.9824230670928955,0.07457478841145833,0.035481770833333336
0,0.03502238914370537,0.9919691681861877,0.9031234383583069,0.023274739583333332,0.0
0,0.029806924983859062,0.961605966091156,0.7856277823448181,0.0172119140625,0.0
0,0.043435510247945786,0.8386797904968262,0.6804509162902832,0.019500732421875,0.0
0,0.058563996106386185,0.9978258013725281,0.9906600117683411,0.0479736328125,0.034993489583333336
0,0.0912458598613739,0.9968763589859009,0.9738444089889526,0.06913248697916667,0.032989501953125
0,0.055413927882909775,0.9941574335098267,0.9317114353179932,0.038777669270833336,0.0
0,0.03333078697323799,0.949669361114502,0.5648151636123657,0.007486979166666667,0.0
0,0.10526064783334732,0.9800530076026917,0.9447912573814392,0.08704630533854167,0.06270345052083333
0,0.1775328516960144,0.9918437600135803,0.9686195850372314,0.140899658203125,0.11769612630208333
0,0.19380217790603638,0.9960237741470337,0.9777138829231262,0.15781656901041666,0.043365478515625
0,0.11592638492584229,0.9782188534736633,0.916857123374939,0.06424967447916667,0.0
0,0.08938678354024887,0.9843964576721191,0.9395782351493835,0.060394287109375,0.0
0,0.0744788646697998,0.979393482208252,0.8349418640136719,0.033681233723958336,0.0
0,0.13957341015338898,0.9781771898269653,0.9362850189208984,0.09876505533854167,0.0
0,0.2086627334356308,0.9957020878791809,0.9707415699958801,0.18532307942708334,0.13362630208333334
0,0.275256872177124,0.9943360686302185,0.9752018451690674,0.219696044921875,0.12962849934895834
0,3.339214526931755e-05,0.002800926798954606,0.00043563017970882356,0.0,0.0
0,0.07160229235887527,0.988447368144989,0.9199306964874268,0.037424723307291664,0.0
0,0.010752049274742603,0.9289263486862183,0.23021118342876434,0.0026753743489583335,0.0
0,0.0018120998283848166,0.41063815355300903,0.025662705302238464,0.0,0.0
0,0.047500938177108765,0.994401752948761,0.9264369606971741,0.03460693359375,0.0
0,0.17163479328155518,0.9953363537788391,0.9773275852203369,0.13261922200520834,0.084716796875
0,0.2257857322692871,0.994820237159729,0.9810219407081604,0.19688924153645834,0.15814208984375
0,0.0795711949467659,0.9831499457359314,0.934035062789917,0.04974365234375,0.0
0,0.04121312126517296,0.9946150183677673,0.941426157951355,0.034200032552083336,0.0
0,0.0595555305480957,0.974821150302887,0.8927496671676636,0.034657796223958336,0.0
0,0.13121731579303741,0.9973061084747314,0.9911182522773743,0.12330118815104167,0.111053466796875
0,0.01167554035782814,0.9852146506309509,0.5112510919570923,0.008514404296875,0.0
0,0.0325070284307003,0.9732915163040161,0.6898219585418701,0.012868245442708334,0.0
0,0.29485997557640076,0.9985841512680054,0.9942474365234375,0.265228271484375,0.225189208984375
0,0.4173896610736847,0.9987257122993469,0.9964619278907776,0.3809814453125,0.3148396809895833
0,0.028402479365468025,0.9552357196807861,0.7126262784004211,0.012908935546875,0.0
0,0.4684349596500397,0.9974787831306458,0.9927391409873962,0.4353535970052083,0.4034016927083333
0,0.010153166018426418,0.8118252158164978,0.22235210239887238,0.0004374186197916667,0.0
0,0.5992541909217834,0.9985785484313965,0.9969122409820557,0.5841573079427084,0.6005045572916666
0,0.055580396205186844,0.9877586960792542,0.826151430606842,0.024027506510416668,0.0
0,0.311740517616272,0.9988707900047302,0.9941800832748413,0.2768046061197917,0.18603515625
0,0.02982970140874386,0.9786719083786011,0.8466892242431641,0.014292399088541666,0.0
0,0.361497163772583,0.9986593723297119,0.9942025542259216,0.3419901529947917,0.3396199544270833
0,0.09490934014320374,0.9909447431564331,0.9562273025512695,0.06621297200520833,0.0
0,0.47056445479393005,0.9955489635467529,0.9885804057121277,0.4404500325520833,0.43218994140625
0,0.050606921315193176,0.9851003289222717,0.8646537065505981,0.031972249348958336,0.0
0,0.013334188610315323,0.934155285358429,0.4898017942905426,0.007069905598958333,0.0
0,0.28001636266708374,0.9967899918556213,0.9813107252120972,0.239532470703125,0.18284098307291666
0,0.361960768699646,0.9984452128410339,0.9949396848678589,0.3307698567708333,0.2981669108072917
0,0.10401222854852676,0.978260338306427,0.9508692026138306,0.08188883463541667,0.0
0,0.2863973379135132,0.9933846592903137,0.969438374042511,0.21715291341145834,0.046346028645833336
0,0.09585226327180862,0.9929336309432983,0.9463988542556763,0.060597737630208336,0.0
0,0.1043626070022583,0.9854404330253601,0.9399133324623108,0.06946818033854167,0.0
0,0.05319758877158165,0.9681411385536194,0.8488394618034363,0.034515380859375,0.0
0,0.4583795368671417,0.9988707900047302,0.9961755275726318,0.4312744140625,0.3946736653645833
0,0.5270545482635498,0.9980732202529907,0.9894702434539795,0.4863077799479167,0.5257771809895834
0,0.16853587329387665,0.990767776966095,0.9674102663993835,0.11394246419270833,0.055552164713541664
0,0.10158497095108032,0.9922143816947937,0.9632996320724487,0.073486328125,0.0
0,0.026056045666337013,0.9061560034751892,0.6213060021400452,0.009958902994791666,0.0
0,0.14961685240268707,0.987129271030426,0.9438672661781311,0.095947265625,0.0
0,0.07268015295267105,0.9962199330329895,0.9846936464309692,0.050832112630208336,0.030202229817708332
0,0.3281327784061432,0.9975939393043518,0.9904406070709229,0.2901407877604167,0.17718505859375
0,0.18673819303512573,0.9962638020515442,0.9865199327468872,0.14490763346354166,0.08272298177083333
0,0.38225021958351135,0.9991204142570496,0.997121274471283,0.3561604817708333,0.3488362630208333
0,0.35568156838417053,0.9919067621231079,0.9765353798866272,0.3286539713541667,0.2807210286458333
0,0.14451266825199127,0.9964480400085449,0.9857712388038635,0.11234537760416667,0.045583089192708336
0,0.1727147102355957,0.9970190525054932,0.980653703212738,0.1396484375,0.046966552734375
0,0.23618030548095703,0.995372474193573,0.9816655516624451,0.19309488932291666,0.111358642578125
0,0.02307688258588314,0.9785903096199036,0.7818207740783691,0.014261881510416666,0.0
0,0.19118225574493408,0.9899476170539856,0.9736947417259216,0.14048258463541666,0.060506184895833336
0,0.12062105536460876,0.9856076240539551,0.9523946642875671,0.09160359700520833,0.0
0,0.04632597789168358,0.9845753908157349,0.8174288272857666,0.021901448567708332,0.0
0,0.01508128922432661,0.8589553833007812,0.3074588477611542,0.0022989908854166665,0.0
0,0.049235861748456955,0.9771101474761963,0.8504611253738403,0.026509602864583332,0.0
0,0.23477275669574738,0.9886244535446167,0.9635062217712402,0.180633544921875,0.116790771484375
0,0.025060348212718964,0.9715099930763245,0.7226072549819946,0.01397705078125,0.0
0,0.015137456357479095,0.9654463529586792,0.45801082253456116,0.008026123046875,0.0
0,0.10566908121109009,0.9849274158477783,0.9625324606895447,0.10035196940104167,0.09493001302083333
0,0.00023599190171808004,0.11456649005413055,0.003039649687707424,0.0,0.0
0,0.03170059993863106,0.9453993439674377,0.7062856554985046,0.014180501302083334,0.0
0,0.07217276841402054,0.9920002222061157,0.95123291015625,0.059733072916666664,0.0
0,0.007350532338023186,0.7950222492218018,0.10875558853149414,0.00011189778645833333,0.0
0,0.020448913797736168,0.966092050075531,0.6249805092811584,0.010142008463541666,0.0
0,0.004210976418107748,0.5000863671302795,0.11476478725671768,0.0,0.0
0,0.0013936585746705532,0.692225992679596,0.019381079822778702,0.00011189778645833333,0.0
0,3.0399163733818568e-05,0.003456409554928541,0.0004994205082766712,0.0,0.0
0,0.016783200204372406,0.9817357659339905,0.8356016874313354,0.014394124348958334,0.0
0,0.05044908449053764,0.975623369216919,0.8762113451957703,0.03228759765625,0.0
0,0.005745194386690855,0.12168575078248978,0.07081620395183563,0.0,0.0
0,0.010743836872279644,0.798501193523407,0.18403315544128418,0.00011189778645833333,0.0
0,0.06142793968319893,0.9942025542259216,0.9663469791412354,0.041941324869791664,0.0
0,0.005431412253528833,0.6471295356750488,0.1106574684381485,5.0862630208333336e-05,0.0
0,0.0003780461847782135,0.0819595456123352,0.007636216934770346,0.0,0.0
0,0.011219583451747894,0.46113812923431396,0.17441026866436005,0.0,0.0
0,0.0941079780459404,0.9917484521865845,0.9594592452049255,0.089752197265625,0.05029296875
0,0.0017811687430366874,0.44272685050964355,0.03753800690174103,0.0,0.0
0,0.3431973457336426,0.9979731440544128,0.9903663396835327,0.3197912757973734,0.29483348968105066
0,0.015331754460930824,0.8810019493103027,0.5510244369506836,0.00800925925925926,0.0
0,0.032852232456207275,0.9345147609710693,0.7634960412979126,0.018567708333333332,0.0
0,0.21049578487873077,0.9980199337005615,0.9936612844467163,0.19216145833333334,0.11885416666666666
0,0.003294442081823945,0.896975576877594,0.047691281884908676,0.0015885416666666667,0.0
0,0.1460978090763092,0.975669801235199,0.9233161807060242,0.10631466666666667,0.0
0,0.09150532633066177,0.9950370192527771,0.9294416904449463,0.07377066666666666,0.0
0,0.006657344289124012,0.9978843331336975,0.10970578342676163,0.004098307291666666,0.0
0,0.2411133497953415,0.9940428137779236,0.9763104915618896,0.20146174863387978,0.10978142076502732
0,0.11953603476285934,0.9920312166213989,0.9655115008354187,0.09437708333333333,0.060816666666666665
0,0.14132581651210785,0.9951325058937073,0.9809855818748474,0.11265009842519685,0.08073818897637795
0,0.021971838548779488,0.9962638020515442,0.6911889314651489,0.0111113813229572,0.0
0,0.015646491199731827,0.9934611320495605,0.4767472743988037,0.0071108949416342415,0.0
0,0.01410472858697176,0.9789956212043762,0.3598150312900543,0.00526875,0.0
0,0.06633364409208298,0.9944234490394592,0.9465966820716858,0.05277291666666667,0.022075
0,0.022769570350646973,0.9880388379096985,0.46101707220077515,0.004140926640926641,0.0
0,0.0402023084461689,0.9988574981689453,0.9259026646614075,0.02240830115830116,0.002483108108108108
0,0.0579322949051857,0.9626027941703796,0.7838230133056641,0.025320945945945948,0.0
0,0.089314304292202,0.945600688457489,0.7512834072113037,0.028134395505519345,0.0
0,0.24194346368312836,0.9949788451194763,0.9860442876815796,0.23730357466884414,0.2276501542369806
0,0.02040366269648075,0.7476159334182739,0.2660730481147766,0.00014925373134328358,0.0
0,0.23834754526615143,0.9994705319404602,0.9911527037620544,0.21687700045724737,0.12643804298125286
0,0.09003099054098129,0.9976310729980469,0.9388007521629333,0.06344764517604023,0.0
0,0.15986241400241852,0.9974491000175476,0.959384024143219,0.11121627800640146,0.035518975765889346
0,0.006300193723291159,0.9318356513977051,0.1233656257390976,0.0007440012303037104,0.0
0,0.018378019332885742,0.989591658115387,0.6434424519538879,0.010520581113801452,0.0
0,0.016803942620754242,0.9912208914756775,0.4714519679546356,0.007445833333333333,0.0
0,0.16063064336776733,0.9987257122993469,0.9936116337776184,0.15072550894931003,0.13299904358518924
0,0.0008241981267929077,0.1550784707069397,0.013020490296185017,0.0,0.0
0,0.07264094799757004,0.9952077269554138,0.9625324606895447,0.0711669921875,0.0189208984375
0,0.11848428100347519,0.9820826053619385,0.9511421918869019,0.09596761067708333,0.06270345052083333
0,0.003338352544233203,0.5782696008682251,0.06453195214271545,0.0,0.0
0,0.003531036665663123,0.9549844264984131,0.023278353735804558,0.0024515787760416665,0.0
0,0.0020114139188081026,0.29838913679122925,0.04560694471001625,0.0,0.0
0,0.0033612579572945833,0.9648551344871521,0.023959288373589516,0.0029195149739583335,0.0
0,0.0021340809762477875,0.8904848694801331,0.026657739654183388,0.00048828125,0.0
0,0.0021911049261689186,0.2158462107181549,0.047337714582681656,0.0,0.0
0,1.8173852367908694e-05,0.0013511208817362785,0.0002824080584105104,0.0,0.0
0,4.7737838031025603e-05,0.005511934403330088,0.0006562961498275399,0.0,0.0
0,0.003409831551834941,0.9464978575706482,0.0398624911904335,0.0017801920572916667,0.0
0,0.00036721632932312787,0.2485342025756836,0.006073934491723776,0.0,0.0
0,0.00048135349061340094,0.04913078621029854,0.00781498197466135,0.0,0.0
0,0.00010913022560998797,0.04410091042518616,0.002217013156041503,0.0,0.0
0,0.0011093682842329144,0.21950475871562958,0.018869254738092422,0.0,0.0
0,0.00011779274791479111,0.02029348537325859,0.0017407804261893034,0.0,0.0
0,5.704170689568855e-05,0.006050397641956806,0.0009888596832752228,0.0,0.0
0,0.0019209758611395955,0.329715371131897,0.044929131865501404,0.0,0.0
0,0.019757313653826714,0.8598991632461548,0.39939457178115845,0.0022176106770833335,0.0
0,0.006488967686891556,0.9621787071228027,0.0659613236784935,0.004292805989583333,0.0
0,0.08621113747358322,0.9750121831893921,0.9144436717033386,0.06772867838541667,0.0
0,0.2334621399641037,0.9968884587287903,0.9849274158477783,0.22039794921875,0.18852742513020834
0,0.06683827191591263,0.9965301156044006,0.9795885682106018,0.058298746744791664,0.031097412109375
0,0.07863897830247879,0.9899863600730896,0.9499486684799194,0.06983439127604167,0.0
0,0.03883666917681694,0.9933071732521057,0.87364661693573,0.023651123046875,0.0
0,0.03879653289914131,0.9802431464195251,0.8868131041526794,0.030680338541666668,0.0
0,0.005770679097622633,0.7092205286026001,0.1106574684381485,0.0003255208333333333,0.0
0,0.002621196210384369,0.5930201411247253,0.07558479905128479,0.0,0.0
0,0.015761198475956917,0.9550683498382568,0.5957100987434387,0.009470621744791666,0.0
0,0.001678601372987032,0.7594038844108582,0.009936419315636158,0.000213623046875,0.0
0,0.09007241576910019,0.9929060935974121,0.9662197828292847,0.051239013671875,0.029296875
0,0.05109051987528801,0.9893885254859924,0.9370958209037781,0.032999674479166664,0.0
0,0.017718298360705376,0.9388007521629333,0.4747063219547272,0.005533854166666667,0.0
0,0.0033572514075785875,0.8870089650154114,0.05845324322581291,0.0005086263020833334,0.0
0,0.09322945028543472,0.9711290597915649,0.8689380288124084,0.0799560546875,0.0
0,0.04507972672581673,0.9643886089324951,0.7833262085914612,0.019419352213541668,0.0
0,0.0005767049151472747,0.23005375266075134,0.011731107719242573,0.0,0.0
0,0.013959602452814579,0.9778411984443665,0.7254453897476196,0.012125651041666666,0.0
0,0.0007588787120766938,0.3350244164466858,0.01056926604360342,0.0,0.0
0,0.007041477132588625,0.4716186821460724,0.2052866518497467,0.0,0.0
0,0.006273339036852121,0.8901033401489258,0.13341183960437775,0.001220703125,0.0
0,0.018251707777380943,0.7273949384689331,0.3356741666793823,0.000213623046875,0.0
0,0.0001283650635741651,0.010248602367937565,0.0022780648432672024,0.0,0.0
0,0.0004417747550178319,0.1716158092021942,0.009596454910933971,0.0,0.0
0,0.06722322851419449,0.9857181310653687,0.9388007521629333,0.046590169270833336,0.0
0,0.0006975584547035396,0.03527754545211792,0.016277462244033813,0.0,0.0
0,0.0008331313729286194,0.20995521545410156,0.015967654064297676,0.0,0.0
0,0.005212927702814341,0.5091618895530701,0.1225232183933258,0.0,0.0
0,0.0019874274730682373,0.3434518575668335,0.0383940152823925,0.0,0.0
0,0.004562956281006336,0.6608293652534485,0.10265861451625824,0.00014241536458333334,0.0
0,4.751957021653652e-05,0.006903837900608778,0.0008592476369813085,0.0,0.0
0,0.013216997496783733,0.9892232418060303,0.7593985199928284,0.011647542317708334,0.0
0,0.004080845043063164,0.8149381279945374,0.04256034642457962,0.0013834635416666667,0.0
0,0.00033889387850649655,0.13834533095359802,0.005641252268105745,0.0,0.0
0,0.12572169303894043,0.9968884587287903,0.9814534187316895,0.12340291341145833,0.12831624348958334
0,0.003112029517069459,0.77167147397995,0.06176270171999931,0.0004781087239583333,0.0
0,0.0001692151272436604,0.03817827254533768,0.0028780121356248856,0.0,0.0
0,0.046550825238227844,0.9892648458480835,0.836683988571167,0.023447672526041668,0.0
0,0.02849814109504223,0.9678993225097656,0.7662883996963501,0.017018636067708332,0.0
0,0.0005165042239241302,0.09334688633680344,0.008779109455645084,0.0,0.0
0,0.00012432488438207656,0.011869121342897415,0.0014325366355478764,0.0,0.0
0,0.00032012228621169925,0.29971975088119507,0.005490563344210386,0.0,0.0
0,0.01484429370611906,0.9657061100006104,0.3811585009098053,0.005442301432291667,0.0
0,0.13223350048065186,0.9991065859794617,0.9924511909484863,0.12132771809895833,0.11478678385416667
0,0.03063890151679516,0.9979169964790344,0.9776699542999268,0.028859456380208332,0.021006266276041668
0,0.00554873188957572,0.7673413753509521,0.06928940862417221,0.0003153483072916667,0.0
0,0.00984310731291771,0.6548947095870972,0.11260011047124863,0.00010172526041666667,0.0
0,0.0044180057011544704,0.9896718263626099,0.04184744134545326,0.0030924479166666665,0.0
0,0.0006241702358238399,0.4728812575340271,0.004451041109859943,0.0,0.0
0,0.0716853141784668,0.9865716695785522,0.953880250453949,0.059926350911458336,0.0
0,0.0010440173791721463,0.47457030415534973,0.023375315591692924,0.0,0.0
0,0.013348580338060856,0.9246877431869507,0.4226202070713043,0.004160563151041667,0.0
0,0.0010593656916171312,0.7723590135574341,0.01040710974484682,0.00013224283854166666,0.0
0,4.548973811324686e-05,0.006314364727586508,0.0009290033485740423,0.0,0.0
0,3.712319448823109e-05,0.0060975621454417706,0.0005442132824100554,0.0,0.0
0,0.0028287656605243683,0.3794358968734741,0.07409324496984482,0.0,0.0
0,5.87958529649768e-05,0.007149102166295052,0.0012943681795150042,0.0,0.0
0,0.0073533691465854645,0.9977830052375793,0.09876737743616104,0.006632486979166667,0.0
0,0.0005968405748717487,0.49326369166374207,0.01659126952290535,0.0,0.0
0,0.0037016060668975115,0.8133125305175781,0.07737810909748077,0.00022379557291666666,0.0
0,0.026550432667136192,0.9830850958824158,0.9116480946540833,0.023539225260416668,0.0
0,0.06266116350889206,0.9874235987663269,0.898226797580719,0.031707763671875,0.0
0,0.0001260993885807693,0.029145970940589905,0.004943113774061203,0.0,0.0
0,0.0004355872224550694,0.5431358814239502,0.0037800956051796675,0.0,0.0
0,0.01305182185024023,0.8927496671676636,0.314363032579422,0.0042724609375,0.0
0,0.000901227758731693,0.6536798477172852,0.012527931481599808,2.0345052083333332e-05,0.0
0,0.00550137460231781,0.836821436882019,0.13603350520133972,0.00146484375,0.0
0,0.00044732633978128433,0.3298232853412628,0.009936419315636158,0.0,0.0
0,0.0033050032798200846,0.5387405157089233,0.07835981249809265,0.0,0.0
0,0.006593529134988785,0.6178008913993835,0.1193024218082428,0.0,0.0
0,4.915932731819339e-05,0.00982179306447506,0.0007916296017356217,0.0,0.0
0,0.0007697790279053152,0.1203354075551033,0.01798621006309986,0.0,0.0
0,3.8127840525703505e-05,0.011288073845207691,0.0005953406798653305,0.0,0.0
0,0.02043662965297699,0.9558166265487671,0.5529621839523315,0.007853190104166666,0.0
0,0.0016485616797581315,0.7038548588752747,0.025130946189165115,0.00019327799479166666,0.0
0,0.0003179721243213862,0.023870835080742836,0.007374365348368883,0.0,0.0
0,0.053656745702028275,0.9575962424278259,0.8602448105812073,0.029581705729166668,0.0
0,0.027871163561940193,0.9785903096199036,0.7848092913627625,0.017130533854166668,0.0
0,0.006465488579124212,0.786786675453186,0.13341522216796875,0.0003255208333333333,0.0
0,0.0005715161096304655,0.07343005388975143,0.009632536210119724,0.0,0.0
0,0.25455042719841003,0.9980121850967407,0.9929060935974121,0.21153767903645834,0.12519327799479166
0,0.00011946301674470305,0.015130727551877499,0.0024534284602850676,0.0,0.0
0,0.13012661039829254,0.9993358254432678,0.9959613680839539,0.10486857096354167,0.0662841796875
0,0.08139520138502121,0.9991638660430908,0.9918437600135803,0.06828816731770833,0.048655192057291664
0,9.565785148879513e-05,0.019419347867369652,0.001309605548158288,0.0,0.0
0,0.0006956197903491557,0.8767399787902832,0.0017614696407690644,0.0003255208333333333,0.0
0,0.05445244535803795,0.9790757894515991,0.9019206762313843,0.048940022786458336,0.0350341796875
0,0.12843011319637299,0.9970190525054932,0.9875668883323669,0.10417683919270833,0.093505859375
0,0.00010024762013927102,0.024469668045639992,0.0021239665802568197,0.0,0.0
0,0.003078125650063157,0.9682013392448425,0.042562730610370636,0.00067138671875,0.0
0,0.0014119610423222184,0.8415654301643372,0.012382353655993938,0.0003763834635416667,0.0
0,0.0057294052094221115,0.9447912573814392,0.186674103140831,0.0027669270833333335,0.0
0,0.00813929084688425,0.9385759830474854,0.2333567589521408,0.005900065104166667,0.0
0,0.00015462910232599825,0.016466174274683,0.0023688743822276592,0.0,0.0
0,0.0005603902391158044,0.16357901692390442,0.012771868146955967,0.0,0.0
0,0.0021387964952737093,0.282492995262146,0.036975469440221786,0.0,0.0
0,0.008057028986513615,0.5140496492385864,0.18154890835285187,0.0,0.0
0,8.682042243890464e-05,0.007204769179224968,0.002560870721936226,0.0,0.0
0,0.0020814647432416677,0.5901297926902771,0.060860101133584976,0.0,0.0
0,0.01996179297566414,0.7159208059310913,0.36511364579200745,0.000640869140625,0.0
0,0.002073353622108698,0.16844618320465088,0.02595735713839531,0.0,0.0
0,0.0011010075686499476,0.3453260362148285,0.027637720108032227,0.0,0.0
0,0.0014552444918081164,0.6459020376205444,0.028167473152279854,3.0517578125e-05,0.0
0,0.011343742720782757,0.9418684244155884,0.33839190006256104,0.0025126139322916665,0.0
0,0.00045765170943923295,0.050611432641744614,0.010611421428620815,0.0,0.0
0,1.751266790961381e-05,0.009898063726723194,0.00026530236937105656,0.0,0.0
0,0.024154208600521088,0.8534248471260071,0.6277230381965637,0.010518391927083334,0.0
0,0.014403034001588821,0.949669361114502,0.45742693543434143,0.007008870442708333,0.0
0,0.008156309835612774,0.9203612804412842,0.3033003509044647,0.0038350423177083335,0.0
0,0.03348011523485184,0.8858291506767273,0.7082064747810364,0.015401204427083334,0.0
0,0.002673099748790264,0.9797065258026123,0.019233155995607376,0.0014851888020833333,0.0
0,0.12321895360946655,0.9863104820251465,0.929951012134552,0.079803466796875,0.0
0,0.006041419226676226,0.4238753318786621,0.11576064676046371,0.0,0.0
0,0.0585530549287796,0.9932025074958801,0.9817007184028625,0.039499918619791664,0.029612223307291668
0,0.0017279050080105662,0.42817363142967224,0.03520914912223816,0.0,0.0
0,0.00014452007599174976,0.048496000468730927,0.002387409098446369,0.0,0.0
0,0.00011379888019291684,0.02076474018394947,0.00178219610825181,0.0,0.0
0,0.0019962668884545565,0.15040281414985657,0.02992974780499935,0.0,0.0
0,0.03323206678032875,0.8216173648834229,0.5885935425758362,0.007700602213541667,0.0
0,0.0001718765706755221,0.019382191821932793,0.002704429440200329,0.0,0.0
0,0.00030590573442168534,0.3318771719932556,0.0036071965005248785,0.0,0.0
0,0.008998566307127476,0.9807657599449158,0.3071407973766327,0.006490071614583333,0.0
0,9.929895168170333e-05,0.03711691126227379,0.0014101937413215637,0.0,0.0
0,2.9962735425215214e-05,0.004736749455332756,0.00039357561036013067,0.0,0.0
0,4.9817583203548566e-05,0.00857748556882143,0.0007978335488587618,0.0,0.0
0,0.0007188720628619194,0.14977994561195374,0.013902058824896812,0.0,0.0
0,0.025298135355114937,0.9731897711753845,0.6775774955749512,0.013519287109375,0.0
0,0.0512629896402359,0.9888418912887573,0.9569547176361084,0.048909505208333336,0.0
0,0.016071772202849388,0.6405234336853027,0.2651130259037018,5.0862630208333336e-05,0.0
0,0.013677877373993397,0.9856076240539551,0.42405062913894653,0.006540934244791667,0.0
0,0.039536576718091965,0.8255897164344788,0.6550017595291138,0.014485677083333334,0.0
0,0.055051494389772415,0.9797840118408203,0.8514594435691833,0.024698893229166668,0.0
0,0.011187084950506687,0.9537942409515381,0.27317479252815247,0.004862467447916667,0.0
0,0.019491709768772125,0.9428234100341797,0.5886490941047668,0.008880615234375,0.0
0,0.015637608245015144,0.9474782943725586,0.6663849353790283,0.01129150390625,0.0
0,0.013527085073292255,0.6005983948707581,0.21917034685611725,0.0,0.0
0,0.011398875154554844,0.8828325867652893,0.31689754128456116,0.002899169921875,0.0
0,0.002147230552509427,0.38410326838493347,0.044675882905721664,0.0,0.0
0,0.1568397432565689,0.9965969920158386,0.9905142784118652,0.13962809244791666,0.12593587239583334
0,0.0630764588713646,0.9870795607566833,0.9412234425544739,0.037495930989583336,0.0
0,0.0028989696875214577,0.24113182723522186,0.05098814517259598,0.0,0.0
0,0.004502961877733469,0.8230441212654114,0.06608537584543228,6.103515625e-05,0.0
0,0.0020886503625661135,0.09203286468982697,0.023509452119469643,0.0,0.0
0,0.1777481883764267,0.9992648959159851,0.9946150183677673,0.13609822591145834,0.09747314453125
0,0.04531465470790863,0.982355535030365,0.9020932912826538,0.028086344401041668,0.0
0,0.00954552460461855,0.7264255881309509,0.20897528529167175,0.00010172526041666667,0.0
0,0.028771614655852318,0.7514657974243164,0.497653603553772,0.0021260579427083335,0.0
0,0.015293502248823643,0.9630919694900513,0.3045554459095001,0.0025533040364583335,0.0
0,0.012602601200342178,0.9190633296966553,0.3386039733886719,0.00531005859375,0.0
0,0.0022647492587566376,0.3575674891471863,0.04084571823477745,0.0,0.0
0,0.07237543165683746,0.9439706206321716,0.8570481538772583,0.029571533203125,0.0
0,0.025999298319220543,0.9946774244308472,0.9331803321838379,0.022410074869791668,0.0
0,0.002038748236373067,0.5961980819702148,0.037892427295446396,0.0,0.0
0,0.01174044981598854,0.5246838927268982,0.25552383065223694,0.0,0.0
0,0.048838552087545395,0.9693822264671326,0.9265698790550232,0.031748453776041664,0.023000081380208332
0,0.02013232745230198,0.9435559511184692,0.4444058835506439,0.006093343098958333,0.0
0,0.003158553270623088,0.974773108959198,0.036767393350601196,0.0017903645833333333,0.0
0,0.17752905189990997,0.9980199337005615,0.9909447431564331,0.14561971028645834,0.163055419921875
0,0.0001561258832225576,0.030675798654556274,0.0017891592578962445,0.0,0.0
0,0.1515224426984787,0.9997219443321228,0.9985104203224182,0.14286295572916666,0.14784749348958334
0,0.22862742841243744,0.9936856627464294,0.9839090704917908,0.22374471028645834,0.23038736979166666
0,0.0006690824520774186,0.2529372572898865,0.011029470711946487,0.0,0.0
0,0.03287600353360176,0.9240047931671143,0.6353356242179871,0.010874430338541666,0.0
0,5.44891954632476e-05,0.041617803275585175,0.0009546201326884329,0.0,0.0
0,0.0019925113301724195,0.08882029354572296,0.03739713504910469,0.0,0.0
0,0.0026220548897981644,0.14511536061763763,0.03277498483657837,0.0,0.0
0,0.0003784443251788616,0.06730107218027115,0.008380454033613205,0.0,0.0
0,0.0020092797931283712,0.639510989189148,0.03079216741025448,1.0172526041666666e-05,0.0
0,0.0006745008868165314,0.41478028893470764,0.00815624836832285,0.0,0.0
0,0.0032895011827349663,0.8689380288124084,0.04459507763385773,0.0005391438802083334,0.0
0,0.003650753991678357,0.8925625681877136,0.08021325618028641,0.0002950032552083333,0.0
0,0.0006374570657499135,0.07396337389945984,0.015072628855705261,0.0,0.0
0,0.10776367038488388,0.9726234674453735,0.9102219939231873,0.067138671875,0.0
0,0.00025366805493831635,0.045777272433042526,0.004962942097336054,0.0,0.0
0,0.0041841804049909115,0.8848377466201782,0.08725224435329437,0.0011088053385416667,0.0
0,0.00815997552126646,0.9043130874633789,0.30786553025245667,0.006368001302083333,0.0
0,0.003603421850129962,0.9605096578598022,0.036354612559080124,0.0015767415364583333,0.0
0,0.004755313042551279,0.40827676653862,0.10576342046260834,0.0,0.0
0,0.0009647453553043306,0.3805287182331085,0.023284973576664925,0.0,0.0
0,0.0723944827914238,0.9834068417549133,0.9425067901611328,0.07026163736979167,0.052734375
0,7.994688348844647e-05,0.011508148163557053,0.0013300462160259485,0.0,0.0
0,0.10348120331764221,0.9482505321502686,0.7823300957679749,0.03411865234375,0.0
0,0.001403111033141613,0.5776740312576294,0.026657739654183388,0.0,0.0
0,0.08146800845861435,0.9926256537437439,0.9458011984825134,0.045949300130208336,0.0
0,0.00024243402003776282,0.0389750711619854,0.0036353846080601215,0.0,0.0
0,0.013568480499088764,0.9596865773200989,0.43964898586273193,0.00518798828125,0.0
0,0.05989031866192818,0.9843363761901855,0.9390214681625366,0.037241617838541664,0.0
0,0.010865047574043274,0.4938128888607025,0.13904179632663727,0.0,0.0
0,0.021741772070527077,0.8789390921592712,0.3785165250301361,0.0024515787760416665,0.0
0,0.01164771243929863,0.9848109483718872,0.3127865195274353,0.005594889322916667,0.0
0,0.0065063536167144775,0.15726622939109802,0.06489012390375137,0.0,0.0
0,0.0017298382008448243,0.4038607180118561,0.03131934255361557,0.0,0.0
0,0.0180633757263422,0.8260111808776855,0.3752484917640686,0.0030619303385416665,0.0
0,0.009169084019958973,0.5231462717056274,0.24148401618003845,0.0,0.0
0,1.421457727701636e-05,0.0017614696407690644,0.000178131100255996,0.0,0.0
0,0.0012547308579087257,0.05781161040067673,0.01822824403643608,0.0,0.0
0,0.05465186759829521,0.9816303849220276,0.838939905166626,0.025665283203125,0.0
0,0.005916498135775328,0.23265863955020905,0.06313489377498627,0.0,0.0
0,8.829828584566712e-05,0.006850480102002621,0.0015916259726509452,0.0,0.0
0,0.005963640753179789,0.37421879172325134,0.10650458931922913,0.0,0.0
0,0.007571763824671507,0.8337311148643494,0.098941370844841,0.0005900065104166666,0.0
0,0.002105889143422246,0.7536479830741882,0.051082734018564224,9.1552734375e-05,0.0
0,0.004530985839664936,0.8810019493103027,0.10212010890245438,0.001220703125,0.0
0,0.07384558767080307,0.9904406070709229,0.9647204279899597,0.037943522135416664,0.0
0,0.00831624772399664,0.7853085398674011,0.12721826136112213,0.000213623046875,0.0
0,0.007139244582504034,0.5360093116760254,0.2161720097064972,0.0,0.0
0,0.000711485801730305,0.21883627772331238,0.017176708206534386,0.0,0.0
0,0.005475092679262161,0.8299059271812439,0.10502681136131287,0.0005391438802083334,0.0
0,0.00769452890381217,0.9718325734138489,0.1472949981689453,0.0037129720052083335,0.0
0,0.04289889335632324,0.9497627019882202,0.7946990132331848,0.026204427083333332,0.0
0,0.0064848377369344234,0.8559715747833252,0.14778998494148254,0.00079345703125,0.0
0,0.0632496029138565,0.9778411984443665,0.9231777787208557,0.052469889322916664,0.0
0,0.021392876282334328,0.9674717783927917,0.5633671879768372,0.008219401041666666,0.0
0,0.05090383067727089,0.9480584859848022,0.8136088848114014,0.029103597005208332,0.0
0,0.09692152589559555,0.9978087544441223,0.9805434346199036,0.06353759765625,0.026153564453125
0,0.0077150058932602406,0.7659436464309692,0.2649170756340027,0.0012715657552083333,0.0
0,0.021631808951497078,0.9026095867156982,0.5953626036643982,0.009358723958333334,0.0
0,0.006111383903771639,0.8933094143867493,0.10799500346183777,0.0011800130208333333,0.0
0,0.04867957532405853,0.9968024492263794,0.9813107252120972,0.03521728515625,0.026397705078125
0,0.010310553945600986,0.9071478247642517,0.22439010441303253,0.0014546712239583333,0.0
0,0.00035368953831493855,0.08509904891252518,0.005021149758249521,0.0,0.0
0,0.1744762510061264,0.9968396425247192,0.9763104915618896,0.148406982421875,0.040974934895833336
0,0.05034433305263519,0.999595582485199,0.9949199557304382,0.045806884765625,0.026407877604166668
0,0.31091517210006714,0.9978258013725281,0.9915544390678406,0.2822774251302083,0.250823974609375
0,0.1398770660161972,0.9874721169471741,0.9122800230979919,0.078765869140625,0.0
0,0.016607781872153282,0.9922744631767273,0.5128899216651917,0.006072998046875,0.0
0,0.3663210868835449,0.9954082369804382,0.9743373394012451,0.3132527669270833,0.11864217122395833
0,0.0028001535683870316,0.5234812498092651,0.05541279539465904,0.0,0.0
0,0.2887272834777832,0.9968273043632507,0.9855521321296692,0.24358113606770834,0.10782877604166667
0,0.00015956714923959225,0.03228325769305229,0.0032350560650229454,0.0,0.0
0,0.07691490650177002,0.9660280346870422,0.8509647250175476,0.036570231119791664,0.0
0,0.052523061633110046,0.9981104135513306,0.9813465476036072,0.039998372395833336,0.019154866536458332
0,0.010886979289352894,0.8681575655937195,0.24725419282913208,0.0010884602864583333,0.0
0,0.2883478105068207,0.9973887801170349,0.9879462122917175,0.228912353515625,0.15915934244791666
0,0.019848080351948738,0.9669140577316284,0.583908200263977,0.008982340494791666,0.0
0,0.012063716538250446,0.9984330534934998,0.9201833605766296,0.01153564453125,0.0
0,0.004510816652327776,0.5987228751182556,0.08803311735391617,0.0,0.0
0,0.019116824492812157,0.9081302285194397,0.4843810796737671,0.005818684895833333,0.0
0,0.010970103554427624,0.5306317806243896,0.1509026288986206,0.0,0.0
0,0.07966838777065277,0.9681411385536194,0.9159594178199768,0.0712890625,0.0
0,0.16932949423789978,0.9975466132164001,0.9805434346199036,0.13535,0.07301666666666666
0,0.03438040614128113,0.9044819474220276,0.3990509510040283,0.005104166666666667,0.0
0,0.12038232386112213,0.9858821630477905,0.8807970285415649,0.07762369791666666,0.0
0,0.017080752179026604,0.9931228756904602,0.2940152585506439,0.006796875,0.0
0,0.14459601044654846,0.986151397228241,0.9242786765098572,0.06374348958333333,0.0
0,0.26850396394729614,0.9996540546417236,0.9971550703048706,0.25543466666666664,0.22434133333333334
0,0.014276626519858837,0.9991340041160583,0.5009016990661621,0.007680257161458333,0.0
0,0.0011635060654953122,0.25888770818710327,0.018978038802742958,0.0,0.0
0,0.0042624399065971375,0.8519527316093445,0.06632324308156967,0.0006510416666666666,0.0
0,0.10396209359169006,0.999208390712738,0.9923341274261475,0.07578531901041667,0.042236328125
0,0.007950332947075367,0.9385759830474854,0.1443791389465332,0.0016886393229166667,0.0
0,0.021862229332327843,0.8774768114089966,0.48172274231910706,0.0050048828125,0.0
0,0.023104818537831306,0.9965837001800537,0.7256495952606201,0.011875,0.008499034749034748
0,0.3681698739528656,0.9980353713035583,0.989591658115387,0.3264459325396825,0.2576612103174603
0,0.2194119244813919,0.9860442876815796,0.9535353183746338,0.16609381486093816,0.03152622111526221
0,0.0032274825498461723,0.7362110018730164,0.04560694471001625,0.00012237762237762238,0.0
0,0.008767165243625641,0.9984812140464783,0.15961262583732605,0.007213114754098361,0.0
0,9.803772263694555e-05,0.08977328985929489,0.0012545944191515446,0.0,0.0
0,0.002481471048668027,0.8996515870094299,0.04352813959121704,0.0007725820505373221,0.0
0,0.34374985098838806,0.998835027217865,0.9933071732521057,0.3034719183078045,0.2122003403841478
0,0.014014693908393383,0.995566189289093,0.44049960374832153,0.008254560530679933,0.0
0,0.26608431339263916,0.9991440773010254,0.9933846592903137,0.21974102848686644,0.17539955604883462
0,0.24896064400672913,0.9982247948646545,0.9908389449119568,0.2145767195767196,0.16287918871252205
0,0.1707773059606552,0.9878058433532715,0.9434518814086914,0.11511842105263158,0.0
0,0.15914836525917053,0.9993094205856323,0.9789553880691528,0.13443262411347517,0.05912677304964539
0,0.04385580122470856,0.9921537041664124,0.8388118147850037,0.021886120996441282,0.0
0,0.2678596079349518,0.9961305856704712,0.9716179370880127,0.21204753101304827,0.14674597433218123
0,0.09760817885398865,0.9978172779083252,0.9430346488952637,0.05895891690009337,0.01604575163398693
0,0.10829340666532516,0.9937829375267029,0.9653811454772949,0.08678043689665806,0.018049856502454876
0,0.1597539186477661,0.9977038502693176,0.9728823304176331,0.12752641838514414,0.047527444341848774
0,0.11503663659095764,0.9996923208236694,0.9777138829231262,0.07406037414965987,0.017886904761904764
0,0.1831577718257904,0.9969485402107239,0.9787533283233643,0.14987547892720307,0.1297653256704981
0,0.04044667258858681,0.9919067621231079,0.8901033401489258,0.027560468631897202,0.0
0,0.01552171166986227,0.9931760430335999,0.4719991981983185,0.007814583333333333,0.0
0,0.10413126647472382,0.9986749291419983,0.9689738154411316,0.08125833333333334,0.022875
0,0.19031858444213867,0.9968884587287903,0.9775857925415039,0.13655208333333332,0.08240416666666667
0,0.018841641023755074,0.9975080490112305,0.4216131269931793,0.008402777777777778,0.0
0,0.2152581810951233,0.9987840056419373,0.9895513653755188,0.17209439455548323,0.09090164572149266
0,0.013522720895707607,0.9972423315048218,0.8202952742576599,0.01214599609375,0.0
0,1.4672594261355698e-05,0.0015731120947748423,0.00024346048303414136,0.0,0.0
0,0.18269823491573334,0.9828232526779175,0.9587675929069519,0.16725667317708334,0.11008707682291667
0,0.2199845314025879,0.9975751042366028,0.9892648458480835,0.21056111653645834,0.24742635091145834
0,0.10650599002838135,0.9879462122917175,0.9161050915718079,0.074462890625,0.0
0,0.2815861105918884,0.9977038502693176,0.9881765246391296,0.22596232096354166,0.06282552083333333
0,0.07908342033624649,0.9985674619674683,0.9702945947647095,0.055857340494791664,0.0
0,0.1349184364080429,0.9936856627464294,0.974821150302887,0.12031046549479167,0.107208251953125
0,1.2941767636220902e-05,0.005159622989594936,0.00021485923207364976,0.0,0.0
0,0.0006982467020861804,0.3279910683631897,0.013070784509181976,0.0,0.0
0,2.5536610337439924e-05,0.002957902615889907,0.0003889920481014997,0.0,0.0
0,0.19586454331874847,0.995866060256958,0.9869794845581055,0.18497721354166666,0.18525187174479166
0,0.11165452748537064,0.9924813508987427,0.9555661082267761,0.07817586263020833,0.0
0,0.009409178048372269,0.9668514132499695,0.24543572962284088,0.004343668619791667,0.0
0,0.16741208732128143,0.9986276626586914,0.9950562715530396,0.154083251953125,0.135894775390625
0,0.04078749939799309,0.9851576089859009,0.8931175470352173,0.022074381510416668,0.0
0,0.053248822689056396,0.9893062710762024,0.8960696458816528,0.035675048828125,0.0
0,0.0009181316127069294,0.33306920528411865,0.0120523851364851,0.0,0.0
0,0.006062197033315897,0.987129271030426,0.08268847316503525,0.004435221354166667,0.0
0,0.13665364682674408,0.9971327781677246,0.9649873375892639,0.08423868815104167,0.0
0,0.02689080871641636,0.9224823713302612,0.5974587798118591,0.008565266927083334,0.0
0,0.051594872027635574,0.9517735838890076,0.818156361579895,0.03619384765625,0.0
0,0.06802878528833389,0.9728823304176331,0.9054896235466003,0.023518880208333332,0.0
0,0.02487851120531559,0.9698426127433777,0.5181869864463806,0.00762939453125,0.0
0,0.04030813276767731,0.9911182522773743,0.8724561333656311,0.030619303385416668,0.0
0,0.03601093590259552,0.9936610460281372,0.7577943801879883,0.016245524088541668,0.0
0,0.012820313684642315,0.975296139717102,0.3247641324996948,0.005747477213541667,0.0
0,0.19840951263904572,0.9985785484313965,0.982355535030365,0.15580240885416666,0.0238037109375
0,0.17623324692249298,0.9981684684753418,0.9917163252830505,0.165130615234375,0.14963785807291666
0,6.22628431301564e-05,0.010652512311935425,0.001133436569944024,0.0,0.0
0,0.004485878627747297,0.616070032119751,0.08064227551221848,0.0,0.0
0,0.05810382589697838,0.9974391460418701,0.967777669429779,0.041056315104166664,0.0
0,0.13060785830020905,0.9719924926757812,0.9048188328742981,0.07194010416666667,0.0
0,0.0013908995315432549,0.40268567204475403,0.03365296497941017,0.0,0.0
0,0.022088274359703064,0.9824230670928955,0.5331397652626038,0.0072021484375,0.0
0,0.037156928330659866,0.9924227595329285,0.9425067901611328,0.027730305989583332,0.0
0,0.0003533384297043085,0.103748619556427,0.005469274707138538,0.0,0.0
0,0.0010875494917854667,0.4721814692020416,0.015245833434164524,0.0,0.0
0,0.08962931483983994,0.9942250847816467,0.9760822653770447,0.06282552083333333,0.0
0,0.033609259873628616,0.9736446738243103,0.860248327255249,0.021779378255208332,0.0
0,0.06742534786462784,0.9856629967689514,0.9089417457580566,0.036794026692708336,0.0
0,0.07277525216341019,0.9985221028327942,0.9923933744430542,0.061676025390625,0.034739176432291664
0,0.0014456192729994655,0.8307315111160278,0.013376603834331036,0.0003255208333333333,0.0
0,0.00020304361532907933,0.03949040547013283,0.003869391046464443,0.0,0.0
0,0.008042429573833942,0.954647421836853,0.1914742887020111,0.004608154296875,0.0
0,0.0015484456671401858,0.6355618238449097,0.023375315591692924,5.0862630208333336e-05,0.0
0,0.002357989316806197,0.6740504503250122,0.034551672637462616,3.0517578125e-05,0.0
0,0.00036934763193130493,0.03179866820573807,0.00941259041428566,0.0,0.0
0,0.006294867489486933,0.9857729077339172,0.11515625566244125,0.0038045247395833335,0.0
0,0.035274308174848557,0.9788343906402588,0.7725254893302917,0.017679850260416668,0.0
0,0.05039961263537407,0.9621075391769409,0.8458150625228882,0.030039469401041668,0.0
0,0.06272929906845093,0.9898695349693298,0.8042476177215576,0.0263671875,0.0
0,0.00010944742825813591,0.036977555602788925,0.0017546144081279635,0.0,0.0
0,0.00411068694666028,0.7849790453910828,0.0799255296587944,0.00054931640625,0.0
0,0.13559210300445557,0.9950370192527771,0.968020498752594,0.10009765625,0.0
0,0.007537411991506815,0.9210741519927979,0.22473019361495972,0.0018107096354166667,0.0
0,0.0032176889944821596,0.6961649656295776,0.07709553092718124,4.0690104166666664e-05,0.0
0,0.0001762000028975308,0.02595735713839531,0.0033766122069209814,0.0,0.0
0,0.039496611803770065,0.9824230670928955,0.8630456924438477,0.020416259765625,0.0
0,0.0007706700707785785,0.7503698468208313,0.012479699216783047,6.103515625e-05,0.0
0,0.006090156733989716,0.796609103679657,0.10229933261871338,0.0003662109375,0.0
0,0.06224871799349785,0.999559223651886,0.9853262305259705,0.040049235026041664,0.012491861979166666
0,0.0003196153265889734,0.08772000670433044,0.006168994586914778,0.0,0.0
0,0.0678030326962471,0.9912548065185547,0.9228960871696472,0.041035970052083336,0.0
0,0.07794255018234253,0.9879926443099976,0.9526622891426086,0.057952880859375,0.0
0,0.002761631505563855,0.35053253173828125,0.0732932984828949,0.0,0.0
0,0.00047308835200965405,0.0484059602022171,0.00847840216010809,0.0,0.0
0,0.05787389352917671,0.991186797618866,0.9614614844322205,0.045389811197916664,0.023193359375
0,0.014587162993848324,0.9949592351913452,0.6460136771202087,0.010426839192708334,0.0
0,0.0067458488047122955,0.9805806875228882,0.05042126774787903,0.00390625,0.0
0,0.046759266406297684,0.9872281551361084,0.9278839230537415,0.03509521484375,0.0
0,0.00024313718313351274,0.04312337189912796,0.003692853031679988,0.0,0.0
0,0.09266695380210876,0.99703049659729,0.9605074524879456,0.06282552083333333,0.0
0,0.42307934165000916,0.9963924288749695,0.9894702434539795,0.4126485188802083,0.4475606282552083
0,0.07962383329868317,0.9934357404708862,0.9632996320724487,0.07316080729166667,0.061319986979166664
0,0.13901585340499878,0.992452085018158,0.96518474817276,0.10483805338541667,0.04095458984375
0,0.04387126863002777,0.999376118183136,0.9916195869445801,0.040974934895833336,0.018931070963541668
0,0.04164346680045128,0.9881765246391296,0.9237300753593445,0.035115559895833336,0.0
0,0.3518814146518707,0.995075523853302,0.9894295334815979,0.3274943033854167,0.2750244140625
0,0.09977000206708908,0.9934357404708862,0.977022647857666,0.084747314453125,0.0526123046875
0,0.0011241502361372113,0.5170984864234924,0.02100316435098648,0.0,0.0
0,0.014683195389807224,0.9194981455802917,0.4492289423942566,0.005462646484375,0.0
0,0.1853208988904953,0.9969485402107239,0.9779244065284729,0.14241536458333334,0.039530436197916664
0,0.5439074039459229,0.9994493126869202,0.9945307374000549,0.5357157389322916,0.55242919921875
0,0.07173126190900803,0.9897513389587402,0.8934953808784485,0.034311930338541664,0.0
0,0.2107444554567337,0.9993040561676025,0.9859887957572937,0.15928141276041666,0.015391031901041666
0,0.09723508358001709,0.9978342652320862,0.9873735308647156,0.07712809244791667,0.042683919270833336
0,0.006966757122427225,0.9071478247642517,0.11456649005413055,0.0006205240885416666,0.0
0,0.07639838010072708,0.9947799444198608,0.9761278033256531,0.0606689453125,0.0286865234375
0,0.01095180306583643,0.9820137619972229,0.4346598982810974,0.006886800130208333,0.0
0,0.000310984585667029,0.0484059602022171,0.006026250310242176,0.0,0.0
0,0.2842674255371094,0.994820237159729,0.987375020980835,0.2738749186197917,0.2628072102864583
0,0.09946426004171371,0.9981251358985901,0.9894295334815979,0.08782958984375,0.052256266276041664
0,0.20402880012989044,0.9968884587287903,0.9877113699913025,0.19584147135416666,0.17804972330729166
0,0.06636698544025421,0.9967523813247681,0.9803186058998108,0.038004557291666664,0.0
0,0.020501762628555298,0.9354645609855652,0.5540382862091064,0.007883707682291666,0.0
0,0.11975986510515213,0.9942250847816467,0.9489172697067261,0.09275309244791667,0.032196044921875
0,0.11836087703704834,0.9877586960792542,0.9663469791412354,0.08133951822916667,0.0
0,0.027443328872323036,0.9641192555427551,0.6225689053535461,0.010009765625,0.0
0,0.07282254844903946,0.9833430051803589,0.9022605419158936,0.045878092447916664,0.0
0,0.106932632625103,0.9942920207977295,0.9752475619316101,0.10146077473958333,0.09070841471354167
0,0.12270613759756088,0.9944880604743958,0.9805060625076294,0.10860188802083333,0.10603841145833333
0,0.2316429764032364,0.9988304972648621,0.9933838844299316,0.19231160481770834,0.11861165364583333
0,0.07707484811544418,0.9952999353408813,0.9793145656585693,0.061075846354166664,0.040384928385416664
0,0.0021971140522509813,0.5461028218269348,0.04328241944313049,0.0,0.0
0,0.015032387338578701,0.9501341581344604,0.3388260304927826,0.004201253255208333,0.0
0,0.05677914619445801,0.9919067621231079,0.9026044607162476,0.03558349609375,0.0
0,0.032134972512722015,0.9773275852203369,0.8526829481124878,0.0189208984375,0.0
0,0.026200389489531517,0.9915215969085693,0.8497219681739807,0.015665690104166668,0.0
0,0.08533897995948792,0.9889278411865234,0.9447912573814392,0.06291707356770833,0.0
0,0.010494034737348557,0.957277774810791,0.33589524030685425,0.004557291666666667,0.0
0,0.3710004985332489,0.9993307590484619,0.9975370168685913,0.3377787272135417,0.24031575520833334
0,0.09790176898241043,0.995354413986206,0.9564718008041382,0.07430013020833333,0.025370279947916668
0,0.04603374004364014,0.9975560903549194,0.9533619284629822,0.028971354166666668,0.0
0,0.0002773722226265818,0.15027806162834167,0.005641252268105745,0.0,0.0
0,0.8378314971923828,0.9997219443321228,0.9987404942512512,0.8425191243489584,0.8988545735677084
0,0.030548423528671265,0.9415467381477356,0.7218412160873413,0.014780680338541666,0.0
0,0.0556466244161129,0.9908389449119568,0.9286641478538513,0.0445556640625,0.0205078125
0,0.1135663390159607,0.9832789301872253,0.9401335716247559,0.077301025390625,0.0
0,0.05780564621090889,0.9471859931945801,0.6697415709495544,0.0142822265625,0.0
0,0.11649421602487564,0.9957684278488159,0.9669140577316284,0.08713785807291667,0.0
0,0.15567107498645782,0.9961903095245361,0.9524831175804138,0.10638427734375,0.0
0,0.2016076296567917,0.9996079802513123,0.9980121850967407,0.18590291341145834,0.16581217447916666
0,0.15971678495407104,0.9928231239318848,0.9621075391769409,0.130462646484375,0.0
0,0.2643323242664337,0.9994966983795166,0.995718777179718,0.23456827799479166,0.17989095052083334
0,0.03762867674231529,0.9765800833702087,0.8875890970230103,0.024800618489583332,0.0
0,0.19318787753582,0.9988120794296265,0.9912198781967163,0.15936279296875,0.051289876302083336
0,0.1601942479610443,0.9963783621788025,0.9800912737846375,0.123748779296875,0.09172566731770833
0,0.16386131942272186,0.9967774748802185,0.9818752408027649,0.13050333658854166,0.031412760416666664
0,0.4076705276966095,0.9993175268173218,0.9953363537788391,0.3859761555989583,0.3420003255208333
0,0.5272992253303528,0.9987207055091858,0.9956005811691284,0.5180765787760416,0.4609781901041667
0,0.30240264534950256,0.995354413986206,0.9812738299369812,0.24644978841145834,0.046579996744791664
0,0.16649414598941803,0.9954261183738708,0.97359299659729,0.126190185546875,0.0
0,0.5428016781806946,0.998745322227478,0.9954791069030762,0.5195210774739584,0.5458577473958334
0,0.16302286088466644,0.9973785877227783,0.9862046241760254,0.12934366861979166,0.06285603841145833
0,0.37220391631126404,0.9984869956970215,0.9939261078834534,0.34490966796875,0.2950032552083333
0,0.18327154219150543,0.9965569972991943,0.9856076240539551,0.15936279296875,0.13279215494791666
0,0.4097239077091217,0.9992417097091675,0.9970991611480713,0.3918355305989583,0.3738911946614583
0,0.09603720903396606,0.9772408604621887,0.8971559405326843,0.057200113932291664,0.0
0,0.28636258840560913,0.9966233968734741,0.991455614566803,0.2657572428385417,0.238800048828125
0,0.27677103877067566,0.9989055395126343,0.9969485402107239,0.243865966796875,0.17293294270833334
0,0.22669605910778046,0.9969603419303894,0.9892232418060303,0.19718424479166666,0.11382039388020833
0,0.2740960419178009,0.9975560903549194,0.9908389449119568,0.24036661783854166,0.19447835286458334
0,0.45606955885887146,0.9988574981689453,0.9951136708259583,0.416107177734375,0.27484130859375
0,0.20257771015167236,0.9963357448577881,0.9828891754150391,0.17467244466145834,0.09358723958333333
0,0.3716493546962738,0.9982590079307556,0.9928222894668579,0.3323465983072917,0.21004231770833334
0,0.0034993216395378113,0.6342035531997681,0.04849329963326454,2.0345052083333332e-05,0.0
0,0.02737564407289028,0.9828891754150391,0.5834389328956604,0.008514404296875,0.0
0,0.08236334472894669,0.9882221817970276,0.8509647250175476,0.035939534505208336,0.0
0,0.0019512510625645518,0.9579908847808838,0.020371295511722565,0.0010274251302083333,0.0
0,0.008425809442996979,0.9579908847808838,0.27375978231430054,0.0038553873697916665,0.0
0,0.0007694128435105085,0.38208380341529846,0.01737566478550434,0.0,0.0
0,1.3643021702591795e-05,0.00301606603898108,0.00031992356525734067,0.0,0.0
0,0.0675785169005394,0.939581573009491,0.6413066387176514,0.011311848958333334,0.0
0,0.013723086565732956,0.9745803475379944,0.6437504291534424,0.010335286458333334,0.0
0,0.009445258416235447,0.9768466353416443,0.3188997209072113,0.004770914713541667,0.0
0,0.050690505653619766,0.9526622891426086,0.8361455202102661,0.032979329427083336,0.0
0,0.0922287181019783,0.9803937673568726,0.9362815022468567,0.08799235026041667,0.045918782552083336
0,0.030041346326470375,0.8639664649963379,0.6587468981742859,0.011881510416666666,0.0
0,0.04998229444026947,0.9388007521629333,0.7759394645690918,0.02374267578125,0.0
0,0.10853379219770432,0.991355836391449,0.9675332307815552,0.10453287760416667,0.08002726236979167
0,0.007300038356333971,0.5157723426818848,0.1268933266401291,0.0,0.0
0,0.024722009897232056,0.9874235987663269,0.913508415222168,0.020802815755208332,0.0
0,0.03032473288476467,0.996160626411438,0.9272276759147644,0.02197265625,0.0
0,0.036859285086393356,0.9110215306282043,0.7300888299942017,0.015055338541666666,0.0
0,0.31584852933883667,0.9973580241203308,0.9929336309432983,0.2952067057291667,0.297027587890625
0,0.049140576273202896,0.9326989054679871,0.8050197958946228,0.03338623046875,0.0
0,0.032028794288635254,0.9063219428062439,0.7581526637077332,0.020111083984375,0.0
0,0.03121062181890011,0.9708540439605713,0.7577943801879883,0.016448974609375,0.0
0,0.004535370506346226,0.6597340703010559,0.11008214950561523,2.0345052083333332e-05,0.0
0,0.025563443079590797,0.8638516664505005,0.4656590223312378,0.0033162434895833335,0.0
0,0.028236201032996178,0.9942920207977295,0.6921219825744629,0.011240641276041666,0.0
0,0.0069530983455479145,0.9108630418777466,0.1653234213590622,0.0015869140625,0.0
0,0.04463733732700348,0.9666001796722412,0.9304582476615906,0.039530436197916664,0.033487955729166664
0,0.06531264632940292,0.953880250453949,0.8540309071540833,0.046132405598958336,0.0
0,0.0011560983257368207,0.16926851868629456,0.026607107371091843,0.0,0.0
0,0.016886446624994278,0.6788594126701355,0.3248615860939026,0.000518798828125,0.0
0,0.35127219557762146,0.9990637898445129,0.996936559677124,0.3214111328125,0.22040812174479166
0,0.02725653536617756,0.9136765599250793,0.6565415263175964,0.011861165364583334,0.0
0,0.10725006461143494,0.9902161359786987,0.9762653708457947,0.10808308919270833,0.10822550455729167
0,0.03765425458550453,0.9738940596580505,0.8369507193565369,0.023468017578125,0.0
0,0.14031513035297394,0.9783847332000732,0.950775146484375,0.129913330078125,0.07234700520833333
0,0.04325855150818825,0.8745065331459045,0.6595082879066467,0.012583414713541666,0.0
0,0.2590698003768921,0.9969603419303894,0.9878528118133545,0.222259521484375,0.14598592122395834
0,0.0008185012848116457,0.1149633601307869,0.010248602367937565,0.0,0.0
0,0.0876350998878479,0.9969005584716797,0.9743358492851257,0.07197062174479167,0.030843098958333332
0,0.007269785273820162,0.6914973258972168,0.15456733107566833,0.00013224283854166666,0.0
0,0.047360990196466446,0.961533784866333,0.8562121987342834,0.028411865234375,0.0
0,0.0014954847283661366,0.25330647826194763,0.022542964667081833,0.0,0.0
0,0.00010230766929453239,0.008124708198010921,0.0018969200318679214,0.0,0.0
0,0.09981212764978409,0.9878996014595032,0.9439706206321716,0.06926472981770833,0.0
0,0.0012966932263225317,0.23528406023979187,0.03126014024019241,0.0,0.0
0,0.03955402597784996,0.998798131942749,0.9930152893066406,0.037373860677083336,0.0352783203125
0,0.010607951320707798,0.9872281551361084,0.3018763065338135,0.005808512369791667,0.0
0,0.17433448135852814,0.9939963817596436,0.9793540239334106,0.14338175455729166,0.10477701822916667
0,0.12736989557743073,0.998498797416687,0.9920926690101624,0.09706624348958333,0.07872517903645833
0,0.043404366821050644,0.9752489924430847,0.8016207218170166,0.023610432942708332,0.0
0,0.04119717702269554,0.9785903096199036,0.8708072900772095,0.02301025390625,0.0
0,0.06834705919027328,0.9992648959159851,0.9949396848678589,0.06540934244791667,0.03643798828125
0,0.005607388447970152,0.9493886232376099,0.15530772507190704,0.0013020833333333333,0.0
0,0.04158316180109978,0.9910838603973389,0.9245433807373047,0.028564453125,0.0
0,0.01140123512595892,0.9957684278488159,0.6074500679969788,0.009857177734375,0.0
0,0.26556143164634705,0.9981397390365601,0.9851576089859009,0.23755900065104166,0.19130452473958334
0,0.10335630178451538,0.9968519806861877,0.9463958740234375,0.07161458333333333,0.0
0,0.14862674474716187,0.9967142343521118,0.989509642124176,0.117950439453125,0.09150187174479167
0,0.09754863381385803,0.9920926690101624,0.9671630263328552,0.07322184244791667,0.0362548828125
0,0.028061194345355034,0.9976949095726013,0.9616758823394775,0.022572835286458332,0.0
0,0.008892555721104145,0.9162596464157104,0.13409070670604706,0.000701904296875,0.0
0,0.11304719001054764,0.9996800422668457,0.9982247948646545,0.10187784830729167,0.060862223307291664
0,0.1634770929813385,0.9984145164489746,0.9945095181465149,0.14054361979166666,0.12599690755208334
0,0.4447091519832611,0.9992563128471375,0.9957848191261292,0.4294942220052083,0.4452412923177083
0,0.2348897010087967,0.997166097164154,0.988711953163147,0.210479736328125,0.14375813802083334
0,0.06369864195585251,0.9949199557304382,0.9037997722625732,0.033976236979166664,0.0
0,0.07942236959934235,0.9989141225814819,0.9941118359565735,0.0740966796875,0.050242106119791664
0,0.020582685247063637,0.9837850332260132,0.5303358435630798,0.007659912109375,0.0
0,0.10689910501241684,0.9923043847084045,0.9568741321563721,0.072723388671875,0.0
0,0.01664673537015915,0.9672250151634216,0.5890611410140991,0.008870442708333334,0.0
0,0.1302812546491623,0.9979888200759888,0.9554855227470398,0.079315185546875,0.0
0,0.0020568647887557745,0.5480688810348511,0.038756195455789566,0.0,0.0
0,0.06323003768920898,0.9987744688987732,0.9862046241760254,0.056660970052083336,0.031575520833333336
0,0.21137064695358276,0.998879611492157,0.996292769908905,0.20067708333333334,0.19875
0,0.10758720338344574,0.9992445707321167,0.9879471659660339,0.08369791666666666,0.0
0,0.16331607103347778,0.9999145269393921,0.8834312558174133,0.05194091796875,0.0
0,0.010854874737560749,0.9709092378616333,0.3945741653442383,0.006317138671875,0.0
0,0.003385029500350356,0.9718325734138489,0.0427221953868866,0.001519740162837141,0.0
0,0.003312766319140792,0.9961155652999878,0.034100428223609924,0.0018987341772151898,0.0
0,0.1215766966342926,0.9994115829467773,0.9863631129264832,0.09921641791044776,0.04304726368159204
0,0.49826836585998535,0.9936856627464294,0.9782188534736633,0.4517583333333333,0.46552083333333333
0,4.742689634440467e-05,0.009898063726723194,0.0008559005800634623,0.0,0.0
0,0.00055171106941998,0.41460251808166504,0.005685907322913408,0.0,0.0
0,0.07178488373756409,0.9933330416679382,0.9635062217712402,0.06449213828624076,0.014163849991952358
0,0.0541374608874321,0.9757161140441895,0.8365545868873596,0.03751448106671513,0.0
0,0.04053211957216263,0.995566189289093,0.9600604176521301,0.033846721936344575,0.0
0,0.0027418038807809353,0.44999679923057556,0.060521628707647324,0.0,0.0
0,0.23947583138942719,0.9983707070350647,0.9898695349693298,0.21404444444444445,0.15065555555555554
0,0.052013199776411057,0.9940428137779236,0.9618217349052429,0.029195205479452056,0.019609335362760022
0,0.35554903745651245,0.9993663430213928,0.9967899918556213,0.3419878472222222,0.3163715277777778
0,0.23242560029029846,0.9996566772460938,0.9899086952209473,0.1893875685557587,0.09350776965265083
0,0.3344019055366516,0.9994022846221924,0.9954791069030762,0.317245802238806,0.3005946828358209
0,0.12141989171504974,0.9981613755226135,0.9794329404830933,0.0833399209486166,0.007958780350084698
0,0.010686206631362438,0.9994493126869202,0.3342644274234772,0.005712412587412587,0.0
0,0.11211653053760529,0.9962638020515442,0.9554855227470398,0.07631118881118881,0.017666083916083916
0,0.15393821895122528,0.9994428753852844,0.9902915358543396,0.13022312925170068,0.030789115646258504
0,0.06904567778110504,0.9940890073776245,0.9510514140129089,0.04713676515382272,0.0
0,0.005688118282705545,0.9960851669311523,0.09089675545692444,0.0029395833333333335,0.0
0,0.021000126376748085,0.9996243715286255,0.9493886232376099,0.017311676082862524,0.0031450094161958567
0,0.19979719817638397,0.9992819428443909,0.9881765246391296,0.1797523644502202,0.1083985684375548
0,0.40562233328819275,0.9984021782875061,0.988447368144989,0.34684631425070406,0.2464770943955973
0,0.2585011124610901,0.9980732202529907,0.9826908707618713,0.21434892884865445,0.11929259019376147
0,0.09430940449237823,0.996570348739624,0.9318356513977051,0.06374166666666667,0.011433333333333334
0,0.14460821449756622,0.997231662273407,0.9803562164306641,0.10198217726396917,0.046526974951830447
0,0.06117454916238785,0.9966885447502136,0.9563905000686646,0.04935569498069498,0.020757722007722006
0,0.005944170523434877,0.9944666028022766,0.1203354075551033,0.002473506743737958,0.0
0,0.003385029500350356,0.9718325734138489,0.0427221953868866,0.001519740162837141,0.0
0,0.003312766319140792,0.9961155652999878,0.034100428223609924,0.0018987341772151898,0.0
0,0.35897916555404663,0.9997063279151917,0.978425920009613,0.3626979166666667,0.3393395833333333
0,0.009451131336390972,0.9839708209037781,0.292499303817749,0.005589333333333333,0.0
0,0.3358098566532135,0.9996898174285889,0.9923638105392456,0.2858074387947269,0.14857580037664783
0,0.1870591640472412,0.9992445707321167,0.9810219407081604,0.1540277777777778,0.08276129943502825
0,4.742689634440467e-05,0.009898063726723194,0.0008559005800634623,0.0,0.0
0,0.13586853444576263,0.9986646175384521,0.9828891754150391,0.09932926829268293,0.0
0,0.021000126376748085,0.9996243715286255,0.9493886232376099,0.017311676082862524,0.0031450094161958567
0,0.15791477262973785,0.9743373394012451,0.8742920160293579,0.09430229012841862,0.0
0,0.32675760984420776,0.9968396425247192,0.9870301485061646,0.2941299303944315,0.24613302397525136
0,0.10432519018650055,0.9989596605300903,0.9515049457550049,0.06746698943661972,0.004581866197183098
0,0.20282062888145447,0.997368335723877,0.9873262047767639,0.1609306260575296,0.11053299492385787
0,0.03143712133169174,0.9962782263755798,0.9130584001541138,0.023356119791666668,0.0
0,0.013899445533752441,0.9849852323532104,0.41939228773117065,0.007059733072916667,0.0
0,0.028923921287059784,0.9666001796722412,0.8378814458847046,0.023732503255208332,0.0
0,0.1260245442390442,0.9931495785713196,0.9777987599372864,0.09187825520833333,0.043172200520833336
0,0.07216349989175797,0.9922744631767273,0.9414359331130981,0.047780354817708336,0.0
0,0.14988930523395538,0.991355836391449,0.960878312587738,0.11048380533854167,0.0
0,0.0002356041659368202,0.051082734018564224,0.003869391046464443,0.0,0.0
0,0.06088072434067726,0.9947391152381897,0.9725714921951294,0.054484049479166664,0.031412760416666664
0,0.2792408764362335,0.9984512329101562,0.9909436702728271,0.24161783854166666,0.07487996419270833
0,0.2054111361503601,0.9973374009132385,0.9910145401954651,0.179901123046875,0.13408406575520834
0,0.23085172474384308,0.9966625571250916,0.9890553951263428,0.186126708984375,0.12153116861979167
0,0.18440674245357513,0.9875203371047974,0.964655876159668,0.1494140625,0.037679036458333336
0,0.007644731551408768,0.782163679599762,0.113973468542099,0.00011189778645833333,0.0
0,0.14729377627372742,0.9957518577575684,0.9836598634719849,0.11112467447916667,0.048472086588541664
0,0.00015918798453640193,0.0140095679089427,0.002396730938926339,0.0,0.0
0,0.16955047845840454,0.9984330534934998,0.9904394745826721,0.15110270182291666,0.09370930989583333
0,0.2375044822692871,0.9982317090034485,0.9917803406715393,0.22157796223958334,0.18682861328125
0,0.001061233226209879,0.15140381455421448,0.021490534767508507,0.0,0.0
0,0.06243469938635826,0.9890975952148438,0.9153559803962708,0.035837809244791664,0.0
0,0.024264447391033173,0.9872773289680481,0.8207353949546814,0.017812093098958332,0.0
0,0.07024986296892166,0.9952077269554138,0.9635748267173767,0.062276204427083336,0.059733072916666664
0,0.003811461152508855,0.5127078294754028,0.05964693799614906,0.0,0.0
0,0.007810722570866346,0.9564718008041382,0.2391609400510788,0.005177815755208333,0.0
0,0.013404063880443573,0.998793363571167,0.6222699880599976,0.009999593098958334,0.0
0,0.009987383149564266,0.5484619140625,0.24076923727989197,0.0,0.0
0,0.004522545263171196,0.5084830522537231,0.062327608466148376,0.0,0.0
0,0.017192525789141655,0.9845753908157349,0.760650634765625,0.013641357421875,0.0
0,0.050073910504579544,0.9975939393043518,0.9834704995155334,0.039886474609375,0.025767008463541668
0,0.014646485447883606,0.9737446904182434,0.713976263999939,0.01177978515625,0.0
0,0.001269453321583569,0.408571720123291,0.03656250610947609,0.0,0.0
0,0.001921128830872476,0.6423202753067017,0.029760092496871948,1.0172526041666666e-05,0.0
0,0.13585887849330902,0.9890130758285522,0.9576730132102966,0.10161336263020833,0.0
0,0.20902110636234283,0.997166097164154,0.9819446802139282,0.16521199544270834,0.08024088541666667
0,0.30544808506965637,0.9981897473335266,0.9928508996963501,0.2747294108072917,0.2515157063802083
0,0.29776838421821594,0.9975751042366028,0.9918437600135803,0.2717183430989583,0.209228515625
0,0.1809106320142746,0.9983189702033997,0.9938070178031921,0.16486612955729166,0.149078369140625
0,0.3015645742416382,0.9991065859794617,0.9966495633125305,0.2877298990885417,0.267822265625
0,0.0022216031793504953,0.6521306037902832,0.03327394276857376,5.0862630208333336e-05,0.0
0,0.022288648411631584,0.9873262047767639,0.7016016840934753,0.012288411458333334,0.0
0,0.14309805631637573,0.9965569972991943,0.9837850332260132,0.11562093098958333,0.053843180338541664
0,0.19004559516906738,0.9886244535446167,0.9606574773788452,0.143890380859375,0.0
0,0.0017774157458916306,0.9039745330810547,0.03628624975681305,0.00016276041666666666,0.0
0,0.0003709080338012427,0.045183755457401276,0.005796726793050766,0.0,0.0
0,0.06137428060173988,0.9925393462181091,0.9445841312408447,0.03759765625,0.0
0,0.0015420658746734262,0.08434179425239563,0.019345102831721306,0.0,0.0
0,0.01683901809155941,0.9871788024902344,0.6590397953987122,0.010762532552083334,0.0
0,0.0022844739723950624,0.8889517188072205,0.04264000058174133,0.0003255208333333333,0.0
0,0.050300564616918564,0.9812029004096985,0.8409054279327393,0.024943033854166668,0.0
0,0.4036891460418701,0.9967268705368042,0.9903290271759033,0.402130126953125,0.4104715983072917
0,0.4733220636844635,0.9990034699440002,0.9954791069030762,0.453826904296875,0.4353739420572917
0,0.18348819017410278,0.9902161359786987,0.9610249400138855,0.128387451171875,0.0
0,0.007636334281414747,0.4981880486011505,0.15304215252399445,0.0,0.0
0,0.003873383393511176,0.7676898241043091,0.06244528666138649,0.000213623046875,0.0
0,0.07586008310317993,0.9946358799934387,0.948151707649231,0.051534016927083336,0.0
0,0.3844633102416992,0.9985334873199463,0.9947595000267029,0.34747314453125,0.324310302734375
0,0.011215259321033955,0.8432507514953613,0.20497775077819824,0.0021464029947916665,0.0
0,0.03900878503918648,0.9751545190811157,0.6815117001533508,0.013031005859375,0.0
0,0.1265982985496521,0.9946568012237549,0.9536192417144775,0.08717854817708333,0.0
0,0.008419415913522243,0.9329437017440796,0.2148561030626297,0.0026143391927083335,0.0
0,0.27940019965171814,0.9989556074142456,0.9956516623497009,0.246246337890625,0.18442789713541666
0,0.06047365069389343,0.994401752948761,0.9434487819671631,0.036173502604166664,0.0
0,0.26087912917137146,0.994551956653595,0.9820826053619385,0.23316446940104166,0.19267781575520834
0,0.15224909782409668,0.9881765246391296,0.9365176558494568,0.122161865234375,0.0
0,0.046754274517297745,0.9950946569442749,0.9519500136375427,0.034922281901041664,0.017659505208333332
0,0.14715640246868134,0.9927951693534851,0.9633685946464539,0.13332112630208334,0.047648111979166664
0,0.023176969960331917,0.9121235609054565,0.6899296045303345,0.0128173828125,0.0
0,0.10280459374189377,0.9997783303260803,0.9985841512680054,0.101318359375,0.0975341796875
0,0.19020073115825653,0.9910145401954651,0.9579908847808838,0.14195760091145834,0.0
0,0.050889164209365845,0.9837850332260132,0.8918110132217407,0.027882893880208332,0.0
0,0.0126359136775136,0.9407896995544434,0.39035090804100037,0.003875732421875,0.0
0,0.09808395057916641,0.9944666028022766,0.9758085012435913,0.060953776041666664,0.0
0,0.11641838401556015,0.9895108342170715,0.9270997643470764,0.07361857096354167,0.0
0,0.08901599794626236,0.9987305998802185,0.9832789301872253,0.066009521484375,0.035054524739583336
0,0.44922080636024475,0.9975177049636841,0.9878058433532715,0.4168904622395833,0.3676656087239583
0,0.0038878333289176226,0.5804709792137146,0.08151976019144058,0.0,0.0
0,0.09987455606460571,0.9917163252830505,0.9359345436096191,0.055775960286458336,0.0
0,0.09898176044225693,0.979393482208252,0.9216359853744507,0.07671101888020833,0.0
0,0.18151025474071503,0.9990149736404419,0.9947391152381897,0.17287190755208334,0.15168253580729166
0,0.16090689599514008,0.9971439242362976,0.9880849719047546,0.14336140950520834,0.147857666015625
0,0.02761230617761612,0.976802408695221,0.44446802139282227,0.004119873046875,0.0
0,0.3813459873199463,0.998798131942749,0.9965965747833252,0.3200887044270833,0.24128214518229166
0,0.15227773785591125,0.9941800832748413,0.9805434346199036,0.12892659505208334,0.08477783203125
0,0.10640299320220947,0.9839708209037781,0.9325725436210632,0.06871541341145833,0.0
0,0.41369447112083435,0.9982247948646545,0.9908034801483154,0.3705342610677083,0.32330322265625
0,0.4566843807697296,0.9991573095321655,0.9949983358383179,0.4363199869791667,0.3941752115885417
0,0.3674338161945343,0.9976769089698792,0.9892648458480835,0.3202107747395833,0.2555643717447917
0,0.03679710254073143,0.987129271030426,0.808809757232666,0.016845703125,0.0
0,0.06524426490068436,0.992061972618103,0.9153559803962708,0.041534423828125,0.0
0,0.2547678053379059,0.9941118359565735,0.9710193276405334,0.20008341471354166,0.057779947916666664
0,0.13565833866596222,0.9980657696723938,0.9921841025352478,0.11280314127604167,0.08955891927083333
0,0.3746110498905182,0.9968024492263794,0.9874721169471741,0.3237711588541667,0.21872965494791666
0,0.1713954210281372,0.9909797310829163,0.9690910577774048,0.139068603515625,0.043182373046875
0,0.09514934569597244,0.9936610460281372,0.9636433720588684,0.07430013020833333,0.0
0,0.02727734111249447,0.8870089650154114,0.5117136240005493,0.005076090494791667,0.0
0,0.10300811380147934,0.9987599849700928,0.9929060935974121,0.07137044270833333,0.041310628255208336
0,0.6027040481567383,0.9987550973892212,0.9961305856704712,0.546173095703125,0.48663330078125
0,0.11295182257890701,0.9890553951263428,0.9441768527030945,0.084320068359375,0.0
0,0.22852666676044464,0.9974290728569031,0.9710743427276611,0.17109171549479166,0.0
0,0.38397637009620667,0.9994663596153259,0.9977127313613892,0.3439737955729167,0.30682373046875
0,0.014893910847604275,0.8933094143867493,0.43133747577667236,0.0035298665364583335,0.0
0,0.5111988186836243,0.9983958601951599,0.9947186708450317,0.4756876627604167,0.3939107259114583
0,0.1126226857304573,0.9875203371047974,0.9449946880340576,0.08042399088541667,0.0
0,0.2885039150714874,0.9933846592903137,0.9827572107315063,0.2647603352864583,0.2669169108072917
0,0.09202698618173599,0.9877113699913025,0.9347498416900635,0.052103678385416664,0.0
0,0.1403689831495285,0.9970765113830566,0.9643886089324951,0.10356648763020833,0.0
0,0.08183374255895615,0.9990378618240356,0.9952448010444641,0.07057698567708333,0.06413777669270833
0,0.000536677020136267,0.4313446581363678,0.00847840216010809,0.0,0.0
0,0.41315212845802307,0.9986329674720764,0.9938787817955017,0.3896382649739583,0.3580525716145833
0,0.06781639903783798,0.9955834746360779,0.878835141658783,0.028177897135416668,0.0
0,0.34474626183509827,0.9992792010307312,0.9978925585746765,0.3394063313802083,0.333282470703125
0,0.04891989007592201,0.9723097085952759,0.8386678695678711,0.026570638020833332,0.0
0,0.10424711555242538,0.9981470108032227,0.9755740761756897,0.07944742838541667,0.0
0,0.2307949811220169,0.9971216320991516,0.991455614566803,0.19297281901041666,0.109649658203125
0,0.0345468707382679,0.9490118622779846,0.6920148134231567,0.013600667317708334,0.0
0,0.031920865178108215,0.9476723670959473,0.7470516562461853,0.01629638671875,0.0
0,0.29498597979545593,0.996321439743042,0.9810219407081604,0.244903564453125,0.20247395833333334
0,0.3032267391681671,0.9977568984031677,0.9890553951263428,0.276336669921875,0.17389933268229166
0,0.2546924352645874,0.9993857145309448,0.9966233968734741,0.21175130208333334,0.11973063151041667
0,0.042873967438936234,0.9974191188812256,0.9832789301872253,0.035624186197916664,0.017547607421875
0,0.04442956671118736,0.9718859195709229,0.8144869804382324,0.02520751953125,0.0
0,0.26534292101860046,0.9990527033805847,0.9966885447502136,0.2520853678385417,0.2526753743489583
0,0.23099486529827118,0.994551956653595,0.9805806875228882,0.18326822916666666,0.08998616536458333
0,0.32316839694976807,0.9990187883377075,0.9964893460273743,0.2809549967447917,0.23490397135416666
0,0.29242071509361267,0.994401752948761,0.9840323328971863,0.27081298828125,0.23115030924479166
0,0.03431657329201698,0.9971327781677246,0.8712526559829712,0.020426432291666668,0.0
0,0.1805705577135086,0.9932550191879272,0.9813822507858276,0.14708455403645834,0.052327473958333336
0,0.192689910531044,0.9982038736343384,0.9860442876815796,0.16569010416666666,0.14934285481770834
0,0.13692767918109894,0.982624351978302,0.9277569651603699,0.09517415364583333,0.0
0,0.15957774221897125,0.9946358799934387,0.9748690724372864,0.11881510416666667,0.0
0,0.020006628707051277,0.9216402173042297,0.5200417637825012,0.006154378255208333,0.0
0,0.07238824665546417,0.9960082769393921,0.9815597534179688,0.057088216145833336,0.043253580729166664
0,0.208123579621315,0.9984573125839233,0.9926533699035645,0.187164306640625,0.11341349283854167
0,0.1648794561624527,0.9939963817596436,0.9641867876052856,0.12080891927083333,0.0
0,0.031849510967731476,0.9666001796722412,0.757071316242218,0.014017740885416666,0.0
0,0.4855214059352875,0.998745322227478,0.9960391521453857,0.469940185546875,0.4797159830729167
0,0.028346365317702293,0.984752357006073,0.9081302285194397,0.020945231119791668,0.0
0,0.240037739276886,0.9973061084747314,0.9901008009910583,0.20694986979166666,0.15198771158854166
0,0.019127557054162025,0.9783433079719543,0.7424104809761047,0.011637369791666666,0.0
0,0.0857948362827301,0.9804313778877258,0.9135223627090454,0.06455485026041667,0.0
0,0.10259368270635605,0.9961903095245361,0.9790757894515991,0.08356730143229167,0.0
0,0.09472676366567612,0.9980199337005615,0.993068516254425,0.08339436848958333,0.06473795572916667
0,0.08670168370008469,0.9942920207977295,0.9570375084877014,0.06980387369791667,0.0
0,0.0003251680755056441,0.0626743733882904,0.006338921841233969,0.0,0.0
0,0.16768305003643036,0.9931760430335999,0.9694979190826416,0.11578369140625,0.03424072265625
0,0.1206379309296608,0.9976032376289368,0.983020007610321,0.096343994140625,0.0
0,0.22347255051136017,0.9992266893386841,0.9940197467803955,0.19803873697916666,0.13130696614583334
0,0.249010369181633,0.9980429410934448,0.9900250434875488,0.21368408203125,0.177154541015625
0,0.0648433044552803,0.9987257122993469,0.9629528522491455,0.042144775390625,0.007680257161458333
0,0.2648776173591614,0.9981030225753784,0.9885361194610596,0.23600260416666666,0.139404296875
0,0.15171276032924652,0.9989141225814819,0.9930423498153687,0.11859130859375,0.10737101236979167
0,0.06700966507196426,0.9921233057975769,0.9492918252944946,0.044291178385416664,0.01513671875
0,0.04893253743648529,0.9926826357841492,0.9293122291564941,0.035970052083333336,0.0
0,0.1645052433013916,0.9990710020065308,0.9846936464309692,0.14220174153645834,0.054239908854166664
0,0.011437010020017624,0.9797840118408203,0.24309757351875305,0.005777994791666667,0.0
0,0.016013948246836662,0.9613164663314819,0.4511442482471466,0.005666097005208333,0.0
0,0.47870519757270813,0.9992903470993042,0.9978843331336975,0.458709716796875,0.4715576171875
0,0.21885573863983154,0.9975844621658325,0.9798997044563293,0.18549601236979166,0.078887939453125
0,0.36105361580848694,0.9989012479782104,0.9951889514923096,0.3394877115885417,0.3102823893229167
0,0.12319602817296982,0.9939496517181396,0.952747642993927,0.08594767252604167,0.0
0,0.18999184668064117,0.9975177049636841,0.9907320141792297,0.16695149739583334,0.1092529296875
0,0.1030115857720375,0.9982993006706238,0.9802796840667725,0.08766682942708333,0.024831136067708332
0,0.017788344994187355,0.9952816367149353,0.44824421405792236,0.006459554036458333,0.0
0,0.13832275569438934,0.9967648983001709,0.9862577319145203,0.10935465494791667,0.07181803385416667
0,0.23313583433628082,0.9989797472953796,0.9903290271759033,0.21785481770833334,0.16805013020833334
0,0.1885191947221756,0.9916841983795166,0.9668514132499695,0.15473429361979166,0.0
0,0.17087984085083008,0.9956685304641724,0.9835969805717468,0.15205891927083334,0.09012858072916667
0,0.02281319908797741,0.980205237865448,0.6676766276359558,0.011220296223958334,0.0
0,0.09299260377883911,0.9787533283233643,0.9435559511184692,0.07799275716145833,0.024210611979166668
0,0.09693536907434464,0.999160647392273,0.9966885447502136,0.081512451171875,0.0400390625
0,0.19734704494476318,0.9713473320007324,0.9315870404243469,0.13227335611979166,0.046000162760416664
0,0.22081167995929718,0.9982109069824219,0.9860979318618774,0.19464111328125,0.14875284830729166
0,0.25080808997154236,0.9984083771705627,0.9928508996963501,0.23210652669270834,0.192535400390625
0,0.16893833875656128,0.9967142343521118,0.9841545820236206,0.129547119140625,0.057535807291666664
0,0.28408706188201904,0.998745322227478,0.9905508756637573,0.246612548828125,0.12748209635416666
0,0.11214397102594376,0.9991238713264465,0.9949199557304382,0.09294637044270833,0.060882568359375
0,0.1473418027162552,0.9981324076652527,0.9813811779022217,0.10963948567708333,0.0216064453125
0,0.001673951861448586,0.28219619393348694,0.03390796110033989,0.0,0.0
0,0.6055774092674255,0.9987648725509644,0.9957183003425598,0.592132568359375,0.6228739420572916
0,0.008014891296625137,0.9858275651931763,0.11615508794784546,0.001312255859375,0.0
0,0.016943998634815216,0.9693822264671326,0.7200701236724854,0.011922200520833334,0.0
0,0.12467491626739502,0.9927672147750854,0.9605836272239685,0.09303792317708333,0.0
0,0.008052635937929153,0.824603259563446,0.16871583461761475,0.0009053548177083334,0.0
0,0.014804494567215443,0.9899476170539856,0.4808659851551056,0.00799560546875,0.0
0,0.018344171345233917,0.975623369216919,0.5805162191390991,0.008809407552083334,0.0
0,0.042407602071762085,0.9966495633125305,0.9194981455802917,0.033426920572916664,0.0
0,0.07962105423212051,0.9967013001441956,0.9834704995155334,0.060923258463541664,0.035614013671875
0,0.06137428060173988,0.9925393462181091,0.9445841312408447,0.03759765625,0.0
0,0.01803331822156906,0.9499486684799194,0.43433594703674316,0.004496256510416667,0.0
0,0.1045510545372963,0.9951889514923096,0.9632996320724487,0.07944742838541667,0.038533528645833336
0,0.04690714552998543,0.9880849719047546,0.9302012920379639,0.034759521484375,0.0
0,0.045979127287864685,0.9743860960006714,0.8608342409133911,0.030863444010416668,0.0
0,0.00039988840580917895,0.10743748396635056,0.007345826830714941,0.0,0.0
0,0.05900755524635315,0.9976949095726013,0.9620362520217896,0.043487548828125,0.0
0,0.024212060496211052,0.9798226952552795,0.6088074445724487,0.009490966796875,0.0
0,0.010164283215999603,0.9678993225097656,0.19042274355888367,0.003326416015625,0.0
0,0.013385150581598282,0.9927109479904175,0.48044291138648987,0.006907145182291667,0.0
0,0.10769790410995483,0.9969005584716797,0.9828891754150391,0.08196004231770833,0.041920979817708336
0,0.1010010614991188,0.9975080490112305,0.9748690724372864,0.08610026041666667,0.07863362630208333
0,0.07296900451183319,0.9960851669311523,0.9547319412231445,0.057535807291666664,0.0
0,0.02085273712873459,0.9665370583534241,0.7167987823486328,0.013285319010416666,0.0
0,0.0009179458138532937,0.731634259223938,0.01815951243042946,4.0690104166666664e-05,0.0
0,0.010686817578971386,0.8622356653213501,0.16639618575572968,0.0007527669270833334,0.0
0,0.24419783055782318,0.9994471669197083,0.9962345957756042,0.20245361328125,0.14052327473958334
0,0.08893251419067383,0.9957684278488159,0.9677149057388306,0.070068359375,0.0
0,0.017494989559054375,0.967348575592041,0.6807597279548645,0.011576334635416666,0.0
0,0.036573369055986404,0.992061972618103,0.8483450412750244,0.022725423177083332,0.0
0,0.1170232966542244,0.9988574981689453,0.9955834746360779,0.10362752278645833,0.08475748697916667
0,0.05896008014678955,0.9983834028244019,0.980764627456665,0.03533935546875,0.0
0,0.000304545508697629,0.055208683013916016,0.007316547445952892,0.0,0.0
0,0.010497753508388996,0.9543930292129517,0.22797943651676178,0.0008544921875,0.0
0,0.1944701224565506,0.999508261680603,0.9866748452186584,0.15113958333333333,0.1103875
0,0.18107444047927856,0.9975177049636841,0.9874235987663269,0.16475260416666668,0.15032877604166667
0,0.03978527709841728,0.9923341274261475,0.8164019584655762,0.019663492838541668,0.0
0,0.00026599192642606795,0.12357700616121292,0.004022909794002771,0.0,0.0
0,0.054043084383010864,0.9991100430488586,0.9885804057121277,0.0341324200913242,0.01810958904109589
0,0.38613682985305786,0.9992145299911499,0.9951514005661011,0.34664835164835167,0.24094322344322344
0,0.3305779695510864,0.9983189702033997,0.9934101700782776,0.3063854351687389,0.26199378330373
0,0.13185489177703857,0.9989141225814819,0.9901019334793091,0.10666182170542636,0.023687015503875967
0,0.23551011085510254,0.9976859092712402,0.9873262047767639,0.20360955056179775,0.1454447565543071
0,0.6840826869010925,0.9995660185813904,0.9980044960975647,0.688362962962963,0.7484148148148149
0,0.2529528737068176,0.9982109069824219,0.9906960725784302,0.21158531497705466,0.12680851063829787
0,0.01438807975500822,0.9981324076652527,0.7322186231613159,0.010947265625,0.0
0,0.06208893284201622,0.9978087544441223,0.9577545523643494,0.04724009328239703,0.009775898417768422
0,0.16148649156093597,0.9985449314117432,0.9894702434539795,0.12088928835783018,0.05505181347150259
0,0.08194830268621445,0.9989556074142456,0.9800912737846375,0.05698038502717007,0.03133951477688221
0,0.10275598615407944,0.9996155500411987,0.9855521321296692,0.07766875,0.00323125
0,0.5297284722328186,0.9987503290176392,0.9946358799934387,0.5151055347091933,0.49952157598499064
0,0.21897664666175842,0.9998365640640259,0.9980044960975647,0.1667981591058514,0.02141354372123603
0,0.17195387184619904,0.9962051510810852,0.9812029004096985,0.14300416666666665,0.10195416666666667
0,0.08065114915370941,0.9951702952384949,0.9438682794570923,0.054131805157593124,0.0
0,0.0008585038012824953,0.0832919254899025,0.01640303246676922,0.0,0.0
0,0.37432464957237244,0.9985561966896057,0.9951889514923096,0.347320556640625,0.32073974609375
0,0.32919546961784363,0.9981324076652527,0.9939730763435364,0.28692626953125,0.20854695638020834
0,0.007554519921541214,0.8453050851821899,0.1413963884115219,0.0006306966145833334,0.0
0,0.02801414579153061,0.9903290271759033,0.8725614547729492,0.020304361979166668,0.0
0,0.18232588469982147,0.9867261648178101,0.9519526958465576,0.14269002278645834,0.0
0,0.08834999054670334,0.9946568012237549,0.9682613611221313,0.06531778971354167,0.0
0,0.007639540359377861,0.7358314990997314,0.1654541790485382,0.00016276041666666666,0.0
0,0.0863909050822258,0.9954082369804382,0.9367494583129883,0.054189046223958336,0.0
0,0.06465496867895126,0.9970073103904724,0.9630919694900513,0.046559651692708336,0.0
0,0.0007028129766695201,0.19590157270431519,0.015014749020338058,0.0,0.0
0,0.23416577279567719,0.9901782274246216,0.9675332307815552,0.17972819010416666,0.061238606770833336
0,0.03328923135995865,0.9962051510810852,0.9473780989646912,0.026102701822916668,0.0
0,0.07575427740812302,0.9908744096755981,0.9607312679290771,0.04278564453125,0.0
0,0.05813339352607727,0.9761745929718018,0.903464674949646,0.041676839192708336,0.0
0,0.067690409719944,0.9981397390365601,0.985042929649353,0.041158040364583336,0.021036783854166668
0,0.0018129535019397736,0.6184347867965698,0.020763549953699112,0.0,0.0
0,0.039983317255973816,0.991355836391449,0.8885597586631775,0.026336669921875,0.0
0,0.11119228601455688,0.9947391152381897,0.9778834581375122,0.08530680338541667,0.0
0,0.010164283215999603,0.9678993225097656,0.19042274355888367,0.003326416015625,0.0
0,0.017450982704758644,0.9506864547729492,0.7779701948165894,0.014170328776041666,0.0
0,0.0001686320174485445,0.020725062116980553,0.0033374049235135317,0.0,0.0
0,0.0351034440100193,0.9846936464309692,0.7694061398506165,0.015146891276041666,0.0
0,0.17602860927581787,0.9955489635467529,0.9789553880691528,0.1402587890625,0.035837809244791664
0,0.018986044451594353,0.9333093762397766,0.4421200752258301,0.006368001302083333,0.0
0,0.06789818406105042,0.9867772459983826,0.9153514504432678,0.049163818359375,0.0
0,0.00039289906271733344,0.02959137037396431,0.004231587052345276,0.0,0.0
0,0.2202269583940506,0.986415684223175,0.9651171565055847,0.15503946940104166,0.058685302734375
0,0.06041118502616882,0.9581479430198669,0.7416684031486511,0.018564860026041668,0.0
0,0.0006070368690416217,0.1270015686750412,0.007815889082849026,0.0,0.0
0,0.0014206860214471817,0.25664564967155457,0.025273457169532776,0.0,0.0
0,0.0022318491246551275,0.36015141010284424,0.05023178085684776,0.0,0.0
0,0.08915203809738159,0.9975177049636841,0.9804676175117493,0.057373046875,0.02581787109375
0,0.002242123708128929,0.2613309323787689,0.026912305504083633,0.0,0.0
0,0.009715001098811626,0.9874235987663269,0.36531972885131836,0.006357828776041667,0.0
0,0.01172745693475008,0.9084556102752686,0.3189029097557068,0.0031941731770833335,0.0
0,0.08191334456205368,0.9965837001800537,0.927359402179718,0.051534016927083336,0.0
0,0.0461537204682827,0.9846936464309692,0.8644214868545532,0.030863444010416668,0.0
0,0.018099306151270866,0.9947186708450317,0.9139794707298279,0.015828450520833332,0.0
0,0.007621913682669401,0.7146279811859131,0.12074641138315201,0.000335693359375,0.0
0,0.016394974663853645,0.975296139717102,0.486965537071228,0.0079345703125,0.0
0,7.631162588950247e-05,0.008610767312347889,0.0012644219677895308,0.0,0.0
0,1.1279823411314283e-05,0.001383117400109768,0.00019866914954036474,0.0,0.0
0,0.06648758053779602,0.9910492897033691,0.9590010046958923,0.048878987630208336,0.023030598958333332
0,0.008879001252353191,0.9038048982620239,0.28936567902565,0.0035400390625,0.0
0,0.1677641123533249,0.9964480400085449,0.9834704995155334,0.12932332356770834,0.0670166015625
0,0.04450741410255432,0.9912885427474976,0.8609547019004822,0.0264892578125,0.0
0,0.04675503447651863,0.9961903095245361,0.9576753973960876,0.032613118489583336,0.0
0,0.3039366602897644,0.9986276626586914,0.9908034801483154,0.26446533203125,0.16822306315104166
0,0.40815433859825134,0.9992620348930359,0.9967520236968994,0.3656209309895833,0.3001912434895833
0,0.0003805707674473524,0.06097517907619476,0.0061450921930372715,0.0,0.0
0,0.05705977603793144,0.9970765113830566,0.9648511409759521,0.040211995442708336,0.0
0,0.012395764701068401,0.9259026646614075,0.39454731345176697,0.005940755208333333,0.0
0,0.08572927862405777,0.9853278994560242,0.9272316098213196,0.053812662760416664,0.0
0,0.09889257699251175,0.9960699081420898,0.9723097085952759,0.08109537760416667,0.0
0,0.04200122877955437,0.9973374009132385,0.7327774167060852,0.016998291015625,0.0
0,0.25122031569480896,0.9972207546234131,0.9884026646614075,0.221466064453125,0.10804239908854167
0,0.03771823272109032,0.9882676005363464,0.9094254970550537,0.025522867838541668,0.0
0,0.033011823892593384,0.9880388379096985,0.8732116222381592,0.023244222005208332,0.0
0,0.03218156844377518,0.9909797310829163,0.8957052826881409,0.02008056640625,0.0
0,0.09242526441812515,0.9934611320495605,0.9187678694725037,0.04888916015625,0.0
0,0.29306256771087646,0.9968024492263794,0.9877586960792542,0.2828267415364583,0.2809041341145833
0,0.01154677290469408,0.8938665986061096,0.2639616131782532,0.0027974446614583335,0.0
0,0.018077999353408813,0.7474316954612732,0.4640771746635437,0.0015665690104166667,0.0
0,0.07990913838148117,0.9824230670928955,0.9012274742126465,0.06272379557291667,0.0
0,0.0033431246411055326,0.20354916155338287,0.05602938309311867,0.0,0.0
0,0.005670881364494562,0.7854732275009155,0.0992901623249054,0.0005594889322916666,0.0
0,0.009032460860908031,0.8338664174079895,0.2075309455394745,0.0015665690104166667,0.0
0,0.04385997727513313,0.9656413197517395,0.8101786971092224,0.029683430989583332,0.0
0,0.011308860965073109,0.6435533165931702,0.13409410417079926,3.0517578125e-05,0.0
0,0.00042311090510338545,0.04535258188843727,0.009268012829124928,0.0,0.0
0,0.026324795559048653,0.9408984184265137,0.6606071591377258,0.011769612630208334,0.0
0,0.019928565248847008,0.9904035329818726,0.9289224743843079,0.017425537109375,0.013651529947916666
0,0.007605213671922684,0.9038048982620239,0.20069552958011627,0.0024312337239583335,0.0
0,0.002377694007009268,0.6667138338088989,0.039488185197114944,2.0345052083333332e-05,0.0
0,0.003136633662506938,0.31384021043777466,0.04484790563583374,0.0,0.0
0,0.004695706535130739,0.5570322275161743,0.10989668220281601,0.0,0.0
0,0.029705217108130455,0.9958980679512024,0.830590009689331,0.016103108723958332,0.0
0,0.00639735022559762,0.7803279161453247,0.1204388216137886,0.0002644856770833333,0.0
0,0.3750545084476471,0.994551956653595,0.9817706942558289,0.3669535319010417,0.3809102376302083
0,0.13461293280124664,0.9910838603973389,0.9478657245635986,0.11313883463541667,0.07285563151041667
0,0.04569635167717934,0.996160626411438,0.8635032773017883,0.029815673828125,0.0
0,0.011602763086557388,0.9330658316612244,0.24816960096359253,0.0018208821614583333,0.0
0,0.0329471081495285,0.9742394685745239,0.7299926280975342,0.013956705729166666,0.0
0,0.03560305014252663,0.9993435740470886,0.9949983358383179,0.027598063151041668,0.02447509765625
0,0.013147857040166855,0.9878058433532715,0.6387090682983398,0.010233561197916666,0.0
0,0.006279218476265669,0.9300782084465027,0.10781263560056686,0.002960205078125,0.0
0,0.009577556513249874,0.9909797310829163,0.39680367708206177,0.009084065755208334,0.0
0,0.0033847372978925705,0.573976993560791,0.06324704736471176,0.0,0.0
0,0.14724797010421753,0.9993880987167358,0.9773275852203369,0.11919791666666667,0.08338958333333334
0,0.3705809712409973,0.998245358467102,0.9940428137779236,0.3473813333333333,0.32466666666666666
0,0.03343553841114044,0.9841545820236206,0.8410399556159973,0.0225830078125,0.0
0,0.006107000634074211,0.9589241147041321,0.08210662752389908,0.0002644856770833333,0.0
0,0.04225281998515129,0.9989797472953796,0.9923043847084045,0.033284505208333336,0.020741780598958332
0,0.0008901912369765341,0.9625324606895447,0.0036358083598315716,0.00042724609375,0.0
0,0.03505605831742287,0.9888418912887573,0.9152045845985413,0.024393717447916668,0.0
0,0.005077203270047903,0.9581479430198669,0.06244528666138649,0.0018819173177083333,0.0
0,0.345393568277359,0.9990187883377075,0.99703049659729,0.341552734375,0.3502197265625
0,0.14067140221595764,0.9975274205207825,0.9590010046958923,0.08729444444444444,0.01877222222222222
0,0.001302789431065321,0.39671072363853455,0.034293949604034424,0.0,0.0
0,0.00034988485276699066,0.3029063642024994,0.00628990214318037,0.0,0.0
0,0.016659721732139587,0.9740919470787048,0.5792820453643799,0.008854166666666666,0.0
0,0.10541341453790665,0.9605836272239685,0.863391637802124,0.06404622395833333,0.0
0,0.001206696149893105,0.9982725381851196,0.004591683857142925,0.0008268229166666667,0.0
0,0.03242069110274315,0.9893062710762024,0.7094330191612244,0.014118561177384708,0.0
0,4.3267566070426255e-05,0.004905405919998884,0.0007321811863221228,0.0,0.0
0,0.05256597697734833,0.9806548357009888,0.8937015533447266,0.027880616115910233,0.017834453128570776
0,0.008855652064085007,0.8251674771308899,0.20963142812252045,0.00021809895833333333,0.0
0,0.016464121639728546,0.9774138927459717,0.37322795391082764,0.005676676264911559,0.0
0,0.036683641374111176,0.9894702434539795,0.7140072584152222,0.013126742538507244,0.0
0,0.0251485425978899,0.9814888834953308,0.819027841091156,0.01578125,0.012802734375
0,0.05007888749241829,0.9987305998802185,0.9683812260627747,0.0361875,0.013366666666666667
0,0.11174716800451279,0.9994866847991943,0.9623205661773682,0.0881153474903475,0.046966698841698844
0,0.04045542702078819,0.9986114501953125,0.7927852869033813,0.021229166666666667,0.0
0,0.00585194630548358,0.9828232526779175,0.08509904891252518,0.0018066218809980807,0.0
0,0.008276006206870079,0.9290551543235779,0.1623813658952713,0.001161228406909789,0.0
0,0.08189642429351807,0.9880849719047546,0.9124361872673035,0.05351247600767754,0.00781190019193858
0,0.25700339674949646,0.9973580241203308,0.9812749028205872,0.16721014492753622,0.05614389233954451
0,0.1310579478740692,0.997739315032959,0.9460012316703796,0.07506032818532818,0.005277509652509653
0,0.061681803315877914,0.9723097085952759,0.8060905337333679,0.023281853281853282,0.0
0,0.2840384840965271,0.9978594183921814,0.9931228756904602,0.2535545366795367,0.22522442084942085
0,0.06392088532447815,0.98046875,0.9403530955314636,0.06457954545454546,0.04406818181818182
0,0.0031823632307350636,0.6749081611633301,0.07224299758672714,4.588471465443074e-05,0.0
0,0.063461072742939,0.9893885254859924,0.9165588617324829,0.041144151798357405,0.0
0,0.015917515382170677,0.9674717783927917,0.5777347683906555,0.009154401154401155,0.0
0,0.0015155358705669641,0.19993212819099426,0.02169809490442276,0.0,0.0
0,0.3694879412651062,0.9994745850563049,0.997285008430481,0.32673167688111987,0.2953234912296592
0,0.09089421480894089,0.9987792372703552,0.964655876159668,0.05652034750800183,0.015093735711019662
0,0.21789811551570892,0.9962782263755798,0.981979250907898,0.21087334247828074,0.1980612711476909
0,0.060103949159383774,0.9983256459236145,0.9576753973960876,0.03671428571428571,0.009933333333333334
0,0.052119385451078415,0.9958821535110474,0.9446903467178345,0.03784931506849315,0.0
0,0.43945857882499695,0.9991474151611328,0.9968519806861877,0.363519527702089,0.2810808356039964
0,0.20953600108623505,0.9956346154212952,0.9776712656021118,0.16623287671232878,0.04739269406392694
0,0.2596340775489807,0.9989916682243347,0.9860979318618774,0.2520606884057971,0.2961594202898551
0,0.24964573979377747,0.9957352876663208,0.96745765209198,0.1784488217844882,0.076338199513382
0,0.0994880199432373,0.9886244535446167,0.9731387495994568,0.07952065903548383,0.05805844350318744
0,0.3401455581188202,0.9942250847816467,0.9854404330253601,0.30337389943897364,0.2228704831671712
0,0.21041958034038544,0.9930152893066406,0.966156005859375,0.16383025145911745,0.07684685176094111
0,0.23303671181201935,0.9662197828292847,0.9076402187347412,0.14209283428977706,0.05403737748209842
0,0.28923940658569336,0.9916519522666931,0.9710743427276611,0.2328536542822257,0.1298316762602477
0,0.026702120900154114,0.9925103187561035,0.7324004769325256,0.013457115710771909,0.0
0,0.3199128806591034,0.9984145164489746,0.9943799376487732,0.3261515299479167,0.3237508138020833
0,0.07462608814239502,0.974190354347229,0.9054896235466003,0.06287638346354167,0.0
0,0.2373843640089035,0.9966885447502136,0.9831499457359314,0.20940144856770834,0.07023111979166667
0,0.08580302447080612,0.9001793265342712,0.7140272259712219,0.019144694010416668,0.0
0,0.06426707655191422,0.9304582476615906,0.7858021259307861,0.027364095052083332,0.0
0,0.014058616012334824,0.8068526387214661,0.34080761671066284,0.000732421875,0.0
0,0.03949170932173729,0.9760379791259766,0.805928647518158,0.021809895833333332,0.0
0,0.018077999353408813,0.7474316954612732,0.4640771746635437,0.0015665690104166667,0.0
0,0.07990913838148117,0.9824230670928955,0.9012274742126465,0.06272379557291667,0.0
0,0.006245770025998354,0.8017807006835938,0.184028759598732,0.0008341471354166666,0.0
0,1.9025472283829004e-05,0.005139610730111599,0.000263238325715065,0.0,0.0
0,0.017658760771155357,0.8934953808784485,0.6982234716415405,0.014912923177083334,0.0
0,0.114829421043396,0.958615243434906,0.8664684891700745,0.0618896484375,0.0
0,0.07218506187200546,0.9783018827438354,0.9329437017440796,0.052836100260416664,0.0
0,0.03362233564257622,0.9565531015396118,0.7576043009757996,0.018666585286458332,0.0
0,0.046230118721723557,0.993561863899231,0.9773262739181519,0.041046142578125,0.022074381510416668
0,0.005628359969705343,0.9267027974128723,0.06742378324270248,0.0018208821614583333,0.0
0,0.0007973412866704166,0.06656918674707413,0.008251599036157131,0.0,0.0
0,0.029141297563910484,0.9930423498153687,0.9475725293159485,0.027455647786458332,0.025177001953125
0,0.0001581243850523606,0.019643761217594147,0.0036499870475381613,0.0,0.0
0,0.00025495042791590095,0.02498779445886612,0.003944947384297848,0.0,0.0
0,0.34203335642814636,0.9983320832252502,0.9943581223487854,0.3349711100260417,0.3220723470052083
0,0.1418297439813614,0.9964756369590759,0.9844563603401184,0.130523681640625,0.09702555338541667
0,0.11310151219367981,0.9777563810348511,0.9543930292129517,0.10381062825520833,0.09442138671875
0,0.20543384552001953,0.9942025542259216,0.9694401025772095,0.16935221354166666,0.0
0,0.05330510810017586,0.9913222789764404,0.9200701713562012,0.031595865885416664,0.0
0,0.0557987280189991,0.9946774244308472,0.9810935258865356,0.048665364583333336,0.022298177083333332
0,0.0846056342124939,0.992452085018158,0.9663450717926025,0.07689412434895833,0.024729410807291668
0,0.13057257235050201,0.9833430051803589,0.9397996068000793,0.08324178059895833,0.0
0,0.02242102660238743,0.8804891109466553,0.5396580100059509,0.007130940755208333,0.0
0,0.05870572105050087,0.9900636076927185,0.9559813141822815,0.0438232421875,0.02471923828125
0,0.048590969294309616,0.9685600996017456,0.8337311148643494,0.03076171875,0.0
0,0.09142147749662399,0.9967523813247681,0.9898303151130676,0.08448282877604167,0.07066853841145833
0,0.23782193660736084,0.9955315589904785,0.9899464249610901,0.20948282877604166,0.190277099609375
0,0.0924663320183754,0.9567152261734009,0.8949732184410095,0.058980305989583336,0.0
0,0.04871346428990364,0.9812389612197876,0.9270957708358765,0.035380045572916664,0.021352132161458332
0,0.005299681331962347,0.6622506380081177,0.1486567109823227,0.00014241536458333334,0.0
0,0.0007252399809658527,0.10502681136131287,0.01069375779479742,0.0,0.0
0,0.13649745285511017,0.9969722032546997,0.9783006310462952,0.112945556640625,0.0697021484375
0,0.05223061516880989,0.9759005904197693,0.8349459171295166,0.026407877604166668,0.0
0,0.0029700221493840218,0.31933361291885376,0.04716186597943306,0.0,0.0
0,0.09045976400375366,0.9947799444198608,0.9691494703292847,0.07633463541666667,0.026082356770833332
0,0.005169528070837259,0.7981867790222168,0.12961961328983307,0.0009867350260416667,0.0
0,0.019752902910113335,0.9503188729286194,0.6799198389053345,0.012217203776041666,0.0
0,0.0009445883333683014,0.056756895035505295,0.014842418022453785,0.0,0.0
0,0.002159259980544448,0.641871452331543,0.034227389842271805,4.0690104166666664e-05,0.0
0,5.2375089580891654e-05,0.005119676236063242,0.0007437028689309955,0.0,0.0
0,0.005312678869813681,0.30600830912590027,0.1193024218082428,0.0,0.0
0,0.22311830520629883,0.9884026646614075,0.9585376977920532,0.18303426106770834,0.08033243815104167
0,0.16228921711444855,0.9974689483642578,0.9840304851531982,0.12044270833333333,0.07436116536458333
0,0.12969817221164703,0.9975370168685913,0.979393482208252,0.11323038736979167,0.08475748697916667
0,0.010572793893516064,0.9564718008041382,0.2735598385334015,0.0037841796875,0.0
0,9.422747098142281e-05,0.009485713206231594,0.0014214043039828539,0.0,0.0
0,0.1894969940185547,0.9905142784118652,0.975669801235199,0.19474283854166666,0.19956461588541666
0,0.057231541723012924,0.9929336309432983,0.9505919814109802,0.049519856770833336,0.0
0,0.000263296184130013,0.08359067142009735,0.004348381422460079,0.0,0.0
0,0.0031090618576854467,0.9457011222839355,0.024327412247657776,0.0015869140625,0.0
0,0.0007027899846434593,0.11981949955224991,0.010986942797899246,0.0,0.0
0,0.0333554781973362,0.9260365962982178,0.7804902195930481,0.020650227864583332,0.0
0,0.05049997568130493,0.9899086952209473,0.914290726184845,0.036204020182291664,0.0
0,0.058728501200675964,0.9962199330329895,0.9816293120384216,0.046254475911458336,0.035685221354166664
0,0.036254797130823135,0.9856076240539551,0.8564453125,0.027537027994791668,0.0
0,0.007609292399138212,0.9442797303199768,0.17245040833950043,0.0047607421875,0.0
0,0.05083170533180237,0.988447368144989,0.8545135855674744,0.028452555338541668,0.0
0,0.008374904282391071,0.9819099307060242,0.1507662981748581,0.0037333170572916665,0.0
0,0.01525904517620802,0.9802431464195251,0.5390459895133972,0.008951822916666666,0.0
0,0.02116592787206173,0.9910492897033691,0.9547319412231445,0.020579020182291668,0.017323811848958332
0,0.0008582479204051197,0.03010033816099167,0.011201213113963604,0.0,0.0
0,0.039803292602300644,0.9103862047195435,0.5055420398712158,0.004984537760416667,0.0
0,0.000673759903293103,0.30507585406303406,0.009411499835550785,0.0,0.0
0,0.1131671667098999,0.9982385635375977,0.9836598634719849,0.08232625325520833,0.036692301432291664
0,0.00025931003619916737,0.08834723383188248,0.0037800956051796675,0.0,0.0
0,0.01919424720108509,0.907312273979187,0.5047402381896973,0.005655924479166667,0.0
0,0.0022260360419750214,0.16749082505702972,0.03934250399470329,0.0,0.0
0,0.07003302127122879,0.9736446738243103,0.8563323616981506,0.034779866536458336,0.0
0,0.000446388847194612,0.18847328424453735,0.007876706309616566,0.0,0.0
0,0.0012742632534354925,0.23899394273757935,0.021779922768473625,0.0,0.0
0,0.0010371842654421926,0.3486451506614685,0.019832711666822433,0.0,0.0
0,0.03265846148133278,0.8543993234634399,0.6016877889633179,0.008310953776041666,0.0
0,3.906444544554688e-05,0.003839395008981228,0.0005861161625944078,0.0,0.0
0,0.00024116858548950404,0.07906799018383026,0.005469274707138538,0.0,0.0
0,0.0013926065294072032,0.06418264657258987,0.0181933231651783,0.0,0.0
0,0.02153678797185421,0.8229018449783325,0.5322439670562744,0.005808512369791667,0.0
0,5.310649794409983e-05,0.005490563344210386,0.0007350447704084218,0.0,0.0
0,9.25254644243978e-05,0.008950711227953434,0.0018243829254060984,0.0,0.0
0,0.0002164098114008084,0.030675798654556274,0.004248078912496567,0.0,0.0
0,0.03821994736790657,0.9811668992042542,0.7851191759109497,0.0216064453125,0.0
0,0.009314711205661297,0.891999363899231,0.22575269639492035,0.0032755533854166665,0.0
0,0.004627787042409182,0.9209320545196533,0.08709682524204254,0.00177001953125,0.0
0,0.05599260702729225,0.9793145656585693,0.86748206615448,0.035858154296875,0.0
0,0.015409520827233791,0.9891815781593323,0.6884432435035706,0.0106201171875,0.0
0,7.848773384466767e-05,0.029035642743110657,0.0011693736305460334,0.0,0.0
0,0.004876619670540094,0.885433554649353,0.08166171610355377,0.0025431315104166665,0.0
0,0.00530320405960083,0.8272706270217896,0.0572819747030735,0.00011189778645833333,0.0
0,0.02090028114616871,0.9981897473335266,0.9240006804466248,0.017567952473958332,0.012980143229166666
0,0.0012936912244185805,0.22084616124629974,0.018546564504504204,0.0,0.0
0,0.026324795559048653,0.9408984184265137,0.6606071591377258,0.011769612630208334,0.0
0,0.0002093837974825874,0.036977555602788925,0.0033893880899995565,0.0,0.0
0,6.522263720398769e-05,0.03810662031173706,0.0009436192340217531,0.0,0.0
0,0.0007773039978928864,0.08344116806983948,0.010408314876258373,0.0,0.0
0,0.001955636078491807,0.1550784707069397,0.03934250399470329,0.0,0.0
0,0.0025177416391670704,0.9698996543884277,0.014615669846534729,0.0017293294270833333,0.0
0,0.00012944939953740686,0.007846239022910595,0.001867565792053938,0.0,0.0
0,0.009813600219786167,0.8560919761657715,0.12645792961120605,0.0002543131510416667,0.0
0,0.0003743330016732216,0.034488528966903687,0.004904835019260645,0.0,0.0
0,0.005915798246860504,0.5824910998344421,0.0853990912437439,0.0,0.0
0,5.197832069825381e-05,0.007968815043568611,0.0010443858336657286,0.0,0.0
0,0.002394919516518712,0.5383158326148987,0.043688613921403885,0.0,0.0
0,0.07612504810094833,0.986929178237915,0.9446893334388733,0.06313069661458333,0.027140299479166668
0,0.011880439706146717,0.903464674949646,0.3731902539730072,0.00445556640625,0.0
0,0.02133120410144329,0.9464978575706482,0.7498152256011963,0.015279134114583334,0.0
0,0.04710385575890541,0.995718777179718,0.9822876453399658,0.036997477213541664,0.028859456380208332
0,0.0009856073884293437,0.05155818909406662,0.015014749020338058,0.0,0.0
0,0.002109973458573222,0.3051794171333313,0.02096424251794815,0.0,0.0
0,0.005536047741770744,0.7869504690170288,0.10743186622858047,0.001007080078125,0.0
0,0.21249254047870636,0.9979572296142578,0.9851003289222717,0.19622802734375,0.20562744140625
0,0.015645893290638924,0.849846601486206,0.37068089842796326,0.0024210611979166665,0.0
0,4.2677365854615346e-05,0.006877107545733452,0.000539980421308428,0.0,0.0
0,0.01926516182720661,0.8967949151992798,0.470106840133667,0.0048828125,0.0
0,0.05584127828478813,0.9851003289222717,0.9119669198989868,0.036580403645833336,0.0
0,0.00015415150846820325,0.018653521314263344,0.002415483118966222,0.0,0.0
0,0.00029217349947430193,0.03993731364607811,0.004117917735129595,0.0,0.0
0,3.99030905100517e-05,0.003285833401605487,0.0005092656938359141,0.0,0.0
0,0.03103567473590374,0.9307105541229248,0.7864539623260498,0.017293294270833332,0.0
0,0.026841171085834503,0.9330658316612244,0.6777844429016113,0.013498942057291666,0.0
0,0.014858533628284931,0.9910492897033691,0.7258430123329163,0.01123046875,0.0
0,0.00023305632930714637,0.07133200019598007,0.005281333811581135,0.0,0.0
0,0.011047863401472569,0.9626730680465698,0.30631324648857117,0.003082275390625,0.0
0,0.0002635401033330709,0.10429472476243973,0.006563486531376839,0.0,0.0
0,0.00138985610101372,0.7194821834564209,0.013070784509181976,0.0004781087239583333,0.0
0,0.003931357059627771,0.7725306153297424,0.05644402652978897,0.000274658203125,0.0
0,0.0168404933065176,0.8931231498718262,0.45758840441703796,0.004404703776041667,0.0
0,0.0035659645218402147,0.8349459171295166,0.05781161040067673,0.0007222493489583334,0.0
0,0.004329647868871689,0.8221890926361084,0.10502130538225174,0.00016276041666666666,0.0
0,0.00683889864012599,0.9437636137008667,0.1320561021566391,0.0016988118489583333,0.0
0,0.07187569886445999,0.9931228756904602,0.9368651509284973,0.054087320963541664,0.0
0,0.0037480350583791733,0.5985468626022339,0.07342606782913208,0.0,0.0
0,1.1835731129394844e-05,0.0037654140032827854,0.0002551413781475276,0.0,0.0
0,0.07995101809501648,0.9827572107315063,0.9505947232246399,0.07561238606770833,0.06888834635416667
0,0.0005024865386076272,0.050051309168338776,0.006984650157392025,0.0,0.0
0,0.025991596281528473,0.957277774810791,0.5938413143157959,0.008544921875,0.0
0,0.00028217595536261797,0.14718706905841827,0.004468384198844433,0.0,0.0
0,0.010675549507141113,0.9234544038772583,0.27492332458496094,0.00482177734375,0.0
0,0.0007266856846399605,0.043204035609960556,0.008412977680563927,0.0,0.0
0,0.003050893312320113,0.8107787370681763,0.061083752661943436,0.0004475911458333333,0.0
0,0.00012446350592654198,0.02124669961631298,0.0016549242427572608,0.0,0.0
0,0.009564117528498173,0.8936811685562134,0.44788891077041626,0.005523681640625,0.0
0,0.0012751709436997771,0.2577650845050812,0.0192700307816267,0.0,0.0
0,0.033269017934799194,0.9524857997894287,0.7618929743766785,0.020955403645833332,0.0
0,0.055231306701898575,0.9878058433532715,0.9485372304916382,0.040629069010416664,0.020039876302083332
0,0.0034199170768260956,0.46189650893211365,0.10158944875001907,0.0,0.0
0,0.007382221985608339,0.5679965615272522,0.18787209689617157,0.0,0.0
0,0.0010124066611751914,0.45486560463905334,0.018264278769493103,0.0,0.0
0,0.18106244504451752,0.9948000907897949,0.9752018451690674,0.14064534505208334,0.06708780924479167
0,4.963056926499121e-05,0.008745182305574417,0.0007014082511886954,0.0,0.0
0,0.05072653666138649,0.9731897711753845,0.8429924845695496,0.031046549479166668,0.0
0,5.679532841895707e-05,0.0035657365806400776,0.0007349588559009135,0.0,0.0
0,0.00029156729578971863,0.048136770725250244,0.005179712548851967,0.0,0.0
0,0.00030634223367087543,0.04476431384682655,0.006026951130479574,0.0,0.0
0,0.08356954902410507,0.9886244535446167,0.9605096578598022,0.069915771484375,0.0517578125
0,6.525864591822028e-05,0.008283627219498158,0.0011203773319721222,0.0,0.0
0,0.031068352982401848,0.9780936241149902,0.6542256474494934,0.010843912760416666,0.0
0,6.746637518517673e-05,0.01374231930822134,0.001201891340315342,0.0,0.0
0,0.4108567237854004,0.998217761516571,0.9927391409873962,0.397247314453125,0.4342854817708333
0,0.08209659904241562,0.9336731433868408,0.7556315660476685,0.026336669921875,0.0
0,0.03399847075343132,0.8848377466201782,0.5079878568649292,0.005330403645833333,0.0
0,9.368991595692933e-05,0.006241259165108204,0.001667882315814495,0.0,0.0
0,0.0012749811867251992,0.12624557316303253,0.014447852037847042,0.0,0.0
0,0.004753574263304472,0.6817267537117004,0.17966583371162415,0.00017293294270833334,0.0
0,0.001547749969176948,0.41750892996788025,0.033587608486413956,0.0,0.0
0,0.002625205786898732,0.13330236077308655,0.06406192481517792,0.0,0.0
0,0.0009378024260513484,0.47787395119667053,0.017642436549067497,0.0,0.0
0,0.0016470198752358556,0.48209381103515625,0.03656250610947609,0.0,0.0
0,0.00014554434164892882,0.022158870473504066,0.0028783478774130344,0.0,0.0
0,0.010131321847438812,0.9830850958824158,0.19086574018001556,0.007761637369791667,0.0
0,0.017078714445233345,0.966092050075531,0.522215723991394,0.007619222005208333,0.0
0,0.03521298989653587,0.9462003111839294,0.8168451189994812,0.023600260416666668,0.0
0,0.0003620041534304619,0.030386749655008316,0.008250641636550426,0.0,0.0
0,0.012777090072631836,0.9246877431869507,0.5338531732559204,0.00726318359375,0.0
0,0.01006411761045456,0.7327831387519836,0.19253934919834137,0.00016276041666666666,0.0
0,0.0004069516435265541,0.03197956085205078,0.0035936026833951473,0.0,0.0
0,0.002824130468070507,0.6535692811012268,0.04903416708111763,1.0172526041666666e-05,0.0
0,0.029417382553219795,0.9192084670066833,0.6208394765853882,0.009857177734375,0.0
0,0.02902378886938095,0.9961456060409546,0.9313302040100098,0.019683837890625,0.0
0,5.773894736194052e-05,0.01829933375120163,0.0008262611227110028,0.0,0.0
0,0.07541238516569138,0.9742394685745239,0.8816148638725281,0.051778157552083336,0.0
0,0.029967723414301872,0.9860979318618774,0.7918210625648499,0.013092041015625,0.0
0,0.16753776371479034,0.9858821630477905,0.9513206481933594,0.10996500651041667,0.0
0,0.0008889834280125797,0.12743529677391052,0.011552670039236546,0.0,0.0
0,0.29023227095603943,0.9991340041160583,0.9957020878791809,0.2572835286458333,0.14338175455729166
0,0.10894175618886948,0.9942920207977295,0.9698426127433777,0.10045369466145833,0.08693440755208333
0,0.0138827720656991,0.9762200117111206,0.3767377734184265,0.005350748697916667,0.0
0,0.15624357759952545,0.9952448010444641,0.9817007184028625,0.14275105794270834,0.12641398111979166
0,0.16408182680606842,0.9943581223487854,0.9775000214576721,0.12993367513020834,0.087371826171875
0,0.12627696990966797,0.987375020980835,0.9162596464157104,0.07364908854166667,0.0
0,0.00025814143009483814,0.06916356831789017,0.004700060468167067,0.0,0.0
0,0.05482161417603493,0.9778834581375122,0.8900976181030273,0.034281412760416664,0.0
0,0.22743313014507294,0.996292769908905,0.9863631129264832,0.181243896484375,0.07432047526041667
0,0.06854229420423508,0.9909096360206604,0.956063449382782,0.050221761067708336,0.0
0,0.04574030637741089,0.9867261648178101,0.8546349406242371,0.021809895833333332,0.0
0,0.00931138452142477,0.9808025360107422,0.29409533739089966,0.006418863932291667,0.0
0,0.2441418617963791,0.9924813508987427,0.9787938594818115,0.2000732421875,0.12703450520833334
0,0.2145652025938034,0.9952448010444641,0.9628131985664368,0.15474446614583334,0.0
0,0.18939357995986938,0.9964619278907776,0.9812738299369812,0.140167236328125,0.07682291666666667
0,0.647355854511261,0.9988395571708679,0.9966495633125305,0.645965576171875,0.7160237630208334
0,0.14650027453899384,0.9974290728569031,0.9911527037620544,0.11464436848958333,0.040069580078125
0,0.0060368552803993225,0.854763388633728,0.10594828426837921,0.000396728515625,0.0
0,0.14986880123615265,0.9979652166366577,0.9904035329818726,0.129150390625,0.07013956705729167
0,0.3065737187862396,0.9984021782875061,0.9925682544708252,0.2889506022135417,0.22355143229166666
0,9.855435200734064e-05,0.022759154438972473,0.0018969200318679214,0.0,0.0
0,0.005287736188620329,0.9122800230979919,0.1173696517944336,0.0018717447916666667,0.0
0,0.00013717553520109504,0.2994123697280884,0.002378123812377453,0.0,0.0
0,0.3219647705554962,0.9997584223747253,0.9987791180610657,0.2933349609375,0.19915771484375
0,0.0031573474407196045,0.9790757894515991,0.06804042309522629,0.0002543131510416667,0.0
0,0.01570040173828602,0.9444848895072937,0.23265863955020905,0.002864,0.0
0,0.5475677251815796,0.9943360686302185,0.9839708209037781,0.531504,0.5170666666666667
0,0.004055990371853113,0.8281063437461853,0.08929723501205444,0.0002666666666666667,0.0
0,0.002294794889166951,0.5641584992408752,0.027742892503738403,0.0,0.0
0,0.04563679173588753,0.9808759689331055,0.7967625260353088,0.018320719401041668,0.0
0,0.11623265594244003,0.9952816367149353,0.9765353798866272,0.095458984375,0.027750651041666668
0,0.0030261354986578226,0.9990745782852173,0.004416727926582098,0.002679036458333333,0.0
0,0.09158116579055786,0.9881765246391296,0.8763172030448914,0.042764583333333335,0.0
0,0.4306286573410034,0.9993952512741089,0.9950946569442749,0.3780144135188867,0.315934393638171
0,0.06254773586988449,0.9918121099472046,0.9020932912826538,0.03991666666666667,0.022333333333333334
0,0.22794567048549652,0.9932550191879272,0.9694401025772095,0.214325,0.22421666666666668
0,0.18670402467250824,0.996570348739624,0.9754368662834167,0.15247083324908506,0.07347291586630811
0,0.0012454536044970155,0.6482437252998352,0.01908743381500244,1.3983732258139698e-05,0.0
0,0.09000818431377411,0.9908389449119568,0.9384632706642151,0.04969868173258004,0.0
0,0.0726650282740593,0.9883578419685364,0.8901033401489258,0.04097982708933717,0.0
0,0.0010306660551577806,0.2867680788040161,0.01829933375120163,0.0,0.0
0,0.15769299864768982,0.9994093179702759,0.9959140419960022,0.13001685393258428,0.06770224719101124
0,0.20199784636497498,0.9899863600730896,0.9388018846511841,0.11657790368271954,0.0
0,0.1654774397611618,0.9926826357841492,0.95735764503479,0.11154285714285714,0.008462857142857143
0,0.1867215633392334,0.9997730851173401,0.9960851669311523,0.14588308457711444,0.07687810945273632
0,0.003128340234979987,0.44089049100875854,0.07436570525169373,0.0,0.0
0,0.001351031824015081,0.6947170495986938,0.01634012907743454,7.285974499089253e-05,0.0
0,0.4070698618888855,0.9962199330329895,0.9814178347587585,0.3556055900621118,0.2197567287784679
0,0.80914705991745,0.9999972581863403,0.9999196529388428,0.7954515599343186,0.8814778325123153
0,0.24905842542648315,0.9916519522666931,0.9405717849731445,0.18748768472906405,0.10741789819376027
0,0.15877912938594818,0.9923341274261475,0.9501341581344604,0.12900330851943756,0.073560794044665
0,0.31673136353492737,0.9978342652320862,0.9805060625076294,0.2766254125412541,0.18158003300330033
0,0.15206681191921234,0.9997262358665466,0.9966365098953247,0.12433744855967079,0.09162962962962963
0,0.249959334731102,0.9998557567596436,0.9973785877227783,0.225,0.19993447993447994
0,0.0430721789598465,0.9952632188796997,0.8980838656425476,0.02755633831829605,0.0
0,0.6100732088088989,0.9991135001182556,0.9973061084747314,0.6026044418508676,0.5860625034500706
0,0.020774196833372116,0.9765353798866272,0.5858199000358582,0.009067672833495619,0.0
0,0.04278640076518059,0.994594156742096,0.8033297061920166,0.018127083333333332,0.0
0,0.2468385398387909,0.9959298968315125,0.9709643721580505,0.1736774887410096,0.023795119983867716
0,0.018996886909008026,0.9862577319145203,0.5295559763908386,0.008163219323149024,0.0
0,0.12491641938686371,0.9995216131210327,0.9957684278488159,0.10966452205882353,0.059901194852941174
0,0.03575478121638298,0.9973477125167847,0.8944230079650879,0.022405771495877504,0.0
0,0.031703777611255646,0.9954791069030762,0.882551372051239,0.021867782909930716,0.0
0,0.6461256742477417,0.9994705319404602,0.9978594183921814,0.6533823782976033,0.6522443818610265
0,0.0043517304584383965,0.87716144323349,0.07931440323591232,0.0005480771200852336,0.0
0,0.0978967696428299,0.9963071346282959,0.9662197828292847,0.08412339080753235,0.08318439969816116
0,0.0008843128453008831,0.8665847778320312,0.011330444365739822,0.00011189778645833333,0.0
0,0.13616517186164856,0.9940658807754517,0.9767580628395081,0.10112508138020833,0.061279296875
0,0.5078983902931213,0.9986114501953125,0.9952448010444641,0.4823099772135417,0.474456787109375
0,0.8372335433959961,0.9986276626586914,0.9952077269554138,0.8569234212239584,0.9413248697916666
0,0.23525504767894745,0.9967648983001709,0.988447368144989,0.19246419270833334,0.15706380208333334
0,0.4750906229019165,0.9981684684753418,0.9952077269554138,0.4621073404947917,0.4222208658854167
0,0.5397642254829407,0.9978594183921814,0.9930693507194519,0.50616455078125,0.528167724609375
0,0.061253566294908524,0.9964203834533691,0.9600581526756287,0.050679524739583336,0.0
0,0.6440074443817139,0.9994926452636719,0.9975466132164001,0.6337178548177084,0.7077128092447916
0,0.12645427882671356,0.9817357659339905,0.9404625296592712,0.0897216796875,0.0
0,0.24765300750732422,0.9981827735900879,0.9899476170539856,0.19871012369791666,0.13282267252604166
0,0.1303899735212326,0.9947186708450317,0.9583821892738342,0.08744303385416667,0.0
0,0.2179141789674759,0.9985619187355042,0.9916195869445801,0.194244384765625,0.1688232421875
0,0.18667595088481903,0.996434211730957,0.9866748452186584,0.16776529947916666,0.15516153971354166
0,0.23849503695964813,0.9986593723297119,0.9904035329818726,0.18902587890625,0.0791015625
0,0.046411219984292984,0.958304226398468,0.8625798225402832,0.031931559244791664,0.0
0,0.09375771135091782,0.9966495633125305,0.9782590866088867,0.067291259765625,0.029449462890625
0,0.013205652125179768,0.9385759830474854,0.38334405422210693,0.003692626953125,0.0
0,0.684823751449585,0.9992591738700867,0.9979007244110107,0.686981201171875,0.705413818359375
0,0.4197624623775482,0.998095691204071,0.9934611320495605,0.4022623697916667,0.3891092936197917
0,0.007485594134777784,0.9507778882980347,0.1844690889120102,0.00213623046875,0.0
0,0.24277043342590332,0.9990378618240356,0.9938070178031921,0.195281982421875,0.04693603515625
0,0.38181474804878235,0.9982590079307556,0.9945730566978455,0.3662516276041667,0.395660400390625
0,0.44105252623558044,0.9982038736343384,0.9937345385551453,0.4032389322916667,0.3521219889322917
0,0.03712590038776398,0.9833430051803589,0.7579681873321533,0.01544189453125,0.0
0,0.025492941960692406,0.9988530874252319,0.9732407331466675,0.021565755208333332,0.0
0,0.4740116596221924,0.9992266893386841,0.9971327781677246,0.43524169921875,0.4155171712239583
0,0.23273427784442902,0.998095691204071,0.988447368144989,0.19908650716145834,0.075958251953125
0,0.21417273581027985,0.9960391521453857,0.9735442399978638,0.15935262044270834,0.10362752278645833
0,0.19524455070495605,0.994594156742096,0.9658352136611938,0.136322021484375,0.0
0,0.45901456475257874,0.9987356066703796,0.996130108833313,0.4111124674479167,0.21642049153645834
0,0.27902674674987793,0.9963357448577881,0.9710726737976074,0.21291097005208334,0.02276611328125
0,0.11176818609237671,0.9976032376289368,0.9778834581375122,0.06036376953125,0.034505208333333336
0,0.38232341408729553,0.9986853003501892,0.9947799444198608,0.3287251790364583,0.3134053548177083
0,0.4586367905139923,0.9981541037559509,0.9937100410461426,0.4320576985677083,0.4509379069010417
0,0.34423866868019104,0.9960237741470337,0.9878996014595032,0.2921346028645833,0.18329874674479166
0,0.043861404061317444,0.9723097085952759,0.8606036305427551,0.029388427734375,0.0
0,0.3331937789916992,0.9979251623153687,0.9926542043685913,0.2907002766927083,0.17686971028645834
0,0.2112443447113037,0.9969485402107239,0.9851576089859009,0.17577107747395834,0.1279296875
0,0.35039567947387695,0.9988574981689453,0.9938070178031921,0.3012491861979167,0.16579182942708334
0,0.2208097130060196,0.9961305856704712,0.9829546809196472,0.18682861328125,0.13719685872395834
0,0.10084979981184006,0.9608049392700195,0.9010533690452576,0.07795206705729167,0.0
0,0.05675574019551277,0.9893885254859924,0.7882426977157593,0.021525065104166668,0.0
0,0.17360274493694305,0.9988664388656616,0.9954967498779297,0.14597574869791666,0.09758504231770833
0,0.005253652576357126,0.9582260847091675,0.09894659370183945,0.0014139811197916667,0.0
0,0.2679802477359772,0.9974983334541321,0.9926256537437439,0.20923868815104166,0.07276407877604167
0,0.029749862849712372,0.9783847332000732,0.6516607999801636,0.010965983072916666,0.0
0,0.4297221899032593,0.9970765113830566,0.9905874133110046,0.3890584309895833,0.4045613606770833
0,0.1001819595694542,0.95743727684021,0.8912387490272522,0.06682332356770833,0.0
0,0.17896266281604767,0.9901019334793091,0.9378969073295593,0.097686767578125,0.0
0,0.26351162791252136,0.9981324076652527,0.9880849719047546,0.23040771484375,0.08986409505208333
0,0.1808256059885025,0.9946774244308472,0.9764007329940796,0.14152018229166666,0.1007080078125
0,0.18388862907886505,0.9774571061134338,0.937210738658905,0.14054361979166666,0.0
0,0.40578022599220276,0.9982038736343384,0.9934611320495605,0.3651123046875,0.3156026204427083
0,0.3136475384235382,0.9969485402107239,0.9873735308647156,0.2848917643229167,0.18613688151041666
0,0.1863265484571457,0.9946774244308472,0.9714558720588684,0.1427001953125,0.025421142578125
0,0.014130487106740475,0.9482505321502686,0.3389419913291931,0.0037434895833333335,0.0
0,0.41561582684516907,0.9949788451194763,0.9865199327468872,0.3920491536458333,0.375213623046875
0,0.003825282445177436,0.7216451168060303,0.07821886986494064,8.138020833333333e-05,0.0
0,0.2938500940799713,0.9964203834533691,0.9865716695785522,0.2676289876302083,0.191253662109375
0,0.04815495386719704,0.9783018827438354,0.9003546833992004,0.031097412109375,0.0
0,0.343876451253891,0.998095691204071,0.9854404330253601,0.3191324869791667,0.2227783203125
0,0.010695411823689938,0.8292155861854553,0.296848863363266,0.0016072591145833333,0.0
0,0.00015800782421138138,0.007176882121711969,0.0016875095898285508,0.0,0.0
0,0.314891517162323,0.995372474193573,0.9851003289222717,0.2712910970052083,0.11754353841145833
0,0.13730840384960175,0.9801293015480042,0.9284049272537231,0.0787353515625,0.0
0,0.1914312243461609,0.995354413986206,0.9873262047767639,0.17616780598958334,0.14265950520833334
0,0.30422475934028625,0.9995469450950623,0.9979810118675232,0.285736083984375,0.244598388671875
0,0.2007506936788559,0.9984021782875061,0.990767776966095,0.16359456380208334,0.09352620442708333
0,0.3943840563297272,0.9988304972648621,0.9947799444198608,0.37353515625,0.3279927571614583
0,0.07211831212043762,0.9648551344871521,0.7680380344390869,0.023529052734375,0.0
0,0.28207698464393616,0.9976125955581665,0.9897501468658447,0.2528279622395833,0.21596272786458334
0,0.4965451657772064,0.9983059167861938,0.9954967498779297,0.496917724609375,0.4897257486979167
0,0.023231113329529762,0.9768466353416443,0.6463385224342346,0.0108642578125,0.0
0,0.4831087589263916,0.9987550973892212,0.995718777179718,0.4607442220052083,0.465972900390625
0,0.07186317443847656,0.9964756369590759,0.981943666934967,0.062479654947916664,0.055755615234375
0,0.5003260970115662,0.9986006617546082,0.9959771037101746,0.4906005859375,0.5189208984375
0,0.16092105209827423,0.9934865236282349,0.95743727684021,0.11998494466145833,0.0
0,0.12723280489444733,0.9911182522773743,0.9551495909690857,0.09283447265625,0.0
0,0.424119234085083,0.9990111589431763,0.9963779449462891,0.3885091145833333,0.322113037109375
0,0.6405026316642761,0.998835027217865,0.9965165853500366,0.6349283854166666,0.7144775390625
0,0.1957203894853592,0.9928786158561707,0.9698426127433777,0.15336100260416666,0.077392578125
0,0.05772719159722328,0.9970991611480713,0.9089417457580566,0.034027099609375,0.0
0,0.024854600429534912,0.8908652067184448,0.5304268598556519,0.006520589192708333,0.0
0,0.23055489361286163,0.9974884986877441,0.9701251983642578,0.16663614908854166,0.0
0,0.01604096032679081,0.9392480850219727,0.31510335206985474,0.0025431315104166665,0.0
0,0.11632762104272842,0.9964756369590759,0.9628131985664368,0.082794189453125,0.0
0,0.011914861388504505,0.902265727519989,0.22676824033260345,0.001678466796875,0.0
0,0.5446837544441223,0.9985449314117432,0.9951514005661011,0.5160115559895834,0.4324239095052083
0,0.3444497585296631,0.9989098310470581,0.9936116337776184,0.27191162109375,0.14454142252604166
0,0.36223259568214417,0.9979332685470581,0.9882208108901978,0.3224995930989583,0.22019449869791666
0,0.4799164831638336,0.9982590079307556,0.9930961728096008,0.440643310546875,0.4666341145833333
0,0.524118959903717,0.9975844621658325,0.9896718263626099,0.5049641927083334,0.48406982421875
0,0.12300408631563187,0.9904406070709229,0.9384632706642151,0.08916219075520833,0.0
0,0.0013507845578715205,0.12189465761184692,0.01805429719388485,0.0,0.0
0,0.27631282806396484,0.9965435862541199,0.9851576089859009,0.24772135416666666,0.19753011067708334
0,0.5056686401367188,0.9990111589431763,0.9969839453697205,0.4933675130208333,0.506134033203125
0,0.013630357570946217,0.9982926249504089,0.35744863748550415,0.006235758463541667,0.0
0,0.05104504153132439,0.9759464263916016,0.8895230293273926,0.035929361979166664,0.0
0,0.47579124569892883,0.9990854263305664,0.9966885447502136,0.416015625,0.3823649088541667
0,0.08744624257087708,0.9944880604743958,0.9470852613449097,0.060943603515625,0.0
0,0.22060586512088776,0.9961456060409546,0.9796287417411804,0.16839599609375,0.032063802083333336
0,0.03356928005814552,0.9870296716690063,0.7594038844108582,0.015920003255208332,0.0
0,0.00015263551904354244,0.06754669547080994,0.0024534284602850676,0.0,0.0
0,0.5308184623718262,0.9977656602859497,0.9927951693534851,0.5196533203125,0.5842386881510416
0,0.21635670959949493,0.9939024448394775,0.9747236967086792,0.17600504557291666,0.1041259765625
0,0.3841143548488617,0.9974391460418701,0.9922444224357605,0.3743387858072917,0.3842264811197917
0,0.47073492407798767,0.9975656270980835,0.9893474578857422,0.4463297526041667,0.296966552734375
0,0.007100474089384079,0.9519526958465576,0.20720990002155304,0.0023600260416666665,0.0
0,0.12019959092140198,0.992061972618103,0.9611709713935852,0.09223429361979167,0.0
0,5.7612847740529105e-05,0.00851130299270153,0.0007733057136647403,0.0,0.0
0,0.4590729773044586,0.9986853003501892,0.9968763589859009,0.4366861979166667,0.458984375
0,0.005047906655818224,0.4271577298641205,0.07290027290582657,0.0,0.0
0,0.09784197062253952,0.9904035329818726,0.9404625296592712,0.06302897135416667,0.0
0,0.24276119470596313,0.9897909760475159,0.97334223985672,0.188201904296875,0.06878662109375
0,0.2209959626197815,0.995566189289093,0.9841545820236206,0.17363484700520834,0.08796183268229167
0,0.0005684049683623016,0.3011564612388611,0.009484614245593548,0.0,0.0
0,0.013001601211726665,0.9887554049491882,0.42706575989723206,0.007771809895833333,0.0
0,0.04034757986664772,0.9853278994560242,0.8437587022781372,0.017567952473958332,0.0
0,0.0021347247529774904,0.9519526958465576,0.023109277710318565,0.0007832845052083334,0.0
0,0.00013973699242342263,0.04153997078537941,0.0032350560650229454,0.0,0.0
0,0.00925325695425272,0.9623913168907166,0.21534086763858795,0.005391438802083333,0.0
0,0.34382370114326477,0.9990890026092529,0.996936559677124,0.3353678385416667,0.318511962890625
0,0.001037983107380569,0.1902722269296646,0.02013874053955078,0.0,0.0
0,0.016599522903561592,0.9174507260322571,0.2847689092159271,0.003204345703125,0.0
0,0.38032078742980957,0.99964439868927,0.9981827735900879,0.3438822428385417,0.278228759765625
0,0.05702652037143707,0.9806548357009888,0.851582944393158,0.028513590494791668,0.0
0,0.015350217930972576,0.8918110132217407,0.30228811502456665,0.0012919108072916667,0.0
0,0.0006351838819682598,0.10017221421003342,0.010776727460324764,0.0,0.0
0,0.32439759373664856,0.9969839453697205,0.9858821630477905,0.2781270345052083,0.08687337239583333
0,0.2557983696460724,0.9980581402778625,0.9913892149925232,0.208526611328125,0.17057291666666666
0,0.0027837359812110662,0.9367494583129883,0.03781915456056595,0.0010172526041666667,0.0
0,0.49463900923728943,0.996570348739624,0.9918753504753113,0.4500935872395833,0.3996175130208333
0,0.00014889708836562932,0.03541072830557823,0.0028783478774130344,0.0,0.0
0,0.0951482430100441,0.9972744584083557,0.9853842854499817,0.083587646484375,0.042734781901041664
0,0.09965089708566666,0.9977916479110718,0.9649873375892639,0.08073933919270833,0.0
0,0.05713917315006256,0.9946150183677673,0.9532750844955444,0.04437255859375,0.0
0,0.0025084661319851875,0.24762336909770966,0.037467505782842636,0.0,0.0
0,0.27951472997665405,0.9966102242469788,0.9858275651931763,0.23566691080729166,0.20885213216145834
0,0.13505111634731293,0.9923933744430542,0.9235922694206238,0.06902058919270833,0.0
0,0.5691785216331482,0.9989677667617798,0.9977656602859497,0.5484720865885416,0.5837198893229166
0,0.13241791725158691,0.9916841983795166,0.9611687660217285,0.10358683268229167,0.0
0,0.1914544552564621,0.9974983334541321,0.9917484521865845,0.15580240885416666,0.10584513346354167
0,0.041967082768678665,0.9899863600730896,0.8589553833007812,0.023111979166666668,0.0
0,9.41622129175812e-05,0.033148519694805145,0.0014214043039828539,0.0,0.0
0,0.10298339277505875,0.9932550191879272,0.9652484059333801,0.08819580078125,0.0
0,0.35489585995674133,0.9992848038673401,0.9966102242469788,0.3363037109375,0.3329976399739583
0,0.11871731281280518,0.9949396848678589,0.9610249400138855,0.08229573567708333,0.0
0,0.004117734730243683,0.9415467381477356,0.08076987415552139,0.0013936360677083333,0.0
0,0.009045330807566643,0.9818056225776672,0.17050385475158691,0.006001790364583333,0.0
0,0.11509738117456436,0.988447368144989,0.9642541408538818,0.08623250325520833,0.0
0,0.04166995361447334,0.9579908847808838,0.7641884088516235,0.01904296875,0.0
0,0.05016346275806427,0.9980881810188293,0.9841527342796326,0.045949300130208336,0.026468912760416668
0,0.0004214043729007244,0.08945459872484207,0.009090383537113667,0.0,0.0
0,0.08322945982217789,0.9928508996963501,0.9616780281066895,0.063140869140625,0.043172200520833336
0,0.38633081316947937,0.9982590079307556,0.9936610460281372,0.34027099609375,0.3389078776041667
0,0.14297787845134735,0.9953904151916504,0.9852129220962524,0.11168416341145833,0.07747395833333333
0,0.23395736515522003,0.9988840222358704,0.994551956653595,0.196075439453125,0.095977783203125
0,3.748339440790005e-05,0.0076066721230745316,0.0007096704212017357,0.0,0.0
0,0.19843250513076782,0.9983707070350647,0.9910492897033691,0.16845703125,0.08355712890625
0,0.06717035919427872,0.9972531199455261,0.9722570776939392,0.050303141276041664,0.0
0,0.19275474548339844,0.9967523813247681,0.9808748960494995,0.16365559895833334,0.10899861653645833
0,0.3745971620082855,0.9993833303451538,0.9976769089698792,0.3515218098958333,0.2614339192708333
0,0.051162589341402054,0.9933846592903137,0.8655619025230408,0.029449462890625,0.0
0,0.20067334175109863,0.9985449314117432,0.993561863899231,0.163818359375,0.08176676432291667
0,0.14161458611488342,0.9994184970855713,0.9970073103904724,0.12450154622395833,0.10364786783854167
0,0.3936828076839447,0.997739315032959,0.9866234660148621,0.3764750162760417,0.3494669596354167
0,0.022422559559345245,0.9348725080490112,0.5486717224121094,0.007242838541666667,0.0
0,0.2495201677083969,0.9996095299720764,0.9982791543006897,0.225738525390625,0.198150634765625
0,0.6044897437095642,0.9993833303451538,0.997730553150177,0.6014607747395834,0.6439921061197916
0,0.008459716103971004,0.8694931268692017,0.17904365062713623,0.00189208984375,0.0
0,0.39863261580467224,0.9992445707321167,0.9973680377006531,0.3665771484375,0.2932332356770833
0,0.0008569699712097645,0.19837459921836853,0.03258974477648735,0.0,0.0
0,0.07679489254951477,0.9908389449119568,0.9436599016189575,0.053883870442708336,0.0
0,0.019686901941895485,0.9298236966133118,0.6591858267784119,0.011454264322916666,0.0
0,0.06839893013238907,0.993561863899231,0.9291837811470032,0.049489339192708336,0.0
0,0.2020851969718933,0.9981541037559509,0.9914224743843079,0.18345133463541666,0.13758341471354166
0,0.006191694643348455,0.8936811685562134,0.16981852054595947,0.0016581217447916667,0.0
0,0.036145977675914764,0.9880388379096985,0.8420855402946472,0.023874918619791668,0.0
0,0.34895315766334534,0.9984145164489746,0.9945095181465149,0.332916259765625,0.3123270670572917
0,0.0015706741251051426,0.7601168751716614,0.018440209329128265,0.000213623046875,0.0
0,0.2664218246936798,0.9965969920158386,0.9800901412963867,0.205596923828125,0.10734049479166667
0,0.13871808350086212,0.980728805065155,0.9298236966133118,0.077728271484375,0.0
0,0.07691803574562073,0.9994866847991943,0.9928500652313232,0.060994466145833336,0.037699381510416664
0,0.1573665589094162,0.998807430267334,0.9933071732521057,0.12969970703125,0.09740193684895833
0,0.028651678934693336,0.9990673661231995,0.8942365646362305,0.018809000651041668,0.0
0,0.17648987472057343,0.9949983358383179,0.9374367594718933,0.10529581705729167,0.0
0,0.19287548959255219,0.9968024492263794,0.98046875,0.15144856770833334,0.08577473958333333
0,0.0002663473132997751,0.03507867828011513,0.003524340922012925,0.0,0.0
0,0.0010455524316057563,0.2722179591655731,0.01578456163406372,0.0,0.0
0,0.0015105722704902291,0.1352320909500122,0.056545011699199677,0.0,0.0
0,0.005578785669058561,0.7783125042915344,0.09009299427270889,0.0006205240885416666,0.0
0,0.02128882147371769,0.8278281688690186,0.5459506511688232,0.005849202473958333,0.0
0,0.004315847996622324,0.8063956499099731,0.10913478583097458,0.000823974609375,0.0
0,0.40162405371665955,0.9990226030349731,0.9962633848190308,0.370452880859375,0.4066263834635417
0,0.10356804728507996,0.986415684223175,0.9426093101501465,0.064178466796875,0.0
0,0.03488053008913994,0.988447368144989,0.8616301417350769,0.019551595052083332,0.0
0,0.0358286052942276,0.9929336309432983,0.9187678694725037,0.027821858723958332,0.0
0,0.00036413883208297193,0.27737510204315186,0.004810983315110207,0.0,0.0
0,0.0039961859583854675,0.9695556163787842,0.06915979832410812,0.001556396484375,0.0
0,0.006552897393703461,0.9451974034309387,0.15163610875606537,0.00189208984375,0.0
0,0.00222738622687757,0.8165527582168579,0.05469848960638046,0.000213623046875,0.0
0,0.02156720869243145,0.9217811226844788,0.596484899520874,0.009084065755208334,0.0
0,0.02365742437541485,0.9419752359390259,0.545371949672699,0.005930582682291667,0.0
0,0.08387356996536255,0.9832789301872253,0.9463988542556763,0.07146199544270833,0.0
0,0.002603263594210148,0.37068089842796326,0.04663543403148651,0.0,0.0
0,0.03000999055802822,0.9700134992599487,0.8275495767593384,0.018768310546875,0.0
0,0.18780319392681122,0.9976586103439331,0.9828232526779175,0.13202921549479166,0.0
0,0.026066625490784645,0.9851576089859009,0.7620648145675659,0.014322916666666666,0.0
0,0.0011520077241584659,0.7816640734672546,0.014063626527786255,6.103515625e-05,0.0
0,0.04082828387618065,0.9982993006706238,0.9885804057121277,0.034952799479166664,0.025899251302083332
0,0.0007009609835222363,0.7439128756523132,0.0033683469519019127,0.00012703252032520327,0.0
0,0.0011948131723329425,0.26530900597572327,0.018978038802742958,0.0,0.0
0,0.009350774809718132,0.9323301911354065,0.3391641080379486,0.004526774088541667,0.0
0,0.008839222602546215,0.9570375084877014,0.23863358795642853,0.0031331380208333335,0.0
0,0.009326525963842869,0.6026463508605957,0.18623413145542145,0.0,0.0
0,1.0461658348503988e-05,0.002234362531453371,0.00027586790383793414,0.0,0.0
0,0.0031753021758049726,0.9558990597724915,0.04958902671933174,0.0011088053385416667,0.0
0,0.0007089842110872269,0.27415698766708374,0.008187909610569477,0.0,0.0
0,0.00017517646483611315,0.34587815403938293,0.0007466114475391805,0.0,0.0
0,0.0035265814512968063,0.8377527594566345,0.05582005903124809,9.1552734375e-05,0.0
0,0.12199065834283829,0.9989225268363953,0.9838472008705139,0.09916420220264784,0.04932902979616498
0,0.3491925001144409,0.9987792372703552,0.9890975952148438,0.2882314814814815,0.20705
0,0.04842943698167801,0.9896718263626099,0.8200374841690063,0.024012012012012012,0.0
0,0.03588227555155754,0.9859904050827026,0.8458112478256226,0.01763916015625,0.0
0,0.1401543766260147,0.9976859092712402,0.9765800833702087,0.09883136094674556,0.03568047337278107
0,0.11725680530071259,0.9977743029594421,0.9697281122207642,0.08706360946745562,0.013074457593688363
0,0.009932798333466053,0.7431680560112,0.24184732139110565,0.0006153846153846154,0.0
0,0.0031050241086632013,0.9171544313430786,0.05439931899309158,0.0002097902097902098,0.0
0,0.009512022137641907,0.9921841025352478,0.38678255677223206,0.00909090909090909,0.0069696969696969695
0,0.0007643495337106287,0.18997150659561157,0.01778039149940014,0.0,0.0
0,0.0021410584449768066,0.7880943417549133,0.038756195455789566,0.0002571166207529844,0.0
0,0.004963869694620371,0.9852146506309509,0.07585818320512772,0.002971887550200803,0.0
0,0.08845911920070648,0.9466953873634338,0.8116759657859802,0.049138276553106215,0.0
0,0.015206018462777138,0.9669764637947083,0.6833149194717407,0.011644470179502027,0.0
0,0.19162572920322418,0.9969245791435242,0.9628838300704956,0.12511458333333333,0.019070833333333332
0,0.0600619912147522,0.9984573125839233,0.9530754089355469,0.03056633893262707,0.014406994884446541
0,0.00694130826741457,0.5826097726821899,0.12137299031019211,0.0,0.0
0,0.015116848982870579,0.8967949151992798,0.371934711933136,0.0016749585406301824,0.0
0,0.00010989869042532519,0.25832599401474,0.0018895386019721627,0.0,0.0
0,0.008787625469267368,0.9677167534828186,0.343892365694046,0.005008291873963516,0.0
0,0.05653944984078407,0.9862577319145203,0.8194617629051208,0.02258291873963516,0.0
0,0.02171993814408779,0.9813465476036072,0.8180109858512878,0.01695688225538972,0.0
0,0.000684620114043355,0.18447349965572357,0.010570489801466465,0.0,0.0
0,0.008258447982370853,0.9428234100341797,0.2027539759874344,0.00189208984375,0.0
0,0.0020402439404278994,0.8958876132965088,0.022801334038376808,0.000701904296875,0.0
0,0.024379275739192963,0.9653158187866211,0.7479787468910217,0.013692220052083334,0.0
0,0.0014768835389986634,0.2324843406677246,0.02400774508714676,0.0,0.0
0,0.010824639350175858,0.9649212956428528,0.28269100189208984,0.0020955403645833335,0.0
0,9.912809036904946e-05,0.07316472381353378,0.002378123812377453,0.0,0.0
0,0.4036968946456909,0.998807430267334,0.996249258518219,0.3764139811197917,0.3570048014322917
0,7.956638728501275e-05,0.009020280092954636,0.0014721895568072796,0.0,0.0
0,0.00866185873746872,0.9249592423439026,0.23598232865333557,0.00286865234375,0.0
0,0.009928587824106216,0.9776285290718079,0.4184936583042145,0.00677490234375,0.0
0,6.208178820088506e-05,0.007907291874289513,0.0010901900241151452,0.0,0.0
0,0.004744230303913355,0.8089743256568909,0.08555634319782257,0.0006510416666666666,0.0
0,0.0015250565484166145,0.8848377466201782,0.01998286135494709,0.0003255208333333333,0.0
0,8.638950384920463e-05,0.009974921122193336,0.001383117400109768,0.0,0.0
0,0.13893918693065643,0.9958980679512024,0.9776285290718079,0.125640869140625,0.10512288411458333
0,0.09503332525491714,0.9917484521865845,0.9607290625572205,0.08231608072916667,0.048350016276041664
0,0.0011018171207979321,0.4382742643356323,0.015483987517654896,0.0,0.0
0,0.03146755322813988,0.9905508756637573,0.8339976668357849,0.017527262369791668,0.0
0,0.05795371159911156,0.9285385012626648,0.7059816718101501,0.018239339192708332,0.0
0,0.021768519654870033,0.9853842854499817,0.736009955406189,0.013427734375,0.0
0,0.03433935344219208,0.9933589100837708,0.8688234686851501,0.024607340494791668,0.0
0,0.05166280269622803,0.9914224743843079,0.8427298665046692,0.025899251302083332,0.0
0,0.03295000270009041,0.9993384480476379,0.9956685304641724,0.0311279296875,0.026407877604166668
0,0.05896567180752754,0.9974689483642578,0.9452984929084778,0.037445068359375,0.0
0,9.045017213793471e-05,0.04046483710408211,0.0009659749921411276,0.0,0.0
0,0.11031196266412735,0.9858821630477905,0.9164093732833862,0.06443277994791667,0.0
0,0.017367767170071602,0.9585376977920532,0.414180725812912,0.006195068359375,0.0
0,0.17464540898799896,0.9976859092712402,0.9926542043685913,0.13393147786458334,0.072662353515625
0,0.01962345838546753,0.7956580519676208,0.36308208107948303,0.0018208821614583333,0.0
0,0.03879651799798012,0.9937587976455688,0.8881664276123047,0.02734375,0.0
0,0.0026623134035617113,0.2230384200811386,0.0430404394865036,0.0,0.0
0,0.0014636727282777429,0.32960745692253113,0.019531238824129105,0.0,0.0
0,0.00022892894048709422,0.022499971091747284,0.0034429810475558043,0.0,0.0
0,0.040031444281339645,0.9846346974372864,0.9086130857467651,0.029225667317708332,0.0
0,0.0010636462830007076,0.16599830985069275,0.021287353709340096,0.0,0.0
0,0.023660533130168915,0.9995678067207336,0.9937822222709656,0.01983642578125,0.017191569010416668
0,0.07530733942985535,0.995226263999939,0.9784671068191528,0.07014973958333333,0.06575520833333333
0,0.03234052285552025,0.9918437600135803,0.8964274525642395,0.024220784505208332,0.0
0,0.008750188164412975,0.9536218643188477,0.2425428032875061,0.006052652994791667,0.0
0,0.08831480890512466,0.9946980476379395,0.9731387495994568,0.08249918619791667,0.07634480794270833
0,0.006722156424075365,0.9510514140129089,0.17567521333694458,0.0025736490885416665,0.0
0,0.011138512752950191,0.8568122982978821,0.2656784951686859,0.0022684733072916665,0.0
0,0.00033078176784329116,0.1898212730884552,0.004609572235494852,0.0,0.0
0,0.44580522179603577,0.999376118183136,0.9971771240234375,0.4242045084635417,0.418670654296875
0,0.000154847206431441,0.09894659370183945,0.00148371874820441,0.0,0.0
0,0.0028774570673704147,0.8220463395118713,0.06119586154818535,0.0004781087239583333,0.0
0,0.0036567591596394777,0.8743993639945984,0.0684129148721695,0.0005696614583333334,0.0
0,0.000442963297246024,0.09089675545692444,0.009232213720679283,0.0,0.0
0,0.0015276613412424922,0.4563492238521576,0.025418201461434364,0.0,0.0
0,0.003437909297645092,0.7994423508644104,0.05389021709561348,0.0004475911458333333,0.0
0,4.715747127193026e-05,0.006744989659637213,0.0006562961498275399,0.0,0.0
0,0.04104254022240639,0.9988440275192261,0.9927663803100586,0.027923583984375,0.020050048828125
0,0.000687366642523557,0.22575782239437103,0.014281933195888996,0.0,0.0
0,0.008344071917235851,0.9768908023834229,0.2434355765581131,0.004913330078125,0.0
0,0.03346122428774834,0.9952816367149353,0.9443793296813965,0.032216389973958336,0.02679443359375
0,0.0034263033885508776,0.9281486868858337,0.051364656537771225,0.0013631184895833333,0.0
0,0.00025506169185973704,0.4904033839702606,0.003853914560750127,0.0,0.0
0,0.00046621161163784564,0.125600665807724,0.007815889082849026,0.0,0.0
0,0.016727056354284286,0.9657707214355469,0.557445764541626,0.008433024088541666,0.0
0,0.00018521043239161372,0.01737566478550434,0.0024438868276774883,0.0,0.0
0,0.0005292781861498952,0.06536578387022018,0.010288301855325699,0.0,0.0
0,0.00013357446005102247,0.023554330691695213,0.0024819872342050076,0.0,0.0
0,3.32607924065087e-05,0.006217078305780888,0.0006932422402314842,0.0,0.0
0,0.05290137231349945,0.9901401400566101,0.9209320545196533,0.035146077473958336,0.0
0,9.061168384505436e-05,0.01778039149940014,0.0020827276166528463,0.0,0.0
0,3.610712519730441e-05,0.005888159852474928,0.0006141554331406951,0.0,0.0
0,0.0002958778932224959,0.16411417722702026,0.005511934403330088,0.0,0.0
0,0.18528811633586884,0.9988927245140076,0.9900250434875488,0.15693155924479166,0.050303141276041664
0,5.393138053477742e-05,0.008445627056062222,0.0014214043039828539,0.0,0.0
0,0.009022346697747707,0.783160388469696,0.1949756145477295,0.0004069010416666667,0.0
0,0.1622801274061203,0.9991100430488586,0.9893062710762024,0.12907918294270834,0.06783040364583333
0,0.009039130061864853,0.9520419239997864,0.17539678514003754,0.0019938151041666665,0.0
0,0.000752291816752404,0.16132023930549622,0.013955711387097836,0.0,0.0
0,0.003922609146684408,0.8647679686546326,0.058557599782943726,0.0003255208333333333,0.0
0,0.009005761705338955,0.9965029954910278,0.27009502053260803,0.0035603841145833335,0.0
0,0.023220738396048546,0.9890975952148438,0.7826475501060486,0.016632080078125,0.0
0,0.0012925987830385566,0.44329914450645447,0.022243667393922806,0.0,0.0
0,0.00027718383353203535,0.03252822160720825,0.0046455576084554195,0.0,0.0
0,0.0005814559990540147,0.2809121906757355,0.006956801749765873,0.0,0.0
0,0.01378311961889267,0.9418684244155884,0.48203715682029724,0.006011962890625,0.0
0,0.21782003343105316,0.9992052912712097,0.9930961728096008,0.2034912109375,0.16070556640625
0,0.1417091339826584,0.9955142140388489,0.969438374042511,0.102020263671875,0.0
0,0.00020593218505382538,0.03810662031173706,0.0030873692594468594,0.0,0.0
0,0.07758612930774689,0.9889705181121826,0.9457011222839355,0.06085205078125,0.0
0,0.05671866610646248,0.9949983358383179,0.9563905000686646,0.04669189453125,0.0
0,0.03067227639257908,0.9981541037559509,0.966156005859375,0.020985921223958332,0.0
0,0.0006457925192080438,0.4636263847351074,0.01056926604360342,0.0,0.0
0,0.011038708500564098,0.9939496517181396,0.4151774048805237,0.007883707682291666,0.0
0,0.04925575852394104,0.9576753973960876,0.8023961186408997,0.024658203125,0.0
0,0.04087269306182861,0.9837225079536438,0.8518258929252625,0.02545166015625,0.0
0,0.0003411504440009594,0.7037531733512878,0.0023231625091284513,3.0517578125e-05,0.0
0,0.0050057158805429935,0.824037492275238,0.1517806202173233,0.0006815592447916666,0.0
0,0.0022128773853182793,0.6907677054405212,0.056340090930461884,7.120768229166667e-05,0.0
0,0.0007577251526527107,0.2906787395477295,0.011462471447885036,0.0,0.0
0,0.0002585624170023948,0.01621503010392189,0.004848532844334841,0.0,0.0
0,0.00023519124079030007,0.13466207683086395,0.003899620845913887,0.0,0.0
0,0.005316177383065224,0.740174412727356,0.09999103844165802,8.138020833333333e-05,0.0
0,0.009417812339961529,0.9145963191986084,0.16857892274856567,0.00164794921875,0.0
0,0.0020341428462415934,0.2994123697280884,0.032040078192949295,0.0,0.0
0,0.5135321021080017,0.9992734789848328,0.9984691739082336,0.5074259440104166,0.5167236328125
0,0.041634950786828995,0.998816728591919,0.9918111562728882,0.0406494140625,0.022654215494791668
0,0.26002755761146545,0.9986006617546082,0.9937345385551453,0.230133056640625,0.20966593424479166
0,0.34043046832084656,0.9992792010307312,0.9962341785430908,0.3266092936197917,0.274627685546875
0,0.02791016362607479,0.9878996014595032,0.8068526387214661,0.018269856770833332,0.0
0,0.052635759115219116,0.9801673293113708,0.9036349058151245,0.029388427734375,0.0
0,0.05135884881019592,0.9942474365234375,0.9564718008041382,0.037841796875,0.0
0,0.0018072103848680854,0.41655927896499634,0.024145422503352165,0.0,0.0
0,0.7274848818778992,0.9990302324295044,0.9966625571250916,0.7184549967447916,0.7985738118489584
0,0.2966632843017578,0.9959613680839539,0.9829527139663696,0.23735555013020834,0.13950602213541666
0,0.12552961707115173,0.9963783621788025,0.9827572107315063,0.11077880859375,0.06464640299479167
0,0.4409666061401367,0.9993513226509094,0.9956680536270142,0.4372456868489583,0.4544779459635417
0,0.022768691182136536,0.9995778203010559,0.9572729468345642,0.019866943359375,0.0
0,0.04165134206414223,0.987129271030426,0.9439675211906433,0.035135904947916664,0.0
0,0.006223501171916723,0.8982321619987488,0.11797800660133362,0.0013834635416666667,0.0
0,0.01791476458311081,0.9858275651931763,0.5975973606109619,0.009470621744791666,0.0
0,0.15778066217899323,0.9921233057975769,0.9604353904724121,0.10892740885416667,0.0
0,0.11711252480745316,0.9989012479782104,0.9869794845581055,0.087646484375,0.033050537109375
0,0.030642980709671974,0.9962051510810852,0.8885539174079895,0.018819173177083332,0.0
0,0.01260595303028822,0.9632996320724487,0.349048912525177,0.004913330078125,0.0
0,0.010838781483471394,0.8563323616981506,0.29309478402137756,0.00274658203125,0.0
0,0.0030137943103909492,0.972727358341217,0.011502856388688087,0.0020345052083333335,0.0
0,0.022603332996368408,0.9813822507858276,0.6088690757751465,0.009653727213541666,0.0
0,0.001721678301692009,0.5729617476463318,0.03500867262482643,0.0,0.0
0,0.0942201241850853,0.9936116337776184,0.9554830193519592,0.059488932291666664,0.0
0,0.10483453422784805,0.9848692417144775,0.9521309733390808,0.08154296875,0.0
0,0.019370123744010925,0.967100977897644,0.4973469376564026,0.006368001302083333,0.0
0,0.009803331457078457,0.9069831967353821,0.19915218651294708,0.0021158854166666665,0.0
0,0.10745343565940857,0.9980199337005615,0.9927943348884583,0.08992513020833333,0.050832112630208336
0,0.19797752797603607,0.9979411959648132,0.9882221817970276,0.1826171875,0.15897623697916666
0,0.019086593762040138,0.954647421836853,0.47651952505111694,0.006591796875,0.0
0,0.024579627439379692,0.9930423498153687,0.808672308921814,0.017110188802083332,0.0
0,0.011599198915064335,0.8247444033622742,0.35632795095443726,0.0023701985677083335,0.0
0,0.01847648434340954,0.9771973490715027,0.49083468317985535,0.006357828776041667,0.0
0,0.021122807636857033,0.9742394685745239,0.5838506817817688,0.008880615234375,0.0
0,0.19606800377368927,0.997285008430481,0.9908744096755981,0.18491617838541666,0.16595458984375
0,0.05116017162799835,0.9743373394012451,0.9155027270317078,0.045206705729166664,0.0364990234375
0,0.09960848093032837,0.9870795607566833,0.8623481392860413,0.046905517578125,0.0
0,0.14868879318237305,0.9995380640029907,0.9957518577575684,0.12183634440104167,0.034230550130208336
0,0.026300938799977303,0.9812029004096985,0.5875810980796814,0.008799235026041666,0.0
0,0.061328426003456116,0.9895108342170715,0.9214947819709778,0.034922281901041664,0.0
0,0.00030434835935011506,0.0389750711619854,0.005598248913884163,0.0,0.0
0,0.012922525405883789,0.9775857925415039,0.37444064021110535,0.0040283203125,0.0
0,0.0019046966917812824,0.3227394223213196,0.023509452119469643,0.0,0.0
0,0.007885273545980453,0.7511008381843567,0.18053534626960754,0.0003662109375,0.0
0,0.03514596074819565,0.9476723670959473,0.6545602679252625,0.01165771484375,0.0
0,0.0018737338250502944,0.4369824230670929,0.031439851969480515,0.0,0.0
0,0.00014713122800458223,0.20529620349407196,0.0025014046113938093,0.0,0.0
0,4.317321509006433e-05,0.020100237801671028,0.00087266496848315,0.0,0.0
0,0.036823611706495285,0.9992387294769287,0.9802420139312744,0.034901936848958336,0.020701090494791668
0,0.00014794257003813982,0.14092636108398438,0.0025708680041134357,0.0,0.0
0,0.014552384614944458,0.981979250907898,0.7601168751716614,0.012552897135416666,0.0
0,0.00020818218763452023,0.018653521314263344,0.0024438868276774883,0.0,0.0
0,0.0061172605492174625,0.8200374841690063,0.12294064462184906,0.0007425944010416666,0.0
0,0.033069025725126266,0.9584600329399109,0.7740713953971863,0.017384847005208332,0.0
0,0.0028335314709693193,0.9764904975891113,0.0065388246439397335,0.0023295084635416665,0.0
0,0.0680883601307869,0.9960851669311523,0.9790757894515991,0.055633544921875,0.056976318359375
0,0.00029075489146634936,0.08772000670433044,0.004038121551275253,0.0,0.0
0,0.02125820331275463,0.936051607131958,0.3489744961261749,0.0029296875,0.0
0,0.0009633041336201131,0.31489264965057373,0.013222821988165379,0.0,0.0
0,0.07963815331459045,0.9737446904182434,0.9222025275230408,0.064208984375,0.0
0,0.05836409702897072,0.9837225079536438,0.9417614340782166,0.052947998046875,0.037211100260416664
0,0.06529098749160767,0.9949983358383179,0.9264329671859741,0.047739664713541664,0.0
0,0.016101280227303505,0.9716717004776001,0.5982359647750854,0.009501139322916666,0.0
0,0.032310474663972855,0.9885804057121277,0.9203569889068604,0.022735595703125,0.0
0,0.05078612640500069,0.9941118359565735,0.9325688481330872,0.038462320963541664,0.0
0,0.14911413192749023,0.9990673661231995,0.991186797618866,0.136627197265625,0.08845011393229167
0,0.005482554901391268,0.9963071346282959,0.052811093628406525,0.0030517578125,0.0
0,0.13036538660526276,0.9944234490394592,0.9723081588745117,0.1104736328125,0.06498209635416667
0,0.0012220347998663783,0.2639786899089813,0.016850078478455544,0.0,0.0
0,0.03275091573596001,0.9851003289222717,0.9240006804466248,0.02880859375,0.017293294270833332
0,0.12066616863012314,0.9922744631767273,0.9634374976158142,0.09812418619791667,0.0
0,0.10008644312620163,0.9922143816947937,0.9738940596580505,0.06794230143229167,0.031656901041666664
0,0.022491151466965675,0.9629528522491455,0.567695140838623,0.008321126302083334,0.0
0,0.07015465945005417,0.9868786931037903,0.9118099808692932,0.042460123697916664,0.0
0,0.041382741183042526,0.9846346974372864,0.7766229510307312,0.017222086588541668,0.0
0,0.036000270396471024,0.974628746509552,0.8122723698616028,0.02447509765625,0.0
0,0.007787261623889208,0.9774571061134338,0.25071829557418823,0.004425048828125,0.0
0,0.05806630849838257,0.9965569972991943,0.977022647857666,0.050120035807291664,0.035807291666666664
0,0.05660095438361168,0.9894702434539795,0.902265727519989,0.032023111979166664,0.0
0,0.07106753438711166,0.9707987308502197,0.8589553833007812,0.043507893880208336,0.0
0,0.0016279136762022972,0.5895391702651978,0.031795065850019455,0.0,0.0
0,0.013345181941986084,0.9944451451301575,0.4988071322441101,0.007720947265625,0.0
0,0.0019841876346617937,0.17412921786308289,0.054499875754117966,0.0,0.0
0,0.005848051514476538,0.9969005584716797,0.013323609717190266,0.005055745442708333,0.0
0,0.0001061490984284319,0.013121269643306732,0.0018172829877585173,0.0,0.0
0,0.006379453931003809,0.9654463529586792,0.1359187811613083,0.0033162434895833335,0.0
0,0.2207987755537033,0.9968519806861877,0.9888837337493896,0.187408447265625,0.10178629557291667
0,0.34219875931739807,0.9987695813179016,0.9921233057975769,0.3218282063802083,0.2730305989583333
0,0.0013200162211433053,0.16478508710861206,0.021165620535612106,0.0,0.0
0,0.000726836733520031,0.2628418207168579,0.010944577865302563,0.0,0.0
0,0.0008839169167913496,0.3652302324771881,0.011687257327139378,0.0,0.0
0,0.003520295023918152,0.8233283758163452,0.06536578387022018,0.00017293294270833334,0.0
0,0.09158799052238464,0.9605836272239685,0.9161096215248108,0.08222452799479167,0.0
0,0.04092208668589592,0.944587230682373,0.6741480827331543,0.012583414713541666,0.0
0,0.013084322214126587,0.8490973711013794,0.28417256474494934,0.0011800130208333333,0.0
0,0.045667048543691635,0.980728805065155,0.8489684462547302,0.026336669921875,0.0
0,0.0121456915512681,0.9455001950263977,0.4906679093837738,0.00738525390625,0.0
0,0.18823933601379395,0.9970190525054932,0.9888837337493896,0.16236368815104166,0.09126790364583333
0,0.0033758480567485094,0.8881781101226807,0.044431429356336594,0.0010172526041666667,0.0
0,0.30268725752830505,0.9958980679512024,0.9852713346481323,0.2665506998697917,0.092010498046875
0,0.08739335089921951,0.987375020980835,0.9424007534980774,0.05035400390625,0.0
0,0.0037998638581484556,0.7874411940574646,0.061986055225133896,0.0006205240885416666,0.0
0,0.42819449305534363,0.9990414977073669,0.995866060256958,0.3753560384114583,0.3065287272135417
0,0.4361482858657837,0.9992848038673401,0.9975177049636841,0.4208272298177083,0.3997802734375
0,0.3132972717285156,0.9976403713226318,0.9858275651931763,0.2588399251302083,0.12336222330729167
0,0.9304682612419128,0.9991735816001892,0.9984330534934998,0.9400126139322916,0.971343994140625
0,0.4611561596393585,0.9975080490112305,0.9893474578857422,0.406280517578125,0.364227294921875
0,0.008259926922619343,0.9773275852203369,0.28603067994117737,0.00701904296875,0.0
0,0.8903738856315613,0.9990673661231995,0.9972637891769409,0.90179443359375,0.9853108723958334
0,0.816835880279541,0.9993201494216919,0.9980429410934448,0.8192850748697916,0.8844401041666666
0,0.00016244033758994192,0.010529712773859501,0.0018243829254060984,0.0,0.0
0,0.5137525796890259,0.9985221028327942,0.9960237741470337,0.4902242024739583,0.4424845377604167
0,3.0257227990659885e-05,0.006564249284565449,0.0005953406798653305,0.0,0.0
0,0.9318000674247742,0.9990924596786499,0.9960545301437378,0.983062744140625,1.0
0,0.9992601275444031,0.9999939203262329,0.9999799728393555,0.999908447265625,1.0
0,0.0006931612151674926,0.05665242671966553,0.011915022507309914,0.0,0.0
0,0.004439834039658308,0.6465717554092407,0.08344116806983948,5.0862630208333336e-05,0.0
0,0.23655839264392853,0.995372474193573,0.9696707129478455,0.166412353515625,0.0
0,0.008460595272481441,0.9787126779556274,0.15065255761146545,0.0011698404947916667,0.0
0,0.6017165184020996,0.9988304972648621,0.9962345957756042,0.5641276041666666,0.5258076985677084
0,0.001101705594919622,0.06596492975950241,0.008124708198010921,0.0,0.0
0,0.31231680512428284,0.9961755275726318,0.9824230670928955,0.25412266666666666,0.141296
0,0.13613274693489075,0.9949983358383179,0.948441743850708,0.08382933333333334,0.039888
0,0.032338108867406845,0.9993904829025269,0.9954262971878052,0.029,0.025171122994652406
0,0.3191266357898712,0.9987550973892212,0.9939261078834534,0.28431466666666666,0.215904
0,0.0013382936595007777,0.5231462717056274,0.024988271296024323,0.0,0.0
0,0.010024737566709518,0.9369805455207825,0.25739529728889465,0.0017606382978723404,0.0
0,0.46218132972717285,0.9986329674720764,0.9946358799934387,0.43201739130434785,0.39243478260869563
0,0.015842558816075325,0.9915870428085327,0.7487199306488037,0.011820475260416666,0.0
0,0.250770628452301,0.9976403713226318,0.9917484521865845,0.2161865234375,0.16080729166666666
0,0.0004557351057883352,0.28746768832206726,0.0061450921930372715,0.0,0.0
0,0.010020571760833263,0.9704086184501648,0.18328790366649628,0.001495361328125,0.0
0,0.0020304794888943434,0.646683394908905,0.03416481614112854,4.0690104166666664e-05,0.0
