label,prob_mean,prob_max,prob_p99,unet_area,mrf_area
1,0.2456510066986084,0.9999767541885376,0.9997546076774597,0.24089558919270834,0.27886962890625
1,0.029491925612092018,0.9998775720596313,0.9972099661827087,0.029866536458333332,0.01953125
1,0.22053246200084686,0.9999589920043945,0.9994826316833496,0.22930908203125,0.228973388671875
1,0.33885133266448975,0.9999774694442749,0.9998623132705688,0.338409423828125,0.339324951171875
1,0.3532991409301758,0.9999016523361206,0.9992734789848328,0.3631693522135417,0.4373677571614583
1,0.7489050030708313,0.9999847412109375,0.9998822212219238,0.7527872721354166,0.7587890625
1,0.019739679992198944,0.9999374151229858,0.9970875382423401,0.019388834635416668,0.017303466796875
1,0.4766279458999634,0.9999899864196777,0.9997085928916931,0.4860970052083333,0.47762369791666665
1,0.04050185903906822,0.9999576807022095,0.9976859092712402,0.041259765625,0.021148681640625
1,0.23167583346366882,0.9993307590484619,0.9951136708259583,0.2474917081260365,0.09274046434494196
1,0.005069155246019363,0.9856076240539551,0.05685214698314667,0.003875732421875,0.0
1,0.15885208547115326,0.9997016787528992,0.9968273043632507,0.16688067906391493,0.09476107965386718
1,0.019278930500149727,0.9999908208847046,0.9993976354598999,0.016448974609375,0.012949625651041666
1,0.16575877368450165,0.9999903440475464,0.9998579025268555,0.16792805989583334,0.169586181640625
1,0.12458399683237076,0.9999184608459473,0.9989915490150452,0.1243896484375,0.11158243815104167
1,0.019052641466259956,0.9991135001182556,0.9787938594818115,0.017425537109375,0.0
1,0.2807570695877075,0.9993563294410706,0.9920312166213989,0.3374381510416667,0.39166341145833333
1,0.13021929562091827,0.999859094619751,0.9938309192657471,0.13399661099007504,0.013246187363834422
1,0.023470990359783173,0.9999991655349731,0.9999394416809082,0.023549397786458332,0.022257486979166668
1,0.10758689790964127,0.9999996423721313,0.9997085928916931,0.098052978515625,0.10301717122395833
1,0.006756848655641079,0.9999016523361206,0.05561761185526848,0.005458984375,0.0
1,0.1192275658249855,0.9999767541885376,0.9992082715034485,0.12230428059895833,0.13762410481770834
1,0.012787667103111744,0.9983124732971191,0.9082784056663513,0.013600667317708334,0.0
1,0.028660982847213745,0.9999151229858398,0.9992327690124512,0.028981526692708332,0.0
1,0.07083673030138016,0.9999637603759766,0.9983189702033997,0.06993611653645833,0.055318196614583336
1,0.006462595891207457,0.999514102935791,0.09653531759977341,0.0026143391927083335,0.0
1,0.0031527241226285696,0.9892648458480835,0.04385210573673248,0.0021870930989583335,0.0
1,0.24051547050476074,0.9999865293502808,0.9995793700218201,0.2506205240885417,0.11671956380208333
1,0.3534795641899109,0.9999911785125732,0.9998162388801575,0.35768699654775604,0.3566455696202532
1,0.21700622141361237,0.9999942779541016,0.999783456325531,0.2272056384742952,0.288955223880597
1,0.29436418414115906,0.9994184970855713,0.9916519522666931,0.3319395384878584,0.15889764413448862
1,0.12638208270072937,0.9998488426208496,0.9981030821800232,0.14897411616161615,0.028279671717171717
1,0.42770910263061523,1.0,0.9998377561569214,0.4865214029947917,0.4791463216145833
1,0.006028271280229092,0.9999897480010986,0.000253176229307428,0.006145833333333333,0.0
1,0.09729589521884918,0.9999508857727051,0.9988620281219482,0.0878478886756238,0.060774952015355085
1,0.0019519544439390302,0.929951012134552,0.0064631374552845955,0.0020345052083333335,0.0
1,0.056779179722070694,0.9999982118606567,0.7041621804237366,0.042141927083333336,0.0
1,0.2810298502445221,0.9999512434005737,0.9995908141136169,0.297332763671875,0.285491943359375
1,0.0059840260073542595,0.9999593496322632,0.05042406916618347,0.0047037760416666664,0.0
1,0.021067598834633827,0.9999651908874512,0.9993094205856323,0.019449869791666668,0.013936360677083334
1,0.2189626842737198,0.9998756647109985,0.9991927742958069,0.240081787109375,0.293426513671875
1,0.36631903052330017,0.9999524354934692,0.9994725584983826,0.3785298665364583,0.3678385416666667
1,0.03294910863041878,0.9999233484268188,0.8682815432548523,0.02839252251016957,0.0
1,0.02966395951807499,0.999996542930603,0.9992792010307312,0.03072601555747623,0.013189282627484875
1,0.0069238245487213135,0.9999117851257324,0.17637492716312408,0.006144205729166667,0.0
1,0.04793953523039818,0.9992266893386841,0.991455614566803,0.044921875,0.018839518229166668
1,0.02332158386707306,0.9993013143539429,0.9771541953086853,0.023448637316561844,0.0
1,0.07729382812976837,0.9934101700782776,0.8860265612602234,0.06813874788494077,0.0
1,0.2077765315771103,0.9999527931213379,0.9996923208236694,0.20705159505208334,0.22467041015625
1,0.08714501559734344,0.9997428059577942,0.9968396425247192,0.09080614203454894,0.09052783109404991
1,0.03095915913581848,0.9999709129333496,0.9989758729934692,0.030843098958333332,0.030598958333333332
1,0.12786231935024261,0.9999933242797852,0.9997387528419495,0.131993006993007,0.14033799533799535
1,0.4054364860057831,0.9999732971191406,0.9997817873954773,0.4072095070422535,0.38340228873239435
1,0.15060153603553772,0.9994557499885559,0.9923043847084045,0.16580850930770674,0.11744595693231327
1,0.3020066022872925,0.9999926090240479,0.9997640252113342,0.3218062982768865,0.3531422825540473
1,0.08514214307069778,0.9999885559082031,0.9997603297233582,0.08651041666666667,0.088935546875
1,0.30680495500564575,0.9999138116836548,0.9993588328361511,0.3019205729166667,0.2627970377604167
1,0.05220654606819153,0.9995660185813904,0.9957020878791809,0.051137288411458336,0.052561442057291664
1,0.041549574583768845,0.9995102882385254,0.966724157333374,0.044484456380208336,0.0
1,0.027637816965579987,0.9999990463256836,0.7227227091789246,0.024416106769047947,0.0
1,0.11559697240591049,0.9999819993972778,0.9995025396347046,0.102822265625,0.11798502604166666
1,0.04121944308280945,0.9996775388717651,0.9955294728279114,0.042388916015625,0.0311279296875
1,0.32491928339004517,0.9999840259552002,0.9996849298477173,0.3314388020833333,0.33234375
1,0.19038303196430206,0.9999890327453613,0.9998148083686829,0.18285115559895834,0.17174275716145834
1,0.07658833265304565,0.9999611377716064,0.9996800422668457,0.07738240559895833,0.054514567057291664
1,0.05762137100100517,0.9981756210327148,0.8508420586585999,0.06115416666666667,0.0
1,0.4614967405796051,0.9996416568756104,0.9906237721443176,0.5192930153321976,0.4711215218625781
1,0.09613087028265,0.9999772310256958,0.9992762804031372,0.09893798828125,0.07161458333333333
1,0.26622241735458374,0.9999911785125732,0.9998260140419006,0.27532958984375,0.2817789713541667
1,0.07761987298727036,0.999189555644989,0.9956000447273254,0.08091227213541667,0.040547688802083336
1,0.017107972875237465,0.9989098310470581,0.41197115182876587,0.01068115234375,0.0
1,0.030494743958115578,0.9999936819076538,0.9967899918556213,0.027384440104166668,0.0
1,0.05127190053462982,0.9999790191650391,0.9996699094772339,0.051300048828125,0.036397298177083336
1,0.0553731806576252,0.9999685287475586,0.9969603419303894,0.058013916015625,0.0
1,0.017038725316524506,0.9991864562034607,0.9401302933692932,0.017537434895833332,0.0
1,0.34866857528686523,0.9998822212219238,0.9994705319404602,0.35467529296875,0.3539530436197917
1,0.05798650160431862,0.9986489415168762,0.9901008009910583,0.059956868489583336,0.0
1,0.3820704519748688,0.9998992681503296,0.9984573125839233,0.4018452962239583,0.5459086100260416
1,0.07544734328985214,0.9999957084655762,0.9997085928916931,0.07557169596354167,0.06437174479166667
1,0.09790969640016556,0.9999749660491943,0.9995452761650085,0.09633525456292028,0.096388088376561
1,0.07463159412145615,0.999713122844696,0.9980804920196533,0.07562255859375,0.07384236653645833
1,0.33123159408569336,0.9993201494216919,0.9969125986099243,0.36947527985074624,0.33802705223880597
1,0.03329087421298027,0.9985619187355042,0.925094723701477,0.036244710286458336,0.0
1,0.1352279931306839,0.9997283816337585,0.9976032376289368,0.15181477864583334,0.15770467122395834
1,0.043060362339019775,0.9999841451644897,0.9968273043632507,0.035196940104166664,0.0
1,0.3903561532497406,0.9999964237213135,0.9999560117721558,0.405242919921875,0.4061177571614583
1,0.1817059963941574,0.9999788999557495,0.9998286962509155,0.19244384765625,0.193084716796875
1,0.008350588381290436,0.9948403239250183,0.23793165385723114,0.008013626834381551,0.0
1,0.05131028965115547,0.9998875856399536,0.9809491038322449,0.04818618042226488,0.019628119001919384
1,0.06947004050016403,0.9988752007484436,0.9865716695785522,0.07599894205729167,0.023396809895833332
1,0.150718554854393,0.9999986886978149,0.999919056892395,0.152958984375,0.15244791666666666
1,0.07803381979465485,0.9996947050094604,0.9954255819320679,0.08437093098958333,0.09148152669270833
1,0.15077902376651764,0.99988853931427,0.9994887113571167,0.1575927734375,0.201507568359375
1,0.0009835087694227695,0.3239145278930664,0.02013874053955078,0.0,0.0
1,0.3341243863105774,0.9999960660934448,0.9999117851257324,0.3935774739583333,0.464677734375
1,0.030936168506741524,0.9999932050704956,0.6346598863601685,0.018128255208333333,0.0
1,0.3491973578929901,0.9997527003288269,0.9991704225540161,0.3668111165364583,0.3822224934895833
1,0.033468954265117645,0.9968024492263794,0.9783847332000732,0.033701578776041664,0.0
1,0.23520873486995697,0.9978258013725281,0.9935867786407471,0.24684895833333334,0.0
1,0.07878652960062027,0.9999923706054688,0.9998073577880859,0.07401529947916667,0.046183268229166664
1,0.061762046068906784,0.9999517202377319,0.9995121955871582,0.062367757161458336,0.054056803385416664
1,0.10702589899301529,0.9997851252555847,0.9983579516410828,0.10258992513020833,0.06980387369791667
1,0.015205270610749722,0.9975844621658325,0.8834372758865356,0.0137939453125,0.0
1,0.02117718569934368,0.999998927116394,0.999312162399292,0.01373291015625,0.0
1,0.038462456315755844,0.9999603033065796,0.9942920207977295,0.024365234375,0.010618489583333333
1,0.05829991400241852,0.9999996423721313,0.9998058676719666,0.058848063151041664,0.024871826171875
1,0.0948842391371727,0.999869704246521,0.9992296695709229,0.09569295247395833,0.09538777669270833
1,0.09810183197259903,0.9996724128723145,0.9977481961250305,0.10527547200520833,0.11101277669270833
1,0.02370728738605976,0.9999344348907471,0.9983384013175964,0.024129231770833332,0.0
1,0.04919978603720665,0.9997325539588928,0.9952251315116882,0.052459716796875,0.0
1,0.17517058551311493,0.9998875856399536,0.999287486076355,0.17631022135416666,0.15568033854166666
1,0.14044266939163208,0.9999932050704956,0.9993686079978943,0.13927205403645834,0.09406534830729167
1,0.0716615691781044,0.9999816417694092,0.9983450174331665,0.07196044921875,0.0
1,0.03462449833750725,0.9999827146530151,0.9990745782852173,0.032613118489583336,0.019144694010416668
1,0.29830679297447205,0.9995939135551453,0.9936364889144897,0.3248606826549906,0.21296646432480845
1,0.04336946830153465,0.9898695349693298,0.9069831967353821,0.040150960286458336,0.0
1,0.13608090579509735,0.9998176693916321,0.9979251623153687,0.142608642578125,0.017496744791666668
1,0.03183396905660629,0.9998133778572083,0.9978258013725281,0.0323486328125,0.0
1,0.15989911556243896,0.9999678134918213,0.9998176693916321,0.16084798177083334,0.15849812825520834
1,0.05273857340216637,0.9998675584793091,0.9992848038673401,0.052714029947916664,0.05035400390625
1,0.010425380431115627,0.6187804341316223,0.13546064496040344,0.00079345703125,0.0
1,0.042129114270210266,0.9963357448577881,0.9164093732833862,0.04401066666666666,0.0
1,0.0428648442029953,0.9985277652740479,0.9814523458480835,0.04351806640625,0.0
1,0.4757087230682373,0.9999808073043823,0.9996699094772339,0.48462890625,0.4794010416666667
1,0.18377095460891724,0.9998766183853149,0.9991440773010254,0.18183817062445032,0.1727764366848182
1,0.07086365669965744,0.9999797344207764,0.9986167550086975,0.07331339518229167,0.0220947265625
1,0.0379958339035511,0.9999750852584839,0.9997219443321228,0.037465413411458336,0.034281412760416664
1,0.2735169231891632,0.9998365640640259,0.998807430267334,0.2920735677083333,0.2873738606770833
1,0.0640488788485527,0.9999994039535522,0.9999184608459473,0.0618896484375,0.0
1,0.0747668519616127,0.9998968839645386,0.9991864562034607,0.06782582582582583,0.06356156156156156
1,0.052046652883291245,0.9998644590377808,0.9955489635467529,0.052683512369791664,0.0
1,0.054830942302942276,0.9985392093658447,0.9884026646614075,0.058797200520833336,0.0
1,0.020643170922994614,0.9916841983795166,0.8424669504165649,0.022593180338541668,0.0
1,0.07209861278533936,0.9999215602874756,0.997285008430481,0.06910736322501028,0.016262169203345674
1,0.09448152780532837,0.9997040629386902,0.9897116422653198,0.09174107142857142,0.037591765873015874
1,0.14706040918827057,0.9999825954437256,0.9997346997261047,0.1483154296875,0.15033976236979166
1,0.05607762932777405,0.9997677206993103,0.9980121850967407,0.056060791015625,0.037251790364583336
1,0.1620386689901352,0.9984812140464783,0.94629967212677,0.19134443669301401,0.0
1,0.021767469123005867,0.9999986886978149,0.9996199607849121,0.013677446102819237,0.013113598673300166
1,0.0156641136854887,0.9964756369590759,0.44152191281318665,0.012011643801401434,0.0
1,0.08381568640470505,0.9999850988388062,0.9997933506965637,0.084014892578125,0.08272298177083333
1,0.13527120649814606,0.9999788999557495,0.9993563294410706,0.14054512603560726,0.1560021152829191
1,0.0537850596010685,0.9996825456619263,0.9809114336967468,0.049652099609375,0.0
1,0.01620124839246273,0.9999873638153076,0.9064058661460876,0.011474609375,0.0
1,0.3809371888637543,0.9999719858169556,0.9998910427093506,0.3849589029947917,0.3850504557291667
1,0.10266111046075821,0.9998840093612671,0.9995538592338562,0.1042826561433054,0.07413272338054602
1,0.13035961985588074,0.9998176693916321,0.9989677667617798,0.13359578450520834,0.019571940104166668
1,0.021087298169732094,0.9990226030349731,0.6637746691703796,0.018870035807291668,0.0
1,0.18939974904060364,0.9999215602874756,0.9969005584716797,0.20154444444444444,0.05680740740740741
1,0.20169363915920258,0.9998822212219238,0.9983959197998047,0.20764166666666667,0.10044583333333333
1,0.1618502289056778,0.9999938011169434,0.9996993541717529,0.16109212239583334,0.09908040364583333
1,0.03736032545566559,0.9999992847442627,0.9856495261192322,0.040700276692708336,0.0
1,0.15657491981983185,0.9990781545639038,0.9930152893066406,0.16498819986979166,0.103179931640625
1,0.23686738312244415,0.9999747276306152,0.9997367262840271,0.24104817708333334,0.17560831705729166
1,0.39612919092178345,0.9999827146530151,0.9998534917831421,0.40139322916666664,0.418740234375
1,0.06617410480976105,0.9996699094772339,0.922062337398529,0.06416944136145024,0.0
1,0.025327740237116814,0.9999979734420776,0.9998726844787598,0.021748860677083332,0.0
1,0.0029241011943668127,0.9245515465736389,0.05290887504816055,0.0009053548177083334,0.0
1,0.6880314350128174,0.9999443292617798,0.9997040629386902,0.706024169921875,0.7779439290364584
1,0.18816101551055908,0.9981324076652527,0.9842154383659363,0.19544045850137975,0.10504776056039057
1,0.11479709297418594,0.9999481439590454,0.9997283816337585,0.11649576822916667,0.114959716796875
1,0.14337486028671265,0.9997712969779968,0.9989877343177795,0.14609375,0.13643229166666668
1,0.10678338259458542,0.9990226030349731,0.9711290597915649,0.09772072936660268,0.014256238003838772
1,0.5507401823997498,0.9999991655349731,0.9999741315841675,0.5675032552083333,0.5680240885416666
1,0.04253382980823517,0.9999970197677612,0.9997694492340088,0.042805989583333336,0.036844889322916664
1,0.09930655360221863,0.9998875856399536,0.9989995360374451,0.10050455729166667,0.05865478515625
1,0.04253692924976349,0.9991440773010254,0.9520419239997864,0.047332763671875,0.0
1,0.18225131928920746,0.9999946355819702,0.99935382604599,0.19357374651492298,0.1428493075551899
1,0.14140437543392181,0.9998893737792969,0.9902915358543396,0.1401171875,0.0
1,0.2865199148654938,0.999843955039978,0.9992504715919495,0.31833815028901735,0.34546965317919076
1,0.055610671639442444,0.9999934434890747,0.9996672868728638,0.054290771484375,0.015024820963541666
1,0.009838820435106754,0.9997981190681458,0.3329524099826813,0.00994873046875,0.0
1,0.14971794188022614,0.9999815225601196,0.9997063279151917,0.15290323893229166,0.14952596028645834
1,0.06331933289766312,0.9999935626983643,0.999713122844696,0.06401570638020833,0.051371256510416664
1,0.017423758283257484,0.9982385635375977,0.8262452483177185,0.017801920572916668,0.0
1,0.10577582567930222,0.9999608993530273,0.9996243119239807,0.10725911458333333,0.10161336263020833
1,0.007619976997375488,0.9999138116836548,0.12367647141218185,0.007232666015625,0.0
1,0.27855172753334045,0.9999979734420776,0.9999097585678101,0.2813212076822917,0.2748514811197917
1,0.013542130589485168,0.9999948740005493,0.9989432692527771,0.013498942057291666,0.012339274088541666
1,0.006491603329777718,0.9999772310256958,0.05222506821155548,0.005482991536458333,0.0
1,0.08518431335687637,0.9999090433120728,0.9986698627471924,0.08681233723958333,0.07746378580729167
1,0.044395457953214645,0.999967098236084,0.9994946718215942,0.044850667317708336,0.0303955078125
1,0.31685924530029297,0.999990701675415,0.9972204566001892,0.3736673990885417,0.3948872884114583
1,0.21466578543186188,0.9992266893386841,0.9922744631767273,0.221852,0.048528
1,0.3882489502429962,0.9999464750289917,0.9997153878211975,0.3988651218062983,0.3956981580510992
1,0.030013013631105423,0.9998534917831421,0.6955448985099792,0.023632657120127288,0.0
1,0.05681723728775978,0.9999884366989136,0.6361203193664551,0.033548990885416664,0.0
1,0.06271158903837204,0.9919379353523254,0.9090983867645264,0.05560302734375,0.0
1,0.07290887087583542,0.9999291896820068,0.999508261680603,0.07285563151041667,0.06740315755208333
1,0.022902216762304306,0.9999854564666748,0.9981827735900879,0.01918402777777778,0.013194444444444444
1,0.04071210324764252,0.9999489784240723,0.9997346997261047,0.040903727213541664,0.033091227213541664
1,0.12137987464666367,0.9998849630355835,0.9985674619674683,0.12851969401041666,0.052541097005208336
1,0.11236803978681564,0.9971439242362976,0.974384605884552,0.10711669921875,0.0
1,0.30808132886886597,0.9994207620620728,0.9918753504753113,0.3290506998697917,0.0
1,0.08747163414955139,0.9996485710144043,0.997368335723877,0.09165445963541667,0.104248046875
1,0.07857723534107208,0.999930739402771,0.9990888833999634,0.08058675130208333,0.09661865234375
1,0.05362185835838318,0.999373733997345,0.989180326461792,0.054707845052083336,0.0
1,0.15935394167900085,0.9999430179595947,0.9979572296142578,0.16724650065104166,0.1622314453125
1,0.16016489267349243,0.9999719858169556,0.9995025396347046,0.163238525390625,0.14640299479166666
1,0.07698075473308563,0.9999667406082153,0.9767136573791504,0.07844431464174455,0.0
1,0.19336798787117004,0.9994428753852844,0.9972424507141113,0.2047378716744914,0.053775430359937405
1,0.008468210697174072,0.9999673366546631,0.07329727709293365,0.007080078125,0.0
1,0.05612075328826904,0.9995253086090088,0.9860442876815796,0.056190749235474007,0.0
1,0.9059473276138306,0.9996287822723389,0.9990960359573364,0.9043146666666667,0.90872
1,0.11672426760196686,0.9999651908874512,0.9738945364952087,0.13729488416988417,0.009968629343629343
1,0.10147910565137863,0.9993880987167358,0.995718777179718,0.109344482421875,0.13230387369791666
1,0.1835150420665741,0.9999464750289917,0.9995971322059631,0.1820771087973442,0.1607509996982043
1,0.11761949211359024,0.9999626874923706,0.9995177984237671,0.12144978841145833,0.06305948893229167
1,0.052757054567337036,0.9999117851257324,0.9994046092033386,0.052815755208333336,0.050679524739583336
1,0.10537449270486832,0.9991306662559509,0.9892635941505432,0.10807291666666667,0.0179443359375
1,0.06077303737401962,0.9989758729934692,0.9923046827316284,0.058333333333333334,0.0
1,0.10531006008386612,0.9999861717224121,0.9998568296432495,0.10859171549479167,0.061106363932291664
1,0.026113683357834816,0.9999823570251465,0.9992327690124512,0.021341959635416668,0.012593587239583334
1,0.19767117500305176,0.9999827146530151,0.9998623132705688,0.19588216145833334,0.240325927734375
1,0.0836658924818039,0.9997219443321228,0.9986114501953125,0.08744610281923715,0.05776119402985075
1,0.0722784474492073,0.999971866607666,0.9996672868728638,0.07218424479166667,0.06968180338541667
1,0.04475224018096924,0.9987792372703552,0.9911182522773743,0.044077555338541664,0.038777669270833336
1,0.22021149098873138,0.9997565150260925,0.9981104135513306,0.23482421875,0.07992513020833333
1,0.05012788251042366,0.9985221028327942,0.971562385559082,0.047821044921875,0.0
1,0.16450436413288116,0.9999651908874512,0.9997262358665466,0.16646321614583334,0.17576090494791666
1,0.030270621180534363,0.9999039173126221,0.9984752535820007,0.02456875,0.021472916666666668
1,0.40609055757522583,0.9999972581863403,0.9999227523803711,0.43025390625,0.5678841145833333
1,0.3604414761066437,0.9999793767929077,0.9997130632400513,0.3683369954427083,0.4472452799479167
1,0.5235209465026855,0.9989266991615295,0.9975370168685913,0.5360262645914396,0.5234824902723736
1,0.07171621173620224,0.9982725381851196,0.9820137619972229,0.07861328125,0.0
1,0.1007046028971672,0.9999520778656006,0.9997799396514893,0.08753458658854167,0.0543212890625
1,0.0880509689450264,0.9998013377189636,0.9982653856277466,0.09163411458333333,0.0
1,0.003475039266049862,0.9912885427474976,0.02009335160255432,0.0030924479166666665,0.0
1,0.03433763608336449,0.9999552965164185,0.9058416485786438,0.02984597102244161,0.0
1,0.3775848150253296,0.9999935626983643,0.9997197985649109,0.4117923716661887,0.4280470318325208
1,0.43562617897987366,0.9982247948646545,0.9930423498153687,0.4813028971354167,0.6041463216145834
1,0.0580550916492939,0.9999897480010986,0.9996750354766846,0.05841064453125,0.058634440104166664
1,0.3594090938568115,0.9999001026153564,0.9994162321090698,0.4192097981770833,0.5404459635416666
1,0.07977428287267685,0.9995290040969849,0.9980121850967407,0.08249918619791667,0.04168701171875
1,0.04355308786034584,0.999906063079834,0.9975939393043518,0.036173502604166664,0.0
1,0.021135978400707245,0.9995660185813904,0.8818063735961914,0.016265869140625,0.0
1,0.0516134537756443,0.9999809265136719,0.9995233416557312,0.0531005859375,0.047037760416666664
1,0.004992126952856779,0.4565914571285248,0.08254930377006531,0.00014241536458333334,0.0
1,0.19766558706760406,0.9999802112579346,0.9996316432952881,0.20076497395833334,0.21095784505208334
1,0.11315210163593292,0.9999983310699463,0.9997367262840271,0.11664351851851852,0.0
1,0.013843677006661892,0.9999955892562866,0.9996923208236694,0.013905843098958334,0.016550699869791668
1,0.01400031615048647,0.9997063279151917,0.8866168856620789,0.013173132599884192,0.0
1,0.0724073126912117,0.9996800422668457,0.9936116337776184,0.07353515625,0.026168619791666667
1,0.09563455730676651,0.999713122844696,0.9900250434875488,0.07816611284044989,0.011728857191641384
1,0.03517867252230644,0.999823272228241,0.9966495633125305,0.034718831380208336,0.0
1,0.019174108281731606,0.9990745782852173,0.9933581352233887,0.019032796223958332,0.0
1,0.02422252856194973,0.9997153878211975,0.9965565800666809,0.022430419921875,0.0
1,0.018624313175678253,0.9999759197235107,0.9940420985221863,0.019399007161458332,0.0
1,0.005600322037935257,0.999995231628418,0.0030515100806951523,0.005605061848958333,0.0
1,0.173375204205513,0.9999701976776123,0.9998427629470825,0.17461140950520834,0.17327880859375
1,0.06194968894124031,0.9998936653137207,0.8036041259765625,0.040517171223958336,0.0
1,0.045036692172288895,0.9998736381530762,0.9938309192657471,0.043721516927083336,0.0
1,0.4602038562297821,0.9999790191650391,0.9994926452636719,0.4689583333333333,0.48089518229166667
1,0.27244827151298523,0.999976396560669,0.9996874332427979,0.2854817708333333,0.320953369140625
1,0.019266759976744652,0.9992021918296814,0.9762653708457947,0.019643147786458332,0.0
1,0.014421357773244381,0.9999940395355225,0.9988747835159302,0.014628092447916666,0.0
1,0.035853590816259384,0.9998867511749268,0.8852372169494629,0.02279296875,0.0
1,0.0797448381781578,0.9983450174331665,0.8390757441520691,0.08962777303754266,0.0
1,0.033694662153720856,0.9999649524688721,0.9995434880256653,0.033711751302083336,0.031697591145833336
1,0.15704227983951569,0.9997175335884094,0.998879611492157,0.16547648111979166,0.15323893229166666
1,0.01175166666507721,0.9999990463256836,0.917095959186554,0.0106201171875,0.0
1,0.23474611341953278,0.9999645948410034,0.9941347241401672,0.25590967741935483,0.09396559139784946
1,0.1320076435804367,0.9999344348907471,0.9995158910751343,0.13127644856770834,0.12548828125
1,0.6001712679862976,0.998389720916748,0.9947595000267029,0.6763712565104166,0.862274169921875
1,0.04724033549427986,0.9999903440475464,0.9998118281364441,0.047200520833333336,0.034281412760416664
1,0.45453155040740967,0.9998706579208374,0.9994725584983826,0.4698588053385417,0.4770914713541667
1,0.029723742976784706,0.9999583959579468,0.9971990585327148,0.028523763020833332,0.0
1,0.033188704401254654,0.9999954700469971,0.9998148083686829,0.032674153645833336,0.0
1,0.06490907818078995,0.9999744892120361,0.9964337944984436,0.063323974609375,0.034444173177083336
1,0.009188300929963589,0.9999068975448608,0.04831337556242943,0.009124755859375,0.0
1,0.46679043769836426,0.9995939135551453,0.9852713346481323,0.557325093283582,0.5896175373134328
1,0.008076698519289494,0.9999920129776001,0.21384474635124207,0.008188883463541666,0.0
1,0.23141922056674957,0.9999984502792358,0.9994493126869202,0.26760101318359375,0.26198069254557294
1,0.3029070496559143,0.9999469518661499,0.9997190237045288,0.31744929430748176,0.29734063195735205
1,0.006281102076172829,0.9999665021896362,0.05258999764919281,0.0062255859375,0.0
1,0.012677070684731007,0.9997428059577942,0.8948556780815125,0.01153564453125,0.0
1,0.11663296073675156,0.9999046325683594,0.9988927245140076,0.11879475911458333,0.11668904622395833
1,0.023751648142933846,0.9987257122993469,0.9558966159820557,0.025777180989583332,0.0
1,0.1269691437482834,0.9999678134918213,0.9995539784431458,0.12714640299479166,0.040374755859375
1,0.07428277283906937,0.9971216320991516,0.985042929649353,0.07701619466145833,0.0
1,0.14940887689590454,0.9995908141136169,0.9983579516410828,0.15706380208333334,0.16554768880208334
1,0.16643013060092926,0.9999918937683105,0.9998205304145813,0.16408284505208334,0.124725341796875
1,0.46011677384376526,0.9999997615814209,0.9999873638153076,0.508544921875,0.5652897135416667
1,0.050793033093214035,0.9999873638153076,0.9998766183853149,0.051025390625,0.048543294270833336
1,0.04994821548461914,0.9992875456809998,0.9905132055282593,0.05291748046875,0.0
1,0.03296928480267525,0.9999727010726929,0.9988120794296265,0.033111572265625,0.0
1,0.04818404093384743,0.9999970197677612,0.9998706579208374,0.050333658854166664,0.028361002604166668
1,0.5622410774230957,0.999984622001648,0.9998984336853027,0.5762939453125,0.58673095703125
1,0.09242647141218185,0.9998013377189636,0.9990034699440002,0.09358723958333333,0.08762613932291667
1,0.08731050789356232,0.999983549118042,0.9987887740135193,0.09061154177433248,0.04820844099913867
1,0.049215566366910934,0.9999517202377319,0.9985449314117432,0.05047607421875,0.0
1,0.02708299458026886,0.9995810389518738,0.9959298968315125,0.027180989583333332,0.0
1,0.04360733553767204,0.9999816417694092,0.9991540908813477,0.03742858448740802,0.03134055486996663
1,0.3055400848388672,0.9999814033508301,0.9997677206993103,0.3174161735700197,0.10416173570019724
1,0.01827962137758732,0.999944806098938,0.9453993439674377,0.018463134765625,0.0
1,0.2199467271566391,0.9997712969779968,0.9927391409873962,0.243486328125,0.049847005208333336
1,0.10402517020702362,0.9993687272071838,0.9972637891769409,0.1061100386100386,0.0985569498069498
1,0.041062552481889725,0.9997546076774597,0.9926826357841492,0.034444173177083336,0.029530843098958332
1,0.13813678920269012,0.9999512434005737,0.9998499155044556,0.13499959309895834,0.10976155598958333
1,0.04452789947390556,0.9997884631156921,0.9991638660430908,0.044423421223958336,0.034901936848958336
1,0.12300727516412735,0.9999808073043823,0.9997387528419495,0.12556966145833334,0.13311767578125
1,0.016249895095825195,0.9999966621398926,0.9989141225814819,0.014353434244791666,0.010518391927083334
1,0.06670549511909485,0.9999563694000244,0.9991670846939087,0.0672607421875,0.031473795572916664
1,0.04479635879397392,0.9999496936798096,0.9993637800216675,0.045440673828125,0.044850667317708336
1,0.08763822168111801,0.999713122844696,0.9978923201560974,0.09327189127604167,0.06923421223958333
1,0.05397295951843262,0.9999328851699829,0.999223530292511,0.05419921875,0.048787434895833336
1,0.19905945658683777,0.999854564666748,0.9979251623153687,0.2055015015015015,0.13942942942942943
1,0.003533298382535577,0.9901782274246216,0.007518718484789133,0.0035807291666666665,0.0
1,0.3187309801578522,0.9999874830245972,0.9998859167098999,0.350830078125,0.3643391927083333
1,0.009873494505882263,0.9998133778572083,0.3439134955406189,0.009928385416666666,0.0
1,0.044424574822187424,0.9980429410934448,0.9701818227767944,0.039713541666666664,0.0
1,0.060979846864938736,0.9998706579208374,0.9988927245140076,0.062744140625,0.039235432942708336
1,0.04951930418610573,0.9999880790710449,0.9998545050621033,0.047200520833333336,0.045094807942708336
1,0.3450303077697754,0.9999567270278931,0.999180018901825,0.4036153157552083,0.3406168619791667
1,0.6610605120658875,0.9996064305305481,0.9989956021308899,0.6748453776041666,0.7174580891927084
1,0.12239459156990051,0.9999897480010986,0.9998089671134949,0.12686046511627908,0.1321662360034453
1,0.008891158737242222,0.9992145299911499,0.20449595153331757,0.008463541666666666,0.0
1,0.020753148943185806,0.9999985694885254,0.36897507309913635,0.009888337468982631,0.00945822994210091
1,0.05880967900156975,0.9989055395126343,0.9929609894752502,0.061533610026041664,0.06261189778645833
1,0.026139002293348312,0.9999995231628418,0.44414275884628296,0.013092447916666666,0.0
1,0.025275414809584618,0.9997487664222717,0.9979572296142578,0.025533040364583332,0.025950113932291668
1,0.5136966705322266,0.9999915361404419,0.9998812675476074,0.5284245166598108,0.5332693450340509
1,0.07179225236177444,0.9999430179595947,0.9990854263305664,0.07305908203125,0.052469889322916664
1,0.06717505306005478,0.9965837001800537,0.9711838364601135,0.07529703776041667,0.023396809895833332
1,0.2611396014690399,0.9999068975448608,0.9992387294769287,0.27226967370441457,0.2666242802303263
1,0.06801328808069229,0.999779999256134,0.9979251623153687,0.07020060221354167,0.0670166015625
1,0.19753168523311615,0.9999947547912598,0.999962329864502,0.2056884765625,0.221221923828125
1,0.03523855656385422,0.999823272228241,0.9981397390365601,0.035746256510416664,0.032318115234375
1,0.025250114500522614,0.9896718263626099,0.8875949382781982,0.028356481481481483,0.0
1,0.06897202134132385,0.9998568296432495,0.9992475509643555,0.06947835286458333,0.052785237630208336
1,0.018542062491178513,0.9999781847000122,0.9988707900047302,0.01828125,0.016533203125
1,0.1803569197654724,0.9999873638153076,0.9997981190681458,0.18291219075520834,0.21648152669270834
1,0.45642271637916565,0.9998313188552856,0.9987503290176392,0.4838991669740498,0.47633434467701324
1,0.026410356163978577,0.9999793767929077,0.4435702860355377,0.013053385416666667,0.0
1,0.12476074695587158,0.9997712969779968,0.9978342652320862,0.120880126953125,0.10332234700520833
1,0.09028097242116928,0.999997615814209,0.8870030641555786,0.09684244791666667,0.0
1,0.09195486456155777,0.999929666519165,0.9991927742958069,0.09386189778645833,0.09041341145833333
1,0.14851346611976624,0.9999767541885376,0.9997219443321228,0.14910888671875,0.153045654296875
1,0.38268157839775085,0.9999901056289673,0.9997933506965637,0.4054972330729167,0.3449808756510417
1,0.08759544789791107,0.9999809265136719,0.9995908141136169,0.08770833333333333,0.088388671875
1,0.029150718823075294,0.999891996383667,0.9990744590759277,0.029561360677083332,0.019643147786458332
1,0.0889909639954567,0.9999908208847046,0.9996287822723389,0.092071533203125,0.10605875651041667
1,0.030400795862078667,0.9979731440544128,0.9672231674194336,0.028889973958333332,0.0
1,0.3425656855106354,0.9998893737792969,0.9995660185813904,0.379504,0.25705066666666665
1,0.03445381298661232,0.9994557499885559,0.9939963817596436,0.03277587890625,0.0
1,0.09867804497480392,0.9999951124191284,0.9999203681945801,0.09925333658854167,0.09856160481770833
1,0.034679293632507324,0.999994158744812,0.8762145042419434,0.021376953125,0.008274739583333333
1,0.004646513145416975,0.9999936819076538,0.010611421428620815,0.004506429036458333,0.0
1,0.00916553009301424,0.743354320526123,0.2135263830423355,0.004557291666666667,0.0
1,0.30706337094306946,0.9999933242797852,0.9997448325157166,0.3195139567057292,0.2950998942057292
1,0.5117591619491577,0.9999932050704956,0.9998511075973511,0.5294117647058824,0.5344805521276109
1,0.0820380225777626,0.9997997879981995,0.9979411959648132,0.08709716796875,0.07313028971354167
1,0.1275302916765213,0.9999203681945801,0.9995216131210327,0.12778727213541666,0.109283447265625
1,0.14789853990077972,0.9999785423278809,0.9998812675476074,0.14753214518229166,0.14887491861979166
1,0.2677791118621826,0.9999890327453613,0.99988853931427,0.2770487467447917,0.272003173828125
1,0.12430355697870255,0.9999339580535889,0.9991990923881531,0.13090006510416666,0.13099161783854166
1,0.023840291425585747,0.9997565150260925,0.9972099661827087,0.022542317708333332,0.0
1,0.3899688124656677,0.999967098236084,0.9994578957557678,0.4001691119338178,0.4130718954248366
1,0.0052389358170330524,0.9999995231628418,0.007785655092447996,0.005096435546875,0.0
1,0.017675787210464478,0.9999967813491821,0.5298351049423218,0.015146891276041666,0.0
1,0.6524917483329773,0.9995044469833374,0.9943360686302185,0.7248636881510416,0.6949869791666666
1,0.05568693205714226,0.9999964237213135,0.9996799826622009,0.051198323567708336,0.041829427083333336
1,0.2105427235364914,0.9999912977218628,0.9999245405197144,0.21129353841145834,0.23399861653645834
1,0.5084496140480042,0.9999727010726929,0.9997660517692566,0.5261986379633439,0.5358791535262124
1,0.021635787561535835,0.9999799728393555,0.9994022846221924,0.021291097005208332,0.019449869791666668
0,0.0056259892880916595,0.44284728169441223,0.10319963097572327,0.00013224283854166666,0.0
0,0.3379790782928467,0.9994319081306458,0.9933071732521057,0.37322998046875,0.21561686197916666
0,0.10318402200937271,0.9844563603401184,0.9059848189353943,0.10390218098958333,0.0
0,0.06386833637952805,0.9956176280975342,0.9091032147407532,0.0614013671875,0.0
0,0.023714425042271614,0.9698996543884277,0.5472185015678406,0.015675862630208332,0.0
0,0.053206149488687515,0.9910838603973389,0.9071428775787354,0.039510091145833336,0.0
0,0.002479201415553689,0.26549941301345825,0.055310651659965515,0.0,0.0
0,0.01646185852587223,0.9529258608818054,0.3113033175468445,0.007863362630208334,0.0
0,0.0638599768280983,0.9487276077270508,0.7324004769325256,0.058125813802083336,0.0
0,0.037526022642850876,0.9542226791381836,0.6495752930641174,0.02752685546875,0.0
0,0.11748620867729187,0.9997108578681946,0.9980729818344116,0.13123575846354166,0.02398681640625
0,0.05246688798069954,0.9808392524719238,0.861524224281311,0.042724609375,0.0
0,0.06993954628705978,0.9975844621658325,0.9695538878440857,0.06733194986979167,0.0
0,0.09728112071752548,0.9910145401954651,0.9432399272918701,0.10056559244791667,0.0
0,6.133985152700916e-06,0.0043653263710439205,0.00010069048585137352,0.0,0.0
0,0.00037200236693024635,0.5037879347801208,0.004718369338661432,8.138020833333333e-05,0.0
0,0.002630099654197693,0.9186264276504517,0.024654043838381767,0.0024922688802083335,0.0
0,0.14757956564426422,0.997188150882721,0.9834049344062805,0.13736979166666666,0.0
0,0.0913689136505127,0.9996947050094604,0.9684988260269165,0.08538818359375,0.0
0,0.028802206739783287,0.885433554649353,0.3809874951839447,0.010274251302083334,0.0
0,0.2565042972564697,0.9801673293113708,0.9412234425544739,0.2992757161458333,0.0
0,0.0141390236094594,0.9948403239250183,0.5676969289779663,0.012196858723958334,0.0
0,0.0389518178999424,0.9941800832748413,0.9300782084465027,0.037424723307291664,0.0
0,0.03711411729454994,0.9981397390365601,0.8528019785881042,0.030832926432291668,0.0
0,0.035546522587537766,0.9965435862541199,0.8144914507865906,0.031392415364583336,0.0
0,0.00794710498303175,0.7088176608085632,0.15623359382152557,0.0030721028645833335,0.0
0,0.02290586568415165,0.9666001796722412,0.5200665593147278,0.0181884765625,0.0
0,0.004242129158228636,0.7929456830024719,0.08725224435329437,0.0021870930989583335,0.0
0,0.05069837346673012,0.975623369216919,0.8549947738647461,0.051310221354166664,0.0
0,0.002808802528306842,0.5996023416519165,0.05300683155655861,0.0001220703125,0.0
0,0.015947625041007996,0.986151397228241,0.42924991250038147,0.011921296296296296,0.0
0,0.32615453004837036,0.9976494908332825,0.9833430051803589,0.36077333333333333,0.24189866666666668
0,2.0211715309415013e-05,0.02595735713839531,0.0004389940295368433,0.0,0.0
0,0.021991902962327003,0.9859364032745361,0.5761789679527283,0.01617431640625,0.0
0,0.004040088504552841,0.9848692417144775,0.09121521562337875,0.0007425944010416666,0.0
0,0.1377090960741043,0.999484658241272,0.9957352876663208,0.144134521484375,0.0
0,0.6751002669334412,0.9974689483642578,0.9904775619506836,0.7622197855750488,0.8448611111111111
0,0.6899162530899048,0.9974689483642578,0.9891397356987,0.7919875,1.0
0,0.0058091189712285995,0.8590735793113708,0.20513850450515747,0.0038856868395773293,0.0
0,0.0013408396625891328,0.9910838603973389,0.00651349825784564,0.0011024978466838932,0.0
0,0.10844124853610992,0.9947186708450317,0.954562783241272,0.11501291989664082,0.0
0,0.0013569858856499195,0.18550412356853485,0.028981178998947144,0.0,0.0
0,0.03267990052700043,0.9986060261726379,0.9254740476608276,0.02965131933225633,0.0
0,0.07766284793615341,0.9923341274261475,0.8875949382781982,0.06289196786601454,0.0
0,0.1371527910232544,0.9618934392929077,0.8840392827987671,0.176208,0.0
0,0.19425103068351746,0.9955834746360779,0.9649212956428528,0.21448584633160023,0.06541498170614289
0,0.10617173463106155,0.9959771037101746,0.9111875891685486,0.10548061732895857,0.0
0,0.0710211768746376,0.9934865236282349,0.9010533690452576,0.06167213513185077,0.0
0,0.026387911289930344,0.8610715270042419,0.4834872782230377,0.017810262529832935,0.0
0,0.020484793931245804,0.7520126104354858,0.3680047392845154,0.009349046978841882,0.0
0,0.07008926570415497,0.9916519522666931,0.6245225667953491,0.056129547823899985,0.0
0,0.09205490350723267,0.9709643721580505,0.8140720129013062,0.08249023784167554,0.0
0,0.009453444741666317,0.9889278411865234,0.2502967119216919,0.008204687625849062,0.0
0,0.08672542124986649,0.8586000204086304,0.5811498165130615,0.06089181286549707,0.0
0,0.0007376836729235947,0.19269122183322906,0.015424554236233234,0.0,0.0
0,0.0063627236522734165,0.9918437600135803,0.1280893236398697,0.004360220278587626,0.0
0,0.013432932086288929,0.9945730566978455,0.2660711407661438,0.007320963541666667,0.0
0,0.181542307138443,0.9985730648040771,0.9836598634719849,0.18780725960517936,0.10379112714922521
0,0.0035644154995679855,0.7572562098503113,0.07290027290582657,0.000650726392251816,0.0
0,0.6751002669334412,0.9974689483642578,0.9904775619506836,0.7622197855750488,0.8448611111111111
0,0.0013426544610410929,0.9962638020515442,0.0031974867451936007,0.00116498535632932,0.0
0,0.19043439626693726,0.9993928670883179,0.9907320141792297,0.19440564468089477,0.1566563276708502
0,0.07811430841684341,0.9929336309432983,0.8844391107559204,0.08475185185185186,0.0
0,0.0013569858856499195,0.18550412356853485,0.028981178998947144,0.0,0.0
0,0.01271048653870821,0.9833430051803589,0.3763354420661926,0.009971699854397801,0.0
0,0.025389254093170166,0.9974090456962585,0.9122815728187561,0.022424768518518517,0.0
0,0.022776253521442413,0.9905142784118652,0.6583109498023987,0.018736979166666667,0.0
0,0.3937646746635437,0.9976125955581665,0.987616240978241,0.4502083654885013,0.45954622626948605
0,0.07766284793615341,0.9923341274261475,0.8875949382781982,0.06289196786601454,0.0
0,0.1503903567790985,0.9813822507858276,0.9354645609855652,0.14944857810764461,0.08412378991592734
0,0.04232097044587135,0.987616240978241,0.8051561117172241,0.028033742877492877,0.0
0,0.009789645671844482,0.9141375422477722,0.3176378905773163,0.008111114125274667,0.0
0,0.0011662041069939733,0.25627321004867554,0.017309095710515976,0.0,0.0
0,0.021050697192549706,0.9946568012237549,0.6497419476509094,0.017105263157894738,0.0
0,0.004947001580148935,0.9537942409515381,0.050048526376485825,0.004486083984375,0.0
0,0.03943467140197754,0.9246877431869507,0.5879413485527039,0.027201334635416668,0.0
0,0.0003776741214096546,0.14151853322982788,0.008677716366946697,0.0,0.0
0,0.01059983391314745,0.9439706206321716,0.24670933187007904,0.006591796875,0.0
0,0.009969077073037624,0.7793218493461609,0.19945919513702393,0.002685546875,0.0
0,0.027142947539687157,0.9603611826896667,0.58649080991745,0.019012451171875,0.0
0,0.008309121243655682,0.5214102268218994,0.17441026866436005,0.0004475911458333333,0.0
0,0.05960932374000549,0.9905142784118652,0.8704872727394104,0.059499104817708336,0.0
0,0.027164176106452942,0.8594279289245605,0.43282440304756165,0.01422119140625,0.0
0,0.11942917853593826,0.9759464263916016,0.8792504668235779,0.13665771484375,0.0
0,0.12218404561281204,0.9873262047767639,0.9450961351394653,0.14460245768229166,0.0
0,0.04657004401087761,0.9727790951728821,0.7831504344940186,0.030283610026041668,0.0
0,0.03867704048752785,0.9837850332260132,0.6363497376441956,0.023640950520833332,0.0
0,0.07211249321699142,0.9922444224357605,0.9566342234611511,0.06795247395833333,0.0
0,0.0008071964257396758,0.2117426097393036,0.019531238824129105,0.0,0.0
0,0.10637881606817245,0.9954967498779297,0.9623205661773682,0.11018880208333333,0.0
0,0.025678522884845734,0.9674102663993835,0.5920093059539795,0.019205729166666668,0.0
0,0.03449702635407448,0.9655115008354187,0.6759752631187439,0.037679036458333336,0.0
0,0.08465370535850525,0.9949592351913452,0.9821512699127197,0.08487955729166667,0.0
0,0.02317420393228531,0.9178933501243591,0.3968258500099182,0.011322021484375,0.0
0,0.02701103687286377,0.8678218126296997,0.42840200662612915,0.012685139973958334,0.0
0,0.056974370032548904,0.9849274158477783,0.7871142029762268,0.043833414713541664,0.0
0,0.17584286630153656,0.9976310729980469,0.9862046241760254,0.19350179036458334,0.200775146484375
0,0.11814811080694199,0.9950370192527771,0.9500414729118347,0.12604777018229166,0.0
0,0.028940945863723755,0.8934953808784485,0.46875569224357605,0.015391031901041666,0.0
0,0.02677641250193119,0.9900250434875488,0.5829659700393677,0.01739501953125,0.0
0,0.01756083033978939,0.9278878569602966,0.3775825500488281,0.010009765625,0.0
0,0.004328673239797354,0.7919820547103882,0.09704755246639252,0.001129150390625,0.0
0,0.06512735784053802,0.9547319412231445,0.7657685875892639,0.056508382161458336,0.0
0,0.11865893006324768,0.9925103187561035,0.935224711894989,0.12177530924479167,0.0
0,0.02153419889509678,0.6982265710830688,0.2815014123916626,0.003753662109375,0.0
0,0.16064514219760895,0.9960082769393921,0.9761278033256531,0.15510050455729166,0.0
0,0.03945063799619675,0.9853278994560242,0.7592200636863708,0.023701985677083332,0.0
0,0.03990146145224571,0.930962085723877,0.6371436715126038,0.030527750651041668,0.0
0,0.02027786523103714,0.7236025333404541,0.27124881744384766,0.0030721028645833335,0.0
0,0.01288949977606535,0.7937461733818054,0.18053534626960754,0.00164794921875,0.0
0,0.3157466650009155,0.986151397228241,0.9655115008354187,0.3784891764322917,0.3990071614583333
0,0.06293416768312454,0.8684925436973572,0.42679935693740845,0.015329996744791666,0.0
0,0.04357046261429787,0.9519526958465576,0.5333184599876404,0.021474202473958332,0.0
0,0.028891712427139282,0.9469902515411377,0.43259185552597046,0.01275634765625,0.0
0,0.02836177684366703,0.8870089650154114,0.38693198561668396,0.010345458984375,0.0
0,0.02416347526013851,0.8244618773460388,0.36828869581222534,0.009623209635416666,0.0
0,0.23043787479400635,0.994820237159729,0.9813107252120972,0.2530110677083333,0.1431884765625
0,0.13364505767822266,0.9473810195922852,0.8125700354576111,0.11900838216145833,0.0
0,0.07971104234457016,0.9858821630477905,0.9074714183807373,0.07895914713541667,0.0
0,0.2396489381790161,0.9993255138397217,0.9935867786407471,0.26776123046875,0.0340576171875
0,0.025652611628174782,0.9872281551361084,0.7643537521362305,0.021881103515625,0.0
0,0.07521439343690872,0.8551267385482788,0.6063201427459717,0.045949300130208336,0.0
0,0.023622000589966774,0.3838144838809967,0.15804046392440796,3.0517578125e-05,0.0
0,0.0461464487016201,0.9755768775939941,0.8529244661331177,0.041859944661458336,0.0
0,0.03489133343100548,0.847967803478241,0.4983959197998047,0.01898193359375,0.0
0,0.11121206730604172,0.9749646186828613,0.883632242679596,0.08838907877604167,0.0
0,0.05633344128727913,0.9597620368003845,0.6658387780189514,0.0333251953125,0.0
0,0.05220092833042145,0.8765287399291992,0.49774736166000366,0.02069091796875,0.0
0,0.2001185268163681,0.9637799859046936,0.8852292895317078,0.24736531575520834,0.17279052734375
0,0.03322171792387962,0.9759923219680786,0.6702814102172852,0.028065999348958332,0.0
0,0.010970808565616608,0.8775817155838013,0.3341514766216278,0.007975260416666666,0.0
0,0.10624197870492935,0.9622496962547302,0.814495861530304,0.10663859049479167,0.0
0,0.06039250269532204,0.9908389449119568,0.8247444033622742,0.05157470703125,0.0
0,0.00034790500649251044,0.5940803289413452,0.005888159852474928,8.138020833333333e-05,0.0
0,0.10728349536657333,0.9870795607566833,0.8908594846725464,0.10490926106770833,0.0
0,0.03181426599621773,0.961243748664856,0.6714576482772827,0.030263264973958332,0.0
0,0.1170811578631401,0.9977830052375793,0.9570351243019104,0.11598714192708333,0.0
0,0.00013925880193710327,0.02898062951862812,0.0031850608065724373,0.0,0.0
0,0.1250467151403427,0.9991990923881531,0.9934357404708862,0.12691243489583334,0.050130208333333336
0,0.04988981783390045,0.929440438747406,0.7329685688018799,0.0465087890625,0.0
0,0.03220909461379051,0.9872773289680481,0.7959659099578857,0.036610921223958336,0.0
0,0.10472654551267624,0.9950946569442749,0.9789553880691528,0.11107381184895833,0.068359375
0,0.00031225112616084516,0.26303109526634216,0.005139012821018696,0.0,0.0
0,0.13623084127902985,0.9964756369590759,0.9540517926216125,0.14021809895833334,0.0
0,0.18974219262599945,0.9888850450515747,0.957277774810791,0.21806844075520834,0.0
0,0.030868276953697205,0.9046505093574524,0.6136927008628845,0.026224772135416668,0.0
0,0.04513859376311302,0.9425067901611328,0.654004693031311,0.036580403645833336,0.0
0,0.1819905787706375,0.9973061084747314,0.9863104820251465,0.1795654296875,0.17322794596354166
0,0.02658502757549286,0.9667888283729553,0.5658385753631592,0.019816080729166668,0.0
0,0.008273681625723839,0.9707432389259338,0.19930799305438995,0.006998697916666667,0.0
0,0.027621721848845482,0.995226263999939,0.9156537055969238,0.026906331380208332,0.0
0,0.06598251312971115,0.9926542043685913,0.9621075391769409,0.059712727864583336,0.0
0,0.1759718656539917,0.9963783621788025,0.9865716695785522,0.19633992513020834,0.1737060546875
0,0.04020382836461067,0.9548162817955017,0.7772948145866394,0.041046142578125,0.0
0,0.06903961300849915,0.9923043847084045,0.9276220202445984,0.06739298502604167,0.0
0,0.059873659163713455,0.9634374976158142,0.5953143239021301,0.033528645833333336,0.0
0,0.050996605306863785,0.9789151549339294,0.8300437331199646,0.049784342447916664,0.0
0,0.09316303580999374,0.9944666028022766,0.9478657245635986,0.09564208984375,0.0
0,0.05120376870036125,0.9956516623497009,0.9583019018173218,0.049214680989583336,0.0
0,0.05406343936920166,0.9888418912887573,0.857164204120636,0.043324788411458336,0.0
0,0.01685279794037342,0.8748276829719543,0.38415926694869995,0.010294596354166666,0.0
0,0.07479964941740036,0.9939963817596436,0.9503161311149597,0.07221476236979167,0.0
0,0.02942916750907898,0.957833468914032,0.4264971911907196,0.013722737630208334,0.0
0,0.13382692635059357,0.9890553951263428,0.958379864692688,0.165496826171875,0.0
0,0.0044799200259149075,0.7214488983154297,0.09008819609880447,0.0016886393229166667,0.0
0,0.009274454787373543,0.8748276829719543,0.17175470292568207,0.0031534830729166665,0.0
0,0.044273000210523605,0.9987887740135193,0.9864678382873535,0.045562744140625,0.0
0,0.04511977732181549,0.9979089498519897,0.9632284641265869,0.049336751302083336,0.0
0,0.04166718199849129,0.9216402173042297,0.40574130415916443,0.0123291015625,0.0
0,0.009927479550242424,0.9818752408027649,0.2872646749019623,0.008290608723958334,0.0
0,6.409781781258062e-05,0.03481519594788551,0.0010361457243561745,0.0,0.0
0,0.0022236518561840057,0.43845459818840027,0.04393407329916954,0.00010172526041666667,0.0
0,0.1103590652346611,0.9898303151130676,0.9575938582420349,0.12876383463541666,0.0
0,0.01392124593257904,0.9384632706642151,0.4077424705028534,0.011332194010416666,0.0
0,0.02353699319064617,0.942294716835022,0.5548304915428162,0.018015543619791668,0.0
0,0.011787761934101582,0.8207569718360901,0.18683576583862305,0.0034688313802083335,0.0
0,0.0006600104388780892,0.5231310129165649,0.008779109455645084,5.0862630208333336e-05,0.0
0,0.29003873467445374,0.9954615235328674,0.9837850332260132,0.313934326171875,0.0859375
0,0.18708550930023193,0.9915544390678406,0.9696115255355835,0.20508829752604166,0.0
0,0.4668472707271576,0.9983059167861938,0.9942474365234375,0.505096435546875,0.4900716145833333
0,0.13216663897037506,0.9906960725784302,0.957277774810791,0.12621053059895834,0.0
0,0.09673526138067245,0.9743860960006714,0.8904848694801331,0.09178670247395833,0.0
0,0.03883138298988342,0.9935368895530701,0.9276220202445984,0.033915201822916664,0.0
0,0.05768047645688057,0.9821512699127197,0.7523766160011292,0.061737060546875,0.0
0,0.2731536328792572,0.9966495633125305,0.9875203371047974,0.30108642578125,0.11296590169270833
0,0.2532764971256256,0.9997884631156921,0.998279333114624,0.2682596842447917,0.08287556966145833
0,0.1041722297668457,0.9991768002510071,0.9891815781593323,0.08320109049479167,0.0
0,0.04774393141269684,0.9817706942558289,0.8097232580184937,0.042500813802083336,0.0
0,0.004911657888442278,0.9318356513977051,0.11858298629522324,0.00274658203125,0.0
0,0.11665278673171997,0.9962638020515442,0.977022647857666,0.117706298828125,0.0
0,0.3535137176513672,0.9994319081306458,0.9962782263755798,0.3877970377604167,0.12556966145833334
0,0.17182643711566925,0.9934357404708862,0.9526622891426086,0.189453125,0.0
0,0.006652357522398233,0.7961340546607971,0.15418106317520142,0.0019429524739583333,0.0
0,0.010046546347439289,0.939024806022644,0.2269497811794281,0.005757649739583333,0.0
0,0.25665083527565,0.9946150183677673,0.9883578419685364,0.2849019368489583,0.279388427734375
0,0.07345268130302429,0.9975466132164001,0.9757147431373596,0.07503255208333333,0.0
0,0.06251949071884155,0.9927109479904175,0.9298236966133118,0.054046630859375,0.0
0,0.007085802499204874,0.8107787370681763,0.12559744715690613,0.00079345703125,0.0
0,0.45874157547950745,0.9965301156044006,0.9914886951446533,0.5203145345052084,0.4928487141927083
0,0.15096181631088257,0.9961456060409546,0.9777551293373108,0.15691121419270834,0.0614013671875
0,0.13524048030376434,0.9883578419685364,0.958304226398468,0.15608723958333334,0.11750284830729167
0,0.04657045006752014,0.9949983358383179,0.895339846611023,0.04962158203125,0.0
0,0.0003163378860335797,0.12106090039014816,0.008644177578389645,0.0,0.0
0,0.03558183088898659,0.9463988542556763,0.6279478073120117,0.02685546875,0.0
0,0.004320813342928886,0.9005298018455505,0.0938439592719078,0.001983642578125,0.0
0,0.00023475817579310387,0.5590794086456299,0.0028118586633354425,0.00010172526041666667,0.0
0,0.13083606958389282,0.992452085018158,0.9710193276405334,0.1278076171875,0.0
0,0.00032808593823574483,0.10393037647008896,0.006718870252370834,0.0,0.0
0,0.07505243271589279,0.9424007534980774,0.7796475291252136,0.07349650065104167,0.0
0,0.024499772116541862,0.9937100410461426,0.7887361645698547,0.023478190104166668,0.0
0,0.0046825469471514225,0.8688268065452576,0.06394842267036438,0.0007425944010416666,0.0
0,0.07756149023771286,0.9965435862541199,0.9715099930763245,0.08355712890625,0.0
0,0.028730370104312897,0.987616240978241,0.7279696464538574,0.02728271484375,0.0
0,0.0026805701199918985,0.669204592704773,0.035813190042972565,0.0008951822916666666,0.0
0,0.04421662911772728,0.996249258518219,0.9219090938568115,0.037526448567708336,0.0
0,0.0814259871840477,0.9967648983001709,0.9619627594947815,0.08928426106770833,0.0
0,0.033507298678159714,0.9958980679512024,0.7418554425239563,0.029683430989583332,0.0
0,0.0004911820869892836,0.2622745931148529,0.008779109455645084,0.0,0.0
0,0.01834334433078766,0.975669801235199,0.4166981279850006,0.011006673177083334,0.0
0,0.12668311595916748,0.9791557192802429,0.9177460074424744,0.13396199544270834,0.0
0,0.00744590675458312,0.6677979230880737,0.17525558173656464,0.0011800130208333333,0.0
0,0.09303233027458191,0.9808025360107422,0.9037997722625732,0.08902994791666667,0.0
0,0.07831083983182907,0.9835969805717468,0.8125655651092529,0.08088175455729167,0.0
0,0.06023798882961273,0.9800149202346802,0.7498207092285156,0.049265543619791664,0.0
0,0.04032520949840546,0.9530133008956909,0.6050373315811157,0.027384440104166668,0.0
0,0.11096113175153732,0.9934357404708862,0.9577545523643494,0.114227294921875,0.0
0,0.14816181361675262,0.9928786158561707,0.9843363761901855,0.14887491861979166,0.050923665364583336
0,0.010329226963222027,0.9754368662834167,0.21468152105808258,0.005666097005208333,0.0
0,5.229639555182075e-06,0.000900446786545217,0.00010229986219201237,0.0,0.0
0,0.0798158198595047,0.9759005904197693,0.889720618724823,0.07584635416666667,0.0
0,0.005729445721954107,0.7247729301452637,0.14694207906723022,0.0022074381510416665,0.0
0,6.26363544142805e-05,0.03321117162704468,0.0014157053083181381,0.0,0.0
0,0.003322453238070011,0.6484664082527161,0.07409726083278656,0.0004374186197916667,0.0
0,0.05888506770133972,0.9971550703048706,0.9624620079994202,0.055419921875,0.0
0,0.0015796985244378448,0.20545557141304016,0.03210070729255676,0.0,0.0
0,0.0165516696870327,0.974821150302887,0.43463587760925293,0.01226806640625,0.0
0,0.00733683817088604,0.6415346264839172,0.15291182696819305,0.0006306966145833334,0.0
0,0.07324587553739548,0.9944451451301575,0.9557340741157532,0.060791015625,0.0
0,0.11506584286689758,0.9993255138397217,0.9970991611480713,0.11619059244791667,0.10831705729166667
0,0.011357192881405354,0.9331876635551453,0.25127455592155457,0.005767822265625,0.0
0,0.005136577878147364,0.9980505704879761,0.04858620837330818,0.004496256510416667,0.0
0,0.05902697145938873,0.9893062710762024,0.8089607357978821,0.046641031901041664,0.0
0,0.11184852570295334,0.9980121850967407,0.9857712388038635,0.114898681640625,0.074981689453125
0,0.0010174475610256195,0.3152087330818176,0.02132808230817318,0.0,0.0
0,0.25374042987823486,0.9923341274261475,0.978217601776123,0.2827046712239583,0.0
0,0.012136359699070454,0.9526622891426086,0.5894120931625366,0.013509114583333334,0.0
0,0.2614501118659973,0.9959771037101746,0.9799765348434448,0.2850341796875,0.232025146484375
0,0.0147336320951581,0.9701269268989563,0.4538339674472809,0.0123291015625,0.0
0,0.10928554087877274,0.9919379353523254,0.9125921130180359,0.103302001953125,0.0
0,0.08660367131233215,0.9984691739082336,0.9860979318618774,0.08595784505208333,0.0
0,0.24000714719295502,0.9973989725112915,0.9694401025772095,0.2646382649739583,0.07850138346354167
0,0.01138365175575018,0.8130158185958862,0.2148561030626297,0.0024617513020833335,0.0
0,0.09110995382070541,0.9770664572715759,0.8951566815376282,0.087249755859375,0.0
0,0.038132961839437485,0.9930423498153687,0.7312447428703308,0.028544108072916668,0.0
0,0.002667203778401017,0.5609442591667175,0.06233103200793266,0.0001220703125,0.0
0,0.11398210376501083,0.9965165853500366,0.9475754499435425,0.12017822265625,0.0
0,0.16265515983104706,0.9985162615776062,0.9943581223487854,0.16461181640625,0.162841796875
0,0.021523592993617058,0.9906960725784302,0.7373189330101013,0.020853678385416668,0.0
0,0.04925593361258507,0.9824904799461365,0.7599280476570129,0.028940836588541668,0.0
0,0.031144699081778526,0.9041438698768616,0.5615127086639404,0.0234375,0.0
0,0.011795497499406338,0.934634268283844,0.24346251785755157,0.005523681640625,0.0
0,0.04400990903377533,0.9688562154769897,0.7335473299026489,0.041707356770833336,0.0
0,0.3089323341846466,0.9989225268363953,0.9923341274261475,0.3462015787760417,0.3340555826822917
0,0.13475890457630157,0.9935867786407471,0.9274948239326477,0.13336181640625,0.0
0,0.10550826787948608,0.9929060935974121,0.9434518814086914,0.10400390625,0.0
0,0.02956569939851761,0.9326989054679871,0.558143675327301,0.020924886067708332,0.0
0,0.062742680311203,0.9897116422653198,0.9686177968978882,0.06401570638020833,0.0
0,0.06285274028778076,0.9884026646614075,0.7514548301696777,0.047637939453125,0.0
0,0.032817333936691284,0.939024806022644,0.5941357016563416,0.02764892578125,0.0
0,0.11711350828409195,0.9924813508987427,0.978175938129425,0.11736043294270833,0.047932942708333336
0,0.014943365938961506,0.9068183302879333,0.2630140781402588,0.004872639973958333,0.0
0,0.24077463150024414,0.9968884587287903,0.9860442876815796,0.2636922200520833,0.20694986979166666
0,0.18623954057693481,0.992452085018158,0.9580694437026978,0.21519978841145834,0.0
0,0.09839799255132675,0.9917163252830505,0.9784246683120728,0.10319010416666667,0.0
0,0.04609011486172676,0.9697853922843933,0.7437211871147156,0.035746256510416664,0.0
0,0.08950599282979965,0.984752357006073,0.8889459371566772,0.08727010091145833,0.0
0,0.00013722058793064207,0.14294825494289398,0.002058513229712844,0.0,0.0
0,0.09421584010124207,0.984752357006073,0.9374367594718933,0.094146728515625,0.0
0,0.049415554851293564,0.9627432227134705,0.7321975827217102,0.044718424479166664,0.0
0,0.02010854333639145,0.9610980749130249,0.4406142830848694,0.012522379557291666,0.0
0,0.003835343988612294,0.5106032490730286,0.06209971755743027,0.00042724609375,0.0
0,0.020606856793165207,0.9412234425544739,0.39210402965545654,0.010640462239583334,0.0
0,0.18998777866363525,0.9927109479904175,0.9712913036346436,0.23130289713541666,0.1497802734375
0,0.03275476023554802,0.9801293015480042,0.54200679063797,0.022633870442708332,0.0
0,0.016903996467590332,0.9654463529586792,0.4038589596748352,0.01104736328125,0.0
0,0.09003851562738419,0.9846346974372864,0.9276259541511536,0.11040242513020833,0.10856119791666667
0,0.0001867354876594618,0.03521113842725754,0.004381826147437096,0.0,0.0
0,0.010966974310576916,0.8960696458816528,0.2025820016860962,0.006022135416666667,0.0
0,0.04423210024833679,0.987375020980835,0.9385759830474854,0.04510498046875,0.0
0,0.003674568608403206,0.26340988278388977,0.03926875442266464,0.0,0.0
0,0.02386859990656376,0.8816148638725281,0.6191138029098511,0.021107991536458332,0.0
0,0.0018848251784220338,0.2002447098493576,0.06142404302954674,0.0,0.0
0,8.675691060489044e-05,0.0572819747030735,0.001432369346730411,0.0,0.0
0,7.231322524603456e-05,0.018761081621050835,0.0019192374311387539,0.0,0.0
0,0.002965055638924241,0.7961340546607971,0.059098292142152786,0.0008138020833333334,0.0
0,0.05454389750957489,0.9981968998908997,0.9686771035194397,0.050313313802083336,0.0
0,0.028875678777694702,0.6282933950424194,0.43386149406433105,0.01953125,0.0
0,0.011887878179550171,0.93475341796875,0.26798251271247864,0.005462646484375,0.0
0,0.01882122829556465,0.9571177959442139,0.4982267916202545,0.014912923177083334,0.0
0,0.01012576837092638,0.687839686870575,0.25127455592155457,0.001983642578125,0.0
0,0.0036023715510964394,0.9224823713302612,0.10393037647008896,0.0022786458333333335,0.0
0,0.007017003837972879,0.24562746286392212,0.08225394785404205,0.0,0.0
0,0.15944500267505646,0.9972099661827087,0.9888418912887573,0.16949462890625,0.148834228515625
0,0.017699236050248146,0.956063449382782,0.43391066789627075,0.013315836588541666,0.0
0,0.37889236211776733,0.9998534917831421,0.9955489635467529,0.4198921200750469,0.38289165103189493
0,0.06991440802812576,0.9989182949066162,0.946202278137207,0.07326388888888889,0.0
0,0.09403599798679352,0.998095691204071,0.9927394390106201,0.09924479166666667,0.0
0,0.17136168479919434,0.9978925585746765,0.9943799376487732,0.17619791666666668,0.13263020833333333
0,0.04492403194308281,0.95735764503479,0.7620719075202942,0.045286458333333335,0.0
0,0.3086194396018982,0.9981178045272827,0.993561863899231,0.322896,0.29148266666666667
0,0.24828489124774933,0.9979169964790344,0.9897116422653198,0.266304,0.19732266666666667
0,0.01044501457363367,0.9995859265327454,0.23633992671966553,0.0059993489583333335,0.0
0,0.2881150245666504,0.9925393462181091,0.9650533199310303,0.37272768670309653,0.31283925318761385
0,0.20966029167175293,0.9983958601951599,0.9845160245895386,0.22452916666666667,0.15004583333333332
0,0.1451227366924286,0.9907320141792297,0.95743727684021,0.14954970472440945,0.04867125984251969
0,0.021302461624145508,0.9977656602859497,0.3701115548610687,0.009764105058365759,0.0
0,0.0070507824420928955,0.9692078232765198,0.23458196222782135,0.007264105058365759,0.0
0,0.044597648084163666,0.9918753504753113,0.7819972634315491,0.035389583333333335,0.0
0,0.04984517768025398,0.9948403239250183,0.87169349193573,0.04930416666666667,0.017866666666666666
0,0.06521681696176529,0.9808759689331055,0.730289876461029,0.06333976833976834,0.0
0,0.10430403798818588,0.9997262358665466,0.9885361194610596,0.1036969111969112,0.0
0,0.1189359650015831,0.999840259552002,0.8936811685562134,0.1403692084942085,0.0
0,0.14136703312397003,0.9728823304176331,0.8838388919830322,0.14651502183597778,0.0
0,0.19777289032936096,0.9918437600135803,0.9739436507225037,0.23549265106151335,0.18758120123389585
0,0.008310711942613125,0.6639958620071411,0.15623487532138824,0.0008582089552238806,0.0
0,0.23135904967784882,0.9987550973892212,0.9913222789764404,0.28026977594878827,0.27296753543667124
0,0.07710133492946625,0.9954791069030762,0.9020932912826538,0.07461819844535894,0.0
0,0.16288559138774872,0.9968641400337219,0.9745803475379944,0.1827846364883402,0.10518061271147691
0,0.029074104502797127,0.9948803186416626,0.6501341462135315,0.019776300859134382,0.0
0,0.04230928421020508,0.9979731440544128,0.948441743850708,0.03626311541565779,0.017800645682001615
0,0.030459746718406677,0.9916841983795166,0.7474316954612732,0.032864583333333336,0.0
0,0.21795615553855896,0.9993880987167358,0.9961155652999878,0.23390900396228992,0.19072004372181992
0,0.019519202411174774,0.9956516623497009,0.863391637802124,0.0203857421875,0.0
0,0.05263180658221245,0.9934101700782776,0.9340314269065857,0.060323079427083336,0.0
0,0.16893582046031952,0.9932287931442261,0.9828872084617615,0.19329833984375,0.11362711588541667
0,0.015832412987947464,0.9473810195922852,0.5412545800209045,0.016357421875,0.0
0,4.023937799502164e-05,0.0697949230670929,0.0004173157794866711,0.0,0.0
0,0.005618880968540907,0.630571186542511,0.16747857630252838,0.0022786458333333335,0.0
0,0.0018323130207136273,0.7841538190841675,0.024234868586063385,0.0013326009114583333,0.0
0,0.019526401534676552,0.9905874133110046,0.6039942502975464,0.013743082682291666,0.0
0,0.00171743577811867,0.2163424789905548,0.03258974477648735,0.0,0.0
0,3.7164933019084856e-05,0.010776727460324764,0.0008135565440170467,0.0,0.0
0,1.2552846783364657e-05,0.00341627886518836,0.0002913020725827664,0.0,0.0
0,1.0853585081349593e-05,0.0030994154512882233,0.0002359717182116583,0.0,0.0
0,5.7189416111214086e-05,0.011158031411468983,0.0012206526007503271,0.0,0.0
0,0.005260459613054991,0.8296300768852234,0.1313859522342682,0.004496256510416667,0.0
0,0.0011491193436086178,0.2549724876880646,0.024098068475723267,0.0,0.0
0,0.005866516847163439,0.7951813340187073,0.1489114910364151,0.00347900390625,0.0
0,0.001873860601335764,0.5378910899162292,0.02843603305518627,0.000396728515625,0.0
0,8.977294055512175e-05,0.03252822160720825,0.0016484829830005765,0.0,0.0
0,0.008428964763879776,0.9543930292129517,0.32701677083969116,0.009226481119791666,0.0
0,0.003937068860977888,0.3225259780883789,0.07835981249809265,0.0,0.0
0,0.0674370750784874,0.9989836812019348,0.9447912573814392,0.07574462890625,0.0518798828125
0,0.20889638364315033,0.991186797618866,0.9741888642311096,0.24873860677083334,0.19346110026041666
0,0.2114986926317215,0.9931228756904602,0.980653703212738,0.23221842447916666,0.15730794270833334
0,0.09277337044477463,0.9967899918556213,0.9854404330253601,0.09186808268229167,0.033009847005208336
0,0.16245953738689423,0.9972423315048218,0.986151397228241,0.18166097005208334,0.13855997721354166
0,0.028002755716443062,0.9781771898269653,0.7185913920402527,0.024281819661458332,0.0
0,0.06439318507909775,0.9927391409873962,0.9715099930763245,0.06278483072916667,0.053965250651041664
0,0.004026797600090504,0.8626990914344788,0.06730107218027115,0.002105712890625,0.0
0,0.002415271243080497,0.40603742003440857,0.05360114201903343,3.0517578125e-05,0.0
0,0.007388007361441851,0.9336731433868408,0.208823561668396,0.006581624348958333,0.0
0,0.03472553938627243,0.99903404712677,0.9956848621368408,0.033467610677083336,0.022369384765625
0,0.03604219853878021,0.9549003839492798,0.5621747374534607,0.018666585286458332,0.0
0,0.06799319386482239,0.9849852323532104,0.8828325867652893,0.06792195638020833,0.0
0,0.009318760596215725,0.9980732202529907,0.2747199535369873,0.009256998697916666,0.0
0,0.0031896342989057302,0.42548587918281555,0.060640547424554825,6.103515625e-05,0.0
0,0.009226803667843342,0.9305844902992249,0.16478104889392853,0.0014851888020833333,0.0
0,0.039754148572683334,0.9585376977920532,0.6383811831474304,0.033030192057291664,0.0
0,0.012757908552885056,0.9862577319145203,0.48645031452178955,0.012308756510416666,0.0
0,0.0223550945520401,0.9992417097091675,0.9875683188438416,0.023183186848958332,0.013844807942708334
0,0.014300686307251453,0.9672250151634216,0.39035263657569885,0.01031494140625,0.0
0,0.015732543542981148,0.9322068691253662,0.6783140897750854,0.017822265625,0.0
0,0.012500951997935772,0.9592307209968567,0.36250078678131104,0.009765625,0.0
0,0.015638981014490128,0.6336370706558228,0.2815014123916626,0.0033162434895833335,0.0
0,0.00019893754506483674,0.020332353189587593,0.005139610730111599,0.0,0.0
0,0.0003398350381758064,0.22371609508991241,0.00651349825784564,0.0,0.0
0,0.10907868295907974,0.9949788451194763,0.9711838364601135,0.1153564453125,0.0
0,0.0003522153419908136,0.023779986426234245,0.00937623716890812,0.0,0.0
0,0.000784258299972862,0.5512717962265015,0.005863976664841175,0.000274658203125,0.0
0,0.0084936348721385,0.9941800832748413,0.1145486980676651,0.008504231770833334,0.0
0,0.0009793805656954646,0.10034840553998947,0.016466174274683,0.0,0.0
0,0.0016340288566425443,0.8499711751937866,0.016848141327500343,0.0009562174479166666,0.0
0,1.476800116506638e-05,0.010986942797899246,0.0002673826238606125,0.0,0.0
0,0.0007019354379735887,0.5690745115280151,0.009196552447974682,0.0002543131510416667,0.0
0,0.019303692504763603,0.967100977897644,0.7089093327522278,0.014739990234375,0.0
0,0.00021527580975089222,0.08494710177183151,0.005426311865448952,0.0,0.0
0,0.1358470767736435,0.9989392161369324,0.9965969920158386,0.14281209309895834,0.13819376627604166
0,0.004271555691957474,0.9781354665756226,0.055813901126384735,0.00347900390625,0.0
0,0.00069131312193349,0.3245564103126526,0.015967654064297676,0.0,0.0
0,0.052336499094963074,0.9692078232765198,0.7977097630500793,0.051096598307291664,0.0
0,0.06205904856324196,0.9992296695709229,0.991186797618866,0.065765380859375,0.06483968098958333
0,0.00023326162772718817,0.0443485863506794,0.005597597919404507,0.0,0.0
0,5.8944144257111475e-05,0.01358439214527607,0.0012254242319613695,0.0,0.0
0,0.004651341121643782,0.9492946267127991,0.0769442468881607,0.0037638346354166665,0.0
0,0.0360671691596508,0.898944079875946,0.5679348111152649,0.023539225260416668,0.0
0,0.23711375892162323,0.9991704225540161,0.9973269701004028,0.247772216796875,0.24596150716145834
0,0.0314827598631382,0.9908389449119568,0.9089369177818298,0.035786946614583336,0.0
0,0.011257459409534931,0.7664684653282166,0.2391715943813324,0.004475911458333333,0.0
0,0.01036400068551302,0.5794004201889038,0.22101424634456635,0.0027262369791666665,0.0
0,0.0056203375570476055,0.9980121850967407,0.058121997863054276,0.004791259765625,0.0
0,0.010935788042843342,0.985496461391449,0.33002299070358276,0.009002685546875,0.0
0,0.013425536453723907,0.9740919470787048,0.37432971596717834,0.009958902994791666,0.0
0,9.037600830197334e-05,0.02790137566626072,0.0021239665802568197,0.0,0.0
0,0.01908605918288231,0.9970536231994629,0.6321554183959961,0.015034993489583334,0.0
0,0.0002427528379485011,0.1559762954711914,0.005663206800818443,0.0,0.0
0,0.00044462151709012687,0.6876299977302551,0.0018170708790421486,0.0004374186197916667,0.0
0,0.00125982821919024,0.6371436715126038,0.014063626527786255,0.0005900065104166666,0.0
0,0.032613079994916916,0.957277774810791,0.8660158514976501,0.037607828776041664,0.0
0,0.001117379404604435,0.7199746966362,0.016783559694886208,0.0005289713541666666,0.0
0,0.0008742913487367332,0.3705669939517975,0.017712298780679703,0.0,0.0
0,0.003456400940194726,0.66888028383255,0.09704241901636124,0.001007080078125,0.0
0,0.0013719722628593445,0.42566490173339844,0.024237634614109993,5.0862630208333336e-05,0.0
0,0.016329312697052956,0.9675332307815552,0.45683199167251587,0.012746175130208334,0.0
0,0.07643670588731766,0.998389720916748,0.990215003490448,0.06678263346354167,0.052235921223958336
0,0.00014030277088750154,0.049865901470184326,0.0035936026833951473,0.0,0.0
0,0.0010616725776344538,0.9287972450256348,0.005281333811581135,0.0008646647135416666,0.0
0,0.025675473734736443,0.954308032989502,0.5985844731330872,0.020273844401041668,0.0
0,0.032995667308568954,0.9995044469833374,0.9869276881217957,0.034647623697916664,0.0
0,0.01463005319237709,0.9726234674453735,0.5695515871047974,0.015116373697916666,0.0
0,0.0011334907030686736,0.33274391293525696,0.02742854319512844,0.0,0.0
0,0.003013996174558997,0.9217811226844788,0.03662929683923721,0.001708984375,0.0
0,0.026577753946185112,0.9851576089859009,0.8435010313987732,0.026529947916666668,0.0
0,8.579435962019488e-05,0.015543648041784763,0.0017544095171615481,0.0,0.0
0,0.011722846888005733,0.8661325573921204,0.4648924767971039,0.013498942057291666,0.0
0,1.2660840184253175e-05,0.00341627886518836,0.00026119034737348557,0.0,0.0
0,0.014168702997267246,0.859663724899292,0.341908723115921,0.007975260416666666,0.0
0,0.0018652506405487657,0.6570984721183777,0.043936531990766525,0.0004374186197916667,0.0
0,0.0008341213106177747,0.6606104373931885,0.009782742708921432,0.0003255208333333333,0.0
0,0.10344633460044861,0.9891397356987,0.9398029446601868,0.11823527018229167,0.0
0,0.010307063348591328,0.9127477407455444,0.37705081701278687,0.009989420572916666,0.0
0,0.019982900470495224,0.9452984929084778,0.578850507736206,0.017557779947916668,0.0
0,0.003338973969221115,0.5829066038131714,0.08108212053775787,0.0007120768229166666,0.0
0,0.14762766659259796,0.995075523853302,0.9436599016189575,0.16126505533854166,0.0
0,0.00034004446933977306,0.18213440477848053,0.004962942097336054,0.0,0.0
0,0.1669268161058426,0.9938787817955017,0.9835337996482849,0.17618815104166666,0.089996337890625
0,0.03522466868162155,0.9938070178031921,0.9451974034309387,0.034769694010416664,0.0
0,4.361753599368967e-05,0.012288597412407398,0.0009510130621492863,0.0,0.0
0,9.54845963860862e-05,0.01678548939526081,0.0017007224960252643,0.0,0.0
0,0.09025368839502335,0.9889705181121826,0.9635062217712402,0.1083984375,0.07916259765625
0,0.07836402207612991,0.997285008430481,0.9593832492828369,0.08705647786458333,0.0
0,0.005950693041086197,0.9792749285697937,0.045499272644519806,0.006886800130208333,0.0
0,0.014726433902978897,0.9890553951263428,0.5320385694503784,0.013264973958333334,0.0
0,0.0002056274825008586,0.02784845046699047,0.004591683857142925,0.0,0.0
0,3.4263219276908785e-05,0.007815889082849026,0.0006563728675246239,0.0,0.0
0,0.013216623105108738,0.9797065258026123,0.6816208362579346,0.014567057291666666,0.0
0,9.501521708443761e-05,0.024798156693577766,0.0021239665802568197,0.0,0.0
0,2.8793765523005277e-05,0.023689471185207367,0.0005132579244673252,0.0,0.0
0,0.000812131620477885,0.23353151977062225,0.01168590597808361,0.0,0.0
0,0.003253920003771782,0.29512834548950195,0.0799255296587944,0.0,0.0
0,0.0007003034115768969,0.9402433633804321,0.010902374982833862,0.0004679361979166667,0.0
0,1.59339870151598e-05,0.004755199886858463,0.0002673826238606125,0.0,0.0
0,0.01744733192026615,0.7352616786956787,0.3141494393348694,0.005706787109375,0.0
0,0.0019508939003571868,0.08240149915218353,0.023419946432113647,0.0,0.0
0,0.0008698810706846416,0.28348374366760254,0.020023442804813385,0.0,0.0
0,0.0005146651528775692,0.11981949955224991,0.011072159744799137,0.0,0.0
0,0.02533775009214878,0.9963071346282959,0.9488224983215332,0.021535237630208332,0.0
0,2.686603693291545e-05,0.003579642390832305,0.0006436103140003979,0.0,0.0
0,0.0004671721253544092,0.26817408204078674,0.007815889082849026,0.0,0.0
0,0.0035143380519002676,0.24454335868358612,0.07807817310094833,0.0,0.0
0,0.0019221901893615723,0.2670257091522217,0.036356665194034576,0.0,0.0
0,0.001211548107676208,0.2715413570404053,0.04360952600836754,0.0,0.0
0,0.01087022852152586,0.556188702583313,0.22953000664710999,0.001190185546875,0.0
0,0.00026550560141913593,0.25423112511634827,0.004231094382703304,0.0,0.0
0,0.06533269584178925,0.9744833707809448,0.8830283284187317,0.06708780924479167,0.0
0,0.002688205800950527,0.14330755174160004,0.043042849749326706,0.0,0.0
0,0.05419527366757393,0.9391365647315979,0.7343043684959412,0.043701171875,0.0
0,0.017571473494172096,0.995372474193573,0.554074764251709,0.017934163411458332,0.0
0,0.000390576315112412,0.35353976488113403,0.005576545372605324,0.0,0.0
0,5.276910451357253e-05,0.014063626527786255,0.0013777327258139849,0.0,0.0
0,0.0008817442576400936,0.05899302288889885,0.014559519477188587,0.0,0.0
0,0.004561371635645628,0.4282931685447693,0.07793768495321274,3.0517578125e-05,0.0
0,0.001177637604996562,0.26001352071762085,0.02561245486140251,0.0,0.0
0,0.0005047604790888727,0.2525683641433716,0.009020280092954636,0.0,0.0
0,0.00015410866762977093,0.012624949216842651,0.003209961112588644,0.0,0.0
0,0.00016271085769403726,0.09073548763990402,0.003510648850351572,0.0,0.0
0,4.141467798035592e-05,0.005730246659368277,0.0006461276789195836,0.0,0.0
0,0.000328399968566373,0.2969599664211273,0.002651950577273965,0.0,0.0
0,9.087854414246976e-05,0.0360160693526268,0.001597845577634871,0.0,0.0
0,0.05831648409366608,0.9647224545478821,0.8773685693740845,0.06543986002604167,0.0
0,0.001812741276808083,0.9969005584716797,0.0066411131992936134,0.0015055338541666667,0.0
0,0.003320907009765506,0.39187130331993103,0.1079893708229065,1.0172526041666666e-05,0.0
0,0.009317267686128616,0.9655115008354187,0.2601958215236664,0.006429036458333333,0.0
0,0.023906104266643524,0.8743993639945984,0.5892366170883179,0.024759928385416668,0.0
0,0.004100794438272715,0.5628975033760071,0.0960254892706871,0.000335693359375,0.0
0,0.005001243203878403,0.9717789888381958,0.09056965261697769,0.0022481282552083335,0.0
0,0.0198429673910141,0.9856629967689514,0.5717068314552307,0.018076578776041668,0.0
0,0.01964370347559452,0.9725714921951294,0.7783125042915344,0.022674560546875,0.0
0,0.002762321149930358,0.2735743820667267,0.025419652462005615,0.0,0.0
0,0.012466655112802982,0.860720694065094,0.29037076234817505,0.00518798828125,0.0
0,0.0009985578944906592,0.3372035324573517,0.015187298879027367,0.0,0.0
0,0.07984966784715652,0.9634374976158142,0.826151430606842,0.08469645182291667,0.0
0,0.01380076352506876,0.557303249835968,0.16559313237667084,0.0010782877604166667,0.0
0,0.02362249046564102,0.972727358341217,0.693152129650116,0.022267659505208332,0.0
0,0.004576319828629494,0.3353508412837982,0.09467770159244537,0.0,0.0
0,0.0007865988300181925,0.05781161040067673,0.009303949773311615,0.0,0.0
0,0.10743918269872665,0.9986749291419983,0.9910492897033691,0.117279052734375,0.0
0,0.04072019085288048,0.9976949095726013,0.9804302453994751,0.039540608723958336,0.0
0,0.026750238612294197,0.9217811226844788,0.6742489337921143,0.028422037760416668,0.0
0,0.023727120831608772,0.920074462890625,0.6244046092033386,0.024637858072916668,0.0
0,0.002573150908574462,0.3510885536670685,0.04287983477115631,0.0,0.0
0,0.0034109174739569426,0.703345775604248,0.0699218362569809,0.001220703125,0.0
0,0.007903308607637882,0.937210738658905,0.1609242558479309,0.006123860677083333,0.0
0,0.05045071616768837,0.915808916091919,0.6988404393196106,0.047526041666666664,0.0
0,0.017729634419083595,0.952397346496582,0.5058927536010742,0.015889485677083332,0.0
0,0.00848614051938057,0.9893885254859924,0.2499852031469345,0.007639567057291667,0.0
0,0.0007556010968983173,0.02970374934375286,0.010776727460324764,0.0,0.0
0,0.017677346244454384,0.8846385478973389,0.37146493792533875,0.009796142578125,0.0
0,0.030687158927321434,0.9946774244308472,0.8140483498573303,0.0269775390625,0.0
0,0.009227035567164421,0.9975370168685913,0.25587326288223267,0.008656819661458334,0.0
0,0.06189596652984619,0.9980807304382324,0.9744804501533508,0.061808268229166664,0.059987386067708336
0,0.0031614319887012243,0.9709643721580505,0.04778006672859192,0.002716064453125,0.0
0,0.017786646261811256,0.837221086025238,0.38628989458084106,0.010345458984375,0.0
0,0.2780780792236328,0.9965837001800537,0.9891815781593323,0.3064066569010417,0.31182861328125
0,0.029368534684181213,0.9992819428443909,0.9960386753082275,0.030120849609375,0.027994791666666668
0,0.0022560416255146265,0.4869872033596039,0.04977067932486534,0.0002848307291666667,0.0
0,5.479670289787464e-05,0.012100386433303356,0.0012399961706250906,0.0,0.0
0,0.009943408891558647,0.9630919694900513,0.2855681777000427,0.008209228515625,0.0
0,0.0005439919768832624,0.02132808230817318,0.00815624836832285,0.0,0.0
0,2.8912638299516402e-05,0.00740301376208663,0.0005636750720441341,0.0,0.0
0,0.001146359252743423,0.7796576023101807,0.011288073845207691,0.0006103515625,0.0
0,0.000681188190355897,0.2729925513267517,0.011115013621747494,0.0,0.0
0,0.0042393202893435955,0.9618934392929077,0.05550897866487503,0.0029296875,0.0
0,0.00014213050599209964,0.03384403511881828,0.0029694451950490475,0.0,0.0
0,0.00047999038361012936,0.07382971048355103,0.006983838975429535,0.0,0.0
0,0.07899210602045059,0.9628131985664368,0.8679304718971252,0.09639485677083333,0.0
0,0.0001338215806754306,0.11930549889802933,0.0031115086749196053,0.0,0.0
0,0.007726567331701517,0.8752548694610596,0.1251690834760666,0.004170735677083333,0.0
0,0.019134674221277237,0.9870795607566833,0.8899006247520447,0.019490559895833332,0.0
0,0.00404169550165534,0.9610249400138855,0.027845283970236778,0.004048665364583333,0.0
0,0.008401409722864628,0.7431680560112,0.2577650845050812,0.0038859049479166665,0.0
0,0.005040877498686314,0.9856629967689514,0.05004020407795906,0.004720052083333333,0.0
0,0.095242440700531,0.9985505938529968,0.9917803406715393,0.101287841796875,0.10135904947916667
0,0.0024297048803418875,0.6732991337776184,0.055208683013916016,0.000701904296875,0.0
0,0.11951176077127457,0.9899863600730896,0.961533784866333,0.13011678059895834,0.0
0,0.006382741034030914,0.7503698468208313,0.19728974997997284,0.002044677734375,0.0
0,0.056760117411613464,0.9284088015556335,0.6506825685501099,0.044911702473958336,0.0
0,0.0009882511803880334,0.8643104434013367,0.011869121342897415,0.00048828125,0.0
0,0.023285577073693275,0.961243748664856,0.5812888145446777,0.016693115234375,0.0
0,0.042595211416482925,0.9944234490394592,0.9431384205818176,0.042521158854166664,0.0
0,0.011635581962764263,0.9791557192802429,0.25274720788002014,0.005330403645833333,0.0
0,0.1259807050228119,0.9946980476379395,0.9462937116622925,0.13988240559895834,0.0
0,0.016393350437283516,0.9308364987373352,0.36931508779525757,0.009663899739583334,0.0
0,0.18098793923854828,0.9936116337776184,0.988711953163147,0.19551595052083334,0.17392985026041666
0,0.018791792914271355,0.9537942409515381,0.44945305585861206,0.012471516927083334,0.0
0,0.07676678150892258,0.9858275651931763,0.8693788647651672,0.081085205078125,0.0
0,0.03580791875720024,0.996570348739624,0.9416541457176208,0.033447265625,0.0
0,1.0651395314198453e-05,0.0011073389323428273,0.00018961739260703325,0.0,0.0
0,0.044523198157548904,0.9872281551361084,0.937325656414032,0.048065185546875,0.0
0,0.08030113577842712,0.9881765246391296,0.9049818515777588,0.08298746744791667,0.0
0,0.025964200496673584,0.9877113699913025,0.6496897339820862,0.018758138020833332,0.0
0,0.00019980331126134843,0.10502681136131287,0.0043653263710439205,0.0,0.0
0,0.0007494930760003626,0.058345843106508255,0.015013019554316998,0.0,0.0
0,0.006550757214426994,0.9629528522491455,0.06097182631492615,0.004323323567708333,0.0
0,0.010145221836864948,0.9781354665756226,0.33469489216804504,0.008992513020833334,0.0
0,0.047740280628204346,0.97334223985672,0.8675976395606995,0.046051025390625,0.0
0,0.05665535852313042,0.9918121099472046,0.9449916481971741,0.05328369140625,0.0
0,0.02037271484732628,0.8826303482055664,0.5485214591026306,0.018880208333333332,0.0
0,0.0017883403925225139,0.3225259780883789,0.02859835885465145,0.0,0.0
0,0.00015275973419193178,0.02970374934375286,0.00418249424546957,0.0,0.0
0,0.005932980682700872,0.8536689877510071,0.09219129383563995,0.0021769205729166665,0.0
0,0.009695523418486118,0.7858021259307861,0.2727987766265869,0.003957112630208333,0.0
0,0.08188227564096451,0.9941574335098267,0.9858821630477905,0.0867919921875,0.0447998046875
0,0.011116228997707367,0.8318272233009338,0.2544163167476654,0.004954020182291667,0.0
0,0.05252884700894356,0.9845160245895386,0.9221982955932617,0.056772867838541664,0.0
0,0.051124151796102524,0.9674717783927917,0.8247444033622742,0.059346516927083336,0.0
0,0.05115252733230591,0.9401335716247559,0.7634837031364441,0.051289876302083336,0.0
0,0.04474085569381714,0.9970536231994629,0.9702962636947632,0.045562744140625,0.0
0,0.005828042048960924,0.9603611826896667,0.1063133031129837,0.0035909016927083335,0.0
0,0.02259899117052555,0.9354645609855652,0.5044106841087341,0.0167236328125,0.0
0,0.010111799463629723,0.7988152503967285,0.22847485542297363,0.004201253255208333,0.0
0,0.028582317754626274,0.9964063763618469,0.9105406403541565,0.028920491536458332,0.0
0,0.040922410786151886,0.9836598634719849,0.8802803158760071,0.037638346354166664,0.0
0,0.005536762531846762,0.6989462971687317,0.07949142158031464,0.0015055338541666667,0.0
0,0.19773662090301514,0.9945730566978455,0.9720985889434814,0.22254435221354166,0.0584716796875
0,0.043092697858810425,0.9996553659439087,0.997166097164154,0.043711344401041664,0.0
0,0.1941758245229721,0.9974191188812256,0.9723606705665588,0.23372395833333334,0.0
0,0.04430733248591423,0.986415684223175,0.7059603333473206,0.033823649088541664,0.0
0,0.016361700370907784,0.9549003839492798,0.5230089426040649,0.014628092447916666,0.0
0,0.44982707500457764,0.9987056255340576,0.9956176280975342,0.4901021321614583,0.5838419596354166
0,0.02728394605219364,0.9788343906402588,0.7181963324546814,0.026438395182291668,0.0
0,0.22515392303466797,0.9973989725112915,0.9891397356987,0.24128214518229166,0.1962890625
0,0.00522968964651227,0.9729852676391602,0.08064661920070648,0.005076090494791667,0.0
0,0.05603190138936043,0.9845160245895386,0.6505649089813232,0.052846272786458336,0.0
0,0.009907238185405731,0.9775857925415039,0.2912620007991791,0.007232666015625,0.0
0,0.00887195486575365,0.7980294823646545,0.16424818336963654,0.002105712890625,0.0
0,0.2022973746061325,0.9973374009132385,0.9771537780761719,0.23027547200520834,0.0
0,0.025037633255124092,0.9798612594604492,0.7872728705406189,0.021128336588541668,0.0
0,0.016004087403416634,0.9996155500411987,0.9897885918617249,0.016184488932291668,0.0
0,0.010504691861569881,0.8881781101226807,0.231440469622612,0.004048665364583333,0.0
0,0.013801999390125275,0.9674102663993835,0.44743043184280396,0.011433919270833334,0.0
0,0.03338177874684334,0.9882676005363464,0.7075027227401733,0.027781168619791668,0.0
0,0.016500378027558327,0.8724561333656311,0.4111918807029724,0.010915120442708334,0.0
0,0.11245667189359665,0.9983059167861938,0.9741417169570923,0.10780833333333334,0.0
0,0.13786189258098602,0.9806178212165833,0.8174288272857666,0.15238606770833332,0.0
0,0.057736191898584366,0.987375020980835,0.7129322290420532,0.056171875,0.0
0,0.04005827009677887,0.9450961351394653,0.6856337785720825,0.041735026041666665,0.0
0,0.10068986564874649,0.9641192555427551,0.6400735974311829,0.07867838541666666,0.0
0,0.35933592915534973,0.9994745850563049,0.995685338973999,0.387168,0.243216
0,0.06348561495542526,0.9969603419303894,0.9779664874076843,0.06825764973958333,0.023396809895833332
0,0.0004406521038617939,0.32648614048957825,0.008030813187360764,0.0,0.0
0,0.008765538223087788,0.9814178347587585,0.18140383064746857,0.0030517578125,0.0
0,0.0511922724545002,0.9979810118675232,0.9719393253326416,0.048319498697916664,0.0
0,0.011737890541553497,0.9927951693534851,0.2878528833389282,0.008646647135416666,0.0
0,0.04882042109966278,0.9320833086967468,0.7140302062034607,0.045756022135416664,0.0
0,0.13600057363510132,0.9979493021965027,0.9711843729019165,0.13449324324324324,0.0
0,0.5694329738616943,0.9995290040969849,0.9968024492263794,0.6464136904761905,0.7035243055555556
0,0.0596960186958313,0.9960699081420898,0.709019124507904,0.052281721322817214,0.0
0,0.007385926321148872,0.6609387397766113,0.13318955898284912,0.0012470862470862472,0.0
0,0.0054580154828727245,0.9989956021308899,0.0373978391289711,0.0052568306010928965,0.0
0,5.9765323385363445e-05,0.07585818320512772,0.0011559007689356804,0.0,0.0
0,0.0015065412735566497,0.9433475732803345,0.010308626107871532,0.0012779552715654952,0.0
0,0.2638436257839203,0.9985951781272888,0.9912548065185547,0.28484804279115,0.17650376853877947
0,0.010936930775642395,0.9980353713035583,0.3168996572494507,0.008872305140961857,0.0
0,0.2442215234041214,0.9995711445808411,0.9890975952148438,0.2724454310025897,0.18042915279319274
0,0.11584213376045227,0.9988883137702942,0.9611716866493225,0.11735449735449735,0.0
0,0.12995542585849762,0.9998103976249695,0.9836598634719849,0.12712719298245614,0.0
0,0.1253926008939743,0.9977127313613892,0.9731897711753845,0.1271631205673759,0.0
0,0.1500851809978485,0.9985951781272888,0.9828232526779175,0.16609875444839858,0.0
0,0.12341766059398651,0.9899863600730896,0.9281486868858337,0.1170692334485438,0.0
0,0.10157199949026108,0.993561863899231,0.9235922694206238,0.10356209150326798,0.0
0,0.08752106130123138,0.9956005811691284,0.9329437017440796,0.08155048504542112,0.0
0,0.24956215918064117,0.9955142140388489,0.9846936464309692,0.28184056632810095,0.11406073663691392
0,0.08299034833908081,0.9997584223747253,0.9796676635742188,0.08000850340136055,0.010642006802721088
0,0.1769483983516693,0.9959771037101746,0.9745803475379944,0.1795258620689655,0.0503735632183908
0,0.08045253157615662,0.9942250847816467,0.9451974034309387,0.08247354497354498,0.0
0,0.03303786367177963,0.9971216320991516,0.754553496837616,0.023372916666666667,0.0
0,0.14766784012317657,0.9992819428443909,0.984752357006073,0.15349791666666668,0.07760208333333334
0,0.19407016038894653,0.9941347241401672,0.9621075391769409,0.191575,0.05932916666666667
0,0.010044766589999199,0.9061560034751892,0.16238003969192505,0.003420138888888889,0.0
0,0.25941717624664307,0.9996373653411865,0.9906960725784302,0.27814699703942114,0.027169350842925526
0,0.013380049727857113,0.9968273043632507,0.9110167622566223,0.013315836588541666,0.0
0,0.0016757035627961159,0.44562003016471863,0.03831981495022774,4.0690104166666664e-05,0.0
0,0.21250306069850922,0.996434211730957,0.9774557948112488,0.252532958984375,0.0
0,0.13131387531757355,0.9978258013725281,0.9872773289680481,0.14117431640625,0.12263997395833333
0,0.07862693071365356,0.9990710020065308,0.9628111124038696,0.08504231770833333,0.0
0,0.04199094697833061,0.9690910577774048,0.6665955185890198,0.031331380208333336,0.0
0,0.05161823704838753,0.9969603419303894,0.8973305225372314,0.051239013671875,0.0
0,0.0772767886519432,0.9901782274246216,0.938010573387146,0.0770263671875,0.0
0,0.03119710087776184,0.8523219227790833,0.5344892144203186,0.020467122395833332,0.0
0,0.00010539778304519132,0.042245496064424515,0.002225670963525772,0.0,0.0
0,0.002871497767046094,0.9772408604621887,0.040690671652555466,0.002532958984375,0.0
0,0.1810343712568283,0.999127209186554,0.992061972618103,0.19599405924479166,0.15141805013020834
0,0.008358362130820751,0.9304582476615906,0.16130836308002472,0.003662109375,0.0
0,0.008013286627829075,0.961243748664856,0.19945919513702393,0.005472819010416667,0.0
0,0.012691669166088104,0.9813107252120972,0.5978409051895142,0.012278238932291666,0.0
0,0.00464724050834775,0.8966140151023865,0.09056965261697769,0.0038859049479166665,0.0
0,0.08418237417936325,0.9976859092712402,0.9796287417411804,0.08698527018229167,0.0
0,0.004127702210098505,0.9803186058998108,0.03781915456056595,0.004241943359375,0.0
0,0.00146750349085778,0.8463238477706909,0.02040913887321949,0.0007222493489583334,0.0
0,0.05491138622164726,0.9766246676445007,0.818156361579895,0.048207600911458336,0.0
0,0.0018837843090295792,0.390824556350708,0.04176919907331467,1.0172526041666666e-05,0.0
0,0.02388245426118374,0.9227612018585205,0.5850975513458252,0.018575032552083332,0.0
0,0.010887698270380497,0.5368896126747131,0.12592275440692902,0.00042724609375,0.0
0,0.0006808226462453604,0.10176784545183182,0.011331754736602306,0.0,0.0
0,0.016781121492385864,0.9968641400337219,0.8691603541374207,0.016988118489583332,0.0
0,0.029468217864632607,0.9626027941703796,0.6378173232078552,0.025502522786458332,0.0
0,0.0007091962615959346,0.14342749118804932,0.014842418022453785,0.0,0.0
0,0.2147669792175293,0.9992445707321167,0.9867246150970459,0.23441569010416666,0.1568603515625
0,0.08883890509605408,0.9989182949066162,0.9959456324577332,0.08762613932291667,0.034912109375
0,0.00020914421475026757,0.10650458931922913,0.004538431763648987,0.0,0.0
0,0.007009411696344614,0.7478001117706299,0.19406214356422424,0.00152587890625,0.0
0,0.05399655923247337,0.9958499670028687,0.9553999304771423,0.052398681640625,0.0
0,0.07248059660196304,0.9866234660148621,0.9127383828163147,0.07155354817708333,0.0
0,0.0007760939770378172,0.5596811771392822,0.006412418559193611,0.0003560384114583333,0.0
0,0.0024107799399644136,0.8514594435691833,0.04698663949966431,0.00054931640625,0.0
0,0.04883904382586479,0.9367494583129883,0.7610007524490356,0.045908610026041664,0.0
0,0.00021403700520750135,0.04107589274644852,0.004117917735129595,0.0,0.0
0,0.00028245619614608586,0.2611424922943115,0.003869391046464443,0.0,0.0
0,0.13979369401931763,0.9973989725112915,0.9765800833702087,0.14487711588541666,0.0
0,0.05187983810901642,0.9936856627464294,0.9669140577316284,0.055714925130208336,0.03985595703125
0,0.0725984200835228,0.9959456324577332,0.9622496962547302,0.07062784830729167,0.0
0,0.010937314480543137,0.9905874133110046,0.259996622800827,0.00677490234375,0.0
0,0.016270995140075684,0.996936559677124,0.5247531533241272,0.0145263671875,0.0
0,0.0017875361954793334,0.7452130317687988,0.031736794859170914,0.0009053548177083334,0.0
0,0.0048632267862558365,0.8793540596961975,0.07668380439281464,0.0011189778645833333,0.0
0,0.006035561207681894,0.958615243434906,0.11260011047124863,0.004302978515625,0.0
0,1.7020322047756054e-05,0.003469890682026744,0.00032250722870230675,0.0,0.0
0,0.001525668427348137,0.13352817296981812,0.0484059602022171,0.0,0.0
0,0.0018289984436705709,0.3122651278972626,0.04216654598712921,0.0,0.0
0,0.030750786885619164,0.9860442876815796,0.8432468771934509,0.032307942708333336,0.0
0,0.07477495074272156,0.9875203371047974,0.9330658316612244,0.083892822265625,0.0
0,0.04186508432030678,0.9956685304641724,0.9111796617507935,0.038909912109375,0.0
0,5.607292678178055e-06,0.0035657365806400776,0.00011412239109631628,0.0,0.0
0,0.01113724336028099,0.9008791446685791,0.4165396988391876,0.011189778645833334,0.0
0,0.10963670164346695,0.9940658807754517,0.967775821685791,0.110565185546875,0.0
0,0.00010211634798906744,0.026105914264917374,0.0020190139766782522,0.0,0.0
0,0.00707528879866004,0.9795114994049072,0.20149880647659302,0.006561279296875,0.0
0,0.0559883713722229,0.9937829375267029,0.937210738658905,0.06280517578125,0.0
0,0.0039905887097120285,0.9263036847114563,0.07184736430644989,0.0023193359375,0.0
0,0.00868576392531395,0.9795897603034973,0.23805925250053406,0.007130940755208333,0.0
0,0.006639992352575064,0.9853842854499817,0.15607410669326782,0.005849202473958333,0.0
0,0.09365526586771011,0.9900636076927185,0.9383469223976135,0.091949462890625,0.0
0,0.0005399038200266659,0.1911766231060028,0.010651279240846634,0.0,0.0
0,0.029459694400429726,0.9375547766685486,0.43739932775497437,0.015350341796875,0.0
0,0.035833101719617844,0.9711290597915649,0.6356749534606934,0.028279622395833332,0.0
0,0.0009919690201058984,0.14426937699317932,0.01353214867413044,0.0,0.0
0,0.005135590676218271,0.6547843813896179,0.09138210862874985,0.00054931640625,0.0
0,0.0243547186255455,0.95743727684021,0.7312332391738892,0.021484375,0.0
0,0.0038916871417313814,0.6521306037902832,0.08632347732782364,0.0011698404947916667,0.0
0,0.006584519520401955,0.18155325949192047,0.075721375644207,0.0,0.0
0,0.014444366097450256,0.954647421836853,0.37874627113342285,0.010050455729166666,0.0
0,0.00027538297581486404,0.04958902671933174,0.005080037284642458,0.0,0.0
0,0.004854814615100622,0.6407482624053955,0.08944983035326004,0.000396728515625,0.0
0,0.28341320157051086,0.9948603510856628,0.9806178212165833,0.3203226725260417,0.2798970540364583
0,0.018201163038611412,0.9803562164306641,0.3163661062717438,0.00714111328125,0.0
0,0.08329275250434875,0.9877586960792542,0.9561454057693481,0.08704630533854167,0.0
0,0.028053177520632744,0.9978426694869995,0.9741888642311096,0.026509602864583332,0.0
0,0.039480362087488174,0.9835969805717468,0.7446395754814148,0.0390625,0.0
0,0.2565418779850006,0.9966102242469788,0.9860426783561707,0.2800496419270833,0.138885498046875
0,0.05515778064727783,0.9991204142570496,0.9872773289680481,0.050018310546875,0.0
0,0.00022704149887431413,0.1465751975774765,0.005080037284642458,0.0,0.0
0,0.00569014111533761,0.9132132530212402,0.11555489152669907,0.0028889973958333335,0.0
0,0.23816601932048798,0.9996594190597534,0.9940407276153564,0.250274658203125,0.0
0,0.4196113049983978,0.9993928670883179,0.9964059591293335,0.4543050130208333,0.596221923828125
0,0.05875508859753609,0.9917163252830505,0.8585964441299438,0.050862630208333336,0.0
0,0.16158217191696167,0.9990637898445129,0.9740425944328308,0.16985066731770834,0.0
0,0.03900415077805519,0.9244152307510376,0.7747487425804138,0.052398681640625,0.0
0,0.008572100661695004,0.7694269418716431,0.183146134018898,0.0027364095052083335,0.0
0,0.025216713547706604,0.9616780281066895,0.6249736547470093,0.022898356119791668,0.0
0,0.015318837016820908,0.9969245791435242,0.6381489038467407,0.013692220052083334,0.0
0,0.0035258496645838022,0.7942253947257996,0.07276048511266708,0.0008748372395833334,0.0
0,0.2681523263454437,0.9978258013725281,0.9857729077339172,0.3026631673177083,0.2923482259114583
0,0.09029359370470047,0.9952816367149353,0.9689738154411316,0.09977213541666667,0.0
0,0.16172818839550018,0.995718777179718,0.9743860960006714,0.19154866536458334,0.22214762369791666
0,0.0395062156021595,0.9844563603401184,0.6952284574508667,0.028594970703125,0.0
0,0.09795475751161575,0.9971439242362976,0.9867772459983826,0.10265096028645833,0.039510091145833336
0,0.25316378474235535,0.9997748732566833,0.9977481961250305,0.2840983072916667,0.2851155598958333
0,0.10675696283578873,0.9912885427474976,0.9403530955314636,0.09979248046875,0.0
0,0.06858868151903152,0.9976494908332825,0.9712929129600525,0.060272216796875,0.0
0,0.030599171295762062,0.9978677034378052,0.9324495792388916,0.028472900390625,0.0
0,0.0851881131529808,0.9989596605300903,0.9922143816947937,0.09438069661458333,0.060312906901041664
0,0.15525303781032562,0.9986646175384521,0.9821512699127197,0.17034912109375,0.051350911458333336
0,0.20372623205184937,0.9953181147575378,0.9803562164306641,0.23597208658854166,0.0
0,0.18664251267910004,0.9931760430335999,0.9853278994560242,0.204559326171875,0.11006673177083333
0,0.010248719714581966,0.5835000276565552,0.16397623717784882,0.001708984375,0.0
0,0.014008931815624237,0.9828232526779175,0.7062826156616211,0.014119466145833334,0.0
0,0.030883776023983955,0.9978087544441223,0.7991290092468262,0.024953206380208332,0.0
0,0.01698656566441059,0.9930693507194519,0.6053028106689453,0.014272054036458334,0.0
0,0.0007575605995953083,0.4994148910045624,0.010818448849022388,4.0690104166666664e-05,0.0
0,0.14799164235591888,0.9993461966514587,0.9920926690101624,0.16092936197916666,0.09588623046875
0,0.036983732134103775,0.9885361194610596,0.7923036217689514,0.033111572265625,0.0
0,0.1638437658548355,0.9994986057281494,0.9966360926628113,0.16147867838541666,0.12443033854166667
0,0.10348617285490036,0.9635748267173767,0.8768454194068909,0.11943562825520833,0.0
0,0.004282137844711542,0.9139840602874756,0.08284562826156616,0.00079345703125,0.0
0,0.006906874477863312,0.993854820728302,0.17766816914081573,0.006317138671875,0.0
0,0.5865292549133301,0.9993809461593628,0.9942920207977295,0.6548360188802084,0.850128173828125
0,0.009225782938301563,0.5670377612113953,0.1901218295097351,0.0003662109375,0.0
0,0.0928320586681366,0.999373733997345,0.9940651655197144,0.09242757161458333,0.047505696614583336
0,0.06809558719396591,0.9928231239318848,0.8694897890090942,0.06284586588541667,0.0
0,0.052784305065870285,0.9866234660148621,0.934980571269989,0.054534912109375,0.0
0,0.16792933642864227,0.9961456060409546,0.9856076240539551,0.1790771484375,0.12143961588541667
0,0.15647266805171967,0.9935117363929749,0.9758085012435913,0.15273030598958334,0.0
0,0.12570621073246002,0.9996672868728638,0.9985449314117432,0.12990315755208334,0.045318603515625
0,0.15615420043468475,0.9936856627464294,0.9710193276405334,0.16688028971354166,0.0
0,0.22050273418426514,0.996364176273346,0.9891815781593323,0.23101806640625,0.13304646809895834
0,0.03757575526833534,0.9997527003288269,0.8818124532699585,0.041229248046875,0.0
0,0.12881867587566376,0.9987305998802185,0.9889705181121826,0.13521321614583334,0.0
0,0.1308048814535141,0.9889278411865234,0.9527502655982971,0.13786824544270834,0.0
0,0.10591598600149155,0.9970421195030212,0.9822876453399658,0.102691650390625,0.0
0,0.10769817978143692,0.9883578419685364,0.9003494381904602,0.10292561848958333,0.0
0,0.2905484437942505,0.9979810118675232,0.9918437600135803,0.311004638671875,0.254119873046875
0,0.1203211322426796,0.9960391521453857,0.9591519832611084,0.11130777994791667,0.0
0,0.13080857694149017,0.9977656602859497,0.9831479787826538,0.13963826497395834,0.0
0,0.4925038516521454,0.9994000196456909,0.996249258518219,0.527435302734375,0.5266316731770834
0,0.0604899562895298,0.9939261078834534,0.9519500136375427,0.054667154947916664,0.0
0,0.2201053351163864,0.9989995360374451,0.9936856627464294,0.23234049479166666,0.11612955729166667
0,0.25567638874053955,0.9995158910751343,0.9957518577575684,0.27252197265625,0.20868937174479166
0,0.1810874491930008,0.9989474415779114,0.9915205836296082,0.18218994140625,0.10789998372395833
0,0.05991083383560181,0.9880388379096985,0.9086179733276367,0.052978515625,0.0
0,0.16686730086803436,0.9996874332427979,0.9957183003425598,0.18297322591145834,0.0
0,0.21589350700378418,0.9993563294410706,0.9964756369590759,0.22279866536458334,0.10162353515625
0,0.11030510067939758,0.9923638105392456,0.9536218643188477,0.10854085286458333,0.0
0,0.2095523625612259,0.9981827735900879,0.9870296716690063,0.2139892578125,0.12440999348958333
0,0.21047325432300568,0.9962051510810852,0.9684410095214844,0.23069254557291666,0.0
0,0.10113886743783951,0.9951325058937073,0.9597620368003845,0.09715779622395833,0.0
0,0.10827517509460449,0.978425920009613,0.8985886573791504,0.10247802734375,0.0
0,0.0016947495751082897,0.45753055810928345,0.0222861859947443,3.0517578125e-05,0.0
0,0.01823415793478489,0.97334223985672,0.5677407383918762,0.015299479166666666,0.0
0,0.044596631079912186,0.9516838788986206,0.7403621077537537,0.034759521484375,0.0
0,0.027472272515296936,0.9996316432952881,0.9933330416679382,0.028096516927083332,0.0
0,0.00583961047232151,0.978260338306427,0.11142866313457489,0.005360921223958333,0.0
0,0.00014725820801686496,0.04031343758106232,0.0036924227606505156,0.0,0.0
0,0.0018621609779074788,0.3702253997325897,0.04501301422715187,0.0,0.0
0,0.026796719059348106,0.9116528034210205,0.636801540851593,0.021993001302083332,0.0
0,0.1322983354330063,0.999189555644989,0.9834704995155334,0.14796956380208334,0.046142578125
0,0.0006781399715691805,0.20481863617897034,0.011462471447885036,0.0,0.0
0,0.0663226768374443,0.9893885254859924,0.9291837811470032,0.07359822591145833,0.0
0,0.05349717661738396,0.9377830028533936,0.7468782067298889,0.055592854817708336,0.0
0,0.06377457827329636,0.9833430051803589,0.9270997643470764,0.06559244791666667,0.0
0,0.047414083033800125,0.9493886232376099,0.7159208059310913,0.049214680989583336,0.0
0,0.10719630867242813,0.9934865236282349,0.9741888642311096,0.11594645182291667,0.033528645833333336
0,0.0033820827957242727,0.1902722269296646,0.052811093628406525,0.0,0.0
0,0.006916686426848173,0.8594279289245605,0.1605251133441925,0.0029398600260416665,0.0
0,0.05453181266784668,0.9994557499885559,0.9677740335464478,0.057790120442708336,0.0
0,0.05869809910655022,0.9839090704917908,0.8912387490272522,0.050455729166666664,0.0
0,0.11074467748403549,0.9940890073776245,0.9752018451690674,0.12010701497395833,0.07280476888020833
0,0.04957963153719902,0.9930152893066406,0.8902942538261414,0.052174886067708336,0.0
0,0.06457993388175964,0.9786311388015747,0.8000679016113281,0.06264241536458333,0.0
0,0.07059177756309509,0.9922143816947937,0.9369805455207825,0.06608072916666667,0.0
0,0.0012590625556185842,0.4338015615940094,0.02161409519612789,2.0345052083333332e-05,0.0
0,0.044338107109069824,0.9474782943725586,0.7880894541740417,0.040842692057291664,0.0
0,0.007406691554933786,0.6434413194656372,0.1470608413219452,0.0006612141927083334,0.0
0,0.03172420337796211,0.9697853922843933,0.6885731220245361,0.023763020833333332,0.0
0,0.017032068222761154,0.9753431081771851,0.4134090840816498,0.011749267578125,0.0
0,0.07672027498483658,0.9911182522773743,0.9100669622421265,0.071868896484375,0.0
0,0.0037885725032538176,0.7995988726615906,0.08239707350730896,0.001678466796875,0.0
0,0.0029838650953024626,0.23353151977062225,0.04192817211151123,0.0,0.0
0,0.33129629492759705,0.9994600415229797,0.9941118359565735,0.3573404947916667,0.4116923014322917
0,0.004440171644091606,0.4635353088378906,0.08850466459989548,0.0003662109375,0.0
0,0.07371816039085388,0.9838472008705139,0.9436599016189575,0.07588704427083333,0.036997477213541664
0,0.06700430065393448,0.9878996014595032,0.9463958740234375,0.06975301106770833,0.0396728515625
0,0.06796613335609436,0.980205237865448,0.8223275542259216,0.07390340169270833,0.0
0,0.011680363677442074,0.8918110132217407,0.2791402041912079,0.005513509114583333,0.0
0,0.2232632040977478,0.9988027811050415,0.9893062710762024,0.23905436197916666,0.155426025390625
0,0.004940563812851906,0.8737544417381287,0.15064506232738495,0.0015869140625,0.0
0,0.04419202730059624,0.9913892149925232,0.8353331089019775,0.038533528645833336,0.0
0,0.003913352265954018,0.4438113570213318,0.07356305420398712,0.0003153483072916667,0.0
0,0.02997410297393799,0.9684410095214844,0.7981820702552795,0.023101806640625,0.0
0,0.004608275834470987,0.8985886573791504,0.11298514157533646,0.0016276041666666667,0.0
0,0.00012773170601576567,0.020177319645881653,0.0024343819823116064,0.0,0.0
0,0.05148065462708473,0.9941574335098267,0.9612393975257874,0.0494384765625,0.040852864583333336
0,7.637595990672708e-05,0.021822823211550713,0.0013777327258139849,0.0,0.0
0,0.0015471159713342786,0.8304566740989685,0.023509452119469643,0.0009358723958333334,0.0
0,0.004689259920269251,0.9354645609855652,0.045434676110744476,0.00494384765625,0.0
0,0.07981628179550171,0.9978843331336975,0.9845142364501953,0.078369140625,0.07929484049479167
0,0.04786209762096405,0.9962051510810852,0.9575938582420349,0.046284993489583336,0.0
0,0.0037329811602830887,0.8327813148498535,0.08866234868764877,0.0017598470052083333,0.0
0,0.00987168587744236,0.9906600117683411,0.24144653975963593,0.006490071614583333,0.0
0,0.014910747297108173,0.9781771898269653,0.4096180498600006,0.010793050130208334,0.0
0,0.0007991646998561919,0.39875760674476624,0.017309095710515976,2.0345052083333332e-05,0.0
0,0.0005990911740809679,0.47507256269454956,0.00970847625285387,3.0517578125e-05,0.0
0,0.00015657703625038266,0.06187598779797554,0.00214894930832088,0.0,0.0
0,0.11051860451698303,0.9900636076927185,0.937325656414032,0.10682169596354167,0.0
0,0.056343987584114075,0.9902161359786987,0.8791436553001404,0.053334554036458336,0.0
0,0.08842764049768448,0.999140739440918,0.987028181552887,0.09508260091145833,0.0
0,0.05882754921913147,0.9968149065971375,0.9560610055923462,0.054423014322916664,0.0
0,0.015095364302396774,0.9956516623497009,0.6901895403862,0.014190673828125,0.0
0,0.036722902208566666,0.9894295334815979,0.8446654081344604,0.033538818359375,0.0
0,0.018695134669542313,0.9959927201271057,0.7042374014854431,0.016642252604166668,0.0
0,0.10068002343177795,0.9996155500411987,0.9919058084487915,0.10350545247395833,0.040201822916666664
0,0.33431315422058105,0.9986169338226318,0.9947595000267029,0.3628031412760417,0.2780354817708333
0,0.104530930519104,0.9909096360206604,0.9046403765678406,0.09087117513020833,0.0
0,0.01160075981169939,0.9464978575706482,0.21966707706451416,0.0038655598958333335,0.0
0,0.03429616242647171,0.994401752948761,0.9274908900260925,0.036580403645833336,0.0
0,0.032387860119342804,0.6242935061454773,0.4512953460216522,0.022654215494791668,0.0
0,0.046366605907678604,0.9933071732521057,0.7829845547676086,0.036590576171875,0.0
0,0.02713427133858204,0.9990414977073669,0.9116528034210205,0.027099609375,0.0
0,0.05407584086060524,0.9948000907897949,0.8615347146987915,0.046457926432291664,0.0
0,0.0032531602773815393,0.9543930292129517,0.034547775983810425,0.00341796875,0.0
0,0.041957974433898926,0.9997219443321228,0.9402433633804321,0.04046630859375,0.0
0,0.20912280678749084,0.9986698627471924,0.9905508756637573,0.22096354166666668,0.14015625
0,0.20481418073177338,0.9996775388717651,0.9989182949066162,0.2084375,0.10369791666666667
0,0.05648556351661682,0.9995253086090088,0.6281793713569641,0.032989501953125,0.0
0,0.002072059316560626,0.9425067901611328,0.02898062951862812,0.0010884602864583333,0.0
0,0.0007595791830681264,0.23828421533107758,0.014728614129126072,0.0,0.0
0,0.005777390673756599,0.9978594183921814,0.026963496580719948,0.005880322209436134,0.0
0,0.0513790026307106,0.9956685304641724,0.9742399454116821,0.05250829187396352,0.025385572139303484
0,0.09854957461357117,0.9986593723297119,0.8167018890380859,0.0764125,0.0
0,0.0008748446125537157,0.3855481445789337,0.019345102831721306,3.7037037037037037e-06,0.0
0,0.000666519976221025,0.38225674629211426,0.01384861022233963,3.7037037037037037e-06,0.0
0,0.115303635597229,0.9980353713035583,0.9843508005142212,0.11585274480094573,0.0663014702209494
0,0.1722252368927002,0.9977743029594421,0.9701269268989563,0.18706698771096927,0.10520636939781478
0,0.021499982103705406,0.9974090456962585,0.7733874917030334,0.02177434724604536,0.0
0,0.09791750460863113,0.9986489415168762,0.9756665229797363,0.1031445036672589,0.0
0,0.16502878069877625,0.9988883137702942,0.9832795858383179,0.18339259259259258,0.0
0,0.1033448651432991,0.9981251358985901,0.9554855227470398,0.11827118214104515,0.022184170471841704
0,0.3494988679885864,0.9996800422668457,0.9964203834533691,0.3650954861111111,0.31916956018518516
0,0.24442188441753387,0.9999945163726807,0.9917163252830505,0.27099405850091407,0.10580210237659964
0,0.3341369330883026,0.9992792010307312,0.9968519806861877,0.37122201492537316,0.34091417910447763
0,0.1931159496307373,0.9993904829025269,0.9926542043685913,0.2020694522868436,0.0
0,0.01182977668941021,0.9701269268989563,0.3928608298301697,0.010437062937062936,0.0
0,0.07926899194717407,0.9981178045272827,0.9520419239997864,0.0770541958041958,0.0
0,0.09902054816484451,0.9997933506965637,0.9950562715530396,0.10167619047619048,0.0
0,0.05938084051012993,0.9992706179618835,0.970520555973053,0.061072190070057875,0.0
0,0.14045770466327667,0.9984452128410339,0.9000037312507629,0.15639791666666666,0.0
0,0.05381180718541145,0.9999881982803345,0.9866234660148621,0.055873352165725046,0.0
0,0.19275090098381042,0.9989266991615295,0.9902915358543396,0.20076425631981187,0.006892230576441102
0,0.24375717341899872,0.9987004995346069,0.9843363761901855,0.2642286690887203,0.04074585635359116
0,0.2638372480869293,0.9990781545639038,0.9920312166213989,0.28039543357773944,0.18194987614889818
0,0.2023189812898636,0.9930961728096008,0.9381240010261536,0.22845208333333333,0.07128333333333334
0,0.11907469481229782,0.9989836812019348,0.9891397356987,0.12017822736030828,0.08965317919075144
0,0.05499167740345001,0.9997016787528992,0.954647421836853,0.04878861003861004,0.0
0,0.025494113564491272,0.9989797472953796,0.8449215292930603,0.0208116570327553,0.0
0,0.0007595791830681264,0.23828421533107758,0.014728614129126072,0.0,0.0
0,0.005777390673756599,0.9978594183921814,0.026963496580719948,0.005880322209436134,0.0
0,0.296156108379364,0.9999030828475952,0.9930693507194519,0.3621520833333333,0.27994583333333334
0,0.010169638320803642,0.9988707900047302,0.5291101932525635,0.010965333333333334,0.0
0,0.17439614236354828,0.9992792010307312,0.9915544390678406,0.1742725988700565,0.00862994350282486
0,0.14221343398094177,0.9997219443321228,0.982557475566864,0.14307909604519775,0.0
0,0.0008748446125537157,0.3855481445789337,0.019345102831721306,3.7037037037037037e-06,0.0
0,0.11636572331190109,0.9994207620620728,0.9792749285697937,0.11787992495309568,0.04284005628517824
0,0.05381180718541145,0.9999881982803345,0.9866234660148621,0.055873352165725046,0.0
0,0.1443980485200882,0.9936610460281372,0.9302051067352295,0.14146942622059516,0.0
0,0.24914780259132385,0.9995044469833374,0.9915544390678406,0.26711136890951276,0.16811291569992265
0,0.09763339906930923,0.9999145269393921,0.9604361057281494,0.10113556338028169,0.0
0,0.1284697949886322,0.9945730566978455,0.9240047931671143,0.1219585448392555,0.0
0,0.0007075471803545952,0.7121320962905884,0.00944798719137907,0.00014241536458333334,0.0
0,0.002256457693874836,0.5991920232772827,0.035813190042972565,0.0005594889322916666,0.0
0,0.0018933151150122285,0.9349913001060486,0.03079216741025448,0.0008951822916666666,0.0
0,0.04470457136631012,0.9915870428085327,0.8998172283172607,0.048075358072916664,0.0
0,0.03440425544977188,0.9810219407081604,0.7851389646530151,0.027201334635416668,0.0
0,0.12145126610994339,0.9896317720413208,0.945698082447052,0.1256103515625,0.0
0,0.011036325246095657,0.9555686116218567,0.3137319087982178,0.007375081380208333,0.0
0,0.013539649546146393,0.9725714921951294,0.5293514132499695,0.01416015625,0.0
0,0.2322516292333603,0.9993255138397217,0.9946774244308472,0.24344889322916666,0.11769612630208333
0,0.11913581937551498,0.9986489415168762,0.9867246150970459,0.12803141276041666,0.0
0,0.07847484201192856,0.9913892149925232,0.9020881056785583,0.065887451171875,0.0
0,0.05744032934308052,0.9936610460281372,0.917589545249939,0.055775960286458336,0.0
0,0.007706593722105026,0.8226170539855957,0.15367232263088226,0.00079345703125,0.0
0,0.08578715473413467,0.9900636076927185,0.9224823713302612,0.08220418294270833,0.0
0,2.6585157684166916e-05,0.010248602367937565,0.0004494523163884878,0.0,0.0
0,0.13997666537761688,0.9945095181465149,0.9746273159980774,0.15352376302083334,0.044759114583333336
0,0.14977502822875977,0.9949396848678589,0.9788343906402588,0.16015625,0.0
0,0.00016014458378776908,0.04023794084787369,0.002923202235251665,0.0,0.0
0,0.0308463666588068,0.9853842854499817,0.8494724035263062,0.023783365885416668,0.0
0,0.018099457025527954,0.9649873375892639,0.42691880464553833,0.011494954427083334,0.0
0,0.004254629369825125,0.8690492510795593,0.11104248464107513,0.0022176106770833335,0.0
0,0.00019541366782505065,0.35734322667121887,0.0029118387028574944,0.0,0.0
0,0.0015675044851377606,0.29178744554519653,0.04008736088871956,0.0,0.0
0,0.014669078402221203,0.9736947417259216,0.429668664932251,0.011627197265625,0.0
0,0.007582811638712883,0.867260754108429,0.16491954028606415,0.001800537109375,0.0
0,0.010997171513736248,0.948441743850708,0.3119474947452545,0.007497151692708333,0.0
0,0.002573515987023711,0.9451974034309387,0.05126672610640526,0.0019734700520833335,0.0
0,0.05494174361228943,0.9957020878791809,0.9723606705665588,0.053660074869791664,0.0
0,0.014812291599810123,0.9458011984825134,0.6172242760658264,0.015960693359375,0.0
0,0.0006200696807354689,0.1276526302099228,0.014897926710546017,0.0,0.0
0,0.0012565950164571404,0.9431384205818176,0.0023322340566664934,0.0010986328125,0.0
0,0.05956372618675232,0.9957020878791809,0.9531880021095276,0.06254069010416667,0.0
0,0.03763759508728981,0.9697853922843933,0.7256457209587097,0.028839111328125,0.0
0,0.03388698026537895,0.9749646186828613,0.7437211871147156,0.02734375,0.0
0,0.15780560672283173,0.9941574335098267,0.9653811454772949,0.164520263671875,0.0
0,0.046897534281015396,0.9836598634719849,0.8944211602210999,0.042734781901041664,0.0
0,0.03600255772471428,0.9899476170539856,0.7247583270072937,0.02783203125,0.0
0,0.000718879047781229,0.3362220525741577,0.013325147330760956,0.0,0.0
0,0.007397893816232681,0.9287972450256348,0.21452681720256805,0.004964192708333333,0.0
0,0.0915210172533989,0.9956685304641724,0.9653791785240173,0.09592692057291667,0.0
0,0.08979835361242294,0.981979250907898,0.8960696458816528,0.085693359375,0.0
0,0.0004726055485662073,0.24635200202465057,0.00740215415135026,0.0,0.0
0,0.0005448648589663208,0.41093361377716064,0.008093290030956268,4.0690104166666664e-05,0.0
0,0.028115257620811462,0.9718859195709229,0.7983440160751343,0.025624593098958332,0.0
0,0.0010400828905403614,0.16913124918937683,0.013376603834331036,0.0,0.0
0,0.007647343445569277,0.8333246111869812,0.20672905445098877,0.0033671061197916665,0.0
0,0.018857961520552635,0.9969839453697205,0.8893368244171143,0.018351236979166668,0.0
0,0.04537670686841011,0.958615243434906,0.6371402740478516,0.035319010416666664,0.0
0,0.08281775563955307,0.9815597534179688,0.9019206762313843,0.08421834309895833,0.0
0,0.12063898891210556,0.9929060935974121,0.9596086740493774,0.11549886067708333,0.0
0,0.09224403649568558,0.9957020878791809,0.9670369625091553,0.08722941080729167,0.0
0,0.01939540170133114,0.9619649052619934,0.6956420540809631,0.019907633463541668,0.0
0,0.022569334134459496,0.9891397356987,0.7060891389846802,0.022267659505208332,0.0
0,0.014659042470157146,0.9270997643470764,0.35745537281036377,0.009307861328125,0.0
0,0.16864721477031708,0.997739315032959,0.9891397356987,0.17217000325520834,0.0
0,0.019014472141861916,0.973036527633667,0.48901405930519104,0.013987223307291666,0.0
0,0.0372159481048584,0.9725714921951294,0.5822517275810242,0.03387451171875,0.0
0,0.18958067893981934,0.9957848191261292,0.9783847332000732,0.20326741536458334,0.0
0,0.006336065474897623,0.9291837811470032,0.14234749972820282,0.00079345703125,0.0
0,0.2482694536447525,0.9980807304382324,0.9914224743843079,0.2677001953125,0.138153076171875
0,0.039321303367614746,0.9826908707618713,0.7641884088516235,0.036905924479166664,0.0
0,0.17054088413715363,0.9941574335098267,0.9649853706359863,0.17909749348958334,0.0
0,0.08730503171682358,0.9851003289222717,0.8663553595542908,0.084808349609375,0.0
0,0.0006397077813744545,0.5235573649406433,0.014559519477188587,3.0517578125e-05,0.0
0,0.08073705434799194,0.9964893460273743,0.9652503728866577,0.08760579427083333,0.0
0,0.0023223168682307005,0.6980208158493042,0.03956232964992523,0.000579833984375,0.0
0,0.045595426112413406,0.9946358799934387,0.9714558720588684,0.048899332682291664,0.0
0,0.048575058579444885,0.9554855227470398,0.5953108072280884,0.029256184895833332,0.0
0,0.0724739357829094,0.9980121850967407,0.9678974747657776,0.059061686197916664,0.0
0,0.010597425512969494,0.9702399373054504,0.38119885325431824,0.010121663411458334,0.0
0,0.04766550287604332,0.9961903095245361,0.9698391556739807,0.048238118489583336,0.0
0,0.02067818120121956,0.9952816367149353,0.6988343000411987,0.017384847005208332,0.0
0,0.04096754267811775,0.9886682629585266,0.8480936288833618,0.035563151041666664,0.0
0,0.2689531743526459,0.9990637898445129,0.9939496517181396,0.2875874837239583,0.15081787109375
0,0.013170536607503891,0.972151517868042,0.406269371509552,0.010843912760416666,0.0
0,0.05134037137031555,0.9685006141662598,0.7872728705406189,0.039662679036458336,0.0
0,0.0532456636428833,0.982624351978302,0.6713628768920898,0.03741455078125,0.0
0,0.06992273777723312,0.9974983334541321,0.9641172289848328,0.07145182291666667,0.0
0,0.0734100341796875,0.9859904050827026,0.9524857997894287,0.077728271484375,0.0
0,0.012168359011411667,0.8402590155601501,0.2514583170413971,0.006418863932291667,0.0
0,0.1544262170791626,0.9876639246940613,0.9345147609710693,0.14366658528645834,0.0
0,0.03413824737071991,0.9783433079719543,0.6834163665771484,0.030202229817708332,0.0
0,0.043289974331855774,0.9912548065185547,0.8541562557220459,0.039204915364583336,0.0
0,0.32195159792900085,0.996364176273346,0.9903663396835327,0.3452657063802083,0.20262654622395834
0,0.3044668436050415,0.9995326995849609,0.9943574666976929,0.3333028157552083,0.084991455078125
0,0.3343338668346405,0.9980732202529907,0.9895513653755188,0.3784688313802083,0.4173685709635417
0,0.11637594550848007,0.9971216320991516,0.9921537041664124,0.12091064453125,0.06591796875
0,0.04779746010899544,0.996936559677124,0.9108630418777466,0.040323893229166664,0.0
0,0.16551893949508667,0.9896718263626099,0.9233120083808899,0.16167195638020834,0.0
0,0.1110909953713417,0.9974589943885803,0.98046875,0.11407470703125,0.03125
0,0.13549870252609253,0.9968396425247192,0.9802041053771973,0.13230387369791666,0.0
0,0.24999408423900604,0.9984207153320312,0.9867772459983826,0.2604573567708333,0.047688802083333336
0,0.0985792875289917,0.9933071732521057,0.9500414729118347,0.105712890625,0.0
0,0.03383030742406845,0.9849852323532104,0.6436586380004883,0.024525960286458332,0.0
0,0.028711237013339996,0.982355535030365,0.700894832611084,0.026896158854166668,0.0
0,0.08508741110563278,0.9898303151130676,0.92943274974823,0.08055623372395833,0.0
0,0.20381635427474976,0.999464213848114,0.9970871806144714,0.21390787760416666,0.036539713541666664
0,0.12021978944540024,0.9917484521865845,0.9252299070358276,0.11570231119791667,0.0
0,0.20114219188690186,0.9980353713035583,0.991455614566803,0.20310465494791666,0.13289388020833334
0,0.0007840053294785321,0.2887696325778961,0.015247589908540249,0.0,0.0
0,0.41887640953063965,0.9987887740135193,0.9938787817955017,0.4643656412760417,0.3226318359375
0,0.1343809813261032,0.9895513653755188,0.9655764698982239,0.1358642578125,0.0
0,0.19529008865356445,0.9927672147750854,0.9779256582260132,0.204925537109375,0.0
0,0.08844064921140671,0.9910838603973389,0.9053173065185547,0.08070882161458333,0.0
0,0.1145000085234642,0.9919379353523254,0.9331876635551453,0.11353556315104167,0.0
0,0.06271197646856308,0.9959613680839539,0.9347498416900635,0.06943766276041667,0.0
0,7.961022492963821e-05,0.034358687698841095,0.0010943245142698288,0.0,0.0
0,0.22762233018875122,0.9997448325157166,0.9858275651931763,0.23539225260416666,0.12703450520833334
0,0.004667046945542097,0.7277820706367493,0.07017629593610764,0.000579833984375,0.0
0,0.11281660199165344,0.9974491000175476,0.9689150452613831,0.11177571614583333,0.0
0,0.10088229179382324,0.9979652166366577,0.9856629967689514,0.10713704427083333,0.037567138671875
0,0.014580043964087963,0.9153559803962708,0.49735623598098755,0.013132731119791666,0.0
0,0.18090562522411346,0.9887987971305847,0.9609495401382446,0.19548543294270834,0.0
0,0.010903718881309032,0.9293122291564941,0.19269122183322906,0.004567464192708333,0.0
0,0.028005940839648247,0.9629528522491455,0.6263459324836731,0.0245361328125,0.0
0,0.37586748600006104,0.9969125986099243,0.9904406070709229,0.4132283528645833,0.4103190104166667
0,0.15681643784046173,0.9913892149925232,0.970687747001648,0.15876261393229166,0.0
0,0.21683330833911896,0.9970421195030212,0.9890130758285522,0.22880045572916666,0.07246907552083333
0,0.012302380986511707,0.9875683188438416,0.3679479658603668,0.009765625,0.0
0,0.0037688417360186577,0.9381240010261536,0.0896090492606163,0.0028076171875,0.0
0,0.20923840999603271,0.9969603419303894,0.9901401400566101,0.23711140950520834,0.15047200520833334
0,0.2197553515434265,0.9954261183738708,0.9809125065803528,0.249664306640625,0.0
0,0.23489470779895782,0.9993175268173218,0.9960237741470337,0.246307373046875,0.11700439453125
0,0.17738424241542816,0.9928508996963501,0.9687971472740173,0.1932373046875,0.0
0,0.04034089669585228,0.9975939393043518,0.902265727519989,0.038258870442708336,0.0
0,0.1095820739865303,0.998245358467102,0.9874721169471741,0.11140950520833333,0.0
0,0.3897280991077423,0.9968024492263794,0.9893062710762024,0.4315185546875,0.4570515950520833
0,0.13494719564914703,0.9942025542259216,0.9645892381668091,0.14408365885416666,0.0
0,0.15633799135684967,0.9887554049491882,0.9470852613449097,0.16075642903645834,0.0
0,0.0208579171448946,0.9834704995155334,0.5731140971183777,0.016103108723958332,0.0
0,0.11421529203653336,0.9971327781677246,0.9839708209037781,0.120391845703125,0.07177734375
0,0.26304247975349426,0.9987356066703796,0.9960699081420898,0.277923583984375,0.237640380859375
0,0.12383007258176804,0.9938787817955017,0.9566317796707153,0.13557942708333334,0.0
0,0.050370264798402786,0.991355836391449,0.8844330906867981,0.05023193359375,0.0
0,0.3695637285709381,0.998245358467102,0.9899476170539856,0.4127400716145833,0.3237101236979167
0,0.02642189897596836,0.9905508756637573,0.7666064500808716,0.021820068359375,0.0
0,0.14302267134189606,0.9934357404708862,0.9571954607963562,0.14554850260416666,0.0
0,0.006204728037118912,0.9641867876052856,0.12084389477968216,0.004119873046875,0.0
0,0.02566511742770672,0.9942474365234375,0.8870089650154114,0.022552490234375,0.0
0,0.06039007380604744,0.9971103668212891,0.967777669429779,0.05572509765625,0.0
0,0.06876646727323532,0.9960082769393921,0.9810945987701416,0.068878173828125,0.037251790364583336
0,0.00482984958216548,0.8002240657806396,0.09877258539199829,0.001190185546875,0.0
0,0.0009868600172922015,0.6178008913993835,0.016850078478455544,0.0003458658854166667,0.0
0,0.0700913742184639,0.9858275651931763,0.8051729798316956,0.059702555338541664,0.0
0,0.08074542135000229,0.998245358467102,0.9690324664115906,0.08209228515625,0.0
0,0.06503493338823318,0.9966495633125305,0.9235881567001343,0.06270345052083333,0.0
0,0.20887474715709686,0.9973477125167847,0.9846936464309692,0.22391764322916666,0.0
0,0.04883812367916107,0.9956005811691284,0.8101786971092224,0.04730224609375,0.0
0,0.1534157395362854,0.9938309192657471,0.9700703024864197,0.16339111328125,0.0
0,0.09855356812477112,0.9976769089698792,0.9857181310653687,0.10718790690104167,0.0
0,0.01061837375164032,0.9821512699127197,0.40572717785835266,0.010579427083333334,0.0
0,0.023506535217165947,0.9986222982406616,0.9714542627334595,0.024200439453125,0.0
0,0.06589927524328232,0.9860442876815796,0.935224711894989,0.067138671875,0.0
0,0.04559588059782982,0.9835337996482849,0.9095766544342041,0.044657389322916664,0.0
0,0.019264407455921173,0.9960545301437378,0.6097461581230164,0.016398111979166668,0.0
0,0.28119024634361267,0.9990745782852173,0.9937093257904053,0.299591064453125,0.12218221028645833
0,0.18645024299621582,0.9996302127838135,0.9959766268730164,0.19194539388020834,0.11995442708333333
0,0.17097894847393036,0.9989098310470581,0.9941800832748413,0.17622884114583334,0.12288411458333333
0,0.03324805200099945,0.9812029004096985,0.7159148454666138,0.024007161458333332,0.0
0,0.1769380420446396,0.9954439401626587,0.9896317720413208,0.19199625651041666,0.141143798828125
0,0.07969610393047333,0.9968149065971375,0.9611709713935852,0.083831787109375,0.0
0,0.004524377640336752,0.9632996320724487,0.05802474543452263,0.0025838216145833335,0.0
0,0.09217244386672974,0.9902915358543396,0.9305844902992249,0.09531656901041667,0.0
0,0.18961463868618011,0.9987207055091858,0.9828891754150391,0.19838460286458334,0.0
0,0.07601140439510345,0.9899476170539856,0.922478199005127,0.0721435546875,0.0
0,0.0930350124835968,0.9973061084747314,0.9648551344871521,0.09908040364583333,0.0
0,0.005327563267201185,0.9636433720588684,0.08509448915719986,0.00244140625,0.0
0,0.056069690734148026,0.9930961728096008,0.967777669429779,0.063629150390625,0.0394287109375
0,0.05779018625617027,0.9912208914756775,0.9353464841842651,0.05340576171875,0.0
0,0.2006346434354782,0.980205237865448,0.912743091583252,0.23478190104166666,0.0
0,0.005510143935680389,0.8502200841903687,0.10140066593885422,0.0007731119791666666,0.0
0,0.04558129236102104,0.9933589100837708,0.725548505783081,0.035257975260416664,0.0
0,0.01173297967761755,0.9303317666053772,0.2049729824066162,0.0040283203125,0.0
0,0.0898887887597084,0.9910838603973389,0.9385759830474854,0.088836669921875,0.0
0,0.0694335401058197,0.992452085018158,0.9722043871879578,0.07020060221354167,0.0
0,0.04480205103754997,0.975296139717102,0.755636990070343,0.037261962890625,0.0
0,0.0008882349939085543,0.28997451066970825,0.02060529589653015,0.0,0.0
0,0.16942429542541504,0.9969603419303894,0.9854404330253601,0.17315673828125,0.0
0,0.01287153735756874,0.9822195768356323,0.27795684337615967,0.008005777994791666,0.0
0,0.009991109371185303,0.9863631129264832,0.41204091906547546,0.010294596354166666,0.0
0,0.1365753412246704,0.9936610460281372,0.9481545686721802,0.14246622721354166,0.0
0,0.008721820078790188,0.8210441470146179,0.2323049157857895,0.004679361979166667,0.0
0,0.06304510682821274,0.9984752535820007,0.9883127808570862,0.060638427734375,0.034912109375
0,0.022977223619818687,0.9492946267127991,0.5991902351379395,0.02117919921875,0.0
0,0.049841269850730896,0.9901401400566101,0.9162596464157104,0.048350016276041664,0.0
0,0.016989775002002716,0.961605966091156,0.2908771336078644,0.006856282552083333,0.0
0,0.028115257620811462,0.9718859195709229,0.7983440160751343,0.025624593098958332,0.0
0,0.01651383563876152,0.8560919761657715,0.34013989567756653,0.008799235026041666,0.0
0,0.027771567925810814,0.8966140151023865,0.4748276174068451,0.015950520833333332,0.0
0,0.02872493863105774,0.9885361194610596,0.8036180138587952,0.029734293619791668,0.0
0,0.04154783859848976,0.9744833707809448,0.8923695087432861,0.035715738932291664,0.0
0,0.023726871237158775,0.9942920207977295,0.8951511979103088,0.023173014322916668,0.0
0,0.08721616119146347,0.9972637891769409,0.9741888642311096,0.09016927083333333,0.0
0,0.019523052498698235,0.9780097603797913,0.6463385224342346,0.020131429036458332,0.0
0,0.04353368654847145,0.9898303151130676,0.9359345436096191,0.046529134114583336,0.0
0,0.0016813775291666389,0.710427463054657,0.03155902028083801,0.0003458658854166667,0.0
0,0.04394599795341492,0.9833430051803589,0.7501869201660156,0.035074869791666664,0.0
0,0.10050725936889648,0.9976586103439331,0.9866748452186584,0.11103312174479167,0.08382161458333333
0,0.03874151036143303,0.9800149202346802,0.8431217074394226,0.040059407552083336,0.0
0,0.0006295715575106442,0.09401018172502518,0.013955711387097836,0.0,0.0
0,0.0009669482824392617,0.32498472929000854,0.014172366820275784,0.0,0.0
0,0.015039543621242046,0.9991958737373352,0.33588218688964844,0.009389241536458334,0.0
0,0.13380397856235504,0.9983059167861938,0.9787508845329285,0.14548746744791666,0.0
0,0.09800147265195847,0.993854820728302,0.9479592442512512,0.102203369140625,0.0
0,0.006043309811502695,0.8998278379440308,0.1907149851322174,0.0028076171875,0.0
0,0.007797969970852137,0.9775000214576721,0.15533456206321716,0.00433349609375,0.0
0,0.14446726441383362,0.9995307922363281,0.9951136708259583,0.14971923828125,0.0
0,0.046909019351005554,0.9976859092712402,0.9867261648178101,0.046559651692708336,0.0
0,0.00012612187128979713,0.15700756013393402,0.0013509630225598812,0.0,0.0
0,0.02237122692167759,0.9797065258026123,0.6219984889030457,0.02435302734375,0.0
0,0.33820998668670654,0.9998313188552856,0.9907320141792297,0.3814895833333333,0.39063125
0,0.1815471351146698,0.9992327690124512,0.9936116337776184,0.19408854166666667,0.15712239583333334
0,0.030374331399798393,0.9906960725784302,0.6952129006385803,0.019388834635416668,0.0
0,0.0007153338519856334,0.8958876132965088,0.010169658809900284,0.00021917808219178083,0.0
0,0.04119846597313881,0.9995063543319702,0.9314637780189514,0.03650684931506849,0.0
0,0.1279410868883133,0.9967013001441956,0.9495759606361389,0.1263415750915751,0.0
0,0.08399593085050583,0.9994207620620728,0.9764904975891113,0.0872158081705151,0.0
0,0.08661480993032455,0.9997448325157166,0.9891397356987,0.08441375968992249,0.0
0,0.16703784465789795,0.996570348739624,0.9792749285697937,0.17473314606741572,0.08812265917602996
0,0.4769602417945862,0.9986435770988464,0.9941574335098267,0.533937037037037,0.566625925925926
0,0.2458285689353943,0.9982038736343384,0.9854404330253601,0.26746349603671254,0.10231956612432207
0,0.005567437037825584,0.8536689877510071,0.15015341341495514,0.002998046875,0.0
0,0.1127210408449173,0.9971771240234375,0.9774571061134338,0.11863560883097557,0.03200457337822019
0,0.0895688459277153,0.9987157583236694,0.9874721169471741,0.08670385252546614,0.0
0,0.1253799945116043,0.998504638671875,0.9776712656021118,0.12617619134193886,0.04978082136436176
0,0.09498001635074615,0.9998756647109985,0.9888850450515747,0.09689791666666667,0.0
0,0.2971593141555786,0.9977127313613892,0.9862046241760254,0.32845215759849905,0.18268996247654784
0,0.09515254944562912,0.9995417594909668,0.991455614566803,0.0972715318869165,0.0
0,0.18417926132678986,0.997739315032959,0.9875683188438416,0.19972291666666667,0.17293333333333333
0,0.10051832348108292,0.9996646642684937,0.9966233968734741,0.10394269340974212,0.04372492836676218
0,0.005844146944582462,0.8866168856620789,0.17938674986362457,0.0029578877005347593,0.0
0,0.3925724923610687,0.9986904263496399,0.9940428137779236,0.4478861490885417,0.3865763346354167
0,0.09846744686365128,0.9866748452186584,0.9224823713302612,0.086273193359375,0.0
0,0.05191117897629738,0.9965435862541199,0.9650513529777527,0.054473876953125,0.0
0,0.0072514694184064865,0.944587230682373,0.14791670441627502,0.002777099609375,0.0
0,0.1378214955329895,0.995354413986206,0.9354610443115234,0.15040079752604166,0.0
0,0.016460826620459557,0.9161096215248108,0.3386203646659851,0.008616129557291666,0.0
0,0.004572151228785515,0.9552357196807861,0.0938439592719078,0.001953125,0.0
0,0.07827743142843246,0.9977568984031677,0.9825554490089417,0.08101399739583333,0.0
0,0.06877715140581131,0.9928508996963501,0.8670323491096497,0.06592814127604167,0.0
0,0.00772293983027339,0.9518632292747498,0.24670933187007904,0.006673177083333333,0.0
0,0.219498872756958,0.9944880604743958,0.9798612594604492,0.22989908854166666,0.17981974283854166
0,0.0657593384385109,0.9997603297233582,0.9977830052375793,0.06510416666666667,0.0
0,0.08836168795824051,0.9828891754150391,0.9249551892280579,0.08556111653645833,0.0
0,0.03694930300116539,0.9975466132164001,0.9548978805541992,0.026336669921875,0.0
0,0.09157418459653854,0.9946568012237549,0.9342753291130066,0.09124755859375,0.0
0,0.0030632580164819956,0.9539660811424255,0.0606372132897377,0.0023396809895833335,0.0
0,0.010472760535776615,0.9885361194610596,0.3243328034877777,0.008677164713541666,0.0
0,0.07193290442228317,0.9970190525054932,0.9830811619758606,0.07289632161458333,0.0
0,0.04353368654847145,0.9898303151130676,0.9359345436096191,0.046529134114583336,0.0
0,0.016679726541042328,0.9078037738800049,0.5034288763999939,0.016357421875,0.0
0,0.0013055867748335004,0.49175333976745605,0.01836858130991459,0.000244140625,0.0
0,0.003785003675147891,0.9230391979217529,0.04885505884885788,0.0017801920572916667,0.0
0,0.06880100816488266,0.9963357448577881,0.9791157841682434,0.07023111979166667,0.0
0,0.024961134418845177,0.9130584001541138,0.4672691822052002,0.015675862630208332,0.0
0,0.055197689682245255,0.9846936464309692,0.9168526530265808,0.050740559895833336,0.0
0,0.014225095510482788,0.9388007521629333,0.44726383686065674,0.012542724609375,0.0
0,0.32860252261161804,0.9976677298545837,0.9922143816947937,0.3540445963541667,0.11308797200520833
0,0.016092034056782722,0.8590735793113708,0.3513077199459076,0.008839925130208334,0.0
0,0.001505575142800808,0.21750369668006897,0.030329255387187004,0.0,0.0
0,0.0002856614883057773,0.04535258188843727,0.007093037478625774,0.0,0.0
0,0.0017200434813275933,0.40262699127197266,0.0356094054877758,2.0345052083333332e-05,0.0
0,0.050712887197732925,0.9961903095245361,0.9516838788986206,0.0462646484375,0.0
0,0.0077823251485824585,0.9377830028533936,0.17314834892749786,0.0034383138020833335,0.0
0,0.018759289756417274,0.9810945987701416,0.6569818258285522,0.018381754557291668,0.0
0,0.0005948617472313344,0.4216708540916443,0.009820655919611454,3.0517578125e-05,0.0
0,0.037221238017082214,0.9879926443099976,0.9103862047195435,0.036651611328125,0.0
0,0.007621049880981445,0.7113306522369385,0.14010079205036163,0.0016886393229166667,0.0
0,0.0006165892700664699,0.45045000314712524,0.010209054686129093,3.0517578125e-05,0.0
0,0.0016964864917099476,0.8274101614952087,0.020567096769809723,0.0008951822916666666,0.0
0,0.012499856762588024,0.9071478247642517,0.30022627115249634,0.007049560546875,0.0
0,0.00013026180386077613,0.03521113842725754,0.002115703420713544,0.0,0.0
0,0.001039664726704359,0.4339214563369751,0.02437659725546837,1.0172526041666666e-05,0.0
0,0.04987792298197746,0.9876639246940613,0.883632242679596,0.049845377604166664,0.0
0,0.02914693020284176,0.9718859195709229,0.7180885672569275,0.025624593098958332,0.0
0,0.051849279552698135,0.9966885447502136,0.8846325874328613,0.0384521484375,0.0
0,0.04000462591648102,0.9943140745162964,0.8967949151992798,0.040751139322916664,0.0
0,0.05273475870490074,0.9903663396835327,0.8910492658615112,0.052408854166666664,0.0
0,0.16946347057819366,0.995685338973999,0.9788748621940613,0.17449951171875,0.0
0,0.41274145245552063,0.9993358254432678,0.9965165853500366,0.444244384765625,0.4545491536458333
0,0.00019815139239653945,0.042642392218112946,0.003172682598233223,0.0,0.0
0,0.023191431537270546,0.9983769655227661,0.9335448145866394,0.01947021484375,0.0
0,0.046747248619794846,0.9983769655227661,0.9886682629585266,0.04705810546875,0.025472005208333332
0,0.13768357038497925,0.9954082369804382,0.9339109659194946,0.16144816080729166,0.0
0,0.05334600806236267,0.9770664572715759,0.8308687806129456,0.045908610026041664,0.0
0,0.10053125768899918,0.9934611320495605,0.9674680829048157,0.10933430989583333,0.0
0,0.2801934778690338,0.9962345957756042,0.9872281551361084,0.3245442708333333,0.12939453125
0,0.027359554544091225,0.9658995866775513,0.7112303972244263,0.025309244791666668,0.0
0,0.0386042445898056,0.9927109479904175,0.9253608584403992,0.0372314453125,0.0
0,0.025577763095498085,0.9952632188796997,0.5188873410224915,0.014170328776041666,0.0
0,0.10767417401075363,0.9906237721443176,0.9318356513977051,0.10497029622395833,0.0
0,0.12595398724079132,0.9964203834533691,0.9830850958824158,0.13721720377604166,0.08971150716145833
0,0.07188382744789124,0.9991927742958069,0.9887554049491882,0.06951904296875,0.0
0,0.04628393054008484,0.944587230682373,0.8255854845046997,0.048004150390625,0.0
0,0.07294196635484695,0.9630224108695984,0.8708139061927795,0.07990519205729167,0.0
0,0.005223011132329702,0.6724392175674438,0.11616110056638718,0.00103759765625,0.0
0,0.0014488009037449956,0.18476749956607819,0.03365106135606766,0.0,0.0
0,0.022392332553863525,0.9543930292129517,0.6103954315185547,0.016896565755208332,0.0
0,0.023350641131401062,0.9487276077270508,0.47569483518600464,0.014231363932291666,0.0
0,0.10276570171117783,0.9938070178031921,0.9253649115562439,0.105377197265625,0.0
0,0.0038277015555649996,0.8951566815376282,0.07463503628969193,0.00146484375,0.0
0,0.002822859911248088,0.4765339493751526,0.04849329963326454,4.0690104166666664e-05,0.0
0,0.007561642210930586,0.9941800832748413,0.09366808086633682,0.00738525390625,0.0
0,0.07279988378286362,0.9994766116142273,0.9901770949363708,0.08476765950520833,0.059661865234375
0,0.0016107585979625583,0.9274948239326477,0.011072159744799137,0.0015462239583333333,0.0
0,0.0013293358497321606,0.13083970546722412,0.02136888913810253,0.0,0.0
0,0.02613445371389389,0.9702962636947632,0.8388078808784485,0.030832926432291668,0.0
0,0.009137670509517193,0.7543725371360779,0.16197799146175385,0.0024007161458333335,0.0
0,0.007216978818178177,0.9389128684997559,0.16816051304340363,0.005533854166666667,0.0
0,0.24907080829143524,0.9921537041664124,0.9716717004776001,0.2881062825520833,0.10166422526041667
0,0.16015152633190155,0.994594156742096,0.9832789301872253,0.18526204427083334,0.16514078776041666
0,0.024342745542526245,0.9951889514923096,0.8223275542259216,0.022257486979166668,0.0
0,0.07580342888832092,0.9817007184028625,0.888372004032135,0.07063802083333333,0.0
0,0.004734919872134924,0.9842154383659363,0.08388588577508926,0.0032246907552083335,0.0
0,0.0373743511736393,0.9986801743507385,0.9931760430335999,0.035664876302083336,0.026875813802083332
0,0.024940766394138336,0.9921841025352478,0.7676845788955688,0.025899251302083332,0.0
0,0.01650129072368145,0.9936364889144897,0.5192763209342957,0.013865152994791666,0.0
0,0.001873756293207407,0.6144518852233887,0.056756895035505295,0.00013224283854166666,0.0
0,0.0048060291446745396,0.6158967614173889,0.09825223684310913,0.0003662109375,0.0
0,0.17557379603385925,0.9981104135513306,0.9732407331466675,0.16785625,0.07173541666666666
0,0.5546586513519287,0.9965165853500366,0.9889278411865234,0.6600426666666667,0.6972746666666667
0,0.06371242552995682,0.9976494908332825,0.9607312679290771,0.07024129231770833,0.0
0,0.036887574940919876,0.998504638671875,0.8691603541374207,0.026804606119791668,0.0
0,0.05363855138421059,0.9899476170539856,0.9340314269065857,0.0438232421875,0.0
0,0.0008340234053321183,0.6003054976463318,0.015483987517654896,0.0001220703125,0.0
0,0.04630906879901886,0.9972955584526062,0.9639818668365479,0.047414143880208336,0.0
0,0.003633352695032954,0.6525735855102539,0.07709969580173492,0.000274658203125,0.0
0,0.4110734760761261,0.9997748732566833,0.9992145299911499,0.4314676920572917,0.4430948893229167
0,0.091312937438488,0.9848109483718872,0.7454001903533936,0.06508333333333334,0.0
0,0.00554884085431695,0.9264369606971741,0.13603465259075165,0.0036416666666666667,0.0
0,0.0047502825036644936,0.9902161359786987,0.08035747706890106,0.0040456140350877195,0.0
0,0.03386509418487549,0.9719924926757812,0.5441659092903137,0.023294270833333332,0.0
0,0.14684735238552094,0.9944666028022766,0.9328213930130005,0.15900716145833332,0.07684244791666667
0,0.0036838622763752937,0.9992504715919495,0.013480102643370628,0.003486328125,0.0
0,0.04193797707557678,0.9958821535110474,0.8785228729248047,0.040673705379587734,0.0
0,1.412494748365134e-05,0.03963883966207504,7.426380761899054e-05,0.0,0.0
0,0.05935285985469818,0.982355535030365,0.7496374249458313,0.052689793866264455,0.0
0,0.03729301318526268,0.9803186058998108,0.6544531583786011,0.025296223958333332,0.0
0,0.053245317190885544,0.9990673661231995,0.9846936464309692,0.04717308834955894,0.0
0,0.09398633986711502,0.9771101474761963,0.8862452507019043,0.0966131907308378,0.0
0,0.04447600245475769,0.9852146506309509,0.6721165776252747,0.036513671875,0.0
0,0.02793244458734989,0.9990710020065308,0.9159594178199768,0.024166666666666666,0.0
0,0.1418037712574005,0.9977568984031677,0.9769787192344666,0.14940395752895752,0.05249276061776062
0,0.06246370077133179,0.9983958601951599,0.8810019493103027,0.06475208333333334,0.0
0,0.14678533375263214,0.9971216320991516,0.9646565318107605,0.15418186180422264,0.0
0,0.06371234357357025,0.9925969839096069,0.8787321448326111,0.05428262955854127,0.0
0,0.061401572078466415,0.986151397228241,0.7065965533256531,0.04885076775431862,0.0
0,0.34379449486732483,0.9959140419960022,0.9656413197517395,0.4051630434782609,0.3330848861283644
0,0.11759743839502335,0.972933828830719,0.8201829791069031,0.1076230694980695,0.0
0,0.10917399078607559,0.9750121831893921,0.8036365509033203,0.08802606177606177,0.0
0,0.33130761981010437,0.9948000907897949,0.9789151549339294,0.3767398648648649,0.38072876447876447
0,0.02773156948387623,0.9742884635925293,0.6712604761123657,0.02409090909090909,0.0
0,0.01664135232567787,0.9983385801315308,0.5792289972305298,0.013679380556352165,0.0
0,0.12013115733861923,0.9872281551361084,0.9252299070358276,0.12705749079580855,0.0
0,0.0017585721798241138,0.1985298991203308,0.041617803275585175,0.0,0.0
0,0.0021592455450445414,0.2465333193540573,0.0361519381403923,0.0,0.0
0,0.45963385701179504,0.9995711445808411,0.9962199330329895,0.5207157161690266,0.4934285340498546
0,0.18317343294620514,0.999373733997345,0.9910838603973389,0.1939140374942844,0.15104252400548696
0,0.20616702735424042,0.9987887740135193,0.982624351978302,0.2316872427983539,0.2337265660722451
0,0.23796145617961884,0.9971550703048706,0.9820826053619385,0.2621380952380952,0.14981904761904763
0,0.03212295100092888,0.9975656270980835,0.9331888556480408,0.0318675799086758,0.0
0,0.15505021810531616,0.9993013143539429,0.9788348078727722,0.14820617620345142,0.0
0,0.2211533635854721,0.9995452761650085,0.9944451451301575,0.25159360730593605,0.06991780821917808
0,0.2477325052022934,0.9997658133506775,0.9966365098953247,0.2977989130434783,0.1334963768115942
0,0.10441825538873672,0.9958821535110474,0.9728823304176331,0.09306569343065693,0.013948605139486052
0,0.23754429817199707,0.9964756369590759,0.9855521321296692,0.26591677265531716,0.16777711656417857
0,0.36323490738868713,0.9942250847816467,0.9821512699127197,0.41456061081391604,0.23030194383217284
0,0.2940118610858917,0.9965029954910278,0.9803562164306641,0.33877888688885255,0.3054419171257659
0,0.2358708679676056,0.9975656270980835,0.9800530076026917,0.25333654969275304,0.18920826773652938
0,0.17109613120555878,0.9958337545394897,0.9719393253326416,0.1781353567067853,0.04566544566544566
0,0.01658051460981369,0.9863631129264832,0.4338219463825226,0.011947574522496604,0.0
0,0.282494455575943,0.9988304972648621,0.9973269701004028,0.3081868489583333,0.3212178548177083
0,0.09838642925024033,0.9986329674720764,0.9801673293113708,0.11667887369791667,0.044474283854166664
0,0.13111405074596405,0.9945095181465149,0.9479621648788452,0.134735107421875,0.0
0,0.18377423286437988,0.9718325734138489,0.8820159435272217,0.21581013997395834,0.0
0,0.07946211844682693,0.9839708209037781,0.9489144086837769,0.0684814453125,0.0
0,0.03919920697808266,0.9985841512680054,0.8746008276939392,0.030039469401041668,0.0
0,0.0941084548830986,0.9875683188438416,0.9568741321563721,0.09574381510416667,0.0
0,0.04628393054008484,0.944587230682373,0.8255854845046997,0.048004150390625,0.0
0,0.07294196635484695,0.9630224108695984,0.8708139061927795,0.07990519205729167,0.0
0,0.0049289618618786335,0.6537903547286987,0.15391890704631805,0.0006103515625,0.0
0,6.74202919981326e-06,0.003039649687707424,0.00012240585056133568,0.0,0.0
0,0.008320104330778122,0.897335946559906,0.27722156047821045,0.0062255859375,0.0
0,0.06752195209264755,0.8985886573791504,0.6153751015663147,0.056752522786458336,0.0
0,0.1035202369093895,0.9836598634719849,0.945698082447052,0.112640380859375,0.055948893229166664
0,0.0687248706817627,0.9881309270858765,0.9242786765098572,0.065887451171875,0.0
0,0.04758670553565025,0.9890130758285522,0.9378969073295593,0.053975423177083336,0.032511393229166664
0,0.01570170186460018,0.9904406070709229,0.7013725638389587,0.01495361328125,0.0
0,0.000127362014609389,0.011331754736602306,0.002746900776401162,0.0,0.0
0,0.0638902559876442,0.9980429410934448,0.9803926348686218,0.074798583984375,0.0
0,0.0005301554338075221,0.3114268481731415,0.012098988518118858,0.0,0.0
0,0.008115828968584538,0.6819385886192322,0.14487324655056,0.0017903645833333333,0.0
0,0.37701186537742615,0.9956516623497009,0.9898695349693298,0.43084716796875,0.4988810221354167
0,0.18927644193172455,0.9974983334541321,0.9911527037620544,0.21104939778645834,0.2698262532552083
0,0.057848457247018814,0.9483462572097778,0.7574303150177002,0.06642659505208333,0.0
0,0.2778455913066864,0.9970765113830566,0.9921233057975769,0.3080546061197917,0.1312255859375
0,0.009211345575749874,0.9951514005661011,0.20385649800300598,0.006856282552083333,0.0
0,0.0933748185634613,0.9959140419960022,0.9885804057121277,0.100830078125,0.087005615234375
0,0.12330394238233566,0.993854820728302,0.9791557192802429,0.13337198893229166,0.07798258463541667
0,0.16921740770339966,0.987375020980835,0.949945867061615,0.18503824869791666,0.0
0,0.007712524384260178,0.7964508533477783,0.1645084172487259,0.0015055338541666667,0.0
0,0.053300391882658005,0.9779677391052246,0.9129031896591187,0.054036458333333336,0.0
0,0.08735200017690659,0.9905874133110046,0.9406775832176208,0.093963623046875,0.027140299479166668
0,0.06142773851752281,0.9919691681861877,0.957912266254425,0.06859334309895833,0.0
0,0.28646883368492126,0.9984083771705627,0.9851576089859009,0.3349711100260417,0.4068705240885417
0,0.036075081676244736,0.9554024338722229,0.5466171503067017,0.022298177083333332,0.0
0,0.03846167400479317,0.979393482208252,0.834402859210968,0.03363037109375,0.0
0,0.028167279437184334,0.9392480850219727,0.6203307509422302,0.027435302734375,0.0
0,0.0012183522339910269,0.18417982757091522,0.019567551091313362,0.0,0.0
0,0.12967823445796967,0.9881765246391296,0.9599877595901489,0.13132731119791666,0.0
0,0.04968729987740517,0.976445734500885,0.8450456261634827,0.046946207682291664,0.0
0,0.09016507863998413,0.9520419239997864,0.7514603137969971,0.08442179361979167,0.0
0,0.21853452920913696,0.996434211730957,0.9877586960792542,0.23824055989583334,0.23655192057291666
0,0.0006064201588742435,0.21766994893550873,0.009161027148365974,0.0,0.0
0,0.013529375195503235,0.9960237741470337,0.3266623020172119,0.008260091145833334,0.0
0,0.0031180514488369226,0.6904547214508057,0.06742378324270248,0.0001220703125,0.0
0,0.002583301393315196,0.6311396956443787,0.037961557507514954,0.00128173828125,0.0
0,3.1743278668727726e-05,0.011115013621747494,0.0005815576878376305,0.0,0.0
0,0.004326019436120987,0.7037531733512878,0.10594828426837921,0.0003255208333333333,0.0
0,0.2680669128894806,0.9896317720413208,0.976445734500885,0.3003641764322917,0.0850830078125
0,0.2662689685821533,0.995718777179718,0.9896718263626099,0.2945454915364583,0.24784342447916666
0,0.17329628765583038,0.9979966282844543,0.9846346974372864,0.20644124348958334,0.25506591796875
0,0.004339339677244425,0.4238753318786621,0.09518112242221832,4.0690104166666664e-05,0.0
0,0.0009108993108384311,0.24598956108093262,0.025760557502508163,0.0,0.0
0,0.16157741844654083,0.990767776966095,0.9687380790710449,0.19321695963541666,0.18305460611979166
0,0.05036896467208862,0.9932025074958801,0.9544779658317566,0.050069173177083336,0.0
0,8.87792557477951e-05,0.12474514544010162,0.0016549242427572608,0.0,0.0
0,0.0018556601135060191,0.9164093732833862,0.02748069353401661,0.0005594889322916666,0.0
0,0.00016263833094853908,0.04629189893603325,0.002822832902893424,0.0,0.0
0,0.0486222468316555,0.9431384205818176,0.6902459859848022,0.042388916015625,0.0
0,0.1193021610379219,0.9952632188796997,0.9792352318763733,0.12560017903645834,0.046305338541666664
0,0.10920826345682144,0.9980121850967407,0.9695556163787842,0.121734619140625,0.09903971354166667
0,0.04654226079583168,0.9749646186828613,0.8891386389732361,0.052571614583333336,0.0
0,0.008100063540041447,0.6710395812988281,0.15571549534797668,0.0026652018229166665,0.0
0,0.06951149553060532,0.9879926443099976,0.9323301911354065,0.07688395182291667,0.021525065104166668
0,0.020064610987901688,0.8223318457603455,0.43247920274734497,0.013498942057291666,0.0
0,0.03130703046917915,0.9835337996482849,0.8933038115501404,0.035013834635416664,0.0
0,0.02287702076137066,0.9882676005363464,0.9187678694725037,0.023966471354166668,0.0
0,0.004272074904292822,0.8646537065505981,0.05770213156938553,0.001495361328125,0.0
0,0.13864631950855255,0.9891815781593323,0.9440738558769226,0.14225260416666666,0.0
0,0.020345527678728104,0.9952999353408813,0.9194981455802917,0.020589192708333332,0.0
0,0.05773117020726204,0.9698996543884277,0.7937461733818054,0.060109456380208336,0.0
0,0.0014200694859027863,0.7403621077537537,0.02177867852151394,0.000518798828125,0.0
0,0.009519238956272602,0.8887588381767273,0.25963789224624634,0.005605061848958333,0.0
0,0.03293536603450775,0.9523086547851562,0.6729735732078552,0.032185872395833336,0.0
0,0.11979541927576065,0.9885361194610596,0.8720207810401917,0.12598673502604166,0.0
0,0.04335053637623787,0.9897513389587402,0.9177460074424744,0.041941324869791664,0.0
0,0.0016165337292477489,0.5315437316894531,0.023962024599313736,0.00016276041666666666,0.0
0,0.0005513749783858657,0.43851467967033386,0.008251599036157131,3.0517578125e-05,0.0
0,0.013550221920013428,0.9586926698684692,0.3874550759792328,0.010467529296875,0.0
0,0.005881443154066801,0.9881309270858765,0.1326989382505417,0.005757649739583333,0.0
0,0.0018715974874794483,0.8333246111869812,0.03161697834730148,0.0006103515625,0.0
0,0.0013005704386159778,0.3048688769340515,0.013121269643306732,0.0,0.0
0,0.27194616198539734,0.9967013001441956,0.9904775619506836,0.3059183756510417,0.16887410481770834
0,0.006508891005069017,0.9304582476615906,0.10539455711841583,0.0037943522135416665,0.0
0,0.006953162606805563,0.8155264854431152,0.18817026913166046,0.0030008951822916665,0.0
0,0.00018256634939461946,0.015543648041784763,0.00445052282884717,0.0,0.0
0,0.0030339073855429888,0.8441522121429443,0.053200311958789825,0.0008443196614583334,0.0
0,0.047461848706007004,0.9511421918869019,0.7689067125320435,0.04412841796875,0.0
0,0.00034076941665261984,0.06198946014046669,0.007460643537342548,0.0,0.0
0,0.046351268887519836,0.974821150302887,0.8866050839424133,0.043436686197916664,0.0
0,0.0024023365695029497,0.8850365877151489,0.045777272433042526,0.0010172526041666667,0.0
0,0.0451592355966568,0.9540517926216125,0.809271514415741,0.051401774088541664,0.0
0,0.05504009500145912,0.9992237091064453,0.9929060935974121,0.057505289713541664,0.056681315104166664
0,3.6586781789083034e-05,0.018797073513269424,0.0006589401164092124,0.0,0.0
0,0.0002907213056460023,0.07211221009492874,0.007430910598486662,0.0,0.0
0,0.0027567704673856497,0.6757646203041077,0.06187259033322334,0.0011494954427083333,0.0
0,0.002822859911248088,0.4765339493751526,0.04849329963326454,4.0690104166666664e-05,0.0
0,3.211450575690833e-06,0.0007180297398008406,7.141901005525142e-05,0.0,0.0
0,9.847099863691255e-05,0.011331754736602306,0.0017205345211550593,0.0,0.0
0,4.2908621253445745e-05,0.02190636470913887,0.0007408055826090276,0.0,0.0
0,0.0026488089933991432,0.32734569907188416,0.04107589274644852,0.0,0.0
0,9.35752977966331e-05,0.04940524324774742,0.0020990283228456974,0.0,0.0
0,1.0563186378931277e-06,0.00027586790383793414,2.0948189558112063e-05,0.0,0.0
0,0.00046658635255880654,0.14767806231975555,0.009898063726723194,0.0,0.0
0,9.345773287350312e-05,0.04867657274007797,0.0018969200318679214,0.0,0.0
0,0.023654481396079063,0.9914224743843079,0.7627723813056946,0.025472005208333332,0.0
0,0.0004174731147941202,0.14306794106960297,0.007345826830714941,0.0,0.0
0,0.002161453478038311,0.5948455333709717,0.06644430011510849,0.00020345052083333334,0.0
0,0.12330043315887451,0.9982385635375977,0.9883578419685364,0.138885498046875,0.135589599609375
0,0.00020929565653204918,0.0555151142179966,0.004182007163763046,0.0,0.0
0,0.05158647894859314,0.9948403239250183,0.9667888283729553,0.054036458333333336,0.0
0,0.06715981662273407,0.9858275651931763,0.9122800230979919,0.066131591796875,0.0
0,0.0016313422238454223,0.5221260190010071,0.04603133350610733,0.00010172526041666667,0.0
0,0.0013153739273548126,0.6791787147521973,0.01406200509518385,0.0006510416666666666,0.0
0,0.0008115759119391441,0.299105167388916,0.023240597918629646,0.0,0.0
0,0.013695262372493744,0.8877896666526794,0.32007062435150146,0.007731119791666667,0.0
0,0.012472297064960003,0.8502200841903687,0.30207905173301697,0.006683349609375,0.0
0,1.4895399544911925e-05,0.007518718484789133,0.0002824080584105104,0.0,0.0
0,0.008746958337724209,0.8826303482055664,0.20212803781032562,0.004109700520833333,0.0
0,0.15636907517910004,0.9909797310829163,0.966663122177124,0.18138631184895834,0.0
0,0.0006046806811355054,0.3652302324771881,0.011331754736602306,0.0,0.0
0,4.935295510222204e-05,0.012007351033389568,0.0007408055826090276,0.0,0.0
0,1.1554783668543678e-05,0.003930085338652134,0.0002234163403045386,0.0,0.0
0,0.005243366118520498,0.41406935453414917,0.10087329894304276,7.120768229166667e-05,0.0
0,0.036626312881708145,0.9971771240234375,0.9290435314178467,0.037821451822916664,0.0
0,0.004799773916602135,0.9726234674453735,0.04031117260456085,0.005015055338541667,0.0
0,0.001035664463415742,0.725551426410675,0.0024246315006166697,0.000823974609375,0.0
0,0.02323150634765625,0.9019206762313843,0.6778942346572876,0.021291097005208332,0.0
0,0.00032371774432249367,0.13753247261047363,0.009089330211281776,0.0,0.0
0,0.005336990114301443,0.8449215292930603,0.13741667568683624,0.0031026204427083335,0.0
0,0.009723196737468243,0.9967899918556213,0.2781558036804199,0.008565266927083334,0.0
0,0.017446113750338554,0.9237300753593445,0.44648388028144836,0.013264973958333334,0.0
0,0.00023021553352009505,0.03120281919836998,0.00524044968187809,0.0,0.0
0,0.019049836322665215,0.996364176273346,0.5099587440490723,0.012176513671875,0.0
0,0.004379375837743282,0.8326452970504761,0.1265658587217331,0.0025126139322916665,0.0
0,0.05776827409863472,0.9877586960792542,0.9424007534980774,0.060526529947916664,0.0
0,0.0014624107861891389,0.7403621077537537,0.027169233188033104,0.0003560384114583333,0.0
0,0.0020390257705003023,0.685949444770813,0.04016032814979553,0.0008544921875,0.0
0,0.07348301261663437,0.9895108342170715,0.8873999118804932,0.08222452799479167,0.0
0,0.011571097187697887,0.9979966282844543,0.7621564269065857,0.011983235677083334,0.0
0,0.020251812413334846,0.7687332034111023,0.3278769850730896,0.007425944010416667,0.0
0,0.01260989811271429,0.9838472008705139,0.5277194976806641,0.012969970703125,0.0
0,0.006603717338293791,0.8118252158164978,0.20071430504322052,0.004323323567708333,0.0
0,0.00035041547380387783,0.03803509101271629,0.005321916192770004,0.0,0.0
0,0.0021677135955542326,0.47787395119667053,0.04620574787259102,0.000335693359375,0.0
0,0.0001949905272340402,0.1283065229654312,0.0013458605390042067,0.0,0.0
0,0.010866761207580566,0.9503188729286194,0.3377428650856018,0.009165445963541666,0.0
0,0.005612186621874571,0.9582260847091675,0.1551758199930191,0.004302978515625,0.0
0,0.07770074158906937,0.9821512699127197,0.9317076802253723,0.08536783854166667,0.0
0,0.04182151332497597,0.9818405508995056,0.6596211791038513,0.032918294270833336,0.0
0,0.0006812548381276429,0.36579644680023193,0.010528494603931904,0.0,0.0
0,0.013335651718080044,0.6874201893806458,0.3698839247226715,0.009429931640625,0.0
0,0.001272904104553163,0.6113239526748657,0.030041664838790894,0.0003458658854166667,0.0
0,0.24247662723064423,0.9929336309432983,0.9780936241149902,0.2742513020833333,0.20182291666666666
0,0.00016513606533408165,0.08137363195419312,0.0032854503951966763,0.0,0.0
0,0.008266041986644268,0.8399966359138489,0.2509128153324127,0.006317138671875,0.0
0,0.00015136782894842327,0.02931223064661026,0.004022909794002771,0.0,0.0
0,0.00018871754582505673,0.032161444425582886,0.0043653263710439205,0.0,0.0
0,0.0011797469342127442,0.7122321724891663,0.026056302711367607,8.138020833333333e-05,0.0
0,0.11569266766309738,0.9933330416679382,0.9712929129600525,0.13219197591145834,0.0872802734375
0,0.01122125331312418,0.995372474193573,0.5988829731941223,0.011444091796875,0.0
0,0.03094593621790409,0.986415684223175,0.7796525359153748,0.025726318359375,0.0
0,2.174982228098088e-06,0.0009811719646677375,4.870464181294665e-05,0.0,0.0
0,0.3005748987197876,0.9954439401626587,0.9881309270858765,0.3372090657552083,0.4165140787760417
0,0.09778574854135513,0.967100977897644,0.8636183142662048,0.10492960611979167,0.0
0,0.1868634968996048,0.9905508756637573,0.9676556587219238,0.19606526692708334,0.0
0,0.004876629449427128,0.7929456830024719,0.15291562676429749,0.0025533040364583335,0.0
0,0.007306933403015137,0.7071014046669006,0.1495276689529419,0.000885009765625,0.0
0,0.0003208692360203713,0.08977328985929489,0.0065388246439397335,0.0,0.0
0,0.0017746492521837354,0.5035762190818787,0.03228142857551575,0.0001220703125,0.0
0,0.1394537091255188,0.9930152893066406,0.9592307209968567,0.141815185546875,0.0
0,0.000990126864053309,0.3029063642024994,0.018124721944332123,0.0,0.0
0,0.00975948665291071,0.9241418242454529,0.284458726644516,0.007232666015625,0.0
0,0.00014106163871474564,0.03547750413417816,0.0026730059180408716,0.0,0.0
0,0.026982419192790985,0.9895513653755188,0.7227080464363098,0.024027506510416668,0.0
0,0.027894357219338417,0.9895513653755188,0.8741782307624817,0.030364990234375,0.0
0,0.0840139165520668,0.9991958737373352,0.9628089666366577,0.09490966796875,0.00732421875
0,0.0004165913269389421,0.07172112911939621,0.012383784167468548,0.0,0.0
0,0.005732627119868994,0.8413047790527344,0.16013070940971375,0.003570556640625,0.0
0,0.024855444207787514,0.9058233499526978,0.5451912879943848,0.020548502604166668,0.0
0,0.0008689599926583469,0.18097352981567383,0.01711088791489601,0.0,0.0
0,0.0009262303356081247,0.17582091689109802,0.018978038802742958,0.0,0.0
0,0.009851536713540554,0.6657366752624512,0.15114930272102356,0.0009765625,0.0
0,0.0008566309697926044,0.2724114954471588,0.017307106405496597,0.0,0.0
0,8.656260433781426e-06,0.0024438868276774883,0.00015720345254521817,0.0,0.0
0,0.1331261247396469,0.9910492897033691,0.9610980749130249,0.138092041015625,0.0
0,0.015143248252570629,0.9629528522491455,0.5812205076217651,0.014139811197916666,0.0
0,0.05639541149139404,0.9820137619972229,0.8695972561836243,0.048624674479166664,0.0
0,2.5249986720154993e-05,0.005865338258445263,0.0004511578590609133,0.0,0.0
0,0.06853032857179642,0.9876639246940613,0.9498556852340698,0.06597900390625,0.0
0,0.09669465571641922,0.9920926690101624,0.9544779658317566,0.10847981770833333,0.0
0,0.009550836868584156,0.9905874133110046,0.4877474009990692,0.010264078776041666,0.0
0,0.06232055649161339,0.991355836391449,0.9263036847114563,0.070831298828125,0.0
0,0.09097058326005936,0.9743373394012451,0.822474479675293,0.0816650390625,0.0
0,0.07214444130659103,0.9981104135513306,0.9549793601036072,0.06795247395833333,0.0
0,0.00018619631009642035,0.05738753825426102,0.004700060468167067,0.0,0.0
0,0.004578294698148966,0.8022459149360657,0.0991208553314209,0.0016886393229166667,0.0
0,0.10114533454179764,0.9949788451194763,0.9515040516853333,0.10010782877604167,0.0
0,0.00374817568808794,0.9798226952552795,0.04360952600836754,0.0025227864583333335,0.0
0,0.001804869738407433,0.8686040639877319,0.02992974780499935,0.00018310546875,0.0
0,0.0015948399668559432,0.5429238677024841,0.026253804564476013,0.000396728515625,0.0
0,0.09803766757249832,0.9938787817955017,0.9103862047195435,0.08819580078125,0.0
0,0.04403037950396538,0.9761745929718018,0.6790723204612732,0.030263264973958332,0.0
0,0.08964088559150696,0.9920002222061157,0.95743727684021,0.09450276692708333,0.0
0,0.07348080724477768,0.9863104820251465,0.8998225331306458,0.06568400065104167,0.0
0,0.008861499838531017,0.8510885834693909,0.19993212819099426,0.00274658203125,0.0
0,0.021860694512724876,0.9860442876815796,0.7804902195930481,0.021372477213541668,0.0
0,0.10623631626367569,0.999312162399292,0.990215003490448,0.10600789388020833,0.0
0,0.22051353752613068,0.9993013143539429,0.9923341274261475,0.23304239908854166,0.20777384440104166
0,0.0004535624757409096,0.3802410066127777,0.007148271892219782,1.0172526041666666e-05,0.0
0,0.03164667263627052,0.9996033310890198,0.995354413986206,0.030314127604166668,0.0
0,5.728151882067323e-05,0.007039045449346304,0.0012065897462889552,0.0,0.0
0,0.05043555423617363,0.9994514584541321,0.9910492897033691,0.050089518229166664,0.0
0,0.006020938511937857,0.9918753504753113,0.0828411802649498,0.004150390625,0.0
0,0.13464871048927307,0.9901019334793091,0.9145978689193726,0.12674133333333334,0.0
0,0.25688090920448303,0.9891397356987,0.9526631832122803,0.28730133333333335,0.2518026666666667
0,0.06646151095628738,0.9862046241760254,0.8591930270195007,0.056416,0.029952
0,0.09439539909362793,0.9872281551361084,0.9238675236701965,0.095168,0.0
0,0.06600632518529892,0.9926826357841492,0.9164093732833862,0.058553059895833336,0.0
0,0.12931036949157715,0.9988840222358704,0.9912548065185547,0.13318888346354166,0.0
0,0.004373694770038128,0.9892232418060303,0.08035747706890106,0.0028450520833333335,0.0
0,0.019808998331427574,0.9961456060409546,0.5199833512306213,0.013085416666666667,0.0
0,0.42488279938697815,0.9996110796928406,0.9944234490394592,0.4676118290258449,0.4724602385685885
0,0.036458417773246765,0.986929178237915,0.795340359210968,0.0293875,0.0
0,0.03523657098412514,0.9934611320495605,0.8198961615562439,0.028970833333333335,0.0
0,0.3547382056713104,0.9980581402778625,0.9869794845581055,0.39104676789938736,0.3539994338516287
0,0.10721457004547119,0.9992021918296814,0.9162596464157104,0.10965576712424546,0.0
0,0.2540872395038605,0.9987887740135193,0.9929881691932678,0.26829566854990583,0.12272598870056498
0,0.03097001649439335,0.9952999353408813,0.8786270022392273,0.02495196926032661,0.0
0,0.0676707997918129,0.9946150183677673,0.9551520943641663,0.047629050453183955,0.0
0,0.21942411363124847,0.9992678761482239,0.9939963817596436,0.2276685393258427,0.06630898876404494
0,0.10692309588193893,0.997739315032959,0.9820137619972229,0.09660623229461757,0.0
0,0.04671824723482132,0.9935117363929749,0.9015746116638184,0.04286857142857143,0.0
0,0.26507964730262756,0.9992648959159851,0.9930152893066406,0.29506633499170815,0.10362354892205639
0,0.010365537367761135,0.9787938594818115,0.21223203837871552,0.00508984725965858,0.0
0,0.0014909517485648394,0.2950267493724823,0.02590802125632763,0.0,0.0
0,0.06998057663440704,0.9947595000267029,0.8790439963340759,0.06019151138716356,0.0
0,0.2722211480140686,0.9997016787528992,0.9961004257202148,0.2784031198686371,0.25704433497536944
0,0.6020000576972961,0.9984391331672668,0.9968641400337219,0.6533620689655173,0.647196223316913
0,0.40268126130104065,0.9990600943565369,0.9967648983001709,0.42553763440860215,0.3653019023986766
0,0.09511376917362213,0.9914224743843079,0.9287972450256348,0.08932755775577558,0.0
0,0.18271800875663757,0.9981397390365601,0.9915215969085693,0.18566666666666667,0.08958024691358024
0,0.08715751022100449,0.9999969005584717,0.9616780281066895,0.08962735462735463,0.0
0,0.0219008456915617,0.9883127808570862,0.6292245388031006,0.018503069253903513,0.0
0,0.5909205079078674,0.9985505938529968,0.9950177073478699,0.6700207924253536,0.686313011431891
0,0.0231589637696743,0.9921233057975769,0.5844953060150146,0.016248782862706913,0.0
0,0.07814420014619827,0.9978925585746765,0.8190264105796814,0.06215416666666667,0.0
0,0.21553419530391693,0.9986169338226318,0.9740425944328308,0.2283847549909256,0.02590307185588492
0,0.03854813054203987,0.9776712656021118,0.6295468807220459,0.02680591230679104,0.0
0,0.09906093776226044,0.9991507530212402,0.9812389612197876,0.10639705882352941,0.03075827205882353
0,0.1439775675535202,0.9986646175384521,0.9248236417770386,0.13168433451118963,0.0
0,0.016660921275615692,0.9787938594818115,0.5891976356506348,0.015478252501924557,0.0
0,0.4448091387748718,0.9987404942512512,0.9942025542259216,0.4942736172576968,0.45756652681188575
0,0.006190186832100153,0.7343100905418396,0.11711296439170837,0.0015264203905177537,0.0
0,0.15543697774410248,0.998245358467102,0.9793145656585693,0.16414756060889743,0.09509625368078842
0,0.002279364736750722,0.8556100726127625,0.04122771695256233,0.0012308756510416667,0.0
0,0.1346980184316635,0.9913222789764404,0.9660280346870422,0.14671834309895834,0.0
0,0.3922334909439087,0.9954615235328674,0.9900250434875488,0.4278666178385417,0.4071146647135417
0,0.5488195419311523,0.9976310729980469,0.9923924803733826,0.62506103515625,0.7146809895833334
0,0.04053729400038719,0.9798612594604492,0.8489722013473511,0.039652506510416664,0.0
0,0.21906781196594238,0.9960391521453857,0.9755303859710693,0.23085530598958334,0.0
0,0.5989553928375244,0.999438464641571,0.9973580241203308,0.6645609537760416,0.8157552083333334
0,0.02012997679412365,0.9804313778877258,0.6612637042999268,0.019643147786458332,0.0
0,0.24552470445632935,0.9975274205207825,0.97947096824646,0.2646586100260417,0.0
0,0.12442464381456375,0.9993281364440918,0.9766233563423157,0.13812255859375,0.0
0,0.15869031846523285,0.996160626411438,0.9762186408042908,0.16890462239583334,0.0
0,0.14304395020008087,0.9994000196456909,0.9901770949363708,0.14866129557291666,0.0
0,0.07166954129934311,0.9902161359786987,0.9287855625152588,0.0723876953125,0.0
0,0.09192332625389099,0.9986006617546082,0.9278878569602966,0.08696492513020833,0.0
0,0.19537091255187988,0.9987305998802185,0.9922744631767273,0.20146687825520834,0.16747029622395834
0,0.01740502566099167,0.9318356513977051,0.44552409648895264,0.013142903645833334,0.0
0,0.17395509779453278,0.9954615235328674,0.9810219407081604,0.18178304036458334,0.056803385416666664
0,0.010268395766615868,0.9063219428062439,0.22286926209926605,0.005767822265625,0.0
0,0.4505860507488251,0.9980505704879761,0.9908744096755981,0.5102437337239584,0.5508321126302084
0,0.07297292351722717,0.9841545820236206,0.7919820547103882,0.056040445963541664,0.0
0,0.007153959944844246,0.8063956499099731,0.1651887148618698,0.0037434895833333335,0.0
0,0.11791422218084335,0.9948403239250183,0.9628831148147583,0.10197957356770833,0.0
0,0.23011821508407593,0.9936116337776184,0.9761291742324829,0.25775146484375,0.11521402994791667
0,0.2619473934173584,0.9956516623497009,0.9798997044563293,0.2799784342447917,0.0
0,0.018339334055781364,0.9424007534980774,0.5161396265029907,0.014109293619791666,0.0
0,0.010711790062487125,0.8456876873970032,0.2242150902748108,0.004140218098958333,0.0
0,0.22492706775665283,0.9985392093658447,0.9941118359565735,0.22833251953125,0.17220052083333334
0,0.13408143818378448,0.9946358799934387,0.9747251272201538,0.137420654296875,0.0
0,0.16852597892284393,0.9949199557304382,0.9654463529586792,0.17647298177083334,0.0
0,0.1480436474084854,0.9983256459236145,0.9768908023834229,0.13899739583333334,0.0
0,0.24835501611232758,0.9956005811691284,0.9798215627670288,0.25933837890625,0.08781941731770833
0,0.1297571063041687,0.9988440275192261,0.9820137619972229,0.12804158528645834,0.017710367838541668
0,0.07075736671686172,0.9919379353523254,0.9384632706642151,0.057017008463541664,0.0
0,0.08496597409248352,0.977022647857666,0.876621663570404,0.068145751953125,0.0
0,0.5303244590759277,0.9988440275192261,0.9969603419303894,0.571319580078125,0.5539143880208334
0,0.029359668493270874,0.9895108342170715,0.8312759399414062,0.026590983072916668,0.0
0,0.011976919136941433,0.9585376977920532,0.34070125222206116,0.008585611979166666,0.0
0,0.23317457735538483,0.9919379353523254,0.975296139717102,0.2554829915364583,0.12004597981770833
0,0.11293146759271622,0.9900250434875488,0.959307074546814,0.11452229817708333,0.0
0,0.18844257295131683,0.9935368895530701,0.9664085507392883,0.19771321614583334,0.0
0,0.1552496999502182,0.9961456060409546,0.976669192314148,0.16547648111979166,0.028961181640625
0,0.06215283274650574,0.9337939620018005,0.7142266035079956,0.040273030598958336,0.0
0,0.06140380725264549,0.9787126779556274,0.8517026305198669,0.052886962890625,0.0
0,0.1747690886259079,0.9844563603401184,0.9418684244155884,0.186981201171875,0.0
0,0.007834762334823608,0.9691494703292847,0.15960606932640076,0.00372314453125,0.0
0,0.1575840711593628,0.9971771240234375,0.9885361194610596,0.15922037760416666,0.04046630859375
0,0.03852162882685661,0.9326989054679871,0.6503495573997498,0.032206217447916664,0.0
0,0.4634939134120941,0.9961305856704712,0.9899476170539856,0.5379130045572916,0.657928466796875
0,0.08283355087041855,0.9838472008705139,0.8708105683326721,0.08439127604166667,0.0
0,0.0011219780426472425,0.2509128153324127,0.016914913430809975,0.0,0.0
0,0.0853208675980568,0.9928231239318848,0.965833306312561,0.08613077799479167,0.0
0,0.11729373782873154,0.9947391152381897,0.9593024849891663,0.12293497721354167,0.0
0,0.17838354408740997,0.9949592351913452,0.9758071303367615,0.187713623046875,0.0
0,0.11098936945199966,0.9989474415779114,0.9734938144683838,0.112213134765625,0.0
0,0.09155866503715515,0.9821512699127197,0.8531803488731384,0.074432373046875,0.0
0,0.015000584535300732,0.9240047931671143,0.3234805166721344,0.007893880208333334,0.0
0,0.0020397573243826628,0.4335617423057556,0.03547750413417816,1.0172526041666666e-05,0.0
0,0.3705258369445801,0.9975656270980835,0.9910492897033691,0.3985392252604167,0.3549906412760417
0,0.0010682818247005343,0.13488984107971191,0.026506125926971436,0.0,0.0
0,0.04179811105132103,0.9915870428085327,0.8171283602714539,0.036305745442708336,0.0
0,0.03730487823486328,0.974531888961792,0.8326411843299866,0.035817464192708336,0.0
0,0.19684679806232452,0.9963924288749695,0.9635748267173767,0.20240275065104166,0.0
0,0.001369026373140514,0.9977216124534607,0.0023688743822276592,0.0013834635416666667,0.0
0,0.0004212315834593028,0.18140818178653717,0.0071214293129742146,0.0,0.0
0,0.04655197262763977,0.9824230670928955,0.7392285466194153,0.039713541666666664,0.0
0,0.06717067211866379,0.9972955584526062,0.9396923184394836,0.056752522786458336,0.0
0,0.18821202218532562,0.9931228756904602,0.9803186058998108,0.208282470703125,0.15199788411458334
0,0.1678272932767868,0.9989182949066162,0.9937587976455688,0.17720540364583334,0.12343343098958333
0,0.09568770974874496,0.9989596605300903,0.9763543009757996,0.10155232747395833,0.0
0,0.11568344384431839,0.9985277652740479,0.9609517455101013,0.11146036783854167,0.0
0,0.06278737634420395,0.9681411385536194,0.883632242679596,0.06529744466145833,0.0
0,0.15219764411449432,0.9915544390678406,0.9587675929069519,0.160186767578125,0.0
0,0.3761856257915497,0.9983385801315308,0.9951702952384949,0.4096272786458333,0.345611572265625
0,0.0027261804789304733,0.9149009585380554,0.047866340726614,0.0019632975260416665,0.0
0,0.2100459337234497,0.9957684278488159,0.987129271030426,0.222076416015625,0.0
0,0.03394310176372528,0.9978001713752747,0.9842759370803833,0.032887776692708336,0.0
0,0.40328046679496765,0.9981827735900879,0.9917163252830505,0.4431864420572917,0.4805399576822917
0,0.03635774925351143,0.9710193276405334,0.7133288383483887,0.031382242838541664,0.0
0,0.055698733776807785,0.9942025542259216,0.945600688457489,0.061431884765625,0.0
0,0.0999210849404335,0.9900636076927185,0.9465966820716858,0.10081990559895833,0.0
0,0.04881255701184273,0.9685006141662598,0.6265778541564941,0.029001871744791668,0.0
0,0.10281505435705185,0.9971550703048706,0.981979250907898,0.10565185546875,0.0
0,0.00892926286906004,0.5486735105514526,0.12189465761184692,0.000823974609375,0.0
0,0.004959301557391882,0.5849826335906982,0.08755915611982346,0.00048828125,0.0
0,0.06942503154277802,0.9952077269554138,0.9464978575706482,0.057586669921875,0.0
0,0.02745503932237625,0.997166097164154,0.6617010235786438,0.027313232421875,0.0
0,0.024174964055418968,0.974821150302887,0.43554139137268066,0.012797037760416666,0.0
0,0.0038181899581104517,0.5029716491699219,0.07599522173404694,0.0002543131510416667,0.0
0,0.12779545783996582,0.997368335723877,0.9828232526779175,0.12336222330729167,0.06378173828125
0,0.040386829525232315,0.9941118359565735,0.9007046222686768,0.037526448567708336,0.0
0,0.0814158245921135,0.959307074546814,0.7735586762428284,0.06500244140625,0.0
0,0.06741490960121155,0.9557340741157532,0.6926388740539551,0.046223958333333336,0.0
0,0.04457387328147888,0.9555686116218567,0.6950244903564453,0.034077962239583336,0.0
0,0.005086210090667009,0.9440738558769226,0.13340845704078674,0.0033162434895833335,0.0
0,4.645025182981044e-05,0.016721144318580627,0.0008135565440170467,0.0,0.0
0,0.06730364263057709,0.9690324664115906,0.8045595288276672,0.062713623046875,0.0
0,0.27474838495254517,0.9983189702033997,0.9905874133110046,0.2943522135416667,0.20210774739583334
0,0.000492747116368264,0.12549343705177307,0.01069375779479742,0.0,0.0
0,0.0832466259598732,0.9910838603973389,0.9699549078941345,0.085662841796875,0.0
0,0.40048035979270935,0.9995678067207336,0.9974586963653564,0.4262186686197917,0.4598795572916667
0,0.0003154331643600017,0.2568320035934448,0.006217078305780888,0.0,0.0
0,0.05026908591389656,0.9832144975662231,0.8127142786979675,0.04278564453125,0.0
0,0.01850477047264576,0.9653158187866211,0.41412681341171265,0.01141357421875,0.0
0,0.00017794482118915766,0.03085050918161869,0.004503272473812103,0.0,0.0
0,0.1800127625465393,0.9925393462181091,0.958615243434906,0.18806966145833334,0.0
0,0.199839785695076,0.9898695349693298,0.9623205661773682,0.21818033854166666,0.0
0,0.040186673402786255,0.9537081718444824,0.604158341884613,0.0223388671875,0.0
0,0.19367335736751556,0.9894295334815979,0.9569571614265442,0.20020548502604166,0.0
0,0.00020823499653488398,0.06608537584543228,0.004609572235494852,0.0,0.0
0,0.013142946176230907,0.9499486684799194,0.4140101373195648,0.01104736328125,0.0
0,0.001663706381805241,0.7839884757995605,0.016721144318580627,0.0012308756510416667,0.0
0,0.1486114263534546,0.9941118359565735,0.9775000214576721,0.15467325846354166,0.0
0,0.09200163930654526,0.9986749291419983,0.991186797618866,0.09120686848958333,0.06711832682291667
0,0.03383120521903038,0.9911182522773743,0.7117986679077148,0.024200439453125,0.0
0,0.13047510385513306,0.9941347241401672,0.9537942409515381,0.131805419921875,0.0
0,0.11355263739824295,0.9984330534934998,0.987616240978241,0.11188761393229167,0.0
0,0.005580579861998558,0.978425920009613,0.0928373858332634,0.004618326822916667,0.0
0,0.01699385978281498,0.9474782943725586,0.428335040807724,0.011617024739583334,0.0
0,0.05330777168273926,0.99703049659729,0.9720969796180725,0.052937825520833336,0.0
0,0.0014261278556659818,0.8429924845695496,0.006984650157392025,0.001373291015625,0.0
0,0.002606112277135253,0.26001352071762085,0.05070536583662033,0.0,0.0
0,5.8191653806716204e-05,0.009449081495404243,0.0009039676515385509,0.0,0.0
0,0.04799326881766319,0.9979966282844543,0.923863410949707,0.039052327473958336,0.0
0,0.0007068013655953109,0.31247490644454956,0.008283627219498158,0.0,0.0
0,0.041325923055410385,0.9651191234588623,0.8023961186408997,0.033579508463541664,0.0
0,0.1750924438238144,0.9952816367149353,0.9719924926757812,0.183563232421875,0.0
0,0.050628259778022766,0.9877113699913025,0.8272664546966553,0.046844482421875,0.0
0,0.0029782194178551435,0.8122723698616028,0.06828853487968445,0.0006510416666666666,0.0
0,0.00010448876855662093,0.012821215204894543,0.002424914389848709,0.0,0.0
0,0.3197307884693146,0.9909447431564331,0.9621765613555908,0.366546630859375,0.0
0,0.16434432566165924,0.992452085018158,0.9666001796722412,0.17394002278645834,0.0
0,0.013614274561405182,0.9894295334815979,0.6362264752388,0.0147705078125,0.0
0,0.09098444133996964,0.9843363761901855,0.7668178677558899,0.06134033203125,0.0
0,0.0005978368571959436,0.19345194101333618,0.01379536371678114,0.0,0.0
0,0.023954743519425392,0.9936364889144897,0.7856327295303345,0.023549397786458332,0.0
0,0.01999613828957081,0.9922744631767273,0.4912627041339874,0.015248616536458334,0.0
0,0.014060200192034245,0.9846936464309692,0.5017904043197632,0.013570149739583334,0.0
0,0.006791135761886835,0.48823001980781555,0.10266400873661041,0.00010172526041666667,0.0
0,0.06409192830324173,0.9909096360206604,0.8460658192634583,0.053751627604166664,0.0
0,0.054857369512319565,0.9744833707809448,0.828518807888031,0.047617594401041664,0.0
0,0.45989546179771423,0.9989515542984009,0.9965029954910278,0.488433837890625,0.3458658854166667
0,0.1455927938222885,0.9974689483642578,0.9881309270858765,0.14844767252604166,0.0
0,0.08054753392934799,0.9967774748802185,0.9513206481933594,0.080047607421875,0.0
0,0.029922671616077423,0.9851576089859009,0.6700525283813477,0.021372477213541668,0.0
0,0.00037057543522678316,0.09687653928995132,0.006387578323483467,0.0,0.0
0,0.012376327998936176,0.8783142566680908,0.34399595856666565,0.008341471354166666,0.0
0,0.15372414886951447,0.9875203371047974,0.9543930292129517,0.16327921549479166,0.0
0,0.03798597306013107,0.9762200117111206,0.5746914148330688,0.023295084635416668,0.0
0,0.03486498072743416,0.9944666028022766,0.8360157608985901,0.034271240234375,0.0
0,0.0029638002160936594,0.9358173608779907,0.05310790240764618,0.0021565755208333335,0.0
0,0.02107316255569458,0.9787533283233643,0.6131756901741028,0.017608642578125,0.0
0,0.004227855242788792,0.9571978449821472,0.06394842267036438,0.0025431315104166665,0.0
0,0.04905672371387482,0.9953363537788391,0.9135223627090454,0.046152750651041664,0.0
0,0.0003101887705270201,0.06681232899427414,0.007093861233443022,0.0,0.0
0,0.03333716839551926,0.9687971472740173,0.5439766049385071,0.022440592447916668,0.0
0,0.3517518937587738,0.9979251623153687,0.9944666028022766,0.37335205078125,0.3037211100260417
0,0.14970672130584717,0.9966495633125305,0.9764443635940552,0.15472412109375,0.0
0,0.10739478468894958,0.9972531199455261,0.9479621648788452,0.10230509440104167,0.0
0,1.5603931387886405e-05,0.010944577865302563,0.00028462239424698055,0.0,0.0
0,0.14005912840366364,0.9975656270980835,0.9645184278488159,0.15398152669270834,0.0
0,0.0748567059636116,0.9994557499885559,0.9887554049491882,0.07105509440104167,0.0
0,0.1445644497871399,0.9966885447502136,0.9753416776657104,0.16072591145833334,0.0
0,0.22312454879283905,0.9973887801170349,0.9883127808570862,0.24428304036458334,0.0
0,0.05889107659459114,0.9980881810188293,0.952397346496582,0.057423909505208336,0.0
0,0.15425395965576172,0.9984452128410339,0.9872773289680481,0.15746053059895834,0.0
0,0.2223447561264038,0.9994745850563049,0.9966625571250916,0.23958333333333334,0.047047932942708336
0,0.13603486120700836,0.9869794845581055,0.9019154906272888,0.13291422526041666,0.0
0,0.07402930408716202,0.9843964576721191,0.8628112077713013,0.07781982421875,0.0
0,0.09021442383527756,0.9988707900047302,0.9111796617507935,0.08818562825520833,0.0
0,0.17424678802490234,0.996434211730957,0.972151517868042,0.18520100911458334,0.0
0,0.006255605723708868,0.9462003111839294,0.1298368275165558,0.0027669270833333335,0.0
0,0.10021153092384338,0.9979089498519897,0.9536192417144775,0.09203084309895833,0.0
0,0.02859649993479252,0.9895108342170715,0.5760596990585327,0.01849365234375,0.0
0,0.00995362177491188,0.9793145656585693,0.15228042006492615,0.005289713541666667,0.0
0,0.003193281590938568,0.6569884419441223,0.059866417199373245,0.0005391438802083334,0.0
0,0.10841131210327148,0.996434211730957,0.9820826053619385,0.112152099609375,0.0
0,0.03979581221938133,0.9684410095214844,0.743354320526123,0.031585693359375,0.0
0,0.0023072408512234688,0.4145433008670807,0.043691061437129974,4.0690104166666664e-05,0.0
0,0.011691302061080933,0.8657925128936768,0.3504180610179901,0.008880615234375,0.0
0,0.17197097837924957,0.9923933744430542,0.9655115008354187,0.17967732747395834,0.0
0,0.00048424184205941856,0.06512754410505295,0.008644177578389645,0.0,0.0
0,0.10936690121889114,0.9948803186416626,0.9545602202415466,0.10801188151041667,0.0
0,0.025882616639137268,0.968678891658783,0.5954766869544983,0.021942138671875,0.0
0,0.11932184547185898,0.995718777179718,0.9821512699127197,0.11949666341145833,0.0
0,0.10422772169113159,0.987375020980835,0.922062337398529,0.1090087890625,0.0
0,0.004903361201286316,0.9762200117111206,0.08035314828157425,0.0026753743489583335,0.0
0,0.01954481191933155,0.9238675236701965,0.3810468018054962,0.010101318359375,0.0
0,0.052311237901449203,0.9795897603034973,0.8509610295295715,0.048553466796875,0.0
0,0.010885119438171387,0.8992984294891357,0.26817408204078674,0.006368001302083333,0.0
0,0.0019962280057370663,0.5984295010566711,0.04107589274644852,0.000579833984375,0.0
0,0.008337150327861309,0.8162599205970764,0.28715574741363525,0.005859375,0.0
0,0.002634773962199688,0.40233340859413147,0.044431429356336594,3.0517578125e-05,0.0
0,0.01462563592940569,0.8340017199516296,0.3604755401611328,0.008992513020833334,0.0
0,0.002005117479711771,0.5401053428649902,0.039564553648233414,0.0004170735677083333,0.0
0,0.5310339331626892,0.9998013377189636,0.9989225268363953,0.5911966959635416,0.614227294921875
0,0.022770307958126068,0.9177460074424744,0.5079855918884277,0.014811197916666666,0.0
0,0.007933189161121845,0.9591543078422546,0.27094778418540955,0.006825764973958333,0.0
0,0.0012627866817638278,0.7187917828559875,0.02346331812441349,0.000335693359375,0.0
0,0.0058703236281871796,0.9665370583534241,0.10780700296163559,0.003631591796875,0.0
0,0.0008512365748174489,0.85500568151474,0.00982179306447506,0.0003458658854166667,0.0
0,7.597974763484672e-05,0.04248321056365967,0.0014492291957139969,0.0,0.0
0,0.0032075506169348955,0.885433554649353,0.06954174488782883,0.002655029296875,0.0
0,0.0036477691028267145,0.8992984294891357,0.06290079653263092,0.0016072591145833333,0.0
0,0.03272991254925728,0.9641192555427551,0.710314929485321,0.028839111328125,0.0
0,0.02492625080049038,0.9739436507225037,0.6650810837745667,0.025299072265625,0.0
0,0.0019850516691803932,0.4217304289340973,0.027376487851142883,5.0862630208333336e-05,0.0
0,0.014253214932978153,0.9916195869445801,0.5890758633613586,0.013844807942708334,0.0
0,0.02314464934170246,0.9865716695785522,0.6741255521774292,0.017842610677083332,0.0
0,0.007090405095368624,0.9461008310317993,0.14644944667816162,0.00244140625,0.0
0,0.0005254255956970155,0.1617170125246048,0.008881675079464912,0.0,0.0
0,0.08737006783485413,0.9973269701004028,0.9887987971305847,0.093658447265625,0.033732096354166664
0,0.0007212975178845227,0.22575782239437103,0.016914913430809975,0.0,0.0
0,0.0065012783743441105,0.9681411385536194,0.13614143431186676,0.00616455078125,0.0
0,0.002876964630559087,0.9590777158737183,0.03941638767719269,0.0027974446614583335,0.0
0,0.025478748604655266,0.9981030225753784,0.7890663146972656,0.028849283854166668,0.0
0,0.00916604045778513,0.6470180153846741,0.20641373097896576,0.0015360514322916667,0.0
0,4.561840250971727e-05,0.02742854319512844,0.0006238938658498228,0.0,0.0
0,4.2644369386835024e-05,0.011375599540770054,0.0010003874776884913,0.0,0.0
0,3.8396490708692e-05,0.015072628855705261,0.00087266496848315,0.0,0.0
0,0.001550760236568749,0.8864204287528992,0.02029348537325859,0.00103759765625,0.0
0,0.004601879045367241,0.9744833707809448,0.04813408851623535,0.0035196940104166665,0.0
0,0.22194740176200867,0.9995694756507874,0.9885361194610596,0.23790557657858194,0.11699844182274939
0,0.3335030972957611,0.9997325539588928,0.9972207546234131,0.3423148148148148,0.30037407407407407
0,0.18076930940151215,0.9980881810188293,0.9926542043685913,0.19327327327327326,0.18423423423423424
0,0.012489723972976208,0.9670388102531433,0.2956955134868622,0.007893880208333334,0.0
0,0.23578284680843353,0.9948803186416626,0.9767136573791504,0.265086291913215,0.07527613412228797
0,0.2231624871492386,0.9994578957557678,0.991355836391449,0.23363412228796845,0.10305966469428007
0,0.049765489995479584,0.9821512699127197,0.9057416319847107,0.05459020979020979,0.0
0,0.005815389100462198,0.7291342616081238,0.12168575078248978,0.0016958041958041957,0.0
0,0.019157102331519127,0.9957020878791809,0.8470856547355652,0.021305361305361304,0.0
0,3.383055081940256e-05,0.02600678615272045,0.0005636750720441341,0.0,0.0
0,0.00029818463372066617,0.09351231157779694,0.0060975621454417706,0.0,0.0
0,0.00936953630298376,0.9890130758285522,0.38792452216148376,0.010153340635268347,0.0
0,0.022832103073596954,0.9961755275726318,0.2786492109298706,0.003723811258881399,0.0
0,0.00782897137105465,0.9165588617324829,0.23214298486709595,0.007174290677475391,0.0
0,0.12741446495056152,0.9928508996963501,0.939581573009491,0.11445416666666666,0.0
0,0.08889468014240265,0.9998162388801575,0.9958174824714661,0.0863331277437144,0.026100206798969634
0,0.037332940846681595,0.7226248979568481,0.6698528528213501,0.04154228855721393,0.0
0,0.02352268062531948,0.9774571061134338,0.5300086140632629,0.019846600331674957,0.0
0,0.002225689124315977,0.9902915358543396,0.009020280092954636,0.0022097844112769485,0.0
0,0.0015866647008806467,0.8047130703926086,0.026105914264917374,0.000642620232172471,0.0
0,0.05490023270249367,0.9964619278907776,0.767863929271698,0.045580431177446104,0.0
0,0.018890317529439926,0.9320833086967468,0.543802797794342,0.018188225538971807,0.0
0,0.0002684069040697068,0.05146276578307152,0.005343256052583456,0.0,0.0
0,0.0015440002316609025,0.4654482305049896,0.03448658064007759,0.00013224283854166666,0.0
0,0.0004647493769880384,0.10105592012405396,0.008644177578389645,0.0,0.0
0,0.003834998235106468,0.6490226984024048,0.10520502924919128,0.001220703125,0.0
0,8.189715299522504e-05,0.024798156693577766,0.0014214043039828539,0.0,0.0
0,0.015704212710261345,0.9217811226844788,0.2685575783252716,0.004903157552083333,0.0
0,0.000520279339980334,0.5894209742546082,0.009974921122193336,8.138020833333333e-05,0.0
0,0.02014857344329357,0.960878312587738,0.41696399450302124,0.011464436848958334,0.0
0,0.0005702495691366494,0.2356356382369995,0.013119755312800407,0.0,0.0
0,0.01387112308293581,0.9846936464309692,0.43283337354660034,0.011586507161458334,0.0
0,0.001559042721055448,0.6145097017288208,0.04586010053753853,0.00019327799479166666,0.0
0,0.00017473658954259008,0.617281973361969,0.0008625069167464972,9.1552734375e-05,0.0
0,0.00030464623705483973,0.055005285888910294,0.0064882696606218815,0.0,0.0
0,0.0006926457863301039,0.5802331566810608,0.009020280092954636,0.000213623046875,0.0
0,0.0003548622189555317,0.3303631544113159,0.004198795650154352,0.0,0.0
0,0.04934115707874298,0.9676556587219238,0.801314651966095,0.05023193359375,0.0
0,0.08423357456922531,0.9865716695785522,0.9529258608818054,0.08807373046875,0.0465087890625
0,0.04827037826180458,0.9982385635375977,0.9757147431373596,0.046722412109375,0.0
0,0.017438014969229698,0.9752018451690674,0.40560588240623474,0.011260986328125,0.0
0,0.01752355508506298,0.9099069833755493,0.3950139880180359,0.010508219401041666,0.0
0,0.06564462929964066,0.998245358467102,0.9784246683120728,0.059611002604166664,0.0
0,0.03972882404923439,0.9909797310829163,0.9059898257255554,0.042449951171875,0.0
0,0.04400565102696419,0.9900250434875488,0.8119609951972961,0.035807291666666664,0.0
0,0.012259099632501602,0.9633685946464539,0.3937824070453644,0.010538736979166666,0.0
0,0.0718882828950882,0.9988530874252319,0.9921841025352478,0.069793701171875,0.0
0,0.0007038004696369171,0.8014700412750244,0.00651349825784564,0.0002543131510416667,0.0
0,0.09467615932226181,0.9931228756904602,0.9250906705856323,0.10027058919270833,0.0
0,0.008621342480182648,0.8955226540565491,0.19436323642730713,0.0030924479166666665,0.0
0,0.0890965461730957,0.9984145164489746,0.9816293120384216,0.07427978515625,0.0
0,0.048027098178863525,0.8987665772438049,0.6472409963607788,0.051839192708333336,0.0
0,0.00895557552576065,0.8493474125862122,0.24725964665412903,0.005106608072916667,0.0
0,0.0023261301685124636,0.8812065720558167,0.01815846934914589,0.0012003580729166667,0.0
0,0.00037539456388913095,0.08374040573835373,0.006050397641956806,0.0,0.0
0,0.0005198405706323683,0.19102567434310913,0.009898063726723194,0.0,0.0
0,0.01263512670993805,0.9482505321502686,0.33960530161857605,0.008463541666666666,0.0
0,0.00132197595667094,0.18126320838928223,0.03346293419599533,0.0,0.0
0,0.06571821123361588,0.9974983334541321,0.9750598073005676,0.06974283854166667,0.0
0,0.025414666160941124,0.9652503728866577,0.5571490526199341,0.022074381510416668,0.0
0,0.024854158982634544,0.9843363761901855,0.7852986454963684,0.021514892578125,0.0
0,0.007385009899735451,0.7132319211959839,0.1916300505399704,0.0024210611979166665,0.0
0,0.04337140545248985,0.9926542043685913,0.9159548878669739,0.048024495442708336,0.0
0,0.020139850676059723,0.9978258013725281,0.9560560584068298,0.019866943359375,0.0
0,0.0020084448624402285,0.8310059905052185,0.03803509101271629,0.00020345052083333334,0.0
0,0.002020288957282901,0.9875683188438416,0.0029121784027665854,0.0019938151041666665,0.0
0,0.3024071753025055,0.9982859492301941,0.9919691681861877,0.3287353515625,0.22944132486979166
0,4.291958248359151e-05,0.017442483454942703,0.0007014082511886954,0.0,0.0
0,0.00045604180195368826,0.2391715943813324,0.00464447820559144,0.0,0.0
0,6.91064415150322e-05,0.0511774942278862,0.0009362827986478806,0.0,0.0
0,0.00038348021917045116,0.8267117738723755,0.0033244371879845858,0.00017293294270833334,0.0
0,0.010889393277466297,0.9989182949066162,0.5580835342407227,0.01123046875,0.0
0,0.00036755864857695997,0.06176270171999931,0.007066400721669197,0.0,0.0
0,0.0019718657713383436,0.6246370077133179,0.03215598687529564,0.000335693359375,0.0
0,0.006664384622126818,0.9351099133491516,0.1313892900943756,0.002166748046875,0.0
0,0.0023687283974140882,0.7629542946815491,0.07737810909748077,0.0001220703125,0.0
0,0.019559256732463837,0.9656413197517395,0.7518249154090881,0.020456949869791668,0.0
0,0.03101286105811596,0.993854820728302,0.9032942056655884,0.035481770833333336,0.0
0,0.0006512634572573006,0.4743572771549225,0.013170428574085236,5.0862630208333336e-05,0.0
0,0.00016750725626479834,0.042009059339761734,0.0036212634295225143,0.0,0.0
0,7.790820382069796e-05,0.010013570077717304,0.0013885231455788016,0.0,0.0
0,0.015367944724857807,0.9751071333885193,0.5588341355323792,0.014322916666666666,0.0
0,0.00010832893167389557,0.05899302288889885,0.0013992348685860634,0.0,0.0
0,0.001269423752091825,0.958304226398468,0.000900446786545217,0.0012613932291666667,0.0
0,7.629453466506675e-05,0.04115288704633713,0.0010944523382931948,0.0,0.0
0,0.000196389140910469,0.030271869152784348,0.005179109983146191,0.0,0.0
0,0.04481346905231476,0.9978843331336975,0.9421819448471069,0.048309326171875,0.0
0,0.0003943455230910331,0.16885694861412048,0.008187909610569477,0.0,0.0
0,3.055129127460532e-05,0.012970387004315853,0.0006487308419309556,0.0,0.0
0,3.35984441335313e-05,0.014899643138051033,0.0006904606707394123,0.0,0.0
0,0.07735724002122879,0.9969603419303894,0.9845160245895386,0.07842000325520833,0.0
0,0.012858872301876545,0.9995044469833374,0.8052709102630615,0.013936360677083334,0.0
0,0.008437289856374264,0.9323301911354065,0.22987043857574463,0.007334391276041667,0.0
0,0.09244965761899948,0.9979169964790344,0.9758532047271729,0.09962972005208333,0.08072916666666667
0,0.0002788870478980243,0.14104463160037994,0.00651349825784564,0.0,0.0
0,0.001716828322969377,0.7727022171020508,0.030329255387187004,0.0011088053385416667,0.0
0,0.01738702319562435,0.9874235987663269,0.7196378111839294,0.01678466796875,0.0
0,0.007677168119698763,0.9431384205818176,0.1625128984451294,0.004720052083333333,0.0
0,0.0065706223249435425,0.896251380443573,0.16078847646713257,0.0025736490885416665,0.0
0,0.008100428618490696,0.9921537041664124,0.23299705982208252,0.008412679036458334,0.0
0,0.0013898821780458093,0.9786719083786011,0.012383784167468548,0.0009358723958333334,0.0
0,0.0006519364542327821,0.0874079167842865,0.014899643138051033,0.0,0.0
0,0.014870180748403072,0.9478657245635986,0.5754508972167969,0.016866048177083332,0.0
0,0.20164811611175537,0.9965435862541199,0.986415684223175,0.21785481770833334,0.137786865234375
0,0.1416919082403183,0.9968519806861877,0.9747236967086792,0.15749104817708334,0.0
0,0.00024525783373974264,0.3440025746822357,0.0020033332984894514,0.0,0.0
0,0.07321136444807053,0.9974884986877441,0.9272276759147644,0.05767822265625,0.0
0,0.0585336796939373,0.9958821535110474,0.9446862936019897,0.06325276692708333,0.0
0,0.011237028986215591,0.9563905000686646,0.31068184971809387,0.008270263671875,0.0
0,0.010530072264373302,0.9933071732521057,0.4065532982349396,0.010345458984375,0.0
0,0.0003121413756161928,0.1368389129638672,0.00769475381821394,0.0,0.0
0,0.0664835199713707,0.9356999397277832,0.780662477016449,0.08269246419270833,0.0
0,0.00928062666207552,0.9930961728096008,0.21319857239723206,0.006907145182291667,0.0
0,0.00015589194663334638,0.22017472982406616,0.003415880724787712,0.0,0.0
0,0.004876791033893824,0.9457011222839355,0.12635010480880737,0.00445556640625,0.0
0,0.0027453082147985697,0.8764230012893677,0.06656918674707413,0.001190185546875,0.0
0,0.0010061308275908232,0.31289464235305786,0.02849004603922367,0.0,0.0
0,0.00029745211941190064,0.1875787377357483,0.006144377868622541,0.0,0.0
0,4.614905992639251e-05,0.011331754736602306,0.0007947254925966263,0.0,0.0
0,0.0020061808172613382,0.95413738489151,0.01872408576309681,0.0015665690104166667,0.0
0,6.358639802783728e-05,0.027742892503738403,0.0012064487673342228,0.0,0.0
0,0.00011771265417337418,0.1766716092824936,0.001838665222749114,0.0,0.0
0,0.09784089773893356,0.9958499670028687,0.9708540439605713,0.101318359375,0.0
0,0.0005243552732281387,0.5776145458221436,0.007374365348368883,0.0001220703125,0.0
0,0.001789489178918302,0.3036285638809204,0.028007520362734795,0.0,0.0
0,0.04812943935394287,0.994820237159729,0.9180359840393066,0.048614501953125,0.0
0,0.007701126392930746,0.9990264177322388,0.05069412291049957,0.0074462890625,0.0
0,0.019987085834145546,0.9881309270858765,0.7427894473075867,0.019022623697916668,0.0
0,0.0025362626183778048,0.9100669622421265,0.06966443359851837,0.00030517578125,0.0
0,0.0015261868247762322,0.946793794631958,0.013070784509181976,0.000823974609375,0.0
0,0.09563511610031128,0.9915215969085693,0.9319595694541931,0.08199055989583333,0.0
0,0.01334610115736723,0.9668514132499695,0.258882075548172,0.004954020182291667,0.0
0,0.03580212965607643,0.9871788024902344,0.7610060572624207,0.031290690104166664,0.0
0,0.11139670759439468,0.9824904799461365,0.8723440766334534,0.10813395182291667,0.0
0,0.0005544709274545312,0.4983959496021271,0.00930287130177021,9.1552734375e-05,0.0
0,0.00217987596988678,0.8327813148498535,0.03085050918161869,0.0011494954427083333,0.0
0,0.002353249816223979,0.5824910998344421,0.05419572815299034,0.0002848307291666667,0.0
0,0.005598610267043114,0.8669230937957764,0.16504600644111633,0.004526774088541667,0.0
0,0.012291744351387024,0.972362220287323,0.2540460526943207,0.006988525390625,0.0
0,0.006412759888917208,0.9672868847846985,0.12950947880744934,0.0027262369791666665,0.0
0,0.006933023687452078,0.9747251272201538,0.20718587934970856,0.00732421875,0.0
0,0.0012026441982015967,0.8643104434013367,0.017710262909531593,0.00048828125,0.0
0,0.00014371184806805104,0.011777843348681927,0.0027683854568749666,0.0,0.0
0,0.00013272586511448026,0.029479410499334335,0.0024060888681560755,0.0,0.0
0,0.011132021434605122,0.9575962424278259,0.3037979304790497,0.008219401041666666,0.0
0,0.006300095468759537,0.8200374841690063,0.15002882480621338,0.0030619303385416665,0.0
0,0.048903968185186386,0.9858275651931763,0.7761040925979614,0.037099202473958336,0.0
0,0.07130015641450882,0.9828232526779175,0.8423411846160889,0.07282511393229167,0.0
0,0.021715441718697548,0.9536218643188477,0.6579781174659729,0.026031494140625,0.0
0,0.02136717550456524,0.9462003111839294,0.602444589138031,0.017710367838541668,0.0
0,0.12458833307027817,0.9979810118675232,0.9798226952552795,0.12810262044270834,0.0
0,0.12155427783727646,0.9874235987663269,0.9048188328742981,0.13481648763020834,0.0
0,0.016232775524258614,0.968020498752594,0.654342770576477,0.017781575520833332,0.0
0,0.014005009084939957,0.9783433079719543,0.36080655455589294,0.009694417317708334,0.0
0,0.010232510976493359,0.9793145656585693,0.24962465465068817,0.007212320963541667,0.0
0,0.03950267285108566,0.9997153878211975,0.9359310269355774,0.037526448567708336,0.0
0,0.014894220046699047,0.9708540439605713,0.4571642577648163,0.011789957682291666,0.0
0,0.18197135627269745,0.9932550191879272,0.9840936064720154,0.19952392578125,0.16707356770833334
0,0.05542685464024544,0.9805060625076294,0.8230441212654114,0.06462605794270833,0.0
0,0.08108527958393097,0.9791557192802429,0.8614217042922974,0.08249918619791667,0.0
0,0.09863396733999252,0.9955834746360779,0.9498556852340698,0.09745279947916667,0.0
0,0.037509623914957047,0.9110215306282043,0.6432139277458191,0.031331380208333336,0.0
0,0.08272171765565872,0.9935117363929749,0.9480584859848022,0.097320556640625,0.0
0,0.008248777128756046,0.9814888834953308,0.1871282309293747,0.005716959635416667,0.0
0,0.045773621648550034,0.9904406070709229,0.950775146484375,0.0506591796875,0.0
0,0.01633070595562458,0.9046505093574524,0.38087233901023865,0.010243733723958334,0.0
0,0.025218835100531578,0.995075523853302,0.7409080266952515,0.02166748046875,0.0
0,0.030262349173426628,0.967777669429779,0.4547390937805176,0.015238444010416666,0.0
0,0.00687458785250783,0.9197867512702942,0.1108555942773819,0.0028788248697916665,0.0
0,0.0001880835188785568,0.02494025230407715,0.004198795650154352,0.0,0.0
0,0.00021744926925748587,0.03403615206480026,0.005179712548851967,0.0,0.0
0,0.02180301956832409,0.9967013001441956,0.9345111846923828,0.0223388671875,0.0
0,4.467264807317406e-05,0.020606476813554764,0.0008040859247557819,0.0,0.0
0,0.0006335971411317587,0.334806889295578,0.010733920149505138,0.0,0.0
0,0.003502948209643364,0.9284088015556335,0.0739593654870987,0.0016276041666666667,0.0
0,0.009512975811958313,0.9759464263916016,0.26283615827560425,0.007120768229166667,0.0
0,0.023295769467949867,0.9941347241401672,0.7682119607925415,0.020060221354166668,0.0
0,0.0034702287521213293,0.9580694437026978,0.03520716354250908,0.00335693359375,0.0
0,0.040784213691949844,0.9977916479110718,0.9398029446601868,0.046335856119791664,0.0406494140625
0,0.0018630558624863625,0.865565299987793,0.022844891995191574,0.0016276041666666667,0.0
0,0.03528054058551788,0.9569571614265442,0.7139305472373962,0.028411865234375,0.0
0,0.004883579909801483,0.8623515963554382,0.09234999120235443,0.00537109375,0.0
0,0.06988131254911423,0.9908034801483154,0.9450961351394653,0.074432373046875,0.0
0,0.06906843930482864,0.9889278411865234,0.9388007521629333,0.07568359375,0.0
0,0.012067551724612713,0.9794329404830933,0.3463169038295746,0.008931477864583334,0.0
0,0.08555354923009872,0.986828088760376,0.9233120083808899,0.09043375651041667,0.0
0,0.0040791332721710205,0.9406808614730835,0.09842021763324738,0.0023295084635416665,0.0
0,0.050811778753995895,0.990767776966095,0.9688562154769897,0.051991780598958336,0.046925862630208336
0,0.14277619123458862,0.999312162399292,0.9918121099472046,0.15746053059895834,0.048014322916666664
0,0.025943750515580177,0.9960545301437378,0.6688510775566101,0.022806803385416668,0.0
0,0.13358570635318756,0.9952448010444641,0.9680808186531067,0.13767496744791666,0.0
0,0.00033406991860829294,0.23651622235774994,0.006121281534433365,0.0,0.0
0,0.08766444772481918,0.9981756210327148,0.9846346974372864,0.090850830078125,0.053375244140625
0,0.112096406519413,0.9974191188812256,0.9737446904182434,0.12298583984375,0.079345703125
0,0.07526285201311111,0.9928786158561707,0.9190589785575867,0.07366943359375,0.0
0,0.01897335983812809,0.9343951344490051,0.4245080351829529,0.012888590494791666,0.0
0,0.14327354729175568,0.9992958307266235,0.9819425940513611,0.154388427734375,0.08479817708333333
0,0.01981593854725361,0.9599877595901489,0.46173664927482605,0.012786865234375,0.0
0,0.0457732193171978,0.998279333114624,0.9647224545478821,0.045806884765625,0.024800618489583332
0,0.0019680962432175875,0.9482505321502686,0.007066400721669197,0.001861572265625,0.0
0,0.02554878406226635,0.9860442876815796,0.7003734707832336,0.027801513671875,0.0
0,0.09674999117851257,0.9922143816947937,0.9698996543884277,0.09124755859375,0.048909505208333336
0,0.0897093415260315,0.9975656270980835,0.8624675869941711,0.112701416015625,0.0
0,0.0025006376672536135,0.6016520857810974,0.055310651659965515,0.000457763671875,0.0
0,0.0032362211495637894,0.8250265121459961,0.0601937361061573,0.0024210611979166665,0.0
0,0.011880801059305668,0.7487199306488037,0.45038777589797974,0.012847900390625,0.0
0,0.0026236067060381174,0.9821512699127197,0.04001002013683319,0.0006917317708333334,0.0
0,1.6809115550131537e-05,0.008412977680563927,0.00040290519245900214,0.0,0.0
0,0.0007710549398325384,0.23440666496753693,0.017642436549067497,0.0,0.0
0,0.017923401668667793,0.9684410095214844,0.4068407714366913,0.011199951171875,0.0
0,0.06808977574110031,0.9963071346282959,0.9675332307815552,0.07154337565104167,0.0
0,0.0005862604011781514,0.039787810295820236,0.009020280092954636,0.0,0.0
0,0.005711990874260664,0.8275495767593384,0.13251455128192902,0.0020650227864583335,0.0
0,0.0003817971737589687,0.017242778092622757,0.00818695966154337,0.0,0.0
0,0.0023835371248424053,0.9014011025428772,0.023509452119469643,0.0014444986979166667,0.0
0,0.06992438435554504,0.9897909760475159,0.9099069833755493,0.080169677734375,0.0
0,0.021590018644928932,0.8618873357772827,0.5089019536972046,0.019073486328125,0.0
0,0.010051324963569641,0.8373541235923767,0.34284546971321106,0.008799235026041666,0.0
0,0.002789946971461177,0.8288003206253052,0.04777740314602852,0.0009867350260416667,0.0
0,0.0036737797781825066,0.9954791069030762,0.053009770810604095,0.002349853515625,0.0
0,0.016908297315239906,0.9400236010551453,0.49652299284935,0.014516194661458334,0.0
0,0.012147662229835987,0.9597620368003845,0.3772905468940735,0.009999593098958334,0.0
0,0.21769388020038605,0.9976769089698792,0.9886682629585266,0.23496500651041666,0.18140665690104166
0,0.0001469532580813393,0.13420754671096802,0.0025708680041134357,0.0,0.0
0,0.0009817046811804175,0.3175320625305176,0.021864555776119232,0.0,0.0
0,0.1844901293516159,0.9941347241401672,0.9585376977920532,0.1927490234375,0.0
0,0.09393486380577087,0.9856629967689514,0.9274948239326477,0.097808837890625,0.0
0,0.010614704340696335,0.9383503198623657,0.28766775131225586,0.006642659505208333,0.0
0,0.9704379439353943,0.9976494908332825,0.9936364889144897,0.999908447265625,1.0
0,0.01860753633081913,0.9743860960006714,0.3624015152454376,0.009531656901041666,0.0
0,1.1235292731726076e-05,0.0023231625091284513,0.00024923254386521876,0.0,0.0
0,0.5539083480834961,0.9979007244110107,0.9897909760475159,0.6327616373697916,0.6541748046875
0,0.7970559000968933,0.9977568984031677,0.9930693507194519,0.8812764485677084,1.0
0,0.0009988433448597789,0.1555909961462021,0.014842418022453785,0.0,0.0
0,0.49795880913734436,0.998492956161499,0.9896317720413208,0.5685221354166666,0.6898396809895834
0,6.095161734265275e-05,0.02178117074072361,0.001477770390920341,0.0,0.0
0,0.38941264152526855,0.9939024448394775,0.9742379784584045,0.4343058268229167,0.3089599609375
0,9.512794349575415e-05,0.006850480102002621,0.0014607495395466685,0.0,0.0
0,0.1260388046503067,0.9607312679290771,0.8331889510154724,0.11024983723958333,0.0
0,0.0004891871358267963,0.1540575623512268,0.007968815043568611,0.0,0.0
0,0.07085517793893814,0.9960391521453857,0.9095863103866577,0.06404622395833333,0.0
0,0.005529804155230522,0.9133679866790771,0.10356715321540833,0.0030517578125,0.0
0,0.2788185775279999,0.9951889514923096,0.9813822507858276,0.2965087890625,0.19422403971354166
0,0.007966369390487671,0.7450275421142578,0.20865261554718018,0.002288818359375,0.0
0,0.14084824919700623,0.9852713346481323,0.891999363899231,0.11975466666666666,0.0
0,0.2630116939544678,0.9997851252555847,0.993486762046814,0.31920533333333334,0.06847466666666667
0,0.12212154269218445,0.9935368895530701,0.9329437017440796,0.12181818181818181,0.0
0,0.04189629852771759,0.9925682544708252,0.718596339225769,0.03873066666666666,0.0
0,0.004197784699499607,0.8846385478973389,0.0972188413143158,0.0023626666666666666,0.0
0,0.3315335810184479,0.9987207055091858,0.9953363537788391,0.37189893617021275,0.30844680851063827
0,0.0030413568019866943,0.9933846592903137,0.044349413365125656,0.0009260869565217391,0.0
0,0.017729973420500755,0.9956005811691284,0.6944788098335266,0.01666259765625,0.0
0,0.04836265370249748,0.9656413197517395,0.6545636057853699,0.035125732421875,0.0
0,0.00041378321475349367,0.45786386728286743,0.0017612639348953962,0.00014241536458333334,0.0
0,0.015446417964994907,0.9190633296966553,0.37421879172325134,0.009969075520833334,0.0
0,0.003761647967621684,0.9668514132499695,0.04328241944313049,0.00213623046875,0.0
