label,prob_mean,prob_max,prob_p99,unet_area,mrf_area
1,0.28609105944633484,0.9997240900993347,0.9957848191261292,0.3378190104166667,0.2972330729166667
1,0.10435448586940765,0.9999274015426636,0.9994046688079834,0.1074609375,0.145908203125
1,0.3869416415691376,0.9999496936798096,0.9996874332427979,0.4011027018229167,0.4197489420572917
1,0.030624762177467346,0.9997407793998718,0.9949983358383179,0.033060709635416664,0.0
1,0.1954534500837326,0.9997918009757996,0.998217761516571,0.21596272786458334,0.11594645182291667
1,0.025974564254283905,0.999996542930603,0.9995362758636475,0.026194254557291668,0.0
1,0.019809432327747345,0.9999992847442627,0.9993147850036621,0.020070393880208332,0.0
1,0.5133042931556702,0.9986383318901062,0.9964756369590759,0.54742431640625,0.4396565755208333
1,0.12931765615940094,0.9999344348907471,0.9994826316833496,0.14112345377604166,0.11729939778645833
1,0.3501702547073364,0.9997603297233582,0.9992387294769287,0.35211181640625,0.3522135416666667
1,0.19602493941783905,0.9999617338180542,0.9997175335884094,0.19844563802083334,0.266937255859375
1,0.15025581419467926,0.9999643564224243,0.9994046092033386,0.151763916015625,0.15290323893229166
1,0.454068660736084,0.9997981190681458,0.9979169964790344,0.4685872395833333,0.4604390462239583
1,0.4879148304462433,0.9994319081306458,0.9980199337005615,0.5247227626459144,0.5244357976653696
1,0.03217577561736107,0.9999589920043945,0.9992985725402832,0.033131917317708336,0.028554280598958332
1,0.5446244478225708,0.9999402761459351,0.9996079802513123,0.5562139917695473,0.5605029721079103
1,0.015753986313939095,0.9998313188552856,0.9899863600730896,0.015856741573033708,0.011395131086142322
1,0.02475673146545887,0.9999969005584717,0.9988073110580444,0.025126139322916668,0.015421549479166666
1,0.03169866278767586,0.9998840093612671,0.9968519806861877,0.032948811848958336,0.0
1,0.11898434162139893,0.9999649524688721,0.9996287822723389,0.14344278971354166,0.055277506510416664
1,0.06507043540477753,0.9999426603317261,0.9986489415168762,0.06829732535719582,0.05699807188411529
1,0.09904688596725464,0.9999645948410034,0.9993952512741089,0.10056559244791667,0.09614054361979167
1,0.03264516592025757,0.9991927742958069,0.9587699174880981,0.03960885914251273,0.0
1,0.038824547082185745,0.9999589920043945,0.9984452128410339,0.039072672526041664,0.0
1,0.03555665537714958,0.9999897480010986,0.9906949996948242,0.039896647135416664,0.0
1,0.16495071351528168,0.9999589920043945,0.9994115829467773,0.17149861653645834,0.15080769856770834
1,0.4143328368663788,0.9999489784240723,0.9996199607849121,0.4492643229166667,0.474404296875
1,0.17553572356700897,0.9997695088386536,0.9991832375526428,0.19051106770833334,0.13115437825520834
1,0.01130673661828041,0.999990701675415,0.9961305856704712,0.011433919270833334,0.0
1,0.061435554176568985,0.9998775720596313,0.9932803511619568,0.06813557942708333,0.0
1,0.032351139932870865,0.9999955892562866,0.99892657995224,0.033243815104166664,0.027109781901041668
1,0.2560153901576996,0.9998775720596313,0.9960391521453857,0.29744375,0.25073958333333335
1,0.19823133945465088,0.9998717308044434,0.9992958307266235,0.20351155598958334,0.20448811848958334
1,0.030431538820266724,0.9987887740135193,0.9863104820251465,0.032704671223958336,0.0
1,0.05927015468478203,0.9999861717224121,0.9995986819267273,0.060648600260416664,0.042388916015625
1,0.13767662644386292,0.9999798536300659,0.9995778203010559,0.14550455729166667,0.15380533854166667
1,0.0029230769723653793,0.9933846592903137,0.010288301855325699,0.0034586588541666665,0.0
1,0.004163829144090414,0.9999996423721313,0.010368157178163528,0.004018147786458333,0.0
1,0.10043249279260635,0.9999667406082153,0.9988840222358704,0.10631306966145833,0.11580403645833333
1,0.12362229079008102,0.9999716281890869,0.9996373653411865,0.12523396809895834,0.125030517578125
1,0.0023512905463576317,0.9998601675033569,0.000865879759658128,0.00238037109375,0.0
1,0.29080891609191895,0.9999940395355225,0.9998339414596558,0.2940775553385417,0.296478271484375
1,0.1895357370376587,0.9999165534973145,0.9978677034378052,0.20849609375,0.11330159505208333
1,0.09116861969232559,0.9999704360961914,0.9993856549263,0.10459391276041667,0.052205403645833336
1,0.06489739567041397,0.9998286962509155,0.9989995360374451,0.06624348958333333,0.062052408854166664
1,0.04205383360385895,0.9999850988388062,0.9996594190597534,0.042673746744791664,0.039204915364583336
1,0.007057077717036009,0.999982476234436,0.006876308936625719,0.007334391276041667,0.0
1,0.02907782979309559,0.999919056892395,0.9988969564437866,0.031728108723958336,0.019785563151041668
1,0.03285210207104683,0.9999645948410034,0.9993410706520081,0.033793131510416664,0.0296630859375
1,0.20748472213745117,0.999971866607666,0.9996672868728638,0.217620849609375,0.22788492838541666
1,0.27824243903160095,0.9999171495437622,0.9992533922195435,0.2852351247600768,0.2797432821497121
1,0.18397164344787598,0.9999790191650391,0.9997283816337585,0.1861572265625,0.16859944661458334
1,0.026054058223962784,0.9998794794082642,0.954562783241272,0.028725,0.0
1,0.08520699292421341,0.9999651908874512,0.9997153878211975,0.08662923177083333,0.0809326171875
1,0.040288448333740234,0.9999538660049438,0.9996429681777954,0.040547688802083336,0.038411458333333336
1,0.017744049429893494,0.9999417066574097,0.9976586103439331,0.0177001953125,0.01409912109375
1,0.20910663902759552,0.9999535083770752,0.9993712306022644,0.2305170694986979,0.23860931396484375
1,0.11236537247896194,0.9997016787528992,0.9859741926193237,0.13623150804060905,0.014610990193676099
1,0.04764476418495178,0.9998775720596313,0.998279333114624,0.049397786458333336,0.04638671875
1,0.03399199992418289,0.9998875856399536,0.995685338973999,0.03574074074074074,0.0235
1,0.18292184174060822,0.9996229410171509,0.9900636076927185,0.21790568033854166,0.0
1,0.18276183307170868,0.9994907379150391,0.9980879426002502,0.206146240234375,0.171051025390625
1,0.1363767683506012,0.9998766183853149,0.998816728591919,0.1453125,0.0
1,0.024227343499660492,0.9999991655349731,0.9988213181495667,0.020250651041666668,0.012893880208333333
1,0.20740953087806702,0.9999384880065918,0.9992504715919495,0.24095052083333332,0.238408203125
1,0.06300967186689377,0.9998074173927307,0.9871788024902344,0.062283185840707966,0.0
1,0.001095556770451367,0.8955226540565491,0.0027359023224562407,0.0013529459635416667,0.0
1,0.10322392731904984,0.9998745918273926,0.9991704225540161,0.10673014322916667,0.092254638671875
1,0.35533633828163147,0.9992175102233887,0.9966495633125305,0.3926188151041667,0.3782145182291667
1,0.01100150030106306,0.9977568984031677,0.38767990469932556,0.011617024739583334,0.0
1,0.036376625299453735,0.9982590079307556,0.9502266049385071,0.041536,0.0
1,0.2619079053401947,0.9999793767929077,0.9990034699440002,0.2815043131510417,0.23984781901041666
1,0.00842843484133482,0.9976586103439331,0.2718757688999176,0.010030110677083334,0.0
1,0.11984974145889282,0.9997108578681946,0.9985334873199463,0.12306722005208333,0.11961873372395833
1,0.03643037751317024,0.9999865293502808,0.9993200898170471,0.037729899088541664,0.019775390625
1,0.24174495041370392,0.9974689483642578,0.9826223254203796,0.2809855143229167,0.21993001302083334
1,0.08852805942296982,0.9999794960021973,0.9985895752906799,0.10231526692708333,0.024007161458333332
1,3.912000011041528e-06,0.0009622126235626638,5.1442217227304354e-05,0.0,0.0
1,0.07064896076917648,0.9999567270278931,0.9994663596153259,0.07301839192708333,0.054463704427083336
1,0.0683060809969902,0.9996259212493896,0.9946980476379395,0.077373046875,0.007835286458333333
1,0.03513912856578827,0.9999039173126221,0.9974589943885803,0.036529541015625,0.028218587239583332
1,0.012571421451866627,0.9978510141372681,0.6627538800239563,0.014872233072916666,0.0
1,0.022780532017350197,0.9999769926071167,0.9992619752883911,0.02313232421875,0.021382649739583332
1,0.22086457908153534,0.9995197057723999,0.9974589943885803,0.24717203776041666,0.19854736328125
1,0.31598129868507385,0.9998644590377808,0.9984691739082336,0.36548502604166666,0.39236653645833336
1,0.20362789928913116,0.9998910427093506,0.9988707900047302,0.22424153645833333,0.22151041666666665
1,0.20184312760829926,0.9999805688858032,0.9996970891952515,0.20442708333333334,0.20265706380208334
1,0.21363794803619385,0.9999251365661621,0.9996125102043152,0.22050984700520834,0.239410400390625
1,0.451808363199234,0.9997658133506775,0.9986006617546082,0.512176513671875,0.4550577799479167
1,0.28345996141433716,0.9999821186065674,0.9997730851173401,0.28955078125,0.292724609375
1,0.003342731622979045,0.9995744824409485,0.025033993646502495,0.002532958984375,0.0
1,0.1580004245042801,0.9999946355819702,0.9997325539588928,0.15869140625,0.15411376953125
1,0.015284135937690735,0.9977481961250305,0.8838208317756653,0.017313639322916668,0.0
1,0.02345086634159088,0.9999722242355347,0.9638460874557495,0.026987711588541668,0.0
1,0.03014313615858555,0.9999641180038452,0.997326672077179,0.031260172526041664,0.0
1,0.08880046755075455,0.9999349117279053,0.9996273517608643,0.089996337890625,0.090545654296875
1,0.015172239392995834,0.9994493126869202,0.9734923243522644,0.016316731770833332,0.0
1,0.10120195895433426,0.9999817609786987,0.9993040561676025,0.10365804036458333,0.108245849609375
1,0.021077273413538933,0.9999563694000244,0.9979569911956787,0.022135416666666668,0.0
1,0.05886566638946533,0.9999421834945679,0.9990413784980774,0.05682373046875,0.054433186848958336
1,9.559882892062888e-05,0.022889839485287666,0.0017683517653495073,0.0,0.0
1,0.007726453244686127,0.9999942779541016,0.03120281919836998,0.007069905598958333,0.0
1,0.49092280864715576,0.9995986819267273,0.997231662273407,0.5267537434895834,0.4912821451822917
1,0.07730451226234436,0.9999239444732666,0.9993833303451538,0.08112589518229167,0.06595865885416667
1,0.04722076281905174,0.9999407529830933,0.9988969564437866,0.049123128255208336,0.056732177734375
1,0.005975879263132811,0.9999665021896362,0.0028783478774130344,0.006184895833333333,0.0
1,0.0042426432482898235,0.9999953508377075,0.03149937838315964,0.0035481481481481484,0.0
1,0.050633516162633896,0.9994493126869202,0.9758071303367615,0.058868408203125,0.0
1,0.13836045563220978,0.9999583959579468,0.9995063543319702,0.14105224609375,0.14252726236979166
1,0.08611512929201126,0.9998840093612671,0.9958980679512024,0.09698117760617761,0.09378619691119691
1,0.09822934865951538,0.9990745782852173,0.9556514620780945,0.11882083333333333,0.0
1,0.058618564158678055,0.9999784231185913,0.9996646642684937,0.060282389322916664,0.043843587239583336
1,0.07802753150463104,0.99993896484375,0.9994363188743591,0.079986572265625,0.07667032877604167
1,0.08872278779745102,0.9986904263496399,0.9779244065284729,0.105712890625,0.0
1,0.044754888862371445,0.9997817873954773,0.9736416339874268,0.051177978515625,0.0
1,0.6087124347686768,0.999919056892395,0.9995253086090088,0.6496175130208334,0.6203104654947916
1,0.03170955553650856,0.9994966983795166,0.9951702952384949,0.032602945963541664,0.028981526692708332
1,0.017286254093050957,0.9999595880508423,0.9618891477584839,0.01837158203125,0.0
1,0.37072500586509705,0.9999359846115112,0.9995744824409485,0.4010823567708333,0.4536336263020833
1,0.056847162544727325,0.9992533326148987,0.9376689791679382,0.0700314465408805,0.011135775064742878
1,0.24894216656684875,0.9999821186065674,0.9997487664222717,0.26999428244711265,0.27061749571183535
1,0.03975890576839447,0.9998190999031067,0.9937580823898315,0.04278564453125,0.023335774739583332
1,0.011833373457193375,0.9999957084655762,0.12283958494663239,0.007763671875,0.0
1,0.27668359875679016,0.9999527931213379,0.9995744824409485,0.2816365559895833,0.2819722493489583
1,0.34232616424560547,0.9999829530715942,0.9994184970855713,0.3961995442708333,0.4875895182291667
1,0.07224014401435852,0.9999589920043945,0.9992020726203918,0.07410685221354167,0.047393798828125
1,0.1227472648024559,0.9995923638343811,0.9846352934837341,0.1488,0.0
1,0.21110720932483673,0.9993785619735718,0.9976586103439331,0.21608479817708334,0.207489013671875
1,0.010482876561582088,0.9999469518661499,0.8267785310745239,0.010579427083333334,0.0
1,0.057253748178482056,0.9985895752906799,0.9675999879837036,0.06727165345387638,0.031829952524816574
1,0.0589209608733654,0.9999916553497314,0.9993461966514587,0.05640299479166667,0.06295572916666667
1,0.020053861662745476,0.9999741315841675,0.9992706179618835,0.020334879557291668,0.0
1,0.3942127227783203,0.9999784231185913,0.9997448325157166,0.42548562548562546,0.45170254582019287
1,0.10323601216077805,0.9999737739562988,0.999652624130249,0.10481770833333333,0.099273681640625
1,0.0459301583468914,0.9998089671134949,0.9967013001441956,0.048238118489583336,0.0316162109375
1,0.034906551241874695,0.9999897480010986,0.9993952512741089,0.03559895833333333,0.030126953125
1,0.09888758510351181,0.9999891519546509,0.9997367262840271,0.10234375,0.08401041666666667
1,0.09030401706695557,0.9999542236328125,0.9989308714866638,0.093292236328125,0.09290568033854167
1,0.39796265959739685,0.9997507929801941,0.9986902475357056,0.4532368977864583,0.4771931966145833
1,0.046347569674253464,0.9999407529830933,0.9993687272071838,0.047088623046875,0.04705810546875
1,0.07925762236118317,0.999854564666748,0.9992705583572388,0.08107503255208333,0.07635498046875
1,0.05739166960120201,0.9999932050704956,0.999652624130249,0.058451334635416664,0.044291178385416664
1,0.04210521653294563,0.9999747276306152,0.9986169338226318,0.04351806640625,0.0
1,0.42973393201828003,0.9999969005584717,0.9997783303260803,0.46782907943791224,0.478743905936335
1,0.11422637104988098,0.9997933506965637,0.9952448010444641,0.13249715169270834,0.0
1,0.15099559724330902,0.999969482421875,0.999322772026062,0.15283203125,0.15479532877604166
1,0.02267693728208542,0.9999890327453613,0.9974491000175476,0.021779378255208332,0.0
1,0.05480043962597847,0.9999279975891113,0.9866219162940979,0.06328328450520833,0.0
1,0.02456761710345745,0.9999678134918213,0.9982522130012512,0.024881998697916668,0.02392578125
1,0.20621339976787567,0.9999545812606812,0.9985334873199463,0.2299189345686161,0.34779965257672263
1,0.010264732874929905,0.9998218417167664,0.21352148056030273,0.009724934895833334,0.0
1,0.3008801341056824,0.9999481439590454,0.9996775388717651,0.30316162109375,0.3029683430989583
1,0.2836602032184601,0.9999620914459229,0.9992620348930359,0.308868408203125,0.3209431966145833
1,0.016079256311058998,0.9991735816001892,0.9700703024864197,0.017344156901041668,0.0
1,0.04286045581102371,0.9999986886978149,0.9645892381668091,0.051069651741293534,0.03383084577114428
1,0.015276171267032623,0.9999727010726929,0.9141375422477722,0.011097005208333333,0.007688802083333333
1,0.08287002891302109,0.9999501705169678,0.9992847442626953,0.0836181640625,0.08109537760416667
1,0.17848818004131317,0.9999535083770752,0.9995417594909668,0.180938720703125,0.18221028645833334
1,0.03012537956237793,0.9999808073043823,0.998457133769989,0.030924479166666668,0.027699788411458332
1,0.023282285779714584,0.9999251365661621,0.9740425944328308,0.024371744791666667,0.010416666666666666
1,0.03859288617968559,0.9999979734420776,0.999276340007782,0.039011637369791664,0.042877197265625
1,0.0047161937691271305,0.9998812675476074,0.00609779916703701,0.00501953125,0.0
1,0.013469741679728031,0.9995326995849609,0.9552332162857056,0.0145263671875,0.0
1,0.23660491406917572,0.9998089671134949,0.9990034699440002,0.2538350423177083,0.2769368489583333
1,0.025349458679556847,0.9999125003814697,0.9966229796409607,0.026346842447916668,0.020294189453125
1,0.14627595245838165,0.9998840093612671,0.9989514350891113,0.15561930338541666,0.1552734375
1,0.02811986766755581,0.9999538660049438,0.9993147253990173,0.028462727864583332,0.030181884765625
1,0.2646797001361847,0.9993857145309448,0.9917484521865845,0.3088785807291667,0.1549072265625
1,0.29385820031166077,0.9999209642410278,0.9991204142570496,0.333740234375,0.3735758463541667
1,0.1316906362771988,0.999966025352478,0.9995694756507874,0.13292439778645834,0.14019775390625
1,0.007538123521953821,0.9995875954627991,0.1554512083530426,0.008392333984375,0.0
1,0.05770595744252205,0.9992819428443909,0.9881309270858765,0.065582275390625,0.0
1,0.02516256831586361,0.9982725381851196,0.9638481140136719,0.029103597005208332,0.0206298828125
1,0.24822525680065155,0.9998218417167664,0.9984869956970215,0.2977803548177083,0.22524007161458334
1,0.008942407555878162,0.9988707900047302,0.15794771909713745,0.009490966796875,0.0
1,0.07950931042432785,0.9999611377716064,0.999420702457428,0.08238728841145833,0.07985432942708333
1,0.37730735540390015,0.9999860525131226,0.9997063279151917,0.41438365556012613,0.4197860962566845
1,0.09265652298927307,0.9999595880508423,0.9996302127838135,0.0946044921875,0.09528605143229167
1,0.032553162425756454,0.9997730851173401,0.9647144675254822,0.038625081380208336,0.0
1,0.0600690022110939,0.9998736381530762,0.9978535175323486,0.060960817210497696,0.0536131727788596
1,0.04456443339586258,0.9993785619735718,0.9784181118011475,0.05206399204244032,0.03090185676392573
1,0.610286295413971,0.9999302625656128,0.9995971322059631,0.64501953125,0.5935262044270834
1,0.06466568261384964,0.9999799728393555,0.9994162321090698,0.06797281901041667,0.050099690755208336
1,0.14599470794200897,0.9999912977218628,0.9989098310470581,0.17708518518518518,0.1773962962962963
1,0.40969663858413696,0.9961903095245361,0.9902915358543396,0.4623413333333333,0.5193653333333333
1,0.005198245402425528,1.0,0.03010033816099167,0.004113533525298231,0.0
1,0.04301920533180237,0.9999964237213135,0.9994184970855713,0.045613606770833336,0.029642740885416668
1,0.11508053541183472,0.9999477863311768,0.9995121955871582,0.11841837565104167,0.10270182291666667
1,0.09589805454015732,0.999988317489624,0.9997262358665466,0.09528605143229167,0.086181640625
1,0.029469838365912437,0.9999959468841553,0.9996315836906433,0.029825846354166668,0.028605143229166668
1,0.054161082953214645,0.9998452663421631,0.9991766810417175,0.052490234375,0.043568929036458336
1,0.04321536794304848,0.9997901320457458,0.9873262047767639,0.049580891927083336,0.0
1,0.41985467076301575,0.9999651908874512,0.9996345043182373,0.486572265625,0.553779296875
1,0.05810827761888504,0.9998736381530762,0.9942920207977295,0.06668691633314275,0.0
1,0.04159456863999367,0.9999945163726807,0.972983717918396,0.047607421875,0.021474202473958332
1,0.19424934685230255,0.9998103976249695,0.9981968998908997,0.22487546025557723,0.13049857153170993
1,0.1655760109424591,0.9998831748962402,0.9990854263305664,0.18542568542568544,0.2121962481962482
1,0.005757742561399937,0.9999889135360718,0.0609762966632843,0.004755859375,0.0
1,0.0067218909971416,0.9938070178031921,0.05041288584470749,0.007659912109375,0.0
1,0.3911542296409607,0.999189555644989,0.9852146506309509,0.4674201342063127,0.33748772627453216
1,0.035442765802145004,0.9999819993972778,0.9996633529663086,0.036204020182291664,0.024464925130208332
1,0.6010903120040894,0.999987006187439,0.9997153878211975,0.672204347826087,0.803004347826087
1,0.409170001745224,0.9999767541885376,0.9997487664222717,0.41601235257400043,0.4251946515982785
1,0.13936524093151093,0.9999738931655884,0.9994926452636719,0.1429111111111111,0.1472111111111111
1,0.10244128853082657,0.9998775720596313,0.9986383318901062,0.10616048177083333,0.09940592447916667
1,0.2179141342639923,0.9999949932098389,0.9994689226150513,0.23636696671551183,0.16256399033246427
1,0.012277230620384216,0.9999215602874756,0.98922199010849,0.012522379557291666,0.0
1,0.43049728870391846,0.9999439716339111,0.9996970891952515,0.47464692170574524,0.5382969971205265
1,0.08658527582883835,0.999987006187439,0.9994886517524719,0.08929443359375,0.08849080403645833
1,0.09683555364608765,0.9991374015808105,0.9887987971305847,0.10101851851851852,0.0
1,0.06958043575286865,0.9997546076774597,0.9979089498519897,0.07537467700258398,0.06516795865633075
1,0.01593959890305996,0.9971771240234375,0.929951012134552,0.018107096354166668,0.0
1,0.01738487184047699,0.9999974966049194,0.9988968372344971,0.017903645833333332,0.0
1,0.0763193666934967,0.999189555644989,0.9912885427474976,0.08820597330729167,0.0
1,0.17916226387023926,0.9998812675476074,0.998835027217865,0.201904296875,0.06938680013020833
1,0.3607400357723236,0.9998205304145813,0.9987980127334595,0.3755289713541667,0.372314453125
1,0.07649874687194824,0.9999692440032959,0.9904035329818726,0.07396400778210117,0.0
1,0.10356973856687546,0.9999599456787109,0.9996215105056763,0.10599772135416667,0.10722859700520833
1,0.317285418510437,0.9999605417251587,0.9997428059577942,0.3393046061197917,0.284393310546875
1,0.053673155605793,0.9998452663421631,0.9810150265693665,0.0625,0.0
1,0.01108610164374113,0.9999493360519409,0.9559664130210876,0.011383056640625,0.0
1,0.20953960716724396,0.999823272228241,0.9987056255340576,0.21339925130208334,0.20842488606770834
1,0.6129117012023926,0.9998928308486938,0.9995452761650085,0.6617329915364584,0.6324055989583334
1,0.025944368913769722,0.9983059167861938,0.9102267622947693,0.030659993489583332,0.0
1,0.09889720380306244,0.9998910427093506,0.998848557472229,0.10341471354166666,0.11430989583333333
1,0.06925233453512192,0.9999862909317017,0.9997063279151917,0.07098388671875,0.08083089192708333
1,0.22375793755054474,0.9999359846115112,0.999552309513092,0.26611328125,0.3012337239583333
1,0.11699013411998749,0.999891996383667,0.999220609664917,0.12442042042042042,0.0678078078078078
1,0.006470294203609228,0.9866234660148621,0.1183871403336525,0.006293333333333333,0.0
1,0.2738344371318817,0.9997387528419495,0.9982247948646545,0.3040262858072917,0.20398966471354166
1,0.13474483788013458,0.9999759197235107,0.9997325539588928,0.13832600911458334,0.11641438802083333
1,0.04276610538363457,0.9999158382415771,0.9987695813179016,0.043141682942708336,0.036631266276041664
1,0.1217656135559082,0.9999792575836182,0.9996373653411865,0.12687174479166666,0.09478759765625
1,0.10031258314847946,0.9999469518661499,0.9994766116142273,0.10853068033854167,0.08525594075520833
1,0.007085538003593683,0.9999938011169434,0.0762699767947197,0.006500244140625,0.0
1,0.1505056768655777,0.9997240900993347,0.9988120794296265,0.15738932291666666,0.17730712890625
1,0.14844903349876404,0.999992847442627,0.9996229410171509,0.153961181640625,0.13873291015625
1,0.15116587281227112,0.9999784231185913,0.999555766582489,0.15882364908854166,0.170440673828125
1,0.020540745928883553,0.9999885559082031,0.995718777179718,0.021433512369791668,0.0
1,0.10041122883558273,0.9998313188552856,0.9987792372703552,0.10456339518229167,0.09478759765625
1,0.013226635754108429,0.999969482421875,0.30773863196372986,0.01056263997440468,0.0
1,0.046564772725105286,0.9999862909317017,0.9986276626586914,0.048441569010416664,0.046051025390625
1,0.2525612413883209,0.9999897480010986,0.9996775388717651,0.2651570638020833,0.266357421875
1,0.025617657229304314,0.9999620914459229,0.9987207055091858,0.026011149088541668,0.020985921223958332
1,0.24654126167297363,0.9999699592590332,0.9997584223747253,0.2690531412760417,0.3443400065104167
1,0.3664938509464264,0.9998427629470825,0.9978342652320862,0.4022350877192982,0.42078245614035087
1,0.16919831931591034,0.9998534917831421,0.9991506338119507,0.17345174153645834,0.17165120442708334
1,0.01822498068213463,0.9989012479782104,0.7664719820022583,0.019448176583493283,0.0
1,0.05987989902496338,0.9999924898147583,0.9998205304145813,0.060658772786458336,0.06279500325520833
1,0.03766382113099098,0.9998176693916321,0.9740425944328308,0.045338948567708336,0.0
1,0.0616212822496891,0.9998785257339478,0.9965165853500366,0.06757266542980829,0.012473716759431045
1,0.028517605736851692,0.9999489784240723,0.9987106323242188,0.029774983723958332,0.01776123046875
1,0.08677896112203598,0.9998377561569214,0.9831499457359314,0.10271466666666666,0.0
1,0.0003942947369068861,0.21011726558208466,0.006002897396683693,0.0,0.0
1,0.04645533487200737,0.9999781847000122,0.9988707900047302,0.048258463541666664,0.0
1,0.005012034438550472,0.9996993541717529,0.04130730405449867,0.004018147786458333,0.0
1,0.28749868273735046,0.9999349117279053,0.9996095299720764,0.29730224609375,0.24955240885416666
1,0.3768676817417145,0.9999443292617798,0.999552309513092,0.3876241048177083,0.3884684244791667
1,0.03494592383503914,0.9997695088386536,0.9974689483642578,0.036366780598958336,0.04229736328125
1,0.17880703508853912,0.9999773502349854,0.999580979347229,0.197723388671875,0.13365681966145834
1,0.06633077561855316,0.9999899864196777,0.9995678067207336,0.06312825520833333,0.065830078125
1,0.10808593034744263,0.9999651908874512,0.9979251623153687,0.11925252278645833,0.08683268229166667
1,0.019094571471214294,0.9999711513519287,0.998050332069397,0.019551595052083332,0.0
1,0.06615675985813141,0.9996923208236694,0.9979572296142578,0.07110595703125,0.042816162109375
1,0.047514040023088455,0.9999868869781494,0.9994600415229797,0.048858642578125,0.047861735026041664
1,0.3634531795978546,0.9999709129333496,0.9995417594909668,0.384429931640625,0.41729736328125
1,0.06891269236803055,0.9995290040969849,0.9905498027801514,0.07874552408854167,0.041422526041666664
1,0.037856340408325195,0.9998273253440857,0.9942250847816467,0.040049235026041664,0.0
1,0.08085402846336365,0.9999831914901733,0.999552309513092,0.084014892578125,0.07920328776041667
1,0.18128758668899536,0.9998675584793091,0.9983958601951599,0.20612916666666667,0.10885416666666667
1,0.020624766126275063,0.9999651908874512,0.9921841025352478,0.020131429036458332,0.0
1,0.03864506632089615,0.9984021782875061,0.9779677391052246,0.0431712962962963,0.0
1,0.007258696481585503,0.9999983310699463,0.08586245775222778,0.0028971354166666668,0.0
1,0.009000799618661404,0.9971550703048706,0.09028640389442444,0.00970458984375,0.0
1,0.019734200090169907,0.9990745782852173,0.7924546003341675,0.025970458984375,0.0
1,0.02027987875044346,0.9999954700469971,0.9978925585746765,0.020802815755208332,0.0
1,0.29977691173553467,0.9999567270278931,0.9993281364440918,0.3494140625,0.41747721354166667
1,0.12704052031040192,0.9997153878211975,0.9958499670028687,0.14378398058252428,0.11415776699029126
1,0.08231625705957413,0.999971866607666,0.9994093179702759,0.08514404296875,0.0728759765625
1,0.0910438522696495,0.9985505938529968,0.9764904975891113,0.10454305013020833,0.098358154296875
1,0.025180799886584282,0.9999978542327881,0.7640123963356018,0.036051432291666664,0.0
1,0.014374497346580029,0.9999421834945679,0.997285008430481,0.014912923177083334,0.012247721354166666
1,0.04399159923195839,0.9999719858169556,0.9991440773010254,0.044698079427083336,0.034912109375
1,0.14606857299804688,0.9999699592590332,0.9959298968315125,0.17132568359375,0.0
1,0.00958813726902008,0.9999980926513672,0.13614831864833832,0.009084065755208334,0.0
1,0.07280988246202469,0.999823272228241,0.8369467258453369,0.0968017578125,0.0
1,0.02274293079972267,0.999859094619751,0.9341564774513245,0.02594074074074074,0.018225925925925927
1,0.13592611253261566,0.9999908208847046,0.9996607303619385,0.13730875651041666,0.1273193359375
1,0.27650952339172363,0.9999675750732422,0.9991306662559509,0.3098222222222222,0.16636666666666666
1,0.31740543246269226,0.9997448325157166,0.9986276626586914,0.3401387532552083,0.3427734375
1,0.030002618208527565,0.9998133778572083,0.9834068417549133,0.031768798828125,0.0
1,0.18093615770339966,0.9999943971633911,0.9997407793998718,0.18097941080729166,0.16864013671875
1,0.02138381265103817,0.9986114501953125,0.9777551293373108,0.023000081380208332,0.0
1,0.02200775407254696,0.9999904632568359,0.9989758729934692,0.022099322799097064,0.021789745243469848
1,0.027304640039801598,0.9999535083770752,0.9961456060409546,0.028208414713541668,0.0
1,0.13873612880706787,0.9997283816337585,0.9917484521865845,0.16145833333333334,0.05612916666666667
1,0.009341471828520298,0.9999117851257324,0.06714940071105957,0.008616129557291666,0.0
1,0.013326149433851242,0.9999759197235107,0.16318123042583466,0.009287109375,0.0
1,0.28265541791915894,0.9998849630355835,0.9993712306022644,0.3202718098958333,0.3742777506510417
1,0.10552199184894562,0.9967396855354309,0.9697853922843933,0.1339877572689883,0.11473242745936679
1,0.21045975387096405,0.9999823570251465,0.9995659589767456,0.223480224609375,0.21712239583333334
1,0.01879388839006424,0.9999831914901733,0.9976494908332825,0.014612630208333333,0.013603515625
1,0.1699635237455368,0.9999517202377319,0.9996185302734375,0.17522176106770834,0.17351277669270834
1,0.027651267126202583,0.9999810457229614,0.9991703033447266,0.028350830078125,0.028228759765625
1,0.12829342484474182,0.9993013143539429,0.9965165853500366,0.14302571614583334,0.13044230143229166
1,0.14292015135288239,0.9999402761459351,0.9993227124214172,0.15869140625,0.13210042317708334
1,0.044439442455768585,0.9999233484268188,0.9986114501953125,0.04604718066743383,0.033285385500575373
1,0.7804045081138611,0.9999905824661255,0.9997748732566833,0.7927717270504556,0.7948432985107802
1,0.023414699360728264,0.9997918009757996,0.9949833154678345,0.023718453010697266,0.022339473184493936
1,0.021777473390102386,0.9999662637710571,0.9978426694869995,0.022369791666666666,0.015647786458333333
1,0.048807334154844284,0.9999819993972778,0.9996064305305481,0.049652099609375,0.045684814453125
1,0.04062492772936821,0.9998875856399536,0.9982317090034485,0.041239420572916664,0.030812581380208332
1,0.04742397740483284,0.9999816417694092,0.9993410706520081,0.049601236979166664,0.026326497395833332
1,0.04914261773228645,0.9999942779541016,0.9996750354766846,0.049723307291666664,0.04815673828125
1,0.4309040307998657,0.9999339580535889,0.9996699094772339,0.436126708984375,0.4370320638020833
1,0.1329147070646286,0.9993201494216919,0.9962638020515442,0.15437825520833334,0.032246907552083336
1,0.033338140696287155,0.9999964237213135,0.9996512532234192,0.034067789713541664,0.0
1,0.21257753670215607,0.999562680721283,0.9964203834533691,0.2239990234375,0.21764119466145834
1,0.0019260713597759604,0.9998968839645386,0.003960942383855581,0.001869158878504673,0.0
1,0.019249558448791504,0.9999583959579468,0.9940428137779236,0.019856770833333332,0.0
1,0.0007313666865229607,0.8335957527160645,0.00877809152007103,0.00020345052083333334,0.0
1,0.027593841776251793,0.9998875856399536,0.9981968998908997,0.028065999348958332,0.021870930989583332
1,0.5198423862457275,0.9999889135360718,0.9996993541717529,0.5397302240512117,0.553228166438043
1,0.37248364090919495,0.9999827146530151,0.999783456325531,0.3896280924479167,0.388031005859375
1,0.0475626103579998,0.9999833106994629,0.9993333220481873,0.044657389322916664,0.0
1,0.23589201271533966,0.999987006187439,0.999413788318634,0.2770487467447917,0.274322509765625
1,0.012271109968423843,0.9999974966049194,0.9634664058685303,0.011739095052083334,0.0
1,0.08359462022781372,0.9999251365661621,0.99903404712677,0.08454386393229167,0.08665974934895833
1,0.05398876965045929,0.999562680721283,0.9950946569442749,0.05705403645833333,0.03373046875
1,0.3372259736061096,0.9998968839645386,0.9991340041160583,0.3420865885416667,0.3422981770833333
1,0.05330843850970268,0.9999269247055054,0.9972423315048218,0.056620279947916664,0.058003743489583336
1,0.013729552738368511,0.9998377561569214,0.9844545722007751,0.013824462890625,0.0
1,0.05855940282344818,0.9992648959159851,0.9901401400566101,0.067047119140625,0.0
1,0.003555854083970189,0.9999876022338867,0.0019267346942797303,0.003662109375,0.0
1,0.09082907438278198,0.9999704360961914,0.9996699094772339,0.09639485677083333,0.08821614583333333
1,0.44090569019317627,0.9999291896820068,0.9990854263305664,0.4491475423177083,0.4491475423177083
1,0.027371035888791084,0.995718777179718,0.7767719626426697,0.032206217447916664,0.0
1,0.11132168769836426,0.9999697208404541,0.9994887113571167,0.11424763997395833,0.11467488606770833
1,0.03788604587316513,0.9999879598617554,0.9997175335884094,0.038330078125,0.03656005859375
1,0.09134813398122787,0.9999313354492188,0.9977481961250305,0.09813435872395833,0.09284464518229167
1,0.19154398143291473,0.999966025352478,0.999748706817627,0.19657389322916666,0.19733683268229166
1,0.19693692028522491,0.9999369382858276,0.9981827735900879,0.21697998046875,0.18827311197916666
1,0.14822012186050415,0.999944806098938,0.9994946718215942,0.16331990559895834,0.153350830078125
1,0.04626533016562462,0.9996215105056763,0.9903290271759033,0.053862748803224995,0.04425705467372134
1,0.34936919808387756,0.999823272228241,0.9991474151611328,0.350799560546875,0.35137939453125
1,0.2445051521062851,0.99988853931427,0.9994866847991943,0.2715625,0.09104166666666667
1,0.2699575126171112,0.9999895095825195,0.9992327690124512,0.326171875,0.441875
1,0.018052441999316216,0.999713122844696,0.9920002222061157,0.01806640625,0.0
1,0.10160189121961594,0.9999657869338989,0.9986646175384521,0.11415608723958333,0.04693603515625
1,0.0039093163795769215,0.9999760389328003,0.026454269886016846,0.0032958984375,0.0
1,0.017097584903240204,0.999971866607666,0.6951342225074768,0.0173828125,0.0074251302083333335
1,0.3226083815097809,0.9999158382415771,0.9994407296180725,0.3324483235677083,0.337615966796875
1,0.24313068389892578,0.9999008178710938,0.9989350438117981,0.254486083984375,0.23476155598958334
1,0.003317789174616337,0.9999542236328125,0.0007524627144448459,0.00347900390625,0.0
1,0.04694095999002457,0.999841570854187,0.9979572296142578,0.049965277777777775,0.037528935185185186
1,0.016899092122912407,0.9999939203262329,0.9987598657608032,0.017252604166666668,0.01507568359375
1,0.12967808544635773,0.9999706745147705,0.9996633529663086,0.13344319661458334,0.13324991861979166
1,0.0975542888045311,0.9997783303260803,0.9966365098953247,0.11110432942708333,0.13112386067708334
1,0.08932032436132431,0.9971439242362976,0.9840936064720154,0.0985107421875,0.0
1,0.8724491000175476,0.9996155500411987,0.9975274205207825,0.921112060546875,1.0
1,0.6302260756492615,0.9988120794296265,0.9952816367149353,0.7136869565217391,0.8496652173913043
1,0.016955647617578506,0.9999891519546509,0.6825800538063049,0.017320963541666668,0.005631510416666667
1,0.34813427925109863,0.9997851252555847,0.9988213181495667,0.3573506673177083,0.3586018880208333
1,0.06183519586920738,0.9998352527618408,0.9802808165550232,0.07368977864583333,0.0
0,0.04284834861755371,0.9867261648178101,0.9194981455802917,0.053192138671875,0.0
0,0.23385299742221832,0.9988213181495667,0.9937587976455688,0.2670186360677083,0.18175252278645834
0,0.09489879757165909,0.989591658115387,0.9391365647315979,0.11543782552083333,0.0
0,0.08724872022867203,0.9933846592903137,0.9622496962547302,0.103179931640625,0.0
0,0.011552668176591396,0.9600626826286316,0.2440025359392166,0.009043375651041666,0.0
0,0.07795415073633194,0.9732915163040161,0.9048188328742981,0.10420735677083333,0.0
0,0.021749263629317284,0.8692712783813477,0.4313446581363678,0.021626790364583332,0.0
0,0.06791827827692032,0.9902161359786987,0.948534369468689,0.081329345703125,0.0
0,0.07090818136930466,0.9936856627464294,0.8872045874595642,0.09857177734375,0.0
0,0.011035173200070858,0.9789553880691528,0.3127865195274353,0.011698404947916666,0.0
0,0.05247005447745323,0.9717254042625427,0.8424630761146545,0.07072957356770833,0.0
0,0.043742090463638306,0.949669361114502,0.7507300972938538,0.045481363932291664,0.0
0,0.059426870197057724,0.9810219407081604,0.8697080016136169,0.073516845703125,0.0
0,0.09347564727067947,0.9911182522773743,0.9370923638343811,0.11912027994791667,0.0
0,5.48959469597321e-05,0.01358439214527607,0.0010690015042200685,0.0,0.0
0,0.007537230383604765,0.9501341581344604,0.24850687384605408,0.009735107421875,0.0
0,4.4240794522920623e-05,0.025809623301029205,0.0004936049808748066,0.0,0.0
0,0.006718835327774286,0.9935368895530701,0.07463503628969193,0.00537109375,0.0
0,0.1624898761510849,0.9990960359573364,0.9834704995155334,0.19304402669270834,0.0
0,0.028533250093460083,0.9564718008041382,0.6794977784156799,0.029825846354166668,0.0
0,0.09859032183885574,0.9746769666671753,0.8929365277290344,0.12025960286458333,0.0
0,0.06513779610395432,0.9942474365234375,0.9814534187316895,0.07243855794270833,0.044270833333333336
0,0.0065492563880980015,0.9310875535011292,0.1495276689529419,0.006866455078125,0.0
0,0.00493443850427866,0.9383503198623657,0.07329727709293365,0.003631591796875,0.0
0,0.06448063999414444,0.9929881691932678,0.9320796132087708,0.07808430989583333,0.0
0,0.0012574163265526295,0.18802562355995178,0.029477735981345177,0.0,0.0
0,0.032653626054525375,0.9305844902992249,0.7123232483863831,0.038289388020833336,0.0
0,0.00811938289552927,0.6952346563339233,0.15661630034446716,0.0026448567708333335,0.0
0,0.052247364073991776,0.9635748267173767,0.8852352499961853,0.06763712565104167,0.0
0,0.03167767450213432,0.9790757894515991,0.808809757232666,0.037394205729166664,0.0
0,0.019088586792349815,0.9289263486862183,0.5850566625595093,0.01960648148148148,0.0
0,0.18284128606319427,0.9997901320457458,0.9973477125167847,0.222064,0.08380266666666666
0,1.9794877516687848e-05,0.004281254485249519,0.0003500686143524945,0.0,0.0
0,0.02176990546286106,0.9502266049385071,0.645898699760437,0.025970458984375,0.0
0,0.0023334703873842955,0.878835141658783,0.03919513523578644,0.0017293294270833333,0.0
0,0.06897658854722977,0.9975177049636841,0.9706860780715942,0.08011881510416667,0.0
0,0.4117491841316223,0.9974290728569031,0.9870795607566833,0.5279361598440546,0.511588693957115
0,0.480729877948761,0.998492956161499,0.9891397356987,0.6196333333333334,0.7772916666666667
0,0.0004877763567492366,0.5457396507263184,0.011158031411468983,0.00021613832853025936,0.0
0,0.0024608056992292404,0.9704086184501648,0.016914913430809975,0.002764857881136951,0.0
0,0.13263027369976044,0.9972423315048218,0.97303706407547,0.16334625322997415,0.10874246339362618
0,0.00019055353186558932,0.04138471931219101,0.0037072529084980488,0.0,0.0
0,0.0021644977387040854,0.9802808165550232,0.020100237801671028,0.0016861873990306946,0.0
0,0.037022363394498825,0.9970421195030212,0.8370879292488098,0.03779240064849253,0.0
0,0.07320177555084229,0.9956346154212952,0.9207897186279297,0.094192,0.044074666666666665
0,0.10331892967224121,0.9978760480880737,0.9302051067352295,0.13081792797997305,0.0
0,0.030788486823439598,0.9938070178031921,0.91804039478302,0.030785433629035526,0.0
0,0.02855837158858776,0.9657707214355469,0.608021080493927,0.02659294365455503,0.0
0,0.002206896198913455,0.7951813340187073,0.03825006261467934,0.000402744630071599,0.0
0,0.026224564760923386,0.9982522130012512,0.9194981455802917,0.027556089514383517,0.0
0,0.016574649140238762,0.9921233057975769,0.2540460526943207,0.00976395328554797,0.0
0,0.07951296120882034,0.9829546809196472,0.8554893136024475,0.09783790379836706,0.0
0,0.0037197924684733152,0.9133679866790771,0.0384661927819252,0.0036190834161140494,0.0
0,0.006007485557347536,0.276104599237442,0.045183755457401276,9.137426900584795e-06,0.0
0,1.6846954167704098e-05,0.0037507887464016676,0.00027586790383793414,0.0,0.0
0,0.0010554223554208875,0.38139235973358154,0.018797073513269424,7.774538386783285e-05,0.0
0,0.03198288753628731,0.9997346997261047,0.9786719083786011,0.036090494791666664,0.0
0,0.22725343704223633,0.9987106323242188,0.9901785850524902,0.2632137550413925,0.1957715983867544
0,0.014226006343960762,0.9881309270858765,0.5719459652900696,0.01694007263922518,0.0
0,0.4117491841316223,0.9974290728569031,0.9870795607566833,0.5279361598440546,0.511588693957115
0,0.000999421812593937,0.9906600117683411,0.0034970103297382593,0.00118125610152945,0.0
0,0.12243517488241196,0.9997527003288269,0.996292769908905,0.140618901875398,0.057704948339256004
0,0.015855932608246803,0.9485372304916382,0.31184688210487366,0.01158148148148148,0.0
0,0.00019055353186558932,0.04138471931219101,0.0037072529084980488,0.0,0.0
0,0.026777472347021103,0.9993613362312317,0.9593832492828369,0.030678998420933905,0.0
0,0.02716776542365551,0.9990781545639038,0.946696400642395,0.029780092592592594,0.0
0,0.02500826120376587,0.9869794845581055,0.8230441212654114,0.029231770833333334,0.0
0,0.125492662191391,0.9986006617546082,0.9912885427474976,0.14086535988064003,0.07829397540772753
0,0.037022363394498825,0.9970421195030212,0.8370879292488098,0.03779240064849253,0.0
0,0.02149350941181183,0.8858291506767273,0.6171088814735413,0.02430624944811336,0.0
0,0.10719137638807297,0.9961755275726318,0.9745803475379944,0.1268863514957265,0.0
0,0.00146311370190233,0.8293538093566895,0.02784845046699047,0.0008319091410538119,0.0
0,0.0030612971168011427,0.9853278994560242,0.04193052276968956,0.002321516652726844,0.0
0,0.0313178114593029,0.9997085928916931,0.9892648458480835,0.03382321731748727,0.01735462648556876
0,0.0013973250752314925,0.8112277984619141,0.017917344346642494,0.0009256998697916666,0.0
0,0.010073001496493816,0.7525585293769836,0.16211456060409546,0.0054931640625,0.0
0,0.0052647716365754604,0.9914886951446533,0.05592307820916176,0.006022135416666667,0.0
0,0.034756772220134735,0.9973477125167847,0.9412234425544739,0.040456136067708336,0.0
0,0.020855745300650597,0.9770664572715759,0.654222309589386,0.024485270182291668,0.0
0,0.015472684055566788,0.9452984929084778,0.4121752083301544,0.015909830729166668,0.0
0,0.00244764587841928,0.3197583258152008,0.0362882986664772,2.0345052083333332e-05,0.0
0,0.010363126173615456,0.9202179908752441,0.2826880216598511,0.010609944661458334,0.0
0,0.007921208627521992,0.70537930727005,0.22370083630084991,0.0081787109375,0.0
0,0.0933539941906929,0.9820826053619385,0.9280183911323547,0.11876424153645833,0.0
0,0.05127694830298424,0.9775000214576721,0.8518258929252625,0.07004801432291667,0.0
0,0.1375374048948288,0.9911182522773743,0.9563064575195312,0.16914876302083334,0.0
0,0.01859484612941742,0.8003801107406616,0.26568418741226196,0.009755452473958334,0.0
0,0.0829475000500679,0.9972744584083557,0.9803937673568726,0.0953369140625,0.07177734375
0,0.00030656406306661665,0.15713684260845184,0.006121281534433365,0.0,0.0
0,0.05421294644474983,0.9805060625076294,0.8946054577827454,0.06431070963541667,0.0
0,0.0660543367266655,0.9886244535446167,0.8842272758483887,0.08820597330729167,0.0
0,0.03480498865246773,0.9559813141822815,0.7846492528915405,0.051595052083333336,0.0
0,0.07310766726732254,0.9859904050827026,0.9426093101501465,0.08699544270833333,0.0
0,0.014491087757050991,0.9951514005661011,0.39110472798347473,0.01434326171875,0.0
0,0.03182322159409523,0.9719393253326416,0.8490936160087585,0.031473795572916664,0.0
0,0.10182177275419235,0.9727790951728821,0.87342768907547,0.13893636067708334,0.0
0,0.11388640850782394,0.9943360686302185,0.9844563603401184,0.13228352864583334,0.13042195638020834
0,0.24115514755249023,0.9958011507987976,0.9779256582260132,0.3120930989583333,0.11043294270833333
0,0.00678001856431365,0.9298236966133118,0.12378553301095963,0.00567626953125,0.0
0,0.02975705824792385,0.9842759370803833,0.7069942355155945,0.035858154296875,0.0
0,0.012098572216928005,0.8281063437461853,0.2924942374229431,0.011525472005208334,0.0
0,0.009112471714615822,0.9300782084465027,0.24578677117824554,0.008819580078125,0.0
0,0.055190663784742355,0.9865199327468872,0.9008791446685791,0.06526692708333333,0.0
0,0.0524284802377224,0.9845160245895386,0.9216402173042297,0.062337239583333336,0.0
0,0.005952014122158289,0.4156695008277893,0.125600665807724,0.0016581217447916667,0.0
0,0.15105918049812317,0.9973580241203308,0.98046875,0.18876139322916666,0.0
0,0.03153611719608307,0.9586926698684692,0.6522314548492432,0.032328287760416664,0.0
0,0.07652287930250168,0.9889278411865234,0.9566342234611511,0.08765665690104167,0.0
0,0.008937329985201359,0.6078377962112427,0.1590828001499176,0.004720052083333333,0.0
0,0.004200042691081762,0.8975157737731934,0.07081235200166702,0.0015157063802083333,0.0
0,0.22347259521484375,0.9931760430335999,0.9464948773384094,0.293304443359375,0.130615234375
0,0.10482456535100937,0.9170058369636536,0.787436306476593,0.12513224283854166,0.0
0,0.001663046539761126,0.2230384200811386,0.022846199572086334,0.0,0.0
0,0.10450933128595352,0.9959771037101746,0.9787126779556274,0.11820475260416667,0.0574951171875
0,0.03409741446375847,0.9672868847846985,0.6684475541114807,0.027923583984375,0.0
0,0.024189913645386696,0.8153795003890991,0.3624049127101898,0.018015543619791668,0.0
0,0.40407809615135193,0.9996947050094604,0.9960851669311523,0.4930318196614583,0.4979248046875
0,0.022801682353019714,0.9537942409515381,0.3439926505088806,0.013905843098958334,0.0
0,0.16664248704910278,0.9923043847084045,0.9725714921951294,0.20469156901041666,0.09647623697916667
0,0.3899441659450531,0.9996898174285889,0.9951136708259583,0.4576619466145833,0.4926249186197917
0,0.010350072756409645,0.9354645609855652,0.33219558000564575,0.011993408203125,0.0
0,0.2849988043308258,0.9959140419960022,0.9824230670928955,0.3688456217447917,0.21712239583333334
0,0.04897342249751091,0.9285385012626648,0.6372531652450562,0.054229736328125,0.0
0,0.08514764159917831,0.9613890647888184,0.8927496671676636,0.111114501953125,0.0
0,0.013956268317997456,0.8243205547332764,0.2173275649547577,0.006215413411458333,0.0
0,0.10292727500200272,0.9959456324577332,0.9765800833702087,0.10273234049479167,0.079864501953125
0,0.020435482263565063,0.7424216866493225,0.41614219546318054,0.02093505859375,0.0
0,0.15976457297801971,0.9426124691963196,0.8864204287528992,0.214599609375,0.0589599609375
0,0.18933391571044922,0.9833430051803589,0.9337903261184692,0.2505594889322917,0.12813313802083334
0,0.016886426135897636,0.8980534672737122,0.31489264965057373,0.014129638671875,0.0
0,0.00030243233777582645,0.07043161243200302,0.004848532844334841,0.0,0.0
0,0.22559672594070435,0.9921537041664124,0.9764443635940552,0.2826334635416667,0.24519856770833334
0,0.041724514216184616,0.9781771898269653,0.8221805095672607,0.046986897786458336,0.0
0,0.0005004134145565331,0.21933749318122864,0.013689476065337658,0.0,0.0
0,0.2745318114757538,0.9948603510856628,0.982355535030365,0.3548787434895833,0.3386739095052083
0,0.04453105106949806,0.9849274158477783,0.911337673664093,0.054026285807291664,0.0
0,0.3204439580440521,0.9971216320991516,0.9852146506309509,0.406951904296875,0.3054402669270833
0,4.631107367458753e-05,0.008711384609341621,0.0008592476369813085,0.0,0.0
0,0.16121093928813934,0.9990302324295044,0.9908389449119568,0.20390828450520834,0.23030598958333334
0,0.09690964967012405,0.9686195850372314,0.8542778491973877,0.15248616536458334,0.0
0,0.0648384615778923,0.9927672147750854,0.9328176975250244,0.07909138997395833,0.0
0,0.16699384152889252,0.9973989725112915,0.991048276424408,0.198272705078125,0.21031697591145834
0,0.006158777046948671,0.9008791446685791,0.18857355415821075,0.007710774739583333,0.0
0,0.1751016229391098,0.9775857925415039,0.9550683498382568,0.23265584309895834,0.18829345703125
0,0.38094186782836914,0.9990673661231995,0.9951702952384949,0.4507344563802083,0.5467529296875
0,0.006196146830916405,0.5634980797767639,0.10176249593496323,0.0004170735677083333,0.0
0,0.10383749008178711,0.9942250847816467,0.9717254042625427,0.122283935546875,0.041015625
0,0.3431629240512848,0.9976032376289368,0.9856629967689514,0.42730712890625,0.4658610026041667
0,0.010087579488754272,0.8978744745254517,0.19011731445789337,0.007293701171875,0.0
0,0.07654355466365814,0.9923341274261475,0.9680790305137634,0.08575439453125,0.037841796875
0,0.006431125570088625,0.9054896235466003,0.17398883402347565,0.006785074869791667,0.0
0,0.08228328078985214,0.9976949095726013,0.986828088760376,0.08951822916666667,0.045511881510416664
0,0.20737691223621368,0.9938070178031921,0.9818405508995056,0.254180908203125,0.22414143880208334
0,0.1695413440465927,0.9941347241401672,0.975623369216919,0.21236165364583334,0.076171875
0,0.06261572241783142,0.9849852323532104,0.917741596698761,0.07933553059895833,0.0
0,0.1979980319738388,0.9909096360206604,0.9707432389259338,0.24934895833333334,0.0
0,0.032152947038412094,0.9568765759468079,0.7043513655662537,0.043924967447916664,0.0
0,0.12996302545070648,0.9983256459236145,0.9880849719047546,0.14812215169270834,0.07843017578125
0,0.020926883444190025,0.9644556045532227,0.7346910238265991,0.025899251302083332,0.0
0,0.03198136016726494,0.9810945987701416,0.8785228729248047,0.032511393229166664,0.0
0,0.01679716445505619,0.9855521321296692,0.7314279675483704,0.019256591796875,0.0
0,0.07104703038930893,0.9832789301872253,0.9299471974372864,0.08408610026041667,0.0
0,0.016010800376534462,0.8413047790527344,0.36161550879478455,0.015981038411458332,0.0
0,0.04901696741580963,0.9576753973960876,0.78132563829422,0.06488037109375,0.0
0,0.00026830885326489806,0.057599205523729324,0.005447434727102518,0.0,0.0
0,0.016213804483413696,0.9290551543235779,0.4586114287376404,0.019134521484375,0.0
0,0.027209537103772163,0.9876639246940613,0.7626009583473206,0.031148274739583332,0.0
0,0.03502077981829643,0.9980505704879761,0.9755303859710693,0.042470296223958336,0.0
0,0.03263833001255989,0.9735944867134094,0.8622322082519531,0.032430013020833336,0.0
0,0.004702875856310129,0.7148271203041077,0.0676698163151741,0.0009256998697916666,0.0
0,3.0341518595378147e-06,0.0001214817602885887,2.4682904040673748e-05,0.0,0.0
0,0.04744426906108856,0.9939496517181396,0.9654463529586792,0.057088216145833336,0.0186767578125
0,0.05874252691864967,0.9914886951446533,0.9051547646522522,0.07794189453125,0.0
0,0.00015171732229646295,0.039787810295820236,0.003234678879380226,0.0,0.0
0,0.0027771748136729,0.9078037738800049,0.050893716514110565,0.0017598470052083333,0.0
0,0.005948863457888365,0.7248703241348267,0.1653234213590622,0.004720052083333333,0.0
0,0.0036061331629753113,0.9405717849731445,0.03050205484032631,0.004374186197916667,0.0
0,0.15592481195926666,0.9975560903549194,0.9845753908157349,0.18921915690104166,0.08268229166666667
0,0.07305848598480225,0.9928508996963501,0.9374367594718933,0.084381103515625,0.0
0,0.4409187138080597,0.9994826316833496,0.9962199330329895,0.5130208333333334,0.5757242838541666
0,0.033951159566640854,0.9891397356987,0.7485361695289612,0.034016927083333336,0.0
0,0.044194698333740234,0.9945095181465149,0.9502266049385071,0.046132405598958336,0.0
0,0.14013004302978516,0.9991238713264465,0.9944010972976685,0.15629069010416666,0.038126627604166664
0,0.06302561610937119,0.9954791069030762,0.9793922901153564,0.06660970052083333,0.0
0,0.2297331839799881,0.997188150882721,0.985496461391449,0.277740478515625,0.12174479166666667
0,0.10717733949422836,0.9939261078834534,0.9630898833274841,0.132293701171875,0.0
0,0.027633419260382652,0.8729984164237976,0.49867498874664307,0.028462727864583332,0.0
0,0.03280312940478325,0.9766246676445007,0.702721893787384,0.037709554036458336,0.0
0,0.004910575691610575,0.658197820186615,0.09756221622228622,0.0018819173177083333,0.0
0,0.16051088273525238,0.9977743029594421,0.9888418912887573,0.18812052408854166,0.125274658203125
0,0.18297266960144043,0.9998013377189636,0.9969125986099243,0.21384684244791666,0.09731038411458333
0,0.2040993720293045,0.9976494908332825,0.9862561225891113,0.2502339680989583,0.0
0,0.0049750409089028835,0.8721297383308411,0.1175599992275238,0.00421142578125,0.0
0,0.021405911073088646,0.967348575592041,0.6702781319618225,0.028513590494791668,0.0
0,0.2261868119239807,0.9978342652320862,0.9929060935974121,0.25775146484375,0.22599283854166666
0,0.0948861762881279,0.999514102935791,0.9942474365234375,0.10724894205729167,0.0771484375
0,0.1674855351448059,0.9922744631767273,0.9692078232765198,0.20391845703125,0.0
0,0.038111697882413864,0.9929336309432983,0.8478304743766785,0.04779052734375,0.0
0,0.26395168900489807,0.9948803186416626,0.9863631129264832,0.3237101236979167,0.15815226236979166
0,0.10247772932052612,0.9897909760475159,0.9579908847808838,0.12300618489583333,0.0
0,0.08083133399486542,0.9916519522666931,0.973289966583252,0.09468587239583333,0.0
0,0.03429337963461876,0.986828088760376,0.9293122291564941,0.041463216145833336,0.0
0,7.117138738976792e-05,0.11656273901462555,9.168055839836597e-05,0.0,0.0
0,0.024080367758870125,0.8818185925483704,0.46817725896835327,0.027180989583333332,0.0
0,0.011617660522460938,0.9562273025512695,0.38299262523651123,0.012908935546875,0.0
0,0.005175228696316481,0.9716179370880127,0.113973468542099,0.005879720052083333,0.0
0,0.04786298796534538,0.9399133324623108,0.7318258881568909,0.057779947916666664,0.0
0,0.007974212057888508,0.9537081718444824,0.21833084523677826,0.009134928385416666,0.0
0,0.021174520254135132,0.8385475873947144,0.35734322667121887,0.015736897786458332,0.0
0,0.03608059138059616,0.9940890073776245,0.9419752359390259,0.041554768880208336,0.0
0,0.009006597101688385,0.8556100726127625,0.19238758087158203,0.00677490234375,0.0
0,0.0670040175318718,0.9988969564437866,0.9828872084617615,0.08216349283854167,0.018056233723958332
0,0.0030150413513183594,0.8000679016113281,0.06803671270608902,0.0021870930989583335,0.0
0,0.00253922026604414,0.7622470855712891,0.04385210573673248,0.0015970865885416667,0.0
0,0.0038350503891706467,0.31573596596717834,0.05654813349246979,8.138020833333333e-05,0.0
0,0.018579505383968353,0.9611709713935852,0.5882388353347778,0.02294921875,0.0
0,0.08566484600305557,0.997285008430481,0.9674102663993835,0.101226806640625,0.0
0,0.07319636642932892,0.994401752948761,0.9715083837509155,0.08636474609375,0.088531494140625
0,0.026006892323493958,0.9826908707618713,0.675119161605835,0.028371175130208332,0.0
0,0.10581912845373154,0.9701269268989563,0.8864204287528992,0.15043131510416666,0.0
0,0.038275059312582016,0.956063449382782,0.8082141280174255,0.051534016927083336,0.0
0,0.1099361777305603,0.9925682544708252,0.9426124691963196,0.13829549153645834,0.0
0,0.09842825680971146,0.9966233968734741,0.9777563810348511,0.11951700846354167,0.031494140625
0,0.018890533596277237,0.9666001796722412,0.35352304577827454,0.013580322265625,0.0
0,0.06759820133447647,0.9684410095214844,0.8547597527503967,0.08266194661458333,0.0
0,0.030263835564255714,0.9031234383583069,0.6113117933273315,0.034861246744791664,0.0
0,0.06244442239403725,0.9907320141792297,0.889331042766571,0.07835896809895833,0.0
0,0.03792827948927879,0.974773108959198,0.7836475968360901,0.040293375651041664,0.0
0,1.1470486242615152e-05,0.0027791904285550117,0.00016997529019135982,0.0,0.0
0,0.019170111045241356,0.9633685946464539,0.47581154108047485,0.018473307291666668,0.0
0,0.009666576981544495,0.7861306667327881,0.2575726807117462,0.009470621744791666,0.0
0,1.6896214219741523e-05,0.0032350560650229454,0.00019871552649419755,0.0,0.0
0,0.02904738299548626,0.9857181310653687,0.9049818515777588,0.0355224609375,0.0
0,0.09152635186910629,0.9989392161369324,0.9845753908157349,0.10886637369791667,0.037943522135416664
0,0.06184791401028633,0.9870296716690063,0.8931175470352173,0.07674153645833333,0.0
0,0.004556270781904459,0.8925625681877136,0.09367801249027252,0.0036722819010416665,0.0
0,0.022919392213225365,0.9883578419685364,0.8870089650154114,0.0272216796875,0.0
0,0.10741079598665237,0.982355535030365,0.94218510389328,0.13401285807291666,0.0
0,0.10243871808052063,0.9978258013725281,0.9882221817970276,0.11496988932291667,0.09583536783854167
0,0.0002095334930345416,0.02522682584822178,0.003524340922012925,0.0,0.0
0,0.0005113414954394102,0.26511871814727783,0.010288301855325699,0.0,0.0
0,0.10661086440086365,0.9900636076927185,0.9503188729286194,0.13139851888020834,0.0
0,0.14330849051475525,0.9930152893066406,0.9605836272239685,0.180389404296875,0.123779296875
0,0.0046898433938622475,0.9014011025428772,0.10466021299362183,0.00445556640625,0.0
0,0.32032158970832825,0.9967396855354309,0.988711953163147,0.3976236979166667,0.4310099283854167
0,0.021230489015579224,0.9888418912887573,0.906813383102417,0.025746663411458332,0.0
0,0.3020517826080322,0.9984269142150879,0.9907320141792297,0.3722941080729167,0.22916666666666666
0,0.0237046480178833,0.9582260847091675,0.5939608216285706,0.026092529296875,0.0
0,0.1966308206319809,0.9955315589904785,0.9853842854499817,0.24073282877604166,0.10009765625
0,0.022234437987208366,0.9930152893066406,0.8460620045661926,0.023966471354166668,0.0
0,0.2004622370004654,0.9941574335098267,0.9828232526779175,0.23844401041666666,0.244140625
0,0.013884260319173336,0.9111796617507935,0.4678596556186676,0.016764322916666668,0.0
0,0.017659688368439674,0.8776865601539612,0.30652081966400146,0.012624104817708334,0.0
0,0.009239278733730316,0.7518303990364075,0.17981842160224915,0.004282633463541667,0.0
0,0.00044784508645534515,0.06632687151432037,0.010610193014144897,0.0,0.0
0,0.10250263661146164,0.9868786931037903,0.934155285358429,0.13202921549479166,0.0
0,0.20477508008480072,0.9974983334541321,0.9841545820236206,0.2533772786458333,0.18798828125
0,0.0034358035773038864,0.6668223142623901,0.06608537584543228,0.0018513997395833333,0.0
0,0.02047867514193058,0.9523086547851562,0.4789509177207947,0.021921793619791668,0.0
0,0.013649645261466503,0.9328213930130005,0.3787393867969513,0.015218098958333334,0.0
0,0.029354894533753395,0.9951702952384949,0.8985832929611206,0.030069986979166668,0.0
0,0.0348980538547039,0.9896718263626099,0.9237300753593445,0.041432698567708336,0.0
0,0.4426790177822113,0.9985674619674683,0.9945095181465149,0.4919331868489583,0.54400634765625
0,0.21053262054920197,0.9987840056419373,0.986518383026123,0.2674967447916667,0.103515625
0,0.03987603634595871,0.9764904975891113,0.7798202037811279,0.045206705729166664,0.0
0,0.03611834719777107,0.9744347929954529,0.8190220594406128,0.044331868489583336,0.0
0,0.01784442737698555,0.9382373094558716,0.609929084777832,0.02587890625,0.0
0,0.024534890428185463,0.9111796617507935,0.5657168626785278,0.025461832682291668,0.0
0,0.02313176728785038,0.9832144975662231,0.8335835337638855,0.026326497395833332,0.0
0,0.0708853155374527,0.9832144975662231,0.9241377115249634,0.089996337890625,0.0
0,0.0342906229197979,0.9915870428085327,0.9090983867645264,0.041046142578125,0.0
0,0.18944984674453735,0.9950562715530396,0.9821512699127197,0.230010986328125,0.167724609375
0,0.11804147809743881,0.9826908707618713,0.9317114353179932,0.14432779947916666,0.0
0,0.09367706626653671,0.9977216124534607,0.9859904050827026,0.10795084635416667,0.07320149739583333
0,0.07224182784557343,0.9916519522666931,0.9298236966133118,0.08668009440104167,0.0
0,0.09126049280166626,0.9911527037620544,0.9235922694206238,0.11314900716145833,0.0
0,0.0001618701353436336,0.113973468542099,0.0032986511941999197,0.0,0.0
0,0.05760500207543373,0.9697281122207642,0.8463200330734253,0.07059733072916667,0.0
0,0.028682908043265343,0.967777669429779,0.6997367739677429,0.034871419270833336,0.0
0,0.0012514244299381971,0.5021762847900391,0.023109277710318565,0.0006205240885416666,0.0
0,0.0008539904956705868,0.2575782835483551,0.02144950069487095,0.0,0.0
0,0.002651218557730317,0.9482505321502686,0.050051309168338776,0.0016682942708333333,0.0
0,0.04032903537154198,0.916857123374939,0.6801354885101318,0.054250081380208336,0.0
0,0.029170697554945946,0.9837850332260132,0.7356074452400208,0.037872314453125,0.0
0,0.00027392766787670553,0.11971653997898102,0.004905405919998884,0.0,0.0
0,0.11982368677854538,0.9963500499725342,0.9909797310829163,0.13617960611979166,0.13346354166666666
0,0.004612267017364502,0.9629528522491455,0.11838509887456894,0.00634765625,0.0
0,0.01462940126657486,0.9595351815223694,0.3262682259082794,0.011871337890625,0.0
0,0.030161052942276,0.9446893334388733,0.7236025333404541,0.041798909505208336,0.0
0,0.004632804077118635,0.5553749203681946,0.0728963166475296,0.000732421875,0.0
0,0.0030308777932077646,0.512090265750885,0.07017629593610764,0.0011494954427083333,0.0
0,0.0003946925571653992,0.05813159793615341,0.009633651934564114,0.0,0.0
0,0.0006389292539097369,0.8503443598747253,0.0026419467758387327,0.0008341471354166666,0.0
0,5.183967368793674e-05,0.014172366820275784,0.0010608151787891984,0.0,0.0
0,0.006150448694825172,0.8589553833007812,0.18727681040763855,0.007578531901041667,0.0
0,0.13327740132808685,0.995372474193573,0.9798612594604492,0.15672810872395834,0.0
0,0.004115637857466936,0.3394990861415863,0.04611717164516449,0.00011189778645833333,0.0
0,0.004358042497187853,0.966092050075531,0.06130816787481308,0.0015970865885416667,0.0
0,0.04554486647248268,0.9926826357841492,0.9553166627883911,0.055775960286458336,0.0
0,0.034319180995225906,0.9785082340240479,0.8601343035697937,0.042500813802083336,0.0
0,0.00014285343058872968,0.12549343705177307,0.002957902615889907,0.0,0.0
0,0.027308160439133644,0.9641192555427551,0.7557956576347351,0.024373372395833332,0.0
0,0.09627602249383926,0.9938070178031921,0.9758545756340027,0.12798055013020834,0.07407633463541667
0,0.0015238747000694275,0.29188835620880127,0.05300683155655861,2.0345052083333332e-05,0.0
0,0.3593403398990631,0.9994966983795166,0.9960391521453857,0.44525093808630395,0.5521294559099437
0,0.026399269700050354,0.9844563603401184,0.7793235182762146,0.027314814814814816,0.0
0,0.04310392215847969,0.9759464263916016,0.8820220232009888,0.05450520833333333,0.0
0,0.24376767873764038,0.9968641400337219,0.9912551641464233,0.29390625,0.15447916666666667
0,0.05135364830493927,0.9935368895530701,0.9194981455802917,0.057942708333333336,0.0
0,0.07440027594566345,0.9780517220497131,0.8820220232009888,0.08660266666666666,0.0
0,0.12762615084648132,0.9985730648040771,0.961533784866333,0.1624,0.09662933333333333
0,0.009012294001877308,0.9982385635375977,0.1962094008922577,0.008916015625,0.0
0,0.08760966360569,0.9937345385551453,0.9554024338722229,0.10311703096539163,0.059804189435336975
0,0.04135776311159134,0.9896718263626099,0.8482193946838379,0.04942708333333334,0.0
0,0.05122179910540581,0.9910145401954651,0.9111796617507935,0.06478346456692913,0.025221456692913386
0,0.0018127976218238473,0.920647144317627,0.014392335899174213,0.0017850194552529184,0.0
0,0.0008346136892214417,0.9233161807060242,0.00982179306447506,0.0005593385214007782,0.0
0,0.02266816794872284,0.9800149202346802,0.6197019815444946,0.027560416666666667,0.0
0,0.019455472007393837,0.9802431464195251,0.5622972249984741,0.02405625,0.0
0,0.004622206091880798,0.9744833707809448,0.0792103260755539,0.0038754826254826253,0.0
0,0.0706622302532196,0.9999722242355347,0.974821150302887,0.08473455598455598,0.0
0,0.004360383376479149,0.9996373653411865,0.06359857320785522,0.0030622586872586875,0.0
0,0.02244606614112854,0.7348812818527222,0.25521931052207947,0.00885509250115215,0.0
0,0.0832294225692749,0.9980581402778625,0.9906237721443176,0.089352204681546,0.0763200870985302
0,0.03210790827870369,0.9697853922843933,0.8063971996307373,0.03912935323383085,0.022354892205638473
0,0.1411302238702774,0.9983450174331665,0.9839708209037781,0.1719387288523091,0.1402103337905807
0,0.07364381849765778,0.9979493021965027,0.9629528522491455,0.08580246913580247,0.0
0,0.07888355851173401,0.9928786158561707,0.9345147609710693,0.09661636945587562,0.02327389117512574
0,0.04646509885787964,0.999127209186554,0.9790357351303101,0.0526910815450287,0.0
0,0.03192546218633652,0.9953904151916504,0.899476945400238,0.03573446327683616,0.0
0,0.020901381969451904,0.9863631129264832,0.7114308476448059,0.02190625,0.0
0,0.1924564689397812,0.9998044371604919,0.9929060935974121,0.22417543380243202,0.22278453340620302
0,0.005952888634055853,0.9696707129478455,0.15674148499965668,0.006846110026041667,0.0
0,0.04872242733836174,0.9908389449119568,0.9717237949371338,0.055419921875,0.0230712890625
0,0.12193623930215836,0.9933330416679382,0.9726234674453735,0.1585693359375,0.07954915364583333
0,0.00014674100384581834,0.026056302711367607,0.0030753696337342262,0.0,0.0
0,3.976634980062954e-05,0.15127839148044586,6.014152313582599e-05,0.0,0.0
0,0.0006380726699717343,0.18227991461753845,0.010986942797899246,0.0,0.0
0,0.0003953350242227316,0.6757646203041077,0.0006411776994355023,0.0006001790364583334,0.0
0,0.007837045937776566,0.970520555973053,0.20833511650562286,0.0079345703125,0.0
0,0.007412783335894346,0.9640516638755798,0.19681233167648315,0.008768717447916666,0.0
0,2.666756154212635e-05,0.012920473702251911,0.0003500276943668723,0.0,0.0
0,2.522767999835196e-06,0.00023782203788869083,1.750292540236842e-05,0.0,0.0
0,1.571587381477002e-05,0.013376603834331036,0.00019712340144906193,0.0,0.0
0,1.0277763976773713e-05,0.009196552447974682,0.00017674513219390064,0.0,0.0
0,2.5805047698668204e-05,0.003524340922012925,0.0004529757716227323,0.0,0.0
0,0.0007488280534744263,0.5958454012870789,0.006438102573156357,0.0007425944010416666,0.0
0,0.0028732342179864645,0.5918412208557129,0.07302842289209366,0.0006510416666666666,0.0
0,7.3949254328908864e-06,0.0004512105952017009,6.205049430718645e-05,0.0,0.0
0,8.000432899279986e-06,0.0007379196467809379,9.610241249902174e-05,0.0,0.0
0,2.162355485779699e-05,0.006903837900608778,0.00036539012216962874,0.0,0.0
0,0.012822368182241917,0.7437267899513245,0.3666997253894806,0.016255696614583332,0.0
0,0.0074632312171161175,0.9880388379096985,0.14067944884300232,0.007273356119791667,0.0
0,0.12543492019176483,0.9915544390678406,0.9658352136611938,0.155426025390625,0.09486897786458333
0,0.18323375284671783,0.990767776966095,0.9687953591346741,0.22090657552083334,0.16084798177083334
0,0.03777165338397026,0.9949788451194763,0.9545551538467407,0.04595947265625,0.0
0,0.11659467220306396,0.9955834746360779,0.9780504703521729,0.142333984375,0.059488932291666664
0,0.02840573899447918,0.9935117363929749,0.9313339591026306,0.03350830078125,0.0
0,0.08269532024860382,0.9993513226509094,0.9905142784118652,0.097564697265625,0.03387451171875
0,0.019658764824271202,0.999276340007782,0.8158201575279236,0.022572835286458332,0.0
0,0.003231773152947426,0.6095823049545288,0.06742378324270248,0.0020751953125,0.0
0,0.0008010072633624077,0.19559408724308014,0.012527931481599808,0.0,0.0
0,0.007665690034627914,0.9979332685470581,0.14021141827106476,0.008748372395833334,0.0
0,0.08116254955530167,0.9745803475379944,0.9377830028533936,0.09630330403645833,0.054728190104166664
0,0.08909960836172104,0.9893062710762024,0.9611687660217285,0.10764567057291667,0.036081949869791664
0,0.004071549978107214,0.6635599136352539,0.09153953194618225,0.0015360514322916667,0.0
0,8.34627790027298e-05,0.014172366820275784,0.0015669887652620673,0.0,0.0
0,0.04089580476284027,0.9943360686302185,0.9378935098648071,0.046956380208333336,0.0
0,0.04753587022423744,0.9696707129478455,0.8707006573677063,0.062113444010416664,0.0
0,0.0003454419784247875,0.4936298131942749,0.0040855263359844685,0.000274658203125,0.0
0,0.00010366545029683039,0.018582148477435112,0.0030278346966952085,0.0,0.0
0,0.013999628834426403,0.8975157737731934,0.36114782094955444,0.014495849609375,0.0
0,0.0012841400457546115,0.15546274185180664,0.04161546751856804,0.0,0.0
0,0.014205419458448887,0.8991213440895081,0.5089760422706604,0.01983642578125,0.0
0,0.05180250108242035,0.9771101474761963,0.8698185682296753,0.077606201171875,0.0
0,2.6691413950175047e-05,0.0042151594534516335,0.0008426423300988972,0.0,0.0
0,7.914266461739317e-05,0.028707079589366913,0.0015367271844297647,0.0,0.0
0,0.12459862232208252,0.9942697286605835,0.9785082340240479,0.15241495768229166,0.048543294270833336
0,0.0005012812907807529,0.1458437740802765,0.014117894694209099,0.0,0.0
0,0.00410876190289855,0.9666001796722412,0.07409726083278656,0.004160563151041667,0.0
0,0.00034075198345817626,0.03296123817563057,0.008444647304713726,0.0,0.0
0,0.0003116420703008771,0.07237401604652405,0.005448068492114544,0.0,0.0
0,0.0001438929612049833,0.0905744731426239,0.00213201274164021,0.0,0.0
0,3.0799274099990726e-06,0.0010403185151517391,3.676462802104652e-05,0.0,0.0
0,0.0006630635471083224,0.36511704325675964,0.011959714815020561,0.00016276041666666666,0.0
0,0.0019220677204430103,0.2501792907714844,0.05845324322581291,0.0,0.0
0,0.000267476454610005,0.4068619906902313,0.0024438868276774883,4.0690104166666664e-05,0.0
0,0.16583289206027985,0.9994907379150391,0.9977830052375793,0.18463134765625,0.15743001302083334
0,0.0003128327371086925,0.16749082505702972,0.00806199200451374,0.0,0.0
0,3.789727634284645e-05,0.0026834397576749325,0.00042223287164233625,0.0,0.0
0,0.046227142214775085,0.937210738658905,0.8100239634513855,0.061930338541666664,0.0
0,0.012487965635955334,0.985042929649353,0.7043513655662537,0.01385498046875,0.0
0,0.0025531717110425234,0.9194981455802917,0.02580668218433857,0.002899169921875,0.0
0,0.00016531803703401238,0.18787656724452972,0.0019265097798779607,0.0,0.0
0,0.00043411634396761656,0.2622745931148529,0.007784751709550619,0.0,0.0
0,0.07157934457063675,0.9867261648178101,0.9399133324623108,0.090789794921875,0.029012044270833332
0,0.20137904584407806,0.9999103546142578,0.9982590079307556,0.22568766276041666,0.17561848958333334
0,0.012400813400745392,0.9604353904724121,0.6056119203567505,0.017171223958333332,0.0
0,0.005266660358756781,0.8918110132217407,0.11278954893350601,0.0037841796875,0.0
0,0.0025532699655741453,0.5484619140625,0.03971102833747864,0.00022379557291666666,0.0
0,0.008740228600800037,0.9857181310653687,0.30922916531562805,0.010477701822916666,0.0
0,0.002341305837035179,0.6716859340667725,0.05051206052303314,0.0015665690104166667,0.0
0,0.008912225253880024,0.9626730680465698,0.3380378186702728,0.010945638020833334,0.0
0,0.0024252908769994974,0.964655876159668,0.01986616663634777,0.002685546875,0.0
0,0.017217403277754784,0.9735442399978638,0.49903202056884766,0.0196533203125,0.0
0,3.9112674130592495e-06,0.0003905139456037432,3.619466951931827e-05,0.0,0.0
0,3.300276375739486e-06,0.000347345310728997,3.144662332488224e-05,0.0,0.0
0,3.067710849791183e-06,0.0006462032324634492,3.071818719035946e-05,0.0,0.0
0,0.018165377900004387,0.9351099133491516,0.7115311622619629,0.025970458984375,0.0
0,0.0004370255337562412,0.3170032501220703,0.007288230583071709,7.120768229166667e-05,0.0
0,1.2558659364003688e-05,0.006168994586914778,0.00013342000602278858,0.0,0.0
0,3.301095784991048e-05,0.00941259041428566,0.0011557657271623611,0.0,0.0
0,0.011388695798814297,0.9505947232246399,0.38604795932769775,0.012156168619791666,0.0
0,0.0065684146247804165,0.9701834917068481,0.21783629059791565,0.008066813151041666,0.0
0,0.145998015999794,0.9910145401954651,0.9710743427276611,0.17851765950520834,0.048512776692708336
0,7.565854957647389e-06,0.001867565792053938,0.00014425987319555134,0.0,0.0
0,0.0002930029877461493,0.6850020289421082,0.0008072304772213101,0.000213623046875,0.0
0,0.006419843062758446,0.788257360458374,0.21010755002498627,0.007609049479166667,0.0
0,0.02131539396941662,0.9992678761482239,0.9738429188728333,0.023579915364583332,0.0
0,0.015721362084150314,0.9791557192802429,0.8048572540283203,0.018381754557291668,0.0
0,1.5534722479060292e-05,0.004485794808715582,0.00019716942915692925,0.0,0.0
0,0.0005143279558978975,0.5034541487693787,0.00482972152531147,0.0003153483072916667,0.0
0,0.005340388044714928,0.9147487282752991,0.11695953458547592,0.0024007161458333335,0.0
0,1.8643238945514895e-05,0.005598248913884163,0.0004424355865921825,0.0,0.0
0,0.0012887109769508243,0.20134170353412628,0.038901977241039276,0.0,0.0
0,1.3138948816049378e-05,0.005663865711539984,0.00019260287808720022,0.0,0.0
0,0.011860627681016922,0.8984104990959167,0.4135221838951111,0.014801025390625,0.0
0,0.0037968549877405167,0.5531734228134155,0.10502681136131287,0.0021769205729166665,0.0
0,3.549722896423191e-05,0.005281333811581135,0.0010282108560204506,0.0,0.0
0,0.1434691846370697,0.9969603419303894,0.9845753908157349,0.16725667317708334,0.1904296875
0,0.0006013328093104064,0.2146914005279541,0.012005963362753391,0.0,0.0
0,0.008106379769742489,0.9925682544708252,0.2242150902748108,0.008921305338541666,0.0
0,0.005235235672444105,0.9579908847808838,0.10466021299362183,0.006510416666666667,0.0
0,0.17377901077270508,0.9990818500518799,0.9901401400566101,0.20606486002604166,0.06651814778645833
0,4.6955497964518145e-05,0.02271575853228569,0.0009217804181389511,0.0,0.0
0,0.20027215778827667,0.9981968998908997,0.9878058433532715,0.24116007486979166,0.19085693359375
0,0.05019479990005493,0.9917484521865845,0.9212159514427185,0.062052408854166664,0.0
0,0.00010021834168583155,0.03514484316110611,0.002191240666434169,0.0,0.0
0,4.195440396870254e-06,0.0005614788387902081,6.352188938762993e-05,0.0,0.0
0,0.07797099649906158,0.9866234660148621,0.9606552720069885,0.09111531575520833,0.08575439453125
0,0.08913379907608032,0.9944666028022766,0.978217601776123,0.10389200846354167,0.06920369466145833
0,0.000816376123111695,0.5277424454689026,0.01150549203157425,0.0006103515625,0.0
0,0.0004073128802701831,0.28318631649017334,0.007636216934770346,2.0345052083333332e-05,0.0
0,0.00047296626144088805,0.5437719225883484,0.006413164082914591,0.00019327799479166666,0.0
0,2.6652816814021207e-05,0.07504072040319443,0.00025708196335472167,0.0,0.0
0,0.01801796816289425,0.9845160245895386,0.8822250962257385,0.020090738932291668,0.0
0,4.325047029851703e-06,0.0004974744515493512,5.738759500673041e-05,0.0,0.0
0,2.0934467102051713e-05,0.007489625830203295,0.00028462239424698055,0.0,0.0
0,0.0008235418354161084,0.3254133462905884,0.014280286617577076,2.0345052083333332e-05,0.0
0,0.013147530145943165,0.8640812635421753,0.3819374144077301,0.014963785807291666,0.0
0,5.606907870969735e-05,0.008445627056062222,0.0018966986099258065,0.0,0.0
0,3.861174718622351e-06,0.00021995336282998323,3.194181772414595e-05,0.0,0.0
0,0.0007562697282992303,0.053502149879932404,0.013070784509181976,0.0,0.0
0,0.00021387684682849795,0.008251599036157131,0.002714985515922308,0.0,0.0
0,6.351693446049467e-05,0.005490563344210386,0.001495338510721922,0.0,0.0
0,0.005757687147706747,0.9751545190811157,0.10212010890245438,0.006673177083333333,0.0
0,0.0202119592577219,0.9961903095245361,0.6296607255935669,0.023264567057291668,0.0
0,7.367007128777914e-06,0.0032350560650229454,8.957788668340072e-05,0.0,0.0
0,5.806713943456998e-06,0.006338921841233969,5.738759500673041e-05,0.0,0.0
0,0.021900253370404243,0.8364209532737732,0.4870546758174896,0.036651611328125,0.0
0,0.005239741876721382,0.8124212622642517,0.10669060051441193,0.0019124348958333333,0.0
0,0.005192907061427832,0.808672308921814,0.15392270684242249,0.004689534505208333,0.0
0,0.012833914719522,0.8326452970504761,0.33982762694358826,0.014668782552083334,0.0
0,3.010204636666458e-05,0.020215967670083046,0.0003327412996441126,0.0,0.0
0,0.05172223970293999,0.9597620368003845,0.8248854875564575,0.0631103515625,0.0
0,0.014792242087423801,0.8594279289245605,0.4189310669898987,0.018666585286458332,0.0
0,0.019226880744099617,0.9837225079536438,0.5700812339782715,0.018076578776041668,0.0
0,0.03715285286307335,0.9976949095726013,0.9740889668464661,0.042409261067708336,0.03369140625
0,1.283277106267633e-05,0.001299427472986281,0.00017265156202483922,0.0,0.0
0,7.4477793532423675e-06,0.004133968148380518,7.197912054834887e-05,0.0,0.0
0,0.0007295902469195426,0.10875558853149414,0.010818448849022388,0.0,0.0
0,0.008965707384049892,0.8675976395606995,0.21983453631401062,0.008310953776041666,0.0
0,0.0016395463608205318,0.9184802770614624,0.023419946432113647,0.00103759765625,0.0
0,0.00015069202345330268,0.1696808636188507,0.001674399245530367,0.0,0.0
0,2.5315239327028394e-05,0.002251847181469202,0.00048217613948509097,0.0,0.0
0,5.2510426939988974e-06,0.0015731120947748423,5.1442217227304354e-05,0.0,0.0
0,0.00018302393436897546,0.060197047889232635,0.004117917735129595,0.0,0.0
0,4.4654475459537935e-06,0.0011604196624830365,3.734356505447067e-05,0.0,0.0
0,9.021533332997933e-05,0.05877655744552612,0.001524786464869976,0.0,0.0
0,0.017112746834754944,0.956063449382782,0.41732722520828247,0.018961588541666668,0.0
0,0.0007566188578493893,0.29118239879608154,0.016657039523124695,6.103515625e-05,0.0
0,0.0005674668936990201,0.07821886986494064,0.009782742708921432,0.0,0.0
0,0.006295888219028711,0.957912266254425,0.1564912348985672,0.006317138671875,0.0
0,0.0008767886902205646,0.0768222063779831,0.014503578655421734,0.0,0.0
0,0.015076353214681149,0.9682013392448425,0.5888873338699341,0.018483479817708332,0.0
0,0.009374699555337429,0.9069831967353821,0.231440469622612,0.00762939453125,0.0
0,0.013520278967916965,0.96518474817276,0.4233352541923523,0.017974853515625,0.0
0,0.017955390736460686,0.9803186058998108,0.8781973123550415,0.021901448567708332,0.0
0,0.0042032888159155846,0.4780719578266144,0.05470151826739311,0.0006510416666666666,0.0
0,0.011545903980731964,0.9424007534980774,0.24724875390529633,0.008992513020833334,0.0
0,0.00016821145254652947,0.03397199884057045,0.0031603530514985323,0.0,0.0
0,0.10609591752290726,0.9787126779556274,0.9463958740234375,0.13242594401041666,0.08644612630208333
0,0.03177564963698387,0.8330531716346741,0.4152509570121765,0.028879801432291668,0.0
0,0.02976669929921627,0.9732407331466675,0.8385475873947144,0.037618001302083336,0.0
0,0.00012296160275582224,0.013480102643370628,0.0021074723917990923,0.0,0.0
0,0.0004923344240523875,0.09670579433441162,0.010735162533819675,0.0,0.0
0,0.11742758750915527,0.9986222982406616,0.9942697286605835,0.133941650390625,0.0672607421875
0,0.017428265884518623,0.9864678382873535,0.7660924792289734,0.019561767578125,0.0
0,0.0033734312746673822,0.50481778383255,0.08108212053775787,0.0004374186197916667,0.0
0,0.0013120612129569054,0.12667709589004517,0.03803509101271629,0.0,0.0
0,0.003534905379638076,0.4455898106098175,0.07599522173404694,0.0009663899739583334,0.0
0,0.00029386585811153054,0.03912165015935898,0.005469274707138538,0.0,0.0
0,0.0005619789590127766,0.1755380630493164,0.00854433048516512,0.0,0.0
0,0.01137290894985199,0.860720694065094,0.40574130415916443,0.016805013020833332,0.0
0,0.013369585387408733,0.9580694437026978,0.47673356533050537,0.01531982421875,0.0
0,0.011798612773418427,0.9934865236282349,0.6340562105178833,0.013051350911458334,0.0
0,0.0006120506441220641,0.2512800693511963,0.006797531619668007,0.0,0.0
0,0.023821339011192322,0.9794721603393555,0.7367681860923767,0.027791341145833332,0.0
0,0.028708448633551598,0.9809855818748474,0.8551158308982849,0.033162434895833336,0.0
0,0.0002814794715959579,0.07949570566415787,0.005934066604822874,0.0,0.0
0,0.04737470671534538,0.9923043847084045,0.8964328765869141,0.059895833333333336,0.0
0,0.0013975448673591018,0.5662583708763123,0.029421906918287277,0.00091552734375,0.0
0,0.015277393162250519,0.9479621648788452,0.43871426582336426,0.015462239583333334,0.0
0,0.26288723945617676,0.9970878958702087,0.9917484521865845,0.2860107421875,0.2952779134114583
0,0.025702768936753273,0.9939261078834534,0.9668514132499695,0.029276529947916668,0.02197265625
0,0.0034672499168664217,0.793105959892273,0.07303238660097122,0.0011800130208333333,0.0
0,1.6371242963941768e-05,0.005060331430286169,0.00039656864828430116,0.0,0.0
0,0.0006357594975270331,0.2832854390144348,0.012431650422513485,1.0172526041666666e-05,0.0
0,0.00017388771811965853,0.004867417737841606,0.0024343819823116064,0.0,0.0
0,7.036473107291386e-05,0.01678548939526081,0.001838665222749114,0.0,0.0
0,0.0005829677684232593,0.18847328424453735,0.00978387612849474,0.0,0.0
0,0.00030652168788947165,0.19651763141155243,0.006217078305780888,0.0,0.0
0,0.0006631104624830186,0.14487324655056,0.012098988518118858,0.0,0.0
0,0.0004538744979072362,0.47259220480918884,0.006265533156692982,0.000213623046875,0.0
0,0.00013446509547065943,0.02494025230407715,0.0025114635936915874,0.0,0.0
0,0.10758069902658463,0.999373733997345,0.981979250907898,0.136474609375,0.12410481770833333
0,0.0013325990876182914,0.6264670491218567,0.01737566478550434,0.0010884602864583333,0.0
0,0.0024659479968249798,0.6119039058685303,0.052421655505895615,0.0015970865885416667,0.0
0,0.005685765296220779,0.9114953279495239,0.13206616044044495,0.006388346354166667,0.0
0,0.0022007853258401155,0.8938665986061096,0.052814021706581116,0.0013224283854166667,0.0
0,0.0008285262738354504,0.06656918674707413,0.015483987517654896,0.0,0.0
0,0.0007855910807847977,0.5232376456260681,0.012431650422513485,0.00018310546875,0.0
0,0.07340174168348312,0.9887987971305847,0.9555686116218567,0.09266153971354167,0.0987548828125
0,3.5289143852423877e-05,0.008445627056062222,0.0008761800127103925,0.0,0.0
0,0.025594428181648254,0.9402433633804321,0.5835000276565552,0.031504313151041664,0.0
0,0.00018912767700385302,0.044265877455472946,0.0033374049235135317,0.0,0.0
0,0.07587186247110367,0.9903290271759033,0.8982321619987488,0.10009765625,0.0
0,0.004430828616023064,0.8729984164237976,0.09964004904031754,0.0036824544270833335,0.0
0,0.00822713878005743,0.9856076240539551,0.16290804743766785,0.007578531901041667,0.0
0,0.03575211018323898,0.9618934392929077,0.8530579209327698,0.046773274739583336,0.0
0,0.0015719375805929303,0.16844618320465088,0.02044939436018467,0.0,0.0
0,0.0512855239212513,0.9581479430198669,0.8609476685523987,0.06406656901041667,0.0
0,0.027858348563313484,0.9718325734138489,0.7567065358161926,0.038492838541666664,0.0
0,0.0032444687094539404,0.22017472982406616,0.05023456737399101,0.0,0.0
0,0.005876998882740736,0.9638481140136719,0.13238219916820526,0.006449381510416667,0.0
0,0.0011174656683579087,0.0844927504658699,0.01890436001121998,0.0,0.0
0,0.003889633109793067,0.47648829221725464,0.07329727709293365,0.00022379557291666666,0.0
0,3.064414386244607e-06,0.0005953406798653305,2.392351052549202e-05,0.0,0.0
0,0.00011441169772297144,0.0075479233637452126,0.001680941553786397,0.0,0.0
0,0.03086514212191105,0.9760836362838745,0.7481628060340881,0.028004964192708332,0.0
0,0.001230043824762106,0.06656918674707413,0.01956867426633835,0.0,0.0
0,4.9757789383875206e-05,0.016979990527033806,0.001124626025557518,0.0,0.0
0,0.00208115647546947,0.8586000204086304,0.014839003793895245,0.0022989908854166665,0.0
0,0.0029571622144430876,0.19651763141155243,0.05399883911013603,0.0,0.0
0,0.010195090435445309,0.9658995866775513,0.4058590233325958,0.013468424479166666,0.0
0,0.004052491392940283,0.7113306522369385,0.09073065966367722,0.005615234375,0.0
0,0.03294357284903526,0.966663122177124,0.6605009436607361,0.041361490885416664,0.0
0,0.005337245296686888,0.704261839389801,0.1291828602552414,0.0021769205729166665,0.0
0,0.00045372487511485815,0.08108212053775787,0.007260865531861782,0.0,0.0
0,0.00010345850751036778,0.02157406695187092,0.002387409098446369,0.0,0.0
0,0.0005444265552796423,0.3661363422870636,0.005448068492114544,0.00014241536458333334,0.0
0,0.019102847203612328,0.9534487724304199,0.622459352016449,0.025227864583333332,0.0
0,0.04449628293514252,0.9844563603401184,0.9051497578620911,0.057098388671875,0.021525065104166668
0,0.015086120925843716,0.9968763589859009,0.9223341941833496,0.01495361328125,0.0
0,0.02620403654873371,0.9307105541229248,0.5984259843826294,0.034779866536458336,0.0
0,0.01546985562890768,0.9161096215248108,0.3912297189235687,0.01751708984375,0.0
0,0.029124079272150993,0.8976953029632568,0.5869265794754028,0.046091715494791664,0.0
0,0.1791636198759079,0.9989012479782104,0.9936357140541077,0.20694986979166666,0.19703165690104166
0,0.0014694775454699993,0.3227394223213196,0.05399883911013603,3.0517578125e-05,0.0
0,0.01978485658764839,0.9149009585380554,0.5446197390556335,0.028269449869791668,0.0
0,0.007745395880192518,0.8910549879074097,0.17595823109149933,0.004364013671875,0.0
0,0.023242615163326263,0.9837225079536438,0.8109195232391357,0.027699788411458332,0.0
0,0.022078892216086388,0.9505029916763306,0.5103557705879211,0.019927978515625,0.0
0,0.0003230026632081717,0.12797923386096954,0.003678080393001437,0.0,0.0
0,0.1567978858947754,0.9915870428085327,0.959307074546814,0.20290120442708334,0.042246500651041664
0,0.0434708297252655,0.9994471669197083,0.9904406070709229,0.05145263671875,0.0
0,0.12846924364566803,0.9893062710762024,0.9491034746170044,0.16544596354166666,0.0
0,0.05764973536133766,0.9959613680839539,0.9554830193519592,0.0679931640625,0.0
0,0.004418269265443087,0.6792850494384766,0.13061442971229553,0.004119873046875,0.0
0,0.30409732460975647,0.9979572296142578,0.9872773289680481,0.3731791178385417,0.15809122721354166
0,0.0049905069172382355,0.8492224216461182,0.11615508794784546,0.00372314453125,0.0
0,0.16736219823360443,0.9981541037559509,0.9792352318763733,0.201934814453125,0.0
0,0.0032467555720359087,0.8818185925483704,0.053799647837877274,0.004079182942708333,0.0
0,0.04356767237186432,0.9872773289680481,0.8331889510154724,0.042928059895833336,0.0
0,0.00710633909329772,0.8705973029136658,0.18695750832557678,0.006703694661458333,0.0
0,0.0234078299254179,0.9864678382873535,0.4402851164340973,0.020975748697916668,0.0
0,0.2519686222076416,0.9974090456962585,0.986151397228241,0.306427001953125,0.2906595865885417
0,0.03648543730378151,0.9914886951446533,0.9261663556098938,0.041778564453125,0.0
0,0.019461147487163544,0.9979251623153687,0.8976953029632568,0.022369384765625,0.0
0,0.003984519746154547,0.8731066584587097,0.07654563337564468,0.0035502115885416665,0.0
0,0.07263354957103729,0.9969956874847412,0.9570375084877014,0.08632405598958333,0.0
0,0.012608394958078861,0.9810219407081604,0.4581441283226013,0.014801025390625,0.0
0,0.016117988154292107,0.8231863379478455,0.48027878999710083,0.025919596354166668,0.0
0,0.09214221686124802,0.996249258518219,0.9714016318321228,0.11093333333333333,0.0
0,0.02885553427040577,0.9001793265342712,0.3812195658683777,0.015169270833333333,0.0
0,0.032723475247621536,0.9505029916763306,0.7011005282402039,0.033365885416666664,0.0
0,0.030417099595069885,0.9916841983795166,0.7547342777252197,0.030126953125,0.0
0,0.045072928071022034,0.9966233968734741,0.9194981455802917,0.03703776041666667,0.0
0,0.31891411542892456,0.9996699094772339,0.9979966282844543,0.351616,0.256976
0,0.08547499775886536,0.9987157583236694,0.9770664572715759,0.09795125325520833,0.043986002604166664
0,0.0001511116570327431,0.02044939436018467,0.0025016965810209513,0.0,0.0
0,0.005949331447482109,0.9736947417259216,0.11837898939847946,0.006327311197916667,0.0
0,0.14067606627941132,0.9993687272071838,0.9961755275726318,0.15961710611979166,0.06273396809895833
0,0.03135659173130989,0.9988213181495667,0.909741997718811,0.035176595052083336,0.0
0,0.0018874689703807235,0.15418487787246704,0.0360160693526268,0.0,0.0
0,0.1049400269985199,0.9971990585327148,0.951323390007019,0.1297007722007722,0.0
0,0.25969913601875305,0.9998326301574707,0.994820237159729,0.29814484126984125,0.23918650793650795
0,0.07648739963769913,0.9695556163787842,0.8850365877151489,0.09209353812093538,0.0
0,0.0014128233306109905,0.6902459859848022,0.0235992930829525,0.00046037296037296037,0.0
0,0.006616315804421902,0.9684410095214844,0.1725912243127823,0.007562841530054645,0.0
0,4.824909774470143e-05,0.034423552453517914,0.0009217804181389511,0.0,0.0
0,0.00012524484191089869,0.2969599664211273,0.0010629304451867938,5.808887598024978e-06,0.0
0,0.10659857094287872,0.9945307374000549,0.9430870413780212,0.13195234621930466,0.0
0,0.02160271629691124,0.9933071732521057,0.7784842848777771,0.025953565505804313,0.0
0,0.3269394040107727,0.9998756647109985,0.9982725381851196,0.3786237513873474,0.35721790603033665
0,0.3457842171192169,0.9997527003288269,0.997730553150177,0.3922663139329806,0.34518077601410935
0,0.39072340726852417,0.9994621872901917,0.9940890073776245,0.45372368421052633,0.4287456140350877
0,0.1151454821228981,0.9976494908332825,0.9725192785263062,0.13993794326241135,0.0
0,0.05610934644937515,0.9981104135513306,0.93475341796875,0.06698843416370107,0.0
0,0.10418010503053665,0.9944234490394592,0.9546617865562439,0.12976582804169012,0.0
0,0.012642092071473598,0.9869794845581055,0.3741067349910736,0.013487394957983193,0.0
0,0.05082623288035393,0.9954082369804382,0.9320300817489624,0.058857712103602855,0.0
0,0.0936243087053299,0.9985951781272888,0.9670388102531433,0.11351184979993845,0.017071919564994358
0,0.15777157247066498,0.9998568296432495,0.992061972618103,0.18943027210884353,0.06888180272108843
0,0.16334500908851624,0.9945095181465149,0.9621075391769409,0.2015469348659004,0.04468869731800766
0,0.04218553006649017,0.9972637891769409,0.9336731433868408,0.05129440665154951,0.0
0,0.02198352850973606,0.9975656270980835,0.7919820547103882,0.02370625,0.0
0,0.09167741984128952,0.9982725381851196,0.9701269268989563,0.11033125,0.03465
0,0.04270229488611221,0.9860442876815796,0.8423450589179993,0.04654375,0.0
0,0.01995483972132206,0.9987257122993469,0.6200466156005859,0.01642650462962963,0.0
0,0.3079640567302704,0.9999620914459229,0.9985895752906799,0.3549050198805122,0.34006117710649486
0,9.102423064177856e-05,0.051082734018564224,0.002132261637598276,0.0,0.0
0,0.00014555167581420392,0.04038906842470169,0.004022909794002771,0.0,0.0
0,0.07906363159418106,0.9441768527030945,0.8198933005332947,0.105377197265625,0.0
0,0.11574257165193558,0.9982317090034485,0.9860979318618774,0.135040283203125,0.152435302734375
0,0.04070547595620155,0.9833430051803589,0.7921379804611206,0.049784342447916664,0.0
0,0.22871486842632294,0.9975560903549194,0.9858821630477905,0.274688720703125,0.10546875
0,0.06949200481176376,0.998807430267334,0.9885790944099426,0.08066813151041667,0.0
0,0.08498109132051468,0.9971103668212891,0.9814888834953308,0.09690348307291667,0.057454427083333336
0,0.058026377111673355,0.9553191661834717,0.798501193523407,0.061228434244791664,0.0
0,9.861070429906249e-05,0.1252792626619339,0.0004859560285694897,0.0,0.0
0,2.3870512450230308e-05,0.046899255365133286,0.0002182420575991273,0.0,0.0
0,0.17562831938266754,0.999220609664917,0.9959927201271057,0.20503743489583334,0.19954427083333334
0,0.05098244547843933,0.994820237159729,0.9587675929069519,0.060496012369791664,0.0
0,0.02031238004565239,0.9930961728096008,0.8339773416519165,0.024078369140625,0.0
0,0.04997275397181511,0.996936559677124,0.9505029916763306,0.059987386067708336,0.0
0,0.007752807345241308,0.9664738178253174,0.19268666207790375,0.008473714192708334,0.0
0,0.10069593042135239,0.9993563294410706,0.9865716695785522,0.11859130859375,0.07187906901041667
0,0.001445996924303472,0.9403530955314636,0.010489092208445072,0.0018412272135416667,0.0
0,0.005778606981039047,0.9750121831893921,0.1362597644329071,0.006317138671875,0.0
0,0.08020129054784775,0.9949983358383179,0.9529258608818054,0.09723917643229167,0.0
0,0.04169357195496559,0.9914886951446533,0.9514986276626587,0.048126220703125,0.0
0,0.017852796241641045,0.7633073329925537,0.3961108326911926,0.0159912109375,0.0
0,0.03482409566640854,0.9935368895530701,0.750364363193512,0.035430908203125,0.0
0,0.02504912205040455,0.9650533199310303,0.7211485505104065,0.029266357421875,0.0
0,0.008884125389158726,0.9908034801483154,0.26757657527923584,0.00994873046875,0.0
0,0.03958713635802269,0.9771101474761963,0.8773717284202576,0.04583740234375,0.0
0,8.368317503482103e-05,0.009522485546767712,0.0010775025002658367,0.0,0.0
0,0.21910597383975983,0.9983958601951599,0.9932550191879272,0.2583516438802083,0.18511962890625
0,0.03216561675071716,0.9897116422653198,0.8500919342041016,0.0400390625,0.0
0,6.342917185975239e-05,0.00431468803435564,0.0006337125087156892,0.0,0.0
0,0.020896196365356445,0.9833430051803589,0.853421151638031,0.024027506510416668,0.0
0,0.05418403819203377,0.9948803186416626,0.9583019018173218,0.062062581380208336,0.0
0,0.13775253295898438,0.9988440275192261,0.9848692417144775,0.159912109375,0.0
0,0.00018563290359452367,0.07133200019598007,0.003197113983333111,0.0,0.0
0,0.02459494210779667,0.9953363537788391,0.9074763655662537,0.028493245442708332,0.0
0,0.023126065731048584,0.9966233968734741,0.9110215306282043,0.022878011067708332,0.0
0,0.00012068587238900363,0.013902058824896812,0.0030278346966952085,0.0,0.0
0,0.00021440793352667242,0.4757727384567261,0.0022872276604175568,5.0862630208333336e-05,0.0
0,0.08042522519826889,0.9866748452186584,0.9359345436096191,0.09818522135416667,0.0
0,0.018577782437205315,0.9919067621231079,0.7077078223228455,0.022613525390625,0.0
0,0.08211562037467957,0.9989916682243347,0.990767776966095,0.09580485026041667,0.037150065104166664
0,0.037399474531412125,0.9959771037101746,0.976262629032135,0.041646321614583336,0.0
0,0.00018410345364827663,0.06233103200793266,0.0031354704406112432,0.0,0.0
0,0.00047524625551886857,0.27796271443367004,0.006744205951690674,1.0172526041666666e-05,0.0
0,0.013529648073017597,0.9968884587287903,0.767626941204071,0.012736002604166666,0.0
0,0.0018799440003931522,0.4093388319015503,0.047074176371097565,0.0003560384114583333,0.0
0,9.406091521668714e-06,0.0024060888681560755,0.00016474656877107918,0.0,0.0
0,0.0003713547484949231,0.037256766110658646,0.013376603834331036,0.0,0.0
0,0.003912676591426134,0.9526622891426086,0.05480259656906128,0.005086263020833333,0.0
0,0.017786750569939613,0.994820237159729,0.7343100905418396,0.022389729817708332,0.0
0,0.04440172389149666,0.9713473320007324,0.8854275941848755,0.056732177734375,0.0
0,0.05355672165751457,0.9969245791435242,0.906813383102417,0.06742350260416667,0.0
0,5.970278652966954e-05,0.04867657274007797,0.0006959537276998162,0.0,0.0
0,0.0421752892434597,0.9961903095245361,0.9698426127433777,0.048482259114583336,0.02423095703125
0,0.10824266076087952,0.9870296716690063,0.9318356513977051,0.13227335611979166,0.0
0,0.009110127575695515,0.9731387495994568,0.413827121257782,0.011555989583333334,0.0
0,0.0019203374395146966,0.5232529044151306,0.05320325493812561,0.0006510416666666666,0.0
0,0.007901843637228012,0.9827572107315063,0.22116728127002716,0.009114583333333334,0.0
0,0.022326262667775154,0.9967774748802185,0.9095863103866577,0.023579915364583332,0.0
0,0.0007561642560176551,0.08035747706890106,0.01422540470957756,0.0,0.0
0,9.558084457239602e-06,0.0020033332984894514,0.00010637458035489544,0.0,0.0
0,0.0507468618452549,0.974628746509552,0.7060891389846802,0.067108154296875,0.0
0,1.1714096217474435e-05,0.00301606603898108,0.0002131875662598759,0.0,0.0
0,0.012332860380411148,0.9585376977920532,0.4186357259750366,0.013224283854166666,0.0
0,0.01293052826076746,0.9524857997894287,0.4485630393028259,0.015736897786458332,0.0
0,0.00048215981223620474,0.04054073989391327,0.011113728396594524,0.0,0.0
0,0.007971137762069702,0.8724561333656311,0.2696985900402069,0.010019938151041666,0.0
0,0.026835201308131218,0.9818405508995056,0.8776549696922302,0.031077067057291668,0.0
0,0.037737589329481125,0.9933846592903137,0.9476694464683533,0.044321695963541664,0.0
0,0.012048150412738323,0.9755303859710693,0.27843236923217773,0.010518391927083334,0.0
0,0.0905655026435852,0.9992734789848328,0.9945095181465149,0.10101318359375,0.08344523111979167
0,0.0006647282280027866,0.38018345832824707,0.0059110685251653194,0.0003153483072916667,0.0
0,0.03331993892788887,0.9769787192344666,0.7859615087509155,0.046061197916666664,0.0
0,0.46936020255088806,0.9985730648040771,0.9948603510856628,0.5279541015625,0.5974833170572916
0,0.08800143003463745,0.9934865236282349,0.972933828830719,0.10042317708333333,0.0870361328125
0,0.1324586421251297,0.9974983334541321,0.9840323328971863,0.15928141276041666,0.06310017903645833
0,0.06473799794912338,0.999220609664917,0.9865199327468872,0.07533772786458333,0.0
0,0.018994951620697975,0.9826908707618713,0.8144781589508057,0.023040771484375,0.0
0,0.2503635585308075,0.991355836391449,0.9729322791099548,0.3175862630208333,0.09797159830729167
0,0.09710951894521713,0.9935867786407471,0.956063449382782,0.12359619140625,0.0
0,0.018688423559069633,0.9537081718444824,0.5504811406135559,0.019978841145833332,0.0
0,0.006537764798849821,0.9815244078636169,0.1410410851240158,0.005035400390625,0.0
0,0.23784838616847992,0.9988395571708679,0.9924813508987427,0.275909423828125,0.18914794921875
0,0.5430453419685364,0.9994986057281494,0.9968641400337219,0.6269022623697916,0.6611836751302084
0,0.07531340420246124,0.994594156742096,0.9526596665382385,0.09126790364583333,0.0
0,0.19376443326473236,0.9990187883377075,0.9904035329818726,0.23529052734375,0.0
0,0.04256373271346092,0.9903663396835327,0.9566317796707153,0.044331868489583336,0.0
0,0.008689054287970066,0.9222025275230408,0.21666386723518372,0.008402506510416666,0.0
0,0.039083484560251236,0.9794721603393555,0.854266881942749,0.049845377604166664,0.0
0,0.02309749461710453,0.9965435862541199,0.9682595729827881,0.025624593098958332,0.0
0,0.00011345702660037205,0.04099902883172035,0.002140589291229844,0.0,0.0
0,0.2591002881526947,0.9992475509643555,0.9906237721443176,0.2970682779947917,0.2755839029947917
0,0.12927232682704926,0.9957848191261292,0.9839090704917908,0.15064493815104166,0.11137898763020833
0,0.1279013305902481,0.9934611320495605,0.9740425944328308,0.17835489908854166,0.21010335286458334
0,0.06868021935224533,0.9902161359786987,0.958615243434906,0.07776896158854167,0.0
0,0.02726484090089798,0.9820826053619385,0.8233155608177185,0.032094319661458336,0.0
0,0.18475113809108734,0.9974787831306458,0.9711273908615112,0.243865966796875,0.234222412109375
0,0.030323782935738564,0.9174507260322571,0.5348767042160034,0.034067789713541664,0.0
0,0.0445341020822525,0.9972423315048218,0.9367494583129883,0.051513671875,0.0
0,0.1227818951010704,0.9934611320495605,0.974384605884552,0.15345255533854166,0.07893880208333333
0,0.11364180594682693,0.9990924596786499,0.9961456060409546,0.125,0.12645467122395834
0,0.09418874979019165,0.995226263999939,0.9792749285697937,0.10235595703125,0.1025390625
0,0.23421187698841095,0.9988574981689453,0.9926542043685913,0.286468505859375,0.15665690104166666
0,0.055937979370355606,0.9981968998908997,0.9888418912887573,0.059275309244791664,0.041707356770833336
0,0.012502213008701801,0.8964328765869141,0.2681683301925659,0.009969075520833334,0.0
0,0.0030099034775048494,0.6254380941390991,0.05910154804587364,0.000823974609375,0.0
0,0.09782147407531738,0.9983834028244019,0.967775821685791,0.122344970703125,0.0
0,0.015367977321147919,0.9870795607566833,0.6641048192977905,0.018747965494791668,0.0
0,0.008522509597241879,0.8746137022972107,0.20705431699752808,0.008188883463541666,0.0
0,0.023514652624726295,0.9899086952209473,0.7728685736656189,0.026560465494791668,0.0
0,0.041408754885196686,0.9920312166213989,0.9464978575706482,0.048665364583333336,0.021036783854166668
0,0.2738455832004547,0.9991540908813477,0.9957684278488159,0.3202718098958333,0.19810994466145834
0,0.08866635710000992,0.989591658115387,0.9352282881736755,0.10271199544270833,0.08028157552083333
0,0.016057012602686882,0.9932287931442261,0.830177366733551,0.016428629557291668,0.0
0,0.0012362460838630795,0.7411122918128967,0.015187298879027367,0.0014139811197916667,0.0
0,0.6632861495018005,0.9998118281364441,0.9952448010444641,0.7492167154947916,0.8849283854166666
0,0.042992424219846725,0.9290551543235779,0.8389438390731812,0.05975341796875,0.0
0,0.0942704975605011,0.9963357448577881,0.9782188534736633,0.11082967122395833,0.0899658203125
0,0.09799093008041382,0.9911182522773743,0.968020498752594,0.12276204427083333,0.0
0,0.013079386204481125,0.6853179931640625,0.24707795679569244,0.008209228515625,0.0
0,0.13327406346797943,0.9987695813179016,0.9867261648178101,0.155242919921875,0.093231201171875
0,0.13597911596298218,0.9897116422653198,0.9514138102531433,0.17417399088541666,0.0
0,0.0853864848613739,0.994820237159729,0.9554024338722229,0.10813395182291667,0.0
0,0.10517845302820206,0.9923341274261475,0.951323390007019,0.13498942057291666,0.0
0,0.24152755737304688,0.9989474415779114,0.9839708209037781,0.2999979654947917,0.0
0,0.020141156390309334,0.9883127808570862,0.7866031527519226,0.0264892578125,0.0
0,0.04164707288146019,0.9908034801483154,0.9007046222686768,0.049296061197916664,0.0
0,0.14595940709114075,0.995566189289093,0.9803562164306641,0.18526204427083334,0.0
0,0.08567404001951218,0.9941574335098267,0.9645892381668091,0.10248819986979167,0.0
0,0.19878695905208588,0.994551956653595,0.9619649052619934,0.2536112467447917,0.0
0,0.44290590286254883,0.9991540908813477,0.9949788451194763,0.515533447265625,0.6230672200520834
0,0.10966984182596207,0.9865716695785522,0.9404592514038086,0.1346435546875,0.0
0,0.24358780682086945,0.9988530874252319,0.9917153716087341,0.282501220703125,0.24422200520833334
0,0.4387747049331665,0.9997901320457458,0.9986221194267273,0.48443603515625,0.446563720703125
0,0.09547105431556702,0.9986222982406616,0.9895108342170715,0.11710611979166667,0.0
0,0.2125740796327591,0.9966495633125305,0.9894295334815979,0.2542826334635417,0.173675537109375
0,0.34469959139823914,0.9991672039031982,0.9959927201271057,0.3851420084635417,0.3566385904947917
0,0.3204723596572876,0.9990378618240356,0.9937580823898315,0.382080078125,0.276031494140625
0,0.13760949671268463,0.9934101700782776,0.9781342148780823,0.16335042317708334,0.11272176106770833
0,0.42780187726020813,0.9994826316833496,0.9955142140388489,0.495391845703125,0.3913675944010417
0,0.17860309779644012,0.9984691739082336,0.9910134673118591,0.2225341796875,0.092864990234375
0,0.08961570262908936,0.9909096360206604,0.9469902515411377,0.10846964518229167,0.0
0,0.3767842948436737,0.9977656602859497,0.9919379353523254,0.4510294596354167,0.5275980631510416
0,0.3882885277271271,0.9974589943885803,0.991186797618866,0.4747111002604167,0.5051472981770834
0,0.08872777223587036,0.9878058433532715,0.9534461498260498,0.104766845703125,0.0
0,0.2223650962114334,0.9957684278488159,0.9675926566123962,0.29974365234375,0.0
0,0.003896034089848399,0.6116139888763428,0.11515625566244125,0.0032958984375,0.0
0,0.06443089991807938,0.997166097164154,0.9777563810348511,0.07541910807291667,0.0
0,0.018585404381155968,0.9400236010551453,0.28237029910087585,0.010599772135416666,0.0
0,0.06519675254821777,0.9997305274009705,0.9943134188652039,0.07402547200520833,0.0
0,0.00027881914866156876,0.5696132779121399,0.0009773502824828029,0.0002543131510416667,0.0
0,0.0013013556599617004,0.8034823536872864,0.017442483454942703,0.0012919108072916667,0.0
0,0.0003145678492728621,0.06730107218027115,0.0066411131992936134,0.0,0.0
0,0.006376697216182947,0.3018763065338135,0.09219619631767273,9.1552734375e-05,0.0
0,0.0031422243919223547,0.9261703491210938,0.05155818909406662,0.0026041666666666665,0.0
0,0.0015128189697861671,0.6829967498779297,0.01578456163406372,0.0017598470052083333,0.0
0,0.04489332064986229,0.9605836272239685,0.8713588714599609,0.06219482421875,0.0
0,0.06906574219465256,0.9718325734138489,0.9217768907546997,0.09263102213541667,0.06972249348958333
0,0.00845667626708746,0.7341195344924927,0.16131627559661865,0.004689534505208333,0.0
0,0.030286571010947227,0.8675976395606995,0.5887100100517273,0.042399088541666664,0.0
0,0.10778763145208359,0.9952632188796997,0.9810945987701416,0.13316853841145834,0.07845052083333333
0,0.001338678295724094,0.09318170696496964,0.023241925984621048,0.0,0.0
0,0.03142466023564339,0.9914886951446533,0.8971559405326843,0.039276123046875,0.0
0,0.014561843127012253,0.9898303151130676,0.6476801037788391,0.017008463541666668,0.0
0,0.03318801894783974,0.9524857997894287,0.5521603226661682,0.03839111328125,0.0
0,0.19997161626815796,0.9963071346282959,0.9858258962631226,0.236480712890625,0.13747151692708334
0,0.07320359349250793,0.9800149202346802,0.944587230682373,0.09196980794270833,0.09370930989583333
0,0.08269920200109482,0.9840323328971863,0.9599125981330872,0.09944661458333333,0.045857747395833336
0,0.05446329340338707,0.9806919097900391,0.9145963191986084,0.06737263997395833,0.0
0,0.0004252592334523797,0.0938439592719078,0.009898063726723194,0.0,0.0
0,0.017152098938822746,0.9132132530212402,0.4594886600971222,0.020121256510416668,0.0
0,0.004786449018865824,0.9659639000892639,0.051749542355537415,0.00360107421875,0.0
0,0.01652161404490471,0.9678993225097656,0.5745595097541809,0.02197265625,0.0
0,0.02107269875705242,0.8864204287528992,0.5326822400093079,0.027547200520833332,0.0
0,0.015119295567274094,0.7826625108718872,0.29259225726127625,0.012196858723958334,0.0
0,0.0006587226525880396,0.2726050913333893,0.012920473702251911,1.0172526041666666e-05,0.0
0,0.007426327560096979,0.8826303482055664,0.1279759705066681,0.004353841145833333,0.0
0,0.3716736137866974,0.9983515739440918,0.9928508996963501,0.4214986165364583,0.4371134440104167
0,0.024726571515202522,0.9499486684799194,0.7144258618354797,0.033782958984375,0.0
0,0.08548540621995926,0.995685338973999,0.9860442876815796,0.098907470703125,0.07280476888020833
0,0.0709802582859993,0.9989392161369324,0.9918121099472046,0.08310953776041667,0.047159830729166664
0,0.08595938235521317,0.986151397228241,0.9318356513977051,0.11319986979166667,0.0
0,0.010930858552455902,0.9939963817596436,0.15817435085773468,0.007710774739583333,0.0
0,0.17994940280914307,0.9985392093658447,0.9926256537437439,0.20667521158854166,0.14435831705729166
0,0.0006083393818698823,0.5540482401847839,0.01164222415536642,0.00017293294270833334,0.0
0,0.041162390261888504,0.976669192314148,0.8034823536872864,0.040201822916666664,0.0
0,0.0024771566968411207,0.44441401958465576,0.05561761185526848,0.0006205240885416666,0.0
0,0.050604403018951416,0.9700134992599487,0.8958821296691895,0.059804280598958336,0.0
0,0.0005436018691398203,0.16079242527484894,0.011115013621747494,0.0,0.0
0,1.8590180843602866e-05,0.001674399245530367,0.00021995336282998323,0.0,0.0
0,0.02877575159072876,0.9882676005363464,0.9309583306312561,0.032826741536458336,0.022176106770833332
0,1.3623622180602979e-05,0.003839395008981228,0.0001431373821105808,0.0,0.0
0,0.00669466145336628,0.978260338306427,0.19574317336082458,0.0081787109375,0.0
0,0.0003291680768597871,0.3394990861415863,0.004736749455332756,8.138020833333333e-05,0.0
0,0.10976461321115494,0.9907320141792297,0.9680808186531067,0.13170369466145834,0.0
0,0.07214444130659103,0.9942250847816467,0.9768453240394592,0.08336385091145833,0.0
0,0.0418533980846405,0.997065007686615,0.9048137664794922,0.047393798828125,0.0
0,0.07210660725831985,0.9993563294410706,0.9891815781593323,0.08378092447916667,0.0
0,0.03372104838490486,0.9974983334541321,0.9747251272201538,0.03826904296875,0.0
0,0.0009009463246911764,0.5271491408348083,0.014842418022453785,0.0003255208333333333,0.0
0,0.014188467524945736,0.9915870428085327,0.7149843573570251,0.017435709635416668,0.0
0,0.002429915824905038,0.9563905000686646,0.05098531395196915,0.0018513997395833333,0.0
0,0.2995503842830658,0.9981251358985901,0.9883578419685364,0.3650410970052083,0.328155517578125
0,0.10527518391609192,0.9935117363929749,0.9782188534736633,0.12548828125,0.0
0,0.12315278500318527,0.9942474365234375,0.9780517220497131,0.14703369140625,0.15678914388020834
0,0.04812440648674965,0.9989308714866638,0.9538776874542236,0.054799397786458336,0.0
0,0.029038546606898308,0.9965165853500366,0.9184715151786804,0.033660888671875,0.0
0,0.01694251410663128,0.994594156742096,0.5657132267951965,0.019541422526041668,0.0
0,0.06628487259149551,0.9998960494995117,0.9988395571708679,0.072906494140625,0.029815673828125
0,0.09968893975019455,0.9980881810188293,0.9905142784118652,0.117218017578125,0.08061726888020833
0,0.3887070417404175,0.999762237071991,0.9986955523490906,0.4346110026041667,0.4530131022135417
0,0.13652129471302032,0.9971439242362976,0.9727258086204529,0.168182373046875,0.12542724609375
0,0.06547152996063232,0.9790357351303101,0.8625798225402832,0.08404541015625,0.0
0,0.0765935406088829,0.9998452663421631,0.9944666028022766,0.081634521484375,0.057169596354166664
0,0.014975644648075104,0.9908034801483154,0.29807642102241516,0.011037190755208334,0.0
0,0.08774352818727493,0.9975274205207825,0.9720456600189209,0.10100301106770833,0.0
0,0.01598442904651165,0.9962782263755798,0.707395613193512,0.017995198567708332,0.0
0,0.08406392484903336,0.9961155652999878,0.971881091594696,0.097381591796875,0.0
0,0.0003145441005472094,0.2995148301124573,0.0029460613150149584,3.0517578125e-05,0.0
0,0.07069215923547745,0.9958011507987976,0.9651191234588623,0.08770751953125,0.0
0,0.30174219608306885,0.9996699094772339,0.9986698627471924,0.32174479166666664,0.247265625
0,0.25464391708374023,0.9999344348907471,0.9957189559936523,0.29934895833333336,0.20080729166666667
0,0.034249044954776764,0.9998675584793091,0.5318698883056641,0.027537027994791668,0.0
0,9.523084008833393e-05,0.03271312266588211,0.0013937873300164938,0.0,0.0
0,0.020383942872285843,0.9993147850036621,0.9331060647964478,0.0233502315272017,0.0
0,0.005923419259488583,0.9999227523803711,0.04352813959121704,0.006542002301495972,0.0
0,0.16435274481773376,0.9984145164489746,0.9835969805717468,0.19094112769485905,0.07190713101160863
0,0.23703016340732574,0.9990527033805847,0.9623913168907166,0.31992916666666665,0.08333333333333333
0,0.0024475858081132174,0.514011561870575,0.05877763777971268,0.0007777777777777777,0.0
0,0.0010206096339970827,0.1875787377357483,0.022629201412200928,0.0,0.0
0,0.008349236100912094,0.9510514140129089,0.20577459037303925,0.007820088024553633,0.0
0,0.038421887904405594,0.9987744688987732,0.9167081117630005,0.05042250641710015,0.0
0,0.02421373501420021,0.9979966282844543,0.9252299070358276,0.02722984562607204,0.0
0,0.005779056344181299,0.9628831148147583,0.11278173327445984,0.00620700651450959,0.0
0,0.19512954354286194,0.9991169571876526,0.9882221817970276,0.23452222222222222,0.08478148148148149
0,0.05535336211323738,0.9978426694869995,0.9784839749336243,0.050748351090816844,0.02921740233384069
0,0.34057724475860596,0.9993638396263123,0.9960082769393921,0.38448206018518516,0.4038802083333333
0,0.39282888174057007,0.9999165534973145,0.9946358799934387,0.45808500914076783,0.4592755941499086
0,0.283156156539917,0.9996970891952515,0.9941800832748413,0.3334211753731343,0.30419776119402986
0,0.12224901467561722,0.999514102935791,0.9886244535446167,0.14286561264822134,0.0
0,0.009170837700366974,0.9932811260223389,0.2649284899234772,0.009873251748251748,0.0
0,0.10859115421772003,0.998245358467102,0.9697853922843933,0.1328583916083916,0.0
0,0.1896059513092041,0.9997918009757996,0.9960851669311523,0.2179374149659864,0.07272108843537416
0,0.10589717328548431,0.999929666519165,0.9926542043685913,0.12365519342065184,0.014297898263783125
0,0.04548143222928047,0.9999227523803711,0.9551520943641663,0.05030625,0.0
0,0.04739337041974068,0.9999184608459473,0.9919691681861877,0.05213512241054614,0.0034580979284369114
0,0.2170466184616089,0.9997197985649109,0.9872773289680481,0.2642176428726136,0.17997669069793826
0,0.38504359126091003,0.9992620348930359,0.9917484521865845,0.4507196293828063,0.527745232925597
0,0.22728979587554932,0.9984512329101562,0.9839090704917908,0.2761731245581161,0.12050638043300917
0,0.023676972836256027,0.9795114994049072,0.6913952827453613,0.025891666666666667,0.0
0,0.15687745809555054,0.999140739440918,0.9898303151130676,0.188123795761079,0.11245905587668593
0,0.020308569073677063,0.9985162615776062,0.8731077313423157,0.022176640926640928,0.0
0,0.01696046255528927,0.9975177049636841,0.8401291966438293,0.019303949903660887,0.0
0,0.020383942872285843,0.9993147850036621,0.9331060647964478,0.0233502315272017,0.0
0,0.005923419259488583,0.9999227523803711,0.04352813959121704,0.006542002301495972,0.0
0,0.060080934315919876,0.9999920129776001,0.9447912573814392,0.053920833333333335,0.0
0,0.006240927614271641,0.9786311388015747,0.1494097262620926,0.007717333333333333,0.0
0,0.37498289346694946,0.9989956021308899,0.9927672147750854,0.43380649717514125,0.41385593220338984
0,0.15552017092704773,0.9999263286590576,0.9874240756034851,0.1842231638418079,0.022311676082862525
0,0.0024475858081132174,0.514011561870575,0.05877763777971268,0.0007777777777777777,0.0
0,0.15029041469097137,0.9998968839645386,0.993561863899231,0.17569887429643527,0.011423545966228892
0,0.04739337041974068,0.9999184608459473,0.9919691681861877,0.05213512241054614,0.0034580979284369114
0,0.03439929708838463,0.9879462122917175,0.3656831681728363,0.015916403170061384,0.0
0,0.04701614007353783,0.997188150882721,0.9537081718444824,0.05379737045630317,0.0
0,0.0551396943628788,0.9999662637710571,0.9788343906402588,0.05520246478873239,0.0
0,0.381908655166626,0.9998300075531006,0.995685338973999,0.43340947546531305,0.3788917089678511
0,0.00021330964227672666,0.12326005846261978,0.0041657704859972,0.0,0.0
0,0.025238461792469025,0.995226263999939,0.9396889805793762,0.029673258463541668,0.0
0,0.0004766611382365227,0.3870530128479004,0.008880645036697388,0.0001220703125,0.0
0,0.131456658244133,0.9990818500518799,0.9958174824714661,0.15007527669270834,0.150787353515625
0,0.023852914571762085,0.9907320141792297,0.8630456924438477,0.026865641276041668,0.0
0,0.103502057492733,0.9979493021965027,0.984512448310852,0.132781982421875,0.0
0,0.006882276851683855,0.9710193276405334,0.23475207388401031,0.009592692057291666,0.0
0,0.09141693264245987,0.9969956874847412,0.9831499457359314,0.10395304361979167,0.07239786783854167
0,0.15435786545276642,0.9981470108032227,0.9942697286605835,0.17194620768229166,0.11075846354166667
0,0.13562490046024323,0.991186797618866,0.9726234674453735,0.1611328125,0.10038248697916667
0,0.12122827023267746,0.9907320141792297,0.9478628039360046,0.162872314453125,0.0
0,0.09719648957252502,0.9932811260223389,0.9577545523643494,0.11603800455729167,0.0
0,0.003507283516228199,0.7461389899253845,0.06383161246776581,0.000732421875,0.0
0,0.09989353269338608,0.9865199327468872,0.9337903261184692,0.125823974609375,0.0
0,3.148791802232154e-05,0.08540366590023041,0.0002591582597233355,0.0,0.0
0,0.11667441576719284,0.9973989725112915,0.9762186408042908,0.14292399088541666,0.048665364583333336
0,0.11941149085760117,0.9874235987663269,0.9558141231536865,0.1468505859375,0.0
0,1.6741461877245456e-05,0.00524044968187809,0.0002033795026363805,0.0,0.0
0,0.08633080124855042,0.9781354665756226,0.8801805377006531,0.118133544921875,0.0
0,0.01190388947725296,0.9962638020515442,0.37101927399635315,0.013346354166666666,0.0
0,0.010315784253180027,0.8887588381767273,0.24981309473514557,0.009389241536458334,0.0
0,0.00018626655219122767,0.08344116806983948,0.004792316816747189,0.0,0.0
0,0.018173744902014732,0.9527502655982971,0.6169779300689697,0.0235595703125,0.0
0,0.0034452471882104874,0.9547319412231445,0.05963383615016937,0.0026448567708333335,0.0
0,0.017591236159205437,0.9934357404708862,0.7053701877593994,0.019887288411458332,0.0
0,0.003699438413605094,0.5758861899375916,0.07184736430644989,0.0007527669270833334,0.0
0,0.018221544101834297,0.9842154383659363,0.7709825038909912,0.024373372395833332,0.0
0,0.030390530824661255,0.9862046241760254,0.7242797613143921,0.035878499348958336,0.0
0,0.01990441046655178,0.9885804057121277,0.875886857509613,0.0213623046875,0.0
0,0.0005915905348956585,0.39326852560043335,0.010570489801466465,0.000152587890625,0.0
0,0.0029168270993977785,0.8626990914344788,0.05261603742837906,0.00299072265625,0.0
0,0.07360595464706421,0.9893062710762024,0.9274948239326477,0.09473673502604167,0.0
0,0.08668475598096848,0.9996947050094604,0.9904024004936218,0.092071533203125,0.059977213541666664
0,0.1973114013671875,0.9963357448577881,0.9810935258865356,0.24672444661458334,0.13315836588541666
0,0.2662751078605652,0.9988927245140076,0.9919379353523254,0.3283793131510417,0.2970784505208333
0,0.03270461782813072,0.9983579516410828,0.9744833707809448,0.032786051432291664,0.0
0,0.16957314312458038,0.996434211730957,0.9853278994560242,0.19874064127604166,0.11814371744791667
0,0.00041274746763519943,0.14620910584926605,0.007317397277802229,0.0,0.0
0,0.024271255359053612,0.9918121099472046,0.8566924333572388,0.029225667317708332,0.0
0,0.08322510868310928,0.9979572296142578,0.9841545820236206,0.096954345703125,0.055775960286458336
0,0.09744501858949661,0.9870795607566833,0.9461008310317993,0.11181640625,0.0
0,0.003652755403891206,0.9803937673568726,0.02100316435098648,0.004638671875,0.0
0,3.840084173134528e-05,0.004736749455332756,0.0007524627144448459,0.0,0.0
0,0.04516066238284111,0.984752357006073,0.7764534950256348,0.058451334635416664,0.0
0,0.0027630282565951347,0.8042522072792053,0.03365296497941017,0.00299072265625,0.0
0,0.00788820069283247,0.9196425676345825,0.281396746635437,0.010294596354166666,0.0
0,0.0008226709323935211,0.44788289070129395,0.01615283451974392,0.00018310546875,0.0
0,0.06714252382516861,0.9872773289680481,0.9440738558769226,0.07898966471354167,0.0
0,0.3907773494720459,0.9981251358985901,0.9914886951446533,0.4471638997395833,0.4336954752604167
0,0.23692022264003754,0.9967523813247681,0.9849274158477783,0.2857869466145833,0.113983154296875
0,0.024412723258137703,0.9244152307510376,0.4764404892921448,0.023824055989583332,0.0
0,0.001576501876115799,0.18169839680194855,0.03760863468050957,0.0,0.0
0,0.003171560587361455,0.8300437331199646,0.04184276610612869,0.003662109375,0.0
0,0.060458626598119736,0.9976218342781067,0.9806166887283325,0.069671630859375,0.041961669921875
0,0.17388546466827393,0.9959927201271057,0.9843964576721191,0.20582071940104166,0.18129475911458334
0,0.0025774731766432524,0.21109138429164886,0.05470151826739311,0.0,0.0
0,0.012809298001229763,0.9651191234588623,0.39378416538238525,0.013081868489583334,0.0
0,0.12738801538944244,0.9975466132164001,0.9575143456459045,0.15949503580729166,0.037434895833333336
0,0.0042930846102535725,0.6927459239959717,0.09894659370183945,0.0010884602864583333,0.0
0,0.1691838651895523,0.9950946569442749,0.980205237865448,0.199066162109375,0.15508015950520834
0,0.05131618678569794,0.9937100410461426,0.9464978575706482,0.06321207682291667,0.0
0,0.19592343270778656,0.9983958601951599,0.9888418912887573,0.25091552734375,0.06304931640625
0,0.045751433819532394,0.9899476170539856,0.9298198819160461,0.050374348958333336,0.0
0,0.021173037588596344,0.9815244078636169,0.6968843340873718,0.02569580078125,0.0
0,0.054515231400728226,0.9778411984443665,0.9071478247642517,0.066558837890625,0.0
0,0.008003666065633297,0.9769787192344666,0.11899187415838242,0.005889892578125,0.0
0,0.07209888845682144,0.9996345043182373,0.9961305856704712,0.080169677734375,0.06121826171875
0,0.0486285500228405,0.937325656414032,0.6864751577377319,0.055094401041666664,0.0
0,0.07156657427549362,0.9970421195030212,0.975296139717102,0.083221435546875,0.044026692708333336
0,0.05389385297894478,0.9981178045272827,0.9468891620635986,0.0672607421875,0.0
0,0.0846918448805809,0.9875203371047974,0.9449916481971741,0.10210164388020833,0.0
0,0.03161857649683952,0.9459012746810913,0.7694217562675476,0.040557861328125,0.0
0,0.04174058139324188,0.9906600117683411,0.8978744745254517,0.048807779947916664,0.0
0,0.40035152435302734,0.9988927245140076,0.9937345385551453,0.4809468587239583,0.4809163411458333
0,0.004766624420881271,0.9406808614730835,0.08418656885623932,0.00469970703125,0.0
0,0.10284946113824844,0.9952632188796997,0.9801281690597534,0.12211100260416667,0.0
0,0.019909357652068138,0.9319595694541931,0.518049418926239,0.021148681640625,0.0
0,0.0748019590973854,0.9992357492446899,0.9963779449462891,0.08497111002604167,0.057403564453125
0,0.0849999263882637,0.9968763589859009,0.9693804979324341,0.10988362630208333,0.0
0,0.011970133520662785,0.9683812260627747,0.4245312809944153,0.0130615234375,0.0
0,0.1298542469739914,0.999099612236023,0.9939963817596436,0.14690144856770834,0.047892252604166664
0,0.08586447685956955,0.9900250434875488,0.9277569651603699,0.10954793294270833,0.0
0,0.04985657334327698,0.9785903096199036,0.9161096215248108,0.058858235677083336,0.0
0,0.2657508850097656,0.9957020878791809,0.9832789301872253,0.32733154296875,0.15583292643229166
0,0.4271278381347656,0.999854564666748,0.9986169338226318,0.4845784505208333,0.5020039876302084
0,0.2666186988353729,0.9966495633125305,0.9833410978317261,0.3266703287760417,0.216766357421875
0,0.07980329543352127,0.9860979318618774,0.9417582154273987,0.096038818359375,0.0
0,0.1046556755900383,0.9994907379150391,0.9875203371047974,0.11921183268229167,0.071044921875
0,0.18427538871765137,0.9989141225814819,0.9853842854499817,0.2191162109375,0.14057413736979166
0,0.08381640166044235,0.9990854263305664,0.994401752948761,0.088043212890625,0.0557861328125
0,0.2746178209781647,0.9984391331672668,0.9909797310829163,0.331298828125,0.17914835611979166
0,0.07948854565620422,0.9894295334815979,0.957277774810791,0.09148152669270833,0.029581705729166668
0,0.14447276294231415,0.9976310729980469,0.9834704995155334,0.18064371744791666,0.07110595703125
0,0.0018069585785269737,0.2805178165435791,0.038754016160964966,4.0690104166666664e-05,0.0
0,0.04829389229416847,0.996936559677124,0.9742379784584045,0.0546875,0.0
0,0.24092765152454376,0.9986489415168762,0.9899476170539856,0.296051025390625,0.06783040364583333
0,0.07522483915090561,0.9882676005363464,0.8846385478973389,0.10152180989583333,0.0
0,0.08991435915231705,0.9949983358383179,0.9717789888381958,0.10475667317708333,0.0
0,0.2947515547275543,0.9998028874397278,0.9971103668212891,0.3319295247395833,0.3099263509114583
0,7.257962715812027e-05,0.005260852165520191,0.0011424495605751872,0.0,0.0
0,0.34771010279655457,0.9987792372703552,0.9933322668075562,0.4285888671875,0.400787353515625
0,0.07486871629953384,0.9984752535820007,0.9757147431373596,0.08601888020833333,0.0
0,0.1801798790693283,0.9948603510856628,0.9830831289291382,0.2283935546875,0.0
0,0.07094766944646835,0.9938070178031921,0.9624598622322083,0.08359781901041667,0.0
0,0.10599727183580399,0.9948403239250183,0.9754368662834167,0.13016764322916666,0.0
0,0.027022993192076683,0.9554024338722229,0.6854233145713806,0.031728108723958336,0.0
0,0.00011031064059352502,0.12896330654621124,0.0015854305820539594,0.0,0.0
0,0.26592543721199036,0.9993255138397217,0.9923043847084045,0.3200276692708333,0.17109171549479166
0,0.07987383753061295,0.9977743029594421,0.9795103073120117,0.08668009440104167,0.0
0,0.1740305870771408,0.9961903095245361,0.9650513529777527,0.221923828125,0.0
0,0.05428521707653999,0.9912548065185547,0.9345147609710693,0.064605712890625,0.0
0,0.04140825942158699,0.9996485710144043,0.9973165392875671,0.043701171875,0.034230550130208336
0,0.20065860450267792,0.9981324076652527,0.9888837337493896,0.24643961588541666,0.04376220703125
0,0.047760311514139175,0.991455614566803,0.9491063356399536,0.056559244791666664,0.0
0,0.031079143285751343,0.95735764503479,0.6989370584487915,0.042378743489583336,0.0
0,0.3228739798069,0.9957352876663208,0.9824210405349731,0.4043680826822917,0.2923787434895833
0,0.2932220697402954,0.9986222982406616,0.9947391152381897,0.3410441080729167,0.326751708984375
0,0.2842322885990143,0.9992734789848328,0.9925682544708252,0.3400472005208333,0.3463643391927083
0,0.08271784335374832,0.9971103668212891,0.9793540239334106,0.098052978515625,0.0
0,0.00027870721532963216,0.13511791825294495,0.0042151594534516335,0.0,0.0
0,0.1918163150548935,0.9984632730484009,0.9946568012237549,0.21790568033854166,0.21761067708333334
0,0.21574753522872925,0.9989718198776245,0.9877113699913025,0.26361083984375,0.199554443359375
0,0.3149624764919281,0.9992296695709229,0.9956176280975342,0.3860575358072917,0.3044230143229167
0,0.1932472437620163,0.9978843331336975,0.9754368662834167,0.24212646484375,0.13692220052083334
0,0.07768163830041885,0.9953904151916504,0.9626730680465698,0.097808837890625,0.0
0,0.21779131889343262,0.9996594190597534,0.9984573125839233,0.2540283203125,0.2563985188802083
0,0.23810707032680511,0.9964203834533691,0.9841527342796326,0.2919820149739583,0.1365966796875
0,0.10333898663520813,0.9981897473335266,0.9530981779098511,0.13232421875,0.0
0,0.11677160859107971,0.999099612236023,0.9816655516624451,0.14111328125,0.056294759114583336
0,0.0014928844757378101,0.4005734920501709,0.032161444425582886,7.120768229166667e-05,0.0
0,0.15114422142505646,0.9988440275192261,0.9858275651931763,0.17624918619791666,0.11551920572916667
0,0.1776583194732666,0.9937345385551453,0.9786719083786011,0.20954386393229166,0.13216145833333334
0,0.16287334263324738,0.9985221028327942,0.9942250847816467,0.185455322265625,0.09662882486979167
0,0.06313350051641464,0.9946568012237549,0.9570375084877014,0.077362060546875,0.0
0,0.5987305641174316,0.9996970891952515,0.9983707070350647,0.650390625,0.6670430501302084
0,0.03999890387058258,0.9944666028022766,0.9290551543235779,0.048451741536458336,0.0
0,0.1732012778520584,0.9997867941856384,0.9950946569442749,0.19881184895833334,0.18022664388020834
0,0.0006203203229233623,0.1856517344713211,0.01196109689772129,0.0,0.0
0,0.018197135999798775,0.9764007329940796,0.7875948548316956,0.020833333333333332,0.0
0,0.05630677938461304,0.9961004257202148,0.956308901309967,0.06656901041666667,0.0
0,0.04976053908467293,0.9912885427474976,0.9253649115562439,0.06321207682291667,0.0
0,0.0016580609371885657,0.6837363243103027,0.032773129642009735,0.0006001790364583334,0.0
0,0.0019163871183991432,0.5213340520858765,0.042319849133491516,0.0013631184895833333,0.0
0,0.10446736961603165,0.9995005130767822,0.9889705181121826,0.12032063802083333,0.0
0,0.10610490292310715,0.9983515739440918,0.9886244535446167,0.12482706705729167,0.07623291015625
0,0.10003689676523209,0.9962051510810852,0.9787521362304688,0.125762939453125,0.0362548828125
0,0.19975970685482025,0.9947391152381897,0.9767136573791504,0.24854532877604166,0.0
0,0.08766993135213852,0.999508261680603,0.986828088760376,0.10316975911458333,0.019673665364583332
0,0.17217250168323517,0.9981178045272827,0.9878528118133545,0.20036824544270834,0.122711181640625
0,0.17810525000095367,0.9997283816337585,0.9972531199455261,0.20033772786458334,0.17344156901041666
0,0.043237876147031784,0.9939496517181396,0.8951511979103088,0.051971435546875,0.0
0,0.017835820093750954,0.9840936064720154,0.6186293363571167,0.019683837890625,0.0
0,0.12413722276687622,0.9973580241203308,0.9802431464195251,0.14698282877604166,0.049886067708333336
0,0.03991566225886345,0.9882676005363464,0.9012274742126465,0.048899332682291664,0.0
0,0.014871221967041492,0.9875203371047974,0.5794527530670166,0.017161051432291668,0.0
0,0.3838709592819214,0.9995272159576416,0.9966495633125305,0.4488728841145833,0.495574951171875
0,0.23239775002002716,0.9994340538978577,0.9925393462181091,0.2705586751302083,0.18922932942708334
0,0.3072543144226074,0.9989718198776245,0.9955489635467529,0.3575642903645833,0.3140462239583333
0,0.06971032172441483,0.9859364032745361,0.9337939620018005,0.07963053385416667,0.0
0,0.2478054314851761,0.9974090456962585,0.9921537041664124,0.279571533203125,0.24580891927083334
0,0.028066568076610565,0.9765800833702087,0.790525496006012,0.034840901692708336,0.0
0,0.03595292940735817,0.986828088760376,0.9046505093574524,0.042205810546875,0.0
0,0.12714363634586334,0.9998568296432495,0.9946150183677673,0.14378865559895834,0.09232584635416667
0,0.18452858924865723,0.9981397390365601,0.9818056225776672,0.23280843098958334,0.19423421223958334
0,0.15996421873569489,0.9989718198776245,0.9931495785713196,0.17429606119791666,0.14947509765625
0,0.1631651371717453,0.9985221028327942,0.9942025542259216,0.18410237630208334,0.11787923177083333
0,0.011797365732491016,0.9642541408538818,0.2692093551158905,0.010009765625,0.0
0,0.07004158943891525,0.9851003289222717,0.896975576877594,0.094482421875,0.0
0,0.14592985808849335,0.9975370168685913,0.9903290271759033,0.17475382486979166,0.07122802734375
0,0.0901842936873436,0.9906237721443176,0.9470881819725037,0.112457275390625,0.04449462890625
0,0.05639022961258888,0.9947799444198608,0.9564718008041382,0.06475830078125,0.0
0,0.11869695037603378,0.9958821535110474,0.9750121831893921,0.14570109049479166,0.09588623046875
0,0.11629316955804825,0.9972099661827087,0.9866748452186584,0.132171630859375,0.10267130533854167
0,0.19401277601718903,0.9937829375267029,0.9681411385536194,0.2533976236979167,0.13129679361979166
0,0.052267178893089294,0.9985221028327942,0.9790745973587036,0.059163411458333336,0.0
0,0.011134970933198929,0.9569571614265442,0.2776482403278351,0.010294596354166666,0.0
0,0.0026623436715453863,0.8752548694610596,0.044678375124931335,0.0019632975260416665,0.0
0,0.4798870384693146,0.9994363188743591,0.9909096360206604,0.5824076334635416,0.60455322265625
0,0.024085035547614098,0.9694401025772095,0.7611783146858215,0.029225667317708332,0.0
0,0.008814218454062939,0.9343951344490051,0.21816426515579224,0.007731119791666667,0.0
0,0.14636357128620148,0.9964756369590759,0.9857729077339172,0.17249552408854166,0.09800211588541667
0,0.013785083778202534,0.9822195768356323,0.39963415265083313,0.01446533203125,0.0
0,0.039067141711711884,0.9891397356987,0.9200701713562012,0.046101888020833336,0.0
0,0.008713812567293644,0.9676556587219238,0.2516477108001709,0.009541829427083334,0.0
0,0.11028475314378738,0.997739315032959,0.9830850958824158,0.135528564453125,0.0
0,0.03636838495731354,0.9688562154769897,0.7014002203941345,0.046305338541666664,0.0
0,0.04516066238284111,0.984752357006073,0.7764534950256348,0.058451334635416664,0.0
0,0.006710914429277182,0.8299059271812439,0.15947513282299042,0.005401611328125,0.0
0,0.1003059670329094,0.9958011507987976,0.9755768775939941,0.12396240234375,0.046834309895833336
0,0.052884072065353394,0.9954261183738708,0.9617477655410767,0.062469482421875,0.0
0,0.029210934415459633,0.9937100410461426,0.9153468608856201,0.030375162760416668,0.0
0,0.013452298939228058,0.9667260646820068,0.5875455737113953,0.017140706380208332,0.0
0,0.02707620896399021,0.9961305856704712,0.8345174789428711,0.029225667317708332,0.0
0,0.02464040368795395,0.9923341274261475,0.8169823884963989,0.029520670572916668,0.0
0,0.021786244586110115,0.9885804057121277,0.8006919622421265,0.0245361328125,0.0
0,0.010701104067265987,0.9852146506309509,0.42648106813430786,0.012654622395833334,0.0
0,0.045703206211328506,0.9935368895530701,0.8791467547416687,0.053639729817708336,0.0
0,0.07510662823915482,0.997739315032959,0.9819446802139282,0.086395263671875,0.053792317708333336
0,0.011532087810337543,0.9637799859046936,0.40703168511390686,0.012502034505208334,0.0
0,0.00036109620123170316,0.4272174537181854,0.005343256052583456,5.0862630208333336e-05,0.0
0,0.0037234502378851175,0.9049869179725647,0.07793347537517548,0.004445393880208333,0.0
0,0.008840327151119709,0.9393594861030579,0.22917966544628143,0.008575439453125,0.0
0,0.18142090737819672,0.9987356066703796,0.9940197467803955,0.21927897135416666,0.08211263020833333
0,0.08847847580909729,0.9988752007484436,0.9799742102622986,0.10509236653645833,0.0
0,0.009392577223479748,0.8912444114685059,0.2411211133003235,0.00897216796875,0.0
0,0.047617096453905106,0.9932811260223389,0.9164093732833862,0.059539794921875,0.0
0,0.1378178745508194,0.9990854263305664,0.9874235987663269,0.16474405924479166,0.06882731119791667
0,0.09855132550001144,0.9997884631156921,0.9947799444198608,0.112091064453125,0.030731201171875
0,3.175745587213896e-05,0.016029147431254387,0.0005254230345599353,0.0,0.0
0,0.012584553100168705,0.9690910577774048,0.48579469323158264,0.014801025390625,0.0
0,0.07215613126754761,0.9995063543319702,0.9577545523643494,0.07914166666666667,0.011235416666666666
0,0.09503477066755295,0.9985730648040771,0.9698426127433777,0.12144856770833333,0.0744140625
0,0.017619282007217407,0.9946150183677673,0.5622339248657227,0.018564860026041668,0.0
0,0.0020412523299455643,0.9933589100837708,0.009161381982266903,0.002186301369863014,0.0
0,0.04381120577454567,0.9944234490394592,0.9220637679100037,0.05261187214611872,0.0
0,0.38139858841896057,0.9997783303260803,0.9939496517181396,0.4472298534798535,0.3919459706959707
0,0.18505915999412537,0.9998612403869629,0.9952999353408813,0.220044404973357,0.012433392539964476
0,0.16547174751758575,0.9996033310890198,0.9905142784118652,0.19721899224806202,0.024142441860465116
0,0.08648797869682312,0.9874721169471741,0.9214990139007568,0.11074906367041198,0.0
0,0.6465258002281189,0.9993663430213928,0.9957848191261292,0.7421555555555556,0.830462962962963
0,0.17960382997989655,0.99826580286026,0.9797840118408203,0.22233416770963704,0.056827284105131416
0,0.024545390158891678,0.9508692026138306,0.5672780871391296,0.029482421875,0.0
0,0.06900016218423843,0.9995362758636475,0.9619649052619934,0.08493114222540826,0.0
0,0.13055212795734406,0.9999473094940186,0.9917269349098206,0.15247964470762398,0.020267174227203835
0,0.05852138251066208,0.9962782263755798,0.9523086547851562,0.07065026362038665,0.014754661333656546
0,0.04654935002326965,0.9998928308486938,0.9762653708457947,0.053658333333333336,0.004554166666666666
0,0.3653259873390198,0.9988752007484436,0.9918121099472046,0.4410764540337711,0.4774202626641651
0,0.15884530544281006,0.9998058676719666,0.9980581402778625,0.18069033530571993,0.051722550953320186
0,0.19799108803272247,0.996292769908905,0.9789553880691528,0.2443625,0.1817875
0,0.04981302097439766,0.9991735816001892,0.9595359563827515,0.05798280802292263,0.0
0,0.0008299004985019565,0.584745466709137,0.015130727551877499,0.00035093582887700536,0.0
0,0.38751736283302307,0.9986541271209717,0.9926826357841492,0.4455769856770833,0.461883544921875
0,0.2586372196674347,0.9952999353408813,0.9621787071228027,0.347808837890625,0.0
0,0.021388230845332146,0.9828232526779175,0.8714683055877686,0.02581787109375,0.0
0,0.0013351490488275886,0.4608954191207886,0.022932251915335655,0.000518798828125,0.0
0,0.09800558537244797,0.9885361194610596,0.911332905292511,0.12847900390625,0.0
0,0.06445910781621933,0.9944451451301575,0.9703524708747864,0.07185872395833333,0.0494384765625
0,0.031168164685368538,0.9775429368019104,0.8445295691490173,0.039591471354166664,0.0
0,0.07350511103868484,0.9854404330253601,0.9167081117630005,0.09288533528645833,0.0
0,0.08805923908948898,0.9973165392875671,0.9779256582260132,0.105621337890625,0.0
0,0.006595042068511248,0.9940197467803955,0.09548783302307129,0.0078125,0.0
0,0.21225719153881073,0.9980881810188293,0.9884026646614075,0.2535909016927083,0.18346150716145834
0,0.04022286459803581,0.998879611492157,0.9814523458480835,0.04681396484375,0.0
0,0.1498086005449295,0.9976949095726013,0.9770664572715759,0.17771402994791666,0.046142578125
0,0.03457112982869148,0.9920312166213989,0.9376689791679382,0.036570231119791664,0.0
0,0.03879810869693756,0.990767776966095,0.8900976181030273,0.04437255859375,0.0
0,0.0008507180027663708,0.4819566607475281,0.01659126952290535,0.0003153483072916667,0.0
0,0.011882472783327103,0.9378969073295593,0.40805208683013916,0.013153076171875,0.0
0,0.06874433904886246,0.9972637891769409,0.9882676005363464,0.07718912760416667,0.038370768229166664
0,0.021786244586110115,0.9885804057121277,0.8006919622421265,0.0245361328125,0.0
0,0.016347499564290047,0.8828325867652893,0.5636764168739319,0.023712158203125,0.0
0,0.0001896900503197685,0.1598721295595169,0.003375435946509242,0.0,0.0
0,0.020536253228783607,0.9402433633804321,0.4808845818042755,0.02069091796875,0.0
0,0.14494524896144867,0.9974491000175476,0.9751042723655701,0.17987060546875,0.0
0,0.007442760746926069,0.8622356653213501,0.13431765139102936,0.003916422526041667,0.0
0,0.022717788815498352,0.9849274158477783,0.7273920178413391,0.025909423828125,0.0
0,0.00011327602987876162,0.055720292031764984,0.0018458483973518014,0.0,0.0
0,0.19500379264354706,0.991355836391449,0.968020498752594,0.24721272786458334,0.0
0,0.028364093974232674,0.936051607131958,0.6774708032608032,0.037638346354166664,0.0
0,0.00017224637849722058,0.02898062951862812,0.0029810327105224133,0.0,0.0
0,0.004284416325390339,0.7429815530776978,0.1127954050898552,0.0035502115885416665,0.0
0,0.005725035909563303,0.9530133008956909,0.13927926123142242,0.0068359375,0.0
0,0.03376510366797447,0.9888418912887573,0.8155176639556885,0.044158935546875,0.0
0,0.012297742068767548,0.8529354929924011,0.3643217086791992,0.014333089192708334,0.0
0,0.001749978750012815,0.8615382313728333,0.02931223064661026,0.0008443196614583334,0.0
0,2.7885376766789705e-05,0.0034030056558549404,0.00039352959720417857,0.0,0.0
0,0.03153149411082268,0.9832789301872253,0.8773685693740845,0.03900146484375,0.0
0,0.029693132266402245,0.9877586960792542,0.9026044607162476,0.032623291015625,0.0
0,0.0105977738276124,0.9972207546234131,0.6366444826126099,0.011372884114583334,0.0
0,0.005572971422225237,0.968020498752594,0.09964530169963837,0.004638671875,0.0
0,0.014946945942938328,0.9386884570121765,0.4642851650714874,0.017740885416666668,0.0
0,2.414332084299531e-05,0.008610767312347889,0.0004305067122913897,0.0,0.0
0,0.0003684846742544323,0.22354651987552643,0.006957609672099352,0.0,0.0
0,0.08119475096464157,0.9961004257202148,0.9761291742324829,0.09721883138020833,0.0
0,0.03188188001513481,0.9908744096755981,0.9087799787521362,0.038859049479166664,0.0
0,0.11638373136520386,0.9961903095245361,0.9736446738243103,0.13368733723958334,0.0
0,0.009830032475292683,0.9125921130180359,0.21766994893550873,0.007242838541666667,0.0
0,0.04931193217635155,0.9982926249504089,0.9515013694763184,0.056193033854166664,0.0
0,0.3109593391418457,0.9982385635375977,0.9921528100967407,0.3660888671875,0.33111572265625
0,0.45307159423828125,0.998095691204071,0.9947595000267029,0.5249430338541666,0.4201253255208333
0,4.964718027622439e-05,0.008745182305574417,0.0010566838318482041,0.0,0.0
0,0.03743615001440048,0.9950370192527771,0.9514138102531433,0.043528238932291664,0.0
0,0.017078498378396034,0.9920312166213989,0.7304648756980896,0.020945231119791668,0.0
0,0.031714145094156265,0.9770664572715759,0.5197688937187195,0.021962483723958332,0.0
0,0.06568140536546707,0.9917484521865845,0.9260326027870178,0.08587646484375,0.0
0,0.029071083292365074,0.9571978449821472,0.7733874917030334,0.033040364583333336,0.0
0,0.17505651712417603,0.9971439242362976,0.9813107252120972,0.20871988932291666,0.0
0,0.012872829101979733,0.9688562154769897,0.4135849177837372,0.014719645182291666,0.0
0,0.007122837007045746,0.9890130758285522,0.10705786198377609,0.00567626953125,0.0
0,0.02819756418466568,0.9664738178253174,0.8054700493812561,0.034983317057291664,0.0
0,0.07331124693155289,0.9960545301437378,0.9294365644454956,0.09151204427083333,0.0
0,0.20589393377304077,0.9991340041160583,0.9940420985221863,0.23188273111979166,0.2760721842447917
0,0.030602453276515007,0.9886244535446167,0.8213266134262085,0.036936442057291664,0.0
0,0.008080401457846165,0.8714748620986938,0.1980641782283783,0.006062825520833333,0.0
0,0.12142172455787659,0.9855521321296692,0.9537916779518127,0.17436726888020834,0.189788818359375
0,0.0004602847620844841,0.11716747283935547,0.012100386433303356,0.0,0.0
0,0.0031283835414797068,0.6863700151443481,0.0754484310746193,0.002593994140625,0.0
0,0.01853695698082447,0.9740919470787048,0.723274290561676,0.019582112630208332,0.0
0,0.010804466903209686,0.972933828830719,0.2514583170413971,0.009429931640625,0.0
0,0.010748500935733318,0.7200731039047241,0.2112540602684021,0.005208333333333333,0.0
0,0.0016081741778180003,0.38237205147743225,0.03711691126227379,0.0005900065104166666,0.0
0,0.0025317328982055187,0.44242575764656067,0.06891249865293503,0.000885009765625,0.0
0,0.017174482345581055,0.9922444224357605,0.888366162776947,0.019510904947916668,0.0
0,0.05156376585364342,0.996936559677124,0.9623913168907166,0.061197916666666664,0.0504150390625
0,0.0006380658596754074,0.6987407803535461,0.011374284513294697,0.00018310546875,0.0
0,0.001654112245887518,0.4928898811340332,0.03711481764912605,0.0004069010416666667,0.0
0,0.007577972486615181,0.9159594178199768,0.23828421533107758,0.0091552734375,0.0
0,0.011362058110535145,0.8509647250175476,0.3457511365413666,0.013702392578125,0.0
0,0.001991532975807786,0.5576947331428528,0.04417838528752327,0.0010884602864583333,0.0
0,0.3193381130695343,0.9981397390365601,0.9883578419685364,0.4030965169270833,0.28265380859375
0,0.19136904180049896,0.9878058433532715,0.966092050075531,0.24607340494791666,0.24446614583333334
0,0.031600628048181534,0.9788748621940613,0.8276889324188232,0.036570231119791664,0.0
0,0.07787051796913147,0.9971216320991516,0.9786311388015747,0.09281412760416667,0.056559244791666664
0,0.0017513054190203547,0.4493926763534546,0.03346104174852371,0.0006103515625,0.0
0,0.043034445494413376,0.9997487664222717,0.9954439401626587,0.049265543619791664,0.01959228515625
0,0.00525715621188283,0.8409132957458496,0.16967260837554932,0.008616129557291666,0.0
0,0.008548579178750515,0.9776712656021118,0.2707318365573883,0.010019938151041666,0.0
0,0.0028728649485856295,0.9506864547729492,0.04698663949966431,0.0024820963541666665,0.0
0,0.010475235991179943,0.9192084670066833,0.32658708095550537,0.011617024739583334,0.0
0,0.03225826099514961,0.9993067979812622,0.824037492275238,0.03478125,0.0
0,0.4636768400669098,0.9962051510810852,0.9903290271759033,0.52544,0.6134506666666667
0,0.09297897666692734,0.9988664388656616,0.9918753504753113,0.10492960611979167,0.037618001302083336
0,0.01749367266893387,0.999523401260376,0.4778546094894409,0.017598470052083332,0.0
0,0.024834349751472473,0.9912548065185547,0.8390718102455139,0.027537027994791668,0.0
0,9.560768376104534e-05,0.045777272433042526,0.0013937873300164938,0.0,0.0
0,0.010448373854160309,0.9276259541511536,0.2735714614391327,0.010203043619791666,0.0
0,0.0006740684621036053,0.2986958920955658,0.01455784123390913,4.0690104166666664e-05,0.0
0,0.43230485916137695,0.999713122844696,0.9990187883377075,0.4417826334635417,0.4416910807291667
0,0.058691125363111496,0.9923638105392456,0.8623515963554382,0.07891111111111111,0.018655555555555557
0,0.007022099569439888,0.969956636428833,0.24364246428012848,0.00908888888888889,0.0
0,0.0006174225127324462,0.557002067565918,0.012624949216842651,0.0001543859649122807,0.0
0,0.004658583551645279,0.5294610857963562,0.0918697863817215,0.00087890625,0.0
0,0.1091097742319107,0.9866234660148621,0.9403530955314636,0.14259114583333332,0.061998697916666665
0,0.002601365093141794,0.9853842854499817,0.018978038802742958,0.0028678385416666665,0.0
0,0.013975595124065876,0.9762653708457947,0.42139291763305664,0.01536176242058595,0.0
0,5.4747044487157837e-05,0.14829370379447937,0.00010391067189630121,0.0,0.0
0,0.023469552397727966,0.9614614844322205,0.5238871574401855,0.022884958179075827,0.0
0,0.014836395159363747,0.966092050075531,0.43308329582214355,0.017688802083333333,0.0
0,0.01851140335202217,0.9964063763618469,0.5329450368881226,0.01999634352575529,0.0
0,0.005354711320251226,0.974773108959198,0.07963874191045761,0.0018465194935783171,0.0
0,0.012866259552538395,0.9859904050827026,0.2613309323787689,0.009576822916666667,0.0
0,0.05968097969889641,0.9990563988685608,0.9792352318763733,0.06775,0.0540625
0,0.021803012117743492,0.9930423498153687,0.7745851278305054,0.023052606177606176,0.0
0,0.021956661716103554,0.9998706579208374,0.967777669429779,0.02119375,0.0108625
0,0.0023795487359166145,0.8116759657859802,0.042642392218112946,0.0015115163147792706,0.0
0,0.012267661280930042,0.9795897603034973,0.3393917381763458,0.012612763915547024,0.0
0,0.015100437216460705,0.9935867786407471,0.5326700806617737,0.017356046065259118,0.0
0,0.15764717757701874,0.9976949095726013,0.9720461964607239,0.17137422360248447,0.030201863354037267
0,0.017006291076540947,0.9831499457359314,0.49283701181411743,0.014203667953667953,0.0
0,0.0064986106008291245,0.9707987308502197,0.08479540795087814,0.0013296332046332047,0.0
0,0.2654637396335602,0.999220609664917,0.9837850332260132,0.3251689189189189,0.32880550193050195
0,0.057733047753572464,0.9896317720413208,0.9487276077270508,0.07448863636363637,0.03949431818181818
0,0.0009970742976292968,0.12326005846261978,0.019832711666822433,0.0,0.0
0,0.005629183258861303,0.655887246131897,0.14021848142147064,0.004055508354573775,0.0
0,0.005935437045991421,0.9829546809196472,0.0854068398475647,0.0067936507936507936,0.0
0,0.0005944896256551147,0.10762491822242737,0.012920473702251911,0.0,0.0
0,0.2722088098526001,0.9995660185813904,0.9976403713226318,0.32709396290593645,0.33760528937596235
0,0.04542406648397446,0.9885804057121277,0.7654197216033936,0.05260631001371742,0.0
0,0.1777983009815216,0.9976403713226318,0.9918121099472046,0.19534522176497485,0.18676726108824873
0,0.1164969950914383,0.999099612236023,0.9714558720588684,0.14236666666666667,0.03922380952380952
0,0.09555661678314209,0.999045193195343,0.9774138927459717,0.11166666666666666,0.0
0,0.1943923681974411,0.9985561966896057,0.9900250434875488,0.23182107175295186,0.027574931880108993
0,0.10308126360177994,0.9967396855354309,0.9728307723999023,0.11928767123287672,0.05342922374429224
0,0.0699407085776329,0.9993333220481873,0.9926256537437439,0.06828804347826087,0.03631340579710145
0,0.10540362447500229,0.9949001669883728,0.967777669429779,0.12954537879545377,0.013948605139486052
0,0.0843362882733345,0.9921537041664124,0.9308364987373352,0.10538577924022668,0.0
0,0.4150518774986267,0.9979089498519897,0.9855521321296692,0.4930880082137197,0.39827169648350125
0,0.24670429527759552,0.992061972618103,0.974190354347229,0.3110738377061401,0.2331496936307933
0,0.10754294693470001,0.9965837001800537,0.9630224108695984,0.13446752323396474,0.01660149306789904
0,0.1296376734972,0.9770664572715759,0.9238675236701965,0.1740057561486133,0.09299232513518228
0,0.039137084037065506,0.9948803186416626,0.9050993919372559,0.04427839491373416,0.012662386673415203
0,0.30936315655708313,0.9986853003501892,0.9954791069030762,0.3385721842447917,0.36602783203125
0,0.06012755632400513,0.9942920207977295,0.9474782943725586,0.080108642578125,0.041534423828125
0,0.1901475191116333,0.9986383318901062,0.9921537041664124,0.22056070963541666,0.1578369140625
0,0.009252357296645641,0.8446654081344604,0.1495276689529419,0.004659016927083333,0.0
0,0.011447645723819733,0.8832359910011292,0.2490817755460739,0.009114583333333334,0.0
0,0.019506236538290977,0.9410068988800049,0.4638288915157318,0.023630777994791668,0.0
0,0.05060596764087677,0.9681411385536194,0.8868072032928467,0.055379231770833336,0.0
0,0.008080401457846165,0.8714748620986938,0.1980641782283783,0.006062825520833333,0.0
0,0.12142172455787659,0.9855521321296692,0.9537916779518127,0.17436726888020834,0.189788818359375
0,0.001038398826494813,0.20339089632034302,0.027063094079494476,0.0,0.0
0,6.633651082665892e-06,0.0009811719646677375,0.00010470111737959087,0.0,0.0
0,0.01608043909072876,0.925094723701477,0.5642149448394775,0.021250406901041668,0.0
0,0.011894971132278442,0.7636600732803345,0.3164653778076172,0.01251220703125,0.0
0,0.1761617809534073,0.9978925585746765,0.9734434485435486,0.215576171875,0.19639078776041666
0,0.057634707540273666,0.994551956653595,0.9111796617507935,0.06736246744791667,0.0
0,0.07766330987215042,0.999276340007782,0.9956346154212952,0.08440144856770833,0.08144124348958333
0,0.007040439639240503,0.8724561333656311,0.20624423027038574,0.00860595703125,0.0
0,0.00016293860971927643,0.08525123447179794,0.002234362531453371,0.0,0.0
0,0.024199331179261208,0.9974191188812256,0.9019206762313843,0.030131022135416668,0.0
0,0.00015095194976311177,0.06187598779797554,0.00457386439666152,0.0,0.0
0,0.00010369523806730285,0.015483987517654896,0.002491967985406518,0.0,0.0
0,0.38542696833610535,0.9992985725402832,0.998095691204071,0.4309590657552083,0.5070902506510416
0,0.25196772813796997,0.9987887740135193,0.994899570941925,0.28570556640625,0.3093668619791667
0,0.043569955974817276,0.9416541457176208,0.7577890157699585,0.0638427734375,0.0
0,0.21277248859405518,0.9987404942512512,0.9899476170539856,0.2799580891927083,0.061604817708333336
0,0.0066374228335917,0.9248236417770386,0.24508504569530487,0.00897216796875,0.0
0,0.07867934554815292,0.9991638660430908,0.9884026646614075,0.09294637044270833,0.051890055338541664
0,0.0614326186478138,0.984752357006073,0.9481545686721802,0.07744344075520833,0.043009440104166664
0,0.16182847321033478,0.9973989725112915,0.983020007610321,0.20906575520833334,0.049062093098958336
0,0.005844637751579285,0.4066263437271118,0.12819735705852509,0.001373291015625,0.0
0,0.03958906605839729,0.9871788024902344,0.9319595694541931,0.044891357421875,0.0
0,0.06954818218946457,0.995226263999939,0.95413738489151,0.08821614583333333,0.028961181640625
0,0.06271065771579742,0.9970536231994629,0.9557315707206726,0.07847086588541667,0.0
0,0.2035500854253769,0.9971771240234375,0.9881295561790466,0.24640909830729166,0.20171101888020834
0,0.006826435681432486,0.6148566007614136,0.0896090492606163,0.00091552734375,0.0
0,0.11648144572973251,0.9980429410934448,0.9793145656585693,0.149444580078125,0.14388020833333334
0,0.014328565448522568,0.914290726184845,0.4981112480163574,0.02020263671875,0.0
0,0.0009347923914901912,0.1424703449010849,0.01851104572415352,0.0,0.0
0,0.12386756390333176,0.9893474578857422,0.9457011222839355,0.16011555989583334,0.10056559244791667
0,0.030188096687197685,0.9708540439605713,0.6370239853858948,0.041941324869791664,0.0
0,0.03828262910246849,0.9539660811424255,0.7267137169837952,0.048065185546875,0.0
0,0.14611074328422546,0.9967268705368042,0.986415684223175,0.17030843098958334,0.16832478841145834
0,0.0006609374540857971,0.19072403013706207,0.015013019554316998,0.0,0.0
0,0.003968134988099337,0.5940214991569519,0.11595471948385239,0.0022379557291666665,0.0
0,0.0034562235232442617,0.7077078223228455,0.07599110901355743,0.002166748046875,0.0
0,0.0005685928626917303,0.05042406916618347,0.011777843348681927,0.0,0.0
0,7.77120567363454e-06,0.0006986756343394518,9.685608529252931e-05,0.0,0.0
0,0.0011477033840492368,0.3205021917819977,0.028326701372861862,4.0690104166666664e-05,0.0
0,0.19848380982875824,0.9962782263755798,0.9778822064399719,0.2645772298177083,0.09122721354166667
0,0.2998380959033966,0.9989225268363953,0.9956005811691284,0.356231689453125,0.3968912760416667
0,0.20071470737457275,0.9989797472953796,0.9902161359786987,0.22428385416666666,0.21303304036458334
0,0.0037439297884702682,0.791176438331604,0.10194116830825806,0.0029398600260416665,0.0
0,0.00013725108874496073,0.047074176371097565,0.003469890682026744,0.0,0.0
0,0.18558849394321442,0.9972744584083557,0.9918437600135803,0.20289103190104166,0.19816080729166666
0,0.09315947443246841,0.9915215969085693,0.9619649052619934,0.11408487955729167,0.035441080729166664
0,0.005533078219741583,0.9280183911323547,0.13846179842948914,0.00689697265625,0.0
0,0.011984005570411682,0.9937345385551453,0.5200920104980469,0.015482584635416666,0.0
0,6.0057122027501464e-05,0.005842605140060186,0.0009110511746257544,0.0,0.0
0,0.03041260689496994,0.9603611826896667,0.7625956535339355,0.040191650390625,0.0
0,0.1556379199028015,0.999783456325531,0.9980581402778625,0.17069498697916666,0.19804890950520834
0,0.0896451398730278,0.9925393462181091,0.9618934392929077,0.10780843098958333,0.09412638346354167
0,0.04822428151965141,0.991455614566803,0.9537942409515381,0.0584716796875,0.0
0,0.005758650600910187,0.5967268943786621,0.09534946829080582,0.0008544921875,0.0
0,0.1301341950893402,0.9981178045272827,0.9934101700782776,0.1529541015625,0.142425537109375
0,0.025046123191714287,0.9563905000686646,0.5040423274040222,0.02374267578125,0.0
0,0.029919331893324852,0.9571177959442139,0.8042476177215576,0.043904622395833336,0.0
0,0.01788494922220707,0.982624351978302,0.8708105683326721,0.021504720052083332,0.0
0,0.008219488896429539,0.9349913001060486,0.2729925513267517,0.010121663411458334,0.0
0,0.04971614107489586,0.9634374976158142,0.7291226983070374,0.055684407552083336,0.0
0,0.00572522496804595,0.8842393159866333,0.11200431734323502,0.007548014322916667,0.0
0,0.1370040774345398,0.9959456324577332,0.9758545756340027,0.176116943359375,0.0196533203125
0,0.013022691942751408,0.9912885427474976,0.8885655403137207,0.014180501302083334,0.0
0,0.011694878339767456,0.8820220232009888,0.35733649134635925,0.014404296875,0.0
0,0.004472251050174236,0.791015088558197,0.08787175267934799,0.0031534830729166665,0.0
0,0.047390010207891464,0.972151517868042,0.7956532835960388,0.060801188151041664,0.0
0,0.010922220535576344,0.9492005109786987,0.3527589738368988,0.01214599609375,0.0
0,0.001090800971724093,0.2995148301124573,0.024655448272824287,0.0001220703125,0.0
0,0.004031110089272261,0.8574102520942688,0.0777890533208847,0.002838134765625,0.0
0,0.027796203270554543,0.9515040516853333,0.7547125816345215,0.039520263671875,0.0
0,0.0013323472812771797,0.9596109390258789,0.011029470711946487,0.001312255859375,0.0
0,0.00019684089056681842,0.06853749603033066,0.0034966026432812214,0.0,0.0
0,0.0004073640739079565,0.02382536791265011,0.0061450921930372715,0.0,0.0
0,0.024548323825001717,0.8616546392440796,0.38965916633605957,0.019561767578125,0.0
0,6.545465294038877e-05,0.011552670039236546,0.0015548132359981537,0.0,0.0
0,0.00015044100291561335,0.05023736134171486,0.0037503517232835293,0.0,0.0
0,0.0001754065160639584,0.054499875754117966,0.0029118387028574944,0.0,0.0
0,0.0074091521091759205,0.863391637802124,0.24689632654190063,0.009124755859375,0.0
0,0.047091275453567505,0.9862046241760254,0.9402433633804321,0.058339436848958336,0.0
0,3.170832133037038e-05,0.024423090741038322,0.0004858426400460303,0.0,0.0
0,0.04564521834254265,0.9625324606895447,0.8899064064025879,0.05706787109375,0.0
0,0.00019134720787405968,0.07343005388975143,0.004609572235494852,0.0,0.0
0,0.005060940980911255,0.6366919875144958,0.13028210401535034,0.002410888671875,0.0
0,0.027408985421061516,0.9830850958824158,0.8391996622085571,0.035064697265625,0.0
0,0.00025451171677559614,0.04031343758106232,0.006073228549212217,0.0,0.0
0,0.0008782302029430866,0.36263054609298706,0.014503578655421734,0.00011189778645833333,0.0
0,0.0012530266540125012,0.6364660859107971,0.017712298780679703,0.0008646647135416666,0.0
0,0.0025317328982055187,0.44242575764656067,0.06891249865293503,0.000885009765625,0.0
0,8.693205018062145e-06,0.0006263342220336199,9.83811987680383e-05,0.0,0.0
0,3.9137066778494045e-05,0.0037948342505842447,0.0006589401164092124,0.0,0.0
0,2.47042717091972e-05,0.00570803415030241,0.0003500686143524945,0.0,0.0
0,0.006784494966268539,0.5226894617080688,0.22490549087524414,0.006500244140625,0.0
0,0.00012790200707968324,0.2375759482383728,0.0013302016304805875,0.0,0.0
0,1.8949540390167385e-05,0.0016356753185391426,0.00019716942915692925,0.0,0.0
0,0.0017602998996153474,0.6264670491218567,0.02364298887550831,0.000762939453125,0.0
0,8.11703284853138e-05,0.01578456163406372,0.0015010068891569972,0.0,0.0
0,0.0006196212489157915,0.7685595154762268,0.008985428139567375,0.0002848307291666667,0.0
0,1.3071813555143308e-05,0.0019267346942797303,0.00013132113963365555,0.0,0.0
0,0.016833864152431488,0.9813107252120972,0.6785367727279663,0.021026611328125,0.0
0,0.10708805918693542,0.9958011507987976,0.976445734500885,0.13094075520833334,0.12367757161458333
0,0.0001970374578377232,0.0991208553314209,0.003663793671876192,0.0,0.0
0,0.06309061497449875,0.9975560903549194,0.9889278411865234,0.06981404622395833,0.063140869140625
0,0.054692357778549194,0.9921841025352478,0.9563905000686646,0.064422607421875,0.0
0,2.58362360909814e-05,0.003456409554928541,0.00046010586083866656,0.0,0.0
0,0.003889339743182063,0.9618217349052429,0.05632767453789711,0.005228678385416667,0.0
0,0.0002402376994723454,0.13364119827747345,0.006002897396683693,0.0,0.0
0,0.03348161652684212,0.961605966091156,0.6891947984695435,0.037892659505208336,0.0
0,0.03412347659468651,0.9407896995544434,0.6913838386535645,0.044047037760416664,0.0
0,5.2405207497940864e-06,0.00033930179779417813,6.814872176619247e-05,0.0,0.0
0,0.0031638473737984896,0.5366164445877075,0.050051309168338776,0.000823974609375,0.0
0,0.04792773723602295,0.9718859195709229,0.7558172941207886,0.049530029296875,0.0
0,0.00018956384155899286,0.26076579093933105,0.0016293087974190712,0.0,0.0
0,3.604120502131991e-05,0.00677120964974165,0.0007466114475391805,0.0,0.0
0,3.2872678730200278e-06,0.0035518845543265343,2.2827996872365475e-05,0.0,0.0
0,0.008982530795037746,0.8039445281028748,0.21157968044281006,0.007832845052083334,0.0
0,0.008246179670095444,0.6633418798446655,0.22337199747562408,0.007548014322916667,0.0
0,0.015383269637823105,0.9788343906402588,0.6968781352043152,0.019449869791666668,0.0
0,3.475693347354536e-06,0.0008199321455322206,4.469407576834783e-05,0.0,0.0
0,0.0063193850219249725,0.851706326007843,0.1102793738245964,0.004506429036458333,0.0
0,0.00015669451386202127,0.08756383508443832,0.0018315102206543088,0.0,0.0
0,0.0027156686410307884,0.7181004285812378,0.0645354837179184,0.0028177897135416665,0.0
0,0.0009671648149378598,0.22000709176063538,0.028165871277451515,0.0,0.0
0,0.017777452245354652,0.9791954755783081,0.6405166983604431,0.023091634114583332,0.0
0,0.007304664235562086,0.9934101700782776,0.06119922548532486,0.008036295572916666,0.0
0,0.0023756574373692274,0.4736572504043579,0.05070536583662033,0.0007120768229166666,0.0
0,0.03670039400458336,0.994594156742096,0.9246877431869507,0.043711344401041664,0.0
0,0.14255258440971375,0.9933589100837708,0.9740919470787048,0.17674763997395834,0.09195963541666667
0,0.00017565663438290358,0.11240508407354355,0.003692853031679988,0.0,0.0
0,3.5566346923587844e-05,0.012920473702251911,0.0004655269149225205,0.0,0.0
0,0.07114850729703903,0.9868786931037903,0.9460012316703796,0.089324951171875,0.053934733072916664
0,0.01376193668693304,0.9773275852203369,0.7379143238067627,0.017476399739583332,0.0
0,0.026933958753943443,0.9130584001541138,0.49874264001846313,0.029001871744791668,0.0
0,0.00033223125501535833,0.4345812499523163,0.0011604196624830365,0.00017293294270833334,0.0
0,0.0002900836116168648,0.26645269989967346,0.006241259165108204,0.0,0.0
0,0.0005881955148652196,0.11838509887456894,0.01406200509518385,0.0,0.0
0,0.010763470083475113,0.9735944867134094,0.4022124707698822,0.01458740234375,0.0
0,0.0003952233528252691,0.4665417969226837,0.0011158838169649243,0.0003662109375,0.0
0,0.024500662460923195,0.9587699174880981,0.6426433324813843,0.03118896484375,0.0
0,0.0002487958699930459,0.07850097864866257,0.004943689331412315,0.0,0.0
0,0.04494788870215416,0.9800149202346802,0.9161096215248108,0.056833902994791664,0.0
0,0.02227672003209591,0.8766343593597412,0.5063958764076233,0.027170817057291668,0.0
0,0.00015811953926458955,0.03796369582414627,0.0030750110745429993,0.0,0.0
0,0.0026199419517070055,0.3677242696285248,0.06548520922660828,0.000396728515625,0.0
0,3.616695539676584e-05,0.01621503010392189,0.0007554056355729699,0.0,0.0
0,0.17234180867671967,0.9923933744430542,0.972044050693512,0.21339925130208334,0.09516398111979167
0,0.00013004725042264909,0.1489114910364151,0.001957016997039318,0.0,0.0
0,0.0006049025687389076,0.14511536061763763,0.009974921122193336,0.0,0.0
0,5.965905074845068e-06,0.0005233756965026259,7.843789353501052e-05,0.0,0.0
0,1.1860479389724787e-05,0.004520817659795284,0.00019563532259780914,0.0,0.0
0,0.0008377775666303933,0.48174330592155457,0.012431650422513485,0.0006205240885416666,0.0
0,0.1489967256784439,0.9936610460281372,0.977022647857666,0.17620849609375,0.15641276041666666
0,0.00021005833696108311,0.09929540008306503,0.004451041109859943,0.0,0.0
0,0.025817645713686943,0.969956636428833,0.7140302062034607,0.032450358072916664,0.0
0,7.900787750259042e-06,0.00130450667347759,0.00011864025145769119,0.0,0.0
0,0.2836377024650574,0.998279333114624,0.9906237721443176,0.356201171875,0.296142578125
0,0.05221782252192497,0.9261703491210938,0.6852126717567444,0.061757405598958336,0.0
0,0.01335320994257927,0.920647144317627,0.3071439266204834,0.011922200520833334,0.0
0,0.00027508693165145814,0.11260011047124863,0.007374365348368883,0.0,0.0
0,0.0029049816075712442,0.5735589861869812,0.07107366621494293,0.0017598470052083333,0.0
0,5.016112118028104e-05,0.014672034420073032,0.0007379196467809379,0.0,0.0
0,0.001481369137763977,0.7350714802742004,0.028326701372861862,0.001312255859375,0.0
0,0.01642592065036297,0.8946054577827454,0.37124377489089966,0.014862060546875,0.0
0,0.00013754460087511688,0.019419347867369652,0.0034030056558549404,0.0,0.0
0,0.00045059589319862425,0.12667709589004517,0.008813166990876198,0.0,0.0
0,0.00013103561650495976,0.06359857320785522,0.003260345896705985,0.0,0.0
0,0.034034933894872665,0.9922744631767273,0.8762113451957703,0.04425048828125,0.0
0,0.046621695160865784,0.9939730763435364,0.9664085507392883,0.059193929036458336,0.0
0,0.03369870409369469,0.9184802770614624,0.7093061804771423,0.044342041015625,0.0
0,6.850156205473468e-05,0.007755536586046219,0.0022606407292187214,0.0,0.0
0,0.0018722385866567492,0.44034892320632935,0.05480259656906128,0.00020345052083333334,0.0
0,0.047582272440195084,0.9714016318321228,0.8397339582443237,0.06720987955729167,0.0
0,0.0012276802444830537,0.32960745692253113,0.0333368256688118,0.00011189778645833333,0.0
0,0.02189253829419613,0.9657061100006104,0.7833162546157837,0.030192057291666668,0.0
0,0.017419541254639626,0.934035062789917,0.432951420545578,0.016652425130208332,0.0
0,0.013557766564190388,0.998504638671875,0.6808371543884277,0.015380859375,0.0
0,1.2886236618214753e-05,0.003209961112588644,0.000277966057183221,0.0,0.0
0,0.0707988440990448,0.983020007610321,0.9014011025428772,0.09013875325520833,0.0
0,0.005066622514277697,0.9303317666053772,0.08866234868764877,0.0029296875,0.0
0,0.03718559071421623,0.9979251623153687,0.9645224213600159,0.042755126953125,0.0
0,0.002404038328677416,0.8250265121459961,0.04646207019686699,0.0022074381510416665,0.0
0,0.22578223049640656,0.9991169571876526,0.9918753504753113,0.2663472493489583,0.17372639973958334
0,0.09331098198890686,0.9965435862541199,0.9761732220649719,0.10909016927083333,0.04656982421875
0,0.0037785146851092577,0.946793794631958,0.07004514336585999,0.0024515787760416665,0.0
0,0.06966987252235413,0.9926256537437439,0.9600604176521301,0.08788045247395833,0.0906982421875
0,0.09294138103723526,0.9984083771705627,0.9735944867134094,0.1092529296875,0.0
0,0.12195700407028198,0.9984632730484009,0.9809491038322449,0.14448038736979166,0.0
0,1.5786417861818336e-05,0.0032730652019381523,0.0001823546044761315,0.0,0.0
0,0.05296957120299339,0.9978258013725281,0.9576730132102966,0.061665852864583336,0.0
0,0.04863865301012993,0.9608049392700195,0.7624240517616272,0.05413818359375,0.0
0,0.009025259874761105,0.957912266254425,0.22712117433547974,0.008402506510416666,0.0
0,0.006630610208958387,0.7275885343551636,0.16224727034568787,0.004140218098958333,0.0
0,0.0016011599218472838,0.4645068347454071,0.03601403534412384,0.0004170735677083333,0.0
0,0.13203604519367218,0.9918437600135803,0.9633665084838867,0.16463216145833334,0.0
0,0.08884803205728531,0.9943140745162964,0.957833468914032,0.10956827799479167,0.0
0,0.048027604818344116,0.9956346154212952,0.9576730132102966,0.052032470703125,0.0
0,0.29136013984680176,0.9970536231994629,0.9874235987663269,0.3627522786458333,0.20482381184895834
0,0.0955110713839531,0.9989556074142456,0.9898695349693298,0.108154296875,0.0
0,0.0014055888168513775,0.9076402187347412,0.0071214293129742146,0.001556396484375,0.0
0,0.1114405021071434,0.9958011507987976,0.9803937673568726,0.12602742513020834,0.08420817057291667
0,0.26495206356048584,0.9996724128723145,0.9974787831306458,0.289764404296875,0.271270751953125
0,1.0101615771418437e-05,0.0004459562187548727,8.22018992039375e-05,0.0,0.0
0,0.009982296265661716,0.968678891658783,0.42238548398017883,0.013041178385416666,0.0
0,0.00023095640062820166,0.22988080978393555,0.0018821860430762172,0.0,0.0
0,0.1817723512649536,0.9999384880065918,0.9991440773010254,0.2042236328125,0.031178792317708332
0,0.025347555056214333,0.9966102242469788,0.8480860590934753,0.029866536458333332,0.0
0,0.02666367217898369,0.9669140577316284,0.6822572946548462,0.02696,0.0
0,0.25557711720466614,0.9934101700782776,0.9684410095214844,0.3573653333333333,0.15424533333333335
0,0.013961131684482098,0.9965569972991943,0.4015728235244751,0.013402666666666667,0.0
0,0.003537214593961835,0.9415467381477356,0.021574480459094048,0.00416,0.0
0,0.0514720119535923,0.9929336309432983,0.9474782943725586,0.055074055989583336,0.0
0,0.0436030738055706,0.9334307909011841,0.77167147397995,0.052042643229166664,0.0
0,0.0065849716775119305,0.9996993541717529,0.11417480558156967,0.007952473958333333,0.0
0,0.007189062424004078,0.9934865236282349,0.130841925740242,0.007441666666666667,0.0
0,0.321884423494339,0.9998103976249695,0.9973061084747314,0.36263667992047716,0.33088220675944335
0,0.011328605003654957,0.9326989054679871,0.24981309473514557,0.008829166666666667,0.0
0,0.015346580184996128,0.9502266049385071,0.3174273371696472,0.0125125,0.0
0,0.21320845186710358,0.9981827735900879,0.9846346974372864,0.25473138281739693,0.19655458276886992
0,0.005206618923693895,0.9674102663993835,0.0799255296587944,0.004013331158086093,0.0
0,0.1061338260769844,0.9980353713035583,0.9621075391769409,0.12321092278719398,0.0
0,0.023249568417668343,0.9955142140388489,0.6590793132781982,0.021911623439000962,0.0
0,0.01021263562142849,0.8734309077262878,0.21185022592544556,0.007383203018633057,0.0
0,0.2017178237438202,0.9987792372703552,0.991355836391449,0.2371685393258427,0.0803876404494382
0,0.33628928661346436,0.9992357492446899,0.9955834746360779,0.3932011331444759,0.3410821529745042
0,0.05889075994491577,0.9974290728569031,0.9132132530212402,0.06768571428571428,0.0
0,0.12866735458374023,0.9987599849700928,0.9890553951263428,0.1535240464344942,0.058764510779436153
0,0.0007591256289742887,0.3260568082332611,0.016850078478455544,2.2461814914645103e-05,0.0
0,0.0019941418431699276,0.959307074546814,0.012771868146955967,0.002117486338797814,0.0
0,0.2049800604581833,0.9985895752906799,0.9915215969085693,0.24748447204968943,0.0830175983436853
0,0.759878396987915,0.9997175335884094,0.9964619278907776,0.8977504105090311,1.0
0,0.13925614953041077,0.9975080490112305,0.9725198149681091,0.1377175697865353,0.07446633825944171
0,0.10569712519645691,0.9912885427474976,0.9499486684799194,0.12170388751033913,0.03858147229114971
0,0.4071176052093506,0.9992387294769287,0.9906600117683411,0.493733498349835,0.5365800330033004
0,0.21789540350437164,0.9985334873199463,0.9887558221817017,0.26697942386831275,0.16279012345679011
0,0.21822141110897064,0.9994683861732483,0.9901019334793091,0.2442014742014742,0.21992219492219492
0,0.02272927202284336,0.9980657696723938,0.772731363773346,0.02370947142915997,0.0
0,0.409763902425766,0.9991507530212402,0.9959456324577332,0.4959295738735684,0.6041316730936553
0,0.015185932628810406,0.9620362520217896,0.41876405477523804,0.015674023585415992,0.0
0,0.038942817598581314,0.9996646642684937,0.9381240010261536,0.045414583333333335,0.0072208333333333334
0,0.13559496402740479,0.9950370192527771,0.9325762391090393,0.17180883242589232,0.0
0,0.01745321787893772,0.9996155500411987,0.6465293765068054,0.018505249876075887,0.0
0,0.034503571689128876,0.9889278411865234,0.8301814794540405,0.039126838235294115,0.0
0,0.028630850836634636,0.9781771898269653,0.8193172216415405,0.031369257950530034,0.0
0,0.017771093174815178,0.9776285290718079,0.724090576171875,0.021247113163972285,0.0
0,0.5388480424880981,0.9987106323242188,0.9942025542259216,0.6265877349272947,0.714010383738529
0,0.0004008417308796197,0.2820972800254822,0.00651349825784564,1.0244432151125862e-05,0.0
0,0.06678879261016846,0.9993687272071838,0.972727358341217,0.08100003971563605,0.025026524371216375
0,0.0006285117706283927,0.46898823976516724,0.013171949423849583,0.00010172526041666667,0.0
0,0.07053297013044357,0.9795897603034973,0.8664718866348267,0.08458455403645833,0.0
0,0.3217904269695282,0.9964619278907776,0.9828232526779175,0.4088134765625,0.20416259765625
0,0.5026533007621765,0.9984083771705627,0.9923933744430542,0.6103719075520834,0.9180704752604166
0,0.06047213077545166,0.985496461391449,0.8682659268379211,0.06992594401041667,0.0
0,0.3859374225139618,0.9991440773010254,0.9947595000267029,0.4572855631510417,0.4594217936197917
0,0.5314474105834961,0.9989877343177795,0.9957848191261292,0.6016642252604166,0.6483866373697916
0,0.028398385271430016,0.9867772459983826,0.7565320730209351,0.035929361979166664,0.0
0,0.32438886165618896,0.9993255138397217,0.9919067621231079,0.4106953938802083,0.4736124674479167
0,0.08397572487592697,0.9965837001800537,0.9811668992042542,0.097412109375,0.0
0,0.1462026983499527,0.996321439743042,0.9824230670928955,0.17683919270833334,0.0
0,0.1832655668258667,0.9992021918296814,0.9925393462181091,0.21954345703125,0.1162109375
0,0.13394665718078613,0.9999339580535889,0.9967520236968994,0.1527099609375,0.15291341145833334
0,0.04186822846531868,0.9590777158737183,0.8216087818145752,0.052357991536458336,0.0
0,0.0847688838839531,0.9972099661827087,0.9688562154769897,0.09796142578125,0.0491943359375
0,0.015909453853964806,0.9184802770614624,0.4384755790233612,0.017842610677083332,0.0
0,0.1776169091463089,0.994401752948761,0.9732915163040161,0.21531168619791666,0.0
0,0.02398408204317093,0.9922444224357605,0.898938775062561,0.027842203776041668,0.0
0,0.676115095615387,0.999140739440918,0.9960237741470337,0.7467447916666666,0.7533162434895834
0,0.21028345823287964,0.9935117363929749,0.9813096523284912,0.2616170247395833,0.05438232421875
0,0.004439441487193108,0.9459012746810913,0.07223907113075256,0.0035909016927083335,0.0
0,0.015104847960174084,0.9443824291229248,0.4995986223220825,0.015096028645833334,0.0
0,0.2716212272644043,0.9976949095726013,0.985042929649353,0.326446533203125,0.3488057454427083
0,0.24821901321411133,0.9968396425247192,0.9874235987663269,0.295013427734375,0.2692057291666667
0,0.0018506577471271157,0.9260365962982178,0.03221501410007477,0.000701904296875,0.0
0,0.031472451984882355,0.9961155652999878,0.9199046492576599,0.0341796875,0.0
0,0.42377734184265137,0.9995986819267273,0.9972099661827087,0.4773457845052083,0.4108479817708333
0,0.2547051012516022,0.9987157583236694,0.9914886951446533,0.296844482421875,0.17873128255208334
0,0.05229721590876579,0.9844563603401184,0.7273920178413391,0.054880777994791664,0.0
0,0.08330058306455612,0.9818405508995056,0.8764230012893677,0.10483805338541667,0.0
0,0.31878599524497986,0.9976949095726013,0.9874235987663269,0.4115091959635417,0.2506917317708333
0,0.13648279011249542,0.9977038502693176,0.9780504703521729,0.17042032877604166,0.0
0,0.08442068099975586,0.9935867786407471,0.948055624961853,0.09797159830729167,0.0
0,0.16468991339206696,0.9949396848678589,0.9838472008705139,0.19255574544270834,0.050862630208333336
0,0.22383539378643036,0.9968149065971375,0.9866732954978943,0.2745768229166667,0.193328857421875
0,0.0696522518992424,0.9923341274261475,0.9299471974372864,0.08447265625,0.0
0,0.02169789932668209,0.9783847332000732,0.7856327295303345,0.026957194010416668,0.0
0,0.24090278148651123,0.9991735816001892,0.9946352243423462,0.2726949055989583,0.21086629231770834
0,0.10987037420272827,0.9974983334541321,0.9876148104667664,0.12738037109375,0.062103271484375
0,0.1632203906774521,0.9927951693534851,0.9736446738243103,0.205047607421875,0.026611328125
0,0.247125044465065,0.9984330534934998,0.9874706864356995,0.2957255045572917,0.2512715657552083
0,0.04304333031177521,0.9755303859710693,0.7884203195571899,0.046183268229166664,0.0
0,0.007727579679340124,0.9567959308624268,0.14940723776817322,0.005442301432291667,0.0
0,0.09426353126764297,0.9942474365234375,0.9458982944488525,0.11092122395833333,0.0
0,0.04165445268154144,0.9788343906402588,0.8597744107246399,0.055674235026041664,0.0
0,0.10839252918958664,0.9937345385551453,0.963230550289154,0.13396199544270834,0.05859375
0,0.023286914452910423,0.95413738489151,0.5928380489349365,0.023813883463541668,0.0
0,0.41795215010643005,0.9956346154212952,0.987616240978241,0.512725830078125,0.6033223470052084
0,0.0766255259513855,0.9981541037559509,0.9749631881713867,0.08472696940104167,0.0
0,0.003660018788650632,0.5255209803581238,0.0696682259440422,0.0006510416666666666,0.0
0,0.15222488343715668,0.9970190525054932,0.9785903096199036,0.18915812174479166,0.0
0,0.1947886347770691,0.9987356066703796,0.9893474578857422,0.23792521158854166,0.13010660807291666
0,0.14936907589435577,0.9930961728096008,0.9712929129600525,0.189697265625,0.0
0,0.23325757682323456,0.9981968998908997,0.9898695349693298,0.2797139485677083,0.16743977864583334
0,0.0786471962928772,0.9855521321296692,0.8624675869941711,0.10045369466145833,0.0
0,0.021570533514022827,0.957912266254425,0.4111540615558624,0.018686930338541668,0.0
0,0.01323164626955986,0.9377830028533936,0.33676713705062866,0.013763427734375,0.0
0,0.33270689845085144,0.9982725381851196,0.9898695349693298,0.4131876627604167,0.3895060221354167
0,1.1453085789980832e-05,0.003039649687707424,0.00017400544311385602,0.0,0.0
0,0.15161927044391632,0.9983385801315308,0.9765353798866272,0.19581095377604166,0.0
0,0.04500068724155426,0.9886682629585266,0.9130584001541138,0.053812662760416664,0.0
0,0.18923218548297882,0.9937587976455688,0.9717254042625427,0.23890177408854166,0.22858683268229166
0,0.003154935548081994,0.727685272693634,0.07302842289209366,0.0014444986979166667,0.0
0,1.1648930922092404e-05,0.000682501879055053,8.092757343547419e-05,0.0,0.0
0,0.09579148143529892,0.9959613680839539,0.9771973490715027,0.1158447265625,0.0
0,0.03297780826687813,0.9858821630477905,0.8535469174385071,0.037384033203125,0.0
0,0.10412442684173584,0.9810219407081604,0.9312127232551575,0.13203938802083334,0.0
0,0.22044217586517334,0.9990187883377075,0.9897513389587402,0.257598876953125,0.23838297526041666
0,0.0466839037835598,0.9947391152381897,0.9233161807060242,0.053843180338541664,0.0
0,0.1070062518119812,0.9984752535820007,0.9903663396835327,0.12406412760416667,0.047454833984375
0,0.024987248703837395,0.9629528522491455,0.6011077761650085,0.030324300130208332,0.0
0,0.2484980821609497,0.9982385635375977,0.9914886951446533,0.299560546875,0.256561279296875
0,0.5181655883789062,0.9989266991615295,0.9960391521453857,0.5886433919270834,0.5828857421875
0,0.0003102683986071497,0.16079242527484894,0.00648751575499773,0.0,0.0
0,0.16956216096878052,0.9958499670028687,0.9805060625076294,0.21229044596354166,0.0
0,0.05681693181395531,0.9888418912887573,0.9233161807060242,0.06644694010416667,0.0
0,0.49232789874076843,0.9992266893386841,0.9968884587287903,0.5764261881510416,0.6795247395833334
0,0.13911890983581543,0.9908034801483154,0.9601352214813232,0.17376708984375,0.0
0,0.059386659413576126,0.9958337545394897,0.9723097085952759,0.06757609049479167,0.0
0,0.19506706297397614,0.9964619278907776,0.9845753908157349,0.23494466145833334,0.17412312825520834
0,0.18033427000045776,0.9964203834533691,0.9717237949371338,0.23227945963541666,0.0272216796875
0,0.09916508197784424,0.9957684278488159,0.9743860960006714,0.11789957682291667,0.0
0,0.015664277598261833,0.9983124732971191,0.4084430932998657,0.015706380208333332,0.0
0,0.04598710313439369,0.9835969805717468,0.8282453417778015,0.053629557291666664,0.0
0,0.05421018600463867,0.9878996014595032,0.8728868961334229,0.061055501302083336,0.0
0,0.025327665731310844,0.9890975952148438,0.8871987462043762,0.028483072916666668,0.0
0,0.031213020905852318,0.9554024338722229,0.6110814809799194,0.036153157552083336,0.0
0,0.02924085408449173,0.9919067621231079,0.9322031736373901,0.034088134765625,0.0
0,0.19029200077056885,0.9978342652320862,0.9894282817840576,0.227569580078125,0.15159098307291666
0,0.09769889712333679,0.9989718198776245,0.9942025542259216,0.10862223307291667,0.034372965494791664
0,0.24334780871868134,0.9990527033805847,0.992061972618103,0.2910054524739583,0.2639872233072917
0,0.16028408706188202,0.9905508756637573,0.958690345287323,0.20995076497395834,0.0
0,0.0937521681189537,0.9913222789764404,0.837221086025238,0.11942545572916667,0.0
0,0.0248162392526865,0.990767776966095,0.8358858227729797,0.0286865234375,0.0
0,0.0005554454401135445,0.7145284414291382,0.0006538155139423907,0.0004374186197916667,0.0
0,0.09979593753814697,0.9946774244308472,0.9557340741157532,0.125579833984375,0.0
0,0.4593292772769928,0.9992985725402832,0.9966756105422974,0.5050150553385416,0.5370890299479166
0,0.011117011308670044,0.994401752948761,0.5816007256507874,0.012135823567708334,0.0
0,0.03146658465266228,0.9989012479782104,0.8687154054641724,0.038309733072916664,0.0
0,0.5014998316764832,0.9993588328361511,0.9966365098953247,0.5657958984375,0.59124755859375
0,0.003997653257101774,0.9343951344490051,0.07709553092718124,0.003875732421875,0.0
0,0.14675356447696686,0.9955315589904785,0.9774138927459717,0.17718505859375,0.0
0,0.028759656473994255,0.9938787817955017,0.8768422603607178,0.033640543619791664,0.0
0,0.00010131519957212731,0.02409944497048855,0.0023688743822276592,0.0,0.0
0,0.409958153963089,0.9997546076774597,0.9950177073478699,0.4805094401041667,0.5472310384114584
0,0.2435396909713745,0.9990490078926086,0.9925094246864319,0.2988382975260417,0.17560831705729166
0,0.20647728443145752,0.9910145401954651,0.9705764651298523,0.2703043619791667,0.12641398111979166
0,0.11741473525762558,0.997368335723877,0.973993182182312,0.14280192057291666,0.0496826171875
0,0.00019585694826673716,0.11899801343679428,0.0037800956051796675,0.0,0.0
0,0.030596762895584106,0.9981827735900879,0.9217811226844788,0.034250895182291664,0.0
0,0.00010550997831160203,0.034488528966903687,0.0031850608065724373,0.0,0.0
0,0.35443124175071716,0.9966495633125305,0.9857729077339172,0.4201761881510417,0.392608642578125
0,0.12415669113397598,0.9976310729980469,0.9892232418060303,0.13889567057291666,0.0804443359375
0,0.03112584352493286,0.9781354665756226,0.7585106492042542,0.038553873697916664,0.0
0,0.114650197327137,0.9953363537788391,0.9762653708457947,0.1405029296875,0.0
0,0.17704129219055176,0.9961305856704712,0.980205237865448,0.23114013671875,0.092437744140625
0,5.3904426749795675e-05,0.01815951243042946,0.0008968345355242491,0.0,0.0
0,0.04751509800553322,0.9962345957756042,0.9733392000198364,0.05645751953125,0.0
0,0.011102807708084583,0.9719393253326416,0.3079602122306824,0.011067708333333334,0.0
0,0.000254048005444929,0.15495054423809052,0.0025809044018387794,0.0,0.0
0,0.0002152386587113142,0.04099902883172035,0.004314185585826635,0.0,0.0
0,0.000634190218988806,0.8006919622421265,0.0040543340146541595,0.0006815592447916666,0.0
0,0.19005852937698364,0.9953904151916504,0.9753900170326233,0.240325927734375,0.17601521809895834
0,6.96254865033552e-05,0.011777843348681927,0.0011879054363816977,0.0,0.0
0,0.007275277748703957,0.9599125981330872,0.1495165079832077,0.007914225260416666,0.0
0,0.28711798787117004,0.9993201494216919,0.9971216320991516,0.321197509765625,0.3232320149739583
0,0.07154886424541473,0.9816655516624451,0.9090983867645264,0.09004720052083333,0.0
0,0.010698314756155014,0.9534487724304199,0.32433921098709106,0.011332194010416666,0.0
0,3.763992208405398e-05,0.0028783478774130344,0.0003951153776142746,0.0,0.0
0,0.21307508647441864,0.9958337545394897,0.9682013392448425,0.2815348307291667,0.046620686848958336
0,0.17715837061405182,0.9947391152381897,0.980205237865448,0.21775309244791666,0.08162434895833333
0,9.488561045145616e-05,0.021739594638347626,0.0016103574307635427,0.0,0.0
0,0.19276423752307892,0.9956685304641724,0.9682595729827881,0.2652689615885417,0.0
0,9.711789061839227e-06,0.0017614696407690644,0.000159678646014072,0.0,0.0
0,0.05787598714232445,0.9932550191879272,0.957912266254425,0.07203165690104167,0.0
0,0.04957727715373039,0.9856629967689514,0.918475866317749,0.062418619791666664,0.0
0,0.0012399047845974565,0.4305064380168915,0.027066174894571304,0.0003662109375,0.0
0,0.00895719788968563,0.954308032989502,0.2540460526943207,0.009623209635416666,0.0
0,0.11033179610967636,0.9888850450515747,0.9485372304916382,0.134918212890625,0.0
0,0.11959842592477798,0.9883127808570862,0.9588471055030823,0.15260823567708334,0.0
0,0.446370393037796,0.9992591738700867,0.9964756369590759,0.5067545572916666,0.4418741861979167
0,0.10704313963651657,0.995566189289093,0.9824230670928955,0.13151041666666666,0.0
0,0.12671659886837006,0.9983256459236145,0.9796676635742188,0.15210978190104166,0.0
0,0.008988024666905403,0.907967209815979,0.2068844586610794,0.0072021484375,0.0
0,0.0006587461684830487,0.7650671601295471,0.00402244133874774,0.000823974609375,0.0
0,0.08147034794092178,0.9977481961250305,0.9814178347587585,0.09503173828125,0.0
0,0.15914791822433472,0.9934611320495605,0.9790757894515991,0.19109090169270834,0.1392822265625
0,0.13088922202587128,0.9959613680839539,0.9813822507858276,0.15697224934895834,0.0
0,0.0009030685760080814,0.5136303901672363,0.016089022159576416,0.0004475911458333333,0.0
0,0.0006688485736958683,0.4443236291408539,0.008812145330011845,0.0003255208333333333,0.0
0,0.020058415830135345,0.9685600996017456,0.7695949673652649,0.021097819010416668,0.0
0,0.018475977703928947,0.9601374864578247,0.6788594126701355,0.023874918619791668,0.0
0,0.014821375720202923,0.9881309270858765,0.6160683035850525,0.014414469401041666,0.0
0,8.815241017146036e-05,0.04401864856481552,0.0017614696407690644,0.0,0.0
0,0.07595796138048172,0.9970421195030212,0.9713457226753235,0.09002685546875,0.059814453125
0,0.43682751059532166,0.9989956021308899,0.9967142343521118,0.496734619140625,0.4747517903645833
0,0.10844096541404724,0.9970421195030212,0.9858258962631226,0.12534586588541666,0.07996622721354167
0,0.11823584884405136,0.9933330416679382,0.9701269268989563,0.14934285481770834,0.0
0,4.8046299525594804e-06,0.0015854305820539594,5.605828482657671e-05,0.0,0.0
0,0.11231017112731934,0.9975080490112305,0.9708507061004639,0.141387939453125,0.0
0,0.05078406259417534,0.9973374009132385,0.9715099930763245,0.056935628255208336,0.0
0,0.008063712157309055,0.9356999397277832,0.15026311576366425,0.006459554036458333,0.0
0,0.1840086579322815,0.9978342652320862,0.9896317720413208,0.21778361002604166,0.0
0,0.001703977701254189,0.33144426345825195,0.032466813921928406,0.00016276041666666666,0.0
0,0.1608719825744629,0.9980807304382324,0.9830850958824158,0.19538370768229166,0.0
0,0.08306127041578293,0.9997153878211975,0.9904775619506836,0.09461466471354167,0.050994873046875
0,0.10560432821512222,0.9928786158561707,0.9504110217094421,0.1326904296875,0.0
0,0.02284400351345539,0.9444848895072937,0.6186041831970215,0.027628580729166668,0.0
0,0.11446132510900497,0.9954082369804382,0.9653158187866211,0.13709513346354166,0.0
0,0.5069119334220886,0.9986749291419983,0.9953181147575378,0.595123291015625,0.8182881673177084
0,0.0003336067602504045,0.050517670810222626,0.005179712548851967,0.0,0.0
0,0.12737436592578888,0.9901401400566101,0.969613254070282,0.16233317057291666,0.0
0,0.00043232846655882895,0.07068780064582825,0.013322077691555023,0.0,0.0
0,0.012809157371520996,0.8984104990959167,0.3380771279335022,0.014088948567708334,0.0
0,0.002756911562755704,0.5260992646217346,0.05964693799614906,0.0002950032552083333,0.0
0,0.035340163856744766,0.9935867786407471,0.8470768332481384,0.040252685546875,0.0
0,0.09458526968955994,0.9979332685470581,0.9845736026763916,0.1094970703125,0.0
0,9.290096204495057e-05,0.03649376332759857,0.0015976589638739824,0.0,0.0
0,0.0006708623841404915,0.295738160610199,0.006538064684718847,8.138020833333333e-05,0.0
0,0.28087761998176575,0.9978760480880737,0.9920302629470825,0.3375956217447917,0.23081461588541666
0,7.670894410694018e-05,0.005774929653853178,0.0011972112115472555,0.0,0.0
0,0.2702575922012329,0.9986435770988464,0.9928508996963501,0.3168233235677083,0.18268839518229166
0,0.03256328031420708,0.9754835963249207,0.7165043354034424,0.039326985677083336,0.0
0,0.17084115743637085,0.9994745850563049,0.9959456324577332,0.19623819986979166,0.122772216796875
0,0.06816596537828445,0.9975370168685913,0.9810945987701416,0.07670084635416667,0.0
0,0.0036962584126740694,0.9791157841682434,0.035010647028684616,0.004557291666666667,0.0
0,0.14728981256484985,0.998835027217865,0.9853842854499817,0.17136637369791666,0.0645751953125
0,0.03138278052210808,0.9728307723999023,0.7905303239822388,0.03948974609375,0.0
0,0.0010678088292479515,0.42316004633903503,0.029367852956056595,0.0004069010416666667,0.0
0,0.012369435280561447,0.9296960830688477,0.44661450386047363,0.016011555989583332,0.0
0,0.0010424788342788815,0.08834723383188248,0.03384403511881828,0.0,0.0
0,0.00894076656550169,0.8786270022392273,0.2436370700597763,0.00909423828125,0.0
0,0.01383927185088396,0.9325762391090393,0.48779061436653137,0.01849365234375,0.0
0,0.006436292082071304,0.9913892149925232,0.14655324816703796,0.0068359375,0.0
0,0.6708753705024719,0.9994000196456909,0.997739315032959,0.7512613932291666,0.9493408203125
0,0.13869795203208923,0.9985841512680054,0.9922143816947937,0.17134602864583334,0.044830322265625
0,0.021649450063705444,0.997166097164154,0.8689112663269043,0.024546305338541668,0.0
0,0.010052976198494434,0.9893474578857422,0.4382724463939667,0.011067708333333334,0.0
0,0.004512167070060968,0.7339288592338562,0.13059782981872559,0.00408935546875,0.0
0,0.0003434907121118158,0.43236297369003296,0.0059110685251653194,8.138020833333333e-05,0.0
0,0.01239445898681879,0.9872773289680481,0.49089545011520386,0.015248616536458334,0.0
0,0.0005572772934101522,0.6211962699890137,0.00815624836832285,0.00023396809895833334,0.0
0,0.04680369421839714,0.9951514005661011,0.8916224837303162,0.061136881510416664,0.0
0,0.0016601835377514362,0.19605542719364166,0.03978557512164116,0.0,0.0
0,0.10583114624023438,0.9749168753623962,0.9199306964874268,0.14684041341145834,0.0
0,0.0006001646397635341,0.04913078621029854,0.010368157178163528,0.0,0.0
0,0.03341425582766533,0.9885804057121277,0.8782098889350891,0.040079752604166664,0.0
0,0.06720644235610962,0.9975370168685913,0.9432430863380432,0.078277587890625,0.0
0,0.024770958349108696,0.9780097603797913,0.7440989017486572,0.031005859375,0.0
0,8.438865188509226e-05,0.06142404302954674,0.0012693643802776933,0.0,0.0
0,0.053613703697919846,0.9995469450950623,0.9893062710762024,0.060251871744791664,0.0
0,8.064060966717079e-05,0.023509452119469643,0.0017752605490386486,0.0,0.0
0,0.0012103031622245908,0.8083699941635132,0.012144368141889572,0.0011088053385416667,0.0
0,0.0014391605509445071,0.542742133140564,0.027690259739756584,0.0014750162760416667,0.0
0,0.013956465758383274,0.9740919470787048,0.598945140838623,0.017567952473958332,0.0
0,0.0013104286044836044,0.4405595064163208,0.02190636470913887,0.0002543131510416667,0.0
0,3.9794864278519526e-05,0.004591683857142925,0.0008426423300988972,0.0,0.0
0,0.00011443715629866347,0.0676698163151741,0.0020345794036984444,0.0,0.0
0,7.685288437642157e-05,0.0235992930829525,0.0015010068891569972,0.0,0.0
0,0.0009723221301101148,0.6884683966636658,0.007937993854284286,0.001190185546875,0.0
0,0.017230674624443054,0.9933846592903137,0.5747964382171631,0.017985026041666668,0.0
0,0.20234186947345734,0.9989596605300903,0.9839090704917908,0.2556497175141243,0.045934429357331386
0,0.29245615005493164,0.9996970891952515,0.997612714767456,0.3288185185185185,0.30693703703703706
0,0.1015603169798851,0.9971216320991516,0.894789457321167,0.13655855855855856,0.0
0,0.013106207363307476,0.9688562154769897,0.3457643985748291,0.013743082682291666,0.0
0,0.1548764705657959,0.9976125955581665,0.9833430051803589,0.17532544378698225,0.06148668639053254
0,0.18344876170158386,0.9995272159576416,0.9923043847084045,0.2215138067061144,0.08962031558185404
0,0.006176619790494442,0.993561863899231,0.11240508407354355,0.0050405594405594405,0.0
0,0.0012081096647307277,0.4628978967666626,0.021125193685293198,0.0003146853146853147,0.0
0,0.005053908098489046,0.9342753291130066,0.03601811081171036,0.006789044289044289,0.0
0,7.123539035092108e-06,0.0027683854568749666,9.685608529252931e-05,0.0,0.0
0,5.277345917420462e-05,0.15431228280067444,0.000458312890259549,0.0,0.0
0,0.0027317029889672995,0.9589241147041321,0.031919755041599274,0.003161737860533041,0.0
0,0.002384698484092951,0.8499711751937866,0.0360160693526268,0.0005829841501184186,0.0
0,0.0012506416533142328,0.5545307993888855,0.031321119517087936,0.0005558772437753329,0.0
0,0.058354344218969345,0.9986329674720764,0.9676556587219238,0.06342916666666666,0.011425
0,0.12809491157531738,0.9967523813247681,0.9750121831893921,0.15525886151725138,0.04280738671407321
0,0.008242231793701649,0.7452130317687988,0.12326005846261978,0.0002943615257048093,0.0
0,0.0068747373297810555,0.8640812635421753,0.16184942424297333,0.004423714759535655,0.0
0,5.0133650802308694e-05,0.36116471886634827,0.00013658353418577462,1.658374792703151e-05,0.0
0,0.025576487183570862,0.9982590079307556,0.9366336464881897,0.02996268656716418,0.02164179104477612
0,0.08511090278625488,0.9948803186416626,0.9716184735298157,0.10556384742951908,0.06255389718076285
0,0.021803123876452446,0.9751071333885193,0.8445372581481934,0.025219734660033168,0.0
0,0.00010307854972779751,0.08035747706890106,0.0009848932968452573,0.0,0.0
0,0.017620984464883804,0.9664738178253174,0.6145380139350891,0.02008056640625,0.0
0,0.0002894591598305851,0.24166834354400635,0.005426943302154541,0.0,0.0
0,0.015309368260204792,0.9610249400138855,0.4778335988521576,0.018107096354166668,0.0
0,3.7774083466501907e-05,0.004924510605633259,0.0007612368208356202,0.0,0.0
0,0.019185906276106834,0.7804952263832092,0.3466518819332123,0.017364501953125,0.0
0,0.00015213544247671962,0.6278371214866638,0.0007762392051517963,0.00016276041666666666,0.0
0,0.1635778546333313,0.9901401400566101,0.961243748664856,0.21230061848958334,0.0
0,0.0002127553307218477,0.3515336513519287,0.0030274817254394293,6.103515625e-05,0.0
0,0.003130381926894188,0.48087480664253235,0.07355906069278717,0.0008443196614583334,0.0
0,0.008323024027049541,0.9748690724372864,0.2658633291721344,0.009969075520833334,0.0
0,5.045353827881627e-05,0.030733928084373474,0.0008796061738394201,0.0,0.0
0,0.0003609632549341768,0.28527238965034485,0.006216355599462986,2.0345052083333332e-05,0.0
0,7.079541683197021e-05,0.037679389119148254,0.0012593516148626804,0.0,0.0
0,2.110883542627562e-05,0.017309095710515976,0.00033666222589090466,0.0,0.0
0,0.09372144937515259,0.9948603510856628,0.9312127232551575,0.126312255859375,0.0
0,0.06703110784292221,0.9952077269554138,0.9864141345024109,0.07392374674479167,0.0634765625
0,0.011773280799388885,0.9889705181121826,0.6050834655761719,0.013885498046875,0.0
0,0.036449674516916275,0.9941347241401672,0.948052704334259,0.041463216145833336,0.0
0,0.048328947275877,0.9834068417549133,0.87810218334198,0.055836995442708336,0.0
0,0.029555832967162132,0.9944234490394592,0.9049869179725647,0.035675048828125,0.0
0,0.014546212740242481,0.9814888834953308,0.6647514700889587,0.016143798828125,0.0
0,0.06809645146131516,0.9930693507194519,0.9712384939193726,0.079010009765625,0.028401692708333332
0,0.038565102964639664,0.9982038736343384,0.9803174734115601,0.047739664713541664,0.0
0,0.03566766902804375,0.9894702434539795,0.8692712783813477,0.041819254557291664,0.0
0,3.683172326418571e-05,0.028870904818177223,0.00028021098114550114,0.0,0.0
0,0.08059384673833847,0.9966625571250916,0.9806548357009888,0.09023030598958333,0.0428466796875
0,0.004535606596618891,0.9785082340240479,0.04115057736635208,0.003946940104166667,0.0
0,0.1672079712152481,0.9947799444198608,0.9719393253326416,0.20508829752604166,0.0
0,0.007515106350183487,0.528913676738739,0.09755706042051315,0.0008646647135416666,0.0
0,0.008094764314591885,0.8574102520942688,0.3176315426826477,0.012481689453125,0.0
0,0.0012558555463328958,0.654342770576477,0.018545499071478844,0.0005900065104166666,0.0
0,0.0013625273713842034,0.7641884088516235,0.02096424251794815,0.0011800130208333333,0.0
0,0.0034939011093229055,0.9553191661834717,0.04344446584582329,0.004364013671875,0.0
0,0.02692214399576187,0.9627432227134705,0.6853116750717163,0.034749348958333336,0.0
0,0.002912755124270916,0.8507168292999268,0.05899302288889885,0.001556396484375,0.0
0,0.06656580418348312,0.9975751042366028,0.9830850958824158,0.07529703776041667,0.052734375
0,0.08687207847833633,0.9957848191261292,0.9757147431373596,0.10975138346354167,0.073333740234375
0,0.00593304680660367,0.9193534255027771,0.15431228280067444,0.004679361979166667,0.0
0,0.020474562421441078,0.9889278411865234,0.6836275458335876,0.02850341796875,0.0
0,0.01238059252500534,0.9103862047195435,0.4606740474700928,0.015858968098958332,0.0
0,0.029109669849276543,0.999508261680603,0.941439151763916,0.034189860026041664,0.0
0,0.0006844510207884014,0.1534222811460495,0.015306354500353336,0.0,0.0
0,4.855819497606717e-05,0.022586042061448097,0.000865879759658128,0.0,0.0
0,0.30872592329978943,0.9989308714866638,0.9950946569442749,0.357086181640625,0.237274169921875
0,0.004421751480549574,0.9772841930389404,0.053104959428310394,0.005299886067708333,0.0
0,0.0038897295016795397,0.9501341581344604,0.031142063438892365,0.0045166015625,0.0
0,6.958631274756044e-05,0.02970374934375286,0.0007207537419162691,0.0,0.0
0,0.007269320543855429,0.9966756105422974,0.02203100360929966,0.007863362630208334,0.0
0,0.002181926043704152,0.6945099234580994,0.04038679972290993,0.0015055338541666667,0.0
0,0.0004742121382150799,0.39817240834236145,0.01009131595492363,0.00014241536458333334,0.0
0,0.00032225498580373824,0.14743240177631378,0.005280719138681889,0.0,0.0
0,0.030762357637286186,0.9977127313613892,0.9595351815223694,0.033559163411458336,0.0
0,0.00045112078078091145,0.13072869181632996,0.009596454910933971,0.0,0.0
0,0.0077391681261360645,0.9918753504753113,0.18787209689617157,0.009104410807291666,0.0
0,0.03259645774960518,0.9889278411865234,0.9174507260322571,0.041015625,0.0
0,3.9114300307119265e-05,0.009449081495404243,0.0007379196467809379,0.0,0.0
0,0.0001397801679559052,0.18242552876472473,0.0013668660540133715,0.0,0.0
0,2.3364524167845957e-05,0.00941259041428566,0.00027159214369021356,0.0,0.0
0,0.009230919182300568,0.9653811454772949,0.33600085973739624,0.011372884114583334,0.0
0,2.665387000888586e-05,0.007876706309616566,0.0004936049808748066,0.0,0.0
0,0.004532443825155497,0.9893062710762024,0.001661196700297296,0.005991617838541667,0.0
0,1.0046530405816156e-05,0.0033244371879845858,0.0001344349147984758,0.0,0.0
0,0.0001250980858458206,0.045183755457401276,0.0016293087974190712,0.0,0.0
0,0.051150258630514145,0.9946980476379395,0.9562273025512695,0.06351725260416667,0.0
0,7.699902198510244e-06,0.0010122861713171005,0.00010554686014074832,0.0,0.0
0,1.0131007911695633e-05,0.0009510130621492863,0.00014425987319555134,0.0,0.0
0,4.145671482547186e-06,0.0010202174307778478,3.851994188153185e-05,0.0,0.0
0,0.08823040127754211,0.9958980679512024,0.9801293015480042,0.09795125325520833,0.062835693359375
0,2.3362060801446205e-06,0.000317508791340515,2.4870681954780594e-05,0.0,0.0
0,0.014209799468517303,0.9834068417549133,0.5576513409614563,0.0164794921875,0.0
0,0.15229099988937378,0.9989995360374451,0.9849274158477783,0.18438720703125,0.12880452473958334
0,6.457170820795e-05,0.026056302711367607,0.0010649627074599266,0.0,0.0
0,0.0017871734453365207,0.7804952263832092,0.026604078710079193,0.00201416015625,0.0
0,0.010259325616061687,0.9700703024864197,0.41915273666381836,0.011932373046875,0.0
0,0.00352187710814178,0.5210142135620117,0.09534946829080582,0.0016276041666666667,0.0
0,0.018986016511917114,0.9857181310653687,0.8191494345664978,0.023569742838541668,0.0
0,0.0328923799097538,0.9962199330329895,0.9552357196807861,0.039286295572916664,0.0
0,5.051921107224189e-05,0.007577240467071533,0.000706905557308346,0.0,0.0
0,2.8963404474779963e-05,0.009746103547513485,0.0003859660937450826,0.0,0.0
0,0.01265003252774477,0.9642541408538818,0.42565953731536865,0.0150146484375,0.0
0,0.1911332607269287,0.9990710020065308,0.9934865236282349,0.21254475911458334,0.1365966796875
0,0.10903272032737732,0.9995025396347046,0.9889692664146423,0.12671915690104166,0.0
0,3.605095480452292e-05,0.005641908384859562,0.0006719278753735125,0.0,0.0
0,0.10513162612915039,0.9976218342781067,0.9710193276405334,0.12669881184895834,0.0
0,0.04955968260765076,0.9994407296180725,0.9826889038085938,0.056925455729166664,0.0
0,0.02678808569908142,0.9966625571250916,0.8572908639907837,0.031534830729166664,0.0
0,0.004690943751484156,0.9517735838890076,0.12896330654621124,0.005137125651041667,0.0
0,0.000253297301242128,0.3593641221523285,0.005641908384859562,3.0517578125e-05,0.0
0,0.0679154023528099,0.9914224743843079,0.9175940155982971,0.0899658203125,0.0
0,0.03173471987247467,0.9983450174331665,0.9710176587104797,0.035837809244791664,0.0
0,1.9169108782080002e-05,0.05749328061938286,0.00024346048303414136,0.0,0.0
0,9.022704944072757e-06,0.002234362531453371,0.00011501735571073368,0.0,0.0
0,0.0020595130044966936,0.9413313865661621,0.01851104572415352,0.0019632975260416665,0.0
0,0.00013813795521855354,0.07030384987592697,0.0023410676512867212,0.0,0.0
0,1.1998836271231994e-05,0.0029810327105224133,0.0002891032490879297,0.0,0.0
0,0.0015512768877670169,0.9669764637947083,0.005301895085722208,0.0018208821614583333,0.0
0,0.004219491500407457,0.9424007534980774,0.07158730924129486,0.004404703776041667,0.0
0,0.00013092732115183026,0.02364434115588665,0.0025708680041134357,0.0,0.0
0,0.002221632981672883,0.9187722206115723,0.02517884038388729,0.0022989908854166665,0.0
0,0.4641777575016022,0.9994683861732483,0.9975560903549194,0.5043131510416666,0.5072835286458334
0,0.00023089534079190344,0.2117426097393036,0.0036499870475381613,0.0,0.0
0,0.029961055144667625,0.9923341274261475,0.8889459371566772,0.032450358072916664,0.0
0,0.16235460340976715,0.9989797472953796,0.9930693507194519,0.18712361653645834,0.13792928059895834
0,0.021745631471276283,0.9989012479782104,0.9824884533882141,0.023600260416666668,0.0
0,0.029095984995365143,0.9921537041664124,0.7813206315040588,0.035756429036458336,0.0
0,0.018635796383023262,0.9966756105422974,0.6766881942749023,0.023640950520833332,0.0
0,0.0010957224294543266,0.5102524757385254,0.02456308715045452,0.00017293294270833334,0.0
0,0.49813199043273926,0.998798131942749,0.9930953979492188,0.583251953125,0.5887044270833334
0,0.04248021915555,0.9900250434875488,0.8735322952270508,0.051483154296875,0.0
0,0.05252152681350708,0.994594156742096,0.9071478247642517,0.06648763020833333,0.0
0,0.3312545120716095,0.998498797416687,0.9925969839096069,0.3830362955729167,0.3803507486979167
0,0.00013032030255999416,0.060086652636528015,0.002934609306976199,0.0,0.0
0,0.0077832359820604324,0.9748690724372864,0.15999549627304077,0.008219401041666666,0.0
0,0.0012419219128787518,0.665410578250885,0.025033993646502495,0.0004781087239583333,0.0
0,0.01820823736488819,0.9967013001441956,0.8134608268737793,0.0205078125,0.0
0,0.07201584428548813,0.9990745782852173,0.9778399467468262,0.08060709635416667,0.0
0,0.07772306352853775,0.9908744096755981,0.9520392417907715,0.09613037109375,0.0
0,0.030909305438399315,0.9979652166366577,0.958304226398468,0.036163330078125,0.0
0,0.004514181055128574,0.9839708209037781,0.06323323398828506,0.005625406901041667,0.0
0,0.026852713897824287,0.994401752948761,0.9352282881736755,0.031606038411458336,0.0
0,1.7053009287337773e-05,0.019946934655308723,0.00019563532259780914,0.0,0.0
0,0.07143304497003555,0.9943140745162964,0.9575167298316956,0.084564208984375,0.0
0,0.0002168844803236425,0.05079945921897888,0.003209961112588644,0.0,0.0
0,0.1155388280749321,0.9996302127838135,0.9968273043632507,0.132568359375,0.06505330403645833
0,0.11469662189483643,0.9883578419685364,0.9435528516769409,0.15357462565104166,0.0
0,0.022180190309882164,0.971563994884491,0.7241822481155396,0.032918294270833336,0.0
0,0.05508376657962799,0.9723097085952759,0.9015746116638184,0.07219441731770833,0.0
0,0.07999002188444138,0.9921537041664124,0.954308032989502,0.10087076822916667,0.0
0,0.17385132610797882,0.9961155652999878,0.9818056225776672,0.215850830078125,0.18621826171875
0,0.0294156726449728,0.9842154383659363,0.8767368197441101,0.038492838541666664,0.0
0,0.047804106026887894,0.9994093179702759,0.9858275651931763,0.056630452473958336,0.0
0,0.019433023408055305,0.9885361194610596,0.9007046222686768,0.0206298828125,0.0
0,0.0046280971728265285,0.9829546809196472,0.07949570566415787,0.003204345703125,0.0
0,0.03636737912893295,0.9934611320495605,0.9368651509284973,0.042531331380208336,0.0
0,0.18825729191303253,0.9976032376289368,0.9887987971305847,0.221893310546875,0.20662434895833334
0,0.0562635213136673,0.9900636076927185,0.9542226791381836,0.07364908854166667,0.06571451822916667
0,0.06139174476265907,0.9764007329940796,0.8735322952270508,0.068756103515625,0.0
0,0.20921583473682404,0.9990111589431763,0.9856076240539551,0.24993896484375,0.14872233072916666
0,0.04206317290663719,0.9838472008705139,0.843508780002594,0.056294759114583336,0.0
0,0.05878106877207756,0.9846936464309692,0.8964274525642395,0.07985432942708333,0.0
0,0.0008477427181787789,0.5295523405075073,0.017442483454942703,8.138020833333333e-05,0.0
0,0.03939615935087204,0.9943581223487854,0.9337903261184692,0.047902425130208336,0.0
0,0.004703156184405088,0.7516481280326843,0.08122775703668594,0.0011189778645833333,0.0
0,0.007806238252669573,0.9216402173042297,0.2024243026971817,0.00738525390625,0.0
0,0.04412921145558357,0.9367494583129883,0.6587436199188232,0.066375732421875,0.0
0,0.0015201115747913718,0.814495861530304,0.024375205859541893,0.0005594889322916666,0.0
0,9.819628758123145e-06,0.0008072304772213101,0.00012830943160224706,0.0,0.0
0,0.000360610632924363,0.31352484226226807,0.006338921841233969,7.120768229166667e-05,0.0
0,0.002578875282779336,0.9723097085952759,0.024750972166657448,0.0029703776041666665,0.0
0,2.0475517885643058e-05,0.008985428139567375,0.00040765260928310454,0.0,0.0
0,0.003998446743935347,0.8474634885787964,0.12229768186807632,0.005116780598958333,0.0
0,3.8540736568393186e-05,0.006744989659637213,0.0006166296661831439,0.0,0.0
0,0.04412241652607918,0.9942250847816467,0.9532750844955444,0.05291748046875,0.0
0,0.02848123013973236,0.9873262047767639,0.8019358515739441,0.034556070963541664,0.0
0,0.0005362995434552431,0.5333366990089417,0.0031473380513489246,0.000152587890625,0.0
0,0.09081065654754639,0.9986329674720764,0.9939496517181396,0.09736124674479167,0.0865478515625
0,0.0004315369005780667,0.6983294486999512,0.006796741858124733,0.00022379557291666666,0.0
0,0.02892257273197174,0.9827572107315063,0.8475897312164307,0.03680419921875,0.0
0,0.005052722524851561,0.9056565761566162,0.1127954050898552,0.005574544270833333,0.0
0,0.07858841121196747,0.987129271030426,0.9015746116638184,0.10649617513020833,0.0
0,0.05696241557598114,0.985042929649353,0.930962085723877,0.065826416015625,0.0
0,0.02519530989229679,0.9978087544441223,0.8834372758865356,0.030059814453125,0.0
0,0.053851980715990067,0.9939261078834534,0.9757624268531799,0.060353597005208336,0.0
0,0.00543157197535038,0.9640516638755798,0.13916224241256714,0.005299886067708333,0.0
0,0.016068268567323685,0.9794329404830933,0.7071934342384338,0.019927978515625,0.0
0,0.1689482182264328,0.9981324076652527,0.9879462122917175,0.202880859375,0.20292154947916666
0,0.012373850680887699,0.9951136708259583,0.5266635417938232,0.013926188151041666,0.0
0,0.19019055366516113,0.9970190525054932,0.9849852323532104,0.23789469401041666,0.2645060221354167
0,0.002361814258620143,0.7534666657447815,0.0383940152823925,0.0019632975260416665,0.0
0,0.040943484753370285,0.9957684278488159,0.9633685946464539,0.04913330078125,0.0308837890625
0,0.08004262298345566,0.9989596605300903,0.9836598634719849,0.092987060546875,0.057474772135416664
0,0.05415721610188484,0.9731387495994568,0.7975567579269409,0.060770670572916664,0.0
0,0.004106349777430296,0.8810019493103027,0.08525123447179794,0.002655029296875,0.0
0,0.131932333111763,0.9972955584526062,0.989469051361084,0.15167236328125,0.06916300455729167
0,0.02119734324514866,0.9814888834953308,0.7442848086357117,0.021860758463541668,0.0
0,0.03009199909865856,0.984752357006073,0.9053223133087158,0.035634358723958336,0.0
0,0.005624460522085428,0.8534248471260071,0.14008669555187225,0.004923502604166667,0.0
0,0.06068999692797661,0.9993857145309448,0.9684988260269165,0.07541910807291667,0.0
0,0.05987171828746796,0.990767776966095,0.9252299070358276,0.07350667317708333,0.0
0,0.08012878149747849,0.9989677667617798,0.9492946267127991,0.10541788736979167,0.0
0,0.0006206087418831885,0.24981309473514557,0.014390676282346249,0.0,0.0
0,0.0026198935229331255,0.9458011984825134,0.0409967266023159,0.0030008951822916665,0.0
0,0.0015256049809977412,0.1672186702489853,0.0572819747030735,0.0,0.0
0,0.004401985090225935,0.9991768002510071,0.013018987141549587,0.004618326822916667,0.0
0,5.720330136682605e-06,0.00029595711384899914,5.562205842579715e-05,0.0,0.0
0,0.000319915619911626,0.08897849172353745,0.0055549247190356255,0.0,0.0
0,0.09697723388671875,0.9971550703048706,0.9808025360107422,0.12107340494791667,0.0
0,0.23975224792957306,0.9985951781272888,0.9938309192657471,0.2782084147135417,0.256591796875
0,0.00017708139785099775,0.015072628855705261,0.0037217086646705866,0.0,0.0
0,0.031866442412137985,0.9925393462181091,0.8906751871109009,0.039520263671875,0.0
0,0.0002470118924975395,0.03085050918161869,0.004503272473812103,0.0,0.0
0,0.00026567516033537686,0.012576347216963768,0.0053640566766262054,0.0,0.0
0,0.016417186707258224,0.7271043658256531,0.3804067373275757,0.018442789713541668,0.0
0,0.00266314297914505,0.348201721906662,0.058884698897600174,0.00022379557291666666,0.0
0,0.0010332163656130433,0.0918697863817215,0.02169809490442276,0.0,0.0
0,0.014382585883140564,0.9786311388015747,0.6105643510818481,0.017100016276041668,0.0
0,0.003057679394260049,0.7511008381843567,0.08647765219211578,0.002105712890625,0.0
0,0.01606956496834755,0.9345147609710693,0.41548627614974976,0.016794840494791668,0.0
0,0.0011048988671973348,0.22000709176063538,0.03521113842725754,0.0,0.0
0,0.4327045977115631,0.9994207620620728,0.9964756369590759,0.5110270182291666,0.499908447265625
0,0.006439894903451204,0.8724561333656311,0.15881387889385223,0.004648844401041667,0.0
0,0.0010896624298766255,0.612657368183136,0.02382400631904602,0.0004374186197916667,0.0
0,0.33972474932670593,0.9977568984031677,0.9915544390678406,0.4001566569010417,0.3855387369791667
0,0.33428630232810974,0.9998162388801575,0.9985162615776062,0.3742268880208333,0.2918802897135417
0,0.0641530454158783,0.9827572107315063,0.8420855402946472,0.07645670572916667,0.0
0,0.9725196957588196,0.9984083771705627,0.9959922432899475,0.998016357421875,1.0
0,0.18140625953674316,0.9954791069030762,0.966156005859375,0.22442626953125,0.0
0,0.0001122263420256786,0.02909075655043125,0.0017007224960252643,0.0,0.0
0,0.91165691614151,0.9996898174285889,0.9982036352157593,0.95086669921875,0.9837646484375
0,0.9579257369041443,0.9988259673118591,0.9963783621788025,0.9961649576822916,1.0
0,9.777646482689306e-05,0.06656918674707413,0.0012893284438177943,0.0,0.0
0,0.6595957279205322,0.9985895752906799,0.9946358799934387,0.7358601888020834,0.7945556640625
0,1.1179184184584301e-05,0.002378123812377453,0.00011866795102832839,0.0,0.0
0,0.9963148236274719,0.9998534917831421,0.9995908141136169,1.0,1.0
0,3.124536669929512e-05,0.0036499870475381613,0.00039666122756898403,0.0,0.0
0,0.02625150792300701,0.9759464263916016,0.7348812818527222,0.030039469401041668,0.0
0,0.010393708012998104,0.9413313865661621,0.47484713792800903,0.013559977213541666,0.0
0,0.10218482464551926,0.9978760480880737,0.9570351243019104,0.12235514322916667,0.0
0,0.00016218458767980337,0.4099293053150177,0.0010733063099905849,7.120768229166667e-05,0.0
0,0.3284739553928375,0.9996302127838135,0.9907320141792297,0.3960673014322917,0.3196004231770833
0,0.0002920322003774345,0.026205414906144142,0.003579642390832305,0.0,0.0
0,0.17821259796619415,0.994820237159729,0.9632312655448914,0.22840533333333332,0.0
0,0.08202187716960907,0.9942250847816467,0.8934953808784485,0.09222933333333333,0.0
0,0.016928546130657196,0.9139840602874756,0.32327431440353394,0.012679144385026738,0.0
0,0.046273842453956604,0.9969839453697205,0.8610715270042419,0.048544,0.0
0,0.008510993793606758,0.7804952263832092,0.12453313916921616,0.0022026666666666666,0.0
0,0.28970831632614136,0.999783456325531,0.9960391521453857,0.3491170212765957,0.18836170212765957
0,0.6391012072563171,0.998745322227478,0.9942699670791626,0.7252739130434782,0.8459260869565217
0,0.009364720433950424,0.9656413197517395,0.38074687123298645,0.012176513671875,0.0
0,0.16048385202884674,0.997739315032959,0.9880849719047546,0.19188435872395834,0.12294514973958333
0,8.458621778117958e-06,0.0030873692594468594,0.00012931563833262771,0.0,0.0
0,0.005747316870838404,0.8934953808784485,0.1475902944803238,0.00732421875,0.0
0,0.015709230676293373,0.986415684223175,0.653455376625061,0.019368489583333332,0.0
