label,prob_mean,prob_max,prob_p99,unet_area,mrf_area
1,0.31072357296943665,0.9997040629386902,0.9989877343177795,0.3312581380208333,0.3125101725260417
1,0.05154277756810188,0.9995908141136169,0.9974983334541321,0.050628662109375,0.030619303385416668
1,0.26230335235595703,0.9977216124534607,0.9910492897033691,0.2858378092447917,0.241241455078125
1,0.34509602189064026,0.9999145269393921,0.9996002316474915,0.342864990234375,0.3424580891927083
1,0.29716867208480835,0.9993307590484619,0.9970190525054932,0.315521240234375,0.30267333984375
1,0.7388861179351807,0.9998612403869629,0.9995694756507874,0.7641194661458334,0.77581787109375
1,0.020410865545272827,0.9997448325157166,0.9981968998908997,0.019439697265625,0.018107096354166668
1,0.452382355928421,0.9998706579208374,0.9991927742958069,0.465546875,0.47869140625
1,0.038691893219947815,0.9997933506965637,0.9983189702033997,0.039326985677083336,0.036376953125
1,0.12403979152441025,0.9992620348930359,0.9951136708259583,0.12144278606965174,0.1531882255389718
1,0.00010167214350076392,0.03289904072880745,0.0021739716175943613,0.0,0.0
1,0.19775494933128357,0.9996017813682556,0.9937100410461426,0.2076307022700785,0.15810617077673608
1,0.013504359871149063,0.9989836812019348,0.9008686542510986,0.013682047526041666,0.00885009765625
1,0.158985897898674,0.999930739402771,0.9994578957557678,0.16222127278645834,0.16572062174479166
1,0.11370193213224411,0.9994162321090698,0.9963071346282959,0.11656697591145833,0.10389200846354167
1,0.02737811766564846,0.9995158910751343,0.9919691681861877,0.024159749348958332,0.014394124348958334
1,0.258743554353714,0.9995643496513367,0.9911182522773743,0.3005240885416667,0.32519856770833333
1,0.11680107563734055,0.9996825456619263,0.9974983334541321,0.11550229968530622,0.06174291938997822
1,0.02780894935131073,0.9999334812164307,0.9992475509643555,0.027974446614583332,0.024464925130208332
1,0.10044717788696289,0.9997219443321228,0.9984330534934998,0.09544881184895833,0.07502237955729167
1,0.006820300593972206,0.9996923208236694,0.08479540795087814,0.005374348958333333,0.00470703125
1,0.07933195680379868,0.9996825456619263,0.9984330534934998,0.08100382486979167,0.07036336263020833
1,0.002446151338517666,0.9766246676445007,0.016275588423013687,0.00213623046875,0.0
1,0.030346399173140526,0.9999103546142578,0.9989266991615295,0.030141194661458332,0.028391520182291668
1,0.2616814076900482,0.9998133778572083,0.9980427026748657,0.2822977701822917,0.23537190755208334
1,0.014299157075583935,0.9998804330825806,0.2658747434616089,0.008646647135416666,0.0
1,0.0011570072965696454,0.9108630418777466,0.008711384609341621,0.000701904296875,0.0
1,0.22315967082977295,0.9998960494995117,0.9990224838256836,0.2308349609375,0.15326944986979166
1,0.32981938123703003,0.9998785257339478,0.9991507530212402,0.35110471806674337,0.35764672036823936
1,0.2787010073661804,0.9999184608459473,0.999189555644989,0.33114842454394694,0.3701658374792703
1,0.18854163587093353,0.9990854263305664,0.9882221817970276,0.20470166752206423,0.14079340639434834
1,0.08880061656236649,0.9999110698699951,0.9983707070350647,0.0548989898989899,0.03248737373737374
1,0.7134907245635986,0.9999339580535889,0.9994450211524963,0.8188985188802084,0.8828023274739584
1,0.006168116349726915,0.9995875954627991,0.00023050670279189944,0.006236979166666667,0.00583984375
1,0.0908435583114624,0.9991238713264465,0.9664738178253174,0.08288387715930902,0.02827735124760077
1,0.2210758775472641,0.9991864562034607,0.9960851669311523,0.23457845052083334,0.23781331380208334
1,0.003873454639688134,0.9999402761459351,0.007785655092447996,0.003681640625,0.0
1,0.22038717567920685,0.9998499155044556,0.9990264177322388,0.22803751627604166,0.21589152018229166
1,0.0058054933324456215,0.9999001026153564,0.06187712401151657,0.004345703125,0.0036946614583333332
1,0.021700123324990273,0.9998623132705688,0.9989595413208008,0.021697998046875,0.015085856119791666
1,0.08764231204986572,0.9957352876663208,0.9752018451690674,0.093658447265625,0.027191162109375
1,0.35068178176879883,0.9997175335884094,0.9987257122993469,0.3739522298177083,0.36248779296875
1,0.013379975222051144,0.996292769908905,0.43960362672805786,0.011005987476575711,0.0
1,0.019632644951343536,0.9998859167098999,0.9977743625640869,0.018755401901469317,0.013673292999135696
1,0.007210992742329836,0.9998390674591064,0.0714614987373352,0.005686442057291667,0.0
1,0.029171355068683624,0.9996849298477173,0.9975656270980835,0.029347737630208332,0.025400797526041668
1,0.030305219814181328,0.9996243715286255,0.9766246676445007,0.028852201257861636,0.018207547169811322
1,0.21797499060630798,0.9989182949066162,0.9917484521865845,0.23325296108291033,0.19766920473773267
1,0.22681887447834015,0.9995778203010559,0.9982317090034485,0.240692138671875,0.23353068033854166
1,0.03295416012406349,0.9911527037620544,0.7066977620124817,0.031106046065259116,0.0
1,0.03515799343585968,0.9997240900993347,0.9981104135513306,0.036336263020833336,0.031107584635416668
1,0.11067578941583633,0.9999039173126221,0.9993094205856323,0.1120979020979021,0.1068006993006993
1,0.45331645011901855,0.9999171495437622,0.9992591738700867,0.46928477112676054,0.4198349471830986
1,0.1934518814086914,0.9994296431541443,0.9967774748802185,0.21062204248400074,0.21166433887140146
1,0.3029218912124634,0.9997918009757996,0.9991204142570496,0.31833721833721834,0.3529640294346177
1,0.08773240447044373,0.9999667406082153,0.9994745850563049,0.08934244791666666,0.089931640625
1,0.2507554292678833,0.999840259552002,0.9992114305496216,0.2534688313802083,0.2635396321614583
1,0.04562230035662651,0.9992591738700867,0.9967142343521118,0.047576904296875,0.052703857421875
1,0.02117335982620716,0.998807430267334,0.9407765865325928,0.021016438802083332,0.014414469401041666
1,0.010069926269352436,0.9998522996902466,0.21157968044281006,0.0075460487225193105,0.0
1,0.08199097216129303,0.9997305274009705,0.9973785877227783,0.08246744791666667,0.078623046875
1,0.03782011568546295,0.9966495633125305,0.9598352313041687,0.041636149088541664,0.0
1,0.3150368630886078,0.9998326301574707,0.9992357492446899,0.33031901041666667,0.3325553385416667
1,0.18686993420124054,0.9998804330825806,0.9995024800300598,0.187042236328125,0.17826334635416666
1,0.07609458267688751,0.999783456325531,0.9990890026092529,0.07703653971354167,0.061533610026041664
1,0.028614897280931473,0.9989995360374451,0.9276272654533386,0.0244125,0.01474375
1,0.49653810262680054,0.9997153878211975,0.9981684684753418,0.5304628052243043,0.5209256104486087
1,0.0801943764090538,0.9997428059577942,0.9977656602859497,0.08591715494791667,0.07920328776041667
1,0.28117701411247253,0.9997677206993103,0.9991065859794617,0.293487548828125,0.3097127278645833
1,0.0030522227752953768,0.7959754467010498,0.060086652636528015,0.0002644856770833333,0.0
1,0.007152600679546595,0.9678385257720947,0.12907303869724274,0.002166748046875,0.0
1,0.028142886236310005,0.9998089671134949,0.9868265390396118,0.030293782552083332,0.012898763020833334
1,0.0484364777803421,0.9998488426208496,0.9963067173957825,0.04901123046875,0.04949951171875
1,0.027307888492941856,0.9996947050094604,0.9967523813247681,0.026835123697916668,0.017578125
1,0.04389781877398491,0.9992296695709229,0.9953358173370361,0.043752034505208336,0.026387532552083332
1,0.35088956356048584,0.9995575547218323,0.9984083771705627,0.363006591796875,0.3543904622395833
1,0.05497097969055176,0.998798131942749,0.9909447431564331,0.05792236328125,0.031361897786458336
1,0.7372997403144836,0.999555766582489,0.9986593723297119,0.7484029134114584,0.7482808430989584
1,0.07741255313158035,0.9997997879981995,0.9989098310470581,0.077911376953125,0.07317097981770833
1,0.09417170286178589,0.9999263286590576,0.9990111589431763,0.09463016330451489,0.09718539865513928
1,0.07756002992391586,0.9997428059577942,0.9985674619674683,0.07731119791666667,0.077362060546875
1,0.2860795557498932,0.998879611492157,0.9903663396835327,0.32424207089552237,0.3124090485074627
1,0.02398383803665638,0.9900636076927185,0.8178656101226807,0.024383544921875,0.0
1,0.1239209994673729,0.9989055395126343,0.9931228756904602,0.14227294921875,0.14783732096354166
1,0.025481848046183586,0.9998028874397278,0.9939723610877991,0.024607340494791668,0.016042073567708332
1,0.3150710165500641,0.9997407793998718,0.9989308714866638,0.3373209635416667,0.366363525390625
1,0.16539418697357178,0.9998103976249695,0.9989916682243347,0.18474324544270834,0.19305419921875
1,0.01811634749174118,0.9980044960975647,0.7103279829025269,0.016451781970649896,0.0
1,0.05007869377732277,0.9999430179595947,0.9986114501953125,0.05010556621880998,0.03765834932821497
1,0.03375406190752983,0.9967523813247681,0.9510514140129089,0.031880696614583336,0.0
1,0.1092010885477066,0.9997468590736389,0.9974391460418701,0.11626627604166667,0.11947591145833333
1,0.06371448189020157,0.9992875456809998,0.995372474193573,0.06645711263020833,0.059895833333333336
1,0.20332938432693481,0.9998089671134949,0.999220609664917,0.20531209309895834,0.20440673828125
1,0.08989176899194717,0.9980276226997375,0.9863631129264832,0.09797159830729167,0.08875528971354167
1,0.32443368434906006,0.9998044371604919,0.9985730648040771,0.3816861979166667,0.432939453125
1,0.021075481548905373,0.9998875856399536,0.8433811068534851,0.019772135416666666,0.011790364583333334
1,0.3097670376300812,0.9993307590484619,0.9973061084747314,0.3327840169270833,0.3281351725260417
1,0.017223453149199486,0.9986698627471924,0.8749121427536011,0.016499837239583332,0.0
1,0.3167246878147125,0.9981541037559509,0.9929060935974121,0.33661458333333333,0.36484375
1,0.1247422993183136,0.9998785257339478,0.9989916682243347,0.12345377604166667,0.067596435546875
1,0.06148962303996086,0.9997262358665466,0.9987792372703552,0.0614013671875,0.059916178385416664
1,0.14458602666854858,0.9998390674591064,0.9987404942512512,0.14000447591145834,0.068756103515625
1,0.0072678811848163605,0.9925682544708252,0.062213558703660965,0.007303873697916667,0.0
1,0.0767006054520607,0.9999215602874756,0.9967774748802185,0.080657958984375,0.0421142578125
1,0.014703203924000263,0.9996566772460938,0.9755768775939941,0.011966145833333334,0.011100260416666667
1,0.058764051645994186,0.9998968839645386,0.9992706179618835,0.059102376302083336,0.053080240885416664
1,0.09936153143644333,0.9997851252555847,0.9987106323242188,0.09882609049479167,0.100006103515625
1,0.11790671199560165,0.9997448325157166,0.998498797416687,0.119049072265625,0.11796061197916667
1,0.022259371355175972,0.999595582485199,0.9974586963653564,0.0224609375,0.019541422526041668
1,0.015534446574747562,0.9969722032546997,0.7214341759681702,0.013590494791666666,0.0
1,0.17310456931591034,0.9995539784431458,0.9981613755226135,0.17689005533854166,0.15559895833333334
1,0.15240593254566193,0.9996800422668457,0.9989994168281555,0.15062459309895834,0.14066569010416666
1,0.1163720116019249,0.9997584223747253,0.9986112713813782,0.12339274088541667,0.10997517903645833
1,0.035988569259643555,0.9998557567596436,0.9990072846412659,0.034769694010416664,0.027130126953125
1,0.3838041126728058,0.9996125102043152,0.9960699081420898,0.4261319534282018,0.3796074236242412
1,0.0012248852290213108,0.8334602117538452,0.02446827106177807,0.0003763834635416667,0.0
1,0.05603684112429619,0.9963357448577881,0.9519500136375427,0.056345621744791664,0.0
1,0.026891089975833893,0.9996498823165894,0.997263491153717,0.027130126953125,0.022918701171875
1,0.14946885406970978,0.9998427629470825,0.9995025396347046,0.15088907877604166,0.1575927734375
1,0.05454134941101074,0.9997085928916931,0.9986953735351562,0.054911295572916664,0.057840983072916664
1,0.011549762450158596,0.7178038358688354,0.17766816914081573,0.0005086263020833334,0.0
1,0.0013138732174411416,0.783160388469696,0.02437659725546837,0.000304,0.0
1,0.0931491032242775,0.999438464641571,0.9965301156044006,0.09619140625,0.07597859700520833
1,0.4229855239391327,0.999906063079834,0.9992792010307312,0.45107096354166665,0.48395182291666666
1,0.1778937578201294,0.999859094619751,0.9987550973892212,0.18738187466082823,0.18146859035535845
1,0.10305381566286087,0.9998218417167664,0.9974589943885803,0.10606892903645833,0.084869384765625
1,0.04398663714528084,0.9988707900047302,0.9958011507987976,0.044189453125,0.036204020182291664
1,0.27931636571884155,0.9993588328361511,0.9973580241203308,0.3068644205729167,0.2952067057291667
1,0.04171960428357124,0.9999909400939941,0.999220609664917,0.039927164713541664,0.020802815755208332
1,0.08378253877162933,0.9997730851173401,0.9990302324295044,0.08121321321321322,0.06314714714714714
1,0.021283231675624847,0.963230550289154,0.5667709708213806,0.017781575520833332,0.0
1,0.07236742973327637,0.9973061084747314,0.9835969805717468,0.07659912109375,0.07798258463541667
1,0.03204980865120888,0.997739315032959,0.9912208914756775,0.030904134114583332,0.0244140625
1,0.06142526492476463,0.99935382604599,0.9952448010444641,0.061127108185931714,0.05479226655697244
1,0.12122740596532822,0.9996620416641235,0.9967142343521118,0.11826140873015872,0.05878720238095238
1,0.15141145884990692,0.9998633861541748,0.9992417097091675,0.15545654296875,0.15135701497395834
1,0.06359705328941345,0.9986541271209717,0.9944234490394592,0.06489054361979167,0.043284098307291664
1,0.1868676096200943,0.9988707900047302,0.9918121099472046,0.15777246466137915,0.10885040266047154
1,0.016606759279966354,0.9999632835388184,0.9988440275192261,0.01376865671641791,0.0134742951907131
1,0.04029132053256035,0.9995761513710022,0.9498556852340698,0.03419571940436779,0.018360331148985255
1,0.085482157766819,0.9999165534973145,0.9996033310890198,0.08522542317708333,0.08469645182291667
1,0.11933957040309906,0.9996947050094604,0.9982361793518066,0.12713180856689582,0.11261678124449145
1,0.0780426561832428,0.9990072846412659,0.9920917749404907,0.07511393229166667,0.035797119140625
1,0.02449219487607479,0.9997817873954773,0.9388007521629333,0.017812093098958332,0.009847005208333334
1,0.3765842616558075,0.9998162388801575,0.9991573095321655,0.3869222005208333,0.387115478515625
1,0.07675495743751526,0.9995505213737488,0.9780517220497131,0.08110361237835506,0.03893476102502231
1,0.1273191124200821,0.9995290040969849,0.9952999353408813,0.13396199544270834,0.08164469401041667
1,0.00939188338816166,0.7872777581214905,0.2600078880786896,0.0035807291666666665,0.0
1,0.14516693353652954,0.9989433884620667,0.9934611320495605,0.15244814814814814,0.06336296296296297
1,0.15367357432842255,0.9996140599250793,0.9980881810188293,0.15513333333333335,0.11513333333333334
1,0.12033078819513321,0.9998623132705688,0.9985277652740479,0.11921183268229167,0.11463419596354167
1,0.015112831257283688,0.9999829530715942,0.9885764122009277,0.01220703125,0.009389241536458334
1,0.2601514756679535,0.9992875456809998,0.9972955584526062,0.2695719401041667,0.246429443359375
1,0.24112659692764282,0.9998822212219238,0.9995575547218323,0.24608357747395834,0.21870930989583334
1,0.3927970230579376,0.9999257326126099,0.9995044469833374,0.3995703125,0.4026236979166667
1,0.012480481527745724,0.998879611492157,0.4022183418273926,0.01056048834628191,0.0
1,0.027145670726895332,0.9999417066574097,0.9973887801170349,0.026662190755208332,0.01409912109375
1,0.010301411151885986,0.9988027811050415,0.17368313670158386,0.0089111328125,0.0
1,0.7165820002555847,0.9997487664222717,0.9992021918296814,0.7395833333333334,0.778045654296875
1,0.18386375904083252,0.9987404942512512,0.9921233057975769,0.19583527913394183,0.11340267459138187
1,0.11777540296316147,0.9998190999031067,0.9989182949066162,0.12266031901041667,0.1240234375
1,0.14214138686656952,0.9995362758636475,0.9983124732971191,0.14080729166666667,0.12466145833333334
1,0.012541379779577255,0.9986169338226318,0.9156597256660461,0.01215451055662188,0.011777831094049904
1,0.501707136631012,0.9999083280563354,0.9994252920150757,0.5420638020833334,0.5682096354166667
1,0.04328127205371857,0.9998464584350586,0.9987792372703552,0.043650309244791664,0.040598551432291664
1,0.15235473215579987,0.9998260140419006,0.999189555644989,0.15771484375,0.16237386067708334
1,0.04607190564274788,0.9977656602859497,0.989509642124176,0.0445556640625,0.020039876302083332
1,0.24273423850536346,0.9998205304145813,0.999180018901825,0.2467982997394762,0.23235522647287354
1,0.13547682762145996,0.9998089671134949,0.995354413986206,0.12730794270833334,0.041233723958333336
1,0.0867471843957901,0.9984752535820007,0.9878058433532715,0.08451107899807322,0.04591040462427746
1,0.08492519706487656,0.9997063279151917,0.9986114501953125,0.08986409505208333,0.092529296875
1,0.0030153722036629915,0.9692660570144653,0.019831573590636253,0.0026346842447916665,0.0
1,0.14480900764465332,0.9998390674591064,0.9991472959518433,0.1448974609375,0.14588419596354166
1,0.06692314893007278,0.9999076128005981,0.9995005130767822,0.067352294921875,0.065765380859375
1,0.036594804376363754,0.9989055395126343,0.9919992685317993,0.038950602213541664,0.032745361328125
1,0.10307016223669052,0.9997407793998718,0.998798131942749,0.10211181640625,0.1021728515625
1,0.002635166049003601,0.7236025333404541,0.060863446444272995,0.0010274251302083333,0.0
1,0.2604178786277771,0.9998013377189636,0.9991440773010254,0.27593994140625,0.2734375
1,0.014571401290595531,0.9998745918273926,0.9977208375930786,0.013692220052083334,0.013264973958333334
1,0.022505348548293114,0.9991735816001892,0.7222332954406738,0.018992106119791668,0.0
1,0.08414799720048904,0.9994766116142273,0.9979731440544128,0.08530680338541667,0.07655843098958333
1,0.05502049997448921,0.9999046325683594,0.9988881945610046,0.054595947265625,0.036855061848958336
1,0.22045092284679413,0.9997730851173401,0.9967265129089355,0.24156697591145834,0.153289794921875
1,0.2556805908679962,0.9994022846221924,0.9923341274261475,0.274492,0.213056
1,0.2975125014781952,0.9998377561569214,0.999099612236023,0.32229352346999407,0.30419489007724304
1,0.025539610534906387,0.9998028874397278,0.9817640781402588,0.02358293556085919,0.012325974542561655
1,0.061717063188552856,0.9995827078819275,0.6287425756454468,0.028045654296875,0.0
1,0.0754777118563652,0.9987404942512512,0.9736401438713074,0.073333740234375,0.012491861979166666
1,0.08472716063261032,0.999651312828064,0.9985672831535339,0.084747314453125,0.070953369140625
1,0.01611419767141342,0.9994986057281494,0.9929336309432983,0.01617476851851852,0.015277777777777777
1,0.04324653372168541,0.9998928308486938,0.9994725584983826,0.040873209635416664,0.038431803385416664
1,0.10534283518791199,0.9996387958526611,0.998793363571167,0.10451253255208333,0.09482828776041667
1,0.0019398211734369397,0.30074557662010193,0.044929131865501404,0.0,0.0
1,0.72320955991745,0.9994115829467773,0.9976125955581665,0.82452392578125,0.9618021647135416
1,0.07644178718328476,0.9991672039031982,0.9969005584716797,0.07807413736979167,0.08592732747395833
1,0.09222375601530075,0.9998984336853027,0.9988840222358704,0.09332275390625,0.09576416015625
1,0.03059118427336216,0.9937587976455688,0.9114953279495239,0.030120849609375,0.0
1,0.08899617940187454,0.9997240900993347,0.9963500499725342,0.09192911783854167,0.045705159505208336
1,0.2093362957239151,0.9997901320457458,0.9987056255340576,0.2152099609375,0.217132568359375
1,0.14342842996120453,0.999651312828064,0.9939730763435364,0.14605919003115264,0.07348714953271028
1,0.3172281086444855,0.9991927742958069,0.9959613680839539,0.34606807511737087,0.28676056338028166
1,0.007439296692609787,0.9766246676445007,0.10301902890205383,0.005869547526041667,0.0
1,0.08734788745641708,0.9997487664222717,0.9947391152381897,0.08878249235474006,0.038820718654434254
1,0.6164554953575134,0.9960545301437378,0.980205237865448,0.7425866666666666,0.772992
1,0.03780857473611832,0.9998390674591064,0.9903290271759033,0.03462837837837838,0.021710907335907335
1,0.061482761055231094,0.9992296695709229,0.9897513389587402,0.06562296549479167,0.011566162109375
1,0.18755260109901428,0.9998633861541748,0.9993904829025269,0.18554304360947638,0.16045863512901765
1,0.07308194786310196,0.9997712969779968,0.998807430267334,0.07230631510416667,0.06390380859375
1,0.05283975973725319,0.9997783303260803,0.9986541271209717,0.053497314453125,0.052357991536458336
1,0.07850870490074158,0.9911182522773743,0.9553191661834717,0.08527628580729167,0.045939127604166664
1,0.032948900014162064,0.9855521321296692,0.7783141732215881,0.026223958333333332,0.0
1,0.0945877656340599,0.9998766183853149,0.9994766116142273,0.098541259765625,0.080596923828125
1,0.03311854228377342,0.9998044371604919,0.9979888200759888,0.026438395182291668,0.017740885416666668
1,0.19869138300418854,0.9996316432952881,0.9979731440544128,0.20683797200520834,0.22907511393229166
1,0.07046952843666077,0.9998666048049927,0.9987356066703796,0.07250414593698176,0.06943200663349917
1,0.083413265645504,0.9997730851173401,0.9988395571708679,0.08837890625,0.06694539388020833
1,0.0460427850484848,0.9978760480880737,0.9893062710762024,0.044291178385416664,0.044240315755208336
1,0.18400423228740692,0.9997153878211975,0.9956346154212952,0.175654296875,0.11050455729166667
1,0.11159881204366684,0.9990781545639038,0.9798215627670288,0.12025960286458333,0.063140869140625
1,0.17785139381885529,0.9999620914459229,0.9994705319404602,0.18053181966145834,0.177459716796875
1,0.035600464791059494,0.9995575547218323,0.9886244535446167,0.03599375,0.025222916666666668
1,0.41611355543136597,0.9999158382415771,0.9995859265327454,0.43842447916666666,0.5186458333333334
1,0.23825180530548096,0.9992357492446899,0.9973989725112915,0.24915568033854166,0.15607706705729166
1,0.47884711623191833,0.9996775388717651,0.9987744688987732,0.5083754863813229,0.5098200389105059
1,0.04153892770409584,0.9950946569442749,0.952397346496582,0.047607421875,0.021759033203125
1,0.07311423867940903,0.9998089671134949,0.9992533326148987,0.06905110677083333,0.059885660807291664
1,0.13543184101581573,0.9997367262840271,0.9977830052375793,0.138702392578125,0.11688232421875
1,0.04141434282064438,0.998279333114624,0.9858821630477905,0.044230143229166664,0.047983805338541664
1,0.014251653105020523,0.999783456325531,0.486418753862381,0.01173728232551762,0.002687508569861511
1,0.42856189608573914,0.9998390674591064,0.999140739440918,0.485672497849154,0.5062804703183252
1,0.5549097657203674,0.9999171495437622,0.9992985129356384,0.5816548665364584,0.47125244140625
1,0.05585009977221489,0.9998612403869629,0.999276340007782,0.056142171223958336,0.05792236328125
1,0.2754976451396942,0.9963071346282959,0.9785480499267578,0.3034464518229167,0.10069783528645833
1,0.10348466038703918,0.9995121955871582,0.9977568984031677,0.10727945963541667,0.048777262369791664
1,0.03405515104532242,0.9998218417167664,0.9931495785713196,0.031941731770833336,0.03961181640625
1,0.0522671639919281,0.9918753504753113,0.907967209815979,0.05413818359375,0.019368489583333332
1,0.06991352885961533,0.9994493126869202,0.9967523813247681,0.07010904947916667,0.07167561848958333
1,0.00952034443616867,0.9910838603973389,0.1289600133895874,0.005564371744791667,0.0
1,0.21630580723285675,0.9996579885482788,0.999116837978363,0.218475341796875,0.21761067708333334
1,0.14419248700141907,0.999843955039978,0.9992175102233887,0.1519675925925926,0.08675925925925926
1,0.013549602590501308,0.9998313188552856,0.9963067173957825,0.013763427734375,0.012990315755208334
1,0.0434781089425087,0.9988752007484436,0.9638956785202026,0.040157412768877736,0.01590748246799202
1,0.13904184103012085,0.999276340007782,0.9931760430335999,0.14476888020833334,0.0593359375
1,0.10084230452775955,0.9996947050094604,0.9945730566978455,0.08494336962755734,0.03954713214337313
1,0.03965630754828453,0.9995197057723999,0.9912548065185547,0.035847981770833336,0.036173502604166664
1,0.03479061275720596,0.9988304972648621,0.9910134673118591,0.03070068359375,0.018280029296875
1,0.018991705030202866,0.9996553659439087,0.9819969534873962,0.018564860026041668,0.010691324869791666
1,0.019731709733605385,0.9998118281364441,0.9980196952819824,0.020029703776041668,0.015391031901041666
1,0.006215414498001337,0.9998260140419006,0.0032472978346049786,0.006256103515625,0.0
1,0.18256394565105438,0.9999274015426636,0.9994907379150391,0.18719482421875,0.18516031901041666
1,0.06383026391267776,0.9994926452636719,0.8607171773910522,0.033274332682291664,0.0
1,0.02232910878956318,0.9815951585769653,0.7767719626426697,0.023549397786458332,0.0
1,0.44471171498298645,0.9998675584793091,0.999373733997345,0.45296549479166665,0.46671223958333335
1,0.2708940804004669,0.9998133778572083,0.9991169571876526,0.2881368001302083,0.3165995279947917
1,0.024889901280403137,0.9885804057121277,0.8393393158912659,0.0274658203125,0.0
1,0.013838689774274826,0.9996800422668457,0.9840304851531982,0.013966878255208334,0.011962890625
1,0.024648822844028473,0.9998103976249695,0.951323390007019,0.023453776041666666,0.017115885416666667
1,0.02077222615480423,0.9981104135513306,0.7991963028907776,0.018590017064846417,0.0
1,0.033287931233644485,0.9997283816337585,0.9987744688987732,0.033172607421875,0.032053629557291664
1,0.1474822610616684,0.9993928670883179,0.9951889514923096,0.16344197591145834,0.1492919921875
1,0.01576964743435383,0.9999196529388428,0.9792701601982117,0.0113525390625,0.009379069010416666
1,0.22586309909820557,0.9996095299720764,0.9912212491035461,0.24518279569892473,0.1343010752688172
1,0.134089857339859,0.9997677206993103,0.9988259673118591,0.13347371419270834,0.126617431640625
1,0.3301471173763275,0.9984573125839233,0.9945307374000549,0.35467529296875,0.3203633626302083
1,0.05620463564991951,0.9998893737792969,0.9993147850036621,0.054982503255208336,0.048634847005208336
1,0.4346056878566742,0.9990960359573364,0.9974191188812256,0.464111328125,0.476531982421875
1,0.03154435381293297,0.9995362758636475,0.9951514005661011,0.03173828125,0.025238037109375
1,0.0333465114235878,0.9999053478240967,0.9989836812019348,0.03314208984375,0.021636962890625
1,0.08950494974851608,0.9997487664222717,0.9968641400337219,0.09123738606770833,0.094482421875
1,0.006740687880665064,0.9916519522666931,0.02790137566626072,0.006937662760416667,0.0
1,0.43698301911354065,0.998807430267334,0.9784263372421265,0.5470429104477612,0.5175326492537313
1,0.005966702476143837,0.9999856948852539,0.0071760485880076885,0.005971272786458333,0.0
1,0.20448561012744904,0.9998785257339478,0.9974689483642578,0.2219696044921875,0.24857076009114584
1,0.2438357025384903,0.9999165534973145,0.9993663430213928,0.26231132171817234,0.258195633080741
1,0.0096365325152874,0.9998655319213867,0.389269083738327,0.010080973307291666,0.0
1,0.013379111886024475,0.9995744824409485,0.9426060914993286,0.012186686197916666,0.0
1,0.11659177392721176,0.9996471405029297,0.9988120794296265,0.11875406901041667,0.11834716796875
1,0.041446931660175323,0.9997240900993347,0.997739315032959,0.042327880859375,0.042572021484375
1,0.08848843723535538,0.999823272228241,0.998798131942749,0.08266194661458333,0.07121785481770833
1,0.09952941536903381,0.9994966983795166,0.9963067173957825,0.10304768880208333,0.08742268880208333
1,0.11545255035161972,0.9994887113571167,0.9973989725112915,0.12254842122395833,0.108428955078125
1,0.15984749794006348,0.9999097585678101,0.9989141225814819,0.15522257486979166,0.1248779296875
1,0.5016420483589172,0.9999402761459351,0.9994000196456909,0.53189453125,0.56498046875
1,0.05295969173312187,0.999891996383667,0.999189555644989,0.0518798828125,0.050150553385416664
1,0.04667985811829567,0.9967899918556213,0.9840936064720154,0.048360188802083336,0.025482177734375
1,0.02609008364379406,0.9987792372703552,0.9886682629585266,0.027333577473958332,0.018992106119791668
1,0.05368614196777344,0.9999209642410278,0.9989433884620667,0.054423014322916664,0.022745768229166668
1,0.5524438619613647,0.9998984336853027,0.9993384480476379,0.5834452311197916,0.5980428059895834
1,0.09392111748456955,0.999843955039978,0.9990890026092529,0.09468587239583333,0.09210205078125
1,0.06821087002754211,0.9998148083686829,0.9982993006706238,0.07130921619293712,0.047704565030146424
1,0.04695521667599678,0.9998089671134949,0.9988120794296265,0.048055013020833336,0.036712646484375
1,0.0309278666973114,0.9995744824409485,0.9978085160255432,0.03070068359375,0.028371175130208332
1,0.045148275792598724,0.999208390712738,0.9962345957756042,0.04355774944010238,0.039037433155080216
1,0.33202245831489563,0.9997965693473816,0.9984021782875061,0.3552983234714004,0.36081114398422093
1,0.017427293583750725,0.9985841512680054,0.719052255153656,0.014617919921875,0.0
1,0.17656300961971283,0.9993410706520081,0.9896317720413208,0.185498046875,0.12961263020833333
1,0.11981623619794846,0.9997695088386536,0.9982522130012512,0.12399131274131274,0.11229247104247105
1,0.0472671203315258,0.9977216124534607,0.9074714183807373,0.055216471354166664,0.0
1,0.16365106403827667,0.9999171495437622,0.999559223651886,0.16044108072916666,0.10919189453125
1,0.042949553579092026,0.9996947050094604,0.9987403750419617,0.040924072265625,0.03631591796875
1,0.08281992375850677,0.9994986057281494,0.9933838844299316,0.09063720703125,0.06459554036458333
1,0.01794893480837345,0.9999434947967529,0.99826580286026,0.017201741536458332,0.013397216796875
1,0.08620674163103104,0.999562680721283,0.997121274471283,0.08912150065104167,0.09311930338541667
1,0.045102909207344055,0.9996923208236694,0.9986169338226318,0.045979817708333336,0.046112060546875
1,0.09483889490365982,0.9998377561569214,0.9989596605300903,0.10032145182291667,0.10431925455729167
1,0.0522739477455616,0.9998499155044556,0.9992985129356384,0.052449544270833336,0.05157470703125
1,0.14357581734657288,0.999913215637207,0.999180018901825,0.14143543543543544,0.1397177177177177
1,0.010005319491028786,0.9780097603797913,0.4125213027000427,0.0103759765625,0.0
1,0.3021771311759949,0.9997325539588928,0.9988927245140076,0.32525634765625,0.3647867838541667
1,0.00022883887868374586,0.12984344363212585,0.0026935997884720564,0.0,0.0
1,0.06824660301208496,0.9990072846412659,0.9888850450515747,0.066253662109375,0.026641845703125
1,0.06560573726892471,0.9990854263305664,0.9966102242469788,0.066986083984375,0.06947835286458333
1,0.0474889911711216,0.9999001026153564,0.9990414977073669,0.047312418619791664,0.046864827473958336
1,0.12119963020086288,0.9996416568756104,0.9982993006706238,0.13151041666666666,0.022918701171875
1,0.6840950846672058,0.9998365640640259,0.9992903470993042,0.6953837076822916,0.6979878743489584
1,0.12729986011981964,0.9999556541442871,0.999480664730072,0.13127476313522826,0.13301464254952627
1,0.024729803204536438,0.9978677034378052,0.9785903096199036,0.025431315104166668,0.017466227213541668
1,0.011402847245335579,0.9998488426208496,0.14731214940547943,0.009313482216708023,0.009338296112489661
1,0.07770907878875732,0.9985895752906799,0.9930152893066406,0.08148193359375,0.08194986979166667
1,0.016049234196543694,0.9999285936355591,0.59466952085495,0.014820963541666666,0.007682291666666666
1,0.024428917095065117,0.9996387958526611,0.9981030225753784,0.024810791015625,0.025726318359375
1,0.5145852565765381,0.9999239444732666,0.9995539784431458,0.524617212852507,0.5349787467434526
1,0.045607417821884155,0.9998028874397278,0.9982247948646545,0.047017415364583336,0.035756429036458336
1,0.028933292254805565,0.9997283816337585,0.8931231498718262,0.025563557942708332,0.006632486979166667
1,0.244278222322464,0.9996800422668457,0.9966495633125305,0.27014635316698654,0.2732989443378119
1,0.06873832643032074,0.9997108578681946,0.9980505704879761,0.07000732421875,0.06696573893229167
1,0.20808535814285278,0.9997695088386536,0.9990490078926086,0.2181396484375,0.22218831380208334
1,0.03446740284562111,0.9998013377189636,0.9985505938529968,0.034698486328125,0.033376057942708336
1,0.045584965497255325,0.9997367262840271,0.9983958601951599,0.04493055555555556,0.030625
1,0.0759987086057663,0.9998118281364441,0.9991340041160583,0.07670084635416667,0.059885660807291664
1,0.017362482845783234,0.9999402761459351,0.9987744688987732,0.017109375,0.016803385416666667
1,0.16294188797473907,0.999559223651886,0.9981470108032227,0.16890462239583334,0.16844685872395834
1,0.3838445246219635,0.9996849298477173,0.9981827735900879,0.4244722427736545,0.4552858875979984
1,0.01602918840944767,0.9995362758636475,0.5857547521591187,0.014690755208333333,0.007682291666666666
1,0.1017661988735199,0.9995810389518738,0.998492956161499,0.10164388020833333,0.09672037760416667
1,0.04469139873981476,0.9995608925819397,0.8875949382781982,0.034423828125,0.0
1,0.09329187124967575,0.9997262358665466,0.9984021782875061,0.094146728515625,0.09336344401041667
1,0.150058314204216,0.9998960494995117,0.9996048808097839,0.15058390299479166,0.15342203776041666
1,0.3744540214538574,0.999854564666748,0.9991238713264465,0.3944600423177083,0.3856404622395833
1,0.09015962481498718,0.9998960494995117,0.999322772026062,0.08960286458333333,0.09148763020833334
1,0.03257593885064125,0.9996485710144043,0.9977481961250305,0.033111572265625,0.03436279296875
1,0.08450490236282349,0.9998176693916321,0.9987257122993469,0.08753458658854167,0.091094970703125
1,0.07639960199594498,0.999438464641571,0.9930415153503418,0.07810465494791667,0.05413818359375
1,0.3188706338405609,0.9984330534934998,0.9918437600135803,0.354288,0.306016
1,0.038513656705617905,0.9996874332427979,0.9985392093658447,0.035532633463541664,0.026865641276041668
1,0.09531281143426895,0.9998300075531006,0.9988707900047302,0.09687296549479167,0.09514363606770833
1,0.0244307741522789,0.9999517202377319,0.9623920321464539,0.02313802083333333,0.016337890625
1,0.005575347691774368,0.9993588328361511,0.043607085943222046,0.004852294921875,0.0
1,0.005514511372894049,0.8329172730445862,0.13880814611911774,0.0025736490885416665,0.0
1,0.28282803297042847,0.9999719858169556,0.9993461966514587,0.28116607666015625,0.28319040934244794
1,0.47020453214645386,0.9999145269393921,0.9994557499885559,0.4997303350244527,0.5361076831665067
1,0.07524800300598145,0.9979888200759888,0.988711953163147,0.07969156901041667,0.051951090494791664
1,0.11053042858839035,0.9992848038673401,0.997730553150177,0.11188761393229167,0.10166422526041667
1,0.14581994712352753,0.9999469518661499,0.9996416568756104,0.14662679036458334,0.14723714192708334
1,0.24312125146389008,0.9998675584793091,0.9993255138397217,0.2601725260416667,0.2712910970052083
1,0.18331511318683624,0.9998623132705688,0.9992475509643555,0.18373616536458334,0.14561971028645834
1,0.019709844142198563,0.9996970891952515,0.9976029396057129,0.017964680989583332,0.016031901041666668
1,0.4104498624801636,0.9998812675476074,0.9992327690124512,0.43593400063988297,0.4701220348279172
1,0.006140648853033781,0.9999781847000122,0.0456043966114521,0.005605061848958333,0.0
1,0.01177946850657463,0.9511421918869019,0.33566439151763916,0.008066813151041666,0.0
1,0.38455572724342346,0.9994745850563049,0.9945730566978455,0.4191792805989583,0.4294026692708333
1,0.06411825120449066,0.999762237071991,0.9985841512680054,0.061920166015625,0.043172200520833336
1,0.19860900938510895,0.999762237071991,0.9988840222358704,0.20127360026041666,0.21982828776041666
1,0.5173033475875854,0.9999196529388428,0.9995469450950623,0.5316193610311257,0.5330088212441154
1,0.02173447050154209,0.9998984336853027,0.9993013143539429,0.021565755208333332,0.020751953125
0,0.011974078603088856,0.8365545868873596,0.33480364084243774,0.008076985677083334,0.0
0,0.35945796966552734,0.9939963817596436,0.9771101474761963,0.4214579264322917,0.3157755533854167
0,0.03540806472301483,0.869714617729187,0.5654187798500061,0.025309244791666668,0.0
0,0.05746374651789665,0.9946774244308472,0.9068034291267395,0.053904215494791664,0.0
0,0.012040053494274616,0.8389438390731812,0.17286890745162964,0.0014851888020833333,0.0
0,0.016633031889796257,0.8643104434013367,0.4447721540927887,0.012593587239583334,0.0
0,0.041412197053432465,0.9706321954727173,0.7356359362602234,0.043721516927083336,0.0
0,0.015001608990132809,0.9774571061134338,0.3279910683631897,0.008636474609375,0.0
0,0.028623944148421288,0.9790357351303101,0.6059722304344177,0.024180094401041668,0.0
0,0.015950066968798637,0.958304226398468,0.3519723117351532,0.008778889973958334,0.0
0,0.04730180278420448,0.9985730648040771,0.9880374670028687,0.0450439453125,0.020762125651041668
0,0.027886420488357544,0.9265698790550232,0.5156688690185547,0.018147786458333332,0.0
0,0.022523799911141396,0.9369805455207825,0.5001614689826965,0.016001383463541668,0.0
0,0.10913202166557312,0.9932811260223389,0.942294716835022,0.12052408854166667,0.0
0,0.00016262358985841274,0.09318170696496964,0.0019418168812990189,0.0,0.0
0,0.00014081182598602027,0.03760863468050957,0.0026316740550100803,0.0,0.0
0,0.00019250197510700673,0.0645354837179184,0.0037800956051796675,0.0,0.0
0,0.030605332925915718,0.9805806875228882,0.7652426362037659,0.029195149739583332,0.0
0,0.019302839413285255,0.9871788024902344,0.7668021321296692,0.019907633463541668,0.0
0,0.00657639978453517,0.6615949869155884,0.1490315943956375,0.0015462239583333333,0.0
0,0.11694329977035522,0.9671630263328552,0.8559679388999939,0.11580403645833333,0.0
0,0.014840427786111832,0.9091032147407532,0.379662424325943,0.010111490885416666,0.0
0,0.0018482576124370098,0.9489172697067261,0.005511934403330088,0.0017801920572916667,0.0
0,0.0002061413397314027,0.07423137128353119,0.0030750110745429993,0.0,0.0
0,0.0016519931377843022,0.3279910683631897,0.03760863468050957,0.0,0.0
0,0.0040801032446324825,0.5377696752548218,0.08344116806983948,0.000732421875,0.0
0,0.013747591525316238,0.9377830028533936,0.3898281753063202,0.010365804036458334,0.0
0,0.0481899194419384,0.9649873375892639,0.7559974193572998,0.046986897786458336,0.0
0,0.0006281649693846703,0.6132944822311401,0.008777077309787273,0.00014241536458333334,0.0
0,0.004440316464751959,0.23952718079090118,0.0768222063779831,0.0,0.0
0,0.04912528768181801,0.9787126779556274,0.8251689076423645,0.044189814814814814,0.0
0,0.16643105447292328,0.9990414977073669,0.9949001669883728,0.17173866666666668,0.12080533333333333
0,0.003315817564725876,0.9474782943725586,0.0768222063779831,0.0007731119791666666,0.0
0,0.018096772953867912,0.9100669622421265,0.38884833455085754,0.010498046875,0.0
0,0.006529226433485746,0.9682613611221313,0.14033271372318268,0.004526774088541667,0.0
0,0.13341696560382843,0.997368335723877,0.9765800833702087,0.14141845703125,0.074005126953125
0,0.31038960814476013,0.9985674619674683,0.9869794845581055,0.3475219298245614,0.25276315789473686
0,0.7921886444091797,0.9997197985649109,0.9976494908332825,0.88423125,0.9595041666666667
0,0.0042395624332129955,0.9159594178199768,0.07696083933115005,0.00430835734870317,0.0
0,0.003843239974230528,0.9480584859848022,0.07263670861721039,0.003062015503875969,0.0
0,0.019632983952760696,0.9835969805717468,0.5080565214157104,0.015422049956933678,0.0
0,0.009732224978506565,0.7627776861190796,0.19915375113487244,0.0028041666666666666,0.0
0,0.007699872367084026,0.9524857997894287,0.24780535697937012,0.006223074851911686,0.0
0,0.15932677686214447,0.9975274205207825,0.987129271030426,0.16689600050862158,0.09267357847077469
0,0.12294508516788483,0.9528381824493408,0.8729984164237976,0.15817066666666665,0.13066666666666665
0,0.21332916617393494,0.9975274205207825,0.9815244078636169,0.23566820720200268,0.13905979202772964
0,0.07656905800104141,0.9937100410461426,0.9213646650314331,0.08005731761655932,0.026289140033215863
0,0.04397669807076454,0.9958011507987976,0.7833262085914612,0.04263377486126301,0.0
0,0.017825212329626083,0.9955489635467529,0.7641214728355408,0.014195505171042164,0.005464399363564042
0,0.011443478986620903,0.9770664572715759,0.18432661890983582,0.005811569743604412,0.0
0,0.0822087824344635,0.9914886951446533,0.7399864792823792,0.08671542558585749,0.0
0,0.1527985781431198,0.9976859092712402,0.9464978575706482,0.15053137202697905,0.05332024316648917
0,0.027687344700098038,0.9957684278488159,0.870777428150177,0.021419174698633445,0.010540446210433055
0,0.1928795874118805,0.9971550703048706,0.8914335370063782,0.23633954678362573,0.0754797149122807
0,8.903337584342808e-05,0.025130946189165115,0.0018102111062034965,0.0,0.0
0,0.004508175887167454,0.9943799376487732,0.09252365678548813,0.0028603822481373504,0.0
0,0.015701955184340477,0.9993976354598999,0.674909234046936,0.014423828125,0.002916666666666667
0,0.1751922369003296,0.998798131942749,0.9922444224357605,0.18270006368074718,0.11164720866058161
0,0.006460941396653652,0.9759464263916016,0.21984122693538666,0.006349878934624698,0.0
0,0.31038960814476013,0.9985674619674683,0.9869794845581055,0.3475219298245614,0.25276315789473686
0,0.00043783264118246734,0.9819099307060242,0.002396730938926339,0.0003416856492027335,0.0
0,0.12418026477098465,0.9990745782852173,0.9936610460281372,0.1236930756116098,0.039454224267197996
0,0.023039013147354126,0.9644556045532227,0.5821371078491211,0.01701851851851852,0.0
0,0.009732224978506565,0.7627776861190796,0.19915375113487244,0.0028041666666666666,0.0
0,0.016339585185050964,0.9849274158477783,0.684421181678772,0.017713225191231058,0.0
0,0.03657247871160507,0.9901782274246216,0.6856400966644287,0.03256365740740741,0.0
0,0.01946372725069523,0.9942025542259216,0.8006919622421265,0.017135416666666667,0.0
0,0.20096063613891602,0.9992475509643555,0.9959613680839539,0.21383958429798838,0.15786901270772238
0,0.15932677686214447,0.9975274205207825,0.987129271030426,0.16689600050862158,0.09267357847077469
0,0.08122973144054413,0.9780517220497131,0.9108630418777466,0.08748855561390707,0.07220303851355434
0,0.022224217653274536,0.9965569972991943,0.46917760372161865,0.014289529914529914,0.0
0,0.01370084285736084,0.9877586960792542,0.5649339556694031,0.013938999357983163,0.0
0,0.032466091215610504,0.986151397228241,0.6789924502372742,0.028517660683265778,0.0
0,0.02574056386947632,0.9838472008705139,0.4856056571006775,0.014234932088285229,0.0
0,0.0027355151250958443,0.7468782067298889,0.08374040573835373,0.0001220703125,0.0
0,0.08209753036499023,0.9622496962547302,0.8377527594566345,0.086578369140625,0.0
0,0.00010060091153718531,0.019681409001350403,0.0018602986820042133,0.0,0.0
0,0.006805427838116884,0.9234544038772583,0.14511536061763763,0.004628499348958333,0.0
0,0.0009121891926042736,0.8733229041099548,0.009898063726723194,0.0003153483072916667,0.0
0,0.0008912643534131348,0.25219982862472534,0.013689476065337658,0.0,0.0
0,0.02605465054512024,0.7733874917030334,0.36103516817092896,0.009012858072916666,0.0
0,0.0008408775902353227,0.07751766592264175,0.012722708284854889,0.0,0.0
0,0.0037909240927547216,0.7512834072113037,0.08601588010787964,0.00177001953125,0.0
0,0.0030476085375994444,0.7093212604522705,0.05540972948074341,0.00079345703125,0.0
0,0.003139109117910266,0.8407825827598572,0.036079876124858856,0.0027262369791666665,0.0
0,0.12594693899154663,0.9840936064720154,0.8942310214042664,0.16023763020833334,0.040059407552083336
0,0.03603911027312279,0.9751545190811157,0.6642038822174072,0.020121256510416668,0.0
0,0.028883574530482292,0.9505947232246399,0.7871142029762268,0.032399495442708336,0.0
0,0.00022630450257565826,0.04778006672859192,0.0032472978346049786,0.0,0.0
0,0.005679103080183268,0.9522199034690857,0.1410410851240158,0.0035807291666666665,0.0
0,0.0009936416754499078,0.20995521545410156,0.02494025230407715,0.0,0.0
0,0.05129766836762428,0.9906237721443176,0.8958876132965088,0.06260172526041667,0.0
0,0.005933001171797514,0.9272316098213196,0.13546064496040344,0.00360107421875,0.0
0,0.00031548223341815174,0.13095079362392426,0.005796726793050766,0.0,0.0
0,0.05766637250781059,0.9606574773788452,0.8289346694946289,0.06834920247395833,0.0
0,0.007573381066322327,0.6971967220306396,0.13061442971229553,0.001495361328125,0.0
0,0.08577720075845718,0.9969125986099243,0.9835337996482849,0.09477742513020833,0.066619873046875
0,0.05246197059750557,0.9534487724304199,0.7893863320350647,0.053059895833333336,0.0
0,0.022672073915600777,0.9039745330810547,0.43331652879714966,0.01336669921875,0.0
0,0.0009361018310301006,0.3797808289527893,0.01744047924876213,2.0345052083333332e-05,0.0
0,0.0037277296651154757,0.5282140374183655,0.08122339099645615,0.000885009765625,0.0
0,0.007307351101189852,0.7009971737861633,0.15027432143688202,0.001678466796875,0.0
0,0.001879952964372933,0.7550956010818481,0.03131934255361557,0.0003255208333333333,0.0
0,0.13216198980808258,0.9942474365234375,0.974821150302887,0.15305582682291666,0.14825439453125
0,0.01111625973135233,0.7525585293769836,0.355771541595459,0.009206136067708334,0.0
0,0.055498287081718445,0.9915544390678406,0.9436599016189575,0.057596842447916664,0.0299072265625
0,0.01860908418893814,0.44022855162620544,0.24490438401699066,0.000335693359375,0.0
0,0.07114274799823761,0.9920002222061157,0.9476723670959473,0.07599894205729167,0.034342447916666664
0,0.0033367706928402185,0.3282063901424408,0.08254930377006531,0.0,0.0
0,0.003043055534362793,0.7187917828559875,0.04543721675872803,0.0015055338541666667,0.0
0,0.19705288112163544,0.970687747001648,0.9099021553993225,0.23046875,0.07065836588541667
0,0.056385546922683716,0.8632764220237732,0.5494859218597412,0.03302001953125,0.0
0,0.011358276940882206,0.6609387397766113,0.13997262716293335,0.0010274251302083333,0.0
0,0.027480019256472588,0.9696707129478455,0.5377385020256042,0.021881103515625,0.0
0,0.10094001144170761,0.9277569651603699,0.7671669721603394,0.10345458984375,0.0
0,0.08767431974411011,0.9702962636947632,0.8535469174385071,0.08293660481770833,0.031270345052083336
0,0.05564018711447716,0.896975576877594,0.444832444190979,0.016835530598958332,0.0
0,0.10640714317560196,0.9393594861030579,0.7967625260353088,0.1092529296875,0.0
0,0.1777932047843933,0.9969485402107239,0.9817696213722229,0.198211669921875,0.13970947265625
0,0.0560772605240345,0.9930423498153687,0.9437636137008667,0.057454427083333336,0.0213623046875
0,0.023965617641806602,0.9579908847808838,0.5146746635437012,0.014261881510416666,0.0
0,0.054838549345731735,0.9468920826911926,0.6077708601951599,0.03436279296875,0.0
0,0.02715522237122059,0.5388011932373047,0.23388130962848663,0.001617431640625,0.0
0,0.03643178567290306,0.9740425944328308,0.8474634885787964,0.035166422526041664,0.0
0,0.03160939738154411,0.6911847591400146,0.37364381551742554,0.009694417317708334,0.0
0,0.13264727592468262,0.9655764698982239,0.8330531716346741,0.15001424153645834,0.0
0,0.0007007855456322432,0.2233770787715912,0.010860332287847996,0.0,0.0
0,0.04995854198932648,0.7937461733818054,0.5299457907676697,0.033589680989583336,0.0
0,0.06969405710697174,0.7098243832588196,0.46125486493110657,0.022267659505208332,0.0
0,0.0036983725149184465,0.38844403624534607,0.06730107218027115,2.0345052083333332e-05,0.0
0,0.0004495751636568457,0.32928386330604553,0.004086002241820097,0.0,0.0
0,0.14671024680137634,0.9942920207977295,0.9501341581344604,0.18365478515625,0.21870930989583334
0,0.012601848691701889,0.9242786765098572,0.37399014830589294,0.009928385416666666,0.0
0,0.0003391742648091167,0.2011847198009491,0.005641252268105745,0.0,0.0
0,0.07513458281755447,0.9762200117111206,0.9122753143310547,0.06363932291666667,0.03594970703125
0,0.043712589889764786,0.9223425984382629,0.7507300972938538,0.058919270833333336,0.0
0,0.10555478930473328,0.9898695349693298,0.9691494703292847,0.10486857096354167,0.0841064453125
0,5.564807725022547e-05,0.00651349825784564,0.0007702931761741638,0.0,0.0
0,0.027706792578101158,0.9634374976158142,0.5384978652000427,0.020802815755208332,0.0
0,0.043518856167793274,0.9290551543235779,0.7738954424858093,0.04827880859375,0.0
0,0.028463413938879967,0.9709643721580505,0.9118005633354187,0.030792236328125,0.024007161458333332
0,0.056112658232450485,0.9928508996963501,0.934634268283844,0.060923258463541664,0.033772786458333336
0,0.0006488075596280396,0.6614856719970703,0.0055333878844976425,0.000213623046875,0.0
0,0.10004111379384995,0.9867261648178101,0.9224823713302612,0.08559163411458333,0.042236328125
0,0.006278148386627436,0.5718263983726501,0.15520647168159485,0.0010274251302083333,0.0
0,0.03509266674518585,0.9758085012435913,0.7452130317687988,0.031524658203125,0.0
0,0.014221099205315113,0.8862236142158508,0.3179522752761841,0.008392333984375,0.0
0,0.09310346841812134,0.9798612594604492,0.9150483012199402,0.09132893880208333,0.059651692708333336
0,0.010358496569097042,0.8828325867652893,0.16105617582798004,0.004618326822916667,0.0
0,0.007923150435090065,0.8279673457145691,0.23265340924263,0.005452473958333333,0.0
0,0.014559903182089329,0.9610249400138855,0.6277161836624146,0.017628987630208332,0.0
0,0.022011185064911842,0.9609517455101013,0.6505749225616455,0.020985921223958332,0.0
0,0.13319894671440125,0.9927109479904175,0.9626709818840027,0.14278157552083334,0.10957845052083333
0,0.029742904007434845,0.9913222789764404,0.8339976668357849,0.025492350260416668,0.0
0,0.002544428687542677,0.985496461391449,0.012288597412407398,0.002410888671875,0.0
0,0.009866907261312008,0.9430335760116577,0.24689632654190063,0.006876627604166667,0.0
0,0.0040928758680820465,0.5326986312866211,0.09334688633680344,0.0008036295572916666,0.0
0,0.07745998352766037,0.9114953279495239,0.56966233253479,0.050201416015625,0.0
0,0.00037980006891302764,0.17328819632530212,0.004982269834727049,0.0,0.0
0,0.01183091476559639,0.7648915648460388,0.3030032813549042,0.006601969401041667,0.0
0,0.017116427421569824,0.813164234161377,0.44941556453704834,0.014607747395833334,0.0
0,0.03845452144742012,0.9922744631767273,0.9296807050704956,0.040557861328125,0.029754638671875
0,0.1499413400888443,0.9920002222061157,0.958535373210907,0.16826375325520834,0.10825602213541667
0,0.14453455805778503,0.9887554049491882,0.9733928442001343,0.16192626953125,0.153839111328125
0,0.0017869127914309502,0.17695587873458862,0.03488088399171829,0.0,0.0
0,0.005439756903797388,0.6161855459213257,0.11971037089824677,0.0009969075520833333,0.0
0,0.06721965223550797,0.9944666028022766,0.9866234660148621,0.07039388020833333,0.061279296875
0,0.004840761888772249,0.9738940596580505,0.10650458931922913,0.003692626953125,0.0
0,0.21489661931991577,0.9834068417549133,0.907967209815979,0.259735107421875,0.2230224609375
0,0.018086930736899376,0.9701834917068481,0.31795546412467957,0.007598876953125,0.0
0,0.0010186267318204045,0.944587230682373,0.0025114635936915874,0.001068115234375,0.0
0,0.019443809986114502,0.9968519806861877,0.8568087220191956,0.017751057942708332,0.0
0,0.06253933906555176,0.9899476170539856,0.9324532747268677,0.06324259440104167,0.048828125
0,9.284400584874675e-05,0.01609087362885475,0.0014550630003213882,0.0,0.0
0,0.011543173342943192,0.989591658115387,0.23791925609111786,0.0072021484375,0.0
0,0.0026678545400500298,0.6517983078956604,0.037256766110658646,0.0004170735677083333,0.0
0,0.0006558294408023357,0.4433292746543884,0.014503578655421734,1.0172526041666666e-05,0.0
0,0.15801362693309784,0.9974787831306458,0.9836598634719849,0.16688028971354166,0.13533528645833334
0,0.059921909123659134,0.9920002222061157,0.8927496671676636,0.060170491536458336,0.0
0,0.015977563336491585,0.9619649052619934,0.40921902656555176,0.011077880859375,0.0
0,0.029276736080646515,0.9477691650390625,0.6266852617263794,0.023590087890625,0.0
0,0.07484539598226547,0.9969245791435242,0.956550657749176,0.08191935221354167,0.0
0,0.03269661217927933,0.9939496517181396,0.9477604627609253,0.0338134765625,0.032185872395833336
0,0.012651383876800537,0.6315943002700806,0.2978782653808594,0.0010579427083333333,0.0
0,0.08023051917552948,0.9995272159576416,0.985496461391449,0.08257039388020833,0.017262776692708332
0,0.07080257683992386,0.9990072846412659,0.9856076240539551,0.07422892252604167,0.039103190104166664
0,0.07859575748443604,0.9906600117683411,0.9519526958465576,0.08116658528645833,0.0
0,0.004659959580749273,0.9376689791679382,0.07599522173404694,0.0035909016927083335,0.0
0,0.00453218026086688,0.796609103679657,0.10951514542102814,0.0020548502604166665,0.0
0,0.01569637469947338,0.9305844902992249,0.37158575654029846,0.009674072265625,0.0
0,0.07828796654939651,0.9927109479904175,0.925499677658081,0.082550048828125,0.0
0,0.05394114926457405,0.9939261078834534,0.907137930393219,0.053904215494791664,0.0
0,0.016336964443325996,0.9588471055030823,0.483449786901474,0.013936360677083334,0.0
0,0.0017103273421525955,0.6460136771202087,0.039046093821525574,0.0001220703125,0.0
0,0.14451831579208374,0.9949199557304382,0.9710743427276611,0.16456095377604166,0.15570068359375
0,0.0027134909760206938,0.8621196746826172,0.05418974533677101,0.000732421875,0.0
0,0.011230562813580036,0.8623515963554382,0.2752212584018707,0.004923502604166667,0.0
0,0.011118526570498943,0.968020498752594,0.2965432107448578,0.0072021484375,0.0
0,0.19880622625350952,0.9972207546234131,0.9813454747200012,0.22297159830729166,0.15643310546875
0,0.037970323115587234,0.9908744096755981,0.9231777787208557,0.0386962890625,0.0
0,0.07132767885923386,0.9885361194610596,0.9111796617507935,0.07790120442708333,0.0
0,0.010833822190761566,0.9355823397636414,0.3620529770851135,0.009653727213541666,0.0
0,0.0010262475116178393,0.9844563603401184,0.0019798087887465954,0.0010477701822916667,0.0
0,0.015358206816017628,0.7869504690170288,0.29320207238197327,0.00543212890625,0.0
0,0.0004576197825372219,0.10989668220281601,0.008380454033613205,0.0,0.0
0,0.0002947273897007108,0.02456308715045452,0.003809630172327161,0.0,0.0
0,0.1500786542892456,0.995226263999939,0.9664104580879211,0.16322835286458334,0.11509195963541667
0,0.0009439517161808908,0.5030117034912109,0.010012410581111908,0.000335693359375,0.0
0,0.010188999585807323,0.8469578623771667,0.24381165206432343,0.004557291666666667,0.0
0,0.0027735820040106773,0.6623597741127014,0.054499875754117966,0.00067138671875,0.0
0,0.007115021347999573,0.7453983426094055,0.14915919303894043,0.0019022623697916667,0.0
0,0.0069511812180280685,0.9737945199012756,0.16559313237667084,0.005015055338541667,0.0
0,0.004231598693877459,0.9628131985664368,0.1127954050898552,0.0022989908854166665,0.0
0,0.00025951722636818886,0.07369627058506012,0.004038121551275253,0.0,0.0
0,0.036274734884500504,0.8312800526618958,0.6099889278411865,0.041269938151041664,0.0
0,0.003789771581068635,0.6114400029182434,0.0972188413143158,0.00152587890625,0.0
0,0.0066036502830684185,0.8946054577827454,0.18505747616291046,0.0037943522135416665,0.0
0,0.00040434219408780336,0.07409726083278656,0.010944577865302563,0.0,0.0
0,0.019582293927669525,0.9900636076927185,0.7718383073806763,0.020222981770833332,0.0
0,0.11492646485567093,0.9822876453399658,0.9005245566368103,0.133209228515625,0.08601888020833333
0,0.014973574317991734,0.8978744745254517,0.440158486366272,0.013336181640625,0.0
0,0.04414824768900871,0.9971439242362976,0.9738940596580505,0.043863932291666664,0.031514485677083336
0,0.0706200823187828,0.9915870428085327,0.9501341581344604,0.07181803385416667,0.0545654296875
0,0.008327278308570385,0.7940657734870911,0.15456350147724152,0.0018107096354166667,0.0
0,0.005208601709455252,0.911337673664093,0.07422333210706711,0.0017293294270833333,0.0
0,0.018371274694800377,0.9227612018585205,0.282583087682724,0.006500244140625,0.0
0,0.013037844561040401,0.9561454057693481,0.35958901047706604,0.00958251953125,0.0
0,0.0010274323867633939,0.49694639444351196,0.014116266742348671,3.0517578125e-05,0.0
0,2.7475703973323107e-05,0.00418249424546957,0.00022871329565532506,0.0,0.0
0,0.008989588357508183,0.7520126104354858,0.26626187562942505,0.00543212890625,0.0
0,0.023753881454467773,0.9732407331466675,0.7107226848602295,0.028879801432291668,0.0
0,1.8034048480330966e-05,0.0017546144081279635,0.00020820149802602828,0.0,0.0
0,0.0026960994582623243,0.8933094143867493,0.04145994782447815,0.0022379557291666665,0.0
0,0.0027762632817029953,0.9222025275230408,0.017846688628196716,0.002685546875,0.0
0,0.0008216306450776756,0.39094078540802,0.01422540470957756,2.0345052083333332e-05,0.0
0,0.0024983796756714582,0.6059739589691162,0.048945896327495575,0.0004781087239583333,0.0
0,0.010996829718351364,0.9744833707809448,0.3976992070674896,0.010752360026041666,0.0
0,0.05043322220444679,0.9571177959442139,0.7762839198112488,0.05584716796875,0.0
0,0.01901990734040737,0.9881765246391296,0.766796886920929,0.020263671875,0.0
0,0.0001912797597469762,0.03102617897093296,0.0032476764172315598,0.0,0.0
0,0.0007520510698668659,0.8820220232009888,0.008283627219498158,0.0002848307291666667,0.0
0,0.012609041295945644,0.8987665772438049,0.41902855038642883,0.011617024739583334,0.0
0,0.00982698518782854,0.9743860960006714,0.3076574504375458,0.008341471354166666,0.0
0,0.0031057605519890785,0.8381505608558655,0.049678388983011246,0.0021464029947916665,0.0
0,0.06347949057817459,0.9890130758285522,0.787253201007843,0.051096598307291664,0.0
0,0.0002753946464508772,0.43266257643699646,0.002714985515922308,2.0345052083333332e-05,0.0
0,0.20409931242465973,0.9993785619735718,0.996434211730957,0.22165934244791666,0.15617879231770834
0,0.02218230627477169,0.9691494703292847,0.7708100080490112,0.02423095703125,0.0
0,0.07685063034296036,0.9764904975891113,0.8529354929924011,0.072967529296875,0.0
0,0.00824753474444151,0.9399133324623108,0.17952623963356018,0.005462646484375,0.0
0,0.03558499366044998,0.9856629967689514,0.6515666246414185,0.027781168619791668,0.0
0,0.002020349493250251,0.5194146633148193,0.04760000482201576,0.00019327799479166666,0.0
0,0.01828964613378048,0.837221086025238,0.4555610418319702,0.014129638671875,0.0
0,0.0015683352248743176,0.6180315017700195,0.02215760201215744,0.0004170735677083333,0.0
0,0.0007377269212156534,0.10194652527570724,0.014447852037847042,0.0,0.0
0,0.0568322092294693,0.9677167534828186,0.8344069123268127,0.058970133463541664,0.0
0,0.05900070443749428,0.9950370192527771,0.9641847610473633,0.058675130208333336,0.027628580729166668
0,0.008589115925133228,0.7266196608543396,0.21501100063323975,0.0033365885416666665,0.0
0,0.0004959506914019585,0.6579781174659729,0.006241259165108204,0.000213623046875,0.0
0,0.00589229678735137,0.7360213398933411,0.13499699532985687,0.00201416015625,0.0
0,0.0011666706996038556,0.7457688450813293,0.024418914690613747,0.0003560384114583333,0.0
0,0.014505545608699322,0.9426124691963196,0.48909682035446167,0.013926188151041666,0.0
0,0.1327493041753769,0.9950177073478699,0.9759450554847717,0.15107218424479166,0.15024820963541666
0,0.023271165788173676,0.9915544390678406,0.5736079812049866,0.018259684244791668,0.0
0,0.0029851736035197973,0.44098079204559326,0.05070536583662033,7.120768229166667e-05,0.0
0,0.002590768737718463,0.6982265710830688,0.059534214437007904,0.0009663899739583334,0.0
0,0.055675819516181946,0.9844563603401184,0.8789390921592712,0.054758707682291664,0.0
0,0.03018907643854618,0.9499486684799194,0.67425537109375,0.025868733723958332,0.0
0,0.016336534172296524,0.8329172730445862,0.48318883776664734,0.016428629557291668,0.0
0,0.010090284049510956,0.8703770637512207,0.30589839816093445,0.006215413411458333,0.0
0,0.00983936432749033,0.8840392827987671,0.2617081105709076,0.00592041015625,0.0
0,0.04597896337509155,0.9876639246940613,0.9290474057197571,0.048929850260416664,0.0421142578125
0,0.0369209460914135,0.9769787192344666,0.7260343432426453,0.034444173177083336,0.0
0,0.060817599296569824,0.9973269701004028,0.9753403067588806,0.0638427734375,0.053629557291666664
0,0.020485255867242813,0.9927672147750854,0.8413008451461792,0.020640055338541668,0.0
0,0.05564219877123833,0.9987792372703552,0.9835318922996521,0.052317301432291664,0.028839111328125
0,0.004199530929327011,0.8581252098083496,0.09367801249027252,0.0020345052083333335,0.0
0,0.04616343975067139,0.9328213930130005,0.7474316954612732,0.047322591145833336,0.0
0,0.01437628734856844,0.972727358341217,0.5844454765319824,0.0157470703125,0.0
0,0.0027800339739769697,0.9181873202323914,0.04401372745633125,0.0016276041666666667,0.0
0,0.0040963864885270596,0.7208598256111145,0.10266400873661041,0.0007731119791666666,0.0
0,0.010498866438865662,0.9213575720787048,0.29756587743759155,0.007436116536458333,0.0
0,0.06737888604402542,0.9835969805717468,0.8528093099594116,0.06288655598958333,0.0
0,0.004764632321894169,0.47661012411117554,0.11258842051029205,0.000396728515625,0.0
0,0.007250476628541946,0.635448694229126,0.2553381025791168,0.005320231119791667,0.0
0,0.10144253820180893,0.998798131942749,0.9909797310829163,0.108734130859375,0.11440022786458333
0,4.1748771764105186e-05,0.004773722495883703,0.0006411776994355023,0.0,0.0
0,0.022869864478707314,0.9304582476615906,0.5647299289703369,0.016082763671875,0.0
0,0.0191484484821558,0.9192084670066833,0.4176817536354065,0.01202392578125,0.0
0,0.0064500379376113415,0.29818472266197205,0.0844927504658699,0.0,0.0
0,0.00815076194703579,0.8429924845695496,0.23509788513183594,0.0036417643229166665,0.0
0,0.003350745188072324,0.41365477442741394,0.1102793738245964,0.000152587890625,0.0
0,0.002601848216727376,0.8729984164237976,0.025710120797157288,0.0026957194010416665,0.0
0,4.1345443605678156e-05,0.013020490296185017,0.0008492456399835646,0.0,0.0
0,0.0005684634088538587,0.1445106863975525,0.014726916328072548,0.0,0.0
0,0.026624759659171104,0.9916195869445801,0.7520126104354858,0.025197347005208332,0.0
0,0.004080829676240683,0.11124119907617569,0.04410091042518616,0.0,0.0
0,0.03851224109530449,0.9675332307815552,0.749454140663147,0.036397298177083336,0.0
0,0.010007183998823166,0.9643214344978333,0.3864496648311615,0.010243733723958334,0.0
0,0.01823590137064457,0.9628831148147583,0.718390941619873,0.02032470703125,0.0
0,0.0001481204089941457,0.026506125926971436,0.003678509034216404,0.0,0.0
0,0.014613587409257889,0.8773717284202576,0.24544115364551544,0.004842122395833333,0.0
0,0.07932956516742706,0.9809491038322449,0.8373541235923767,0.102386474609375,0.0
0,0.008626100607216358,0.8092760443687439,0.35958901047706604,0.009501139322916666,0.0
0,0.23056979477405548,0.9989718198776245,0.9887987971305847,0.24764305816135085,0.18712242026266415
0,0.020070819184184074,0.9662834405899048,0.7403658628463745,0.021550925925925925,0.0
0,0.005542117170989513,0.854520857334137,0.11920806765556335,0.00328125,0.0
0,0.04538131505250931,0.9669140577316284,0.8281077146530151,0.03697916666666667,0.0
0,0.03683510050177574,0.9893062710762024,0.8098931908607483,0.033151041666666665,0.0
0,0.22615963220596313,0.9977481961250305,0.9925393462181091,0.24742933333333333,0.22024533333333332
0,0.038161661475896835,0.995226263999939,0.9458011984825134,0.038725333333333334,0.015173333333333334
0,0.0017899336526170373,0.945600688457489,0.024377062916755676,0.0009407552083333334,0.0
0,0.06558775156736374,0.9683213829994202,0.801159143447876,0.06039162112932605,0.018233151183970855
0,0.06610597670078278,0.9973269701004028,0.9702399373054504,0.06705208333333333,0.04264791666666667
0,0.014892013743519783,0.9797840118408203,0.3850283622741699,0.010211614173228346,0.0
0,0.022229738533496857,0.9980505704879761,0.8775827884674072,0.01852626459143969,0.011794747081712062
0,0.01257353089749813,0.9978594183921814,0.5306637287139893,0.011979571984435798,0.004513618677042802
0,0.13602831959724426,0.9983385801315308,0.9865199327468872,0.14247083333333332,0.11391875
0,0.016979563981294632,0.9969245791435242,0.5944924354553223,0.01484375,0.0
0,0.01516682468354702,0.9717254042625427,0.4487919211387634,0.011696428571428571,0.0
0,0.057549722492694855,0.9991238713264465,0.9696707129478455,0.05840009652509653,0.0
0,0.024597855284810066,0.999840259552002,0.8168451189994812,0.020996621621621622,0.008279440154440154
0,0.03616189584136009,0.8045595288276672,0.45883336663246155,0.0161684991331446,0.0
0,0.0721549242734909,0.9981030225753784,0.9658352136611938,0.05883868626383596,0.04137180185084377
0,0.009359709918498993,0.7992857098579407,0.2492644488811493,0.004249585406301824,0.0
0,0.17365090548992157,0.9988120794296265,0.9800530076026917,0.2083859167809785,0.21724737082761775
0,0.047979384660720825,0.9980121850967407,0.9291837811470032,0.04102880658436214,0.01285779606767261
0,0.09687329083681107,0.9990600943565369,0.9551529288291931,0.10113397347965249,0.012437128486511203
0,0.029734723269939423,0.998498797416687,0.9711290597915649,0.029369344655452614,0.005810691172986521
0,0.036861713975667953,0.9989556074142456,0.9767136573791504,0.032526230831315575,0.019144471347861177
0,0.009437269531190395,0.9330658316612244,0.28826844692230225,0.0026208333333333335,0.0
0,0.1933199167251587,0.9994557499885559,0.9914224743843079,0.22202486678507993,0.21194971990709113
0,0.012560059316456318,0.982557475566864,0.6308884620666504,0.013020833333333334,0.0
0,0.02685575745999813,0.945600688457489,0.8133125305175781,0.0350341796875,0.021087646484375
0,0.13923144340515137,0.9932811260223389,0.976445734500885,0.15996297200520834,0.12647501627604166
0,0.019322741776704788,0.9639160633087158,0.696252703666687,0.02276611328125,0.0
0,0.0009067741339094937,0.7133318185806274,0.012430214323103428,0.00022379557291666666,0.0
0,0.001460658386349678,0.2959415912628174,0.036354612559080124,0.0,0.0
0,3.55627344106324e-05,0.011732463724911213,0.0005861161625944078,0.0,0.0
0,0.01290253084152937,0.9909096360206604,0.35822731256484985,0.009592692057291666,0.0
0,0.004956834018230438,0.8316905498504639,0.09825223684310913,0.0005696614583333334,0.0
0,9.871108886727598e-06,0.0017207354540005326,0.0001511819864390418,0.0,0.0
0,5.175394835532643e-05,0.028544150292873383,0.0009181900531984866,0.0,0.0
0,4.455480302567594e-05,0.011687257327139378,0.0007379196467809379,0.0,0.0
0,7.307989289984107e-05,0.036977555602788925,0.0014435872435569763,0.0,0.0
0,0.00022127525880932808,0.04903962090611458,0.004754646215587854,0.0,0.0
0,0.0008563750889152288,0.9193534255027771,0.0018969200318679214,0.0009358723958333334,0.0
0,0.0002691123227123171,0.31965208053588867,0.00570803415030241,0.0,0.0
0,0.00010159333032788709,0.035813190042972565,0.0012644219677895308,0.0,0.0
0,0.0002687588275875896,0.12231338024139404,0.005301895085722208,0.0,0.0
0,0.00016511599824298173,0.12168575078248978,0.003172682598233223,0.0,0.0
0,0.032230835407972336,0.9122800230979919,0.6354452967643738,0.031707763671875,0.0
0,0.003949552308768034,0.40904372930526733,0.09585607796907425,4.0690104166666664e-05,0.0
0,0.07387662678956985,0.9919067621231079,0.9369805455207825,0.06568400065104167,0.017578125
0,0.23868519067764282,0.9977038502693176,0.9938309192657471,0.251678466796875,0.23560587565104166
0,0.04454974830150604,0.9931495785713196,0.9495731592178345,0.043324788411458336,0.035298665364583336
0,0.0563499815762043,0.995685338973999,0.897335946559906,0.055460611979166664,0.018910725911458332
0,0.009811253286898136,0.9863631129264832,0.26208001375198364,0.008005777994791666,0.0
0,0.03746998310089111,0.9987157583236694,0.9053223133087158,0.043375651041666664,0.009796142578125
0,0.0038586228620260954,0.8213309049606323,0.07081620395183563,0.00103759765625,0.0
0,0.0029402177315205336,0.7130321860313416,0.0501442514359951,0.0015157063802083333,0.0
0,0.011922548525035381,0.7062917351722717,0.267971009016037,0.005666097005208333,0.0
0,0.00499255396425724,0.869714617729187,0.13128456473350525,0.0036214192708333335,0.0
0,0.10182106494903564,0.9489172697067261,0.87428879737854,0.12505086263020834,0.0762939453125
0,0.05573616549372673,0.9974983334541321,0.9348689317703247,0.06378173828125,0.0
0,0.03206615149974823,0.9979888200759888,0.9118005633354187,0.030344645182291668,0.0
0,0.061122942715883255,0.9906237721443176,0.8910549879074097,0.062154134114583336,0.0
0,0.08785184472799301,0.9058233499526978,0.8350804448127747,0.106475830078125,0.110504150390625
0,0.037145230919122696,0.9814534187316895,0.7047609686851501,0.032145182291666664,0.0
0,0.004362223204225302,0.9792352318763733,0.09040891379117966,0.0033162434895833335,0.0
0,0.003210783703252673,0.9193534255027771,0.07877552509307861,0.0012003580729166667,0.0
0,0.009881995618343353,0.9569571614265442,0.31381815671920776,0.008585611979166666,0.0
0,0.020770801231265068,0.8543993234634399,0.6717904210090637,0.019734700520833332,0.0
0,0.01436062902212143,0.9622496962547302,0.6553360223770142,0.014902750651041666,0.0
0,0.05783039331436157,0.9192084670066833,0.7424216866493225,0.07483927408854167,0.0
0,0.0003611949214246124,0.04208773002028465,0.010860332287847996,0.0,0.0
0,7.618022209499031e-05,0.04716186597943306,0.001215899595990777,0.0,0.0
0,0.01340158749371767,0.9418684244155884,0.29940930008888245,0.0059814453125,0.0
0,0.0011335412273183465,0.11260011047124863,0.03126191347837448,0.0,0.0
0,7.616812945343554e-05,0.02280263788998127,0.0017342078499495983,0.0,0.0
0,0.009101473726332188,0.5899526476860046,0.20801317691802979,0.0013936360677083333,0.0
0,0.012929013930261135,0.9989012479782104,0.37158918380737305,0.009806315104166666,0.0
0,0.02036084420979023,0.9878058433532715,0.49382686614990234,0.018107096354166668,0.0
0,1.9094994058832526e-05,0.005448068492114544,0.0002673202252481133,0.0,0.0
0,0.013850286602973938,0.9884918928146362,0.8258665204048157,0.015869140625,0.015177408854166666
0,0.004131533671170473,0.8097277879714966,0.059098292142152786,0.0029195149739583335,0.0
0,5.3936713811708614e-05,0.01374231930822134,0.001004416379146278,0.0,0.0
0,0.021334296092391014,0.9845160245895386,0.7118257284164429,0.02056884765625,0.0
0,0.00023764539218973368,0.16545821726322174,0.003736220533028245,0.0,0.0
0,0.00010821554315043613,0.02701479196548462,0.0017612639348953962,0.0,0.0
0,0.043269217014312744,0.954647421836853,0.7283620238304138,0.039326985677083336,0.0
0,0.02341499924659729,0.9945095181465149,0.9528355598449707,0.0244140625,0.017822265625
0,6.82104000588879e-05,0.015130727551877499,0.0009003415470942855,0.0,0.0
0,1.8805969375534914e-05,0.0033374049235135317,0.00029365462251007557,0.0,0.0
0,0.0005490222247317433,0.2972659170627594,0.009522485546767712,0.0,0.0
0,0.011936941184103489,0.8480936288833618,0.32209619879722595,0.007415771484375,0.0
0,0.07549940794706345,0.9986801743507385,0.9893474578857422,0.07619222005208333,0.06866455078125
0,0.010419140569865704,0.9452984929084778,0.4011264741420746,0.010772705078125,0.0
0,0.0025953880976885557,0.5462843179702759,0.03825006261467934,0.000152587890625,0.0
0,0.008697815239429474,0.8325091600418091,0.13603350520133972,0.0023091634114583335,0.0
0,0.0002047431917162612,0.09859886765480042,0.003039649687707424,0.0,0.0
0,0.009175444021821022,0.9895513653755188,0.27961108088493347,0.008494059244791666,0.0
0,0.00866349134594202,0.967777669429779,0.2564482092857361,0.008036295572916666,0.0
0,3.829301567748189e-05,0.01572399213910103,0.0005233756965026259,0.0,0.0
0,0.005524277687072754,0.5908382534980774,0.13834533095359802,0.0006205240885416666,0.0
0,0.0007697108085267246,0.7280721664428711,0.0032221085857599974,0.0006306966145833334,0.0
0,0.0005214206757955253,0.45598578453063965,0.002191240666434169,6.103515625e-05,0.0
0,0.0024325221311300993,0.9797453284263611,0.010776727460324764,0.0024515787760416665,0.0
0,0.012243088334798813,0.9184802770614624,0.5290601849555969,0.014475504557291666,0.0
0,3.9362330426229164e-05,0.009125636890530586,0.0007642140262760222,0.0,0.0
0,0.0002727510582190007,0.472744345664978,0.003172682598233223,3.0517578125e-05,0.0
0,0.0014193396782502532,0.5996023416519165,0.03803509101271629,0.00013224283854166666,0.0
0,0.0017106457380577922,0.23265863955020905,0.05070536583662033,0.0,0.0
0,0.0014929125318303704,0.9334307909011841,0.016029147431254387,0.0009256998697916666,0.0
0,0.09450448304414749,0.9977743029594421,0.9840323328971863,0.09979248046875,0.0682373046875
0,0.0001918454800033942,0.07463503628969193,0.004681822843849659,0.0,0.0
0,0.0024108311627060175,0.8110781908035278,0.052618954330682755,0.0005594889322916666,0.0
0,0.028972940519452095,0.9514138102531433,0.6847881078720093,0.030588785807291668,0.0
0,0.00010411306720925495,0.036356665194034576,0.0016549242427572608,0.0,0.0
0,0.0007569437730126083,0.4752703905105591,0.007176882121711969,0.00022379557291666666,0.0
0,3.3459004043834284e-05,0.011288073845207691,0.0006771942717023194,0.0,0.0
0,0.0005660189199261367,0.05146276578307152,0.012624949216842651,0.0,0.0
0,0.0022325306199491024,0.37159261107444763,0.03138043358922005,0.0,0.0
0,7.64233191148378e-05,0.017442483454942703,0.0019267346942797303,0.0,0.0
0,0.0043183728121221066,0.7783125042915344,0.11435666680335999,0.0020548502604166665,0.0
0,1.0758897587948013e-05,0.0018821860430762172,0.00016093083831947297,0.0,0.0
0,0.006110490765422583,0.8803863525390625,0.17866909503936768,0.0025736490885416665,0.0
0,0.004015888553112745,0.8942365646362305,0.09585607796907425,0.0031331380208333335,0.0
0,0.0002891462354455143,0.07004895806312561,0.006903837900608778,0.0,0.0
0,0.10161300748586655,0.9885361194610596,0.9515040516853333,0.12257893880208333,0.07450358072916667
0,0.0008298100437968969,0.2760069966316223,0.013222821988165379,0.0,0.0
0,0.007269246969372034,0.7818307876586914,0.19883154332637787,0.004618326822916667,0.0
0,0.0019800784066319466,0.8721297383308411,0.020332353189587593,0.0009765625,0.0
0,0.0007233274518512189,0.7714993357658386,0.014842418022453785,0.00011189778645833333,0.0
0,3.1176095944829285e-05,0.004231587052345276,0.000503335555549711,0.0,0.0
0,0.05830897018313408,0.9959298968315125,0.8973251581192017,0.056996663411458336,0.0
0,0.021078577265143394,0.9958174824714661,0.8647645115852356,0.02099609375,0.0
0,1.1034317140001804e-05,0.003389783203601837,0.00022871329565532506,0.0,0.0
0,0.0023183149751275778,0.8657925128936768,0.04145994782447815,0.0012105305989583333,0.0
0,0.030361821874976158,0.9291837811470032,0.6506792306900024,0.031768798828125,0.0
0,0.04472200945019722,0.967777669429779,0.8521953225135803,0.032236735026041664,0.01763916015625
0,0.0009515790734440088,0.7181993126869202,0.0016613906482234597,0.0004781087239583333,0.0
0,0.0013764342293143272,0.20513691008090973,0.029873091727495193,0.0,0.0
0,0.00011231107055209577,0.04804735630750656,0.002217013156041503,0.0,0.0
0,0.0010097287595272064,0.5898935794830322,0.019793642684817314,0.000213623046875,0.0
0,0.0064340089447796345,0.8366879820823669,0.2756139636039734,0.007415771484375,0.0
0,2.1071477021905594e-05,0.006338921841233969,0.00040285810246132314,0.0,0.0
0,1.3548788956541102e-05,0.0020033332984894514,0.0001823546044761315,0.0,0.0
0,0.0020588648039847612,0.20481863617897034,0.04611717164516449,0.0,0.0
0,0.00794340018182993,0.7892336845397949,0.158300518989563,0.0032450358072916665,0.0
0,0.0006814287044107914,0.17525558173656464,0.016338249668478966,0.0,0.0
0,2.082449100271333e-05,0.004007288720458746,0.0004124558763578534,0.0,0.0
0,0.05739808455109596,0.9406808614730835,0.7331653833389282,0.07419840494791667,0.0
0,0.0012494070688262582,0.03277498483657837,0.01342825498431921,0.0,0.0
0,0.00018603722855914384,0.04153997078537941,0.00407013762742281,0.0,0.0
0,0.000331028742948547,0.05602938309311867,0.01009131595492363,0.0,0.0
0,0.013931705616414547,0.8603691458702087,0.5417376756668091,0.017771402994791668,0.0
0,2.0756864614668302e-05,0.004416555631905794,0.0005724796210415661,0.0,0.0
0,3.282352918176912e-05,0.022933563217520714,0.0005837642820551991,0.0,0.0
0,0.020345045253634453,0.7631309032440186,0.48948851227760315,0.020517985026041668,0.0
0,0.0030246295500546694,0.4046838879585266,0.055208683013916016,3.0517578125e-05,0.0
0,0.0015476704575121403,0.2581389248371124,0.060418423265218735,0.0,0.0
0,0.010117764584720135,0.5630176067352295,0.1653234213590622,0.000335693359375,0.0
0,4.7951263695722446e-05,0.005842605140060186,0.0008626077324151993,0.0,0.0
0,0.030529841780662537,0.9411153197288513,0.7056806087493896,0.034759521484375,0.0
0,0.01698126830160618,0.5101685523986816,0.25701284408569336,0.000732421875,0.0
0,0.026185952126979828,0.9537081718444824,0.4530721604824066,0.012532552083333334,0.0
0,0.0002018685481743887,0.05561761185526848,0.0022869608364999294,0.0,0.0
0,0.00017760992341209203,0.07081620395183563,0.003311519045382738,0.0,0.0
0,0.00012406149471644312,0.0772387832403183,0.002296159043908119,0.0,0.0
0,0.00218592188321054,0.1284157931804657,0.051749542355537415,0.0,0.0
0,0.014528022147715092,0.45238474011421204,0.2242201864719391,0.0005696614583333334,0.0
0,0.010936769656836987,0.973993182182312,0.388430118560791,0.0103759765625,0.0
0,0.00017013850447256118,0.06441766768693924,0.00266261282376945,0.0,0.0
0,0.01794600673019886,0.9900250434875488,0.8938554525375366,0.019154866536458332,0.0
0,0.0003490869712550193,0.31922751665115356,0.005663865711539984,0.0,0.0
0,3.767417001654394e-05,0.005752544850111008,0.0008135565440170467,0.0,0.0
0,5.32820813532453e-05,0.020844316110014915,0.0006771942717023194,0.0,0.0
0,0.000427322433097288,0.6871053576469421,0.005199880339205265,8.138020833333333e-05,0.0
0,0.03782803937792778,0.9770664572715759,0.8736433982849121,0.042083740234375,0.0
0,0.0007362565957009792,0.14718706905841827,0.012241275049746037,0.0,0.0
0,0.032430749386548996,0.9125921130180359,0.5659567713737488,0.024800618489583332,0.0
0,0.0055838716216385365,0.7496374249458313,0.1063188686966896,0.002105712890625,0.0
0,0.04147053882479668,0.9203612804412842,0.7895486950874329,0.048878987630208336,0.0
0,0.004129301756620407,0.9724670648574829,0.061536744236946106,0.0020548502604166665,0.0
0,0.005761996377259493,0.7109294533729553,0.16640430688858032,0.0013834635416666667,0.0
0,0.0192174781113863,0.984752357006073,0.5017671585083008,0.014190673828125,0.0
0,0.0076423934660851955,0.8316905498504639,0.27904197573661804,0.006195068359375,0.0
0,0.008123239502310753,0.4209566116333008,0.15190638601779938,0.00018310546875,0.0
0,0.013050414621829987,0.9675332307815552,0.2750294506549835,0.005747477213541667,0.0
0,0.00247130636125803,0.299105167388916,0.051938675343990326,0.0,0.0
0,0.04337948188185692,0.9502266049385071,0.7490817308425903,0.041717529296875,0.0
0,0.049143578857183456,0.863391637802124,0.4808277189731598,0.023111979166666668,0.0
0,0.005592784378677607,0.6387225985527039,0.12776140868663788,0.0009256998697916666,0.0
0,0.006728556472808123,0.9234544038772583,0.1661335527896881,0.0013529459635416667,0.0
0,0.005237361881881952,0.7620701193809509,0.09568693488836288,0.0013834635416666667,0.0
0,0.024849342182278633,0.773729681968689,0.28378137946128845,0.004770914713541667,0.0
0,0.014785658568143845,0.8846385478973389,0.27318641543388367,0.004353841145833333,0.0
0,0.007107235491275787,0.438093900680542,0.16572809219360352,0.0002543131510416667,0.0
0,0.04981538653373718,0.9111796617507935,0.8059378266334534,0.057759602864583336,0.0
0,0.004252394195646048,0.4445949196815491,0.06656555086374283,6.103515625e-05,0.0
0,0.003306286409497261,0.729616105556488,0.05664929747581482,0.0006103515625,0.0
0,0.011907638050615788,0.6446726322174072,0.3949008285999298,0.011037190755208334,0.0
0,0.06410223990678787,0.875361442565918,0.6886777877807617,0.061431884765625,0.0
0,0.0012143627973273396,0.2895725667476654,0.025710120797157288,0.0,0.0
0,0.0061017051339149475,0.9955834746360779,0.04352813959121704,0.00616455078125,0.0
0,0.014499746263027191,0.9155072569847107,0.26150253415107727,0.004374186197916667,0.0
0,0.0470912866294384,0.9613164663314819,0.8601343035697937,0.054209391276041664,0.0
0,0.01889672689139843,0.9585376977920532,0.697296679019928,0.01513671875,0.0
0,0.004713741596788168,0.9872773289680481,0.0637115016579628,0.0035400390625,0.0
0,0.058074235916137695,0.9801293015480042,0.7647159099578857,0.0552978515625,0.0
0,0.010435398668050766,0.9876639246940613,0.28965193033218384,0.008697509765625,0.0
0,0.01015328150242567,0.8754679560661316,0.23775286972522736,0.005391438802083333,0.0
0,0.08176707476377487,0.938010573387146,0.7514657974243164,0.0888671875,0.0
0,0.029588455334305763,0.9966102242469788,0.9276220202445984,0.034474690755208336,0.01263427734375
0,0.0011931242188438773,0.5746335387229919,0.02271575853228569,0.00022379557291666666,0.0
0,0.00028876852593384683,0.4002804160118103,0.0009773502824828029,2.0345052083333332e-05,0.0
0,0.014425627887248993,0.743354320526123,0.37010812759399414,0.00970458984375,0.0
0,0.0025382330641150475,0.10894505679607391,0.04867657274007797,0.0,0.0
0,4.70726918138098e-05,0.01572399213910103,0.0009145068470388651,0.0,0.0
0,0.0003500754537526518,0.055005285888910294,0.0075479233637452126,0.0,0.0
0,0.0010024894727393985,0.29746994376182556,0.012672270648181438,0.0,0.0
0,0.0007663033320568502,0.2255871742963791,0.01406200509518385,0.0,0.0
0,0.016191689297556877,0.9930961728096008,0.7864589095115662,0.016560872395833332,0.0
0,0.0010374089470133185,0.0792103260755539,0.024237634614109993,0.0,0.0
0,0.03292020782828331,0.8848377466201782,0.6142153143882751,0.028706868489583332,0.0
0,0.006431202869862318,0.896251380443573,0.15139628946781158,0.0036824544270833335,0.0
0,0.0034019332379102707,0.49657443165779114,0.0938439592719078,0.000213623046875,0.0
0,0.00581258162856102,0.9136765599250793,0.14632008969783783,0.005666097005208333,0.0
0,0.0009650106076151133,0.5222173929214478,0.018941707909107208,4.0690104166666664e-05,0.0
0,0.037375111132860184,0.8757869601249695,0.6424291133880615,0.039591471354166664,0.0
0,0.004079257603734732,0.8834372758865356,0.06705262511968613,0.003265380859375,0.0
0,0.03591334447264671,0.9824230670928955,0.8724528551101685,0.038726806640625,0.0
0,3.868466956191696e-05,0.008644177578389645,0.0007208379684016109,0.0,0.0
0,0.0797659158706665,0.8757869601249695,0.7457688450813293,0.07645670572916667,0.0
0,0.005548262502998114,0.7989721894264221,0.15999549627304077,0.0025736490885416665,0.0
0,0.08176533132791519,0.9982038736343384,0.9165498614311218,0.0809326171875,0.0091552734375
0,0.003467257134616375,0.6898282170295715,0.0853990912437439,0.0014241536458333333,0.0
0,0.007954427041113377,0.9554855227470398,0.28846585750579834,0.007659912109375,0.0
0,0.00958566926419735,0.8534248471260071,0.10539455711841583,0.0024922688802083335,0.0
0,0.007138154935091734,0.536737859249115,0.12400069087743759,0.00018310546875,0.0
0,0.12502600252628326,0.9639838933944702,0.8958876132965088,0.14298502604166666,0.0364990234375
0,0.028079047799110413,0.9872281551361084,0.7096232175827026,0.026885986328125,0.0
0,0.026593877002596855,0.9219217896461487,0.5407704710960388,0.01751708984375,0.0
0,0.017947444692254066,0.9581479430198669,0.3750195801258087,0.009836832682291666,0.0
0,0.03066071681678295,0.8230441212654114,0.4414002597332001,0.017588297526041668,0.0
0,0.016655171290040016,0.8413047790527344,0.5577495694160461,0.019368489583333332,0.0
0,7.001931862760102e-06,0.0006000071880407631,0.00011145301687065512,0.0,0.0
0,0.005271483678370714,0.3794933557510376,0.11298514157533646,1.0172526041666666e-05,0.0
0,0.059380870312452316,0.967777669429779,0.8128673434257507,0.050526936848958336,0.0
0,0.033432867377996445,0.8217604756355286,0.5405885577201843,0.020751953125,0.0
0,0.0005223546759225428,0.12517228722572327,0.010985671542584896,0.0,0.0
0,0.003667060285806656,0.9231777787208557,0.07906799018383026,0.0003560384114583333,0.0
0,0.007913293316960335,0.666171133518219,0.11536139249801636,0.0011494954427083333,0.0
0,9.933065302902833e-05,0.02382536791265011,0.0018821860430762172,0.0,0.0
0,0.011779647320508957,0.9668514132499695,0.36352378129959106,0.009714762369791666,0.0
0,0.06582784652709961,0.9851003289222717,0.940349817276001,0.055084228515625,0.038045247395833336
0,0.01635175757110119,0.7774689197540283,0.3824228048324585,0.010182698567708334,0.0
0,0.005015359725803137,0.41312193870544434,0.17952191829681396,0.000152587890625,0.0
0,0.001152568613179028,0.2538610100746155,0.031142063438892365,0.0,0.0
0,0.0028721261769533157,0.8445372581481934,0.05460060387849808,0.0010884602864583333,0.0
0,0.004129780922085047,0.733738124370575,0.09350239485502243,0.0019022623697916667,0.0
0,0.047565922141075134,0.9697281122207642,0.9064827561378479,0.051320393880208336,0.040303548177083336
0,0.006718093529343605,0.8782098889350891,0.26036691665649414,0.006510416666666667,0.0
0,0.01492361631244421,0.925499677658081,0.37433314323425293,0.00982666015625,0.0
0,0.020704902708530426,0.8382829427719116,0.48158368468284607,0.016835530598958332,0.0
0,0.026627831161022186,0.9781771898269653,0.7184808254241943,0.027058919270833332,0.0
0,0.03368416428565979,0.9972099661827087,0.9740919470787048,0.035420735677083336,0.006378173828125
0,0.003854571608826518,0.6727617979049683,0.12808823585510254,0.0013936360677083333,0.0
0,0.02055838145315647,0.9091032147407532,0.4103982746601105,0.011220296223958334,0.0
0,0.012341988272964954,0.9156582355499268,0.3577817678451538,0.009368896484375,0.0
0,0.009364658035337925,0.949669361114502,0.2466767281293869,0.007710774739583333,0.0
0,0.039481449872255325,0.967100977897644,0.7339231371879578,0.03619384765625,0.0
0,0.002613023854792118,0.6048657894134521,0.0555151142179966,0.0004679361979166667,0.0
0,0.045798223465681076,0.9965569972991943,0.8033281564712524,0.047993977864583336,0.0
0,0.001825671992264688,0.8562121987342834,0.033587608486413956,0.0006612141927083334,0.0
0,0.03715556114912033,0.9831499457359314,0.6016433238983154,0.030782063802083332,0.0
0,0.0032891619484871626,0.8165527582168579,0.0714614987373352,0.0015055338541666667,0.0
0,0.0006896732375025749,0.20275871455669403,0.01164222415536642,0.0,0.0
0,0.023278528824448586,0.9864678382873535,0.6270381808280945,0.018788655598958332,0.0
0,0.0031132244039326906,0.9455001950263977,0.06244528666138649,0.0007731119791666666,0.0
0,0.1740543395280838,0.9969722032546997,0.9824904799461365,0.18341064453125,0.060923258463541664
0,4.23752935603261e-05,0.0043653263710439205,0.0006851713405922055,0.0,0.0
0,0.03411504626274109,0.9461008310317993,0.5926058888435364,0.01922607421875,0.0
0,0.003952224273234606,0.8866168856620789,0.03718467801809311,0.00457763671875,0.0
0,0.036906082183122635,0.9440738558769226,0.6577550172805786,0.036326090494791664,0.0
0,0.021955519914627075,0.9477691650390625,0.6622440814971924,0.021291097005208332,0.0
0,0.06231291592121124,0.9947595000267029,0.9739916920661926,0.060811360677083336,0.050282796223958336
0,0.013152353465557098,0.9963924288749695,0.8404934406280518,0.013834635416666666,0.0
0,0.028986042365431786,0.9676556587219238,0.587608277797699,0.020802815755208332,0.0
0,0.010822908021509647,0.9830850958824158,0.25348013639450073,0.006744384765625,0.0
0,0.003697914071381092,0.8257302641868591,0.05042126774787903,0.0003458658854166667,0.0
0,0.029445922002196312,0.7229183912277222,0.4555162191390991,0.022023518880208332,0.0
0,0.08856885880231857,0.9956176280975342,0.9840936064720154,0.08960833333333333,0.04269166666666667
0,0.031426962465047836,0.9429286122322083,0.3615027666091919,0.008971354166666667,0.0
0,0.06525635719299316,0.9640516638755798,0.7184956669807434,0.05970703125,0.0
0,0.04528391361236572,0.9953181147575378,0.9031234383583069,0.034505208333333336,0.033743489583333335
0,0.03672482818365097,0.9608049392700195,0.3916391432285309,0.010774739583333333,0.0
0,0.05062394216656685,0.9968519806861877,0.9780517220497131,0.050037333333333336,0.046474666666666664
0,0.01689956523478031,0.977022647857666,0.6656116247177124,0.015726725260416668,0.0
0,0.0012571901315823197,0.3510885536670685,0.01890436001121998,0.0,0.0
0,0.02125883288681507,0.9906237721443176,0.5877460837364197,0.015309651692708334,0.0
0,0.07085669785737991,0.99903404712677,0.9890130758285522,0.06792195638020833,0.026885986328125
0,0.02693198062479496,0.95735764503479,0.5305668711662292,0.018442789713541668,0.0
0,0.015619422309100628,0.95743727684021,0.4359579384326935,0.012115478515625,0.0
0,0.03890395164489746,0.9969125986099243,0.8477157950401306,0.03634411196911197,0.0
0,0.5456303358078003,0.9995380640029907,0.9978342652320862,0.567078373015873,0.5819766865079365
0,0.07159526646137238,0.9844563603401184,0.7360213398933411,0.05706932337069323,0.0
0,0.00035310210660099983,0.12721826136112213,0.00679779564961791,0.0,0.0
0,0.005209674127399921,0.9949788451194763,0.05360213294625282,0.0051092896174863385,0.0
0,9.428927296539769e-05,0.4102245569229126,0.0011291545815765858,5.735589331803843e-06,0.0
0,0.006440021097660065,0.9905508756637573,0.12095914036035538,0.006500145222189951,0.0
0,0.10977201908826828,0.9972637891769409,0.966156005859375,0.1075808412351082,0.05326525650376854
0,4.7045661631273106e-05,0.060307636857032776,0.0005053045460954309,0.0,0.0
0,0.1698388308286667,0.9983707070350647,0.9800530076026917,0.17943396226415095,0.08900665926748058
0,0.22637145221233368,0.9998557567596436,0.9936116337776184,0.2430467372134039,0.11238536155202822
0,0.41763779520988464,0.9992591738700867,0.9960391521453857,0.45448684210526313,0.43208771929824563
0,0.10007038712501526,0.9987840056419373,0.9846936464309692,0.10087765957446808,0.04386524822695036
0,0.07535813003778458,0.9963071346282959,0.936750590801239,0.08569839857651246,0.007713523131672598
0,0.18992768228054047,0.994594156742096,0.960212230682373,0.19626637730086005,0.07588819226750261
0,0.049612756818532944,0.9986383318901062,0.9757161140441895,0.05,0.02953781512605042
0,0.03959202021360397,0.9826908707618713,0.7741925716400146,0.03473589336116316,0.0
0,0.14409871399402618,0.9978510141372681,0.975623369216919,0.15870524263876065,0.05097978865291885
0,0.12467866390943527,0.9996498823165894,0.993176281452179,0.12899659863945578,0.030952380952380953
0,0.03021189197897911,0.9958499670028687,0.8360210657119751,0.023405172413793102,0.010402298850574712
0,0.07228874415159225,0.9995643496513367,0.9912885427474976,0.07414651045603426,0.03696460065507685
0,0.032663751393556595,0.9942474365234375,0.8701565861701965,0.028829166666666666,0.00655625
0,0.06743454933166504,0.994551956653595,0.9424007534980774,0.06430833333333333,0.02371875
0,0.14387401938438416,0.9989515542984009,0.9901019334793091,0.15060625,0.10348958333333333
0,0.10045204311609268,0.9974191188812256,0.9556514620780945,0.09666666666666666,0.05189236111111111
0,0.16345065832138062,0.998389720916748,0.9771537780761719,0.17876491038413816,0.09537322539300354
0,0.00012001187860732898,0.04410091042518616,0.002190985018387437,0.0,0.0
0,3.368778561707586e-05,0.01659317873418331,0.0003785036678891629,0.0,0.0
0,0.13071496784687042,0.9923933744430542,0.9674717783927917,0.14646402994791666,0.08957926432291667
0,0.016052935272455215,0.9910838603973389,0.5621675252914429,0.014373779296875,0.0
0,0.023306095972657204,0.936168372631073,0.5968444347381592,0.019775390625,0.0
0,0.016534926369786263,0.9450961351394653,0.4956730902194977,0.014058430989583334,0.0
0,0.003943742718547583,0.8616546392440796,0.08631424605846405,0.0022481282552083335,0.0
0,0.021661536768078804,0.9948803186416626,0.6973997950553894,0.021952311197916668,0.0
0,0.09140826016664505,0.9859904050827026,0.9418652057647705,0.09467569986979167,0.028828938802083332
0,2.611557465570513e-05,0.023065226152539253,0.00048029719619080424,0.0,0.0
0,0.00023932803014758974,0.0541987307369709,0.0037948342505842447,0.0,0.0
0,0.08697757869958878,0.9955142140388489,0.967346727848053,0.08948771158854167,0.06337483723958333
0,0.003959135618060827,0.6147987842559814,0.06524299830198288,0.000274658203125,0.0
0,0.003990129102021456,0.8881781101226807,0.09585607796907425,0.0009053548177083334,0.0
0,0.028341449797153473,0.9828891754150391,0.6895115971565247,0.024424235026041668,0.0
0,0.03653201833367348,0.9750121831893921,0.6501274704933167,0.027933756510416668,0.0
0,0.0919409692287445,0.9963071346282959,0.95123291015625,0.09923299153645833,0.0
0,0.0026058759540319443,0.9517735838890076,0.03004337102174759,0.0019124348958333333,0.0
0,0.010110183618962765,0.9700703024864197,0.3040923774242401,0.008748372395833334,0.0
0,0.09607497602701187,0.9851003289222717,0.9144436717033386,0.09394327799479167,0.0
0,0.0009687092970125377,0.29553478956222534,0.018580015748739243,0.0,0.0
0,0.056843604892492294,0.9716717004776001,0.6769403219223022,0.057057698567708336,0.0
0,0.10299114137887955,0.9787126779556274,0.7067949175834656,0.10228474934895833,0.0
0,0.004689096473157406,0.9719924926757812,0.0996348038315773,0.0028279622395833335,0.0
0,0.0077250986360013485,0.9890130758285522,0.18286287784576416,0.00640869140625,0.0
0,0.023640653118491173,0.9993513226509094,0.9876639246940613,0.0234375,0.022450764973958332
0,0.0007444664952345192,0.10650458931922913,0.011115013621747494,0.0,0.0
0,0.14975182712078094,0.9955489635467529,0.9820826053619385,0.16224161783854166,0.12876383463541666
0,0.004104374907910824,0.7762839198112488,0.09636510908603668,0.0016988118489583333,0.0
0,0.00044177332893013954,0.04569203034043312,0.006718870252370834,0.0,0.0
0,0.05035676434636116,0.9975656270980835,0.9838472008705139,0.051340738932291664,0.040608723958333336
0,0.015547722578048706,0.986929178237915,0.591775119304657,0.014943440755208334,0.0
0,0.09133908152580261,0.9897909760475159,0.9433413147926331,0.09478759765625,0.008544921875
0,0.0028014553245157003,0.48217007517814636,0.06267093122005463,0.0003255208333333333,0.0
0,0.007239513099193573,0.9265698790550232,0.19343367218971252,0.004913330078125,0.0
0,0.01800471544265747,0.9863631129264832,0.4003888666629791,0.010650634765625,0.0
0,0.004049362149089575,0.7784809470176697,0.10176249593496323,0.0018310546875,0.0
0,9.497677820036188e-05,0.014615669846534729,0.001642066752538085,0.0,0.0
0,0.04676556587219238,0.997368335723877,0.9707987308502197,0.044911702473958336,0.019185384114583332
0,0.011237281374633312,0.9626027941703796,0.4130556881427765,0.01055908203125,0.0
0,0.022653987631201744,0.9624620079994202,0.6872071623802185,0.019439697265625,0.0
0,0.027230950072407722,0.9943140745162964,0.8891444206237793,0.02752685546875,0.0
0,0.0029587934259325266,0.9808759689331055,0.051168981939554214,0.0010172526041666667,0.0
0,0.000604990404099226,0.8552476763725281,0.0013404638739302754,0.0004069010416666667,0.0
0,0.0183072742074728,0.9801293015480042,0.4137086868286133,0.01123046875,0.0
0,0.01380398403853178,0.9462003111839294,0.4758213460445404,0.011820475260416666,0.0
0,0.00036281312350183725,0.6273806691169739,0.0008359925705008209,0.000152587890625,0.0
0,0.0016249666223302484,0.18286287784576416,0.050048526376485825,0.0,0.0
0,0.002400935860350728,0.658307671546936,0.04663283750414848,0.000518798828125,0.0
0,0.0032222813460975885,0.9139840602874756,0.0360160693526268,0.0019124348958333333,0.0
0,0.038003839552402496,0.9383503198623657,0.567455530166626,0.028218587239583332,0.0
0,0.04229089990258217,0.9979332685470581,0.9435528516769409,0.04010009765625,0.0
0,0.0007116578635759652,0.8955226540565491,0.009596454910933971,0.000335693359375,0.0
0,0.0036673638969659805,0.8005360960960388,0.07640355825424194,0.002349853515625,0.0
0,0.050608426332473755,0.9949983358383179,0.94629967212677,0.044596354166666664,0.0
0,0.00021372905757743865,0.5101304650306702,0.003123648464679718,4.0690104166666664e-05,0.0
0,0.002139597898349166,0.41655927896499634,0.04977067932486534,6.103515625e-05,0.0
0,0.0014341413043439388,0.6613762974739075,0.022371459752321243,0.0003662109375,0.0
0,0.012188867665827274,0.9990600943565369,0.6608901023864746,0.012359619140625,0.007283528645833333
0,3.978154563810676e-05,0.0022694687359035015,0.0004784256452694535,0.0,0.0
0,1.977911415451672e-05,0.0026730059180408716,0.00027372167096473277,0.0,0.0
0,0.08138719946146011,0.966663122177124,0.8860206604003906,0.069732666015625,0.0
0,0.0029671958182007074,0.75743567943573,0.06131153553724289,0.0018513997395833333,0.0
0,0.03219511732459068,0.8628146648406982,0.6811968088150024,0.042551676432291664,0.0
0,0.026743726804852486,0.9238675236701965,0.6689851880073547,0.028116861979166668,0.0
0,0.008521872572600842,0.9686195850372314,0.18388652801513672,0.005340576171875,0.0
0,0.0002805846161209047,0.055005285888910294,0.004382336512207985,0.0,0.0
0,0.001689113094471395,0.5702715516090393,0.032711271196603775,0.0003763834635416667,0.0
0,0.000810012686997652,0.5670977234840393,0.012007351033389568,0.0001220703125,0.0
0,0.009128594771027565,0.5122732520103455,0.1225232183933258,0.00022379557291666666,0.0
0,0.00602696230635047,0.8832359910011292,0.16344542801380157,0.003662109375,0.0
0,0.0006799015100114048,0.6556668281555176,0.009936419315636158,0.00018310546875,0.0
0,0.004954399075359106,0.8820220232009888,0.1291664093732834,0.00299072265625,0.0
0,0.2882678210735321,0.9977216124534607,0.9897116422653198,0.3294779459635417,0.29254150390625
0,0.029727041721343994,0.9913222789764404,0.8657925128936768,0.028096516927083332,0.0
0,0.044375229626894,0.9947391152381897,0.9554830193519592,0.041514078776041664,0.025034586588541668
0,0.001962847774848342,0.815966784954071,0.044514428824186325,0.0007731119791666666,0.0
0,0.010306285694241524,0.8881781101226807,0.27933675050735474,0.007171630859375,0.0
0,0.13884097337722778,0.998793363571167,0.9927101135253906,0.14078776041666666,0.10689290364583333
0,0.07086005806922913,0.9988707900047302,0.9956005811691284,0.07036336263020833,0.049997965494791664
0,0.009636054746806622,0.9785903096199036,0.32465386390686035,0.009440104166666666,0.0
0,0.011953406035900116,0.9879462122917175,0.4488948881626129,0.011362711588541666,0.0
0,0.07886835187673569,0.9943360686302185,0.967100977897644,0.07735188802083333,0.046040852864583336
0,0.3901551067829132,0.9989055395126343,0.9960851669311523,0.4214986165364583,0.43475341796875
0,0.02668907307088375,0.9194981455802917,0.5022845268249512,0.0186767578125,0.0
0,0.09750770777463913,0.9968024492263794,0.9729852676391602,0.10126749674479167,0.0
0,0.03396747633814812,0.8608377575874329,0.6276054978370667,0.038899739583333336,0.0
0,0.022539779543876648,0.991455614566803,0.8003801107406616,0.02374267578125,0.0
0,0.026819730177521706,0.9599125981330872,0.6606038808822632,0.026723225911458332,0.0
0,0.011249649338424206,0.9796287417411804,0.48710617423057556,0.011983235677083334,0.0
0,0.004528423771262169,0.8889517188072205,0.08225394785404205,0.0032755533854166665,0.0
0,0.18186801671981812,0.9961755275726318,0.9878528118133545,0.20661417643229166,0.173095703125
0,0.008059355430305004,0.8910549879074097,0.1543084681034088,0.0027567545572916665,0.0
0,0.036153774708509445,0.963711678981781,0.8101696968078613,0.039794921875,0.0
0,0.12491335719823837,0.9941347241401672,0.9720969796180725,0.118011474609375,0.07038370768229167
0,0.03117893822491169,0.973993182182312,0.8377527594566345,0.034993489583333336,0.0
0,0.07349216938018799,0.9598374962806702,0.8607171773910522,0.07557169596354167,0.044596354166666664
0,0.043479207903146744,0.961243748664856,0.7442792057991028,0.034708658854166664,0.0
0,0.018218791112303734,0.9965969920158386,0.6623499393463135,0.01361083984375,0.0
0,0.04434545338153839,0.9932025074958801,0.9451943635940552,0.045867919921875,0.0
0,0.03783860057592392,0.9846936464309692,0.9064877033233643,0.0430908203125,0.025563557942708332
0,0.04765293374657631,0.9438672661781311,0.8022459149360657,0.044952392578125,0.0
0,0.07402408123016357,0.9917803406715393,0.8814108967781067,0.077606201171875,0.0
0,0.0164214838296175,0.9533619284629822,0.36975985765457153,0.009745279947916666,0.0
0,0.019639896228909492,0.9614614844322205,0.5475502610206604,0.015299479166666666,0.0
0,0.006714345421642065,0.4717555344104767,0.12220543622970581,0.00011189778645833333,0.0
0,0.05081203579902649,0.9911527037620544,0.8607171773910522,0.05230712890625,0.0
0,0.009306393563747406,0.9960851669311523,0.2675708532333374,0.0089111328125,0.0
0,0.0010930716525763273,0.7394223809242249,0.02400774508714676,0.00010172526041666667,0.0
0,0.01151981670409441,0.996249258518219,0.5846269726753235,0.011464436848958334,0.006612141927083333
0,0.013984918594360352,0.9698996543884277,0.5144587755203247,0.0128173828125,0.0
0,0.025898916646838188,0.9600626826286316,0.6046323776245117,0.020782470703125,0.0
0,0.06279928982257843,0.95743727684021,0.87716144323349,0.07259114583333333,0.0
0,0.011511585675179958,0.9230391979217529,0.3140347898006439,0.008473714192708334,0.0
0,0.009976071305572987,0.9954082369804382,0.3500480353832245,0.00970458984375,0.0
0,0.27399230003356934,0.9959140419960022,0.9771973490715027,0.3033345540364583,0.12297566731770833
0,0.055654238909482956,0.9685006141662598,0.9226176738739014,0.061655680338541664,0.06398518880208333
0,0.07134831696748734,0.9811307191848755,0.9091032147407532,0.078948974609375,0.08634440104166667
0,0.05625064671039581,0.9776712656021118,0.8499674201011658,0.055765787760416664,0.0
0,0.08128263056278229,0.961533784866333,0.8759993314743042,0.084716796875,0.0
0,0.05813312530517578,0.9956685304641724,0.9196425676345825,0.055806477864583336,0.0
0,0.11624637246131897,0.9959140419960022,0.9757610559463501,0.12480672200520833,0.046651204427083336
0,0.10598524659872055,0.9983124732971191,0.9931495785713196,0.110626220703125,0.07963053385416667
0,0.05363307520747185,0.9965969920158386,0.9580694437026978,0.054880777994791664,0.024078369140625
0,0.042096734046936035,0.9958980679512024,0.969894528388977,0.04095458984375,0.018137613932291668
0,0.0010042242938652635,0.4182216227054596,0.015603534877300262,3.0517578125e-05,0.0
0,0.06148101016879082,0.9934101700782776,0.937665581703186,0.06585693359375,0.0
0,0.05544545128941536,0.9874721169471741,0.8164063692092896,0.0555419921875,0.0
0,0.011855587363243103,0.9498556852340698,0.27599820494651794,0.00762939453125,0.0
0,0.018063785508275032,0.9803186058998108,0.46164560317993164,0.013580322265625,0.0
0,0.06409873068332672,0.9911527037620544,0.9007046222686768,0.060963948567708336,0.0
0,0.05703461170196533,0.9860442876815796,0.897689938545227,0.0560302734375,0.0
0,0.01675928197801113,0.9880849719047546,0.5445207357406616,0.013905843098958334,0.0
0,0.17870068550109863,0.999099612236023,0.9946568012237549,0.19141642252604166,0.15059407552083334
0,0.04706760123372078,0.9991065859794617,0.9772343039512634,0.04315185546875,0.015482584635416666
0,0.11166080832481384,0.9978594183921814,0.9874235987663269,0.11906941731770833,0.033131917317708336
0,0.17659741640090942,0.9994274377822876,0.996434211730957,0.19111124674479166,0.18512980143229166
0,0.032347939908504486,0.9907320141792297,0.8166989684104919,0.031585693359375,0.0
0,0.06033525988459587,0.9888418912887573,0.9100669622421265,0.053202311197916664,0.0
0,0.11886308342218399,0.9990378618240356,0.978792667388916,0.12129720052083333,0.058970133463541664
0,0.051897864788770676,0.9925969839096069,0.8724528551101685,0.053181966145833336,0.0
0,0.020167816430330276,0.9844563603401184,0.7831554412841797,0.018880208333333332,0.0
0,0.13641387224197388,0.9911527037620544,0.9547319412231445,0.14863077799479166,0.059163411458333336
0,0.06773814558982849,0.9909096360206604,0.9197781085968018,0.061381022135416664,0.0
0,0.022907694801688194,0.9334307909011841,0.5243942141532898,0.017201741536458332,0.0
0,0.06942114233970642,0.9764007329940796,0.8307315111160278,0.06504313151041667,0.0
0,0.02087756060063839,0.8832359910011292,0.5436508059501648,0.020843505859375,0.0
0,0.010926339775323868,0.9019206762313843,0.31499797105789185,0.007283528645833333,0.0
0,0.08895833045244217,0.9416541457176208,0.8365545868873596,0.10902913411458333,0.046244303385416664
0,0.016610626131296158,0.9489172697067261,0.47956234216690063,0.014414469401041666,0.0
0,0.00024162797490134835,0.1653234213590622,0.001604089280590415,0.0,0.0
0,0.0005318791372701526,0.570451021194458,0.005159622989594936,0.00020345052083333334,0.0
0,5.558182601816952e-05,0.011597361415624619,0.0009927261853590608,0.0,0.0
0,0.18208234012126923,0.9589241147041321,0.9000037312507629,0.24211629231770834,0.22369384765625
0,0.0035980164539068937,0.8791467547416687,0.05685840919613838,0.0018513997395833333,0.0
0,0.0037805878091603518,0.896975576877594,0.07068780064582825,0.0006001790364583334,0.0
0,0.03794458135962486,0.9436599016189575,0.7350714802742004,0.0377197265625,0.0
0,0.043298229575157166,0.9506864547729492,0.8153750896453857,0.046824137369791664,0.020060221354166668
0,0.108607716858387,0.9779256582260132,0.9474782943725586,0.11835734049479167,0.06294759114583333
0,0.060596104711294174,0.9584600329399109,0.854884684085846,0.06809488932291667,0.032358805338541664
0,0.07622680813074112,0.9824904799461365,0.9061560034751892,0.09812418619791667,0.095703125
0,0.025029314681887627,0.8632764220237732,0.496067076921463,0.019134521484375,0.0
0,0.011151835322380066,0.9903290271759033,0.3866424262523651,0.010182698567708334,0.0
0,0.020969832316040993,0.9808025360107422,0.6793850660324097,0.018310546875,0.0
0,0.06222371757030487,0.9464978575706482,0.814643383026123,0.07076009114583333,0.0
0,0.04548259451985359,0.9875203371047974,0.8866168856620789,0.046905517578125,0.0
0,0.015571624971926212,0.7333563566207886,0.36274343729019165,0.009145100911458334,0.0
0,0.05012984573841095,0.988447368144989,0.963161289691925,0.046061197916666664,0.042195638020833336
0,0.020758265629410744,0.9725192785263062,0.5774161219596863,0.018880208333333332,0.0
0,0.03965606912970543,0.9940658807754517,0.7164140939712524,0.037668863932291664,0.0
0,0.04388900473713875,0.9205042719841003,0.8074606657028198,0.04345703125,0.0
0,0.06255815923213959,0.8632764220237732,0.740726113319397,0.07667032877604167,0.0
0,0.00431562727317214,0.6498008370399475,0.0732932984828949,0.0004679361979166667,0.0
0,0.03105098009109497,0.9272316098213196,0.7525530457496643,0.039520263671875,0.0
0,0.12916617095470428,0.9812389612197876,0.9505029916763306,0.1514892578125,0.1632080078125
0,0.004433040507137775,0.9082930684089661,0.09518112242221832,0.001617431640625,0.0
0,0.0086743189021945,0.42536652088165283,0.13477592170238495,4.0690104166666664e-05,0.0
0,0.15797540545463562,0.9936856627464294,0.9728307723999023,0.167327880859375,0.12579345703125
0,0.024564912542700768,0.783160388469696,0.44591349363327026,0.0167236328125,0.0
0,0.07974392175674438,0.9746769666671753,0.909741997718811,0.09796142578125,0.096923828125
0,0.012602678500115871,0.7745833992958069,0.3043455183506012,0.006693522135416667,0.0
0,0.11121620982885361,0.9920312166213989,0.9503188729286194,0.12434895833333333,0.08967081705729167
0,0.03820299357175827,0.9202179908752441,0.6930544972419739,0.0372314453125,0.0
0,0.09464404731988907,0.9989098310470581,0.9795103073120117,0.106109619140625,0.06312052408854167
0,0.0020074534695595503,0.6377079486846924,0.0350126251578331,0.0003662109375,0.0
0,0.015547509305179119,0.9820137619972229,0.4245259165763855,0.010823567708333334,0.0
0,0.011233613826334476,0.8826303482055664,0.3163629174232483,0.007598876953125,0.0
0,0.009773839265108109,0.7529220581054688,0.15228420495986938,0.0005391438802083334,0.0
0,6.837172986706719e-05,0.03390796110033989,0.001367025775834918,0.0,0.0
0,4.7313718823716044e-05,0.003854363691061735,0.0008009536541067064,0.0,0.0
0,0.015935610979795456,0.9932287931442261,0.682349443435669,0.016764322916666668,0.0
0,7.317448762478307e-05,0.005934066604822874,0.0010525686666369438,0.0,0.0
0,0.0003721358079928905,0.8513358235359192,0.001747785834595561,0.0003255208333333333,0.0
0,0.0007384771597571671,0.34279149770736694,0.013070784509181976,0.0,0.0
0,0.025783954188227654,0.9748690724372864,0.8039306402206421,0.027211507161458332,0.0
0,0.014860863797366619,0.9633685946464539,0.31203344464302063,0.0086669921875,0.0
0,0.001988884760066867,0.29961729049682617,0.04069295525550842,0.0,0.0
0,0.004009599331766367,0.9135223627090454,0.07159119844436646,0.001617431640625,0.0
0,0.003190695308148861,0.8344069123268127,0.04930811747908592,0.002593994140625,0.0
0,0.014403442852199078,0.9963924288749695,0.5931633114814758,0.013448079427083334,0.0
0,8.498000534018502e-05,0.03079216741025448,0.0016807452775537968,0.0,0.0
0,0.0003367175522726029,0.18535661697387695,0.004736749455332756,0.0,0.0
0,0.0691964253783226,0.9837850332260132,0.8694897890090942,0.06890869140625,0.0
0,0.03603767976164818,0.9935368895530701,0.9155027270317078,0.033711751302083336,0.0
0,0.05867725983262062,0.9989055395126343,0.9897909760475159,0.058380126953125,0.0177001953125
0,0.050844062119722366,0.9985619187355042,0.9916841983795166,0.047739664713541664,0.021321614583333332
0,0.009589485824108124,0.9775429368019104,0.3488602936267853,0.009531656901041666,0.0
0,0.003416026709601283,0.8640812635421753,0.07030002027750015,0.0011800130208333333,0.0
0,0.0287465900182724,0.9940428137779236,0.9246795773506165,0.031321207682291664,0.0
0,0.06629212945699692,0.9970765113830566,0.9820137619972229,0.07081095377604167,0.046915690104166664
0,0.1895352452993393,0.9976310729980469,0.9865716695785522,0.21551513671875,0.21748860677083334
0,0.12032333016395569,0.9987356066703796,0.990766704082489,0.12398274739583333,0.11356608072916667
0,0.00015278822684194893,0.06560484319925308,0.0027791904285550117,0.0,0.0
0,0.02523534558713436,0.9969005584716797,0.8750414848327637,0.024454752604166668,0.0
0,0.011623992584645748,0.4895187020301819,0.20212331414222717,0.0007120768229166666,0.0
0,0.03910151869058609,0.9939730763435364,0.8243163228034973,0.041208902994791664,0.0
0,0.030412711203098297,0.9875683188438416,0.889720618724823,0.029337565104166668,0.0
0,0.034980375319719315,0.9700703024864197,0.5795753002166748,0.020548502604166668,0.0
0,4.5959604904055595e-05,0.00934002548456192,0.0008830457809381187,0.0,0.0
0,0.019716965034604073,0.9975560903549194,0.9566342234611511,0.016133626302083332,0.011118570963541666
0,0.1898796409368515,0.9955315589904785,0.9851582050323486,0.20190104166666667,0.12369791666666667
0,0.14484518766403198,0.9986329674720764,0.9933330416679382,0.15166666666666667,0.061197916666666664
0,0.060057878494262695,0.9994252920150757,0.5974711179733276,0.026407877604166668,0.0
0,0.0021316653583198786,0.6463485956192017,0.0289789829403162,0.0003865559895833333,0.0
0,0.0046454863622784615,0.9571978449821472,0.04834573343396187,0.005107863146575372,0.0
0,0.012961646541953087,0.9980881810188293,0.8373554348945618,0.013901035673187572,0.0
0,0.01589313894510269,0.9927672147750854,0.704467236995697,0.017176616915422886,0.0
0,0.042691927403211594,0.9986801743507385,0.8754701018333435,0.0325375,0.0085125
0,0.00040036518475972116,0.13420754671096802,0.007460643537342548,0.0,0.0
0,0.001699824701063335,0.7950222492218018,0.026759279891848564,0.0008,0.0
0,0.0498637892305851,0.9986006617546082,0.9834856986999512,0.061694888914789345,0.0234991147593755
0,0.06222476065158844,0.9754368662834167,0.8564633131027222,0.07603979737864298,0.0
0,0.006295141763985157,0.9700134992599487,0.14693841338157654,0.0028885553649704594,0.0
0,0.04139155521988869,0.972151517868042,0.8011482357978821,0.04081249145824792,0.0
0,0.15565142035484314,0.9966756105422974,0.9717254042625427,0.17627407407407408,0.12255555555555556
0,0.08616650104522705,0.9973477125167847,0.8842393159866333,0.07633181126331812,0.007001522070015221
0,0.27416232228279114,0.9995487332344055,0.9963357448577881,0.2953501157407407,0.28227141203703704
0,0.2796490490436554,0.9999313354492188,0.9956346154212952,0.3113734003656307,0.2560123400365631
0,0.2902939021587372,0.9991204142570496,0.9906600117683411,0.32970848880597015,0.31335354477611943
0,0.0832904800772667,0.9970421195030212,0.9682013392448425,0.08097967250141164,0.017470355731225296
0,0.03873163461685181,0.9977568984031677,0.9524857997894287,0.0378868006993007,0.01572333916083916
0,0.046875905245542526,0.9985162615776062,0.9319608211517334,0.04501748251748252,0.008498688811188811
0,0.11442577838897705,0.9997933506965637,0.997368335723877,0.11688707482993198,0.06522176870748299
0,0.16162274777889252,0.9995908141136169,0.9947186708450317,0.1690740176667682,0.10363387145903137
0,0.12808847427368164,0.9969956874847412,0.9637799859046936,0.13719583333333332,0.0976625
0,0.04172966629266739,0.9995307922363281,0.9874235987663269,0.04312853107344633,0.005677966101694915
0,0.22014187276363373,0.9992114305496216,0.9910145401954651,0.23418628876718545,0.19026991346679456
0,0.34660804271698,0.9995025396347046,0.9931495785713196,0.3905373304383344,0.32494571876948214
0,0.27184543013572693,0.9991065859794617,0.9923290610313416,0.30651540846142816,0.22727542408496038
0,0.04094287008047104,0.9978925585746765,0.934035062789917,0.0369625,0.014679166666666667
0,0.2056460976600647,0.9992903470993042,0.9962051510810852,0.2252408477842004,0.17895712909441233
0,0.037042178213596344,0.9994986057281494,0.9682013392448425,0.03463079150579151,0.02264720077220077
0,0.03917238488793373,0.9968519806861877,0.828801691532135,0.032357899807321774,0.0034585741811175336
0,0.0046454863622784615,0.9571978449821472,0.04834573343396187,0.005107863146575372,0.0
0,0.012961646541953087,0.9980881810188293,0.8373554348945618,0.013901035673187572,0.0
0,0.3536038398742676,0.998389720916748,0.9627432227134705,0.40822708333333335,0.3949666666666667
0,0.00028355239192023873,0.25330647826194763,0.003469890682026744,0.0,0.0
0,0.330503910779953,0.9996471405029297,0.9960851669311523,0.3563418079096045,0.3307391713747646
0,0.14538827538490295,0.9997748732566833,0.9835969805717468,0.16663135593220338,0.006169962335216573
0,0.00040036518475972116,0.13420754671096802,0.007460643537342548,0.0,0.0
0,0.14492440223693848,0.9997965693473816,0.9946569800376892,0.1514516885553471,0.05151969981238274
0,0.04172966629266739,0.9995307922363281,0.9874235987663269,0.04312853107344633,0.005677966101694915
0,0.14360296726226807,0.9972531199455261,0.9086179733276367,0.1437550771513796,0.07695095871543006
0,0.03983517736196518,0.9979411959648132,0.9497636556625366,0.036446249033255995,0.003967517401392112
0,0.1506594568490982,0.9995859265327454,0.9914886951446533,0.1618882042253521,0.07512103873239437
0,0.24951206147670746,0.999127209186554,0.9919067621231079,0.26862521150592217,0.21756768189509307
0,0.0005816095508635044,0.6462370157241821,0.011419614776968956,8.138020833333333e-05,0.0
0,0.002575712511315942,0.8844391107559204,0.045777272433042526,0.0009562174479166666,0.0
0,0.0007965837139636278,0.26511871814727783,0.014559519477188587,0.0,0.0
0,0.005153546575456858,0.875893235206604,0.11899801343679428,0.0014444986979166667,0.0
0,0.003984213341027498,0.8008478283882141,0.08021325618028641,0.001007080078125,0.0
0,0.0421125590801239,0.9935867786407471,0.8458150625228882,0.044769287109375,0.0
0,0.0007936624460853636,0.18535661697387695,0.012053778395056725,0.0,0.0
0,0.0013467025710269809,0.3166861832141876,0.02590802125632763,0.0,0.0
0,0.05163326859474182,0.9979810118675232,0.9830850958824158,0.05194091796875,0.037760416666666664
0,0.0292002335190773,0.9987056255340576,0.9909797310829163,0.027984619140625,0.021677652994791668
0,0.031543537974357605,0.9453993439674377,0.6076492667198181,0.02557373046875,0.0
0,0.02529083378612995,0.9771101474761963,0.6281622648239136,0.02227783203125,0.0
0,0.0878298208117485,0.9810945987701416,0.9439706206321716,0.11039225260416667,0.09557088216145833
0,0.02962622232735157,0.9374402165412903,0.6357743740081787,0.028127034505208332,0.0
0,1.9796791093540378e-05,0.0019800399895757437,0.0003029734070878476,0.0,0.0
0,0.027619697153568268,0.9382373094558716,0.7060860991477966,0.030965169270833332,0.0
0,0.1018553301692009,0.997065007686615,0.9858821630477905,0.1134033203125,0.07161458333333333
0,5.259868339635432e-05,0.020924191921949387,0.0009039676515385509,0.0,0.0
0,0.017092231661081314,0.9687380790710449,0.5324795246124268,0.014699300130208334,0.0
0,0.005014338064938784,0.7238954305648804,0.12743203341960907,0.0021870930989583335,0.0
0,0.0003075379354413599,0.07463503628969193,0.005641908384859562,0.0,0.0
0,4.926204928779043e-05,0.030675798654556274,0.0005658139125443995,0.0,0.0
0,0.0032300453167408705,0.8467044830322266,0.07133200019598007,0.0020243326822916665,0.0
0,0.0015880543505772948,0.9274948239326477,0.011777843348681927,0.0011800130208333333,0.0
0,0.013075769878923893,0.7547342777252197,0.25255730748176575,0.0050048828125,0.0
0,0.03294180706143379,0.9728823304176331,0.6658452749252319,0.032379150390625,0.0
0,7.049190026009455e-05,0.021739594638347626,0.00130450667347759,0.0,0.0
0,0.006406642962247133,0.8927496671676636,0.13869144022464752,0.0034586588541666665,0.0
0,0.011694862507283688,0.8553685545921326,0.38294532895088196,0.010355631510416666,0.0
0,0.007800261955708265,0.9719393253326416,0.1792430430650711,0.007680257161458333,0.0
0,0.0024416716769337654,0.6011838316917419,0.06979112327098846,0.00016276041666666666,0.0
0,0.030216366052627563,0.9653158187866211,0.7032377123832703,0.028717041015625,0.0
0,0.040830474346876144,0.9962199330329895,0.9269635677337646,0.041117350260416664,0.01446533203125
0,0.004486334044486284,0.8675976395606995,0.09009299427270889,0.0032450358072916665,0.0
0,0.00804502610117197,0.8461968302726746,0.19543129205703735,0.004302978515625,0.0
0,0.022441724315285683,0.9658995866775513,0.49805065989494324,0.016896565755208332,0.0
0,0.08709839731454849,0.998095691204071,0.9774571061134338,0.09637451171875,0.08234659830729167
0,0.0058742971159517765,0.9820826053619385,0.07314888387918472,0.006215413411458333,0.0
0,0.0014468762092292309,0.786786675453186,0.025033993646502495,0.0003560384114583333,0.0
0,0.021213525906205177,0.9968884587287903,0.7697679996490479,0.019154866536458332,0.0
0,0.01590590365231037,0.9504110217094421,0.43158236145973206,0.011474609375,0.0
0,0.004184485878795385,0.9949001669883728,0.03371463343501091,0.0030721028645833335,0.0
0,0.0008937969687394798,0.8936811685562134,0.009670992381870747,0.0003458658854166667,0.0
0,0.003965247888118029,0.7657685875892639,0.09739040583372116,0.0013020833333333333,0.0
0,0.0045881676487624645,0.25832599401474,0.0753123015165329,0.0,0.0
0,0.016030864790081978,0.9954439401626587,0.8944045305252075,0.016459147135416668,0.012044270833333334
0,7.970197475515306e-05,0.02931223064661026,0.0013198634842410684,0.0,0.0
0,0.02243206836283207,0.9403530955314636,0.5218796133995056,0.017567952473958332,0.0
0,0.007469441741704941,0.854520857334137,0.15015341341495514,0.00146484375,0.0
0,0.024007638916373253,0.9782188534736633,0.7115161418914795,0.025522867838541668,0.0
0,0.00031549285631626844,0.03541072830557823,0.004848532844334841,0.0,0.0
0,0.0075898016802966595,0.814643383026123,0.34698373079299927,0.008646647135416666,0.0
0,0.0016201514517888427,0.35064372420310974,0.06804042309522629,0.0,0.0
0,0.019939715042710304,0.9259026646614075,0.4547996520996094,0.0140380859375,0.0
0,0.022788265720009804,0.967100977897644,0.6712356805801392,0.020548502604166668,0.0
0,0.004117639735341072,0.4740072190761566,0.0918697863817215,0.00010172526041666667,0.0
0,0.0799272432923317,0.9755303859710693,0.8393353819847107,0.095489501953125,0.0499267578125
0,0.08981454372406006,0.9955142140388489,0.9339146018028259,0.09435017903645833,0.0
0,0.053217124193906784,0.9304582476615906,0.8213266134262085,0.065765380859375,0.07456461588541667
0,0.13711945712566376,0.9968149065971375,0.9817696213722229,0.14910888671875,0.11835734049479167
0,0.007250548806041479,0.557875394821167,0.2163424789905548,0.0018819173177083333,0.0
0,0.05358750745654106,0.9608049392700195,0.7821586728096008,0.050099690755208336,0.0
0,0.030578255653381348,0.960212230682373,0.7279754281044006,0.028706868489583332,0.0
0,0.0035130248870700598,0.6521306037902832,0.08818533271551132,0.00103759765625,0.0
0,0.010608986020088196,0.8092760443687439,0.2649056911468506,0.006642659505208333,0.0
0,0.0038356995210051537,0.8386797904968262,0.06878729909658432,0.0024007161458333335,0.0
0,0.02295386977493763,0.9853278994560242,0.7682119607925415,0.028269449869791668,0.0
0,0.07574521750211716,0.9957848191261292,0.9651191234588623,0.07817586263020833,0.035888671875
0,0.07819444686174393,0.997285008430481,0.9842154383659363,0.08854166666666667,0.042195638020833336
0,0.025609562173485756,0.996321439743042,0.8904791474342346,0.025177001953125,0.0
0,0.019007863476872444,0.9820826053619385,0.6562915444374084,0.015238444010416666,0.0
0,0.009584522806107998,0.8931231498718262,0.21190078556537628,0.005401611328125,0.0
0,0.0041848402470350266,0.6568784117698669,0.11716747283935547,0.000640869140625,0.0
0,0.14833028614521027,0.984752357006073,0.9323264956474304,0.16115315755208334,0.12052408854166667
0,0.011442050337791443,0.957277774810791,0.33424705266952515,0.008270263671875,0.0
0,0.03983220085501671,0.9737446904182434,0.8211660385131836,0.033976236979166664,0.0
0,0.0030231436248868704,0.7070003151893616,0.06175592169165611,0.0006001790364583334,0.0
0,0.01088565494865179,0.925094723701477,0.3749051094055176,0.00994873046875,0.0
0,0.004277094732969999,0.7013041377067566,0.11797800660133362,0.001312255859375,0.0
0,0.019456064328551292,0.907967209815979,0.49197736382484436,0.016693115234375,0.0
0,0.08986994624137878,0.9995643496513367,0.9933838844299316,0.09429931640625,0.048970540364583336
0,0.05865326523780823,0.995718777179718,0.9324495792388916,0.06036376953125,0.014485677083333334
0,0.014154057949781418,0.9466953873634338,0.33971479535102844,0.008951822916666666,0.0
0,0.1003228947520256,0.9913222789764404,0.9370923638343811,0.10257975260416667,0.049143473307291664
0,0.21758954226970673,0.9979007244110107,0.9900636076927185,0.23415120442708334,0.16292317708333334
0,0.09989958256483078,0.9802431464195251,0.9246877431869507,0.09944661458333333,0.0
0,0.04975835606455803,0.9832789301872253,0.8374830484390259,0.048960367838541664,0.0
0,0.040696557611227036,0.9822195768356323,0.8200331330299377,0.034077962239583336,0.0
0,0.07867315411567688,0.9937587976455688,0.9398029446601868,0.082916259765625,0.037150065104166664
0,0.08496429771184921,0.9923341274261475,0.9720985889434814,0.08610026041666667,0.011433919270833334
0,0.011978755705058575,0.9783847332000732,0.22953519225120544,0.006642659505208333,0.0
0,0.010228763334453106,0.5997781753540039,0.16118815541267395,0.0010274251302083333,0.0
0,0.03318937122821808,0.9930423498153687,0.9114906191825867,0.030019124348958332,0.0
0,0.010549931786954403,0.9141375422477722,0.2267836332321167,0.0052490234375,0.0
0,0.03515492379665375,0.9738444089889526,0.7641884088516235,0.028615315755208332,0.0
0,0.04019778594374657,0.995718777179718,0.8976791501045227,0.035878499348958336,0.011454264322916666
0,0.05804893374443054,0.9982109069824219,0.9752489924430847,0.056386311848958336,0.021891276041666668
0,0.01077965646982193,0.7900447845458984,0.24507421255111694,0.00439453125,0.0
0,0.1146547794342041,0.9935867786407471,0.9687380790710449,0.12363688151041667,0.08290608723958333
0,0.0008298326865769923,0.276104599237442,0.012672270648181438,0.0,0.0
0,0.11189337819814682,0.9922444224357605,0.9639140367507935,0.11714680989583333,0.036783854166666664
0,0.057335373014211655,0.9690910577774048,0.75743567943573,0.059336344401041664,0.0
0,0.08451052755117416,0.9824904799461365,0.8739697337150574,0.08653767903645833,0.0
0,0.023919077590107918,0.9498556852340698,0.4949382245540619,0.017049153645833332,0.0
0,0.03903433680534363,0.9161096215248108,0.7092145085334778,0.035654703776041664,0.0
0,0.045241713523864746,0.9989433884620667,0.989509642124176,0.039927164713541664,0.025390625
0,0.00020861260418314487,0.5865228176116943,0.00148371874820441,0.00010172526041666667,0.0
0,0.15057174861431122,0.9986853003501892,0.9909447431564331,0.15242513020833334,0.06270345052083333
0,0.4486314058303833,0.9980276226997375,0.9954261183738708,0.4701334635416667,0.4989217122395833
0,0.092376708984375,0.9927951693534851,0.9595329165458679,0.09885660807291667,0.0482177734375
0,0.021529966965317726,0.9906960725784302,0.8628112077713013,0.018208821614583332,0.0
0,0.039655253291130066,0.9991573095321655,0.9908389449119568,0.038462320963541664,0.029764811197916668
0,0.027799686416983604,0.9554855227470398,0.7305552363395691,0.020863850911458332,0.0
0,0.017001187428832054,0.9272316098213196,0.5610001683235168,0.015146891276041666,0.0
0,0.011459261178970337,0.7694269418716431,0.2290123552083969,0.0012003580729166667,0.0
0,0.05727742239832878,0.9307105541229248,0.6726478934288025,0.039337158203125,0.0
0,0.2616516053676605,0.9969839453697205,0.9856076240539551,0.2991231282552083,0.20760091145833334
0,0.21732477843761444,0.9966495633125305,0.9867756962776184,0.24541219075520834,0.24560546875
0,0.0075292126275599,0.9343951344490051,0.15672989189624786,0.004282633463541667,0.0
0,0.00027074498939327896,0.05098814517259598,0.007204769179224968,0.0,0.0
0,0.08160322904586792,0.9611709713935852,0.8386797904968262,0.07911173502604167,0.0
0,0.09811439365148544,0.9905874133110046,0.9677167534828186,0.100372314453125,0.051025390625
0,0.16228576004505157,0.998745322227478,0.9957684278488159,0.15970865885416666,0.12415568033854167
0,0.14363206923007965,0.9927391409873962,0.9591519832611084,0.16276041666666666,0.0565185546875
0,0.023851806297898293,0.9965301156044006,0.8809927105903625,0.025034586588541668,0.0
0,0.10981067270040512,0.998816728591919,0.9894295334815979,0.11490885416666667,0.06709798177083333
0,0.21899504959583282,0.999276340007782,0.9962782263755798,0.23388671875,0.148223876953125
0,0.040459953248500824,0.9584600329399109,0.7233065962791443,0.033843994140625,0.0
0,0.05553167685866356,0.968020498752594,0.8329172730445862,0.053263346354166664,0.0
0,0.003290632739663124,0.9398029446601868,0.059206992387771606,0.0006205240885416666,0.0
0,0.04260664060711861,0.9745803475379944,0.7431680560112,0.046783447265625,0.0
0,0.06382845342159271,0.9912885427474976,0.9506837129592896,0.06792195638020833,0.025960286458333332
0,0.05237354338169098,0.9413313865661621,0.7838230133056641,0.04962158203125,0.0
0,0.0023385826498270035,0.6524628400802612,0.04295286908745766,0.0003865559895833333,0.0
0,0.22053535282611847,0.9973785877227783,0.983020007610321,0.24842325846354166,0.1318359375
0,0.07475828379392624,0.9983834028244019,0.9853278994560242,0.08172607421875,0.013946533203125
0,0.07195216417312622,0.9963924288749695,0.9774571061134338,0.06951904296875,0.046193440755208336
0,0.0011061105178669095,0.8668103814125061,0.014899643138051033,0.0002543131510416667,0.0
0,0.022123908624053,0.9773275852203369,0.6062548756599426,0.017710367838541668,0.0
0,0.03470199927687645,0.9856629967689514,0.7412940263748169,0.030426025390625,0.0
0,0.04709291830658913,0.9954261183738708,0.9764007329940796,0.048105875651041664,0.0384521484375
0,0.008794552646577358,0.9290551543235779,0.1589561253786087,0.003997802734375,0.0
0,0.008264551870524883,0.9660280346870422,0.2049444019794464,0.007375081380208333,0.0
0,0.08253245800733566,0.9982859492301941,0.9838472008705139,0.08036295572916667,0.03253173828125
0,0.04679633304476738,0.9759464263916016,0.7954992651939392,0.047993977864583336,0.0
0,0.03762982040643692,0.978425920009613,0.686366856098175,0.027740478515625,0.0
0,0.027318617329001427,0.9333093762397766,0.5712829828262329,0.021891276041666668,0.0
0,0.08271540701389313,0.9887554049491882,0.9417614340782166,0.08867390950520833,0.0
0,0.033924613147974014,0.9641867876052856,0.7704647779464722,0.03204345703125,0.0
0,0.03767930343747139,0.9947595000267029,0.9351099133491516,0.034138997395833336,0.02203369140625
0,0.02749880589544773,0.9914224743843079,0.9155072569847107,0.025319417317708332,0.0
0,0.01920478045940399,0.9974191188812256,0.7703971862792969,0.016489664713541668,0.0
0,0.027760567143559456,0.9846346974372864,0.7631309032440186,0.025248209635416668,0.0
0,0.020522868260741234,0.9910838603973389,0.7188905477523804,0.020741780598958332,0.0
0,0.014736376702785492,0.9227612018585205,0.4119871258735657,0.011037190755208334,0.0
0,0.11311826854944229,0.9973477125167847,0.9820137619972229,0.10431925455729167,0.0308837890625
0,0.07063473761081696,0.998245358467102,0.9833430051803589,0.07219441731770833,0.033579508463541664
0,0.13787849247455597,0.9976586103439331,0.987129271030426,0.14751180013020834,0.11714680989583333
0,0.017860833555459976,0.9289263486862183,0.5117449164390564,0.013763427734375,0.0
0,0.06501428782939911,0.9781354665756226,0.8999984264373779,0.06627400716145833,0.038004557291666664
0,0.00707115838304162,0.9300782084465027,0.18010665476322174,0.0030721028645833335,0.0
0,0.0189830269664526,0.996292769908905,0.8327690362930298,0.019012451171875,0.0
0,0.0499146468937397,0.9694979190826416,0.7959754467010498,0.051778157552083336,0.0
0,0.011989873833954334,0.9704086184501648,0.2799210250377655,0.006551106770833333,0.0
0,0.06618845462799072,0.9734938144683838,0.8649961352348328,0.07185872395833333,0.0
0,0.027378151193261147,0.9839090704917908,0.6569686532020569,0.023478190104166668,0.0
0,0.004232560750097036,0.7563575506210327,0.08509904891252518,0.0009256998697916666,0.0
0,0.08591404557228088,0.9929336309432983,0.923450231552124,0.09980265299479167,0.07784016927083333
0,0.052678484469652176,0.9863104820251465,0.8397339582443237,0.051605224609375,0.0
0,0.21804089844226837,0.9508692026138306,0.8860265612602234,0.2723490397135417,0.2699178059895833
0,0.0035846612881869078,0.7631309032440186,0.06916356831789017,0.0009867350260416667,0.0
0,0.01091129332780838,0.9599125981330872,0.29369914531707764,0.00640869140625,0.0
0,0.08787443488836288,0.9941574335098267,0.9224823713302612,0.09056599934895833,0.0
0,0.03129452094435692,0.9942474365234375,0.8856314420700073,0.032725016276041664,0.0
0,0.0021737392526119947,0.41739019751548767,0.03956232964992523,2.0345052083333332e-05,0.0
0,0.017038067802786827,0.9881765246391296,0.7645349502563477,0.017120361328125,0.017130533854166668
0,6.671265873592347e-05,0.3241284191608429,0.00032758433371782303,0.0,0.0
0,0.010033518075942993,0.9614614844322205,0.3054807782173157,0.008392333984375,0.0
0,0.0015303170075640082,0.22901752591133118,0.02498779445886612,0.0,0.0
0,0.011388290673494339,0.9822876453399658,0.38708314299583435,0.010294596354166666,0.0
0,0.04744909703731537,0.9859904050827026,0.8809958100318909,0.045827229817708336,0.0
0,0.00640983646735549,0.8960696458816528,0.15622973442077637,0.005808512369791667,0.0
0,0.004886180628091097,0.9949001669883728,0.07249738276004791,0.0036112467447916665,0.0
0,0.000851657532621175,0.6883637309074402,0.015365341678261757,0.00016276041666666666,0.0
0,0.0006049248040653765,0.16667540371418,0.010169658809900284,0.0,0.0
0,0.000522924994584173,0.3807013928890228,0.007815889082849026,1.0172526041666666e-05,0.0
0,0.003965247888118029,0.7657685875892639,0.09739040583372116,0.0013020833333333333,0.0
0,0.012690194882452488,0.9487276077270508,0.4789041578769684,0.015309651692708334,0.0
0,0.10691273957490921,0.9923933744430542,0.9587675929069519,0.11406453450520833,0.0
0,0.043203070759773254,0.9971550703048706,0.9463988542556763,0.045399983723958336,0.0
0,0.020097820088267326,0.9521309733390808,0.6409528255462646,0.017608642578125,0.0
0,0.0002175257686758414,0.042245496064424515,0.0035936026833951473,0.0,0.0
0,0.013559509068727493,0.9203612804412842,0.2823880910873413,0.006764729817708333,0.0
0,0.023823877796530724,0.9732915163040161,0.5308976173400879,0.018107096354166668,0.0
0,0.01914210245013237,0.9949001669883728,0.751272439956665,0.020558675130208332,0.0
0,0.010831356048583984,0.9886682629585266,0.4018550515174866,0.01031494140625,0.008992513020833334
0,0.011763219721615314,0.8975157737731934,0.3301374316215515,0.008270263671875,0.0
0,0.05095894634723663,0.9958011507987976,0.8852352499961853,0.052215576171875,0.0
0,0.008534220047295094,0.9103862047195435,0.22017472982406616,0.005228678385416667,0.0
0,0.0004373582487460226,0.09929540008306503,0.009089330211281776,0.0,0.0
0,0.0004432093119248748,0.11436852067708969,0.007755536586046219,0.0,0.0
0,0.0038203999865800142,0.8426043391227722,0.05165378004312515,0.003021240234375,0.0
0,0.2634948492050171,0.9987744688987732,0.9928777813911438,0.2891947428385417,0.2656351725260417
0,0.01900572143495083,0.9941574335098267,0.755811870098114,0.016632080078125,0.0
0,0.01081326324492693,0.98046875,0.4615776836872101,0.010955810546875,0.0
0,0.04919973388314247,0.9974983334541321,0.9773707389831543,0.051137288411458336,0.012888590494791666
0,0.03989444300532341,0.9786311388015747,0.8454288840293884,0.039469401041666664,0.0
0,0.030800769105553627,0.9974787831306458,0.8505853414535522,0.031077067057291668,0.0
0,0.0001677920954534784,0.042642392218112946,0.0037948342505842447,0.0,0.0
0,0.00018339235975872725,0.032466813921928406,0.002704429440200329,0.0,0.0
0,0.36436647176742554,0.9997851252555847,0.9932025074958801,0.40792708333333333,0.40360416666666665
0,0.07561395317316055,0.9895108342170715,0.8537920713424683,0.07603190104166667,0.0
0,0.07261925935745239,0.9964063763618469,0.9680790305137634,0.06397501627604167,0.0
0,0.00022904570505488664,0.40904372930526733,0.0019723358564078808,1.0958904109589042e-05,0.0
0,0.033622581511735916,0.9978925585746765,0.9439706206321716,0.03080365296803653,0.02054794520547945
0,0.19683103263378143,0.9983958601951599,0.9888850450515747,0.2158562271062271,0.1522298534798535
0,0.16620762646198273,0.9989515542984009,0.9936116337776184,0.1758570159857904,0.11604795737122557
0,0.14139316976070404,0.9988027811050415,0.9893062710762024,0.1485125968992248,0.038270348837209305
0,0.09232236444950104,0.9912885427474976,0.9469902515411377,0.09597846441947566,0.06044943820224719
0,0.48398542404174805,0.999140739440918,0.9954082369804382,0.5443851851851852,0.5769222222222222
0,0.18311551213264465,0.9997283816337585,0.9931228756904602,0.19121818940342095,0.1018523153942428
0,0.001902280724607408,0.5240902304649353,0.05582314357161522,0.00025390625,0.0
0,0.05084488168358803,0.9986904263496399,0.952301561832428,0.04933622496665245,0.015795093297520636
0,0.09949470311403275,0.9971550703048706,0.9532167315483093,0.09548482605477424,0.01894540199499489
0,0.07003862410783768,0.9996048808097839,0.9885361194610596,0.07300971658283337,0.05589964244591237
0,0.046560268849134445,0.9985895752906799,0.9298236966133118,0.04617916666666667,0.003725
0,0.23178745806217194,0.99826580286026,0.9744352698326111,0.27057223264540337,0.17280487804878047
0,0.16487793624401093,0.9997712969779968,0.9979966282844543,0.1662853385930309,0.06136752136752137
0,0.19413620233535767,0.9987356066703796,0.9916519522666931,0.2135875,0.19761458333333334
0,0.03817665949463844,0.9985392093658447,0.9287972450256348,0.038584527220630375,0.009111747851002865
0,0.00047880408237688243,0.1651887148618698,0.01164222415536642,0.0,0.0
0,0.1605573445558548,0.9980581402778625,0.9821512699127197,0.16260782877604166,0.07902018229166667
0,0.13623830676078796,0.9910838603973389,0.938010573387146,0.15134684244791666,0.0
0,0.01401048805564642,0.9969722032546997,0.843489408493042,0.013295491536458334,0.0
0,0.007147124502807856,0.9988395571708679,0.09433841705322266,0.005849202473958333,0.0
0,0.021424591541290283,0.9728823304176331,0.4993516504764557,0.014851888020833334,0.0
0,0.01479663047939539,0.9915544390678406,0.7118988037109375,0.013529459635416666,0.0
0,0.003839966608211398,0.9313377141952515,0.10538903623819351,0.0016682942708333333,0.0
0,0.04079350456595421,0.9912885427474976,0.933184027671814,0.038625081380208336,0.0
0,0.041062310338020325,0.9962345957756042,0.9010533690452576,0.042093912760416664,0.0
0,0.0006093417177908123,0.16145241260528564,0.010570489801466465,0.0,0.0
0,0.06859974563121796,0.9899086952209473,0.8190220594406128,0.06926472981770833,0.0
0,0.01838109642267227,0.9945307374000549,0.8269745707511902,0.018585205078125,0.0
0,0.01905481517314911,0.9948403239250183,0.5922988057136536,0.016845703125,0.0
0,0.027340779080986977,0.9924813508987427,0.7177978754043579,0.021352132161458332,0.0
0,0.04348907247185707,0.9969603419303894,0.9584577083587646,0.042551676432291664,0.020660400390625
0,0.00012830075866077095,0.19899646937847137,0.0016356753185391426,0.0,0.0
0,0.01120381336659193,0.988447368144989,0.4502185583114624,0.011118570963541666,0.0
0,0.024761497974395752,0.9867261648178101,0.6448929905891418,0.020772298177083332,0.0
0,0.01914210245013237,0.9949001669883728,0.751272439956665,0.020558675130208332,0.0
0,0.010798226110637188,0.9419752359390259,0.33621877431869507,0.008982340494791666,0.0
0,0.00029695499688386917,0.023870835080742836,0.005260852165520191,0.0,0.0
0,0.04743952676653862,0.9828891754150391,0.9268312454223633,0.050933837890625,0.0343017578125
0,0.011943676508963108,0.9416541457176208,0.40009579062461853,0.01080322265625,0.0
0,0.006275361869484186,0.9210741519927979,0.097906693816185,0.0034891764322916665,0.0
0,0.007728349883109331,0.8530579209327698,0.3035221993923187,0.004689534505208333,0.0
0,0.0006700324011035264,0.2114168107509613,0.013689476065337658,0.0,0.0
0,0.14899258315563202,0.9951702952384949,0.9711290597915649,0.16082763671875,0.10066731770833333
0,0.03924848884344101,0.937325656414032,0.7617157697677612,0.03643798828125,0.0
0,0.00036672037094831467,0.3487560451030731,0.0061929901130497456,0.0,0.0
0,0.0021510396618396044,0.6748009920120239,0.03810662031173706,0.0006917317708333334,0.0
0,0.0003633710148278624,0.13534632325172424,0.006718089804053307,0.0,0.0
0,0.017461000010371208,0.9588471055030823,0.5486387610435486,0.01702880859375,0.0
0,0.0060445163398981094,0.7617157697677612,0.20165124535560608,0.003021240234375,0.0
0,0.0004841962654609233,0.12421301752328873,0.008444647304713726,0.0,0.0
0,0.0001216456075781025,0.014899643138051033,0.0019800399895757437,0.0,0.0
0,0.0035417145118117332,0.47058454155921936,0.07158730924129486,6.103515625e-05,0.0
0,0.0007098920759744942,0.18447349965572357,0.013221295550465584,0.0,0.0
0,0.0007151453173719347,0.7844842076301575,0.004416555631905794,0.0003255208333333333,0.0
0,0.000751278072129935,0.11338309943675995,0.015014749020338058,0.0,0.0
0,0.019930727779865265,0.9725714921951294,0.6277230381965637,0.016031901041666668,0.0
0,9.738282096805051e-05,0.02096424251794815,0.0018170708790421486,0.0,0.0
0,8.012934813450556e-06,0.001004416379146278,0.0001476803736295551,0.0,0.0
0,0.0739641860127449,0.998848557472229,0.9924813508987427,0.07555135091145833,0.057342529296875
0,0.00771716982126236,0.8478417992591858,0.1477973461151123,0.002197265625,0.0
0,0.04073305055499077,0.9948000907897949,0.9610249400138855,0.034474690755208336,0.018778483072916668
0,0.011241509579122066,0.9906600117683411,0.2829881012439728,0.008616129557291666,0.0
0,0.025329619646072388,0.9986904263496399,0.9643214344978333,0.020212809244791668,0.012451171875
0,0.18205468356609344,0.9985730648040771,0.9928231239318848,0.19434611002604166,0.108795166015625
0,0.2673051059246063,0.9990890026092529,0.9971327781677246,0.287109375,0.21346028645833334
0,0.0001659751433180645,0.030733928084373474,0.002387409098446369,0.0,0.0
0,0.011327548883855343,0.9461008310317993,0.4166708290576935,0.010732014973958334,0.0
0,0.009817500598728657,0.9452984929084778,0.29947492480278015,0.008646647135416666,0.0
0,0.050819236785173416,0.9505029916763306,0.6257811784744263,0.049173990885416664,0.0
0,0.029190396890044212,0.9771101474761963,0.765742301940918,0.032725016276041664,0.0
0,0.10517967492341995,0.9845753908157349,0.9281447529792786,0.13385009765625,0.11395263671875
0,0.05702659487724304,0.9866748452186584,0.7864539623260498,0.051798502604166664,0.0
0,0.010075596161186695,0.9245515465736389,0.33653926849365234,0.009023030598958334,0.0
0,0.007305942475795746,0.8149381279945374,0.16158069670200348,0.00299072265625,0.0
0,0.010924599133431911,0.837221086025238,0.19930799305438995,0.0022786458333333335,0.0
0,0.07331912219524384,0.9925682544708252,0.9212159514427185,0.07860310872395833,0.0
0,0.02234128676354885,0.95743727684021,0.44812434911727905,0.014312744140625,0.0
0,0.02404789626598358,0.9923933744430542,0.7525585293769836,0.021199544270833332,0.0
0,0.09799203276634216,0.9758085012435913,0.8693788647651672,0.115509033203125,0.0
0,0.1728232055902481,0.9932287931442261,0.9773262739181519,0.20318603515625,0.17254638671875
0,0.0009410746279172599,0.3250918686389923,0.015722181648015976,0.0,0.0
0,0.00035333397681824863,0.03853849694132805,0.00857748556882143,0.0,0.0
0,0.005326321814209223,0.7898827195167542,0.11858298629522324,0.0018107096354166667,0.0
0,0.06046136096119881,0.9849852323532104,0.9241418242454529,0.061319986979166664,0.041748046875
0,0.044528502970933914,0.9343951344490051,0.6551088094711304,0.029001871744791668,0.0
0,0.005318693351000547,0.6380463242530823,0.14378780126571655,0.00128173828125,0.0
0,0.02942396141588688,0.9219217896461487,0.6547777652740479,0.038380940755208336,0.0
0,0.001366660580970347,0.44857725501060486,0.023196300491690636,8.138020833333333e-05,0.0
0,0.017502030357718468,0.9948403239250183,0.6600496768951416,0.018208821614583332,0.0
0,0.001687852549366653,0.8188817501068115,0.009521381929516792,0.0018717447916666667,0.0
0,0.03722661733627319,0.9481545686721802,0.7884203195571899,0.037343343098958336,0.0
0,0.0296169463545084,0.9161096215248108,0.8214741349220276,0.035430908203125,0.0
0,0.017975157126784325,0.9015746116638184,0.4210720360279083,0.012369791666666666,0.0
0,0.016545085236430168,0.9832789301872253,0.6369144320487976,0.0159912109375,0.0
0,0.11120864748954773,0.995566189289093,0.9754354357719421,0.11417643229166667,0.056315104166666664
0,0.03635094687342644,0.9186264276504517,0.6410785913467407,0.030181884765625,0.0
0,0.005147058982402086,0.8175745010375977,0.12106090039014816,0.004364013671875,0.0
0,0.029047012329101562,0.9743860960006714,0.8651101589202881,0.030568440755208332,0.0205078125
0,0.0029541614931076765,0.7527403235435486,0.04169343039393425,0.0009765625,0.0
0,0.01639075018465519,0.990767776966095,0.881991446018219,0.018300374348958332,0.017303466796875
0,0.0005310996784828603,0.4078049957752228,0.004718369338661432,1.0172526041666666e-05,0.0
0,0.0012061352608725429,0.5319085121154785,0.0139541020616889,0.0004475911458333333,0.0
0,0.005545778200030327,0.9383503198623657,0.15303835272789001,0.005930582682291667,0.0
0,0.012471955269575119,0.9974589943885803,0.46702155470848083,0.010294596354166666,0.0
0,0.13265866041183472,0.998793363571167,0.9658995866775513,0.14229375,0.08262916666666667
0,0.48048508167266846,0.9981613755226135,0.9954791069030762,0.5293493333333333,0.5827946666666667
0,0.06002238020300865,0.9990378618240356,0.9828232526779175,0.061350504557291664,0.023325602213541668
0,0.042344365268945694,0.9998726844787598,0.6559974551200867,0.031768798828125,0.0
0,0.02375592477619648,0.9760379791259766,0.584740161895752,0.018381754557291668,0.0
0,0.008465594612061977,0.9875203371047974,0.2173176258802414,0.006683349609375,0.0
0,0.029499530792236328,0.9958980679512024,0.8275328278541565,0.026082356770833332,0.0
0,0.004955815616995096,0.8879840970039368,0.09219619631767273,0.0017191569010416667,0.0
0,0.3648863732814789,0.9993952512741089,0.9977743029594421,0.386260986328125,0.3958028157552083
0,0.018655937165021896,0.966092050075531,0.4640829563140869,0.013066666666666667,0.0
0,0.0026471226010471582,0.9509603977203369,0.03179866820573807,0.0024222222222222223,0.0
0,1.4518873285851441e-05,0.019832711666822433,0.00016474656877107918,0.0,0.0
0,0.00016226655861828476,0.056966383010149,0.0032986511941999197,0.0,0.0
0,0.027365338057279587,0.9281486868858337,0.49960583448410034,0.016344401041666668,0.0
0,0.00028184946859255433,0.21800270676612854,0.005426943302154541,0.0,0.0
0,0.007306584622710943,0.9952816367149353,0.15077753365039825,0.0041592394533571005,0.0
0,4.809827487406437e-07,0.006026951130479574,4.391050879348768e-06,0.0,0.0
0,0.01989658921957016,0.9964063763618469,0.3868277370929718,0.010329539741304447,0.0
0,0.021556293591856956,0.9814178347587585,0.7461389899253845,0.019723307291666665,0.009192708333333334
0,0.019837789237499237,0.9946568012237549,0.6375070810317993,0.01574569221628045,0.0
0,0.00748399319127202,0.9840936064720154,0.18611131608486176,0.002504684857626034,0.0
0,0.006291632074862719,0.8279673457145691,0.15636494755744934,0.005078125,0.0
0,0.03816106915473938,0.9967142343521118,0.8906751871109009,0.03274375,0.0
0,0.05009651556611061,0.9984145164489746,0.9544779658317566,0.04861245173745174,0.02554054054054054
0,0.023397337645292282,0.9970878958702087,0.6668223142623901,0.01955625,0.0027
0,0.020915735512971878,0.996570348739624,0.8566936254501343,0.01810460652591171,0.009476967370441458
0,0.0044353739358484745,0.9961903095245361,0.03120281919836998,0.003785988483685221,0.0
0,0.015437781810760498,0.973993182182312,0.4458009600639343,0.011722648752399232,0.0
0,0.342520147562027,0.9993928670883179,0.9926826357841492,0.32765269151138715,0.30374223602484474
0,0.010533766821026802,0.9370958209037781,0.15791445970535278,0.004292953667953668,0.0
0,0.002598823281005025,0.5404994487762451,0.03760863468050957,8.445945945945946e-05,0.0
0,0.2427424043416977,0.9950562715530396,0.9563905000686646,0.28399372586872584,0.21763754826254827
0,0.019116299226880074,0.8918110132217407,0.4869115352630615,0.0164375,0.0
0,0.0040673320181667805,0.24328269064426422,0.08694165199995041,0.0,0.0
0,0.07664299011230469,0.9744833707809448,0.8875949382781982,0.07882752761257435,0.04270744831492495
0,0.002035475103184581,0.31573596596717834,0.05136751011013985,0.0,0.0
0,0.0002904612629208714,0.573738157749176,0.0035936026833951473,7.038123167155426e-05,0.0
0,0.3882768154144287,0.997739315032959,0.988447368144989,0.4391409795811571,0.4764564401372661
0,0.1444152444601059,0.9828891754150391,0.9122800230979919,0.17199817101051668,0.08787379972565158
0,0.1317533403635025,0.9940658807754517,0.9178933501243591,0.15865112025605851,0.09298582533150435
0,0.04012695699930191,0.9917803406715393,0.7176079154014587,0.03131428571428571,0.0
0,0.01634448952972889,0.9887987971305847,0.6599565744400024,0.015789954337899544,0.0
0,0.09787550568580627,0.9838472008705139,0.8591918349266052,0.09912352406902816,0.04048138056312443
0,0.1509845107793808,0.9938070178031921,0.9682613611221313,0.1551780821917808,0.07650228310502283
0,0.3642825484275818,0.9991065859794617,0.9968149065971375,0.44251358695652177,0.4552445652173913
0,0.3785834312438965,0.9976494908332825,0.9876639246940613,0.4247741892477419,0.37853714628537144
0,0.18740960955619812,0.9991340041160583,0.9956516623497009,0.21100881747782016,0.19318716623298834
0,0.3161264657974243,0.9977656602859497,0.9764007329940796,0.35311253529332676,0.29047069991810726
0,0.39728882908821106,0.9988840222358704,0.9944451451301575,0.4406716485754286,0.41964399352715503
0,0.40534308552742004,0.9993384480476379,0.9946358799934387,0.4953227362754558,0.5082626580671372
0,0.18306683003902435,0.9950370192527771,0.9707432389259338,0.20511948369091226,0.15307866736438164
0,0.008254406042397022,0.879767894744873,0.16894881427288055,0.0029835637603558966,0.0
0,0.08306065201759338,0.9970765113830566,0.9845160245895386,0.08430989583333333,0.06905110677083333
0,0.08804783225059509,0.9958174824714661,0.9858275651931763,0.09141031901041667,0.08100382486979167
0,0.06375936418771744,0.9918753504753113,0.8910492658615112,0.059814453125,0.0
0,0.24754758179187775,0.9845753908157349,0.9396923184394836,0.32220458984375,0.3016764322916667
0,0.010556444525718689,0.6708239316940308,0.20816445350646973,0.0021158854166666665,0.0
0,0.021537810564041138,0.9505029916763306,0.4367949962615967,0.013326009114583334,0.0
0,0.05797012522816658,0.96518474817276,0.8520758748054504,0.052907307942708336,0.0
0,0.09799203276634216,0.9758085012435913,0.8693788647651672,0.115509033203125,0.0
0,0.1728232055902481,0.9932287931442261,0.9773262739181519,0.20318603515625,0.17254638671875
0,0.008606493473052979,0.8889517188072205,0.15367232263088226,0.006154378255208333,0.0
0,2.0076857254025526e-05,0.011331754736602306,0.000404434249503538,0.0,0.0
0,0.014426633715629578,0.8528130054473877,0.3188965320587158,0.007476806640625,0.0
0,0.14192098379135132,0.933552086353302,0.8776865601539612,0.16819254557291666,0.08833821614583333
0,0.010897050611674786,0.7980294823646545,0.19436323642730713,0.0030619303385416665,0.0
0,0.02654867433011532,0.9442797303199768,0.603462815284729,0.024648030598958332,0.0
0,0.025945065543055534,0.9901401400566101,0.847585916519165,0.029022216796875,0.0103759765625
0,0.007536415476351976,0.9269675612449646,0.2109239250421524,0.005777994791666667,0.0
0,0.0006703828112222254,0.05813159793615341,0.014559519477188587,0.0,0.0
0,0.010943684726953506,0.9750121831893921,0.4793190658092499,0.013315836588541666,0.0
0,7.895029557403177e-05,0.015424554236233234,0.0019267346942797303,0.0,0.0
0,0.0002111478679580614,0.023689471185207367,0.003899620845913887,0.0,0.0
0,0.12185957282781601,0.9913892149925232,0.9007046222686768,0.12492879231770833,0.0364990234375
0,0.008180688135325909,0.9246877431869507,0.23791925609111786,0.005279541015625,0.0
0,0.05010168254375458,0.9555686116218567,0.825022280216217,0.049265543619791664,0.0
0,0.06002494692802429,0.9553191661834717,0.7452130317687988,0.048807779947916664,0.0
0,0.020241759717464447,0.988447368144989,0.8704773783683777,0.020182291666666668,0.0
0,0.05501915141940117,0.9901782274246216,0.9652484059333801,0.06563313802083333,0.021443684895833332
0,0.011724813841283321,0.9064877033233643,0.42244505882263184,0.011433919270833334,0.0
0,0.012092769145965576,0.84065181016922,0.3087078928947449,0.00653076171875,0.0
0,0.005665687844157219,0.7725306153297424,0.09619008004665375,0.0029296875,0.0
0,0.04725441709160805,0.9588471055030823,0.8327772617340088,0.051035563151041664,0.0269775390625
0,0.012460743077099323,0.8912444114685059,0.31615176796913147,0.006642659505208333,0.0
0,0.0036979627329856157,0.5331543684005737,0.103748619556427,0.0006306966145833334,0.0
0,0.04245544970035553,0.9480584859848022,0.7156228423118591,0.036244710286458336,0.0
0,0.025363782420754433,0.8394709229469299,0.47565069794654846,0.016092936197916668,0.0
0,0.0021471534855663776,0.77167147397995,0.03760651499032974,0.0008443196614583334,0.0
0,0.01923157460987568,0.9562273025512695,0.4623774290084839,0.015584309895833334,0.0
0,0.0023159438278526068,0.6034645438194275,0.03669828549027443,0.0008748372395833334,0.0
0,0.02577870339155197,0.7854732275009155,0.40790697932243347,0.0115966796875,0.0
0,0.04957929253578186,0.956308901309967,0.7766229510307312,0.04730224609375,0.0
0,0.10014721006155014,0.9839708209037781,0.9063219428062439,0.09430948893229167,0.034830729166666664
0,0.11640899628400803,0.9923043847084045,0.957355260848999,0.135650634765625,0.14095052083333334
0,0.004654488991945982,0.5766611695289612,0.1477973461151123,0.0013529459635416667,0.0
0,0.00445204135030508,0.6886777877807617,0.1266738623380661,0.001190185546875,0.0
0,0.008064637891948223,0.8630456924438477,0.23650036752223969,0.005462646484375,0.0
0,0.004412307403981686,0.5888891220092773,0.10194116830825806,0.0006205240885416666,0.0
0,1.2790686923835892e-05,0.0016875095898285508,0.00018961739260703325,0.0,0.0
0,0.0071391514502465725,0.6524628400802612,0.16585910320281982,0.0017191569010416667,0.0
0,0.12259838730096817,0.982557475566864,0.9063169360160828,0.12681070963541666,0.071044921875
0,0.1674959659576416,0.9934101700782776,0.9630203247070312,0.196990966796875,0.20749918619791666
0,0.10153535008430481,0.9905508756637573,0.9601374864578247,0.12541707356770834,0.14000447591145834
0,0.00974472425878048,0.6213685870170593,0.21011726558208466,0.0011698404947916667,0.0
0,0.0001656239473959431,0.032466813921928406,0.0032224843744188547,0.0,0.0
0,0.08497411757707596,0.9452984929084778,0.8390757441520691,0.10236612955729167,0.0
0,0.017905008047819138,0.9822876453399658,0.8768422603607178,0.020701090494791668,0.0084228515625
0,0.0004610923060681671,0.7065955400466919,0.0018748616566881537,0.0002644856770833333,0.0
0,0.0008606754709035158,0.7056836485862732,0.016848141327500343,0.0002848307291666667,0.0
0,0.0001165646463050507,0.01640303246676922,0.002115703420713544,0.0,0.0
0,0.05522347614169121,0.949669361114502,0.8657891154289246,0.06982421875,0.0
0,0.007627973798662424,0.8816148638725281,0.23739378154277802,0.005706787109375,0.0
0,0.03737584128975868,0.9596865773200989,0.7588682174682617,0.044698079427083336,0.0
0,0.030414747074246407,0.9553191661834717,0.7640070915222168,0.033620198567708336,0.0
0,0.005333395209163427,0.9125921130180359,0.10668502002954483,0.0022989908854166665,0.0
0,0.03822348639369011,0.9620362520217896,0.7439128756523132,0.044871012369791664,0.0
0,0.002314075129106641,0.16599830985069275,0.04208773002028465,0.0,0.0
0,0.008990052156150341,0.9102267622947693,0.30651459097862244,0.008321126302083334,0.0
0,0.01628272421658039,0.9841545820236206,0.9100621342658997,0.017679850260416668,0.015096028645833334
0,0.0009070654050447047,0.05964693799614906,0.013689476065337658,0.0,0.0
0,0.08727055042982101,0.991455614566803,0.9090983867645264,0.09314982096354167,0.049835205078125
0,0.0002968260378111154,0.15495054423809052,0.005159022752195597,0.0,0.0
0,0.011067145504057407,0.8731066584587097,0.30022627115249634,0.007680257161458333,0.0
0,0.001904760953038931,0.5443775653839111,0.042960066348314285,0.00018310546875,0.0
0,0.01306838821619749,0.8721297383308411,0.3326224982738495,0.008229573567708334,0.0
0,0.0015296376077458262,0.8472108244895935,0.023021256551146507,0.000213623046875,0.0
0,0.06594915688037872,0.9810945987701416,0.7766178846359253,0.05230712890625,0.0
0,0.007864563725888729,0.8460696339607239,0.24435217678546906,0.005076090494791667,0.0
0,0.0005696108564734459,0.04023794084787369,0.01374231930822134,0.0,0.0
0,0.0021795614156872034,0.693784236907959,0.04698663949966431,0.0009256998697916666,0.0
0,0.007189038675278425,0.6614856719970703,0.18067555129528046,0.0014546712239583333,0.0
0,0.0005656638531945646,0.4068619906902313,0.010326957330107689,5.0862630208333336e-05,0.0
0,0.0013260241830721498,0.7442848086357117,0.01374231930822134,0.0005696614583333334,0.0
0,0.0015914575196802616,0.06742378324270248,0.013020490296185017,0.0,0.0
0,0.0725889801979065,0.9822195768356323,0.8763140439987183,0.0755615234375,0.0
0,0.002802471397444606,0.9302051067352295,0.03718467801809311,0.000885009765625,0.0
0,6.278293585637584e-05,0.014503578655421734,0.0010005043586716056,0.0,0.0
0,0.0002859623928088695,0.06572466343641281,0.0064882696606218815,0.0,0.0
0,0.00037543484359048307,0.15830442309379578,0.00677120964974165,0.0,0.0
0,0.11934966593980789,0.9915215969085693,0.9552357196807861,0.13958740234375,0.1343994140625
0,0.00013058124750386924,0.015543648041784763,0.0019723358564078808,0.0,0.0
0,0.04577335715293884,0.9822195768356323,0.7970786094665527,0.052347819010416664,0.0
0,0.007141841575503349,0.9798612594604492,0.13752900063991547,0.006815592447916667,0.0
0,0.00012890966900158674,0.026056302711367607,0.002296159043908119,0.0,0.0
0,0.00014512846246361732,0.043936531990766525,0.0016293087974190712,0.0,0.0
0,0.00030304735992103815,0.08725224435329437,0.0034030056558549404,0.0,0.0
0,0.007881910540163517,0.9888850450515747,0.11788161098957062,0.0076904296875,0.0
0,0.009310157969594002,0.8340017199516296,0.37271979451179504,0.009847005208333334,0.0
0,0.02942396141588688,0.9219217896461487,0.6547777652740479,0.038380940755208336,0.0
0,0.00010412700794404373,0.010776727460324764,0.0013250225456431508,0.0,0.0
0,0.0003138413594570011,0.04804735630750656,0.005663865711539984,0.0,0.0
0,0.00010212348570348695,0.012624949216842651,0.0014214043039828539,0.0,0.0
0,0.01556491106748581,0.7109294533729553,0.39524388313293457,0.011942545572916666,0.0
0,0.0003131289849989116,0.06198946014046669,0.006692850962281227,0.0,0.0
0,0.00026011501904577017,0.11436852067708969,0.005119676236063242,0.0,0.0
0,0.00403261324390769,0.8925625681877136,0.05942821875214577,0.0023905436197916665,0.0
0,0.0024556114803999662,0.9429286122322083,0.03038330376148224,0.0017801920572916667,0.0
0,0.0006129331304691732,0.14354750514030457,0.008187909610569477,0.0,0.0
0,0.00043879644363187253,0.25945019721984863,0.008218739181756973,0.0,0.0
0,0.00039079831913113594,0.10320504754781723,0.007665874902158976,0.0,0.0
0,0.08548840880393982,0.9947799444198608,0.9744347929954529,0.09430948893229167,0.060109456380208336
0,0.00011476717190816998,0.01590639352798462,0.00148371874820441,0.0,0.0
0,0.0029477423522621393,0.6188380122184753,0.08268847316503525,0.00128173828125,0.0
0,0.039544131606817245,0.9777987599372864,0.87716144323349,0.039154052734375,0.0
0,0.00015358241216745228,0.0643000528216362,0.0019953057635575533,0.0,0.0
0,0.0015402990393340588,0.22101424634456635,0.033842120319604874,0.0,0.0
0,0.00922495685517788,0.934155285358429,0.4285687506198883,0.011362711588541666,0.0
0,0.031175052747130394,0.9252299070358276,0.39273911714553833,0.011149088541666666,0.0
0,0.02079080231487751,0.9511421918869019,0.4662674367427826,0.014129638671875,0.0
0,5.463318666443229e-05,0.07558479905128479,0.000491681566927582,0.0,0.0
0,0.005231627728790045,0.616070032119751,0.08555634319782257,0.001220703125,0.0
0,0.09901795536279678,0.9960851669311523,0.9718309640884399,0.094696044921875,0.045979817708333336
0,7.622657722095028e-05,0.019345102831721306,0.001867565792053938,0.0,0.0
0,0.00011864315456477925,0.019531238824129105,0.002074867021292448,0.0,0.0
0,1.8752347386907786e-05,0.01267373375594616,0.0004565269045997411,0.0,0.0
0,0.0127772381529212,0.6648667454719543,0.26038384437561035,0.0027058919270833335,0.0
0,0.041594091802835464,0.9558990597724915,0.7757747173309326,0.052083333333333336,0.0
0,0.0006194259622134268,0.33296075463294983,0.01560173835605383,0.0,0.0
0,2.461670919728931e-05,0.008779109455645084,0.0004124558763578534,0.0,0.0
0,0.01568019390106201,0.91804039478302,0.38594964146614075,0.010345458984375,0.0
0,0.0007518040365539491,0.3213534951210022,0.0036495616659522057,0.0,0.0
0,0.00035230963840149343,0.2613309323787689,0.00677120964974165,0.0,0.0
0,0.000399139680666849,0.3925114870071411,0.006240533664822578,1.0172526041666666e-05,0.0
0,0.0013820951571688056,0.8187368512153625,0.018297232687473297,0.0006001790364583334,0.0
0,4.2398354707984254e-05,0.010489092208445072,0.000576967082452029,0.0,0.0
0,0.0029930288437753916,0.5644586086273193,0.060640547424554825,0.00020345052083333334,0.0
0,0.003053822787478566,0.8238958716392517,0.0478690080344677,0.0028889973958333335,0.0
0,0.008952866308391094,0.8955226540565491,0.21468646824359894,0.004292805989583333,0.0
0,3.651752558653243e-05,0.01678548939526081,0.000550624739844352,0.0,0.0
0,1.2250365216459613e-05,0.0011247574584558606,0.00017674513219390064,0.0,0.0
0,0.02931755781173706,0.9779256582260132,0.8030194044113159,0.030253092447916668,0.0
0,0.0011751714628189802,0.8034823536872864,0.013221295550465584,0.0007425944010416666,0.0
0,0.009678411297500134,0.6794977784156799,0.21354113519191742,0.00164794921875,0.0
0,0.00010357073188060895,0.0838903859257698,0.0008167380001395941,0.0,0.0
0,0.003952598199248314,0.5013504028320312,0.11899801343679428,0.00023396809895833334,0.0
0,0.0002994849637616426,0.03488088399171829,0.009522485546767712,0.0,0.0
0,0.010827858932316303,0.854763388633728,0.3074588477611542,0.005869547526041667,0.0
0,4.045121750095859e-05,0.02779562398791313,0.0005152656813152134,0.0,0.0
0,0.007036823779344559,0.6237207055091858,0.18639105558395386,0.0030619303385416665,0.0
0,4.189070386928506e-05,0.014957086183130741,0.0007554056355729699,0.0,0.0
0,0.06420303881168365,0.9899476170539856,0.9196382164955139,0.0716552734375,0.0
0,0.010213187895715237,0.8872045874595642,0.24255892634391785,0.005442301432291667,0.0
0,0.001231446978636086,0.3951341509819031,0.0456043966114521,1.0172526041666666e-05,0.0
0,0.056843455880880356,0.9619649052619934,0.8998278379440308,0.06841023763020833,0.05389404296875
0,1.5225145034492016e-05,0.004166255705058575,0.0002591582597233355,0.0,0.0
0,0.11505994200706482,0.9717254042625427,0.9287933707237244,0.12852986653645834,0.05181884765625
0,1.4100172847975045e-05,0.0008009536541067064,0.0002251682453788817,0.0,0.0
0,0.0036828245501965284,0.4194101095199585,0.07369227707386017,9.1552734375e-05,0.0
0,3.537667726050131e-05,0.006850480102002621,0.0007014082511886954,0.0,0.0
0,2.7821995900012553e-05,0.004297939129173756,0.0005658800364471972,0.0,0.0
0,0.00037962643546052277,0.25552940368652344,0.007725534029304981,0.0,0.0
0,0.03623666614294052,0.9549003839492798,0.7155203819274902,0.036458333333333336,0.0
0,0.0002262237831018865,0.09417666494846344,0.004736749455332756,0.0,0.0
0,0.0032061273232102394,0.6041070222854614,0.05644402652978897,0.00128173828125,0.0
0,2.649712587299291e-05,0.016466174274683,0.0003654328465927392,0.0,0.0
0,0.0048581077717244625,0.7937461733818054,0.09534946829080582,0.0018310546875,0.0
0,0.15048211812973022,0.9865199327468872,0.9642541408538818,0.170166015625,0.08610026041666667
0,0.16065943241119385,0.9921841025352478,0.9470852613449097,0.18471272786458334,0.12591552734375
0,7.989001460373402e-05,0.014117894694209099,0.0016166499117389321,0.0,0.0
0,0.045007433742284775,0.9777138829231262,0.8312800526618958,0.043813069661458336,0.0
0,0.0006052223034203053,0.3365490734577179,0.007093037478625774,0.0,0.0
0,0.0025897908490151167,0.6684475541114807,0.08834251761436462,0.0005391438802083334,0.0
0,0.038477420806884766,0.9547319412231445,0.6744698286056519,0.030354817708333332,0.0
0,0.0010605693096295,0.2163424789905548,0.02630527876317501,0.0,0.0
0,0.006487247068434954,0.9252299070358276,0.19405756890773773,0.004292805989583333,0.0
0,4.6393655793508515e-05,0.017309095710515976,0.0007554056355729699,0.0,0.0
0,0.009837457910180092,0.9592307209968567,0.36356228590011597,0.009877522786458334,0.0
0,0.04709692299365997,0.9926826357841492,0.9509576559066772,0.052703857421875,0.03857421875
0,0.0122826611623168,0.9102267622947693,0.2333410531282425,0.004679361979166667,0.0
0,0.0030060738790780306,0.9842154383659363,0.06890499591827393,0.001617431640625,0.0
0,0.02884233184158802,0.9937829375267029,0.8949732184410095,0.033762613932291664,0.022115071614583332
0,0.048735544085502625,0.9821512699127197,0.8749281764030457,0.052032470703125,0.0
0,0.00034088906249962747,0.3397180736064911,0.005490563344210386,0.0,0.0
0,0.0026646845508366823,0.6573184728622437,0.07068780064582825,0.0004475911458333333,0.0
0,0.02306491881608963,0.8230441212654114,0.34410610795021057,0.007670084635416667,0.0
0,0.001572917797602713,0.5956101417541504,0.0307904202491045,0.00011189778645833333,0.0
0,1.1209896911168471e-05,0.0037072529084980488,0.0001823546044761315,0.0,0.0
0,0.05948430672287941,0.9916195869445801,0.9611666202545166,0.059499104817708336,0.052073160807291664
0,0.015669558197259903,0.9534487724304199,0.5672667026519775,0.0162353515625,0.0
0,0.0031584370881319046,0.7297124266624451,0.0753123015165329,0.00103759765625,0.0
0,0.00022248378081712872,0.025809623301029205,0.0030043430160731077,0.0,0.0
0,0.014813379384577274,0.9242786765098572,0.5302910804748535,0.015797932942708332,0.0
0,0.007075417786836624,0.8089743256568909,0.3073580265045166,0.00701904296875,0.0
0,0.0006440532742999494,0.2496301382780075,0.01009131595492363,0.0,0.0
0,0.0014580958522856236,0.6453434824943542,0.02433018945157528,0.0003662109375,0.0
0,0.007778358180075884,0.9212159514427185,0.2583147883415222,0.005961100260416667,0.0
0,0.0008994826930575073,0.7732163667678833,0.011869121342897415,0.00017293294270833334,0.0
0,0.0004239104746375233,0.26626187562942505,0.007149102166295052,0.0,0.0
0,0.0002939957194030285,0.06313489377498627,0.0055333878844976425,0.0,0.0
0,0.01049842033535242,0.9848109483718872,0.4410421848297119,0.011260986328125,0.0
0,0.00014180902508087456,0.2879680097103119,0.0017546144081279635,0.0,0.0
0,0.0006315784412436187,0.6555565595626831,0.006588243413716555,0.0003255208333333333,0.0
0,0.0007025846280157566,0.1650540828704834,0.012672270648181438,0.0,0.0
0,0.0004300885775592178,0.37250518798828125,0.006050397641956806,0.0,0.0
0,0.002654092386364937,0.8485961556434631,0.028162674978375435,0.0021464029947916665,0.0
0,0.004090116824954748,0.9356999397277832,0.05833941698074341,0.0028889973958333335,0.0
0,0.0900549665093422,0.9981178045272827,0.9835969805717468,0.08979288736979167,0.056060791015625
0,0.006503196898847818,0.938010573387146,0.16197004914283752,0.003957112630208333,0.0
0,0.07904085516929626,0.9970536231994629,0.982557475566864,0.08427937825520833,0.050638834635416664
0,0.032852452248334885,0.997285008430481,0.9139840602874756,0.033854166666666664,0.0
0,0.008393543772399426,0.974821150302887,0.22729776799678802,0.007415771484375,0.0
0,5.510000846697949e-05,0.023509452119469643,0.0009510130621492863,0.0,0.0
0,0.0329449288547039,0.9834068417549133,0.8211789727210999,0.032358805338541664,0.0
0,1.0203798410657328e-05,0.009161027148365974,0.0001712682278594002,0.0,0.0
0,0.023622699081897736,0.9866234660148621,0.8325091600418091,0.023763020833333332,0.0
0,0.007227905094623566,0.9768466353416443,0.16938941180706024,0.006327311197916667,0.0
0,0.16653047502040863,0.9977481961250305,0.9832789301872253,0.18354666666666666,0.14017066666666667
0,0.059754543006420135,0.961605966091156,0.6313682198524475,0.03550933333333333,0.0
0,0.011937480419874191,0.8308687806129456,0.23846326768398285,0.003728,0.0
0,0.024762919172644615,0.9623205661773682,0.5794616937637329,0.017664,0.0
0,0.06510410457849503,0.994594156742096,0.8451619148254395,0.06291707356770833,0.0
0,0.09065230935811996,0.9891815781593323,0.9165543913841248,0.09287516276041667,0.0
0,0.002286783652380109,0.9925969839096069,0.0031481937039643526,0.0024837239583333334,0.0
0,0.0292283296585083,0.9862577319145203,0.6544542908668518,0.02258125,0.0
0,0.6271860003471375,0.9997387528419495,0.998095691204071,0.6663941351888668,0.7042917495029821
0,0.054626960307359695,0.9991927742958069,0.9828891754150391,0.058429166666666664,0.04835416666666666
0,0.09477072209119797,0.998848557472229,0.9732915163040161,0.10032916666666666,0.084325
0,0.27464428544044495,0.9981104135513306,0.9904035329818726,0.31590068140000405,0.3018329053521241
0,0.08905654400587082,0.9926256537437439,0.9364014267921448,0.08759876010907311,0.01342438296781411
0,0.02582046203315258,0.9920002222061157,0.7718434929847717,0.024001883239171375,0.0
0,0.0070888283662498,0.9911182522773743,0.11596473306417465,0.006517771373679155,0.0
0,0.07034827023744583,0.9975939393043518,0.9568765759468079,0.06981755941961333,0.02125491111370444
0,0.13898655772209167,0.9989718198776245,0.984752357006073,0.14453932584269663,0.05424719101123596
0,0.10737352073192596,0.9964619278907776,0.9139840602874756,0.09943342776203966,0.0
0,0.037738241255283356,0.9685006141662598,0.5919007658958435,0.025074285714285716,0.0
0,0.1260380744934082,0.9993880987167358,0.9965569972991943,0.12837479270315091,0.07781094527363185
0,0.00026770858676172793,0.04377273842692375,0.006217078305780888,0.0,0.0
0,0.0009550107643008232,0.2443629950284958,0.018229641020298004,0.0,0.0
0,0.18704316020011902,0.9978760480880737,0.982355535030365,0.20076086956521738,0.09899068322981366
0,0.38553112745285034,0.9995608925819397,0.9943140745162964,0.4323357963875205,0.4404022988505747
0,0.3461953401565552,0.9986435770988464,0.990767776966095,0.3832348111658456,0.3795155993431856
0,0.12551403045654297,0.9976494908332825,0.9876639246940613,0.13234077750206782,0.11332919768403639
0,0.29427799582481384,0.998745322227478,0.9933332800865173,0.3207920792079208,0.33470709570957097
0,0.04315454512834549,0.9976586103439331,0.9434528946876526,0.04076131687242798,0.029452674897119342
0,0.26290395855903625,0.9998522996902466,0.9985895752906799,0.2708927108927109,0.26014332514332517
0,0.04068135470151901,0.9921233057975769,0.8746500611305237,0.037294524780620446,0.0
0,0.5721186995506287,0.9991474151611328,0.9965837001800537,0.6456324077943995,0.6827880250350264
0,0.007831367664039135,0.9843363761901855,0.288608193397522,0.008310342962241696,0.0
0,0.13279297947883606,0.9981897473335266,0.968020498752594,0.13745208333333334,0.05671458333333333
0,0.2532881200313568,0.999208390712738,0.9924813508987427,0.27755327014855147,0.24018820998857296
0,0.05223708227276802,0.9980505704879761,0.9701269268989563,0.04964174665404894,0.01833175611734487
0,0.05666820704936981,0.9809855818748474,0.8984104990959167,0.06021829044117647,0.03196001838235294
0,0.07538700848817825,0.9939496517181396,0.9149009585380554,0.06231743227326266,0.02504711425206125
0,0.0034212879836559296,0.9219217896461487,0.057599205523729324,0.001058506543494996,0.0
0,0.37333938479423523,0.9990490078926086,0.9926826357841492,0.42206257064582253,0.45411805276165296
0,0.002940879203379154,0.9470881819725037,0.04716186597943306,0.0014854426619132501,0.0
0,0.03660263866186142,0.995718777179718,0.8311430811882019,0.03711142505375795,0.011097683443686064
0,0.00019543198868632317,0.13869494199752808,0.003172682598233223,0.0,0.0
0,0.07535987347364426,0.9940658807754517,0.8933038115501404,0.07570393880208333,0.0
0,0.1552899181842804,0.9969722032546997,0.9851558804512024,0.16173299153645834,0.10097249348958333
0,0.0576353520154953,0.9963357448577881,0.8998278379440308,0.059478759765625,0.0
0,0.02188120037317276,0.9790357351303101,0.6444421410560608,0.01751708984375,0.0
0,0.02970183826982975,0.973036527633667,0.6808594465255737,0.023844401041666668,0.0
0,0.3036123812198639,0.9986383318901062,0.9943140745162964,0.3290201822916667,0.2955220540364583
0,0.007859999313950539,0.9536218643188477,0.2647155821323395,0.006703694661458333,0.0
0,0.017790690064430237,0.951323390007019,0.3740907311439514,0.0098876953125,0.0
0,0.03981969133019447,0.9896718263626099,0.7871142029762268,0.03668212890625,0.0
0,0.07642121613025665,0.9972955584526062,0.9744833707809448,0.07890828450520833,0.0
0,0.0159673523157835,0.9549003839492798,0.4268500506877899,0.0113525390625,0.0
0,0.015344849787652493,0.9700703024864197,0.5394660234451294,0.014821370442708334,0.0
0,0.016474155709147453,0.973036527633667,0.4170880913734436,0.0108642578125,0.0
0,0.044806282967329025,0.9774571061134338,0.7274888157844543,0.042673746744791664,0.0
0,0.010261369869112968,0.8674854636192322,0.2223622351884842,0.004119873046875,0.0
0,0.0709342360496521,0.9955489635467529,0.9810583591461182,0.07292683919270833,0.037200927734375
0,0.0269596129655838,0.9767580628395081,0.8016160726547241,0.025787353515625,0.0
0,0.13202357292175293,0.9910145401954651,0.9074763655662537,0.1302490234375,0.0
0,0.0021394917275756598,0.5404691100120544,0.04153763875365257,0.00019327799479166666,0.0
0,0.0051713804714381695,0.685528576374054,0.13938936591148376,0.0034993489583333335,0.0
0,0.004528442397713661,0.7618929743766785,0.09825223684310913,0.0011393229166666667,0.0
0,0.17423076927661896,0.9972744584083557,0.982624351978302,0.18843587239583334,0.07715861002604167
0,0.0757918581366539,0.9937587976455688,0.8891386389732361,0.07079060872395833,0.0
0,0.006371984723955393,0.9451974034309387,0.15725846588611603,0.004933675130208333,0.0
0,0.006868196651339531,0.8721297383308411,0.15725459158420563,0.00341796875,0.0
0,0.09380453824996948,0.9957848191261292,0.9634374976158142,0.0887451171875,0.013427734375
0,0.0443938784301281,0.9904406070709229,0.8701565861701965,0.039764404296875,0.0
0,0.012620373629033566,0.9408984184265137,0.2694188356399536,0.006418863932291667,0.0
0,0.10311611741781235,0.9928508996963501,0.9449916481971741,0.10181681315104167,0.039225260416666664
0,0.08939670771360397,0.9916519522666931,0.9439675211906433,0.094085693359375,0.0
0,0.07266906648874283,0.9954439401626587,0.9675889611244202,0.06644694010416667,0.025960286458333332
0,0.04924019053578377,0.9897513389587402,0.9451943635940552,0.049519856770833336,0.031219482421875
0,0.038573216646909714,0.9787126779556274,0.7900398969650269,0.036651611328125,0.0
0,0.21523606777191162,0.9986222982406616,0.9938787817955017,0.22843424479166666,0.18479410807291666
0,0.02580873854458332,0.9935368895530701,0.6210204362869263,0.019175211588541668,0.0
0,0.027625208720564842,0.9843964576721191,0.83453369140625,0.027018229166666668,0.0
0,0.15563242137432098,0.998504638671875,0.9789541959762573,0.16255696614583334,0.03369140625
0,0.16057349741458893,0.9978760480880737,0.9922143816947937,0.17183430989583334,0.07338460286458333
0,0.02440359629690647,0.9704086184501648,0.4463604688644409,0.013376871744791666,0.0
0,0.042495328933000565,0.9958821535110474,0.8918053507804871,0.040435791015625,0.0
0,0.10544075816869736,0.9973989725112915,0.9794721603393555,0.10914103190104167,0.022959391276041668
0,0.03414647653698921,0.9429286122322083,0.5529612898826599,0.021901448567708332,0.0
0,0.05511002615094185,0.9653811454772949,0.825022280216217,0.055582682291666664,0.0
0,0.026656245812773705,0.929568350315094,0.7030369639396667,0.025624593098958332,0.0
0,0.0945604220032692,0.9943799376487732,0.9608049392700195,0.0987548828125,0.07514444986979167
0,0.04806085303425789,0.9717789888381958,0.7718434929847717,0.039764404296875,0.0
0,0.4171393811702728,0.9990072846412659,0.994594156742096,0.4621480305989583,0.4661763509114583
0,0.0933646559715271,0.964655876159668,0.9299471974372864,0.10172526041666667,0.0322265625
0,0.12183332443237305,0.9888418912887573,0.9105454087257385,0.12218221028645833,0.0
0,0.035558465868234634,0.9810219407081604,0.6679917573928833,0.025726318359375,0.0
0,0.021516239270567894,0.9431384205818176,0.49029430747032166,0.016347249348958332,0.0
0,0.11564887315034866,0.9930961728096008,0.9328213930130005,0.111236572265625,0.0
0,0.027255242690443993,0.9797840118408203,0.6064401865005493,0.019358317057291668,0.0
0,0.0024226137902587652,0.9725192785263062,0.03155723214149475,0.0015462239583333333,0.0
0,3.4982211218448356e-05,0.0032730652019381523,0.0005112578510306776,0.0,0.0
0,0.0010344440815970302,0.29777616262435913,0.016914913430809975,0.0,0.0
0,0.1232299730181694,0.9954615235328674,0.972933828830719,0.13078816731770834,0.0447998046875
0,0.0018480707658454776,0.8497219681739807,0.02930724248290062,0.001129150390625,0.0
0,0.00793928187340498,0.9359345436096191,0.30656251311302185,0.008890787760416666,0.0
0,0.004482221323996782,0.9457011222839355,0.0828411802649498,0.0025838216145833335,0.0
0,0.007772655691951513,0.8323729634284973,0.14151853322982788,0.0020650227864583335,0.0
0,7.605826976941898e-05,0.00937623716890812,0.0011424495605751872,0.0,0.0
0,2.430144559184555e-05,0.0038844766095280647,0.00047285438631661236,0.0,0.0
0,0.0029017720371484756,0.796609103679657,0.047159235924482346,0.00103759765625,0.0
0,0.0014845570549368858,0.7762839198112488,0.00930287130177021,0.0006815592447916666,0.0
0,0.1475774645805359,0.996249258518219,0.9837225079536438,0.162200927734375,0.14387003580729166
0,0.029476018622517586,0.9833430051803589,0.8098646402359009,0.029937744140625,0.0
0,0.00017615924298297614,0.03861093148589134,0.002833849983289838,0.0,0.0
0,0.013343383558094501,0.9939963817596436,0.6884526610374451,0.013753255208333334,0.0
0,0.05259902402758598,0.9887554049491882,0.9081253409385681,0.057332356770833336,0.0
0,0.102547287940979,0.9988620281219482,0.9912885427474976,0.10707600911458333,0.08744303385416667
0,0.23670804500579834,0.9976218342781067,0.9891397356987,0.2615559895833333,0.1588134765625
0,0.004383998457342386,0.9336731433868408,0.07612425833940506,0.0031229654947916665,0.0
0,0.0038093600887805223,0.42548587918281555,0.08419108390808105,3.0517578125e-05,0.0
0,0.0005723400390706956,0.06891249865293503,0.010013570077717304,0.0,0.0
0,0.039003219455480576,0.9870795607566833,0.8862236142158508,0.04058837890625,0.0
0,0.033090729266405106,0.9835337996482849,0.8820159435272217,0.029398600260416668,0.0
0,0.00032261686283163726,0.11476478725671768,0.004923937376588583,0.0,0.0
0,0.007056056056171656,0.9274948239326477,0.26854607462882996,0.0079345703125,0.0
0,0.00023182079894468188,0.1703699380159378,0.00331113301217556,0.0,0.0
0,0.0009842419531196356,0.5957277417182922,0.017108920961618423,0.00019327799479166666,0.0
0,0.0006925591733306646,0.5615754723548889,0.009522485546767712,0.00014241536458333334,0.0
0,0.009397261776030064,0.8659058809280396,0.2887696325778961,0.006561279296875,0.0
0,0.012496617622673512,0.983020007610321,0.39950647950172424,0.010447184244791666,0.0
0,0.005779914557933807,0.9394705891609192,0.19993212819099426,0.0006815592447916666,0.0
0,0.000215859166928567,0.3534281849861145,0.0019043302163481712,0.0,0.0
0,0.0004905218374915421,0.137648344039917,0.011776481755077839,0.0,0.0
0,0.012860853224992752,0.982355535030365,0.6329293847084045,0.012237548828125,0.0
0,0.000113093905383721,0.032040078192949295,0.0020911062601953745,0.0,0.0
0,0.01756514236330986,0.9873262047767639,0.5497862696647644,0.015177408854166666,0.0
0,0.004751643631607294,0.6461253762245178,0.09367304295301437,0.0008341471354166666,0.0
0,0.00019061770581174642,0.15469497442245483,0.002521268092095852,0.0,0.0
0,8.49790230859071e-05,0.02590802125632763,0.0017546144081279635,0.0,0.0
0,0.00015214992163237184,0.04023794084787369,0.002704429440200329,0.0,0.0
0,0.06498008966445923,0.9736446738243103,0.8315456509590149,0.057749430338541664,0.0
0,0.1821240931749344,0.9981251358985901,0.9880849719047546,0.2078857421875,0.16837565104166666
0,0.001148334820754826,0.42131367325782776,0.024053553119301796,2.0345052083333332e-05,0.0
0,0.01759294979274273,0.9427180886268616,0.4997324049472809,0.015889485677083332,0.0
0,0.0783381462097168,0.9860442876815796,0.9245515465736389,0.07349650065104167,0.0
0,0.0002418113872408867,0.36048904061317444,0.0028671585023403168,0.0,0.0
0,0.029526429250836372,0.9932287931442261,0.7967672944068909,0.024078369140625,0.0
0,0.035063717514276505,0.9933589100837708,0.940349817276001,0.036427815755208336,0.024017333984375
0,1.9012919437955134e-05,0.003285833401605487,0.0002115288662025705,0.0,0.0
0,0.015524550341069698,0.9725714921951294,0.3538746237754822,0.009084065755208334,0.0
0,0.06968090683221817,0.9934357404708862,0.9347498416900635,0.068145751953125,0.024861653645833332
0,0.01572415791451931,0.9145963191986084,0.5267660617828369,0.017506917317708332,0.0
0,0.011368493549525738,0.9793540239334106,0.34080103039741516,0.009511311848958334,0.0
0,0.00020669738296419382,0.22439520061016083,0.0025016965810209513,0.0,0.0
0,0.004564648028463125,0.8014700412750244,0.0945054143667221,0.00250244140625,0.0
0,8.225936653616372e-06,0.0006337125087156892,0.00010889690747717395,0.0,0.0
0,0.009857521392405033,0.9107043743133545,0.22935739159584045,0.00579833984375,0.0
0,0.015323841013014317,0.9664104580879211,0.4563659131526947,0.014506022135416666,0.0
0,0.0036608416121453047,0.8398653864860535,0.08601127564907074,0.001220703125,0.0
0,0.0184644665569067,0.8848377466201782,0.47665274143218994,0.014506022135416666,0.0
0,0.0003471989184617996,0.13454832136631012,0.005448068492114544,0.0,0.0
0,0.00010269833728671074,0.01659317873418331,0.002251847181469202,0.0,0.0
0,0.0001863217185018584,0.0787840187549591,0.003260345896705985,0.0,0.0
0,0.0019893839489668608,0.5859306454658508,0.03308410570025444,0.0004679361979166667,0.0
0,0.0007471709977835417,0.09687653928995132,0.01671922206878662,0.0,0.0
0,6.795775698265061e-05,0.022889839485287666,0.0008167380001395941,0.0,0.0
0,0.00028946754173375666,0.2626526653766632,0.0053225355222821236,0.0,0.0
0,0.0030430948827415705,0.8879840970039368,0.05877655744552612,0.001434326171875,0.0
0,0.00327973417006433,0.9540517926216125,0.04409106448292732,0.002349853515625,0.0
0,0.004702236037701368,0.5154598355293274,0.05707139894366264,4.0690104166666664e-05,0.0
0,0.009099877439439297,0.987129271030426,0.2889551818370819,0.009256998697916666,0.0
0,0.013721087016165257,0.9240047931671143,0.41116467118263245,0.011393229166666666,0.0
0,6.677019700873643e-05,0.008030813187360764,0.0008626077324151993,0.0,0.0
0,0.0007190642063505948,0.1846204549074173,0.01455784123390913,0.0,0.0
0,0.021201251074671745,0.8994751572608948,0.45026424527168274,0.013478597005208334,0.0
0,0.029025623574852943,0.9643886089324951,0.7570766806602478,0.021993001302083332,0.0
0,0.00023437285562977195,0.5172355771064758,0.001667882315814495,0.0001220703125,0.0
0,0.008167900145053864,0.9339146018028259,0.23845085501670837,0.005472819010416667,0.0
0,0.00043701636604964733,0.05975658819079399,0.007317397277802229,0.0,0.0
0,0.0031224905978888273,0.9161096215248108,0.055717211216688156,0.0020955403645833335,0.0
0,0.0036802617833018303,0.7641884088516235,0.07237401604652405,0.00128173828125,0.0
0,9.797472739592195e-05,0.06210312619805336,0.0015068729408085346,0.0,0.0
0,0.0023191235959529877,0.8250265121459961,0.026910772547125816,0.0017903645833333333,0.0
0,0.008087903261184692,0.9832144975662231,0.17511025071144104,0.006663004557291667,0.0
0,0.04378506913781166,0.9814534187316895,0.8223318457603455,0.039103190104166664,0.0
0,0.02332187257707119,0.9488224983215332,0.6177363991737366,0.019510904947916668,0.0
0,0.027888165786862373,0.9927951693534851,0.814495861530304,0.0302734375,0.0
0,0.018529653549194336,0.9775000214576721,0.5782029032707214,0.0152587890625,0.0
0,0.0027946496848016977,0.769253671169281,0.051171813160181046,0.0015360514322916667,0.0
0,0.002722218632698059,0.8668103814125061,0.025177404284477234,0.0022786458333333335,0.0
0,0.0015539840096607804,0.6743722558021545,0.02748069353401661,0.0006001790364583334,0.0
0,0.07308764010667801,0.9936610460281372,0.968678891658783,0.07893880208333333,0.043294270833333336
0,0.007443360984325409,0.903464674949646,0.19056883454322815,0.003957112630208333,0.0
0,0.0010150602320209146,0.6848966479301453,0.015247589908540249,0.0002543131510416667,0.0
0,0.00012258651258889586,0.05042406916618347,0.0018895386019721627,0.0,0.0
0,0.05548065900802612,0.9942697286605835,0.9310875535011292,0.060536702473958336,0.0
0,0.0037300207186490297,0.8629302382469177,0.08977328985929489,0.001678466796875,0.0
0,0.01384976040571928,0.9272316098213196,0.48298341035842896,0.013753255208333334,0.0
0,0.0007962507079355419,0.5637983083724976,0.012526484206318855,0.00010172526041666667,0.0
0,0.010384940542280674,0.8286617398262024,0.25607597827911377,0.00604248046875,0.0
0,0.08487475663423538,0.9977568984031677,0.991936981678009,0.08741251627604167,0.06850179036458333
0,0.02373327873647213,0.9605836272239685,0.654446542263031,0.021982828776041668,0.0
0,0.055405814200639725,0.9983769655227661,0.9896706342697144,0.053904215494791664,0.041524251302083336
0,1.4779162484046537e-05,0.004022909794002771,0.00015356240328401327,0.0,0.0
0,0.012738757766783237,0.9835337996482849,0.3361131250858307,0.006673177083333333,0.0
0,0.004076325334608555,0.9526622891426086,0.07992122322320938,0.001800537109375,0.0
0,0.009800742380321026,0.9488224983215332,0.3220738172531128,0.008595784505208334,0.0
0,0.009274757467210293,0.9114953279495239,0.24490438401699066,0.006591796875,0.0
0,0.00035673993988893926,0.42602309584617615,0.005199880339205265,2.0345052083333332e-05,0.0
0,0.05932770296931267,0.9971550703048706,0.8480860590934753,0.060353597005208336,0.0
0,0.002389152767136693,0.7088176608085632,0.0443485863506794,0.0005086263020833334,0.0
0,0.0003105230862274766,0.19421492516994476,0.0043648178689181805,0.0,0.0
0,0.03970220685005188,0.9893885254859924,0.8782098889350891,0.03533935546875,0.0
0,0.087257020175457,0.9969485402107239,0.967099130153656,0.09095255533854167,0.042317708333333336
0,0.05648614093661308,0.9789151549339294,0.8548810482025146,0.051432291666666664,0.0
0,0.00013562454842031002,0.014899643138051033,0.0016166499117389321,0.0,0.0
0,0.029704786837100983,0.9425067901611328,0.6479063034057617,0.027333577473958332,0.0
0,0.005818346980959177,0.5483106970787048,0.19821467995643616,0.0027669270833333335,0.0
0,0.0006329779862426221,0.41081538796424866,0.009670992381870747,3.0517578125e-05,0.0
0,0.0010363860055804253,0.5326682329177856,0.014281933195888996,5.0862630208333336e-05,0.0
0,0.01544639840722084,0.9051547646522522,0.4521346390247345,0.01324462890625,0.0
0,0.018002444878220558,0.9595351815223694,0.5434957146644592,0.016204833984375,0.0
0,0.00042799519724212587,0.19147881865501404,0.009744974784553051,0.0,0.0
0,0.0030930116772651672,0.7675155997276306,0.029926352202892303,0.0034586588541666665,0.0
0,0.032604705542325974,0.9837225079536438,0.7420480251312256,0.032012939453125,0.0
0,0.001167233451269567,0.32434242963790894,0.033526163548231125,0.0,0.0
0,0.022021370008587837,0.9097468256950378,0.47785505652427673,0.014699300130208334,0.0
0,0.005012746434658766,0.9099069833755493,0.10248421877622604,0.0019734700520833335,0.0
0,0.0006701713427901268,0.376852422952652,0.01005236990749836,0.0,0.0
0,0.012823183089494705,0.9728823304176331,0.4217959940433502,0.011077880859375,0.0
0,0.00759832002222538,0.9915215969085693,0.12591953575611115,0.007273356119791667,0.0
0,0.005993078928440809,0.9472835659980774,0.14366762340068817,0.0042724609375,0.0
0,0.004526686388999224,0.9068183302879333,0.07237401604652405,0.001922607421875,0.0
0,0.005124328192323446,0.7237977981567383,0.1457148790359497,0.002471923828125,0.0
0,0.0006706416606903076,0.2994123697280884,0.009411499835550785,0.0,0.0
0,0.005346814636141062,0.5100313425064087,0.10087861120700836,0.0002950032552083333,0.0
0,0.006043695379048586,0.8536689877510071,0.14475229382514954,0.002960205078125,0.0
0,0.023573564365506172,0.8334602117538452,0.5564278960227966,0.026438395182291668,0.0
0,0.0004544328839983791,0.18506188690662384,0.00815624836832285,0.0,0.0
0,0.12416806071996689,0.9977743029594421,0.992061972618103,0.129486083984375,0.043009440104166664
0,0.016360856592655182,0.9019206762313843,0.35846197605133057,0.009114583333333334,0.0
0,0.0013335220282897353,0.6510221362113953,0.02145073004066944,0.0003255208333333333,0.0
0,0.002828436903655529,0.987129271030426,0.0015367271844297647,0.0031534830729166665,0.0
0,0.011199991218745708,0.9800912737846375,0.3694254159927368,0.009796142578125,0.0
0,0.00014335192099679261,0.1911766231060028,0.0019494021544232965,0.0,0.0
0,0.00018444990564603359,0.13061775267124176,0.0017342078499495983,0.0,0.0
0,0.022191157564520836,0.9933330416679382,0.7841488718986511,0.025238037109375,0.0
0,0.00047715738764964044,0.10429472476243973,0.009746103547513485,0.0,0.0
0,0.03432328253984451,0.9605836272239685,0.7595769166946411,0.033030192057291664,0.0
0,0.0053967577405273914,0.9836598634719849,0.09964530169963837,0.00341796875,0.0
0,0.01599663309752941,0.8665847778320312,0.6651833653450012,0.01422119140625,0.0
0,0.014580958522856236,0.973993182182312,0.40227293968200684,0.010589599609375,0.0
0,0.006826041731983423,0.8707072734832764,0.13420754671096802,0.002685546875,0.0
0,0.004389641340821981,0.9194981455802917,0.07329727709293365,0.0024820963541666665,0.0
0,0.00015458611596841365,0.0948452427983284,0.0026834397576749325,0.0,0.0
0,0.028330883011221886,0.998798131942749,0.9892648458480835,0.028900146484375,0.023610432942708332
0,4.152974725002423e-05,0.011508148163557053,0.000758359965402633,0.0,0.0
0,0.0012675122125074267,0.6029970645904541,0.027637720108032227,0.0001220703125,0.0
0,0.0005014425260014832,0.398406445980072,0.004520817659795284,4.0690104166666664e-05,0.0
0,0.019339092075824738,0.9506864547729492,0.6989462971687317,0.020090738932291668,0.0
0,9.037506970344111e-05,0.02460992895066738,0.001507048960775137,0.0,0.0
0,0.0026478751096874475,0.8785228729248047,0.057705316692590714,0.001312255859375,0.0
0,0.0002604304754640907,0.3156304955482483,0.0030515100806951523,0.0,0.0
0,3.0526767659466714e-05,0.004198795650154352,0.0005172208766452968,0.0,0.0
0,0.0006429883069358766,0.20087100565433502,0.016150975599884987,0.0,0.0
0,0.020651638507843018,0.9690324664115906,0.6237103939056396,0.020100911458333332,0.0
0,0.09635335952043533,0.9992792010307312,0.9872773289680481,0.101641916028026,0.021194390561897796
0,0.2640928030014038,0.9994725584983826,0.9936856627464294,0.27919074074074074,0.1594888888888889
0,0.014031625352799892,0.9922143816947937,0.3885025978088379,0.010234234234234234,0.0
0,0.07861907035112381,0.9952999353408813,0.9758545756340027,0.081756591796875,0.0
0,0.27400270104408264,0.9988440275192261,0.9946980476379395,0.2745364891518738,0.26168392504930965
0,0.19227780401706696,0.9985674619674683,0.9813465476036072,0.20933925049309665,0.15632642998027613
0,0.014039088040590286,0.8229018449783325,0.3181154131889343,0.006595804195804196,0.0
0,0.009360750205814838,0.9828232526779175,0.22507576644420624,0.00694055944055944,0.0
0,0.006773324683308601,0.9720985889434814,0.07490527629852295,0.007301864801864802,0.0
0,8.202833851100877e-05,0.8401278853416443,0.0006563728675246239,4.588471465443074e-05,0.0
0,0.0028248359449207783,0.8873999118804932,0.05566997826099396,0.0010774410774410774,0.0
0,0.004930336493998766,0.9839090704917908,0.07807958126068115,0.004859437751004016,0.0
0,0.021478887647390366,0.9248236417770386,0.2658804655075073,0.003497904900710512,0.0
0,0.008403351530432701,0.9565531015396118,0.24635381996631622,0.005390851187029531,0.0
0,0.20349714159965515,0.9990818500518799,0.9930961728096008,0.21547708333333335,0.10368541666666667
0,0.08548907935619354,0.9962199330329895,0.9434518814086914,0.08572361499111127,0.04765083626600878
0,0.019972922280430794,0.6388352513313293,0.29992473125457764,0.0004933665008291874,0.0
0,0.0032830291893333197,0.9835337996482849,0.03521113842725754,0.0024709784411276947,0.0
0,1.6007326848921366e-05,0.025760557502508163,0.0002824080584105104,0.0,0.0
0,0.0006064746994525194,0.68804931640625,0.0012303582625463605,0.00033582089552238804,0.0
0,0.009785647504031658,0.7588682174682617,0.20866228640079498,0.002935323383084577,0.0
0,0.0021302211098372936,0.20434190332889557,0.055005285888910294,0.0,0.0
0,8.502361015416682e-05,0.03949040547013283,0.0017071680631488562,0.0,0.0
0,0.004666216671466827,0.9459012746810913,0.08881555497646332,0.0027058919270833335,0.0
0,0.0003192944568581879,0.14878776669502258,0.0060975621454417706,0.0,0.0
0,0.0026082927361130714,0.933552086353302,0.03327205777168274,0.0014546712239583333,0.0
0,0.0003123627684544772,0.11777491867542267,0.006026951130479574,0.0,0.0
0,0.07912258058786392,0.9804313778877258,0.8279548287391663,0.09276326497395833,0.0
0,3.2488089345861226e-05,0.019794778898358345,0.0005378764471970499,0.0,0.0
0,0.025955891236662865,0.9788343906402588,0.8210398554801941,0.024393717447916668,0.0
0,3.504581763991155e-05,0.007489625830203295,0.0006745558930560946,0.0,0.0
0,0.029286891222000122,0.9935117363929749,0.7794896960258484,0.027943929036458332,0.0
0,1.6581228919676505e-05,0.0024060888681560755,0.00027586790383793414,0.0,0.0
0,6.762125849490985e-05,0.10176784545183182,0.001235023606568575,0.0,0.0
0,0.0006278078653849661,0.3770817816257477,0.007232763804495335,0.0,0.0
0,0.00010793191177072003,0.075721375644207,0.0018821860430762172,0.0,0.0
0,2.03690942726098e-05,0.01164222415536642,0.0002453695051372051,0.0,0.0
0,0.03050052560865879,0.9426124691963196,0.7446451783180237,0.02996826171875,0.0
0,0.06811212003231049,0.997368335723877,0.9678385257720947,0.07194010416666667,0.06586710611979167
0,0.031174354255199432,0.9856629967689514,0.9053173065185547,0.03131103515625,0.0
0,0.014748343266546726,0.956063449382782,0.3255108594894409,0.006551106770833333,0.0
0,0.06237008050084114,0.9493886232376099,0.7327774167060852,0.0601806640625,0.0
0,0.031895965337753296,0.9946774244308472,0.8846385478973389,0.0306396484375,0.0
0,0.003977432381361723,0.7590468525886536,0.09252365678548813,0.002197265625,0.0
0,0.08969827741384506,0.9946358799934387,0.9678366780281067,0.09398396809895833,0.05157470703125
0,0.01603064499795437,0.9753900170326233,0.6725306510925293,0.015940348307291668,0.0
0,0.014387222938239574,0.9833430051803589,0.4638437032699585,0.012176513671875,0.0
0,0.0010803054319694638,0.40221598744392395,0.016978038474917412,3.0517578125e-05,0.0
0,0.08172304183244705,0.9937100410461426,0.9416541457176208,0.08664957682291667,0.0281982421875
0,0.02751263789832592,0.9064877033233643,0.6871053576469421,0.028717041015625,0.0
0,0.09420279413461685,0.9940197467803955,0.9549793601036072,0.09502156575520833,0.0
0,0.027354424819350243,0.9124361872673035,0.46940112113952637,0.014007568359375,0.0
0,0.014652498997747898,0.9943581223487854,0.5532850623130798,0.016347249348958332,0.0
0,0.008692828007042408,0.776114284992218,0.22000709176063538,0.003936767578125,0.0
0,0.0003674406325444579,0.0487670972943306,0.004681822843849659,0.0,0.0
0,0.0007317783311009407,0.4095750153064728,0.012053778395056725,1.0172526041666666e-05,0.0
0,0.010445945896208286,0.8364209532737732,0.25385546684265137,0.005442301432291667,0.0
0,0.0007588343578390777,0.16013464331626892,0.010901113972067833,0.0,0.0
0,0.02044309303164482,0.9919379353523254,0.7067827582359314,0.019856770833333332,0.0
0,0.037392791360616684,0.9474782943725586,0.8329172730445862,0.047648111979166664,0.0
0,0.016117529943585396,0.9844563603401184,0.5803466439247131,0.012664794921875,0.0
0,0.0042381081730127335,0.9851576089859009,0.036767393350601196,0.00396728515625,0.0
0,0.016458583995699883,0.9516838788986206,0.5376604795455933,0.016713460286458332,0.0
0,0.005635974928736687,0.934634268283844,0.12115862965583801,0.004730224609375,0.0
0,0.0007203971035778522,0.22135066986083984,0.011687257327139378,0.0,0.0
0,0.0001494840980740264,0.1397482007741928,0.0015669887652620673,0.0,0.0
0,0.11657365411520004,0.997368335723877,0.978217601776123,0.11876424153645833,0.0333251953125
0,0.0001171707408502698,0.05242456495761871,0.0017546144081279635,0.0,0.0
0,0.011438615620136261,0.9932550191879272,0.614564061164856,0.011688232421875,0.0
0,0.0029734435956925154,0.5020484924316406,0.06705629080533981,0.00022379557291666666,0.0
0,0.0005257009179331362,0.06717857718467712,0.011375599540770054,0.0,0.0
0,0.0008666607900522649,0.21386933326721191,0.014897926710546017,0.0,0.0
0,0.0002571450895629823,0.06596492975950241,0.004086002241820097,0.0,0.0
0,0.00011462150723673403,0.01219413336366415,0.001530744950287044,0.0,0.0
0,0.017642242833971977,0.9872281551361084,0.5583809018135071,0.013773600260416666,0.0
0,0.039912451058626175,0.9948000907897949,0.9588471055030823,0.044606526692708336,0.022450764973958332
0,0.025364331901073456,0.9824904799461365,0.8234490752220154,0.024586995442708332,0.01239013671875
0,0.011768657714128494,0.9800912737846375,0.5352256298065186,0.013956705729166666,0.0
0,0.00039264289080165327,0.34037554264068604,0.004133968148380518,0.0,0.0
0,0.00019149616127833724,0.10141132771968842,0.0037217086646705866,0.0,0.0
0,0.00010322765592718497,0.04123003035783768,0.0012303582625463605,0.0,0.0
0,0.0037196166813373566,0.8303191661834717,0.10320504754781723,0.00244140625,0.0
0,6.716052303090692e-05,0.01219413336366415,0.0010775025002658367,0.0,0.0
0,0.0010450287954881787,0.9564718008041382,0.0016356753185391426,0.0009867350260416667,0.0
0,0.0017822255613282323,0.591428279876709,0.04123003035783768,0.0005696614583333334,0.0
0,0.00034228991717100143,0.15203222632408142,0.006438102573156357,0.0,0.0
0,0.012321200221776962,0.97334223985672,0.5372768640518188,0.0137939453125,0.0
0,1.6624684576527216e-05,0.003209961112588644,0.0002531563804950565,0.0,0.0
0,3.4207227145088837e-05,0.018020739778876305,0.000550624739844352,0.0,0.0
0,2.2462687411461957e-05,0.003930085338652134,0.00046010586083866656,0.0,0.0
0,0.1496826857328415,0.9962345957756042,0.973993182182312,0.17069498697916666,0.1298828125
0,1.954661274794489e-05,0.0026214411482214928,0.0002673826238606125,0.0,0.0
0,0.0030168385710567236,0.891999363899231,0.03422932326793671,0.002288818359375,0.0
0,0.015061032958328724,0.9505029916763306,0.3778608739376068,0.010009765625,0.0
0,0.0014894431224092841,0.9470881819725037,0.012287178076803684,0.0009358723958333334,0.0
0,0.002202175324782729,0.9284088015556335,0.012334675528109074,0.002227783203125,0.0
0,0.010300506837666035,0.9324532747268677,0.21222713589668274,0.00164794921875,0.0
0,0.011291943490505219,0.9975844621658325,0.2700777053833008,0.007222493489583333,0.0
0,0.0005807680427096784,0.18344728648662567,0.011640878394246101,0.0,0.0
0,5.9435958974063396e-05,0.01182339433580637,0.001081588794477284,0.0,0.0
0,0.00047872032155282795,0.3582407832145691,0.0035657365806400776,0.0,0.0
0,0.038030605763196945,0.9951325058937073,0.967775821685791,0.03875732421875,0.032297770182291664
0,0.005303052719682455,0.8312800526618958,0.21966205537319183,0.0050048828125,0.0
0,0.15657810866832733,0.9985951781272888,0.9922735691070557,0.17200724283854166,0.08147176106770833
0,0.042567092925310135,0.996364176273346,0.9518605470657349,0.043019612630208336,0.01416015625
0,0.0001816846342990175,0.21206879615783691,0.002491967985406518,0.0,0.0
0,0.02479018270969391,0.9870795607566833,0.6402952075004578,0.020965576171875,0.0
0,0.020929982885718346,0.9976494908332825,0.9121188521385193,0.02203369140625,0.0
0,0.006770337000489235,0.9859364032745361,0.24006125330924988,0.005442301432291667,0.0
0,0.001280125929042697,0.5727825164794922,0.02489280141890049,0.00013224283854166666,0.0
0,2.3947563022375107e-05,0.001507048960775137,0.00031999824568629265,0.0,0.0
0,0.037213001400232315,0.9442797303199768,0.7433487176895142,0.038655598958333336,0.0
0,0.007687695324420929,0.9248236417770386,0.19744443893432617,0.003814697265625,0.0
0,0.00018345688295084983,0.5647587180137634,0.0008072304772213101,3.0517578125e-05,0.0
0,4.92684957862366e-05,0.010169658809900284,0.0008864988922141492,0.0,0.0
0,0.001488067558966577,0.8074606657028198,0.01444618683308363,0.0008036295572916666,0.0
0,0.002744792029261589,0.7381031513214111,0.06301946938037872,0.0005594889322916666,0.0
0,3.408924021641724e-05,0.003063416574150324,0.000503335555549711,0.0,0.0
0,3.0341301680891775e-05,0.009232213720679283,0.0004935472970828414,0.0,0.0
0,0.00012467731721699238,0.02630527876317501,0.002453142311424017,0.0,0.0
0,0.000675297633279115,0.37433314323425293,0.012526484206318855,0.0,0.0
0,7.720456778770313e-05,0.019531238824129105,0.0014662871835753322,0.0,0.0
0,0.08997228741645813,0.9981968998908997,0.9812389612197876,0.094573974609375,0.037272135416666664
0,0.006380973383784294,0.9641192555427551,0.1624850481748581,0.003662109375,0.0
0,0.00017252261750400066,0.07654563337564468,0.0025016965810209513,0.0,0.0
0,0.0656445249915123,0.9965301156044006,0.9733913540840149,0.07094319661458333,0.033203125
0,2.9823457225575112e-05,0.011597361415624619,0.00037702854024246335,0.0,0.0
0,0.000117719748232048,0.047337714582681656,0.002115703420713544,0.0,0.0
0,0.0029803027864545584,0.5706304907798767,0.07236616313457489,0.0002543131510416667,0.0
0,0.011897966265678406,0.973087728023529,0.29961422085762024,0.005605061848958333,0.0
0,0.03837898373603821,0.9902538657188416,0.8073087334632874,0.038299560546875,0.0
0,0.0171370729804039,0.9806178212165833,0.6144258379936218,0.014516194661458334,0.0
0,0.014344830065965652,0.9645224213600159,0.5372741222381592,0.014251708984375,0.0
0,0.03828682005405426,0.9865199327468872,0.8230398297309875,0.042043050130208336,0.0
0,0.0007287627086043358,0.3316606879234314,0.014503578655421734,0.0,0.0
0,0.0023209694772958755,0.9265698790550232,0.024655448272824287,0.001708984375,0.0
0,0.0005301607307046652,0.3901853859424591,0.005159622989594936,2.0345052083333332e-05,0.0
0,0.0041383118368685246,0.9613890647888184,0.0739593654870987,0.0033060709635416665,0.0
0,0.004282772075384855,0.9834704995155334,0.05379369109869003,0.0031229654947916665,0.0
0,3.597571048885584e-05,0.021084843203425407,0.0004673481162171811,0.0,0.0
0,0.00024575868155807257,0.10725032538175583,0.005060331430286169,0.0,0.0
0,7.937319605844095e-05,0.01379536371678114,0.0016293087974190712,0.0,0.0
0,0.03248850256204605,0.9989995360374451,0.9853278994560242,0.03265380859375,0.020456949869791668
0,0.0036281736101955175,0.9706321954727173,0.03912165015935898,0.0035502115885416665,0.0
0,0.0020808798726648092,0.8955226540565491,0.02790137566626072,0.0010274251302083333,0.0
0,0.0018083740724250674,0.39262789487838745,0.037748146802186966,3.0517578125e-05,0.0
0,0.0381329245865345,0.9238675236701965,0.5354609489440918,0.035166422526041664,0.0
0,0.005782168824225664,0.8264318704605103,0.12199608981609344,0.0029296875,0.0
0,0.030789049342274666,0.9919691681861877,0.8267076015472412,0.038686116536458336,0.0
0,0.0021364071872085333,0.7050747871398926,0.04986312612891197,0.0010477701822916667,0.0
0,0.040660466998815536,0.993561863899231,0.9061560034751892,0.045186360677083336,0.0
0,0.04120095074176788,0.9628131985664368,0.7505527138710022,0.037689208984375,0.0
0,0.012004491873085499,0.9619649052619934,0.4760865271091461,0.012420654296875,0.0
0,0.04459354653954506,0.9990111589431763,0.9838396906852722,0.046213785807291664,0.015767415364583332
0,0.012762408703565598,0.9920926690101624,0.389196515083313,0.01043701171875,0.0
0,0.0073592099361121655,0.9010533690452576,0.14056852459907532,0.003021240234375,0.0
0,0.006368075031787157,0.8613050580024719,0.19116756319999695,0.0038960774739583335,0.0
0,0.07335435599088669,0.9967268705368042,0.9787533283233643,0.07840983072916667,0.047170003255208336
0,0.03672351688146591,0.9087799787521362,0.7784809470176697,0.04876708984375,0.0
0,0.0531562864780426,0.9801293015480042,0.7503698468208313,0.044698079427083336,0.0
0,0.04342122748494148,0.9897513389587402,0.9237300753593445,0.042500813802083336,0.013753255208333334
0,0.0170500036329031,0.9412234425544739,0.4245151877403259,0.012217203776041666,0.0
0,0.05395423248410225,0.9936116337776184,0.9667888283729553,0.059092203776041664,0.029886881510416668
0,0.00027542185853235424,0.052814021706581116,0.004627530463039875,0.0,0.0
0,0.006396590266376734,0.9584600329399109,0.1482900083065033,0.0057373046875,0.0
0,0.004125649109482765,0.6071392297744751,0.09186489880084991,0.001007080078125,0.0
0,0.007688060402870178,0.9828232526779175,0.17681369185447693,0.005666097005208333,0.0
0,0.0773073062300682,0.93475341796875,0.7593985199928284,0.08536783854166667,0.0
0,0.026415755972266197,0.9880388379096985,0.795330822467804,0.029317220052083332,0.0
0,0.000571131706237793,0.15190638601779938,0.01056926604360342,0.0,0.0
0,0.006447997409850359,0.9810945987701416,0.11837288737297058,0.006673177083333333,0.0
0,0.014007783494889736,0.9824230670928955,0.622325599193573,0.014597574869791666,0.0
0,5.392207185650477e-06,0.0011424495605751872,6.452215166063979e-05,0.0,0.0
0,0.007035259623080492,0.8908652067184448,0.2710355520248413,0.0079345703125,0.0
0,0.000576503633055836,0.20354916155338287,0.011158031411468983,0.0,0.0
0,0.011697606183588505,0.9261703491210938,0.3156273365020752,0.0079345703125,0.0
0,0.03594107925891876,0.9929881691932678,0.942294716835022,0.036061604817708336,0.0
0,0.0003934658598154783,0.2924942374229431,0.003991728648543358,0.0,0.0
0,0.03114483319222927,0.967348575592041,0.8194603323936462,0.034962972005208336,0.0
0,0.002081136917695403,0.6039901971817017,0.04501301422715187,0.000396728515625,0.0
0,0.014254361391067505,0.9846936464309692,0.40367555618286133,0.010833740234375,0.0
0,0.011880491860210896,0.9953181147575378,0.4561772048473358,0.011179606119791666,0.0
0,0.02211027592420578,0.9265698790550232,0.5140146017074585,0.017262776692708332,0.0
0,0.04641009494662285,0.9487276077270508,0.8037906289100647,0.051564534505208336,0.0
0,0.004069843795150518,0.8156734108924866,0.08210662752389908,0.002044677734375,0.0
0,0.015875471755862236,0.9810219407081604,0.684033989906311,0.0169677734375,0.0
0,0.0032946253195405006,0.8551267385482788,0.0485835038125515,0.0019734700520833335,0.0
0,0.014645126648247242,0.983020007610321,0.4575141966342926,0.012481689453125,0.0
0,0.0854387879371643,0.9984391331672668,0.9927391409873962,0.08909098307291667,0.08174641927083333
0,0.006011853460222483,0.9657707214355469,0.11476478725671768,0.002471923828125,0.0
0,0.08155158162117004,0.9946150183677673,0.8891386389732361,0.0810546875,0.021443684895833332
0,0.0036546161863952875,0.9523086547851562,0.052134253084659576,0.001861572265625,0.0
0,0.010184385813772678,0.8992984294891357,0.4603956937789917,0.012034098307291666,0.0
0,0.03643408790230751,0.9878996014595032,0.8985832929611206,0.037770589192708336,0.0
0,0.0868927612900734,0.9692078232765198,0.9245515465736389,0.09830729166666667,0.10624186197916667
0,0.008412503637373447,0.945600688457489,0.2404123991727829,0.005523681640625,0.0
0,0.04585365951061249,0.9896317720413208,0.8420816659927368,0.044809977213541664,0.0
0,0.04696129634976387,0.9970073103904724,0.9842154383659363,0.050282796223958336,0.034027099609375
0,0.02525065280497074,0.9946980476379395,0.8420777320861816,0.027994791666666668,0.0120849609375
0,0.009099994786083698,0.9769787192344666,0.30881521105766296,0.009053548177083334,0.0
0,0.01034290250390768,0.9814888834953308,0.37649476528167725,0.009958902994791666,0.0
0,0.036245133727788925,0.9642541408538818,0.6241755485534668,0.033894856770833336,0.0
0,0.02080749161541462,0.996249258518219,0.6282523274421692,0.012685139973958334,0.007436116536458333
0,0.004243189934641123,0.8288003206253052,0.10484336316585541,0.0021565755208333335,0.0
0,0.009812043979763985,0.9958174824714661,0.3541995882987976,0.009735107421875,0.0
0,0.0017632624367251992,0.1452365517616272,0.04153997078537941,0.0,0.0
0,0.004404210019856691,0.9610980749130249,0.08849522471427917,0.0018107096354166667,0.0
0,0.00024189514806494117,0.10706345736980438,0.005511934403330088,0.0,0.0
0,0.00042392287286929786,0.28776782751083374,0.008029881864786148,0.0,0.0
0,0.007629144936800003,0.9687971472740173,0.21223203837871552,0.005767822265625,0.0
0,0.0018936572596430779,0.5072169303894043,0.03970879688858986,0.0001220703125,0.0
0,0.002651926828548312,0.2968580424785614,0.06804042309522629,0.0,0.0
0,0.01888139359652996,0.9900250434875488,0.804233729839325,0.020640055338541668,0.0
0,0.0006995350704528391,0.06656918674707413,0.02013874053955078,0.0,0.0
0,0.003952148836106062,0.702734112739563,0.11337721347808838,0.0020955403645833335,0.0
0,0.13217787444591522,0.9814534187316895,0.9269635677337646,0.15522257486979166,0.13462320963541666
0,0.03375527635216713,0.8816148638725281,0.5545099973678589,0.019694010416666668,0.0
0,0.008984479121863842,0.8858291506767273,0.1895076185464859,0.00286865234375,0.0
0,0.025310145691037178,0.9902915358543396,0.9061509966850281,0.027353922526041668,0.01922607421875
0,0.0015258033527061343,0.2501792907714844,0.045434676110744476,0.0,0.0
0,0.005635731387883425,0.8807970285415649,0.1492757350206375,0.0036417643229166665,0.0
0,0.0037741840351372957,0.9582260847091675,0.035076696425676346,0.0034077962239583335,0.0
0,0.05779508873820305,0.9904775619506836,0.8127142786979675,0.046976725260416664,0.0
0,0.0017357036704197526,0.8107787370681763,0.024420304223895073,0.0004781087239583333,0.0
0,0.002265554154291749,0.7523766160011292,0.052421655505895615,0.0012308756510416667,0.0
0,0.1626678854227066,0.9948000907897949,0.9632996320724487,0.176422119140625,0.0098876953125
0,0.02444533444941044,0.9664104580879211,0.7076037526130676,0.020721435546875,0.0
0,0.032102178782224655,0.9891397356987,0.8636217713356018,0.030181884765625,0.0
0,0.9860036969184875,0.9989637136459351,0.9976859092712402,0.9993387858072916,1.0
0,0.0063551440834999084,0.902265727519989,0.14792408049106598,0.0034891764322916665,0.0
0,0.0005171567900106311,0.231440469622612,0.010487877763807774,0.0,0.0
0,0.8569568991661072,0.9988440275192261,0.9965435862541199,0.914459228515625,0.95147705078125
0,0.8477365374565125,0.9992357492446899,0.9979731440544128,0.8925577799479166,0.9067179361979166
0,1.1464839190011844e-05,0.0038844766095280647,0.00017674513219390064,0.0,0.0
0,0.055731918662786484,0.9685600996017456,0.8107742667198181,0.051625569661458336,0.0
0,0.0002156020054826513,0.30777397751808167,0.0036076169926673174,0.0,0.0
0,0.9887051582336426,0.9996416568756104,0.998793363571167,0.999755859375,1.0
0,5.864555987500353e-06,0.0012693643802776933,8.481104305246845e-05,0.0,0.0
0,0.9099052548408508,0.9995469450950623,0.9982522130012512,0.9531962076822916,1.0
0,0.008046465925872326,0.939581573009491,0.27609288692474365,0.007069905598958333,0.0
0,0.07977870851755142,0.9964619278907776,0.9341516494750977,0.08454386393229167,0.0
0,0.37947604060173035,0.9974589943885803,0.9917163252830505,0.420623779296875,0.4343159993489583
0,0.1501854658126831,0.9975844621658325,0.9827572107315063,0.16222127278645834,0.07854207356770833
0,0.00039378905785270035,0.0484059602022171,0.006002897396683693,0.0,0.0
0,0.27399441599845886,0.9916195869445801,0.9719924926757812,0.300032,0.14042666666666667
0,0.1684339940547943,0.9961456060409546,0.958615243434906,0.16850133333333334,0.03217066666666667
0,0.17203675210475922,0.9923043847084045,0.9622496962547302,0.19620855614973262,0.15910695187165774
0,0.049775104969739914,0.9976125955581665,0.9224823713302612,0.04101333333333333,0.013509333333333333
0,0.00012630932906176895,0.02843603305518627,0.0028118586633354425,0.0,0.0
0,0.22802643477916718,0.9991927742958069,0.9919379353523254,0.2525,0.2220212765957447
0,0.36129578948020935,0.998389720916748,0.9908744096755981,0.39954782608695655,0.3590434782608696
0,0.0017591161886230111,0.6943026781082153,0.023021256551146507,0.0005391438802083334,0.0
0,0.0008093378855846822,0.3720487952232361,0.013480102643370628,0.0,0.0
0,0.00018607366655487567,0.0629042461514473,0.00415008096024394,0.0,0.0
0,4.400938269100152e-05,0.005685907322913408,0.000542092660907656,0.0,0.0
0,0.04737645387649536,0.9937829375267029,0.9044819474220276,0.0472412109375,0.0
