label,prob_mean,prob_max,prob_p99,unet_area,mrf_area
1,0.05871720612049103,0.9668514132499695,0.8906694650650024,0.059377034505208336,0.027506510416666668
1,0.01655871607363224,0.9968641400337219,0.6640949845314026,0.016896565755208332,0.00970458984375
1,0.06488503515720367,0.9999384880065918,0.997231662273407,0.07038411458333334,0.05793294270833333
1,0.05109456181526184,0.9999977350234985,0.9998044371604919,0.048716227213541664,0.037618001302083336
1,0.03619940206408501,0.9707432389259338,0.7561721205711365,0.048726399739583336,0.0
1,0.1340312957763672,0.9822876453399658,0.9404625296592712,0.152496337890625,0.15594482421875
1,0.032427117228507996,0.9992792010307312,0.9767136573791504,0.034573567708333336,0.036884765625
1,0.013202588073909283,0.9724147915840149,0.19867601990699768,0.008443196614583334,0.0
1,0.0458073727786541,0.9223425984382629,0.7062826156616211,0.047190348307291664,0.0
1,0.18685831129550934,0.9999443292617798,0.9261462688446045,0.3837797492282542,0.2858116412933689
1,0.01467870268970728,0.999944806098938,0.3091279864311218,0.01150390625,0.002171223958333333
1,0.18816086649894714,0.9966365098953247,0.9066531658172607,0.3534291666666667,0.3266625
1,0.008933027274906635,0.9895513653755188,0.02914431504905224,0.00714111328125,0.0
1,0.3849851191043854,0.9887987971305847,0.968678891658783,0.457794189453125,0.4755350748697917
1,0.12995347380638123,0.9690324664115906,0.9196425676345825,0.16106160481770834,0.10099283854166667
1,0.019968202337622643,0.9999158382415771,0.9966751933097839,0.015523274739583334,0.013631184895833334
1,0.1593639999628067,0.9999798536300659,0.9767136573791504,0.20599791666666667,0.104175
1,0.1903657168149948,0.9144436717033386,0.8546422123908997,0.24422200520833334,0.21077473958333334
1,0.08993858844041824,0.9957020878791809,0.9609517455101013,0.11930338541666667,0.037556966145833336
1,0.18422894179821014,0.9999687671661377,0.9993435740470886,0.18482462565104166,0.16868082682291666
1,0.1005747988820076,0.9995025396347046,0.9969245791435242,0.10936482747395833,0.080841064453125
1,0.08614187687635422,0.9958011507987976,0.9267027974128723,0.09320068359375,0.020751953125
1,0.18563561141490936,0.9990378618240356,0.9959298968315125,0.236572265625,0.127655029296875
1,0.015038411132991314,0.9996724128723145,0.4286883473396301,0.011576334635416666,0.008860270182291666
1,0.06904561817646027,0.9994493126869202,0.9939496517181396,0.07124837239583333,0.068328857421875
1,0.050964709371328354,0.9985449314117432,0.985382616519928,0.05035400390625,0.0220947265625
1,0.057817596942186356,0.9999397993087769,0.9994022846221924,0.046396891276041664,0.030405680338541668
1,0.07687077671289444,0.975296139717102,0.8957052826881409,0.08831800631165848,0.05373047952327989
1,0.10194467753171921,0.9999991655349731,0.998816728591919,0.1162109375,0.10874430338541667
1,0.11806687712669373,0.9981613755226135,0.982557475566864,0.1226806640625,0.10621134440104167
1,0.10324686765670776,0.9998300075531006,0.9980579018592834,0.10883585611979167,0.035888671875
1,0.4511106014251709,0.9789956212043762,0.9532750844955444,0.6196187337239584,0.6099650065104166
1,0.1954691857099533,0.9969956874847412,0.9909096360206604,0.21221923828125,0.19789632161458334
1,0.021932777017354965,0.9999847412109375,0.5756476521492004,0.027679036458333334,0.0065234375
1,0.09222438186407089,0.9893062710762024,0.9737446904182434,0.09410603841145833,0.062204996744791664
1,0.16279517114162445,0.9985561966896057,0.9933846592903137,0.17125447591145834,0.15826416015625
1,0.25092557072639465,0.9937587976455688,0.8785228729248047,0.4034342447916667,0.42174153645833334
1,0.10307132452726364,0.9976769089698792,0.978425920009613,0.120147705078125,0.13047281901041666
1,0.48373672366142273,0.9999690055847168,0.9780517220497131,0.6860666666666667,0.7760979166666667
1,0.18885274231433868,0.9475754499435425,0.8832359910011292,0.2715657552083333,0.18828328450520834
1,0.07518201321363449,0.9999759197235107,0.9993880391120911,0.077728271484375,0.0775146484375
1,0.3584277331829071,0.9998717308044434,0.9324532747268677,0.52746875,0.49316041666666666
1,0.22353053092956543,0.9641867876052856,0.8357518315315247,0.39156901041666664,0.4080403645833333
1,0.0572095550596714,0.9930961728096008,0.9559788703918457,0.06926472981770833,0.07801310221354167
1,0.08399227261543274,0.9899086952209473,0.944383442401886,0.09956018518518518,0.05173611111111111
1,0.09117824584245682,0.9987599849700928,0.9843363761901855,0.1044921875,0.061289469401041664
1,0.013002854771912098,0.963711678981781,0.25125253200531006,0.009104410807291666,0.0
1,0.05818122252821922,0.9202179908752441,0.6366851925849915,0.058186848958333336,0.0
1,0.060522302985191345,0.9675945043563843,0.8931231498718262,0.067047119140625,0.07880655924479167
1,0.08646736294031143,0.9978510141372681,0.9918743968009949,0.09217325846354167,0.08233642578125
1,0.07814488559961319,0.9970536231994629,0.9805049300193787,0.07834879557291667,0.054463704427083336
1,0.0056268745101988316,0.397879958152771,0.054396308958530426,0.0003763834635416667,0.0
1,0.2538817226886749,0.9975080490112305,0.989830732345581,0.31302083333333336,0.1828125
1,0.10429895669221878,0.9999184608459473,0.9990072846412659,0.1060791015625,0.10491943359375
1,0.13316597044467926,0.9989836812019348,0.9905498027801514,0.138458251953125,0.11388142903645833
1,0.07068214565515518,0.9992985725402832,0.9957352876663208,0.07110595703125,0.037821451822916664
1,0.18129463493824005,0.9986276626586914,0.9899476170539856,0.20613606770833334,0.18303426106770834
1,0.1469845473766327,0.9860442876815796,0.9506837129592896,0.18393961588541666,0.182037353515625
1,0.030734458938241005,0.9848109483718872,0.9110215306282043,0.030202229817708332,0.0
1,0.14844445884227753,0.9834704995155334,0.903464674949646,0.18623860677083334,0.12202962239583333
1,0.036475054919719696,0.9664738178253174,0.7373473048210144,0.045013427734375,0.0
1,0.0434865802526474,0.9993333220481873,0.9952816367149353,0.042093912760416664,0.040517171223958336
1,0.10346588492393494,0.996160626411438,0.9797441363334656,0.110260009765625,0.10383097330729167
1,0.0684841051697731,0.9974491000175476,0.9795897603034973,0.06366984049479167,0.042266845703125
1,0.06847170740365982,0.9995102882385254,0.980205237865448,0.0762139037433155,0.06887165775401069
1,0.05938105657696724,0.9997197985649109,0.9989956021308899,0.058868408203125,0.04766845703125
1,0.0522700659930706,0.9866748452186584,0.7520126104354858,0.04503119001919386,0.0
1,0.19095869362354279,0.9817007184028625,0.9174507260322571,0.22963460286458334,0.21110026041666666
1,0.26536667346954346,0.9964063763618469,0.9597620368003845,0.367744140625,0.382216796875
1,0.015147172845900059,0.9985895752906799,0.9725714921951294,0.013889973958333333,0.01228515625
1,0.1295110434293747,0.9849852323532104,0.9626027941703796,0.14145914713541666,0.091217041015625
1,0.149161696434021,0.9988574981689453,0.9946980476379395,0.15590413411458334,0.13704427083333334
1,0.266056627035141,0.9957684278488159,0.9707987308502197,0.37361632355620333,0.371335398068865
1,0.11619741469621658,0.9982993006706238,0.9905132055282593,0.13323974609375,0.046427408854166664
1,0.14485830068588257,0.9994926452636719,0.9947582483291626,0.17207845052083334,0.10390218098958333
1,0.2555471360683441,0.9994600415229797,0.9642500877380371,0.3759358723958333,0.1346435546875
1,0.20647092163562775,0.9837225079536438,0.9442797303199768,0.2773539225260417,0.2789204915364583
1,0.11047028750181198,0.9872281551361084,0.9622496962547302,0.11765543619791667,0.06671142578125
1,0.1634100377559662,0.9980881810188293,0.9862577319145203,0.168304443359375,0.168487548828125
1,0.056070681661367416,0.9987840056419373,0.9963071346282959,0.049837962962962966,0.04280092592592592
1,0.20247608423233032,0.9999138116836548,0.9377830028533936,0.2744097222222222,0.18415088383838385
1,0.04434335604310036,0.9999527931213379,0.9991863369941711,0.044606526692708336,0.036610921223958336
1,0.06291734427213669,0.9999920129776001,0.9989140033721924,0.076751708984375,0.037760416666666664
1,0.15056706964969635,0.9960699081420898,0.9835337996482849,0.16584,0.17328
1,0.24524569511413574,0.9999923706054688,0.9997712969779968,0.2553202311197917,0.24631754557291666
1,0.045403942465782166,0.8683809638023376,0.6473524570465088,0.054168701171875,0.0
1,0.3465683162212372,0.9945307374000549,0.9775429368019104,0.4960464372229078,0.4918277800630742
1,0.09687695652246475,0.9994600415229797,0.9843964576721191,0.09529622395833333,0.08551025390625
1,0.07910332828760147,0.9975080490112305,0.9690910577774048,0.100283203125,0.10032552083333333
1,0.2075365036725998,0.9992296695709229,0.9606581926345825,0.26159045725646124,0.16497763419483102
1,0.029471391811966896,0.999976634979248,0.7394223809242249,0.03425130208333333,0.022389322916666666
1,0.27573904395103455,0.9995121955871582,0.9913222789764404,0.435577392578125,0.3377685546875
1,0.07053620368242264,0.999840259552002,0.9979332685470581,0.07014973958333333,0.070098876953125
1,0.009903877042233944,0.999840259552002,0.06370106339454651,0.008005777994791666,0.00555419921875
1,0.023973172530531883,0.9849274158477783,0.8779913187026978,0.025604248046875,0.0
1,0.07233873009681702,0.9993358254432678,0.5246390104293823,0.14352962962962962,0.005362962962962963
1,0.465206116437912,0.9983450174331665,0.9884026646614075,0.6311604025467241,0.6627521051550627
1,0.25420206785202026,0.9997730851173401,0.9910145401954651,0.37136066547831253,0.4041181041181041
1,0.2790266275405884,0.9894295334815979,0.9342753291130066,0.35771929824561405,0.3857333333333333
1,0.02855064533650875,0.9999816417694092,0.28299009799957275,0.010704,0.0
1,0.15734177827835083,0.9989182949066162,0.9095879197120667,0.3035214007782101,0.008516536964980545
1,0.19241689145565033,0.9760379791259766,0.934035062789917,0.26953694817658347,0.3068426103646833
1,0.056658584624528885,0.986415684223175,0.9103862047195435,0.07613483893183248,0.04534012514990679
1,0.04123223200440407,0.9998074173927307,0.9027760028839111,0.047597249348958336,0.011301676432291666
1,0.08906778693199158,0.9542226791381836,0.8137480616569519,0.111419677734375,0.0
1,0.06984114646911621,0.9992533326148987,0.9809855818748474,0.07585652669270833,0.07306925455729167
1,0.0651291087269783,0.9993712306022644,0.9944451451301575,0.06684366861979167,0.031219482421875
1,0.0853084921836853,0.9925682544708252,0.9517735838890076,0.090789794921875,0.035074869791666664
1,0.0619080625474453,0.9537081718444824,0.801159143447876,0.0616455078125,0.0
1,0.43534812331199646,0.996249258518219,0.9549003839492798,0.538116455078125,0.54693603515625
1,0.25196099281311035,0.9993358254432678,0.9915205836296082,0.31689453125,0.3027242024739583
1,0.2022733837366104,0.9985841512680054,0.9919691681861877,0.24921671549479166,0.246429443359375
1,0.023954614996910095,0.8858291506767273,0.43655475974082947,0.023030598958333332,0.0
1,0.022063955664634705,0.9998568296432495,0.9930953979492188,0.021636962890625,0.013519287109375
1,0.10438328236341476,0.9983124732971191,0.9930152893066406,0.11749267578125,0.12093098958333333
1,0.24125981330871582,0.998492956161499,0.9944451451301575,0.3462452580099639,0.38363270716211895
1,0.12286341190338135,0.9979810118675232,0.9863631129264832,0.14408365885416666,0.091064453125
1,0.0532744862139225,0.999713122844696,0.9839708209037781,0.05301432291666667,0.046588541666666664
1,0.075806625187397,0.9733928442001343,0.8660192489624023,0.08943684895833333,0.0
1,0.16455310583114624,0.9965969920158386,0.9881765246391296,0.174041748046875,0.13651529947916666
1,0.10018879920244217,0.9927672147750854,0.9111796617507935,0.14337037037037037,0.019455555555555556
1,0.05907263234257698,0.9906960725784302,0.9132039546966553,0.06585693359375,0.007253011067708333
1,0.08359142392873764,0.9942025542259216,0.8165483474731445,0.10150146484375,0.0
1,0.019343532621860504,0.8858291506767273,0.42787298560142517,0.018463134765625,0.0
1,0.11139462143182755,0.9999359846115112,0.9952251315116882,0.13555908203125,0.13624064127604166
1,0.0025329908821731806,0.4324229061603546,0.0192700307816267,0.00023396809895833334,0.0
1,0.12109590321779251,0.9994557499885559,0.9965565800666809,0.12694295247395834,0.12345377604166667
1,0.010532687418162823,0.31552502512931824,0.10392492264509201,4.0690104166666664e-05,0.0
1,0.10334277898073196,0.9710743427276611,0.9136765599250793,0.11863199869791667,0.08624267578125
1,0.3284972906112671,0.9997487664222717,0.9616780281066895,0.41300189393939396,0.34902146464646466
1,0.053450435400009155,0.9970421195030212,0.9178889393806458,0.052195231119791664,0.020701090494791668
1,0.0730760470032692,0.99988853931427,0.9985447525978088,0.07692464192708333,0.08123779296875
1,0.2368079423904419,0.8632764220237732,0.7563575506210327,0.3606974283854167,0.20805867513020834
1,0.3041488528251648,0.9925393462181091,0.9596109390258789,0.38753999901540886,0.30235809580071876
1,0.1736692637205124,0.998364269733429,0.9835969805717468,0.20917765299479166,0.20946248372395834
1,0.009800220839679241,0.9466953873634338,0.2546016275882721,0.009711111111111111,0.0
1,0.44179674983024597,0.9973061084747314,0.9695562124252319,0.619358024691358,0.6974444444444444
1,0.07818063348531723,0.9997346997261047,0.9915215969085693,0.06880696614583333,0.025044759114583332
1,0.015633877366781235,0.972933828830719,0.4287715256214142,0.016611735026041668,0.0
1,0.5747919082641602,0.9996800422668457,0.9978001713752747,0.64776611328125,0.6436971028645834
1,0.042621344327926636,0.9832144975662231,0.618258535861969,0.031768798828125,0.0
1,0.09474054723978043,0.9997565150260925,0.9719393253326416,0.1053466796875,0.07566324869791667
1,0.03085215948522091,0.9989758729934692,0.9761704802513123,0.029744466145833332,0.024973551432291668
1,0.017401807010173798,0.9986006617546082,0.20796987414360046,0.009653727213541666,0.008026123046875
1,0.032398078590631485,0.9999905824661255,0.999793291091919,0.031300862630208336,0.027913411458333332
1,0.0725383535027504,0.9972744584083557,0.9846346974372864,0.07782999674479167,0.035552978515625
1,0.3333074152469635,0.9949788451194763,0.9383435249328613,0.4792683919270833,0.454254150390625
1,0.0756136104464531,0.9999772310256958,0.9997283816337585,0.072662353515625,0.06390380859375
1,0.022291282191872597,0.9999759197235107,0.9985617399215698,0.016896565755208332,0.012725830078125
1,0.03107224404811859,0.9950562715530396,0.9630182385444641,0.031962076822916664,0.032358805338541664
1,0.03014421835541725,0.9921841025352478,0.9058233499526978,0.02824626865671642,0.024991708126036485
1,0.18893271684646606,0.9968024492263794,0.9782188534736633,0.23421223958333334,0.244384765625
1,0.05180172249674797,0.9971103668212891,0.9890130758285522,0.050699869791666664,0.043111165364583336
1,0.08360148966312408,0.9924227595329285,0.9116528034210205,0.14109862028852846,0.020323807889241683
1,0.07406354695558548,0.8475897312164307,0.6373626589775085,0.12012736002604167,0.0
1,0.03849322721362114,0.991186797618866,0.911332905292511,0.028330485026041668,0.012461344401041666
1,0.3318091928958893,0.9961305856704712,0.9776699542999268,0.3963114420572917,0.398956298828125
1,0.1397741138935089,0.9950177073478699,0.9798612594604492,0.1675259381141734,0.10668677727501256
1,0.11354992538690567,0.9999892711639404,0.9998579025268555,0.167083740234375,0.048878987630208336
1,0.11501311510801315,0.9972955584526062,0.9840936064720154,0.11326090494791667,0.09415690104166667
1,0.505832850933075,0.9976949095726013,0.9905874133110046,0.6448567708333334,0.6706339518229166
1,0.13341838121414185,0.9796287417411804,0.8899121284484863,0.16440836588541666,0.10546875
1,0.22027575969696045,0.9989012479782104,0.9659639000892639,0.2804730902777778,0.13790364583333334
1,0.09954135864973068,0.9880388379096985,0.9407896995544434,0.12030029296875,0.034718831380208336
1,0.12389302253723145,0.9773275852203369,0.9266988039016724,0.142730712890625,0.056528727213541664
1,0.3211803734302521,0.9795114994049072,0.8856314420700073,0.5047762605135706,0.437105880464158
1,0.06963716447353363,0.999935507774353,0.9982102513313293,0.07545979817708333,0.030344645182291668
1,0.15761105716228485,0.9996970891952515,0.9842759370803833,0.18391041666666666,0.14072083333333332
1,0.3544575273990631,0.998389720916748,0.9900636076927185,0.5625290215588723,0.6376782752902156
1,0.1323816180229187,0.9270997643470764,0.7590468525886536,0.1693115234375,0.0
1,0.03152298927307129,0.9997765421867371,0.9962488412857056,0.027801513671875,0.015594482421875
1,0.07515896111726761,0.9973785877227783,0.9913222789764404,0.06789143880208333,0.041107177734375
1,0.033046163618564606,0.7774689197540283,0.5978978872299194,0.02435302734375,0.0
1,0.1898941546678543,0.9971990585327148,0.9926826357841492,0.1996875,0.19716145833333334
1,0.11214403063058853,0.9952632188796997,0.9772408604621887,0.14567057291666666,0.117340087890625
1,0.0975191593170166,0.9919067621231079,0.9285346269607544,0.12422688802083333,0.0
1,0.12556003034114838,0.9993307590484619,0.9964619278907776,0.13472493489583334,0.1138916015625
1,0.30067095160484314,0.9993880987167358,0.9759867787361145,0.5113118489583334,0.5362548828125
1,0.27308449149131775,0.9968396425247192,0.9858275651931763,0.3234354654947917,0.310577392578125
1,0.05879596248269081,0.9988707900047302,0.9922735691070557,0.061920166015625,0.060689290364583336
1,0.28868797421455383,0.9783847332000732,0.9430335760116577,0.3762308756510417,0.4420979817708333
1,0.11216771602630615,0.994551956653595,0.9761718511581421,0.15388997395833334,0.06376139322916667
1,0.06819567829370499,0.9996699094772339,0.9979652166366577,0.07625325520833333,0.017801920572916668
1,0.0760657861828804,0.9993040561676025,0.9956005811691284,0.07896931966145833,0.07576497395833333
1,0.10428088158369064,0.9866748452186584,0.9336731433868408,0.12647501627604166,0.09458414713541667
1,0.11659041792154312,0.9809491038322449,0.9224823713302612,0.13808186848958334,0.07142130533854167
1,0.06563882529735565,0.9877586960792542,0.9638481140136719,0.07561238606770833,0.061126708984375
1,0.134182408452034,0.9433475732803345,0.5304009914398193,0.18146769205729166,0.0
1,0.18608491122722626,0.9983124732971191,0.985042929649353,0.22248331705729166,0.224334716796875
1,0.023124901577830315,0.9156582355499268,0.7299050092697144,0.025431315104166668,0.0
1,0.21640944480895996,0.9998118281364441,0.9939496517181396,0.23874918619791666,0.233184814453125
1,0.2778119742870331,0.999929666519165,0.9843964576721191,0.3468714689265537,0.31802966101694913
1,0.0197314266115427,0.8852352499961853,0.3985164165496826,0.018157958984375,0.0
1,0.19250614941120148,0.9998028874397278,0.9960082769393921,0.21794637044270834,0.157501220703125
1,0.0298384428024292,0.9984083771705627,0.9170013666152954,0.027414957682291668,0.0
1,0.02482420764863491,0.8636217713356018,0.4317021667957306,0.016571044921875,0.0
1,0.22723563015460968,0.9385759830474854,0.8640812635421753,0.3448588053385417,0.3720499674479167
1,0.017027292400598526,0.9999996423721313,0.9986222982406616,0.016585286458333334,0.015608723958333333
1,0.020585782825946808,0.934155285358429,0.35711562633514404,0.013539632161458334,0.0
1,0.1508297175168991,0.9866234660148621,0.941220223903656,0.194000244140625,0.048085530598958336
1,0.1653023213148117,0.9973374009132385,0.9639838933944702,0.2091591836734694,0.15425850340136055
1,0.040589265525341034,0.8901033401489258,0.6149705648422241,0.044158935546875,0.0
1,0.10488396137952805,0.9901401400566101,0.9698426127433777,0.13221354166666666,0.15103515625
1,0.35015198588371277,0.9996458292007446,0.9970875382423401,0.4241943359375,0.4250284830729167
1,0.01759171485900879,0.9995326995849609,0.9816964864730835,0.016072591145833332,0.009938557942708334
1,0.1787143349647522,0.9997965693473816,0.9984512329101562,0.218048095703125,0.08721923828125
1,0.22806569933891296,0.8828325867652893,0.7986582517623901,0.388935546875,0.40611653645833334
1,0.21408407390117645,0.9893885254859924,0.9698996543884277,0.2536112467447917,0.2415771484375
1,0.06479611992835999,0.986415684223175,0.8142006397247314,0.07530173943911964,0.0
1,0.10042037814855576,0.8812065720558167,0.5734407901763916,0.19432,0.07893333333333333
1,0.10220727324485779,0.9979810118675232,0.9738429188728333,0.12334187825520833,0.027008056640625
1,0.03395938128232956,0.9933589100837708,0.9249592423439026,0.036590576171875,0.010772705078125
1,0.2889297604560852,0.9979810118675232,0.9928231239318848,0.3456827799479167,0.405426025390625
1,0.019474834203720093,0.7066967487335205,0.38213276863098145,0.015065511067708334,0.0
1,0.10907915234565735,0.9968519806861877,0.9783420562744141,0.11565144856770833,0.063079833984375
1,0.02809412032365799,0.9989350438117981,0.9219133257865906,0.030171712239583332,0.006296793619791667
1,0.08984076976776123,0.9629528522491455,0.9094254970550537,0.106109619140625,0.056020100911458336
1,0.06302798539400101,0.9895513653755188,0.9230350255966187,0.06612141927083333,0.0
1,0.05248912796378136,0.9998644590377808,0.9987305998802185,0.04766203703703704,0.04050925925925926
1,0.0985402762889862,0.9999980926513672,0.9999039173126221,0.15767415364583334,0.0223388671875
1,0.12170995771884918,0.995354413986206,0.9618217349052429,0.14622586872586874,0.11425916988416988
1,0.21222488582134247,0.9943799376487732,0.9590010046958923,0.2661585930268436,0.17814563406356063
1,0.14478375017642975,0.9994184970855713,0.9754835963249207,0.21326364436619719,0.07041153169014085
1,0.06424125283956528,0.9995810389518738,0.9935117363929749,0.07591756184895833,0.014027913411458334
1,0.0729212835431099,0.9752018451690674,0.9125921130180359,0.08087158203125,0.023813883463541668
1,0.2617575228214264,0.9893474578857422,0.968678891658783,0.3370463053385417,0.33026123046875
1,0.33465316891670227,0.9826908707618713,0.95743727684021,0.4403889973958333,0.4384562174479167
1,0.23294006288051605,0.9993663430213928,0.9881309270858765,0.3357877416700946,0.3536953242835596
1,0.19254831969738007,0.9957352876663208,0.9781354665756226,0.23151652018229166,0.18837483723958334
1,0.15571799874305725,0.9984021782875061,0.9866234660148621,0.16285196940104166,0.150482177734375
1,0.24502694606781006,0.8818185925483704,0.7597605586051941,0.3759969075520833,0.0
1,0.04886795952916145,0.9961903095245361,0.8658990859985352,0.056935628255208336,0.0
1,0.20171450078487396,0.9992648959159851,0.9927672147750854,0.24678548177083334,0.160888671875
1,0.01911880634725094,0.9999810457229614,0.9878528118133545,0.015401204427083334,0.005381266276041667
1,0.041271671652793884,0.999935507774353,0.9199264049530029,0.048380533854166664,0.020528157552083332
1,0.10803469270467758,0.9907320141792297,0.9658352136611938,0.12682088216145834,0.13203938802083334
1,0.037235260009765625,0.9999637603759766,0.998807430267334,0.035715738932291664,0.028798421223958332
1,0.12823040783405304,0.9996775388717651,0.9935117363929749,0.14239501953125,0.132110595703125
1,0.08394528925418854,0.9971550703048706,0.9130584001541138,0.12302207596325243,0.04272590154943096
1,0.39360010623931885,0.9984869956970215,0.9965301156044006,0.4210001627604167,0.421875
1,0.0815402939915657,0.99998939037323,0.993586003780365,0.08385213216145833,0.06535847981770833
1,0.22068147361278534,0.9993880987167358,0.9926542043685913,0.2697245279947917,0.21944173177083334
1,0.3955574035644531,0.9880388379096985,0.9624620079994202,0.5683695475260416,0.462005615234375
1,0.037925370037555695,0.9997817873954773,0.7687713503837585,0.02806343982814571,0.010050733580145344
1,0.010801303200423717,0.8778960704803467,0.18713268637657166,0.004954020182291667,0.0
1,0.13570424914360046,0.9984869956970215,0.9835337996482849,0.16698201497395834,0.16969807942708334
1,0.36925208568573,0.9988213181495667,0.995866060256958,0.4014790852864583,0.4013163248697917
1,0.018877727910876274,0.9308364987373352,0.5179034471511841,0.018076578776041668,0.0
1,0.07634120434522629,0.9998579025268555,0.9989225268363953,0.06981404622395833,0.035624186197916664
1,0.29928043484687805,0.9988707900047302,0.9780936241149902,0.43498372395833335,0.4713639322916667
1,0.2655920684337616,0.9991306662559509,0.996160626411438,0.3107096354166667,0.19688924153645834
1,0.024404993280768394,0.9981324076652527,0.9323190450668335,0.013916015625,0.009358723958333334
1,0.04783856123685837,0.9996898174285889,0.9943581223487854,0.0455607476635514,0.044836448598130844
1,0.18485771119594574,0.9992875456809998,0.9466953873634338,0.3590596516927083,0.3202616373697917
1,0.0698244646191597,0.9976403713226318,0.9511421918869019,0.082794189453125,0.04058837890625
1,0.06580553203821182,0.9991832375526428,0.9919379353523254,0.052978515625,0.037882486979166664
1,0.04103123024106026,0.9998557567596436,0.8077504634857178,0.042755126953125,0.007181803385416667
1,0.5773552060127258,0.9969603419303894,0.9888418912887573,0.7512003580729166,0.7327779134114584
1,0.20113718509674072,0.999208390712738,0.9848692417144775,0.24718245507158088,0.19136765153822724
1,0.03369159623980522,0.6562178134918213,0.5113099813461304,0.042755126953125,0.0
1,0.18720519542694092,0.9945307374000549,0.983020007610321,0.21451822916666666,0.16866048177083334
1,0.07392989099025726,0.9996373653411865,0.9970536231994629,0.074462890625,0.057139078776041664
1,0.026012543588876724,0.9999576807022095,0.7027351260185242,0.030384114583333333,0.017434895833333332
1,0.11293011158704758,0.9989556074142456,0.9778834581375122,0.132354736328125,0.075531005859375
1,0.08042144030332565,0.9996259212493896,0.9947385191917419,0.08418782552083333,0.07715861002604167
1,0.02238377556204796,0.9997658133506775,0.938010573387146,0.023141276041666665,0.020462239583333333
1,0.027094334363937378,0.9997325539588928,0.9948603510856628,0.022135416666666668,0.019022623697916668
1,0.08174511790275574,0.9973580241203308,0.9905874133110046,0.08062744140625,0.08089192708333333
1,0.10791409015655518,0.9985221028327942,0.9905132055282593,0.12384033203125,0.060445149739583336
1,0.8099462985992432,0.9979731440544128,0.982355535030365,0.876129150390625,0.8768717447916666
1,0.28997471928596497,0.9767580628395081,0.9557340741157532,0.439849853515625,0.442413330078125
1,0.06218321621417999,0.9941118359565735,0.9586129188537598,0.06917317708333333,0.015004475911458334
1,0.09432949870824814,0.999276340007782,0.9939024448394775,0.094329833984375,0.064849853515625
1,0.3631380796432495,0.9957020878791809,0.9881295561790466,0.4133809407552083,0.400146484375
1,0.22582735121250153,0.999840259552002,0.8293538093566895,0.37538099322881496,0.32609826431348216
1,0.04512698948383331,0.9999464750289917,0.990909993648529,0.042944,0.024170666666666667
1,0.0723607987165451,0.9856076240539551,0.9577545523643494,0.08464558919270833,0.068145751953125
1,0.12267149239778519,0.974531888961792,0.9068183302879333,0.161888,0.140832
1,0.0721447616815567,0.9999940395355225,0.9989834427833557,0.10785929361979167,0.016337076822916668
1,0.028786061331629753,0.9972955584526062,0.501291811466217,0.026705729166666668,0.0038899739583333334
1,0.11119994521141052,0.9998133778572083,0.9981178045272827,0.11595662434895833,0.09978230794270833
1,0.08964977413415909,0.963711678981781,0.8996515870094299,0.11903889973958333,0.07100423177083333
1,0.07755769044160843,0.9999595880508423,0.9996302127838135,0.0791347095300261,0.05579920039164491
1,0.0752234160900116,0.9224823713302612,0.8198933005332947,0.09809366861979167,0.0
1,0.11051172018051147,0.9813107252120972,0.9323301911354065,0.13365681966145834,0.10579427083333333
1,0.13372236490249634,0.9830850958824158,0.9472835659980774,0.162078857421875,0.10569254557291667
1,0.03278199955821037,0.9995728135108948,0.9966102242469788,0.028961181640625,0.027943929036458332
1,0.27649828791618347,0.9984512329101562,0.9870296716690063,0.3685302734375,0.3891805013020833
1,0.2517257630825043,0.9986114501953125,0.9740919470787048,0.40741861979166666,0.277802734375
1,0.021648170426487923,0.7869504690170288,0.4201688766479492,0.0185546875,0.0
1,0.10144129395484924,0.9999772310256958,0.9985672831535339,0.16633097330729166,0.030893961588541668
1,0.2877292335033417,0.9992648959159851,0.9732412695884705,0.37075,0.356725
1,0.2997053265571594,0.9775857925415039,0.9530133008956909,0.3794453938802083,0.4366455078125
1,0.10477552562952042,0.999779999256134,0.9983059167861938,0.10242716471354167,0.08186848958333333
1,0.6051782965660095,0.997188150882721,0.9885804057121277,0.741456,0.764608
1,0.16538099944591522,0.9999997615814209,0.999713122844696,0.2690022786458333,0.20863850911458334
1,0.028742315247654915,0.8868131041526794,0.7140272259712219,0.031667073567708336,0.0
1,0.061189088970422745,0.9919067621231079,0.9667260646820068,0.060139973958333336,0.045247395833333336
1,0.009176145307719707,0.9997603297233582,0.037256766110658646,0.0076904296875,0.005889892578125
1,0.03024628758430481,0.9999629259109497,0.9996387958526611,0.027628580729166668,0.0216064453125
1,0.2974272072315216,0.9700703024864197,0.934035062789917,0.5369364420572916,0.575439453125
1,0.03053370863199234,0.9999881982803345,0.999376118183136,0.030029296875,0.028086344401041668
1,0.04313059151172638,0.9385759830474854,0.8251674771308899,0.049845377604166664,0.0
1,0.20053495466709137,0.9983769655227661,0.9951702952384949,0.22513834635416666,0.18915812174479166
1,0.048618778586387634,0.9997981190681458,0.6735106110572815,0.045430501302083336,0.0
1,0.08309444040060043,0.9997933506965637,0.9983384013175964,0.08672078450520833,0.09186808268229167
1,0.12452428787946701,0.9922444224357605,0.9737945199012756,0.13319905598958334,0.13410441080729166
1,0.26599952578544617,0.9848109483718872,0.9561429619789124,0.4354248046875,0.4569091796875
1,0.054363563656806946,0.9985619187355042,0.9845160245895386,0.0565185546875,0.048482259114583336
1,0.1006365492939949,0.9939496517181396,0.9750598073005676,0.10746256510416667,0.09267171223958333
1,0.026105500757694244,0.9958821535110474,0.9531853795051575,0.020273844401041668,0.01361083984375
1,0.1040918305516243,0.9992296695709229,0.9975177049636841,0.10407407407407407,0.10175925925925926
1,0.020065948367118835,0.9827572107315063,0.8980534672737122,0.019195556640625,0.0
1,0.01061228383332491,0.9903290271759033,0.3156336545944214,0.01048,0.0
1,0.11247953772544861,0.9912548065185547,0.9738444089889526,0.12967936197916666,0.13664754231770834
1,0.1455695480108261,0.979393482208252,0.9394717216491699,0.15662037037037038,0.07710648148148148
1,0.08081157505512238,0.9743860960006714,0.8960641622543335,0.09428914388020833,0.017618815104166668
1,0.07612001895904541,0.9972531199455261,0.8644489645957947,0.0776686313032089,0.01881139489194499
1,0.025051167234778404,0.9999974966049194,0.9996330738067627,0.026397705078125,0.018798828125
1,0.07119504362344742,0.9998601675033569,0.9870750308036804,0.09006754557291667,0.040415445963541664
1,0.09500225633382797,0.9885361194610596,0.9399133324623108,0.10993448893229167,0.032430013020833336
1,0.18173837661743164,0.9995469450950623,0.9937100410461426,0.19740804036458334,0.19804890950520834
1,0.09531203657388687,0.9998103976249695,0.9915870428085327,0.11326090494791667,0.084136962890625
1,0.025705533102154732,0.9999904632568359,0.9816879630088806,0.014119466145833334,0.010996500651041666
1,0.01917099393904209,0.9810219407081604,0.7420480251312256,0.01947529594588418,0.01746880570409982
1,0.5852722525596619,0.9985730648040771,0.9901401400566101,0.6193135579427084,0.6207682291666666
1,0.06650035828351974,0.9995728135108948,0.993733823299408,0.06939697265625,0.049957275390625
1,0.02320045791566372,0.9996633529663086,0.9976310729980469,0.022664388020833332,0.020711263020833332
1,0.06944446265697479,0.9989758729934692,0.991355836391449,0.06650797526041667,0.043375651041666664
1,0.19261586666107178,0.999322772026062,0.9969956874847412,0.237030029296875,0.11375935872395833
1,0.1138007715344429,0.9995417594909668,0.9949199557304382,0.1165771484375,0.10860188802083333
1,0.06449775397777557,0.9780936241149902,0.8626990914344788,0.080841064453125,0.0
1,0.13592013716697693,0.9883127808570862,0.9435559511184692,0.17054239908854166,0.161834716796875
1,0.07654035836458206,0.9981470108032227,0.9848692417144775,0.081085205078125,0.0765380859375
1,0.0876186266541481,0.9937587976455688,0.9244152307510376,0.08647664388020833,0.016754150390625
1,0.0018830372719094157,0.05370030552148819,0.014503578655421734,0.0,0.0
1,0.2296118289232254,0.9951889514923096,0.92205810546875,0.3252156575520833,0.335174560546875
1,0.041132934391498566,0.9997640252113342,0.9946982264518738,0.04401036605118238,0.012542921930677032
1,0.06977304071187973,0.9906600117683411,0.9624598622322083,0.07478841145833333,0.06638590494791667
1,0.050611987709999084,0.9998273253440857,0.9952077269554138,0.046803792317708336,0.046722412109375
1,0.006831213366240263,0.9950946569442749,0.055310651659965515,0.0021499496021789018,0.0
1,0.144112691283226,0.9992620348930359,0.8031737804412842,0.2417442809068969,0.2137309221931405
1,0.03539177030324936,0.9618217349052429,0.5681619048118591,0.021830240885416668,0.0
1,0.16705536842346191,0.999514102935791,0.9750555157661438,0.23659261067708334,0.052998860677083336
1,0.18000268936157227,0.9985674619674683,0.8840392827987671,0.2517598470052083,0.045979817708333336
1,0.15046803653240204,0.9977038502693176,0.9930961728096008,0.17108154296875,0.18562825520833334
1,0.0330500490963459,0.9999879598617554,0.7312418818473816,0.025533040364583332,0.00439453125
1,0.14547733962535858,0.9984573125839233,0.9915215969085693,0.15999348958333334,0.14863077799479166
1,0.01961657591164112,0.9999701976776123,0.9955491423606873,0.018258463541666665,0.018600260416666667
1,0.07269071787595749,0.999937891960144,0.9885804057121277,0.07181803385416667,0.06401570638020833
1,0.24912436306476593,0.9991306662559509,0.9946150183677673,0.2602132161458333,0.22784423828125
1,0.045580148696899414,0.9997867941856384,0.9986591935157776,0.04150390625,0.020304361979166668
1,0.1607624739408493,0.9895108342170715,0.956063449382782,0.20656840006510416,0.2106501261393229
1,0.0366121344268322,0.9922143816947937,0.9233037233352661,0.036549886067708336,0.0
1,0.30093225836753845,0.9974689483642578,0.992452085018158,0.3998616536458333,0.4325968424479167
1,0.0684429407119751,0.9948603510856628,0.9785082340240479,0.07097371419270833,0.07275390625
1,0.02263686992228031,0.9942697286605835,0.8749217987060547,0.018595377604166668,0.0
1,0.043157435953617096,0.9596109390258789,0.6302298903465271,0.04567178502879079,0.0
1,0.07442283630371094,0.9930961728096008,0.8836382627487183,0.0888395979020979,0.0
1,0.04922112450003624,0.9951325058937073,0.9628831148147583,0.045166015625,0.037689208984375
1,0.18342478573322296,0.9999945163726807,0.9998579025268555,0.2353515625,0.199462890625
1,0.04177296906709671,0.9989515542984009,0.9898695349693298,0.042744140625,0.041871744791666665
1,0.12456849962472916,0.9920312166213989,0.956308901309967,0.14072672526041666,0.043436686197916664
1,0.051730960607528687,0.9870296716690063,0.7074936032295227,0.056996663411458336,0.0
1,0.30863308906555176,0.9970991611480713,0.9831499457359314,0.35443296078706243,0.29384852616957013
0,0.026903698220849037,0.9027811288833618,0.6116597652435303,0.024556477864583332,0.0
0,0.27370044589042664,0.9753900170326233,0.823470413684845,0.4662984212239583,0.3129475911458333
0,0.1235344186425209,0.9156582355499268,0.8362873792648315,0.150054931640625,0.0
0,0.11579308658838272,0.8305941224098206,0.7160201072692871,0.16759236653645834,0.0
0,0.10853172093629837,0.7487199306488037,0.6145675182342529,0.16661580403645834,0.0
0,0.07251868396997452,0.938010573387146,0.83507239818573,0.06772867838541667,0.0
0,0.03011390008032322,0.6041070222854614,0.3167886734008789,0.016042073567708332,0.0
0,0.05099676176905632,0.9549003839492798,0.7536425590515137,0.049387613932291664,0.0
0,0.1696465164422989,0.9224823713302612,0.854763388633728,0.22163899739583334,0.0
0,0.16165119409561157,0.9259026646614075,0.7880943417549133,0.2517191569010417,0.273284912109375
0,0.06526785343885422,0.8410438895225525,0.6864719986915588,0.085723876953125,0.0
0,0.055439542979002,0.9330658316612244,0.6404042840003967,0.045399983723958336,0.0
0,0.041469354182481766,0.9725192785263062,0.7085766196250916,0.031494140625,0.0
0,0.11390910297632217,0.9256342649459839,0.8119744062423706,0.14494832356770834,0.092041015625
0,0.0056057036854326725,0.06548520922660828,0.02017616294324398,0.0,0.0
0,0.010716390796005726,0.3399371802806854,0.10539455711841583,0.0004374186197916667,0.0
0,0.01137212198227644,0.6000126004219055,0.17175470292568207,0.0030721028645833335,0.0
0,0.10035338997840881,0.970520555973053,0.8389438390731812,0.09950764973958333,0.0
0,0.02791610173881054,0.9014011025428772,0.6731916666030884,0.031443277994791664,0.0
0,0.06757671386003494,0.7872777581214905,0.6408572196960449,0.0721435546875,0.0
0,0.3507957458496094,0.9270997643470764,0.8635067343711853,0.5062967936197916,0.478973388671875
0,0.044761110097169876,0.9630224108695984,0.8350804448127747,0.0517578125,0.0
0,0.049093615263700485,0.8768454194068909,0.6647482514381409,0.058441162109375,0.0
0,0.05041943117976189,0.8483450412750244,0.5350929498672485,0.058441162109375,0.0
0,0.007925530895590782,0.35253608226776123,0.05685840919613838,6.103515625e-05,0.0
0,0.008260737173259258,0.5156351327896118,0.06524299830198288,0.0027262369791666665,0.0
0,0.04575886204838753,0.8984104990959167,0.5526266098022461,0.04510498046875,0.0
0,0.03157338127493858,0.6396235227584839,0.33556854724884033,0.019012451171875,0.0
0,0.09229270368814468,0.9532750844955444,0.8678184747695923,0.125946044921875,0.023162841796875
0,0.04377157986164093,0.9003546833992004,0.6957423686981201,0.0458984375,0.0
0,0.07647167891263962,0.9439706206321716,0.8826303482055664,0.073125,0.0
0,0.06690999865531921,0.9964063763618469,0.7516499757766724,0.054954666666666666,0.0
0,0.008394218049943447,0.2832854390144348,0.04629189893603325,2.0345052083333332e-05,0.0
0,0.1484089344739914,0.9809125065803528,0.9337939620018005,0.17439778645833334,0.06288655598958333
0,0.029665442183613777,0.7563575506210327,0.26378899812698364,0.009521484375,0.0
0,0.2590939402580261,0.9919067621231079,0.963711678981781,0.300445556640625,0.280364990234375
0,0.2376922219991684,0.9696707129478455,0.8776865601539612,0.35953460038986357,0.1915716374269006
0,0.5517671704292297,0.9871788024902344,0.9437636137008667,0.7368895833333333,0.8186479166666667
0,0.02131854183971882,0.6281793713569641,0.2458084672689438,0.007949087415946205,0.0
0,0.0016519880155101418,0.08616955578327179,0.012288597412407398,0.0,0.0
0,0.04307786375284195,0.8814108967781067,0.6083044409751892,0.04883290267011197,0.0
0,0.0028869807720184326,0.9376689791679382,0.008985428139567375,0.0014,0.0
0,0.005303599406033754,0.3411433696746826,0.03468417376279831,6.39472267097469e-05,0.0
0,0.1996915340423584,0.9511421918869019,0.8889517188072205,0.27861564102214775,0.2179080212349514
0,0.11000417917966843,0.7264255881309509,0.5865228176116943,0.20317866666666667,0.25216
0,0.16735230386257172,0.9583821892738342,0.8169911503791809,0.24492345465049103,0.1177522626612748
0,0.1966039091348648,0.8689380288124084,0.7379143238067627,0.3206748491108681,0.07074573662251388
0,0.25442326068878174,0.9001793265342712,0.7898827195167542,0.38613440272208044,0.34404747437922795
0,0.10362221300601959,0.7301936745643616,0.5782696008682251,0.20385342084327765,0.14474940334128877
0,0.08606921881437302,0.670284628868103,0.5088558793067932,0.17074287021939988,0.0
0,0.18316638469696045,0.981979250907898,0.6025562882423401,0.388765166173804,0.2798323861446785
0,0.16625110805034637,0.9815951585769653,0.8181752562522888,0.24841364927227547,0.07549587326943558
0,0.014055538922548294,0.54731285572052,0.15011104941368103,0.002083389266249631,0.0
0,0.21153616905212402,0.8591918349266052,0.5516706109046936,0.4508040935672515,0.39427540204678363
0,0.006400476209819317,0.5977839827537537,0.05460161343216896,0.0004417929700096743,0.0
0,0.023712124675512314,0.9901401400566101,0.5184096693992615,0.020625202461937157,0.0
0,0.05820826068520546,0.9999145269393921,0.9478657245635986,0.06783203125,0.008391927083333334
0,0.1511826515197754,0.9781354665756226,0.9129031896591187,0.19184461897686267,0.1355975376777754
0,0.13056232035160065,0.9568765759468079,0.7752646803855896,0.16556598062953995,0.038622881355932205
0,0.2376922219991684,0.9696707129478455,0.8776865601539612,0.35953460038986357,0.1915716374269006
0,0.006561691407114267,0.8470844030380249,0.0383940152823925,0.003810608525870485,0.0
0,0.14394435286521912,0.9987887740135193,0.9352282881736755,0.1846126984779081,0.2028839636012571
0,0.07772256433963776,0.6736212372779846,0.504192590713501,0.16044074074074074,0.0
0,0.0028869807720184326,0.9376689791679382,0.008985428139567375,0.0014,0.0
0,0.046414267271757126,0.9803937673568726,0.767863929271698,0.05237577671595267,0.0
0,0.00703438650816679,0.7893961071968079,0.06791666895151138,0.0017824074074074075,0.0
0,0.0065537006594240665,0.5355842709541321,0.05644402652978897,0.0004947916666666667,0.0
0,0.41841426491737366,0.9916841983795166,0.9565531015396118,0.5683490250553069,0.5771466790142512
0,0.1996915340423584,0.9511421918869019,0.8889517188072205,0.27861564102214775,0.2179080212349514
0,0.2337702065706253,0.9355823397636414,0.731250524520874,0.3518085615626641,0.3162972705429635
0,0.1717686951160431,0.9446893334388733,0.7498207092285156,0.24451900819088318,0.0809127938034188
0,0.039471663534641266,0.9517735838890076,0.7835299968719482,0.043860600963929505,0.0
0,0.010245473124086857,0.613410234451294,0.10248421877622604,0.0024233845889896845,0.0
0,0.05725986137986183,0.93475341796875,0.51512610912323,0.07669248726655348,0.0
0,0.023416055366396904,0.9934865236282349,0.3704462945461273,0.013295491536458334,0.0
0,0.12124363332986832,0.8115267157554626,0.6961618661880493,0.15830485026041666,0.0
0,0.007406140211969614,0.719876229763031,0.08882029354572296,0.003509521484375,0.0
0,0.018168402835726738,0.9588471055030823,0.5939019322395325,0.015401204427083334,0.0
0,0.023349018767476082,0.7671669721603394,0.3970595896244049,0.024322509765625,0.0
0,0.04903228208422661,0.9105454087257385,0.8271269202232361,0.053487141927083336,0.043375651041666664
0,0.10188174247741699,0.8426043391227722,0.5971381068229675,0.14412434895833334,0.0
0,0.025614090263843536,0.6887825131416321,0.3457643985748291,0.017171223958333332,0.0
0,0.1001010611653328,0.8822250962257385,0.7669872045516968,0.126861572265625,0.0
0,0.14288263022899628,0.925499677658081,0.8616546392440796,0.19191487630208334,0.19047037760416666
0,0.14578022062778473,0.9937829375267029,0.9190589785575867,0.19054158528645834,0.16881306966145834
0,0.14793846011161804,0.8257302641868591,0.6957516670227051,0.24439493815104166,0.16837565104166666
0,0.1806909590959549,0.786786675453186,0.6440012454986572,0.36358642578125,0.32391357421875
0,0.09766319394111633,0.9398029446601868,0.8540345430374146,0.12933349609375,0.0667724609375
0,0.005403086543083191,0.4047427177429199,0.024891380220651627,0.0007222493489583334,0.0
0,0.04870586469769478,0.9132132530212402,0.7921428084373474,0.052042643229166664,0.0
0,0.1121601089835167,0.9762653708457947,0.9127477407455444,0.12748209635416666,0.10341389973958333
0,0.05001579597592354,0.8091251850128174,0.6146131753921509,0.059722900390625,0.0
0,0.0907730683684349,0.93475341796875,0.8051729798316956,0.11286417643229167,0.0
0,0.03330603986978531,0.8250265121459961,0.49473094940185547,0.029774983723958332,0.0
0,0.20309555530548096,0.9053223133087158,0.7778065800666809,0.30902099609375,0.186309814453125
0,0.0984882190823555,0.8392075896263123,0.7083134651184082,0.13343302408854166,0.0
0,0.16772080957889557,0.9501341581344604,0.9192084670066833,0.20015462239583334,0.19669596354166666
0,0.23806308209896088,0.9089417457580566,0.8456876873970032,0.4080301920572917,0.4376424153645833
0,0.0368175208568573,0.9019206762313843,0.5190430283546448,0.031819661458333336,0.0
0,0.019827207550406456,0.8303191661834717,0.30002421140670776,0.011728922526041666,0.0
0,0.012134944088757038,0.45087310671806335,0.15015341341495514,0.002197265625,0.0
0,0.02741853892803192,0.7983440160751343,0.3888448476791382,0.017730712890625,0.0
0,0.04573022201657295,0.8334602117538452,0.5756387114524841,0.039215087890625,0.0
0,0.11384844034910202,0.8537908792495728,0.6573184728622437,0.13660685221354166,0.0
0,0.15908360481262207,0.8248854875564575,0.6922228932380676,0.2586263020833333,0.0
0,0.17728661000728607,0.885433554649353,0.7716662883758545,0.250762939453125,0.0
0,0.14586018025875092,0.6315943002700806,0.5382845997810364,0.2519632975260417,0.0
0,0.13809391856193542,0.8985886573791504,0.7004821300506592,0.18326822916666666,0.0
0,0.19248493015766144,0.8166989684104919,0.7322090864181519,0.312103271484375,0.23699951171875
0,0.14264829456806183,0.8113772869110107,0.665410578250885,0.22243245442708334,0.0
0,0.3628958463668823,0.9554855227470398,0.9111796617507935,0.5713094075520834,0.5752766927083334
0,0.3432261645793915,0.9024378061294556,0.8453050851821899,0.628875732421875,0.675079345703125
0,0.13491666316986084,0.8002240657806396,0.7167145609855652,0.19926961263020834,0.0
0,0.09977423399686813,0.8933094143867493,0.7335473299026489,0.117828369140625,0.0
0,0.27032339572906494,0.8910549879074097,0.7829945087432861,0.471893310546875,0.329833984375
0,0.18902279436588287,0.8489722013473511,0.687312126159668,0.334991455078125,0.2740681966145833
0,0.3660222589969635,0.9358173608779907,0.8844391107559204,0.5790608723958334,0.6402791341145834
0,0.2409936636686325,0.8274101614952087,0.6799198389053345,0.4307963053385417,0.3628946940104167
0,0.02651965618133545,0.9240047931671143,0.6277230381965637,0.017313639322916668,0.0
0,0.35173487663269043,0.9537942409515381,0.9010533690452576,0.500213623046875,0.439910888671875
0,0.1282808929681778,0.7420480251312256,0.5765997767448425,0.22502644856770834,0.0
0,0.38584867119789124,0.9330658316612244,0.8761022090911865,0.6451517740885416,0.6575113932291666
0,0.2693086862564087,0.8794577121734619,0.7618929743766785,0.5287068684895834,0.2755533854166667
0,0.1465296447277069,0.8467044830322266,0.7346910238265991,0.213714599609375,0.174072265625
0,0.16405263543128967,0.7839884757995605,0.6380463242530823,0.302581787109375,0.11844889322916667
0,0.30305519700050354,0.8472108244895935,0.7132259011268616,0.561553955078125,0.5901692708333334
0,0.161093607544899,0.8780007362365723,0.7239930033683777,0.23924763997395834,0.11067708333333333
0,0.3057955503463745,0.9252299070358276,0.8213266134262085,0.5293680826822916,0.528564453125
0,0.3153388202190399,0.8844391107559204,0.8201815485954285,0.5871785481770834,0.5505777994791666
0,0.1462855339050293,0.8198933005332947,0.6841585040092468,0.2503865559895833,0.16349283854166666
0,0.007655089721083641,0.8168451189994812,0.043446898460388184,0.0032958984375,0.0
0,0.25797733664512634,0.9174507260322571,0.8388118147850037,0.4017537434895833,0.391815185546875
0,0.008937256410717964,0.30975401401519775,0.08093671500682831,0.000213623046875,0.0
0,0.00359859480522573,0.15804436802864075,0.037748146802186966,0.0,0.0
0,0.3061874806880951,0.9891815781593323,0.9155072569847107,0.4707845052083333,0.4014994303385417
0,0.0738745853304863,0.9066531658172607,0.647122859954834,0.116851806640625,0.0
0,0.37055787444114685,0.9706321954727173,0.9074763655662537,0.5769755045572916,0.601318359375
0,0.005561884492635727,0.12721826136112213,0.02931223064661026,0.0,0.0
0,0.14231611788272858,0.9810945987701416,0.9136765599250793,0.22809855143229166,0.22639973958333334
0,0.16949550807476044,0.9110215306282043,0.8378854393959045,0.2728271484375,0.23961385091145834
0,0.04956021532416344,0.8204694986343384,0.7162185907363892,0.048258463541666664,0.0
0,0.13649486005306244,0.9477691650390625,0.8803863525390625,0.18953450520833334,0.18285115559895834
0,0.01838628016412258,0.8426043391227722,0.28756770491600037,0.010874430338541666,0.0
0,0.22283834218978882,0.865565299987793,0.7577943801879883,0.4130147298177083,0.409942626953125
0,0.10353066772222519,0.824037492275238,0.6561076641082764,0.15067545572916666,0.07450358072916667
0,0.03549296036362648,0.7634837031364441,0.4597724676132202,0.059987386067708336,0.0
0,0.016621805727481842,0.6423202753067017,0.21239535510540009,0.00701904296875,0.0
0,0.33193424344062805,0.9466953873634338,0.9087799787521362,0.49359130859375,0.5644124348958334
0,0.02613948844373226,0.48424291610717773,0.3705669939517975,0.0538330078125,0.0
0,0.0391753651201725,0.9654463529586792,0.8996462821960449,0.037333170572916664,0.029083251953125
0,0.005138246808201075,0.5008783340454102,0.05126957222819328,0.0031331380208333335,0.0
0,0.12992767989635468,0.8816148638725281,0.7579735517501831,0.18785603841145834,0.107666015625
0,0.17645879089832306,0.9771973490715027,0.8725647330284119,0.261505126953125,0.2760111490885417
0,0.027685314416885376,0.7470627427101135,0.3644382059574127,0.017191569010416668,0.0
0,0.008477418683469296,0.7872777581214905,0.07423137128353119,0.0024515787760416665,0.0
0,0.16590674221515656,0.9553191661834717,0.8772666454315186,0.22034708658854166,0.1761474609375
0,0.03975171595811844,0.8373541235923767,0.5424025058746338,0.042551676432291664,0.0
0,0.2835444509983063,0.9656413197517395,0.9051547646522522,0.5057373046875,0.5515340169270834
0,0.04589606821537018,0.9384632706642151,0.8713621497154236,0.043050130208333336,0.019490559895833332
0,0.19635318219661713,0.9489172697067261,0.8756775259971619,0.2938028971354167,0.233917236328125
0,0.1484517604112625,0.9531008005142212,0.8914335370063782,0.22899373372395834,0.15787760416666666
0,0.054814208298921585,0.8557306528091431,0.679816722869873,0.062113444010416664,0.0
0,0.1824757605791092,0.9719393253326416,0.860720694065094,0.2863260904947917,0.273193359375
0,0.11362537741661072,0.8802834153175354,0.7694217562675476,0.17055257161458334,0.15266927083333334
0,0.006823238451033831,0.25423112511634827,0.043607085943222046,0.0,0.0
0,0.04106152057647705,0.6511330008506775,0.36500048637390137,0.02960205078125,0.0
0,0.019015030935406685,0.804405927658081,0.31667351722717285,0.012552897135416666,0.0
0,0.04467616602778435,0.8559715747833252,0.6046323776245117,0.049418131510416664,0.0
0,0.0708179697394371,0.8420855402946472,0.4099794626235962,0.046518961588541664,0.0
0,0.09258971363306046,0.7261344194412231,0.6305677890777588,0.13257853190104166,0.08817545572916667
0,0.014589357189834118,0.9461008310317993,0.6316874623298645,0.014139811197916666,0.0
0,0.018875082954764366,0.9108630418777466,0.4367421567440033,0.02044677734375,0.0
0,0.09739860147237778,0.9613164663314819,0.8820220232009888,0.12190755208333333,0.1239013671875
0,0.004018618259578943,0.2146914005279541,0.047514185309410095,0.0,0.0
0,0.047602150589227676,0.9026095867156982,0.5835558176040649,0.056131998697916664,0.0
0,0.07693036645650864,0.9428234100341797,0.8128673434257507,0.107421875,0.0
0,0.003163713263347745,0.2465333193540573,0.03488088399171829,0.0,0.0
0,0.20466381311416626,0.9466953873634338,0.8864204287528992,0.2972920735677083,0.11609903971354167
0,0.06093841791152954,0.8451772928237915,0.6355618238449097,0.054056803385416664,0.0
0,0.4065339267253876,0.9780097603797913,0.9278878569602966,0.562744140625,0.6489156087239584
0,0.14346200227737427,0.9076402187347412,0.8230441212654114,0.199615478515625,0.09636433919270833
0,0.139127716422081,0.9155072569847107,0.820321261882782,0.19517008463541666,0.13533528645833334
0,0.060390572994947433,0.8653379082679749,0.6669242978096008,0.067474365234375,0.0
0,0.044812243431806564,0.8459424376487732,0.5452224612236023,0.048238118489583336,0.0
0,0.16522227227687836,0.9382373094558716,0.872347354888916,0.23261515299479166,0.07248942057291667
0,0.17908625304698944,0.963161289691925,0.8940516710281372,0.23175048828125,0.12437947591145833
0,0.2938627004623413,0.9102267622947693,0.8535469174385071,0.4179789225260417,0.21491495768229166
0,0.1682964563369751,0.9619649052619934,0.9161096215248108,0.2259521484375,0.180419921875
0,0.03256726264953613,0.8767399787902832,0.4800581634044647,0.023061116536458332,0.0
0,0.09167317301034927,0.9435559511184692,0.7650671601295471,0.09758504231770833,0.0
0,0.16462872922420502,0.9366336464881897,0.8211703300476074,0.228759765625,0.0
0,0.27516892552375793,0.9726234674453735,0.9230391979217529,0.3844095865885417,0.3776448567708333
0,0.0374133326113224,0.8942365646362305,0.7823300957679749,0.042022705078125,0.040364583333333336
0,0.03576510772109032,0.9734434485435486,0.8634859919548035,0.033640543619791664,0.0
0,0.27546507120132446,0.9799382090568542,0.9556514620780945,0.3577677408854167,0.352447509765625
0,0.07326419651508331,0.9132132530212402,0.8293496370315552,0.086822509765625,0.059254964192708336
0,0.2132311314344406,0.9624620079994202,0.8788320422172546,0.2738138834635417,0.18992106119791666
0,0.04124336317181587,0.9473810195922852,0.6868858933448792,0.041636149088541664,0.0
0,0.3677942454814911,0.9700703024864197,0.918182909488678,0.5166727701822916,0.4990030924479167
0,0.2151050716638565,0.925094723701477,0.8677098155021667,0.2960205078125,0.24083455403645834
0,0.06610942631959915,0.8217604756355286,0.6908720135688782,0.07848103841145833,0.0
0,0.08239749073982239,0.946793794631958,0.8461968302726746,0.104248046875,0.046875
0,0.0061599197797477245,0.8625832796096802,0.021122774109244347,0.0026957194010416665,0.0
0,0.008720342069864273,0.4870939254760742,0.04385456070303917,0.0002644856770833333,0.0
0,0.0035973836202174425,0.23458196222782135,0.02169809490442276,0.0,0.0
0,0.019656235352158546,0.8984104990959167,0.45471063256263733,0.020070393880208332,0.0
0,0.10222708433866501,0.8233283758163452,0.6766166687011719,0.134124755859375,0.0
0,0.015958460047841072,0.5954337120056152,0.17895157635211945,0.004954020182291667,0.0
0,0.1613702028989792,0.9233161807060242,0.8459386229515076,0.23597208658854166,0.2701822916666667
0,0.14093410968780518,0.9945307374000549,0.870917022228241,0.19240315755208334,0.12354532877604167
0,0.023674072697758675,0.7661187648773193,0.25851312279701233,0.008829752604166666,0.0
0,0.02241080068051815,0.9136765599250793,0.5328764319419861,0.022145589192708332,0.0
0,0.03281104192137718,0.7364006042480469,0.5512388944625854,0.037119547526041664,0.0
0,0.011215180158615112,0.5792219042778015,0.12452887743711472,0.0021565755208333335,0.0
0,0.15495429933071136,0.9388007521629333,0.8693788647651672,0.21703084309895834,0.098175048828125
0,0.08063352853059769,0.7866228222846985,0.6107965111732483,0.13199869791666666,0.0
0,0.03513352945446968,0.8624675869941711,0.6010065078735352,0.039815266927083336,0.0
0,0.007736168801784515,0.1577846258878708,0.052618954330682755,0.0,0.0
0,0.07482708245515823,0.7429815530776978,0.6122499704360962,0.10196940104166667,0.0
0,0.10678514093160629,0.8183016180992126,0.6851073503494263,0.13938395182291666,0.0
0,0.003243832616135478,0.14499424397945404,0.015130727551877499,0.0,0.0
0,0.1495901197195053,0.8762113451957703,0.7581526637077332,0.197967529296875,0.0
0,0.10990938544273376,0.9282788634300232,0.8062431216239929,0.15464274088541666,0.033376057942708336
0,0.14706408977508545,0.9314625263214111,0.8621196746826172,0.20701090494791666,0.08739217122395833
0,0.12277909368276596,0.8778960704803467,0.8100284934043884,0.16373697916666666,0.079345703125
0,0.19806905090808868,0.972362220287323,0.879561185836792,0.3236897786458333,0.2522379557291667
0,0.10649389028549194,0.8938665986061096,0.7841538190841675,0.13121541341145834,0.09842936197916667
0,0.07933658361434937,0.976669192314148,0.8436298966407776,0.07450358072916667,0.0
0,0.006721072364598513,0.3110082149505615,0.056236349046230316,0.00014241536458333334,0.0
0,0.048574913293123245,0.7897205948829651,0.5467372536659241,0.049468994140625,0.0
0,0.043323129415512085,0.956063449382782,0.8665847778320312,0.04443359375,0.0
0,0.02453114092350006,0.9515940546989441,0.8357478380203247,0.022816975911458332,0.0
0,0.0173987727612257,0.6907677054405212,0.2163424789905548,0.007334391276041667,0.0
0,0.021646365523338318,0.7520126104354858,0.26321473717689514,0.009572347005208334,0.0
0,0.025239184498786926,0.7687332034111023,0.3403656780719757,0.014556884765625,0.0
0,0.11207982897758484,0.925499677658081,0.7786493301391602,0.15694173177083334,0.12424723307291667
0,0.04358780384063721,0.8190264105796814,0.4609774053096771,0.047444661458333336,0.0
0,0.09236464649438858,0.9048188328742981,0.7453983426094055,0.12074788411458333,0.0
0,0.05910273268818855,0.9536218643188477,0.8793509602546692,0.062062581380208336,0.037404378255208336
0,0.012025158852338791,0.8294920325279236,0.20545078814029694,0.008127848307291666,0.0
0,0.027151023969054222,0.8541562557220459,0.5760525465011597,0.02691650390625,0.0
0,0.13452205061912537,0.9779256582260132,0.907967209815979,0.16871134440104166,0.056142171223958336
0,0.15345324575901031,0.9687380790710449,0.9281486868858337,0.21367390950520834,0.21863810221354166
0,0.009279781021177769,0.6508002281188965,0.09877258539199829,0.003926595052083333,0.0
0,0.17446427047252655,0.9375547766685486,0.8335957527160645,0.24785359700520834,0.12174479166666667
0,0.01984832063317299,0.807612419128418,0.38079407811164856,0.014109293619791666,0.0
0,0.17554451525211334,0.9155072569847107,0.7956580519676208,0.23578898111979166,0.0
0,0.05829734727740288,0.9460012316703796,0.7848043441772461,0.050496419270833336,0.0
0,0.06396912783384323,0.8777913451194763,0.6304574012756348,0.054799397786458336,0.0
0,0.02059818245470524,0.7309625148773193,0.384101539850235,0.017049153645833332,0.0
0,0.28824323415756226,0.9500414729118347,0.8912444114685059,0.3977254231770833,0.3810831705729167
0,0.11713320016860962,0.9246877431869507,0.8631610870361328,0.14351399739583334,0.07924397786458333
0,0.11148425191640854,0.9554024338722229,0.8393353819847107,0.14702351888020834,0.14194742838541666
0,0.1112009584903717,0.9596109390258789,0.9097468256950378,0.14130655924479166,0.12093098958333333
0,0.01078073587268591,0.43764322996139526,0.1030244380235672,0.0007120768229166666,0.0
0,0.26607632637023926,0.9485372304916382,0.8552476763725281,0.3996073404947917,0.3121439615885417
0,0.23365764319896698,0.9703524708747864,0.9323301911354065,0.301513671875,0.2710469563802083
0,0.13704226911067963,0.9863631129264832,0.9392480850219727,0.185577392578125,0.054931640625
0,0.298092782497406,0.9613890647888184,0.9317114353179932,0.3738911946614583,0.3493754069010417
0,0.06412839889526367,0.895339846611023,0.7414868474006653,0.060760498046875,0.0
0,0.03516435995697975,0.8077641129493713,0.4335545599460602,0.022898356119791668,0.0
0,0.09831229597330093,0.952397346496582,0.8013100028038025,0.150634765625,0.0
0,0.312893271446228,0.9828232526779175,0.9354645609855652,0.4162801106770833,0.4229634602864583
0,0.11683442443609238,0.8916224837303162,0.8017760515213013,0.14385986328125,0.08113606770833333
0,0.061717431992292404,0.8539127111434937,0.6357845664024353,0.07160441080729167,0.0
0,0.11499189585447311,0.9627432227134705,0.8696005940437317,0.144378662109375,0.10288492838541667
0,0.04036608710885048,0.7645402550697327,0.5036975741386414,0.030354817708333332,0.0
0,0.17597508430480957,0.8766343593597412,0.7793218493461609,0.2538045247395833,0.1380615234375
0,0.11655739694833755,0.9000037312507629,0.6945037245750427,0.16050211588541666,0.12093098958333333
0,0.15621249377727509,0.9313377141952515,0.8405170440673828,0.24688720703125,0.257110595703125
0,0.03017117641866207,0.7914988994598389,0.2736714482307434,0.010498046875,0.0
0,0.22537057101726532,0.9623913168907166,0.8856314420700073,0.3033955891927083,0.18888346354166666
0,0.13588929176330566,0.894789457321167,0.815966784954071,0.18089803059895834,0.173919677734375
0,0.09027121216058731,0.9293122291564941,0.8305941224098206,0.11731974283854167,0.0390625
0,0.013775561936199665,0.5723045468330383,0.1241004541516304,0.0016682942708333333,0.0
0,0.26169905066490173,0.9197867512702942,0.8563323616981506,0.369964599609375,0.160400390625
0,0.019910337403416634,0.8541562557220459,0.29380956292152405,0.012502034505208334,0.0
0,0.12215793132781982,0.8769508004188538,0.7369632720947266,0.15210978190104166,0.0
0,0.07602450996637344,0.941439151763916,0.6078360676765442,0.08885701497395833,0.0
0,0.07028702646493912,0.9300782084465027,0.8168451189994812,0.08648681640625,0.0
0,0.02766420692205429,0.5591095685958862,0.25590112805366516,0.0086669921875,0.0
0,0.04813135042786598,0.9465966820716858,0.725348174571991,0.052581787109375,0.0
0,0.13080459833145142,0.8600167632102966,0.7723590135574341,0.169525146484375,0.12032063802083333
0,0.007930222898721695,0.18403315544128418,0.05320325493812561,0.0,0.0
0,0.057122450321912766,0.8639664649963379,0.6920148134231567,0.06854248046875,0.0
0,0.1632411926984787,0.9625324606895447,0.8942365646362305,0.22236124674479166,0.18505859375
0,0.01815543696284294,0.9039745330810547,0.4709642231464386,0.016337076822916668,0.0
0,0.11954142898321152,0.8814108967781067,0.7029350399971008,0.21880086263020834,0.16874186197916666
0,0.09839262813329697,0.8960696458816528,0.7875998020172119,0.15781656901041666,0.15941365559895834
0,0.13559389114379883,0.8505927920341492,0.663883626461029,0.267791748046875,0.2567545572916667
0,0.02724597603082657,0.8895288109779358,0.591013491153717,0.028401692708333332,0.0
0,0.014920573681592941,0.5093982815742493,0.39975306391716003,0.021291097005208332,0.0
0,0.0015657910844311118,0.08374040573835373,0.009161027148365974,0.0,0.0
0,0.010411000810563564,0.9393594861030579,0.44198158383369446,0.011515299479166666,0.0
0,0.0051946938037872314,0.2538610100746155,0.07159119844436646,0.0,0.0
0,0.10716638714075089,0.9686195850372314,0.9150528311729431,0.13142903645833334,0.1395263671875
0,0.02613344043493271,0.4143655300140381,0.3361131250858307,0.0552978515625,0.0
0,0.05811664089560509,0.7788175344467163,0.5425888299942017,0.10715738932291667,0.0
0,0.03382658585906029,0.8216173648834229,0.6683360934257507,0.031300862630208336,0.0
0,0.039870038628578186,0.7331653833389282,0.47832807898521423,0.0389404296875,0.0
0,0.0026775598526000977,0.1718936413526535,0.024145422503352165,0.0,0.0
0,0.10089796781539917,0.79739910364151,0.6081287264823914,0.21169026692708334,0.11983235677083333
0,0.1502344161272049,0.9443824291229248,0.8681575655937195,0.22113037109375,0.2159423828125
0,0.014203403145074844,0.6161277890205383,0.27211835980415344,0.010325113932291666,0.0
0,0.5198885798454285,0.9977743029594421,0.9822876453399658,0.6515525328330206,0.6293738273921201
0,0.005314390640705824,0.4140101373195648,0.07185518741607666,0.000787037037037037,0.0
0,0.01878378540277481,0.7446563243865967,0.29199734330177307,0.012760416666666666,0.0
0,0.0986737608909607,0.9501341581344604,0.9102283716201782,0.126484375,0.09302083333333333
0,0.17098239064216614,0.9943799376487732,0.9839096665382385,0.19971354166666666,0.09984375
0,0.09494608640670776,0.9435559511184692,0.8211889863014221,0.127424,0.11405333333333334
0,0.013982698321342468,0.7157220840454102,0.12549343705177307,0.003178666666666667,0.0
0,0.006634035147726536,0.9776712656021118,0.08510056883096695,0.0064485677083333335,0.0
0,0.14908857643604279,0.9244152307510376,0.6490226984024048,0.28400956284153006,0.2964799635701275
0,0.06149359047412872,0.9551520943641663,0.6523521542549133,0.06795416666666666,0.0
0,0.10264608263969421,0.9877113699913025,0.791176438331604,0.12881151574803149,0.0
0,0.06819066405296326,0.98046875,0.8335957527160645,0.06457684824902724,0.022786964980544746
0,0.014234816655516624,0.9817706942558289,0.31753313541412354,0.011712062256809338,0.0
0,0.06350945681333542,0.9692660570144653,0.6934739351272583,0.06656666666666666,0.0
0,0.04356182739138603,0.9733928442001343,0.717902660369873,0.03664791666666667,0.0
0,0.032243452966213226,0.9518632292747498,0.7022238373756409,0.02710666023166023,0.0
0,0.06940878927707672,0.9997063279151917,0.9753431081771851,0.07194498069498069,0.017140444015444015
0,0.05209988355636597,0.9776285290718079,0.4402291476726532,0.05021718146718147,0.0
0,0.18435057997703552,0.7902066707611084,0.6113239526748657,0.38703447670463276,0.0
0,0.19579017162322998,0.9391365647315979,0.8426043391227722,0.3151551442569407,0.3252005080747596
0,0.07452518492937088,0.780829668045044,0.5786862969398499,0.14916666666666667,0.07383084577114428
0,0.20247843861579895,0.988711953163147,0.8996515870094299,0.30227709190672153,0.34497942386831276
0,0.13572606444358826,0.9509603977203369,0.8680456876754761,0.18513946044810242,0.19189300411522633
0,0.19061227142810822,0.9621075391769409,0.8629302382469177,0.2912894375857339,0.2865797896662094
0,0.036443475633859634,0.9181873202323914,0.563690185546875,0.030296228869741596,0.0
0,0.09498006105422974,0.9797453284263611,0.7977144718170166,0.10361581920903955,0.0
0,0.026881204918026924,0.8499711751937866,0.4182216227054596,0.0379625,0.0
0,0.21064002811908722,0.9813465476036072,0.9485372304916382,0.25842054925536273,0.23658696543243612
0,0.04799674451351166,0.9264369606971741,0.8150853514671326,0.057668050130208336,0.03729248046875
0,0.059202153235673904,0.91804039478302,0.7640123963356018,0.08809407552083333,0.041239420572916664
0,0.13932576775550842,0.8766343593597412,0.7399864792823792,0.23304239908854166,0.23346964518229166
0,0.00727192172780633,0.5148119330406189,0.10122815519571304,0.004862467447916667,0.0
0,0.0034573867451399565,0.14151853322982788,0.024516336619853973,0.0,0.0
0,0.007976788096129894,0.583025336265564,0.11318691074848175,0.0009358723958333334,0.0
0,0.010463431477546692,0.8872045874595642,0.291475772857666,0.010609944661458334,0.0
0,0.01986021175980568,0.8967949151992798,0.32209619879722595,0.013936360677083334,0.0
0,0.03927955403923988,0.692225992679596,0.47840559482574463,0.056111653645833336,0.0
0,0.003501522121950984,0.1856517344713211,0.0389750711619854,0.0,0.0
0,0.0034160614013671875,0.12885363399982452,0.015845362097024918,0.0,0.0
0,0.008188076317310333,0.8632764220237732,0.19069695472717285,0.008890787760416666,0.0
0,0.017533550038933754,0.9190633296966553,0.7157191038131714,0.018381754557291668,0.0
0,0.004439968150109053,0.1399831920862198,0.03868132084608078,0.0,0.0
0,0.00906891468912363,0.7723590135574341,0.16735471785068512,0.004852294921875,0.0
0,0.017632925882935524,0.8971559405326843,0.39682409167289734,0.012369791666666666,0.0
0,0.00952085293829441,0.46929222345352173,0.13061442971229553,0.0025227864583333335,0.0
0,0.004923008847981691,0.27212125062942505,0.049958519637584686,1.0172526041666666e-05,0.0
0,0.007483392953872681,0.4287715256214142,0.07517234236001968,0.0005086263020833334,0.0
0,0.03794553130865097,0.7602949142456055,0.5862860083580017,0.04248046875,0.0
0,0.04432462528347969,0.942081868648529,0.7390459179878235,0.041880289713541664,0.0
0,0.17934222519397736,0.9049869179725647,0.8403899669647217,0.27227783203125,0.2888081868489583
0,0.16862408816814423,0.8364209532737732,0.7201715111732483,0.2657877604166667,0.16973876953125
0,0.038500476628541946,0.8010035157203674,0.4693807065486908,0.04150390625,0.0
0,0.11259061843156815,0.9799765348434448,0.9428202509880066,0.14683024088541666,0.037750244140625
0,0.06944825500249863,0.967100977897644,0.8942365646362305,0.07757568359375,0.036844889322916664
0,0.05764452740550041,0.8864204287528992,0.7615385055541992,0.07060750325520833,0.06060791015625
0,0.01386218797415495,0.693784236907959,0.16518467664718628,0.0047607421875,0.0
0,0.01565822772681713,0.895339846611023,0.28986191749572754,0.010650634765625,0.0
0,0.03720470145344734,0.8764230012893677,0.49700286984443665,0.04620361328125,0.0
0,0.030132167041301727,0.9650533199310303,0.9020881056785583,0.029866536458333332,0.027720133463541668
0,0.18583178520202637,0.974821150302887,0.9149009585380554,0.2996012369791667,0.283538818359375
0,0.05907875671982765,0.9623913168907166,0.8440237045288086,0.07297770182291667,0.0
0,0.05868944525718689,0.9708540439605713,0.8428592681884766,0.056477864583333336,0.0
0,0.055783674120903015,0.8901033401489258,0.7479842901229858,0.071075439453125,0.0
0,0.05094446241855621,0.8749346137046814,0.472408264875412,0.07570393880208333,0.0
0,0.07228246331214905,0.819604754447937,0.6273772716522217,0.1077880859375,0.0
0,0.005220502149313688,0.24148938059806824,0.035813190042972565,0.0,0.0
0,0.014569100923836231,0.7160201072692871,0.1696767359972,0.005666097005208333,0.0
0,0.023701950907707214,0.793105959892273,0.41092297434806824,0.018625895182291668,0.0
0,0.02800959348678589,0.5460725426673889,0.41034093499183655,0.040283203125,0.0
0,0.022408418357372284,0.8510885834693909,0.593894898891449,0.024119059244791668,0.0
0,0.09117256850004196,0.842215359210968,0.7082064747810364,0.153350830078125,0.1041259765625
0,0.013235338032245636,0.8887588381767273,0.41731834411621094,0.012685139973958334,0.0
0,0.002429189160466194,0.41685599088668823,0.017712298780679703,0.0005086263020833334,0.0
0,0.11272776126861572,0.9056565761566162,0.7461334466934204,0.16216023763020834,0.07059733072916667
0,0.011898118071258068,0.575289785861969,0.2223622351884842,0.0035196940104166665,0.0
0,0.003686825977638364,0.28806814551353455,0.037047166377305984,3.0517578125e-05,0.0
0,0.018629955127835274,0.9816303849220276,0.4009024202823639,0.012034098307291666,0.0
0,0.017417406663298607,0.6448963284492493,0.2395218461751938,0.007863362630208334,0.0
0,0.009386521764099598,0.5451949238777161,0.11162799596786499,0.004892985026041667,0.0
0,0.0009234407916665077,0.027066174894571304,0.007260022684931755,0.0,0.0
0,0.005877863150089979,0.4740528464317322,0.13672016561031342,0.0016886393229166667,0.0
0,0.029301149770617485,0.5967856645584106,0.39022430777549744,0.029225667317708332,0.0
0,0.020539600402116776,0.9663469791412354,0.7924497723579407,0.023610432942708332,0.008758544921875
0,0.15147732198238373,0.9723097085952759,0.9170058369636536,0.20304361979166666,0.167083740234375
0,0.011181943118572235,0.7186931371688843,0.083586186170578,0.002838134765625,0.0
0,0.005374940112233162,0.07423137128353119,0.025371311232447624,0.0,0.0
0,0.07714194059371948,0.8975157737731934,0.8063910603523254,0.10219319661458333,0.071533203125
0,0.03777817264199257,0.9095863103866577,0.7399864792823792,0.050089518229166664,0.015380859375
0,0.010226539336144924,0.8912444114685059,0.11960750073194504,0.006907145182291667,0.0
0,0.0032854473683983088,0.42280250787734985,0.03179866820573807,0.00016276041666666666,0.0
0,0.00453187944367528,0.3557749092578888,0.04867657274007797,0.00014241536458333334,0.0
0,0.11293166875839233,0.891999363899231,0.8110737204551697,0.18016560872395834,0.16425577799479166
0,0.04846632108092308,0.9367494583129883,0.779316782951355,0.059580485026041664,0.0367431640625
0,0.020911984145641327,0.9059898257255554,0.5764805674552917,0.025533040364583332,0.0
0,0.11537189036607742,0.7435405850410461,0.613582193851471,0.21924845377604166,0.200927734375
0,0.11984789371490479,0.8180109858512878,0.6405234336853027,0.215850830078125,0.17435709635416666
0,0.012074184603989124,0.9450961351394653,0.3093303143978119,0.011260986328125,0.0
0,0.029763275757431984,0.9797840118408203,0.8008431792259216,0.030598958333333332,0.0
0,0.035816386342048645,0.8175745010375977,0.5545819997787476,0.033223470052083336,0.0
0,0.01989840902388096,0.9617499113082886,0.7485030293464661,0.0218505859375,0.0
0,0.02700616605579853,0.8765287399291992,0.437641441822052,0.028544108072916668,0.0
0,0.005247686058282852,0.7405498027801514,0.02474955841898918,0.005340576171875,0.0
0,0.003006019862368703,0.26020145416259766,0.018652450293302536,0.0,0.0
0,0.002074743388220668,0.3396085798740387,0.023021256551146507,9.1552734375e-05,0.0
0,0.022552119567990303,0.7263285517692566,0.5072119832038879,0.036916097005208336,0.0
0,0.004924402106553316,0.26189687848091125,0.06954174488782883,0.0,0.0
0,0.01694287173449993,0.9244152307510376,0.6587436199188232,0.021291097005208332,0.0
0,0.0033818946685642004,0.5105956792831421,0.04208773002028465,0.0012308756510416667,0.0
0,0.017478013411164284,0.5337316393852234,0.33523547649383545,0.025522867838541668,0.0
0,0.06377987563610077,0.9706321954727173,0.905646562576294,0.078277587890625,0.0
0,0.11288829892873764,0.9171544313430786,0.8010035157203674,0.177703857421875,0.14304606119791666
0,0.0035827194806188345,0.4935687780380249,0.05833941698074341,0.0006205240885416666,0.0
0,0.005326410289853811,0.6625781655311584,0.09219619631767273,0.004364013671875,0.0
0,0.02952602319419384,0.6085940003395081,0.3891982436180115,0.039896647135416664,0.0
0,0.004392212722450495,0.5406813621520996,0.052618954330682755,0.0008443196614583334,0.0
0,0.006832458078861237,0.39227864146232605,0.08647765219211578,0.0007222493489583334,0.0
0,0.0020295577123761177,0.03126191347837448,0.011072159744799137,0.0,0.0
0,0.007062751799821854,0.6266955137252808,0.07263670861721039,0.00274658203125,0.0
0,0.0407358855009079,0.731250524520874,0.49438270926475525,0.06550089518229167,0.0
0,0.0016891207778826356,0.05602938309311867,0.012722708284854889,0.0,0.0
0,0.01759312115609646,0.6271523237228394,0.3366580903530121,0.015096028645833334,0.0
0,0.0023383742664009333,0.06791666895151138,0.01764446310698986,0.0,0.0
0,0.04065879061818123,0.8253083229064941,0.6047351360321045,0.043609619140625,0.0
0,0.014926709234714508,0.7932661771774292,0.30975088477134705,0.011617024739583334,0.0
0,0.0036720868665724993,0.0714614987373352,0.03327394276857376,0.0,0.0
0,0.16987521946430206,0.9302051067352295,0.851582944393158,0.2344970703125,0.232177734375
0,0.050395894795656204,0.9566342234611511,0.8726699352264404,0.057840983072916664,0.0
0,0.02770993858575821,0.9355823397636414,0.6946952939033508,0.020345052083333332,0.0
0,0.05291407182812691,0.8858291506767273,0.5910671949386597,0.08646647135416667,0.0
0,0.1819075345993042,0.934634268283844,0.8576489090919495,0.24988810221354166,0.12256876627604167
0,0.003160664811730385,0.13799647986888885,0.017576880753040314,0.0,0.0
0,0.20960576832294464,0.9798226952552795,0.9473810195922852,0.2826741536458333,0.19916788736979166
0,0.03168180212378502,0.9460012316703796,0.5182253122329712,0.02752685546875,0.0
0,0.002918017329648137,0.7121320962905884,0.036354612559080124,0.0005391438802083334,0.0
0,0.0021735297050327063,0.30881521105766296,0.022801334038376808,7.120768229166667e-05,0.0
0,0.14053229987621307,0.9689738154411316,0.8801774382591248,0.19390869140625,0.1077880859375
0,0.16228266060352325,0.8794577121734619,0.7849790453910828,0.24836222330729166,0.07096354166666667
0,0.010268710553646088,0.9317114353179932,0.3095296323299408,0.010762532552083334,0.0
0,0.025404714047908783,0.671901285648346,0.3881540596485138,0.027140299479166668,0.0
0,0.0070556034334003925,0.5164430737495422,0.09089192003011703,0.0052490234375,0.0
0,0.008620384149253368,0.7869504690170288,0.20102311670780182,0.006479899088541667,0.0
0,0.02620653808116913,0.8022459149360657,0.4790339171886444,0.052480061848958336,0.0
0,0.013276644982397556,0.8299059271812439,0.3271145820617676,0.011962890625,0.0
0,0.0068749631755054,0.6858443021774292,0.1291762739419937,0.005126953125,0.0
0,0.02580355666577816,0.5824316740036011,0.38087233901023865,0.027272542317708332,0.0
0,0.03998574614524841,0.8991213440895081,0.4903327226638794,0.072540283203125,0.0
0,0.0036653056740760803,0.3289604187011719,0.03327394276857376,5.0862630208333336e-05,0.0
0,0.004134597256779671,0.19345194101333618,0.05370030552148819,0.0,0.0
0,0.0506700836122036,0.6809847354888916,0.5665581822395325,0.07435099283854167,0.0
0,0.0667794868350029,0.6068480014801025,0.5185609459877014,0.12282307942708333,0.0
0,0.0037930833641439676,0.26549941301345825,0.03210070729255676,0.0,0.0
0,0.022585956379771233,0.8279673457145691,0.40403175354003906,0.0345458984375,0.0
0,0.06934075802564621,0.9883127808570862,0.9261663556098938,0.09407552083333333,0.017923990885416668
0,0.0020768677350133657,0.052814021706581116,0.014899643138051033,0.0,0.0
0,0.002078910591080785,0.5794004201889038,0.024516336619853973,0.00054931640625,0.0
0,0.039669666439294815,0.7767922878265381,0.5961980819702148,0.07103474934895833,0.0
0,0.0494314543902874,0.7457688450813293,0.5816577672958374,0.08565266927083333,0.051472981770833336
0,0.03453057259321213,0.7916600704193115,0.5837337374687195,0.049265543619791664,0.0
0,0.06811989098787308,0.7947037816047668,0.642432451248169,0.12027994791666667,0.10257975260416667
0,0.020928561687469482,0.9280183911323547,0.7067949175834656,0.021535237630208332,0.0
0,0.08828651160001755,0.9356999397277832,0.8193157911300659,0.10921223958333333,0.0
0,0.07621630281209946,0.8030194044113159,0.6257777214050293,0.13094075520833334,0.11301676432291667
0,0.11485482007265091,0.8698251843452454,0.7401687502861023,0.14640299479166666,0.0
0,0.10886594653129578,0.9902161359786987,0.9423975944519043,0.135040283203125,0.075775146484375
0,0.004583240021020174,0.3000272810459137,0.08865761756896973,0.0001220703125,0.0
0,0.0053305416367948055,0.8068526387214661,0.04418085142970085,0.0027974446614583335,0.0
0,0.07173190265893936,0.8115267157554626,0.6214835047721863,0.13429768880208334,0.1112060546875
0,0.13391312956809998,0.9248236417770386,0.7041601538658142,0.237701416015625,0.18257649739583334
0,0.006063207983970642,0.4789096415042877,0.041852131485939026,0.0008544921875,0.0
0,0.006345229689031839,0.5991920232772827,0.07184736430644989,0.0016988118489583333,0.0
0,0.003757842117920518,0.08819004148244858,0.027013253420591354,0.0,0.0
0,0.001675927545875311,0.1173696517944336,0.015483987517654896,0.0,0.0
0,0.00494026904925704,0.8010035157203674,0.04867386072874069,0.0024617513020833335,0.0
0,0.0015197141328826547,0.5884753465652466,0.010570489801466465,0.0003255208333333333,0.0
0,0.003923311363905668,0.20946967601776123,0.03622005507349968,0.0,0.0
0,0.058578234165906906,0.8453050851821899,0.6162974834442139,0.078582763671875,0.0
0,0.05448384955525398,0.977022647857666,0.8497107028961182,0.058797200520833336,0.0
0,0.037886202335357666,0.8651101589202881,0.5110795497894287,0.040181477864583336,0.0
0,0.05255039036273956,0.9617499113082886,0.6960616707801819,0.083831787109375,0.0
0,0.051954057067632675,0.7157220840454102,0.5541077256202698,0.08513387044270833,0.0
0,0.1379387527704239,0.9797840118408203,0.829211413860321,0.19576009114583334,0.0
0,0.06562308222055435,0.9116528034210205,0.675550639629364,0.103240966796875,0.0
0,0.048241663724184036,0.8602518439292908,0.5855141878128052,0.04718017578125,0.0
0,0.013893014751374722,0.6784334778785706,0.40608569979667664,0.02178955078125,0.0
0,0.09666983038187027,0.666496753692627,0.5565201044082642,0.17722574869791666,0.0
0,0.07347384095191956,0.9562273025512695,0.7481683492660522,0.12851969401041666,0.0
0,0.010911300778388977,0.5075830221176147,0.2666378915309906,0.00994873046875,0.0
0,0.09936493635177612,0.8875949382781982,0.802710235118866,0.14100138346354166,0.07845052083333333
0,0.2251323014497757,0.9837850332260132,0.948534369468689,0.3839518229166667,0.3937479654947917
0,0.007282422389835119,0.5250796675682068,0.11696558445692062,0.0011393229166666667,0.0
0,0.024632060900330544,0.5476152896881104,0.29614511132240295,0.019134521484375,0.0
0,0.022495271638035774,0.8350804448127747,0.3234645128250122,0.012451171875,0.0
0,0.2257838398218155,0.9685006141662598,0.944587230682373,0.3506062825520833,0.3959554036458333
0,0.11951848119497299,0.9890130758285522,0.8504685759544373,0.200469970703125,0.1146240234375
0,0.020779035985469818,0.9878528118133545,0.2645426094532013,0.009735107421875,0.0
0,0.04350852593779564,0.659624457359314,0.5427117943763733,0.056996663411458336,0.0
0,0.050198033452034,0.9014011025428772,0.5557194948196411,0.053558349609375,0.0
0,0.014202837832272053,0.5075563192367554,0.17780660092830658,0.0031636555989583335,0.0
0,0.007545603439211845,0.5108396410942078,0.13329559564590454,0.005584716796875,0.0
0,0.08848411589860916,0.6669307947158813,0.5690727233886719,0.12836710611979166,0.0
0,0.03186413645744324,0.9125921130180359,0.6486856341362,0.045155843098958336,0.0
0,0.0440780334174633,0.9599877595901489,0.7880845665931702,0.046396891276041664,0.0
0,0.04301713407039642,0.6084195971488953,0.5120209455490112,0.048675537109375,0.0
0,0.05348658934235573,0.9076402187347412,0.6114382743835449,0.059295654296875,0.0
0,0.058112982660532,0.8622356653213501,0.61555016040802,0.06312052408854167,0.0
0,0.02938048541545868,0.933552086353302,0.6656181812286377,0.033772786458333336,0.0
0,0.12036436051130295,0.8449215292930603,0.7011957168579102,0.18817138671875,0.0
0,0.010753284208476543,0.5782696008682251,0.14282506704330444,0.0021870930989583335,0.0
0,0.01073176134377718,0.776114284992218,0.21468646824359894,0.007191975911458333,0.0
0,0.222781240940094,0.929568350315094,0.8862236142158508,0.3109334309895833,0.30908203125
0,0.002400397090241313,0.3391706645488739,0.026656221598386765,8.138020833333333e-05,0.0
0,0.02348390966653824,0.7129322290420532,0.3883228302001953,0.020894368489583332,0.0
0,0.014375708065927029,0.7689067125320435,0.3847352862358093,0.016082763671875,0.0
0,0.01816408708691597,0.39875760674476624,0.19329503178596497,0.0029398600260416665,0.0
0,0.025898294523358345,0.5905430912971497,0.4520502984523773,0.030008951822916668,0.0
0,0.007369592785835266,0.703345775604248,0.10158944875001907,0.0013224283854166667,0.0
0,0.01911075972020626,0.8219034671783447,0.3026939928531647,0.012227376302083334,0.0
0,0.013422752730548382,0.4500270187854767,0.24889914691448212,0.0081787109375,0.0
0,0.011555406264960766,0.8453050851821899,0.167763352394104,0.00653076171875,0.0
0,0.012864981777966022,0.9988752007484436,0.381586492061615,0.012420654296875,0.0
0,0.006866907235234976,0.36364689469337463,0.07504072040319443,0.0014241536458333333,0.0
0,0.12297659367322922,0.8419556617736816,0.7107256650924683,0.22308349609375,0.21604410807291666
0,0.008790244348347187,0.9212159514427185,0.1440284252166748,0.007090250651041667,0.0
0,0.013066932559013367,0.788257360458374,0.19759924709796906,0.006235758463541667,0.0
0,0.025448517873883247,0.8816148638725281,0.604163646697998,0.030802408854166668,0.0
0,0.022452855482697487,0.588297963142395,0.33283931016921997,0.020426432291666668,0.0
0,0.04606269672513008,0.6603914499282837,0.5436490178108215,0.07000732421875,0.0
0,0.011857218109071255,0.7978719472885132,0.16667540371418,0.0035400390625,0.0
0,0.07188709825277328,0.9252299070358276,0.8094266653060913,0.10508219401041667,0.1031494140625
0,0.0037329858168959618,0.5691941976547241,0.02843441627919674,0.0005594889322916666,0.0
0,0.16714642941951752,0.7133318185806274,0.6035194993019104,0.2906087239583333,0.3125406901041667
0,0.00646861270070076,0.10484336316585541,0.045183755457401276,0.0,0.0
0,0.122430719435215,0.8260111808776855,0.6836307048797607,0.19779459635416666,0.18223063151041666
0,0.01973501779139042,0.9317114353179932,0.7251594066619873,0.022491455078125,0.016957600911458332
0,0.02365233562886715,0.9161096215248108,0.6219325065612793,0.024200439453125,0.0
0,0.12839649617671967,0.8227594494819641,0.6674728393554688,0.24698893229166666,0.2758687337239583
0,0.03337111696600914,0.612831175327301,0.3937876522541046,0.044423421223958336,0.0
0,0.19530455768108368,0.9623205661773682,0.8598991632461548,0.2846272786458333,0.3275349934895833
0,0.041163187474012375,0.91804039478302,0.6801323294639587,0.05426025390625,0.0
0,0.08136385679244995,0.8902942538261414,0.6018738150596619,0.119537353515625,0.0
0,0.035676758736371994,0.85500568151474,0.48942720890045166,0.031239827473958332,0.0
0,0.06769312173128128,0.7210562229156494,0.5213631987571716,0.09510294596354167,0.0
0,0.07834222167730331,0.907967209815979,0.7157191038131714,0.1263427734375,0.0
0,0.0020931267645210028,0.15533456206321716,0.012100386433303356,0.0,0.0
0,0.03313938528299332,0.5885935425758362,0.4686063826084137,0.038279215494791664,0.0
0,0.05807744339108467,0.9606574773788452,0.8312800526618958,0.055857340494791664,0.0
0,0.13369132578372955,0.720466673374176,0.591013491153717,0.22688802083333334,0.15633138020833334
0,0.013508698903024197,0.8060905337333679,0.23739908635616302,0.008158365885416666,0.0
0,0.037831615656614304,0.9844563603401184,0.8223232626914978,0.050913492838541664,0.0
0,0.029369307681918144,0.7232117056846619,0.39291906356811523,0.023956298828125,0.0
0,0.003903336822986603,0.2133771777153015,0.04092230647802353,0.0,0.0
0,0.014101147651672363,0.7244806289672852,0.3426748812198639,0.014638264973958334,0.0
0,0.1274554282426834,0.8780007362365723,0.6681228280067444,0.20503743489583334,0.14493815104166666
0,0.05195898190140724,0.6375951170921326,0.4999970495700836,0.07375081380208333,0.0
0,0.027572497725486755,0.6520198583602905,0.433619886636734,0.043914794921875,0.0
0,0.004006603732705116,0.13432106375694275,0.05023736134171486,0.0,0.0
0,0.025759512558579445,0.7558172941207886,0.43950045108795166,0.024698893229166668,0.0
0,0.026945235207676888,0.8485961556434631,0.5730776190757751,0.033213297526041664,0.0
0,0.04324537515640259,0.7796576023101807,0.5709259510040283,0.07161458333333333,0.0
0,0.023654239252209663,0.8039445281028748,0.3601446747779846,0.01678466796875,0.0
0,0.05268045887351036,0.8860265612602234,0.7168107032775879,0.06578572591145833,0.0
0,0.10568135976791382,0.8598991632461548,0.7091198563575745,0.15972900390625,0.059814453125
0,0.051302120089530945,0.8929365277290344,0.7590468525886536,0.06291707356770833,0.039510091145833336
0,0.06481665372848511,0.9852146506309509,0.8002240657806396,0.07792154947916667,0.0
0,0.024322668090462685,0.9216402173042297,0.42192399501800537,0.022084554036458332,0.0
0,0.0470118410885334,0.7516481280326843,0.5208004713058472,0.046630859375,0.0
0,0.07465816289186478,0.8868131041526794,0.7527403235435486,0.079345703125,0.0
0,0.025434011593461037,0.8227594494819641,0.3266977071762085,0.013407389322916666,0.0
0,0.03615161404013634,0.8356177806854248,0.49755120277404785,0.025472005208333332,0.0
0,0.003479752689599991,0.08404061198234558,0.02748069353401661,0.0,0.0
0,0.17585593461990356,0.9270997643470764,0.8649927377700806,0.254730224609375,0.15720621744791666
0,0.03374415636062622,0.9203612804412842,0.7010933756828308,0.038431803385416664,0.0
0,0.2304518222808838,0.9908034801483154,0.8705973029136658,0.34808349609375,0.380340576171875
0,0.03903678432106972,0.8333246111869812,0.568414032459259,0.041371663411458336,0.0
0,0.023358451202511787,0.7169128060340881,0.5669161081314087,0.029713948567708332,0.0
0,0.16412924230098724,0.9539660811424255,0.8337311148643494,0.22676595052083334,0.022288004557291668
0,0.0042470404878258705,0.6657366752624512,0.042245496064424515,0.00054931640625,0.0
0,0.23111839592456818,0.9993809461593628,0.9457982182502747,0.313140869140625,0.14348347981770834
0,0.00357078923843801,0.4784527122974396,0.026506125926971436,0.0002848307291666667,0.0
0,0.10017430782318115,0.9161096215248108,0.7718383073806763,0.150482177734375,0.0
0,0.03341980651021004,0.8480936288833618,0.6440012454986572,0.037862141927083336,0.0
0,0.01356277521699667,0.399635910987854,0.20624901354312897,0.0031941731770833335,0.0
0,0.08227240294218063,0.9886244535446167,0.908450722694397,0.08481852213541667,0.043039957682291664
0,0.040084823966026306,0.7245780229568481,0.46805837750434875,0.052703857421875,0.0
0,0.019030433148145676,0.9680808186531067,0.640012800693512,0.015177408854166666,0.0
0,0.14351660013198853,0.9955834746360779,0.9773707389831543,0.16973876953125,0.02984619140625
0,0.026286253705620766,0.914290726184845,0.5334822535514832,0.027720133463541668,0.0
0,0.11209592968225479,0.8916224837303162,0.7373473048210144,0.13676961263020834,0.0
0,0.029354527592658997,0.5301300883293152,0.39875760674476624,0.038248697916666664,0.0
0,0.27070513367652893,0.9759464263916016,0.9159609079360962,0.37948333333333334,0.15108333333333332
0,0.11227578669786453,0.5817784070968628,0.42375606298446655,0.253212890625,0.0
0,0.10507270693778992,0.6788594126701355,0.5357664227485657,0.20390625,0.0
0,0.03023526258766651,0.9681411385536194,0.5004147291183472,0.03271484375,0.0
0,0.1779194325208664,0.8680456876754761,0.5570623278617859,0.370908203125,0.1678125
0,0.029493624344468117,0.9435559511184692,0.5616968870162964,0.028746666666666667,0.0
0,0.04746663197875023,0.9599877595901489,0.7164924144744873,0.055196126302083336,0.0
0,0.04728620871901512,0.9029524326324463,0.755636990070343,0.0550537109375,0.0
0,0.06911972910165787,0.9433475732803345,0.7659331560134888,0.07908121744791667,0.0
0,0.28355005383491516,0.9985895752906799,0.988447368144989,0.3653055826822917,0.3227742513020833
0,0.08443693071603775,0.9962051510810852,0.898405134677887,0.09348551432291667,0.017415364583333332
0,0.03653695061802864,0.5365557670593262,0.3915769159793854,0.032145182291666664,0.0
0,0.15219831466674805,0.9898303151130676,0.823470413684845,0.18750241312741311,0.02194256756756757
0,0.3847180902957916,0.9958980679512024,0.9519526958465576,0.5396329365079365,0.49899553571428573
0,0.12752646207809448,0.8665847778320312,0.619025707244873,0.19538397675383976,0.0
0,0.012636051513254642,0.9519526958465576,0.3424692451953888,0.010874125874125874,0.0
0,0.07293771952390671,0.987375020980835,0.8558511734008789,0.09355191256830601,0.0
0,0.008363651111721992,0.9460012316703796,0.08123078942298889,0.008110123315170633,0.0
0,0.01475882064551115,0.9826908707618713,0.5147592425346375,0.015486494336334592,0.0
0,0.3896089494228363,0.9899476170539856,0.956063449382782,0.5218623875516655,0.6238025771942621
0,0.011898262426257133,0.9156582355499268,0.43080633878707886,0.014212271973466003,0.0
0,0.49666815996170044,0.9986698627471924,0.9738444089889526,0.6898483166851647,0.7126655567887532
0,0.5668424367904663,0.9939496517181396,0.9772841930389404,0.7412698412698413,0.8501058201058201
0,0.6960649490356445,0.9957684278488159,0.9717789888381958,0.875109649122807,0.9349561403508772
0,0.29743537306785583,0.9953904151916504,0.9464978575706482,0.41520390070921986,0.3698271276595745
0,0.15592651069164276,0.9946150183677673,0.9337939620018005,0.2035987544483986,0.1071085409252669
0,0.2369774430990219,0.9342753291130066,0.8474634885787964,0.3377977386598076,0.21995150443426306
0,0.12057812511920929,0.9870296716690063,0.87716144323349,0.1495564892623716,0.04649393090569561
0,0.18583127856254578,0.9421883225440979,0.8550747036933899,0.24493607836626266,0.1145193425203387
0,0.10141231119632721,0.958304226398468,0.8200374841690063,0.1187185800759208,0.0
0,0.43146631121635437,0.9927672147750854,0.9677167534828186,0.5760204081632653,0.6921301020408164
0,0.46003392338752747,0.9969125986099243,0.9674102663993835,0.6380699233716475,0.7291570881226054
0,0.2759999930858612,0.9856076240539551,0.9322068691253662,0.3757684555303603,0.360314310909549
0,0.1658691018819809,0.9965969920158386,0.8419569730758667,0.22733958333333334,0.03193541666666667
0,0.3455345034599304,0.9942920207977295,0.9495759606361389,0.46497916666666667,0.42589375
0,0.16037453711032867,0.9828232526779175,0.889720618724823,0.19840416666666666,0.06983541666666666
0,0.05813639238476753,0.9820137619972229,0.8927496671676636,0.0573755787037037,0.021342592592592594
0,0.4883441925048828,0.9974689483642578,0.9750598073005676,0.6400009827647629,0.7238062479269806
0,0.03667087480425835,0.9754368662834167,0.819451630115509,0.043863932291666664,0.0
0,0.0031159936916083097,0.05997643992304802,0.014063626527786255,0.0,0.0
0,0.19679586589336395,0.8683809638023376,0.7647159099578857,0.30126953125,0.2558492024739583
0,0.10594955831766129,0.9071478247642517,0.7683857679367065,0.13405354817708334,0.0
0,0.09628338366746902,0.889720618724823,0.6914942264556885,0.135040283203125,0.0
0,0.18689389526844025,0.9845753908157349,0.9486324787139893,0.23960367838541666,0.09604899088541667
0,0.0517859049141407,0.9400236010551453,0.8271310925483704,0.057261149088541664,0.0
0,0.07406091690063477,0.9100669622421265,0.7134315967559814,0.091644287109375,0.0
0,0.0025954146403819323,0.01590639352798462,0.007431773468852043,0.0,0.0
0,0.0025479805190116167,0.4713144898414612,0.019050901755690575,0.0003255208333333333,0.0
0,0.003684965195134282,0.10123348236083984,0.019159607589244843,0.0,0.0
0,0.21916474401950836,0.9192084670066833,0.8459424376487732,0.312255859375,0.23014322916666666
0,0.12263449281454086,0.9649873375892639,0.8745065331459045,0.14372762044270834,0.050679524739583336
0,0.04647493362426758,0.8362873792648315,0.46921730041503906,0.055633544921875,0.0
0,0.05694678798317909,0.9788343906402588,0.896975576877594,0.055399576822916664,0.0
0,0.09528770297765732,0.9940428137779236,0.9082832932472229,0.12092081705729167,0.0772705078125
0,0.11639408022165298,0.9865716695785522,0.9351063370704651,0.1417236328125,0.040273030598958336
0,0.008692579343914986,0.7365901470184326,0.12452887743711472,0.00372314453125,0.0
0,0.04119333624839783,0.9769347906112671,0.6948081254959106,0.036936442057291664,0.0
0,0.17818479239940643,0.9591543078422546,0.9059898257255554,0.23193359375,0.07982381184895833
0,0.047651272267103195,0.8715841770172119,0.6014109253883362,0.0458984375,0.0
0,0.06073403358459473,0.6622506380081177,0.5102198719978333,0.051289876302083336,0.0
0,0.17947328090667725,0.8635067343711853,0.6644314527511597,0.3483072916666667,0.2850545247395833
0,0.06504132598638535,0.8622356653213501,0.5877065062522888,0.061279296875,0.0
0,0.05528808757662773,0.916857123374939,0.7511008381843567,0.059488932291666664,0.0
0,0.048921894282102585,0.9717254042625427,0.8565725088119507,0.046478271484375,0.0
0,0.005358968395739794,0.2628418207168579,0.05033063143491745,0.0,0.0
0,0.06681511551141739,0.9303317666053772,0.7793218493461609,0.07555135091145833,0.0
0,0.22288888692855835,0.9532750844955444,0.9069831967353821,0.2852884928385417,0.23821004231770834
0,0.0041724867187440395,0.11818140745162964,0.021043362095952034,0.0,0.0
0,0.09216060489416122,0.9282788634300232,0.8369547128677368,0.11240641276041667,0.0
0,0.09146497398614883,0.9562273025512695,0.8541562557220459,0.11739095052083333,0.031473795572916664
0,0.14999356865882874,0.9758545756340027,0.8427298665046692,0.20360310872395834,0.0
0,0.012545677833259106,0.6234915256500244,0.2324843406677246,0.007344563802083333,0.0
0,0.03879408910870552,0.7932661771774292,0.4611032009124756,0.0234375,0.0
0,0.06288257241249084,0.9703524708747864,0.900174081325531,0.07464599609375,0.0
0,0.007015414535999298,0.6857390403747559,0.07107366621494293,0.0018513997395833333,0.0
0,0.01293999794870615,0.9840936064720154,0.38368862867355347,0.013397216796875,0.0
0,0.16551320254802704,0.9199306964874268,0.8464508652687073,0.23750813802083334,0.12640380859375
0,0.04100785031914711,0.914290726184845,0.6958457231521606,0.051381429036458336,0.0
0,0.04382016137242317,0.9044819474220276,0.7126203179359436,0.046356201171875,0.0
0,0.024490712210536003,0.8840392827987671,0.53218013048172,0.029042561848958332,0.0
0,0.01087426021695137,0.394784152507782,0.09154439717531204,0.0004679361979166667,0.0
0,0.00314153335057199,0.0699218362569809,0.019086338579654694,0.0,0.0
0,0.0336221344769001,0.8525676131248474,0.5612677335739136,0.037526448567708336,0.0
0,0.05684633180499077,0.9848692417144775,0.9145963191986084,0.062591552734375,0.0
0,0.004794641397893429,0.33676713705062866,0.08570928126573563,0.00018310546875,0.0
0,0.004502600524574518,0.4008079767227173,0.04509957134723663,0.00011189778645833333,0.0
0,0.006795863155275583,0.45571330189704895,0.07807817310094833,0.0008646647135416666,0.0
0,0.021821975708007812,0.8553685545921326,0.41725897789001465,0.0186767578125,0.0
0,0.118197500705719,0.8722385764122009,0.7568970322608948,0.16565958658854166,0.13899739583333334
0,0.025722308084368706,0.7420480251312256,0.446816623210907,0.022430419921875,0.0
0,0.006190332118421793,0.6489114165306091,0.08694165199995041,0.0014750162760416667,0.0
0,0.06424971669912338,0.9785493016242981,0.8801805377006531,0.08198038736979167,0.036092122395833336
0,0.286048948764801,0.9736446738243103,0.9103862047195435,0.4189554850260417,0.4600423177083333
0,0.016718409955501556,0.8648820519447327,0.44735705852508545,0.013987223307291666,0.0
0,0.012899230234324932,0.7318258881568909,0.1994638741016388,0.0068359375,0.0
0,0.01130868960171938,0.8624675869941711,0.16885694861412048,0.007049560546875,0.0
0,0.0601370595395565,0.8637367486953735,0.654336154460907,0.059763590494791664,0.0
0,0.007251807022839785,0.45162883400917053,0.08755915611982346,0.000732421875,0.0
0,0.0018112006364390254,0.04655127227306366,0.01374231930822134,0.0,0.0
0,0.24681897461414337,0.9464978575706482,0.8683809638023376,0.4182942708333333,0.4130452473958333
0,0.004408922046422958,0.7245780229568481,0.02722090110182762,0.001953125,0.0
0,0.1374138593673706,0.9210741519927979,0.7496374249458313,0.18544514973958334,0.103485107421875
0,0.10363907366991043,0.9155072569847107,0.75743567943573,0.135162353515625,0.0
0,0.07842560857534409,0.5288223624229431,0.425603449344635,0.14960734049479166,0.0
0,0.01884276792407036,0.8734309077262878,0.48481041193008423,0.01788330078125,0.0
0,0.016807932406663895,0.8268516659736633,0.3989811837673187,0.013844807942708334,0.0
0,0.06112204119563103,0.9385759830474854,0.8174288272857666,0.061309814453125,0.033091227213541664
0,0.02562432736158371,0.7373473048210144,0.34842005372047424,0.018412272135416668,0.0
0,0.027178697288036346,0.7065955400466919,0.33883586525917053,0.016703287760416668,0.0
0,0.007758250460028648,0.689723789691925,0.12304913252592087,0.002777099609375,0.0
0,0.06366834044456482,0.9270997643470764,0.7801604270935059,0.07454427083333333,0.0
0,0.3280922472476959,0.9369805455207825,0.8864204287528992,0.4747212727864583,0.473114013671875
0,0.062177401036024094,0.8738621473312378,0.5923111438751221,0.0694580078125,0.0
0,0.13144315779209137,0.9139840602874756,0.8083699941635132,0.17970784505208334,0.0380859375
0,0.050013065338134766,0.9912885427474976,0.8964219689369202,0.053192138671875,0.016164143880208332
0,0.022091761231422424,0.7468782067298889,0.2843712866306305,0.011250813802083334,0.0
0,0.2628948390483856,0.9674102663993835,0.8574066758155823,0.3851318359375,0.4144795735677083
0,0.08103728294372559,0.9933846592903137,0.9714016318321228,0.08986409505208333,0.050710042317708336
0,0.004807066638022661,0.2854715585708618,0.029423579573631287,4.0690104166666664e-05,0.0
0,0.0504743866622448,0.9906600117683411,0.8632764220237732,0.059611002604166664,0.0
0,0.14880870282649994,0.9740919470787048,0.8777819275856018,0.17821248372395834,0.10788981119791667
0,0.4202929437160492,0.9644556045532227,0.9084556102752686,0.6013692220052084,0.71722412109375
0,0.09609627723693848,0.9618217349052429,0.8345377445220947,0.11845906575520833,0.0
0,0.2571384012699127,0.9903290271759033,0.9213575720787048,0.3438924153645833,0.21473185221354166
0,0.10775458812713623,0.9677167534828186,0.9007046222686768,0.15339152018229166,0.070526123046875
0,0.1075487732887268,0.9843964576721191,0.8803832530975342,0.13222249348958334,0.0185546875
0,0.19461661577224731,0.9743860960006714,0.9269675612449646,0.2515869140625,0.192901611328125
0,0.006456843111664057,0.4369223117828369,0.07504072040319443,0.0009256998697916666,0.0
0,0.042710501700639725,0.9855521321296692,0.9227570295333862,0.036814371744791664,0.022989908854166668
0,0.3111036717891693,0.9528381824493408,0.9017477631568909,0.47357177734375,0.4806620279947917
0,0.08981438726186752,0.9522199034690857,0.8458112478256226,0.118194580078125,0.059702555338541664
0,0.17606471478939056,0.9628131985664368,0.8984104990959167,0.227264404296875,0.21999104817708334
0,0.15044063329696655,0.9835969805717468,0.9276259541511536,0.20404052734375,0.027923583984375
0,0.026890158653259277,0.8499711751937866,0.5224906206130981,0.0296630859375,0.0
0,0.1511860489845276,0.9167081117630005,0.807612419128418,0.22086588541666666,0.16807047526041666
0,0.08561243861913681,0.9029524326324463,0.7433487176895142,0.133453369140625,0.0
0,0.13913357257843018,0.9261703491210938,0.8092760443687439,0.21240234375,0.0
0,0.05748632922768593,0.8601343035697937,0.6803447604179382,0.06891886393229167,0.0
0,0.06761754304170609,0.9260365962982178,0.795335590839386,0.08564249674479167,0.032185872395833336
0,0.11691448837518692,0.9246877431869507,0.8493399024009705,0.16100056966145834,0.14911905924479166
0,0.17565374076366425,0.9829546809196472,0.9291837811470032,0.2542317708333333,0.24774169921875
0,0.13836435973644257,0.9443824291229248,0.8547597527503967,0.19816080729166666,0.190643310546875
0,0.026478851214051247,0.818156361579895,0.5265553593635559,0.020985921223958332,0.0
0,0.04181094840168953,0.875893235206604,0.5934325456619263,0.035614013671875,0.0
0,0.05066545680165291,0.9939963817596436,0.8211746215820312,0.04571533203125,0.0
0,0.059267494827508926,0.9629528522491455,0.8338623642921448,0.07309977213541667,0.0
0,0.010035182349383831,0.7798252105712891,0.08787644654512405,0.0015767415364583333,0.0
0,0.07193633168935776,0.879974365234375,0.7476159334182739,0.08827718098958333,0.0
0,0.027623364701867104,0.9276259541511536,0.651794970035553,0.027119954427083332,0.0
0,0.25115978717803955,0.9815244078636169,0.9264369606971741,0.3319091796875,0.3449605305989583
0,0.194707989692688,0.9769787192344666,0.9008791446685791,0.264129638671875,0.1927490234375
0,0.04339569807052612,0.8623515963554382,0.6055075526237488,0.033955891927083336,0.0
0,0.008794211782515049,0.685949444770813,0.1637086719274521,0.004536946614583333,0.0
0,0.4970700740814209,0.9903663396835327,0.9535353183746338,0.6876220703125,0.81878662109375
0,0.05452697351574898,0.8056321740150452,0.6133506298065186,0.08188883463541667,0.0
0,0.10882116109132767,0.9900636076927185,0.93475341796875,0.14280192057291666,0.14023844401041666
0,0.08130482584238052,0.9824904799461365,0.9234544038772583,0.08357747395833333,0.035542805989583336
0,0.06662467867136002,0.7158214449882507,0.5765979886054993,0.09465535481770833,0.0
0,0.12185657024383545,0.9167081117630005,0.8083699941635132,0.17830403645833334,0.0
0,0.2898538112640381,0.957912266254425,0.8758900761604309,0.4223836263020833,0.3790995279947917
0,0.22567670047283173,0.9929881691932678,0.9790357351303101,0.2875569661458333,0.149383544921875
0,0.07996153831481934,0.9049869179725647,0.7191745638847351,0.07924397786458333,0.0
0,0.17180313169956207,0.9252299070358276,0.8509647250175476,0.248931884765625,0.10502115885416667
0,0.0763373151421547,0.9687380790710449,0.9108630418777466,0.077362060546875,0.053070068359375
0,0.20049162209033966,0.9426124691963196,0.8770530819892883,0.2698262532552083,0.20338948567708334
0,0.29505500197410583,0.9543930292129517,0.9068183302879333,0.4288431803385417,0.3569437662760417
0,0.1239941343665123,0.9830850958824158,0.8804829120635986,0.1463623046875,0.0
0,0.26431307196617126,0.9345147609710693,0.8820220232009888,0.3689778645833333,0.2769368489583333
0,0.3640008866786957,0.9735442399978638,0.9364014267921448,0.4735514322916667,0.5516357421875
0,0.3088541030883789,0.9537081718444824,0.907967209815979,0.4398193359375,0.4303385416666667
0,0.17374636232852936,0.9149009585380554,0.8262874484062195,0.24605305989583334,0.0
0,0.40367841720581055,0.9737945199012756,0.9315832853317261,0.577117919921875,0.684722900390625
0,0.08240628242492676,0.9468920826911926,0.8447935581207275,0.09038289388020833,0.0
0,0.40401387214660645,0.9926256537437439,0.9554024338722229,0.5370076497395834,0.5621439615885416
0,0.21504366397857666,0.9769787192344666,0.946793794631958,0.27276611328125,0.22306315104166666
0,0.19812147319316864,0.9719393253326416,0.902265727519989,0.2561238606770833,0.20701090494791666
0,0.17264147102832794,0.9585376977920532,0.8908652067184448,0.23951212565104166,0.036295572916666664
0,0.13623878359794617,0.9821512699127197,0.9064877033233643,0.15131632486979166,0.024007161458333332
0,0.391411155462265,0.9628831148147583,0.9259026646614075,0.52447509765625,0.5331522623697916
0,0.1408473253250122,0.8660192489624023,0.7680380344390869,0.19456990559895834,0.13454182942708334
0,0.17546580731868744,0.9619649052619934,0.8940516710281372,0.23313395182291666,0.15763346354166666
0,0.3820825517177582,0.9684410095214844,0.9187722206115723,0.52972412109375,0.5519510904947916
0,0.1294836699962616,0.9392480850219727,0.8191711902618408,0.162750244140625,0.0
0,0.10082928091287613,0.8312800526618958,0.6840498447418213,0.129425048828125,0.0
0,0.02346975915133953,0.5929612517356873,0.41140639781951904,0.023630777994791668,0.0
0,0.03521985933184624,0.8840392827987671,0.6204894185066223,0.035847981770833336,0.0
0,0.07916370779275894,0.754553496837616,0.5300347208976746,0.11960856119791667,0.0
0,0.01787780411541462,0.9058233499526978,0.6452316641807556,0.017191569010416668,0.0
0,0.007124109659343958,0.914290726184845,0.07396337389945984,0.004770914713541667,0.0
0,0.0037477200385183096,0.7369689345359802,0.02084312215447426,0.0027262369791666665,0.0
0,0.0026233147364109755,0.34897783398628235,0.026405517011880875,5.0862630208333336e-05,0.0
0,0.07905285060405731,0.8419556617736816,0.5790398716926575,0.09959920247395833,0.0
0,0.03154713660478592,0.888372004032135,0.5275467038154602,0.033772786458333336,0.0
0,0.015307541005313396,0.7877680063247681,0.2673966586589813,0.009979248046875,0.0
0,0.06863845139741898,0.95123291015625,0.8576453328132629,0.10239664713541667,0.054412841796875
0,0.11923138052225113,0.9150528311729431,0.8116759657859802,0.16846720377604166,0.155242919921875
0,0.08885976672172546,0.8521990180015564,0.7280721664428711,0.11977132161458333,0.06547037760416667
0,0.08941278606653214,0.8473372459411621,0.7613611221313477,0.12834676106770834,0.040608723958333336
0,0.11249857395887375,0.9402433633804321,0.8460696339607239,0.15384928385416666,0.09468587239583333
0,0.0592561811208725,0.7411122918128967,0.5856901407241821,0.08733113606770833,0.0
0,0.014815352857112885,0.819604754447937,0.359565407037735,0.012532552083333334,0.0
0,0.007346792612224817,0.8065480589866638,0.10194116830825806,0.0035400390625,0.0
0,0.0890209749341011,0.8214741349220276,0.6226853132247925,0.136627197265625,0.079559326171875
0,0.1934482604265213,0.9441768527030945,0.8953343629837036,0.2684834798177083,0.1986083984375
0,0.07145453244447708,0.902265727519989,0.7771308422088623,0.081329345703125,0.053792317708333336
0,0.12701095640659332,0.8427337408065796,0.6954383254051208,0.22590128580729166,0.1309814453125
0,0.06465895473957062,0.9429286122322083,0.8200331330299377,0.07892862955729167,0.0
0,0.009424210526049137,0.48055487871170044,0.21123942732810974,0.008921305338541666,0.0
0,0.07687073945999146,0.8356177806854248,0.690973162651062,0.118194580078125,0.0
0,0.04733116552233696,0.936051607131958,0.6434413194656372,0.057322184244791664,0.0
0,0.0551515556871891,0.9797840118408203,0.8326411843299866,0.06048583984375,0.0
0,0.05754798650741577,0.879871129989624,0.5909562706947327,0.08745320638020833,0.0
0,0.046122461557388306,0.7121320962905884,0.6122499704360962,0.06219482421875,0.0
0,0.0219328161329031,0.6958550214767456,0.45931774377822876,0.019673665364583332,0.0
0,0.0688457116484642,0.7019174695014954,0.5248490571975708,0.07285563151041667,0.0
0,0.255441814661026,0.9365176558494568,0.8812004327774048,0.33563232421875,0.3921610514322917
0,0.038691356778144836,0.7602949142456055,0.4628675580024719,0.042490641276041664,0.0
0,0.11041370779275894,0.8964328765869141,0.8386757969856262,0.13457234700520834,0.13194783528645834
0,0.06173403933644295,0.9323301911354065,0.7828235626220703,0.08162434895833333,0.061971028645833336
0,0.14163285493850708,0.8860265612602234,0.7874411940574646,0.23250325520833334,0.21982828776041666
0,0.05432707071304321,0.8000679016113281,0.5799952149391174,0.06391398111979167,0.0
0,0.21595294773578644,0.9750121831893921,0.9099069833755493,0.2921346028645833,0.201751708984375
0,0.015472021885216236,0.6761924028396606,0.25515246391296387,0.009287516276041666,0.0
0,0.04602239653468132,0.863391637802124,0.6226698160171509,0.041666666666666664,0.0
0,0.014043261297047138,0.28806814551353455,0.08464395999908447,6.103515625e-05,0.0
0,0.1488708108663559,0.9641192555427551,0.8680389523506165,0.23197428385416666,0.061665852864583336
0,0.006052227690815926,0.7854732275009155,0.08093235641717911,0.002166748046875,0.0
0,0.0021181264892220497,0.03096751682460308,0.008251599036157131,0.0,0.0
0,0.05163094401359558,0.8464508652687073,0.6336302757263184,0.058085123697916664,0.0
0,0.002708197571337223,0.04248321056365967,0.01267373375594616,0.0,0.0
0,0.02154802531003952,0.8050197958946228,0.4442331790924072,0.020304361979166668,0.0
0,0.027465276420116425,0.8507168292999268,0.4789784550666809,0.026529947916666668,0.0
0,0.10596001148223877,0.9696707129478455,0.9149009585380554,0.127838134765625,0.08612060546875
0,0.22698867321014404,0.9549844264984131,0.8410399556159973,0.3950297037760417,0.4247233072916667
0,0.02029886096715927,0.8286617398262024,0.3439926505088806,0.012776692708333334,0.0
0,0.058557432144880295,0.9399133324623108,0.7245751023292542,0.057749430338541664,0.0
0,0.11493325233459473,0.9952448010444641,0.976802408695221,0.12385050455729167,0.06589762369791667
0,0.019381029531359673,0.8906751871109009,0.5101965665817261,0.019541422526041668,0.0
0,0.015304279513657093,0.731250524520874,0.36590632796287537,0.015106201171875,0.0
0,0.040149617940187454,0.9779677391052246,0.7363892197608948,0.043253580729166664,0.0
0,0.09472890943288803,0.8564525246620178,0.7283591032028198,0.117889404296875,0.06608072916666667
0,0.18028278648853302,0.9954967498779297,0.9605836272239685,0.240631103515625,0.054555257161458336
0,0.025352008640766144,0.9207897186279297,0.4410328269004822,0.022145589192708332,0.0
0,0.03762549161911011,0.9724670648574829,0.7791538238525391,0.04254150390625,0.0
0,0.01355337630957365,0.9171544313430786,0.347973495721817,0.012563069661458334,0.0
0,0.05104527994990349,0.860720694065094,0.6683393120765686,0.06538899739583333,0.0
0,0.1394447237253189,0.9947799444198608,0.9797453284263611,0.17475382486979166,0.12562052408854166
0,0.11754006147384644,0.9909096360206604,0.9658995866775513,0.14201863606770834,0.124755859375
0,0.34873923659324646,0.9990414977073669,0.9848109483718872,0.487548828125,0.517608642578125
0,0.15411679446697235,0.9785903096199036,0.8691603541374207,0.20900472005208334,0.127777099609375
0,0.01281779631972313,0.866358757019043,0.2291848361492157,0.008544921875,0.0
0,0.014675733633339405,0.9149009585380554,0.4370971620082855,0.014577229817708334,0.0
0,0.06374800950288773,0.9138304591178894,0.6723284721374512,0.10577392578125,0.0
0,0.07786432653665543,0.9958980679512024,0.6723284721374512,0.10401407877604167,0.0
0,0.021801503375172615,0.9286680221557617,0.576780378818512,0.020467122395833332,0.0
0,0.33131733536720276,0.9965165853500366,0.9641847610473633,0.4491780598958333,0.5352783203125
0,0.008430282585322857,0.7128322720527649,0.17624162137508392,0.0050048828125,0.0
0,0.06300828605890274,0.9667888283729553,0.8155220746994019,0.06695556640625,0.0
0,0.2764354944229126,0.9714016318321228,0.9407896995544434,0.3590625,0.281171875
0,0.29059043526649475,0.9995177984237671,0.9959143400192261,0.34578125,0.34377604166666664
0,0.13134096562862396,0.6570984721183777,0.5102127194404602,0.18311564127604166,0.0
0,0.026819812133908272,0.9767136573791504,0.8378814458847046,0.02423095703125,0.0
0,0.0632857233285904,0.9518632292747498,0.8453472256660461,0.08609849232997564,0.08732196545745825
0,0.022550364956259727,0.992061972618103,0.8584826588630676,0.023388952819332565,0.0
0,0.09178578108549118,0.9951325058937073,0.86200350522995,0.10866086235489221,0.013237976782752903
0,0.5940793752670288,0.9980276226997375,0.9394705891609192,0.8386458333333333,0.9178583333333333
0,0.003226477187126875,0.05602938309311867,0.012527931481599808,0.0,0.0
0,0.0020022185053676367,0.1200256198644638,0.012054244056344032,0.0,0.0
0,0.06210439279675484,0.9429286122322083,0.7640123963356018,0.08076502550270012,0.03854543032684527
0,0.04614342004060745,0.9130584001541138,0.5868188142776489,0.05531199600208982,0.0
0,0.10501302778720856,0.9817706942558289,0.8540345430374146,0.14149156660949114,0.03479369163331428
0,0.03151513263583183,0.9722570776939392,0.82948237657547,0.02844972894173386,0.01676461209056535
0,0.18555642664432526,0.994594156742096,0.9121235609054565,0.2632259259259259,0.15706296296296296
0,0.1028863713145256,0.9908034801483154,0.8701565861701965,0.13422120750887875,0.02311960933536276
0,0.2804271876811981,0.9985841512680054,0.9813822507858276,0.35868344907407407,0.3612528935185185
0,0.29562094807624817,0.9999966621398926,0.9868786931037903,0.40942184643510054,0.39301873857404024
0,0.22919447720050812,0.9998875856399536,0.9452984929084778,0.3535564365671642,0.3296898320895522
0,0.31274500489234924,0.9981178045272827,0.975296139717102,0.4118802936194241,0.44787690570299266
0,0.06005707383155823,0.9933071732521057,0.8649961352348328,0.06268793706293706,0.02121722027972028
0,0.28580442070961,0.9976403713226318,0.9761296510696411,0.38363417832167834,0.43403846153846154
0,0.1836869865655899,0.9980353713035583,0.9704086184501648,0.22977687074829933,0.14135782312925171
0,0.21717074513435364,0.9993040561676025,0.9860442876815796,0.2707158087115443,0.2323210478221139
0,0.06657341122627258,0.9938070178031921,0.7742421627044678,0.06437708333333333,0.018083333333333333
0,0.06510321795940399,0.9996800422668457,0.9747251272201538,0.07337570621468927,0.032358757062146894
0,0.314085990190506,0.9994578957557678,0.966156005859375,0.4154470538486133,0.43736914302216445
0,0.5079768300056458,0.9990490078926086,0.9845160245895386,0.6543951673581702,0.7208950491218264
0,0.35906127095222473,0.9594592452049255,0.9019206762313843,0.5401317123094646,0.5950612828106536
0,0.09256269782781601,0.9766246676445007,0.7345024943351746,0.10695833333333334,0.0
0,0.18003202974796295,0.9912885427474976,0.9366336464881897,0.2415028901734104,0.16844653179190752
0,0.061797238886356354,0.9922143816947937,0.8848377466201782,0.05727557915057915,0.010451254826254827
0,0.03396328166127205,0.9171544313430786,0.7161193490028381,0.03791666666666667,0.0
0,0.0632857233285904,0.9518632292747498,0.8453472256660461,0.08609849232997564,0.08732196545745825
0,0.022550364956259727,0.992061972618103,0.8584826588630676,0.023388952819332565,0.0
0,0.240883469581604,0.9987792372703552,0.851212203502655,0.3899770833333333,0.3836354166666667
0,0.008724796585738659,0.8606036305427551,0.16278022527694702,0.0064533333333333335,0.0
0,0.47675642371177673,0.9997565150260925,0.9876639246940613,0.6326129943502825,0.7137711864406779
0,0.24173863232135773,0.999966025352478,0.9892232418060303,0.3703860640301318,0.24930555555555556
0,0.003226477187126875,0.05602938309311867,0.012527931481599808,0.0,0.0
0,0.3596095144748688,0.9999967813491821,0.9919691681861877,0.46345215759849906,0.5365126641651032
0,0.06510321795940399,0.9996800422668457,0.9747251272201538,0.07337570621468927,0.032358757062146894
0,0.19657012820243835,0.982624351978302,0.7529220581054688,0.36039086336626064,0.3052282132904632
0,0.1616002321243286,0.9981541037559509,0.9591543078422546,0.20413766434648106,0.1002861562258314
0,0.14600995182991028,0.9997040629386902,0.9921233057975769,0.2125968309859155,0.0757900528169014
0,0.36956512928009033,0.9980657696723938,0.9620362520217896,0.492326565143824,0.4451269035532995
0,0.025899739935994148,0.9644556045532227,0.42631444334983826,0.018585205078125,0.0
0,0.02569776587188244,0.8902942538261414,0.6053908467292786,0.020660400390625,0.0
0,0.006079392042011023,0.9693241715431213,0.02848842553794384,0.0028076171875,0.0
0,0.1195891872048378,0.9817007184028625,0.9378969073295593,0.14393107096354166,0.09770711263020833
0,0.07198441028594971,0.8563323616981506,0.6087086200714111,0.09150187174479167,0.0
0,0.23558330535888672,0.9468920826911926,0.9038048982620239,0.310943603515625,0.317535400390625
0,0.010479624383151531,0.8456876873970032,0.2146914005279541,0.008148193359375,0.0
0,0.024809671565890312,0.8565725088119507,0.36954259872436523,0.015869140625,0.0
0,0.09323430806398392,0.9780936241149902,0.8673664331436157,0.100677490234375,0.0
0,0.06294310092926025,0.8942365646362305,0.6794881820678711,0.062184651692708336,0.0
0,0.10697058588266373,0.9495759606361389,0.7706374526023865,0.13628133138020834,0.0
0,0.14963935315608978,0.9413313865661621,0.8341327905654907,0.19051106770833334,0.075927734375
0,0.04603710398077965,0.6066732406616211,0.4317638576030731,0.0538330078125,0.0
0,0.0867529883980751,0.8826303482055664,0.7962924242019653,0.10107421875,0.0775146484375
0,0.0031549877021461725,0.1463310569524765,0.01956867426633835,0.0,0.0
0,0.14014475047588348,0.9835969805717468,0.9209320545196533,0.17461140950520834,0.1099853515625
0,0.1712237000465393,0.9150528311729431,0.7796576023101807,0.2840677897135417,0.0
0,0.012474232353270054,0.9842759370803833,0.3421284854412079,0.011474609375,0.0
0,0.028564495965838432,0.9474782943725586,0.5062916874885559,0.021250406901041668,0.0
0,0.016655640676617622,0.802710235118866,0.2553436756134033,0.009389241536458334,0.0
0,0.015316780656576157,0.7492707371711731,0.35801294445991516,0.015706380208333332,0.0
0,0.006364400964230299,0.8294920325279236,0.03252822160720825,0.004130045572916667,0.0
0,0.1042284369468689,0.9725714921951294,0.9227612018585205,0.12565104166666666,0.021687825520833332
0,0.05294937267899513,0.948441743850708,0.8427337408065796,0.06360880533854167,0.0
0,0.055439263582229614,0.6981236934661865,0.5839710831642151,0.06383260091145833,0.0
0,0.015288564376533031,0.4771430492401123,0.1768094301223755,0.0018208821614583333,0.0
0,0.03751101344823837,0.972727358341217,0.8654482364654541,0.041219075520833336,0.0
0,0.06485229730606079,0.9669140577316284,0.9012274742126465,0.06794230143229167,0.024770100911458332
0,0.07681521028280258,0.999099612236023,0.9783847332000732,0.107025146484375,0.041748046875
0,0.003947854042053223,0.16762703657150269,0.033148519694805145,0.0,0.0
0,0.006407326553016901,0.7690802216529846,0.053304679691791534,0.0013020833333333333,0.0
0,0.047483135014772415,0.8553685545921326,0.5778509378433228,0.047220865885416664,0.0
0,0.194513201713562,0.9845160245895386,0.9493886232376099,0.22826131184895834,0.208953857421875
0,0.13484011590480804,0.9407896995544434,0.8686040639877319,0.17046101888020834,0.06378173828125
0,0.17736442387104034,0.9320833086967468,0.8300396203994751,0.236907958984375,0.0
0,0.1229957565665245,0.9901019334793091,0.9669140577316284,0.143707275390625,0.13453165690104166
0,0.20958907902240753,0.9833430051803589,0.9624620079994202,0.26123046875,0.2696634928385417
0,0.057475779205560684,0.9685006141662598,0.8807970285415649,0.06733194986979167,0.0
0,0.06491699814796448,0.9619649052619934,0.81330806016922,0.06351725260416667,0.0
0,0.02393285743892193,0.8838388919830322,0.39255571365356445,0.020161946614583332,0.0
0,0.19926567375659943,0.9222025275230408,0.8418256044387817,0.2856343587239583,0.23646036783854166
0,0.02381192147731781,0.9285385012626648,0.6345399022102356,0.0303955078125,0.0
0,0.015410290099680424,0.8352149128913879,0.32733601331710815,0.01177978515625,0.0
0,0.11837010830640793,0.9817357659339905,0.9152045845985413,0.144378662109375,0.08305867513020833
0,0.02579854242503643,0.9049869179725647,0.6164724230766296,0.020406087239583332,0.0
0,0.053350627422332764,0.9599125981330872,0.8856254816055298,0.06410725911458333,0.042460123697916664
0,0.009685909375548363,0.8214741349220276,0.2316090166568756,0.008544921875,0.0
0,0.018012909218668938,0.8172829747200012,0.23143525421619415,0.007741292317708333,0.0
0,0.3436298370361328,0.9821512699127197,0.9419752359390259,0.433563232421875,0.4316304524739583
0,0.39322778582572937,0.9724670648574829,0.939581573009491,0.5049947102864584,0.5069986979166666
0,0.27318820357322693,0.9675945043563843,0.9219217896461487,0.3793436686197917,0.2955830891927083
0,0.025454694405198097,0.5466776490211487,0.41572704911231995,0.028615315755208332,0.0
0,0.0297353807836771,0.9197867512702942,0.7403621077537537,0.02978515625,0.0
0,0.023024842143058777,0.8314169645309448,0.35620924830436707,0.016469319661458332,0.0
0,0.3637928068637848,0.9640516638755798,0.9153559803962708,0.511322021484375,0.5169270833333334
0,0.03617383539676666,0.9049869179725647,0.6045121550559998,0.025400797526041668,0.0
0,0.05352376773953438,0.9053223133087158,0.6156657338142395,0.059122721354166664,0.0
0,0.06523562222719193,0.7420480251312256,0.48084157705307007,0.06972249348958333,0.0
0,0.019136866554617882,0.8921873569488525,0.2705736756324768,0.010121663411458334,0.0
0,0.21333253383636475,0.9466953873634338,0.896251380443573,0.3096211751302083,0.13133748372395834
0,0.09758857637643814,0.7543725371360779,0.6413100361824036,0.13648478190104166,0.0
0,0.15399928390979767,0.9041438698768616,0.8525676131248474,0.21152750651041666,0.189117431640625
0,0.15866276621818542,0.9213575720787048,0.8048664331436157,0.22465006510416666,0.102996826171875
0,0.02573533169925213,0.9355823397636414,0.722527027130127,0.026529947916666668,0.0
0,0.12351139634847641,0.8754679560661316,0.7314366102218628,0.20274861653645834,0.0
0,0.0609675832092762,0.8424747586250305,0.6561076641082764,0.0584716796875,0.0
0,0.11680903285741806,0.9954791069030762,0.9868265390396118,0.12495930989583333,0.11383056640625
0,0.18987791240215302,0.9717254042625427,0.8868131041526794,0.2664998372395833,0.207489013671875
0,0.07458790391683578,0.9193534255027771,0.7119228839874268,0.09549967447916667,0.0
0,0.03607885539531708,0.9103862047195435,0.677580714225769,0.034830729166666664,0.0
0,0.09195128828287125,0.9839090704917908,0.9408984184265137,0.11512247721354167,0.08465576171875
0,0.03634187579154968,0.8992984294891357,0.7055822014808655,0.03228759765625,0.0
0,0.04053360968828201,0.8729984164237976,0.5855088829994202,0.042093912760416664,0.0
0,0.24269048869609833,0.9410068988800049,0.8623481392860413,0.3629048665364583,0.16015625
0,0.011717631481587887,0.7442848086357117,0.13556136190891266,0.004048665364583333,0.0
0,0.0980052575469017,0.9261703491210938,0.7617157697677612,0.109954833984375,0.0
0,0.050650715827941895,0.9595351815223694,0.82684326171875,0.051462809244791664,0.0
0,0.06834720820188522,0.9597620368003845,0.816255509853363,0.08245849609375,0.0
0,0.04505590721964836,0.8738621473312378,0.5597066879272461,0.038167317708333336,0.0
0,0.021844880655407906,0.7356416583061218,0.3019792437553406,0.013753255208333334,0.0
0,0.4185791015625,0.9476723670959473,0.9121188521385193,0.6619160970052084,0.925567626953125
0,0.09900770336389542,0.933552086353302,0.8484669327735901,0.11161295572916667,0.0
0,0.08316688984632492,0.8862236142158508,0.7789857983589172,0.10630289713541667,0.0
0,0.14907841384410858,0.9630919694900513,0.8681508302688599,0.17997233072916666,0.123260498046875
0,0.22436046600341797,0.9879462122917175,0.9378969073295593,0.2942301432291667,0.24451700846354166
0,0.21814565360546112,0.9554855227470398,0.8978744745254517,0.2928873697916667,0.10759480794270833
0,0.11693992465734482,0.8369547128677368,0.6676863431930542,0.16309611002604166,0.0
0,0.16557195782661438,0.9638481140136719,0.8881781101226807,0.21705118815104166,0.0916748046875
0,0.1900893598794937,0.8664718866348267,0.7333506345748901,0.28631591796875,0.0
0,0.1603350043296814,0.9561454057693481,0.897335946559906,0.210784912109375,0.041229248046875
0,0.22101996839046478,0.9446893334388733,0.885433554649353,0.3137105305989583,0.3220011393229167
0,0.3124611973762512,0.9589241147041321,0.879871129989624,0.4939982096354167,0.6204833984375
0,0.0700208768248558,0.934035062789917,0.7622470855712891,0.07425944010416667,0.0
0,0.07983624190092087,0.8774768114089966,0.766643226146698,0.08604939778645833,0.0
0,0.11957594007253647,0.8992984294891357,0.7696001529693604,0.15264892578125,0.0
0,0.4290982484817505,0.954308032989502,0.9103862047195435,0.5890096028645834,0.5655008951822916
0,0.2717381715774536,0.9376689791679382,0.8741814494132996,0.384002685546875,0.3020121256510417
0,0.12142682820558548,0.9219217896461487,0.7977097630500793,0.15610758463541666,0.0
0,0.19682960212230682,0.9675332307815552,0.9082930684089661,0.24797566731770834,0.20226033528645834
0,0.03119763173162937,0.9318356513977051,0.38704606890678406,0.01702880859375,0.0
0,0.4110710620880127,0.9590777158737183,0.9144436717033386,0.5903116861979166,0.648345947265625
0,0.1053939238190651,0.9326989054679871,0.8140527606010437,0.15008544921875,0.0
0,0.24874144792556763,0.8868131041526794,0.8243205547332764,0.3719278971354167,0.37799072265625
0,0.08303055167198181,0.8563323616981506,0.6351059079170227,0.09160359700520833,0.0
0,0.08313379436731339,0.8781053423881531,0.6848934888839722,0.098876953125,0.0
0,0.11211597174406052,0.9932811260223389,0.9541348218917847,0.13401285807291666,0.06734212239583333
0,0.013412387110292912,0.836821436882019,0.20963142812252045,0.007110595703125,0.0
0,0.23044484853744507,0.9983769655227661,0.958379864692688,0.29437255859375,0.178192138671875
0,0.05854462459683418,0.9103862047195435,0.8301814794540405,0.06743367513020833,0.0
0,0.17879247665405273,0.9890975952148438,0.9494823217391968,0.23404947916666666,0.07578531901041667
0,0.04821932315826416,0.8916224837303162,0.5687116980552673,0.036173502604166664,0.0
0,0.08538243919610977,0.9515040516853333,0.6932622194290161,0.083648681640625,0.0
0,0.17146332561969757,0.9606574773788452,0.8854275941848755,0.226409912109375,0.14613850911458334
0,0.0635833665728569,0.7377254366874695,0.5097033381462097,0.06261189778645833,0.0
0,0.04958542808890343,0.7565374970436096,0.48327988386154175,0.038380940755208336,0.0
0,0.24399244785308838,0.9031234383583069,0.842863142490387,0.3469136555989583,0.257568359375
0,0.11104458570480347,0.9277569651603699,0.755270779132843,0.12778727213541666,0.0
0,0.17893922328948975,0.9913892149925232,0.9260365962982178,0.241851806640625,0.08976236979166667
0,0.09311506897211075,0.9990264177322388,0.9844545722007751,0.1158447265625,0.053578694661458336
0,0.023014701902866364,0.7585106492042542,0.30393528938293457,0.013926188151041666,0.0
0,0.10236448049545288,0.9038048982620239,0.783160388469696,0.12690226236979166,0.0
0,0.14861710369586945,0.9307105541229248,0.8655619025230408,0.185394287109375,0.051310221354166664
0,0.27775099873542786,0.9923043847084045,0.9690893292427063,0.3871256510416667,0.2911275227864583
0,0.22847092151641846,0.9229002594947815,0.8814108967781067,0.3040568033854167,0.23102823893229166
0,0.04758290573954582,0.8745065331459045,0.7022207975387573,0.058868408203125,0.0
0,0.17100243270397186,0.9240047931671143,0.8557306528091431,0.23310343424479166,0.07108561197916667
0,0.127382293343544,0.9153559803962708,0.8116759657859802,0.16216023763020834,0.044962565104166664
0,0.19171442091464996,0.9465966820716858,0.889720618724823,0.2659505208333333,0.2973429361979167
0,0.2541991174221039,0.9537081718444824,0.8866109848022461,0.3672892252604167,0.3984171549479167
0,0.043322715908288956,0.9449946880340576,0.7961292862892151,0.043568929036458336,0.0
0,0.08746065944433212,0.875361442565918,0.7335416078567505,0.100006103515625,0.0
0,0.17682015895843506,0.9837850332260132,0.9461973309516907,0.21870930989583334,0.15590413411458334
0,0.1413409560918808,0.982624351978302,0.9226176738739014,0.16454060872395834,0.032999674479166664
0,0.07304894179105759,0.9020932912826538,0.8088233470916748,0.0863037109375,0.0
0,0.30605265498161316,0.9824904799461365,0.9581479430198669,0.420989990234375,0.3353271484375
0,0.05042165517807007,0.9771101474761963,0.8469578623771667,0.053365071614583336,0.0
0,0.2257435917854309,0.9831499457359314,0.9392480850219727,0.3275655110677083,0.20409138997395834
0,0.050311069935560226,0.9144436717033386,0.7341195344924927,0.050872802734375,0.0
0,0.07251203805208206,0.9882676005363464,0.8795549869537354,0.07611083984375,0.016103108723958332
0,0.1395678073167801,0.9634374976158142,0.8645393252372742,0.18367513020833334,0.0
0,0.036869630217552185,0.9681411385536194,0.7364357113838196,0.03509521484375,0.0
0,0.09927638620138168,0.936168372631073,0.8840392827987671,0.12945556640625,0.080169677734375
0,0.009277732111513615,0.7824963331222534,0.15202845633029938,0.001983642578125,0.0
0,0.06421767175197601,0.9474782943725586,0.8283842206001282,0.07151285807291667,0.0
0,0.10025272518396378,0.9918121099472046,0.9086130857467651,0.11339314778645833,0.031514485677083336
0,0.0905604138970375,0.9740919470787048,0.8494648933410645,0.11060587565104167,0.0
0,0.28705278038978577,0.9845160245895386,0.9471830725669861,0.3932902018229167,0.3315226236979167
0,0.1202414408326149,0.9487276077270508,0.8708139061927795,0.15113321940104166,0.06978352864583333
0,0.17020273208618164,0.9753900170326233,0.889720618724823,0.21953328450520834,0.11095174153645833
0,0.08450862020254135,0.9955142140388489,0.9124314785003662,0.09248860677083333,0.013326009114583334
0,0.09966346621513367,0.9860979318618774,0.8895288109779358,0.12629191080729166,0.0
0,0.029880156740546227,0.8967949151992798,0.5994762778282166,0.027099609375,0.0
0,0.09737500548362732,0.9287972450256348,0.7833262085914612,0.13344319661458334,0.0
0,0.0737365186214447,0.9027811288833618,0.7450275421142578,0.10205078125,0.0
0,0.030777843669056892,0.9054896235466003,0.4908659756183624,0.019724527994791668,0.0
0,0.2886998951435089,0.9820826053619385,0.9393594861030579,0.4140116373697917,0.311981201171875
0,0.31870928406715393,0.9693822264671326,0.9248236417770386,0.4510498046875,0.5086568196614584
0,0.2033739537000656,0.9581479430198669,0.8925569653511047,0.2745564778645833,0.08589680989583333
0,0.07478306442499161,0.9244152307510376,0.7156198620796204,0.08049519856770833,0.0
0,0.20491071045398712,0.9369805455207825,0.8774736523628235,0.2989908854166667,0.20908610026041666
0,0.09997707605361938,0.934035062789917,0.8360157608985901,0.12485758463541667,0.0
0,0.05182875320315361,0.93475341796875,0.8028602004051208,0.06195068359375,0.0
0,0.07060215622186661,0.9068183302879333,0.5421940088272095,0.077423095703125,0.0
0,0.15725313127040863,0.9427180886268616,0.8701565861701965,0.21183268229166666,0.056355794270833336
0,0.09790261834859848,0.9005298018455505,0.6708239316940308,0.13484700520833334,0.0
0,0.1671854853630066,0.9399133324623108,0.857171356678009,0.22906494140625,0.0888671875
0,0.08206089586019516,0.9732407331466675,0.8834312558174133,0.09576416015625,0.0
0,0.1253277212381363,0.9916195869445801,0.8717993497848511,0.16364542643229166,0.06783040364583333
0,0.2380797415971756,0.9845160245895386,0.9351099133491516,0.3011271158854167,0.209014892578125
0,0.2344973236322403,0.9676556587219238,0.8674787282943726,0.4229634602864583,0.41082763671875
0,0.08271493762731552,0.9048188328742981,0.7864589095115662,0.08753458658854167,0.0
0,0.16533081233501434,0.9755303859710693,0.9224823713302612,0.22533162434895834,0.10221354166666667
0,0.14317502081394196,0.9829546809196472,0.9005298018455505,0.16410319010416666,0.10284423828125
0,0.23248820006847382,0.9603611826896667,0.9069831967353821,0.3199361165364583,0.2718404134114583
0,0.09318123012781143,0.9983958601951599,0.9716700911521912,0.105255126953125,0.06402587890625
0,0.0742623507976532,0.9100669622421265,0.6425412893295288,0.07428995768229167,0.0
0,0.020003831014037132,0.9507778882980347,0.5338504314422607,0.023610432942708332,0.0
0,0.3016670048236847,0.929568350315094,0.8362873792648315,0.4555155436197917,0.040771484375
0,0.05621485784649849,0.7914988994598389,0.5482795834541321,0.06370035807291667,0.0
0,0.08232773095369339,0.9900636076927185,0.9156537055969238,0.08835856119791667,0.0
0,0.22329705953598022,0.9736947417259216,0.9087750911712646,0.3040771484375,0.1085205078125
0,0.008229310624301434,0.5315133333206177,0.07423137128353119,0.001434326171875,0.0
0,0.025535769760608673,0.8681575655937195,0.4487200677394867,0.02099609375,0.0
0,0.04340345785021782,0.957912266254425,0.7749190926551819,0.05316162109375,0.015767415364583332
0,0.02499336004257202,0.6285213828086853,0.3084963858127594,0.01422119140625,0.0
0,0.04960305616259575,0.961243748664856,0.6279409527778625,0.042958577473958336,0.0
0,0.11837010830640793,0.9817357659339905,0.9152045845985413,0.144378662109375,0.08305867513020833
0,0.03866548091173172,0.8529354929924011,0.5225211381912231,0.042887369791666664,0.0
0,0.12888801097869873,0.9526622891426086,0.8526866436004639,0.16721598307291666,0.0
0,0.12632717192173004,0.9976949095726013,0.9849274158477783,0.14271036783854166,0.12351481119791667
0,0.06772636622190475,0.9713473320007324,0.7967625260353088,0.08868408203125,0.0
0,0.020968427881598473,0.8881781101226807,0.45504632592201233,0.020721435546875,0.0
0,0.0841166079044342,0.9224823713302612,0.8115267157554626,0.10408528645833333,0.0
0,0.0954461321234703,0.9664104580879211,0.8740772008895874,0.11890665690104167,0.0
0,0.0388333760201931,0.7728736996650696,0.39612483978271484,0.0245361328125,0.0
0,0.028456514701247215,0.7819972634315491,0.30985528230667114,0.01324462890625,0.0
0,0.1119830384850502,0.9874235987663269,0.9463928937911987,0.11946614583333333,0.029856363932291668
0,0.10391410440206528,0.9647889137268066,0.9138304591178894,0.12047322591145833,0.08662923177083333
0,0.06607809662818909,0.8747207522392273,0.6783269047737122,0.061859130859375,0.0
0,0.023677125573158264,0.8877896666526794,0.6721133589744568,0.022776285807291668,0.0
0,0.009113854728639126,0.7913377285003662,0.11655069142580032,0.004831949869791667,0.0
0,0.05839592218399048,0.9032942056655884,0.6880461573600769,0.06109619140625,0.0
0,0.3189193308353424,0.9814534187316895,0.9427149295806885,0.4491475423177083,0.5006815592447916
0,0.045283928513526917,0.8118252158164978,0.5597934126853943,0.051544189453125,0.0
0,0.04020582512021065,0.934155285358429,0.7112274169921875,0.041208902994791664,0.0
0,0.0538150854408741,0.9249592423439026,0.7613558173179626,0.054972330729166664,0.0
0,0.1854972243309021,0.9826908707618713,0.918475866317749,0.233245849609375,0.044474283854166664
0,0.03954927623271942,0.8153795003890991,0.5821347236633301,0.041351318359375,0.0
0,0.0028985412791371346,0.4204805791378021,0.018264278769493103,0.00014241536458333334,0.0
0,0.01718048006296158,0.9084556102752686,0.5894747972488403,0.019999186197916668,0.0
0,0.3515814542770386,0.9990149736404419,0.9401335716247559,0.5227458333333334,0.5957083333333333
0,0.1376088410615921,0.983020007610321,0.8541562557220459,0.17029947916666666,0.13819661458333332
0,0.1452631801366806,0.9678993225097656,0.9162596464157104,0.17653401692708334,0.11516316731770833
0,0.020378567278385162,0.9715099930763245,0.6117299199104309,0.02174246575342466,0.0
0,0.18052244186401367,0.998798131942749,0.9741412401199341,0.22311872146118722,0.1669132420091324
0,0.5205661654472351,0.9959298968315125,0.9726234674453735,0.700242673992674,0.8041758241758242
0,0.334841251373291,0.9984812140464783,0.9666001796722412,0.4425577264653641,0.4669626998223801
0,0.04184447601437569,0.9858275651931763,0.8998278379440308,0.044442829457364344,0.018003875968992247
0,0.1531371772289276,0.8572908639907837,0.7386690378189087,0.21712078651685393,0.0
0,0.5157487988471985,0.9809491038322449,0.9284088015556335,0.7020962962962963,0.7759851851851852
0,0.32437029480934143,0.9902538657188416,0.9312127232551575,0.45467667918231125,0.4402336253650396
0,0.012812085449695587,0.8694931268692017,0.4393579363822937,0.013515625,0.0
0,0.04400552436709404,0.9187722206115723,0.6607198715209961,0.05037672900616741,0.0
0,0.11033882945775986,0.9946568012237549,0.9069831967353821,0.13734535264883155,0.009516760071904409
0,0.40509334206581116,0.9982859492301941,0.9685600996017456,0.5431286992707512,0.5610710461992202
0,0.06243542954325676,0.9910838603973389,0.8775827884674072,0.06785208333333333,0.0158625
0,0.5383570790290833,0.9911182522773743,0.9525741338729858,0.7686116322701688,0.8233606941838649
0,0.10979633778333664,0.980728805065155,0.9356999397277832,0.1295397764628534,0.02172912557527942
0,0.1505739837884903,0.9378969073295593,0.8482193946838379,0.21096875,0.078625
0,0.04323386400938034,0.9761291742324829,0.8523219227790833,0.04675071633237823,0.009329512893982808
0,0.002974987495690584,0.4056253135204315,0.0271176565438509,0.0002088903743315508,0.0
0,0.30432045459747314,0.9873262047767639,0.9682013392448425,0.4073486328125,0.385833740234375
0,0.3009469509124756,0.9584600329399109,0.9037997722625732,0.44525146484375,0.4798685709635417
0,0.0438569150865078,0.9100669622421265,0.6979085803031921,0.045033772786458336,0.0
0,0.027034632861614227,0.8193157911300659,0.4479999840259552,0.020823160807291668,0.0
0,0.2538678050041199,0.9506864547729492,0.9167081117630005,0.3341064453125,0.302581787109375
0,0.10671410709619522,0.8985886573791504,0.7483522891998291,0.12775675455729166,0.0
0,0.014974038116633892,0.767863929271698,0.1695433259010315,0.005961100260416667,0.0
0,0.1349892020225525,0.946793794631958,0.8791404962539673,0.18443806966145834,0.0
0,0.08875218033790588,0.9558990597724915,0.8879840970039368,0.10334269205729167,0.0
0,0.009647571481764317,0.6711474061012268,0.15493139624595642,0.0034891764322916665,0.0
0,0.285107284784317,0.974821150302887,0.9269675612449646,0.3965047200520833,0.4391377766927083
0,0.041977331042289734,0.8128673434257507,0.4510544538497925,0.031107584635416668,0.0
0,0.15832634270191193,0.9709643721580505,0.8820220232009888,0.20960489908854166,0.09513346354166667
0,0.03215707838535309,0.95735764503479,0.6231337785720825,0.016143798828125,0.0
0,0.05955633521080017,0.8931231498718262,0.7093212604522705,0.07121785481770833,0.0
0,0.016450485214591026,0.9213575720787048,0.6232484579086304,0.017995198567708332,0.0
0,0.026829758659005165,0.8113772869110107,0.3506370484828949,0.015716552734375,0.0
0,0.06366733461618423,0.922062337398529,0.7015056014060974,0.07338460286458333,0.0
0,0.0388333760201931,0.7728736996650696,0.39612483978271484,0.0245361328125,0.0
0,0.0852140411734581,0.9374402165412903,0.798339307308197,0.09736124674479167,0.0
0,0.007186148315668106,0.1557193398475647,0.039266545325517654,0.0,0.0
0,0.0740010067820549,0.9772841930389404,0.8844271302223206,0.07759602864583333,0.0
0,0.13834886252880096,0.9614614844322205,0.8908652067184448,0.17066446940104166,0.09914143880208333
0,0.1902112364768982,0.8606036305427551,0.7168136835098267,0.3177897135416667,0.23024495442708334
0,0.1005333885550499,0.8755743503570557,0.6722241044044495,0.1317138671875,0.0
0,0.014125153422355652,0.41525450348854065,0.16384240984916687,0.0008951822916666666,0.0
0,0.20326672494411469,0.9268352389335632,0.8707072734832764,0.266357421875,0.127838134765625
0,0.0974956825375557,0.9549844264984131,0.8407825827598572,0.11622111002604167,0.0
0,0.02116425149142742,0.706899106502533,0.2375706434249878,0.007548014322916667,0.0
0,0.021063407883048058,0.7989721894264221,0.3192243278026581,0.012379964192708334,0.0
0,0.01910785771906376,0.8142006397247314,0.32401183247566223,0.0118408203125,0.0
0,0.16954629123210907,0.9791954755783081,0.9260365962982178,0.20707194010416666,0.09343465169270833
0,0.02015095017850399,0.7186931371688843,0.35700687766075134,0.014577229817708334,0.0
0,0.019062748178839684,0.7794896960258484,0.3044458329677582,0.01202392578125,0.0
0,0.027348823845386505,0.8577680587768555,0.47060126066207886,0.021433512369791668,0.0
0,0.08662211894989014,0.9544779658317566,0.8354794979095459,0.0931396484375,0.0
0,0.06146831437945366,0.9461008310317993,0.8693788647651672,0.061208089192708336,0.0
0,0.05019724369049072,0.9094254970550537,0.7661187648773193,0.05743408203125,0.0
0,0.01389156561344862,0.6436653733253479,0.14033271372318268,0.0016276041666666667,0.0
0,0.0250465776771307,0.7588682174682617,0.43763962388038635,0.017293294270833332,0.0
0,0.010407560504972935,0.934155285358429,0.0991208553314209,0.0033976236979166665,0.0
0,0.003692780854180455,0.2624635696411133,0.038756195455789566,0.0,0.0
0,0.04038677737116814,0.8678218126296997,0.6014179587364197,0.037831624348958336,0.0
0,0.049133460968732834,0.9342753291130066,0.8177201151847839,0.060760498046875,0.0
0,0.2540219724178314,0.972151517868042,0.9152045845985413,0.347076416015625,0.2718505859375
0,0.03838086500763893,0.8978744745254517,0.5743260979652405,0.034952799479166664,0.0
0,0.09153757244348526,0.9900636076927185,0.8473296761512756,0.09935506184895833,0.0
0,0.19373160600662231,0.9601374864578247,0.8800774812698364,0.25909423828125,0.080474853515625
0,0.287398099899292,0.9665370583534241,0.8828325867652893,0.4238688151041667,0.3726806640625
0,0.0056576174683868885,0.15674921870231628,0.04760265722870827,0.0,0.0
0,0.038685161620378494,0.9323301911354065,0.6739400029182434,0.034912109375,0.0
0,0.00919220969080925,0.4882071614265442,0.11201595515012741,0.000946044921875,0.0
0,0.14058105647563934,0.878835141658783,0.7112303972244263,0.21999104817708334,0.0
0,0.17182330787181854,0.9403530955314636,0.8583627939224243,0.237091064453125,0.07100423177083333
0,0.1142653152346611,0.8327813148498535,0.6628990769386292,0.200439453125,0.0
0,0.3376811742782593,0.9671630263328552,0.9331876635551453,0.48779296875,0.5036214192708334
0,0.08795640617609024,0.9592307209968567,0.795340359210968,0.12638346354166666,0.0
0,0.06978382170200348,0.974821150302887,0.8411586880683899,0.07305908203125,0.0
0,0.10740955919027328,0.9531008005142212,0.854884684085846,0.12340291341145833,0.048604329427083336
0,0.1736590415239334,0.9726754426956177,0.8826303482055664,0.22930908203125,0.14201863606770834
0,0.22156834602355957,0.958615243434906,0.9162596464157104,0.2930196126302083,0.22035725911458334
0,0.10101651400327682,0.9495759606361389,0.8659058809280396,0.10862223307291667,0.0
0,0.06153762713074684,0.7339288592338562,0.5712285041809082,0.09919230143229167,0.0
0,0.16235826909542084,0.9194981455802917,0.8329172730445862,0.22637939453125,0.22705078125
0,0.02959856390953064,0.8750414848327637,0.5293856263160706,0.023691813151041668,0.0
0,0.047064244747161865,0.8704872727394104,0.47694507241249084,0.056304931640625,0.0
0,0.04750564694404602,0.8934953808784485,0.6241790056228638,0.055653889973958336,0.0
0,0.024749817326664925,0.5824910998344421,0.35611072182655334,0.020253499348958332,0.0
0,0.09335070848464966,0.8040984272956848,0.6537870168685913,0.126556396484375,0.0
0,0.011345257051289082,0.7262315154075623,0.1458437740802765,0.0013936360677083333,0.0
0,0.034056663513183594,0.6159545183181763,0.4368022084236145,0.039642333984375,0.0
0,0.026177996769547462,0.9178933501243591,0.5845640897750854,0.022542317708333332,0.0
0,0.024604573845863342,0.9237300753593445,0.6493529677391052,0.027455647786458332,0.0
0,0.0037322158459573984,0.17272931337356567,0.023197626695036888,0.0,0.0
0,0.013699364848434925,0.5264797210693359,0.11516222357749939,0.001251220703125,0.0
0,0.04199747368693352,0.7988152503967285,0.5431653261184692,0.06476847330729167,0.0
0,0.04190312698483467,0.8563323616981506,0.47126060724258423,0.0247802734375,0.0
0,0.006456951145082712,0.4948541820049286,0.04913078621029854,0.00022379557291666666,0.0
0,0.13606379926204681,0.9031234383583069,0.7671669721603394,0.18242390950520834,0.0
0,0.16495336592197418,0.937210738658905,0.8762113451957703,0.22975667317708334,0.22798665364583334
0,0.021071171388030052,0.8681575655937195,0.38624072074890137,0.0186767578125,0.0
0,0.053237032145261765,0.9780097603797913,0.8218991756439209,0.07106526692708333,0.020222981770833332
0,0.051278967410326004,0.8691603541374207,0.6302196383476257,0.061574300130208336,0.0
0,0.04979361966252327,0.9633685946464539,0.9074763655662537,0.058319091796875,0.038818359375
0,0.00443303631618619,0.31289464235305786,0.0872475802898407,0.0002543131510416667,0.0
0,0.013875591568648815,0.7624240517616272,0.36726686358451843,0.016276041666666668,0.0
0,0.012683049775660038,0.9213575720787048,0.2987920641899109,0.011362711588541666,0.0
0,0.01048948708921671,0.5349162220954895,0.08343669027090073,0.00360107421875,0.0
0,0.2627914249897003,0.9937829375267029,0.9268352389335632,0.34626666666666667,0.34020833333333333
0,0.006279050838202238,0.18476749956607819,0.038756195455789566,0.0,0.0
0,0.052963633090257645,0.9537081718444824,0.8180066347122192,0.060414632161458336,0.0
0,0.056060779839754105,0.9972099661827087,0.7695949673652649,0.061726888020833336,0.0
0,0.03074047900736332,0.9365176558494568,0.6770374774932861,0.032663981119791664,0.0
0,0.018754765391349792,0.8606036305427551,0.20719067752361298,0.00787353515625,0.0
0,0.028738221153616905,0.9688562154769897,0.8631576299667358,0.023030598958333332,0.0
0,0.01738138496875763,0.8305941224098206,0.2855681777000427,0.011118570963541666,0.0
0,0.2628261148929596,0.9618934392929077,0.9049869179725647,0.379974365234375,0.3611857096354167
0,0.20648303627967834,0.9263036847114563,0.7988152503967285,0.398,0.4029111111111111
0,0.017054224386811256,0.8401278853416443,0.45374616980552673,0.026875,0.0
0,0.000524092698469758,0.053502149879932404,0.003960787784308195,0.0,0.0
0,0.0029395578894764185,0.3919294774532318,0.03004337102174759,6.184895833333334e-05,0.0
0,0.08965486288070679,0.793906033039093,0.5544101595878601,0.17090494791666666,0.0
0,0.0008215245907194912,0.014785407111048698,0.004281254485249519,0.0,0.0
0,0.047478169202804565,0.9775000214576721,0.87590491771698,0.06477444124502948,0.021678321678321677
0,0.0006769277388229966,0.4033905863761902,0.00614533107727766,3.90625e-05,0.0
0,0.018427392467856407,0.8877896666526794,0.29900285601615906,0.011577311577311577,0.0
0,0.030241241678595543,0.8183016180992126,0.4189346432685852,0.02701171875,0.0
0,0.03469966724514961,0.9339146018028259,0.7955167293548584,0.047561588738059324,0.017112299465240642
0,0.047107670456171036,0.834811270236969,0.42411381006240845,0.04629553453082865,0.0
0,0.018111586570739746,0.8322367072105408,0.4425464868545532,0.02185546875,0.0
0,0.04115505516529083,0.9987207055091858,0.8552476763725281,0.037941666666666665,0.0068875
0,0.07532534003257751,0.9775857925415039,0.8767399787902832,0.09074565637065637,0.012347972972972973
0,0.036715809255838394,0.9683213829994202,0.5481898188591003,0.030275,0.0
0,0.036914896219968796,0.8204694986343384,0.3667031228542328,0.019868042226487526,0.0
0,0.04442470148205757,0.918333888053894,0.6629056334495544,0.03449616122840691,0.0
0,0.07122176140546799,0.9977916479110718,0.9474782943725586,0.06713051823416506,0.04235364683301344
0,0.22224847972393036,0.9320833086967468,0.8645393252372742,0.31405020703933745,0.2675672877846791
0,0.04440639540553093,0.8485961556434631,0.38954654335975647,0.02413127413127413,0.0
0,0.08532066643238068,0.7747538685798645,0.4574093818664551,0.06672779922779923,0.0
0,0.4284430146217346,0.9915215969085693,0.9406808614730835,0.5782939189189189,0.588105694980695
0,0.08433359861373901,0.8971559405326843,0.7565374970436096,0.12794886363636362,0.1257159090909091
0,0.03178223595023155,0.9149009585380554,0.5464356541633606,0.0425408660739891,0.0
0,0.05268288403749466,0.7778065800666809,0.4619726836681366,0.04983290852449731,0.0
0,0.0112045519053936,0.7638362646102905,0.16742412745952606,0.0041385281385281384,0.0
0,0.002693662652745843,0.10989668220281601,0.012722708284854889,0.0,0.0
0,0.42266538739204407,0.975669801235199,0.9329437017440796,0.5726383479757269,0.5250983707192384
0,0.20848757028579712,0.930962085723877,0.7745833992958069,0.37444444444444447,0.38108824874256975
0,0.19489559531211853,0.9787126779556274,0.9323301911354065,0.2686236854138089,0.24481024234110654
0,0.09482645988464355,0.9667888283729553,0.8602530360221863,0.11795714285714286,0.03724285714285714
0,0.0023285432253032923,0.3263787627220154,0.02498779445886612,1.8264840182648402e-05,0.0
0,0.3116012513637543,0.9880388379096985,0.9298236966133118,0.5793188010899183,0.6132788374205268
0,0.13137266039848328,0.9122800230979919,0.73829185962677,0.22642465753424657,0.17578538812785388
0,0.16921329498291016,0.9737446904182434,0.8786280155181885,0.24509510869565218,0.24093297101449276
0,0.30117979645729065,0.942294716835022,0.8936811685562134,0.457633403326334,0.3767331600173316
0,0.09951520711183548,0.8881781101226807,0.7898827195167542,0.1458287145618682,0.12696467952532642
0,0.35752737522125244,0.9411153197288513,0.898944079875946,0.49926459503835924,0.4611294679416402
0,0.31690576672554016,0.9167081117630005,0.8620092868804932,0.47506772850415463,0.47635411552937323
0,0.24147601425647736,0.8864204287528992,0.6960616707801819,0.4521938956883856,0.39638413488395713
0,0.15746521949768066,0.9164093732833862,0.8510885834693909,0.21301238444095588,0.154421768707483
0,0.013510096818208694,0.8761053681373596,0.34411272406578064,0.016129891579424065,0.0
0,0.2602289617061615,0.986828088760376,0.9491977095603943,0.341339111328125,0.3852640787760417
0,0.11941211670637131,0.9695556163787842,0.8518295884132385,0.15678914388020834,0.15050252278645834
0,0.04216788709163666,0.9039745330810547,0.6579781174659729,0.051920572916666664,0.0
0,0.19934000074863434,0.8204694986343384,0.6948143839836121,0.3450113932291667,0.3717753092447917
0,0.1055321991443634,0.936051607131958,0.7483522891998291,0.14387003580729166,0.0
0,0.1010858342051506,0.9227612018585205,0.8095727562904358,0.15122477213541666,0.11680094401041667
0,0.07515811920166016,0.7407373785972595,0.5080323815345764,0.08912150065104167,0.0
0,0.06153762713074684,0.7339288592338562,0.5712285041809082,0.09919230143229167,0.0
0,0.16235826909542084,0.9194981455802917,0.8329172730445862,0.22637939453125,0.22705078125
0,0.014299546368420124,0.5758861899375916,0.2131887674331665,0.007293701171875,0.0
0,0.003910992760211229,0.24999618530273438,0.030327534303069115,0.0,0.0
0,0.04029516875743866,0.7345005869865417,0.5189114212989807,0.046112060546875,0.0
0,0.15972812473773956,0.760650634765625,0.6370307803153992,0.2827351888020833,0.3420817057291667
0,0.16891969740390778,0.9475754499435425,0.8832359910011292,0.24283854166666666,0.2699178059895833
0,0.035804618149995804,0.799755334854126,0.5290343761444092,0.038777669270833336,0.0
0,0.047196775674819946,0.8574102520942688,0.7634783983230591,0.062082926432291664,0.027058919270833332
0,0.018009429797530174,0.8211875557899475,0.2735656499862671,0.010304768880208334,0.0
0,0.008004575967788696,0.3796083331108093,0.04760265722870827,0.001190185546875,0.0
0,0.07386652380228043,0.9403530955314636,0.8196004033088684,0.111114501953125,0.037506103515625
0,0.012761086225509644,0.788257360458374,0.2518261671066284,0.008270263671875,0.0
0,0.008984599262475967,0.316791832447052,0.09619516879320145,2.0345052083333332e-05,0.0
0,0.3126065731048584,0.9552357196807861,0.9212159514427185,0.4189351399739583,0.4104512532552083
0,0.09100785851478577,0.8899121284484863,0.7856376767158508,0.131683349609375,0.0
0,0.1471509337425232,0.9054896235466003,0.8213223218917847,0.22239176432291666,0.22265625
0,0.1403139978647232,0.8292155861854553,0.7007893323898315,0.211212158203125,0.0
0,0.025189904496073723,0.8938665986061096,0.46894654631614685,0.022267659505208332,0.0
0,0.0854538306593895,0.957912266254425,0.8975157737731934,0.113983154296875,0.062154134114583336
0,0.03407144546508789,0.7435405850410461,0.4970853626728058,0.044748942057291664,0.0
0,0.11736419796943665,0.9110215306282043,0.6765097975730896,0.16408284505208334,0.0
0,0.03640437498688698,0.6737285852432251,0.35922810435295105,0.023457845052083332,0.0
0,0.03672616556286812,0.8122723698616028,0.45078244805336,0.035603841145833336,0.0
0,0.08751139044761658,0.8931231498718262,0.814786434173584,0.112548828125,0.08662923177083333
0,0.01851494237780571,0.7876046895980835,0.398406445980072,0.017608642578125,0.0
0,0.19749821722507477,0.9291837811470032,0.8507168292999268,0.2874654134114583,0.3167012532552083
0,0.19217894971370697,0.9235922694206238,0.8623481392860413,0.2935994466145833,0.2978515625
0,0.05316673219203949,0.9038048982620239,0.7648915648460388,0.07375081380208333,0.01519775390625
0,0.010439757257699966,0.7885831594467163,0.27753275632858276,0.010162353515625,0.0
0,0.0070365299470722675,0.537466287612915,0.06131153553724289,0.0013834635416666667,0.0
0,0.12200921028852463,0.8636217713356018,0.7208598256111145,0.17839558919270834,0.0
0,0.08160822838544846,0.8727816939353943,0.7767922878265381,0.09077962239583333,0.060302734375
0,0.13693855702877045,0.8678218126296997,0.7422348856925964,0.20012410481770834,0.1553955078125
0,0.2301943451166153,0.9658995866775513,0.9246836304664612,0.2998453776041667,0.3051554361979167
0,0.01979607716202736,0.7167145609855652,0.3793766498565674,0.021077473958333332,0.0
0,0.013745997101068497,0.6638869047164917,0.3330659568309784,0.012166341145833334,0.0
0,0.012805909849703312,0.7650671601295471,0.29205089807510376,0.010508219401041666,0.0
0,0.014304992742836475,0.4900450110435486,0.16871994733810425,0.005747477213541667,0.0
0,0.00578899122774601,0.37972334027290344,0.050702549517154694,0.0008951822916666666,0.0
0,0.028125375509262085,0.8054792284965515,0.4055629074573517,0.024261474609375,0.0
0,0.3207087218761444,0.9465966820716858,0.8940516710281372,0.4313557942708333,0.510162353515625
0,0.2987295985221863,0.9669140577316284,0.9406808614730835,0.4042561848958333,0.410736083984375
0,0.17090542614459991,0.9008791446685791,0.8388118147850037,0.254364013671875,0.2673136393229167
0,0.012247771956026554,0.4379136264324188,0.13206616044044495,0.0024312337239583335,0.0
0,0.010065576992928982,0.8233283758163452,0.13262686133384705,0.004730224609375,0.0
0,0.21116280555725098,0.9796287417411804,0.9567959308624268,0.2656453450520833,0.21748860677083334
0,0.09364248067140579,0.9874235987663269,0.9562273025512695,0.11757405598958333,0.07000732421875
0,0.004053410142660141,0.2544163167476654,0.03416481614112854,0.0,0.0
0,0.018672259524464607,0.9184802770614624,0.35879218578338623,0.017120361328125,0.0
0,0.008827358484268188,0.7089183926582336,0.20226667821407318,0.006052652994791667,0.0
0,0.11428767442703247,0.9421883225440979,0.8728901743888855,0.1429443359375,0.14449055989583334
0,0.0848323404788971,0.9514138102531433,0.8769476413726807,0.10749308268229167,0.10017903645833333
0,0.09311199933290482,0.9152045845985413,0.8670357465744019,0.13310750325520834,0.1124267578125
0,0.04488156735897064,0.8759993314743042,0.5895373821258545,0.06298828125,0.0
0,0.019497022032737732,0.8378854393959045,0.3006398379802704,0.011189778645833334,0.0
0,0.0653282031416893,0.9314625263214111,0.8385475873947144,0.08205159505208333,0.04632568359375
0,0.07317687571048737,0.8657925128936768,0.6888809204101562,0.11280314127604167,0.027140299479166668
0,0.05418264493346214,0.8651101589202881,0.6867902874946594,0.076690673828125,0.0
0,0.011395220644772053,0.780662477016449,0.2861662805080414,0.010854085286458334,0.0
0,0.021483294665813446,0.6164163947105408,0.21983955800533295,0.006703694661458333,0.0
0,0.09614530205726624,0.8720207810401917,0.6513515710830688,0.12444051106770833,0.0
0,0.03146565333008766,0.8602518439292908,0.7045668363571167,0.0452880859375,0.012166341145833334
0,0.12194416671991348,0.8640812635421753,0.7720050811767578,0.17711385091145834,0.12430826822916667
0,0.00601819297298789,0.7151256799697876,0.05389617383480072,0.0018310546875,0.0
0,0.052830830216407776,0.6180891394615173,0.4399569630622864,0.09587605794270833,0.0
0,0.050215065479278564,0.5907201766967773,0.45971184968948364,0.09613037109375,0.0
0,0.1136903464794159,0.796609103679657,0.6260064840316772,0.19163004557291666,0.0
0,0.025519510731101036,0.8731066584587097,0.4539549946784973,0.026926676432291668,0.0
0,0.015090718865394592,0.5791624188423157,0.22798459231853485,0.0042724609375,0.0
0,0.010413098149001598,0.5475547909736633,0.12667709589004517,0.0024312337239583335,0.0
0,0.11578287929296494,0.8473372459411621,0.7399864792823792,0.17051188151041666,0.14127604166666666
0,0.0033298248890787363,0.13273923099040985,0.023109277710318565,0.0,0.0
0,0.007056320086121559,0.5952572822570801,0.13880464434623718,0.004933675130208333,0.0
0,0.08089946955442429,0.7900447845458984,0.5156607627868652,0.1279296875,0.0
0,0.13405530154705048,0.9010533690452576,0.718097448348999,0.20050048828125,0.0
0,0.007175251841545105,0.21700547635555267,0.07892589271068573,0.0,0.0
0,0.0037384042516350746,0.2267836332321167,0.019985152408480644,0.0,0.0
0,0.010330126620829105,0.6398485898971558,0.224735289812088,0.006062825520833333,0.0
0,0.04187357425689697,0.9024378061294556,0.7335473299026489,0.0428466796875,0.0
0,0.10491888970136642,0.8877896666526794,0.798339307308197,0.15052286783854166,0.14948527018229166
0,0.026100626215338707,0.9333093762397766,0.6322757005691528,0.030019124348958332,0.0
0,0.0813077762722969,0.8587185740470886,0.7759445905685425,0.10648600260416667,0.0
0,0.009479355067014694,0.7230162620544434,0.15152934193611145,0.00567626953125,0.0
0,0.004278156906366348,0.2467147707939148,0.04611717164516449,0.0,0.0
0,0.01074277888983488,0.7252596020698547,0.18358922004699707,0.006011962890625,0.0
0,0.016188953071832657,0.7558172941207886,0.15252894163131714,0.005076090494791667,0.0
0,0.01281365379691124,0.7757747173309326,0.22285404801368713,0.008544921875,0.0
0,0.0109475776553154,0.33437204360961914,0.1302787959575653,0.000244140625,0.0
0,0.034056663513183594,0.6159545183181763,0.4368022084236145,0.039642333984375,0.0
0,0.0048640090972185135,0.13117322325706482,0.018941707909107208,0.0,0.0
0,0.004572031553834677,0.5824910998344421,0.03085050918161869,0.001068115234375,0.0
0,0.0064306496642529964,0.6383845806121826,0.05079663544893265,0.0026143391927083335,0.0
0,0.04343278333544731,0.8077641129493713,0.6382683515548706,0.07020060221354167,0.057820638020833336
0,0.006083969492465258,0.6434413194656372,0.039713259786367416,0.0022074381510416665,0.0
0,0.0036605733912438154,0.026861203834414482,0.011419614776968956,0.0,0.0
0,0.03139127790927887,0.8772666454315186,0.5593977570533752,0.029398600260416668,0.0
0,0.011042182333767414,0.7708100080490112,0.1602620780467987,0.006113688151041667,0.0
0,0.014401250518858433,0.38537469506263733,0.113973468542099,0.0006815592447916666,0.0
0,0.0047610304318368435,0.3487560451030731,0.04958902671933174,0.0003662109375,0.0
0,0.006980133708566427,0.2423849105834961,0.048496000468730927,0.0,0.0
0,0.02583843655884266,0.7793218493461609,0.43445950746536255,0.026173909505208332,0.0
0,0.004975336138159037,0.13409410417079926,0.03258974477648735,0.0,0.0
0,0.036252208054065704,0.922062337398529,0.706899106502533,0.046875,0.0
0,0.050032783299684525,0.8749346137046814,0.6868922114372253,0.053853352864583336,0.0
0,0.006075022742152214,0.6175702810287476,0.06406543403863907,0.001800537109375,0.0
0,0.009938176721334457,0.7568970322608948,0.16545012593269348,0.005279541015625,0.0
0,0.007333503570407629,0.8110781908035278,0.10989668220281601,0.0007222493489583334,0.0
0,0.05765579640865326,0.8399966359138489,0.4914455711841583,0.042704264322916664,0.0
0,0.022954754531383514,0.8300437331199646,0.3948354423046112,0.0152587890625,0.0
0,0.0032127874437719584,0.13217812776565552,0.03371463343501091,0.0,0.0
0,0.05931795760989189,0.7181004285812378,0.5185595750808716,0.08335367838541667,0.0
0,0.08509204536676407,0.8150853514671326,0.6537903547286987,0.13258870442708334,0.0
0,0.003358701942488551,0.18579941987991333,0.05184547230601311,0.0,0.0
0,0.009328761138021946,0.8392075896263123,0.13752900063991547,0.0067138671875,0.0
0,0.0016366346972063184,0.020685462281107903,0.008348054252564907,0.0,0.0
0,0.03765328601002693,0.677047073841095,0.49954327940940857,0.068359375,0.0
0,0.09112336486577988,0.9427180886268616,0.8464508652687073,0.11963907877604167,0.08304850260416667
0,0.03527870401740074,0.957912266254425,0.7877582311630249,0.050679524739583336,0.035664876302083336
0,0.006926072295755148,0.9537942409515381,0.06394492089748383,0.004933675130208333,0.0
0,0.052076082676649094,0.8143482804298401,0.5702679753303528,0.054890950520833336,0.0
0,0.004166236147284508,0.32949957251548767,0.045268092304468155,0.00019327799479166666,0.0
0,0.01371594239026308,0.4521428048610687,0.30797892808914185,0.016377766927083332,0.0
0,0.036483969539403915,0.8478417992591858,0.5407410860061646,0.051595052083333336,0.0
0,0.028694704174995422,0.703956663608551,0.39379289746284485,0.024017333984375,0.0
0,0.018404202535748482,0.9803562164306641,0.7195274233818054,0.014190673828125,0.00897216796875
0,0.012339764274656773,0.5613049864768982,0.15253272652626038,0.001708984375,0.0
0,0.02064407989382744,0.8333246111869812,0.3054807782173157,0.012074788411458334,0.0
0,0.060779597610235214,0.8918110132217407,0.7047640085220337,0.07857259114583333,0.0
0,0.0028406763449311256,0.16344542801380157,0.016657039523124695,0.0,0.0
0,0.0052688526920974255,0.5754090547561646,0.12157516181468964,0.002288818359375,0.0
0,0.01829061284661293,0.7629542946815491,0.24870565533638,0.009145100911458334,0.0
0,0.021212339401245117,0.9094254970550537,0.5882388353347778,0.024515787760416668,0.0
0,0.08941570669412613,0.8094266653060913,0.6614823937416077,0.11258951822916667,0.0
0,0.014799327589571476,0.956308901309967,0.5526698231697083,0.015696207682291668,0.0
0,0.021089384332299232,0.8957052826881409,0.465171217918396,0.018483479817708332,0.0
0,0.005931477528065443,0.5920770764350891,0.05399584770202637,0.00103759765625,0.0
0,0.022960186004638672,0.8991213440895081,0.47486600279808044,0.020467122395833332,0.0
0,0.002829634817317128,0.04655127227306366,0.011115013621747494,0.0,0.0
0,0.016516653820872307,0.8895288109779358,0.31268471479415894,0.012410481770833334,0.0
0,0.010201586410403252,0.6981236934661865,0.1840243637561798,0.006785074869791667,0.0
0,0.03013916127383709,0.8321002125740051,0.48621702194213867,0.028757731119791668,0.0
0,0.023562215268611908,0.8094266653060913,0.33556854724884033,0.013448079427083334,0.0
0,0.005718480795621872,0.23988313972949982,0.0645354837179184,0.0,0.0
0,0.03893361613154411,0.6164163947105408,0.46301838755607605,0.07928466796875,0.0
0,0.002591401804238558,0.35142236948013306,0.02512665092945099,6.103515625e-05,0.0
0,0.1483742892742157,0.8784186244010925,0.7769564986228943,0.22365315755208334,0.09993489583333333
0,0.0036324828397482634,0.44845646619796753,0.02232750505208969,0.0002950032552083333,0.0
0,0.012791785411536694,0.7489036321640015,0.30858808755874634,0.011555989583333334,0.0
0,0.0031997717451304197,0.895339846611023,0.007999754510819912,0.001861572265625,0.0
0,0.00208927015773952,0.129733145236969,0.00970847625285387,0.0,0.0
0,0.007146426942199469,0.6843695044517517,0.10556779056787491,0.0031534830729166665,0.0
0,0.11936634033918381,0.8906751871109009,0.8211875557899475,0.15510050455729166,0.10384114583333333
0,0.004117651376873255,0.34953272342681885,0.0645354837179184,0.000152587890625,0.0
0,0.08292009681463242,0.8657925128936768,0.7470627427101135,0.12066650390625,0.040242513020833336
0,0.0026784001383930445,0.18742996454238892,0.030329255387187004,0.0,0.0
0,0.3056296408176422,0.9555686116218567,0.907312273979187,0.4219156901041667,0.4540506998697917
0,0.22796885669231415,0.8569320440292358,0.7772998809814453,0.407928466796875,0.2872314453125
0,0.23844249546527863,0.8193157911300659,0.6964746713638306,0.4152730305989583,0.3881429036458333
0,0.0024565192870795727,0.0364251509308815,0.014281933195888996,0.0,0.0
0,0.016116108745336533,0.44733956456184387,0.19102567434310913,0.004058837890625,0.0
0,0.007251502480357885,0.413595587015152,0.05612657964229584,0.0032552083333333335,0.0
0,0.027872567996382713,0.9348725080490112,0.5217413306236267,0.025685628255208332,0.0
0,0.16737991571426392,0.920074462890625,0.840778648853302,0.2812703450520833,0.052703857421875
0,0.006535808090120554,0.18847328424453735,0.05490385368466377,0.0,0.0
0,0.019977165386080742,0.7902066707611084,0.44109663367271423,0.022572835286458332,0.0
0,0.011770695447921753,0.7788175344467163,0.15713296830654144,0.004170735677083333,0.0
0,0.013424371369183064,0.7435405850410461,0.231440469622612,0.008768717447916666,0.0
0,0.06537580490112305,0.9437636137008667,0.8470805883407593,0.08811442057291667,0.051188151041666664
0,0.1033606007695198,0.9041438698768616,0.6857295632362366,0.19492594401041666,0.180908203125
0,0.0030991574749350548,0.09739040583372116,0.03547750413417816,0.0,0.0
0,0.017130063846707344,0.7031419277191162,0.38167867064476013,0.022196451822916668,0.0
0,0.09834080934524536,0.925499677658081,0.782163679599762,0.15378824869791666,0.11962890625
0,0.015227650292217731,0.9193534255027771,0.3484134078025818,0.012685139973958334,0.0
0,0.008055724203586578,0.6141047477722168,0.17216767370700836,0.00457763671875,0.0
0,0.12395808845758438,0.8792504668235779,0.7673413753509521,0.18125406901041666,0.060546875
0,0.07909957319498062,0.9930152893066406,0.9452984929084778,0.09302775065104167,0.035614013671875
0,0.004893603269010782,0.704871654510498,0.03912165015935898,0.0019734700520833335,0.0
0,0.1263868808746338,0.8713654279708862,0.7745833992958069,0.18890380859375,0.16795857747395834
0,0.034897223114967346,0.7079098224639893,0.43650010228157043,0.033803304036458336,0.0
0,0.11549639701843262,0.9549844264984131,0.8707072734832764,0.148712158203125,0.0
0,0.014729720540344715,0.6357879638671875,0.1507737785577774,0.0032450358072916665,0.0
0,0.2821885645389557,0.9762653708457947,0.9423975944519043,0.380279541015625,0.3725687662760417
0,0.07823178172111511,0.8794577121734619,0.74669349193573,0.09958902994791667,0.0
0,0.11964019387960434,0.9576753973960876,0.840520977973938,0.1527099609375,0.0
0,0.06080462038516998,0.942294716835022,0.7926247715950012,0.06892903645833333,0.027303059895833332
0,0.17242687940597534,0.9565531015396118,0.9071478247642517,0.2225341796875,0.19603474934895834
0,0.09464546293020248,0.9276259541511536,0.8171371221542358,0.10761515299479167,0.0
0,0.013735323213040829,0.8701565861701965,0.12938955426216125,0.006072998046875,0.0
0,0.05229714512825012,0.9762200117111206,0.8226170539855957,0.051991780598958336,0.0
0,0.22926120460033417,0.9773275852203369,0.9331876635551453,0.311798095703125,0.2641194661458333
0,0.026383036747574806,0.8636217713356018,0.5152783989906311,0.022176106770833332,0.0
0,0.014365685172379017,0.8696039319038391,0.3837394416332245,0.014414469401041666,0.0
0,0.031804416328668594,0.7633073329925537,0.3129996359348297,0.014190673828125,0.0
0,0.171578049659729,0.9291837811470032,0.820900559425354,0.24175008138020834,0.111846923828125
0,0.03297194465994835,0.634882926940918,0.29229220747947693,0.012064615885416666,0.0
0,0.12458597868680954,0.9755303859710693,0.9394672513008118,0.15374755859375,0.077362060546875
0,0.5375353693962097,0.9884026646614075,0.9698426127433777,0.707672119140625,0.846466064453125
0,0.017251724377274513,0.5717068314552307,0.19899646937847137,0.004872639973958333,0.0
0,0.03302006050944328,0.8763172030448914,0.5828472375869751,0.036448160807291664,0.0
0,0.09359488636255264,0.9849274158477783,0.9537942409515381,0.11873372395833333,0.0927734375
0,0.08018514513969421,0.981979250907898,0.8934953808784485,0.09593709309895833,0.0
0,0.0016572143649682403,0.013376603834331036,0.005511934403330088,0.0,0.0
0,0.0036790405865758657,0.08540366590023041,0.018689310178160667,0.0,0.0
0,0.009803337045013905,0.9238675236701965,0.343889057636261,0.011301676432291666,0.0
0,0.06708710640668869,0.9983124732971191,0.9747251272201538,0.07549031575520833,0.024332682291666668
0,0.019226351752877235,0.938010573387146,0.4756052792072296,0.019999186197916668,0.0
0,0.22818346321582794,0.9564718008041382,0.8897225260734558,0.30912,0.149152
0,0.4604026675224304,0.922062337398529,0.8803863525390625,0.6587626666666667,0.789472
0,0.030127588659524918,0.9638481140136719,0.7015096545219421,0.03295466666666667,0.0
0,0.006730630993843079,0.5359789729118347,0.03302355110645294,0.0006186666666666667,0.0
0,0.15146130323410034,0.9922143816947937,0.9356964230537415,0.18695068359375,0.07784016927083333
0,0.12790460884571075,0.9843363761901855,0.9527502655982971,0.158721923828125,0.09466552734375
0,0.0018774425843730569,0.7086160182952881,0.02964751049876213,0.0007259114583333333,0.0
0,0.19477947056293488,0.9707987308502197,0.7934262752532959,0.28125208333333335,0.08277291666666667
0,0.4331861138343811,0.9682013392448425,0.9155072569847107,0.6139761431411531,0.6265556660039762
0,0.017518745735287666,0.974531888961792,0.19574931263923645,0.006320833333333334,0.0
0,0.15968114137649536,0.9223425984382629,0.8490973711013794,0.21734166666666666,0.23165833333333333
0,0.25289440155029297,0.9999090433120728,0.9273277521133423,0.3370705865701519,0.37922842064823986
0,0.06960075348615646,0.8562121987342834,0.7122641801834106,0.09466054489943367,0.0
0,0.001696292427368462,0.3019792437553406,0.01764446310698986,4.7080979284369114e-06,0.0
0,0.0025937878526747227,0.7200731039047241,0.012336100451648235,0.0014697406340057637,0.0
0,0.0715327262878418,0.986828088760376,0.925094723701477,0.08298906912514101,0.03975570856187031
0,0.25656962394714355,0.9980121850967407,0.9866234660148621,0.30419662921348317,0.271123595505618
0,0.18247665464878082,0.9596109390258789,0.8368227481842041,0.23462322946175637,0.027427762039660058
0,0.3053344786167145,0.9911527037620544,0.9296960830688477,0.43042857142857144,0.49644571428571427
0,0.2281620353460312,0.9978087544441223,0.9829546809196472,0.29949419568822555,0.17915008291873963
0,0.07270204275846481,0.8207569718360901,0.5411363840103149,0.09293351302785265,0.0
0,0.06459493935108185,0.698535144329071,0.46727192401885986,0.09630236794171221,0.0
0,0.5877726674079895,0.9978843331336975,0.9689150452613831,0.7577277432712215,0.8578364389233955
0,0.8768365383148193,0.9987599849700928,0.9740425944328308,0.9911535303776683,1.0
0,0.25651100277900696,0.994820237159729,0.958615243434906,0.3608045977011494,0.37689244663382593
0,0.13852964341640472,0.9849274158477783,0.920074462890625,0.16358147229114972,0.15141852770885028
0,0.6444246172904968,0.9990226030349731,0.9815597534179688,0.7801113861386139,0.8278671617161716
0,0.40443912148475647,0.9965435862541199,0.9710193276405334,0.5329794238683128,0.599037037037037
0,0.4907502830028534,0.9993928670883179,0.9874725937843323,0.6061793611793612,0.6144594594594595
0,0.0970267802476883,0.9323301911354065,0.7461389899253845,0.12363016520413628,0.0
0,0.4679005742073059,0.9760836362838745,0.9366336464881897,0.6614173021368094,0.6811530201589266
0,0.02555813267827034,0.9031234383583069,0.5043615698814392,0.018791247430487937,0.0
0,0.2596469223499298,0.9870795607566833,0.9375547766685486,0.35302083333333334,0.30902291666666665
0,0.5539571642875671,0.9871788024902344,0.9261382222175598,0.802917254822881,0.9799798346440814
0,0.133400559425354,0.996321439743042,0.9539660811424255,0.15741066198008202,0.0740885944752377
0,0.05647444725036621,0.8996515870094299,0.632729709148407,0.07681066176470588,0.0
0,0.1096053496003151,0.9665370583534241,0.8092760443687439,0.1302620730270907,0.0
0,0.06106310337781906,0.8704872727394104,0.729616105556488,0.0746824480369515,0.0
0,0.6203961372375488,0.997231662273407,0.9777563810348511,0.759771634385118,0.7805927543728567
0,0.008535104803740978,0.2846754491329193,0.058345843106508255,2.0488864302251725e-05,0.0
0,0.11191285401582718,0.9815597534179688,0.752549409866333,0.14977617402256982,0.0
0,0.013648364692926407,0.9125921130180359,0.30278781056404114,0.010833740234375,0.0
0,0.11251657456159592,0.8818185925483704,0.6817235946655273,0.14251708984375,0.0
0,0.27735063433647156,0.9582260847091675,0.8980534672737122,0.3880106608072917,0.3350118001302083
0,0.5001060366630554,0.9447912573814392,0.8906751871109009,0.773773193359375,0.90380859375
0,0.2960582673549652,0.9769787192344666,0.9099069833755493,0.4077657063802083,0.3131510416666667
0,0.20191626250743866,0.9194981455802917,0.8460696339607239,0.2944437662760417,0.0
0,0.25209948420524597,0.9385759830474854,0.8754679560661316,0.3500467936197917,0.12793986002604166
0,0.10463428497314453,0.9960851669311523,0.954647421836853,0.13185628255208334,0.027628580729166668
0,0.26803234219551086,0.9596109390258789,0.91804039478302,0.358367919921875,0.3724873860677083
0,0.056338053196668625,0.9064877033233643,0.60760498046875,0.049784342447916664,0.0
0,0.19894683361053467,0.9909447431564331,0.9575938582420349,0.261932373046875,0.18918863932291666
0,0.22877855598926544,0.9716179370880127,0.925499677658081,0.2982076009114583,0.13584391276041666
0,0.17754186689853668,0.9962051510810852,0.9878528118133545,0.219940185546875,0.10817464192708333
0,0.25663962960243225,0.980728805065155,0.9309583306312561,0.3535257975260417,0.3368733723958333
0,0.27082696557044983,0.975296139717102,0.9241418242454529,0.3507792154947917,0.16865030924479166
0,0.09232228994369507,0.9508692026138306,0.878835141658783,0.09943644205729167,0.053680419921875
0,0.13402678072452545,0.9447912573814392,0.8269872069358826,0.16176350911458334,0.0
0,0.012151848524808884,0.3661363422870636,0.0889737457036972,0.00023396809895833334,0.0
0,0.2613668441772461,0.9924227595329285,0.9187678694725037,0.361114501953125,0.38311767578125
0,0.21267302334308624,0.9264369606971741,0.8386757969856262,0.3012593587239583,0.12891642252604166
0,0.011571922339498997,0.6239498853683472,0.1892167627811432,0.005716959635416667,0.0
0,0.41828861832618713,0.961605966091156,0.9164093732833862,0.598358154296875,0.7000223795572916
0,0.2644732892513275,0.9571177959442139,0.8944211602210999,0.3720194498697917,0.3133341471354167
0,0.2423664778470993,0.9848109483718872,0.8982321619987488,0.3390096028645833,0.21661376953125
0,0.10371183604001999,0.8574102520942688,0.7498207092285156,0.13740030924479166,0.0
0,0.09903150796890259,0.9838472008705139,0.9387973546981812,0.11055501302083333,0.0
0,0.3140285015106201,0.983020007610321,0.9334307909011841,0.4416402180989583,0.4470723470052083
0,0.1783296912908554,0.9908744096755981,0.8749346137046814,0.24550374348958334,0.0
0,0.29418328404426575,0.9404625296592712,0.8551267385482788,0.428985595703125,0.3477579752604167
0,0.23326651751995087,0.9723097085952759,0.869714617729187,0.3243611653645833,0.178955078125
0,0.31433913111686707,0.9462003111839294,0.8828325867652893,0.44805908203125,0.15807088216145834
0,0.08997557312250137,0.8866168856620789,0.6799229979515076,0.09166463216145833,0.0
0,0.11567523330450058,0.9927951693534851,0.9537081718444824,0.132843017578125,0.031158447265625
0,0.05895456671714783,0.8669230937957764,0.5912494659423828,0.047292073567708336,0.0
0,0.19914935529232025,0.9349913001060486,0.8606036305427551,0.2636210123697917,0.21961466471354166
0,0.07544934004545212,0.9632996320724487,0.8812004327774048,0.094482421875,0.06268310546875
0,0.12198761850595474,0.9892232418060303,0.9515913724899292,0.14387003580729166,0.09584554036458333
0,0.1420854777097702,0.9362850189208984,0.826847493648529,0.17622884114583334,0.0877685546875
0,0.26212361454963684,0.9980732202529907,0.9750078916549683,0.3530680338541667,0.2602742513020833
0,0.08273220807313919,0.8583627939224243,0.6214835047721863,0.07777913411458333,0.0
0,0.1372317671775818,0.902265727519989,0.7380974888801575,0.19933064778645834,0.10750325520833333
0,0.2347726821899414,0.9670388102531433,0.8625763058662415,0.3540445963541667,0.3939717610677083
0,0.09203007072210312,0.9798612594604492,0.8789359927177429,0.09633382161458333,0.0
0,0.16313523054122925,0.8386797904968262,0.6768335700035095,0.262298583984375,0.0
0,0.03761225566267967,0.7036513090133667,0.4413512051105499,0.031229654947916668,0.0
0,0.1264256089925766,0.9074763655662537,0.7597605586051941,0.16082763671875,0.0
0,0.08544492721557617,0.8914335370063782,0.6927428245544434,0.10539754231770833,0.0
0,0.3983346223831177,0.9775429368019104,0.9349913001060486,0.5193684895833334,0.5384928385416666
0,0.19314444065093994,0.9797065258026123,0.8161090016365051,0.2945149739583333,0.0
0,0.0990254357457161,0.885433554649353,0.7697731852531433,0.10105387369791667,0.0
0,0.15239790081977844,0.9652503728866577,0.8756743669509888,0.194793701171875,0.07143147786458333
0,0.09580907970666885,0.9334307909011841,0.739234209060669,0.11197916666666667,0.0
0,0.21987676620483398,0.9555686116218567,0.8070047497749329,0.3319498697916667,0.10335286458333333
0,0.1855800896883011,0.9203612804412842,0.8390718102455139,0.2669270833333333,0.14377848307291666
0,0.3120720088481903,0.9698426127433777,0.8842393159866333,0.4557596842447917,0.5205281575520834
0,0.34891247749328613,0.9897909760475159,0.9320833086967468,0.4967244466145833,0.572784423828125
0,0.025943279266357422,0.8866168856620789,0.5936628580093384,0.020731608072916668,0.0
0,0.3693467378616333,0.9474782943725586,0.8946054577827454,0.5114237467447916,0.5725809733072916
0,0.009249524213373661,0.6592954993247986,0.10484336316585541,0.0037129720052083335,0.0
0,0.06254933774471283,0.9508692026138306,0.8794577121734619,0.06595865885416667,0.022837320963541668
0,0.06057208776473999,0.9815244078636169,0.8730968832969666,0.06792195638020833,0.016520182291666668
0,0.2866434156894684,0.9610249400138855,0.9256302118301392,0.387847900390625,0.3344014485677083
0,0.04777582362294197,0.9462003111839294,0.7994329333305359,0.046101888020833336,0.0
0,0.0054461234249174595,0.30280327796936035,0.033148519694805145,0.0001220703125,0.0
0,0.06822562962770462,0.8214741349220276,0.6629056334495544,0.07590738932291667,0.0
0,0.14947544038295746,0.9795506000518799,0.8530542254447937,0.192413330078125,0.0
0,0.10646763443946838,0.845432698726654,0.7076037526130676,0.153045654296875,0.07753499348958333
0,0.20164497196674347,0.9785493016242981,0.9304582476615906,0.277557373046875,0.2171630859375
0,0.26153063774108887,0.9976310729980469,0.9805806875228882,0.333770751953125,0.3582560221354167
0,0.22286070883274078,0.983020007610321,0.9337939620018005,0.2805582682291667,0.21649169921875
0,0.03931025043129921,0.9238675236701965,0.5617495179176331,0.033620198567708336,0.0
0,0.13817735016345978,0.9264369606971741,0.8591918349266052,0.1807861328125,0.06591796875
0,0.42938387393951416,0.9768908023834229,0.9405717849731445,0.56927490234375,0.61407470703125
0,0.006496216636151075,0.7783125042915344,0.05490385368466377,0.00128173828125,0.0
0,0.3366546332836151,0.95123291015625,0.889720618724823,0.481536865234375,0.4271138509114583
0,0.06857042759656906,0.9774571061134338,0.9293122291564941,0.07661946614583333,0.058156331380208336
0,0.1566564440727234,0.9915215969085693,0.8211875557899475,0.21288045247395834,0.0
0,0.28264597058296204,0.9755768775939941,0.9303279519081116,0.398345947265625,0.3435872395833333
0,0.029759598895907402,0.7680380344390869,0.40479975938796997,0.019205729166666668,0.0
0,0.18336719274520874,0.9608049392700195,0.9102219939231873,0.223846435546875,0.11136881510416667
0,0.05293458700180054,0.8216173648834229,0.5719298124313354,0.047587076822916664,0.0
0,0.029062429443001747,0.6013009548187256,0.28258901834487915,0.011545817057291666,0.0
0,0.02763090282678604,0.684580385684967,0.34410610795021057,0.016398111979166668,0.0
0,0.035755135118961334,0.7500038743019104,0.49960145354270935,0.034566243489583336,0.0
0,0.2310914397239685,0.9331876635551453,0.8513358235359192,0.3076375325520833,0.160736083984375
0,0.02927009016275406,0.9202179908752441,0.44418951869010925,0.02166748046875,0.0
0,0.060277391225099564,0.8586000204086304,0.527057409286499,0.048604329427083336,0.0
0,0.023265736177563667,0.8088233470916748,0.3504147231578827,0.017985026041666668,0.0
0,0.08339381217956543,0.8653379082679749,0.6885731220245361,0.096771240234375,0.0
0,0.024700967594981194,0.7440989017486572,0.36353054642677307,0.018117268880208332,0.0
0,0.45564404129981995,0.9795897603034973,0.9464978575706482,0.6252034505208334,0.7306009928385416
0,0.09419256448745728,0.8921873569488525,0.7534612417221069,0.12419637044270833,0.0
0,0.20368628203868866,0.9453993439674377,0.8609511852264404,0.2819722493489583,0.16557820638020834
0,0.12198852747678757,0.9753431081771851,0.8733229041099548,0.15561930338541666,0.054606119791666664
0,0.031010733917355537,0.8860265612602234,0.6520131826400757,0.023671468098958332,0.0
0,0.07205004245042801,0.7360213398933411,0.52320396900177,0.08937581380208333,0.0
0,0.4325774610042572,0.9779256582260132,0.9427180886268616,0.553619384765625,0.5393880208333334
0,0.04859519004821777,0.9119669198989868,0.7586840987205505,0.055399576822916664,0.0
0,0.05950586870312691,0.8824278712272644,0.7079007029533386,0.07854207356770833,0.0
0,0.19934885203838348,0.9520419239997864,0.892375111579895,0.2784525553385417,0.177093505859375
0,0.036650996655225754,0.9878528118133545,0.8010035157203674,0.031199137369791668,0.0
0,0.05133892595767975,0.9003546833992004,0.7565320730209351,0.052886962890625,0.0
0,0.026505114510655403,0.875893235206604,0.37158918380737305,0.016459147135416668,0.0
0,0.014433923177421093,0.8904848694801331,0.5207013487815857,0.015289306640625,0.0
0,0.56001216173172,0.9967013001441956,0.9737446904182434,0.742340087890625,0.8441975911458334
0,0.06641887873411179,0.8643104434013367,0.5950201749801636,0.07086181640625,0.0
0,0.47739851474761963,0.961533784866333,0.9214990139007568,0.6759134928385416,0.7077433268229166
0,0.17644178867340088,0.9222025275230408,0.847967803478241,0.23320515950520834,0.13899739583333334
0,0.021193617954850197,0.9366336464881897,0.29562732577323914,0.011088053385416666,0.0
0,0.09605369716882706,0.9663469791412354,0.8735387921333313,0.11116536458333333,0.06676228841145833
0,0.0027182993944734335,0.06406543403863907,0.014392335899174213,0.0,0.0
0,0.398580938577652,0.9689738154411316,0.9375547766685486,0.549224853515625,0.6121622721354166
0,0.020874349400401115,0.7122321724891663,0.3008359372615814,0.013193766276041666,0.0
0,0.008882754482328892,0.3734187185764313,0.0751764103770256,0.0004170735677083333,0.0
0,0.1985362023115158,0.9381240010261536,0.8916224837303162,0.2606913248697917,0.12082926432291667
0,0.10728975385427475,0.9242786765098572,0.7875998020172119,0.1263427734375,0.0
0,0.017268098890781403,0.7403621077537537,0.36817508935928345,0.015665690104166668,0.0
0,0.03229636326432228,0.8564525246620178,0.5033180117607117,0.021820068359375,0.0
0,0.018202483654022217,0.6281793713569641,0.15329550206661224,0.002227783203125,0.0
0,0.015418807975947857,0.8226170539855957,0.22253112494945526,0.005076090494791667,0.0
0,0.0149652985855937,0.9076402187347412,0.3048688769340515,0.011423746744791666,0.0
0,0.004637811332941055,0.19421492516994476,0.03949040547013283,0.0,0.0
0,0.17341412603855133,0.9669764637947083,0.9175984263420105,0.23518880208333334,0.18537394205729166
0,0.0031998194754123688,0.2756168842315674,0.029423579573631287,3.0517578125e-05,0.0
0,0.01929583214223385,0.7498207092285156,0.2866622507572174,0.010884602864583334,0.0
0,0.17854098975658417,0.9212159514427185,0.8576489090919495,0.253387451171875,0.245941162109375
0,0.053574640303850174,0.8822250962257385,0.7735586762428284,0.062276204427083336,0.0
0,0.021503811702132225,0.964655876159668,0.5356398224830627,0.014495849609375,0.0
0,0.009010889567434788,0.28101080656051636,0.06325051933526993,2.0345052083333332e-05,0.0
0,0.11902812123298645,0.9382373094558716,0.8071522116661072,0.15757242838541666,0.022562662760416668
0,0.1465027779340744,0.9132132530212402,0.7892336845397949,0.21903483072916666,0.0
0,0.0066803074441850185,0.25963789224624634,0.03853849694132805,0.0,0.0
0,0.018594911321997643,0.43518126010894775,0.16572809219360352,0.001556396484375,0.0
0,0.014052205719053745,0.7778065800666809,0.32124704122543335,0.011403401692708334,0.0
0,0.007359842304140329,0.4857673645019531,0.06476815044879913,0.0007425944010416666,0.0
0,0.013317982666194439,0.7158214449882507,0.1728605329990387,0.005533854166666667,0.0
0,0.05420072749257088,0.8807970285415649,0.7386577129364014,0.06349690755208333,0.0
0,0.008393916301429272,0.7913377285003662,0.1299538016319275,0.004313151041666667,0.0
0,0.11164005845785141,0.9620362520217896,0.8962459564208984,0.13676961263020834,0.020121256510416668
0,0.02298920787870884,0.7772998809814453,0.4190499186515808,0.01837158203125,0.0
0,0.24833033978939056,0.9554855227470398,0.902265727519989,0.3447265625,0.23138427734375
0,0.1868637055158615,0.9757161140441895,0.936168372631073,0.2534586588541667,0.16872151692708334
0,0.1247343048453331,0.9652503728866577,0.8985832929611206,0.14612833658854166,0.047749837239583336
0,0.04891224578022957,0.7848142385482788,0.6562145352363586,0.058247884114583336,0.0
0,0.018158884719014168,0.6607198715209961,0.28736168146133423,0.011484781901041666,0.0
0,0.10068278759717941,0.988447368144989,0.8908594846725464,0.12636311848958334,0.0
0,0.19531738758087158,0.9441768527030945,0.8575260639190674,0.2762959798177083,0.252227783203125
0,0.06955582648515701,0.8984104990959167,0.7335301637649536,0.06955973307291667,0.0
0,0.07111413031816483,0.9318356513977051,0.7856327295303345,0.08864339192708333,0.0
0,0.004825640004128218,0.08404061198234558,0.026708463206887245,0.0,0.0
0,0.03364698216319084,0.7956580519676208,0.4231564700603485,0.029795328776041668,0.0
0,0.06170814111828804,0.9364014267921448,0.7215441465377808,0.06632486979166667,0.0
0,0.07475250959396362,0.9822876453399658,0.9482476711273193,0.09083048502604167,0.06412760416666667
0,0.04426443576812744,0.9773707389831543,0.7375307679176331,0.0452880859375,0.0
0,0.13328814506530762,0.918333888053894,0.7798252105712891,0.18098958333333334,0.0
0,0.19409222900867462,0.9285385012626648,0.8846385478973389,0.25872802734375,0.18736775716145834
0,0.07501108199357986,0.9886682629585266,0.9253649115562439,0.08770751953125,0.07132975260416667
0,0.03451808914542198,0.9233161807060242,0.5213017463684082,0.02899169921875,0.0
0,0.0033110890071839094,0.042642392218112946,0.012007351033389568,0.0,0.0
0,0.11373668909072876,0.9887554049491882,0.9108582735061646,0.131195068359375,0.07637532552083333
0,0.011272144503891468,0.5129517912864685,0.14330755174160004,0.0022684733072916665,0.0
0,0.019003337249159813,0.709019124507904,0.2333567589521408,0.0067138671875,0.0
0,0.01854371465742588,0.7622470855712891,0.2963426113128662,0.012451171875,0.0
0,0.09074614197015762,0.9599125981330872,0.8848257660865784,0.09946695963541667,0.0
0,0.1304420679807663,0.9635748267173767,0.8638482093811035,0.161376953125,0.0
0,0.013514772057533264,0.6288633942604065,0.17119139432907104,0.004343668619791667,0.0
0,0.2259730100631714,0.8958876132965088,0.7772948145866394,0.3536580403645833,0.0
0,0.09742975234985352,0.8957052826881409,0.7563575506210327,0.12945556640625,0.0
0,0.10295213013887405,0.9005298018455505,0.7329685688018799,0.14017740885416666,0.0
0,0.5474258065223694,0.9515940546989441,0.920074462890625,0.7198486328125,0.7490641276041666
0,0.00973148737102747,0.3478693664073944,0.10612788051366806,0.0008138020833333334,0.0
0,0.12115155905485153,0.9234544038772583,0.8441522121429443,0.14875284830729166,0.045369466145833336
0,0.010700303129851818,0.6099308133125305,0.4129408299922943,0.012247721354166666,0.0
0,0.014360728673636913,0.8139049410820007,0.13106197118759155,0.00341796875,0.0
0,0.03614777699112892,0.9304582476615906,0.7171861529350281,0.032887776692708336,0.0
0,0.0035651803482323885,0.05310790240764618,0.01764446310698986,0.0,0.0
0,0.04070481285452843,0.788257360458374,0.4939228594303131,0.046376546223958336,0.0
0,0.04026311635971069,0.9478657245635986,0.6929506659507751,0.039011637369791664,0.0
0,0.025122014805674553,0.7733874917030334,0.44097989797592163,0.029642740885416668,0.0
0,0.3915501534938812,0.9598374962806702,0.9159594178199768,0.5152486165364584,0.489959716796875
0,0.008675933815538883,0.48160624504089355,0.09568693488836288,0.00177001953125,0.0
0,0.010466876439750195,0.6910805702209473,0.07081620395183563,0.00152587890625,0.0
0,0.06218652054667473,0.9639160633087158,0.7070983648300171,0.064971923828125,0.0
0,0.004532482009381056,0.10429472476243973,0.026506125926971436,0.0,0.0
0,0.014911436475813389,0.7210562229156494,0.2536705434322357,0.009531656901041666,0.0
0,0.018925895914435387,0.7084143161773682,0.28836262226104736,0.010874430338541666,0.0
0,0.06924531608819962,0.9836598634719849,0.9099021553993225,0.07719930013020833,0.014607747395833334
0,0.01933029107749462,0.7902066707611084,0.3213503062725067,0.013875325520833334,0.0
0,0.003042331663891673,0.21900326013565063,0.021043362095952034,0.0,0.0
0,0.009121292270720005,0.7306743860244751,0.10017221421003342,0.0023193359375,0.0
0,0.01121076475828886,0.4128260612487793,0.31837597489356995,0.013895670572916666,0.0
0,0.011946863494813442,0.5128298401832581,0.16817279160022736,0.003448486328125,0.0
0,0.03715411201119423,0.7470627427101135,0.5524144172668457,0.0599365234375,0.0
0,0.05687720701098442,0.8687154054641724,0.7611729502677917,0.06883748372395833,0.0
0,0.17331285774707794,0.929568350315094,0.7322090864181519,0.2657368977864583,0.16529337565104166
0,0.10718756914138794,0.8323729634284973,0.7174080014228821,0.14975992838541666,0.10677083333333333
0,0.10151121765375137,0.9461008310317993,0.8906751871109009,0.11456298828125,0.060791015625
0,0.09204588085412979,0.9817706942558289,0.9304582476615906,0.105072021484375,0.07501220703125
0,0.013552838005125523,0.6361271142959595,0.27521833777427673,0.010386149088541666,0.0
0,0.00491325231269002,0.391289621591568,0.0484059602022171,0.0004069010416666667,0.0
0,0.013778320513665676,0.888372004032135,0.214018777012825,0.008392333984375,0.0
0,0.016881654039025307,0.7826625108718872,0.4692191183567047,0.018229166666666668,0.0
0,0.012261216528713703,0.6331834197044373,0.15291562676429749,0.0031331380208333335,0.0
0,0.03534283861517906,0.7961340546607971,0.6336268782615662,0.030721028645833332,0.0
0,0.04210919514298439,0.8921873569488525,0.53129643201828,0.04376220703125,0.0
0,0.026309924200177193,0.74167400598526,0.34488460421562195,0.017445882161458332,0.0
0,0.07127732783555984,0.9760836362838745,0.8657891154289246,0.08140055338541667,0.0
0,0.0659746304154396,0.9901401400566101,0.9291837811470032,0.057505289713541664,0.0
0,0.11614059656858444,0.8946054577827454,0.7682067155838013,0.154937744140625,0.0
0,0.0029954006895422935,0.125600665807724,0.03197956085205078,0.0,0.0
0,0.05551467463374138,0.9728307723999023,0.914290726184845,0.066802978515625,0.037343343098958336
0,0.001559874857775867,0.030559862032532692,0.010448625311255455,0.0,0.0
0,0.008069457486271858,0.8665847778320312,0.15506313741207123,0.006123860677083333,0.0
0,0.009269553236663342,0.8796645402908325,0.17440183460712433,0.006968180338541667,0.0
0,0.047442223876714706,0.8933094143867493,0.7481683492660522,0.066986083984375,0.0
0,0.004805283155292273,0.11299101263284683,0.02964751049876213,0.0,0.0
0,0.0018686801195144653,0.580173671245575,0.008610767312347889,0.0008748372395833334,0.0
0,0.012904591858386993,0.9167081117630005,0.32058942317962646,0.011322021484375,0.0
0,0.0030375097412616014,0.7687332034111023,0.021083634346723557,0.000701904296875,0.0
0,0.03020179457962513,0.9640516638755798,0.8459424376487732,0.035481770833333336,0.021382649739583332
0,0.03021675907075405,0.9668514132499695,0.8616511225700378,0.030802408854166668,0.0242919921875
0,0.23345021903514862,0.9965969920158386,0.954562783241272,0.31046946714577967,0.1913060069322988
0,0.3074529767036438,0.9982109069824219,0.9141375422477722,0.4994148148148148,0.5140685185185185
0,0.10426796972751617,0.994594156742096,0.930962085723877,0.11802402402402402,0.017765765765765766
0,0.11580850929021835,0.9992387294769287,0.9876639246940613,0.13157145182291666,0.057169596354166664
0,0.1533994823694229,0.9802808165550232,0.8722385764122009,0.1868096646942801,0.050636094674556216
0,0.2452552616596222,0.9925682544708252,0.9144436717033386,0.34655325443786983,0.3163929980276134
0,0.0565582811832428,0.8731066584587097,0.6675812005996704,0.08395524475524475,0.04654545454545454
0,0.02852354198694229,0.7576150894165039,0.47035783529281616,0.02984265734265734,0.0
0,0.029539020732045174,0.9633685946464539,0.7641884088516235,0.03481934731934732,0.0
0,0.01303549762815237,0.9353464841842651,0.5042440891265869,0.013415543447089189,0.0
0,0.01987651363015175,0.9919067621231079,0.4309278726577759,0.01411080501989593,0.0
0,0.029329940676689148,0.9972955584526062,0.7988184094429016,0.027937203358890106,0.0
0,0.07520275563001633,0.993854820728302,0.5338228344917297,0.13081071233375843,0.0
0,0.0256489384919405,0.9209320545196533,0.5737984776496887,0.028587145338737695,0.0
0,0.3360718786716461,0.9831499457359314,0.686580240726471,0.6307,0.60745
0,0.03893548995256424,0.8860265612602234,0.46131131052970886,0.025004535065123536,0.0
0,0.017241699621081352,0.9431384205818176,0.2750323712825775,0.013681592039800995,0.0
0,0.016458429396152496,0.6355618238449097,0.27444860339164734,0.010576285240464344,0.0
0,0.0009365769801661372,0.2255871742963791,0.01005236990749836,0.0,0.0
0,0.01726202294230461,0.8998278379440308,0.6073150634765625,0.02519485903814262,0.013880597014925373
0,0.15876975655555725,0.9063219428062439,0.7325918078422546,0.30786898839137644,0.298544776119403
0,0.0457400344312191,0.9530133008956909,0.6856358647346497,0.07670812603648425,0.03517412935323383
0,0.002824990078806877,0.4055076241493225,0.02992974780499935,0.000244140625,0.0
0,0.02122209407389164,0.9599877595901489,0.7333563566207886,0.020192464192708332,0.0
0,0.015981554985046387,0.9579908847808838,0.43500909209251404,0.01422119140625,0.0
0,0.00978268962353468,0.6716859340667725,0.11919678747653961,0.00262451171875,0.0
0,0.0020794153679162264,0.1359187811613083,0.012624949216842651,0.0,0.0
0,0.03204435482621193,0.8483450412750244,0.5487303137779236,0.026265462239583332,0.0
0,0.0009202461806125939,0.17258982360363007,0.00978387612849474,0.0,0.0
0,0.19396238029003143,0.9339146018028259,0.8715808987617493,0.273529052734375,0.16170247395833334
0,0.010450134985148907,0.8712559342384338,0.2566344738006592,0.009684244791666666,0.0
0,0.04583993926644325,0.8636217713356018,0.7179986238479614,0.059855143229166664,0.0
0,0.023654328659176826,0.8530579209327698,0.6225706338882446,0.024383544921875,0.0
0,0.0046164714731276035,0.5487037301063538,0.059863124042749405,0.0009663899739583334,0.0
0,0.022695353254675865,0.9229002594947815,0.42403990030288696,0.016123453776041668,0.0
0,0.009721689857542515,0.8262916803359985,0.16491954028606415,0.00732421875,0.0
0,0.00733994273468852,0.8080672025680542,0.1393718421459198,0.005208333333333333,0.0
0,0.05467519536614418,0.8534248471260071,0.4730478525161743,0.08336385091145833,0.0
0,0.054873865097761154,0.9633685946464539,0.8449177145957947,0.055796305338541664,0.0
0,0.04913630709052086,0.9099069833755493,0.7570766806602478,0.057352701822916664,0.0
0,0.044452399015426636,0.8415654301643372,0.5877620577812195,0.043752034505208336,0.0
0,0.1640702486038208,0.9594592452049255,0.8065389394760132,0.24342854817708334,0.15669759114583334
0,0.05167965963482857,0.9722043871879578,0.691077470779419,0.049224853515625,0.0
0,0.025822743773460388,0.9449946880340576,0.45458778738975525,0.021820068359375,0.0
0,0.07564850896596909,0.9559813141822815,0.8529354929924011,0.07707722981770833,0.037974039713541664
0,0.08103218674659729,0.9995575547218323,0.9867246150970459,0.09637451171875,0.0576171875
0,0.11523890495300293,0.8925625681877136,0.766643226146698,0.14717610677083334,0.0
0,0.008114761672914028,0.5366164445877075,0.0872475802898407,0.0013427734375,0.0
0,0.11059769243001938,0.9144436717033386,0.8014653921127319,0.13243611653645834,0.0
0,0.08063126355409622,0.9820137619972229,0.8680456876754761,0.10614013671875,0.0
0,0.18134208023548126,0.9787533283233643,0.9356999397277832,0.21329752604166666,0.098724365234375
0,0.0707545280456543,0.9508692026138306,0.591013491153717,0.14009602864583334,0.0
0,0.03104243613779545,0.8074606657028198,0.5205858945846558,0.039713541666666664,0.0
0,0.01744661293923855,0.8891444206237793,0.2330075204372406,0.007781982421875,0.0
0,0.0164328683167696,0.8316905498504639,0.21749870479106903,0.007100423177083333,0.0
0,0.028839513659477234,0.985496461391449,0.7729935050010681,0.027842203776041668,0.0
0,0.032211244106292725,0.7856376767158508,0.40344759821891785,0.026824951171875,0.0
0,0.014335714280605316,0.33144426345825195,0.10521054267883301,0.00010172526041666667,0.0
0,0.0773438885807991,0.9852713346481323,0.9412234425544739,0.080596923828125,0.028096516927083332
0,0.07401186972856522,0.9260365962982178,0.7999069690704346,0.10219319661458333,0.07191975911458333
0,0.025081640109419823,0.6456786394119263,0.2976740598678589,0.012949625651041666,0.0
0,0.013067290186882019,0.8276889324188232,0.19805952906608582,0.005228678385416667,0.0
0,0.0552334189414978,0.9900636076927185,0.8574102520942688,0.05535888671875,0.0
0,0.07031212002038956,0.9958980679512024,0.930706799030304,0.08843994140625,0.0
0,0.05037057027220726,0.9261703491210938,0.5777931809425354,0.049774169921875,0.0
0,0.007225021254271269,0.3518676459789276,0.054499875754117966,4.0690104166666664e-05,0.0
0,0.3431948125362396,0.9892232418060303,0.9463958740234375,0.4737752278645833,0.5724894205729166
0,0.006213536020368338,0.19713516533374786,0.036905985325574875,0.0,0.0
0,0.009576912969350815,0.842215359210968,0.15088389813899994,0.006215413411458333,0.0
0,0.018661757931113243,0.9628831148147583,0.3310050964355469,0.012013753255208334,0.0
0,0.04095710813999176,0.9511421918869019,0.8193070888519287,0.04132080078125,0.0
0,0.030934497714042664,0.8606036305427551,0.5660077333450317,0.02587890625,0.0
0,0.05542483925819397,0.9820137619972229,0.9234544038772583,0.057688395182291664,0.026590983072916668
0,0.0153685687109828,0.937325656414032,0.3163565993309021,0.011464436848958334,0.0
0,0.09397507458925247,0.986415684223175,0.8985886573791504,0.11197916666666667,0.03314208984375
0,0.004427011124789715,0.29992473125457764,0.048226337879896164,4.0690104166666664e-05,0.0
0,0.051490604877471924,0.968020498752594,0.8707072734832764,0.06620279947916667,0.0
0,0.03796974942088127,0.9217811226844788,0.6134050488471985,0.038553873697916664,0.0
0,0.036641936749219894,0.9558166265487671,0.7988152503967285,0.035064697265625,0.0
0,0.009812279604375362,0.6989462971687317,0.16144844889640808,0.004343668619791667,0.0
0,0.01899745874106884,0.842863142490387,0.47659915685653687,0.01708984375,0.0
0,0.009326725266873837,0.44884905219078064,0.16477300226688385,0.0028076171875,0.0
0,0.002140520140528679,0.485843688249588,0.014447852037847042,0.0001220703125,0.0
0,0.013257456012070179,0.9517735838890076,0.44042742252349854,0.013946533203125,0.0
0,0.002367140958085656,0.0938439592719078,0.013221295550465584,0.0,0.0
0,0.0016750319628044963,0.028544150292873383,0.010692520067095757,0.0,0.0
0,0.016683652997016907,0.8424747586250305,0.35947319865226746,0.016123453776041668,0.0
0,0.002739701420068741,0.1795305460691452,0.018725160509347916,0.0,0.0
0,0.0028096388559788465,0.26473838090896606,0.029928047209978104,0.0,0.0
0,0.007512086536735296,0.8675976395606995,0.10856642574071884,0.00360107421875,0.0
0,0.2529963254928589,0.9874235987663269,0.9267027974128723,0.34429931640625,0.404388427734375
0,0.0020514868665486574,0.09704755246639252,0.012479699216783047,0.0,0.0
0,0.03208538517355919,0.9303317666053772,0.6301126480102539,0.031840006510416664,0.0
0,0.14917312562465668,0.9665370583534241,0.8625832796096802,0.21356201171875,0.23247273763020834
0,0.012035246007144451,0.86200350522995,0.25645938515663147,0.009256998697916666,0.0
0,0.021617373451590538,0.8902942538261414,0.5285865068435669,0.021962483723958332,0.0
0,0.040467243641614914,0.690037190914154,0.45898425579071045,0.057454427083333336,0.0
0,0.05901412293314934,0.9534487724304199,0.751642644405365,0.075653076171875,0.0
0,0.029672184959053993,0.9417614340782166,0.7358314990997314,0.032552083333333336,0.0
0,0.008077205158770084,0.8784186244010925,0.10069630295038223,0.005655924479166667,0.0
0,0.025955820456147194,0.8904848694801331,0.6211893558502197,0.030598958333333332,0.0
0,0.019791604951024055,0.8513358235359192,0.4325936436653137,0.022684733072916668,0.0
0,0.05044431611895561,0.9066531658172607,0.613582193851471,0.06489054361979167,0.0
0,0.21385693550109863,0.9785493016242981,0.9171544313430786,0.28582763671875,0.24709065755208334
0,0.10679686069488525,0.9289263486862183,0.8003754019737244,0.13612874348958334,0.0
0,0.0064515601843595505,0.39992883801460266,0.06865854561328888,0.00017293294270833334,0.0
0,0.11183056980371475,0.9927109479904175,0.8944211602210999,0.13734944661458334,0.0
0,0.07086249440908432,0.9178933501243591,0.8128673434257507,0.08708699544270833,0.0
0,0.05014565587043762,0.8944211602210999,0.6313636898994446,0.044789632161458336,0.0
0,0.01997632533311844,0.9495759606361389,0.7058864235877991,0.018310546875,0.0
0,0.021834440529346466,0.9768466353416443,0.8858291506767273,0.021891276041666668,0.0
0,0.08785110712051392,0.9061560034751892,0.6355516314506531,0.152008056640625,0.0
0,0.010097595863044262,0.4591064751148224,0.10912909358739853,0.0003458658854166667,0.0
0,0.006793919950723648,0.5901888608932495,0.08819004148244858,0.0015767415364583333,0.0
0,0.0031248147133737803,0.16013464331626892,0.01750754565000534,0.0,0.0
0,0.013428091071546078,0.9177460074424744,0.2835710644721985,0.010518391927083334,0.0
0,0.003975892439484596,0.45184046030044556,0.032833244651556015,0.0010986328125,0.0
0,0.0037129372358322144,0.2496301382780075,0.057918090373277664,0.0,0.0
0,0.003949717152863741,0.5314221978187561,0.022714458405971527,0.001068115234375,0.0
0,0.02619893103837967,0.8964328765869141,0.6014003753662109,0.026224772135416668,0.0
0,0.021917471662163734,0.8679338097572327,0.4022623598575592,0.017954508463541668,0.0
0,0.06196052208542824,0.969956636428833,0.7900350689888,0.08875528971354167,0.0
0,0.4051719605922699,0.9902538657188416,0.9678993225097656,0.482147216796875,0.4853006998697917
0,0.010965723544359207,0.9434518814086914,0.17105703055858612,0.007080078125,0.0
0,0.2404264658689499,0.9855521321296692,0.9086179733276367,0.3408610026041667,0.23993937174479166
0,0.19688135385513306,0.9441768527030945,0.8908652067184448,0.24872843424479166,0.203643798828125
0,0.02136632241308689,0.9252299070358276,0.5158810615539551,0.020731608072916668,0.0
0,0.2511621415615082,0.9977568984031677,0.9566342234611511,0.3223673502604167,0.232879638671875
0,0.03150922432541847,0.8399966359138489,0.4285251200199127,0.0257568359375,0.0
0,0.010084622539579868,0.6311396956443787,0.113973468542099,0.00189208984375,0.0
0,0.6466248035430908,0.9900250434875488,0.9594592452049255,0.84100341796875,0.9804178873697916
0,0.34580111503601074,0.956063449382782,0.8938665986061096,0.4965413411458333,0.4782918294270833
0,0.16561634838581085,0.9716717004776001,0.9277569651603699,0.22107950846354166,0.19572957356770834
0,0.39616695046424866,0.9912208914756775,0.9619649052619934,0.5018310546875,0.4844767252604167
0,0.043918680399656296,0.9965301156044006,0.9533593058586121,0.048726399739583336,0.010396321614583334
0,0.05208085849881172,0.9928786158561707,0.9641867876052856,0.056050618489583336,0.020375569661458332
0,0.032333262264728546,0.8978744745254517,0.6730746030807495,0.032338460286458336,0.0
0,0.10842060297727585,0.9775000214576721,0.9118099808692932,0.131561279296875,0.10710652669270833
0,0.12936724722385406,0.983020007610321,0.9102219939231873,0.17255655924479166,0.0
0,0.1446104496717453,0.9874721169471741,0.9613890647888184,0.17003377278645834,0.117340087890625
0,0.02474905550479889,0.8411743640899658,0.45649880170822144,0.02130126953125,0.0
0,0.028511768206954002,0.9662834405899048,0.6955417990684509,0.021321614583333332,0.0
0,0.09651090949773788,0.9954082369804382,0.9219217896461487,0.12465413411458333,0.02349853515625
0,0.021180929616093636,0.9269675612449646,0.6881384253501892,0.024668375651041668,0.0
0,0.027159204706549644,0.7991290092468262,0.425603449344635,0.023976643880208332,0.0
0,0.012758240103721619,0.8059378266334534,0.24364246428012848,0.008900960286458334,0.0
0,0.13721038401126862,0.9434518814086914,0.8334602117538452,0.210784912109375,0.21159871419270834
0,0.11975306272506714,0.9392480850219727,0.8384113311767578,0.17273966471354166,0.054616292317708336
0,0.04362037777900696,0.9133679866790771,0.737908661365509,0.051300048828125,0.037394205729166664
0,0.03110910952091217,0.773729681968689,0.532787024974823,0.031046549479166668,0.0
0,0.120778389275074,0.9469902515411377,0.8036365509033203,0.1590576171875,0.0
0,0.17880386114120483,0.9562273025512695,0.918333888053894,0.21883138020833334,0.20350138346354166
0,0.03626210615038872,0.8461968302726746,0.6988343000411987,0.051055908203125,0.0308837890625
0,0.014846895821392536,0.6437773108482361,0.18024659156799316,0.00372314453125,0.0
0,0.013156476430594921,0.5130051374435425,0.18285849690437317,0.00341796875,0.0
0,0.0226826723664999,0.9982725381851196,0.32241612672805786,0.011698404947916666,0.0
0,0.04325501620769501,0.8407825827598572,0.571523904800415,0.050933837890625,0.0
0,0.24085581302642822,0.9455001950263977,0.9003494381904602,0.3404032389322917,0.348968505859375
0,0.08019282668828964,0.9775000214576721,0.9326989054679871,0.09318033854166667,0.08546956380208333
0,0.23361293971538544,0.9043130874633789,0.8211875557899475,0.37091064453125,0.489166259765625
0,0.1347065567970276,0.9964756369590759,0.9647889137268066,0.16646321614583334,0.08394368489583333
0,0.05682672932744026,0.8738621473312378,0.7083073854446411,0.07786051432291667,0.053181966145833336
0,0.07944711297750473,0.8621196746826172,0.693784236907959,0.11155192057291667,0.09000651041666667
0,0.005658464040607214,0.60760498046875,0.04328484460711479,0.0006103515625,0.0
0,0.05845767259597778,0.9462003111839294,0.8397300243377686,0.07175699869791667,0.0
0,0.051782507449388504,0.8251674771308899,0.4820736050605774,0.0533447265625,0.0
0,0.014070586301386356,0.6364660859107971,0.2592626214027405,0.00921630859375,0.0
0,0.11864320188760757,0.7687332034111023,0.6551154255867004,0.22163899739583334,0.215606689453125
0,0.0055682784877717495,0.15418487787246704,0.04038906842470169,0.0,0.0
0,0.019861163571476936,0.91804039478302,0.36794114112854004,0.012227376302083334,0.0
0,0.0037247638683766127,0.30084824562072754,0.05184547230601311,5.0862630208333336e-05,0.0
0,0.0429714135825634,0.9460012316703796,0.8369547128677368,0.054656982421875,0.0
0,0.0024742200039327145,0.03197956085205078,0.013222821988165379,0.0,0.0
0,0.03571078181266785,0.9074763655662537,0.6263527870178223,0.039835611979166664,0.0
0,0.01516235712915659,0.7713271975517273,0.21584124863147736,0.007781982421875,0.0
0,0.024710865691304207,0.8938665986061096,0.4939296245574951,0.02117919921875,0.0
0,0.18772034347057343,0.9742394685745239,0.9281486868858337,0.24845377604166666,0.21728515625
0,0.0036940614227205515,0.4634745717048645,0.027374928817152977,0.0013936360677083333,0.0
0,0.09342054277658463,0.9438672661781311,0.8414351940155029,0.12180582682291667,0.0618896484375
0,0.022083180025219917,0.9759005904197693,0.8003707528114319,0.02532958984375,0.0
0,0.04135001823306084,0.9943581223487854,0.701694667339325,0.0341796875,0.0
0,0.014113958925008774,0.8576489090919495,0.31943655014038086,0.011423746744791666,0.0
0,0.05719812586903572,0.8444089889526367,0.7047670483589172,0.077606201171875,0.053548177083333336
0,0.07732953876256943,0.9190633296966553,0.8253083229064941,0.09496053059895833,0.06673177083333333
0,0.08653783053159714,0.9805434346199036,0.9094254970550537,0.0938720703125,0.044270833333333336
0,0.0342799574136734,0.8482193946838379,0.5232824087142944,0.032562255859375,0.0
0,0.07369190454483032,0.966092050075531,0.8850365877151489,0.07944742838541667,0.0
0,0.07029549777507782,0.9122800230979919,0.7521946430206299,0.081939697265625,0.0
0,0.12008664757013321,0.9839708209037781,0.9375547766685486,0.153778076171875,0.12116495768229167
0,0.04346819594502449,0.9291837811470032,0.6845709085464478,0.036966959635416664,0.0
0,0.10428888350725174,0.9457011222839355,0.8301814794540405,0.13365681966145834,0.07283528645833333
0,0.03822814300656319,0.9139840602874756,0.6624690294265747,0.031331380208333336,0.0
0,0.03957080841064453,0.8413047790527344,0.5506961941719055,0.048472086588541664,0.0
0,0.09762603044509888,0.966092050075531,0.8631576299667358,0.12546793619791666,0.07624308268229167
0,0.11650566011667252,0.8559715747833252,0.6454551815986633,0.19764200846354166,0.0
0,0.014657750725746155,0.5557968616485596,0.15304215252399445,0.001953125,0.0
0,0.1094600260257721,0.9284088015556335,0.8594279289245605,0.13824462890625,0.10516357421875
0,0.03152741491794586,0.879974365234375,0.5280121564865112,0.029276529947916668,0.0
0,0.04146650433540344,0.9857181310653687,0.7856228351593018,0.045511881510416664,0.0
0,0.020567167550325394,0.8885655403137207,0.6081869602203369,0.019449869791666668,0.0
0,0.02850286476314068,0.8194603323936462,0.5241170525550842,0.03033447265625,0.0
0,0.0525977797806263,0.9358173608779907,0.6579781174659729,0.057698567708333336,0.0
0,0.08183753490447998,0.8889517188072205,0.7322090864181519,0.12823486328125,0.0
0,0.03448246046900749,0.9376689791679382,0.7232860326766968,0.033803304036458336,0.0
0,0.010471701622009277,0.9095863103866577,0.15855704247951508,0.007191975911458333,0.0
0,0.017166653648018837,0.5117928385734558,0.35398295521736145,0.024373372395833332,0.0
0,0.004759823437780142,0.32906824350357056,0.040769271552562714,0.00048828125,0.0
0,0.007595311850309372,0.6864751577377319,0.13195091485977173,0.006174723307291667,0.0
0,0.017544006928801537,0.7759445905685425,0.32176998257637024,0.013498942057291666,0.0
0,0.10373219102621078,0.9991507530212402,0.9663469791412354,0.12420654296875,0.0
0,0.09883993864059448,0.954562783241272,0.8593064546585083,0.11920166015625,0.0
0,0.011137244291603565,0.9762653708457947,0.16026602685451508,0.0038960774739583335,0.0
0,0.010746363550424576,0.5843898057937622,0.13845831155776978,0.002532958984375,0.0
0,0.01836785115301609,0.939581573009491,0.38610410690307617,0.013997395833333334,0.0
0,0.005671583116054535,0.3642120361328125,0.0572819747030735,0.00018310546875,0.0
0,0.0801193043589592,0.7143292427062988,0.610974133014679,0.12812296549479166,0.0
0,0.039231255650520325,0.6503562331199646,0.44428718090057373,0.025248209635416668,0.0
0,0.024489477276802063,0.8211875557899475,0.41471928358078003,0.030354817708333332,0.0
0,0.08853476494550705,0.9993435740470886,0.9737930297851562,0.09839884440104167,0.0
0,0.02014194242656231,0.5505167245864868,0.4058590233325958,0.030364990234375,0.0
0,0.017481522634625435,0.9049869179725647,0.5377975702285767,0.015604654947916666,0.0
0,0.04495328292250633,0.8278281688690186,0.6436586380004883,0.043182373046875,0.0
0,0.06554307043552399,0.8616546392440796,0.637701153755188,0.072967529296875,0.0
0,0.05032069608569145,0.8708171844482422,0.5578134059906006,0.048533121744791664,0.0
0,0.013643153943121433,0.7903685569763184,0.2573915719985962,0.009358723958333334,0.0
0,0.1250254511833191,0.9302051067352295,0.8444051146507263,0.1578369140625,0.09739176432291667
0,0.026662364602088928,0.6043989658355713,0.2521943151950836,0.007863362630208334,0.0
0,0.05389716848731041,0.9219217896461487,0.6491339206695557,0.039449055989583336,0.0
0,0.35134896636009216,0.8820220232009888,0.8116759657859802,0.556427001953125,0.63970947265625
0,0.0908152163028717,0.8635067343711853,0.577253520488739,0.07834879557291667,0.0
0,0.03749470412731171,0.8431217074394226,0.5201894044876099,0.024190266927083332,0.0
0,0.4842088222503662,0.9308364987373352,0.8693822026252747,0.740386962890625,0.9511210123697916
0,0.34036922454833984,0.9214990139007568,0.8260111808776855,0.5211893717447916,0.4127197265625
0,0.011758568696677685,0.5572128891944885,0.13810919225215912,0.0021769205729166665,0.0
0,0.10569467395544052,0.7518303990364075,0.5696114897727966,0.10932413736979167,0.0
0,0.03315622732043266,0.9648551344871521,0.5413151979446411,0.028157552083333332,0.0
0,0.8633508086204529,0.9619649052619934,0.9433475732803345,0.99957275390625,1.0
0,0.04178634658455849,0.5938448309898376,0.37307608127593994,0.029062906901041668,0.0
0,0.07606438547372818,0.6230328679084778,0.37307265400886536,0.040812174479166664,0.0
0,0.013380251824855804,0.8269913792610168,0.2705621123313904,0.010040283203125,0.0
0,0.30925217270851135,0.9931228756904602,0.9718325734138489,0.3914388020833333,0.43524169921875
0,0.13697828352451324,0.9268352389335632,0.858244001865387,0.16389973958333334,0.09502156575520833
0,0.4255134165287018,0.986415684223175,0.9425067901611328,0.58978271484375,0.7562154134114584
0,0.013525108806788921,0.6725468039512634,0.12928946316242218,0.00335693359375,0.0
0,0.4170927405357361,0.9910492897033691,0.925499677658081,0.621408,0.70792
0,0.25992006063461304,0.995566189289093,0.9718325734138489,0.33325333333333335,0.25355733333333336
0,0.004720845725387335,0.18111832439899445,0.031919755041599274,0.0,0.0
0,0.40412816405296326,0.999464213848114,0.9186264276504517,0.5733173333333333,0.5741546666666667
0,0.0035263774916529655,0.04360952600836754,0.02013874053955078,0.0,0.0
0,0.04687809571623802,0.9605096578598022,0.7833262085914612,0.04754787234042553,0.0
0,0.08554863929748535,0.9349913001060486,0.7532851696014404,0.09789565217391305,0.0
0,0.07418511062860489,0.9844563603401184,0.9359310269355774,0.085174560546875,0.056528727213541664
0,0.23351244628429413,0.9865716695785522,0.9502266049385071,0.2956034342447917,0.2646891276041667
0,0.008024799637496471,0.6033477187156677,0.07382971048355103,0.000732421875,0.0
0,0.004806834738701582,0.16586315631866455,0.024938829243183136,0.0,0.0
0,0.08440598100423813,0.925499677658081,0.8020908832550049,0.101409912109375,0.0
