label,prob_mean,prob_max,prob_p99,unet_area,mrf_area
1,0.109041228890419,0.963230550289154,0.6079540848731995,0.19396484375,0.20758463541666666
1,0.10523123294115067,0.9994705319404602,0.9957352876663208,0.110517578125,0.11858072916666666
1,0.3087625503540039,0.999919056892395,0.9986169338226318,0.3471476236979167,0.366455078125
1,0.041891008615493774,0.9957352876663208,0.9562248587608337,0.0469970703125,0.016550699869791668
1,0.29134342074394226,0.9995810389518738,0.9917484521865845,0.3693339029947917,0.361785888671875
1,0.061505403369665146,0.9999990463256836,0.9989952445030212,0.07181803385416667,0.022349039713541668
1,0.025186823680996895,0.9999842643737793,0.9995290040969849,0.026509602864583332,0.018442789713541668
1,0.34561291337013245,0.9899086952209473,0.9767580628395081,0.40252685546875,0.4401041666666667
1,0.06107023358345032,0.9904775619506836,0.9594592452049255,0.07171630859375,0.028116861979166668
1,0.3648715019226074,0.9994866847991943,0.9982993006706238,0.37969970703125,0.3506266276041667
1,0.22235436737537384,0.9985449314117432,0.9936610460281372,0.2664082845052083,0.26849365234375
1,0.15809984505176544,0.9993067979812622,0.9968273043632507,0.16927083333333334,0.14703369140625
1,0.42472830414772034,0.9966625571250916,0.9887554049491882,0.4547831217447917,0.4572855631510417
1,0.3822205066680908,0.9968024492263794,0.9789956212043762,0.5107879377431906,0.4960408560311284
1,0.032847221940755844,0.9987695813179016,0.9943140745162964,0.03253173828125,0.030782063802083332
1,0.4723518192768097,0.9985785484313965,0.9926826357841492,0.5531092821216278,0.5637219935985368
1,0.06637059897184372,0.9921537041664124,0.8000679016113281,0.11962546816479401,0.011484082397003745
1,0.0198794137686491,0.9998365640640259,0.9846346974372864,0.020161946614583332,0.014628092447916666
1,0.02716183103621006,0.9968273043632507,0.973993182182312,0.027638753255208332,0.023834228515625
1,0.12315649539232254,0.9997901320457458,0.9985449314117432,0.151702880859375,0.114471435546875
1,0.08215389400720596,0.9999654293060303,0.9916841983795166,0.08068423394472735,0.05607109309339002
1,0.26716381311416626,0.9998028874397278,0.9980581402778625,0.3678487141927083,0.3088887532552083
1,0.02287600375711918,0.9877113699913025,0.6938962936401367,0.015684316583004985,0.01065112178622191
1,0.24422185122966766,0.9998612403869629,0.997730553150177,0.41522216796875,0.34063720703125
1,0.04320089891552925,0.9997851252555847,0.9718309640884399,0.044403076171875,0.033650716145833336
1,0.19640807807445526,0.9991474151611328,0.9954439401626587,0.21259562174479166,0.18860880533854166
1,0.30464163422584534,0.9996750354766846,0.9978843331336975,0.423974609375,0.4753515625
1,0.18658678233623505,0.9981897473335266,0.9943574666976929,0.19371541341145834,0.18064371744791666
1,0.012720814906060696,0.9999858140945435,0.9986310005187988,0.0118408203125,0.011403401692708334
1,0.15554006397724152,0.9984452128410339,0.9870795607566833,0.23085530598958334,0.08196004231770833
1,0.03357570990920067,0.9999784231185913,0.9995469450950623,0.033966064453125,0.034169514973958336
1,0.24367298185825348,0.9975560903549194,0.9831499457359314,0.28532083333333336,0.24636458333333333
1,0.202522873878479,0.9998013377189636,0.9991540908813477,0.20604451497395834,0.2073974609375
1,0.03745837137103081,0.997368335723877,0.9800518751144409,0.037455240885416664,0.0325927734375
1,0.06561725586652756,0.999977707862854,0.9987106323242188,0.06526692708333333,0.055399576822916664
1,0.12281615287065506,0.9987503290176392,0.9933589100837708,0.14597330729166666,0.15356770833333333
1,0.0012793192872777581,0.09947021305561066,0.019233155995607376,0.0,0.0
1,0.01782328449189663,0.9999643564224243,0.5174587368965149,0.016743977864583332,0.0
1,0.08307535201311111,0.9952816367149353,0.9682013392448425,0.09209187825520833,0.11710611979166667
1,0.12682707607746124,0.9998103976249695,0.9981756210327148,0.13086954752604166,0.129150390625
1,0.004376367200165987,0.9998756647109985,0.026807142421603203,0.004150390625,0.0
1,0.25539907813072205,0.9975466132164001,0.9897909760475159,0.2889912923177083,0.2991129557291667
1,0.28889426589012146,0.9997367262840271,0.9898695349693298,0.37060546875,0.3474527994791667
1,0.0941271260380745,0.9962345957756042,0.9800137877464294,0.10517374674479167,0.0419921875
1,0.07301389425992966,0.9945095181465149,0.9729852676391602,0.07115681966145833,0.06416829427083333
1,0.043348949402570724,0.9995539784431458,0.9965296983718872,0.043416341145833336,0.040700276692708336
1,0.005947383586317301,0.999975323677063,0.012288597412407398,0.004770914713541667,0.0
1,0.03746624290943146,0.9996416568756104,0.9906949996948242,0.033416748046875,0.022410074869791668
1,0.04289354756474495,0.9999339580535889,0.9994295835494995,0.041341145833333336,0.033945719401041664
1,0.2143002599477768,0.9999090433120728,0.9991768002510071,0.21500651041666666,0.227691650390625
1,0.2669323682785034,0.9974191188812256,0.9877113699913025,0.2856285988483685,0.2829846449136276
1,0.182956263422966,0.9991768002510071,0.9953363537788391,0.20222981770833334,0.15378824869791666
1,0.0763205960392952,0.9970073103904724,0.9325762391090393,0.09138125,0.01581875
1,0.085671566426754,0.9998644590377808,0.9988968372344971,0.08647664388020833,0.08540852864583333
1,0.04863208532333374,0.9989433884620667,0.9946774244308472,0.047658284505208336,0.039876302083333336
1,0.032916195690631866,0.9998655319213867,0.9966756105422974,0.024037679036458332,0.018076578776041668
1,0.20292621850967407,0.9996620416641235,0.9966756105422974,0.26961008707682294,0.2155609130859375
1,0.16170914471149445,0.9961456060409546,0.9353464841842651,0.23244014586966863,0.11729631818422051
1,0.03572983667254448,0.99903404712677,0.9939253926277161,0.036590576171875,0.040303548177083336
1,0.03861060366034508,0.9999151229858398,0.9619649052619934,0.03180740740740741,0.03347777777777778
1,0.10677925497293472,0.998364269733429,0.9549844264984131,0.12433878580729167,0.0
1,0.13033966720104218,0.9993785619735718,0.972151517868042,0.15580240885416666,0.11539713541666667
1,0.2446672022342682,0.9999103546142578,0.9992958307266235,0.28682291666666665,0.22223958333333332
1,0.04171401262283325,0.9999877214431763,0.9917806386947632,0.021861979166666667,0.018912760416666667
1,0.32378578186035156,0.9989055395126343,0.9934357404708862,0.45107421875,0.453740234375
1,0.1977405697107315,0.9997712969779968,0.9741412401199341,0.2964690265486726,0.2692654867256637
1,0.009258227422833443,0.7252596020698547,0.1678997427225113,0.006937662760416667,0.0
1,0.11662381887435913,0.9997448325157166,0.9980353713035583,0.11003621419270833,0.10548909505208333
1,0.25542402267456055,0.9991735816001892,0.9938070178031921,0.3011271158854167,0.23490397135416666
1,0.027917854487895966,0.7701191902160645,0.47933429479599,0.034149169921875,0.0
1,0.08819583058357239,0.9970765113830566,0.8711463809013367,0.10487466666666667,0.0
1,0.1993875950574875,0.999208390712738,0.9905874133110046,0.23697916666666666,0.22725423177083334
1,0.006685158703476191,0.8804891109466553,0.08328745514154434,0.004058837890625,0.0
1,0.08146434277296066,0.9995344877243042,0.9959927201271057,0.08970133463541667,0.08636474609375
1,0.03217275068163872,0.9999814033508301,0.9993857145309448,0.030232747395833332,0.024078369140625
1,0.26870593428611755,0.9757624268531799,0.9277569651603699,0.336578369140625,0.3515625
1,0.09275862574577332,0.9996607303619385,0.9973680377006531,0.10809326171875,0.043477376302083336
1,0.0010131701128557324,0.05582314357161522,0.013272354379296303,0.0,0.0
1,0.06746964901685715,0.9995986819267273,0.9976403713226318,0.06788126627604167,0.0594482421875
1,0.14719761908054352,0.9996923208236694,0.9774571061134338,0.16687174479166667,0.07127604166666666
1,0.03620898351073265,0.9999542236328125,0.9740411043167114,0.036794026692708336,0.028330485026041668
1,0.007946642115712166,0.9954082369804382,0.05674750730395317,0.006795247395833333,0.005167643229166667
1,0.027778686955571175,0.9995505213737488,0.9957674145698547,0.027109781901041668,0.022237141927083332
1,0.31877246499061584,0.9980353713035583,0.9921224117279053,0.4256388346354167,0.4364217122395833
1,0.35949471592903137,0.9992792010307312,0.993854820728302,0.46853841145833336,0.47667317708333334
1,0.24861958622932434,0.9991030693054199,0.9879926443099976,0.3611653645833333,0.37860677083333333
1,0.20394814014434814,0.9999324083328247,0.9987648725509644,0.20569864908854166,0.20435587565104166
1,0.2182549387216568,0.9995290040969849,0.9981030225753784,0.23905436197916666,0.240325927734375
1,0.7331029772758484,0.9937587976455688,0.9839090704917908,0.8471577962239584,0.8759969075520834
1,0.22071397304534912,0.9986489415168762,0.9901782274246216,0.2700907389322917,0.296142578125
1,0.004823113325983286,0.32124704122543335,0.06656555086374283,6.103515625e-05,0.0
1,0.15646103024482727,0.9999580383300781,0.999640166759491,0.15981038411458334,0.15955607096354166
1,0.01043690461665392,0.9193534255027771,0.18966664373874664,0.005950927734375,0.0
1,0.024485081434249878,0.992061972618103,0.928274929523468,0.029246012369791668,0.016469319661458332
1,0.03679315745830536,0.9999443292617798,0.9959608912467957,0.033925374348958336,0.013641357421875
1,0.07630261033773422,0.9995660185813904,0.9980276226997375,0.08536783854166667,0.09016927083333333
1,0.012563264928758144,0.9988840222358704,0.7950563430786133,0.011586507161458334,0.009572347005208334
1,0.09267649054527283,0.9998488426208496,0.9970073103904724,0.095947265625,0.096405029296875
1,0.027828693389892578,0.9996699094772339,0.9938309192657471,0.021779378255208332,0.019185384114583332
1,0.1765536516904831,0.9995827078819275,0.9985895752906799,0.2875162760416667,0.31170654296875
1,0.0003232017334084958,0.03656250610947609,0.0034030056558549404,0.0,0.0
1,0.03010598011314869,0.9997527003288269,0.5114883780479431,0.04290771484375,0.0
1,0.539222776889801,0.992061972618103,0.9582260847091675,0.7903035481770834,0.9508056640625
1,0.09896755963563919,0.9981470108032227,0.9927672147750854,0.10133870442708333,0.085235595703125
1,0.054101213812828064,0.9988840222358704,0.9941567778587341,0.053019205729166664,0.056162516276041664
1,0.015092079527676105,0.9990745782852173,0.46802616119384766,0.012522379557291666,0.0
1,0.012809830717742443,0.9999831914901733,0.055208683013916016,0.003937037037037037,0.003185185185185185
1,0.006374141201376915,0.9656413197517395,0.07667551934719086,0.0031840006510416665,0.0
1,0.1115262508392334,0.999944806098938,0.9993358254432678,0.11617024739583333,0.10723876953125
1,0.04882366955280304,0.9964756369590759,0.9481545686721802,0.056001447876447875,0.038882722007722005
1,0.23778779804706573,0.9989677667617798,0.9649873375892639,0.325575,0.2272625
1,0.058098405599594116,0.9997584223747253,0.9981470108032227,0.059865315755208336,0.059000651041666664
1,0.07082140445709229,0.9999434947967529,0.9992563128471375,0.07135009765625,0.06843058268229167
1,0.04381421208381653,0.9762653708457947,0.7534448504447937,0.045135498046875,0.0
1,0.03072025626897812,0.9954791069030762,0.9063219428062439,0.024129231770833332,0.0
1,0.482770174741745,0.9917163252830505,0.9643886089324951,0.6007486979166666,0.5125020345052084
1,0.045226406306028366,0.9975177049636841,0.9890553951263428,0.045359293619791664,0.037841796875
1,0.023383768275380135,0.999919056892395,0.6696966886520386,0.020670572916666668,0.009836832682291666
1,0.39989614486694336,0.9992114305496216,0.9968763589859009,0.45245361328125,0.4700826009114583
1,0.062310684472322464,0.9929060935974121,0.823470413684845,0.07283573806881243,0.019726230114687385
1,0.2381022870540619,0.9997640252113342,0.9980044960975647,0.27124070897655805,0.2708976558033162
1,0.042741548269987106,0.9954967498779297,0.9392447471618652,0.048695882161458336,0.024607340494791668
1,0.031171884387731552,0.9988395571708679,0.2840792238712311,0.010598958333333333,0.005615234375
1,0.2667165994644165,0.9997325539588928,0.9969603419303894,0.278594970703125,0.2706807454427083
1,0.2754526138305664,0.9993333220481873,0.9956346154212952,0.3111063639322917,0.2803751627604167
1,0.0999654233455658,0.9988530874252319,0.9837850332260132,0.12122599283854167,0.06622314453125
1,0.19644828140735626,0.9996898174285889,0.9754368662834167,0.249555,0.084145
1,0.2512580454349518,0.9941800832748413,0.9839090704917908,0.270721435546875,0.24289957682291666
1,0.011326700448989868,0.9989677667617798,0.6266303062438965,0.0107421875,0.009572347005208334
1,0.03524726256728172,0.9003546833992004,0.5934967994689941,0.046339413488403786,0.0
1,0.07884734869003296,0.9999865293502808,0.9967899918556213,0.06177083333333333,0.06543294270833333
1,0.02070445753633976,0.9999990463256836,0.9997658133506775,0.020589192708333332,0.019643147786458332
1,0.33111679553985596,0.9997387528419495,0.9988027811050415,0.43311851547145663,0.4522555875497052
1,0.10322794318199158,0.9999257326126099,0.9996373653411865,0.10430908203125,0.10178629557291667
1,0.0675908550620079,0.9989012479782104,0.9897909760475159,0.073883056640625,0.057027180989583336
1,0.033183153718709946,0.999919056892395,0.997739315032959,0.03284505208333333,0.030201822916666666
1,0.12519480288028717,0.9999849796295166,0.9989266991615295,0.142314453125,0.10788411458333333
1,0.0717892125248909,0.9998804330825806,0.9978760480880737,0.0728759765625,0.07169596354166667
1,0.22038491070270538,0.9934611320495605,0.9627432227134705,0.234771728515625,0.140533447265625
1,0.05009037256240845,0.99935382604599,0.9886231422424316,0.049631754557291664,0.049418131510416664
1,0.07784288376569748,0.997065007686615,0.9906949996948242,0.07927449544270833,0.07683308919270833
1,0.05779483541846275,0.9999641180038452,0.9972528219223022,0.060557047526041664,0.0501708984375
1,0.04658016934990883,0.9996416568756104,0.9902161359786987,0.042460123697916664,0.037027994791666664
1,0.44127634167671204,0.9999799728393555,0.9996287822723389,0.4775910524806424,0.4765815887582449
1,0.034511860460042953,0.9933071732521057,0.9240047931671143,0.032185872395833336,0.021718343098958332
1,0.1520691215991974,0.9998339414596558,0.9978172779083252,0.14935302734375,0.14874267578125
1,0.07074417918920517,0.9999637603759766,0.9962345957756042,0.09107462565104167,0.008392333984375
1,0.04423569142818451,0.9994115829467773,0.9322068691253662,0.053243001302083336,0.0
1,0.024675197899341583,0.9995875954627991,0.9906589388847351,0.024393717447916668,0.023966471354166668
1,0.2643401324748993,0.9987648725509644,0.9943799376487732,0.3380370584829184,0.34815286624203823
1,0.024261435493826866,0.9998058676719666,0.7239225506782532,0.021128336588541668,0.0
1,0.2369775027036667,0.9986383318901062,0.9944880604743958,0.2781473795572917,0.30328369140625
1,0.23035746812820435,0.9983707070350647,0.9947589039802551,0.2817281087239583,0.23438517252604166
1,0.02031833864748478,0.9878996014595032,0.7293944358825684,0.02117919921875,0.0
1,0.013852699659764767,0.9999747276306152,0.3250940144062042,0.010816749585406302,0.001181592039800995
1,0.03484461084008217,0.9998074173927307,0.8991231322288513,0.013811848958333333,0.010475260416666667
1,0.08397095650434494,0.9986222982406616,0.9936849474906921,0.08465576171875,0.08259073893229167
1,0.16465766727924347,0.9993461966514587,0.9970073103904724,0.17988077799479166,0.180999755859375
1,0.04243316128849983,0.9991990923881531,0.9771960377693176,0.043416341145833336,0.033192952473958336
1,0.06718023866415024,0.9937587976455688,0.8384206295013428,0.07538736979166667,0.009749348958333333
1,0.05871768668293953,0.9999076128005981,0.9949977397918701,0.052724202473958336,0.0433349609375
1,0.00560568505898118,0.9962199330329895,0.057705316692590714,0.004993489583333333,0.0
1,0.014824279583990574,0.9994046688079834,0.950131356716156,0.014292399088541666,0.011871337890625
1,0.20775115489959717,0.9984632730484009,0.9949983358383179,0.23716227213541666,0.2740376790364583
1,0.018592242151498795,0.9931495785713196,0.8818124532699585,0.018280029296875,0.0
1,0.1235877275466919,0.9994966983795166,0.9956176280975342,0.140533447265625,0.140106201171875
1,0.027038665488362312,0.9994578957557678,0.9953363537788391,0.027821858723958332,0.029876708984375
1,0.36979636549949646,0.9901401400566101,0.9711290597915649,0.5420430501302084,0.5883890787760416
1,0.38726186752319336,0.9997407793998718,0.995354413986206,0.4500020345052083,0.4881388346354167
1,0.133805051445961,0.9980581402778625,0.9930415153503418,0.13494873046875,0.136688232421875
1,0.00260904454626143,0.6742650270462036,0.03956232964992523,0.0013224283854166667,0.0
1,0.08289851993322372,0.9994578957557678,0.9813107252120972,0.0902099609375,0.037312825520833336
1,0.03740636631846428,0.9964063763618469,0.9500386714935303,0.042144775390625,0.034820556640625
1,0.21032030880451202,0.9997527003288269,0.9428234100341797,0.2769368489583333,0.269012451171875
1,0.018874147906899452,0.9940890073776245,0.8996462821960449,0.020039876302083332,0.0
1,0.06381308287382126,0.9997981190681458,0.9967520236968994,0.07124837239583333,0.06626383463541667
1,0.26379552483558655,0.9996775388717651,0.9984269142150879,0.34385026737967916,0.3899721193838841
1,0.08134842664003372,0.9996215105056763,0.9985334873199463,0.08384195963541667,0.07912190755208333
1,0.03432649001479149,0.9998488426208496,0.9552332162857056,0.033945719401041664,0.027109781901041668
1,0.13134275376796722,0.9986853003501892,0.9939024448394775,0.1852108323147636,0.05647601210200259
1,0.03004126437008381,0.9960545301437378,0.9249592423439026,0.03765196728558798,0.045678603006189214
1,0.5055732131004333,0.9970765113830566,0.9864678382873535,0.5565897623697916,0.5570271809895834
1,0.05382944643497467,0.9998464584350586,0.998095691204071,0.054443359375,0.049285888671875
1,0.20440883934497833,0.9999334812164307,0.9973165392875671,0.3049777777777778,0.3117962962962963
1,0.5087328553199768,0.9877586960792542,0.974531888961792,0.575152,0.578016
1,0.07845717668533325,0.9999816417694092,0.593733549118042,0.12357968828557064,0.001668266374148727
1,0.042545467615127563,0.9999880790710449,0.9998633861541748,0.0360107421875,0.026499430338541668
1,0.12654846906661987,0.9999083280563354,0.9980276226997375,0.13182576497395834,0.11701456705729167
1,0.10485265403985977,0.9999611377716064,0.9996416568756104,0.10332234700520833,0.09515380859375
1,0.03192398324608803,0.9998944997787476,0.9993333220481873,0.0313720703125,0.030558268229166668
1,0.07294663041830063,0.9929060935974121,0.942294716835022,0.08219401041666667,0.0
1,0.08480940014123917,0.9998977184295654,0.9887554049491882,0.09734090169270833,0.107818603515625
1,0.32466500997543335,0.9996947050094604,0.9977916479110718,0.49871419270833334,0.540859375
1,0.04894757270812988,0.9985619187355042,0.963087797164917,0.05245259195730894,0.008135601295978654
1,0.053758371621370316,0.9999932050704956,0.8976953029632568,0.0615234375,0.040028889973958336
1,0.17800620198249817,0.9984021782875061,0.9877586960792542,0.21663727219282775,0.14216869333828397
1,0.13936099410057068,0.9977830052375793,0.9909096360206604,0.1768023088023088,0.19074747474747475
1,0.021839456632733345,0.9998601675033569,0.3606038987636566,0.014899088541666666,0.003837890625
1,0.025723086670041084,0.9981324076652527,0.6197572946548462,0.020314534505208332,0.008331298828125
1,0.3312557339668274,0.9954615235328674,0.9296960830688477,0.444934261722681,0.36146885427573816
1,0.03427179530262947,0.9998944997787476,0.997774064540863,0.034708658854166664,0.033335367838541664
1,0.17423294484615326,0.999854564666748,0.9991768002510071,0.17071739130434782,0.17041304347826086
1,0.3704700767993927,0.9996387958526611,0.9972207546234131,0.4126887655091604,0.418240853291282
1,0.10355539619922638,0.9996169805526733,0.9966365098953247,0.11255185185185185,0.12496296296296296
1,0.10465843230485916,0.9986222982406616,0.9933581352233887,0.11173502604166667,0.103271484375
1,0.2283085137605667,0.9999637603759766,0.9976218342781067,0.2561992121338992,0.22921860429710544
1,0.014431477524340153,0.999823272228241,0.9782578349113464,0.012400309244791666,0.011240641276041666
1,0.3803900182247162,0.9997997879981995,0.998807430267334,0.48810274692627637,0.5420311714429361
1,0.06912591308355331,0.9986329674720764,0.9891397356987,0.077880859375,0.07872517903645833
1,0.2689730226993561,0.9974589943885803,0.9905508756637573,0.3105324074074074,0.33858796296296295
1,0.053086940199136734,0.9989182949066162,0.9726234674453735,0.0535099052540913,0.05193367786391042
1,0.008859020657837391,0.9950370192527771,0.21027451753616333,0.0089111328125,0.0
1,0.020927319303154945,0.9999793767929077,0.9996969699859619,0.019337972005208332,0.015828450520833332
1,0.11776509135961533,0.9988664388656616,0.9934595823287964,0.135345458984375,0.10081990559895833
1,0.30964288115501404,0.9979652166366577,0.9906600117683411,0.391632080078125,0.4196879069010417
1,0.24064338207244873,0.9960699081420898,0.9733928442001343,0.3086140950520833,0.3258158365885417
1,0.24136227369308472,0.9981104135513306,0.9671630263328552,0.37949902723735407,0.37063229571984435
1,0.10262137651443481,0.9993094205856323,0.9966233968734741,0.10692342122395833,0.10009765625
1,0.23670975863933563,0.9997153878211975,0.998745322227478,0.27203369140625,0.2938232421875
1,0.0757785364985466,0.9999685287475586,0.9817990064620972,0.08869485294117647,0.10542279411764706
1,0.011172019876539707,0.9998984336853027,0.7987585663795471,0.010955810546875,0.010172526041666666
1,0.21314090490341187,0.9992930889129639,0.997730553150177,0.217559814453125,0.20772298177083334
1,0.5200236439704895,0.9964756369590759,0.9874721169471741,0.6336771647135416,0.5481770833333334
1,0.029198674485087395,0.9997325539588928,0.881377100944519,0.033213297526041664,0.0
1,0.12381650507450104,0.9994907379150391,0.9967396855354309,0.14019205729166667,0.16262369791666667
1,0.0754270926117897,0.9998205304145813,0.9989956021308899,0.07619222005208333,0.07179768880208333
1,0.24438008666038513,0.9994069337844849,0.9963783621788025,0.39111002604166667,0.409560546875
1,0.1934688836336136,0.999189555644989,0.9956005811691284,0.2184804804804805,0.1999039039039039
1,0.024264110252261162,0.9905508756637573,0.9092645049095154,0.025872,0.011296
1,0.1312437802553177,0.9948403239250183,0.9797840118408203,0.13965861002604166,0.14101155598958334
1,0.1318380981683731,0.9996485710144043,0.9986060261726379,0.13364664713541666,0.123748779296875
1,0.04779846966266632,0.9980044960975647,0.9917153716087341,0.047526041666666664,0.039510091145833336
1,0.07985818386077881,0.9994826316833496,0.9957020878791809,0.089630126953125,0.061391194661458336
1,0.09314804524183273,0.9966233968734741,0.9853842854499817,0.10841878255208333,0.07417805989583333
1,0.0195115078240633,0.999843955039978,0.39058682322502136,0.026479085286458332,0.0034891764322916665
1,0.12538939714431763,0.9969956874847412,0.990767776966095,0.143524169921875,0.17723592122395834
1,0.13931624591350555,0.9999489784240723,0.9989098310470581,0.14378865559895834,0.13667805989583334
1,0.0873640850186348,0.994401752948761,0.9758545756340027,0.10579427083333333,0.060160319010416664
1,0.013540233485400677,0.9997262358665466,0.838671863079071,0.014750162760416666,0.005391438802083333
1,0.0972638949751854,0.9992875456809998,0.9950370192527771,0.10106404622395833,0.09853108723958333
1,0.0791202113032341,0.9999117851257324,0.7083245515823364,0.1326431738196444,0.009086338498103204
1,0.05571909621357918,0.9990378618240356,0.9948000907897949,0.056294759114583336,0.05889892578125
1,0.2561813294887543,0.9999263286590576,0.9992930889129639,0.268157958984375,0.2658487955729167
1,0.03139791265130043,0.9997748732566833,0.9971103668212891,0.030659993489583332,0.025970458984375
1,0.27690964937210083,0.9997240900993347,0.9985895752906799,0.3258768717447917,0.3466084798177083
1,0.23353458940982819,0.9918437600135803,0.9587699174880981,0.3404877192982456,0.40557543859649126
1,0.2546866238117218,0.9986114501953125,0.9965029954910278,0.2960205078125,0.3264872233072917
1,0.04762285575270653,0.969956636428833,0.6796041131019592,0.04574856046065259,0.0
1,0.06486355513334274,0.9999196529388428,0.9994578957557678,0.06282552083333333,0.06284586588541667
1,0.02606763131916523,0.9998148083686829,0.9828172922134399,0.026641845703125,0.008412679036458334
1,0.20617197453975677,0.9973269701004028,0.9654463529586792,0.2578942486085343,0.20804267161410017
1,0.03775658458471298,0.9998910427093506,0.9970765113830566,0.033742268880208336,0.028554280598958332
1,0.19806016981601715,0.992061972618103,0.9688562154769897,0.24533333333333332,0.22017066666666665
1,0.006695691030472517,0.953880250453949,0.11636175215244293,0.005910237630208333,0.0
1,0.05159851536154747,0.9996259212493896,0.995226263999939,0.049001057942708336,0.036173502604166664
1,0.01829920895397663,0.997730553150177,0.2196720987558365,0.0076904296875,0.0
1,0.28068673610687256,0.9997108578681946,0.9981397390365601,0.2936909993489583,0.2972412109375
1,0.34920379519462585,0.9997851252555847,0.9979169964790344,0.3918558756510417,0.380706787109375
1,0.03634440526366234,0.9996724128723145,0.9950935244560242,0.036529541015625,0.038299560546875
1,0.16445627808570862,0.9999374151229858,0.9965029954910278,0.19140625,0.12288411458333333
1,0.08582726120948792,0.9999279975891113,0.9981397390365601,0.06728515625,0.066181640625
1,0.153400257229805,0.9995326995849609,0.9915544390678406,0.17598470052083334,0.22235107421875
1,0.02343159355223179,0.9998928308486938,0.9987840056419373,0.02069091796875,0.019012451171875
1,0.08858853578567505,0.9991540908813477,0.9918121099472046,0.12626139322916666,0.048482259114583336
1,0.04456482455134392,0.9992475509643555,0.9938302040100098,0.048492431640625,0.033009847005208336
1,0.3686712980270386,0.9991540908813477,0.9955489635467529,0.4056396484375,0.4088033040364583
1,0.11147213727235794,0.9992175102233887,0.9969603419303894,0.11277262369791667,0.11463419596354167
1,0.003659855807200074,0.6648667454719543,0.07949570566415787,0.0014750162760416667,0.0
1,0.06533381342887878,0.9997219443321228,0.9975271224975586,0.069915771484375,0.06348673502604167
1,0.2594820559024811,0.9989758729934692,0.987375020980835,0.34262916666666665,0.21100416666666666
1,0.04952496290206909,0.9988664388656616,0.9719393253326416,0.048044840494791664,0.011566162109375
1,0.02229953557252884,0.9985104203224182,0.9731897711753845,0.024421296296296295,0.0
1,0.026465164497494698,0.999996542930603,0.21800270676612854,0.005846354166666666,0.0028483072916666665
1,0.014075410552322865,0.9899863600730896,0.5379842519760132,0.014638264973958334,0.007375081380208333
1,0.0399702824652195,0.9937345385551453,0.948441743850708,0.051930745442708336,0.015279134114583334
1,0.02381470799446106,0.9999973773956299,0.9980273842811584,0.023457845052083332,0.021677652994791668
1,0.30463939905166626,0.9986955523490906,0.9866748452186584,0.41270833333333334,0.42009765625
1,0.14545434713363647,0.9990781545639038,0.9853278994560242,0.16784708737864076,0.15004126213592234
1,0.10228490084409714,0.9995778203010559,0.997166097164154,0.10552978515625,0.10654703776041667
1,0.06313488632440567,0.9806919097900391,0.9329437017440796,0.07539876302083333,0.03912353515625
1,0.03568126633763313,0.9999743700027466,0.6754446625709534,0.039264322916666664,0.025810546875
1,0.019246429204940796,0.9995643496513367,0.991186797618866,0.017038981119791668,0.014292399088541666
1,0.04484335705637932,0.9996849298477173,0.9957352876663208,0.043650309244791664,0.035715738932291664
1,0.013617712073028088,0.9958980679512024,0.8908594846725464,0.014302571614583334,0.0
1,0.03299430385231972,0.9999843835830688,0.9593809843063354,0.027069091796875,0.00970458984375
1,0.213147833943367,0.9994230270385742,0.8739665150642395,0.3017476399739583,0.291259765625
1,0.02522902563214302,0.9978087544441223,0.8422166705131531,0.025144444444444445,0.004255555555555556
1,0.13719354569911957,0.9998190999031067,0.9992762804031372,0.13712565104166666,0.1356201171875
1,0.16710737347602844,0.99988853931427,0.9990960359573364,0.18287407407407408,0.08634074074074075
1,0.2657003402709961,0.9976859092712402,0.9941574335098267,0.3171284993489583,0.344696044921875
1,0.040289681404829025,0.9993067979812622,0.9908024072647095,0.041290283203125,0.025583902994791668
1,0.19787465035915375,0.9992819428443909,0.9966102242469788,0.21619669596354166,0.19303385416666666
1,0.03549159690737724,0.997368335723877,0.9822195768356323,0.034861246744791664,0.033426920572916664
1,0.027175527065992355,0.9998717308044434,0.9967268705368042,0.02251854240567559,0.022150919058368267
1,0.03297087177634239,0.9995827078819275,0.9923638105392456,0.029449462890625,0.023834228515625
1,0.1181589812040329,0.9999805688858032,0.971563994884491,0.13389583333333333,0.049675
1,0.09363283962011337,0.9994230270385742,0.9372072815895081,0.10669962565104167,0.073150634765625
1,0.034335244446992874,0.9997851252555847,0.7140331864356995,0.013883463541666667,0.009300130208333333
1,0.17325802147388458,0.9994887113571167,0.9950946569442749,0.20100911458333334,0.20023600260416666
1,0.19171984493732452,0.9951889514923096,0.9492946267127991,0.25720182596218016,0.1900672262815743
1,0.05390579625964165,0.9914886951446533,0.9178933501243591,0.06516520182291667,0.0
1,0.03789753094315529,0.9999227523803711,0.9960699081420898,0.016796875,0.013971354166666667
1,0.15830977261066437,0.9993094205856323,0.9971990585327148,0.17411295572916666,0.175262451171875
1,0.05450356379151344,0.9999865293502808,0.9990851879119873,0.05975341796875,0.028533935546875
1,0.13574452698230743,0.9960545301437378,0.9872281551361084,0.14452107747395834,0.155670166015625
1,0.17968972027301788,0.9999313354492188,0.9980505704879761,0.211151123046875,0.19910685221354166
1,0.034643299877643585,0.9985785484313965,0.9791157841682434,0.03962600690448792,0.03134062140391254
1,0.698249340057373,0.9999257326126099,0.9977481961250305,0.7877883974216493,0.7959679928873082
1,0.010886499658226967,0.9955142140388489,0.39231881499290466,0.012184756169239256,0.0
1,0.0178888700902462,0.9973989725112915,0.9170058369636536,0.018958333333333334,0.0069401041666666665
1,0.05034499987959862,0.9999567270278931,0.9992387294769287,0.050649007161458336,0.049346923828125
1,0.06354475766420364,0.9998148083686829,0.9968149065971375,0.0638427734375,0.048299153645833336
1,0.0668599009513855,0.9999881982803345,0.9994046688079834,0.06421915690104167,0.046101888020833336
1,0.0514962263405323,0.9999221563339233,0.999508261680603,0.050221761067708336,0.048929850260416664
1,0.3904583156108856,0.9978925585746765,0.9916841983795166,0.4333902994791667,0.43658447265625
1,0.05409015342593193,0.9978172779083252,0.9793910980224609,0.055674235026041664,0.045013427734375
1,0.05295691266655922,0.9999966621398926,0.9990562796592712,0.05352783203125,0.042836507161458336
1,0.1430893838405609,0.9939963817596436,0.9810208678245544,0.180389404296875,0.170257568359375
1,0.0026971667539328337,0.3745619058609009,0.037467505782842636,9.345794392523364e-05,0.0
1,0.02586185373365879,0.9999970197677612,0.9990922212600708,0.023874918619791668,0.023274739583333332
1,0.0062655298970639706,0.9967396855354309,0.028925716876983643,0.005482991536458333,0.0
1,0.03137385845184326,0.9993435740470886,0.9828891754150391,0.031941731770833336,0.025115966796875
1,0.4325360357761383,0.9989956021308899,0.9923933744430542,0.523461362597165,0.5487562871513488
1,0.2787960469722748,0.9997448325157166,0.9961004257202148,0.3495890299479167,0.3794148763020833
1,0.13689936697483063,0.9999988079071045,0.9993638396263123,0.21195475260416666,0.15875244140625
1,0.2578519880771637,0.9999706745147705,0.9938309192657471,0.3316548665364583,0.3148396809895833
1,0.022371528670191765,0.9999797344207764,0.9941554069519043,0.022104899088541668,0.011423746744791666
1,0.08597800880670547,0.9997197985649109,0.9982993006706238,0.08685302734375,0.086883544921875
1,0.0567859448492527,0.9992591738700867,0.9717254042625427,0.05823893229166666,0.04235026041666667
1,0.25392234325408936,0.9982859492301941,0.9921236038208008,0.31423502604166664,0.342314453125
1,0.047040004283189774,0.9945307374000549,0.9793540239334106,0.047149658203125,0.057464599609375
1,0.03388610854744911,0.9998162388801575,0.9909797310829163,0.039031982421875,0.017303466796875
1,0.14015750586986542,0.9990890026092529,0.995354413986206,0.14438883463541666,0.150543212890625
1,0.018987029790878296,0.9996825456619263,0.7474261522293091,0.01861572265625,0.006856282552083333
1,0.1062658354640007,0.9992792010307312,0.9968516230583191,0.118072509765625,0.1072998046875
1,0.3743111789226532,0.9949001669883728,0.9849852323532104,0.4495137532552083,0.448486328125
1,0.023102760314941406,0.9818405508995056,0.41964614391326904,0.013346354166666666,0.0
1,0.10240563005208969,0.9996416568756104,0.9963500499725342,0.10683186848958333,0.10599772135416667
1,0.03803200647234917,0.9999469518661499,0.999748706817627,0.038330078125,0.037567138671875
1,0.11991673707962036,0.9992175102233887,0.9915544390678406,0.12775675455729166,0.11208089192708333
1,0.1891607791185379,0.9990414977073669,0.9971327781677246,0.19861857096354166,0.19864908854166666
1,0.13276202976703644,0.9997527003288269,0.9870296716690063,0.148468017578125,0.09153238932291667
1,0.049703449010849,0.9990854263305664,0.9953363537788391,0.052775065104166664,0.050547281901041664
1,0.03588543087244034,0.9997730851173401,0.8120891451835632,0.04523862013941379,0.00608098177542622
1,0.36535346508026123,0.9992237091064453,0.9979411959648132,0.3844502766927083,0.35333251953125
1,0.23315615952014923,0.9993833303451538,0.9981178045272827,0.273671875,0.266953125
1,0.30049240589141846,0.9995986819267273,0.9966102242469788,0.4314322916666667,0.4907942708333333
1,0.021090075373649597,0.9939261078834534,0.7390459179878235,0.024698893229166668,0.0
1,0.07094433158636093,0.9967899918556213,0.9733406901359558,0.08191935221354167,0.024892171223958332
1,0.04444437846541405,0.9583821892738342,0.6576417684555054,0.06853230794270833,0.0
1,0.06445696204900742,0.9999023675918579,0.6548958420753479,0.070966796875,0.009244791666666667
1,0.2868678569793701,0.9986853003501892,0.9910145401954651,0.32476806640625,0.335723876953125
1,0.23180948197841644,0.9993435740470886,0.996392011642456,0.24811808268229166,0.227691650390625
1,0.0067419796250760555,0.9957684278488159,0.05802474543452263,0.005391438802083333,0.0
1,0.05562905594706535,0.998807430267334,0.974092423915863,0.04828703703703704,0.03603009259259259
1,0.018454566597938538,0.9998745918273926,0.9974884986877441,0.017415364583333332,0.016520182291666668
1,0.08922310918569565,0.9985104203224182,0.9932550191879272,0.101104736328125,0.082977294921875
1,0.09269437193870544,0.9973989725112915,0.9672850370407104,0.11103312174479167,0.12705485026041666
1,0.06265147775411606,0.9937587976455688,0.9233037233352661,0.05743408203125,0.01434326171875
1,0.46566256880760193,0.9903290271759033,0.9774138927459717,0.5733540852864584,0.63165283203125
1,0.08374149352312088,0.9959140419960022,0.9710193276405334,0.0926608695652174,0.07782173913043479
1,0.06311216950416565,0.9993976354598999,0.6253249049186707,0.06978841145833334,0.007835286458333333
1,0.3299212157726288,0.9964893460273743,0.9846346974372864,0.358978271484375,0.3592427571614583
1,0.07112185657024384,0.999045193195343,0.9535353183746338,0.08539835611979167,0.016377766927083332
0,0.07218508422374725,0.9720985889434814,0.7185943722724915,0.08302815755208333,0.029744466145833332
0,0.5425655245780945,0.9971216320991516,0.9749646186828613,0.7187601725260416,1.0
0,0.1493196189403534,0.9742884635925293,0.9214947819709778,0.18675740559895834,0.1669921875
0,0.12064730376005173,0.9472835659980774,0.8621196746826172,0.167236328125,0.13201904296875
0,0.1619543880224228,0.9443824291229248,0.8251674771308899,0.19453938802083334,0.107421875
0,0.1881207972764969,0.972933828830719,0.9312127232551575,0.247406005859375,0.23344930013020834
0,0.01541049499064684,0.3992259204387665,0.18285849690437317,0.0024922688802083335,0.0
0,0.1687181442975998,0.9922444224357605,0.8942310214042664,0.22136433919270834,0.0
0,0.12401983886957169,0.946793794631958,0.8711463809013367,0.16573079427083334,0.14497884114583334
0,0.25764623284339905,0.942081868648529,0.9020881056785583,0.36614990234375,0.3864237467447917
0,0.09239176660776138,0.9852146506309509,0.8681575655937195,0.114227294921875,0.0869140625
0,0.22112710773944855,0.9470881819725037,0.8955226540565491,0.3119405110677083,0.2811279296875
0,0.146961510181427,0.9791157841682434,0.9475725293159485,0.19903564453125,0.22145589192708334
0,0.19496284425258636,0.9768908023834229,0.9457011222839355,0.2534891764322917,0.177703857421875
0,0.0026068754959851503,0.07172112911939621,0.03085050918161869,0.0,0.0
0,0.00409672362729907,0.9614614844322205,0.04552200436592102,0.0016072591145833333,0.0
0,0.0050779846496880054,0.14294825494289398,0.050611432641744614,0.0,0.0
0,0.0505836196243763,0.9802431464195251,0.883632242679596,0.051106770833333336,0.0
0,0.17607049643993378,0.9981470108032227,0.9649873375892639,0.20128377278645834,0.06584676106770833
0,0.1663581281900406,0.9289263486862183,0.8312800526618958,0.20653279622395834,0.14088948567708334
0,0.2993066906929016,0.9526622891426086,0.8912444114685059,0.4410196940104167,0.5055948893229166
0,0.0505724735558033,0.976445734500885,0.8073087334632874,0.060068766276041664,0.0
0,0.28152576088905334,0.9905874133110046,0.9734434485435486,0.35687255859375,0.3129069010416667
0,0.05960683524608612,0.8998278379440308,0.5346723198890686,0.0543212890625,0.0
0,0.3921016752719879,0.9928231239318848,0.9687380790710449,0.4669291178385417,0.5092875162760416
0,0.01630040630698204,0.5884753465652466,0.17838265001773834,0.005228678385416667,0.0
0,0.097657710313797,0.85500568151474,0.7316284775733948,0.11561075846354167,0.0
0,0.016973337158560753,0.4156101942062378,0.10970006138086319,0.00011189778645833333,0.0
0,0.09424957633018494,0.9874235987663269,0.8822250962257385,0.11775716145833333,0.06486002604166667
0,0.09924691915512085,0.9934357404708862,0.9452984929084778,0.104034423828125,0.0
0,0.010291215032339096,0.628977358341217,0.14104463160037994,0.002476851851851852,0.0
0,0.2996499240398407,0.9948603510856628,0.972934365272522,0.370368,0.436688
0,0.0001811785186873749,0.011869121342897415,0.00216576736420393,0.0,0.0
0,0.05633934959769249,0.9951702952384949,0.9435559511184692,0.06446329752604167,0.013875325520833334
0,0.02332965098321438,0.997285008430481,0.7188698053359985,0.027099609375,0.0
0,0.16917143762111664,0.997231662273407,0.9826908707618713,0.19919840494791666,0.2546284993489583
0,0.558291494846344,0.9936116337776184,0.9734434485435486,0.737056530214425,0.8274269005847953
0,0.7145705819129944,0.9942697286605835,0.9792749285697937,0.8962229166666666,0.9931
0,0.009815018624067307,0.6623597741127014,0.22815652191638947,0.009140249759846302,0.0
0,0.005344865377992392,0.666279673576355,0.06325167417526245,0.0027906976744186047,0.0
0,0.1622215062379837,0.9822876453399658,0.9248236417770386,0.21704565030146425,0.19473298880275625
0,0.01683664694428444,0.9962199330329895,0.21933749318122864,0.007958333333333333,0.0
0,0.0054219127632677555,0.7892336845397949,0.06278920918703079,0.0014203015616585891,0.0
0,0.13042494654655457,0.9972531199455261,0.9214962124824524,0.1694708973083927,0.10570700671652974
0,0.2380387932062149,0.9709643721580505,0.8539127111434937,0.326224,0.29895466666666665
0,0.11024723201990128,0.9822876453399658,0.7856376767158508,0.14705131908338148,0.08883593298671288
0,0.15852467715740204,0.9383503198623657,0.7986582517623901,0.20963462551140277,0.11165289423583262
0,0.3379668593406677,0.9856076240539551,0.9587699174880981,0.47359946530562647,0.4673157937375947
0,0.12196779251098633,0.9649212956428528,0.8026808500289917,0.18852426412092282,0.14210918854415275
0,0.07587824761867523,0.925094723701477,0.610856294631958,0.1351964682437522,0.08604365113418576
0,0.19321796298027039,0.9889705181121826,0.707689642906189,0.3256706379629968,0.2993035019613093
0,0.1437387317419052,0.9489172697067261,0.7677350640296936,0.20620895456159036,0.0
0,0.07173333317041397,0.9984812140464783,0.6493563055992126,0.07996348699224098,0.0
0,0.23680169880390167,0.780829668045044,0.6828910112380981,0.3947825292397661,0.3638157894736842
0,0.008718451485037804,0.37421879172325134,0.09619516879320145,0.0002805546597871654,0.0
0,0.00678706169128418,0.9498556852340698,0.09170696139335632,0.004395853579527049,0.0
0,0.029878025874495506,0.9995694756507874,0.8712559342384338,0.027991536458333334,0.0
0,0.32636168599128723,0.9980121850967407,0.982557475566864,0.4404648694544683,0.43680747187433666
0,0.011257329024374485,0.7893961071968079,0.15102779865264893,0.003311138014527845,0.0
0,0.558291494846344,0.9936116337776184,0.9734434485435486,0.737056530214425,0.8274269005847953
0,0.0018433276563882828,0.08284562826156616,0.016657039523124695,0.0,0.0
0,0.19575710594654083,0.9910838603973389,0.9412234425544739,0.25454470759813486,0.11447527884477128
0,0.10867952555418015,0.7647159099578857,0.6215983033180237,0.1766074074074074,0.07271851851851852
0,0.01683664694428444,0.9962199330329895,0.21933749318122864,0.007958333333333333,0.0
0,0.002431168919429183,0.9382373094558716,0.03283695876598358,0.0014867830117096979,0.0
0,0.05382850766181946,0.984752357006073,0.8362873792648315,0.04919560185185185,0.0
0,0.012790657579898834,0.9008791446685791,0.20513691008090973,0.00537109375,0.0
0,0.47127893567085266,0.9971771240234375,0.9827776551246643,0.5684416319390853,0.594386993877656
0,0.13042494654655457,0.9972531199455261,0.9214962124824524,0.1694708973083927,0.10570700671652974
0,0.17841514945030212,0.8161134123802185,0.7461389899253845,0.251743961779236,0.24085030045870492
0,0.206107035279274,0.9378969073295593,0.7876046895980835,0.2830250623219373,0.16021745904558404
0,0.006713846232742071,0.9818405508995056,0.10989668220281601,0.0050864009982909695,0.0
0,0.05067567154765129,0.9813465476036072,0.5370368361473083,0.041867721804027536,0.0
0,0.14927808940410614,0.9906960725784302,0.8653618097305298,0.20561863327674024,0.09968696943972835
0,0.01706484518945217,0.3223126530647278,0.19329959154129028,0.0009256998697916666,0.0
0,0.10775620490312576,0.8940516710281372,0.6831024885177612,0.14178466796875,0.0
0,0.007896178402006626,0.9125921130180359,0.23580630123615265,0.008199055989583334,0.0
0,0.04680783674120903,0.9700703024864197,0.830452561378479,0.038706461588541664,0.0
0,0.05660472437739372,0.8933094143867493,0.5636746287345886,0.056416829427083336,0.0
0,0.07772102952003479,0.9519526958465576,0.862000048160553,0.09792073567708333,0.0
0,0.10923251509666443,0.7829945087432861,0.6802353262901306,0.16022745768229166,0.0
0,0.04589678719639778,0.9964480400085449,0.9652503728866577,0.034800211588541664,0.018402099609375
0,0.18435336649417877,0.9813107252120972,0.9428234100341797,0.22496541341145834,0.17833455403645834
0,0.2546921968460083,0.9904406070709229,0.9599125981330872,0.3313802083333333,0.3305765787760417
0,0.13787774741649628,0.9549844264984131,0.8955171704292297,0.19139607747395834,0.17506917317708334
0,0.2277347296476364,0.9832144975662231,0.8832299709320068,0.3197123209635417,0.203338623046875
0,0.22274668514728546,0.8614217042922974,0.7386690378189087,0.401397705078125,0.389923095703125
0,0.17524601519107819,0.9838472008705139,0.9478657245635986,0.21851603190104166,0.19517008463541666
0,0.002625892171636224,0.09451042115688324,0.022158870473504066,0.0,0.0
0,0.1278924196958542,0.9707432389259338,0.857171356678009,0.177825927734375,0.16785685221354166
0,0.1911272257566452,0.9867261648178101,0.9370958209037781,0.214935302734375,0.16499837239583334
0,0.034461721777915955,0.8003801107406616,0.64029860496521,0.045430501302083336,0.0
0,0.15324781835079193,0.9930423498153687,0.9598329663276672,0.19154866536458334,0.12492879231770833
0,0.08735448867082596,0.9862046241760254,0.8624641299247742,0.10340372721354167,0.0
0,0.2692365348339081,0.9739436507225037,0.9277569651603699,0.3252766927083333,0.2773030598958333
0,0.3194320499897003,0.984752357006073,0.9714558720588684,0.3751322428385417,0.3421529134114583
0,0.24907644093036652,0.9827572107315063,0.9641192555427551,0.2894083658854167,0.2972412109375
0,0.3664191663265228,0.9747251272201538,0.9240047931671143,0.5356953938802084,0.5091349283854166
0,0.12008816748857498,0.9325762391090393,0.8628077507019043,0.14888509114583334,0.10782877604166667
0,0.08997336775064468,0.9628131985664368,0.8286617398262024,0.104278564453125,0.0
0,0.025757359340786934,0.7854732275009155,0.40721023082733154,0.016977945963541668,0.0
0,0.01332525908946991,0.731442391872406,0.1506488025188446,0.003143310546875,0.0
0,0.16877640783786774,0.9865716695785522,0.9348725080490112,0.20893351236979166,0.1209716796875
0,0.2332407832145691,0.9889278411865234,0.927359402179718,0.3255411783854167,0.41973876953125
0,0.22215749323368073,0.9441768527030945,0.9048188328742981,0.2592061360677083,0.16487630208333334
0,0.3462611734867096,0.9884918928146362,0.9641172289848328,0.4732564290364583,0.4539286295572917
0,0.2265460342168808,0.8984104990959167,0.7523766160011292,0.36669921875,0.2947998046875
0,0.11471525579690933,0.9425067901611328,0.78132563829422,0.12860107421875,0.0
0,0.2504347562789917,0.9362850189208984,0.903464674949646,0.2950846354166667,0.19450887044270834
0,0.2207341194152832,0.9404625296592712,0.8887588381767273,0.291168212890625,0.16514078776041666
0,0.399977445602417,0.9774571061134338,0.9461973309516907,0.5801595052083334,0.5284423828125
0,0.4391840994358063,0.9857181310653687,0.8844330906867981,0.7454935709635416,0.7879842122395834
0,0.25623777508735657,0.9483462572097778,0.8564525246620178,0.3390909830729167,0.17397054036458334
0,0.44975683093070984,0.974531888961792,0.9501341581344604,0.6655782063802084,0.824462890625
0,0.3291267454624176,0.9441768527030945,0.8830344080924988,0.5386149088541666,0.4893798828125
0,0.2755732536315918,0.8337311148643494,0.7550956010818481,0.4777425130208333,0.4958089192708333
0,0.49620750546455383,0.9589241147041321,0.9005298018455505,0.745391845703125,0.7801615397135416
0,0.41738519072532654,0.948441743850708,0.8742920160293579,0.6265157063802084,0.7548828125
0,0.12258151918649673,0.9912885427474976,0.9014011025428772,0.147308349609375,0.022786458333333332
0,0.5233308672904968,0.9971990585327148,0.9905508756637573,0.6558837890625,0.6617838541666666
0,0.09340640157461166,0.6934729218482971,0.5403460264205933,0.14824422200520834,0.0
0,0.4623984396457672,0.9768908023834229,0.8755743503570557,0.7212015787760416,0.7599589029947916
0,0.3071195185184479,0.842863142490387,0.7193835973739624,0.5768636067708334,0.6184285481770834
0,0.29561474919319153,0.9737446904182434,0.949669361114502,0.3663228352864583,0.280059814453125
0,0.17438308894634247,0.9743860960006714,0.7384749054908752,0.2680765787760417,0.10697428385416667
0,0.5238200426101685,0.9712384939193726,0.930962085723877,0.7754414876302084,0.7663981119791666
0,0.3542224168777466,0.9674717783927917,0.9410068988800049,0.4663492838541667,0.4955546061197917
0,0.34971141815185547,0.9267027974128723,0.8377527594566345,0.5396728515625,0.530181884765625
0,0.3987557590007782,0.9444848895072937,0.8122723698616028,0.693206787109375,0.6858927408854166
0,0.2597365379333496,0.9614614844322205,0.9383503198623657,0.300689697265625,0.257110595703125
0,0.005497083533555269,0.15921740233898163,0.05469848960638046,0.0,0.0
0,0.31192174553871155,0.9832144975662231,0.9286680221557617,0.4194539388020833,0.4411112467447917
0,0.06454829126596451,0.9487276077270508,0.6324993371963501,0.052815755208333336,0.0
0,0.00306775514036417,0.45495644211769104,0.054499875754117966,0.0003458658854166667,0.0
0,0.40292060375213623,0.9946358799934387,0.9584577083587646,0.565155029296875,0.630859375
0,0.10372120141983032,0.9626027941703796,0.9322068691253662,0.13136800130208334,0.10624186197916667
0,0.5348557233810425,0.9970878958702087,0.9876639246940613,0.6817118326822916,0.698974609375
0,0.003289637854322791,0.0928521603345871,0.028652667999267578,0.0,0.0
0,0.20865793526172638,0.9801673293113708,0.9460012316703796,0.275390625,0.2823994954427083
0,0.24894827604293823,0.9274948239326477,0.8569320440292358,0.363128662109375,0.3719278971354167
0,0.07692673802375793,0.9460012316703796,0.8431178331375122,0.08842976888020833,0.033365885416666664
0,0.19589979946613312,0.9918437600135803,0.9757161140441895,0.21146647135416666,0.211883544921875
0,0.006378444377332926,0.39951878786087036,0.06548520922660828,0.0002644856770833333,0.0
0,0.3123612701892853,0.9599125981330872,0.8497219681739807,0.4916788736979167,0.4171854654947917
0,0.5359817147254944,0.9945730566978455,0.9865199327468872,0.6262308756510416,0.6601359049479166
0,0.05118881165981293,0.8153795003890991,0.6067262887954712,0.083587646484375,0.0
0,0.2338375598192215,0.9961903095245361,0.93475341796875,0.3398234049479167,0.347564697265625
0,0.5474746823310852,0.9843363761901855,0.9749646186828613,0.6738484700520834,0.7238972981770834
0,0.04746006801724434,0.7025300860404968,0.5125544667243958,0.06761678059895833,0.0
0,0.10089726001024246,0.974190354347229,0.9478628039360046,0.11295572916666667,0.057688395182291664
0,0.014588565565645695,0.7921428084373474,0.33545970916748047,0.014750162760416666,0.0
0,0.35121598839759827,0.9857181310653687,0.9386884570121765,0.4770914713541667,0.5201822916666666
0,0.29287275671958923,0.9749168753623962,0.9461973309516907,0.3575236002604167,0.3617146809895833
0,0.22152681648731232,0.957277774810791,0.8960641622543335,0.31048583984375,0.21744791666666666
0,0.08514658361673355,0.9304582476615906,0.7076987028121948,0.12593587239583334,0.0
0,0.6922464370727539,0.9944666028022766,0.9845160245895386,0.8197835286458334,0.9356587727864584
0,0.06470329314470291,0.8816148638725281,0.5836151242256165,0.06763712565104167,0.0
0,0.38515177369117737,0.9890553951263428,0.974190354347229,0.5786946614583334,0.6456095377604166
0,0.09088518470525742,0.9930423498153687,0.9389128684997559,0.100616455078125,0.032033284505208336
0,0.23083281517028809,0.974773108959198,0.9322068691253662,0.31072998046875,0.275146484375
0,0.1301177740097046,0.9458011984825134,0.8390757441520691,0.17097981770833334,0.09427897135416667
0,0.2626871168613434,0.9890975952148438,0.9712929129600525,0.3109842936197917,0.3358357747395833
0,0.0940803661942482,0.7728736996650696,0.5937842130661011,0.10361735026041667,0.0
0,0.13152281939983368,0.9068183302879333,0.8231863379478455,0.19224039713541666,0.160125732421875
0,0.07742711156606674,0.992452085018158,0.935813844203949,0.095062255859375,0.013987223307291666
0,0.23560751974582672,0.9645892381668091,0.9308364987373352,0.3296915690104167,0.355438232421875
0,0.0648777112364769,0.9132132530212402,0.7713271975517273,0.08365885416666667,0.0
0,0.024237511679530144,0.9291837811470032,0.4790703356266022,0.021769205729166668,0.0
0,0.24902944266796112,0.979393482208252,0.9289263486862183,0.3997904459635417,0.033050537109375
0,0.09231257438659668,0.8681575655937195,0.5850400924682617,0.13883463541666666,0.0
0,0.0010265542659908533,0.14021848142147064,0.019050901755690575,0.0,0.0
0,0.04573183134198189,0.9899863600730896,0.9474753737449646,0.049631754557291664,0.019175211588541668
0,0.1535211056470871,0.9845753908157349,0.9628131985664368,0.18025716145833334,0.18227132161458334
0,0.002693820744752884,0.11596072465181351,0.0356094054877758,0.0,0.0
0,0.021781407296657562,0.9917163252830505,0.22608914971351624,0.008188883463541666,0.0
0,0.17588715255260468,0.9630224108695984,0.9015746116638184,0.22491455078125,0.17012532552083334
0,0.0010241075651720166,0.1563623696565628,0.01678548939526081,0.0,0.0
0,0.31877872347831726,0.9894702434539795,0.9540517926216125,0.404266357421875,0.3808492024739583
0,0.1451491266489029,0.9808025360107422,0.9177460074424744,0.19330851236979166,0.058797200520833336
0,0.7518629431724548,0.9987744688987732,0.9937587976455688,0.8951416015625,0.9840901692708334
0,0.20570795238018036,0.9921233057975769,0.967777669429779,0.2958882649739583,0.24320475260416666
0,0.1388734132051468,0.9908744096755981,0.8536580204963684,0.18406168619791666,0.0
0,0.1231834813952446,0.9719393253326416,0.9141375422477722,0.16046142578125,0.027547200520833332
0,0.11604553461074829,0.9978087544441223,0.9278878569602966,0.15782674153645834,0.06459554036458333
0,0.21390952169895172,0.9884918928146362,0.9472806453704834,0.2993367513020833,0.222747802734375
0,0.3748708665370941,0.996160626411438,0.9887554049491882,0.441497802734375,0.4661051432291667
0,0.214216947555542,0.9687380790710449,0.9155072569847107,0.296630859375,0.21482340494791666
0,0.1527109295129776,0.9807657599449158,0.9362850189208984,0.20222981770833334,0.18833414713541666
0,0.007768215145915747,0.9820826053619385,0.10483238101005554,0.004140218098958333,0.0
0,0.23161613941192627,0.986415684223175,0.9611709713935852,0.29840087890625,0.2658284505208333
0,0.27327606081962585,0.9939261078834534,0.9639140367507935,0.357666015625,0.3923848470052083
0,0.378061443567276,0.992452085018158,0.9812389612197876,0.4771525065104167,0.4725850423177083
0,0.033519092947244644,0.9653158187866211,0.7019174695014954,0.041798909505208336,0.0
0,0.031001092866063118,0.9764904975891113,0.7130321860313416,0.032918294270833336,0.0
0,0.281821608543396,0.9853278994560242,0.9711838364601135,0.3694559733072917,0.3345540364583333
0,0.09220025688409805,0.9680808186531067,0.8712559342384338,0.129638671875,0.08905029296875
0,0.43531787395477295,0.9877586960792542,0.972933828830719,0.5428263346354166,0.5539143880208334
0,0.013222684152424335,0.9580694437026978,0.18847328424453735,0.006683349609375,0.0
0,0.43443068861961365,0.9905874133110046,0.9736947417259216,0.5493876139322916,0.5527852376302084
0,0.38111162185668945,0.986415684223175,0.9604353904724121,0.5022684733072916,0.5585530598958334
0,0.09238827973604202,0.972151517868042,0.9273633360862732,0.108642578125,0.10262044270833333
0,0.07772140949964523,0.9810219407081604,0.960878312587738,0.0986328125,0.10107421875
0,0.0032778659369796515,0.9505947232246399,0.017712298780679703,0.0032246907552083335,0.0
0,0.056387633085250854,0.8588370084762573,0.34168902039527893,0.021881103515625,0.0
0,0.013767678290605545,0.8031737804412842,0.16384240984916687,0.004353841145833333,0.0
0,0.0035530952736735344,0.9224823713302612,0.049675628542900085,0.0035400390625,0.0
0,0.1442718654870987,0.836821436882019,0.74167400598526,0.18476359049479166,0.0
0,0.022151194512844086,0.9955834746360779,0.4477633535861969,0.018503824869791668,0.0
0,0.20493747293949127,0.9767136573791504,0.945600688457489,0.2701009114583333,0.3020731608072917
0,0.1622990518808365,0.9959613680839539,0.9703524708747864,0.198699951171875,0.06195068359375
0,0.022510722279548645,0.6170512437820435,0.1737041175365448,0.0036519368489583335,0.0
0,0.1300262212753296,0.9880849719047546,0.9672850370407104,0.15159098307291666,0.140411376953125
0,0.03211429342627525,0.8578872084617615,0.5453032851219177,0.029439290364583332,0.0
0,0.04398077726364136,0.9273633360862732,0.5802890658378601,0.038421630859375,0.0
0,0.10512059926986694,0.8616546392440796,0.7457688450813293,0.14673868815104166,0.0
0,0.14214487373828888,0.9806919097900391,0.9375513195991516,0.17693074544270834,0.16400146484375
0,0.08573511987924576,0.9905142784118652,0.957833468914032,0.09968058268229167,0.09083048502604167
0,0.03461429104208946,0.8644249439239502,0.37101244926452637,0.018829345703125,0.0
0,0.1395486742258072,0.9811668992042542,0.8520721793174744,0.177947998046875,0.060302734375
0,0.1173248291015625,0.8311430811882019,0.643325924873352,0.173614501953125,0.0
0,0.03754420578479767,0.9026095867156982,0.506079375743866,0.032806396484375,0.0
0,0.43718862533569336,0.9835969805717468,0.9568765759468079,0.51861572265625,0.5105489095052084
0,0.25162485241889954,0.9684410095214844,0.9269675612449646,0.3503316243489583,0.295562744140625
0,0.3181574046611786,0.968678891658783,0.9437636137008667,0.4404805501302083,0.5059712727864584
0,0.1906338930130005,0.9840323328971863,0.9237300753593445,0.2529093424479167,0.13818359375
0,0.1939304620027542,0.9326989054679871,0.8668103814125061,0.2585347493489583,0.22316487630208334
0,0.1511901617050171,0.9553191661834717,0.9012274742126465,0.19587198893229166,0.098541259765625
0,0.31183144450187683,0.9842759370803833,0.9596865773200989,0.4123128255208333,0.4558308919270833
0,0.0031197841744869947,0.07396337389945984,0.023779986426234245,0.0,0.0
0,0.21133534610271454,0.9714558720588684,0.9353429675102234,0.272491455078125,0.3418477376302083
0,0.008084225468337536,0.6696368455886841,0.1378803551197052,0.004231770833333333,0.0
0,0.0007179179810918868,0.022201230749487877,0.005641908384859562,0.0,0.0
0,0.029483497142791748,0.8852352499961853,0.733738124370575,0.031962076822916664,0.0
0,0.1042119562625885,0.9633685946464539,0.8951566815376282,0.13581339518229166,0.037841796875
0,0.17831839621067047,0.9936364889144897,0.9812018275260925,0.20771280924479166,0.19667561848958334
0,0.10098570585250854,0.942294716835022,0.8238958716392517,0.13347371419270834,0.0
0,0.03390374407172203,0.9911182522773743,0.8754679560661316,0.038055419921875,0.0
0,0.1664721816778183,0.9588471055030823,0.9044819474220276,0.22234090169270834,0.21001180013020834
0,0.15453575551509857,0.9737945199012756,0.9520419239997864,0.19545491536458334,0.16325887044270834
0,0.018491020426154137,0.8142006397247314,0.20434190332889557,0.006479899088541667,0.0
0,0.007937629707157612,0.7388575673103333,0.13050688803195953,0.005350748697916667,0.0
0,0.27803003787994385,0.9971216320991516,0.9853842854499817,0.34710693359375,0.3274129231770833
0,0.2463998943567276,0.9797065258026123,0.9477691650390625,0.3053995768229167,0.3080851236979167
0,0.00829747412353754,0.4511148929595947,0.08570928126573563,0.000274658203125,0.0
0,0.4713784158229828,0.9881309270858765,0.9648551344871521,0.5935160319010416,0.6557210286458334
0,0.013825125992298126,0.7180016040802002,0.27618756890296936,0.010457356770833334,0.0
0,0.44321703910827637,0.9942474365234375,0.9834068417549133,0.554107666015625,0.6834208170572916
0,0.05696621164679527,0.9800149202346802,0.796441376209259,0.04541015625,0.0
0,0.22164136171340942,0.9886244535446167,0.937665581703186,0.2875874837239583,0.2678426106770833
0,0.04276791587471962,0.9130584001541138,0.6567683815956116,0.042928059895833336,0.0
0,0.5493099093437195,0.9895108342170715,0.9748690724372864,0.7046407063802084,0.7377522786458334
0,0.10190386325120926,0.9474782943725586,0.8257260322570801,0.11113484700520833,0.0
0,0.36401429772377014,0.9885361194610596,0.9657707214355469,0.4886983235677083,0.4858194986979167
0,0.1376640349626541,0.9956516623497009,0.9558166265487671,0.16910807291666666,0.12514241536458334
0,0.01411465648561716,0.4816366732120514,0.14903530478477478,0.0004069010416666667,0.0
0,0.3320249319076538,0.9888418912887573,0.9717789888381958,0.4007568359375,0.3887939453125
0,0.3439672291278839,0.9877113699913025,0.974773108959198,0.4154764811197917,0.3579305013020833
0,0.08408752828836441,0.8297680616378784,0.6487969160079956,0.09736124674479167,0.0
0,0.35539770126342773,0.988711953163147,0.9583821892738342,0.4779866536458333,0.535247802734375
0,0.13191230595111847,0.9666001796722412,0.8629302382469177,0.16350301106770834,0.08553059895833333
0,0.06844107061624527,0.9161096215248108,0.7058833837509155,0.07222493489583333,0.0
0,0.10308300703763962,0.9866234660148621,0.9015746116638184,0.1239013671875,0.0
0,0.49694767594337463,0.9990187883377075,0.9906600117683411,0.5795796712239584,0.5784810384114584
0,0.6325870156288147,0.9833430051803589,0.9660280346870422,0.80975341796875,0.8814798990885416
0,0.1421101838350296,0.9122800230979919,0.8153750896453857,0.18507893880208334,0.0
0,0.08174170553684235,0.915808916091919,0.7023259401321411,0.08717854817708333,0.0
0,0.04636489227414131,0.7634837031364441,0.6087615489959717,0.036214192708333336,0.0
0,0.13818907737731934,0.9246877431869507,0.800687313079834,0.17505900065104166,0.0
0,0.08048345893621445,0.8587185740470886,0.7081116437911987,0.10111490885416667,0.0
0,0.27541467547416687,0.974628746509552,0.9440738558769226,0.3747049967447917,0.3716532389322917
0,0.16473159193992615,0.9552357196807861,0.8812004327774048,0.20829264322916666,0.07161458333333333
0,0.4973505437374115,0.9943360686302185,0.9831499457359314,0.643524169921875,0.7378031412760416
0,0.3903665542602539,0.9817706942558289,0.9518632292747498,0.5073343912760416,0.55804443359375
0,0.16294646263122559,0.9820137619972229,0.9465966820716858,0.20265706380208334,0.18488566080729166
0,0.1414438635110855,0.9928231239318848,0.9081302285194397,0.18682861328125,0.056396484375
0,0.21551328897476196,0.9796287417411804,0.9257686138153076,0.27728271484375,0.16831461588541666
0,0.006182665470987558,0.7948630452156067,0.08343669027090073,0.0004984537760416666,0.0
0,0.18786866962909698,0.961243748664856,0.9048188328742981,0.247467041015625,0.11588541666666667
0,0.1696084588766098,0.9806548357009888,0.9213533401489258,0.22969563802083334,0.17161051432291666
0,0.0707683339715004,0.989591658115387,0.9190589785575867,0.07014973958333333,0.0
0,0.035160671919584274,0.6532374620437622,0.2776658535003662,0.010701497395833334,0.0
0,0.05444164201617241,0.9269675612449646,0.5596447587013245,0.035593668619791664,0.0
0,0.11720412224531174,0.9008791446685791,0.773729681968689,0.15496826171875,0.12744140625
0,0.04336344078183174,0.730289876461029,0.3413628935813904,0.021779378255208332,0.0
0,0.05546482279896736,0.8386797904968262,0.594893753528595,0.07837931315104167,0.0
0,0.11864154785871506,0.9650533199310303,0.9081253409385681,0.15053304036458334,0.123626708984375
0,0.001028000027872622,0.029367852956056595,0.009303949773311615,0.0,0.0
0,0.11461413651704788,0.9432430863380432,0.7180016040802002,0.19718424479166666,0.167938232421875
0,0.12482345104217529,0.9704086184501648,0.9242786765098572,0.17204793294270834,0.17917887369791666
0,0.14554642140865326,0.879871129989624,0.7520071268081665,0.24772135416666666,0.24315388997395834
0,0.0503818579018116,0.9064877033233643,0.6783269047737122,0.056976318359375,0.0
0,0.01652340590953827,0.686580240726471,0.459710955619812,0.022023518880208332,0.0
0,0.0056031327694654465,0.8137569427490234,0.1108555942773819,0.0026448567708333335,0.0
0,0.0054531763307750225,0.9074763655662537,0.09670579433441162,0.0021158854166666665,0.0
0,0.03769509494304657,0.9950562715530396,0.9613121151924133,0.030914306640625,0.021860758463541668
0,0.10819462686777115,0.9616780281066895,0.8949732184410095,0.12787882486979166,0.048095703125
0,0.036832813173532486,0.5719459652900696,0.4594995677471161,0.057902018229166664,0.0
0,0.08576798439025879,0.7511008381843567,0.611670196056366,0.11591593424479167,0.0
0,0.050013404339551926,0.9354645609855652,0.8416916728019714,0.058563232421875,0.0
0,0.055450696498155594,0.9089417457580566,0.5415595173835754,0.063629150390625,0.0
0,0.00855666771531105,0.9515940546989441,0.18981227278709412,0.008107503255208334,0.0
0,0.11967415362596512,0.8286617398262024,0.6931614875793457,0.21588134765625,0.22669474283854166
0,0.18928618729114532,0.9787938594818115,0.9571177959442139,0.238555908203125,0.22797648111979166
0,0.023904195055365562,0.851582944393158,0.5619306564331055,0.026631673177083332,0.0
0,0.36602526903152466,0.9987356066703796,0.9678385257720947,0.4790877110694184,0.446203095684803
0,0.08441131561994553,0.976802408695221,0.9207911491394043,0.09296296296296297,0.0587962962962963
0,0.0552879199385643,0.9862046241760254,0.947479248046875,0.054973958333333336,0.042291666666666665
0,0.17458052933216095,0.9794329404830933,0.9536226987838745,0.218984375,0.16776041666666666
0,0.051382917910814285,0.9793540239334106,0.7048787474632263,0.050859375,0.0
0,0.17058145999908447,0.9431384205818176,0.8609547019004822,0.21979733333333334,0.117488
0,0.21164022386074066,0.984752357006073,0.9760836362838745,0.2252,0.20895466666666668
0,0.02315865457057953,0.9942025542259216,0.7286527156829834,0.023499348958333333,0.0020768229166666665
0,0.22327876091003418,0.9744833707809448,0.8204694986343384,0.3883925318761384,0.37201047358834244
0,0.0528104342520237,0.9877586960792542,0.7116313576698303,0.054677083333333334,0.016008333333333333
0,0.052440445870161057,0.892375111579895,0.6462370157241821,0.056636318897637795,0.00734251968503937
0,0.010235331952571869,0.944587230682373,0.08570928126573563,0.002765077821011673,0.0
0,0.01356695406138897,0.9388007521629333,0.23493458330631256,0.008572470817120623,0.0
0,0.021094605326652527,0.9968396425247192,0.4813934862613678,0.01695625,0.0
0,0.02539987862110138,0.9916519522666931,0.36139121651649475,0.016872916666666668,0.004277083333333333
0,0.02110891602933407,0.9749646186828613,0.2503625452518463,0.009128861003861004,0.0
0,0.09006521850824356,0.9986955523490906,0.9133679866790771,0.10345559845559846,0.030115830115830116
0,0.052571073174476624,0.9906237721443176,0.43986791372299194,0.051088320463320465,0.0
0,0.22938676178455353,0.8816148638725281,0.7205649614334106,0.4380801896109026,0.32230561590624796
0,0.22774045169353485,0.9839090704917908,0.9365176558494568,0.314966430774814,0.314244238795137
0,0.10137873142957687,0.8556100726127625,0.6520198583602905,0.18408789386401328,0.15601575456053068
0,0.22891508042812347,0.9970765113830566,0.9697853922843933,0.3134567901234568,0.34071787837219936
0,0.16125833988189697,0.9961456060409546,0.9705764651298523,0.20922725194330133,0.2581755829903978
0,0.253445565700531,0.987616240978241,0.9404625296592712,0.36041609510745315,0.36396433470507544
0,0.04683098569512367,0.9046505093574524,0.5959688425064087,0.048143945534122226,0.0
0,0.13603077828884125,0.9826908707618713,0.933552086353302,0.1611541565778854,0.12131961259079903
0,0.07230991125106812,0.9970536231994629,0.8352149128913879,0.10044583333333333,0.013827083333333334
0,0.19753555953502655,0.9932550191879272,0.969956636428833,0.23375871020631234,0.22797923213553764
0,0.03911197930574417,0.9749646186828613,0.8711463809013367,0.041788736979166664,0.02880859375
0,0.057411063462495804,0.9947595000267029,0.8674753308296204,0.07350667317708333,0.048380533854166664
0,0.1857043355703354,0.9559813141822815,0.9064827561378479,0.248748779296875,0.2516886393229167
0,0.012093511410057545,0.5038527846336365,0.21850258111953735,0.006317138671875,0.0
0,0.012957257218658924,0.9939730763435364,0.6661287546157837,0.013203938802083334,0.0
0,0.025930969044566154,0.8978744745254517,0.6561010479927063,0.030222574869791668,0.0
0,0.013843168504536152,0.9589241147041321,0.6097426414489746,0.014750162760416666,0.0
0,0.03571031615138054,0.7951813340187073,0.4172625243663788,0.028188069661458332,0.0
0,0.044311195611953735,0.8802834153175354,0.54228675365448,0.054178873697916664,0.0
0,0.0005359664792194963,0.05707139894366264,0.009596454910933971,0.0,0.0
0,0.00023166443861555308,0.006438102573156357,0.001838665222749114,0.0,0.0
0,0.008234831504523754,0.9790757894515991,0.21011726558208466,0.009450276692708334,0.0
0,0.0006601797067560256,0.20008835196495056,0.006168994586914778,0.0,0.0
0,0.0020654271356761456,0.15203222632408142,0.02655657008290291,0.0,0.0
0,0.007240468170493841,0.8529354929924011,0.15584391355514526,0.005076090494791667,0.0
0,0.005700522568076849,0.2769837975502014,0.07355906069278717,3.0517578125e-05,0.0
0,0.0003242965030949563,0.01590639352798462,0.0030753696337342262,0.0,0.0
0,0.0004643808351829648,0.030559862032532692,0.005343256052583456,0.0,0.0
0,0.0022426696959882975,0.23633992671966553,0.037326887249946594,0.0,0.0
0,0.04408717527985573,0.8250265121459961,0.6406325101852417,0.063018798828125,0.0
0,0.06530910730361938,0.974821150302887,0.9019206762313843,0.100494384765625,0.10631306966145833
0,0.18568921089172363,0.9653158187866211,0.8953343629837036,0.2680155436197917,0.3095499674479167
0,0.10634095221757889,0.9223425984382629,0.7350714802742004,0.1787109375,0.060750325520833336
0,0.09152529388666153,0.9842154383659363,0.9414359331130981,0.10273234049479167,0.053731282552083336
0,0.15505661070346832,0.973993182182312,0.9407864212989807,0.18700154622395834,0.15301513671875
0,0.045677170157432556,0.9638481140136719,0.8322325944900513,0.052846272786458336,0.019571940104166668
0,0.11524724215269089,0.9799765348434448,0.9389128684997559,0.15447998046875,0.15169270833333334
0,0.030988603830337524,0.9946358799934387,0.5805881023406982,0.033406575520833336,0.0
0,0.015043027698993683,0.826151430606842,0.3658859431743622,0.017120361328125,0.0
0,0.04486823081970215,0.9628131985664368,0.5983708500862122,0.06251017252604167,0.0
0,0.011060708202421665,0.9087799787521362,0.269121915102005,0.010009765625,0.0
0,0.1869896650314331,0.9244152307510376,0.8374830484390259,0.2778116861979167,0.2659098307291667
0,0.09480883926153183,0.9865199327468872,0.8645358681678772,0.12662760416666666,0.0718994140625
0,0.036607060581445694,0.9939730763435364,0.8307315111160278,0.029510498046875,0.0
0,0.0034627362620085478,0.14330755174160004,0.04208536818623543,0.0,0.0
0,0.11018628627061844,0.997065007686615,0.9720969796180725,0.12349446614583333,0.07332356770833333
0,0.13470181822776794,0.9858821630477905,0.9068183302879333,0.18094889322916666,0.14886474609375
0,0.0011865734122693539,0.4128260612487793,0.02620392106473446,0.000274658203125,0.0
0,0.00620464188978076,0.5870556235313416,0.18997150659561157,0.006612141927083333,0.0
0,0.01161283254623413,0.4079228937625885,0.13106197118759155,0.0009256998697916666,0.0
0,0.03789174184203148,0.8998278379440308,0.588355302810669,0.055470784505208336,0.0
0,0.037074118852615356,0.9852146506309509,0.7726970911026001,0.042795817057291664,0.0
0,0.08763688057661057,0.8493474125862122,0.6970905065536499,0.14845784505208334,0.14241536458333334
0,0.00369001436047256,0.5457094311714172,0.08343669027090073,0.000213623046875,0.0
0,0.0013644202845171094,0.16211456060409546,0.019794778898358345,0.0,0.0
0,0.22256653010845184,0.9921537041664124,0.9589241147041321,0.30291748046875,0.2054443359375
0,0.02316339500248432,0.7809967398643494,0.5872887969017029,0.037801106770833336,0.0
0,0.006152704358100891,0.8873999118804932,0.15316498279571533,0.004852294921875,0.0
0,0.0272228941321373,0.814643383026123,0.4672396779060364,0.036824544270833336,0.0
0,0.04484676197171211,0.9848109483718872,0.7406922578811646,0.054646809895833336,0.0
0,0.011959925293922424,0.688258945941925,0.17609988152980804,0.003662109375,0.0
0,0.00038192584179341793,0.02494025230407715,0.004982269834727049,0.0,0.0
0,0.010549657046794891,0.9329437017440796,0.19559408724308014,0.007527669270833333,0.0
0,0.011321299709379673,0.7135314345359802,0.2276204228401184,0.009084065755208334,0.0
0,0.0043522934429347515,0.5349162220954895,0.055720292031764984,0.0008443196614583334,0.0
0,0.19551534950733185,0.9923638105392456,0.9785082340240479,0.22672526041666666,0.21529134114583334
0,0.0014403657987713814,0.09670579433441162,0.011243260465562344,0.0,0.0
0,0.0010833306005224586,0.031143829226493835,0.010986942797899246,0.0,0.0
0,0.0971725583076477,0.9092645049095154,0.819749116897583,0.13666788736979166,0.059977213541666664
0,0.03567653149366379,0.9525741338729858,0.8460696339607239,0.048787434895833336,0.029815673828125
0,0.0036086642649024725,0.49762919545173645,0.048226337879896164,0.000213623046875,0.0
0,0.007983575575053692,0.902265727519989,0.25551825761795044,0.009195963541666666,0.0
0,0.008703719824552536,0.658197820186615,0.1766716092824936,0.006072998046875,0.0
0,0.17727135121822357,0.9835337996482849,0.9161096215248108,0.224945068359375,0.22010294596354166
0,0.14800402522087097,0.9924227595329285,0.9657041430473328,0.17771402994791666,0.13200887044270834
0,0.014188048429787159,0.9210741519927979,0.41424351930618286,0.015065511067708334,0.0
0,0.14311547577381134,0.8508408069610596,0.7352616786956787,0.230316162109375,0.20538330078125
0,0.1086375042796135,0.8689380288124084,0.5222308039665222,0.17559814453125,0.0
0,0.004004634451121092,0.8680456876754761,0.0562332421541214,0.0019429524739583333,0.0
0,0.011590716429054737,0.9783433079719543,0.23005375266075134,0.008331298828125,0.0
0,0.0625024139881134,0.9586926698684692,0.7640070915222168,0.07808430989583333,0.0
0,0.0026121006812900305,0.9061560034751892,0.024191483855247498,0.0008138020833333334,0.0
0,0.06969004124403,0.9919691681861877,0.9086179733276367,0.09291585286458333,0.081878662109375
0,0.0007900095079094172,0.02561391517519951,0.0066411131992936134,0.0,0.0
0,0.000803616305347532,0.0360160693526268,0.012007351033389568,0.0,0.0
0,0.006861115340143442,0.7921428084373474,0.1721593290567398,0.005401611328125,0.0
0,0.03310049697756767,0.9081302285194397,0.7702764868736267,0.046152750651041664,0.032887776692708336
0,0.01933862455189228,0.9917163252830505,0.8521768450737,0.023691813151041668,0.011759440104166666
0,0.007474319543689489,0.9554024338722229,0.19162097573280334,0.007904052734375,0.0
0,0.0014147431356832385,0.07343005388975143,0.03010033816099167,0.0,0.0
0,0.043126802891492844,0.9967523813247681,0.6065567135810852,0.06565348307291667,0.0
0,0.019107026979327202,0.9994966983795166,0.5319647192955017,0.019622802734375,0.0
0,0.13045461475849152,0.9744347929954529,0.8964328765869141,0.18705240885416666,0.16355387369791666
0,0.0030845236033201218,0.38606879115104675,0.08631885796785355,0.0005086263020833334,0.0
0,0.0009056567214429379,0.5059048533439636,0.015185556374490261,0.00011189778645833333,0.0
0,0.07078704237937927,0.9514138102531433,0.7358314990997314,0.12400309244791667,0.0985107421875
0,0.01904175989329815,0.9796676635742188,0.7906919717788696,0.02349853515625,0.0
0,0.024988384917378426,0.9894702434539795,0.9053173065185547,0.026377360026041668,0.0
0,0.0019098279299214482,0.664758026599884,0.030098628252744675,9.1552734375e-05,0.0
0,0.02313324809074402,0.8444089889526367,0.4259454905986786,0.016123453776041668,0.0
0,0.07391930371522903,0.9630224108695984,0.8014700412750244,0.09874471028645833,0.0
0,0.0003210144641343504,0.016277462244033813,0.004718369338661432,0.0,0.0
0,0.022518562152981758,0.9320833086967468,0.45774173736572266,0.030985514322916668,0.0
0,0.00016467766545247287,0.009522485546767712,0.001654730993323028,0.0,0.0
0,0.014390784315764904,0.75743567943573,0.2654822766780853,0.009877522786458334,0.0
0,0.0029387616086751223,0.5955513715744019,0.039564553648233414,0.000518798828125,0.0
0,0.00260764523409307,0.132851704955101,0.053403329104185104,0.0,0.0
0,0.18694089353084564,0.9577545523643494,0.9281486868858337,0.22969563802083334,0.22462972005208334
0,0.015312016941606998,0.8721297383308411,0.35767972469329834,0.016815185546875,0.0
0,0.06458809226751328,0.9749646186828613,0.8756807446479797,0.07346598307291667,0.027496337890625
0,0.010106496512889862,0.8514594435691833,0.12929275631904602,0.004109700520833333,0.0
0,0.3158637583255768,0.996160626411438,0.9870795607566833,0.3981831868489583,0.4424845377604167
0,0.0011840066872537136,0.5394078493118286,0.0140095679089427,0.0005594889322916666,0.0
0,0.21978461742401123,0.9906960725784302,0.9668495655059814,0.2872416178385417,0.23845418294270834
0,0.12740014493465424,0.9954615235328674,0.9840917587280273,0.15435791015625,0.062174479166666664
0,0.0026486527640372515,0.09235979616641998,0.034813228994607925,0.0,0.0
0,0.05500959977507591,0.957912266254425,0.8631610870361328,0.07765706380208333,0.072601318359375
0,0.09927913546562195,0.9701834917068481,0.9391365647315979,0.11548868815104167,0.11512247721354167
0,0.2084667682647705,0.9813822507858276,0.9558166265487671,0.3000895182291667,0.2578125
0,0.013166065327823162,0.9870296716690063,0.7539995908737183,0.015279134114583334,0.012847900390625
0,0.02322757989168167,0.7947037816047668,0.5690128803253174,0.03314208984375,0.0
0,0.005756258498877287,0.6834195256233215,0.14270555973052979,0.004933675130208333,0.0
0,0.0037949513643980026,0.9127477407455444,0.075721375644207,0.003957112630208333,0.0
0,0.05049071088433266,0.9458011984825134,0.8879840970039368,0.0755615234375,0.027669270833333332
0,0.00039822980761528015,0.03514484316110611,0.006388320587575436,0.0,0.0
0,0.0004798023437615484,0.03384403511881828,0.005888159852474928,0.0,0.0
0,0.05339046195149422,0.984752357006073,0.5880489945411682,0.07663981119791667,0.0
0,0.050588201731443405,0.8577680587768555,0.6800292134284973,0.083038330078125,0.06610107421875
0,0.004778014495968819,0.7248703241348267,0.08448822051286697,0.0036214192708333335,0.0
0,0.00023011385928839445,0.011331754736602306,0.002074867021292448,0.0,0.0
0,0.06282632797956467,0.7014063596725464,0.6193544268608093,0.08525594075520833,0.0
0,0.08221201598644257,0.6562178134918213,0.5519652962684631,0.13216145833333334,0.0
0,0.006151839625090361,0.9772841930389404,0.05877655744552612,0.00592041015625,0.0
0,0.03815034031867981,0.9533619284629822,0.6852126717567444,0.050913492838541664,0.0
0,0.057638365775346756,0.9698426127433777,0.7958025336265564,0.07787068684895833,0.0
0,0.00016993730969261378,0.01609087362885475,0.0018312963657081127,0.0,0.0
0,0.00044282208546064794,0.4495738744735718,0.0066411131992936134,3.0517578125e-05,0.0
0,0.04781809076666832,0.8455602526664734,0.6949241161346436,0.08083089192708333,0.037363688151041664
0,0.06539858877658844,0.8139049410820007,0.684260904788971,0.10700480143229167,0.07444254557291667
0,0.02056206203997135,0.8614217042922974,0.6375951170921326,0.029144287109375,0.0
0,0.07669787853956223,0.8885655403137207,0.7520126104354858,0.12067667643229167,0.10929361979166667
0,0.0029241021256893873,0.23057307302951813,0.03594832494854927,0.0,0.0
0,0.09774448722600937,0.936051607131958,0.8735355734825134,0.11749267578125,0.051920572916666664
0,0.0810851976275444,0.7627776861190796,0.6701767444610596,0.138214111328125,0.11406453450520833
0,0.14989309012889862,0.9830850958824158,0.8765287399291992,0.22974650065104166,0.17408243815104166
0,0.017861858010292053,0.9436599016189575,0.3044489324092865,0.011576334635416666,0.0
0,0.0006954114069230855,0.06119922548532486,0.009090383537113667,0.0,0.0
0,0.00040727309533394873,0.0874079167842865,0.005511934403330088,0.0,0.0
0,0.06971890479326248,0.9437636137008667,0.6400701999664307,0.12729899088541666,0.0
0,0.10699290782213211,0.7532851696014404,0.648800253868103,0.20137532552083334,0.16878255208333334
0,0.003343659220263362,0.10669060051441193,0.02753293886780739,0.0,0.0
0,0.00497488072142005,0.6791787147521973,0.08021325618028641,0.001708984375,0.0
0,0.004490264225751162,0.137648344039917,0.05146276578307152,0.0,0.0
0,0.0012354612117633224,0.07055959850549698,0.019643761217594147,0.0,0.0
0,0.0029678058344870806,0.16899405419826508,0.04940524324774742,0.0,0.0
0,0.0006078417063690722,0.0235992930829525,0.005511934403330088,0.0,0.0
0,0.0038065072149038315,0.4297882914543152,0.06512754410505295,0.00103759765625,0.0
0,0.060886312276124954,0.9731387495994568,0.7090160846710205,0.07691446940104167,0.0
0,0.10127720981836319,0.9866748452186584,0.9362850189208984,0.15282185872395834,0.10956827799479167
0,0.04840700700879097,0.7858021259307861,0.5771957039833069,0.07145182291666667,0.0
0,0.1185450479388237,0.9891397356987,0.939024806022644,0.16910807291666666,0.145843505859375
0,0.04339955747127533,0.8442806601524353,0.6276088953018188,0.053904215494791664,0.0
0,0.11656701564788818,0.9475754499435425,0.8572908639907837,0.17427571614583334,0.07438151041666667
0,0.06054398790001869,0.915808916091919,0.7781388759613037,0.08378092447916667,0.07991536458333333
0,0.019736984744668007,0.7304821610450745,0.4067423641681671,0.016998291015625,0.0
0,0.04970019683241844,0.9748690724372864,0.9473780989646912,0.062357584635416664,0.0445556640625
0,0.1280711144208908,0.8213309049606323,0.6777908205986023,0.23858642578125,0.2644856770833333
0,0.09524247795343399,0.9712384939193726,0.8050197958946228,0.13618977864583334,0.11442057291666667
0,0.028795301914215088,0.8921873569488525,0.5617549419403076,0.032663981119791664,0.0
0,0.11799638718366623,0.9252299070358276,0.848846971988678,0.14216105143229166,0.13326009114583334
0,0.23322778940200806,0.9092645049095154,0.8107787370681763,0.3747049967447917,0.3897501627604167
0,0.011739465408027172,0.5550132393836975,0.21849757432937622,0.006154378255208333,0.0
0,0.03685677424073219,0.801159143447876,0.6477949023246765,0.058817545572916664,0.0
0,0.07251965999603271,0.9568765759468079,0.6416469216346741,0.11716715494791667,0.0
0,0.21555738151073456,0.9720985889434814,0.9398029446601868,0.33197021484375,0.3653462727864583
0,0.14239062368869781,0.9672868847846985,0.8153750896453857,0.22316487630208334,0.206695556640625
0,0.06109286844730377,0.8918110132217407,0.775604784488678,0.08864339192708333,0.07749430338541667
0,0.053591664880514145,0.9557340741157532,0.6516841053962708,0.061177571614583336,0.0
0,0.10083606094121933,0.9428234100341797,0.7420424222946167,0.16645304361979166,0.1380615234375
0,0.021385515108704567,0.8873999118804932,0.5144098997116089,0.021006266276041668,0.0
0,0.020490875467658043,0.75743567943573,0.4702642858028412,0.033467610677083336,0.0
0,0.158979594707489,0.916857123374939,0.8169911503791809,0.2558085123697917,0.2540079752604167
0,0.030519792810082436,0.960212230682373,0.7175881266593933,0.041768391927083336,0.037007649739583336
0,0.005011309869587421,0.8062431216239929,0.09467770159244537,0.0028889973958333335,0.0
0,0.04559575021266937,0.6653018593788147,0.542069137096405,0.059478759765625,0.0
0,0.08527302742004395,0.9150528311729431,0.7352559566497803,0.11875406901041667,0.027913411458333332
0,0.04333127662539482,0.8440237045288086,0.705373227596283,0.04119873046875,0.0
0,0.011799086816608906,0.854763388633728,0.19759459793567657,0.006235758463541667,0.0
0,0.1225375309586525,0.9451974034309387,0.8190264105796814,0.1658935546875,0.088897705078125
0,0.0037560586351901293,0.13546064496040344,0.03527754545211792,0.0,0.0
0,0.11173490434885025,0.9790357351303101,0.9135177135467529,0.14790852864583334,0.07567342122395833
0,0.29213210940361023,0.9856629967689514,0.9752018451690674,0.3286539713541667,0.3265482584635417
0,0.00838856864720583,0.9280183911323547,0.17723624408245087,0.005950927734375,0.0
0,0.030349001288414,0.985496461391449,0.6279340982437134,0.041402180989583336,0.0
0,0.0017304305220022798,0.3186971843242645,0.03167862817645073,7.120768229166667e-05,0.0
0,0.06037691608071327,0.9955315589904785,0.9092596769332886,0.09859212239583333,0.011464436848958334
0,0.04242023453116417,0.6677979230880737,0.46223029494285583,0.07396443684895833,0.0
0,0.002396582392975688,0.297980397939682,0.04501553252339363,4.0690104166666664e-05,0.0
0,0.024351907894015312,0.818156361579895,0.42387354373931885,0.034495035807291664,0.0
0,0.02362632565200329,0.7081116437911987,0.42906153202056885,0.024098714192708332,0.0
0,0.025329967960715294,0.9518632292747498,0.43988871574401855,0.027567545572916668,0.0
0,0.013860492967069149,0.7439128756523132,0.20212803781032562,0.005696614583333333,0.0
0,0.019469082355499268,0.5901888608932495,0.3893073499202728,0.024556477864583332,0.0
0,0.17964188754558563,0.9704646468162537,0.9071478247642517,0.2690633138020833,0.2640482584635417
0,0.0030929704662412405,0.18742996454238892,0.02498636767268181,0.0,0.0
0,0.035040032118558884,0.917302668094635,0.5447923541069031,0.039326985677083336,0.0
0,0.02504728175699711,0.8482193946838379,0.5449161529541016,0.029805501302083332,0.0
0,0.017976174131035805,0.7586894631385803,0.5185452699661255,0.028238932291666668,0.0
0,0.045349568128585815,0.7595822811126709,0.5460111498832703,0.06972249348958333,0.0
0,0.002489300211891532,0.1902722269296646,0.0389750711619854,0.0,0.0
0,0.08752188086509705,0.9614614844322205,0.9315870404243469,0.10711669921875,0.1075439453125
0,0.0011551760835573077,0.0751764103770256,0.015483987517654896,0.0,0.0
0,0.21395862102508545,0.9674102663993835,0.7586840987205505,0.37371826171875,0.3633626302083333
0,0.005979699548333883,0.09252365678548813,0.054499875754117966,0.0,0.0
0,0.22906005382537842,0.9822195768356323,0.9400203227996826,0.326934814453125,0.3383585611979167
0,0.017499344423413277,0.8214741349220276,0.38814884424209595,0.020762125651041668,0.0
0,0.024328455328941345,0.9679599404335022,0.3822532892227173,0.015981038411458332,0.0
0,0.14906679093837738,0.9235922694206238,0.8361495733261108,0.25146484375,0.14707438151041666
0,0.04252548888325691,0.7721872329711914,0.3538746237754822,0.0185546875,0.0
0,0.2655366063117981,0.9669764637947083,0.9326989054679871,0.3914794921875,0.3775227864583333
0,0.1014728844165802,0.9743373394012451,0.9298236966133118,0.12871297200520834,0.09853108723958333
0,0.14854948222637177,0.8314169645309448,0.7201715111732483,0.23488362630208334,0.216064453125
0,0.03801442310214043,0.8889517188072205,0.45715880393981934,0.031778971354166664,0.0
0,0.14915044605731964,0.9474782943725586,0.9170058369636536,0.20630900065104166,0.17289225260416666
0,0.10088992863893509,0.9766246676445007,0.9491034746170044,0.12815348307291666,0.09749348958333333
0,0.0006456066621467471,0.011419614776968956,0.004281254485249519,0.0,0.0
0,0.029203377664089203,0.5871739387512207,0.41697466373443604,0.032196044921875,0.0
0,0.17835015058517456,0.9774571061134338,0.8033281564712524,0.2611490885416667,0.10420735677083333
0,0.1469002068042755,0.7783125042915344,0.6450048089027405,0.2778116861979167,0.1533203125
0,0.0053120083175599575,0.18213440477848053,0.050611432641744614,0.0,0.0
0,0.035681720823049545,0.8679338097572327,0.4857518970966339,0.052286783854166664,0.0
0,0.0688246563076973,0.9411153197288513,0.5510283708572388,0.13075764973958334,0.0
0,0.005030921194702387,0.6370307803153992,0.08050192892551422,0.0012308756510416667,0.0
0,0.021022940054535866,0.8414351940155029,0.5105520486831665,0.021331787109375,0.0
0,0.07377470284700394,0.7747538685798645,0.5672774910926819,0.10179646809895833,0.0
0,0.09255716949701309,0.952397346496582,0.8423411846160889,0.14272054036458334,0.11812337239583333
0,0.031209265813231468,0.7303860783576965,0.564395010471344,0.047526041666666664,0.0
0,0.012184533290565014,0.6024709343910217,0.31869399547576904,0.012502034505208334,0.0
0,0.027076618745923042,0.6705003976821899,0.3938197195529938,0.013773600260416666,0.0
0,0.00544442655518651,0.6523521542549133,0.06119586154818535,0.00274658203125,0.0
0,0.11859671026468277,0.9671630263328552,0.9196425676345825,0.16341145833333334,0.14878336588541666
0,0.11107850074768066,0.9933071732521057,0.9733928442001343,0.11698404947916667,0.08121744791666667
0,0.10808465629816055,0.97334223985672,0.9196425676345825,0.141204833984375,0.159637451171875
0,0.08595851808786392,0.9355823397636414,0.8444089889526367,0.10014851888020833,0.04443359375
0,0.12016303092241287,0.9575167298316956,0.8925625681877136,0.165496826171875,0.17061360677083334
0,0.2003713995218277,0.9969005584716797,0.9845736026763916,0.23503621419270834,0.2611796061197917
0,0.02545102685689926,0.9187722206115723,0.6043388247489929,0.037261962890625,0.0
0,0.09773369878530502,0.9029524326324463,0.7657685875892639,0.15067545572916666,0.15175374348958334
0,0.03690757974982262,0.9342753291130066,0.6652855277061462,0.023264567057291668,0.0
0,0.07077834755182266,0.9907320141792297,0.9714000225067139,0.081787109375,0.06853230794270833
0,0.08305536210536957,0.9662197828292847,0.7148271203041077,0.08917236328125,0.0
0,0.006671977695077658,0.7345005869865417,0.08976850658655167,0.001739501953125,0.0
0,0.35770246386528015,0.9960082769393921,0.9811307191848755,0.46380615234375,0.42156982421875
0,0.1916201114654541,0.9991990923881531,0.996292769908905,0.21071370442708334,0.176239013671875
0,0.37261971831321716,0.9910838603973389,0.9706321954727173,0.4686381022135417,0.4742635091145833
0,0.28458908200263977,0.9946980476379395,0.9755768775939941,0.357879638671875,0.22398885091145834
0,0.05362159386277199,0.9492946267127991,0.8614181876182556,0.061014811197916664,0.0
0,0.5437520146369934,0.9956005811691284,0.9811668992042542,0.6685384114583334,0.79888916015625
0,0.0145754748955369,0.8719117641448975,0.15674534440040588,0.004669189453125,0.0
0,0.3438475430011749,0.9928231239318848,0.9626027941703796,0.460479736328125,0.4586079915364583
0,0.0028374448884278536,0.3493107259273529,0.03971102833747864,0.00011189778645833333,0.0
0,0.11179926991462708,0.9620362520217896,0.7261344194412231,0.13749186197916666,0.0
0,0.10201919078826904,0.9959456324577332,0.978260338306427,0.11744181315104167,0.06342569986979167
0,0.03964419290423393,0.9962638020515442,0.8282244801521301,0.043019612630208336,0.011332194010416666
0,0.35163283348083496,0.9982859492301941,0.9907320141792297,0.4539693196614583,0.4527994791666667
0,0.08063057065010071,0.9722043871879578,0.8618873357772827,0.09879557291666667,0.0
0,0.03304415941238403,0.9919379353523254,0.8300437331199646,0.0262451171875,0.0
0,0.01854514516890049,0.9714558720588684,0.5061894059181213,0.019073486328125,0.0
0,0.0760268047451973,0.9788343906402588,0.9162596464157104,0.08575439453125,0.0625
0,0.04555133357644081,0.9611709713935852,0.49234792590141296,0.037526448567708336,0.0
0,0.041582588106393814,0.7164170742034912,0.6180315017700195,0.043731689453125,0.0
0,0.17770308256149292,0.9967013001441956,0.9627432227134705,0.218625,0.08334166666666666
0,0.20531520247459412,0.9470881819725037,0.7994423508644104,0.3749544270833333,0.207939453125
0,0.13963483273983002,0.9983256459236145,0.6185506582260132,0.23683268229166668,0.18447265625
0,0.06524435430765152,0.9814888834953308,0.7532851696014404,0.07920572916666667,0.0
0,0.23930710554122925,0.9979493021965027,0.7333563566207886,0.4537532552083333,0.31494791666666666
0,0.41352131962776184,0.9894295334815979,0.9762653708457947,0.502144,0.4858826666666667
0,0.06153405085206032,0.9815597534179688,0.9187678694725037,0.07355753580729167,0.0389404296875
0,0.011464656330645084,0.9058233499526978,0.25551268458366394,0.009318033854166666,0.0
0,0.023514941334724426,0.9411153197288513,0.29541486501693726,0.011586507161458334,0.0
0,0.2735119163990021,0.9977743029594421,0.9893885254859924,0.3512471516927083,0.348785400390625
0,0.03872356191277504,0.9818752408027649,0.7959754467010498,0.036580403645833336,0.0
0,0.06293775886297226,0.8604864478111267,0.6624690294265747,0.06987508138020833,0.0
0,0.11414307355880737,0.985042929649353,0.8692712783813477,0.12651061776061776,0.009305019305019304
0,0.2651241421699524,0.9973061084747314,0.9659639000892639,0.37390376984126983,0.24255208333333333
0,0.12391132861375809,0.9904406070709229,0.6857390403747559,0.16508094645080945,0.12748304967483048
0,0.008966653607785702,0.8183016180992126,0.13466320931911469,0.0037412587412587414,0.0
0,0.0017118505202233791,0.6436653733253479,0.0296480730175972,0.00026775956284153007,0.0
0,0.0006433083326555789,0.1550784707069397,0.010013570077717304,0.0,0.0
0,0.00561038963496685,0.8419556617736816,0.13139596581459045,0.004211443508568109,0.0
0,0.20081987977027893,0.9877113699913025,0.9179683327674866,0.2637150498419645,0.05637247751033309
0,0.06037256866693497,0.9927672147750854,0.91804039478302,0.06730514096185738,0.016575456053067993
0,0.3152982294559479,0.9999512434005737,0.9870795607566833,0.40295042545320015,0.48492045874953754
0,0.2927631735801697,0.9949199557304382,0.9840323328971863,0.3690255731922399,0.26008377425044094
0,0.24075928330421448,0.996364176273346,0.9801673293113708,0.2914473684210526,0.2347280701754386
0,0.2243252843618393,0.9967774748802185,0.9678391218185425,0.2703147163120567,0.18679521276595745
0,0.10543745756149292,0.9937100410461426,0.8523231744766235,0.1291770462633452,0.0
0,0.3539564907550812,0.9820137619972229,0.9417614340782166,0.4852269378131447,0.5382907322562495
0,0.1287732720375061,0.9846936464309692,0.934035062789917,0.1457749766573296,0.05229225023342671
0,0.026713166385889053,0.9565531015396118,0.42609113454818726,0.017107042053082232,0.0
0,0.08754010498523712,0.9005298018455505,0.7293857932090759,0.10731507130399097,0.0
0,0.16294756531715393,0.9994557499885559,0.9841545820236206,0.18865646258503402,0.09751275510204081
0,0.0861615389585495,0.9812389612197876,0.9214990139007568,0.09024904214559387,0.03863505747126437
0,0.02055228129029274,0.953880250453949,0.2250434160232544,0.007353867472915092,0.0
0,0.04073627293109894,0.9947595000267029,0.5340669751167297,0.034702083333333335,0.0
0,0.1670861840248108,0.992061972618103,0.9407896995544434,0.21901458333333335,0.15467083333333334
0,0.08049234747886658,0.9812749028205872,0.851706326007843,0.07803541666666666,0.051708333333333335
0,0.3004530966281891,0.9325762391090393,0.8602518439292908,0.40457175925925926,0.46654224537037037
0,0.3472091257572174,0.9975656270980835,0.9812389612197876,0.4324246854129045,0.4889459438431835
0,0.02584981918334961,0.9916519522666931,0.9387973546981812,0.025624593098958332,0.0
0,0.00026368972612544894,0.00806199200451374,0.002074867021292448,0.0,0.0
0,0.28251245617866516,0.9617499113082886,0.8877896666526794,0.4444580078125,0.4211324055989583
0,0.18731112778186798,0.9920926690101624,0.9655115008354187,0.23076375325520834,0.2524515787760417
0,0.10158223658800125,0.9330658316612244,0.8292155861854553,0.12610880533854166,0.09901936848958333
0,0.11847830563783646,0.9593832492828369,0.8870089650154114,0.14607747395833334,0.0
0,0.05260945484042168,0.9935368895530701,0.8916168212890625,0.055440266927083336,0.0
0,0.0689021646976471,0.9461008310317993,0.7532797455787659,0.0677490234375,0.0
0,0.014635242521762848,0.3647775650024414,0.10393037647008896,0.0003458658854166667,0.0
0,0.0029695022385567427,0.9133679866790771,0.015904562547802925,0.0034688313802083335,0.0
0,0.0026390254497528076,0.3153141736984253,0.0409967266023159,7.120768229166667e-05,0.0
0,0.3180291950702667,0.9940197467803955,0.9788343906402588,0.4142659505208333,0.3474019368489583
0,0.02677111141383648,0.9405717849731445,0.46581846475601196,0.022267659505208332,0.0
0,0.09794814139604568,0.9934865236282349,0.9577545523643494,0.11680094401041667,0.08814493815104167
0,0.09707549959421158,0.9856629967689514,0.9510486721992493,0.11980183919270833,0.111846923828125
0,0.009870064444839954,0.8432507514953613,0.1901083141565323,0.007181803385416667,0.0
0,0.12684573233127594,0.9980657696723938,0.9883578419685364,0.149322509765625,0.05010986328125
0,0.0030386957805603743,0.5183176398277283,0.043042849749326706,0.0008443196614583334,0.0
0,0.010280474089086056,0.9942250847816467,0.2590694725513458,0.00958251953125,0.0
0,0.026598580181598663,0.9012274742126465,0.3231472373008728,0.012613932291666666,0.0
0,0.018733354285359383,0.8938665986061096,0.2613309323787689,0.009531656901041666,0.0
0,0.07029198855161667,0.7073035836219788,0.578803539276123,0.11158243815104167,0.0
0,0.2087550163269043,0.9921233057975769,0.8980481028556824,0.3640950520833333,0.3101603190104167
0,0.016911553218960762,0.9337939620018005,0.3517562747001648,0.014373779296875,0.0
0,0.01015776488929987,0.9443824291229248,0.19177229702472687,0.006266276041666667,0.0
0,0.05240273475646973,0.9829546809196472,0.8645393252372742,0.060709635416666664,0.0
0,0.004999182652682066,0.08803311735391617,0.029145970940589905,0.0,0.0
0,0.13549649715423584,0.9985334873199463,0.9882221817970276,0.15167236328125,0.061614990234375
0,0.22779643535614014,0.9786719083786011,0.9626027941703796,0.2806193033854167,0.3029378255208333
0,0.007833507843315601,0.22507576644420624,0.0762699767947197,0.0,0.0
0,0.022187089547514915,0.8783142566680908,0.4832517206668854,0.021982828776041668,0.0
0,0.07200559228658676,0.9771101474761963,0.8664718866348267,0.07877604166666667,0.0
0,0.15015727281570435,0.9811668992042542,0.9358173608779907,0.19196573893229166,0.18401082356770834
0,0.00274856761097908,0.08945459872484207,0.02727111242711544,0.0,0.0
0,0.019886011257767677,0.996321439743042,0.9013906717300415,0.016469319661458332,0.015584309895833334
0,0.028069136664271355,0.9304582476615906,0.3152087330818176,0.013315836588541666,0.0
0,0.0007794073899276555,0.05098814517259598,0.01379536371678114,0.0,0.0
0,0.02060721255838871,0.9961004257202148,0.7272922992706299,0.023050944010416668,0.0
0,0.20977003872394562,0.967348575592041,0.8964328765869141,0.3092041015625,0.4034423828125
0,0.10874337702989578,0.9902915358543396,0.9567959308624268,0.12418619791666667,0.14088948567708334
0,0.17132258415222168,0.9809491038322449,0.9392480850219727,0.20869954427083334,0.07948811848958333
0,0.07581610232591629,0.9890975952148438,0.9580694437026978,0.08790079752604167,0.06833902994791667
0,0.029371103271842003,0.9331876635551453,0.34842339158058167,0.015858968098958332,0.0
0,0.0008284531068056822,0.052814021706581116,0.010776727460324764,0.0,0.0
0,0.02675444446504116,0.7713271975517273,0.44389811158180237,0.021219889322916668,0.0
0,0.04982168599963188,0.9817706942558289,0.9319595694541931,0.059977213541666664,0.049468994140625
0,0.0009292806498706341,0.08225394785404205,0.01107087917625904,0.0,0.0
0,0.004546075593680143,0.11899801343679428,0.08225394785404205,0.0,0.0
0,0.00688540143892169,0.9359345436096191,0.08555634319782257,0.0018717447916666667,0.0
0,0.03889695927500725,0.9814888834953308,0.7412940263748169,0.031199137369791668,0.0
0,0.18795496225357056,0.9459012746810913,0.8904848694801331,0.2800496419270833,0.2549235026041667
0,0.06585061550140381,0.9909447431564331,0.8820220232009888,0.061838785807291664,0.0
0,0.003531893016770482,0.19390946626663208,0.03321117162704468,0.0,0.0
0,0.07488172501325607,0.9586926698684692,0.866581380367279,0.106048583984375,0.084991455078125
0,0.208116814494133,0.9837225079536438,0.9196425676345825,0.287109375,0.166839599609375
0,0.014581809751689434,0.9493886232376099,0.6186934113502502,0.014851888020833334,0.0
0,0.006253788713365793,0.5752301812171936,0.14378419518470764,0.004618326822916667,0.0
0,0.04401040077209473,0.9946568012237549,0.8806883692741394,0.050160725911458336,0.0
0,0.0560729093849659,0.9902538657188416,0.8707039952278137,0.06528727213541667,0.0
0,0.004139503929764032,0.2729925513267517,0.034100428223609924,1.0172526041666666e-05,0.0
0,0.006993370596319437,0.3246634900569916,0.06608537584543228,0.00018310546875,0.0
0,0.2262357622385025,0.9017477631568909,0.8311389684677124,0.3577067057291667,0.3214009602864583
0,0.0016009571263566613,0.38225674629211426,0.02859835885465145,0.00014241536458333334,0.0
0,0.10180234909057617,0.9923043847084045,0.8159579634666443,0.122833251953125,0.0
0,0.08623651415109634,0.957277774810791,0.8033281564712524,0.10851033528645833,0.0
0,0.08123040944337845,0.9027811288833618,0.6744794845581055,0.12776692708333334,0.0
0,0.04579850658774376,0.9690324664115906,0.7935814261436462,0.0517578125,0.0
0,0.06593996286392212,0.9362850189208984,0.8337270617485046,0.07654825846354167,0.029215494791666668
0,0.04158836230635643,0.9958011507987976,0.9680808186531067,0.033396402994791664,0.028656005859375
0,0.0366290882229805,0.9895513653755188,0.7988152503967285,0.015401204427083334,0.0
0,0.0711919516324997,0.9649873375892639,0.8213309049606323,0.08851114908854167,0.0
0,0.005692292004823685,0.1911766231060028,0.06336286664009094,0.0,0.0
0,0.013269729912281036,0.9905142784118652,0.5320234894752502,0.014444986979166666,0.0
0,0.40151843428611755,0.996160626411438,0.9897116422653198,0.4673868815104167,0.5226236979166666
0,0.040294256061315536,0.9857729077339172,0.8684892058372498,0.02911376953125,0.0
0,0.22766709327697754,0.9829546809196472,0.9525715112686157,0.2967631022135417,0.24659220377604166
0,0.06259976327419281,0.9920312166213989,0.9551520943641663,0.07269287109375,0.012888590494791666
0,0.04031995311379433,0.9845160245895386,0.9285346269607544,0.03961181640625,0.016845703125
0,0.3965284824371338,0.9913222789764404,0.9737945199012756,0.4676005045572917,0.4769185384114583
0,0.14481113851070404,0.9989350438117981,0.995226263999939,0.156005859375,0.13193766276041666
0,0.0005877774092368782,0.019946934655308723,0.0040543340146541595,0.0,0.0
0,0.008098470978438854,0.9640516638755798,0.1756456047296524,0.008758544921875,0.0
0,0.21234826743602753,0.9931228756904602,0.9529232382774353,0.270599365234375,0.16410319010416666
0,0.42118239402770996,0.996249258518219,0.9864678382873535,0.519012451171875,0.5069071451822916
0,0.05989168956875801,0.9870795607566833,0.7081974148750305,0.048248291015625,0.0
0,0.20400583744049072,0.9980657696723938,0.9793145656585693,0.2706705729166667,0.16100056966145834
0,0.06322509795427322,0.7459539771080017,0.6194695830345154,0.095703125,0.0
0,0.03680285066366196,0.9870296716690063,0.8158157467842102,0.029398600260416668,0.0
0,0.07326874881982803,0.9923933744430542,0.9171544313430786,0.09160359700520833,0.058664957682291664
0,0.009272754192352295,0.9908389449119568,0.12837336957454681,0.007954915364583334,0.0
0,0.0034559823106974363,0.8588370084762573,0.0356094054877758,0.00042724609375,0.0
0,0.3601432740688324,0.9909447431564331,0.9639838933944702,0.46728515625,0.4754130045572917
0,0.15168961882591248,0.9878058433532715,0.9590777158737183,0.19129435221354166,0.19425455729166666
0,0.09826896339654922,0.8314169645309448,0.6933691501617432,0.16197713216145834,0.19840494791666666
0,0.09534332156181335,0.972151517868042,0.8812004327774048,0.10584513346354167,0.0
0,0.047501664608716965,0.9637799859046936,0.5463742017745972,0.041341145833333336,0.0
0,0.25021684169769287,0.9853278994560242,0.9473810195922852,0.333221435546875,0.2874552408854167
0,0.1692611575126648,0.9890975952148438,0.9121188521385193,0.2552998860677083,0.24924723307291666
0,0.2139730453491211,0.9939730763435364,0.9580694437026978,0.3139241536458333,0.210540771484375
0,0.03952190652489662,0.988447368144989,0.8177201151847839,0.043284098307291664,0.0
0,0.1075761616230011,0.9628131985664368,0.914290726184845,0.13437906901041666,0.13324991861979166
0,0.12914998829364777,0.9428234100341797,0.8764230012893677,0.174285888671875,0.12184651692708333
0,0.2735004425048828,0.9996750354766846,0.9933330416679382,0.3778483072916667,0.3475545247395833
0,0.19743530452251434,0.9797453284263611,0.9431352615356445,0.2767232259114583,0.21824137369791666
0,0.07688286900520325,0.8960696458816528,0.7360156178474426,0.090484619140625,0.036946614583333336
0,0.028677871450781822,0.9260365962982178,0.43228867650032043,0.017730712890625,0.0
0,0.03023783303797245,0.8366879820823669,0.39413219690322876,0.019195556640625,0.0
0,0.03308498486876488,0.9897909760475159,0.7774689197540283,0.028086344401041668,0.0
0,0.011365666054189205,0.42662015557289124,0.09670579433441162,0.0004781087239583333,0.0
0,0.12009143084287643,0.9937345385551453,0.9786311388015747,0.14451090494791666,0.0792236328125
0,0.08387598395347595,0.9770664572715759,0.9302051067352295,0.10392252604166667,0.02716064453125
0,0.2605491578578949,0.9962345957756042,0.985042929649353,0.3197123209635417,0.3632710774739583
0,0.09387410432100296,0.9280183911323547,0.8299059271812439,0.130584716796875,0.13157145182291666
0,0.005321612115949392,0.9202179908752441,0.08021325618028641,0.0033976236979166665,0.0
0,0.0014445027336478233,0.21800270676612854,0.03283509984612465,0.0,0.0
0,0.6493762135505676,0.9993094205856323,0.9961456060409546,0.7515767415364584,0.9176127115885416
0,0.08892033249139786,0.9704086184501648,0.939581573009491,0.09897867838541667,0.08897908528645833
0,0.11476146429777145,0.9840323328971863,0.9489172697067261,0.14201863606770834,0.14241536458333334
0,0.1114952340722084,0.972151517868042,0.9110215306282043,0.12148030598958333,0.030080159505208332
0,0.08476289361715317,0.8039445281028748,0.6861597895622253,0.10748291015625,0.0
0,0.16171082854270935,0.9931760430335999,0.9799382090568542,0.19342041015625,0.19385782877604166
0,0.2701190710067749,0.9817357659339905,0.9623891711235046,0.3362833658854167,0.18468221028645834
0,0.2522377669811249,0.9995891451835632,0.9934357404708862,0.2865498860677083,0.23961385091145834
0,0.16788513958454132,0.9882221817970276,0.9552332162857056,0.21686808268229166,0.09184773763020833
0,0.263111412525177,0.9932287931442261,0.9819782376289368,0.32110595703125,0.203033447265625
0,0.06613307446241379,0.9899476170539856,0.9618217349052429,0.08037312825520833,0.078094482421875
0,0.14825372397899628,0.9941800832748413,0.9783847332000732,0.17106119791666666,0.10866292317708333
0,0.2610430419445038,0.9838472008705139,0.9497599005699158,0.3326314290364583,0.283477783203125
0,0.13839490711688995,0.9844563603401184,0.9031234383583069,0.17045084635416666,0.0
0,0.45303428173065186,0.994820237159729,0.9798985719680786,0.5610555013020834,0.5136006673177084
0,0.5033893585205078,0.9981756210327148,0.9942920207977295,0.6225992838541666,0.6012674967447916
0,0.31686171889305115,0.9963500499725342,0.9518605470657349,0.4327392578125,0.571807861328125
0,0.4059002697467804,0.9970765113830566,0.9817706942558289,0.5330403645833334,0.6197001139322916
0,0.49272480607032776,0.9969839453697205,0.9867772459983826,0.6346537272135416,0.778411865234375
0,0.1185174360871315,0.9798997044563293,0.9202136993408203,0.134124755859375,0.0
0,0.33523890376091003,0.9952448010444641,0.983020007610321,0.3980204264322917,0.365997314453125
0,0.3072453439235687,0.9957518577575684,0.9863631129264832,0.3732808430989583,0.2930501302083333
0,0.4786132276058197,0.9984269142150879,0.9944234490394592,0.541412353515625,0.5552266438802084
0,0.1955341100692749,0.9903663396835327,0.9609495401382446,0.2508341471354167,0.11820475260416667
0,0.27091166377067566,0.9973989725112915,0.9872773289680481,0.3333841959635417,0.21483357747395834
0,0.3261256515979767,0.9984452128410339,0.991186797618866,0.4184468587239583,0.4848124186197917
0,0.21463902294635773,0.975296139717102,0.944587230682373,0.274658203125,0.19962565104166666
0,0.3512674570083618,0.9958980679512024,0.9874721169471741,0.4327290852864583,0.4446309407552083
0,0.46693649888038635,0.9931760430335999,0.9806178212165833,0.5825297037760416,0.717041015625
0,0.172759547829628,0.9947186708450317,0.9657707214355469,0.20855712890625,0.19971720377604166
0,0.277494341135025,0.9902915358543396,0.9566342234611511,0.3560384114583333,0.3644205729166667
0,0.03860652819275856,0.7509182095527649,0.5845047831535339,0.053080240885416664,0.0
0,0.08663780242204666,0.9872281551361084,0.7461279034614563,0.09716796875,0.0
0,0.17516128718852997,0.9809855818748474,0.815966784954071,0.2784423828125,0.234375
0,0.04395974799990654,0.9974290728569031,0.980205237865448,0.032633463541666664,0.025767008463541668
0,0.004856857005506754,0.8113772869110107,0.058557599782943726,0.0027364095052083335,0.0
0,0.005137746687978506,0.9524857997894287,0.03704507648944855,0.005777994791666667,0.0
0,0.0014410372823476791,0.04913078621029854,0.017176708206534386,0.0,0.0
0,0.10838538408279419,0.9303317666053772,0.7771308422088623,0.134613037109375,0.0
0,0.06678449362516403,0.999180018901825,0.974190354347229,0.077362060546875,0.046427408854166664
0,0.011445820331573486,0.7733874917030334,0.16803622245788574,0.004435221354166667,0.0
0,0.07036424428224564,0.9315870404243469,0.7919772267341614,0.1080322265625,0.054361979166666664
0,0.12824462354183197,0.942081868648529,0.8858291506767273,0.174713134765625,0.16560872395833334
0,0.09693089127540588,0.8675976395606995,0.7754296660423279,0.14093017578125,0.052988688151041664
0,0.1141279935836792,0.954647421836853,0.8610715270042419,0.162200927734375,0.079254150390625
0,0.1895785927772522,0.983020007610321,0.9621787071228027,0.23343912760416666,0.21526082356770834
0,0.05228809639811516,0.9100669622421265,0.5406813621520996,0.06568400065104167,0.0
0,0.015581046231091022,0.9925969839096069,0.3126532733440399,0.010996500651041666,0.0
0,0.039739254862070084,0.974821150302887,0.7583155632019043,0.044932047526041664,0.0
0,0.07419683039188385,0.9945095181465149,0.7706270813941956,0.10383097330729167,0.06712849934895833
0,0.31194180250167847,0.991355836391449,0.970687747001648,0.3787434895833333,0.4271443684895833
0,0.11491593718528748,0.9532750844955444,0.9170058369636536,0.15936279296875,0.117279052734375
0,0.13608837127685547,0.9866748452186584,0.8449215292930603,0.175628662109375,0.14396158854166666
0,0.09267034381628036,0.9752489924430847,0.9000037312507629,0.12476603190104167,0.029459635416666668
0,0.011747963726520538,0.6008325815200806,0.17203271389007568,0.007619222005208333,0.0
0,0.09228700399398804,0.8333246111869812,0.6637779474258423,0.14943440755208334,0.0
0,0.06305285543203354,0.9893062710762024,0.8699357509613037,0.06843058268229167,0.0
0,0.031907547265291214,0.9537081718444824,0.6135700345039368,0.038523356119791664,0.0
0,0.07166121900081635,0.8944211602210999,0.7268049120903015,0.12046305338541667,0.08492024739583333
0,0.03329187631607056,0.7214488983154297,0.6343168616294861,0.034810384114583336,0.0
0,0.013805949129164219,0.6939917206764221,0.2649227976799011,0.009714762369791666,0.0
0,0.06220342591404915,0.6932653188705444,0.49145203828811646,0.08235677083333333,0.0
0,0.42228636145591736,0.9961456060409546,0.9849274158477783,0.4886474609375,0.5111796061197916
0,0.05871063843369484,0.8976953029632568,0.6846826672554016,0.08329264322916667,0.0
0,0.11154728382825851,0.9543930292129517,0.925499677658081,0.12961832682291666,0.133544921875
0,0.07934843003749847,0.9502266049385071,0.8480936288833618,0.11064656575520833,0.0596923828125
0,0.15411457419395447,0.9367494583129883,0.8742920160293579,0.212127685546875,0.19840494791666666
0,0.027284717187285423,0.672331690788269,0.31676965951919556,0.01446533203125,0.0
0,0.16239261627197266,0.9844563603401184,0.9500386714935303,0.21026611328125,0.17356363932291666
0,0.0021991042885929346,0.08647765219211578,0.02096424251794815,0.0,0.0
0,0.08781472593545914,0.9688562154769897,0.8000679016113281,0.10186767578125,0.0
0,0.008910589851439,0.35042139887809753,0.10800064355134964,0.0006815592447916666,0.0
0,0.08598453551530838,0.897335946559906,0.7033427357673645,0.10048421223958333,0.0
0,0.00225190632045269,0.2995148301124573,0.04586010053753853,3.0517578125e-05,0.0
0,0.009779217652976513,0.9990414977073669,0.2237110137939453,0.009775797526041666,0.0
0,0.07773715257644653,0.937325656414032,0.7781439423561096,0.07622273763020833,0.0
0,0.0006816542590968311,0.055310651659965515,0.009746103547513485,0.0,0.0
0,0.01636282168328762,0.9851003289222717,0.8187281489372253,0.01702880859375,0.0
0,0.009333638474345207,0.9518632292747498,0.17203271389007568,0.007008870442708333,0.0
0,0.13407187163829803,0.9942920207977295,0.9732391834259033,0.1466064453125,0.097412109375
0,0.271394819021225,0.9938309192657471,0.9787126779556274,0.4201456705729167,0.53387451171875
0,0.07700345665216446,0.9398029446601868,0.7521946430206299,0.0849609375,0.0
0,0.06466377526521683,0.9929609894752502,0.9431384205818176,0.07560221354166667,0.043477376302083336
0,0.03925545886158943,0.995226263999939,0.9516838788986206,0.040903727213541664,0.030120849609375
0,0.006055526901036501,0.5023136138916016,0.0844927504658699,0.00067138671875,0.0
0,0.03562980517745018,0.9596109390258789,0.731055736541748,0.040506998697916664,0.0
0,0.03642905876040459,0.9809855818748474,0.8936811685562134,0.042215983072916664,0.033864339192708336
0,0.15548275411128998,0.9567959308624268,0.8908652067184448,0.20115152994791666,0.18299357096354166
0,0.18361914157867432,0.9941574335098267,0.9628131985664368,0.23304239908854166,0.14332071940104166
0,0.12338421493768692,0.9924813508987427,0.956308901309967,0.14540608723958334,0.041208902994791664
0,0.07486002892255783,0.9974787831306458,0.972151517868042,0.084747314453125,0.0479736328125
0,0.033174943178892136,0.9911182522773743,0.8756743669509888,0.03570556640625,0.0
0,0.11828404664993286,0.9795114994049072,0.9108630418777466,0.13666788736979166,0.0
0,0.07908335328102112,0.99964439868927,0.9959456324577332,0.080413818359375,0.043894449869791664
0,0.1190786361694336,0.9883578419685364,0.9433475732803345,0.143341064453125,0.08280436197916667
0,0.44232168793678284,0.9979411959648132,0.9907320141792297,0.5674540201822916,0.6753743489583334
0,0.2739068567752838,0.9983579516410828,0.9764904975891113,0.363525390625,0.2585042317708333
0,0.17021654546260834,0.9749646186828613,0.9214990139007568,0.21592203776041666,0.080169677734375
0,0.10449782758951187,0.9969245791435242,0.9888418912887573,0.11997477213541667,0.11109415690104167
0,0.07747146487236023,0.9968273043632507,0.9393561482429504,0.10172526041666667,0.0146484375
0,0.15319384634494781,0.999189555644989,0.9110215306282043,0.21178181966145834,0.0
0,0.06948398798704147,0.9905508756637573,0.952392041683197,0.06819661458333333,0.013651529947916666
0,0.10423141717910767,0.9949788451194763,0.8809958100318909,0.11995442708333333,0.0
0,0.007470373064279556,0.8659058809280396,0.12400069087743759,0.002166748046875,0.0
0,0.08555976301431656,0.9978760480880737,0.9843964576721191,0.09690348307291667,0.022104899088541668
0,0.16751961410045624,0.9986904263496399,0.967100977897644,0.20502604166666666,0.19372395833333333
0,0.273712694644928,0.9991638660430908,0.9938072562217712,0.34609375,0.373203125
0,0.20639848709106445,0.9757624268531799,0.6834195256233215,0.2910868326822917,0.0
0,0.011122611351311207,0.964655876159668,0.19086574018001556,0.008738199869791666,0.0
0,0.019030742347240448,0.9843964576721191,0.667074978351593,0.0199047556345601,0.006583711896767397
0,0.004295411054044962,0.907312273979187,0.06441884487867355,0.004556962025316456,0.0
0,0.2193598598241806,0.9976494908332825,0.9798997044563293,0.26296849087893864,0.21821724709784412
0,0.6849306225776672,0.9960391521453857,0.9686195850372314,0.8324916666666666,0.9366333333333333
0,0.008834644220769405,0.1268933266401291,0.0445975735783577,0.0,0.0
0,0.006278482265770435,0.23616375029087067,0.04031343758106232,0.0,0.0
0,0.030432043597102165,0.8392075896263123,0.6252092719078064,0.04143703136360357,0.0
0,0.03878140076994896,0.8103289008140564,0.6117879152297974,0.04966721940803671,0.0
0,0.009061584249138832,0.9606574773788452,0.16250891983509064,0.006128502001143511,0.0
0,0.011615523137152195,0.9147487282752991,0.16383706033229828,0.005090884242175755,0.0
0,0.1936870664358139,0.9985619187355042,0.9693241715431213,0.2626703703703704,0.1441037037037037
0,0.11066848784685135,0.9929609894752502,0.8661325573921204,0.1566400304414003,0.04126078132927448
0,0.349473774433136,0.9994986057281494,0.994594156742096,0.39437210648148147,0.406791087962963
0,0.19926221668720245,0.9998176693916321,0.951323390007019,0.27962751371115174,0.22934872029250458
0,0.2477812021970749,0.9971771240234375,0.9302051067352295,0.33105410447761197,0.2999673507462687
0,0.18658612668514252,0.9989916682243347,0.9892648458480835,0.21996612083568606,0.15567758328627893
0,0.011706073768436909,0.8816148638725281,0.1397482007741928,0.003758741258741259,0.0
0,0.17299479246139526,0.9935117363929749,0.9450961351394653,0.2108020104895105,0.09654938811188811
0,0.14472857117652893,0.9997783303260803,0.9862046241760254,0.1644,0.07311020408163266
0,0.08407752960920334,0.9989141225814819,0.9588471055030823,0.09439841608285104,0.0
0,0.07564428448677063,0.9955489635467529,0.9121235609054565,0.06775208333333334,0.008035416666666666
0,0.0535297691822052,0.9999738931655884,0.9712384939193726,0.05328860640301318,0.01155367231638418
0,0.20746968686580658,0.9989637136459351,0.9797453284263611,0.25641521499221304,0.19039110120981467
0,0.31960025429725647,0.9989556074142456,0.9781354665756226,0.4125481006943698,0.4281660468215921
0,0.3175823390483856,0.9928231239318848,0.9751545190811157,0.4255558467113948,0.45767061045491175
0,0.06915542483329773,0.9945095181465149,0.6561098694801331,0.06134791666666667,0.004683333333333334
0,0.06414752453565598,0.9819446802139282,0.8673743009567261,0.06930635838150288,0.02930635838150289
0,0.03853323683142662,0.9969485402107239,0.8519539833068848,0.032454150579150576,0.010557432432432432
0,0.018935086205601692,0.9838472008705139,0.658641517162323,0.0178131021194605,0.005980250481695568
0,0.019030742347240448,0.9843964576721191,0.667074978351593,0.0199047556345601,0.006583711896767397
0,0.004295411054044962,0.907312273979187,0.06441884487867355,0.004556962025316456,0.0
0,0.30991846323013306,0.9994428753852844,0.9739436507225037,0.41382291666666665,0.42290625
0,0.01641674153506756,0.9811307191848755,0.44906309247016907,0.01472,0.0
0,0.27632609009742737,0.9996243715286255,0.9842759370803833,0.33816854990583806,0.28823681732580037
0,0.24952061474323273,0.9998377561569214,0.9685006141662598,0.3375023540489642,0.21165489642184557
0,0.008834644220769405,0.1268933266401291,0.0445975735783577,0.0,0.0
0,0.18973076343536377,0.9993952512741089,0.9665370583534241,0.2383372420262664,0.12600844277673545
0,0.0535297691822052,0.9999738931655884,0.9712384939193726,0.05328860640301318,0.01155367231638418
0,0.19911453127861023,0.9952632188796997,0.7248703241348267,0.32367333101641105,0.29401317234277086
0,0.31403103470802307,0.9937587976455688,0.9361695647239685,0.44028228924980667,0.30646945088940447
0,0.11142201721668243,0.9990890026092529,0.9177460074424744,0.15471170774647888,0.07909330985915493
0,0.11637812107801437,0.9531008005142212,0.8128673434257507,0.14173857868020304,0.0
0,0.010042575187981129,0.933552086353302,0.1991475224494934,0.007242838541666667,0.0
0,0.016148919239640236,0.9567152261734009,0.2501682937145233,0.009256998697916666,0.0
0,0.01003429014235735,0.9175984263420105,0.10649901628494263,0.0037841796875,0.0
0,0.18766075372695923,0.9942920207977295,0.9761745929718018,0.21626790364583334,0.17695109049479166
0,0.16885800659656525,0.9935867786407471,0.9231777787208557,0.22889200846354166,0.17183430989583334
0,0.25083044171333313,0.9946774244308472,0.961605966091156,0.31378173828125,0.3135579427083333
0,0.001290937652811408,0.7604727745056152,0.01384861022233963,0.0005594889322916666,0.0
0,0.07880041748285294,0.9914224743843079,0.9509603977203369,0.0894775390625,0.07746378580729167
0,0.3568035662174225,0.9946358799934387,0.9843964576721191,0.4331563313802083,0.4139607747395833
0,0.20275002717971802,0.9877586960792542,0.9726754426956177,0.2427978515625,0.187103271484375
0,0.26750823855400085,0.9806178212165833,0.9492005109786987,0.33660888671875,0.26605224609375
0,0.2662893831729889,0.9642541408538818,0.9320833086967468,0.3895060221354167,0.3500264485677083
0,0.06084330752491951,0.9580694437026978,0.6378173232078552,0.10313924153645833,0.0
0,0.23598559200763702,0.9897909760475159,0.9654463529586792,0.2995198567708333,0.248260498046875
0,0.00043829032802022994,0.08803311735391617,0.005934066604822874,0.0,0.0
0,0.24406814575195312,0.9968763589859009,0.9859364032745361,0.3031514485677083,0.2744649251302083
0,0.27998116612434387,0.9787126779556274,0.9463988542556763,0.3957621256510417,0.3662312825520833
0,0.008562733419239521,0.9733928442001343,0.18387335538864136,0.0081787109375,0.0
0,0.08514677733182907,0.9862577319145203,0.7924642562866211,0.09337361653645833,0.0
0,0.01483230385929346,0.8357518315315247,0.24744145572185516,0.0089111328125,0.0
0,0.0713249072432518,0.9881765246391296,0.898405134677887,0.07554117838541667,0.035064697265625
0,0.006824726238846779,0.46138080954551697,0.09738525748252869,0.0006205240885416666,0.0
0,0.039824631065130234,0.9530133008956909,0.824037492275238,0.047342936197916664,0.016072591145833332
0,0.048494111746549606,0.9866748452186584,0.9536218643188477,0.053660074869791664,0.020843505859375
0,0.0683864876627922,0.922062337398529,0.6726511120796204,0.07097371419270833,0.0
0,0.06850101798772812,0.9884918928146362,0.8793447017669678,0.09322102864583333,0.0
0,0.01215157750993967,0.9558990597724915,0.5047833919525146,0.0147705078125,0.0
0,0.10044052451848984,0.9843964576721191,0.9549003839492798,0.10585530598958333,0.055796305338541664
0,0.05485214293003082,0.9786719083786011,0.920781135559082,0.07288614908854167,0.055796305338541664
0,0.013057880103588104,0.9526622891426086,0.4053080976009369,0.014333089192708334,0.0
0,0.004379548132419586,0.2968580424785614,0.05633698031306267,2.0345052083333332e-05,0.0
0,0.11528899520635605,0.9781771898269653,0.9150483012199402,0.13752237955729166,0.0
0,0.23902542889118195,0.9961305856704712,0.9803937673568726,0.2945454915364583,0.233184814453125
0,0.2681526243686676,0.9953363537788391,0.9890975952148438,0.317230224609375,0.259613037109375
0,0.356069952249527,0.9846936464309692,0.9603611826896667,0.4664204915364583,0.5098876953125
0,0.15615610778331757,0.9976310729980469,0.9872281551361084,0.17302449544270834,0.16363525390625
0,0.21929265558719635,0.9949199557304382,0.9621787071228027,0.294891357421875,0.3040771484375
0,0.014735803939402103,0.9698426127433777,0.38529083132743835,0.013804117838541666,0.0
0,0.01845497637987137,0.9792749285697937,0.2564482092857361,0.009470621744791666,0.0
0,0.0875939354300499,0.9963357448577881,0.9819099307060242,0.09483846028645833,0.07126871744791667
0,0.2590714693069458,0.9768466353416443,0.9317076802253723,0.3348490397135417,0.24665323893229166
0,0.00847688503563404,0.944587230682373,0.19071951508522034,0.008494059244791666,0.0
0,0.004853101912885904,0.17681369185447693,0.05389915779232979,0.0,0.0
0,0.10515544563531876,0.9870296716690063,0.9552332162857056,0.11887613932291667,0.10732014973958333
0,0.027926454320549965,0.9442797303199768,0.642755389213562,0.021891276041666668,0.0
0,0.009970913641154766,0.9479621648788452,0.2161720097064972,0.008310953776041666,0.0
0,0.010201241821050644,0.6943026781082153,0.17851723730564117,0.004801432291666667,0.0
0,0.06347500532865524,0.9081302285194397,0.7125323414802551,0.07081095377604167,0.0
0,0.37042585015296936,0.9969125986099243,0.990767776966095,0.4320882161458333,0.4289449055989583
0,0.519826352596283,0.9937345385551453,0.9840936064720154,0.6137898763020834,0.687042236328125
0,0.4315887987613678,0.9862046241760254,0.9642541408538818,0.5669047037760416,0.7166341145833334
0,0.01780904084444046,0.6972997784614563,0.46249791979789734,0.01824951171875,0.0
0,0.01631333865225315,0.9775857925415039,0.32316645979881287,0.01220703125,0.0
0,0.09769079834222794,0.9931760430335999,0.9596865773200989,0.09239705403645833,0.0174560546875
0,0.4137987196445465,0.994820237159729,0.9798215627670288,0.531768798828125,0.62982177734375
0,0.04565485194325447,0.9724670648574829,0.6315875053405762,0.029642740885416668,0.0
0,0.10636693239212036,0.975623369216919,0.87103670835495,0.12645467122395834,0.0
0,0.30277976393699646,0.9742394685745239,0.9315870404243469,0.40875244140625,0.4494527180989583
0,0.07565644383430481,0.9879926443099976,0.9399133324623108,0.07951863606770833,0.0576171875
0,0.3326614797115326,0.9860442876815796,0.9639838933944702,0.40252685546875,0.3016153971354167
0,0.06873498111963272,0.9921537041664124,0.9395782351493835,0.075836181640625,0.051066080729166664
0,0.25299325585365295,0.970520555973053,0.9149009585380554,0.3389892578125,0.2845357259114583
0,0.16015379130840302,0.9764904975891113,0.9260365962982178,0.206756591796875,0.05712890625
0,0.0364905409514904,0.9917163252830505,0.87428879737854,0.035624186197916664,0.0
0,0.1456495076417923,0.9728307723999023,0.9216402173042297,0.18904622395833334,0.178009033203125
0,0.027645006775856018,0.8553685545921326,0.4319765865802765,0.023508707682291668,0.0
0,0.10723594576120377,0.9985104203224182,0.9790757894515991,0.11485799153645833,0.09892781575520833
0,0.21842800080776215,0.9656413197517395,0.9027811288833618,0.2830098470052083,0.18715413411458334
0,0.15376967191696167,0.9951889514923096,0.9833430051803589,0.17870076497395834,0.059163411458333336
0,0.04724299535155296,0.9613164663314819,0.47130581736564636,0.030649820963541668,0.0
0,0.18192295730113983,0.9951702952384949,0.9812389612197876,0.20579020182291666,0.159515380859375
0,0.10567507892847061,0.9915215969085693,0.9256221055984497,0.10770670572916667,0.07590738932291667
0,0.08148946613073349,0.9713473320007324,0.8442806601524353,0.0872802734375,0.0
0,0.5060073733329773,0.9965165853500366,0.9765353798866272,0.7517598470052084,1.0
0,0.06936626881361008,0.966663122177124,0.7945396900177002,0.08610026041666667,0.0
0,0.1641700714826584,0.9870296716690063,0.9310837984085083,0.22010294596354166,0.030782063802083332
0,0.12530045211315155,0.976669192314148,0.880486011505127,0.17045084635416666,0.0
0,0.14423368871212006,0.9931495785713196,0.9659639000892639,0.190032958984375,0.185333251953125
0,0.2606220245361328,0.9957684278488159,0.9670388102531433,0.3617451985677083,0.3375142415364583
0,0.0902569517493248,0.9318356513977051,0.7867817878723145,0.111572265625,0.0
0,0.44356274604797363,0.9944880604743958,0.9824210405349731,0.5792236328125,0.6404927571614584
0,0.12324061989784241,0.9967013001441956,0.9618891477584839,0.15782674153645834,0.015452067057291666
0,0.05655272305011749,0.9561454057693481,0.8002240657806396,0.062774658203125,0.0
0,0.3499836027622223,0.9860979318618774,0.9682613611221313,0.4610392252604167,0.3778076171875
0,0.36000218987464905,0.9910492897033691,0.9769787192344666,0.4552714029947917,0.4453328450520833
0,0.38706016540527344,0.9882221817970276,0.9735442399978638,0.4856160481770833,0.449981689453125
0,0.10479047149419785,0.9837850332260132,0.9128985404968262,0.12300618489583333,0.07574462890625
0,0.06860700249671936,0.9967396855354309,0.973036527633667,0.0653076171875,0.052907307942708336
0,0.4598774015903473,0.9910838603973389,0.9725714921951294,0.6098124186197916,0.8896586100260416
0,0.04669967666268349,0.9787533283233643,0.9078037738800049,0.041463216145833336,0.007283528645833333
0,0.2518678307533264,0.9960391521453857,0.9837225079536438,0.3010762532552083,0.2596028645833333
0,0.2526446580886841,0.9567959308624268,0.8593064546585083,0.3569132486979167,0.37896728515625
0,0.1203821673989296,0.9828891754150391,0.9473810195922852,0.15433756510416666,0.062164306640625
0,0.10833936184644699,0.9830850958824158,0.9105454087257385,0.11997477213541667,0.027720133463541668
0,0.11167454719543457,0.9767580628395081,0.8587185740470886,0.14845784505208334,0.0
0,0.5654710531234741,0.9955489635467529,0.9854404330253601,0.7122395833333334,0.8096923828125
0,0.2799037992954254,0.974531888961792,0.9362850189208984,0.376129150390625,0.3703409830729167
0,0.37069663405418396,0.9832789301872253,0.9689150452613831,0.45806884765625,0.440521240234375
0,0.47698184847831726,0.9939496517181396,0.9849852323532104,0.5973103841145834,0.6491800944010416
0,0.0039009209722280502,0.13869494199752808,0.03941638767719269,0.0,0.0
0,0.4725094735622406,0.9913892149925232,0.9757161140441895,0.5968526204427084,0.66864013671875
0,0.26434266567230225,0.9975939393043518,0.9859904050827026,0.3301900227864583,0.301727294921875
0,0.4936586916446686,0.9856629967689514,0.9650533199310303,0.62896728515625,0.70745849609375
0,0.17195837199687958,0.986151397228241,0.939024806022644,0.224822998046875,0.046742757161458336
0,0.11472881585359573,0.9434518814086914,0.8231820464134216,0.13447062174479166,0.0
0,0.08478149026632309,0.9960237741470337,0.9756684303283691,0.095611572265625,0.039876302083333336
0,0.0012584736105054617,0.0768222063779831,0.024516336619853973,0.0,0.0
0,0.24938839673995972,0.998848557472229,0.9828891754150391,0.2989603678385417,0.196258544921875
0,0.05512033775448799,0.9962199330329895,0.9362780451774597,0.034576416015625,0.016357421875
0,0.26231351494789124,0.9932025074958801,0.9742394685745239,0.3388163248697917,0.3443603515625
0,0.16386044025421143,0.9717789888381958,0.9326989054679871,0.21155802408854166,0.058664957682291664
0,0.04055620729923248,0.9954261183738708,0.9536218643188477,0.038482666015625,0.030812581380208332
0,0.28015050292015076,0.9743860960006714,0.9465966820716858,0.3608194986979167,0.40130615234375
0,0.06246797367930412,0.9589241147041321,0.8681508302688599,0.07181803385416667,0.040863037109375
0,0.1082543134689331,0.9547319412231445,0.8520721793174744,0.13221232096354166,0.0
0,0.41446176171302795,0.9734434485435486,0.9465966820716858,0.5395100911458334,0.544647216796875
0,0.1661962866783142,0.9470881819725037,0.8649961352348328,0.210693359375,0.0
0,0.33355286717414856,0.9968519806861877,0.9880388379096985,0.4254557291666667,0.46795654296875
0,0.05860552564263344,0.998745322227478,0.9922134876251221,0.059092203776041664,0.039459228515625
0,0.004877194762229919,0.4003976583480835,0.049865901470184326,8.138020833333333e-05,0.0
0,0.22761273384094238,0.9840323328971863,0.9624620079994202,0.2831522623697917,0.276153564453125
0,0.3000123202800751,0.9923638105392456,0.9678993225097656,0.3967081705729167,0.5352376302083334
0,0.3688110113143921,0.9915544390678406,0.9644556045532227,0.494659423828125,0.5306803385416666
0,0.29596319794654846,0.9834704995155334,0.9658995866775513,0.3665568033854167,0.3259785970052083
0,0.11171484738588333,0.9908034801483154,0.9571978449821472,0.13112386067708334,0.116363525390625
0,0.17594802379608154,0.9918753504753113,0.963711678981781,0.234222412109375,0.24347941080729166
0,0.20044660568237305,0.9814534187316895,0.9418684244155884,0.24205525716145834,0.15227254231770834
0,0.14122116565704346,0.9649212956428528,0.860130786895752,0.199310302734375,0.0
0,0.17096573114395142,0.9812749028205872,0.9245474338531494,0.21900431315104166,0.11781819661458333
0,0.0197642520070076,0.8895288109779358,0.3903561234474182,0.0167236328125,0.0
0,0.06918517500162125,0.996292769908905,0.9244111180305481,0.089508056640625,0.019124348958333332
0,0.21115471422672272,0.991186797618866,0.9675945043563843,0.2540181477864583,0.2546590169270833
0,0.1534610390663147,0.9858821630477905,0.9378935098648071,0.185699462890625,0.09586588541666667
0,0.06146815046668053,0.9972099661827087,0.8670357465744019,0.06833902994791667,0.0
0,0.4822251498699188,0.9967013001441956,0.9921841025352478,0.5753682454427084,0.6053873697916666
0,0.02485874481499195,0.983020007610321,0.5939555168151855,0.02850341796875,0.0
0,0.2476477175951004,0.9866234660148621,0.9609517455101013,0.299957275390625,0.2977396647135417
0,0.021350672468543053,0.9177460074424744,0.34941840171813965,0.016194661458333332,0.0
0,0.02497461624443531,0.9702962636947632,0.6889761090278625,0.018849690755208332,0.0
0,0.06006820872426033,0.982557475566864,0.9364014267921448,0.061330159505208336,0.033925374348958336
0,0.11329958587884903,0.9972955584526062,0.9771524667739868,0.135711669921875,0.072113037109375
0,0.05415302515029907,0.9859364032745361,0.8826303482055664,0.056355794270833336,0.0
0,0.00891550537198782,0.960212230682373,0.21222224831581116,0.008839925130208334,0.0
0,0.1428934782743454,0.9949199557304382,0.9627411365509033,0.16301472981770834,0.10097249348958333
0,0.0976743996143341,0.9927109479904175,0.957833468914032,0.108245849609375,0.061381022135416664
0,0.14109626412391663,0.9939730763435364,0.970687747001648,0.172149658203125,0.15374755859375
0,0.36798450350761414,0.9997730851173401,0.9658352136611938,0.4923197428385417,0.5188496907552084
0,0.06324169784784317,0.9896718263626099,0.9253649115562439,0.07368977864583333,0.0
0,0.17337799072265625,0.9909096360206604,0.971563994884491,0.20928955078125,0.15604654947916666
0,0.10018398612737656,0.9834704995155334,0.9178889393806458,0.12424723307291667,0.058420817057291664
0,0.04433722421526909,0.963161289691925,0.8282328248023987,0.039438883463541664,0.016489664713541668
0,0.003036112291738391,0.44167301058769226,0.03796369582414627,0.0003255208333333333,0.0
0,0.11907505989074707,0.9805806875228882,0.9233161807060242,0.150115966796875,0.0987548828125
0,0.07241836935281754,0.9911182522773743,0.9125874638557434,0.08558146158854167,0.035563151041666664
0,0.009354284033179283,0.9293122291564941,0.16277490556240082,0.004984537760416667,0.0
0,0.5341779589653015,0.994594156742096,0.9849852323532104,0.6424051920572916,0.562103271484375
0,0.3054002821445465,0.9973269701004028,0.9890130758285522,0.3855997721354167,0.385528564453125
0,0.21878357231616974,0.9949001669883728,0.98046875,0.2476806640625,0.20929972330729166
0,0.12254869937896729,0.9919691681861877,0.9505029916763306,0.14005533854166666,0.052968343098958336
0,0.2096741795539856,0.9927109479904175,0.9714016318321228,0.2510782877604167,0.17390950520833334
0,0.027525097131729126,0.9736947417259216,0.5658913850784302,0.021209716796875,0.0
0,0.02017691172659397,0.956063449382782,0.41501736640930176,0.015889485677083332,0.0
0,0.16012106835842133,0.972151517868042,0.8809958100318909,0.21150716145833334,0.052581787109375
0,0.24600942432880402,0.9877586960792542,0.9502266049385071,0.3134663899739583,0.363128662109375
0,0.10748759657144547,0.9617499113082886,0.8460696339607239,0.12122599283854167,0.0
0,0.16484077274799347,0.9896317720413208,0.9609517455101013,0.19964599609375,0.14869181315104166
0,0.040705788880586624,0.9622496962547302,0.7581472992897034,0.04791259765625,0.0
0,0.08266983926296234,0.9972423315048218,0.8987665772438049,0.10219319661458333,0.06465657552083333
0,0.18713457882404327,0.9940658807754517,0.9717254042625427,0.23932902018229166,0.23518880208333334
0,0.29702308773994446,0.9724670648574829,0.9415467381477356,0.4336954752604167,0.4358723958333333
0,0.3074377775192261,0.9874721169471741,0.9717789888381958,0.37518310546875,0.37384033203125
0,0.4190157353878021,0.9973989725112915,0.9890553951263428,0.527557373046875,0.6537272135416666
0,0.2584339678287506,0.9871788024902344,0.9466924071311951,0.365325927734375,0.327178955078125
0,0.3612051010131836,0.9906237721443176,0.9811307191848755,0.4573262532552083,0.41900634765625
0,0.12013527750968933,0.9891815781593323,0.9720456600189209,0.13450113932291666,0.07935587565104167
0,0.1267005354166031,0.9697281122207642,0.8991213440895081,0.149688720703125,0.0
0,0.001530790701508522,0.2402394413948059,0.02145073004066944,0.0,0.0
0,0.650571882724762,0.9955142140388489,0.987177312374115,0.8101806640625,1.0
0,0.061736706644296646,0.8912444114685059,0.7446563243865967,0.059824625651041664,0.0
0,0.0246280524879694,0.9895108342170715,0.85930997133255,0.025634765625,0.0
0,0.10186534374952316,0.9655115008354187,0.8307315111160278,0.12989298502604166,0.0
0,0.024060368537902832,0.8918110132217407,0.639725923538208,0.021169026692708332,0.0
0,0.06429197639226913,0.9815951585769653,0.8498428463935852,0.07912190755208333,0.0
0,0.02266956865787506,0.8632764220237732,0.40127190947532654,0.018747965494791668,0.0
0,0.05240840092301369,0.9482505321502686,0.7498207092285156,0.052388509114583336,0.0
0,0.05236147344112396,0.9410068988800049,0.7167115807533264,0.057861328125,0.0
0,0.10515544563531876,0.9870296716690063,0.9552332162857056,0.11887613932291667,0.10732014973958333
0,0.06610145419836044,0.9544779658317566,0.7420424222946167,0.07082112630208333,0.0
0,0.0934096947312355,0.9848109483718872,0.9433444142341614,0.098907470703125,0.025126139322916668
0,0.05309115722775459,0.9672250151634216,0.8709269165992737,0.05706787109375,0.0
0,0.07603303343057632,0.9901401400566101,0.8846385478973389,0.092742919921875,0.0
0,0.013693622313439846,0.9941118359565735,0.3329184949398041,0.0111083984375,0.0
0,0.053517162799835205,0.9797065258026123,0.8060905337333679,0.047953287760416664,0.0
0,0.01569094881415367,0.630571186542511,0.23352627456188202,0.006062825520833333,0.0
0,0.023213570937514305,0.9428234100341797,0.3205989897251129,0.013346354166666666,0.0
0,0.02656012587249279,0.9605836272239685,0.7678586840629578,0.031931559244791664,0.0
0,0.128874734044075,0.9862577319145203,0.9609517455101013,0.13962809244791666,0.09868367513020833
0,0.11724141240119934,0.984752357006073,0.9638460874557495,0.14024861653645834,0.11342366536458333
0,0.02796761691570282,0.9038048982620239,0.43146079778671265,0.022552490234375,0.0
0,0.005682244896888733,0.356894850730896,0.0828411802649498,0.0004374186197916667,0.0
0,0.0035818181931972504,0.19208428263664246,0.047691281884908676,0.0,0.0
0,0.03462483361363411,0.9916519522666931,0.620012104511261,0.028004964192708332,0.0
0,0.14741595089435577,0.9916519522666931,0.9648551344871521,0.1761474609375,0.08326212565104167
0,0.04832637682557106,0.9394705891609192,0.5658842325210571,0.041595458984375,0.0
0,0.025999292731285095,0.9947799444198608,0.8769444823265076,0.021921793619791668,0.0
0,0.07274901121854782,0.9882221817970276,0.9322068691253662,0.087127685546875,0.0
0,0.09871378540992737,0.9985619187355042,0.9895513653755188,0.09900919596354167,0.059102376302083336
0,0.04625963047146797,0.992452085018158,0.9260365962982178,0.04736328125,0.021728515625
0,0.004843808710575104,0.8477157950401306,0.048403263092041016,0.0029195149739583335,0.0
0,0.02094067819416523,0.8539127111434937,0.3713611364364624,0.019266764322916668,0.0
0,0.18401885032653809,0.9991340041160583,0.9451984167098999,0.2566104166666667,0.12421041666666667
0,0.14983798563480377,0.9921841025352478,0.9296960830688477,0.19464192708333333,0.10269205729166667
0,0.04482118412852287,0.9804313778877258,0.6376978158950806,0.02935791015625,0.0
0,0.00882396288216114,0.994820237159729,0.1572675257921219,0.007923287671232876,0.0
0,0.0899031013250351,0.9946774244308472,0.9272316098213196,0.09351141552511416,0.02239269406392694
0,0.27847927808761597,0.996570348739624,0.9835969805717468,0.34842032967032965,0.1339331501831502
0,0.13580290973186493,0.9947186708450317,0.9515040516853333,0.158601243339254,0.04815719360568384
0,0.10779737681150436,0.9973165392875671,0.9483462572097778,0.11969476744186046,0.02125
0,0.19188661873340607,0.976802408695221,0.9264382719993591,0.2756975655430712,0.19144662921348315
0,0.6446129679679871,0.9968884587287903,0.9894295334815979,0.7657111111111111,0.8554518518518518
0,0.1941690444946289,0.999189555644989,0.9500414729118347,0.24200667501042972,0.17382144347100542
0,0.033036570996046066,0.998504638671875,0.46630147099494934,0.02287109375,0.0
0,0.05747739598155022,0.9990890026092529,0.8434984683990479,0.05920286501577392,0.011802461517986503
0,0.11011791229248047,0.9996699094772339,0.9592307209968567,0.1261367241196997,0.029409432166649044
0,0.156962051987648,0.9934611320495605,0.8745065331459045,0.1892834777690241,0.027208452013009313
0,0.10263662040233612,0.9998910427093506,0.9785903096199036,0.11038541666666667,0.03824166666666667
0,0.5091805458068848,0.9971439242362976,0.9757624268531799,0.6431754221388368,0.6858302063789868
0,0.13286755979061127,0.9983256459236145,0.9760841131210327,0.14848126232741618,0.019322813938198555
0,0.1496075838804245,0.994594156742096,0.973993182182312,0.18373333333333333,0.15845
0,0.14859674870967865,0.9983707070350647,0.9860979318618774,0.17160458452722063,0.1394842406876791
0,0.008317889645695686,0.9348725080490112,0.1300874799489975,0.0037516711229946525,0.0
0,0.3674655258655548,0.9958174824714661,0.9842759370803833,0.4626668294270833,0.3743896484375
0,0.20060761272907257,0.9819446802139282,0.934035062789917,0.2742919921875,0.16845703125
0,0.021096007898449898,0.979393482208252,0.40965235233306885,0.015106201171875,0.0
0,0.009994846768677235,0.9552357196807861,0.10837755352258682,0.0038655598958333335,0.0
0,0.14744119346141815,0.980728805065155,0.9105454087257385,0.19670613606770834,0.10718790690104167
0,0.03965184465050697,0.9983059167861938,0.9803937673568726,0.037872314453125,0.036031087239583336
0,0.041178587824106216,0.9914224743843079,0.8929309248924255,0.043446858723958336,0.041412353515625
0,0.11768021434545517,0.9961903095245361,0.9760836362838745,0.12813313802083334,0.07867431640625
0,0.09506198018789291,0.9618934392929077,0.8918110132217407,0.11168416341145833,0.0
0,0.004214866552501917,0.9500414729118347,0.060307636857032776,0.0032552083333333335,0.0
0,0.27665796875953674,0.9957352876663208,0.9824230670928955,0.33526611328125,0.3351542154947917
0,0.08048819750547409,0.9976125955581665,0.9850412011146545,0.09196980794270833,0.0462646484375
0,0.06736349314451218,0.9927391409873962,0.7767872214317322,0.056772867838541664,0.0
0,0.08413524180650711,0.9769347906112671,0.9298236966133118,0.08475748697916667,0.034474690755208336
0,0.06310795992612839,0.9568765759468079,0.658633828163147,0.07286580403645833,0.0
0,0.0048705595545470715,0.9563905000686646,0.09790152311325073,0.00250244140625,0.0
0,0.025412743911147118,0.9610249400138855,0.7264197468757629,0.021250406901041668,0.0
0,0.04309374466538429,0.9506864547729492,0.7089062929153442,0.048065185546875,0.0
0,0.023213570937514305,0.9428234100341797,0.3205989897251129,0.013346354166666666,0.0
0,0.049490947276353836,0.9237300753593445,0.8057851195335388,0.055013020833333336,0.0
0,0.0018480446888133883,0.15002882480621338,0.031439851969480515,0.0,0.0
0,0.019940946251153946,0.9330658316612244,0.31058356165885925,0.01171875,0.0
0,0.09004154056310654,0.970687747001648,0.8704839944839478,0.104248046875,0.0
0,0.1962224245071411,0.9778411984443665,0.9312127232551575,0.2546590169270833,0.15235392252604166
0,0.043501872569322586,0.8519527316093445,0.5006109476089478,0.042673746744791664,0.0
0,0.003304118290543556,0.16000336408615112,0.029986508190631866,0.0,0.0
0,0.16106446087360382,0.9720456600189209,0.8955226540565491,0.21700032552083334,0.03515625
0,0.04546615853905678,0.9893474578857422,0.929440438747406,0.036783854166666664,0.0184326171875
0,0.006797764450311661,0.23651622235774994,0.056966383010149,0.0,0.0
0,0.0009725666604936123,0.03210070729255676,0.009196552447974682,0.0,0.0
0,0.011508334428071976,0.9585376977920532,0.1917768269777298,0.0084228515625,0.0
0,0.09293059259653091,0.9865199327468872,0.948151707649231,0.110870361328125,0.062225341796875
0,0.01256063673645258,0.5503657460212708,0.12168575078248978,0.001861572265625,0.0
0,0.009116576984524727,0.28937169909477234,0.1114344596862793,9.1552734375e-05,0.0
0,0.0036000495310872793,0.16317856311798096,0.04023794084787369,0.0,0.0
0,0.055418431758880615,0.9818752408027649,0.8422114849090576,0.047719319661458336,0.0
0,0.031224429607391357,0.9822876453399658,0.6691915988922119,0.028350830078125,0.0
0,0.007051870692521334,0.9343951344490051,0.2160065621137619,0.008412679036458334,0.0
0,0.012690447270870209,0.6931614875793457,0.14718706905841827,0.0020650227864583335,0.0
0,0.03226089105010033,0.9444848895072937,0.5985274910926819,0.034006754557291664,0.0
0,0.0003602344368118793,0.017242778092622757,0.003172682598233223,0.0,0.0
0,0.0008527148165740073,0.057599205523729324,0.01764446310698986,0.0,0.0
0,0.08688486367464066,0.9921537041664124,0.9531880021095276,0.100616455078125,0.041961669921875
0,0.024772586300969124,0.8800774812698364,0.35521215200424194,0.016164143880208332,0.0
0,0.22655095160007477,0.985496461391449,0.9672250151634216,0.2926127115885417,0.21788533528645834
0,0.023527532815933228,0.9983707070350647,0.4509299397468567,0.0185546875,0.0
0,0.04844805598258972,0.994401752948761,0.9620319604873657,0.046732584635416664,0.0
0,0.2016231268644333,0.9944666028022766,0.9625324606895447,0.24934895833333334,0.15745035807291666
0,0.3333728313446045,0.9920312166213989,0.9703524708747864,0.417694091796875,0.4650675455729167
0,0.001309454906731844,0.09999630600214005,0.012970387004315853,0.0,0.0
0,0.01487063616514206,0.9566342234611511,0.2931990325450897,0.011037190755208334,0.0
0,0.031140336766839027,0.9713473320007324,0.7636600732803345,0.031290690104166664,0.0
0,0.1091148778796196,0.9577545523643494,0.8326330184936523,0.15203857421875,0.0
0,0.10395029932260513,0.9923043847084045,0.9659639000892639,0.11603800455729167,0.0384521484375
0,0.08952847123146057,0.8330531716346741,0.7236025333404541,0.14494832356770834,0.09666951497395833
0,0.2766377925872803,0.9961903095245361,0.9801293015480042,0.3671366373697917,0.2735595703125
0,0.060831617563962936,0.974773108959198,0.8616476655006409,0.061909993489583336,0.0
0,0.03443380072712898,0.9996750354766846,0.5798709392547607,0.027537027994791668,0.005218505859375
0,0.05001484975218773,0.9702962636947632,0.7980247735977173,0.042897542317708336,0.0
0,0.07839188724756241,0.9639160633087158,0.8698218464851379,0.08037312825520833,0.036580403645833336
0,0.18675629794597626,0.9930423498153687,0.961533784866333,0.22975667317708334,0.22892252604166666
0,0.053110599517822266,0.9788748621940613,0.8362873792648315,0.06294759114583333,0.0
0,0.06537128239870071,0.7472472190856934,0.6416469216346741,0.095947265625,0.0
0,0.189485564827919,0.974628746509552,0.956308901309967,0.23734537760416666,0.23872884114583334
0,0.021473407745361328,0.5146442651748657,0.29543009400367737,0.01495361328125,0.0
0,0.04513958469033241,0.8806945085525513,0.6241790056228638,0.07484944661458333,0.0
0,0.13204443454742432,0.9910145401954651,0.9336731433868408,0.1761474609375,0.13907877604166666
0,0.1745762676000595,0.9132132530212402,0.8059332370758057,0.2595723470052083,0.065032958984375
0,0.0701189935207367,0.756177544593811,0.5661984086036682,0.07323201497395833,0.0
0,0.0195526834577322,0.6569884419441223,0.32734569907188416,0.016855875651041668,0.0
0,0.07899203151464462,0.9968024492263794,0.9427180886268616,0.11058553059895833,0.0240478515625
0,0.037362951785326004,0.9848692417144775,0.9290551543235779,0.036794026692708336,0.016815185546875
0,0.05356128513813019,0.9608049392700195,0.9007046222686768,0.07002766927083333,0.06494140625
0,0.0006913754623383284,0.11066322773694992,0.017309095710515976,0.0,0.0
0,0.024259930476546288,0.9808759689331055,0.37408044934272766,0.014292399088541666,0.0
0,0.05972347781062126,0.9805806875228882,0.9355788230895996,0.082183837890625,0.026885986328125
0,0.08751996606588364,0.997166097164154,0.8153574466705322,0.13014729817708334,0.051951090494791664
0,0.007748615462332964,0.7174080014228821,0.11338309943675995,0.002410888671875,0.0
0,0.2757028639316559,0.9995025396347046,0.953880250453949,0.3575439453125,0.2949422200520833
0,0.2511669099330902,0.9750121831893921,0.9575167298316956,0.282318115234375,0.2809346516927083
0,0.007655204739421606,0.8060905337333679,0.09268777817487717,0.0026957194010416665,0.0
0,0.10005476325750351,0.9607312679290771,0.907312273979187,0.13160196940104166,0.115020751953125
0,0.01960144378244877,0.9150528311729431,0.3637531101703644,0.013437906901041666,0.0
0,0.0820888802409172,0.994551956653595,0.9567152261734009,0.10631306966145833,0.04998779296875
0,0.028951987624168396,0.9635748267173767,0.8568122982978821,0.030558268229166668,0.015380859375
0,0.02896515466272831,0.9264369606971741,0.7755996584892273,0.030364990234375,0.0
0,0.028464404866099358,0.9992327690124512,0.970520555973053,0.032236735026041664,0.022440592447916668
0,0.01696883700788021,0.6397360563278198,0.18271701037883759,0.003997802734375,0.0
0,0.08491552621126175,0.987375020980835,0.8022459149360657,0.10169166666666667,0.01886875
0,0.6197706460952759,0.9881309270858765,0.9749168753623962,0.7069333333333333,0.7216853333333333
0,0.04622018337249756,0.9749168753623962,0.7448253035545349,0.0513916015625,0.0
0,0.06511009484529495,0.9896317720413208,0.6339633464813232,0.09696451822916667,0.0
0,0.0384662039577961,0.9789151549339294,0.5531972646713257,0.03192138671875,0.0
0,0.0073049552738666534,0.9374402165412903,0.1129675954580307,0.007100423177083333,0.0
0,0.06686987727880478,0.9966365098953247,0.8442767858505249,0.07695515950520833,0.0
0,0.008804450742900372,0.837221086025238,0.13173070549964905,0.0021158854166666665,0.0
0,0.38764360547065735,0.9855521321296692,0.9727790951728821,0.4354960123697917,0.4290364583333333
0,0.2306283563375473,0.9635748267173767,0.8410438895225525,0.3786777777777778,0.37656944444444446
0,0.011819572187960148,0.9205042719841003,0.42554736137390137,0.014947222222222223,0.0
0,0.004899398889392614,0.9835337996482849,0.06489012390375137,0.0037789473684210527,0.0
0,0.0793532133102417,0.9939261078834534,0.6620321273803711,0.08986002604166667,0.0
0,0.1401294767856598,0.9822195768356323,0.7002803087234497,0.24562825520833334,0.2551725260416667
0,0.01281945314258337,0.9983124732971191,0.3091290295124054,0.010823567708333334,0.0
0,0.08181563019752502,0.9544779658317566,0.7900447845458984,0.11975410210704328,0.08639334521687463
0,0.0034599793143570423,0.9487276077270508,0.040999796241521835,0.00259765625,0.0
0,0.13113568723201752,0.9490118622779846,0.7371581792831421,0.2389688742629919,0.22719502719502718
0,0.09388376027345657,0.9772408604621887,0.6564381122589111,0.11890950520833334,0.0
0,0.06567709892988205,0.9452984929084778,0.6329566240310669,0.0955253896430367,0.0
0,0.18753845989704132,0.9837850332260132,0.8690614700317383,0.30312171488642076,0.3584578819872937
0,0.11017120629549026,0.9203612804412842,0.7399864792823792,0.18207682291666666,0.18705729166666665
0,0.07005549967288971,0.9956516623497009,0.9761291742324829,0.05844791666666667,0.04067916666666667
0,0.05017055943608284,0.8505927920341492,0.5664383172988892,0.05724903474903475,0.0
0,0.027523372322320938,0.9855521321296692,0.41578808426856995,0.021233333333333333,0.0
0,0.023200973868370056,0.9455001950263977,0.42119529843330383,0.01569337811900192,0.006362763915547025
0,0.03198110684752464,0.9099069833755493,0.38705357909202576,0.017245681381957773,0.0
0,0.04775756597518921,0.9510514140129089,0.5303740501403809,0.03553982725527831,0.0
0,0.35116320848464966,0.9881309270858765,0.9619649052619934,0.5250517598343686,0.539169254658385
0,0.04566064104437828,0.9449946880340576,0.3310115933418274,0.017579633204633204,0.0
0,0.12081506848335266,0.9133679866790771,0.6508013606071472,0.13722972972972974,0.009720077220077221
0,0.25993895530700684,0.9789553880691528,0.914290726184845,0.3644980694980695,0.3752292471042471
0,0.06250617653131485,0.9352282881736755,0.8140542507171631,0.0830625,0.061886363636363635
0,0.023669181391596794,0.9171544313430786,0.42727842926979065,0.025770002867794666,0.0
0,0.10901327431201935,0.8740772008895874,0.707808792591095,0.1723081280090626,0.15945624468988956
0,0.03657139092683792,0.8374870419502258,0.5250874161720276,0.05653102453102453,0.0
0,0.005703389178961515,0.573738157749176,0.08479540795087814,0.0007155425219941349,0.0
0,0.3995914161205292,0.9916841983795166,0.9755303859710693,0.4790075375620163,0.4990238404331331
0,0.29066896438598633,0.9862577319145203,0.954308032989502,0.42910379515317787,0.4348925468678555
0,0.28006431460380554,0.9980881810188293,0.9695556163787842,0.3360676726108825,0.3251303155006859
0,0.04131798446178436,0.9828232526779175,0.6904578804969788,0.03799047619047619,0.0
0,0.009805695153772831,0.9242786765098572,0.1610575020313263,0.004776255707762557,0.0
0,0.43131762742996216,0.998498797416687,0.9644556045532227,0.6710762942779291,0.6675976385104451
0,0.18787981569766998,0.9851576089859009,0.898233950138092,0.2673150684931507,0.2954383561643836
0,0.2970888614654541,0.9828891754150391,0.9532750844955444,0.4300679347826087,0.43274909420289853
0,0.16705159842967987,0.9846936464309692,0.8895288109779358,0.20709595707095957,0.09141585841415859
0,0.047466594725847244,0.8513358235359192,0.6345432996749878,0.06019766397124888,0.0
0,0.3450111746788025,0.9632996320724487,0.9291837811470032,0.4692005883239693,0.3640763843336335
0,0.27709531784057617,0.9457011222839355,0.9092645049095154,0.4099938180694194,0.43497154493718065
0,0.2382057011127472,0.9167081117630005,0.7437267899513245,0.41120816616728456,0.3915062719008684
0,0.14607204496860504,0.915808916091919,0.7874411940574646,0.19065934065934065,0.10528519099947671
0,0.010602634400129318,0.646683394908905,0.31128761172294617,0.011947574522496604,0.0
0,0.35569238662719727,0.9919067621231079,0.9735944867134094,0.3958841959635417,0.3926595052083333
0,0.09317659586668015,0.9475754499435425,0.891999363899231,0.11393229166666667,0.10631306966145833
0,0.1668461561203003,0.9991573095321655,0.9551495909690857,0.225006103515625,0.14621988932291666
0,0.2713397741317749,0.8700461983680725,0.7579735517501831,0.4544677734375,0.4516805013020833
0,0.17143817245960236,0.9359345436096191,0.8373501300811768,0.2232666015625,0.10453287760416667
0,0.11268740147352219,0.9751545190811157,0.9364014267921448,0.14886474609375,0.14581298828125
0,0.12922069430351257,0.8589553833007812,0.6826794743537903,0.17222086588541666,0.0
0,0.06537128239870071,0.7472472190856934,0.6416469216346741,0.095947265625,0.0
0,0.189485564827919,0.974628746509552,0.956308901309967,0.23734537760416666,0.23872884114583334
0,0.023152893409132957,0.9267027974128723,0.559959352016449,0.021270751953125,0.0
0,0.00033486864413134754,0.029256708920001984,0.004416555631905794,0.0,0.0
0,0.04344527795910835,0.7794896960258484,0.5568451881408691,0.036478678385416664,0.0
0,0.24378842115402222,0.8814108967781067,0.7903637290000916,0.3906758626302083,0.4047648111979167
0,0.23733621835708618,0.9777987599372864,0.9516838788986206,0.290924072265625,0.2937520345052083
0,0.10123669356107712,0.9066531658172607,0.7420480251312256,0.14963785807291666,0.033610026041666664
0,0.09931246191263199,0.9901401400566101,0.9678993225097656,0.12000528971354167,0.13248697916666666
0,0.01814187318086624,0.8864204287528992,0.3875657021999359,0.018666585286458332,0.0
0,0.005293502938002348,0.37593555450439453,0.08961382508277893,0.0004170735677083333,0.0
0,0.06121565401554108,0.983020007610321,0.9318318963050842,0.07879638671875,0.053202311197916664
0,0.012462264858186245,0.7754347920417786,0.5558828115463257,0.01641845703125,0.0
0,0.023912591859698296,0.9703524708747864,0.7364006042480469,0.025909423828125,0.0
0,0.5499680042266846,0.9908744096755981,0.9835337996482849,0.625732421875,0.6255086263020834
0,0.18957103788852692,0.995354413986206,0.9787533283233643,0.230010986328125,0.254638671875
0,0.18862466514110565,0.9502266049385071,0.9090983867645264,0.2911275227864583,0.2739664713541667
0,0.5323035717010498,0.9970991611480713,0.9669121503829956,0.7029927571614584,0.75079345703125
0,0.020324552431702614,0.9203612804412842,0.7016016840934753,0.022776285807291668,0.0
0,0.10181862115859985,0.9857181310653687,0.9605096578598022,0.12554931640625,0.121826171875
0,0.14904849231243134,0.9828891754150391,0.9531880021095276,0.18634033203125,0.17301432291666666
0,0.3186139166355133,0.9749646186828613,0.9345111846923828,0.4215799967447917,0.478515625
0,0.06867005676031113,0.8344069123268127,0.670170247554779,0.131134033203125,0.0
0,0.09649801254272461,0.9082930684089661,0.8398653864860535,0.122406005859375,0.055023193359375
0,0.12555961310863495,0.9766246676445007,0.9496665596961975,0.15297444661458334,0.14154052734375
0,0.15203742682933807,0.9862577319145203,0.966663122177124,0.18995157877604166,0.19740804036458334
0,0.3407932221889496,0.9859364032745361,0.9619649052619934,0.42315673828125,0.4345499674479167
0,0.24459640681743622,0.9662197828292847,0.9244152307510376,0.319488525390625,0.3210550944010417
0,0.16828542947769165,0.9854404330253601,0.9680808186531067,0.208526611328125,0.22847493489583334
0,0.05627146735787392,0.9024378061294556,0.7416628003120422,0.07961018880208333,0.053507486979166664
0,0.013468261808156967,0.7231139540672302,0.20801317691802979,0.006998697916666667,0.0
0,0.25562039017677307,0.9534487724304199,0.8933094143867493,0.3646647135416667,0.4218546549479167
0,0.08913477510213852,0.934035062789917,0.8661325573921204,0.11775716145833333,0.11600748697916667
0,0.1751348376274109,0.8519527316093445,0.7333506345748901,0.3102518717447917,0.30450439453125
0,0.18705306947231293,0.9883578419685364,0.9693241715431213,0.21915690104166666,0.21065266927083334
0,0.023719647899270058,0.7833262085914612,0.49681249260902405,0.021881103515625,0.0
0,0.04371367394924164,0.929440438747406,0.7209551334381104,0.04766845703125,0.0
0,0.0340723916888237,0.8628146648406982,0.6471161246299744,0.031789143880208336,0.0
0,0.012193211354315281,0.6436653733253479,0.13810919225215912,0.0033467610677083335,0.0
0,0.00052894331747666,0.016466174274683,0.004609572235494852,0.0,0.0
0,0.04179776832461357,0.9724147915840149,0.7129292488098145,0.049753824869791664,0.0
0,0.4632885158061981,0.968678891658783,0.9364014267921448,0.6192423502604166,0.5940653483072916
0,0.3895193338394165,0.9863631129264832,0.9652503728866577,0.4816996256510417,0.4600016276041667
0,0.25221213698387146,0.9787533283233643,0.9504110217094421,0.2974650065104167,0.266632080078125
0,0.02672618441283703,0.8233283758163452,0.464952290058136,0.015157063802083334,0.0
0,0.002428920939564705,0.1127954050898552,0.030385024845600128,0.0,0.0
0,0.23253995180130005,0.9909096360206604,0.9805806875228882,0.2508443196614583,0.24302164713541666
0,0.11135047674179077,0.973036527633667,0.9367460012435913,0.13581339518229166,0.11606852213541667
0,0.0032284457702189684,0.23863890767097473,0.04698663949966431,0.0,0.0
0,0.02953430823981762,0.9942697286605835,0.920647144317627,0.034077962239583336,0.022115071614583332
0,0.009229864925146103,0.25219982862472534,0.08525123447179794,0.0,0.0
0,0.12275650352239609,0.9701834917068481,0.9516838788986206,0.13817342122395834,0.1358642578125
0,0.11041402816772461,0.9684410095214844,0.9341516494750977,0.155487060546875,0.12941487630208334
0,0.16472716629505157,0.9925103187561035,0.9722570776939392,0.203094482421875,0.19688924153645834
0,0.10814932733774185,0.9774571061134338,0.9411153197288513,0.14628092447916666,0.10828653971354167
0,0.06347651034593582,0.9638481140136719,0.8751482367515564,0.061055501302083336,0.0
0,0.08284885436296463,0.9296960830688477,0.8112277984619141,0.120941162109375,0.09073893229166667
0,0.15116073191165924,0.9884918928146362,0.9291837811470032,0.21697998046875,0.22357177734375
0,0.06337211281061172,0.9579908847808838,0.896975576877594,0.083251953125,0.036163330078125
0,0.020216651260852814,0.9637799859046936,0.8595317006111145,0.024617513020833332,0.020548502604166668
0,0.05985197052359581,0.9205042719841003,0.5667943954467773,0.10814412434895833,0.0
0,0.26119139790534973,0.9434518814086914,0.9107043743133545,0.402435302734375,0.24553426106770834
0,0.05009247735142708,0.9622496962547302,0.9240047931671143,0.060007731119791664,0.053415934244791664
0,0.16672170162200928,0.9812029004096985,0.934035062789917,0.20030721028645834,0.13905843098958334
0,0.0023069512099027634,0.23423145711421967,0.04288223758339882,0.0,0.0
0,0.09522045403718948,0.8574102520942688,0.7617104649543762,0.153045654296875,0.09613037109375
0,0.07303214818239212,0.8637367486953735,0.7694165110588074,0.089599609375,0.0
0,0.24854528903961182,0.9485372304916382,0.8785197734832764,0.3310648600260417,0.3187357584635417
0,0.012494407594203949,0.5157876014709473,0.16197799146175385,0.004618326822916667,0.0
0,0.016608083620667458,0.7427950501441956,0.3555510938167572,0.024637858072916668,0.0
0,0.007930487394332886,0.5184699892997742,0.07450026273727417,0.0005900065104166666,0.0
0,0.12243157625198364,0.9459012746810913,0.883632242679596,0.16292317708333334,0.142181396484375
0,0.01838885433971882,0.9515940546989441,0.5387296080589294,0.024770100911458332,0.0
0,0.007306810934096575,0.7020196318626404,0.1127954050898552,0.004323323567708333,0.0
0,0.09262597560882568,0.7166153788566589,0.6003037691116333,0.18585205078125,0.0
0,0.24738426506519318,0.933552086353302,0.8687154054641724,0.3722737630208333,0.3595174153645833
0,0.004855528008192778,0.12262823432683945,0.052327629178762436,0.0,0.0
0,0.0018803966231644154,0.32338008284568787,0.02585877664387226,8.138020833333333e-05,0.0
0,0.006907729431986809,0.6953380107879639,0.2420264631509781,0.009236653645833334,0.0
0,0.016866670921444893,0.7958168387413025,0.2838746905326843,0.010793050130208334,0.0
0,0.1099124550819397,0.907967209815979,0.8492224216461182,0.14615885416666666,0.14308675130208334
0,0.006292702164500952,0.8175745010375977,0.17091859877109528,0.006805419921875,0.0
0,0.09233438968658447,0.8998278379440308,0.7954992651939392,0.12925211588541666,0.0
0,0.0028903239872306585,0.5688350200653076,0.05213135853409767,0.0005594889322916666,0.0
0,0.0028622495010495186,0.0751764103770256,0.024237634614109993,0.0,0.0
0,0.026637202128767967,0.9926256537437439,0.839602530002594,0.0242919921875,0.0
0,0.00039034124347381294,0.08479540795087814,0.00841200165450573,0.0,0.0
0,0.011728748679161072,0.957277774810791,0.4244101941585541,0.015818277994791668,0.0
0,0.008805337361991405,0.5425906777381897,0.21916534006595612,0.006886800130208333,0.0
0,0.07899203151464462,0.9968024492263794,0.9427180886268616,0.11058553059895833,0.0240478515625
0,0.0003785545995924622,0.26971012353897095,0.002540992572903633,1.0172526041666666e-05,0.0
0,0.0059266164898872375,0.9717254042625427,0.0828411802649498,0.00616455078125,0.0
0,0.0005700316396541893,0.04931360110640526,0.014337030239403248,0.0,0.0
0,0.04457242786884308,0.9048188328742981,0.7084082365036011,0.069366455078125,0.05682373046875
0,0.0005045558209531009,0.016657039523124695,0.004982269834727049,0.0,0.0
0,0.0008866963908076286,0.02822098508477211,0.00941259041428566,0.0,0.0
0,0.012380407191812992,0.7718434929847717,0.3301471471786499,0.014302571614583334,0.0
0,0.0008742280188016593,0.10429472476243973,0.015543648041784763,0.0,0.0
0,0.0017283096676692367,0.11879339814186096,0.02600678615272045,0.0,0.0
0,0.0025840902235358953,0.15739572048187256,0.03753800690174103,0.0,0.0
0,0.019951865077018738,0.9460012316703796,0.32508543133735657,0.012827555338541666,0.0
0,0.10303407162427902,0.9845753908157349,0.9485372304916382,0.12959798177083334,0.101318359375
0,0.0015993984416127205,0.4116429388523102,0.023241925984621048,0.0001220703125,0.0
0,0.06337761133909225,0.9787126779556274,0.9430335760116577,0.07391357421875,0.054880777994791664
0,0.10062588006258011,0.9923043847084045,0.8850306272506714,0.14429728190104166,0.06752522786458333
0,0.0007182873669080436,0.052814021706581116,0.010901113972067833,0.0,0.0
0,0.02317729778587818,0.9815597534179688,0.8094085454940796,0.022806803385416668,0.013407389322916666
0,0.004820444155484438,0.4464947283267975,0.1515255719423294,0.0008036295572916666,0.0
0,0.1844279021024704,0.9672868847846985,0.9086130857467651,0.2627461751302083,0.212554931640625
0,0.08272617310285568,0.95413738489151,0.7869504690170288,0.10239664713541667,0.0
0,0.00041055199108086526,0.013171949423849583,0.004198795650154352,0.0,0.0
0,0.06809776276350021,0.8608377575874329,0.7160201072692871,0.08409627278645833,0.062032063802083336
0,0.09752670675516129,0.9226218461990356,0.7487199306488037,0.14460245768229166,0.0
0,0.0015838247491046786,0.15077753365039825,0.04001227021217346,0.0,0.0
0,0.01490826066583395,0.9388007521629333,0.2516201436519623,0.009307861328125,0.0
0,6.148375541670248e-05,0.013020490296185017,0.001299427472986281,0.0,0.0
0,0.05382627248764038,0.8366879820823669,0.7505472302436829,0.082244873046875,0.053782145182291664
0,0.0947396382689476,0.9689150452613831,0.9375547766685486,0.11484781901041667,0.112884521484375
0,0.05555802583694458,0.9841545820236206,0.9579908847808838,0.069610595703125,0.06313069661458333
0,0.0004402047779876739,0.2420264631509781,0.005099818576127291,0.0,0.0
0,0.049494218081235886,0.8211875557899475,0.6064401865005493,0.046061197916666664,0.0
0,0.0054386332631111145,0.6408606171607971,0.15278537571430206,0.005605061848958333,0.0
0,0.03025749884545803,0.8816148638725281,0.6404110193252563,0.042867024739583336,0.0
0,0.02763248234987259,0.9190633296966553,0.4987996220588684,0.0394287109375,0.0
0,0.025913504883646965,0.8020908832550049,0.3444434106349945,0.018025716145833332,0.0
0,0.007267845794558525,0.9525741338729858,0.3141557574272156,0.0106201171875,0.0
0,0.023749107494950294,0.95743727684021,0.33643677830696106,0.015797932942708332,0.0
0,0.008136384189128876,0.9506864547729492,0.10105060040950775,0.00335693359375,0.0
0,0.08860365301370621,0.9554855227470398,0.8840332627296448,0.10105387369791667,0.06901041666666667
0,0.003092668717727065,0.1318424493074417,0.037047166377305984,0.0,0.0
0,0.004154737573117018,0.3478693664073944,0.07850097864866257,0.0002644856770833333,0.0
0,0.09434142708778381,0.9858821630477905,0.9059898257255554,0.122772216796875,0.07725016276041667
0,0.014477044343948364,0.9264369606971741,0.23004856705665588,0.008331298828125,0.0
0,0.11346089839935303,0.9171544313430786,0.7367795705795288,0.15474446614583334,0.0
0,0.008226496167480946,0.6175126433372498,0.19527317583560944,0.005828857421875,0.0
0,0.019720500335097313,0.8657925128936768,0.5267580151557922,0.020070393880208332,0.0
0,0.0058340150862932205,0.2719278633594513,0.07329727709293365,1.0172526041666666e-05,0.0
0,0.06932298094034195,0.9479621648788452,0.8474596738815308,0.09955851236979167,0.09174601236979167
0,0.0009235350298695266,0.14792408049106598,0.012722708284854889,0.0,0.0
0,0.03355437144637108,0.8611882925033569,0.5550397038459778,0.040690104166666664,0.0
0,0.004748746287077665,0.406744122505188,0.062216974794864655,0.00019327799479166666,0.0
0,0.04142249748110771,0.9270997643470764,0.5969513654708862,0.031901041666666664,0.0
0,0.14148005843162537,0.9488224983215332,0.8834372758865356,0.18229166666666666,0.16166178385416666
0,0.0063681043684482574,0.3803560733795166,0.06828853487968445,0.00048828125,0.0
0,0.042919471859931946,0.7592254281044006,0.6238319277763367,0.072052001953125,0.0
0,0.0011147409677505493,0.2603894770145416,0.01886817067861557,0.0,0.0
0,0.18819887936115265,0.959307074546814,0.8394709229469299,0.2711181640625,0.24074300130208334
0,0.0015840171836316586,0.07043161243200302,0.022284910082817078,0.0,0.0
0,0.020338738337159157,0.4912499785423279,0.20401977002620697,0.004608154296875,0.0
0,0.0022405122872442007,0.08694165199995041,0.02998480573296547,0.0,0.0
0,0.0018686795374378562,0.2354598045349121,0.02364434115588665,0.0,0.0
0,0.013737891800701618,0.9230391979217529,0.24418270587921143,0.009084065755208334,0.0
0,0.08036505430936813,0.8770562410354614,0.7718383073806763,0.10795084635416667,0.06538899739583333
0,0.0009527052170597017,0.0838903859257698,0.01646427996456623,0.0,0.0
0,0.08611703664064407,0.9672250151634216,0.9425067901611328,0.09745279947916667,0.06547037760416667
0,0.0034180069342255592,0.48294728994369507,0.07892589271068573,0.0010477701822916667,0.0
0,0.33150744438171387,0.985042929649353,0.9639838933944702,0.41485595703125,0.49908447265625
0,0.2847503423690796,0.9617499113082886,0.9010533690452576,0.4040934244791667,0.3906046549479167
0,0.3977125585079193,0.9694979190826416,0.9103814363479614,0.599334716796875,0.659393310546875
0,0.001364777679555118,0.16640430688858032,0.01798621006309986,0.0,0.0
0,0.034385453909635544,0.7618929743766785,0.371364563703537,0.019744873046875,0.0
0,0.01412335503846407,0.7341195344924927,0.34234505891799927,0.013102213541666666,0.0
0,0.026590125635266304,0.8541562557220459,0.5023477673530579,0.030415852864583332,0.0
0,0.24908660352230072,0.9601374864578247,0.8936811685562134,0.344146728515625,0.304931640625
0,0.022520745173096657,0.9905874133110046,0.4302472472190857,0.017720540364583332,0.0
0,0.035445865243673325,0.8686040639877319,0.6721165776252747,0.036387125651041664,0.0
0,0.0008063841960392892,0.12220858037471771,0.014559519477188587,0.0,0.0
0,0.011454838328063488,0.9594592452049255,0.24650071561336517,0.009440104166666666,0.0
0,0.06812851876020432,0.972151517868042,0.9333093762397766,0.07616170247395833,0.06968180338541667
0,0.113778255879879,0.8858291506767273,0.7588628530502319,0.18756103515625,0.1824951171875
0,0.008817914873361588,0.9525741338729858,0.12906645238399506,0.00787353515625,0.0
0,0.021163733676075935,0.8217604756355286,0.6045687794685364,0.034291585286458336,0.0
0,0.10677925497293472,0.9114953279495239,0.8292155861854553,0.15688069661458334,0.15992228190104166
0,0.004143242258578539,0.28587010502815247,0.040462564677000046,5.0862630208333336e-05,0.0
0,0.026264073327183723,0.7890712022781372,0.5269200801849365,0.032440185546875,0.0
0,0.21991968154907227,0.9685600996017456,0.9333057403564453,0.3380025227864583,0.3488667805989583
0,0.027662938460707664,0.9808025360107422,0.493521511554718,0.027943929036458332,0.0
0,0.00018418718536850065,0.015967654064297676,0.003678509034216404,0.0,0.0
0,0.14242500066757202,0.9210741519927979,0.8608342409133911,0.21656290690104166,0.12392171223958333
0,0.047761470079422,0.8908652067184448,0.4195290803909302,0.031870524088541664,0.0
0,0.21567349135875702,0.9940658807754517,0.978260338306427,0.2560628255208333,0.21758015950520834
0,0.0056211999617516994,0.9912548065185547,0.08151976019144058,0.0031331380208333335,0.0
0,0.3864719867706299,0.998793363571167,0.9936856627464294,0.448028564453125,0.51104736328125
0,0.24503158032894135,0.9961903095245361,0.9803937673568726,0.3002421061197917,0.3185831705729167
0,0.0029757777228951454,0.7638362646102905,0.04724971204996109,0.0003865559895833333,0.0
0,0.2610921859741211,0.9964756369590759,0.9858805537223816,0.2926432291666667,0.299530029296875
0,0.08545911312103271,0.9400236010551453,0.7755945920944214,0.09328206380208333,0.0
0,0.13148653507232666,0.996936559677124,0.9621765613555908,0.16072591145833334,0.0
0,0.006582023110240698,0.9791557192802429,0.09841502457857132,0.006825764973958333,0.0
0,0.008930652402341366,0.6957516670227051,0.13659803569316864,0.0021769205729166665,0.0
0,0.18366415798664093,0.9832144975662231,0.9259026646614075,0.23817952473958334,0.17852783203125
0,0.06869933009147644,0.9890130758285522,0.8778929114341736,0.060150146484375,0.0
0,0.03565068915486336,0.9683213829994202,0.8002193570137024,0.032358805338541664,0.0
0,0.012426809407770634,0.9939496517181396,0.13432106375694275,0.005177815755208333,0.0
0,0.4049735963344574,0.9979888200759888,0.9881309270858765,0.5233561197916666,0.5987345377604166
0,0.2659167945384979,0.9862577319145203,0.960212230682373,0.346771240234375,0.276824951171875
0,0.1769399493932724,0.9978594183921814,0.9820137619972229,0.20775349934895834,0.09653727213541667
0,0.5268529057502747,0.9912208914756775,0.9793540239334106,0.649505615234375,0.7551472981770834
0,0.15733182430267334,0.9833430051803589,0.9537081718444824,0.18853759765625,0.11716715494791667
0,0.019354335963726044,0.9876639246940613,0.6860198974609375,0.018747965494791668,0.0
0,0.14614607393741608,0.9968273043632507,0.9734923243522644,0.18232218424479166,0.11962890625
0,0.45413947105407715,0.9965837001800537,0.9911182522773743,0.5178731282552084,0.5155029296875
0,0.0010023243958130479,0.049681153148412704,0.009090383537113667,0.0,0.0
0,0.00648837722837925,0.9669140577316284,0.0977291613817215,0.004770914713541667,0.0
0,0.0008533286745660007,0.039048291742801666,0.010902374982833862,0.0,0.0
0,0.23730139434337616,0.9986541271209717,0.9933846592903137,0.2684326171875,0.23005167643229166
0,0.0020954732317477465,0.27659282088279724,0.026404011994600296,1.0172526041666666e-05,0.0
0,0.10490795969963074,0.9918437600135803,0.8944211602210999,0.087168,0.026842666666666667
0,0.5124135613441467,0.9751545190811157,0.95413738489151,0.663792,0.8047786666666666
0,0.016013456508517265,0.8175745010375977,0.17342814803123474,0.004069333333333334,0.0
0,0.012277208268642426,0.8095772862434387,0.12710988521575928,0.0032426666666666667,0.0
0,0.11390917748212814,0.9905874133110046,0.9066531658172607,0.13353474934895834,0.0
0,0.08897572755813599,0.9977830052375793,0.9421883225440979,0.11722819010416667,0.06960042317708333
0,0.012939780950546265,0.999438464641571,0.34931516647338867,0.011803385416666666,0.00318359375
0,0.17000597715377808,0.9938070178031921,0.8565725088119507,0.216975,0.0
0,0.2964528203010559,0.9975844621658325,0.9852146506309509,0.36391153081510935,0.3061580516898608
0,0.01645832508802414,0.8850365877151489,0.26511871814727783,0.009791666666666667,0.0
0,0.13848333060741425,0.9431384205818176,0.8335957527160645,0.202125,0.19629166666666667
0,0.22209392488002777,0.9843363761901855,0.9480584859848022,0.28999433851628686,0.2551610489920537
0,0.2225898951292038,0.9909447431564331,0.963161289691925,0.27049665555736824,0.21183489873447223
0,0.0179409459233284,0.839602530002594,0.19513355195522308,0.005480225988700565,0.0
0,0.017174741253256798,0.8124212622642517,0.21223203837871552,0.006133525456292027,0.0
0,0.06811515241861343,0.9296960830688477,0.6348059177398682,0.05265491889368654,0.0
0,0.21897676587104797,0.9984812140464783,0.991186797618866,0.2395561797752809,0.17842696629213484
0,0.12181544303894043,0.9856629967689514,0.8307315111160278,0.12854390934844193,0.0
0,0.2528177499771118,0.974190354347229,0.9144436717033386,0.3482857142857143,0.3828628571428571
0,0.1720447540283203,0.9996579885482788,0.9882676005363464,0.2029436152570481,0.08425787728026533
0,0.0455818846821785,0.7689067125320435,0.609001100063324,0.05914645103324349,0.0
0,0.0777386948466301,0.7108290791511536,0.5465868711471558,0.12665300546448088,0.0
0,0.22862979769706726,0.9964619278907776,0.9698426127433777,0.27129399585921327,0.16982919254658385
0,0.49818143248558044,0.9987404942512512,0.9862046241760254,0.623128078817734,0.7308415435139574
0,0.4081977903842926,0.9923933744430542,0.9842154383659363,0.4938464696223317,0.48189244663382597
0,0.2984251379966736,0.9905874133110046,0.9856629967689514,0.3234491315136476,0.29566583953680725
0,0.0849536582827568,0.9979888200759888,0.8688268065452576,0.09457508250825082,0.0
0,0.04542380943894386,0.9636433720588684,0.6916015148162842,0.05197942386831276,0.0
0,0.21298791468143463,0.9998875856399536,0.9940658807754517,0.2228869778869779,0.20742014742014742
0,0.443815678358078,0.9878528118133545,0.9616780281066895,0.5591861327400816,0.6054824290363778
0,0.526444673538208,0.9892648458480835,0.9704086184501648,0.654075551945577,0.6950321612293554
0,0.010089165531098843,0.9291837811470032,0.11221037805080414,0.0017986584442280646,0.0
0,0.070660799741745,0.9930423498153687,0.7185943722724915,0.062164583333333336,0.0
0,0.08241033554077148,0.9722570776939392,0.7829945087432861,0.08893728574309337,0.004226658600524299
0,0.029550131410360336,0.9923043847084045,0.47525233030319214,0.022538416475147583,0.0
0,0.18937896192073822,0.9858275651931763,0.9521309733390808,0.23372702205882354,0.12774816176470588
0,0.05851854011416435,0.9089417457580566,0.5905436873435974,0.04818904593639576,0.0
0,0.015678538009524345,0.8578872084617615,0.27479973435401917,0.010484026173979985,0.0
0,0.5951194763183594,0.9951889514923096,0.9877586960792542,0.6896373354790505,0.703511696074487
0,0.002290233736857772,0.35521551966667175,0.0383940152823925,0.00010244432151125863,0.0
0,0.09466113150119781,0.9527502655982971,0.892375111579895,0.11088321900903815,0.0680555791958151
0,0.0015653353184461594,0.18286287784576416,0.022116590291261673,0.0,0.0
0,0.2515842914581299,0.9728823304176331,0.9257645606994629,0.3416646321614583,0.3051350911458333
0,0.4441210925579071,0.9930152893066406,0.9814178347587585,0.5490519205729166,0.5275166829427084
0,0.789154052734375,0.9940428137779236,0.9837850332260132,0.9241231282552084,1.0
0,0.04802859202027321,0.9751071333885193,0.8461968302726746,0.049224853515625,0.0
0,0.5005439519882202,0.9933330416679382,0.9791157841682434,0.6041768391927084,0.6638081868489584
0,0.5349721312522888,0.9960391521453857,0.9820826053619385,0.682586669921875,0.7516072591145834
0,0.03794609010219574,0.9741412401199341,0.6921157240867615,0.036366780598958336,0.0
0,0.5533217787742615,0.9969956874847412,0.9898695349693298,0.687103271484375,0.782806396484375
0,0.06513968110084534,0.8998278379440308,0.6133401989936829,0.07404581705729167,0.0
0,0.15924744307994843,0.9981324076652527,0.9663469791412354,0.19051106770833334,0.07216389973958333
0,0.08919408917427063,0.9750598073005676,0.8140527606010437,0.09798177083333333,0.034627278645833336
0,0.11622623354196548,0.9958337545394897,0.9704086184501648,0.13938395182291666,0.1356201171875
0,0.13934627175331116,0.9928786158561707,0.9625303745269775,0.172637939453125,0.15370686848958334
0,0.16247384250164032,0.9965029954910278,0.9792749285697937,0.18205769856770834,0.13850911458333334
0,0.008147221989929676,0.9121235609054565,0.1872812658548355,0.006388346354166667,0.0
0,0.11571190506219864,0.9916519522666931,0.9667888283729553,0.126434326171875,0.06663004557291667
0,0.0026080170646309853,0.11838509887456894,0.03302355110645294,0.0,0.0
0,0.5123374462127686,0.9966625571250916,0.9872773289680481,0.6256205240885416,0.665191650390625
0,0.3604143559932709,0.9977916479110718,0.9839708209037781,0.4637654622395833,0.5236612955729166
0,0.015718480572104454,0.8766343593597412,0.3623812198638916,0.014190673828125,0.0
0,0.12752938270568848,0.9741412401199341,0.897335946559906,0.13767496744791666,0.0
0,0.26324236392974854,0.9960391521453857,0.9808025360107422,0.3008219401041667,0.24544270833333334
0,0.4332498610019684,0.9976032376289368,0.9805806875228882,0.5484822591145834,0.64013671875
0,0.03067154623568058,0.9741412401199341,0.7033365964889526,0.032562255859375,0.0
0,0.0186562892049551,0.9799765348434448,0.48196935653686523,0.015767415364583332,0.0
0,0.42827197909355164,0.9945095181465149,0.9881309270858765,0.4828287760416667,0.4802347819010417
0,0.30007049441337585,0.9986222982406616,0.9918437600135803,0.370086669921875,0.3036702473958333
0,0.19807131588459015,0.9921233057975769,0.9537081718444824,0.251739501953125,0.032368977864583336
0,0.257858008146286,0.9936116337776184,0.9586926698684692,0.345245361328125,0.325347900390625
0,0.4303387701511383,0.9816655516624451,0.957833468914032,0.56842041015625,0.675628662109375
0,0.11853166669607162,0.9594592452049255,0.846831202507019,0.15506998697916666,0.0
0,0.18175041675567627,0.9435559511184692,0.8984104990959167,0.23240152994791666,0.10359700520833333
0,0.2217445820569992,0.9716179370880127,0.9186264276504517,0.28753662109375,0.22954305013020834
0,0.42928943037986755,0.9864678382873535,0.9678385257720947,0.5343526204427084,0.591644287109375
0,0.1908232718706131,0.9628131985664368,0.9059898257255554,0.251251220703125,0.21593221028645834
0,0.022831061854958534,0.9962051510810852,0.9349913001060486,0.018717447916666668,0.011342366536458334
0,0.28481924533843994,0.9926826357841492,0.9788343906402588,0.3633321126302083,0.16868082682291666
0,0.18969471752643585,0.993854820728302,0.9821491837501526,0.222320556640625,0.17033894856770834
0,0.31616541743278503,0.9899863600730896,0.9664066433906555,0.4260457356770833,0.4024861653645833
0,0.13706433773040771,0.9441768527030945,0.8640812635421753,0.17215983072916666,0.09386189778645833
0,0.21469254791736603,0.9376689791679382,0.8856314420700073,0.279022216796875,0.23442586263020834
0,0.0924951434135437,0.972933828830719,0.8782098889350891,0.09941609700520833,0.0
0,0.285221666097641,0.997188150882721,0.9812749028205872,0.368988037109375,0.4010009765625
0,0.04073265194892883,0.9533619284629822,0.7028238773345947,0.049428304036458336,0.0
0,0.34484025835990906,0.975669801235199,0.9506864547729492,0.46905517578125,0.5254313151041666
0,0.032675039023160934,0.6145675182342529,0.25701844692230225,0.008707682291666666,0.0
0,0.3805603086948395,0.9735944867134094,0.9539660811424255,0.4937642415364583,0.5045878092447916
0,0.17474614083766937,0.9915544390678406,0.9591497182846069,0.21901448567708334,0.015167236328125
0,0.003185863606631756,0.28977349400520325,0.04401864856481552,3.0517578125e-05,0.0
0,0.23713915050029755,0.9915215969085693,0.966663122177124,0.299713134765625,0.2775166829427083
0,0.3266429007053375,0.9828891754150391,0.9500414729118347,0.433563232421875,0.3922831217447917
0,0.4060659110546112,0.9820826053619385,0.9517735838890076,0.5438944498697916,0.5745035807291666
0,0.20658224821090698,0.9922143816947937,0.976802408695221,0.23756917317708334,0.22162882486979166
0,0.3591037690639496,0.9843363761901855,0.9487276077270508,0.49151611328125,0.5658162434895834
0,0.17491404712200165,0.9964063763618469,0.974384605884552,0.21446736653645834,0.17304484049479166
0,0.003735969075933099,0.5167326331138611,0.0487670972943306,0.00048828125,0.0
0,0.5490354895591736,0.988711953163147,0.973036527633667,0.6721394856770834,0.7410888671875
0,0.0035992776975035667,0.46778762340545654,0.04264000058174133,0.00022379557291666666,0.0
0,0.16374321281909943,0.9951889514923096,0.9710743427276611,0.19684855143229166,0.15299479166666666
0,0.14712846279144287,0.9904406070709229,0.967777669429779,0.18236287434895834,0.08393351236979167
0,0.4118232727050781,0.9860979318618774,0.9611709713935852,0.5166524251302084,0.5452067057291666
0,0.0027205972000956535,0.6926419734954834,0.029816539958119392,0.001373291015625,0.0
0,0.005308838095515966,0.06477169692516327,0.029928047209978104,0.0,0.0
0,0.18513108789920807,0.9886682629585266,0.9348689317703247,0.236846923828125,0.097015380859375
0,0.1727997213602066,0.9845753908157349,0.9286680221557617,0.21778361002604166,0.072479248046875
0,0.11564493179321289,0.83601975440979,0.7067979574203491,0.1524658203125,0.06700642903645833
0,0.35387691855430603,0.9959613680839539,0.9894702434539795,0.4128011067708333,0.3937479654947917
0,0.1918237954378128,0.9994162321090698,0.9937829375267029,0.24158732096354166,0.16181437174479166
0,0.2541904151439667,0.9915215969085693,0.9769787192344666,0.3297322591145833,0.2901814778645833
0,0.07349865883588791,0.9592307209968567,0.7379143238067627,0.07243855794270833,0.0
0,0.21655619144439697,0.9929336309432983,0.958615243434906,0.2708740234375,0.22826131184895834
0,0.44989749789237976,0.9901019334793091,0.9769347906112671,0.5318400065104166,0.5699564615885416
0,0.003109048819169402,0.4614414572715759,0.05845324322581291,0.0007222493489583334,0.0
0,0.4368685185909271,0.9921233057975769,0.9739916920661926,0.565887451171875,0.611328125
0,0.11379137635231018,0.9872773289680481,0.9400236010551453,0.13299560546875,0.13129679361979166
0,0.5958622694015503,0.9961155652999878,0.9904775619506836,0.688079833984375,0.732147216796875
0,0.31107667088508606,0.9836598634719849,0.9641867876052856,0.3813273111979167,0.3488057454427083
0,0.11689072102308273,0.9785493016242981,0.9181873202323914,0.13544718424479166,0.030517578125
0,0.3203347623348236,0.9925682544708252,0.9813822507858276,0.3916524251302083,0.2776590983072917
0,0.572268009185791,0.991455614566803,0.9769347906112671,0.7485555013020834,0.8357645670572916
0,0.13415198028087616,0.9904775619506836,0.9360480904579163,0.15589396158854166,0.058329264322916664
0,0.066750667989254,0.9750598073005676,0.8243163228034973,0.069793701171875,0.0
0,0.05686677619814873,0.9428234100341797,0.7565374970436096,0.061676025390625,0.0
0,0.09262707084417343,0.9758545756340027,0.8938665986061096,0.10319010416666667,0.0
0,0.02795947529375553,0.9074763655662537,0.522882878780365,0.02923583984375,0.0
0,0.07691823691129684,0.9413313865661621,0.6572052240371704,0.09144083658854167,0.0
0,0.030447816476225853,0.9929060935974121,0.6455602645874023,0.024871826171875,0.0
0,0.46803054213523865,0.9944234490394592,0.9829546809196472,0.5857645670572916,0.63702392578125
0,0.33648166060447693,0.9916195869445801,0.9590010046958923,0.4412434895833333,0.47186279296875
0,0.4082373082637787,0.9813822507858276,0.9559813141822815,0.5209248860677084,0.592315673828125
0,0.41375914216041565,0.9970073103904724,0.9876624941825867,0.5093790690104166,0.590576171875
0,0.48992839455604553,0.9867772459983826,0.9685600996017456,0.621826171875,0.7291259765625
0,0.11183509230613708,0.994401752948761,0.9802431464195251,0.12892659505208334,0.0797119140625
0,0.004592475946992636,0.6359010338783264,0.07935290038585663,0.0016886393229166667,0.0
0,0.21786415576934814,0.9827572107315063,0.942294716835022,0.2583821614583333,0.12274169921875
0,0.5089510679244995,0.9979572296142578,0.9955489635467529,0.584381103515625,0.6275736490885416
0,0.018904946744441986,0.9227612018585205,0.4764878451824188,0.021453857421875,0.0
0,0.07034915685653687,0.9841545820236206,0.8338664174079895,0.08443196614583333,0.0
0,0.4313405454158783,0.9985449314117432,0.9944451451301575,0.5244242350260416,0.47857666015625
0,0.004652508534491062,0.2782568037509918,0.068533755838871,6.103515625e-05,0.0
0,0.5538864135742188,0.996434211730957,0.9896706342697144,0.6304524739583334,0.7034708658854166
0,0.07510574907064438,0.9906237721443176,0.9589986801147461,0.08336385091145833,0.057688395182291664
0,0.000437599461292848,0.016657039523124695,0.00570803415030241,0.0,0.0
0,0.6285540461540222,0.9977127313613892,0.9899086952209473,0.7212626139322916,0.7666829427083334
0,0.28442350029945374,0.9967899918556213,0.9837225079536438,0.362518310546875,0.2523905436197917
0,0.4703158140182495,0.9965029954910278,0.983657956123352,0.559814453125,0.6702982584635416
0,0.47169625759124756,0.9955315589904785,0.9877113699913025,0.5882670084635416,0.679779052734375
0,0.0019553890451788902,0.36681652069091797,0.028870904818177223,6.103515625e-05,0.0
0,0.047929465770721436,0.9958499670028687,0.9690910577774048,0.04901123046875,0.012705485026041666
0,0.0002905231376644224,0.03817827254533768,0.004182007163763046,0.0,0.0
0,0.5318787693977356,0.9959456324577332,0.9899086952209473,0.6131490071614584,0.646942138671875
0,0.06279781460762024,0.9768466353416443,0.9063219428062439,0.07063802083333333,0.02520751953125
0,0.07345488667488098,0.9526622891426086,0.7755996584892273,0.077972412109375,0.0
0,0.15335963666439056,0.9856076240539551,0.8436376452445984,0.196441650390625,0.0
0,0.27038004994392395,0.9827572107315063,0.9621075391769409,0.3365071614583333,0.2515665690104167
0,0.00986019428819418,0.33448076248168945,0.10557883977890015,0.00023396809895833334,0.0
0,0.019204340875148773,0.9348725080490112,0.2411211133003235,0.008473714192708334,0.0
0,0.02620978094637394,0.9590010046958923,0.584388017654419,0.024871826171875,0.0
0,0.007882985286414623,0.8870089650154114,0.1041124165058136,0.006368001302083333,0.0
0,0.014490903355181217,0.6860546469688416,0.16694685816764832,0.0032552083333333335,0.0
0,0.003979688044637442,0.13072869181632996,0.04069295525550842,0.0,0.0
0,0.20999068021774292,0.9972207546234131,0.9802431464195251,0.24566650390625,0.20500691731770834
0,0.0019816888961941004,0.052134253084659576,0.017846688628196716,0.0,0.0
0,0.00729435496032238,0.22253112494945526,0.05033063143491745,0.0,0.0
0,0.3644017279148102,0.9956346154212952,0.9903663396835327,0.4249776204427083,0.3703206380208333
0,0.11074334383010864,0.9834068417549133,0.9359345436096191,0.14302571614583334,0.07696533203125
0,0.012774105183780193,0.9001793265342712,0.3393862843513489,0.012095133463541666,0.0
0,0.014696496538817883,0.2699987590312958,0.12421301752328873,1.0172526041666666e-05,0.0
0,0.277304470539093,0.9704646468162537,0.9375547766685486,0.384552001953125,0.4130350748697917
0,0.33219513297080994,0.9957352876663208,0.9841527342796326,0.4194539388020833,0.4740702311197917
0,0.006457827519625425,0.6988435387611389,0.08108212053775787,0.0017903645833333333,0.0
0,0.7648099064826965,0.992452085018158,0.9828872084617615,0.8824361165364584,0.9274088541666666
0,0.0001719195715850219,0.006073934491723776,0.001674399245530367,0.0,0.0
0,0.05433033034205437,0.9981104135513306,0.9795897603034973,0.061045328776041664,0.044270833333333336
0,0.05297734960913658,0.9925969839096069,0.787436306476593,0.07159423828125,0.0
0,0.006735038012266159,0.41211608052253723,0.07709969580173492,0.0004170735677083333,0.0
0,0.00656737620010972,0.23952718079090118,0.0645354837179184,0.0,0.0
0,0.2704148590564728,0.9915870428085327,0.9757161140441895,0.3285624186197917,0.2756754557291667
0,0.08874056488275528,0.9720985889434814,0.8499637246131897,0.10764567057291667,0.0
0,0.6472011208534241,0.9981470108032227,0.9936364889144897,0.7687784830729166,0.82122802734375
0,0.13532859086990356,0.9551520943641663,0.9084556102752686,0.17470296223958334,0.07295735677083333
0,0.1488696187734604,0.9909797310829163,0.972933828830719,0.16753133138020834,0.12404378255208333
0,0.037558894604444504,0.8255897164344788,0.6712486743927002,0.033223470052083336,0.0
0,0.0016448436072096229,0.08093671500682831,0.02364298887550831,0.0,0.0
0,0.043477434664964676,0.9958980679512024,0.9362850189208984,0.041127522786458336,0.024698893229166668
0,0.5119462609291077,0.9933330416679382,0.9851576089859009,0.6332804361979166,0.722564697265625
0,0.1310090869665146,0.9787126779556274,0.8842393159866333,0.17777506510416666,0.09181722005208333
0,0.024323828518390656,0.9607312679290771,0.5961286425590515,0.022878011067708332,0.0
0,0.0008879941888153553,0.0541987307369709,0.013902058824896812,0.0,0.0
0,0.0561794638633728,0.9834704995155334,0.899116039276123,0.058766682942708336,0.019297281901041668
0,0.03049185313284397,0.9996048808097839,0.5486405491828918,0.02520751953125,0.0
0,0.054529715329408646,0.9982247948646545,0.9734923243522644,0.053660074869791664,0.053446451822916664
0,0.0008067794260568917,0.057705316692590714,0.00985985528677702,0.0,0.0
0,0.14995478093624115,0.9771537780761719,0.9287933707237244,0.18668619791666666,0.15211995442708334
0,0.3133794665336609,0.9815951585769653,0.9654463529586792,0.3962300618489583,0.4000956217447917
0,0.22196511924266815,0.9927672147750854,0.9563905000686646,0.2797037760416667,0.20831298828125
0,0.16728897392749786,0.9853842854499817,0.9390214681625366,0.21113077799479166,0.17066446940104166
0,0.001483619213104248,0.866358757019043,0.012382353655993938,0.0007731119791666666,0.0
0,0.22207880020141602,0.9985730648040771,0.9724147915840149,0.2936604817708333,0.3151346842447917
0,0.0735793188214302,0.9797840118408203,0.8826303482055664,0.08043416341145833,0.0
0,0.26288843154907227,0.9956685304641724,0.986415684223175,0.299835205078125,0.2978312174479167
0,0.23625898361206055,0.9899476170539856,0.9435528516769409,0.33013916015625,0.2925618489583333
0,0.09748449176549911,0.9798997044563293,0.9031183123588562,0.12195841471354167,0.0
0,0.2835802733898163,0.9948403239250183,0.9830180406570435,0.3470967610677083,0.36639404296875
0,0.16485756635665894,0.9969603419303894,0.9737446904182434,0.22364298502604166,0.14716593424479166
0,0.622175931930542,0.9916195869445801,0.9754835963249207,0.747802734375,0.8100687662760416
0,0.22454459965229034,0.9846936464309692,0.9534461498260498,0.3132832845052083,0.24372355143229166
0,0.34940847754478455,0.9952077269554138,0.9870296716690063,0.4208780924479167,0.413604736328125
0,0.6189400553703308,0.9870795607566833,0.9769787192344666,0.7420654296875,0.8283793131510416
0,0.005895726848393679,0.6916015148162842,0.07476599514484406,0.00146484375,0.0
0,0.33937954902648926,0.9880849719047546,0.9593832492828369,0.4590250651041667,0.4337259928385417
0,0.06693700700998306,0.8631610870361328,0.6321588158607483,0.06987508138020833,0.0
0,0.015274840407073498,0.7590468525886536,0.19915218651294708,0.005137125651041667,0.0
0,0.026436930522322655,0.7331653833389282,0.2819984257221222,0.011199951171875,0.0
0,0.11006969213485718,0.956063449382782,0.8091251850128174,0.14863077799479166,0.0
0,0.16009081900119781,0.9786719083786011,0.9068183302879333,0.21727498372395834,0.0799560546875
0,0.005726844072341919,0.2620856761932373,0.06394842267036438,0.0,0.0
0,0.038648661226034164,0.8704872727394104,0.49705275893211365,0.0355224609375,0.0
0,0.40598809719085693,0.9897909760475159,0.9752018451690674,0.4997965494791667,0.5491841634114584
0,0.006087000947445631,0.7501869201660156,0.09534946829080582,0.0023396809895833335,0.0
0,0.24545209109783173,0.9955489635467529,0.9821512699127197,0.2916259765625,0.176605224609375
0,0.3505670726299286,0.9927391409873962,0.9692643284797668,0.4482218424479167,0.4060567220052083
0,0.11665909737348557,0.9987695813179016,0.9937829375267029,0.13206990559895834,0.050404866536458336
0,0.10172074288129807,0.9928508996963501,0.9238675236701965,0.115631103515625,0.031687418619791664
0,0.015250352211296558,0.2635993957519531,0.10743186622858047,0.0,0.0
0,0.08112224191427231,0.9863631129264832,0.8812065720558167,0.08448282877604167,0.0
0,0.10297631472349167,0.9523086547851562,0.8407825827598572,0.12538655598958334,0.028035481770833332
0,0.003182970918715,0.1916300505399704,0.04352813959121704,0.0,0.0
0,0.0017622640589252114,0.48329782485961914,0.01764446310698986,0.00017293294270833334,0.0
0,0.01420624554157257,0.5566405653953552,0.36726003885269165,0.012949625651041666,0.0
0,0.008128044195473194,0.4305064380168915,0.1285218745470047,0.0020548502604166665,0.0
0,0.039735715836286545,0.7694269418716431,0.6198148131370544,0.07073974609375,0.0
0,0.04549945890903473,0.9352282881736755,0.8217561841011047,0.056488037109375,0.04150390625
0,0.6311281323432922,0.9973785877227783,0.9897909760475159,0.7858988444010416,0.943359375
0,0.07728622853755951,0.9108630418777466,0.6670392155647278,0.092681884765625,0.0
0,0.009463116526603699,0.9912885427474976,0.1720285415649414,0.006785074869791667,0.0
0,0.006021700333803892,0.4720749855041504,0.07821886986494064,0.0008544921875,0.0
0,0.004512461367994547,0.46235164999961853,0.04023794084787369,0.00018310546875,0.0
0,0.004833875223994255,0.37410444021224976,0.07343005388975143,7.120768229166667e-05,0.0
0,0.030317043885588646,0.9750598073005676,0.7661082744598389,0.031107584635416668,0.0
0,0.004604758229106665,0.9596865773200989,0.054098695516586304,0.0025634765625,0.0
0,0.04061690717935562,0.9716179370880127,0.9005245566368103,0.037017822265625,0.026031494140625
0,0.039835333824157715,0.9244152307510376,0.6721165776252747,0.040730794270833336,0.0
0,0.11782900243997574,0.9716717004776001,0.9212159514427185,0.14586385091145834,0.11725870768229167
0,0.00877662468701601,0.7023259401321411,0.1204388216137886,0.0018717447916666667,0.0
0,0.02918764390051365,0.9881309270858765,0.8033281564712524,0.028666178385416668,0.0
0,0.10843157768249512,0.993854820728302,0.9367460012435913,0.114105224609375,0.023681640625
0,0.02453230880200863,0.9758085012435913,0.6356613636016846,0.019063313802083332,0.0
0,0.008997001685202122,0.9943360686302185,0.0600767508149147,0.006927490234375,0.0
0,0.08142509311437607,0.9980732202529907,0.9810197353363037,0.088897705078125,0.07673136393229167
0,0.0008268239907920361,0.2802222669124603,0.014281933195888996,1.0586043360433604e-05,0.0
0,0.04180864617228508,0.9930693507194519,0.920781135559082,0.04376220703125,0.0
0,0.032174669206142426,0.9972099661827087,0.938010573387146,0.033121744791666664,0.020701090494791668
0,0.05804065242409706,0.9824904799461365,0.8665847778320312,0.07709757486979167,0.050821940104166664
0,0.07062583416700363,0.9433475732803345,0.7324004769325256,0.08965047200520833,0.0
0,0.0070962440222501755,0.19713516533374786,0.0819595456123352,0.0,0.0
0,0.0007794692064635456,0.45577386021614075,0.014897926710546017,0.00019327799479166666,0.0
0,0.003803629195317626,0.1653234213590622,0.03911944851279259,0.0,0.0
0,0.014345073141157627,0.8944211602210999,0.2900720536708832,0.011057535807291666,0.0
0,0.03782864660024643,0.9822195768356323,0.9177460074424744,0.032012939453125,0.022613525390625
0,0.14036902785301208,0.9929881691932678,0.9637799859046936,0.16972472201905853,0.13310755662967322
0,0.3962465822696686,0.9963500499725342,0.9736947417259216,0.5892148148148149,0.6711203703703704
0,0.2292977124452591,0.995354413986206,0.9852146506309509,0.2594714714714715,0.20469069069069068
0,0.03436581790447235,0.9926826357841492,0.8912444114685059,0.0328369140625,0.0
0,0.15060585737228394,0.9935867786407471,0.8822271227836609,0.19428747534516766,0.0
0,0.12734486162662506,0.9943581223487854,0.9442797303199768,0.1446474358974359,0.054233234714003944
0,0.07104770094156265,0.9839708209037781,0.7847334146499634,0.10265734265734265,0.08251748251748252
0,0.03395050764083862,0.9317114353179932,0.6861608624458313,0.04424825174825175,0.0
0,0.01029989030212164,0.8411743640899658,0.3860699534416199,0.011888111888111888,0.0
0,0.0004954580217599869,0.2590751051902771,0.0043653263710439205,0.0,0.0
0,0.0064017013646662235,0.9874721169471741,0.09825223684310913,0.005491276400367309,0.0
0,0.006188939791172743,0.960878312587738,0.11182181537151337,0.004286235852500913,0.0
0,0.11006046086549759,0.9922143816947937,0.7030400037765503,0.1786554928037894,0.16893423210056477
0,0.02509097196161747,0.9333093762397766,0.5277737975120544,0.02563404748118124,0.0
0,0.3803454339504242,0.9984021782875061,0.8757880330085754,0.5768458333333333,0.543025
0,0.06846940517425537,0.9925682544708252,0.9260365962982178,0.06506185828828502,0.04021332946341109
0,0.038628026843070984,0.9769787192344666,0.5393775105476379,0.046762023217247095,0.0
0,0.05987706780433655,0.891999363899231,0.6425446271896362,0.08118159203980099,0.0
0,0.017703328281641006,0.9927109479904175,0.5214254856109619,0.019216417910447762,0.0
0,0.0224319975823164,0.9990600943565369,0.6831035614013672,0.024792703150912105,0.0
0,0.19611547887325287,0.9764904975891113,0.8124212622642517,0.35064262023217246,0.3693076285240464
0,0.06144994497299194,0.9494823217391968,0.7764534950256348,0.0767620232172471,0.06728855721393034
0,0.010326667688786983,0.9974290728569031,0.26036691665649414,0.009775797526041666,0.0
0,0.0406147725880146,0.9778411984443665,0.6986287236213684,0.038686116536458336,0.0
0,0.006959869991987944,0.9581479430198669,0.08021325618028641,0.0025634765625,0.0
0,0.03455406799912453,0.9725192785263062,0.6017053723335266,0.028828938802083332,0.0
0,0.0038516742642968893,0.7178038358688354,0.050327833741903305,0.0021158854166666665,0.0
0,0.060091689229011536,0.9908389449119568,0.8466930389404297,0.058034261067708336,0.0
0,0.0013812583638355136,0.9084556102752686,0.008677716366946697,0.0011494954427083333,0.0
0,0.39325717091560364,0.999189555644989,0.9903663396835327,0.4474589029947917,0.4497578938802083
0,0.003842327743768692,0.9521309733390808,0.06382811069488525,0.0034077962239583335,0.0
0,0.07150129228830338,0.9858275651931763,0.9280144572257996,0.086456298828125,0.0
0,0.027378419414162636,0.9866748452186584,0.8765255808830261,0.034403483072916664,0.0240478515625
0,0.0007316755945794284,0.8024007678031921,0.004347875248640776,0.000732421875,0.0
0,0.00475072069093585,0.5967268943786621,0.09584593772888184,0.0016072591145833333,0.0
0,0.004656247328966856,0.7167145609855652,0.09056965261697769,0.001129150390625,0.0
0,0.0020324052311480045,0.15817435085773468,0.03448658064007759,0.0,0.0
0,0.21173124015331268,0.9908389449119568,0.9386884570121765,0.2706400553385417,0.22056070963541666
0,0.13812465965747833,0.9625324606895447,0.9010533690452576,0.205230712890625,0.16447957356770834
0,0.04312075302004814,0.986415684223175,0.889720618724823,0.053395589192708336,0.0
0,0.06939695030450821,0.9894702434539795,0.8570517301559448,0.07539876302083333,0.0
0,0.21309001743793488,0.9575167298316956,0.9155072569847107,0.284393310546875,0.22173055013020834
0,0.036474596709012985,0.9760836362838745,0.6710395812988281,0.033823649088541664,0.0
0,0.04533414915204048,0.9960391521453857,0.9724132418632507,0.052785237630208336,0.032084147135416664
0,0.054205745458602905,0.9248236417770386,0.6917909979820251,0.057607014973958336,0.0
0,0.04166967794299126,0.9986329674720764,0.9878996014595032,0.040822347005208336,0.023488362630208332
0,0.04800279438495636,0.995718777179718,0.872017502784729,0.051167805989583336,0.0111083984375
0,0.001896136556752026,0.4265604317188263,0.02914431504905224,0.0001220703125,0.0
0,0.10934246331453323,0.9854404330253601,0.898944079875946,0.13996378580729166,0.037190755208333336
0,0.041837144643068314,0.9919067621231079,0.766643226146698,0.0416259765625,0.0
0,0.10896461457014084,0.9792352318763733,0.898226797580719,0.113800048828125,0.072540283203125
0,0.06731755286455154,0.6905590891838074,0.5863452553749084,0.12010701497395833,0.0
0,0.03777044266462326,0.9181873202323914,0.7298058271408081,0.048960367838541664,0.0
0,0.023676322773098946,0.9909797310829163,0.5365557670593262,0.016062418619791668,0.0
0,0.0029353899881243706,0.5652387738227844,0.0326513797044754,0.002105712890625,0.0
0,0.0007735360413789749,0.3647775650024414,0.006850480102002621,0.0006917317708333334,0.0
0,0.02051261067390442,0.9966756105422974,0.38432735204696655,0.014444986979166666,0.0
0,0.00938881654292345,0.8030194044113159,0.1961955577135086,0.006734212239583333,0.0
0,0.06532928347587585,0.9967523813247681,0.9816655516624451,0.07764689127604167,0.042572021484375
0,0.10358470678329468,0.9875203371047974,0.9410068988800049,0.12322998046875,0.11517333984375
0,0.016289018094539642,0.655887246131897,0.20164652168750763,0.005208333333333333,0.0
0,0.025783201679587364,0.9442797303199768,0.6744762659072876,0.034759521484375,0.0
0,0.08317569643259048,0.9941800832748413,0.9734434485435486,0.09742228190104167,0.075775146484375
0,0.029567865654826164,0.9964203834533691,0.9252299070358276,0.035512288411458336,0.0
0,0.004505387041717768,0.7675155997276306,0.0643000528216362,0.0010986328125,0.0
0,0.0021257204934954643,0.13072869181632996,0.031084951013326645,0.0,0.0
0,0.3818887174129486,0.9969485402107239,0.991936981678009,0.450531005859375,0.43896484375
0,0.010860036127269268,0.9969485402107239,0.22213788330554962,0.009613037109375,0.0
0,0.0270279198884964,0.9672250151634216,0.7496374249458313,0.036977132161458336,0.023274739583333332
0,0.007346707861870527,0.4187563359737396,0.08678209036588669,0.0002848307291666667,0.0
0,0.0030268048867583275,0.336985319852829,0.03390604257583618,3.0517578125e-05,0.0
0,0.008285406045615673,0.5070376396179199,0.08006927371025085,0.000762939453125,0.0
0,0.0031457748264074326,0.40268567204475403,0.053799647837877274,0.00016276041666666666,0.0
0,0.0010952153243124485,0.0593191459774971,0.0060975621454417706,0.0,0.0
0,0.05165335536003113,0.9909797310829163,0.8770530819892883,0.058054606119791664,0.0
0,0.0077402181923389435,0.8269913792610168,0.07356305420398712,0.0013834635416666667,0.0
0,0.022901618853211403,0.9599125981330872,0.5131317973136902,0.019266764322916668,0.0
0,0.04010811448097229,0.9824904799461365,0.858244001865387,0.054514567057291664,0.046549479166666664
0,0.0011923247948288918,0.24346251785755157,0.01890436001121998,0.0,0.0
0,0.0024376006331294775,0.5799357891082764,0.04232459142804146,0.002532958984375,0.0
0,0.009445457719266415,0.9939963817596436,0.10539455711841583,0.007110595703125,0.0
0,0.010678264312446117,0.8293538093566895,0.18593834340572357,0.00567626953125,0.0
0,0.010915650986135006,0.9942697286605835,0.36663857102394104,0.011118570963541666,0.0
0,0.0009995390428230166,0.053009770810604095,0.014842418022453785,0.0,0.0
0,0.0025579510256648064,0.6759784817695618,0.04038679972290993,0.0006917317708333334,0.0
0,0.002476481255143881,0.26894140243530273,0.03474962338805199,0.0,0.0
0,0.0586022324860096,0.9966102242469788,0.950131356716156,0.06712849934895833,0.0
0,0.0015766111901029944,0.1261378973722458,0.028596732765436172,0.0,0.0
0,0.0006811728235334158,0.0762699767947197,0.00806199200451374,0.0,0.0
0,0.0043563079088926315,0.9355823397636414,0.08239265531301498,0.004811604817708333,0.0
0,0.1352124661207199,0.9818405508995056,0.9084556102752686,0.18304443359375,0.0849609375
0,0.00037578772753477097,0.06371499598026276,0.004382336512207985,0.0,0.0
0,0.043744221329689026,0.948441743850708,0.6871053576469421,0.05206298828125,0.0
0,0.21009528636932373,0.9930423498153687,0.9822195768356323,0.2517496744791667,0.24416097005208334
0,0.011548899114131927,0.7444706559181213,0.13329897820949554,0.0028177897135416665,0.0
0,0.006001923233270645,0.7967672944068909,0.19177229702472687,0.007344563802083333,0.0
0,0.07773500680923462,0.9542226791381836,0.7583316564559937,0.11365763346354167,0.060953776041666664
0,0.027463393285870552,0.8759993314743042,0.47977694869041443,0.043131510416666664,0.0
0,0.005769867449998856,0.9644556045532227,0.06954174488782883,0.0032145182291666665,0.0
0,0.0033754378091543913,0.8040984272956848,0.057068247348070145,0.0012003580729166667,0.0
0,0.0026077202055603266,0.3501991331577301,0.029535338282585144,0.0003255208333333333,0.0
0,0.01556356716901064,0.9879926443099976,0.22608403861522675,0.0086669921875,0.0
0,0.05373239517211914,0.9492946267127991,0.7754347920417786,0.07018025716145833,0.034261067708333336
0,0.2039433717727661,0.9899476170539856,0.967348575592041,0.22676595052083334,0.17915852864583334
0,0.08331593126058578,0.9846936464309692,0.801314651966095,0.09693400065104167,0.0
0,0.0030761193484067917,0.32220596075057983,0.047688622027635574,0.00011189778645833333,0.0
0,0.08483460545539856,0.9832144975662231,0.854884684085846,0.09747314453125,0.0
0,0.0781216248869896,0.9963500499725342,0.9828232526779175,0.08514404296875,0.07664998372395833
0,0.03666025772690773,0.9388007521629333,0.5927166938781738,0.036407470703125,0.0
0,0.022478589788079262,0.9817007184028625,0.7226160764694214,0.02764892578125,0.0
0,0.0006272901664488018,0.022457052022218704,0.004627530463039875,0.0,0.0
0,0.04706542193889618,0.8731066584587097,0.4963282644748688,0.06450398763020833,0.0
0,0.06659789383411407,0.9675945043563843,0.8504685759544373,0.069580078125,0.0
0,0.004328202456235886,0.9425067901611328,0.08479086309671402,0.003875732421875,0.0
0,0.0045721703208982944,0.8931231498718262,0.06620240211486816,0.0034077962239583335,0.0
0,0.011565892957150936,0.896975576877594,0.12972652912139893,0.00439453125,0.0
0,0.0048069823533296585,0.2756168842315674,0.058560825884342194,4.0690104166666664e-05,0.0
0,0.0005827680579386652,0.04153997078537941,0.007317397277802229,0.0,0.0
0,0.0017195778200402856,0.4463740289211273,0.027690259739756584,0.0002848307291666667,0.0
0,0.0028600904624909163,0.32734569907188416,0.0484059602022171,0.00010172526041666667,0.0
0,0.0075751678086817265,0.7951813340187073,0.09072583168745041,0.00311279296875,0.0
0,0.007145654410123825,0.6152034401893616,0.12602706253528595,0.0014546712239583333,0.0
0,0.5474595427513123,0.9986383318901062,0.9971216320991516,0.597076416015625,0.5345255533854166
0,0.02452264167368412,0.968678891658783,0.6663849353790283,0.027679443359375,0.0
0,0.21714074909687042,0.9925393462181091,0.9813822507858276,0.2560526529947917,0.23041788736979166
0,0.3012607991695404,0.9975939393043518,0.9884459972381592,0.3385518391927083,0.3450826009114583
0,0.012486842460930347,0.9944234490394592,0.34211862087249756,0.011708577473958334,0.0
0,0.09474363178014755,0.9964756369590759,0.957277774810791,0.10933430989583333,0.030029296875
0,0.04011057689785957,0.9908744096755981,0.851069986820221,0.039316813151041664,0.0
0,0.015373324044048786,0.9780097603797913,0.2503625452518463,0.007853190104166666,0.0
0,0.8183148503303528,0.9968884587287903,0.9890975952148438,0.9334818522135416,1.0
0,0.26048561930656433,0.9867261648178101,0.960212230682373,0.32891845703125,0.2803955078125
0,0.1034051701426506,0.9940428137779236,0.9670388102531433,0.11506144205729167,0.049468994140625
0,0.4433937966823578,0.9977568984031677,0.9912208914756775,0.5171305338541666,0.613677978515625
0,0.03468381240963936,0.9952816367149353,0.9608027338981628,0.038991292317708336,0.0
0,0.021053234115242958,0.9945730566978455,0.6825578808784485,0.017781575520833332,0.0
0,0.03305957466363907,0.9899086952209473,0.6673611998558044,0.039306640625,0.0
0,0.013819404877722263,0.9726754426956177,0.21949973702430725,0.007232666015625,0.0
0,0.225195050239563,0.9956685304641724,0.9869794845581055,0.29083251953125,0.3421630859375
0,0.12548932433128357,0.9930961728096008,0.952397346496582,0.14349365234375,0.151519775390625
0,0.019398197531700134,0.9317114353179932,0.5435875058174133,0.021728515625,0.0
0,0.009343205019831657,0.9715099930763245,0.16720643639564514,0.008799235026041666,0.0
0,0.03764490410685539,0.9979652166366577,0.9610249400138855,0.037322998046875,0.025685628255208332
0,0.0026771211996674538,0.7657685875892639,0.034944720566272736,0.0007120768229166666,0.0
0,0.041585057973861694,0.9764007329940796,0.8725647330284119,0.045176188151041664,0.0
0,0.015483811497688293,0.6908720135688782,0.23352627456188202,0.007985432942708334,0.0
0,0.2323817014694214,0.9993333220481873,0.9941118359565735,0.2960205078125,0.24189249674479166
0,0.1396799087524414,0.9828232526779175,0.9359345436096191,0.1805419921875,0.089874267578125
0,0.04884093999862671,0.9613164663314819,0.8653379082679749,0.061197916666666664,0.050252278645833336
0,0.07242169231176376,0.9643886089324951,0.907312273979187,0.08714803059895833,0.048258463541666664
0,0.2704751789569855,0.9965837001800537,0.9735944867134094,0.3533426920572917,0.3304341634114583
0,0.2723950445652008,0.9852146506309509,0.9535353183746338,0.3494059244791667,0.3332417805989583
0,0.028852149844169617,0.925499677658081,0.5862807035446167,0.039744059244791664,0.0
0,0.05710768699645996,0.9942474365234375,0.9610249400138855,0.050221761067708336,0.025217692057291668
0,0.020151589065790176,0.8525676131248474,0.23004856705665588,0.007120768229166667,0.0
0,0.027723150327801704,0.9798612594604492,0.37546029686927795,0.015889485677083332,0.0
0,0.10596839338541031,0.9937829375267029,0.9720985889434814,0.12825520833333334,0.09824625651041667
0,0.3045809268951416,0.9752489924430847,0.9549844264984131,0.4008585611979167,0.405487060546875
0,0.0893063023686409,0.9775429368019104,0.945698082447052,0.09635416666666667,0.09269205729166667
0,0.2931021749973297,0.9867772459983826,0.9536218643188477,0.4314066569010417,0.47369384765625
0,0.18555891513824463,0.9989266991615295,0.9872773289680481,0.20942179361979166,0.15602620442708334
0,0.10702138394117355,0.9526622891426086,0.7754347920417786,0.15318806966145834,0.08076985677083333
0,0.10901010036468506,0.9659639000892639,0.8562121987342834,0.151885986328125,0.15721638997395834
0,0.009464271366596222,0.35064372420310974,0.09417666494846344,0.00017293294270833334,0.0
0,0.0649406835436821,0.9760379791259766,0.8873940706253052,0.07390340169270833,0.0
0,0.04003509134054184,0.8929365277290344,0.44724902510643005,0.05499267578125,0.0
0,0.03043295443058014,0.8741846680641174,0.4184485375881195,0.021280924479166668,0.0
0,0.14087851345539093,0.8713654279708862,0.7823300957679749,0.22408040364583334,0.21649169921875
0,0.009979031048715115,0.6552256941795349,0.10762491822242737,0.00103759765625,0.0
0,0.004088045097887516,0.37834426760673523,0.05079945921897888,3.0517578125e-05,0.0
0,0.001322106458246708,0.3744474947452545,0.024190101772546768,0.0004170735677083333,0.0
0,0.01702592335641384,0.9763556718826294,0.580400824546814,0.018564860026041668,0.0
0,0.00035170713090337813,0.03240552172064781,0.005426943302154541,0.0,0.0
0,0.0009105883655138314,0.15431228280067444,0.010611421428620815,0.0,0.0
0,0.0019116220064461231,0.5907201766967773,0.02442169561982155,0.0004984537760416666,0.0
0,0.033740218728780746,0.9717789888381958,0.7627776861190796,0.041910807291666664,0.0
0,0.03771216422319412,0.9917484521865845,0.8796614408493042,0.038859049479166664,0.0
0,0.007148934993892908,0.9354645609855652,0.11104248464107513,0.006612141927083333,0.0
0,0.06217651441693306,0.9962051510810852,0.9857181310653687,0.06612141927083333,0.060557047526041664
0,0.0022322048898786306,0.14069005846977234,0.026607107371091843,0.0,0.0
0,0.01582374982535839,0.937325656414032,0.3381732702255249,0.0115966796875,0.0
0,0.006603260990232229,0.6614856719970703,0.09842021763324738,0.0026652018229166665,0.0
0,0.11315304040908813,0.9895108342170715,0.9214990139007568,0.14390055338541666,0.087432861328125
0,0.14106865227222443,0.9774571061134338,0.9564718008041382,0.15976969401041666,0.13470458984375
0,0.04284384846687317,0.9917484521865845,0.9305806756019592,0.049123128255208336,0.0
0,0.065862737596035,0.9969245791435242,0.9714558720588684,0.055898030598958336,0.034098307291666664
0,0.04808240756392479,0.9869794845581055,0.9164093732833862,0.059834798177083336,0.0
0,0.06134217604994774,0.9963500499725342,0.9421819448471069,0.07352701822916667,0.012603759765625
0,0.17497055232524872,0.9959771037101746,0.9708540439605713,0.216522216796875,0.23241170247395834
0,0.0734955444931984,0.9906237721443176,0.7470627427101135,0.10096232096354167,0.0
0,0.2227652668952942,0.9959771037101746,0.9385759830474854,0.30340576171875,0.3565877278645833
0,0.004417613614350557,0.4383944571018219,0.05748378112912178,0.000579833984375,0.0
0,0.11928554624319077,0.9903290271759033,0.9558990597724915,0.15065511067708334,0.12993367513020834
0,0.13515137135982513,0.9958174824714661,0.9798997044563293,0.15901692708333334,0.08873494466145833
0,0.15109239518642426,0.9984632730484009,0.9519526958465576,0.220123291015625,0.15912882486979166
0,0.04873095080256462,0.9805060625076294,0.7839785218238831,0.050933837890625,0.0
0,0.1552029401063919,0.9894295334815979,0.953880250453949,0.20497639973958334,0.15478515625
0,0.0774301216006279,0.958615243434906,0.7869504690170288,0.1063232421875,0.0
0,0.07149165868759155,0.9789956212043762,0.9091032147407532,0.09096272786458333,0.038553873697916664
0,0.002099580829963088,0.32241931557655334,0.03271312266588211,6.103515625e-05,0.0
0,0.04381958022713661,0.9440738558769226,0.7683857679367065,0.050313313802083336,0.0
0,0.12512223422527313,0.9890975952148438,0.9336731433868408,0.15313720703125,0.033782958984375
0,0.12373582273721695,0.952397346496582,0.8574066758155823,0.17403157552083334,0.15633138020833334
0,0.01569587178528309,0.9842154383659363,0.5420300364494324,0.014963785807291666,0.0
0,0.002879208652302623,0.10800064355134964,0.03327205777168274,0.0,0.0
0,0.018365656957030296,0.6180315017700195,0.4253629446029663,0.023915608723958332,0.0
0,0.01440433133393526,0.9753431081771851,0.15946336090564728,0.008626302083333334,0.0
0,0.0009991958504542708,0.17709815502166748,0.021864555776119232,0.0,0.0
0,0.0018860301934182644,0.6069644689559937,0.020527787506580353,0.0004984537760416666,0.0
0,0.23993396759033203,0.9828891754150391,0.9216402173042297,0.3245442708333333,0.3037923177083333
0,0.20466585457324982,0.983020007610321,0.9494823217391968,0.2617899576822917,0.19843546549479166
0,0.02978973090648651,0.6760855317115784,0.5255053043365479,0.0465087890625,0.0
0,0.06527773290872574,0.9777987599372864,0.8852292895317078,0.07527669270833333,0.0
0,0.007272007409483194,0.43518126010894775,0.08977328985929489,0.0012003580729166667,0.0
0,0.015052101574838161,0.38972073793411255,0.26416850090026855,0.009073893229166666,0.0
0,0.086005799472332,0.7145284414291382,0.6526842713356018,0.12132771809895833,0.0
0,0.1172783374786377,0.8649961352348328,0.7671669721603394,0.18751017252604166,0.19635009765625
0,0.03750164806842804,0.8005360960960388,0.5368556380271912,0.037251790364583336,0.0
0,0.07466091960668564,0.9975939393043518,0.9525741338729858,0.084228515625,0.04638671875
0,0.0353277325630188,0.860720694065094,0.7470627427101135,0.052958170572916664,0.0
0,0.07396452873945236,0.9942250847816467,0.9155027270317078,0.08531697591145833,0.061330159505208336
0,0.04120255634188652,0.8051729798316956,0.5840879678726196,0.033905029296875,0.0
0,0.2421739101409912,0.992452085018158,0.9708523750305176,0.3074239095052083,0.17589314778645834
0,0.015757789835333824,0.9682613611221313,0.15752136707305908,0.007334391276041667,0.0
0,0.0009948257356882095,0.0511774942278862,0.012147169560194016,0.0,0.0
0,0.3167683184146881,0.9910492897033691,0.9592307209968567,0.4325663248697917,0.5044657389322916
0,0.16348907351493835,0.9878528118133545,0.9593048095703125,0.214019775390625,0.16016642252604166
0,0.008310007862746716,0.9852713346481323,0.10034312307834625,0.0072021484375,0.0
0,0.7505728602409363,0.9793145656585693,0.96518474817276,0.9177042643229166,1.0
0,0.018720543012022972,0.8230441212654114,0.3839860260486603,0.017333984375,0.0
0,0.012043602764606476,0.35353976488113403,0.07906799018383026,0.00013224283854166666,0.0
0,0.81341153383255,0.9956176280975342,0.9897909760475159,0.918853759765625,0.9853108723958334
0,0.5880537629127502,0.986151397228241,0.9681411385536194,0.749908447265625,0.8512776692708334
0,0.0011062766425311565,0.04778006672859192,0.00524044968187809,0.0,0.0
0,0.2058945745229721,0.911337673664093,0.8106288909912109,0.2736714680989583,0.17524210611979166
0,0.00027923076413571835,0.07436570525169373,0.0029464049730449915,0.0,0.0
0,0.005534389987587929,0.5155284404754639,0.10780700296163559,0.0016886393229166667,0.0
0,0.9314165115356445,0.998848557472229,0.9978510141372681,0.9793904622395834,1.0
0,0.0031357284169644117,0.17064617574214935,0.03210070729255676,0.0,0.0
0,0.07573899626731873,0.956063449382782,0.8695972561836243,0.087371826171875,0.0496826171875
0,0.09472634643316269,0.9701269268989563,0.9000037312507629,0.10777791341145833,0.025227864583333332
0,0.02648325450718403,0.8424747586250305,0.35263746976852417,0.019460042317708332,0.0
0,0.5354159474372864,0.9934101700782776,0.9798612594604492,0.6561279296875,0.7806498209635416
0,0.009748236276209354,0.2146914005279541,0.0792103260755539,0.0,0.0
0,0.09238903969526291,0.9833430051803589,0.8762113451957703,0.10008533333333333,0.015973333333333332
0,0.24214833974838257,0.9992145299911499,0.9902915358543396,0.36715733333333334,0.08294933333333333
0,0.2205260545015335,0.9300782084465027,0.8303191661834717,0.32079679144385026,0.24983422459893048
0,0.12608446180820465,0.9933330416679382,0.8785228729248047,0.156432,0.015733333333333332
0,0.00961230881512165,0.5697329640388489,0.12326005846261978,0.0018453333333333334,0.0
0,0.14373303949832916,0.9568765759468079,0.8946073055267334,0.19292021276595744,0.1318031914893617
0,0.012208355590701103,0.9567152261734009,0.12885473668575287,0.002130434782608696,0.0
0,0.014492358081042767,0.9568765759468079,0.44697654247283936,0.016825358072916668,0.0
0,0.22278988361358643,0.9799382090568542,0.9540492296218872,0.2888692220052083,0.2910563151041667
0,0.00501016853377223,0.8838388919830322,0.06656918674707413,0.0018208821614583333,0.0
0,0.002809635130688548,0.10356715321540833,0.025565214455127716,0.0,0.0
0,0.016095692291855812,0.9026095867156982,0.20752613246440887,0.007598876953125,0.0
