label,prob_mean,prob_max,prob_p99,unet_area,mrf_area
1,0.025850078091025352,0.9981030225753784,0.9675332307815552,0.022898356119791668,0.0
1,0.24179710447788239,0.9975939393043518,0.9936116337776184,0.2591898148148148,0.16381944444444443
1,0.0006426889449357986,0.037256766110658646,0.006718089804053307,0.0,0.0
1,0.16196049749851227,0.9996849298477173,0.9986114501953125,0.17008463541666666,0.17079671223958334
1,0.0002615073462948203,0.02132808230817318,0.002415483118966222,0.0,0.0
1,0.26169443130493164,0.9998133778572083,0.9962638020515442,0.31652669270833333,0.4074837239583333
1,0.07140935212373734,0.9851576089859009,0.9589241147041321,0.07677205403645833,0.0
1,0.02054458297789097,0.9990563988685608,0.9920312166213989,0.018513997395833332,0.0
1,0.02912694215774536,0.9999605417251587,0.7570784687995911,0.030166015625,0.0
1,0.3556245267391205,0.9999008178710938,0.9975656270980835,0.4253133138020833,0.5215250651041666
1,0.0810665562748909,0.9998044371604919,0.9976032376289368,0.08636474609375,0.034962972005208336
1,0.0856952890753746,0.9990960359573364,0.9877610802650452,0.09029043626200024,0.05699355936322761
1,0.18181879818439484,0.9988927245140076,0.9971327781677246,0.18669637044270834,0.18400065104166666
1,0.2926139831542969,0.9996874332427979,0.9988120794296265,0.333831787109375,0.4036763509114583
1,0.009693978354334831,0.9996594190597534,0.1497836858034134,0.009798177083333333,0.008069661458333334
1,0.0883120596408844,0.998816728591919,0.9906600117683411,0.09122721354166667,0.062174479166666664
1,0.03775353357195854,0.9960851669311523,0.9489172697067261,0.036407470703125,0.0
1,0.047090012580156326,0.9999076128005981,0.9982247948646545,0.04608154296875,0.047597249348958336
1,0.05991904065012932,0.9999651908874512,0.9492889642715454,0.06769816080729167,0.0
1,0.010521684773266315,0.9942025542259216,0.38324305415153503,0.01204722383066332,0.0
1,0.04625697433948517,0.9997346997261047,0.9973165392875671,0.045318603515625,0.031809488932291664
1,0.053579505532979965,0.9997884631156921,0.9984021782875061,0.0531005859375,0.032307942708333336
1,0.02535983733832836,0.9997283816337585,0.9978843927383423,0.02542703150912106,0.02153814262023217
1,0.02523641288280487,0.9997603297233582,0.9966495633125305,0.02508544921875,0.023173014322916668
1,0.011976495385169983,0.999966025352478,0.35767972469329834,0.011904296875,0.0
1,0.025256521999835968,0.9983707070350647,0.9878058433532715,0.025034586588541668,0.0
1,0.0427716039121151,0.9802431464195251,0.7764382362365723,0.042765299479166664,0.0
1,0.018592458218336105,0.9997603297233582,0.9963924288749695,0.019012451171875,0.0
1,0.18769125640392303,0.9993255138397217,0.9981467723846436,0.18992106119791666,0.19025675455729166
1,0.0006394852534867823,0.8747207522392273,0.003429603995755315,0.0004763719512195122,0.0
1,0.31544455885887146,0.9999417066574097,0.9966360926628113,0.3700663248697917,0.36016845703125
1,0.33840006589889526,0.9994493126869202,0.9979332685470581,0.41159304645198064,0.42408093473924197
1,0.034051600843667984,0.9981968998908997,0.9866234660148621,0.035329182942708336,0.033620198567708336
1,0.3588615357875824,0.9985221028327942,0.9961456060409546,0.4032491048177083,0.3673909505208333
1,0.05284861847758293,0.9999083280563354,0.9978594183921814,0.052622477213541664,0.023457845052083332
1,0.043513741344213486,0.9996485710144043,0.9973580241203308,0.04498291015625,0.051900227864583336
1,0.01839384436607361,0.9933589100837708,0.15572062134742737,0.005461333333333334,0.0
1,0.011698155663907528,0.9999747276306152,0.27356621623039246,0.010009765625,0.0
1,0.08522749692201614,0.9991958737373352,0.9969005584716797,0.08869425455729167,0.07499186197916667
1,0.03082204796373844,0.9995399713516235,0.9600626826286316,0.037068684895833336,0.0
1,0.5454074740409851,0.9997677206993103,0.9979251623153687,0.5607808430989584,0.58343505859375
1,0.03506322577595711,0.9990490078926086,0.9916841983795166,0.034627278645833336,0.026112874348958332
1,0.013222325593233109,0.9997867941856384,0.9434330463409424,0.013448079427083334,0.0
1,0.011290988884866238,0.9998977184295654,0.9626872539520264,0.010915120442708334,0.0
1,0.012514133006334305,0.9993358254432678,0.953702986240387,0.0115966796875,0.0
1,0.089828260242939,0.9991204142570496,0.9927109479904175,0.09697469075520833,0.0
1,0.23481065034866333,0.9927672147750854,0.9571177959442139,0.30334344309647604,0.0
1,0.07342613488435745,0.9995469450950623,0.9967523813247681,0.07554117838541667,0.07713826497395833
1,0.5669388175010681,0.9990302324295044,0.9966756105422974,0.5862223307291666,0.590240478515625
1,0.07641924172639847,0.9994683861732483,0.9972744584083557,0.07850138346354167,0.07460530598958333
1,0.11521630734205246,0.9997884631156921,0.9976310729980469,0.1332053567347685,0.05965080670963024
1,0.2358730435371399,0.9979089498519897,0.9937100410461426,0.2933247884114583,0.3369344075520833
1,0.030863232910633087,0.9993880987167358,0.9976310729980469,0.031463623046875,0.027130126953125
1,0.14152880012989044,0.9997240900993347,0.9967142343521118,0.13942464192708334,0.15122477213541666
1,0.10008513182401657,0.9995923638343811,0.9972207546234131,0.10406494140625,0.07066853841145833
1,0.07932629436254501,0.9997901320457458,0.9909096360206604,0.09025065104166667,0.0919189453125
1,0.01975606568157673,0.9988259673118591,0.9924511909484863,0.018961588541666668,0.0
1,0.11732559651136398,0.9995694756507874,0.9974787831306458,0.12138875325520833,0.11919148763020833
1,0.05868624523282051,0.9995660185813904,0.9923915863037109,0.06483968098958333,0.0
1,0.22244605422019958,0.9935867786407471,0.972727358341217,0.27452029888660917,0.1796038350601299
1,0.043935585767030716,0.9993013143539429,0.9599877595901489,0.050994873046875,0.0
1,0.1899828165769577,0.9988927245140076,0.9970073103904724,0.19720458984375,0.19622802734375
1,0.0418599434196949,0.9992985725402832,0.9824884533882141,0.042551676432291664,0.0
1,0.21962393820285797,0.9977568984031677,0.9895513653755188,0.23314299424184262,0.22986084452975047
1,0.015428348444402218,0.9780936241149902,0.7601062059402466,0.018056233723958332,0.0
1,0.02645658515393734,0.9998859167098999,0.9964756369590759,0.026082356770833332,0.0
1,0.02957497350871563,0.9995728135108948,0.9958816766738892,0.027852376302083332,0.0
1,0.020747579634189606,0.9742394685745239,0.8261345624923706,0.022572835286458332,0.0
1,0.11637243628501892,0.9994826316833496,0.9977216124534607,0.11714680989583333,0.11259969075520833
1,0.08215583115816116,0.9982522130012512,0.994594156742096,0.08985392252604167,0.081024169921875
1,0.004414383787661791,0.9977916479110718,0.004133968148380518,0.004274088541666667,0.0
1,0.06884094327688217,0.9994663596153259,0.9834704995155334,0.06455485026041667,0.0
1,0.07818946242332458,0.9909797310829163,0.9518632292747498,0.09151204427083333,0.0
1,0.3122141361236572,0.9995434880256653,0.9971103668212891,0.34454345703125,0.3480021158854167
1,0.19475308060646057,0.9992734789848328,0.9967648983001709,0.21758138020833334,0.22694661458333334
1,0.4008270800113678,0.9929881691932678,0.9605836272239685,0.5015453452786167,0.5084993990323916
1,0.5241671204566956,0.9997884631156921,0.9987255334854126,0.6473795572916666,0.8051249186197916
1,0.02294083498418331,0.9991474151611328,0.9939956665039062,0.022989908854166668,0.0
1,0.05210201069712639,0.996249258518219,0.9735944867134094,0.055898030598958336,0.0
1,0.023348450660705566,0.9995778203010559,0.9950364232063293,0.024678548177083332,0.0
1,0.07222551852464676,0.9998390674591064,0.9982109069824219,0.07582600911458333,0.05340576171875
1,0.0066800289787352085,0.9999637603759766,0.014063626527786255,0.006663004557291667,0.0
1,0.05800361558794975,0.9998452663421631,0.998279333114624,0.057871500651041664,0.055033365885416664
1,0.028522424399852753,0.99988853931427,0.9981966614723206,0.029388427734375,0.0
1,0.24579943716526031,0.9995711445808411,0.9975751042366028,0.268341064453125,0.407867431640625
1,0.06704538315534592,0.9999090433120728,0.964651882648468,0.06797281901041667,0.0
1,0.07042119652032852,0.9984391331672668,0.9902538657188416,0.07599894205729167,0.08306884765625
1,0.11545688658952713,0.9993880987167358,0.9977390766143799,0.12767537434895834,0.12852986653645834
1,0.4888780117034912,0.9994705319404602,0.9972531199455261,0.5203786666666667,0.6690933333333333
1,0.2475011795759201,0.9941800832748413,0.9626730680465698,0.30914930555555553,0.12707465277777777
1,0.1424240618944168,0.9990490078926086,0.99703049659729,0.15033976236979166,0.14728800455729166
1,0.6094958186149597,0.9987840056419373,0.9944666028022766,0.667312,0.761424
1,0.06496579945087433,0.9995005130767822,0.9616780281066895,0.06696573893229167,0.0
1,0.07727266103029251,0.9994296431541443,0.9966103434562683,0.0825,0.021670833333333334
1,0.05228613317012787,0.9846346974372864,0.9076402187347412,0.06418863932291667,0.0255126953125
1,0.010867376811802387,0.9973374009132385,0.18081581592559814,0.006195068359375,0.0
1,0.006646765861660242,0.9890130758285522,0.08881555497646332,0.004933675130208333,0.0
1,0.05828617513179779,0.9988440275192261,0.99554842710495,0.057952880859375,0.053782145182291664
1,0.01178395189344883,0.9914224743843079,0.3883860111236572,0.011423410404624277,0.0
1,0.08362375944852829,0.9961903095245361,0.9875683188438416,0.08892822265625,0.06340535481770833
1,0.17390672862529755,0.9989266991615295,0.9894702434539795,0.2171630859375,0.0
1,0.03646029904484749,0.9866748452186584,0.9150528311729431,0.040765160910413004,0.0
1,0.018985193222761154,0.9999489784240723,0.9956516623497009,0.018412272135416668,0.0
1,0.03061002306640148,0.9997901320457458,0.9704086184501648,0.033803304036458336,0.0
1,0.020703265443444252,0.9991735816001892,0.9930953979492188,0.017578125,0.0
1,0.2735428512096405,0.996570348739624,0.9463988542556763,0.35554832175925927,0.0763647762345679
1,0.15284846723079681,0.9976859092712402,0.991355836391449,0.17064412434895834,0.17118326822916666
1,0.03333768621087074,0.9996259212493896,0.9905120730400085,0.03466796875,0.0
1,0.08455487340688705,0.9996553659439087,0.9973887801170349,0.09034452072209509,0.055663615560640735
1,0.057264525443315506,0.9996387958526611,0.9979089498519897,0.057749430338541664,0.063629150390625
1,0.03093716688454151,0.9994986057281494,0.9870296716690063,0.0350341796875,0.0
1,0.006479749921709299,0.9961004257202148,0.05098531395196915,0.006357828776041667,0.0
1,0.29569485783576965,0.999453604221344,0.9978677034378052,0.3250020345052083,0.349212646484375
1,0.010572872124612331,0.9651191234588623,0.2753157615661621,0.010121663411458334,0.0
1,0.10845374315977097,0.9970991611480713,0.9848692417144775,0.12095318532818533,0.09831322393822393
1,0.026770545169711113,0.9999955892562866,0.9985390305519104,0.025278727213541668,0.0
1,0.0461612232029438,0.9921537041664124,0.9704086184501648,0.05023193359375,0.0
1,0.035299595445394516,0.9995326995849609,0.99554842710495,0.033701578776041664,0.029744466145833332
1,0.01480980683118105,0.9537081718444824,0.4475499391555786,0.013946533203125,0.0
1,0.09792666882276535,0.9998190999031067,0.9983187913894653,0.10595703125,0.09470621744791667
1,0.033070240169763565,0.9995939135551453,0.9865701198577881,0.036122639973958336,0.023152669270833332
1,0.044597234576940536,0.9996923208236694,0.7906822562217712,0.0504150390625,0.0
1,0.010539166629314423,0.9988120794296265,0.07159119844436646,0.006266276041666667,0.0
1,0.2726512849330902,0.9995694756507874,0.9981104135513306,0.2776896158854167,0.2755940755208333
1,0.5187165141105652,0.9999184608459473,0.9977656602859497,0.549472810294728,0.5186107651861076
1,0.2916755676269531,0.9999196529388428,0.992452085018158,0.4174523160762943,0.0693006357856494
1,0.10268596559762955,0.999783456325531,0.9958980679512024,0.10978190104166667,0.11101277669270833
1,0.2831333875656128,0.9996140599250793,0.996321439743042,0.316253662109375,0.22086588541666666
1,0.048412542790174484,0.9998205304145813,0.9957848191261292,0.047271728515625,0.038716634114583336
1,0.1273011714220047,0.9991864562034607,0.9924813508987427,0.14350382486979166,0.12488810221354167
1,0.4804713726043701,0.9992533326148987,0.9964203834533691,0.5625406901041666,0.6911417643229166
1,0.0382041297852993,0.9997730851173401,0.9978001713752747,0.038848876953125,0.029927571614583332
1,0.26257550716400146,0.9987840056419373,0.9966625571250916,0.28607177734375,0.2733256022135417
1,0.33904334902763367,0.9977216124534607,0.9947595000267029,0.3879496256510417,0.421875
1,0.020406536757946014,0.9822876453399658,0.4229794442653656,0.016153971354166668,0.0
1,0.2316886931657791,0.999464213848114,0.9965435862541199,0.26025644938151044,0.2389043172200521
1,0.02047773264348507,0.9969603419303894,0.7704647779464722,0.014475504557291666,0.0
1,0.2509249150753021,0.9992266893386841,0.9976494908332825,0.261077880859375,0.2588399251302083
1,0.47193557024002075,0.9995608925819397,0.9985561966896057,0.49411764705882355,0.49438274144156497
1,0.4662919342517853,0.9995859265327454,0.9938070178031921,0.5495707194010416,0.6808369954427084
1,0.17713916301727295,0.9957518577575684,0.9833430051803589,0.21849568684895834,0.0
1,0.02412104792892933,0.999913215637207,0.9764878153800964,0.0213623046875,0.0
1,0.06684182584285736,0.9905142784118652,0.9691494703292847,0.08837890625,0.06795247395833333
1,0.2112710028886795,0.9984691739082336,0.9955834746360779,0.22255452473958334,0.23016357421875
1,0.05526205524802208,0.9994340538978577,0.9958174824714661,0.058848063151041664,0.061187744140625
1,0.3283253610134125,0.999484658241272,0.9980199337005615,0.3682657877604167,0.5112406412760416
1,0.1318565011024475,0.9999257326126099,0.9992648959159851,0.13130696614583334,0.131134033203125
1,0.007252041716128588,0.9999245405197144,0.01659317873418331,0.007161458333333333,0.0
1,0.06067655608057976,0.9999508857727051,0.9989797472953796,0.0615234375,0.05963216145833333
1,0.030272580683231354,0.9996540546417236,0.9923341274261475,0.032491048177083336,0.026275634765625
1,0.056388091295957565,0.9996002316474915,0.9979807734489441,0.056854248046875,0.041524251302083336
1,0.15163974463939667,0.9992237091064453,0.9975370168685913,0.15282185872395834,0.15262858072916666
1,0.08850622177124023,0.9996672868728638,0.9985674619674683,0.09037272135416667,0.07610066731770833
1,0.023902885615825653,0.9922744631767273,0.9602867364883423,0.025421142578125,0.0
1,0.442065566778183,0.9993687272071838,0.9977038502693176,0.5313008626302084,0.5873311360677084
1,0.09701978415250778,0.999045193195343,0.9937580823898315,0.11449178059895833,0.0
1,0.10661715269088745,0.9997695088386536,0.9976310729980469,0.11008707682291667,0.09672037760416667
1,0.02375142276287079,0.9996898174285889,0.9966625571250916,0.023406982421875,0.0
1,0.2739981710910797,0.999937891960144,0.9982247948646545,0.2846184171621932,0.27155403703582026
1,0.009133700281381607,0.9996646642684937,0.17533352971076965,0.009572347005208334,0.0
1,0.15941122174263,0.9993067979812622,0.9974391460418701,0.17026774088541666,0.142791748046875
1,0.015304330736398697,0.9967142343521118,0.9806907773017883,0.015655517578125,0.0
1,0.021370314061641693,0.9999171495437622,0.9984083771705627,0.021514892578125,0.020212809244791668
1,0.015553686767816544,0.9997527003288269,0.9968020915985107,0.014862060546875,0.0
1,0.027157530188560486,0.9994022846221924,0.9951889514923096,0.025980631510416668,0.0
1,0.1512809842824936,0.9988120794296265,0.9937829375267029,0.17938467870556155,0.04905592426814838
1,0.07344668358564377,0.9994407296180725,0.9952632188796997,0.08289591471354167,0.058848063151041664
1,0.13305948674678802,0.9969722032546997,0.9322068691253662,0.174775,0.0
1,0.03371429815888405,0.9996672868728638,0.9975177049636841,0.033701578776041664,0.0
1,0.029564915224909782,0.9953904151916504,0.941439151763916,0.029439290364583332,0.0
1,0.12756137549877167,0.9805060625076294,0.8816148638725281,0.14223423423423423,0.0
1,0.011147893965244293,0.9999898672103882,0.8634755611419678,0.010976155598958334,0.0
1,0.21098929643630981,0.9994115829467773,0.9949001669883728,0.2423070271809896,0.29491424560546875
1,0.10162264108657837,0.9995177984237671,0.9981613755226135,0.1016845703125,0.08481852213541667
1,0.009038562886416912,0.9997712969779968,0.040612220764160156,0.008107503255208334,0.0
1,0.0790870189666748,0.9995452761650085,0.9970765113830566,0.08100382486979167,0.07279459635416667
1,0.3888843059539795,0.999453604221344,0.9950946569442749,0.5532905783582089,0.6089692164179105
1,0.008151120506227016,0.9894702434539795,0.15405374765396118,0.008056640625,0.0
1,0.47678232192993164,0.9997262358665466,0.9989098310470581,0.516259765625,0.5711002604166666
1,0.03820708394050598,0.9989718198776245,0.9348689317703247,0.043365478515625,0.0
1,0.26843664050102234,0.9964619278907776,0.9833430051803589,0.31687125061874727,0.29120402537658435
1,0.011699148453772068,0.9999614953994751,0.7902066707611084,0.012257893880208334,0.0
1,0.049121174961328506,0.9994162321090698,0.9964756369590759,0.053253173828125,0.039225260416666664
1,0.1406223326921463,0.9997085928916931,0.9406819343566895,0.20423008849557522,0.0
1,0.2757706046104431,0.9973374009132385,0.9874721169471741,0.32381725988283366,0.3124846157633043
1,0.07935463637113571,0.9992387294769287,0.9975080490112305,0.08137003580729167,0.06048583984375
1,0.034102000296115875,0.9999675750732422,0.992452085018158,0.0345458984375,0.02557373046875
1,0.08728843182325363,0.9995469450950623,0.9930415153503418,0.09442138671875,0.0
1,0.019833937287330627,0.999651312828064,0.9955489635467529,0.016133626302083332,0.0
1,0.07545799016952515,0.9999030828475952,0.9979888200759888,0.082855224609375,0.0
1,0.010085155256092548,0.9965165853500366,0.11377637088298798,0.0050048828125,0.0
1,0.04389628767967224,0.999514102935791,0.9967013001441956,0.046005333333333336,0.04991466666666667
1,0.018965210765600204,0.9933846592903137,0.9324495792388916,0.020456949869791668,0.0
1,0.09239230304956436,0.9942250847816467,0.9788331985473633,0.106475830078125,0.0
1,0.09448659420013428,0.9995539784431458,0.9900250434875488,0.10760752360026042,0.052052815755208336
1,0.22110024094581604,0.9996699094772339,0.9980044960975647,0.2447777459133926,0.24503011184399198
1,0.24588990211486816,0.9999508857727051,0.9984084367752075,0.27053897180762854,0.27172470978441127
1,0.04696140065789223,0.9999877214431763,0.9981613755226135,0.051920572916666664,0.0
1,0.07758486270904541,0.9986593723297119,0.9640523195266724,0.07666988416988417,0.0
1,0.32305559515953064,0.9986904263496399,0.9965435862541199,0.35653866666666667,0.234384
1,0.05090610310435295,0.9895513653755188,0.9499486684799194,0.056640625,0.0
1,0.33599746227264404,0.9977481961250305,0.9883578419685364,0.39044912280701755,0.4490842105263158
1,0.20002087950706482,0.9982522130012512,0.9912548065185547,0.22264973958333334,0.19487630208333334
1,0.030515968799591064,0.9972744584083557,0.8272719979286194,0.029805662188099807,0.0
1,0.176217719912529,0.9998476505279541,0.9978594183921814,0.17823282877604166,0.17995198567708334
1,0.13459688425064087,0.9992648959159851,0.9964063763618469,0.139373779296875,0.14658610026041666
1,0.013478484936058521,0.9822876453399658,0.18579499423503876,0.007273356119791667,0.0
1,0.037707723677158356,0.9997884631156921,0.9914174675941467,0.040294650468883204,0.0
1,0.02122587524354458,0.9186264276504517,0.5337814688682556,0.024129231770833332,0.0
1,0.10235524922609329,0.9997965693473816,0.9976494908332825,0.11835734049479167,0.06953938802083333
1,0.09136474132537842,0.999514102935791,0.9969599843025208,0.099822998046875,0.054433186848958336
1,0.1430513858795166,0.9996402263641357,0.9983320832252502,0.14496866861979166,0.14488728841145834
1,0.4102398157119751,0.9999641180038452,0.9986853003501892,0.4361162255466053,0.43020713463751437
1,0.18338488042354584,0.9929609894752502,0.9720985889434814,0.20531531531531533,0.08037237237237237
1,0.053546156734228134,0.9970190525054932,0.9716717004776001,0.057047526041666664,0.0
1,0.05921396613121033,0.9998601675033569,0.9974689483642578,0.05914306640625,0.0
1,0.04181147739291191,0.9998499155044556,0.9981175661087036,0.0394287109375,0.025319417317708332
1,0.009577046148478985,0.9934357404708862,0.3830838203430176,0.01043701171875,0.0
1,0.01190598588436842,0.9997997879981995,0.9838377833366394,0.011850992838541666,0.0
1,0.03634272515773773,0.9494823217391968,0.5201316475868225,0.03342933333333333,0.0
1,0.025280602276325226,0.999981164932251,0.9979652166366577,0.025197347005208332,0.0
1,0.45529505610466003,0.9994766116142273,0.9978925585746765,0.4939622469034234,0.49464326523150054
1,0.2700381577014923,0.9994184970855713,0.9971327781677246,0.3380859375,0.36449544270833334
1,0.4090355932712555,0.9987744688987732,0.9968273043632507,0.4384053548177083,0.4434305826822917
1,0.30868056416511536,0.9992475509643555,0.9978258013725281,0.3557535807291667,0.373199462890625
1,0.07847534865140915,0.9997407793998718,0.9967774748802185,0.08510335286458333,0.045888264973958336
1,0.029102744534611702,0.9996825456619263,0.9956346154212952,0.028584798177083332,0.0
1,0.1112370416522026,0.9993040561676025,0.9955315589904785,0.11876424153645833,0.11397298177083333
1,0.07324647158384323,0.9997950196266174,0.9981104135513306,0.07530924479166666,0.08075846354166667
1,0.04662172868847847,0.9998633861541748,0.9978170394897461,0.036794026692708336,0.0
1,0.041177406907081604,0.9998534917831421,0.9985102415084839,0.040679931640625,0.017557779947916668
1,0.1305239349603653,0.9989718198776245,0.9943799376487732,0.14692179361979166,0.09009806315104167
1,0.014015804044902325,0.999996542930603,0.9403432011604309,0.012257893880208334,0.0
1,0.047715600579977036,0.9998910427093506,0.9927391409873962,0.056864420572916664,0.0
1,0.10495574027299881,0.9994725584983826,0.9968149065971375,0.10624186197916667,0.10515340169270833
1,0.05012170970439911,0.9964203834533691,0.9798215627670288,0.055206298828125,0.0
1,0.059293393045663834,0.9995660185813904,0.9980505704879761,0.059763590494791664,0.0423583984375
1,0.13417541980743408,0.9843363761901855,0.8782098889350891,0.15703414351851852,0.0
1,0.0323631577193737,0.9917484521865845,0.9639160633087158,0.036234537760416664,0.0
1,0.03482881560921669,0.9994826316833496,0.9849852323532104,0.03606748109365911,0.04199389179755672
1,0.04899683967232704,0.9994926452636719,0.9970414042472839,0.049458821614583336,0.040211995442708336
1,0.013887855224311352,0.9999735355377197,0.9889278411865234,0.013163248697916666,0.0
1,0.6864852905273438,0.9986646175384521,0.985496461391449,0.8158416666666667,0.9806416666666666
1,0.1534067988395691,0.9983958601951599,0.9959298968315125,0.159912109375,0.1640625
1,0.01616906188428402,0.9998013377189636,0.9756219983100891,0.016998291015625,0.0
1,0.023089855909347534,0.9752489924430847,0.8286492228507996,0.02581787109375,0.0
1,0.028785666450858116,0.999762237071991,0.9956005811691284,0.0291748046875,0.0
1,0.08873873203992844,0.9996800422668457,0.9980881810188293,0.09031168619791667,0.0855712890625
1,0.1008504256606102,0.9996874332427979,0.9983385801315308,0.10406494140625,0.07738240559895833
1,0.13198918104171753,0.9999324083328247,0.9985730648040771,0.13356526692708334,0.12546793619791666
1,0.2533280551433563,0.9989718198776245,0.9963924288749695,0.28470052083333336,0.3091015625
1,0.07065586745738983,0.9999759197235107,0.9991864562034607,0.06946818033854167,0.060038248697916664
1,0.2582322359085083,0.9972955584526062,0.9924813508987427,0.3974812825520833,0.4300333658854167
1,0.050664838403463364,0.9998377561569214,0.9987404942512512,0.045817057291666664,0.042439778645833336
1,0.006039776373654604,0.9999877214431763,0.06680867820978165,0.004160563151041667,0.0
1,0.31164848804473877,0.9982038736343384,0.9871788024902344,0.4115888394884052,0.29092673023052606
1,0.29758480191230774,0.999453604221344,0.9975844621658325,0.3070926517571885,0.2944118501307
1,0.04314456135034561,0.9995005130767822,0.9942697286605835,0.0446055381400209,0.04364457381698761
1,0.02702232450246811,0.9996646642684937,0.9975274205207825,0.027547200520833332,0.032663981119791664
1,0.1895638108253479,0.9990673661231995,0.9977124929428101,0.19868977864583334,0.18562825520833334
1,0.09552557021379471,0.9998726844787598,0.998481035232544,0.09672037760416667,0.097686767578125
1,0.2542194426059723,0.9999464750289917,0.9965301156044006,0.2654215494791667,0.27349853515625
1,0.02455989085137844,0.9998044371604919,0.8786270022392273,0.026214599609375,0.0
1,0.05152016878128052,0.9997367262840271,0.9965161681175232,0.054056803385416664,0.045206705729166664
1,0.2651193141937256,0.9990781545639038,0.9959140419960022,0.313507080078125,0.351776123046875
1,0.04990483447909355,0.9999685287475586,0.9989307522773743,0.050944010416666664,0.0
1,0.019930070266127586,0.9987404942512512,0.9567911028862,0.0208740234375,0.0
1,0.4725567400455475,0.9985730648040771,0.9966229796409607,0.4984334309895833,0.5068461100260416
1,0.13212330639362335,0.9991238713264465,0.996936559677124,0.14103190104166666,0.19207763671875
1,0.0039041524287313223,0.9810583591461182,0.019159607589244843,0.0032246907552083335,0.0
1,0.16657689213752747,0.9985104203224182,0.9951325058937073,0.17820537428023034,0.17478646833013436
1,0.3948533535003662,0.9987356066703796,0.9956685304641724,0.4366658528645833,0.4426981608072917
1,0.0389721505343914,0.9949199557304382,0.936168372631073,0.046183268229166664,0.0
1,0.09156201034784317,0.9998058676719666,0.9985221028327942,0.09108479817708333,0.09602864583333333
1,0.10991714894771576,0.9993613362312317,0.9968149065971375,0.12189313954019837,0.06440422322775263
1,0.2963272035121918,0.9997997879981995,0.9979928135871887,0.34156839965146674,0.41614870752250943
1,0.19457678496837616,0.9998840093612671,0.9987354278564453,0.19632975260416666,0.15118408203125
1,0.09262112528085709,0.9994907379150391,0.9980429410934448,0.09367879231770833,0.092071533203125
1,0.32381486892700195,0.9996287822723389,0.9974290728569031,0.3529561360677083,0.242401123046875
1,0.2813210189342499,0.9998205304145813,0.9992296695709229,0.296417236328125,0.23614501953125
1,0.2581654489040375,0.9992114305496216,0.9968273043632507,0.3341796875,0.36644856770833334
1,0.0950407162308693,0.9998655319213867,0.9986489415168762,0.097869873046875,0.09117635091145833
1,0.058841731399297714,0.9996849298477173,0.9982247948646545,0.057220458984375,0.053975423177083336
1,0.4254884719848633,0.999099612236023,0.9976949095726013,0.448974609375,0.454864501953125
1,0.12703435122966766,0.9996874332427979,0.9968269467353821,0.1474609375,0.08396402994791667
1,0.012296865694224834,0.9937587976455688,0.30072709918022156,0.011749267578125,0.0
1,0.1966467946767807,0.9988752007484436,0.9954082369804382,0.230444939509267,0.11009003991460131
1,0.06172725930809975,0.9999407529830933,0.9989350438117981,0.062123616536458336,0.06444295247395833
1,0.04173979163169861,0.9664738178253174,0.8257260322570801,0.051228841145833336,0.0
1,0.041727449744939804,0.9979810118675232,0.7457706928253174,0.026730212355212356,0.0
1,0.11261805146932602,0.9978925585746765,0.9828232526779175,0.13044230143229166,0.12224324544270833
1,0.12606404721736908,0.9860442876815796,0.9445841312408447,0.14936319986979166,0.0
1,0.045858655124902725,0.9998300075531006,0.9933071732521057,0.047831217447916664,0.0
1,0.13355769217014313,0.9996699094772339,0.9984083771705627,0.13377888997395834,0.12813313802083334
1,0.048033494502305984,0.9984083771705627,0.9954615235328674,0.049153645833333336,0.03692626953125
1,0.009852561168372631,0.9984512329101562,0.12988872826099396,0.009562174479166666,0.0
1,0.17430315911769867,0.9990034699440002,0.9945307374000549,0.184051513671875,0.17803955078125
1,0.269494891166687,0.9992237091064453,0.997231662273407,0.361435546875,0.41908854166666665
1,0.1165558472275734,0.9991990923881531,0.9971103668212891,0.11907958984375,0.11865234375
1,0.013314787298440933,0.9846936464309692,0.5545280575752258,0.012420654296875,0.0
1,0.05258786678314209,0.9990378618240356,0.9949396848678589,0.055592854817708336,0.046051025390625
1,0.11516781896352768,0.9998775720596313,0.9988619089126587,0.11979166666666667,0.12628173828125
1,0.010107978247106075,0.9753900170326233,0.29989093542099,0.010294596354166666,0.0
1,0.16762886941432953,0.9989836812019348,0.9959294199943542,0.172332763671875,0.19507853190104166
1,0.10934725403785706,0.9998902082443237,0.9978843331336975,0.11445925925925926,0.11831481481481482
1,0.010946693830192089,0.9843363761901855,0.4676818549633026,0.01251220703125,0.0
1,0.04036689177155495,0.9995362758636475,0.9974391460418701,0.037282307942708336,0.035807291666666664
1,0.0971374437212944,0.9998623132705688,0.9990226030349731,0.0989990234375,0.11323038736979167
1,0.07973527908325195,0.998879611492157,0.9801293015480042,0.08728125,0.023608333333333332
1,0.06006811186671257,0.9993712306022644,0.9950177073478699,0.06170654296875,0.0
1,0.09023847430944443,0.9996724128723145,0.9977656602859497,0.09244791666666667,0.086151123046875
1,0.006974813062697649,0.9571177959442139,0.1173514798283577,0.005015055338541667,0.0
1,0.13148528337478638,0.9996471405029297,0.9979493021965027,0.13263956705729166,0.11711629231770833
1,0.10532575845718384,0.9995399713516235,0.9979493021965027,0.11728922526041667,0.07840983072916667
1,0.07573167234659195,0.9993785619735718,0.9968149065971375,0.07559648158328752,0.07338097855964816
1,0.09440267831087112,0.9999008178710938,0.9970646500587463,0.110595703125,0.09427897135416667
1,0.13185842335224152,0.9997387528419495,0.9976215362548828,0.167572021484375,0.10035196940104167
1,0.2599725127220154,0.9993147850036621,0.9982725381851196,0.2791341145833333,0.2949422200520833
1,0.14445678889751434,0.9997546076774597,0.9986169338226318,0.1497802734375,0.11435953776041667
1,0.22281195223331451,0.9951136708259583,0.9765340089797974,0.2646993001302083,0.16612752278645834
1,0.11342022567987442,0.9998013377189636,0.9987550973892212,0.11700439453125,0.07777913411458333
1,0.15550996363162994,0.9991638660430908,0.995718777179718,0.16554768880208334,0.13872273763020834
1,0.41769272089004517,0.9998499155044556,0.997739315032959,0.4942888888888889,0.5524740740740741
1,0.039518024772405624,0.9994296431541443,0.9954967498779297,0.036061604817708336,0.0
1,0.07771985232830048,0.9993588328361511,0.9967268705368042,0.079742431640625,0.06772867838541667
1,0.08519411087036133,0.9996923208236694,0.9981541037559509,0.08819580078125,0.08863321940104167
1,0.017912542447447777,0.9929609894752502,0.9165498614311218,0.01751708984375,0.0
1,0.019317543134093285,0.9997153878211975,0.9938070178031921,0.015858968098958332,0.0
1,0.3428780734539032,0.999276340007782,0.9976677298545837,0.3915201822916667,0.4195454915364583
1,0.02229863964021206,0.9996259212493896,0.3090174198150635,0.013214111328125,0.0
1,0.327008992433548,0.9997175335884094,0.9984869956970215,0.34643722290781115,0.34885963709493123
1,0.022405175492167473,0.9994069337844849,0.9904035329818726,0.017903645833333332,0.0
1,0.13018546998500824,0.9987648725509644,0.9948403239250183,0.14109293619791666,0.082366943359375
1,0.25409644842147827,0.9966495633125305,0.9688562154769897,0.33201925704457413,0.2073387343074376
1,0.050023190677165985,0.9998133778572083,0.997166097164154,0.047900390625,0.045732421875
1,0.0481661893427372,0.9999854564666748,0.998102605342865,0.04473876953125,0.0
1,0.20234288275241852,0.9981541037559509,0.9929881691932678,0.23172127850490423,0.11592510081788834
1,0.025376666337251663,0.9998476505279541,0.9981827735900879,0.02298828125,0.022073567708333332
1,0.2695208489894867,0.9980581402778625,0.9938309192657471,0.2859700520833333,0.3090108235677083
1,0.0769273117184639,0.9996017813682556,0.9977916479110718,0.08394368489583333,0.09578450520833333
1,0.3046780526638031,0.9996345043182373,0.9987207055091858,0.3422749837239583,0.4013875325520833
1,0.1280183345079422,0.9961155652999878,0.9674680829048157,0.14361572265625,0.0
1,0.0044595240615308285,0.9999165534973145,0.02806073985993862,0.00244140625,0.0
1,0.14191384613513947,0.9958011507987976,0.9531008005142212,0.1848547149122807,0.0
1,0.017142849043011665,0.9997546076774597,0.9953181147575378,0.014098307291666667,0.011728515625
1,0.5590468049049377,0.9937345385551453,0.9839708209037781,0.7122802734375,1.0
1,0.096304751932621,0.9860979318618774,0.9006993770599365,0.11884562174479167,0.0
1,0.3738991320133209,0.9991507530212402,0.9968024492263794,0.3871053059895833,0.3648173014322917
1,0.06621623784303665,0.9997448325157166,0.9989596605300903,0.06685384114583333,0.06476847330729167
1,0.011858576908707619,0.9998286962509155,0.21454492211341858,0.008505873211755565,0.0
1,0.5096352100372314,0.9956176280975342,0.9792352318763733,0.6578369140625,0.8899434407552084
1,0.019497310742735863,0.9997407793998718,0.9956685304641724,0.019846598307291668,0.0
1,0.021863793954253197,0.9942697286605835,0.9552332162857056,0.022125244140625,0.0
1,0.07502195239067078,0.9997153878211975,0.9960545301437378,0.09158553864436217,0.01185611773847068
1,0.19042132794857025,0.999127209186554,0.9958499670028687,0.22144571940104166,0.350982666015625
1,0.01828274503350258,0.9999443292617798,0.9981470108032227,0.018564860026041668,0.0
1,0.10994479805231094,0.9941347241401672,0.9334307909011841,0.13503011067708334,0.0
1,0.02150106430053711,0.9986276626586914,0.9937345385551453,0.019775390625,0.0
1,0.07928270101547241,0.9999810457229614,0.9983450174331665,0.07622273763020833,0.035257975260416664
1,0.3048633337020874,0.9992875456809998,0.9977038502693176,0.4294075520833333,0.47706705729166665
1,0.0996500551700592,0.9996402263641357,0.9985730648040771,0.100250244140625,0.11078898111979167
1,0.27587902545928955,0.999480664730072,0.9980044960975647,0.2820332845052083,0.2881673177083333
1,0.019100237637758255,0.9998313188552856,0.9947799444198608,0.016787109375,0.016617838541666666
1,0.13824713230133057,0.9991440773010254,0.9964893460273743,0.149560546875,0.15652018229166667
0,0.0030404117424041033,0.32018324732780457,0.05439931899309158,0.00016276041666666666,0.0
0,0.24826620519161224,0.9859364032745361,0.9340314269065857,0.32952880859375,0.04351806640625
0,0.07797369360923767,0.9667260646820068,0.8852352499961853,0.091552734375,0.0
0,0.11789858341217041,0.9895108342170715,0.9635727405548096,0.14146931966145834,0.17759195963541666
0,0.023332446813583374,0.937210738658905,0.4334748089313507,0.017445882161458332,0.0
0,0.010176698677241802,0.8407825827598572,0.13017480075359344,0.0018819173177083333,0.0
0,0.002306414069607854,0.16913124918937683,0.022629201412200928,0.0,0.0
0,0.02797067165374756,0.9865716695785522,0.8797554969787598,0.0262451171875,0.0
0,0.051284462213516235,0.920647144317627,0.7624187469482422,0.0570068359375,0.0
0,0.007390552666038275,0.505389928817749,0.053403329104185104,0.0005900065104166666,0.0
0,0.04939013719558716,0.9451974034309387,0.7977144718170166,0.06709798177083333,0.0
0,0.023506013676524162,0.8510885834693909,0.3516349792480469,0.014129638671875,0.0
0,0.010977751575410366,0.6947170495986938,0.21288584172725677,0.007904052734375,0.0
0,0.0644972175359726,0.9658352136611938,0.8614217042922974,0.07749430338541667,0.0
0,0.0005425523850135505,0.021409770473837852,0.005797401070594788,0.0,0.0
0,0.0014843003591522574,0.4041546583175659,0.032773129642009735,0.0001220703125,0.0
0,0.0008100755512714386,0.03191915154457092,0.007937993854284286,0.0,0.0
0,0.025304799899458885,0.9487276077270508,0.5291827321052551,0.018198649088541668,0.0
0,0.09152466058731079,0.9982859492301941,0.9820826053619385,0.10420735677083333,0.0
0,0.008732589893043041,0.32552051544189453,0.09334688633680344,0.000244140625,0.0
0,0.07198639959096909,0.9392480850219727,0.6816176772117615,0.068267822265625,0.0
0,0.01355717796832323,0.8591918349266052,0.27347445487976074,0.010264078776041666,0.0
0,0.007036345545202494,0.9835337996482849,0.10594828426837921,0.007405598958333333,0.0
0,0.005243848543614149,0.4006321132183075,0.07290027290582657,0.0002543131510416667,0.0
0,0.03228544443845749,0.9480584859848022,0.7379143238067627,0.0394287109375,0.0
0,0.005782136227935553,0.34037554264068604,0.08850466459989548,0.00016276041666666666,0.0
0,0.017374156042933464,0.8042522072792053,0.23934932053089142,0.007700602213541667,0.0
0,0.03317074850201607,0.9054896235466003,0.6727585792541504,0.039683024088541664,0.0
0,0.0036528119817376137,0.25552940368652344,0.03594832494854927,0.0,0.0
0,0.009692439809441566,0.9717254042625427,0.24469678103923798,0.009633382161458334,0.0
0,0.1542281061410904,0.9967523813247681,0.9904038906097412,0.16729166666666667,0.0
0,0.11983562260866165,0.9939261078834534,0.9410068988800049,0.13213866666666665,0.0
0,0.0006888110074214637,0.032161444425582886,0.006338921841233969,0.0,0.0
0,0.0024907749611884356,0.8895288109779358,0.02136888913810253,0.0011698404947916667,0.0
0,0.012149746529757977,0.9181873202323914,0.2980794906616211,0.011667887369791666,0.0
0,0.0727279856801033,0.9741412401199341,0.8904791474342346,0.08848063151041667,0.0
0,0.5050275921821594,0.9933071732521057,0.9742884635925293,0.6529678362573099,0.7881213450292398
0,0.7538293600082397,0.9953363537788391,0.9860442876815796,0.8644333333333334,0.9806416666666666
0,0.0030591008253395557,0.8079156875610352,0.06954174488782883,0.0020557156580211337,0.0
0,0.0012712512398138642,0.09653531759977341,0.023554330691695213,0.0,0.0
0,0.018079036846756935,0.896975576877594,0.30466195940971375,0.011640826873385014,0.0
0,0.0029918462969362736,0.23970511555671692,0.02876158617436886,0.0,0.0
0,0.008876838721334934,0.9783847332000732,0.2140023410320282,0.00844103392568659,0.0
0,0.12242669612169266,0.991355836391449,0.8996515870094299,0.1434222058736711,0.0
0,0.04030122235417366,0.8381505608558655,0.4761994779109955,0.042709333333333335,0.0
0,0.2545661926269531,0.9960699081420898,0.9654463529586792,0.33021856345079914,0.06886915077989601
0,0.060642920434474945,0.9700134992599487,0.8365612626075745,0.06172783246242962,0.0
0,0.0608404278755188,0.9977830052375793,0.719290018081665,0.06408737392149715,0.0
0,0.016458354890346527,0.6141626238822937,0.2330075204372406,0.006100835322195704,0.0
0,0.012275304645299911,0.992061972618103,0.16118815541267395,0.0012872221745473269,0.0
0,0.04562779888510704,0.9901401400566101,0.4071565866470337,0.024132014165236755,0.0
0,0.12147477269172668,0.995226263999939,0.9027811288833618,0.1610645189918353,0.0
0,0.0059764813631772995,0.7610060572624207,0.05146276578307152,0.0007141514752866002,0.0
0,0.08554518222808838,0.9466953873634338,0.4179840087890625,0.06786366959064327,0.0
0,0.0022851366084069014,0.468030720949173,0.021125193685293198,0.0001289906481780071,0.0
0,0.020071251317858696,0.9687971472740173,0.4674244821071625,0.019598315516682865,0.0
0,0.05321276932954788,0.9897116422653198,0.8677109479904175,0.04632486979166667,0.0
0,0.14838452637195587,0.99826580286026,0.9740919470787048,0.17265124177457014,0.04333474846104861
0,0.003632025560364127,0.8403899669647217,0.04099902883172035,0.0004207021791767554,0.0
0,0.5050275921821594,0.9933071732521057,0.9742884635925293,0.6529678362573099,0.7881213450292398
0,0.006907487288117409,0.967777669429779,0.05510690063238144,0.0013830133420110642,0.0
0,0.24945193529129028,0.9958174824714661,0.9716179370880127,0.2872974138816425,0.2607583756136639
0,0.051051873713731766,0.914290726184845,0.6575384140014648,0.06554444444444445,0.0
0,0.0029918462969362736,0.23970511555671692,0.02876158617436886,0.0,0.0
0,0.012450010515749454,0.8870089650154114,0.21700218319892883,0.007659495929290651,0.0
0,0.021495459601283073,0.9477691650390625,0.4901849031448364,0.02183449074074074,0.0
0,0.010177148506045341,0.9475754499435425,0.19575393199920654,0.008046875,0.0
0,0.20122882723808289,0.9944234490394592,0.9853842854499817,0.26663065287853066,0.080094664814529
0,0.12242669612169266,0.991355836391449,0.8996515870094299,0.1434222058736711,0.0
0,0.07120156288146973,0.9580694437026978,0.6478316783905029,0.09072783971817763,0.0
0,0.03590818867087364,0.8820220232009888,0.4741193652153015,0.025156917735042736,0.0
0,0.015154590830206871,0.9674102663993835,0.38319283723831177,0.013129696443588423,0.0
0,0.004612417425960302,0.9803937673568726,0.032466813921928406,0.0011419931802097408,0.0
0,0.019047033041715622,0.8040984272956848,0.2080180048942566,0.005788412563667232,0.0
0,0.00223727198317647,0.05749328061938286,0.02600678615272045,0.0,0.0
0,0.024093782529234886,0.7181004285812378,0.34135302901268005,0.018117268880208332,0.0
0,0.000171197229065001,0.01659317873418331,0.00178219610825181,0.0,0.0
0,0.006357113365083933,0.9300782084465027,0.14414162933826447,0.005645751953125,0.0
0,0.0023790469858795404,0.12581531703472137,0.022714458405971527,0.0,0.0
0,0.00500572519376874,0.9114953279495239,0.10837755352258682,0.00274658203125,0.0
0,0.005407074000686407,0.2624635696411133,0.056340090930461884,0.0,0.0
0,0.004157950170338154,0.4450772702693939,0.06828480958938599,0.001068115234375,0.0
0,0.008833130821585655,0.4945337474346161,0.14499060809612274,0.00201416015625,0.0
0,0.011549454182386398,0.6964746713638306,0.21027937531471252,0.006266276041666667,0.0
0,0.015083280391991138,0.9084556102752686,0.3045368492603302,0.012034098307291666,0.0
0,0.04949648678302765,0.8056321740150452,0.5812436938285828,0.05902099609375,0.0
0,0.02348240278661251,0.394784152507782,0.13869144022464752,0.0003458658854166667,0.0
0,0.028369979932904243,0.9448931217193604,0.6976058483123779,0.03521728515625,0.0
0,0.0008297544554807246,0.058884698897600174,0.011201213113963604,0.0,0.0
0,0.01952519826591015,0.9498556852340698,0.41264674067497253,0.016886393229166668,0.0
0,0.016981501132249832,0.8115267157554626,0.48999807238578796,0.022501627604166668,0.0
0,0.04075860232114792,0.9396923184394836,0.8393393158912659,0.053476969401041664,0.0
0,0.01080707460641861,0.744841992855072,0.18505747616291046,0.005991617838541667,0.0
0,0.0016722256550565362,0.8393393158912659,0.015363572165369987,0.0006612141927083334,0.0
0,0.06602621078491211,0.9684410095214844,0.8836382627487183,0.06905110677083333,0.0
0,0.08046486228704453,0.9757624268531799,0.9290551543235779,0.0989990234375,0.0
0,0.14131860435009003,0.9766246676445007,0.9378969073295593,0.18134562174479166,0.19157918294270834
0,0.18338648974895477,0.9675332307815552,0.9367494583129883,0.23284912109375,0.18180338541666666
0,0.0033623084891587496,0.40627291798591614,0.03289904072880745,0.0001220703125,0.0
0,0.0032765057403594255,0.22850064933300018,0.042960066348314285,0.0,0.0
0,0.008263219147920609,0.7243831157684326,0.11837898939847946,0.0033060709635416665,0.0
0,0.00857635959982872,0.8542778491973877,0.13857482373714447,0.005788167317708333,0.0
0,0.011699997819960117,0.8818185925483704,0.276779443025589,0.010294596354166666,0.0
0,0.08601164817810059,0.9745803475379944,0.8700461983680725,0.10770670572916667,0.0
0,0.02564050257205963,0.6983294486999512,0.36919113993644714,0.020599365234375,0.0
0,0.15656577050685883,0.9815244078636169,0.9440738558769226,0.1961669921875,0.0
0,0.019786611199378967,0.45471426844596863,0.10576342046260834,0.0006815592447916666,0.0
0,0.03525553271174431,0.8938665986061096,0.504685640335083,0.035166422526041664,0.0
0,0.04162615165114403,0.7839884757995605,0.5271791219711304,0.04571533203125,0.0
0,0.009236890822649002,0.5147204995155334,0.11104248464107513,0.0018208821614583333,0.0
0,0.1495695263147354,0.9269675612449646,0.8285229802131653,0.18079630533854166,0.11979166666666667
0,0.0867348313331604,0.7171109914779663,0.5779087543487549,0.11946614583333333,0.0
0,0.010201663710176945,0.15215818583965302,0.05845324322581291,0.0,0.0
0,0.05886167287826538,0.9308364987373352,0.7324004769325256,0.057963053385416664,0.0
0,0.04067516699433327,0.5068659782409668,0.31205543875694275,0.016916910807291668,0.0
0,0.020756876096129417,0.22051022946834564,0.1233624592423439,0.0,0.0
0,0.3191588222980499,0.9701269268989563,0.9514138102531433,0.377899169921875,0.36700439453125
0,0.01780225895345211,0.3597014546394348,0.10951514542102814,0.0005086263020833334,0.0
0,0.020317047834396362,0.8265718221664429,0.34521231055259705,0.015177408854166666,0.0
0,0.4727421998977661,0.999099612236023,0.9930961728096008,0.5604451497395834,0.6316731770833334
0,0.010899593122303486,0.3362220525741577,0.07849674671888351,3.0517578125e-05,0.0
0,0.2589370012283325,0.9511421918869019,0.915808916091919,0.319488525390625,0.3164469401041667
0,0.04753626510500908,0.5788648128509521,0.3670400083065033,0.0279541015625,0.0
0,0.011314189992845058,0.3654567003250122,0.12189152091741562,0.0003458658854166667,0.0
0,0.01953289471566677,0.28947213292121887,0.11536139249801636,0.00020345052083333334,0.0
0,0.04475689306855202,0.8638516664505005,0.33099862933158875,0.014719645182291666,0.0
0,0.027313383296132088,0.824603259563446,0.5273857116699219,0.029530843098958332,0.0
0,0.04770486056804657,0.7505527138710022,0.3459853231906891,0.021494547526041668,0.0
0,0.1501374989748001,0.9407896995544434,0.8703737258911133,0.165069580078125,0.11531575520833333
0,0.05446362495422363,0.9026095867156982,0.7972412705421448,0.07274373372395833,0.0
0,0.0005356090259738266,0.5509698390960693,0.006877107545733452,0.00014241536458333334,0.0
0,0.11220452934503555,0.9322068691253662,0.8507168292999268,0.17322794596354166,0.0
0,0.0030877888202667236,0.27992692589759827,0.030327534303069115,3.0517578125e-05,0.0
0,0.0024489969946444035,0.5934325456619263,0.03228142857551575,0.001251220703125,0.0
0,0.16074734926223755,0.9789151549339294,0.9323301911354065,0.22247314453125,0.13978068033854166
0,0.008424892090260983,0.7558172941207886,0.13139262795448303,0.002166748046875,0.0
0,0.12812288105487823,0.9597620368003845,0.8300437331199646,0.18868001302083334,0.0
0,0.00010090026626130566,0.012147169560194016,0.0007096704212017357,0.0,0.0
0,0.07071741670370102,0.9681411385536194,0.8451772928237915,0.099365234375,0.0
0,0.07540645450353622,0.9354645609855652,0.7897205948829651,0.10094197591145833,0.0
0,0.05332352593541145,0.9719924926757812,0.8608377575874329,0.06807454427083333,0.0
0,0.03573806211352348,0.9616780281066895,0.7509127259254456,0.044972737630208336,0.0
0,0.0012131956173107028,0.63238924741745,0.010860332287847996,0.001007080078125,0.0
0,0.13320530951023102,0.934634268283844,0.860720694065094,0.15656534830729166,0.064544677734375
0,0.10132873058319092,0.9777563810348511,0.9488224983215332,0.11767578125,0.0
0,0.009979230351746082,0.3390612304210663,0.1463310569524765,0.0003560384114583333,0.0
0,0.006092372816056013,0.865565299987793,0.07422734797000885,0.0021870930989583335,0.0
0,0.058289285749197006,0.9094254970550537,0.7071014046669006,0.049173990885416664,0.0
0,0.008605600334703922,0.2709622383117676,0.13397735357284546,3.0517578125e-05,0.0
0,0.013732533901929855,0.8991213440895081,0.26169678568840027,0.009562174479166666,0.0
0,0.007371062878519297,0.8638516664505005,0.1315041333436966,0.007354736328125,0.0
0,0.058691393584012985,0.9800149202346802,0.8684791326522827,0.06763712565104167,0.0
0,0.10226394981145859,0.9672250151634216,0.8921873569488525,0.13303629557291666,0.07523600260416667
0,0.024792542681097984,0.9549844264984131,0.5592674612998962,0.024068196614583332,0.0
0,0.003519006073474884,0.5532035827636719,0.05146276578307152,0.00091552734375,0.0
0,0.028827056288719177,0.8535469174385071,0.4039748013019562,0.02178955078125,0.0
0,0.013503572903573513,0.8770562410354614,0.28835663199424744,0.01092529296875,0.0
0,0.09401724487543106,0.9726234674453735,0.9186220169067383,0.08994547526041667,0.0
0,0.0021930041257292032,0.08834723383188248,0.017576880753040314,0.0,0.0
0,0.018170783296227455,0.6644314527511597,0.3146756887435913,0.014892578125,0.0
0,0.005325143691152334,0.18817473948001862,0.05727881193161011,0.0,0.0
0,0.010418795049190521,0.6123676300048828,0.1515255719423294,0.0035909016927083335,0.0
0,0.05974012613296509,0.9603611826896667,0.8558439612388611,0.071075439453125,0.0
0,0.10552475601434708,0.9517735838890076,0.8330531716346741,0.15826416015625,0.0
0,0.0016474941512569785,0.08181270956993103,0.015603534877300262,0.0,0.0
0,0.0227817352861166,0.8429924845695496,0.4097503423690796,0.0198974609375,0.0
0,0.034089986234903336,0.9552357196807861,0.6629983186721802,0.040201822916666664,0.0
0,0.016722818836569786,0.9856076240539551,0.7288949489593506,0.016632080078125,0.0
0,0.11174903064966202,0.963230550289154,0.9084556102752686,0.12343343098958333,0.0589599609375
0,0.006421554833650589,0.1270015686750412,0.04603390395641327,0.0,0.0
0,0.0006845262250863016,0.09807931631803513,0.010130412876605988,0.0,0.0
0,0.0024924075696617365,0.224735289812088,0.025130946189165115,0.0,0.0
0,0.017990613356232643,0.7031419277191162,0.36919453740119934,0.019012451171875,0.0
0,0.0002978680713567883,0.023375315591692924,0.004736749455332756,0.0,0.0
0,0.012437447905540466,0.9161096215248108,0.22134561836719513,0.007273356119791667,0.0
0,0.006728485692292452,0.32777589559555054,0.0650087296962738,0.000274658203125,0.0
0,0.00012014988897135481,0.008916127495467663,0.001299427472986281,0.0,0.0
0,0.13989384472370148,0.9806178212165833,0.929951012134552,0.18006388346354166,0.0
0,0.00936115812510252,0.685949444770813,0.1359187811613083,0.003692626953125,0.0
0,0.25340643525123596,0.9874235987663269,0.9517735838890076,0.3290506998697917,0.152496337890625
0,0.05130831524729729,0.9689150452613831,0.8014700412750244,0.050791422526041664,0.0
0,0.1345844268798828,0.9809125065803528,0.9476694464683533,0.16620890299479166,0.041158040364583336
0,0.03569396212697029,0.9866234660148621,0.8998278379440308,0.036946614583333336,0.0
0,0.01747705042362213,0.9323301911354065,0.29117634892463684,0.010691324869791666,0.0
0,0.06506133824586868,0.9773275852203369,0.9003441333770752,0.07428995768229167,0.0
0,0.11254733055830002,0.9928786158561707,0.9657061100006104,0.127593994140625,0.0
0,0.11600596457719803,0.9889705181121826,0.9575143456459045,0.13116455078125,0.0
0,0.053774695843458176,0.9570375084877014,0.8745065331459045,0.061787923177083336,0.0
0,0.0009767758892849088,0.0541987307369709,0.010248602367937565,0.0,0.0
0,0.07628533989191055,0.9947391152381897,0.9682595729827881,0.08381144205729167,0.0
0,0.11324560642242432,0.9916841983795166,0.9629528522491455,0.13646443684895834,0.0
0,0.228323832154274,0.9940197467803955,0.9667260646820068,0.2861531575520833,0.15293375651041666
0,0.0013975888723507524,0.35331663489341736,0.01912403479218483,8.138020833333333e-05,0.0
0,0.00242630485445261,0.5843304991722107,0.03061777912080288,0.0014241536458333333,0.0
0,0.17512716352939606,0.974628746509552,0.936514139175415,0.22254435221354166,0.18495686848958334
0,0.008247076533734798,0.8692712783813477,0.19977594912052155,0.006581624348958333,0.0
0,0.04508247599005699,0.939024806022644,0.7737245559692383,0.041178385416666664,0.0
0,0.020658845081925392,0.9667888283729553,0.6190038323402405,0.02154541015625,0.0
0,0.25561755895614624,0.9822876453399658,0.957912266254425,0.3192342122395833,0.18212890625
0,0.056922171264886856,0.9873262047767639,0.9476723670959473,0.059346516927083336,0.0
0,0.019903147593140602,0.9364014267921448,0.44314759969711304,0.017913818359375,0.0
0,0.01497545838356018,0.8801805377006531,0.5407532453536987,0.016306559244791668,0.0
0,7.504520908696577e-05,0.010328153148293495,0.0005953406798653305,0.0,0.0
0,0.028536096215248108,0.9207897186279297,0.6072469353675842,0.024820963541666668,0.0
0,0.0012892670929431915,0.13546064496040344,0.01384861022233963,0.0,0.0
0,0.0015858439728617668,0.10230471193790436,0.02132808230817318,0.0,0.0
0,0.054768722504377365,0.8610715270042419,0.6245225667953491,0.06410725911458333,0.0
0,0.0007055574678815901,0.09351231157779694,0.005641252268105745,0.0,0.0
0,0.014860969968140125,0.7611836194992065,0.24743600189685822,0.008717854817708334,0.0
0,0.003744312794879079,0.30280327796936035,0.029033992439508438,4.0690104166666664e-05,0.0
0,0.005182589869946241,0.4379136264324188,0.043204035609960556,0.00017293294270833334,0.0
0,0.04249391332268715,0.9932025074958801,0.9298198819160461,0.047556559244791664,0.0
0,0.004495399538427591,0.7139305472373962,0.0728963166475296,0.0010274251302083333,0.0
0,0.001649309415370226,0.0676698163151741,0.02029348537325859,0.0,0.0
0,0.01985039748251438,0.6517983078956604,0.293192982673645,0.011576334635416666,0.0
0,0.010360172018408775,0.9477691650390625,0.16038566827774048,0.00653076171875,0.0
0,0.0021681811194866896,0.839602530002594,0.02898062951862812,0.0007527669270833334,0.0
0,0.000586549227591604,0.037679389119148254,0.006338921841233969,0.0,0.0
0,0.0036955277901142836,0.41525450348854065,0.03397199884057045,0.00022379557291666666,0.0
0,0.08925488591194153,0.9626027941703796,0.8565725088119507,0.11395263671875,0.0784912109375
0,0.00621629087254405,0.5910152792930603,0.10356715321540833,0.0033772786458333335,0.0
0,0.036763619631528854,0.9447912573814392,0.8294920325279236,0.03790283203125,0.0
0,0.0808020755648613,0.9667888283729553,0.925094723701477,0.08829752604166667,0.054443359375
0,0.026450717821717262,0.929568350315094,0.5757651925086975,0.025624593098958332,0.0
0,0.01201897207647562,0.756717324256897,0.20849622786045074,0.006144205729166667,0.0
0,0.02936547063291073,0.7919820547103882,0.3901255130767822,0.020060221354166668,0.0
0,0.027255013585090637,0.7119318842887878,0.4357142150402069,0.02716064453125,0.0
0,0.019024869427084923,0.9515040516853333,0.39134255051612854,0.0167236328125,0.0
0,0.00040227934368886054,0.0333368256688118,0.004248078912496567,0.0,0.0
0,0.016319962218403816,0.8987665772438049,0.3972916603088379,0.015055338541666666,0.0
0,0.005169454496353865,0.9485372304916382,0.06209971755743027,0.0038859049479166665,0.0
0,0.00045030898763798177,0.012100386433303356,0.002191240666434169,0.0,0.0
0,0.0007323553436435759,0.04107589274644852,0.00857748556882143,0.0,0.0
0,0.004968513268977404,0.7636600732803345,0.0991208553314209,0.0021158854166666665,0.0
0,0.009538386948406696,0.7047700881958008,0.16830125451087952,0.004892985026041667,0.0
0,0.005205254070460796,0.4831453859806061,0.07081620395183563,0.0006306966145833334,0.0
0,0.015191937796771526,0.9663469791412354,0.46058306097984314,0.012949625651041666,0.0
0,0.03052392601966858,0.8721297383308411,0.6086487174034119,0.033650716145833336,0.0
0,0.04842575266957283,0.9610980749130249,0.9124361872673035,0.056111653645833336,0.0
0,0.0006752152112312615,0.08419108390808105,0.011029470711946487,0.0,0.0
0,0.0028619884978979826,0.7237977981567383,0.049958519637584686,0.0008138020833333334,0.0
0,0.015653517097234726,0.7439128756523132,0.25312182307243347,0.008860270182291666,0.0
0,0.025421084836125374,0.9317114353179932,0.5377660393714905,0.026214599609375,0.0
0,0.001176971010863781,0.06779313087463379,0.014672034420073032,0.0,0.0
0,0.15684784948825836,0.9726754426956177,0.9328213930130005,0.1978759765625,0.0
0,0.004523464012891054,0.9617499113082886,0.03567051514983177,0.006632486979166667,0.0
0,0.17062431573867798,0.9874235987663269,0.9607290625572205,0.211090087890625,0.0
0,0.0544857382774353,0.9670388102531433,0.9036349058151245,0.070770263671875,0.0
0,0.06512080878019333,0.9724147915840149,0.9027811288833618,0.07349650065104167,0.0
0,0.008650769479572773,0.8729984164237976,0.23091457784175873,0.008473714192708334,0.0
0,0.09262537956237793,0.9476723670959473,0.8445372581481934,0.12007649739583333,0.0
0,0.005728934425860643,0.7142295837402344,0.14115943014621735,0.005950927734375,0.0
0,0.08832605928182602,0.9528381824493408,0.8397339582443237,0.11363728841145833,0.0
0,0.02765076421201229,0.9795506000518799,0.8540309071540833,0.028371175130208332,0.0
0,0.004321241285651922,0.3053865134716034,0.04603390395641327,5.0862630208333336e-05,0.0
0,0.07945864647626877,0.9624620079994202,0.9076402187347412,0.09125773111979167,0.0
0,0.0797262042760849,0.9679599404335022,0.8686040639877319,0.103179931640625,0.0
0,0.022092370316386223,0.8693822026252747,0.37111958861351013,0.015370686848958334,0.0
0,0.014172005467116833,0.9241418242454529,0.17795369029045105,0.004791259765625,0.0
0,0.011576008051633835,0.922062337398529,0.34245824813842773,0.011820475260416666,0.0
0,0.0007698179688304663,0.05223086103796959,0.007906374521553516,0.0,0.0
0,0.006868872791528702,0.38444983959198,0.12917956709861755,0.000335693359375,0.0
0,0.2317044883966446,0.9955142140388489,0.9824230670928955,0.277374267578125,0.23883056640625
0,0.04457229748368263,0.9499486684799194,0.7916552424430847,0.0484619140625,0.0
0,0.03595520555973053,0.9571978449821472,0.853421151638031,0.03448486328125,0.0
0,0.0037142380606383085,0.5933736562728882,0.05271640047430992,0.0008138020833333334,0.0
0,0.012884614057838917,0.8200374841690063,0.24507421255111694,0.008880615234375,0.0
0,0.03838983178138733,0.907312273979187,0.4762539863586426,0.026611328125,0.0
0,0.007163057569414377,0.39600977301597595,0.14608725905418396,0.0020751953125,0.0
0,0.015698350965976715,0.7500038743019104,0.22118240594863892,0.007293701171875,0.0
0,0.00344438967294991,0.14903530478477478,0.030214587226510048,0.0,0.0
0,0.20780430734157562,0.9946980476379395,0.9745803475379944,0.2565714518229167,0.178466796875
0,0.06636890023946762,0.9598374962806702,0.8559679388999939,0.07509358723958333,0.0
0,0.06269728392362595,0.9778411984443665,0.9462966918945312,0.07740275065104167,0.0
0,0.0171220600605011,0.9135223627090454,0.4177987575531006,0.014923095703125,0.0
0,0.10592345148324966,0.961605966091156,0.8768422603607178,0.13224283854166666,0.0
0,0.0007027374231256545,0.07043161243200302,0.007289077155292034,0.0,0.0
0,0.06456974893808365,0.9307105541229248,0.7545480728149414,0.08001708984375,0.0
0,0.008603901602327824,0.5468289256095886,0.1534222811460495,0.0034077962239583335,0.0
0,0.0034417081624269485,0.5807682275772095,0.04287983477115631,0.000396728515625,0.0
0,0.006923042703419924,0.7836575508117676,0.10429472476243973,0.00177001953125,0.0
0,0.005371198058128357,0.8622356653213501,0.07448817044496536,0.0050048828125,0.0
0,0.047672417014837265,0.8895288109779358,0.656654953956604,0.056416829427083336,0.0
0,0.007828068919479847,0.3199707567691803,0.10070160776376724,0.00030517578125,0.0
0,0.00887063518166542,0.7540104389190674,0.19269122183322906,0.006551106770833333,0.0
0,0.09013358503580093,0.9791157841682434,0.9403530955314636,0.10927327473958333,0.1011962890625
0,0.0009229707065969706,0.05997643992304802,0.012920473702251911,0.0,0.0
0,0.008760773576796055,0.38658976554870605,0.10230471193790436,0.000396728515625,0.0
0,0.014896784909069538,0.7333563566207886,0.27231472730636597,0.010243733723958334,0.0
0,0.013543751090765,0.3518676459789276,0.14780104160308838,0.0011494954427083333,0.0
0,0.006487602833658457,0.42316004633903503,0.1464531123638153,0.0010579427083333333,0.0
0,0.003048437414690852,0.14499424397945404,0.06828853487968445,0.0,0.0
0,0.008221742697060108,0.9576753973960876,0.16397623717784882,0.006276448567708333,0.0
0,0.00021250788995530456,0.022889839485287666,0.003456409554928541,0.0,0.0
0,0.005156261380761862,0.911337673664093,0.08803311735391617,0.004282633463541667,0.0
0,0.03976423665881157,0.961605966091156,0.7877582311630249,0.044382731119791664,0.0
0,0.010539739392697811,0.19072403013706207,0.12874406576156616,0.0,0.0
0,0.015494417399168015,0.6359010338783264,0.21966707706451416,0.005523681640625,0.0
0,0.04174971580505371,0.9945730566978455,0.8822250962257385,0.047078450520833336,0.0
0,0.02772522158920765,0.842215359210968,0.5250635743141174,0.028238932291666668,0.0
0,0.00032996144727803767,0.016979990527033806,0.004867417737841606,0.0,0.0
0,0.020393947139382362,0.6027047634124756,0.3034159243106842,0.0146484375,0.0
0,0.09644366055727005,0.9393594861030579,0.8906751871109009,0.13011678059895834,0.0
0,0.0028547653928399086,0.2890705466270447,0.05654813349246979,4.0690104166666664e-05,0.0
0,0.39902353286743164,0.9957020878791809,0.973087728023529,0.5127790806754221,0.5756683864915573
0,0.038583338260650635,0.9629528522491455,0.553478479385376,0.02803240740740741,0.0
0,0.07211834192276001,0.9664104580879211,0.7992872595787048,0.066640625,0.0
0,0.1824493557214737,0.9852146506309509,0.9659639000892639,0.21403645833333335,0.08385416666666666
0,0.08939265459775925,0.9508692026138306,0.8873999118804932,0.09598958333333334,0.0
0,0.057232342660427094,0.9523086547851562,0.7292315363883972,0.046122666666666666,0.0
0,0.061636053025722504,0.9274948239326477,0.6219439506530762,0.04486933333333333,0.0
0,0.007108606398105621,0.9797065258026123,0.07185126841068268,0.0057942708333333336,0.0
0,0.15678152441978455,0.9769787192344666,0.834811270236969,0.2570332422586521,0.11991803278688525
0,0.15177808701992035,0.9872773289680481,0.9499486684799194,0.1924125,0.10628958333333334
0,0.11108442395925522,0.9909447431564331,0.9058233499526978,0.12316437007874016,0.0
0,0.027899576351046562,0.9723097085952759,0.43242529034614563,0.01381079766536965,0.0
0,0.01762448623776436,0.9967648983001709,0.35331663489341736,0.011938229571984435,0.0
0,0.032902803272008896,0.9911527037620544,0.7223321795463562,0.032570833333333334,0.0
0,0.04705922305583954,0.9722570776939392,0.7636600732803345,0.049514583333333334,0.0
0,0.03388558700680733,0.9712384939193726,0.5180438160896301,0.022591698841698843,0.0
0,0.11467962712049484,0.9975370168685913,0.9585376977920532,0.12431708494208495,0.06451254826254826
0,0.06735646724700928,0.9991638660430908,0.7689067125320435,0.05645511583011583,0.007316602316602317
0,0.059516873210668564,0.9441768527030945,0.40188321471214294,0.030542936774420083,0.0
0,0.0943441241979599,0.9760836362838745,0.9393594861030579,0.11509344946470695,0.04369805842859735
0,0.016496505588293076,0.6095823049545288,0.21800270676612854,0.00615257048092869,0.0
0,0.16622748970985413,0.9933071732521057,0.9434518814086914,0.24528577960676726,0.24097393689986282
0,0.04187284782528877,0.9734938144683838,0.6800345182418823,0.044814814814814814,0.0
0,0.0665542408823967,0.9623205661773682,0.8134623169898987,0.07581161408321903,0.0
0,0.028230344876646996,0.9815951585769653,0.7189990282058716,0.027532201952691498,0.0
0,0.06350448727607727,0.9962345957756042,0.9129047393798828,0.05798224374495561,0.01910411622276029
0,0.009088081307709217,0.9334307909011841,0.17766816914081573,0.0031479166666666665,0.0
0,0.2776460349559784,0.9952632188796997,0.9801673293113708,0.3326328733433529,0.2395655144145375
0,0.003468249924480915,0.6601723432540894,0.06816065311431885,0.0018310546875,0.0
0,0.03367338702082634,0.961533784866333,0.8720207810401917,0.044871012369791664,0.0
0,0.09298381209373474,0.9503188729286194,0.8728868961334229,0.13213094075520834,0.06036376953125
0,0.007381754461675882,0.6792850494384766,0.222188338637352,0.007944742838541666,0.0
0,0.0004541152447927743,0.029367852956056595,0.005343256052583456,0.0,0.0
0,0.0015453803353011608,0.10875558853149414,0.028005925938487053,0.0,0.0
0,0.0027635525912046432,0.808672308921814,0.019794778898358345,0.0032857259114583335,0.0
0,0.007509318646043539,0.9150528311729431,0.1448659896850586,0.007273356119791667,0.0
0,0.005837578326463699,0.15921740233898163,0.05942821875214577,0.0,0.0
0,0.00031863406184129417,0.03258974477648735,0.0031232843175530434,0.0,0.0
0,0.00015631149290129542,0.008847354911267757,0.000810387369710952,0.0,0.0
0,0.0011838466161862016,0.7588682174682617,0.019756918773055077,0.00048828125,0.0
0,0.00019863845955114812,0.010986942797899246,0.0023413407616317272,0.0,0.0
0,0.0016539889620617032,0.16465072333812714,0.023286305367946625,0.0,0.0
0,0.001137259998358786,0.10539455711841583,0.012479699216783047,0.0,0.0
0,0.00038148483145050704,0.016850078478455544,0.003621685551479459,0.0,0.0
0,0.00023773284920025617,0.012383784167468548,0.0026112475898116827,0.0,0.0
0,0.0005380602669902146,0.026155617088079453,0.007518718484789133,0.0,0.0
0,0.0007476191967725754,0.18025091290473938,0.01353214867413044,0.0,0.0
0,0.007238069083541632,0.5795193910598755,0.1251690834760666,0.0026448567708333335,0.0
0,0.014025397598743439,0.966092050075531,0.26794806122779846,0.009979248046875,0.0
0,0.05510498210787773,0.8640812635421753,0.6579715013504028,0.06855265299479167,0.0
0,0.06435298919677734,0.857171356678009,0.6817235946655273,0.09349568684895833,0.0
0,0.030908619984984398,0.9675945043563843,0.7954801917076111,0.03155517578125,0.0
0,0.0431784987449646,0.959307074546814,0.7662831544876099,0.047617594401041664,0.0
0,0.01960904709994793,0.8838388919830322,0.40867555141448975,0.015767415364583332,0.0
0,0.024154694750905037,0.8497219681739807,0.6266955137252808,0.030853271484375,0.0
0,0.010899224318563938,0.9963071346282959,0.27125170826911926,0.010050455729166666,0.0
0,0.0019973921589553356,0.31605255603790283,0.025035422295331955,0.00013224283854166666,0.0
0,0.011619910597801208,0.9853278994560242,0.1629120409488678,0.007792154947916667,0.0
0,0.001086128526367247,0.23022674024105072,0.01784873940050602,0.0,0.0
0,0.07145147770643234,0.9269675612449646,0.7911716103553772,0.08514404296875,0.0
0,0.024449042975902557,0.8776865601539612,0.3857112526893616,0.02154541015625,0.0
0,0.013928753323853016,0.9697853922843933,0.22693438827991486,0.0093994140625,0.0
0,0.0025635049678385258,0.09025323390960693,0.02157406695187092,0.0,0.0
0,0.02770562656223774,0.9531880021095276,0.35287049412727356,0.019755045572916668,0.0
0,0.033034224063158035,0.879974365234375,0.6840498447418213,0.040873209635416664,0.0
0,0.001546163228340447,0.5666181445121765,0.025515148416161537,0.0003255208333333333,0.0
0,0.002969898283481598,0.7826625108718872,0.04894862323999405,0.0013427734375,0.0
0,0.010483208112418652,0.5582065582275391,0.15622973442077637,0.00311279296875,0.0
0,0.004272808786481619,0.1766716092824936,0.08977328985929489,0.0,0.0
0,0.005128157325088978,0.6152611970901489,0.09501305222511292,0.0021260579427083335,0.0
0,0.017138930037617683,0.6860546469688416,0.2577594816684723,0.00909423828125,0.0
0,0.0015259076608344913,0.3408142030239105,0.019531238824129105,4.0690104166666664e-05,0.0
0,0.00047365130740217865,0.13568955659866333,0.007876706309616566,0.0,0.0
0,0.009766469709575176,0.7206632494926453,0.15215440094470978,0.0034281412760416665,0.0
0,0.0012413199292495847,0.034358687698841095,0.01890544593334198,0.0,0.0
0,0.000540110282599926,0.1650540828704834,0.006026951130479574,0.0,0.0
0,0.0036106230691075325,0.37330445647239685,0.04977067932486534,4.0690104166666664e-05,0.0
0,0.004620429594069719,0.6699607968330383,0.07119885832071304,0.0010477701822916667,0.0
0,0.007016622927039862,0.9342753291130066,0.09534946829080582,0.00445556640625,0.0
0,0.0002222436451120302,0.028707079589366913,0.0020507436711341143,0.0,0.0
0,0.0032696437556296587,0.7892336845397949,0.04255084693431854,0.00439453125,0.0
0,0.006766438949853182,0.579043447971344,0.1173635870218277,0.004781087239583333,0.0
0,0.0002561685105320066,0.014728614129126072,0.0027146688662469387,0.0,0.0
0,0.042825400829315186,0.9781771898269653,0.907312273979187,0.051890055338541664,0.0
0,0.00043748714961111546,0.026155617088079453,0.004451041109859943,0.0,0.0
0,0.00016078866610769182,0.006217078305780888,0.0013885231455788016,0.0,0.0
0,0.02817852608859539,0.7972412705421448,0.47333723306655884,0.029683430989583332,0.0
0,0.015018901787698269,0.9703524708747864,0.6151617765426636,0.018015543619791668,0.0
0,0.00025682771229185164,0.014447852037847042,0.0019494021544232965,0.0,0.0
0,0.00016624345153104514,0.024237634614109993,0.001201891340315342,0.0,0.0
0,0.0008842421812005341,0.17441026866436005,0.01056926604360342,0.0,0.0
0,0.05409959331154823,0.9352282881736755,0.8447897434234619,0.06897989908854167,0.0
0,0.07724995166063309,0.9952816367149353,0.963711678981781,0.09007771809895833,0.053314208984375
0,0.02425045520067215,0.9916195869445801,0.8925625681877136,0.03009033203125,0.0
0,0.01109015941619873,0.2423849105834961,0.08834723383188248,0.0,0.0
0,0.0113546596840024,0.2881682813167572,0.07613248378038406,3.0517578125e-05,0.0
0,0.0028669945895671844,0.8895288109779358,0.0271176565438509,0.0017191569010416667,0.0
0,0.004108708817511797,0.4369824230670929,0.09154439717531204,0.001556396484375,0.0
0,0.008075403980910778,0.9194981455802917,0.1399761438369751,0.006866455078125,0.0
0,0.0005773261073045433,0.07382971048355103,0.008643175475299358,0.0,0.0
0,0.00418669730424881,0.7961340546607971,0.07094482332468033,0.0006917317708333334,0.0
0,0.00013839280290994793,0.014447852037847042,0.0013939501950517297,0.0,0.0
0,0.0002038308302871883,0.01005236990749836,0.002378123812377453,0.0,0.0
0,0.00054016342619434,0.022328782826662064,0.005426943302154541,0.0,0.0
0,0.00556725962087512,0.6040486097335815,0.145840123295784,0.004425048828125,0.0
0,0.000395502574974671,0.022328782826662064,0.002822832902893424,0.0,0.0
0,0.0007579801604151726,0.11516222357749939,0.008916127495467663,0.0,0.0
0,0.0005727043026126921,0.04385456070303917,0.018616734072566032,0.0,0.0
0,0.0014910269528627396,0.1041124165058136,0.02489280141890049,0.0,0.0
0,0.001965909730643034,0.10687687993049622,0.03608190640807152,0.0,0.0
0,0.05604447051882744,0.9787126779556274,0.9248236417770386,0.060587565104166664,0.0
0,0.000313614058541134,0.07133200019598007,0.007518718484789133,0.0,0.0
0,0.0005332291475497186,0.058345843106508255,0.00677120964974165,0.0,0.0
0,0.014840416610240936,0.922062337398529,0.25017380714416504,0.008931477864583334,0.0
0,0.003069736994802952,0.8720207810401917,0.03781915456056595,0.0026346842447916665,0.0
0,0.0020736607257276773,0.22051022946834564,0.032466813921928406,0.0,0.0
0,0.00042716649477370083,0.04569203034043312,0.006438102573156357,0.0,0.0
0,0.00612659240141511,0.8477157950401306,0.11636175215244293,0.005859375,0.0
0,0.007337728049606085,0.5059658885002136,0.06644430011510849,0.00030517578125,0.0
0,0.00016637459339108318,0.012821215204894543,0.001560889300890267,0.0,0.0
0,0.0060074361972510815,0.4809205234050751,0.16762703657150269,0.0026143391927083335,0.0
0,0.0002479701361153275,0.07450026273727417,0.0030043430160731077,0.0,0.0
0,0.009838644415140152,0.8028648495674133,0.25589555501937866,0.009379069010416666,0.0
0,0.006244692951440811,0.7159208059310913,0.19284318387508392,0.005900065104166667,0.0
0,0.0007634584326297045,0.0497734472155571,0.015072628855705261,0.0,0.0
0,0.14131411910057068,0.9567959308624268,0.9015746116638184,0.19672648111979166,0.20191446940104166
0,0.003755807876586914,0.8729984164237976,0.06608537584543228,0.0006815592447916666,0.0
0,0.003402309725061059,0.615319013595581,0.04742587357759476,0.0004475911458333333,0.0
0,0.009374955669045448,0.9815244078636169,0.18050509691238403,0.007720947265625,0.0
0,0.07887005060911179,0.9910492897033691,0.9313377141952515,0.09251912434895833,0.0
0,0.00026142943534068763,0.01578456163406372,0.0021239665802568197,0.0,0.0
0,0.14220760762691498,0.9874721169471741,0.9464978575706482,0.17169189453125,0.07051595052083333
0,0.007196834776550531,0.8696039319038391,0.10669060051441193,0.004241943359375,0.0
0,0.0007412718259729445,0.11696558445692062,0.0071760485880076885,0.0,0.0
0,0.0006386659224517643,0.06954174488782883,0.0071214293129742146,0.0,0.0
0,0.03673068434000015,0.8539127111434937,0.6057389974594116,0.06464640299479167,0.0
0,0.10316402465105057,0.9758085012435913,0.9326989054679871,0.11670939127604167,0.07063802083333333
0,0.00018263400124851614,0.027585282921791077,0.0018895386019721627,0.0,0.0
0,0.0018560959724709392,0.13706977665424347,0.04208773002028465,0.0,0.0
0,0.0005612290115095675,0.0541987307369709,0.007459777407348156,0.0,0.0
0,0.0004213859501760453,0.01851104572415352,0.004248078912496567,0.0,0.0
0,0.008149009197950363,0.7871142029762268,0.3001267611980438,0.010467529296875,0.0
0,0.0006002141744829714,0.07382971048355103,0.012624949216842651,0.0,0.0
0,0.00029901464586146176,0.020061803981661797,0.004297939129173756,0.0,0.0
0,0.0035802768543362617,0.9017477631568909,0.050517670810222626,0.0006815592447916666,0.0
0,0.005863210652023554,0.24562746286392212,0.10105592012405396,0.0,0.0
0,0.0005412698374129832,0.04594820365309715,0.01805533468723297,0.0,0.0
0,7.020928023848683e-05,0.0055549247190356255,0.0009436192340217531,0.0,0.0
0,0.010460770688951015,0.4446250796318054,0.13753247261047363,0.0007731119791666666,0.0
0,0.00527043966576457,0.05291181057691574,0.031439851969480515,0.0,0.0
0,0.000822810921818018,0.7350714802742004,0.00941259041428566,0.00020345052083333334,0.0
0,0.001541972509585321,0.1489114910364151,0.03240368515253067,0.0,0.0
0,0.013214044272899628,0.8774768114089966,0.2546016275882721,0.008534749348958334,0.0
0,0.00021748041035607457,0.00677120964974165,0.0017891592578962445,0.0,0.0
0,0.00024356937501579523,0.02784845046699047,0.00214894930832088,0.0,0.0
0,0.005512272473424673,0.41122910380363464,0.10970578342676163,0.0004170735677083333,0.0
0,0.007637433707714081,0.5666181445121765,0.17342814803123474,0.00439453125,0.0
0,0.0028932783752679825,0.38237205147743225,0.12063656002283096,0.000396728515625,0.0
0,0.022791467607021332,0.8382829427719116,0.5272206664085388,0.024556477864583332,0.0
0,0.0005746083916164935,0.0768222063779831,0.007149102166295052,0.0,0.0
0,0.036923158913850784,0.8908652067184448,0.6345365047454834,0.04248046875,0.0
0,0.007021460682153702,0.2252461463212967,0.08151976019144058,0.0,0.0
0,0.04792891815304756,0.914290726184845,0.725354015827179,0.048411051432291664,0.0
0,0.0014828915009275079,0.07409726083278656,0.018689310178160667,0.0,0.0
0,0.0005362160154618323,0.02280263788998127,0.0034030056558549404,0.0,0.0
0,0.00023394159507006407,0.026056302711367607,0.0019192374311387539,0.0,0.0
0,0.005777820944786072,0.36817848682403564,0.0652465671300888,0.000152587890625,0.0
0,0.016956942155957222,0.35711899399757385,0.16277490556240082,0.0012410481770833333,0.0
0,0.0006626502727158368,0.028652667999267578,0.005641908384859562,0.0,0.0
0,0.0011477014049887657,0.08525123447179794,0.013636835850775242,0.0,0.0
0,0.0007325639016926289,0.03085050918161869,0.01005236990749836,0.0,0.0
0,0.0003777479287236929,0.022499971091747284,0.004348381422460079,0.0,0.0
0,0.0003495004493743181,0.017176708206534386,0.0024630071129649878,0.0,0.0
0,0.0001641076960368082,0.03711691126227379,0.0014325366355478764,0.0,0.0
0,0.0009696923079900444,0.1489114910364151,0.012576347216963768,0.0,0.0
0,0.021240660920739174,0.6995623707771301,0.45341217517852783,0.02691650390625,0.0
0,0.0038056422490626574,0.9291837811470032,0.03191915154457092,0.001251220703125,0.0
0,0.00456032482907176,0.15974101424217224,0.06730107218027115,0.0,0.0
0,0.010209592990577221,0.9385759830474854,0.2215089648962021,0.009440104166666666,0.0
0,0.007416941691190004,0.6238353848457336,0.13833487033843994,0.001678466796875,0.0
0,0.014258981682360172,0.8370879292488098,0.269192099571228,0.010009765625,0.0
0,0.005942714866250753,0.4132404029369354,0.11066322773694992,0.0012410481770833333,0.0
0,0.0034039411693811417,0.33350318670272827,0.05042406916618347,0.00013224283854166666,0.0
0,0.008766941726207733,0.7594038844108582,0.3325238823890686,0.013376871744791666,0.0
0,0.008255955763161182,0.09947021305561066,0.05654813349246979,0.0,0.0
0,0.00999548751860857,0.7134315967559814,0.16680701076984406,0.0037129720052083335,0.0
0,0.002493921434506774,0.18535661697387695,0.02753293886780739,0.0,0.0
0,0.08233726024627686,0.91804039478302,0.801159143447876,0.11702473958333333,0.0
0,0.05846988782286644,0.8721297383308411,0.637930154800415,0.06856282552083333,0.0
0,0.002787321573123336,0.11777491867542267,0.030675798654556274,0.0,0.0
0,0.0020767664536833763,0.07835981249809265,0.031083187088370323,0.0,0.0
0,0.0032061226665973663,0.05964693799614906,0.029871394857764244,0.0,0.0
0,0.02941472828388214,0.7563575506210327,0.3190121054649353,0.01434326171875,0.0
0,0.024121277034282684,0.9563905000686646,0.4925801157951355,0.017049153645833332,0.0
0,0.00414353096857667,0.19682621955871582,0.0645354837179184,0.0,0.0
0,0.007586907595396042,0.2776688039302826,0.14128142595291138,1.0172526041666666e-05,0.0
0,0.0050295572727918625,0.1749734729528427,0.050893716514110565,0.0,0.0
0,0.003595055313780904,0.3074619770050049,0.049865901470184326,3.0517578125e-05,0.0
0,0.003233234165236354,0.5623567700386047,0.04288223758339882,0.0020751953125,0.0
0,0.026600556448101997,0.6036397814750671,0.2923901677131653,0.013427734375,0.0
0,0.008624129928648472,0.740174412727356,0.23022674024105072,0.00799560546875,0.0
0,0.008096187375485897,0.8745065331459045,0.15934425592422485,0.005523681640625,0.0
0,0.007049122359603643,0.18447349965572357,0.08632347732782364,0.0,0.0
0,0.030213667079806328,0.9649212956428528,0.6938879489898682,0.039693196614583336,0.0
0,0.008763987571001053,0.5920770764350891,0.16879557073116302,0.00567626953125,0.0
0,0.002447902923449874,0.44893959164619446,0.045097049325704575,0.000640869140625,0.0
0,0.07577677816152573,0.9818752408027649,0.9446862936019897,0.08662923177083333,0.0
0,0.000528163684066385,0.014672034420073032,0.004792316816747189,0.0,0.0
0,0.01015870925039053,0.6826794743537903,0.14127787947654724,0.002655029296875,0.0
0,0.1755087524652481,0.9753431081771851,0.9351099133491516,0.24168904622395834,0.23783365885416666
0,0.0010550284059718251,0.05146276578307152,0.01267373375594616,0.0,0.0
0,0.00712168263271451,0.7178038358688354,0.12054229527711868,0.002410888671875,0.0
0,0.001699291169643402,0.40703874826431274,0.03919072821736336,0.0004984537760416666,0.0
0,0.0028228017035871744,0.29219117760658264,0.03753800690174103,1.0172526041666666e-05,0.0
0,0.005789738614112139,0.19528697431087494,0.0905744731426239,0.0,0.0
0,0.00045194788253866136,0.05242456495761871,0.005934066604822874,0.0,0.0
0,0.0011953352950513363,0.04410091042518616,0.019946934655308723,0.0,0.0
0,0.0018219525227323174,0.11377637088298798,0.02655657008290291,0.0,0.0
0,0.0018368656747043133,0.4372226595878601,0.027169233188033104,0.00020345052083333334,0.0
0,0.00558781111612916,0.94629967212677,0.04628673568367958,0.004241943359375,0.0
0,0.0018294589826837182,0.06644792854785919,0.03507867828011513,0.0,0.0
0,0.09811141341924667,0.9734938144683838,0.9064877033233643,0.137939453125,0.06831868489583333
0,0.014738302677869797,0.9733928442001343,0.4633583724498749,0.015828450520833332,0.0
0,0.0029112559277564287,0.10875558853149414,0.04092000797390938,0.0,0.0
0,0.02190384455025196,0.9519526958465576,0.708509087562561,0.026662190755208332,0.0
0,0.003085898933932185,0.27464306354522705,0.07017629593610764,2.0345052083333332e-05,0.0
0,0.01013485062867403,0.2846754491329193,0.15228042006492615,6.103515625e-05,0.0
0,0.0011711391853168607,0.45859116315841675,0.027794042602181435,4.0690104166666664e-05,0.0
0,0.04738612100481987,0.958615243434906,0.8991213440895081,0.058756510416666664,0.0
0,0.00013459361798595637,0.16026602685451508,0.0009659749921411276,0.0,0.0
0,0.03072517365217209,0.7444706559181213,0.24364246428012848,0.007680257161458333,0.0
0,0.0024572231341153383,0.07237401604652405,0.024283869192004204,0.0,0.0
0,0.0640035942196846,0.8572908639907837,0.6724392175674438,0.101287841796875,0.0
0,0.0009610782726667821,0.08359067142009735,0.015189048834145069,0.0,0.0
0,0.013983690179884434,0.8178656101226807,0.2822861671447754,0.010630289713541666,0.0
0,0.04423372074961662,0.9429286122322083,0.8185874819755554,0.049397786458333336,0.0
0,0.00841688271611929,0.5227503776550293,0.0699218362569809,0.0003255208333333333,0.0
0,0.0598285086452961,0.8881781101226807,0.6262384653091431,0.06626383463541667,0.0
0,0.005101077724248171,0.5229027271270752,0.0941716730594635,0.0006306966145833334,0.0
0,0.008858622051775455,0.15393033623695374,0.06394842267036438,0.0,0.0
0,0.010442039929330349,0.5240445733070374,0.19374771416187286,0.00531005859375,0.0
0,0.010218430310487747,0.23616375029087067,0.09756221622228622,0.0,0.0
0,0.0045359390787780285,0.17370831966400146,0.07849674671888351,0.0,0.0
0,0.0002554125094320625,0.05942821875214577,0.0017752605490386486,0.0,0.0
0,0.007553400471806526,0.15817435085773468,0.06804042309522629,0.0,0.0
0,0.022764675319194794,0.7133318185806274,0.1755380630493164,0.00341796875,0.0
0,0.035532742738723755,0.5668579936027527,0.32701998949050903,0.020314534505208332,0.0
0,0.003949164878576994,0.28308719396591187,0.046378206461668015,3.0517578125e-05,0.0
0,0.0034779170528054237,0.1212688684463501,0.06325051933526993,0.0,0.0
0,0.020041747018694878,0.9370958209037781,0.27943211793899536,0.0106201171875,0.0
0,0.01210096012800932,0.896975576877594,0.4618874192237854,0.014444986979166666,0.0
0,0.016312913969159126,0.7967672944068909,0.3213534951210022,0.013275146484375,0.0
0,0.07493694871664047,0.9605096578598022,0.8134563565254211,0.08845011393229167,0.0
0,0.009510918520390987,0.3921622335910797,0.1410410851240158,0.0007425944010416666,0.0
0,0.004024558700621128,0.14211279153823853,0.0762699767947197,0.0,0.0
0,0.0010041124187409878,0.06097517907619476,0.018978038802742958,0.0,0.0
0,0.004905798006802797,0.13375429809093475,0.04115057736635208,0.0,0.0
0,0.015558570623397827,0.8177201151847839,0.4401257336139679,0.018625895182291668,0.0
0,0.019795501604676247,0.8748276829719543,0.4658063054084778,0.023203531901041668,0.0
0,0.010861244052648544,0.9639160633087158,0.27795976400375366,0.01019287109375,0.0
0,0.013479950837790966,0.8045595288276672,0.35564956068992615,0.013997395833333334,0.0
0,0.05638875067234039,0.9716717004776001,0.9180359840393066,0.067626953125,0.0
0,0.018173081800341606,0.9364014267921448,0.470019668340683,0.022440592447916668,0.0
0,0.012935983948409557,0.7869504690170288,0.20008835196495056,0.006083170572916667,0.0
0,0.003290692111477256,0.281109482049942,0.11299101263284683,4.0690104166666664e-05,0.0
0,0.00933088455349207,0.925094723701477,0.1439080834388733,0.0027364095052083335,0.0
0,0.03750571981072426,0.9810583591461182,0.8971559405326843,0.043996175130208336,0.0
0,0.029029419645667076,0.9796676635742188,0.7897108793258667,0.035247802734375,0.0
0,0.01808086968958378,0.8603691458702087,0.4247012734413147,0.014892578125,0.0
0,0.0031129892449826,0.13161905109882355,0.031143829226493835,0.0,0.0
0,0.027431467548012733,0.9392480850219727,0.4482671618461609,0.024810791015625,0.0
0,0.030424928292632103,0.9859904050827026,0.918182909488678,0.035776774088541664,0.0
0,0.03586700186133385,0.929568350315094,0.5655368566513062,0.038472493489583336,0.0
0,0.004426147788763046,0.7583316564559937,0.07436570525169373,0.0016886393229166667,0.0
0,0.0064337365329265594,0.8840392827987671,0.13488300144672394,0.004679361979166667,0.0
0,0.17578929662704468,0.9879926443099976,0.9474753737449646,0.20589192708333334,0.13896687825520834
0,0.002213869011029601,0.49572762846946716,0.030271869152784348,0.0002644856770833333,0.0
0,0.19291846454143524,0.9954082369804382,0.9795506000518799,0.23347981770833334,0.0
0,0.0006125080399215221,0.011419614776968956,0.004886374808847904,0.0,0.0
0,0.02266775630414486,0.9641192555427551,0.14965561032295227,0.00628662109375,0.0
0,0.0047363112680613995,0.6206215620040894,0.06560125201940536,0.000885009765625,0.0
0,0.04250166937708855,0.865565299987793,0.7227227091789246,0.0570068359375,0.0
0,0.040021345019340515,0.9871788024902344,0.8812004327774048,0.042124430338541664,0.0
0,0.028831208124756813,0.9058233499526978,0.6516807675361633,0.031728108723958336,0.0
0,0.0704522430896759,0.9938070178031921,0.9649212956428528,0.07628377278645833,0.0
0,0.004805094562470913,0.8816148638725281,0.07316472381353378,0.0019938151041666665,0.0
0,0.006888020783662796,0.9502266049385071,0.09756221622228622,0.0025227864583333335,0.0
0,0.0715547576546669,0.8870089650154114,0.609520673751831,0.06516520182291667,0.0
0,0.021439747884869576,0.7373473048210144,0.454318106174469,0.026123046875,0.0
0,0.11087676137685776,0.9894295334815979,0.9203612804412842,0.123375,0.0
0,0.04563596472144127,0.7879312038421631,0.42101791501045227,0.018649088541666668,0.0
0,0.07051313668489456,0.9922143816947937,0.7444706559181213,0.08663736979166667,0.0
0,0.011300064623355865,0.7947037816047668,0.1397482007741928,0.0010970052083333333,0.0
0,0.09991045296192169,0.9657707214355469,0.6426568031311035,0.12945963541666666,0.0
0,0.36457523703575134,0.9984573125839233,0.9953904151916504,0.3947466666666667,0.31823466666666667
0,0.015340426005423069,0.9996169805526733,0.38420143723487854,0.012471516927083334,0.0
0,0.0014981365529820323,0.43758314847946167,0.021287353709340096,6.103515625e-05,0.0
0,0.006690791342407465,0.9041438698768616,0.08284562826156616,0.002044677734375,0.0
0,0.10226062685251236,0.9975466132164001,0.9896317720413208,0.10805257161458333,0.036092122395833336
0,0.028443455696105957,0.9770664572715759,0.6721036434173584,0.030802408854166668,0.0
0,0.024237899109721184,0.8033281564712524,0.4948606789112091,0.02935791015625,0.0
0,0.05687129497528076,0.9984145164489746,0.8940516710281372,0.056566119691119694,0.012572393822393823
0,0.49065786600112915,0.9976403713226318,0.9919691681861877,0.5659722222222222,0.5826636904761905
0,0.13186898827552795,0.9908034801483154,0.9447912573814392,0.1595184723951847,0.0
0,0.0019326116889715195,0.36590972542762756,0.02494025230407715,0.0001048951048951049,0.0
0,0.005003107246011496,0.8921873569488525,0.08977488428354263,0.004229508196721312,0.0
0,0.000454753142548725,0.7463239431381226,0.003469890682026744,0.00018353885861772297,0.0
0,0.0032572343479841948,0.9100669622421265,0.030015507712960243,0.0031251815277374383,0.0
0,0.143721342086792,0.9628831148147583,0.8908652067184448,0.16597617310965232,0.0
0,0.0030816958751529455,0.7671669721603394,0.05419973284006119,0.0017247097844112769,0.0
0,0.15745876729488373,0.9980807304382324,0.9298236966133118,0.1959859415464299,0.0
0,0.3633280396461487,0.9976949095726013,0.9824230670928955,0.4594488536155203,0.2857671957671958
0,0.34219372272491455,0.9960082769393921,0.9607312679290771,0.45000438596491227,0.43590350877192985
0,0.13590972125530243,0.997188150882721,0.9630926847457886,0.15312943262411347,0.0
0,0.13313300907611847,0.9946980476379395,0.9652503728866577,0.16067615658362988,0.0
0,0.16548991203308105,0.9788748621940613,0.9071757793426514,0.20835677732229457,0.0
0,0.014528430067002773,0.9736446738243103,0.2687494456768036,0.009985994397759103,0.0
0,0.07886354625225067,0.9787126779556274,0.9140715599060059,0.09109722255164726,0.0
0,0.07640637457370758,0.9803937673568726,0.8318272233009338,0.09046886221401457,0.0
0,0.2042033076286316,0.9976494908332825,0.96518474817276,0.2511607142857143,0.0
0,0.19875526428222656,0.9835969805717468,0.9192084670066833,0.2431992337164751,0.0
0,0.05498785153031349,0.9906600117683411,0.9171544313430786,0.06245275888133031,0.0
0,0.05378586798906326,0.9913892149925232,0.8292155861854553,0.050275,0.0
0,0.24751044809818268,0.9990111589431763,0.975623369216919,0.3112229166666667,0.14476458333333334
0,0.2743864059448242,0.9908034801483154,0.9641867876052856,0.32622083333333335,0.31565208333333333
0,0.37517985701560974,0.9725714921951294,0.9328213930130005,0.48435185185185187,0.49286458333333333
0,0.398006409406662,0.9969245791435242,0.9844563603401184,0.48708278564672064,0.5880209165100385
0,0.008649354800581932,0.934634268283844,0.3654193580150604,0.011260986328125,0.0
0,0.0003323586715850979,0.010902374982833862,0.002234362531453371,0.0,0.0
0,0.07882318645715714,0.8483450412750244,0.6252092719078064,0.10997517903645833,0.0
0,0.06942275911569595,0.9760379791259766,0.8873999118804932,0.08531697591145833,0.0
0,0.012529347091913223,0.7895584106445312,0.24999068677425385,0.008504231770833334,0.0
0,0.01203059684485197,0.8964328765869141,0.3851994574069977,0.014119466145833334,0.0
0,0.017092205584049225,0.9864678382873535,0.6376706957817078,0.016937255859375,0.0
0,0.09871956706047058,0.9753431081771851,0.9326989054679871,0.123931884765625,0.0
0,0.015152809210121632,0.25720497965812683,0.10070160776376724,0.0,0.0
0,0.0002698868338484317,0.012870748527348042,0.002725582802668214,0.0,0.0
0,0.00029624326271004975,0.01374231930822134,0.002396730938926339,0.0,0.0
0,0.15786515176296234,0.9826908707618713,0.9627432227134705,0.18546549479166666,0.16373697916666666
0,0.025224005803465843,0.9389128684997559,0.6489014029502869,0.027180989583333332,0.0
0,0.06068825349211693,0.9841545820236206,0.9058233499526978,0.07206217447916667,0.0
0,0.009262865409255028,0.9132132530212402,0.2349328249692917,0.0087890625,0.0
0,0.01712019555270672,0.9801673293113708,0.6409628987312317,0.017974853515625,0.0
0,0.18198424577713013,0.9989433884620667,0.9949983358383179,0.20650227864583334,0.1363525390625
0,0.003606831654906273,0.6335236430168152,0.08570928126573563,0.0019938151041666665,0.0
0,0.013211232610046864,0.95413738489151,0.3881894648075104,0.0133056640625,0.0
0,0.03296130523085594,0.9732407331466675,0.7772948145866394,0.033477783203125,0.0
0,0.0019468540558591485,0.2516477108001709,0.026963496580719948,0.0,0.0
0,0.01910138875246048,0.5247600078582764,0.2540460526943207,0.008249918619791666,0.0
0,0.040090903639793396,0.9474782943725586,0.36262714862823486,0.025431315104166668,0.0
0,0.028010616078972816,0.9692078232765198,0.7816590666770935,0.036855061848958336,0.0
0,0.009222343564033508,0.9713473320007324,0.20465484261512756,0.009073893229166666,0.0
0,0.05261260271072388,0.986151397228241,0.9481545686721802,0.058827718098958336,0.0
0,0.00013409626262728125,0.0064631374552845955,0.0014550630003213882,0.0,0.0
0,0.10050507634878159,0.9983579516410828,0.9795091152191162,0.11214192708333333,0.030008951822916668
0,0.046516623347997665,0.9647889137268066,0.8788320422172546,0.059173583984375,0.0
0,0.00047688893391750753,0.021532878279685974,0.0036499870475381613,0.0,0.0
0,0.0032496692147105932,0.5446197390556335,0.047688622027635574,0.0007527669270833334,0.0
0,0.07562262564897537,0.9829546809196472,0.9099069833755493,0.08684285481770833,0.0
0,0.05582446977496147,0.9829546809196472,0.9333057403564453,0.06296793619791667,0.0
0,0.002105443039909005,0.34092390537261963,0.016979990527033806,6.103515625e-05,0.0
0,0.008079846389591694,0.513165295124054,0.10706345736980438,0.00079345703125,0.0
0,0.04836466908454895,0.986929178237915,0.9031234383583069,0.050913492838541664,0.0
0,0.0014430548762902617,0.09154439717531204,0.01384861022233963,0.0,0.0
0,0.0038754902780056,0.7874411940574646,0.058560825884342194,0.0012105305989583333,0.0
0,0.025063514709472656,0.798501193523407,0.37158575654029846,0.016733805338541668,0.0
0,0.02008969709277153,0.9485372304916382,0.6348795294761658,0.02392578125,0.0
0,0.03270634636282921,0.9698426127433777,0.8489609360694885,0.036936442057291664,0.0
0,0.009711475111544132,0.9029524326324463,0.1945207715034485,0.00799560546875,0.0
0,0.0011897546937689185,0.19102567434310913,0.009125636890530586,0.0,0.0
0,0.00033864728175103664,0.019794778898358345,0.0028118586633354425,0.0,0.0
0,0.003444077679887414,0.13139596581459045,0.04076698049902916,0.0,0.0
0,0.004281072411686182,0.8474634885787964,0.06418264657258987,0.0018819173177083333,0.0
0,0.0005501395207829773,0.5782696008682251,0.003621685551479459,8.138020833333333e-05,0.0
0,0.0013613472692668438,0.06584469974040985,0.03384403511881828,0.0,0.0
0,0.0011937906965613365,0.08314291387796402,0.012624949216842651,0.0,0.0
0,0.012081805616617203,0.9366336464881897,0.25201019644737244,0.009419759114583334,0.0
0,0.058874160051345825,0.954308032989502,0.8587185740470886,0.059193929036458336,0.0
0,0.042453210800886154,0.9637799859046936,0.8100284934043884,0.0458984375,0.0
0,0.0005314160953275859,0.036700356751680374,0.004736749455332756,0.0,0.0
0,0.011299759149551392,0.9429286122322083,0.24561119079589844,0.008921305338541666,0.0
0,0.040270883589982986,0.8844391107559204,0.6247515678405762,0.041819254557291664,0.0
0,0.003105228068307042,0.6021201014518738,0.055005285888910294,0.0015462239583333333,0.0
0,0.002229277743026614,0.3119506537914276,0.037256766110658646,0.00011189778645833333,0.0
0,0.04736436530947685,0.9800149202346802,0.9066482186317444,0.06281534830729167,0.0
0,0.0366070419549942,0.9783847332000732,0.7777964472770691,0.036875406901041664,0.0
0,0.0006121799815446138,0.45992499589920044,0.004981690086424351,0.00010172526041666667,0.0
0,0.0005283617065288126,0.012479699216783047,0.004520817659795284,0.0,0.0
0,0.03840941935777664,0.8523219227790833,0.5813553929328918,0.043711344401041664,0.0
0,0.0006392506184056401,0.05242456495761871,0.011732463724911213,0.0,0.0
0,0.012799695134162903,0.5536259412765503,0.15392270684242249,0.0016072591145833333,0.0
0,0.01465552393347025,0.8718026280403137,0.2837754189968109,0.010518391927083334,0.0
0,0.0039236037991940975,0.19390946626663208,0.034100428223609924,0.0,0.0
0,0.0018056401750072837,0.23475733399391174,0.018832048401236534,0.0,0.0
0,0.0048238844610750675,0.5920770764350891,0.07197771221399307,0.0020548502604166665,0.0
0,0.009602363221347332,0.9675332307815552,0.23074637353420258,0.008900960286458334,0.0
0,0.006345100700855255,0.2114168107509613,0.053403329104185104,0.0,0.0
0,0.02364972047507763,0.9528381824493408,0.7463183999061584,0.027506510416666668,0.0
0,0.0015462267911061645,0.2186693549156189,0.02165667712688446,0.0,0.0
0,0.03906393423676491,0.9939024448394775,0.9658995866775513,0.039815266927083336,0.0
0,0.3605022430419922,0.9967523813247681,0.9899476170539856,0.43603515625,0.5513203938802084
0,0.07453903555870056,0.9497627019882202,0.834402859210968,0.09830729166666667,0.0
0,0.033070698380470276,0.9087799787521362,0.5384344458580017,0.029815673828125,0.0
0,0.009186680428683758,0.920647144317627,0.18010665476322174,0.008168538411458334,0.0
0,0.015902601182460785,0.939024806022644,0.3782850503921509,0.013631184895833334,0.0
0,0.12004294246435165,0.9839090704917908,0.9596865773200989,0.13041178385416666,0.07259114583333333
0,0.06395985931158066,0.9956685304641724,0.9558166265487671,0.07000732421875,0.0
0,0.00470932899042964,0.6470180153846741,0.05727881193161011,0.0012003580729166667,0.0
0,0.04384303465485573,0.9889278411865234,0.8940516710281372,0.042978922526041664,0.0
0,0.13082964718341827,0.9842759370803833,0.9212117195129395,0.15407307942708334,0.0
0,0.3331005275249481,0.995566189289093,0.9905142784118652,0.3985392252604167,0.35919189453125
0,0.06751834601163864,0.9819446802139282,0.8991053700447083,0.07126871744791667,0.0
0,0.1453334093093872,0.9878058433532715,0.952747642993927,0.17500813802083334,0.0
0,0.02438279241323471,0.8868131041526794,0.48907050490379333,0.027119954427083332,0.0
0,0.024518700316548347,0.9463988542556763,0.6817013025283813,0.027598063151041668,0.0
0,0.0393279530107975,0.9953904151916504,0.9094254970550537,0.038472493489583336,0.0
0,0.010639279149472713,0.934155285358429,0.3493107259273529,0.013417561848958334,0.0
0,0.02355760522186756,0.9961305856704712,0.9539660811424255,0.026387532552083332,0.0
0,0.17762033641338348,0.9760379791259766,0.9492946267127991,0.21870930989583334,0.1954345703125
0,0.08341672271490097,0.9751071333885193,0.9388007521629333,0.09908040364583333,0.043863932291666664
0,0.06547338515520096,0.8914335370063782,0.7371581792831421,0.09247843424479167,0.0
0,0.12692207098007202,0.9694979190826416,0.9260365962982178,0.15937296549479166,0.0
0,0.15652959048748016,0.995354413986206,0.974531888961792,0.18235270182291666,0.08665974934895833
0,0.09895571321249008,0.9396923184394836,0.862000048160553,0.12508138020833334,0.0
0,0.10319715738296509,0.9964893460273743,0.9757610559463501,0.11339314778645833,0.0
0,0.04268614947795868,0.9937587976455688,0.8461892008781433,0.042185465494791664,0.0
0,0.06670393794775009,0.9900636076927185,0.909741997718811,0.07691446940104167,0.0
0,0.020192578434944153,0.8759993314743042,0.5135509371757507,0.024281819661458332,0.0
0,0.09864922612905502,0.9645224213600159,0.8949677348136902,0.12983194986979166,0.0
0,0.08699235320091248,0.9981030225753784,0.9305692911148071,0.10062662760416667,0.0
0,0.06575827300548553,0.9732407331466675,0.9015746116638184,0.0748291015625,0.0
0,0.013297632336616516,0.8271310925483704,0.20260091125965118,0.005839029947916667,0.0
0,0.004616106394678354,0.34975478053092957,0.04107589274644852,7.120768229166667e-05,0.0
0,0.15884053707122803,0.9859904050827026,0.9601352214813232,0.18739827473958334,0.11077880859375
0,0.006872562225908041,0.9871788024902344,0.08865761756896973,0.005279541015625,0.0
0,0.005367929581552744,0.9728823304176331,0.04839252308011055,0.004618326822916667,0.0
0,0.050058942288160324,0.9662197828292847,0.8299018144607544,0.061492919921875,0.0
0,0.020026158541440964,0.9492005109786987,0.508907675743103,0.021372477213541668,0.0
0,0.07685891538858414,0.9958821535110474,0.9759005904197693,0.08161417643229167,0.0
0,0.06205767020583153,0.9594592452049255,0.7906919717788696,0.08890787760416667,0.0
0,0.028685763478279114,0.9910492897033691,0.7913280725479126,0.023284912109375,0.0
0,0.005074223503470421,0.8960696458816528,0.10669060051441193,0.0033162434895833335,0.0
0,0.5442271828651428,0.9972099661827087,0.9892648458480835,0.6735738118489584,0.9035542805989584
0,0.014296491630375385,0.8380180597305298,0.33894526958465576,0.01434326171875,0.0
0,0.0859340950846672,0.954562783241272,0.8877896666526794,0.12022908528645833,0.0
0,0.03593733534216881,0.9534487724304199,0.696158766746521,0.034983317057291664,0.0
0,0.02944745123386383,0.8381505608558655,0.567571759223938,0.024261474609375,0.0
0,0.12694264948368073,0.9958499670028687,0.9771537780761719,0.15043131510416666,0.09478759765625
0,0.16525746881961823,0.9889705181121826,0.9544754028320312,0.19873046875,0.0
0,0.10869312286376953,0.9964756369590759,0.9804313778877258,0.13029988606770834,0.0
0,0.1254560351371765,0.9815244078636169,0.9397996068000793,0.15828450520833334,0.0
0,0.10772313922643661,0.9811307191848755,0.9108630418777466,0.13941446940104166,0.0
0,0.028958259150385857,0.9897909760475159,0.8899006247520447,0.034708658854166664,0.0
0,0.07436582446098328,0.9943799376487732,0.9690306782722473,0.08527628580729167,0.0
0,0.10656318813562393,0.9749168753623962,0.9250906705856323,0.12798055013020834,0.0
0,0.027742253616452217,0.8992984294891357,0.5584110021591187,0.026936848958333332,0.0
0,0.1270797997713089,0.9818056225776672,0.9433475732803345,0.16148885091145834,0.0
0,0.2710098922252655,0.9989956021308899,0.9928508996963501,0.3156331380208333,0.29229736328125
0,0.10000110417604446,0.9725714921951294,0.8856254816055298,0.11850992838541667,0.0
0,0.018134307116270065,0.8951566815376282,0.3726159334182739,0.014862060546875,0.0
0,0.3393743932247162,0.9951702952384949,0.9752947092056274,0.4239298502604167,0.3182576497395833
0,0.01916109025478363,0.9818405508995056,0.6552256941795349,0.015950520833333332,0.0
0,0.2187562733888626,0.9954261183738708,0.9430335760116577,0.30023193359375,0.0
0,0.12390238046646118,0.9889705181121826,0.9569571614265442,0.15074666341145834,0.0
0,0.22858184576034546,0.9945307374000549,0.9811307191848755,0.283966064453125,0.09328206380208333
0,0.103962741792202,0.9920002222061157,0.9318356513977051,0.12580362955729166,0.0
0,0.20760834217071533,0.9952632188796997,0.9802796840667725,0.24114990234375,0.10904947916666667
0,0.1380183845758438,0.994594156742096,0.9813107252120972,0.160858154296875,0.07623291015625
0,0.10179074853658676,0.9822876453399658,0.9589241147041321,0.12282307942708333,0.0
0,0.17202329635620117,0.9959456324577332,0.9783006310462952,0.20527140299479166,0.0
0,0.12470398098230362,0.9630224108695984,0.8964328765869141,0.15809122721354166,0.0
0,0.10018738359212875,0.9905142784118652,0.9475754499435425,0.11446126302083333,0.0
0,0.0311309602111578,0.9695556163787842,0.5628374218940735,0.033660888671875,0.0
0,0.002700108801946044,0.08540366590023041,0.02843603305518627,0.0,0.0
0,0.02455837093293667,0.9298236966133118,0.6757646203041077,0.026560465494791668,0.0
0,0.015882687643170357,0.6074885129928589,0.15713296830654144,0.0003662109375,0.0
0,0.007390256971120834,0.9049869179725647,0.0659613236784935,0.001220703125,0.0
0,0.002088171197101474,0.8260111808776855,0.029760092496871948,0.0007120768229166666,0.0
0,0.0005623710458166897,0.0714614987373352,0.009196552447974682,0.0,0.0
0,0.0007308999192900956,0.01822929084300995,0.005597597919404507,0.0,0.0
0,0.02353876642882824,0.609117329120636,0.29818472266197205,0.01312255859375,0.0
0,0.03570606932044029,0.917302668094635,0.6304574012756348,0.03302001953125,0.0
0,0.003072546562179923,0.38786423206329346,0.060640547424554825,9.1552734375e-05,0.0
0,0.02377554215490818,0.8908652067184448,0.5676933526992798,0.023417154947916668,0.0
0,0.028480134904384613,0.8862236142158508,0.6480076313018799,0.029083251953125,0.0
0,0.014634846709668636,0.9908389449119568,0.2030746191740036,0.004587809244791667,0.0
0,0.046783044934272766,0.854763388633728,0.6641048192977905,0.06574503580729167,0.0
0,0.07125810533761978,0.9571177959442139,0.854884684085846,0.09617106119791667,0.0
0,0.006525168661028147,0.21850258111953735,0.07250131666660309,0.0,0.0
0,0.0037011911626905203,0.7730450630187988,0.05953749269247055,0.0013936360677083333,0.0
0,0.023820852860808372,0.9707987308502197,0.83574378490448,0.0245361328125,0.0
0,0.03810981288552284,0.972362220287323,0.8308687806129456,0.035970052083333336,0.0
0,0.262065589427948,0.9954615235328674,0.983595073223114,0.3135782877604167,0.2547098795572917
0,0.0284485574811697,0.8908652067184448,0.6253237724304199,0.033376057942708336,0.0
0,0.056210707873106,0.934634268283844,0.8570409417152405,0.06318155924479167,0.0
0,0.026282770559191704,0.9639838933944702,0.6404076218605042,0.027313232421875,0.0
0,0.004634111188352108,0.3413628935813904,0.06052606552839279,8.138020833333333e-05,0.0
0,0.05692436173558235,0.9509603977203369,0.8551267385482788,0.061279296875,0.0
0,0.012866071425378323,0.9552357196807861,0.18892180919647217,0.008199055989583334,0.0
0,0.008133194409310818,0.7203682661056519,0.17809657752513885,0.005930582682291667,0.0
0,0.008686008863151073,0.37433314323425293,0.08122339099645615,0.0005900065104166666,0.0
0,0.030099160969257355,0.7687332034111023,0.6146796941757202,0.034230550130208336,0.0
0,0.0024631358683109283,0.08663207292556763,0.029760092496871948,0.0,0.0
0,0.008798595517873764,0.576482355594635,0.07120273262262344,0.0004374186197916667,0.0
0,0.26593995094299316,0.9975370168685913,0.9867772459983826,0.3292439778645833,0.3271484375
0,0.008333486504852772,0.5465868711471558,0.13500040769577026,0.0008646647135416666,0.0
0,0.06282029300928116,0.9333093762397766,0.8175745010375977,0.09260050455729167,0.0
0,0.01666737161576748,0.896251380443573,0.42572101950645447,0.018290201822916668,0.0
0,0.06388100236654282,0.9074763655662537,0.7629542946815491,0.08803304036458333,0.0
0,0.00605001812800765,0.37421879172325134,0.054597582668066025,0.0007120768229166666,0.0
0,0.2174280434846878,0.997065007686615,0.97809237241745,0.268096923828125,0.0
0,0.018777089193463326,0.9814534187316895,0.5828995108604431,0.016682942708333332,0.0
0,0.009941648691892624,0.6738358736038208,0.1296229213476181,0.002838134765625,0.0
0,0.004362540785223246,0.11377637088298798,0.02859835885465145,0.0,0.0
0,0.050171807408332825,0.9713473320007324,0.9015746116638184,0.051798502604166664,0.0
0,0.004378695506602526,0.8640812635421753,0.06243843585252762,0.004109700520833333,0.0
0,0.0006292880279943347,0.012527931481599808,0.0037654140032827854,0.0,0.0
0,0.00607275078073144,0.3493107259273529,0.0643000528216362,0.00022379557291666666,0.0
0,0.0008988037589006126,0.07107366621494293,0.007489625830203295,0.0,0.0
0,0.0007020492921583354,0.0772387832403183,0.012336100451648235,0.0,0.0
0,0.015377804636955261,0.985496461391449,0.5591624975204468,0.014862060546875,0.0
0,0.03877812623977661,0.975296139717102,0.8960696458816528,0.03997802734375,0.0
0,0.04430069401860237,0.9626730680465698,0.7849740982055664,0.043874104817708336,0.0
0,0.003752887947484851,0.30466195940971375,0.04724707826972008,6.103515625e-05,0.0
0,0.03468995913863182,0.9763556718826294,0.7255455851554871,0.041900634765625,0.0
0,0.02695889212191105,0.9817007184028625,0.8168407082557678,0.03680419921875,0.0
0,0.0016874215798452497,0.5015401840209961,0.025175970047712326,0.00014241536458333334,0.0
0,0.000595133111346513,0.19744443893432617,0.009558292105793953,0.0,0.0
0,0.001727644819766283,0.3315524458885193,0.015247589908540249,0.00013224283854166666,0.0
0,0.11387749761343002,0.9814888834953308,0.9175984263420105,0.14522298177083334,0.0
0,0.03756802901625633,0.9946150183677673,0.8005313873291016,0.03668212890625,0.0
0,0.022635623812675476,0.9683812260627747,0.6300022602081299,0.024017333984375,0.0
0,0.030214330181479454,0.9787533283233643,0.6591858267784119,0.029490152994791668,0.0
0,0.014879276044666767,0.9875683188438416,0.6454384326934814,0.01629638671875,0.0
0,0.004978377837687731,0.9322068691253662,0.050608620047569275,0.0027567545572916665,0.0
0,0.06125616654753685,0.999480664730072,0.9944666028022766,0.06583658854166667,0.0321044921875
0,0.044996339827775955,0.9882221817970276,0.9168526530265808,0.046763102213541664,0.0
0,0.1903405636548996,0.9864678382873535,0.9411120414733887,0.242034912109375,0.0
0,0.08154203742742538,0.9895513653755188,0.9692643284797668,0.08971150716145833,0.07332356770833333
0,0.0005034189671278,0.060418423265218735,0.004681822843849659,0.0,0.0
0,0.047156933695077896,0.9987503290176392,0.9866748452186584,0.052815755208333336,0.0
0,0.013194571249186993,0.7592254281044006,0.11757213622331619,0.0030314127604166665,0.0
0,0.020151479169726372,0.963230550289154,0.35075491666793823,0.015350341796875,0.0
0,0.02992251329123974,0.9912208914756775,0.9492946267127991,0.030222574869791668,0.0
0,0.1264016032218933,0.9581479430198669,0.8713621497154236,0.13861083984375,0.0
0,0.0004933003219775856,0.028544150292873383,0.004166255705058575,0.0,0.0
0,0.06072055175900459,0.9977216124534607,0.9602844715118408,0.06943766276041667,0.0
0,0.06722655892372131,0.9983124732971191,0.8206146359443665,0.06591145833333334,0.0
0,0.1721639484167099,0.9986329674720764,0.9794329404830933,0.21145833333333333,0.0
0,0.05098815634846687,0.9974491000175476,0.3943175673484802,0.022379557291666668,0.0
0,0.004974330775439739,0.2649284899234772,0.068533755838871,0.0,0.0
0,0.02618289925158024,0.9976310729980469,0.9596109390258789,0.028589768911712422,0.0
0,0.008869881741702557,0.9943799376487732,0.25702592730522156,0.009907940161104719,0.0
0,0.025258902460336685,0.9860442876815796,0.860254168510437,0.024626865671641792,0.0
0,0.3387698233127594,0.9937587976455688,0.9521309733390808,0.463175,0.41789166666666666
0,0.002328945556655526,0.24077458679676056,0.026708971709012985,0.0,0.0
0,0.0015554651618003845,0.7481683492660522,0.013480102643370628,0.00025185185185185185,0.0
0,0.026149041950702667,0.9097468256950378,0.4732573330402374,0.03031463505330869,0.0
0,0.016626473516225815,0.8161134123802185,0.31986451148986816,0.015696340549258343,0.0
0,0.04513199254870415,0.986828088760376,0.8424747586250305,0.050177482370878594,0.0
0,0.007918953895568848,0.7913377285003662,0.13240234553813934,0.003661564393421712,0.0
0,0.13469745218753815,0.9960545301437378,0.9621075391769409,0.16265555555555555,0.0
0,0.05427535995841026,0.9948603510856628,0.9527502655982971,0.047723236935565704,0.027993404363267377
0,0.2901610732078552,0.9981030225753784,0.9915215969085693,0.33153935185185185,0.3256365740740741
0,0.24840810894966125,0.9998390674591064,0.9757624268531799,0.3106764168190128,0.13753427787934186
0,0.2710701823234558,0.995866060256958,0.967348575592041,0.35764692164179107,0.3087103544776119
0,0.27057087421417236,0.9983707070350647,0.9786311388015747,0.33130152456239415,0.2387012987012987
0,0.02112909033894539,0.9710743427276611,0.4633537828922272,0.01762019230769231,0.0
0,0.2191883772611618,0.998095691204071,0.9790357351303101,0.2632736013986014,0.1593771853146853
0,0.1950833797454834,0.9982038736343384,0.9870795607566833,0.22778231292517007,0.12572789115646257
0,0.09835462272167206,0.9986541271209717,0.958304226398468,0.10962534267438319,0.0
0,0.1576526015996933,0.9976949095726013,0.8976953029632568,0.20421041666666667,0.09108958333333333
0,0.060440924018621445,0.9998427629470825,0.9858275651931763,0.06232580037664783,0.0
0,0.2069021612405777,0.9964893460273743,0.9720985889434814,0.24857668863516816,0.1640624194230432
0,0.3974200487136841,0.9975656270980835,0.9759464263916016,0.5153492271642626,0.49384902293785066
0,0.28581708669662476,0.9906600117683411,0.964655876159668,0.36124968481007025,0.17654344182459125
0,0.10084708780050278,0.9607312679290771,0.8158201575279236,0.11798333333333333,0.0
0,0.14990203082561493,0.997368335723877,0.9805806875228882,0.17160163776493256,0.11611753371868978
0,0.05696289986371994,0.9978760480880737,0.9681411385536194,0.052767857142857144,0.0
0,0.014946295879781246,0.9754368662834167,0.46019819378852844,0.013969171483622351,0.0
0,0.02618289925158024,0.9976310729980469,0.9596109390258789,0.028589768911712422,0.0
0,0.008869881741702557,0.9943799376487732,0.25702592730522156,0.009907940161104719,0.0
0,0.1664903312921524,0.9946358799934387,0.9159594178199768,0.250725,0.0
0,0.004240158013999462,0.9253649115562439,0.05975658819079399,0.00408,0.0
0,0.3206709921360016,0.9998365640640259,0.9839090704917908,0.40346516007532957,0.353933615819209
0,0.2304433286190033,0.9997546076774597,0.9740425944328308,0.3206544256120527,0.021454802259887006
0,0.002328945556655526,0.24077458679676056,0.026708971709012985,0.0,0.0
0,0.1623898446559906,0.9971439242362976,0.9723097085952759,0.19564727954971858,0.014676360225140713
0,0.060440924018621445,0.9998427629470825,0.9858275651931763,0.06232580037664783,0.0
0,0.13416297733783722,0.9757161140441895,0.8669230937957764,0.16365431235381536,0.03170274597932254
0,0.44229933619499207,0.9914224743843079,0.9735442399978638,0.5873279195668987,0.76138437741686
0,0.11097394675016403,0.9990378618240356,0.972882866859436,0.1180787852112676,0.056007922535211266
0,0.4933913052082062,0.9984021782875061,0.9921236038208008,0.5578553299492386,0.4991285956006768
0,0.01726408116519451,0.9320833086967468,0.5651715397834778,0.020192464192708332,0.0
0,0.0019005610374733806,0.2592626214027405,0.02838212437927723,0.0,0.0
0,0.002635817276313901,0.45347362756729126,0.03149937838315964,0.00018310546875,0.0
0,0.03308406099677086,0.9970421195030212,0.8190220594406128,0.037312825520833336,0.0
0,0.01652561128139496,0.9413313865661621,0.4549171030521393,0.015533447265625,0.0
0,0.09146866947412491,0.9734434485435486,0.8664718866348267,0.11756388346354167,0.0
0,0.0016209800960496068,0.13580411672592163,0.019050901755690575,0.0,0.0
0,0.0019829825032502413,0.496891051530838,0.024191483855247498,0.0003560384114583333,0.0
0,0.21379327774047852,0.9968273043632507,0.9906600117683411,0.25213623046875,0.14754231770833334
0,0.02700747363269329,0.9812749028205872,0.7168920040130615,0.025095621744791668,0.0
0,0.07842599600553513,0.9214990139007568,0.8433797955513,0.09705607096354167,0.0
0,0.03792142495512962,0.97334223985672,0.7405441999435425,0.035369873046875,0.0
0,0.008713551796972752,0.3735329806804657,0.14294108748435974,0.002044677734375,0.0
0,0.026780283078551292,0.9374402165412903,0.5628920793533325,0.025634765625,0.0
0,0.00013161399692762643,0.016466174274683,0.0013354008551687002,0.0,0.0
0,0.09369977563619614,0.9792749285697937,0.9462003111839294,0.11006673177083333,0.07918294270833333
0,0.06342393904924393,0.9245515465736389,0.8036365509033203,0.07960001627604167,0.0
0,0.0006399956182576716,0.06119922548532486,0.005774929653853178,0.0,0.0
0,0.03092016838490963,0.9421883225440979,0.5702553987503052,0.033345540364583336,0.0
0,0.012760304845869541,0.872347354888916,0.2312668114900589,0.008249918619791666,0.0
0,0.0031980702187865973,0.7937461733818054,0.03739502653479576,0.00152587890625,0.0
0,0.0005884934798814356,0.024423090741038322,0.004281254485249519,0.0,0.0
0,0.00187765306327492,0.47539225220680237,0.03240552172064781,0.0008748372395833334,0.0
0,0.009228021837770939,0.9207897186279297,0.29537835717201233,0.01068115234375,0.0
0,0.0049296473152935505,0.13161905109882355,0.0487670972943306,0.0,0.0
0,0.009945268742740154,0.9054896235466003,0.08662743866443634,0.004638671875,0.0
0,0.0025137935299426317,0.7961340546607971,0.026861203834414482,0.000823974609375,0.0
0,0.016374120488762856,0.907312273979187,0.43163689970970154,0.016764322916666668,0.0
0,0.01182070653885603,0.9170058369636536,0.36619871854782104,0.011688232421875,0.0
0,0.0010928614065051079,0.08093671500682831,0.015014749020338058,0.0,0.0
0,0.0015166805824264884,0.45305007696151733,0.01671922206878662,0.0003763834635416667,0.0
0,0.03457552567124367,0.942294716835022,0.8034777045249939,0.040608723958333336,0.0
0,0.033539947122335434,0.9597620368003845,0.7634837031364441,0.031239827473958332,0.0
0,0.06517552584409714,0.9792352318763733,0.8828265070915222,0.076812744140625,0.0
0,0.16831465065479279,0.981979250907898,0.9549003839492798,0.20549519856770834,0.0
0,0.04555221274495125,0.9887554049491882,0.9212159514427185,0.048858642578125,0.0
0,0.07851007580757141,0.9899863600730896,0.9459012746810913,0.08934529622395833,0.06309000651041667
0,0.004593502264469862,0.46077409386634827,0.07068780064582825,0.0005086263020833334,0.0
0,0.005628807935863733,0.7017130851745605,0.09186489880084991,0.0016886393229166667,0.0
0,0.06494942307472229,0.9863104820251465,0.9310837984085083,0.08147176106770833,0.0
0,0.07389822602272034,0.9654463529586792,0.8916168212890625,0.08965047200520833,0.0
0,0.0028998146299272776,0.3597014546394348,0.06097182631492615,0.00010172526041666667,0.0
0,0.0008826868725009263,0.07224299758672714,0.009449081495404243,0.0,0.0
0,0.0017281599575653672,0.2581389248371124,0.024423090741038322,0.0,0.0
0,0.002187563106417656,0.04509957134723663,0.02241293340921402,0.0,0.0
0,0.012666464783251286,0.9694401025772095,0.6367778182029724,0.014068603515625,0.0
0,0.0018726489506661892,0.2668346166610718,0.02722090110182762,0.0,0.0
0,0.0052473158575594425,0.6741577386856079,0.08006927371025085,0.0022074381510416665,0.0
0,0.06517089903354645,0.9621075391769409,0.8440237045288086,0.07984415690104167,0.0
0,0.11177579313516617,0.967777669429779,0.8887530565261841,0.14275105794270834,0.0
0,0.08199768513441086,0.9323301911354065,0.8141962289810181,0.10467529296875,0.0
0,0.005110633093863726,0.4287715256214142,0.07654563337564468,0.0033671061197916665,0.0
0,0.0010754776885733008,0.08494710177183151,0.03339982405304909,0.0,0.0
0,0.02460269071161747,0.9476723670959473,0.5620046257972717,0.023457845052083332,0.0
0,0.10152962058782578,0.9954439401626587,0.9707432389259338,0.110931396484375,0.09138997395833333
0,0.00823072250932455,0.5798168182373047,0.08787644654512405,0.001983642578125,0.0
0,0.01305623073130846,0.9164093732833862,0.2073751986026764,0.005645751953125,0.0
0,0.06576494127511978,0.9859364032745361,0.8365465998649597,0.07035319010416667,0.0
0,0.026486115530133247,0.9899476170539856,0.5822951197624207,0.02850341796875,0.0
0,0.12615914642810822,0.9956005811691284,0.9716700911521912,0.14960734049479166,0.0
0,0.010350741446018219,0.6423202753067017,0.13039611279964447,0.0013936360677083333,0.0
0,0.12190282344818115,0.9471859931945801,0.8862236142158508,0.16569010416666666,0.0
0,0.031885359436273575,0.8499711751937866,0.6002434492111206,0.032491048177083336,0.0
0,0.027635103091597557,0.963161289691925,0.7695949673652649,0.034454345703125,0.0
0,0.052148789167404175,0.9734938144683838,0.8541562557220459,0.05731201171875,0.0
0,0.0017443569377064705,0.18374003469944,0.01764446310698986,0.0,0.0
0,0.0349225215613842,0.998807430267334,0.9815951585769653,0.038482666015625,0.0
0,0.04297925904393196,0.9175984263420105,0.7343100905418396,0.046732584635416664,0.0
0,0.06611543148756027,0.9719924926757812,0.8600167632102966,0.08327229817708333,0.0
0,0.005372542887926102,0.7590468525886536,0.0732932984828949,0.0023600260416666665,0.0
0,0.006418466102331877,0.7622470855712891,0.11299101263284683,0.0026652018229166665,0.0
0,0.009590343572199345,0.7791538238525391,0.15456350147724152,0.006022135416666667,0.0
0,0.007579433266073465,0.5219889879226685,0.09234509617090225,0.0015665690104166667,0.0
0,0.5315108895301819,0.9963500499725342,0.9838472008705139,0.6953226725260416,0.81744384765625
0,0.004531984683126211,0.5356450080871582,0.05042406916618347,0.0016072591145833333,0.0
0,0.04339376464486122,0.9916841983795166,0.8942310214042664,0.042307535807291664,0.0
0,0.029866518452763557,0.9440738558769226,0.7745782732963562,0.032867431640625,0.0
0,0.03199486434459686,0.9936364889144897,0.9483405351638794,0.034403483072916664,0.0
0,0.014879955910146236,0.9582260847091675,0.3754740357398987,0.014007568359375,0.0
0,0.025247210636734962,0.9640516638755798,0.5944229364395142,0.024627685546875,0.0
0,0.06906212121248245,0.9864678382873535,0.8616406321525574,0.06836954752604167,0.0
0,0.02456691302359104,0.9865199327468872,0.5209824442863464,0.020792643229166668,0.0
0,0.020367750898003578,0.7559974193572998,0.31140488386154175,0.012227376302083334,0.0
0,0.18859565258026123,0.9950177073478699,0.986828088760376,0.22466023763020834,0.090362548828125
0,0.19602353870868683,0.982355535030365,0.945600688457489,0.2551066080729167,0.17582194010416666
0,0.13612782955169678,0.9867261648178101,0.9274948239326477,0.16605631510416666,0.0
0,0.04232967272400856,0.9074763655662537,0.602634072303772,0.045664469401041664,0.0
0,0.05192365124821663,0.9818056225776672,0.8226170539855957,0.05572509765625,0.0
0,0.17185258865356445,0.9878996014595032,0.9450961351394653,0.205902099609375,0.0
0,0.04462243989109993,0.9767136573791504,0.8272706270217896,0.048726399739583336,0.0
0,0.12658892571926117,0.9874235987663269,0.9437636137008667,0.15385945638020834,0.0
0,0.043426763266325,0.8976953029632568,0.5946065783500671,0.034830729166666664,0.0
0,0.0899466797709465,0.987375020980835,0.9716179370880127,0.10267130533854167,0.0
0,0.007579380180686712,0.7759445905685425,0.15946727991104126,0.004638671875,0.0
0,0.039231035858392715,0.9812749028205872,0.8194559812545776,0.0399169921875,0.0
0,0.13408832252025604,0.9732407331466675,0.929951012134552,0.15888468424479166,0.0
0,0.05143679305911064,0.9744347929954529,0.8752516508102417,0.056671142578125,0.0
0,0.06972876936197281,0.9873262047767639,0.9491977095603943,0.073883056640625,0.0
0,0.1767999678850174,0.9949199557304382,0.9832144975662231,0.21283976236979166,0.14024861653645834
0,0.0019550248980522156,0.13488984107971191,0.022371459752321243,0.0,0.0
0,0.13036425411701202,0.9901019334793091,0.9576753973960876,0.1617431640625,0.042683919270833336
0,0.044316332787275314,0.949669361114502,0.7420424222946167,0.042826334635416664,0.0
0,0.13162793219089508,0.9530133008956909,0.903464674949646,0.16779581705729166,0.0
0,0.02307971753180027,0.9156582355499268,0.5215893387794495,0.019632975260416668,0.0
0,0.051378026604652405,0.9554024338722229,0.7388462424278259,0.055348714192708336,0.0
0,0.09757200628519058,0.9813822507858276,0.9482505321502686,0.119384765625,0.0
0,0.0009163820068351924,0.02881619706749916,0.0076066721230745316,0.0,0.0
0,0.19534482061862946,0.996249258518219,0.9863104820251465,0.22943115234375,0.100555419921875
0,0.04187474772334099,0.9655115008354187,0.7219304442405701,0.029256184895833332,0.0
0,0.09405139833688736,0.9440738558769226,0.8687154054641724,0.11664835611979167,0.0
0,0.03698549047112465,0.9752489924430847,0.7764382362365723,0.04229736328125,0.0
0,0.00781854148954153,0.8401278853416443,0.14092281460762024,0.004150390625,0.0
0,0.1440267413854599,0.9859364032745361,0.9508664608001709,0.17006429036458334,0.05908203125
0,0.03676655888557434,0.9364014267921448,0.617219090461731,0.032185872395833336,0.0
0,0.03928563371300697,0.973087728023529,0.9213533401489258,0.037821451822916664,0.0
0,0.1345297247171402,0.9481545686721802,0.8508408069610596,0.17203776041666666,0.0
0,0.11218222975730896,0.9832144975662231,0.9219217896461487,0.12843831380208334,0.0
0,0.12283819168806076,0.9828891754150391,0.9472835659980774,0.149749755859375,0.0
0,0.024588778614997864,0.9657707214355469,0.5871686339378357,0.025227864583333332,0.0
0,0.004635677207261324,0.9713473320007324,0.050051309168338776,0.0042724609375,0.0
0,0.10850107669830322,0.984752357006073,0.9575167298316956,0.13661702473958334,0.0
0,0.12322726100683212,0.9808759689331055,0.9304582476615906,0.15885416666666666,0.0
0,0.24367834627628326,0.9979810118675232,0.9906237721443176,0.280517578125,0.14341227213541666
0,0.16340325772762299,0.9892648458480835,0.9701269268989563,0.19903564453125,0.15201822916666666
0,0.024190140888094902,0.9983189702033997,0.636664867401123,0.028299967447916668,0.0
0,0.10210663080215454,0.9625324606895447,0.9087799787521362,0.12583414713541666,0.0
0,0.13308624923229218,0.9734434485435486,0.9417614340782166,0.16774495442708334,0.0
0,0.09922373294830322,0.969956636428833,0.9092645049095154,0.12156168619791667,0.0
0,0.059262823313474655,0.9643886089324951,0.8292155861854553,0.069244384765625,0.0
0,0.0034273082856088877,0.23952718079090118,0.04092000797390938,0.0,0.0
0,0.06849046796560287,0.9712929129600525,0.8877896666526794,0.08823649088541667,0.0
0,0.08795975893735886,0.9686195850372314,0.93475341796875,0.10661824544270833,0.0
0,0.021907871589064598,0.9630224108695984,0.48990821838378906,0.018259684244791668,0.0
0,0.01855204813182354,0.9537942409515381,0.4712066948413849,0.014719645182291666,0.0
0,0.2715447247028351,0.9944666028022766,0.9824904799461365,0.322967529296875,0.3237101236979167
0,0.03207535669207573,0.9645892381668091,0.7707944512367249,0.032989501953125,0.0
0,0.1526889204978943,0.9849852323532104,0.9333093762397766,0.20015462239583334,0.0
0,0.003848947351798415,0.8166989684104919,0.05985983461141586,0.0007120768229166666,0.0
0,0.001969370525330305,0.6473524570465088,0.02169809490442276,0.000579833984375,0.0
0,0.04014827683568001,0.9855521321296692,0.843766450881958,0.044779459635416664,0.0
0,0.025123050436377525,0.9122800230979919,0.4461601674556732,0.0211181640625,0.0
0,0.02699795924127102,0.9972531199455261,0.9604331851005554,0.024648030598958332,0.0
0,0.005400662776082754,0.9523086547851562,0.057918090373277664,0.004445393880208333,0.0
0,0.05217592418193817,0.9427180886268616,0.6536732316017151,0.057637532552083336,0.0
0,0.1058390736579895,0.9910145401954651,0.9752004146575928,0.11912027994791667,0.0
0,0.08482209593057632,0.9922744631767273,0.9669140577316284,0.10146077473958333,0.0
0,0.059987831860780716,0.9583821892738342,0.8393353819847107,0.055908203125,0.0
0,0.05040265619754791,0.9789956212043762,0.9048137664794922,0.058603922526041664,0.0
0,0.1917009949684143,0.9948000907897949,0.9781354665756226,0.23442586263020834,0.24696858723958334
0,0.10537803918123245,0.9905142784118652,0.9710726737976074,0.12431844075520833,0.09493001302083333
0,0.021837348118424416,0.8877896666526794,0.4217899739742279,0.019561767578125,0.0
0,0.014746986329555511,0.9663469791412354,0.6423068046569824,0.016367594401041668,0.0
0,0.14921416342258453,0.9878528118133545,0.9680808186531067,0.17572021484375,0.053883870442708336
0,0.025218071416020393,0.9392480850219727,0.40614810585975647,0.0223388671875,0.0
0,0.06965550035238266,0.9908389449119568,0.9460012316703796,0.08005777994791667,0.0
0,0.22969241440296173,0.9923043847084045,0.9658976793289185,0.2784322102864583,0.0
0,0.1518097072839737,0.99826580286026,0.9930423498153687,0.18178304036458334,0.060170491536458336
0,0.1215854361653328,0.9919067621231079,0.9559813141822815,0.14795939127604166,0.0809326171875
0,0.04904869571328163,0.985042929649353,0.7643589973449707,0.0496826171875,0.0
0,0.10570976883172989,0.9857181310653687,0.954647421836853,0.121307373046875,0.06815592447916667
0,0.016977420076727867,0.9658995866775513,0.36724984645843506,0.013275146484375,0.0
0,0.012015670537948608,0.9193534255027771,0.28050893545150757,0.010416666666666666,0.0
0,0.07416735589504242,0.9726234674453735,0.9203569889068604,0.08518473307291667,0.0
0,0.03729463741183281,0.9219217896461487,0.6215707063674927,0.038859049479166664,0.0
0,0.04748070240020752,0.9382373094558716,0.7142236232757568,0.050984700520833336,0.0
0,0.10380954295396805,0.9980881810188293,0.9905508756637573,0.11762491861979167,0.08760579427083333
0,0.028780952095985413,0.9720456600189209,0.7836475968360901,0.033172607421875,0.0
0,0.03475058451294899,0.995566189289093,0.6767266988754272,0.04888916015625,0.0
0,0.12327367812395096,0.9934611320495605,0.9589986801147461,0.14605712890625,0.0
0,0.08656928688287735,0.9599877595901489,0.7243831157684326,0.10260009765625,0.0
0,0.009520982392132282,0.8942365646362305,0.1102793738245964,0.004628499348958333,0.0
0,0.05596422031521797,0.9943581223487854,0.9376689791679382,0.059804280598958336,0.0
0,0.03579031303524971,0.9613164663314819,0.585981011390686,0.030721028645833332,0.0
0,0.060816049575805664,0.9856629967689514,0.8525639176368713,0.07372029622395833,0.0
0,0.016431031748652458,0.9365176558494568,0.48251980543136597,0.016489664713541668,0.0
0,0.011937719769775867,0.9186264276504517,0.22988080978393555,0.009256998697916666,0.0
0,0.002067727968096733,0.1830088496208191,0.03390796110033989,0.0,0.0
0,0.054917145520448685,0.9475754499435425,0.7647159099578857,0.056467692057291664,0.0
0,0.009623249061405659,0.7680380344390869,0.14092636108398438,0.0030924479166666665,0.0
0,0.0036123294848948717,0.5253688097000122,0.043688613921403885,0.0009867350260416667,0.0
0,0.08222763985395432,0.982557475566864,0.8998278379440308,0.096588134765625,0.0
0,0.005696979817003012,0.6589663624763489,0.08897849172353745,0.0029296875,0.0
0,0.021578865125775337,0.929440438747406,0.6009180545806885,0.023427327473958332,0.0
0,0.011056727729737759,0.9027811288833618,0.28179478645324707,0.010630289713541666,0.0
0,0.005647651851177216,0.7339288592338562,0.08078718930482864,0.004018147786458333,0.0
0,0.003632777603343129,0.6078377962112427,0.056236349046230316,0.000762939453125,0.0
0,0.0017281599575653672,0.2581389248371124,0.024423090741038322,0.0,0.0
0,0.014029218815267086,0.8274101614952087,0.31215712428092957,0.012430826822916666,0.0
0,0.11689877510070801,0.9923341274261475,0.9714558720588684,0.13569132486979166,0.0
0,0.013521022163331509,0.914290726184845,0.3797791004180908,0.013895670572916666,0.0
0,0.036273811012506485,0.978260338306427,0.824603259563446,0.044535319010416664,0.0
0,0.001528774737380445,0.13753247261047363,0.02178117074072361,0.0,0.0
0,0.042954180389642715,0.9623913168907166,0.6699575781822205,0.038950602213541664,0.0
0,0.03324916586279869,0.9771537780761719,0.8746137022972107,0.033040364583333336,0.0
0,0.004404070787131786,0.6636689305305481,0.05320620536804199,0.0013529459635416667,0.0
0,0.0038002552464604378,0.9124361872673035,0.07133200019598007,0.00146484375,0.0
0,0.023389315232634544,0.9900250434875488,0.5733165740966797,0.020192464192708332,0.0
0,0.00861730519682169,0.7455836534500122,0.16064098477363586,0.0038553873697916665,0.0
0,0.015618526376783848,0.9700703024864197,0.4001796543598175,0.013946533203125,0.0
0,0.00662239408120513,0.8693822026252747,0.11396755278110504,0.004587809244791667,0.0
0,0.004653746262192726,0.8444089889526367,0.06572466343641281,0.0035909016927083335,0.0
0,0.012287578545510769,0.9548162817955017,0.2780548334121704,0.010335286458333334,0.0
0,0.17068572342395782,0.9973061084747314,0.9844563603401184,0.19805908203125,0.0
0,0.09461554139852524,0.9865199327468872,0.9539660811424255,0.11542765299479167,0.0
0,0.00639005983248353,0.8938665986061096,0.12053918838500977,0.003875732421875,0.0
0,0.026239121332764626,0.9905874133110046,0.7744128704071045,0.02655029296875,0.0
0,0.06823333352804184,0.973087728023529,0.8589518070220947,0.0765380859375,0.0
0,0.011809471994638443,0.9734434485435486,0.3008607029914856,0.010264078776041666,0.0
0,0.00039030218613334,0.01358439214527607,0.0037948342505842447,0.0,0.0
0,0.0032269891817122698,0.565958559513092,0.0501442514359951,0.0003560384114583333,0.0
0,0.218539297580719,0.9995307922363281,0.9649873375892639,0.26114375,0.11526041666666667
0,0.2010621726512909,0.9973061084747314,0.9517735838890076,0.248583984375,0.191142578125
0,0.07330667227506638,0.9996033310890198,0.9619649052619934,0.073455810546875,0.0
0,0.0005703786155208945,0.8022459149360657,0.009232213720679283,0.00017534246575342467,0.0
0,0.154933899641037,0.9901782274246216,0.9464978575706482,0.18448401826484018,0.0
0,0.448738694190979,0.9975844621658325,0.9771537780761719,0.5770009157509157,0.7144871794871794
0,0.245243638753891,0.9988440275192261,0.984752357006073,0.2978507992895204,0.14964031971580818
0,0.09658658504486084,0.9966233968734741,0.9509603977203369,0.11252906976744186,0.0
0,0.0469789057970047,0.9224823713302612,0.6454551815986633,0.05524812734082397,0.0
0,0.42807653546333313,0.9976310729980469,0.9896321892738342,0.518437037037037,0.589025925925926
0,0.2744376063346863,0.9986114501953125,0.975669801235199,0.34102836879432624,0.2328744263662912
0,0.0028648185543715954,0.9000037312507629,0.027481215074658394,0.001279296875,0.0
0,0.02729436755180359,0.9946358799934387,0.7613469362258911,0.028677380228608416,0.0
0,0.14385204017162323,0.9996416568756104,0.9462003111839294,0.1712708399421945,0.02990289380000705
0,0.42289504408836365,0.9971771240234375,0.9824904799461365,0.5276872108761085,0.6451043371108822
0,0.070687435567379,0.9989098310470581,0.9722043871879578,0.07565833333333333,0.0
0,0.39042600989341736,0.9961155652999878,0.9649873375892639,0.5490290806754221,0.6244371482176361
0,0.11398755759000778,0.99826580286026,0.9797840118408203,0.12922419460881,0.0
0,0.13146968185901642,0.9831499457359314,0.9257686138153076,0.15929375,0.08686041666666666
0,0.0785917267203331,0.9974290728569031,0.9628145694732666,0.0895243553008596,0.0
0,0.0008316939929500222,0.08663207292556763,0.009268012829124928,0.0,0.0
0,0.2390138953924179,0.9965837001800537,0.9853278994560242,0.2867635091145833,0.2806803385416667
0,0.1030791774392128,0.9702399373054504,0.8908652067184448,0.1236572265625,0.0
0,0.006185514852404594,0.8881781101226807,0.0905744731426239,0.0017293294270833333,0.0
0,0.008982245810329914,0.8684925436973572,0.15973316133022308,0.004669189453125,0.0
0,0.0575195737183094,0.9421883225440979,0.7588574886322021,0.06547037760416667,0.0
0,0.04304441437125206,0.9613890647888184,0.7671617269515991,0.049153645833333336,0.0
0,0.003265267936512828,0.8229018449783325,0.047514185309410095,0.00146484375,0.0
0,0.04807964339852333,0.9908034801483154,0.9171544313430786,0.052357991536458336,0.0
0,0.051072075963020325,0.977022647857666,0.8858231902122498,0.057932535807291664,0.0
0,0.00780927250161767,0.8420855402946472,0.20817409455776215,0.007975260416666666,0.0
0,0.09963855892419815,0.9950177073478699,0.9431384205818176,0.119110107421875,0.0
0,0.047349024564027786,0.982355535030365,0.9207897186279297,0.057108561197916664,0.0
0,0.09560102224349976,0.9640516638755798,0.871143102645874,0.1229248046875,0.0
0,0.006834224332123995,0.47964075207710266,0.07906372845172882,0.0009562174479166666,0.0
0,0.02015809156000614,0.7829945087432861,0.26817408204078674,0.009908040364583334,0.0
0,0.007069020997732878,0.9465966820716858,0.20672425627708435,0.008870442708333334,0.0
0,0.014403735287487507,0.9043130874633789,0.30392909049987793,0.011749267578125,0.0
0,0.05500784143805504,0.9907320141792297,0.9387973546981812,0.059468587239583336,0.0
0,0.004404070787131786,0.6636689305305481,0.05320620536804199,0.0013529459635416667,0.0
0,0.007276131305843592,0.7702920436859131,0.10087861120700836,0.003814697265625,0.0
0,0.0002561036089900881,0.019756918773055077,0.002714985515922308,0.0,0.0
0,0.012308656238019466,0.7169128060340881,0.1550784707069397,0.0029398600260416665,0.0
0,0.010291670449078083,0.7554566264152527,0.16599425673484802,0.003997802734375,0.0
0,0.04704898223280907,0.8814108967781067,0.5747492909431458,0.04302978515625,0.0
0,0.021903008222579956,0.9285385012626648,0.6479063034057617,0.021311442057291668,0.0
0,0.0014553404180333018,0.17133833467960358,0.014170732349157333,0.0,0.0
0,0.09617342799901962,0.9767136573791504,0.9252258539199829,0.108917236328125,0.0
0,0.007814510725438595,0.9129031896591187,0.1063188686966896,0.004353841145833333,0.0
0,0.00040565035305917263,0.028652667999267578,0.003524340922012925,0.0,0.0
0,0.0015514990082010627,0.4153730869293213,0.01609087362885475,0.0006001790364583334,0.0
0,0.0033912539947777987,0.8746137022972107,0.04885505884885788,0.002044677734375,0.0
0,0.06276335567235947,0.9894702434539795,0.9584577083587646,0.06891886393229167,0.0
0,0.005271049216389656,0.7364006042480469,0.08078718930482864,0.0018513997395833333,0.0
0,0.00047792520490475,0.06301946938037872,0.007815889082849026,0.0,0.0
0,0.0007449304684996605,0.07159119844436646,0.009266939014196396,0.0,0.0
0,0.01024091336876154,0.9470881819725037,0.27346864342689514,0.010203043619791666,0.0
0,0.015429648570716381,0.9877586960792542,0.7662883996963501,0.015167236328125,0.0
0,0.0013676726957783103,0.10338596999645233,0.014007952064275742,0.0,0.0
0,0.002309004543349147,0.8446654081344604,0.024984944611787796,0.0015157063802083333,0.0
0,0.008375129662454128,0.9038048982620239,0.11676401644945145,0.00445556640625,0.0
0,0.000455118395620957,0.015072628855705261,0.004007288720458746,0.0,0.0
0,0.0006129558314569294,0.0478690080344677,0.0059110685251653194,0.0,0.0
0,0.011735565960407257,0.6230328679084778,0.1382254958152771,0.0010579427083333333,0.0
0,0.007924308069050312,0.9284088015556335,0.19913817942142487,0.007476806640625,0.0
0,0.08184102177619934,0.9701269268989563,0.8862236142158508,0.10007731119791667,0.0
0,0.010659217834472656,0.9777138829231262,0.1817915290594101,0.008158365885416666,0.0
0,0.014178324490785599,0.9567959308624268,0.26150253415107727,0.009663899739583334,0.0
0,0.11458051204681396,0.9885804057121277,0.9594592452049255,0.13603719075520834,0.053548177083333336
0,0.2678848206996918,0.993854820728302,0.9793145656585693,0.3275858561197917,0.18086751302083334
0,0.0005479747196659446,0.04193052276968956,0.004982269834727049,0.0,0.0
0,0.003626846009865403,0.43104520440101624,0.03228325769305229,0.0003865559895833333,0.0
0,0.02183791808784008,0.967348575592041,0.825299859046936,0.023295084635416668,0.0
0,0.07491116970777512,0.9796676635742188,0.8710301518440247,0.08738199869791667,0.0
0,0.07732013612985611,0.9771537780761719,0.9138304591178894,0.08884684244791667,0.0
0,0.028912698850035667,0.6696368455886841,0.3855412006378174,0.031667073567708336,0.0
0,0.05991614982485771,0.9267027974128723,0.6817235946655273,0.05706787109375,0.0
0,0.031674548983573914,0.9763104915618896,0.7505417466163635,0.034952799479166664,0.0
0,0.01439723651856184,0.9594592452049255,0.3615986108779907,0.013905843098958334,0.0
0,0.016940737143158913,0.9828891754150391,0.3534248471260071,0.013539632161458334,0.0
0,0.06320276111364365,0.9890975952148438,0.9477691650390625,0.06489054361979167,0.0
0,0.11523175239562988,0.985496461391449,0.95413738489151,0.13428751627604166,0.09187825520833333
0,0.05992060899734497,0.9700703024864197,0.8543956875801086,0.072174072265625,0.0
0,0.032401192933321,0.8191711902618408,0.5457690358161926,0.041748046875,0.0
0,0.07198076695203781,0.8814108967781067,0.759933352470398,0.10962931315104167,0.0
0,0.0022157093044370413,0.08586245775222778,0.02811405621469021,0.0,0.0
0,0.0028909211978316307,0.11221037805080414,0.055310651659965515,0.0,0.0
0,0.012701504863798618,0.7980294823646545,0.20688925683498383,0.004923502604166667,0.0
0,0.009716304950416088,0.6374822854995728,0.12273333966732025,0.0012410481770833333,0.0
0,0.07811558246612549,0.9575962424278259,0.8902885317802429,0.09379069010416667,0.0
0,0.0024664702359586954,0.12304913252592087,0.04046483710408211,0.0,0.0
0,0.0035042688250541687,0.18862271308898926,0.06465348601341248,0.0,0.0
0,0.004052541684359312,0.42763569951057434,0.0787840187549591,0.00054931640625,0.0
0,0.0027884889859706163,0.4901212155818939,0.04410091042518616,0.0004984537760416666,0.0
0,0.0006713578477501869,0.07751766592264175,0.008412977680563927,0.0,0.0
0,0.003212329698726535,0.11676401644945145,0.03514285758137703,0.0,0.0
0,0.006353989243507385,0.22185605764389038,0.10429472476243973,0.0,0.0
0,0.01133145485073328,0.9240047931671143,0.1431841254234314,0.006724039713541667,0.0
0,0.00334657053463161,0.6772605776786804,0.04663543403148651,0.0026143391927083335,0.0
0,0.2425951510667801,0.9846936464309692,0.9515940546989441,0.314361572265625,0.1146240234375
0,0.040017180144786835,0.9019206762313843,0.633520245552063,0.053263346354166664,0.0
0,0.03881819546222687,0.9931228756904602,0.9013959169387817,0.042490641276041664,0.0
0,0.020981984212994576,0.8978744745254517,0.30002114176750183,0.011505126953125,0.0
0,0.0031602128874510527,0.33448076248168945,0.043042849749326706,0.00010172526041666667,0.0
0,0.0026792094577103853,0.7325918078422546,0.046899255365133286,0.00048828125,0.0
0,0.0016062274808064103,0.2391715943813324,0.019159607589244843,0.0,0.0
0,0.00220393855124712,0.22695492208003998,0.029871394857764244,0.0,0.0
0,0.0010376200079917908,0.132851704955101,0.014392335899174213,0.0,0.0
0,0.007739521563053131,0.5859306454658508,0.17539255321025848,0.00396728515625,0.0
0,0.18514461815357208,0.9918121099472046,0.9317114353179932,0.22583125,0.10705208333333334
0,0.2636091113090515,0.9415467381477356,0.8377527594566345,0.417088,0.44794133333333336
0,0.017394227907061577,0.9436599016189575,0.485334575176239,0.017720540364583332,0.0
0,0.018738942220807076,0.9952077269554138,0.27396270632743835,0.010487874348958334,0.0
0,0.009592660702764988,0.529080867767334,0.08818533271551132,0.000518798828125,0.0
0,0.001188689493574202,0.12315455079078674,0.017710262909531593,0.0,0.0
0,0.023725932464003563,0.945600688457489,0.48659747838974,0.022237141927083332,0.0
0,0.0027249485719949007,0.7634837031364441,0.02650461532175541,0.00115966796875,0.0
0,0.41289404034614563,0.998389720916748,0.9940658807754517,0.4391377766927083,0.4427083333333333
0,0.06183261796832085,0.9558166265487671,0.7723607420921326,0.05478888888888889,0.0
0,0.0012313711922615767,0.3377494215965271,0.02271575853228569,8.333333333333333e-05,0.0
0,0.0006884239264763892,0.5766611695289612,0.011508148163557053,5.6140350877192984e-05,0.0
0,0.005258677992969751,0.6279512047767639,0.07613248378038406,0.001943359375,0.0
0,0.07877723127603531,0.8818185925483704,0.6671476364135742,0.1055078125,0.0
0,0.003683430841192603,0.9990226030349731,0.0271176565438509,0.002353515625,0.0
0,0.007683824747800827,0.6605009436607361,0.14560064673423767,0.0030120206590794826,0.0
0,0.00017946743173524737,0.012100386433303356,0.0014103584690019488,0.0,0.0
0,0.09203499555587769,0.936168372631073,0.7890712022781372,0.13878147995795054,0.0
0,0.043150484561920166,0.9223425984382629,0.5801742672920227,0.048040364583333335,0.0
0,0.02905689738690853,0.8514594435691833,0.3891982436180115,0.022926093514328807,0.0
0,0.020833170041441917,0.8586000204086304,0.29158565402030945,0.011586452762923352,0.0
0,0.025590108707547188,0.9435559511184692,0.6551165580749512,0.028483072916666668,0.0
0,0.08119974285364151,0.987129271030426,0.9043130874633789,0.09575208333333333,0.04199166666666666
0,0.10016680508852005,0.9780097603797913,0.9038048982620239,0.11011824324324325,0.0
0,0.04457336291670799,0.9981178045272827,0.7597623467445374,0.04034375,0.0
0,0.012149856425821781,0.9482505321502686,0.16013464331626892,0.006082053742802304,0.0
0,0.03385292366147041,0.9877113699913025,0.8621196746826172,0.02911708253358925,0.0
0,0.06983920186758041,0.9636433720588684,0.8140527606010437,0.07629798464491362,0.0
0,0.1926395297050476,0.9801673293113708,0.9224823713302612,0.22800983436853003,0.08442546583850932
0,0.07884031534194946,0.9606574773788452,0.5943759083747864,0.06311776061776062,0.0
0,0.05841671675443649,0.7624240517616272,0.40697982907295227,0.03170608108108108,0.0
0,0.39371737837791443,0.9839090704917908,0.9616780281066895,0.5107432432432433,0.4962861969111969
0,0.028454598039388657,0.9125921130180359,0.6557770371437073,0.04274431818181818,0.0
0,0.00535760959610343,0.606789767742157,0.10087861120700836,0.0013708058503011185,0.0
0,0.027061164379119873,0.8519527316093445,0.4058607816696167,0.02152364769187199,0.0
0,0.0023041642270982265,0.21255874633789062,0.04931360110640526,0.0,0.0
0,0.0017994674853980541,0.6397360563278198,0.01833445020020008,0.00035190615835777126,0.0
0,0.3871056139469147,0.9848109483718872,0.9622496962547302,0.5138272499471667,0.4721190713401564
0,0.060611527413129807,0.9858821630477905,0.8380193710327148,0.05609967992684042,0.0
0,0.1371036171913147,0.9690324664115906,0.9209320545196533,0.17983996342021033,0.15684499314128944
0,0.050884928554296494,0.9718325734138489,0.7851455807685852,0.05026666666666667,0.0
0,0.056294020265340805,0.9925969839096069,0.9497627019882202,0.06436529680365297,0.0
0,0.2972021996974945,0.9984691739082336,0.9904775619506836,0.42127611262488646,0.4260626702997275
0,0.09919147193431854,0.9443824291229248,0.8125700354576111,0.13854794520547944,0.0
0,0.2509976327419281,0.994551956653595,0.9815951585769653,0.3593025362318841,0.14417572463768116
0,0.10255849361419678,0.9427180886268616,0.8367907404899597,0.11990467619904677,0.0
0,0.05005699396133423,0.9482505321502686,0.8156734108924866,0.06274528107412204,0.0
0,0.26497191190719604,0.9769787192344666,0.9329437017440796,0.33181634839860985,0.2052492839478005
0,0.2654738128185272,0.9921841025352478,0.9604353904724121,0.3575019545809924,0.31959217440317095
0,0.14561890065670013,0.9979332685470581,0.9797065258026123,0.17635721903407647,0.04496470468742065
0,0.0897805392742157,0.9766246676445007,0.8708171844482422,0.10540729112157683,0.05865166579452294
0,0.0364796482026577,0.9815951585769653,0.7665855288505554,0.041951925552980454,0.0
0,0.15529653429985046,0.9899863600730896,0.966156005859375,0.19936116536458334,0.11521402994791667
0,0.041673097759485245,0.915808916091919,0.7871142029762268,0.06493123372395833,0.0
0,0.03754701092839241,0.9244152307510376,0.6301160454750061,0.046986897786458336,0.0
0,0.06246788427233696,0.8834372758865356,0.543556272983551,0.047444661458333336,0.0
0,0.008826536126434803,0.31027624011039734,0.0844927504658699,0.00022379557291666666,0.0
0,0.004248559474945068,0.35420963168144226,0.06210312619805336,0.00054931640625,0.0
0,0.05640420317649841,0.9453993439674377,0.8564525246620178,0.079742431640625,0.0
0,0.032401192933321,0.8191711902618408,0.5457690358161926,0.041748046875,0.0
0,0.07198076695203781,0.8814108967781067,0.759933352470398,0.10962931315104167,0.0
0,0.002461786149069667,0.10818895697593689,0.033842120319604874,0.0,0.0
0,0.00025571012520231307,0.3483125567436218,0.001964661292731762,5.0862630208333336e-05,0.0
0,0.019318709149956703,0.9078037738800049,0.6275986433029175,0.021260579427083332,0.0
0,0.03594174236059189,0.5560681223869324,0.2995148301124573,0.015818277994791668,0.0
0,0.045834291726350784,0.9571177959442139,0.8390718102455139,0.050760904947916664,0.0
0,0.022498207166790962,0.822474479675293,0.39379289746284485,0.01873779296875,0.0
0,0.026140183210372925,0.9551520943641663,0.8423450589179993,0.032145182291666664,0.0
0,0.003980075940489769,0.7267166376113892,0.050893716514110565,0.0005696614583333334,0.0
0,0.0014671179233118892,0.06754669547080994,0.025035422295331955,0.0,0.0
0,0.0036347806453704834,0.6553360223770142,0.12829998135566711,0.0029296875,0.0
0,0.0012920036679133773,0.1875787377357483,0.03739713504910469,0.0,0.0
0,0.0015612742863595486,0.06131153553724289,0.016914913430809975,0.0,0.0
0,0.21382729709148407,0.9947186708450317,0.9814178347587585,0.2632039388020833,0.21240234375
0,0.05541292205452919,0.963711678981781,0.872017502784729,0.07121785481770833,0.0
0,0.057879865169525146,0.9181873202323914,0.8238958716392517,0.079010009765625,0.0
0,0.06396647542715073,0.97334223985672,0.7892287969589233,0.055308024088541664,0.0
0,0.0009055387345142663,0.129733145236969,0.01659317873418331,0.0,0.0
0,0.06288614124059677,0.9765800833702087,0.9177460074424744,0.08046468098958333,0.0
0,0.04610390588641167,0.9694401025772095,0.8942365646362305,0.059641520182291664,0.0
0,0.0422690249979496,0.9550683498382568,0.7045485377311707,0.042256673177083336,0.0
0,0.005051322281360626,0.21502088010311127,0.06560484319925308,0.0,0.0
0,0.024484356865286827,0.8862236142158508,0.538007915019989,0.025858561197916668,0.0
0,0.012620341964066029,0.8352149128913879,0.22798459231853485,0.007334391276041667,0.0
0,0.014808550477027893,0.9197867512702942,0.5509030818939209,0.019114176432291668,0.0
0,0.15543358027935028,0.9695556163787842,0.9087799787521362,0.21119181315104166,0.13319905598958334
0,0.05360880494117737,0.9086179733276367,0.7116313576698303,0.06797281901041667,0.0
0,0.0053080227226018906,0.8598991632461548,0.05953749269247055,0.004150390625,0.0
0,0.004237722139805555,0.2782568037509918,0.09790152311325073,2.0345052083333332e-05,0.0
0,0.002804717281833291,0.07835981249809265,0.02590802125632763,0.0,0.0
0,0.04531043395400047,0.8640812635421753,0.5009653568267822,0.032257080078125,0.0
0,0.01941881887614727,0.7989721894264221,0.4459189176559448,0.020345052083333332,0.0
0,0.019508950412273407,0.6161855459213257,0.24707795679569244,0.008321126302083334,0.0
0,0.09456994384527206,0.958304226398468,0.8683776259422302,0.128631591796875,0.0
0,0.003256523283198476,0.3529820144176483,0.0443485863506794,0.00054931640625,0.0
0,0.005774941295385361,0.4263215959072113,0.09203286468982697,0.00048828125,0.0
0,0.0032833805307745934,0.36658975481987,0.05561761185526848,0.00016276041666666666,0.0
0,0.0025796324480324984,0.0972188413143158,0.03718677535653114,0.0,0.0
0,0.00021124731574673206,0.005405900068581104,0.0013302016304805875,0.0,0.0
0,0.002171718515455723,0.1398656666278839,0.04646207019686699,0.0,0.0
0,0.15082763135433197,0.9401335716247559,0.8807939291000366,0.20294189453125,0.0
0,0.15460439026355743,0.9724147915840149,0.9385759830474854,0.22081502278645834,0.10965983072916667
0,0.0986877903342247,0.9565531015396118,0.9237300753593445,0.12714640299479166,0.053181966145833336
0,0.0021945384796708822,0.09585607796907425,0.029423579573631287,0.0,0.0
0,0.0004909126437269151,0.07765744626522064,0.004433765076100826,0.0,0.0
0,0.12283778190612793,0.9629528522491455,0.9184802770614624,0.169647216796875,0.07979329427083333
0,0.028489582240581512,0.9427180886268616,0.7121260762214661,0.035196940104166664,0.0
0,0.00015820727276150137,0.012053778395056725,0.0014835455222055316,0.0,0.0
0,0.008105281740427017,0.9799382090568542,0.1630452573299408,0.008249918619791666,0.0
0,0.0006269115256145597,0.014559519477188587,0.0032986511941999197,0.0,0.0
0,0.0603669174015522,0.9789956212043762,0.9019154906272888,0.08500162760416667,0.0
0,0.03614755719900131,0.9637799859046936,0.801314651966095,0.045338948567708336,0.0
0,0.07306116819381714,0.9749646186828613,0.9260365962982178,0.09633382161458333,0.041636149088541664
0,0.022532669827342033,0.8574102520942688,0.658633828163147,0.032552083333333336,0.0
0,0.0022932549472898245,0.24328269064426422,0.023870835080742836,0.0,0.0
0,0.05614885687828064,0.9660280346870422,0.8798680305480957,0.06992594401041667,0.0
0,0.022937864065170288,0.8904848694801331,0.4551335573196411,0.021779378255208332,0.0
0,0.005985107272863388,0.36806491017341614,0.17695587873458862,0.0013631184895833333,0.0
0,0.009988042525947094,0.8626990914344788,0.380729615688324,0.012257893880208334,0.0
0,0.0052030012011528015,0.31289464235305786,0.07963445037603378,0.00010172526041666667,0.0
0,0.04466063901782036,0.8704872727394104,0.5317197442054749,0.04022216796875,0.0
0,0.005566190928220749,0.8975157737731934,0.05042406916618347,0.005126953125,0.0
0,0.035024333745241165,0.9199306964874268,0.7476159334182739,0.044830322265625,0.0
0,0.0003867784107569605,0.019643761217594147,0.0030753696337342262,0.0,0.0
0,0.013288999907672405,0.5637382864952087,0.2840762436389923,0.011128743489583334,0.0
0,0.004033839330077171,0.13568955659866333,0.060418423265218735,0.0,0.0
0,0.03330640867352486,0.7749242186546326,0.4163219630718231,0.028645833333333332,0.0
0,0.003061869414523244,0.3377494215965271,0.0443485863506794,9.1552734375e-05,0.0
0,0.0020282568875700235,0.06608537584543228,0.035813190042972565,0.0,0.0
0,0.004126733634620905,0.6265812516212463,0.05975658819079399,0.000640869140625,0.0
0,0.01339133083820343,0.6344301104545593,0.185347780585289,0.00360107421875,0.0
0,0.0005355736357159913,0.12517228722572327,0.006957609672099352,0.0,0.0
0,0.0033994431141763926,0.5907201766967773,0.07004895806312561,0.00146484375,0.0
0,0.0057411231100559235,0.1431877166032791,0.05079945921897888,0.0,0.0
0,0.04116060212254524,0.8598991632461548,0.606551468372345,0.034372965494791664,0.0
0,0.0016868202947080135,0.2841785252094269,0.02173835039138794,2.0345052083333332e-05,0.0
0,0.0014213374815881252,0.13352817296981812,0.017984144389629364,0.0,0.0
0,0.0009069356601685286,0.05654813349246979,0.011243260465562344,0.0,0.0
0,0.0009572231210768223,0.08254930377006531,0.013273886404931545,0.0,0.0
0,0.018581874668598175,0.922062337398529,0.5246913433074951,0.019185384114583332,0.0
0,0.0005775582394562662,0.13892841339111328,0.009485713206231594,0.0,0.0
0,0.04671120643615723,0.9268352389335632,0.8211832642555237,0.057749430338541664,0.0
0,0.0008879792294465005,0.06608537584543228,0.015247589908540249,0.0,0.0
0,0.000276207021670416,0.009596454910933971,0.002074867021292448,0.0,0.0
0,0.006441142875701189,0.9001793265342712,0.0896090492606163,0.006520589192708333,0.0
0,0.002514013322070241,0.21288584172725677,0.02149176597595215,0.0,0.0
0,0.001452153897844255,0.14187484979629517,0.031084951013326645,0.0,0.0
0,0.0018678434425964952,0.06255973130464554,0.02546663023531437,0.0,0.0
0,0.0035042688250541687,0.18862271308898926,0.06465348601341248,0.0,0.0
0,0.0008296561427414417,0.3592517077922821,0.01422377023845911,2.0345052083333332e-05,0.0
0,0.0006433855160139501,0.012576347216963768,0.004166255705058575,0.0,0.0
0,0.00020463096734602004,0.018725160509347916,0.0015668057603761554,0.0,0.0
0,0.009343821555376053,0.7769615650177002,0.18475867807865143,0.0013020833333333333,0.0
0,0.0003588577965274453,0.01615283451974392,0.003063416574150324,0.0,0.0
0,0.0006275600171647966,0.012100386433303356,0.0032986511941999197,0.0,0.0
0,0.002522254129871726,0.1155608743429184,0.02203100360929966,0.0,0.0
0,0.0018021828727796674,0.14499424397945404,0.027169233188033104,0.0,0.0
0,0.0022526367101818323,0.08299414813518524,0.01822929084300995,0.0,0.0
0,0.0005410203593783081,0.046638038009405136,0.0057518756948411465,0.0,0.0
0,0.0017279675230383873,0.043691061437129974,0.017309095710515976,0.0,0.0
0,0.009231398813426495,0.662687361240387,0.21157479286193848,0.007100423177083333,0.0
0,0.0008957860991358757,0.12592275440692902,0.010570489801466465,0.0,0.0
0,0.004148726351559162,0.7191864252090454,0.09367801249027252,0.002471923828125,0.0
0,0.03649870678782463,0.9492005109786987,0.823470413684845,0.045003255208333336,0.0
0,0.0006216400652192533,0.019643761217594147,0.005179109983146191,0.0,0.0
0,0.0013207076117396355,0.05802474543452263,0.01590639352798462,0.0,0.0
0,0.0006957370205782354,0.04913078621029854,0.013480102643370628,0.0,0.0
0,0.0700850561261177,0.972362220287323,0.9138304591178894,0.07965087890625,0.0
0,0.010746425949037075,0.8074606657028198,0.18742996454238892,0.006927490234375,0.0
0,0.00024529933580197394,0.00821969285607338,0.001507048960775137,0.0,0.0
0,0.019556349143385887,0.74167400598526,0.22235210239887238,0.007395426432291667,0.0
0,0.1435013860464096,0.9904035329818726,0.9678385257720947,0.17145792643229166,0.043660481770833336
0,0.00030392364715225995,0.03832197189331055,0.005281333811581135,0.0,0.0
0,0.0005320105119608343,0.04724971204996109,0.005511934403330088,0.0,0.0
0,0.00011202731548110023,0.020606476813554764,0.0014895172789692879,0.0,0.0
0,0.009556468576192856,0.5135846138000488,0.212880939245224,0.005513509114583333,0.0
0,0.015450545586645603,0.8091251850128174,0.44552862644195557,0.021250406901041668,0.0
0,0.002930426737293601,0.9053223133087158,0.028274601325392723,0.0033365885416666665,0.0
0,8.765728125581518e-05,0.007232763804495335,0.0011469159508123994,0.0,0.0
0,0.0172722227871418,0.7086160182952881,0.2632204294204712,0.009307861328125,0.0
0,0.0005004633567295969,0.05079945921897888,0.013689476065337658,0.0,0.0
0,0.0034461263567209244,0.41294437646865845,0.10539455711841583,0.0004069010416666667,0.0
0,0.0015107424696907401,0.07558479905128479,0.02964751049876213,0.0,0.0
0,0.005406120326370001,0.4680003225803375,0.10266400873661041,0.0008544921875,0.0
0,0.00043521789484657347,0.019681409001350403,0.004681822843849659,0.0,0.0
0,0.00758683355525136,0.4951097071170807,0.17342394590377808,0.004007975260416667,0.0
0,0.0018618089379742742,0.6210238933563232,0.03155902028083801,4.0690104166666664e-05,0.0
0,0.01280557457357645,0.8327813148498535,0.3803543448448181,0.014760335286458334,0.0
0,0.0003121863992419094,0.025516603142023087,0.003510648850351572,0.0,0.0
0,6.0420396039262414e-05,0.007577240467071533,0.0006563728675246239,0.0,0.0
0,0.009755870327353477,0.8008478283882141,0.18227554857730865,0.0037027994791666665,0.0
0,0.0004152817709837109,0.018869254738092422,0.004485794808715582,0.0,0.0
0,0.020936891436576843,0.6278371214866638,0.28416958451271057,0.011830647786458334,0.0
0,0.0005464767455123365,0.2271263152360916,0.0059571536257863045,0.0,0.0
0,0.0034827336203306913,0.5243337750434875,0.05271347612142563,0.003173828125,0.0
0,0.0007832216215319932,0.03384403511881828,0.0075479233637452126,0.0,0.0
0,0.0016017057932913303,0.10989668220281601,0.024702459573745728,0.0,0.0
0,0.0003215226752217859,0.022158870473504066,0.004810983315110207,0.0,0.0
0,0.0028004709165543318,0.2501792907714844,0.04518122971057892,0.0,0.0
0,0.0006144397775642574,0.05439931899309158,0.007815889082849026,0.0,0.0
0,0.03902077674865723,0.9430335760116577,0.7781338095664978,0.047505696614583336,0.0
0,0.01650421693921089,0.7940657734870911,0.3397180736064911,0.013987223307291666,0.0
0,0.0007824699277989566,0.03494669497013092,0.01822929084300995,0.0,0.0
0,0.005778091493993998,0.391289621591568,0.10017221421003342,0.0015360514322916667,0.0
0,0.0003296697686892003,0.018582148477435112,0.002856012200936675,0.0,0.0
0,0.04529421404004097,0.9315870404243469,0.7284586429595947,0.0469970703125,0.0
0,0.00032329399255104363,0.01379536371678114,0.002693914109840989,0.0,0.0
0,0.0013051357818767428,0.0555151142179966,0.014842418022453785,0.0,0.0
0,0.00018795103824231774,0.01634012907743454,0.0012160416226834059,0.0,0.0
0,0.0005162383895367384,0.15546274185180664,0.004982269834727049,0.0,0.0
0,0.0013318263227120042,0.0938439592719078,0.016277462244033813,0.0,0.0
0,0.04714951291680336,0.9026095867156982,0.7683857679367065,0.062164306640625,0.0
0,0.00031867335201241076,0.05360114201903343,0.0031974867451936007,0.0,0.0
0,0.006362689193338156,0.6923300623893738,0.1352320909500122,0.0037841796875,0.0
0,0.0014022999675944448,0.6948205828666687,0.011029470711946487,0.0005900065104166666,0.0
0,0.13417194783687592,0.9814534187316895,0.9280183911323547,0.16444905598958334,0.0
0,0.06993398815393448,0.8787311315536499,0.7030400037765503,0.08428955078125,0.0
0,0.016039786860346794,0.4887866973876953,0.08740324527025223,0.0006306966145833334,0.0
0,0.0007502951775677502,0.03760863468050957,0.008030813187360764,0.0,0.0
0,0.0028825215995311737,0.08945459872484207,0.02527489885687828,0.0,0.0
0,0.00031263669370673597,0.012288597412407398,0.002800926798954606,0.0,0.0
0,0.0013715755194425583,0.10762491822242737,0.017176708206534386,0.0,0.0
0,0.014040697365999222,0.8414351940155029,0.23988313972949982,0.008738199869791666,0.0
0,0.0011017912765964866,0.045777272433042526,0.022457052022218704,0.0,0.0
0,0.0016749437199905515,0.24689632654190063,0.014672034420073032,0.0,0.0
0,0.0005088096368126571,0.1949802190065384,0.005199880339205265,0.0,0.0
0,0.036044806241989136,0.9732407331466675,0.8136088848114014,0.046579996744791664,0.0
0,0.012286101467907429,0.7862948179244995,0.43901848793029785,0.015757242838541668,0.0
0,0.029499558731913567,0.7424216866493225,0.42590367794036865,0.0303955078125,0.0
0,0.0005595511756837368,0.04001227021217346,0.010448625311255455,0.0,0.0
0,0.002266365336254239,0.1748325377702713,0.06383161246776581,0.0,0.0
0,0.00888362992554903,0.7615385055541992,0.11656273901462555,0.004150390625,0.0
0,0.0009770545875653625,0.0427221953868866,0.009746103547513485,0.0,0.0
0,0.0014273881679400802,0.10284407436847687,0.016848141327500343,0.0,0.0
0,0.015111983753740788,0.7365901470184326,0.1863866150379181,0.004852294921875,0.0
0,0.005389725789427757,0.9519526958465576,0.07696083933115005,0.004231770833333333,0.0
0,0.00012588061508722603,0.02517884038388729,0.0011424495605751872,0.0,0.0
0,0.04584630951285362,0.9091032147407532,0.7312447428703308,0.04949951171875,0.0
0,0.006950316950678825,0.7604727745056152,0.11008788645267487,0.0021464029947916665,0.0
0,0.0030323106329888105,0.34764784574508667,0.03131934255361557,0.00020345052083333334,0.0
0,0.0007736866245977581,0.07017629593610764,0.00955939944833517,0.0,0.0
0,0.13771900534629822,0.9940197467803955,0.9751071333885193,0.16704305013020834,0.0
0,0.0035042341332882643,0.5401962399482727,0.06198946014046669,0.0006205240885416666,0.0
0,0.008937724865972996,0.9689738154411316,0.20117060840129852,0.0087890625,0.0
0,0.026678994297981262,0.9557340741157532,0.6715718507766724,0.031341552734375,0.0
0,0.03376477584242821,0.9564718008041382,0.7638309597969055,0.041066487630208336,0.0
0,0.0222462210804224,0.953880250453949,0.6822466850280762,0.023193359375,0.0
0,0.0003065244236495346,0.020100237801671028,0.0027683854568749666,0.0,0.0
0,0.015413220040500164,0.9769347906112671,0.4451577365398407,0.017751057942708332,0.0
0,0.08742941170930862,0.9897513389587402,0.9698996543884277,0.10393269856770833,0.0
0,0.0008888288284651935,0.11656273901462555,0.01219413336366415,0.0,0.0
0,0.001991136698052287,0.18862271308898926,0.02494025230407715,0.0,0.0
0,0.0024366676807403564,0.6780072450637817,0.04724707826972008,0.00018310546875,0.0
0,0.019187146797776222,0.7862948179244995,0.34664857387542725,0.0140380859375,0.0
0,0.001266144565306604,0.2130495309829712,0.012870748527348042,0.0,0.0
0,0.04791545495390892,0.9811307191848755,0.8747207522392273,0.052775065104166664,0.0
0,0.19138211011886597,0.9865199327468872,0.9527502655982971,0.236663818359375,0.09781901041666667
0,0.001196785131469369,0.17809657752513885,0.018761081621050835,0.0,0.0
0,0.03127077594399452,0.963161289691925,0.7568970322608948,0.029225667317708332,0.0
0,0.01953728497028351,0.9617499113082886,0.6595016717910767,0.019744873046875,0.0
0,0.18483348190784454,0.9927951693534851,0.9798997044563293,0.22636922200520834,0.123077392578125
0,0.0028267446905374527,0.09009299427270889,0.031439851969480515,0.0,0.0
0,0.02849700301885605,0.9929881691932678,0.9071428775787354,0.024454752604166668,0.0
0,0.00029677257407456636,0.01009131595492363,0.0021824617870151997,0.0,0.0
0,0.14688806235790253,0.9993281364440918,0.9946143627166748,0.16094970703125,0.026865641276041668
0,0.023194553330540657,0.9063219428062439,0.5339093804359436,0.025899251302083332,0.0
0,0.2564482092857361,0.9880849719047546,0.9537081718444824,0.325776,0.126272
0,0.3686106204986572,0.9674102663993835,0.9100669622421265,0.5374133333333333,0.427136
0,0.04943850636482239,0.937210738658905,0.5631401538848877,0.037792,0.0
0,0.0947691947221756,0.9534487724304199,0.8576489090919495,0.122304,0.0
0,0.12395858764648438,0.9906237721443176,0.9462966918945312,0.14705403645833334,0.0
0,0.03754986450076103,0.9584600329399109,0.7620595097541809,0.033304850260416664,0.0
0,0.0047689564526081085,0.9989266991615295,0.012383784167468548,0.0048177083333333336,0.0
0,0.055352386087179184,0.9949592351913452,0.8070047497749329,0.05533125,0.0
0,0.5174469351768494,0.9986749291419983,0.9920926690101624,0.6215308151093439,0.6701963220675944
0,0.011773866601288319,0.9194981455802917,0.23633992671966553,0.008916666666666666,0.0
0,0.03088240884244442,0.9385759830474854,0.6955448985099792,0.030325,0.0
0,0.3816254734992981,0.9928508996963501,0.945600688457489,0.49563256970701824,0.40767232141051823
0,0.1470896601676941,0.9902161359786987,0.8877896666526794,0.16528305404712518,0.0
0,0.07934878021478653,0.9728823304176331,0.9015746116638184,0.0966713747645951,0.0
0,0.029439184814691544,0.9884918928146362,0.8940535187721252,0.029481268011527378,0.0
0,0.40743356943130493,0.9848109483718872,0.9441768527030945,0.5736103006963084,0.6802582954059205
0,0.21132129430770874,0.9985619187355042,0.9881309270858765,0.2542134831460674,0.0
0,0.08509167283773422,0.9942250847816467,0.934634268283844,0.08790368271954674,0.0
0,0.11235667765140533,0.9941118359565735,0.9285385012626648,0.13025714285714285,0.0
0,0.11691198498010635,0.9992648959159851,0.9902538657188416,0.12286069651741294,0.06228441127694859
0,0.003703921101987362,0.12710988521575928,0.03114441968500614,0.0,0.0
0,0.0032089967280626297,0.13117322325706482,0.027066174894571304,0.0,0.0
0,0.2564448416233063,0.9976403713226318,0.9703524708747864,0.30839544513457556,0.16968426501035197
0,0.5565723180770874,0.9979251623153687,0.986151933670044,0.700636288998358,0.825927750410509
0,0.33824995160102844,0.9858275651931763,0.9385759830474854,0.4423768472906404,0.2781527093596059
0,0.35994023084640503,0.9928786158561707,0.9593832492828369,0.4519975186104218,0.5104011579818032
0,0.34786105155944824,0.9981251358985901,0.9694401025772095,0.43912128712871284,0.47229785478547853
0,0.09747135639190674,0.9925969839096069,0.9230405688285828,0.10569547325102881,0.0430082304526749
0,0.20291167497634888,0.9998074173927307,0.9738444089889526,0.24494676494676496,0.20317772317772317
0,0.13315410912036896,0.9799382090568542,0.9063219428062439,0.15589337947513698,0.0
0,0.5151698589324951,0.9964480400085449,0.9891815781593323,0.6313221721907225,0.6289458950074521
0,0.011411979794502258,0.9231777787208557,0.2559252977371216,0.009615384615384616,0.0
0,0.12438347935676575,0.9968884587287903,0.9439706206321716,0.14713958333333332,0.0
0,0.28063592314720154,0.991355836391449,0.9605836272239685,0.35828460038986354,0.16211332930026215
0,0.04296201094985008,0.9962782263755798,0.9382157921791077,0.03618584110675499,0.012919652111216259
0,0.060518018901348114,0.9519526958465576,0.7013041377067566,0.06359145220588236,0.0
0,0.052409831434488297,0.9829546809196472,0.7281697392463684,0.04647526501766784,0.0
0,0.02594221942126751,0.9589241147041321,0.7331653833389282,0.0284112779060816,0.0
0,0.5680855512619019,0.9951136708259583,0.9838472008705139,0.6710423970726287,0.7008333812288062
0,0.006514726672321558,0.6088266372680664,0.050962649285793304,0.0009476099739791423,0.0
0,0.07847680151462555,0.9842154383659363,0.8653379082679749,0.0992351903230016,0.0
0,0.0009433895465917885,0.40497803688049316,0.013955711387097836,5.0862630208333336e-05,0.0
0,0.04952642321586609,0.8657925128936768,0.6219967603683472,0.062713623046875,0.0
0,0.23413018882274628,0.9893062710762024,0.9725192785263062,0.2804361979166667,0.07298787434895833
0,0.3397301733493805,0.9974090456962585,0.9832125902175903,0.415679931640625,0.24273681640625
0,0.10169569402933121,0.9493886232376099,0.85930997133255,0.13232421875,0.0
0,0.21348528563976288,0.9897513389587402,0.961605966091156,0.276397705078125,0.0
0,0.291801780462265,0.9880388379096985,0.9746273159980774,0.3664449055989583,0.19884236653645834
0,0.034897640347480774,0.9783433079719543,0.8068480491638184,0.040496826171875,0.0
0,0.24849718809127808,0.9954967498779297,0.9789151549339294,0.3167826334635417,0.2787984212239583
0,0.0075378138571977615,0.5600121021270752,0.10502681136131287,0.001068115234375,0.0
0,0.13065527379512787,0.9914886951446533,0.9734434485435486,0.15425618489583334,0.0
0,0.06335105746984482,0.9860442876815796,0.9367460012435913,0.06783040364583333,0.0
0,0.08838077634572983,0.9820137619972229,0.9421883225440979,0.10752360026041667,0.0
0,0.010136785916984081,0.8440237045288086,0.12874078750610352,0.0028483072916666665,0.0
0,0.031095260754227638,0.9632996320724487,0.6552058458328247,0.032684326171875,0.0
0,0.05069906637072563,0.9681411385536194,0.8873999118804932,0.060211181640625,0.0
0,0.03804093599319458,0.9848692417144775,0.7358314990997314,0.039815266927083336,0.0
0,0.04761577770113945,0.9626730680465698,0.8300354480743408,0.053131103515625,0.0
0,0.3888034522533417,0.9945095181465149,0.9858275651931763,0.459503173828125,0.4704691569010417
0,0.04125038906931877,0.9552357196807861,0.7866228222846985,0.043233235677083336,0.0
0,0.0025770266074687243,0.23353151977062225,0.027479128912091255,0.0,0.0
0,0.0471009761095047,0.9628131985664368,0.7989627718925476,0.043284098307291664,0.0
0,0.12205783277750015,0.9908389449119568,0.941972017288208,0.14915974934895834,0.0
0,0.1195397600531578,0.9715099930763245,0.9209320545196533,0.14142862955729166,0.0
0,0.03763969987630844,0.9794329404830933,0.8327813148498535,0.03759765625,0.0
0,0.013951577246189117,0.992061972618103,0.4115607440471649,0.014912923177083334,0.0
0,0.2162698358297348,0.9958980679512024,0.9879462122917175,0.2578531901041667,0.12993367513020834
0,0.14312469959259033,0.9909797310829163,0.9743373394012451,0.16788736979166666,0.08775838216145833
0,0.02798033319413662,0.9706321954727173,0.5867992639541626,0.022501627604166668,0.0
0,0.06805052608251572,0.954647421836853,0.7851340174674988,0.07875569661458333,0.0
0,0.2037784308195114,0.9798612594604492,0.951323390007019,0.24080403645833334,0.1109619140625
0,0.08733396977186203,0.9899086952209473,0.9599854946136475,0.10093180338541667,0.0
0,0.059904079884290695,0.9635748267173767,0.8440198302268982,0.071807861328125,0.0
0,0.06836220622062683,0.9571978449821472,0.814643383026123,0.08140055338541667,0.0
0,0.2842700779438019,0.989591658115387,0.9728307723999023,0.3680623372395833,0.15299479166666666
0,0.010490018874406815,0.6370307803153992,0.1313859522342682,0.002685546875,0.0
0,0.024959459900856018,0.9820826053619385,0.8279631733894348,0.025126139322916668,0.0
0,0.13151490688323975,0.9845160245895386,0.936168372631073,0.16291300455729166,0.0
0,0.11752411723136902,0.9891815781593323,0.9590010046958923,0.13608805338541666,0.0
0,0.07918230444192886,0.9950177073478699,0.9328213930130005,0.09857177734375,0.0
0,0.08487889170646667,0.9908389449119568,0.9649873375892639,0.092010498046875,0.0
0,0.13977257907390594,0.9838472008705139,0.903464674949646,0.1871337890625,0.0
0,0.047453057020902634,0.9852146506309509,0.9392480850219727,0.047332763671875,0.0
0,0.08765701204538345,0.9925969839096069,0.956871747970581,0.09397379557291667,0.0
0,0.010048446245491505,0.8868131041526794,0.2787443995475769,0.010325113932291666,0.0
0,0.13746626675128937,0.9641867876052856,0.918475866317749,0.174774169921875,0.0
0,0.02070671133697033,0.8824278712272644,0.4131183922290802,0.017405192057291668,0.0
0,0.2103365659713745,0.9856076240539551,0.9571177959442139,0.2617899576822917,0.104461669921875
0,0.03998851403594017,0.8925625681877136,0.6597307920455933,0.044118245442708336,0.0
0,0.041492488235235214,0.7409248948097229,0.34609583020210266,0.01806640625,0.0
0,0.09430249780416489,0.9871788024902344,0.9318356513977051,0.1136474609375,0.0
0,0.04220159724354744,0.9452984929084778,0.8118207454681396,0.048583984375,0.0
0,0.1709282398223877,0.9374402165412903,0.8707039952278137,0.23909505208333334,0.0
0,0.24786686897277832,0.9972955584526062,0.9862577319145203,0.3014322916666667,0.115570068359375
0,0.02614511363208294,0.8509647250175476,0.40933528542518616,0.020161946614583332,0.0
0,0.005727605428546667,0.5743350386619568,0.06488656997680664,0.000518798828125,0.0
0,0.002039002487435937,0.1296229213476181,0.02489280141890049,0.0,0.0
0,0.2040279358625412,0.975669801235199,0.9212117195129395,0.279632568359375,0.0
0,0.0007585466373711824,0.09773432463407516,0.01005236990749836,0.0,0.0
0,0.022671611979603767,0.9701834917068481,0.6185224056243896,0.022613525390625,0.0
0,0.028850538656115532,0.9443824291229248,0.7740611433982849,0.030924479166666668,0.0
0,0.10291800647974014,0.9711290597915649,0.8973305225372314,0.13484700520833334,0.0
0,0.0009069655206985772,0.27659282088279724,0.011869121342897415,2.0345052083333332e-05,0.0
0,4.202315540169366e-05,0.01805533468723297,0.0005172813544049859,0.0,0.0
0,0.016661381348967552,0.8782098889350891,0.3421218991279602,0.014546712239583334,0.0
0,0.0053403922356665134,0.889720618724823,0.098941370844841,0.004384358723958333,0.0
0,0.1422947198152542,0.9762653708457947,0.9091032147407532,0.18975830078125,0.0
0,0.12086043506860733,0.9940428137779236,0.9632996320724487,0.15718587239583334,0.0
0,0.05331877991557121,0.9920926690101624,0.936168372631073,0.0604248046875,0.0
0,0.009703447110950947,0.754553496837616,0.15674921870231628,0.005086263020833333,0.0
0,0.014614907093346119,0.8889517188072205,0.33534756302833557,0.0125732421875,0.0
0,0.06397412717342377,0.9713473320007324,0.8677098155021667,0.07981363932291667,0.0
0,0.34930291771888733,0.9913222789764404,0.9790357351303101,0.417999267578125,0.3847249348958333
0,0.0016989479772746563,0.6835251450538635,0.021490534767508507,0.00019327799479166666,0.0
0,0.14081184566020966,0.9848692417144775,0.9502266049385071,0.17444864908854166,0.0
0,0.006792143452912569,0.9110215306282043,0.11240508407354355,0.003692626953125,0.0
0,0.15548968315124512,0.9872281551361084,0.95735764503479,0.19587198893229166,0.1015625
0,0.03819713369011879,0.9669140577316284,0.8300396203994751,0.043304443359375,0.0
0,0.02232513763010502,0.9695556163787842,0.7182862162590027,0.02484130859375,0.0
0,0.011808648705482483,0.7583316564559937,0.23508210480213165,0.008453369140625,0.0
0,0.033928997814655304,0.9594592452049255,0.8535469174385071,0.034749348958333336,0.0
0,0.023303037509322166,0.9845753908157349,0.6394602656364441,0.020477294921875,0.0
0,0.0017683409387245774,0.18907149136066437,0.026861203834414482,0.0,0.0
0,0.027649158611893654,0.9556514620780945,0.74167400598526,0.025858561197916668,0.0
0,0.01932661421597004,0.9793145656585693,0.8819975852966309,0.0169677734375,0.0
0,0.01518439780920744,0.946793794631958,0.3640989661216736,0.013102213541666666,0.0
0,0.00908788200467825,0.8077641129493713,0.18417543172836304,0.005391438802083333,0.0
0,0.0009034702088683844,0.6966810822486877,0.013325147330760956,0.00016276041666666666,0.0
0,0.044618505984544754,0.976669192314148,0.8738589286804199,0.047800699869791664,0.0
0,0.014626321382820606,0.9282788634300232,0.2402394413948059,0.008575439453125,0.0
0,0.06990465521812439,0.8940516710281372,0.6633353233337402,0.07896931966145833,0.0
0,0.05927911028265953,0.9790757894515991,0.8899121284484863,0.066864013671875,0.0
0,0.017159830778837204,0.8850365877151489,0.26777371764183044,0.009908040364583334,0.0
0,0.000709298939909786,0.05561761185526848,0.007999754510819912,0.0,0.0
0,0.00019545813847798854,0.036838702857494354,0.001507048960775137,0.0,0.0
0,0.05698682367801666,0.9488224983215332,0.6672528386116028,0.055308024088541664,0.0
0,0.16577257215976715,0.9865716695785522,0.9543930292129517,0.20924886067708334,0.0
0,0.001161587075330317,0.2206781655550003,0.014899643138051033,0.0,0.0
0,0.021104658022522926,0.9312127232551575,0.5844905376434326,0.021036783854166668,0.0
0,0.2132764607667923,0.9969005584716797,0.9820826053619385,0.2589111328125,0.17093912760416666
0,0.002901790663599968,0.7927852869033813,0.04535258188843727,0.00164794921875,0.0
0,0.03951053321361542,0.9571978449821472,0.7638204097747803,0.044881184895833336,0.0
0,0.0070700799115002155,0.8590735793113708,0.16025814414024353,0.005767822265625,0.0
0,0.00033151553361676633,0.0384661927819252,0.005179712548851967,0.0,0.0
0,0.11413601785898209,0.9819099307060242,0.9343951344490051,0.1322021484375,0.060984293619791664
0,0.12156710773706436,0.9951136708259583,0.9653158187866211,0.1475830078125,0.11188761393229167
0,0.056993599981069565,0.9791157841682434,0.8960696458816528,0.06464640299479167,0.0
0,0.07544997334480286,0.9604353904724121,0.8763140439987183,0.08343505859375,0.0
0,0.0037608726415783167,0.685528576374054,0.06075189635157585,0.0011088053385416667,0.0
0,0.031834911555051804,0.9962345957756042,0.9290551543235779,0.034617106119791664,0.0
0,0.0005118702538311481,0.11797800660133362,0.010288301855325699,0.0,0.0
0,0.21040284633636475,0.9849274158477783,0.935224711894989,0.27496337890625,0.0
0,0.055722977966070175,0.9779677391052246,0.922062337398529,0.061553955078125,0.0
0,0.01943056471645832,0.9694979190826416,0.6609190106391907,0.022165934244791668,0.0
0,0.05238882079720497,0.9630919694900513,0.8719117641448975,0.058553059895833336,0.0
0,0.012374264188110828,0.8842393159866333,0.26473268866539,0.0098876953125,0.0
0,0.0005900967516936362,0.032466813921928406,0.008283627219498158,0.0,0.0
0,0.004790377337485552,0.6271523237228394,0.08419108390808105,0.0026143391927083335,0.0
0,0.017100535333156586,0.9234544038772583,0.4466748535633087,0.017364501953125,0.0
0,0.001600995659828186,0.060640547424554825,0.015967654064297676,0.0,0.0
0,0.002129955217242241,0.09203286468982697,0.019832711666822433,0.0,0.0
0,0.0007929470739327371,0.22084616124629974,0.022889839485287666,0.0,0.0
0,0.07752128690481186,0.9759464263916016,0.9129031896591187,0.096405029296875,0.0
0,0.0020701135508716106,0.4162626266479492,0.02169809490442276,0.00019327799479166666,0.0
0,0.013555429875850677,0.6429930925369263,0.11818140745162964,0.002197265625,0.0
0,0.03747265413403511,0.9322068691253662,0.6330666542053223,0.038472493489583336,0.0
0,0.0336773619055748,0.9417614340782166,0.7606399655342102,0.0450439453125,0.0
0,0.013846577145159245,0.9837225079536438,0.36500048637390137,0.013437906901041666,0.0
0,0.00025835944688878953,0.009268012829124928,0.002415483118966222,0.0,0.0
0,0.09655004739761353,0.9827572107315063,0.9249551892280579,0.11423746744791667,0.0
0,0.08077581971883774,0.973036527633667,0.917302668094635,0.08994547526041667,0.0
0,0.0006488359649665654,0.1617170125246048,0.011732463724911213,0.0,0.0
0,0.2675537168979645,0.9890553951263428,0.9676538109779358,0.3216756184895833,0.2926432291666667
0,0.000241593224927783,0.007968815043568611,0.0019418168812990189,0.0,0.0
0,0.00988329853862524,0.9444848895072937,0.3873322308063507,0.011810302734375,0.0
0,0.020868608728051186,0.9505947232246399,0.699845552444458,0.0247802734375,0.0
0,0.002184252254664898,0.2114168107509613,0.03210070729255676,0.0,0.0
0,0.0025731020141392946,0.8707072734832764,0.023196300491690636,0.0020039876302083335,0.0
0,0.012708048336207867,0.8518295884132385,0.19930331408977509,0.006357828776041667,0.0
0,0.0274138655513525,0.9567959308624268,0.6527883410453796,0.03076171875,0.0
0,0.24374167621135712,0.9924227595329285,0.9856076240539551,0.2910054524739583,0.2505289713541667
0,0.05595378205180168,0.9418684244155884,0.8307273983955383,0.06744384765625,0.0
0,0.04715057089924812,0.9746769666671753,0.8155176639556885,0.051320393880208336,0.0
0,0.0049272747710347176,0.7110297679901123,0.06803671270608902,0.0020751953125,0.0
0,0.0005246415385045111,0.30476540327072144,0.0037800956051796675,6.103515625e-05,0.0
0,0.020104041323065758,0.9916195869445801,0.7929408550262451,0.023529052734375,0.0
0,0.1438995897769928,0.9866748452186584,0.961243748664856,0.17670694986979166,0.081298828125
0,0.07264328747987747,0.9937587976455688,0.9413281679153442,0.08556111653645833,0.0
0,0.0006543349009007215,0.11797800660133362,0.009596454910933971,0.0,0.0
0,0.00040682475082576275,0.08694165199995041,0.007011795416474342,0.0,0.0
0,0.020550502464175224,0.9272316098213196,0.7124292850494385,0.026387532552083332,0.0
0,0.001167250331491232,0.6261242032051086,0.014063626527786255,0.0002644856770833333,0.0
0,0.015394018031656742,0.9662834405899048,0.591891348361969,0.018391927083333332,0.0
0,0.0006910430383868515,0.12054229527711868,0.011158031411468983,0.0,0.0
0,0.04572806879878044,0.9760379791259766,0.9210741519927979,0.058766682942708336,0.0
0,0.12982070446014404,0.9878528118133545,0.9639818668365479,0.14560953776041666,0.09391276041666667
0,0.027745239436626434,0.986929178237915,0.68960040807724,0.032216389973958336,0.0
0,0.07434144616127014,0.9871788024902344,0.9476694464683533,0.09088134765625,0.0
0,9.860445425147191e-05,0.013070784509181976,0.0007208379684016109,0.0,0.0
0,0.08071437478065491,0.9908034801483154,0.9110215306282043,0.09427897135416667,0.0
0,0.044449057430028915,0.9982725381851196,0.9636433720588684,0.050079345703125,0.0
0,0.03855258971452713,0.9840936064720154,0.8639630079269409,0.048736572265625,0.0
0,0.032481249421834946,0.973993182182312,0.5878212451934814,0.034698486328125,0.0
0,0.017528777942061424,0.9231777787208557,0.4672500491142273,0.020222981770833332,0.0
0,0.23082147538661957,0.9943799376487732,0.978425920009613,0.270233154296875,0.193603515625
0,0.004584325943142176,0.6171665787696838,0.07751766592264175,0.001739501953125,0.0
0,0.16500124335289001,0.9846936464309692,0.9472835659980774,0.20658365885416666,0.0
0,0.03833986818790436,0.9408984184265137,0.7208539247512817,0.041778564453125,0.0
0,0.04180269315838814,0.903464674949646,0.6177991628646851,0.044820149739583336,0.0
0,0.22034084796905518,0.986929178237915,0.9707987308502197,0.2685139973958333,0.0
0,0.003701078472658992,0.8352149128913879,0.05223086103796959,0.0012715657552083333,0.0
0,0.043481528759002686,0.9403530955314636,0.7565374970436096,0.044830322265625,0.0
0,0.0024956369306892157,0.2146914005279541,0.0514599084854126,0.0,0.0
0,0.009103319607675076,0.8381505608558655,0.2413051873445511,0.008870442708333334,0.0
0,0.003498076694086194,0.1778108775615692,0.03277498483657837,0.0,0.0
0,0.0018609515391290188,0.1696808636188507,0.01578456163406372,0.0,0.0
0,0.011398791335523129,0.8297680616378784,0.19406214356422424,0.006581624348958333,0.0
0,0.0008322764188051224,0.08913693577051163,0.010248602367937565,0.0,0.0
0,0.005888041108846664,0.8006919622421265,0.11026789247989655,0.006561279296875,0.0
0,0.15303899347782135,0.9736947417259216,0.9270957708358765,0.19154866536458334,0.0
0,0.001315521658398211,0.04054073989391327,0.012431650422513485,0.0,0.0
0,0.10516852140426636,0.9923638105392456,0.9339146018028259,0.12632242838541666,0.0
0,0.10966789722442627,0.9886244535446167,0.9568765759468079,0.1239013671875,0.0
0,0.023856110870838165,0.9473810195922852,0.6231475472450256,0.028462727864583332,0.0
0,0.005103460047394037,0.644336998462677,0.06717491149902344,0.0026753743489583335,0.0
0,0.006657951977103949,0.8694931268692017,0.16264185309410095,0.006876627604166667,0.0
0,0.015066062100231647,0.9430335760116577,0.36048904061317444,0.012939453125,0.0
0,0.0032012455631047487,0.6154923439025879,0.03725466504693031,0.0002543131510416667,0.0
0,0.005825812462717295,0.6268097758293152,0.12220543622970581,0.0018819173177083333,0.0
0,0.0005189808434806764,0.14718706905841827,0.005260852165520191,0.0,0.0
0,0.0028284452855587006,0.1388116478919983,0.06176270171999931,0.0,0.0
0,0.0037325590383261442,0.8648820519447327,0.044929131865501404,0.001434326171875,0.0
0,0.009329264983534813,0.36308208107948303,0.18344728648662567,0.0024617513020833335,0.0
0,0.004807932768017054,0.9505947232246399,0.07328536361455917,0.0048828125,0.0
0,0.21333609521389008,0.9953904151916504,0.9808759689331055,0.2661539713541667,0.090423583984375
0,0.01801045797765255,0.8529354929924011,0.28766176104545593,0.010579427083333334,0.0
0,0.013193048536777496,0.9659639000892639,0.3483092188835144,0.0120849609375,0.0
0,0.008474302478134632,0.8980534672737122,0.14743240177631378,0.006052652994791667,0.0
0,0.0006257749628275633,0.053799647837877274,0.006241259165108204,0.0,0.0
0,0.0004639129911083728,0.11616110056638718,0.004718369338661432,0.0,0.0
0,0.027731912210583687,0.9841545820236206,0.8525639176368713,0.034210205078125,0.0
0,0.0014777883188799024,0.3069423735141754,0.014672034420073032,8.138020833333333e-05,0.0
0,0.004658484365791082,0.4477318823337555,0.07081620395183563,0.0004374186197916667,0.0
0,0.006353373173624277,0.49761202931404114,0.11066322773694992,0.0034281412760416665,0.0
0,0.02161242626607418,0.9653811454772949,0.6300818920135498,0.024027506510416668,0.0
0,0.0020863704849034548,0.0948452427983284,0.023870835080742836,0.0,0.0
0,0.02336534857749939,0.9784671068191528,0.684580385684967,0.024210611979166668,0.0
0,0.014521230943500996,0.7771308422088623,0.2078571617603302,0.005971272786458333,0.0
0,0.0820966362953186,0.9922744631767273,0.9529258608818054,0.093719482421875,0.0
0,0.0006601624190807343,0.018124721944332123,0.004520817659795284,0.0,0.0
0,0.047356050461530685,0.991455614566803,0.950131356716156,0.054229736328125,0.0
0,0.00019078901095781475,0.009485713206231594,0.001604089280590415,0.0,0.0
0,0.0033019129186868668,0.9041438698768616,0.04551945999264717,0.0032145182291666665,0.0
0,0.0047754705883562565,0.9184802770614624,0.06041510030627251,0.004587809244791667,0.0
0,0.005013011395931244,0.7978719472885132,0.10743186622858047,0.00115966796875,0.0
0,0.0013711046194657683,0.07198162376880646,0.012336100451648235,0.0,0.0
0,0.0035603477153927088,0.10539455711841583,0.04620574787259102,0.0,0.0
0,0.008658397011458874,0.9845753908157349,0.27893492579460144,0.010091145833333334,0.0
0,0.00039310893043875694,0.04543721675872803,0.005119676236063242,0.0,0.0
0,0.013983607292175293,0.9840323328971863,0.4030134379863739,0.014902750651041666,0.0
0,0.002704045968130231,0.48780301213264465,0.04145994782447815,0.0007425944010416666,0.0
0,0.20483116805553436,0.9970878958702087,0.9664338827133179,0.23574055818785045,0.09795846980634083
0,0.3363332748413086,0.9955315589904785,0.9681411385536194,0.41309814814814816,0.3529
0,0.1400069296360016,0.993561863899231,0.9049869179725647,0.1493933933933934,0.0
0,0.05388471111655235,0.9859904050827026,0.8893368244171143,0.053436279296875,0.0
0,0.17242977023124695,0.9940890073776245,0.9801293015480042,0.1843984220907298,0.09674556213017751
0,0.27146288752555847,0.9966625571250916,0.9798997044563293,0.33382889546351086,0.26701676528599605
0,0.01048227772116661,0.9165588617324829,0.17809657752513885,0.005202797202797203,0.0
0,0.004105822183191776,0.343892365694046,0.06187598779797554,0.00011072261072261072,0.0
0,0.008796094916760921,0.9777138829231262,0.22152243554592133,0.009370629370629371,0.0
0,0.0004240428388584405,0.1212688684463501,0.0034834241960197687,0.0,0.0
0,0.0020833031740039587,0.814643383026123,0.029732484370470047,0.00033057851239669424,0.0
0,0.0024700937792658806,0.9461008310317993,0.032040685415267944,0.0010186199342825848,0.0
0,0.02427569031715393,0.9798612594604492,0.2778647243976593,0.011677901257059574,0.0
0,0.007084038574248552,0.9806919097900391,0.15266533195972443,0.005385060799073538,0.0
0,0.13607998192310333,0.9996273517608643,0.9240047931671143,0.16365833333333332,0.0
0,0.03222832828760147,0.9908389449119568,0.7432461977005005,0.03028335086891848,0.0
0,0.00945237372070551,0.1550784707069397,0.12929275631904602,0.0,0.0
0,0.01581493951380253,0.9389128684997559,0.3762792944908142,0.017197346600331676,0.0
0,0.0001631271152291447,0.04084571823477745,0.002278330735862255,0.0,0.0
0,0.0020252245012670755,0.8665847778320312,0.024377062916755676,0.0020149253731343284,0.0
0,0.04913729429244995,0.9500414729118347,0.7308674454689026,0.047665837479270314,0.0
0,0.01536691002547741,0.8669230937957764,0.5146833658218384,0.01927860696517413,0.0
0,0.00044345404603518546,0.05942821875214577,0.004755199886858463,0.0,0.0
0,0.008551509119570255,0.9284088015556335,0.19574317336082458,0.006886800130208333,0.0
0,0.0012967059155926108,0.14977994561195374,0.02029232122004032,0.0,0.0
0,0.0025144340470433235,0.39641863107681274,0.02655657008290291,4.0690104166666664e-05,0.0
0,0.0009339666576124728,0.09122006595134735,0.01219413336366415,0.0,0.0
0,0.04171712324023247,0.9961456060409546,0.8514557480812073,0.04693603515625,0.0
0,0.0008805466932244599,0.06693419814109802,0.012770392931997776,0.0,0.0
0,0.044986024498939514,0.9742884635925293,0.817570149898529,0.047373453776041664,0.0
0,0.0008001529495231807,0.4006321132183075,0.004924510605633259,0.0001220703125,0.0
0,0.015167930163443089,0.8401278853416443,0.3350244164466858,0.014780680338541666,0.0
0,0.0021056581754237413,0.44468531012535095,0.0452655628323555,0.00022379557291666666,0.0
0,0.0011363908415660262,0.5860491394996643,0.024655448272824287,0.0005086263020833334,0.0
0,0.001636077999137342,0.3258422613143921,0.02931223064661026,4.0690104166666664e-05,0.0
0,0.0015156894223764539,0.2952299118041992,0.026003822684288025,3.0517578125e-05,0.0
0,0.000538723252248019,0.02881619706749916,0.005219518672674894,0.0,0.0
0,0.05129127576947212,0.9785082340240479,0.8840332627296448,0.0579833984375,0.0
0,0.06774657219648361,0.9863104820251465,0.9230391979217529,0.078521728515625,0.0
0,0.039228521287441254,0.9516838788986206,0.7563575506210327,0.046915690104166664,0.0
0,0.043325025588274,0.9841545820236206,0.920647144317627,0.048380533854166664,0.0
0,0.10403002053499222,0.9222025275230408,0.750364363193512,0.14348347981770834,0.0
0,0.03422146663069725,0.9815244078636169,0.843633770942688,0.035919189453125,0.0
0,0.005735412240028381,0.8793540596961975,0.08600667864084244,0.0028788248697916665,0.0
0,0.035895686596632004,0.9652503728866577,0.8459386229515076,0.036448160807291664,0.0
0,0.013125614263117313,0.9550683498382568,0.21749870479106903,0.008544921875,0.0
0,0.05832712724804878,0.9731387495994568,0.8733164072036743,0.07197062174479167,0.0
0,0.0007669209153391421,0.11536139249801636,0.009303949773311615,0.0,0.0
0,0.036664146929979324,0.9567959308624268,0.7804902195930481,0.038258870442708336,0.0
0,0.021095477044582367,0.9635748267173767,0.6440012454986572,0.0228271484375,0.0
0,0.12952275574207306,0.9961155652999878,0.97809237241745,0.15172322591145834,0.0
0,0.017650024965405464,0.3958929777145386,0.21816925704479218,0.002685546875,0.0
0,0.006349979434162378,0.6684475541114807,0.25718820095062256,0.009541829427083334,0.0
0,0.002535722916945815,0.08254930377006531,0.030271869152784348,0.0,0.0
0,0.00989329069852829,0.9675332307815552,0.25089630484580994,0.009480794270833334,0.0
0,0.0012317716609686613,0.1173696517944336,0.015365341678261757,0.0,0.0
0,0.01552919764071703,0.8283842206001282,0.3802967965602875,0.01483154296875,0.0
0,0.0024151084944605827,0.13028542697429657,0.02600678615272045,0.0,0.0
0,0.01373485941439867,0.9500414729118347,0.3273392617702484,0.012715657552083334,0.0
0,0.02326870895922184,0.9103862047195435,0.6522214412689209,0.036153157552083336,0.0
0,0.020404787734150887,0.8749346137046814,0.6215965747833252,0.022898356119791668,0.0
0,0.0018053207313641906,0.49173814058303833,0.02753293886780739,0.00048828125,0.0
0,0.029181430116295815,0.9724147915840149,0.8150809407234192,0.035044352213541664,0.0
0,0.018374377861618996,0.9503188729286194,0.7298086881637573,0.021321614583333332,0.0
0,0.0012054991675540805,0.1201288029551506,0.013480102643370628,0.0,0.0
0,0.0005078603862784803,0.02241421677172184,0.004520817659795284,0.0,0.0
0,0.24620120227336884,0.9944234490394592,0.9866234660148621,0.2921549479166667,0.18628946940104166
0,0.0004827806551475078,0.022158870473504066,0.0035518845543265343,0.0,0.0
0,0.0010247871978208423,0.15843461453914642,0.010447416454553604,0.0,0.0
0,0.000329222297295928,0.05480259656906128,0.005576545372605324,0.0,0.0
0,0.005686525721102953,0.8193157911300659,0.10194652527570724,0.0028076171875,0.0
0,0.0002505384327378124,0.04476431384682655,0.002003099536523223,0.0,0.0
0,0.0016715353121981025,0.3298232853412628,0.01784873940050602,1.0172526041666666e-05,0.0
0,0.0007728284108452499,0.38560599088668823,0.008745182305574417,4.0690104166666664e-05,0.0
0,0.030050041154026985,0.9984691739082336,0.9918753504753113,0.024973551432291668,0.0
0,0.0016967076808214188,0.7455836534500122,0.020606476813554764,0.0003662109375,0.0
0,0.03636893257498741,0.9862577319145203,0.8805887699127197,0.047078450520833336,0.0
0,0.006696925964206457,0.8453050851821899,0.13892491161823273,0.005462646484375,0.0
0,0.02073793113231659,0.9857729077339172,0.822608470916748,0.023162841796875,0.0
0,0.0005957005196250975,0.10502681136131287,0.004848532844334841,0.0,0.0
0,0.0006687627173960209,0.12896330654621124,0.005447434727102518,0.0,0.0
0,0.00580701744183898,0.7874411940574646,0.18024659156799316,0.006673177083333333,0.0
0,0.00032601936254650354,0.38902416825294495,0.0023413407616317272,6.103515625e-05,0.0
0,0.0006876063416711986,0.19132769107818604,0.006957609672099352,0.0,0.0
0,0.001801854814402759,0.5194146633148193,0.02779562398791313,0.0003865559895833333,0.0
0,0.0006006735493429005,0.09009299427270889,0.007204769179224968,0.0,0.0
0,0.01280136127024889,0.9312127232551575,0.3417922854423523,0.013041178385416666,0.0
0,0.0012037185952067375,0.6943026781082153,0.006718870252370834,0.0008951822916666666,0.0
0,0.00029195559909567237,0.032344330102205276,0.002296159043908119,0.0,0.0
0,0.00029180539422668517,0.3556629717350006,0.0025014046113938093,2.0345052083333332e-05,0.0
0,0.1237139031291008,0.9809125065803528,0.9384632706642151,0.15668741861979166,0.0
0,0.0002315711899427697,0.015967654064297676,0.002305125119164586,0.0,0.0
0,0.007031135261058807,0.8097277879714966,0.17567946016788483,0.005564371744791667,0.0
0,0.07048741728067398,0.9953904151916504,0.9618217349052429,0.07726033528645833,0.040120442708333336
0,0.0028015717398375273,0.6762992739677429,0.03845970705151558,0.0030721028645833335,0.0
0,0.00039122774614952505,0.17342814803123474,0.008745182305574417,0.0,0.0
0,0.008268111385405064,0.6660624742507935,0.12241511046886444,0.004170735677083333,0.0
0,0.0031507296953350306,0.7358314990997314,0.04312095791101456,0.0005086263020833334,0.0
0,0.008556042797863483,0.9378969073295593,0.24979116022586823,0.00970458984375,0.0
0,0.001202158397063613,0.46892741322517395,0.018687164410948753,0.0004374186197916667,0.0
0,0.001485356129705906,0.2557152211666107,0.0219902191311121,0.0,0.0
0,0.0031566228717565536,0.4846545159816742,0.04552200436592102,0.0005900065104166666,0.0
0,0.003892688313499093,0.5246078372001648,0.06717491149902344,0.0012715657552083333,0.0
0,0.10879001766443253,0.976669192314148,0.9465966820716858,0.138153076171875,0.07747395833333333
0,0.03325636312365532,0.8991213440895081,0.5648007392883301,0.0311279296875,0.0
0,0.0035298876464366913,0.9649873375892639,0.02843441627919674,0.0035196940104166665,0.0
0,0.040882498025894165,0.9504110217094421,0.7472416758537292,0.046610514322916664,0.0
0,0.010738835670053959,0.9745803475379944,0.23842962086200714,0.009592692057291666,0.0
0,0.0572800375521183,0.9919691681861877,0.9698996543884277,0.06103515625,0.0
0,0.01639508828520775,0.9590010046958923,0.48811107873916626,0.020487467447916668,0.0
0,0.0006301498506218195,0.18967114388942719,0.008124708198010921,0.0,0.0
0,0.023751892149448395,0.7696001529693604,0.5156956315040588,0.02386474609375,0.0
0,0.0755256935954094,0.9890130758285522,0.9566317796707153,0.09163411458333333,0.06368001302083333
0,0.0005027528968639672,0.4051545262336731,0.006003595422953367,5.0862630208333336e-05,0.0
0,0.0006589482654817402,0.2423849105834961,0.012288597412407398,0.0,0.0
0,0.000774664047639817,0.18126320838928223,0.007968815043568611,0.0,0.0
0,0.003748423419892788,0.4894653558731079,0.08850466459989548,0.0018513997395833333,0.0
0,0.00025196096976287663,0.012527931481599808,0.0031480707693845034,0.0,0.0
0,0.0018193699652329087,0.9571978449821472,0.005490563344210386,0.001922607421875,0.0
0,0.00023856975894887,0.010902374982833862,0.002387409098446369,0.0,0.0
0,0.0006021789158694446,0.055208683013916016,0.007345826830714941,0.0,0.0
0,0.0012715054908767343,0.6969905495643616,0.01347854733467102,0.00030517578125,0.0
0,0.13525350391864777,0.9855521321296692,0.9643214344978333,0.15898640950520834,0.148773193359375
0,0.0005297024617902935,0.026155617088079453,0.006241259165108204,0.0,0.0
0,0.018756214529275894,0.9582260847091675,0.34698042273521423,0.013407389322916666,0.0
0,0.04816723242402077,0.9750598073005676,0.8660192489624023,0.05914306640625,0.0
0,0.01866423897445202,0.975296139717102,0.7182950973510742,0.021097819010416668,0.0
0,0.025663770735263824,0.972362220287323,0.7577835917472839,0.027964274088541668,0.0
0,0.007490066811442375,0.9170058369636536,0.09334193170070648,0.0030517578125,0.0
0,0.0014748299727216363,0.06313489377498627,0.011508148163557053,0.0,0.0
0,0.23161768913269043,0.9843363761901855,0.9526622891426086,0.2988077799479167,0.15179443359375
0,0.061346765607595444,0.9714016318321228,0.8039445281028748,0.060282389322916664,0.0
0,0.07146517187356949,0.9844563603401184,0.9465966820716858,0.085296630859375,0.0
0,0.17963354289531708,0.9884026646614075,0.9611709713935852,0.22166951497395834,0.09720865885416667
0,0.003709976328536868,0.7274917364120483,0.06476815044879913,0.0030314127604166665,0.0
0,0.0019643583800643682,0.44058963656425476,0.020924191921949387,7.120768229166667e-05,0.0
0,0.001955284271389246,0.7723590135574341,0.03167683258652687,0.0002644856770833333,0.0
0,0.0021292807068675756,0.15215818583965302,0.0282713882625103,0.0,0.0
0,0.007364307064563036,0.9743373394012451,0.1001669391989708,0.0024617513020833335,0.0
0,0.005819555371999741,0.7723590135574341,0.08992821723222733,0.002288818359375,0.0
0,0.006002275738865137,0.8569320440292358,0.12830324470996857,0.0038350423177083335,0.0
0,0.0006328254821710289,0.14033624529838562,0.005597597919404507,0.0,0.0
0,0.009111239574849606,0.9702399373054504,0.2622632682323456,0.009796142578125,0.0
0,0.0003555866132955998,0.4841514229774475,0.0034834241960197687,7.120768229166667e-05,0.0
0,0.016062000766396523,0.961533784866333,0.362285315990448,0.016031901041666668,0.0
0,0.005876756738871336,0.9687380790710449,0.059098292142152786,0.0045166015625,0.0
0,0.0448702871799469,0.9862046241760254,0.8743961453437805,0.049204508463541664,0.0
0,0.07659944891929626,0.9852146506309509,0.937325656414032,0.087127685546875,0.0
0,0.014123986475169659,0.8461968302726746,0.3506337106227875,0.015238444010416666,0.0
0,0.01619102619588375,0.9824904799461365,0.6483349800109863,0.012237548828125,0.0
0,0.06125447526574135,0.9926542043685913,0.967775821685791,0.06493123372395833,0.0
0,0.17826445400714874,0.9828232526779175,0.9193490743637085,0.24232991536458334,0.0
0,0.017813580110669136,0.8925625681877136,0.5408284068107605,0.026397705078125,0.0
0,0.0071457079611718655,0.6489114165306091,0.145840123295784,0.0030008951822916665,0.0
0,0.004060086794197559,0.5651187300682068,0.058345843106508255,0.001007080078125,0.0
0,0.010705134831368923,0.988447368144989,0.21026964485645294,0.006907145182291667,0.0
0,0.009540677070617676,0.8921873569488525,0.17119139432907104,0.007069905598958333,0.0
0,0.12272774428129196,0.9824904799461365,0.9425067901611328,0.15461222330729166,0.0731201171875
0,0.03731377795338631,0.9162596464157104,0.7633073329925537,0.051096598307291664,0.0
0,0.05887645483016968,0.9386884570121765,0.6198078989982605,0.056640625,0.0
0,0.069815494120121,0.9973165392875671,0.950131356716156,0.07715861002604167,0.0
0,0.02945534698665142,0.8243205547332764,0.626003086566925,0.034047444661458336,0.0
0,0.025341719388961792,0.7721872329711914,0.34299176931381226,0.017842610677083332,0.0
0,0.0057978555560112,0.8030194044113159,0.10988523811101913,0.004954020182291667,0.0
0,0.016267044469714165,0.9051547646522522,0.3812357187271118,0.015350341796875,0.0
0,0.01188198383897543,0.6928498148918152,0.16981852054595947,0.005025227864583333,0.0
0,0.01289208885282278,0.8705973029136658,0.3416857421398163,0.01263427734375,0.0
0,0.021646378561854362,0.9590010046958923,0.2624635696411133,0.00958251953125,0.0
0,0.011659634299576283,0.8720207810401917,0.20417842268943787,0.007049560546875,0.0
0,0.0022833351977169514,0.05707139894366264,0.019643761217594147,0.0,0.0
0,0.0023069726303219795,0.8402590155601501,0.02880803495645523,0.0026143391927083335,0.0
0,0.01678973250091076,0.963230550289154,0.7669819593429565,0.020365397135416668,0.0
0,0.00025993233430199325,0.010288301855325699,0.0024916771799325943,0.0,0.0
0,0.0009905766928568482,0.188323974609375,0.01379536371678114,0.0,0.0
0,0.0021910083014518023,0.7970833778381348,0.019606182351708412,0.0012715657552083333,0.0
0,0.006488522980362177,0.8629302382469177,0.12580887973308563,0.00445556640625,0.0
0,0.023102248087525368,0.987375020980835,0.6940891742706299,0.024190266927083332,0.0
0,0.0009140148758888245,0.11656273901462555,0.00847840216010809,0.0,0.0
0,0.022296922281384468,0.9674717783927917,0.6807724833488464,0.026580810546875,0.0
0,0.008191781118512154,0.8602518439292908,0.22866764664649963,0.008890787760416666,0.0
0,0.0054880473762750626,0.5219432711601257,0.07185126841068268,0.0005391438802083334,0.0
0,0.004342739004641771,0.9933589100837708,0.044675882905721664,0.0032145182291666665,0.0
0,0.0475245900452137,0.991455614566803,0.78132563829422,0.06459554036458333,0.0
0,0.031797993928194046,0.8893368244171143,0.6754435896873474,0.043731689453125,0.0
0,0.008652394637465477,0.9687971472740173,0.18168099224567413,0.008656819661458334,0.0
0,0.006424672435969114,0.9565531015396118,0.14940351247787476,0.006540934244791667,0.0
0,0.004102201666682959,0.532060444355011,0.04280214384198189,0.0003865559895833333,0.0
0,0.010168399661779404,0.9672250151634216,0.21716147661209106,0.008768717447916666,0.0
0,0.11428584903478622,0.9944880604743958,0.9788748621940613,0.13358561197916666,0.085205078125
0,0.024507274851202965,0.982557475566864,0.56239253282547,0.020284016927083332,0.0
0,0.11982536315917969,0.975623369216919,0.8814108967781067,0.17139689127604166,0.0
0,0.0033923303708434105,0.5502146482467651,0.051082734018564224,0.00054931640625,0.0
0,0.07306666672229767,0.9901019334793091,0.9475754499435425,0.089599609375,0.0650634765625
0,0.09654376655817032,0.9866234660148621,0.9395782351493835,0.12330118815104167,0.0
0,0.15030746161937714,0.9802808165550232,0.9267027974128723,0.19244384765625,0.0
0,0.006418420467525721,0.5273773670196533,0.06536578387022018,0.0012613932291666667,0.0
0,0.13963072001934052,0.9828232526779175,0.9172981977462769,0.1832275390625,0.0
0,0.03413558378815651,0.9828891754150391,0.888366162776947,0.033772786458333336,0.0
0,0.007931825704872608,0.8715841770172119,0.16775108873844147,0.006978352864583333,0.0
0,0.0017662113532423973,0.08137363195419312,0.019050901755690575,0.0,0.0
0,0.01798214763402939,0.9408984184265137,0.4640422761440277,0.018300374348958332,0.0
0,0.09683970361948013,0.9946568012237549,0.9450961351394653,0.11509195963541667,0.0
0,0.05364023149013519,0.991455614566803,0.8828265070915222,0.06865437825520833,0.0
0,0.002090824767947197,0.10447732359170914,0.020332353189587593,0.0,0.0
0,0.00825100764632225,0.9460012316703796,0.1991475224494934,0.008371988932291666,0.0
0,0.004070041701197624,0.15765489637851715,0.08865761756896973,0.0,0.0
0,0.005424948874861002,0.9293122291564941,0.05942494794726372,0.004750569661458333,0.0
0,0.00023895797494333237,0.03240552172064781,0.002560870721936226,0.0,0.0
0,0.0016501726349815726,0.24598956108093262,0.03010033816099167,0.0,0.0
0,0.04868544638156891,0.9837225079536438,0.9044819474220276,0.055531819661458336,0.0
0,0.07117846608161926,0.9924227595329285,0.9530133008956909,0.08006795247395833,0.0
0,0.002707941457629204,0.08359067142009735,0.04153997078537941,0.0,0.0
0,0.004183497745543718,0.7202699184417725,0.07668380439281464,0.0020039876302083335,0.0
0,0.0013523403322324157,0.04716186597943306,0.022328782826662064,0.0,0.0
0,0.0016398722073063254,0.03803509101271629,0.02096424251794815,0.0,0.0
0,0.03949131816625595,0.7249676585197449,0.4884130358695984,0.0576171875,0.0
0,0.011126079596579075,0.777637779712677,0.12074951827526093,0.0011698404947916667,0.0
0,0.007488314062356949,0.8966140151023865,0.1030244380235672,0.0023193359375,0.0
0,0.0341627411544323,0.9593832492828369,0.7333563566207886,0.040191650390625,0.0
0,0.004301569424569607,0.5101915001869202,0.11104826629161835,0.002532958984375,0.0
0,0.007449273485690355,0.9451974034309387,0.1373855173587799,0.006368001302083333,0.0
0,0.002292840974405408,0.6847912669181824,0.024798156693577766,0.001373291015625,0.0
0,0.09121546894311905,0.9922444224357605,0.9102267622947693,0.119598388671875,0.0
0,0.003366742515936494,0.8816148638725281,0.024937408044934273,0.0036824544270833335,0.0
0,0.0004556541098281741,0.04107589274644852,0.007093861233443022,0.0,0.0
0,0.04340441897511482,0.9433475732803345,0.6996557116508484,0.038747151692708336,0.0
0,0.05253739655017853,0.9717254042625427,0.8693822026252747,0.061635335286458336,0.0
0,0.10672438889741898,0.9777987599372864,0.9305844902992249,0.124359130859375,0.0
0,0.9248478412628174,0.9940428137779236,0.9887987971305847,0.98388671875,1.0
0,0.06549034267663956,0.9558990597724915,0.8237498998641968,0.063232421875,0.0
0,0.0007004073704592884,0.03240552172064781,0.007011795416474342,0.0,0.0
0,0.8502044081687927,0.9931495785713196,0.9841545820236206,0.9534810384114584,1.0
0,0.8293390870094299,0.994820237159729,0.9871788024902344,0.919586181640625,1.0
0,0.0038411656860262156,0.13534632325172424,0.03547750413417816,0.0,0.0
0,0.5478254556655884,0.9870296716690063,0.9740425944328308,0.6735127766927084,0.8326314290364584
0,0.001944898976944387,0.1594790518283844,0.02838212437927723,0.0,0.0
0,0.9873444437980652,0.9990226030349731,0.9977127313613892,0.99981689453125,1.0
0,0.0002679833269212395,0.026455776765942574,0.0021573419217020273,0.0,0.0
0,0.04116978868842125,0.5654787421226501,0.19512894749641418,0.0022989908854166665,0.0
0,0.004380450118333101,0.6501341462135315,0.037256766110658646,0.000396728515625,0.0
0,0.2770068347454071,0.9939261078834534,0.9785903096199036,0.3364156087239583,0.3290201822916667
0,0.16181541979312897,0.9742884635925293,0.8756743669509888,0.19781494140625,0.0
0,0.06320060044527054,0.9842759370803833,0.8545172214508057,0.07591756184895833,0.0
0,0.00034596328623592854,0.023779986426234245,0.00301606603898108,0.0,0.0
0,0.045719925314188004,0.9606574773788452,0.604166567325592,0.031472,0.0
0,0.09725023806095123,0.9970765113830566,0.8473384976387024,0.10637333333333333,0.0
0,0.5028350949287415,0.98046875,0.9540517926216125,0.652379679144385,1.0
0,0.0954548642039299,0.9916195869445801,0.9142922759056091,0.10750933333333333,0.0
0,0.0719374492764473,0.9058233499526978,0.6656290292739868,0.05288,0.0
0,0.33818766474723816,0.9961755275726318,0.9719393253326416,0.41582978723404257,0.34699468085106383
0,0.3170778453350067,0.9530133008956909,0.8918110132217407,0.4531391304347826,0.4423782608695652
0,0.0117129385471344,0.9769787192344666,0.6737907528877258,0.013346354166666666,0.0
0,0.034220222383737564,0.9679599404335022,0.8776865601539612,0.036346435546875,0.0
0,0.008489836938679218,0.9174507260322571,0.25072377920150757,0.009602864583333334,0.0
0,0.0023033004254102707,0.08993300795555115,0.018797073513269424,0.0,0.0
0,0.06216035410761833,0.9890130758285522,0.9377830028533936,0.06878662109375,0.0
